ISO-10303-21;
HEADER;
FILE_DESCRIPTION (( 'STEP AP214' ),
    '1' );
FILE_NAME ('encoder-stand_bearing-support-base.STEP',
    '2026-01-08T13:34:34',
    ( '' ),
    ( '' ),
    'SwSTEP 2.0',
    'SolidWorks 2025',
    '' );
FILE_SCHEMA (( 'AUTOMOTIVE_DESIGN' ));
ENDSEC;

DATA;
#1 = ORIENTED_EDGE ( 'NONE', *, *, #2504, .F. ) ;
#2 = VERTEX_POINT ( 'NONE', #1756 ) ;
#3 = DIRECTION ( 'NONE',  ( 2.891205793294678819E-16, -0.000000000000000000, 1.000000000000000000 ) ) ;
#4 = ORIENTED_EDGE ( 'NONE', *, *, #48, .F. ) ;
#5 = ADVANCED_FACE ( 'NONE', ( #2590 ), #2689, .T. ) ;
#6 = CARTESIAN_POINT ( 'NONE',  ( 16.00000000000000711, 48.45000000000000284, 20.99999999999999645 ) ) ;
#7 = FACE_OUTER_BOUND ( 'NONE', #463, .T. ) ;
#8 = CARTESIAN_POINT ( 'NONE',  ( -24.99999999999999645, 12.00000000000000000, 26.99999999999999645 ) ) ;
#9 = CARTESIAN_POINT ( 'NONE',  ( 12.28077990432958799, 20.22257091067412915, -12.64834368214019555 ) ) ;
#10 = DIRECTION ( 'NONE',  ( 0.000000000000000000, 1.000000000000000000, 0.000000000000000000 ) ) ;
#11 = CARTESIAN_POINT ( 'NONE',  ( -15.99999999999999645, 48.45000000000000284, 14.50000000000000000 ) ) ;
#12 = CARTESIAN_POINT ( 'NONE',  ( 0.000000000000000000, 6.500000000000000888, 0.000000000000000000 ) ) ;
#13 = CARTESIAN_POINT ( 'NONE',  ( -15.99999999999999645, 48.45000000000000284, -14.50000000000000533 ) ) ;
#14 = EDGE_LOOP ( 'NONE', ( #819, #1695 ) ) ;
#15 = VERTEX_POINT ( 'NONE', #2566 ) ;
#16 = DIRECTION ( 'NONE',  ( 0.000000000000000000, 0.000000000000000000, 1.000000000000000000 ) ) ;
#17 = DIRECTION ( 'NONE',  ( -0.000000000000000000, -1.000000000000000000, -0.000000000000000000 ) ) ;
#18 = ADVANCED_FACE ( 'NONE', ( #2604 ), #689, .T. ) ;
#19 = CYLINDRICAL_SURFACE ( 'NONE', #2227, 5.000000000000000888 ) ;
#20 = CARTESIAN_POINT ( 'NONE',  ( -12.90140474705673590, 20.00000000000000000, 10.28609525294326410 ) ) ;
#21 = CARTESIAN_POINT ( 'NONE',  ( -15.99999999999999645, 9.000000000000001776, 12.99999999999999645 ) ) ;
#22 = CARTESIAN_POINT ( 'NONE',  ( 0.000000000000000000, 11.50000000000000178, 0.000000000000000000 ) ) ;
#23 = CARTESIAN_POINT ( 'NONE',  ( 16.00000000000000711, 9.000000000000001776, 15.99999999999999645 ) ) ;
#24 = EDGE_CURVE ( 'NONE', #1870, #1336, #2038, .T. ) ;
#25 = VERTEX_POINT ( 'NONE', #125 ) ;
#26 = ORIENTED_EDGE ( 'NONE', *, *, #2066, .T. ) ;
#27 = DIRECTION ( 'NONE',  ( -0.000000000000000000, -1.000000000000000000, -0.000000000000000000 ) ) ;
#28 = ORIENTED_EDGE ( 'NONE', *, *, #901, .T. ) ;
#29 = CARTESIAN_POINT ( 'NONE',  ( 0.000000000000000000, 11.50000000000000178, 0.000000000000000000 ) ) ;
#30 = AXIS2_PLACEMENT_3D ( 'NONE', #903, #1745, #2580 ) ;
#31 = CARTESIAN_POINT ( 'NONE',  ( 11.84957790398832600, 21.48934380456386251, -13.20157871929136917 ) ) ;
#32 = CARTESIAN_POINT ( 'NONE',  ( -15.99999999999999645, 21.50000000000000000, -22.50000000000000711 ) ) ;
#33 = VERTEX_POINT ( 'NONE', #1577 ) ;
#34 = AXIS2_PLACEMENT_3D ( 'NONE', #1534, #2364, #99 ) ;
#35 = CARTESIAN_POINT ( 'NONE',  ( -15.99999999999999645, 9.000000000000001776, 15.99999999999999645 ) ) ;
#36 = VECTOR ( 'NONE', #1122, 1000.000000000000000 ) ;
#37 = DIRECTION ( 'NONE',  ( 0.000000000000000000, 0.000000000000000000, 1.000000000000000000 ) ) ;
#38 = CARTESIAN_POINT ( 'NONE',  ( 25.00000000000000000, 12.00000000000000000, 24.99999999999999645 ) ) ;
#39 = ADVANCED_FACE ( 'NONE', ( #518 ), #1111, .T. ) ;
#40 = CIRCLE ( 'NONE', #2431, 1.999999999999998224 ) ;
#41 = TOROIDAL_SURFACE ( 'NONE', #517, 6.500000000000000888, 1.500000000000000000 ) ;
#42 = CIRCLE ( 'NONE', #1858, 6.500000000000000888 ) ;
#43 = EDGE_LOOP ( 'NONE', ( #406, #934 ) ) ;
#44 = EDGE_LOOP ( 'NONE', ( #1476, #1451, #155, #442 ) ) ;
#45 = DIRECTION ( 'NONE',  ( 0.000000000000000000, 0.000000000000000000, -1.000000000000000000 ) ) ;
#46 = CARTESIAN_POINT ( 'NONE',  ( -27.99999999999991473, 15.49653895724248365, 30.00000000000000355 ) ) ;
#47 = CARTESIAN_POINT ( 'NONE',  ( -15.99999999999999645, 9.000000000000001776, -19.00000000000001066 ) ) ;
#48 = EDGE_CURVE ( 'NONE', #2077, #1667, #313, .T. ) ;
#49 = DIRECTION ( 'NONE',  ( -0.000000000000000000, -1.000000000000000000, -0.000000000000000000 ) ) ;
#50 = DIRECTION ( 'NONE',  ( 0.000000000000000000, 0.000000000000000000, 1.000000000000000000 ) ) ;
#51 = LINE ( 'NONE', #1498, #1206 ) ;
#52 = EDGE_CURVE ( 'NONE', #2652, #345, #2383, .T. ) ;
#53 = ORIENTED_EDGE ( 'NONE', *, *, #1536, .T. ) ;
#54 = EDGE_LOOP ( 'NONE', ( #945, #2179 ) ) ;
#55 = DIRECTION ( 'NONE',  ( 0.4767069619912738254, 0.000000000000000000, -0.8790622687779576783 ) ) ;
#56 = VERTEX_POINT ( 'NONE', #702 ) ;
#57 = DIRECTION ( 'NONE',  ( 0.000000000000000000, 0.000000000000000000, 1.000000000000000000 ) ) ;
#58 = CARTESIAN_POINT ( 'NONE',  ( 16.00000000000000355, 48.45000000000000284, -16.00000000000000355 ) ) ;
#59 = CARTESIAN_POINT ( 'NONE',  ( -11.72013577191870226, 21.49999998753595776, 13.40357716524413867 ) ) ;
#60 = ORIENTED_EDGE ( 'NONE', *, *, #1190, .T. ) ;
#61 = ADVANCED_FACE ( 'NONE', ( #110 ), #1546, .T. ) ;
#62 = DIRECTION ( 'NONE',  ( -0.000000000000000000, 1.000000000000000000, -0.000000000000000000 ) ) ;
#63 = CARTESIAN_POINT ( 'NONE',  ( 24.99999999999998934, 20.00000000000000000, -24.99999999999999645 ) ) ;
#64 = CARTESIAN_POINT ( 'NONE',  ( 16.00000000000000711, 60.45000000000000284, 14.49999999999999467 ) ) ;
#65 = EDGE_LOOP ( 'NONE', ( #420, #340 ) ) ;
#66 = ORIENTED_EDGE ( 'NONE', *, *, #1324, .F. ) ;
#67 = EDGE_LOOP ( 'NONE', ( #1636, #2108, #149, #2433 ) ) ;
#68 = FACE_OUTER_BOUND ( 'NONE', #2529, .T. ) ;
#69 = DIRECTION ( 'NONE',  ( 0.000000000000000000, 1.000000000000000000, 0.000000000000000000 ) ) ;
#70 = ADVANCED_FACE ( 'NONE', ( #1588 ), #2199, .T. ) ;
#71 = EDGE_CURVE ( 'NONE', #1127, #1582, #423, .T. ) ;
#72 = CARTESIAN_POINT ( 'NONE',  ( -15.99999999999999645, 21.50000000000000000, 15.99999999999999645 ) ) ;
#73 = CARTESIAN_POINT ( 'NONE',  ( -12.69664187036811498, 20.00000000000000000, 10.49365040054513720 ) ) ;
#74 = DIRECTION ( 'NONE',  ( 0.000000000000000000, -1.000000000000000000, 0.000000000000000000 ) ) ;
#75 = CARTESIAN_POINT ( 'NONE',  ( 16.00000000000000711, 21.50000000000000000, 9.499999999999996447 ) ) ;
#76 = CARTESIAN_POINT ( 'NONE',  ( 24.99999999999998934, 20.00000000000000000, -30.00000000000000000 ) ) ;
#77 = CYLINDRICAL_SURFACE ( 'NONE', #1610, 1.999999999999998224 ) ;
#78 = CIRCLE ( 'NONE', #1608, 10.50000000000000000 ) ;
#79 = CIRCLE ( 'NONE', #2132, 16.50000000000000000 ) ;
#80 = EDGE_CURVE ( 'NONE', #915, #2377, #959, .T. ) ;
#81 = VECTOR ( 'NONE', #2621, 1000.000000000000000 ) ;
#82 = ORIENTED_EDGE ( 'NONE', *, *, #990, .F. ) ;
#83 = ORIENTED_EDGE ( 'NONE', *, *, #1938, .T. ) ;
#84 = CIRCLE ( 'NONE', #993, 5.000000000000000888 ) ;
#85 = DIRECTION ( 'NONE',  ( -0.000000000000000000, -1.000000000000000000, -0.000000000000000000 ) ) ;
#86 = CYLINDRICAL_SURFACE ( 'NONE', #557, 1.499999999999996225 ) ;
#87 = VERTEX_POINT ( 'NONE', #1803 ) ;
#88 = DIRECTION ( 'NONE',  ( -0.000000000000000000, 1.000000000000000000, -0.000000000000000000 ) ) ;
#89 = EDGE_CURVE ( 'NONE', #625, #1367, #2464, .T. ) ;
#90 = FACE_BOUND ( 'NONE', #1902, .T. ) ;
#91 = CARTESIAN_POINT ( 'NONE',  ( -27.99999999999991473, 15.49653895724248365, 16.00000000000000000 ) ) ;
#92 = CARTESIAN_POINT ( 'NONE',  ( -12.90140474705671636, 20.00000000000000000, -10.28609525294328719 ) ) ;
#93 = CARTESIAN_POINT ( 'NONE',  ( -13.61646519004362688, 21.50000000000000000, -11.60468865611021982 ) ) ;
#94 = DIRECTION ( 'NONE',  ( -0.000000000000000000, -1.000000000000000000, -0.000000000000000000 ) ) ;
#95 = B_SPLINE_CURVE_WITH_KNOTS ( 'NONE', 3,
 ( #2076, #1232, #966, #258, #273, #1879 ),
 .UNSPECIFIED., .F., .F.,
 ( 4, 2, 4 ),
 ( 0.000000000000000000, 0.001849376156150391894, 0.003698752312300783787 ),
 .UNSPECIFIED. ) ;
#96 = ORIENTED_EDGE ( 'NONE', *, *, #2057, .T. ) ;
#97 = EDGE_CURVE ( 'NONE', #625, #885, #1170, .T. ) ;
#98 = EDGE_LOOP ( 'NONE', ( #82, #1230, #863, #145 ) ) ;
#99 = DIRECTION ( 'NONE',  ( 0.000000000000000000, 0.000000000000000000, -1.000000000000000000 ) ) ;
#100 = ORIENTED_EDGE ( 'NONE', *, *, #2602, .F. ) ;
#101 = CARTESIAN_POINT ( 'NONE',  ( 24.99999999999998934, 20.00000000000000000, 30.00000000000000355 ) ) ;
#102 = ORIENTED_EDGE ( 'NONE', *, *, #1691, .T. ) ;
#103 = DIRECTION ( 'NONE',  ( -0.000000000000000000, -1.000000000000000000, -0.000000000000000000 ) ) ;
#104 = DIRECTION ( 'NONE',  ( 0.000000000000000000, 0.000000000000000000, -1.000000000000000000 ) ) ;
#105 = EDGE_CURVE ( 'NONE', #2380, #1374, #1997, .T. ) ;
#106 = VERTEX_POINT ( 'NONE', #1223 ) ;
#107 = DIRECTION ( 'NONE',  ( -1.000000000000000000, 0.000000000000000000, 0.000000000000000000 ) ) ;
#108 = CARTESIAN_POINT ( 'NONE',  ( -15.99999999999999645, 6.000000000000000000, 19.00000000000000000 ) ) ;
#109 = PRODUCT ( 'encoder-stand_bearing-support-base', 'encoder-stand_bearing-support-base', '', ( #1618 ) ) ;
#110 = FACE_OUTER_BOUND ( 'NONE', #2349, .T. ) ;
#111 = ORIENTED_EDGE ( 'NONE', *, *, #868, .F. ) ;
#112 = CARTESIAN_POINT ( 'NONE',  ( -12.81831890569336352, 21.47183425378776533, -12.13553746899821917 ) ) ;
#113 = ADVANCED_FACE ( 'NONE', ( #1852 ), #1465, .F. ) ;
#114 = ORIENTED_EDGE ( 'NONE', *, *, #1044, .F. ) ;
#115 = DIRECTION ( 'NONE',  ( 0.000000000000000000, 1.000000000000000000, 0.000000000000000000 ) ) ;
#116 = DIRECTION ( 'NONE',  ( 0.000000000000000000, 0.000000000000000000, 1.000000000000000000 ) ) ;
#117 = CARTESIAN_POINT ( 'NONE',  ( 16.00000000000000711, 48.45000000000000284, 15.99999999999999645 ) ) ;
#118 = VERTEX_POINT ( 'NONE', #443 ) ;
#119 = DIRECTION ( 'NONE',  ( 0.000000000000000000, 0.000000000000000000, -1.000000000000000000 ) ) ;
#120 = CARTESIAN_POINT ( 'NONE',  ( 1.285879139104720831E-15, 15.00000000000000178, 10.50000000000000000 ) ) ;
#121 = VECTOR ( 'NONE', #569, 1000.000000000000000 ) ;
#122 = EDGE_CURVE ( 'NONE', #1927, #1563, #1494, .T. ) ;
#123 = AXIS2_PLACEMENT_3D ( 'NONE', #2608, #1580, #1141 ) ;
#124 = LINE ( 'NONE', #460, #1644 ) ;
#125 = CARTESIAN_POINT ( 'NONE',  ( 1.347111479062088602E-15, 6.000000000000000000, 11.00000000000000178 ) ) ;
#126 = CIRCLE ( 'NONE', #1782, 1.999999999999998224 ) ;
#127 = EDGE_LOOP ( 'NONE', ( #2269, #328, #854, #1998, #1707, #991 ) ) ;
#128 = CIRCLE ( 'NONE', #724, 5.000000000000000888 ) ;
#129 = DIRECTION ( 'NONE',  ( -2.891205793294678819E-16, -0.000000000000000000, -1.000000000000000000 ) ) ;
#130 = AXIS2_PLACEMENT_3D ( 'NONE', #23, #2525, #813 ) ;
#131 = AXIS2_PLACEMENT_3D ( 'NONE', #2536, #670, #658 ) ;
#132 = ORIENTED_EDGE ( 'NONE', *, *, #2032, .T. ) ;
#133 = DIRECTION ( 'NONE',  ( 0.000000000000000000, -0.000000000000000000, 1.000000000000000000 ) ) ;
#134 = VECTOR ( 'NONE', #88, 1000.000000000000000 ) ;
#135 = PRODUCT_DEFINITION_CONTEXT ( 'detailed design', #253, 'design' ) ;
#136 = DIRECTION ( 'NONE',  ( 0.000000000000000000, 0.000000000000000000, 1.000000000000000000 ) ) ;
#137 = ORIENTED_EDGE ( 'NONE', *, *, #602, .T. ) ;
#138 = DIRECTION ( 'NONE',  ( 0.000000000000000000, 0.000000000000000000, 1.000000000000000000 ) ) ;
#139 = CARTESIAN_POINT ( 'NONE',  ( -25.00000000000000000, 12.00000000000000000, -27.00000000000001066 ) ) ;
#140 = CARTESIAN_POINT ( 'NONE',  ( 29.99999999999999289, 20.00000000000000000, 30.00000000000000355 ) ) ;
#141 = CARTESIAN_POINT ( 'NONE',  ( 0.000000000000000000, 15.00000000000000178, -10.50000000000000000 ) ) ;
#142 = VERTEX_POINT ( 'NONE', #664 ) ;
#143 = ADVANCED_FACE ( 'NONE', ( #1701 ), #2327, .F. ) ;
#144 = CYLINDRICAL_SURFACE ( 'NONE', #2471, 1.999999999999998224 ) ;
#145 = ORIENTED_EDGE ( 'NONE', *, *, #2105, .T. ) ;
#146 = ORIENTED_EDGE ( 'NONE', *, *, #2627, .F. ) ;
#147 = FACE_OUTER_BOUND ( 'NONE', #907, .T. ) ;
#148 = CARTESIAN_POINT ( 'NONE',  ( 16.00000000000000355, 9.000000000000001776, -16.00000000000000355 ) ) ;
#149 = ORIENTED_EDGE ( 'NONE', *, *, #1545, .T. ) ;
#150 = DIRECTION ( 'NONE',  ( 0.000000000000000000, 0.000000000000000000, -1.000000000000000000 ) ) ;
#151 = DIRECTION ( 'NONE',  ( 0.000000000000000000, -1.000000000000000000, 0.000000000000000000 ) ) ;
#152 = EDGE_CURVE ( 'NONE', #2216, #2538, #1028, .T. ) ;
#153 = ORIENTED_EDGE ( 'NONE', *, *, #2700, .T. ) ;
#154 = CARTESIAN_POINT ( 'NONE',  ( -13.40344825236550008, 21.50000000000000000, 11.72020568012534802 ) ) ;
#155 = ORIENTED_EDGE ( 'NONE', *, *, #1810, .F. ) ;
#156 = VERTEX_POINT ( 'NONE', #240 ) ;
#157 = DIRECTION ( 'NONE',  ( 1.776356839400250465E-15, 0.000000000000000000, 1.000000000000000000 ) ) ;
#158 = EDGE_CURVE ( 'NONE', #1273, #1667, #877, .T. ) ;
#159 = DIRECTION ( 'NONE',  ( -0.4767069619912743805, 5.513031720852308649E-16, -0.8790622687779575672 ) ) ;
#160 =( BOUNDED_SURFACE ( )  B_SPLINE_SURFACE ( 3, 2, ( 
 ( #2416, #185, #1423 ),
 ( #1383, #1402, #2218 ),
 ( #168, #366, #755 ),
 ( #1440, #1018, #565 ),
 ( #2455, #2270, #1005 ),
 ( #1808, #2641, #377 ),
 ( #997, #1617, #2677 ),
 ( #1637, #1195, #1220 ),
 ( #2233, #1211, #2037 ),
 ( #2688, #977, #1835 ) ),
 .UNSPECIFIED., .F., .F., .F. ) 
 B_SPLINE_SURFACE_WITH_KNOTS ( ( 4, 2, 2, 2, 4 ),
 ( 3, 3 ),
 ( 0.000000000000000000, 0.0009328616268190948911, 0.001865723253638189782, 0.002798584880457284565, 0.003731446507276379564 ),
 ( 0.000000000000000000, 1.000000000000000000 ),
 .UNSPECIFIED. ) 
 GEOMETRIC_REPRESENTATION_ITEM ( )  RATIONAL_B_SPLINE_SURFACE ( (
 ( 1.000000000000000000, 0.7071067811865491270, 1.000000000000000000),
 ( 1.000000000000000000, 0.7271188543507459690, 1.000000000000000000),
 ( 1.000000000000000000, 0.7429605494024059675, 1.000000000000000000),
 ( 1.000000000000000000, 0.7644645327642652921, 1.000000000000000000),
 ( 1.000000000000000000, 0.7701213306520858781, 1.000000000000000000),
 ( 1.000000000000000000, 0.7701974043933467184, 1.000000000000000000),
 ( 1.000000000000000000, 0.7645472897087670638, 1.000000000000000000),
 ( 1.000000000000000000, 0.7430036583613197632, 1.000000000000000000),
 ( 1.000000000000000000, 0.7271230941869349929, 1.000000000000000000),
 ( 1.000000000000000000, 0.7071067811865481278, 1.000000000000000000) ) ) 
 REPRESENTATION_ITEM ( '' )  SURFACE ( )  );
#161 = CARTESIAN_POINT ( 'NONE',  ( 16.00000000000000355, 21.50000000000000000, -16.00000000000000355 ) ) ;
#162 = FACE_OUTER_BOUND ( 'NONE', #2648, .T. ) ;
#163 = AXIS2_PLACEMENT_3D ( 'NONE', #1370, #69, #1153 ) ;
#164 = ORIENTED_EDGE ( 'NONE', *, *, #298, .T. ) ;
#165 = EDGE_LOOP ( 'NONE', ( #665, #100, #729, #1660 ) ) ;
#166 = CIRCLE ( 'NONE', #210, 6.500000000000002665 ) ;
#167 = AXIS2_PLACEMENT_3D ( 'NONE', #2238, #388, #2622 ) ;
#168 = CARTESIAN_POINT ( 'NONE',  ( 13.20156138042850102, 21.48934287562362755, 11.84958725132938007 ) ) ;
#169 = COLOUR_RGB ( '',0.2509803921568627416, 0.2509803921568627416, 0.2509803921568627416 ) ;
#170 = CIRCLE ( 'NONE', #1826, 16.50000000000000000 ) ;
#171 = CIRCLE ( 'NONE', #1698, 11.00000000000000178 ) ;
#172 = ORIENTED_EDGE ( 'NONE', *, *, #2017, .F. ) ;
#173 = EDGE_CURVE ( 'NONE', #742, #1487, #2169, .T. ) ;
#174 = LINE ( 'NONE', #606, #1651 ) ;
#175 = AXIS2_PLACEMENT_3D ( 'NONE', #195, #2443, #2463 ) ;
#176 = FACE_OUTER_BOUND ( 'NONE', #1439, .T. ) ;
#177 = ORIENTED_EDGE ( 'NONE', *, *, #1802, .T. ) ;
#178 = CARTESIAN_POINT ( 'NONE',  ( 12.90140474705672347, 20.00000000000000000, -10.28609525294328186 ) ) ;
#179 = AXIS2_PLACEMENT_3D ( 'NONE', #618, #2447, #1425 ) ;
#180 = DIRECTION ( 'NONE',  ( 0.000000000000000000, 0.000000000000000000, -1.000000000000000000 ) ) ;
#181 = ORIENTED_EDGE ( 'NONE', *, *, #1492, .T. ) ;
#182 = ADVANCED_FACE ( 'NONE', ( #1505 ), #2344, .F. ) ;
#183 = VERTEX_POINT ( 'NONE', #1901 ) ;
#184 = VERTEX_POINT ( 'NONE', #2355 ) ;
#185 = CARTESIAN_POINT ( 'NONE',  ( 13.61646519004363576, 20.00000000000000000, 11.60468865611020206 ) ) ;
#186 =( NAMED_UNIT ( * ) PLANE_ANGLE_UNIT ( ) SI_UNIT ( $, .RADIAN. ) );
#187 = ORIENTED_EDGE ( 'NONE', *, *, #2425, .T. ) ;
#188 = DIRECTION ( 'NONE',  ( 0.000000000000000000, -0.000000000000000000, 1.000000000000000000 ) ) ;
#189 = DIRECTION ( 'NONE',  ( 0.000000000000000000, -0.000000000000000000, 1.000000000000000000 ) ) ;
#190 = DIRECTION ( 'NONE',  ( 0.000000000000000000, 0.000000000000000000, -1.000000000000000000 ) ) ;
#191 = ORIENTED_EDGE ( 'NONE', *, *, #89, .T. ) ;
#192 = FACE_OUTER_BOUND ( 'NONE', #2653, .T. ) ;
#193 = EDGE_LOOP ( 'NONE', ( #1880, #1627, #2232, #1419 ) ) ;
#194 = VERTEX_POINT ( 'NONE', #46 ) ;
#195 = CARTESIAN_POINT ( 'NONE',  ( 0.000000000000000000, 19.50000000000000000, 0.000000000000000000 ) ) ;
#196 = ADVANCED_FACE ( 'NONE', ( #2336 ), #1855, .F. ) ;
#197 = EDGE_LOOP ( 'NONE', ( #1491, #2453 ) ) ;
#198 = CARTESIAN_POINT ( 'NONE',  ( -15.99999999999999645, 48.45000000000000284, 15.99999999999999645 ) ) ;
#199 = CARTESIAN_POINT ( 'NONE',  ( 16.00000000000000355, 60.45000000000000284, -17.50000000000000355 ) ) ;
#200 = CARTESIAN_POINT ( 'NONE',  ( -12.03728778890581630, 19.99124714539509995, 11.16550814936593916 ) ) ;
#201 = CARTESIAN_POINT ( 'NONE',  ( 12.29217164724320632, 21.46503037324139740, -12.63692958356663532 ) ) ;
#202 = ORIENTED_EDGE ( 'NONE', *, *, #298, .F. ) ;
#203 = ADVANCED_FACE ( 'NONE', ( #866 ), #454, .T. ) ;
#204 = DIRECTION ( 'NONE',  ( -1.000000000000000000, 0.000000000000000000, 0.000000000000000000 ) ) ;
#205 = ORIENTED_EDGE ( 'NONE', *, *, #2305, .T. ) ;
#206 = ORIENTED_EDGE ( 'NONE', *, *, #712, .F. ) ;
#207 = DIRECTION ( 'NONE',  ( 0.8790622687779576783, 0.000000000000000000, 0.4767069619912738254 ) ) ;
#208 = AXIS2_PLACEMENT_3D ( 'NONE', #285, #492, #2189 ) ;
#209 = ORIENTED_EDGE ( 'NONE', *, *, #757, .F. ) ;
#210 = AXIS2_PLACEMENT_3D ( 'NONE', #2151, #2403, #1369 ) ;
#211 = DIRECTION ( 'NONE',  ( 0.000000000000000000, -1.000000000000000000, 0.000000000000000000 ) ) ;
#212 = CARTESIAN_POINT ( 'NONE',  ( 0.000000000000000000, 15.00000000000000178, 0.000000000000000000 ) ) ;
#213 = AXIS2_PLACEMENT_3D ( 'NONE', #2326, #252, #2335 ) ;
#214 = VECTOR ( 'NONE', #1089, 1000.000000000000000 ) ;
#215 = ADVANCED_FACE ( 'NONE', ( #675 ), #1721, .F. ) ;
#216 = AXIS2_PLACEMENT_3D ( 'NONE', #1147, #1989, #119 ) ;
#217 = DIRECTION ( 'NONE',  ( -0.000000000000000000, -1.000000000000000000, -0.000000000000000000 ) ) ;
#218 = CARTESIAN_POINT ( 'NONE',  ( -13.61646519004364464, 21.50000000000000000, 11.60468865611019851 ) ) ;
#219 = VECTOR ( 'NONE', #869, 1000.000000000000000 ) ;
#220 = CARTESIAN_POINT ( 'NONE',  ( -15.99999999999999645, 21.50000000000000000, 9.499999999999996447 ) ) ;
#221 = CARTESIAN_POINT ( 'NONE',  ( 25.00000000000000000, 12.00000000000000000, -23.00000000000000711 ) ) ;
#222 = EDGE_CURVE ( 'NONE', #1589, #1204, #227, .T. ) ;
#223 = ORIENTED_EDGE ( 'NONE', *, *, #720, .F. ) ;
#224 = ORIENTED_EDGE ( 'NONE', *, *, #1754, .F. ) ;
#225 = FACE_BOUND ( 'NONE', #2665, .T. ) ;
#226 = ORIENTED_EDGE ( 'NONE', *, *, #2195, .T. ) ;
#227 = LINE ( 'NONE', #485, #1727 ) ;
#228 = ORIENTED_EDGE ( 'NONE', *, *, #389, .F. ) ;
#229 = CARTESIAN_POINT ( 'NONE',  ( 16.00000000000000355, 9.000000000000001776, -14.50000000000000178 ) ) ;
#230 = CARTESIAN_POINT ( 'NONE',  ( 16.00000000000000711, 48.45000000000000284, 15.99999999999999645 ) ) ;
#231 = DIRECTION ( 'NONE',  ( 0.8790622687779593436, 0.000000000000000000, -0.4767069619912706613 ) ) ;
#232 = DIRECTION ( 'NONE',  ( 0.000000000000000000, 0.000000000000000000, 1.000000000000000000 ) ) ;
#233 = EDGE_CURVE ( 'NONE', #184, #1563, #1884, .T. ) ;
#234 = DIRECTION ( 'NONE',  ( 1.000000000000000000, -0.000000000000000000, 1.224646799147353207E-16 ) ) ;
#235 = CARTESIAN_POINT ( 'NONE',  ( 12.13702738248274571, 21.47175186058604623, 12.81644188079781088 ) ) ;
#236 = VERTEX_POINT ( 'NONE', #289 ) ;
#237 = ORIENTED_EDGE ( 'NONE', *, *, #1154, .T. ) ;
#238 = CARTESIAN_POINT ( 'NONE',  ( -15.99999999999999645, 6.000000000000000000, -16.00000000000000711 ) ) ;
#239 = EDGE_LOOP ( 'NONE', ( #1869, #1258, #845, #1668 ) ) ;
#240 = CARTESIAN_POINT ( 'NONE',  ( -25.00000000000000000, 6.000000000000000000, -27.00000000000001066 ) ) ;
#241 = EDGE_LOOP ( 'NONE', ( #2113, #83 ) ) ;
#242 = CARTESIAN_POINT ( 'NONE',  ( 16.00000000000000355, 6.000000000000000000, 12.99999999999999645 ) ) ;
#243 = EDGE_CURVE ( 'NONE', #15, #2061, #888, .T. ) ;
#244 = DIRECTION ( 'NONE',  ( 0.000000000000000000, 0.000000000000000000, 1.000000000000000000 ) ) ;
#245 = LINE ( 'NONE', #684, #1168 ) ;
#246 = PLANE ( 'NONE',  #2304 ) ;
#247 = TOROIDAL_SURFACE ( 'NONE', #1382, 16.50000000000000000, 0.5000000000000000000 ) ;
#248 = EDGE_LOOP ( 'NONE', ( #2094, #1537, #2060, #1591 ) ) ;
#249 = VERTEX_POINT ( 'NONE', #2202 ) ;
#250 = EDGE_CURVE ( 'NONE', #1204, #1461, #1115, .T. ) ;
#251 = ORIENTED_EDGE ( 'NONE', *, *, #1525, .F. ) ;
#252 = DIRECTION ( 'NONE',  ( 0.000000000000000000, -1.000000000000000000, 0.000000000000000000 ) ) ;
#253 = APPLICATION_CONTEXT ( 'automotive_design' ) ;
#254 = DIRECTION ( 'NONE',  ( 0.000000000000000000, -1.000000000000000000, 0.000000000000000000 ) ) ;
#255 = AXIS2_PLACEMENT_3D ( 'NONE', #2555, #17, #1302 ) ;
#256 = CARTESIAN_POINT ( 'NONE',  ( 25.00000000000000000, 12.00000000000000000, 24.99999999999999645 ) ) ;
#257 = CARTESIAN_POINT ( 'NONE',  ( -11.84958725132946888, 21.48934287562362755, 13.20156138042837135 ) ) ;
#258 = CARTESIAN_POINT ( 'NONE',  ( -12.03731393410510186, 19.99124737197190527, -11.16548171864038252 ) ) ;
#259 = EDGE_CURVE ( 'NONE', #2325, #33, #2516, .T. ) ;
#260 = CARTESIAN_POINT ( 'NONE',  ( 16.00000000000000355, 9.000000000000001776, 15.99999999999999645 ) ) ;
#261 = AXIS2_PLACEMENT_3D ( 'NONE', #1241, #985, #1001 ) ;
#262 = DIRECTION ( 'NONE',  ( -0.000000000000000000, -1.000000000000000000, -0.000000000000000000 ) ) ;
#263 = CIRCLE ( 'NONE', #1784, 1.500000000000001332 ) ;
#264 = CARTESIAN_POINT ( 'NONE',  ( -15.99999999999999645, 60.45000000000000284, -14.50000000000000533 ) ) ;
#265 = CIRCLE ( 'NONE', #607, 16.50000000000000000 ) ;
#266 = VERTEX_POINT ( 'NONE', #1340 ) ;
#267 = ORIENTED_EDGE ( 'NONE', *, *, #2255, .F. ) ;
#268 = FACE_OUTER_BOUND ( 'NONE', #67, .T. ) ;
#269 = EDGE_CURVE ( 'NONE', #1174, #2509, #1341, .T. ) ;
#270 = DIRECTION ( 'NONE',  ( 0.000000000000000000, 1.000000000000000000, 0.000000000000000000 ) ) ;
#271 = CARTESIAN_POINT ( 'NONE',  ( 11.16550814936595337, 19.99124714539508929, 12.03728778890580742 ) ) ;
#272 = CARTESIAN_POINT ( 'NONE',  ( 16.00000000000000355, 21.50000000000000000, -11.00000000000000355 ) ) ;
#273 = CARTESIAN_POINT ( 'NONE',  ( -12.46846938438067021, 20.00000000000000711, -10.72493438024237733 ) ) ;
#274 = CARTESIAN_POINT ( 'NONE',  ( -25.99999999999991473, 15.49653895724248365, 16.00000000000000000 ) ) ;
#275 = DIRECTION ( 'NONE',  ( 0.000000000000000000, 0.000000000000000000, -1.000000000000000000 ) ) ;
#276 = EDGE_LOOP ( 'NONE', ( #950, #918, #1146, #1422, #1103, #1978, #2324, #2190 ) ) ;
#277 = ORIENTED_EDGE ( 'NONE', *, *, #2504, .T. ) ;
#278 = CARTESIAN_POINT ( 'NONE',  ( -12.13702738248273683, 21.47175186058604623, -12.81644188079782154 ) ) ;
#279 = EDGE_CURVE ( 'NONE', #1563, #1558, #1690, .T. ) ;
#280 = CARTESIAN_POINT ( 'NONE',  ( 0.000000000000000000, 10.50000000000000000, 11.00000000000000178 ) ) ;
#281 = CARTESIAN_POINT ( 'NONE',  ( -11.60468865611020028, 21.50000000000000000, 13.61646519004364109 ) ) ;
#282 = FACE_OUTER_BOUND ( 'NONE', #538, .T. ) ;
#283 = DIRECTION ( 'NONE',  ( 0.000000000000000000, 1.000000000000000000, 0.000000000000000000 ) ) ;
#284 = AXIS2_PLACEMENT_3D ( 'NONE', #1723, #487, #1921 ) ;
#285 = CARTESIAN_POINT ( 'NONE',  ( -15.99999999999999645, 21.50000000000000000, -9.500000000000007105 ) ) ;
#286 = ORIENTED_EDGE ( 'NONE', *, *, #1145, .T. ) ;
#287 = EDGE_CURVE ( 'NONE', #1890, #2395, #1426, .T. ) ;
#288 = FACE_OUTER_BOUND ( 'NONE', #365, .T. ) ;
#289 = CARTESIAN_POINT ( 'NONE',  ( 0.000000000000000000, 6.000000000000000000, -11.00000000000000178 ) ) ;
#290 = ORIENTED_EDGE ( 'NONE', *, *, #1545, .F. ) ;
#291 = CARTESIAN_POINT ( 'NONE',  ( -10.28609525294325699, 20.00000000000000000, 12.90140474705674301 ) ) ;
#292 = DIRECTION ( 'NONE',  ( -0.000000000000000000, -1.000000000000000000, -0.000000000000000000 ) ) ;
#293 = LINE ( 'NONE', #1159, #1301 ) ;
#294 = AXIS2_PLACEMENT_3D ( 'NONE', #2373, #1137, #303 ) ;
#295 = LINE ( 'NONE', #1321, #36 ) ;
#296 = DIRECTION ( 'NONE',  ( 0.000000000000000000, 1.000000000000000000, 0.000000000000000000 ) ) ;
#297 = CIRCLE ( 'NONE', #2346, 1.500000000000000666 ) ;
#298 = EDGE_CURVE ( 'NONE', #1558, #2146, #2594, .T. ) ;
#299 = CIRCLE ( 'NONE', #2605, 3.000000000000002665 ) ;
#300 = VECTOR ( 'NONE', #495, 1000.000000000000000 ) ;
#301 = AXIS2_PLACEMENT_3D ( 'NONE', #1485, #1088, #1706 ) ;
#302 = CIRCLE ( 'NONE', #261, 1.499999999999999334 ) ;
#303 = DIRECTION ( 'NONE',  ( 0.000000000000000000, 0.000000000000000000, -1.000000000000000000 ) ) ;
#304 = ORIENTED_EDGE ( 'NONE', *, *, #2228, .T. ) ;
#305 = AXIS2_PLACEMENT_3D ( 'NONE', #260, #1497, #2559 ) ;
#306 = CARTESIAN_POINT ( 'NONE',  ( 10.28609525294328719, 21.50000000000000000, 12.90140474705671636 ) ) ;
#307 = EDGE_LOOP ( 'NONE', ( #1532, #867, #926, #2050 ) ) ;
#308 = CYLINDRICAL_SURFACE ( 'NONE', #2438, 5.000000000000000888 ) ;
#309 = ORIENTED_EDGE ( 'NONE', *, *, #848, .F. ) ;
#310 = DIRECTION ( 'NONE',  ( 0.000000000000000000, 0.000000000000000000, 1.000000000000000000 ) ) ;
#311 = DIRECTION ( 'NONE',  ( -0.000000000000000000, -1.000000000000000000, -0.000000000000000000 ) ) ;
#312 = EDGE_CURVE ( 'NONE', #1746, #1250, #938, .T. ) ;
#313 = LINE ( 'NONE', #2401, #1200 ) ;
#314 = ORIENTED_EDGE ( 'NONE', *, *, #469, .F. ) ;
#315 = DIRECTION ( 'NONE',  ( 0.000000000000000000, 0.000000000000000000, 1.000000000000000000 ) ) ;
#316 = DIRECTION ( 'NONE',  ( 0.000000000000000000, -1.000000000000000000, 0.000000000000000000 ) ) ;
#317 = ORIENTED_EDGE ( 'NONE', *, *, #158, .T. ) ;
#318 = CARTESIAN_POINT ( 'NONE',  ( 0.000000000000000000, 11.00000000000000178, 16.00000000000000000 ) ) ;
#319 = FACE_OUTER_BOUND ( 'NONE', #2137, .T. ) ;
#320 = EDGE_CURVE ( 'NONE', #56, #1408, #1549, .T. ) ;
#321 = DIRECTION ( 'NONE',  ( 0.000000000000000000, 0.000000000000000000, -1.000000000000000000 ) ) ;
#322 = DIRECTION ( 'NONE',  ( 0.000000000000000000, 0.000000000000000000, 1.000000000000000000 ) ) ;
#323 = PRODUCT_DEFINITION_SHAPE ( 'NONE', 'NONE',  #2404 ) ;
#324 = ORIENTED_EDGE ( 'NONE', *, *, #2358, .T. ) ;
#325 = CARTESIAN_POINT ( 'NONE',  ( 16.00000000000000355, 48.45000000000000284, -14.50000000000000178 ) ) ;
#326 = CARTESIAN_POINT ( 'NONE',  ( -15.99999999999999645, 21.50000000000000000, 15.99999999999999645 ) ) ;
#327 = ADVANCED_FACE ( 'NONE', ( #1328 ), #86, .F. ) ;
#328 = ORIENTED_EDGE ( 'NONE', *, *, #2080, .T. ) ;
#329 = DIRECTION ( 'NONE',  ( -0.4767069619912738254, 0.000000000000000000, -0.8790622687779576783 ) ) ;
#330 = PLANE ( 'NONE',  #378 ) ;
#331 = CARTESIAN_POINT ( 'NONE',  ( 16.00000000000000711, 60.45000000000000284, 17.49999999999999645 ) ) ;
#332 = CYLINDRICAL_SURFACE ( 'NONE', #1437, 1.500000000000001332 ) ;
#333 = DIRECTION ( 'NONE',  ( 0.000000000000000000, 0.000000000000000000, -1.000000000000000000 ) ) ;
#334 = ADVANCED_FACE ( 'NONE', ( #705 ), #2376, .F. ) ;
#335 = TOROIDAL_SURFACE ( 'NONE', #2313, 6.500000000000000888, 1.500000000000000000 ) ;
#336 = AXIS2_PLACEMENT_3D ( 'NONE', #280, #2612, #2194 ) ;
#337 = AXIS2_PLACEMENT_3D ( 'NONE', #507, #2175, #1966 ) ;
#338 = CARTESIAN_POINT ( 'NONE',  ( -15.99999999999999645, 48.45000000000000284, -11.00000000000000711 ) ) ;
#339 = CARTESIAN_POINT ( 'NONE',  ( -15.99999999999999645, 9.000000000000001776, 18.99999999999999645 ) ) ;
#340 = ORIENTED_EDGE ( 'NONE', *, *, #243, .F. ) ;
#341 = TOROIDAL_SURFACE ( 'NONE', #515, 6.500000000000000888, 1.500000000000000000 ) ;
#342 = CARTESIAN_POINT ( 'NONE',  ( 12.64442024511158102, 20.22278608093282415, -12.28432250783542656 ) ) ;
#343 = CIRCLE ( 'NONE', #1864, 3.000000000000000888 ) ;
#344 = AXIS2_PLACEMENT_3D ( 'NONE', #1597, #2185, #1135 ) ;
#345 = VERTEX_POINT ( 'NONE', #917 ) ;
#346 = CARTESIAN_POINT ( 'NONE',  ( 0.000000000000000000, 20.00000000000000000, 0.000000000000000000 ) ) ;
#347 = ADVANCED_FACE ( 'NONE', ( #716 ), #1561, .F. ) ;
#348 = DIRECTION ( 'NONE',  ( 0.000000000000000000, 0.000000000000000000, -1.000000000000000000 ) ) ;
#349 = VECTOR ( 'NONE', #2101, 1000.000000000000000 ) ;
#350 = CARTESIAN_POINT ( 'NONE',  ( -15.99999999999999645, 21.50000000000000000, 15.99999999999999645 ) ) ;
#351 = CYLINDRICAL_SURFACE ( 'NONE', #370, 5.000000000000000888 ) ;
#352 = ORIENTED_EDGE ( 'NONE', *, *, #1047, .F. ) ;
#353 = EDGE_CURVE ( 'NONE', #1994, #2637, #2599, .T. ) ;
#354 = DIRECTION ( 'NONE',  ( -0.000000000000000000, -1.000000000000000000, -0.000000000000000000 ) ) ;
#355 = VERTEX_POINT ( 'NONE', #526 ) ;
#356 = ORIENTED_EDGE ( 'NONE', *, *, #287, .F. ) ;
#357 = ORIENTED_EDGE ( 'NONE', *, *, #2157, .F. ) ;
#358 = FACE_OUTER_BOUND ( 'NONE', #660, .T. ) ;
#359 = EDGE_LOOP ( 'NONE', ( #357, #2028, #1752, #421 ) ) ;
#360 = CYLINDRICAL_SURFACE ( 'NONE', #179, 3.000000000000000888 ) ;
#361 = CARTESIAN_POINT ( 'NONE',  ( -10.28609525294325699, 20.00000000000000000, 12.90140474705674301 ) ) ;
#362 = ORIENTED_EDGE ( 'NONE', *, *, #930, .F. ) ;
#363 = EDGE_CURVE ( 'NONE', #1993, #691, #293, .T. ) ;
#364 = ORIENTED_EDGE ( 'NONE', *, *, #52, .F. ) ;
#365 = EDGE_LOOP ( 'NONE', ( #1764, #177, #630, #1051 ) ) ;
#366 = CARTESIAN_POINT ( 'NONE',  ( 13.23878744328835566, 20.13834894701426137, 11.82404050352930192 ) ) ;
#367 = CARTESIAN_POINT ( 'NONE',  ( -12.11443138184645818, 20.20726148134371414, -12.84379476615696980 ) ) ;
#368 = DIRECTION ( 'NONE',  ( 0.000000000000000000, 0.000000000000000000, -1.000000000000000000 ) ) ;
#369 = DIRECTION ( 'NONE',  ( 0.000000000000000000, -1.000000000000000000, 0.000000000000000000 ) ) ;
#370 = AXIS2_PLACEMENT_3D ( 'NONE', #913, #957, #1607 ) ;
#371 = EDGE_CURVE ( 'NONE', #142, #2539, #2384, .T. ) ;
#372 = AXIS2_PLACEMENT_3D ( 'NONE', #2626, #1951, #1772 ) ;
#373 = EDGE_LOOP ( 'NONE', ( #309, #2415, #562, #2386 ) ) ;
#374 = ORIENTED_EDGE ( 'NONE', *, *, #1030, .F. ) ;
#375 = VECTOR ( 'NONE', #2301, 1000.000000000000000 ) ;
#376 = CIRCLE ( 'NONE', #641, 1.999999999999998224 ) ;
#377 = CARTESIAN_POINT ( 'NONE',  ( 11.37803752654139977, 19.99123702900261179, 11.82477116012399243 ) ) ;
#378 = AXIS2_PLACEMENT_3D ( 'NONE', #1133, #1384, #920 ) ;
#379 = CARTESIAN_POINT ( 'NONE',  ( -15.99999999999999645, 9.000000000000001776, 12.99999999999999645 ) ) ;
#380 = CIRCLE ( 'NONE', #1251, 5.000000000000000888 ) ;
#381 = TOROIDAL_SURFACE ( 'NONE', #2225, 11.00000000000000178, 0.5000000000000000000 ) ;
#382 = FACE_OUTER_BOUND ( 'NONE', #2148, .T. ) ;
#383 = AXIS2_PLACEMENT_3D ( 'NONE', #428, #1932, #1672 ) ;
#384 = DIRECTION ( 'NONE',  ( 0.000000000000000000, 0.000000000000000000, 1.000000000000000000 ) ) ;
#385 = VERTEX_POINT ( 'NONE', #1971 ) ;
#386 = CARTESIAN_POINT ( 'NONE',  ( -11.16548171864036654, 19.99124737197190527, 12.03731393410511608 ) ) ;
#387 = TOROIDAL_SURFACE ( 'NONE', #1486, 11.00000000000000178, 0.5000000000000000000 ) ;
#388 = DIRECTION ( 'NONE',  ( 0.000000000000000000, -1.000000000000000000, 0.000000000000000000 ) ) ;
#389 = EDGE_CURVE ( 'NONE', #1174, #1514, #1079, .T. ) ;
#390 = ORIENTED_EDGE ( 'NONE', *, *, #279, .F. ) ;
#391 = VERTEX_POINT ( 'NONE', #510 ) ;
#392 = ORIENTED_EDGE ( 'NONE', *, *, #427, .F. ) ;
#393 = FACE_BOUND ( 'NONE', #1757, .T. ) ;
#394 = CARTESIAN_POINT ( 'NONE',  ( 16.00000000000000355, 6.000000000000000000, -19.00000000000000711 ) ) ;
#395 = UNCERTAINTY_MEASURE_WITH_UNIT (LENGTH_MEASURE( 1.000000000000000082E-05 ), #1797, 'distance_accuracy_value', 'NONE');
#396 = ORIENTED_EDGE ( 'NONE', *, *, #2673, .F. ) ;
#397 = DIRECTION ( 'NONE',  ( 0.000000000000000000, 0.000000000000000000, 1.000000000000000000 ) ) ;
#398 = DIRECTION ( 'NONE',  ( -0.000000000000000000, -1.000000000000000000, -0.000000000000000000 ) ) ;
#399 = DIRECTION ( 'NONE',  ( -0.000000000000000000, -1.000000000000000000, -0.000000000000000000 ) ) ;
#400 = ADVANCED_FACE ( 'NONE', ( #1595 ), #2576, .F. ) ;
#401 = CARTESIAN_POINT ( 'NONE',  ( -27.99999999999991473, 15.49653895724248365, -15.99999999999998579 ) ) ;
#402 = CARTESIAN_POINT ( 'NONE',  ( -13.20107001248912937, 21.48931722428000768, 11.84986859641302281 ) ) ;
#403 = VERTEX_POINT ( 'NONE', #92 ) ;
#404 = CARTESIAN_POINT ( 'NONE',  ( 16.00000000000000711, 21.50000000000000000, 15.99999999999999645 ) ) ;
#405 = DIRECTION ( 'NONE',  ( 0.000000000000000000, 0.000000000000000000, -1.000000000000000000 ) ) ;
#406 = ORIENTED_EDGE ( 'NONE', *, *, #2589, .F. ) ;
#407 = ORIENTED_EDGE ( 'NONE', *, *, #821, .F. ) ;
#408 = FACE_OUTER_BOUND ( 'NONE', #650, .T. ) ;
#409 = EDGE_CURVE ( 'NONE', #1204, #2051, #1999, .T. ) ;
#410 = ORIENTED_EDGE ( 'NONE', *, *, #530, .T. ) ;
#411 = ORIENTED_EDGE ( 'NONE', *, *, #389, .T. ) ;
#412 = PLANE ( 'NONE',  #1396 ) ;
#413 = CARTESIAN_POINT ( 'NONE',  ( 12.90140474705672347, 20.00000000000000000, -10.28609525294328186 ) ) ;
#414 = CARTESIAN_POINT ( 'NONE',  ( -12.90140474705673945, 21.50000000000000000, 10.28609525294325522 ) ) ;
#415 = CARTESIAN_POINT ( 'NONE',  ( -25.99999999999991473, 15.49653895724248365, -15.99999999999998579 ) ) ;
#416 = ADVANCED_FACE ( 'NONE', ( #1986 ), #698, .T. ) ;
#417 = CYLINDRICAL_SURFACE ( 'NONE', #2466, 16.00000000000000000 ) ;
#418 = DIRECTION ( 'NONE',  ( -0.000000000000000000, -1.000000000000000000, -0.000000000000000000 ) ) ;
#419 = AXIS2_PLACEMENT_3D ( 'NONE', #2421, #151, #1961 ) ;
#420 = ORIENTED_EDGE ( 'NONE', *, *, #2105, .F. ) ;
#421 = ORIENTED_EDGE ( 'NONE', *, *, #1021, .F. ) ;
#422 = CARTESIAN_POINT ( 'NONE',  ( -15.99999999999999645, 48.45000000000000284, 15.99999999999999645 ) ) ;
#423 = CIRCLE ( 'NONE', #933, 5.000000000000000888 ) ;
#424 = ORIENTED_EDGE ( 'NONE', *, *, #371, .T. ) ;
#425 = DIRECTION ( 'NONE',  ( 0.000000000000000000, 0.000000000000000000, -1.000000000000000000 ) ) ;
#426 = CIRCLE ( 'NONE', #1779, 1.499999999999999334 ) ;
#427 = EDGE_CURVE ( 'NONE', #2251, #403, #297, .T. ) ;
#428 = CARTESIAN_POINT ( 'NONE',  ( -15.99999999999999645, 48.45000000000000284, -16.00000000000000711 ) ) ;
#429 = DIRECTION ( 'NONE',  ( -2.891205793294678819E-16, -0.000000000000000000, -1.000000000000000000 ) ) ;
#430 = AXIS2_PLACEMENT_3D ( 'NONE', #1624, #541, #1203 ) ;
#431 = EDGE_LOOP ( 'NONE', ( #1004, #2121, #2485, #508 ) ) ;
#432 = AXIS2_PLACEMENT_3D ( 'NONE', #1191, #1661, #1875 ) ;
#433 = DIRECTION ( 'NONE',  ( -1.000000000000000000, 0.000000000000000000, 0.000000000000000000 ) ) ;
#434 = DIRECTION ( 'NONE',  ( 0.000000000000000000, 0.000000000000000000, 1.000000000000000000 ) ) ;
#435 = CARTESIAN_POINT ( 'NONE',  ( -11.60468865611019851, 21.50000000000000000, 13.61646519004364464 ) ) ;
#436 = CIRCLE ( 'NONE', #902, 1.999999999999998224 ) ;
#437 = DIRECTION ( 'NONE',  ( 0.000000000000000000, 0.000000000000000000, 1.000000000000000000 ) ) ;
#438 = FACE_OUTER_BOUND ( 'NONE', #2310, .T. ) ;
#439 = VERTEX_POINT ( 'NONE', #910 ) ;
#440 = ORIENTED_EDGE ( 'NONE', *, *, #690, .F. ) ;
#441 = CARTESIAN_POINT ( 'NONE',  ( -30.00000000000001066, 20.00000000000000000, 30.00000000000000711 ) ) ;
#442 = ORIENTED_EDGE ( 'NONE', *, *, #2023, .F. ) ;
#443 = CARTESIAN_POINT ( 'NONE',  ( 16.00000000000000711, 21.50000000000000000, 20.99999999999999645 ) ) ;
#444 = FACE_OUTER_BOUND ( 'NONE', #1948, .T. ) ;
#445 = CARTESIAN_POINT ( 'NONE',  ( -11.14900545369898310, 19.99295769332923811, 12.05172238947935526 ) ) ;
#446 = DIRECTION ( 'NONE',  ( 0.000000000000000000, -1.000000000000000000, 0.000000000000000000 ) ) ;
#447 = DIRECTION ( 'NONE',  ( -0.000000000000000000, -1.000000000000000000, -0.000000000000000000 ) ) ;
#448 = DIRECTION ( 'NONE',  ( 0.000000000000000000, -0.000000000000000000, -1.000000000000000000 ) ) ;
#449 = EDGE_LOOP ( 'NONE', ( #2014, #1922 ) ) ;
#450 = ORIENTED_EDGE ( 'NONE', *, *, #602, .F. ) ;
#451 = DIRECTION ( 'NONE',  ( 0.000000000000000000, 1.000000000000000000, 0.000000000000000000 ) ) ;
#452 = FACE_BOUND ( 'NONE', #967, .T. ) ;
#453 = EDGE_CURVE ( 'NONE', #2051, #2325, #1860, .T. ) ;
#454 = CYLINDRICAL_SURFACE ( 'NONE', #1819, 5.000000000000000888 ) ;
#455 = CARTESIAN_POINT ( 'NONE',  ( 12.46846938438067554, 20.00000000000000711, 10.72493438024236312 ) ) ;
#456 = DIRECTION ( 'NONE',  ( 1.000000000000000000, 0.000000000000000000, 0.000000000000000000 ) ) ;
#457 = ORIENTED_EDGE ( 'NONE', *, *, #2213, .F. ) ;
#458 = CARTESIAN_POINT ( 'NONE',  ( 29.99999999999999289, 20.00000000000000000, -24.99999999999999645 ) ) ;
#459 = DIRECTION ( 'NONE',  ( 0.000000000000000000, 0.000000000000000000, -1.000000000000000000 ) ) ;
#460 = CARTESIAN_POINT ( 'NONE',  ( 29.99999999999999289, 20.00000000000000000, -30.00000000000000000 ) ) ;
#461 = EDGE_CURVE ( 'NONE', #2367, #1578, #2695, .T. ) ;
#462 = EDGE_LOOP ( 'NONE', ( #1171, #1218, #1490, #290 ) ) ;
#463 = EDGE_LOOP ( 'NONE', ( #1559, #1359, #2206, #2280 ) ) ;
#464 = DIRECTION ( 'NONE',  ( 1.000000000000000000, -0.000000000000000000, 1.224646799147353207E-16 ) ) ;
#465 = CIRCLE ( 'NONE', #1905, 6.500000000000002665 ) ;
#466 = DIRECTION ( 'NONE',  ( -2.891205793294678819E-16, -0.000000000000000000, -1.000000000000000000 ) ) ;
#467 = VERTEX_POINT ( 'NONE', #1282 ) ;
#468 = AXIS2_PLACEMENT_3D ( 'NONE', #1947, #1355, #944 ) ;
#469 = EDGE_CURVE ( 'NONE', #1273, #849, #124, .T. ) ;
#470 = CIRCLE ( 'NONE', #1856, 6.500000000000000888 ) ;
#471 = FACE_OUTER_BOUND ( 'NONE', #193, .T. ) ;
#472 = CARTESIAN_POINT ( 'NONE',  ( -12.13560007839673638, 21.47183077684367447, 12.81823980511580352 ) ) ;
#473 = EDGE_CURVE ( 'NONE', #816, #2538, #2131, .T. ) ;
#474 = CIRCLE ( 'NONE', #803, 0.5000000000000004441 ) ;
#475 = CARTESIAN_POINT ( 'NONE',  ( -25.99999999999991473, 15.49653895724248365, -15.99999999999998579 ) ) ;
#476 = PRESENTATION_LAYER_ASSIGNMENT (  '', '', ( #2607 ) ) ;
#477 = CARTESIAN_POINT ( 'NONE',  ( 16.00000000000000711, 48.45000000000000284, 15.99999999999999645 ) ) ;
#478 = AXIS2_PLACEMENT_3D ( 'NONE', #2208, #1352, #1788 ) ;
#479 = AXIS2_PLACEMENT_3D ( 'NONE', #2117, #2330, #1715 ) ;
#480 = AXIS2_PLACEMENT_3D ( 'NONE', #2296, #642, #1259 ) ;
#481 = EDGE_CURVE ( 'NONE', #1233, #2528, #2268, .T. ) ;
#482 = ORIENTED_EDGE ( 'NONE', *, *, #1108, .T. ) ;
#483 = VERTEX_POINT ( 'NONE', #11 ) ;
#484 = CARTESIAN_POINT ( 'NONE',  ( 0.000000000000000000, 11.00000000000000178, 0.000000000000000000 ) ) ;
#485 = CARTESIAN_POINT ( 'NONE',  ( -15.99999999999999645, 48.45000000000000284, 20.99999999999999645 ) ) ;
#486 = CARTESIAN_POINT ( 'NONE',  ( 0.000000000000000000, 11.50000000000000178, 0.000000000000000000 ) ) ;
#487 = DIRECTION ( 'NONE',  ( -2.891205793294678819E-16, 0.000000000000000000, -1.000000000000000000 ) ) ;
#488 = FILL_AREA_STYLE ('',( #2034 ) ) ;
#489 = FACE_OUTER_BOUND ( 'NONE', #2501, .T. ) ;
#490 = CARTESIAN_POINT ( 'NONE',  ( 0.000000000000000000, 20.00000000000000000, 0.000000000000000000 ) ) ;
#491 = ADVANCED_FACE ( 'NONE', ( #1665 ), #1248, .F. ) ;
#492 = DIRECTION ( 'NONE',  ( -1.000000000000000000, 0.000000000000000000, 0.000000000000000000 ) ) ;
#493 = EDGE_LOOP ( 'NONE', ( #1987, #1208, #2350, #410, #181, #1186 ) ) ;
#494 = DIRECTION ( 'NONE',  ( -1.000000000000000000, 0.000000000000000000, 0.000000000000000000 ) ) ;
#495 = DIRECTION ( 'NONE',  ( -0.000000000000000000, -1.000000000000000000, -0.000000000000000000 ) ) ;
#496 = ORIENTED_EDGE ( 'NONE', *, *, #766, .F. ) ;
#497 = LINE ( 'NONE', #1344, #1172 ) ;
#498 = PLANE ( 'NONE',  #721 ) ;
#499 = CARTESIAN_POINT ( 'NONE',  ( -24.99999999999999645, 12.00000000000000000, 23.00000000000000000 ) ) ;
#500 = CARTESIAN_POINT ( 'NONE',  ( -15.99999999999999645, 9.000000000000001776, -16.00000000000000711 ) ) ;
#501 = CARTESIAN_POINT ( 'NONE',  ( 0.000000000000000000, 6.000000000000000000, 0.000000000000000000 ) ) ;
#502 = EDGE_CURVE ( 'NONE', #33, #403, #79, .T. ) ;
#503 = DIRECTION ( 'NONE',  ( -0.000000000000000000, -1.000000000000000000, -0.000000000000000000 ) ) ;
#504 = ORIENTED_EDGE ( 'NONE', *, *, #2305, .F. ) ;
#505 = CARTESIAN_POINT ( 'NONE',  ( -11.60468865611020739, 21.50000000000000000, -13.61646519004363576 ) ) ;
#506 = ORIENTED_EDGE ( 'NONE', *, *, #105, .T. ) ;
#507 = CARTESIAN_POINT ( 'NONE',  ( -15.99999999999999645, 60.45000000000000284, 15.99999999999999645 ) ) ;
#508 = ORIENTED_EDGE ( 'NONE', *, *, #1952, .F. ) ;
#509 = DIRECTION ( 'NONE',  ( -0.000000000000000000, -1.000000000000000000, -0.000000000000000000 ) ) ;
#510 = CARTESIAN_POINT ( 'NONE',  ( 1.285879139104720831E-15, 6.500000000000000888, 10.50000000000000000 ) ) ;
#511 = ADVANCED_FACE ( 'NONE', ( #612 ), #417, .F. ) ;
#512 = ORIENTED_EDGE ( 'NONE', *, *, #173, .T. ) ;
#513 = CARTESIAN_POINT ( 'NONE',  ( 25.00000000000000000, 6.000000000000000000, -23.00000000000000711 ) ) ;
#514 = CIRCLE ( 'NONE', #847, 1.500000000000001332 ) ;
#515 = AXIS2_PLACEMENT_3D ( 'NONE', #2511, #1929, #1300 ) ;
#516 = VECTOR ( 'NONE', #1436, 1000.000000000000000 ) ;
#517 = AXIS2_PLACEMENT_3D ( 'NONE', #350, #912, #310 ) ;
#518 = FACE_OUTER_BOUND ( 'NONE', #2413, .T. ) ;
#519 = ORIENTED_EDGE ( 'NONE', *, *, #2125, .F. ) ;
#520 = AXIS2_PLACEMENT_3D ( 'NONE', #2668, #1175, #778 ) ;
#521 = DIRECTION ( 'NONE',  ( 1.000000000000000000, 0.000000000000000000, 0.000000000000000000 ) ) ;
#522 = DIRECTION ( 'NONE',  ( 0.000000000000000000, -1.000000000000000000, 0.000000000000000000 ) ) ;
#523 = ORIENTED_EDGE ( 'NONE', *, *, #1552, .F. ) ;
#524 = LINE ( 'NONE', #890, #688 ) ;
#525 = CARTESIAN_POINT ( 'NONE',  ( 16.00000000000000355, 9.000000000000001776, -13.00000000000000355 ) ) ;
#526 = CARTESIAN_POINT ( 'NONE',  ( -23.99999999999992184, 15.49653895724248365, -29.99999999999998579 ) ) ;
#527 = ORIENTED_EDGE ( 'NONE', *, *, #1877, .T. ) ;
#528 = CARTESIAN_POINT ( 'NONE',  ( -27.99999999999991473, 15.49653895724248365, -15.99999999999998579 ) ) ;
#529 = CARTESIAN_POINT ( 'NONE',  ( 25.00000000000000000, 12.00000000000000000, -27.00000000000000355 ) ) ;
#530 = EDGE_CURVE ( 'NONE', #691, #106, #1609, .T. ) ;
#531 = EDGE_LOOP ( 'NONE', ( #1155, #627, #2083, #392 ) ) ;
#532 = ORIENTED_EDGE ( 'NONE', *, *, #2318, .F. ) ;
#533 = FACE_OUTER_BOUND ( 'NONE', #1314, .T. ) ;
#534 = ORIENTED_EDGE ( 'NONE', *, *, #954, .F. ) ;
#535 = PLANE ( 'NONE',  #809 ) ;
#536 = EDGE_CURVE ( 'NONE', #183, #2325, #1950, .T. ) ;
#537 = CARTESIAN_POINT ( 'NONE',  ( 16.00000000000000711, 9.000000000000001776, 15.99999999999999645 ) ) ;
#538 = EDGE_LOOP ( 'NONE', ( #914, #2362 ) ) ;
#539 = DIRECTION ( 'NONE',  ( 0.000000000000000000, -1.000000000000000000, 0.000000000000000000 ) ) ;
#540 = DIRECTION ( 'NONE',  ( 0.000000000000000000, -1.000000000000000000, 0.000000000000000000 ) ) ;
#541 = DIRECTION ( 'NONE',  ( 0.000000000000000000, 0.000000000000000000, 1.000000000000000000 ) ) ;
#542 = CARTESIAN_POINT ( 'NONE',  ( -15.99999999999999645, 21.50000000000000000, -16.00000000000000711 ) ) ;
#543 = ADVANCED_FACE ( 'NONE', ( #192 ), #2655, .F. ) ;
#544 = ORIENTED_EDGE ( 'NONE', *, *, #2548, .F. ) ;
#545 = CARTESIAN_POINT ( 'NONE',  ( -12.63323922312451408, 21.46494667805432144, 12.29551975942856679 ) ) ;
#546 = EDGE_LOOP ( 'NONE', ( #1130, #153 ) ) ;
#547 = DIRECTION ( 'NONE',  ( 0.000000000000000000, 0.000000000000000000, 1.000000000000000000 ) ) ;
#548 = LINE ( 'NONE', #525, #2150 ) ;
#549 = CARTESIAN_POINT ( 'NONE',  ( -15.99999999999999645, 21.50000000000000000, 22.50000000000000000 ) ) ;
#550 = ADVANCED_FACE ( 'NONE', ( #1015 ), #1231, .F. ) ;
#551 = ORIENTED_EDGE ( 'NONE', *, *, #2444, .F. ) ;
#552 = CYLINDRICAL_SURFACE ( 'NONE', #1787, 3.000000000000000888 ) ;
#553 = FACE_OUTER_BOUND ( 'NONE', #2183, .T. ) ;
#554 = EDGE_CURVE ( 'NONE', #2367, #1374, #2170, .T. ) ;
#555 = AXIS2_PLACEMENT_3D ( 'NONE', #212, #2458, #368 ) ;
#556 = CIRCLE ( 'NONE', #2388, 1.999999999999998224 ) ;
#557 = AXIS2_PLACEMENT_3D ( 'NONE', #2161, #906, #1748 ) ;
#558 = CIRCLE ( 'NONE', #2088, 0.5000000000000004441 ) ;
#559 = DIRECTION ( 'NONE',  ( 0.000000000000000000, 0.000000000000000000, 1.000000000000000000 ) ) ;
#560 = VECTOR ( 'NONE', #2291, 1000.000000000000000 ) ;
#561 = EDGE_CURVE ( 'NONE', #2538, #2216, #514, .T. ) ;
#562 = ORIENTED_EDGE ( 'NONE', *, *, #2540, .T. ) ;
#563 = AXIS2_PLACEMENT_3D ( 'NONE', #2275, #1612, #1643 ) ;
#564 = ORIENTED_EDGE ( 'NONE', *, *, #2686, .F. ) ;
#565 = CARTESIAN_POINT ( 'NONE',  ( 12.05172238947908880, 19.99295769332923811, 11.14900545369925666 ) ) ;
#566 = AXIS2_PLACEMENT_3D ( 'NONE', #1157, #2000, #133 ) ;
#567 = ORIENTED_EDGE ( 'NONE', *, *, #1154, .F. ) ;
#568 = DIRECTION ( 'NONE',  ( 0.000000000000000000, 1.000000000000000000, 0.000000000000000000 ) ) ;
#569 = DIRECTION ( 'NONE',  ( -0.000000000000000000, -1.000000000000000000, -0.000000000000000000 ) ) ;
#570 = CARTESIAN_POINT ( 'NONE',  ( -25.99999999999991829, 15.49653895724248365, -29.99999999999998579 ) ) ;
#571 = DIRECTION ( 'NONE',  ( 0.000000000000000000, 1.000000000000000000, 0.000000000000000000 ) ) ;
#572 = ADVANCED_FACE ( 'NONE', ( #634 ), #1865, .T. ) ;
#573 = ORIENTED_EDGE ( 'NONE', *, *, #409, .T. ) ;
#574 = EDGE_LOOP ( 'NONE', ( #703, #411, #504, #523 ) ) ;
#575 = ORIENTED_EDGE ( 'NONE', *, *, #1324, .T. ) ;
#576 = FACE_OUTER_BOUND ( 'NONE', #276, .T. ) ;
#577 = FACE_BOUND ( 'NONE', #14, .T. ) ;
#578 = ORIENTED_EDGE ( 'NONE', *, *, #1454, .T. ) ;
#579 = EDGE_CURVE ( 'NONE', #1224, #1582, #595, .T. ) ;
#580 = CARTESIAN_POINT ( 'NONE',  ( 0.000000000000000000, 19.50000000000000000, 16.00000000000000000 ) ) ;
#581 = CYLINDRICAL_SURFACE ( 'NONE', #2266, 3.000000000000000888 ) ;
#582 = DIRECTION ( 'NONE',  ( 0.000000000000000000, 0.000000000000000000, 1.000000000000000000 ) ) ;
#583 = ORIENTED_EDGE ( 'NONE', *, *, #1358, .T. ) ;
#584 = ADVANCED_FACE ( 'NONE', ( #2290, #2265 ), #1815, .T. ) ;
#585 = EDGE_LOOP ( 'NONE', ( #450, #1616 ) ) ;
#586 = ORIENTED_EDGE ( 'NONE', *, *, #371, .F. ) ;
#587 = ORIENTED_EDGE ( 'NONE', *, *, #757, .T. ) ;
#588 = CARTESIAN_POINT ( 'NONE',  ( -30.00000000000001066, 20.00000000000000000, 30.00000000000000711 ) ) ;
#589 = ADVANCED_FACE ( 'NONE', ( #883, #1500 ), #2188, .T. ) ;
#590 = VERTEX_POINT ( 'NONE', #2058 ) ;
#591 = CARTESIAN_POINT ( 'NONE',  ( 16.00000000000000355, 9.000000000000001776, 19.00000000000000000 ) ) ;
#592 = CARTESIAN_POINT ( 'NONE',  ( 12.29551975942858277, 21.46494667805432144, 12.63323922312451053 ) ) ;
#593 = AXIS2_PLACEMENT_3D ( 'NONE', #1378, #2210, #751 ) ;
#594 = ORIENTED_EDGE ( 'NONE', *, *, #250, .T. ) ;
#595 = LINE ( 'NONE', #2493, #516 ) ;
#596 = AXIS2_PLACEMENT_3D ( 'NONE', #1753, #1459, #1895 ) ;
#597 = ORIENTED_EDGE ( 'NONE', *, *, #2387, .F. ) ;
#598 = AXIS2_PLACEMENT_3D ( 'NONE', #501, #1393, #1828 ) ;
#599 = PLANE ( 'NONE',  #1919 ) ;
#600 = PRESENTATION_STYLE_ASSIGNMENT (( #1404 ) ) ;
#601 = ORIENTED_EDGE ( 'NONE', *, *, #105, .F. ) ;
#602 = EDGE_CURVE ( 'NONE', #1799, #355, #376, .T. ) ;
#603 = CIRCLE ( 'NONE', #478, 0.5000000000000004441 ) ;
#604 = CIRCLE ( 'NONE', #900, 1.500000000000000666 ) ;
#605 = ORIENTED_EDGE ( 'NONE', *, *, #1196, .F. ) ;
#606 = CARTESIAN_POINT ( 'NONE',  ( 16.00000000000000355, 9.000000000000001776, -19.00000000000000711 ) ) ;
#607 = AXIS2_PLACEMENT_3D ( 'NONE', #346, #2026, #157 ) ;
#608 = FACE_OUTER_BOUND ( 'NONE', #1896, .T. ) ;
#609 = CARTESIAN_POINT ( 'NONE',  ( -15.99999999999999645, 9.000000000000001776, 19.00000000000000000 ) ) ;
#610 = CARTESIAN_POINT ( 'NONE',  ( 11.84958725132948487, 21.48934287562362755, -13.20156138042836602 ) ) ;
#611 = ORIENTED_EDGE ( 'NONE', *, *, #821, .T. ) ;
#612 = FACE_OUTER_BOUND ( 'NONE', #797, .T. ) ;
#613 = ORIENTED_EDGE ( 'NONE', *, *, #536, .T. ) ;
#614 = DIRECTION ( 'NONE',  ( 0.000000000000000000, 0.000000000000000000, -1.000000000000000000 ) ) ;
#615 = SURFACE_STYLE_FILL_AREA ( #1019 ) ;
#616 = EDGE_CURVE ( 'NONE', #2676, #1774, #1394, .T. ) ;
#617 = FACE_OUTER_BOUND ( 'NONE', #2025, .T. ) ;
#618 = CARTESIAN_POINT ( 'NONE',  ( -15.99999999999999645, 9.000000000000001776, 15.99999999999999645 ) ) ;
#619 = CARTESIAN_POINT ( 'NONE',  ( 12.90140474705672702, 20.00000000000000000, 10.28609525294327653 ) ) ;
#620 = CARTESIAN_POINT ( 'NONE',  ( 11.37341594501844178, 19.99125759335214170, -11.82936682703166298 ) ) ;
#621 = DIRECTION ( 'NONE',  ( 0.000000000000000000, 1.000000000000000000, 0.000000000000000000 ) ) ;
#622 = CARTESIAN_POINT ( 'NONE',  ( 11.60468865611021805, 21.50000000000000000, 13.61646519004362688 ) ) ;
#623 = EDGE_CURVE ( 'NONE', #483, #1250, #295, .T. ) ;
#624 = VERTEX_POINT ( 'NONE', #1974 ) ;
#625 = VERTEX_POINT ( 'NONE', #1988 ) ;
#626 = DIRECTION ( 'NONE',  ( -0.000000000000000000, -1.000000000000000000, -0.000000000000000000 ) ) ;
#627 = ORIENTED_EDGE ( 'NONE', *, *, #24, .T. ) ;
#628 = CARTESIAN_POINT ( 'NONE',  ( 12.13553746899822272, 21.47183425378776889, -12.81831890569337062 ) ) ;
#629 = CARTESIAN_POINT ( 'NONE',  ( -13.43984034320705767, 20.08264135920257232, 11.70047059076485318 ) ) ;
#630 = ORIENTED_EDGE ( 'NONE', *, *, #779, .T. ) ;
#631 = DIRECTION ( 'NONE',  ( -0.000000000000000000, -1.000000000000000000, -0.000000000000000000 ) ) ;
#632 = CARTESIAN_POINT ( 'NONE',  ( 12.11298121602326816, 20.20701392597692347, -12.84565054447383048 ) ) ;
#633 = ADVANCED_FACE ( 'NONE', ( #935, #1785 ), #2619, .T. ) ;
#634 = FACE_OUTER_BOUND ( 'NONE', #1656, .T. ) ;
#635 = LINE ( 'NONE', #221, #560 ) ;
#636 = ORIENTED_EDGE ( 'NONE', *, *, #561, .T. ) ;
#637 = ORIENTED_EDGE ( 'NONE', *, *, #2147, .F. ) ;
#638 = DIRECTION ( 'NONE',  ( -0.000000000000000000, 1.000000000000000000, -0.000000000000000000 ) ) ;
#639 = ORIENTED_EDGE ( 'NONE', *, *, #1843, .T. ) ;
#640 = AXIS2_PLACEMENT_3D ( 'NONE', #886, #1140, #1979 ) ;
#641 = AXIS2_PLACEMENT_3D ( 'NONE', #570, #823, #433 ) ;
#642 = DIRECTION ( 'NONE',  ( 0.000000000000000000, 1.000000000000000000, 0.000000000000000000 ) ) ;
#643 = CARTESIAN_POINT ( 'NONE',  ( -13.61646519004364109, 21.50000000000000000, 11.60468865611020028 ) ) ;
#644 = VECTOR ( 'NONE', #354, 1000.000000000000000 ) ;
#645 = AXIS2_PLACEMENT_3D ( 'NONE', #1444, #2439, #1418 ) ;
#646 = AXIS2_PLACEMENT_3D ( 'NONE', #2505, #2128, #231 ) ;
#647 = CARTESIAN_POINT ( 'NONE',  ( 2.020667218593133100E-15, 20.00000000000000000, -16.50000000000000000 ) ) ;
#648 = DIRECTION ( 'NONE',  ( 0.000000000000000000, -1.000000000000000000, 0.000000000000000000 ) ) ;
#649 = EDGE_CURVE ( 'NONE', #403, #1336, #2043, .T. ) ;
#650 = EDGE_LOOP ( 'NONE', ( #2618, #2011, #506, #2666 ) ) ;
#651 = ORIENTED_EDGE ( 'NONE', *, *, #1132, .T. ) ;
#652 = CARTESIAN_POINT ( 'NONE',  ( -15.99999999999999645, 9.000000000000001776, -13.00000000000000711 ) ) ;
#653 = CARTESIAN_POINT ( 'NONE',  ( -15.99999999999999645, 21.50000000000000000, -16.00000000000000711 ) ) ;
#654 = DIRECTION ( 'NONE',  ( 0.000000000000000000, 1.000000000000000000, 0.000000000000000000 ) ) ;
#655 = CARTESIAN_POINT ( 'NONE',  ( -12.48492482685572114, 19.99732972163003453, 10.70955808024591427 ) ) ;
#656 = ADVANCED_FACE ( 'NONE', ( #2119 ), #1073, .F. ) ;
#657 = DIRECTION ( 'NONE',  ( -0.000000000000000000, -1.000000000000000000, -0.000000000000000000 ) ) ;
#658 = DIRECTION ( 'NONE',  ( 0.000000000000000000, 0.000000000000000000, 1.000000000000000000 ) ) ;
#659 = EDGE_CURVE ( 'NONE', #1017, #1271, #1645, .T. ) ;
#660 = EDGE_LOOP ( 'NONE', ( #1501, #2486, #1602, #884 ) ) ;
#661 = ORIENTED_EDGE ( 'NONE', *, *, #1060, .T. ) ;
#662 = CARTESIAN_POINT ( 'NONE',  ( -25.00000000000000000, 12.00000000000000000, -25.00000000000001066 ) ) ;
#663 = CARTESIAN_POINT ( 'NONE',  ( 0.000000000000000000, 19.50000000000000000, 0.000000000000000000 ) ) ;
#664 = CARTESIAN_POINT ( 'NONE',  ( -15.99999999999999645, 20.00000000000000000, -22.50000000000000711 ) ) ;
#665 = ORIENTED_EDGE ( 'NONE', *, *, #1593, .F. ) ;
#666 = AXIS2_PLACEMENT_3D ( 'NONE', #2417, #1985, #2219 ) ;
#667 = CARTESIAN_POINT ( 'NONE',  ( 12.81644188079781443, 21.47175186058604979, -12.13702738248274393 ) ) ;
#668 = CYLINDRICAL_SURFACE ( 'NONE', #2468, 1.500000000000001332 ) ;
#669 = DIRECTION ( 'NONE',  ( -2.891205793294678819E-16, 0.000000000000000000, -1.000000000000000000 ) ) ;
#670 = DIRECTION ( 'NONE',  ( 0.000000000000000000, 1.000000000000000000, 0.000000000000000000 ) ) ;
#671 = EDGE_CURVE ( 'NONE', #1487, #742, #940, .T. ) ;
#672 = ORIENTED_EDGE ( 'NONE', *, *, #1298, .T. ) ;
#673 = ORIENTED_EDGE ( 'NONE', *, *, #2135, .T. ) ;
#674 = CYLINDRICAL_SURFACE ( 'NONE', #34, 3.000000000000002665 ) ;
#675 = FACE_OUTER_BOUND ( 'NONE', #787, .T. ) ;
#676 = AXIS2_PLACEMENT_3D ( 'NONE', #653, #1930, #57 ) ;
#677 = AXIS2_PLACEMENT_3D ( 'NONE', #2030, #1632, #773 ) ;
#678 = DIRECTION ( 'NONE',  ( 1.000000000000000000, -0.000000000000000000, 1.224646799147353207E-16 ) ) ;
#679 = EDGE_CURVE ( 'NONE', #2509, #1682, #974, .T. ) ;
#680 = CARTESIAN_POINT ( 'NONE',  ( -15.99999999999999645, 9.000000000000001776, -14.50000000000000533 ) ) ;
#681 = AXIS2_PLACEMENT_3D ( 'NONE', #1712, #1041, #835 ) ;
#682 = AXIS2_PLACEMENT_3D ( 'NONE', #537, #1751, #2205 ) ;
#683 = AXIS2_PLACEMENT_3D ( 'NONE', #484, #876, #315 ) ;
#684 = CARTESIAN_POINT ( 'NONE',  ( 16.00000000000000355, 60.45000000000000284, -14.50000000000000178 ) ) ;
#685 = VECTOR ( 'NONE', #1247, 1000.000000000000000 ) ;
#686 = FACE_OUTER_BOUND ( 'NONE', #197, .T. ) ;
#687 = AXIS2_PLACEMENT_3D ( 'NONE', #1058, #657, #880 ) ;
#688 = VECTOR ( 'NONE', #2396, 1000.000000000000000 ) ;
#689 = CYLINDRICAL_SURFACE ( 'NONE', #2647, 5.000000000000000888 ) ;
#690 = EDGE_CURVE ( 'NONE', #1890, #2256, #635, .T. ) ;
#691 = VERTEX_POINT ( 'NONE', #1458 ) ;
#692 = DIRECTION ( 'NONE',  ( 0.000000000000000000, -1.000000000000000000, 0.000000000000000000 ) ) ;
#693 = DIRECTION ( 'NONE',  ( 0.000000000000000000, 0.000000000000000000, -1.000000000000000000 ) ) ;
#694 = ORIENTED_EDGE ( 'NONE', *, *, #1792, .F. ) ;
#695 = DIRECTION ( 'NONE',  ( 1.000000000000000000, 0.000000000000000000, 0.000000000000000000 ) ) ;
#696 = DIRECTION ( 'NONE',  ( 0.000000000000000000, -0.000000000000000000, -1.000000000000000000 ) ) ;
#697 = SURFACE_STYLE_FILL_AREA ( #488 ) ;
#698 = CYLINDRICAL_SURFACE ( 'NONE', #1775, 5.000000000000000888 ) ;
#699 = EDGE_CURVE ( 'NONE', #25, #236, #2390, .T. ) ;
#700 = DIRECTION ( 'NONE',  ( 0.000000000000000000, 0.000000000000000000, -1.000000000000000000 ) ) ;
#701 = CARTESIAN_POINT ( 'NONE',  ( 24.99999999999998934, 20.00000000000000000, 30.00000000000000355 ) ) ;
#702 = CARTESIAN_POINT ( 'NONE',  ( 16.00000000000000355, 9.000000000000001776, 12.99999999999999645 ) ) ;
#703 = ORIENTED_EDGE ( 'NONE', *, *, #269, .F. ) ;
#704 = CARTESIAN_POINT ( 'NONE',  ( -25.00000000000000000, 6.000000000000000000, -23.00000000000001421 ) ) ;
#705 = FACE_OUTER_BOUND ( 'NONE', #1144, .T. ) ;
#706 = ADVANCED_FACE ( 'NONE', ( #438 ), #989, .T. ) ;
#707 = ORIENTED_EDGE ( 'NONE', *, *, #1822, .T. ) ;
#708 = CARTESIAN_POINT ( 'NONE',  ( 12.90140474705672524, 21.50000000000000000, 10.28609525294327298 ) ) ;
#709 = CARTESIAN_POINT ( 'NONE',  ( 16.00000000000000711, 9.000000000000001776, 14.49999999999999467 ) ) ;
#710 = DIRECTION ( 'NONE',  ( 0.000000000000000000, 0.000000000000000000, -1.000000000000000000 ) ) ;
#711 = CIRCLE ( 'NONE', #1847, 5.000000000000000888 ) ;
#712 = EDGE_CURVE ( 'NONE', #2395, #1449, #1267, .T. ) ;
#713 = EDGE_LOOP ( 'NONE', ( #972, #1936, #874, #1249, #1447, #1841, #767, #583, #424, #60, #1964, #983, #756, #1381, #102, #205, #2159, #2496 ) ) ;
#714 = EDGE_LOOP ( 'NONE', ( #828, #1684, #2674, #971 ) ) ;
#715 = CARTESIAN_POINT ( 'NONE',  ( -15.99999999999999645, 21.50000000000000000, -11.00000000000000711 ) ) ;
#716 = FACE_OUTER_BOUND ( 'NONE', #359, .T. ) ;
#717 = EDGE_LOOP ( 'NONE', ( #2363, #1412 ) ) ;
#718 = CARTESIAN_POINT ( 'NONE',  ( 16.00000000000000355, 9.000000000000001776, -16.00000000000000355 ) ) ;
#719 = DIRECTION ( 'NONE',  ( -1.000000000000000000, 0.000000000000000000, 0.000000000000000000 ) ) ;
#720 = EDGE_CURVE ( 'NONE', #1558, #2211, #826, .T. ) ;
#721 = AXIS2_PLACEMENT_3D ( 'NONE', #2613, #1763, #696 ) ;
#722 = DIRECTION ( 'NONE',  ( 0.000000000000000000, 0.000000000000000000, -1.000000000000000000 ) ) ;
#723 = CARTESIAN_POINT ( 'NONE',  ( -13.61646519004362688, 21.50000000000000000, -11.60468865611021805 ) ) ;
#724 = AXIS2_PLACEMENT_3D ( 'NONE', #1758, #1356, #2551 ) ;
#725 = AXIS2_PLACEMENT_3D ( 'NONE', #2306, #2323, #448 ) ;
#726 = AXIS2_PLACEMENT_3D ( 'NONE', #148, #909, #1739 ) ;
#727 = AXIS2_PLACEMENT_3D ( 'NONE', #477, #1510, #898 ) ;
#728 = DIRECTION ( 'NONE',  ( -0.000000000000000000, -1.000000000000000000, -0.000000000000000000 ) ) ;
#729 = ORIENTED_EDGE ( 'NONE', *, *, #1481, .T. ) ;
#730 = EDGE_CURVE ( 'NONE', #2405, #1652, #1735, .T. ) ;
#731 = CIRCLE ( 'NONE', #2478, 1.500000000000001332 ) ;
#732 = CARTESIAN_POINT ( 'NONE',  ( -13.61646519004362688, 21.50000000000000000, -11.60468865611021805 ) ) ;
#733 = DIRECTION ( 'NONE',  ( 0.000000000000000000, -1.000000000000000000, 0.000000000000000000 ) ) ;
#734 = ORIENTED_EDGE ( 'NONE', *, *, #2240, .T. ) ;
#735 = DIRECTION ( 'NONE',  ( -0.000000000000000000, -1.000000000000000000, -0.000000000000000000 ) ) ;
#736 = CARTESIAN_POINT ( 'NONE',  ( 0.000000000000000000, 19.50000000000000000, 0.000000000000000000 ) ) ;
#737 = ORIENTED_EDGE ( 'NONE', *, *, #2589, .T. ) ;
#738 = DIRECTION ( 'NONE',  ( 0.000000000000000000, 0.000000000000000000, -1.000000000000000000 ) ) ;
#739 = DIRECTION ( 'NONE',  ( 3.736327486719275180E-15, 0.000000000000000000, 1.000000000000000000 ) ) ;
#740 = EDGE_CURVE ( 'NONE', #194, #624, #897, .T. ) ;
#741 = CARTESIAN_POINT ( 'NONE',  ( 16.00000000000000355, 48.45000000000000284, -16.00000000000000355 ) ) ;
#742 = VERTEX_POINT ( 'NONE', #1814 ) ;
#743 = CARTESIAN_POINT ( 'NONE',  ( -11.84957790398831001, 21.48934380456386251, 13.20157871929137450 ) ) ;
#744 = ORIENTED_EDGE ( 'NONE', *, *, #1021, .T. ) ;
#745 = DIRECTION ( 'NONE',  ( 0.000000000000000000, 0.000000000000000000, 1.000000000000000000 ) ) ;
#746 = DIRECTION ( 'NONE',  ( 0.000000000000000000, 0.000000000000000000, 1.000000000000000000 ) ) ;
#747 = FACE_OUTER_BOUND ( 'NONE', #1840, .T. ) ;
#748 = CARTESIAN_POINT ( 'NONE',  ( 16.00000000000000711, 20.00000000000000000, 15.99999999999999645 ) ) ;
#749 = EDGE_CURVE ( 'NONE', #691, #1670, #1568, .T. ) ;
#750 = CARTESIAN_POINT ( 'NONE',  ( 12.81831890569337418, 21.47183425378776533, 12.13553746899821206 ) ) ;
#751 = DIRECTION ( 'NONE',  ( 0.000000000000000000, 0.000000000000000000, 1.000000000000000000 ) ) ;
#752 = DIRECTION ( 'NONE',  ( 0.000000000000000000, 0.000000000000000000, -1.000000000000000000 ) ) ;
#753 = ORIENTED_EDGE ( 'NONE', *, *, #469, .T. ) ;
#754 = ORIENTED_EDGE ( 'NONE', *, *, #1642, .T. ) ;
#755 = CARTESIAN_POINT ( 'NONE',  ( 12.48537381435034455, 19.99733571978761404, 10.70909863000001927 ) ) ;
#756 = ORIENTED_EDGE ( 'NONE', *, *, #2488, .T. ) ;
#757 = EDGE_CURVE ( 'NONE', #1626, #1870, #2450, .T. ) ;
#758 = CARTESIAN_POINT ( 'NONE',  ( -11.72016377933302067, 21.49999998761870046, -13.40352551871255926 ) ) ;
#759 = LINE ( 'NONE', #1125, #1768 ) ;
#760 = VECTOR ( 'NONE', #254, 1000.000000000000000 ) ;
#761 = AXIS2_PLACEMENT_3D ( 'NONE', #1699, #2294, #2530 ) ;
#762 = AXIS2_PLACEMENT_3D ( 'NONE', #827, #1680, #1269 ) ;
#763 = AXIS2_PLACEMENT_3D ( 'NONE', #1072, #2104, #1944 ) ;
#764 = CARTESIAN_POINT ( 'NONE',  ( -15.99999999999999645, 48.45000000000000284, -16.00000000000000711 ) ) ;
#765 = AXIS2_PLACEMENT_3D ( 'NONE', #1192, #2645, #180 ) ;
#766 = EDGE_CURVE ( 'NONE', #1927, #788, #2422, .T. ) ;
#767 = ORIENTED_EDGE ( 'NONE', *, *, #649, .T. ) ;
#768 = TOROIDAL_SURFACE ( 'NONE', #432, 6.500000000000000888, 1.500000000000000000 ) ;
#769 = ORIENTED_EDGE ( 'NONE', *, *, #2332, .F. ) ;
#770 = CARTESIAN_POINT ( 'NONE',  ( 10.28609525294328186, 20.00000000000000000, -12.90140474705672347 ) ) ;
#771 =( NAMED_UNIT ( * ) SI_UNIT ( $, .STERADIAN. ) SOLID_ANGLE_UNIT ( ) );
#772 = DIRECTION ( 'NONE',  ( 0.000000000000000000, 1.000000000000000000, 0.000000000000000000 ) ) ;
#773 = DIRECTION ( 'NONE',  ( 0.000000000000000000, 0.000000000000000000, -1.000000000000000000 ) ) ;
#774 = EDGE_CURVE ( 'NONE', #1271, #2637, #1304, .T. ) ;
#775 = DIRECTION ( 'NONE',  ( -1.000000000000000000, 0.000000000000000000, 0.000000000000000000 ) ) ;
#776 = ORIENTED_EDGE ( 'NONE', *, *, #1767, .F. ) ;
#777 = ORIENTED_EDGE ( 'NONE', *, *, #2425, .F. ) ;
#778 = DIRECTION ( 'NONE',  ( 0.000000000000000000, 0.000000000000000000, 1.000000000000000000 ) ) ;
#779 = EDGE_CURVE ( 'NONE', #385, #1387, #1693, .T. ) ;
#780 = ORIENTED_EDGE ( 'NONE', *, *, #2646, .T. ) ;
#781 = CARTESIAN_POINT ( 'NONE',  ( 10.28609525294328186, 21.50000000000000000, -12.90140474705671991 ) ) ;
#782 = DIRECTION ( 'NONE',  ( 0.000000000000000000, 1.000000000000000000, 0.000000000000000000 ) ) ;
#783 = DIRECTION ( 'NONE',  ( 0.000000000000000000, -1.000000000000000000, 0.000000000000000000 ) ) ;
#784 = ORIENTED_EDGE ( 'NONE', *, *, #740, .F. ) ;
#785 = EDGE_CURVE ( 'NONE', #439, #1179, #2090, .T. ) ;
#786 = AXIS2_PLACEMENT_3D ( 'NONE', #2545, #1261, #2297 ) ;
#787 = EDGE_LOOP ( 'NONE', ( #544, #374, #1928, #137 ) ) ;
#788 = VERTEX_POINT ( 'NONE', #2164 ) ;
#789 = FACE_OUTER_BOUND ( 'NONE', #2640, .T. ) ;
#790 = APPLICATION_PROTOCOL_DEFINITION ( 'draft international standard', 'automotive_design', 1998, #253 ) ;
#791 = VERTEX_POINT ( 'NONE', #91 ) ;
#792 = ORIENTED_EDGE ( 'NONE', *, *, #2213, .T. ) ;
#793 = FACE_OUTER_BOUND ( 'NONE', #1008, .T. ) ;
#794 = DIRECTION ( 'NONE',  ( 0.000000000000000000, 0.000000000000000000, 1.000000000000000000 ) ) ;
#795 = DIRECTION ( 'NONE',  ( -0.000000000000000000, -1.000000000000000000, -0.000000000000000000 ) ) ;
#796 = AXIS2_PLACEMENT_3D ( 'NONE', #1287, #1257, #2100 ) ;
#797 = EDGE_LOOP ( 'NONE', ( #532, #2628, #53, #286 ) ) ;
#798 = DIRECTION ( 'NONE',  ( 0.000000000000000000, 0.000000000000000000, 1.000000000000000000 ) ) ;
#799 = AXIS2_PLACEMENT_3D ( 'NONE', #72, #115, #745 ) ;
#800 = ADVANCED_FACE ( 'NONE', ( #2615 ), #1553, .F. ) ;
#801 = ORIENTED_EDGE ( 'NONE', *, *, #1132, .F. ) ;
#802 = ORIENTED_EDGE ( 'NONE', *, *, #1587, .F. ) ;
#803 = AXIS2_PLACEMENT_3D ( 'NONE', #1052, #464, #830 ) ;
#804 = AXIS2_PLACEMENT_3D ( 'NONE', #1676, #1280, #2303 ) ;
#805 = CARTESIAN_POINT ( 'NONE',  ( 29.99999999999999289, 20.00000000000000000, 30.00000000000000355 ) ) ;
#806 = AXIS2_PLACEMENT_3D ( 'NONE', #2198, #296, #322 ) ;
#807 = CIRCLE ( 'NONE', #2701, 3.000000000000002665 ) ;
#808 = CARTESIAN_POINT ( 'NONE',  ( -12.84565054447354981, 20.20701392597692347, -12.11298121602353994 ) ) ;
#809 = AXIS2_PLACEMENT_3D ( 'NONE', #1131, #2584, #1551 ) ;
#810 = CARTESIAN_POINT ( 'NONE',  ( 16.00000000000000711, 21.50000000000000000, 15.99999999999999645 ) ) ;
#811 = FACE_OUTER_BOUND ( 'NONE', #1194, .T. ) ;
#812 = EDGE_CURVE ( 'NONE', #2539, #403, #95, .T. ) ;
#813 = DIRECTION ( 'NONE',  ( 0.000000000000000000, 0.000000000000000000, -1.000000000000000000 ) ) ;
#814 = DIRECTION ( 'NONE',  ( 0.000000000000000000, 0.000000000000000000, -1.000000000000000000 ) ) ;
#815 = DIRECTION ( 'NONE',  ( 0.000000000000000000, 0.000000000000000000, -1.000000000000000000 ) ) ;
#816 = VERTEX_POINT ( 'NONE', #13 ) ;
#817 = ORIENTED_EDGE ( 'NONE', *, *, #1973, .T. ) ;
#818 = DIRECTION ( 'NONE',  ( 1.000000000000000000, 0.000000000000000000, -2.891205793294678819E-16 ) ) ;
#819 = ORIENTED_EDGE ( 'NONE', *, *, #2532, .T. ) ;
#820 = CARTESIAN_POINT ( 'NONE',  ( 13.20107001248912404, 21.48931722428001834, -11.84986859641304235 ) ) ;
#821 = EDGE_CURVE ( 'NONE', #1652, #2405, #1825, .T. ) ;
#822 = CARTESIAN_POINT ( 'NONE',  ( 16.00000000000000355, 6.000000000000000000, -13.00000000000000178 ) ) ;
#823 = DIRECTION ( 'NONE',  ( -2.891205793294678819E-16, 0.000000000000000000, -1.000000000000000000 ) ) ;
#824 = DIRECTION ( 'NONE',  ( 0.000000000000000000, 1.000000000000000000, 0.000000000000000000 ) ) ;
#825 = FACE_OUTER_BOUND ( 'NONE', #373, .T. ) ;
#826 = LINE ( 'NONE', #1678, #685 ) ;
#827 = CARTESIAN_POINT ( 'NONE',  ( 0.000000000000000000, 20.00000000000000000, 0.000000000000000000 ) ) ;
#828 = ORIENTED_EDGE ( 'NONE', *, *, #1167, .F. ) ;
#829 = ORIENTED_EDGE ( 'NONE', *, *, #2279, .F. ) ;
#830 = DIRECTION ( 'NONE',  ( 1.224646799147353454E-16, 0.000000000000000000, -1.000000000000000000 ) ) ;
#831 = ORIENTED_EDGE ( 'NONE', *, *, #740, .T. ) ;
#832 = CARTESIAN_POINT ( 'NONE',  ( 24.99999999999998934, 20.00000000000000000, -30.00000000000000000 ) ) ;
#833 = ORIENTED_EDGE ( 'NONE', *, *, #749, .F. ) ;
#834 = MANIFOLD_SOLID_BREP ( 'Cut-Extrude11', #1243 ) ;
#835 = DIRECTION ( 'NONE',  ( 0.000000000000000000, 0.000000000000000000, 1.000000000000000000 ) ) ;
#836 = CARTESIAN_POINT ( 'NONE',  ( -10.28609525294327653, 20.00000000000000000, -12.90140474705672702 ) ) ;
#837 = VERTEX_POINT ( 'NONE', #379 ) ;
#838 = ADVANCED_FACE ( 'NONE', ( #2067, #2498, #225, #2678, #577, #1918, #452, #904, #393, #1886 ), #1489, .T. ) ;
#839 = CARTESIAN_POINT ( 'NONE',  ( -25.00000000000000000, 12.00000000000000000, -27.00000000000001066 ) ) ;
#840 = DIRECTION ( 'NONE',  ( 0.000000000000000000, -1.000000000000000000, 0.000000000000000000 ) ) ;
#841 = DIRECTION ( 'NONE',  ( -0.000000000000000000, -1.000000000000000000, -0.000000000000000000 ) ) ;
#842 = DIRECTION ( 'NONE',  ( 0.000000000000000000, -1.000000000000000000, 0.000000000000000000 ) ) ;
#843 = AXIS2_PLACEMENT_3D ( 'NONE', #1325, #1977, #2623 ) ;
#844 = EDGE_LOOP ( 'NONE', ( #707, #1213 ) ) ;
#845 = ORIENTED_EDGE ( 'NONE', *, *, #1000, .T. ) ;
#846 = CARTESIAN_POINT ( 'NONE',  ( -13.61646519004364464, 21.50000000000000000, 11.60468865611019851 ) ) ;
#847 = AXIS2_PLACEMENT_3D ( 'NONE', #1488, #2508, #814 ) ;
#848 = EDGE_CURVE ( 'NONE', #249, #1221, #2699, .T. ) ;
#849 = VERTEX_POINT ( 'NONE', #1026 ) ;
#850 = CARTESIAN_POINT ( 'NONE',  ( -15.99999999999999645, 9.000000000000001776, -16.00000000000000711 ) ) ;
#851 = AXIS2_PLACEMENT_3D ( 'NONE', #422, #451, #16 ) ;
#852 = CARTESIAN_POINT ( 'NONE',  ( 12.29208662460217383, 21.46503184141916520, -12.63702060933504967 ) ) ;
#853 = DIRECTION ( 'NONE',  ( 0.000000000000000000, 0.000000000000000000, -1.000000000000000000 ) ) ;
#854 = ORIENTED_EDGE ( 'NONE', *, *, #233, .T. ) ;
#855 = CIRCLE ( 'NONE', #727, 1.500000000000001332 ) ;
#856 = CIRCLE ( 'NONE', #1207, 16.00000000000000000 ) ;
#857 = CIRCLE ( 'NONE', #2345, 1.499999999999997780 ) ;
#858 = DIRECTION ( 'NONE',  ( 0.000000000000000000, 0.000000000000000000, -1.000000000000000000 ) ) ;
#859 = CARTESIAN_POINT ( 'NONE',  ( -15.99999999999999645, 9.000000000000001776, -17.50000000000000711 ) ) ;
#860 = EDGE_CURVE ( 'NONE', #2539, #1127, #302, .T. ) ;
#861 = ORIENTED_EDGE ( 'NONE', *, *, #1792, .T. ) ;
#862 = ORIENTED_EDGE ( 'NONE', *, *, #1417, .T. ) ;
#863 = ORIENTED_EDGE ( 'NONE', *, *, #1262, .T. ) ;
#864 = CARTESIAN_POINT ( 'NONE',  ( 16.00000000000000355, 6.000000000000000000, 19.00000000000000000 ) ) ;
#865 = DIRECTION ( 'NONE',  ( 0.000000000000000000, 0.000000000000000000, -1.000000000000000000 ) ) ;
#866 = FACE_OUTER_BOUND ( 'NONE', #1881, .T. ) ;
#867 = ORIENTED_EDGE ( 'NONE', *, *, #2366, .F. ) ;
#868 = EDGE_CURVE ( 'NONE', #1774, #2676, #1780, .T. ) ;
#869 = DIRECTION ( 'NONE',  ( -0.000000000000000000, -0.000000000000000000, 1.000000000000000000 ) ) ;
#870 = DIRECTION ( 'NONE',  ( 0.000000000000000000, 1.000000000000000000, 0.000000000000000000 ) ) ;
#871 = CARTESIAN_POINT ( 'NONE',  ( 16.00000000000000355, 9.000000000000001776, -16.00000000000000355 ) ) ;
#872 = CARTESIAN_POINT ( 'NONE',  ( -30.00000000000001066, 6.000000000000000000, 30.00000000000000711 ) ) ;
#873 = VERTEX_POINT ( 'NONE', #619 ) ;
#874 = ORIENTED_EDGE ( 'NONE', *, *, #1044, .T. ) ;
#875 = EDGE_CURVE ( 'NONE', #1582, #1870, #1037, .T. ) ;
#876 = DIRECTION ( 'NONE',  ( -0.000000000000000000, -1.000000000000000000, -0.000000000000000000 ) ) ;
#877 = LINE ( 'NONE', #832, #2214 ) ;
#878 = CARTESIAN_POINT ( 'NONE',  ( -11.60468865611019851, 21.50000000000000000, 13.61646519004364464 ) ) ;
#879 = CARTESIAN_POINT ( 'NONE',  ( -12.29217164724319922, 21.46503037324193741, 12.63692958356662821 ) ) ;
#880 = DIRECTION ( 'NONE',  ( 1.601283208593975218E-15, 0.000000000000000000, 1.000000000000000000 ) ) ;
#881 = CARTESIAN_POINT ( 'NONE',  ( 16.00000000000000355, 48.45000000000000284, -16.00000000000000355 ) ) ;
#882 = ORIENTED_EDGE ( 'NONE', *, *, #579, .F. ) ;
#883 = FACE_OUTER_BOUND ( 'NONE', #2418, .T. ) ;
#884 = ORIENTED_EDGE ( 'NONE', *, *, #24, .F. ) ;
#885 = VERTEX_POINT ( 'NONE', #1839 ) ;
#886 = CARTESIAN_POINT ( 'NONE',  ( 16.00000000000000355, 48.45000000000000284, -16.00000000000000355 ) ) ;
#887 = DIRECTION ( 'NONE',  ( 0.000000000000000000, 0.000000000000000000, -1.000000000000000000 ) ) ;
#888 = CIRCLE ( 'NONE', #2651, 1.999999999999998224 ) ;
#889 = CIRCLE ( 'NONE', #2690, 1.999999999999998224 ) ;
#890 = CARTESIAN_POINT ( 'NONE',  ( -30.00000000000001066, 20.00000000000000000, 30.00000000000000711 ) ) ;
#891 = CARTESIAN_POINT ( 'NONE',  ( -10.70909863000028039, 19.99733571978761404, 12.48537381435008164 ) ) ;
#892 = CIRCLE ( 'NONE', #1567, 10.50000000000000000 ) ;
#893 = AXIS2_PLACEMENT_3D ( 'NONE', #2391, #1357, #2192 ) ;
#894 = DIRECTION ( 'NONE',  ( 1.000000000000000000, -0.000000000000000000, 1.224646799147353207E-16 ) ) ;
#895 = AXIS2_PLACEMENT_3D ( 'NONE', #937, #2167, #2644 ) ;
#896 = DIRECTION ( 'NONE',  ( 1.776356839400250465E-15, 0.000000000000000000, 1.000000000000000000 ) ) ;
#897 = CIRCLE ( 'NONE', #430, 1.999999999999998224 ) ;
#898 = DIRECTION ( 'NONE',  ( 0.000000000000000000, 0.000000000000000000, 1.000000000000000000 ) ) ;
#899 = ORIENTED_EDGE ( 'NONE', *, *, #312, .T. ) ;
#900 = AXIS2_PLACEMENT_3D ( 'NONE', #414, #2459, #1201 ) ;
#901 = EDGE_CURVE ( 'NONE', #1833, #1408, #343, .T. ) ;
#902 = AXIS2_PLACEMENT_3D ( 'NONE', #256, #211, #1082 ) ;
#903 = CARTESIAN_POINT ( 'NONE',  ( 0.000000000000000000, 11.50000000000000178, 0.000000000000000000 ) ) ;
#904 = FACE_BOUND ( 'NONE', #54, .T. ) ;
#905 = CARTESIAN_POINT ( 'NONE',  ( -12.63702060933504434, 21.46503184141916876, -12.29208662460217738 ) ) ;
#906 = DIRECTION ( 'NONE',  ( -0.000000000000000000, -1.000000000000000000, -0.000000000000000000 ) ) ;
#907 = EDGE_LOOP ( 'NONE', ( #963, #1663, #496, #2111 ) ) ;
#908 = FACE_OUTER_BOUND ( 'NONE', #1506, .T. ) ;
#909 = DIRECTION ( 'NONE',  ( -0.000000000000000000, -1.000000000000000000, -0.000000000000000000 ) ) ;
#910 = CARTESIAN_POINT ( 'NONE',  ( 0.000000000000000000, 11.00000000000000178, 15.50000000000000000 ) ) ;
#911 = ADVANCED_FACE ( 'NONE', ( #162 ), #1045, .F. ) ;
#912 = DIRECTION ( 'NONE',  ( 0.000000000000000000, 1.000000000000000000, 0.000000000000000000 ) ) ;
#913 = CARTESIAN_POINT ( 'NONE',  ( 24.99999999999998934, 20.00000000000000000, 25.00000000000000000 ) ) ;
#914 = ORIENTED_EDGE ( 'NONE', *, *, #2602, .T. ) ;
#915 = VERTEX_POINT ( 'NONE', #609 ) ;
#916 = DIRECTION ( 'NONE',  ( 0.000000000000000000, 0.000000000000000000, 1.000000000000000000 ) ) ;
#917 = CARTESIAN_POINT ( 'NONE',  ( 1.959434878635765131E-15, 11.50000000000000178, -16.00000000000000000 ) ) ;
#918 = ORIENTED_EDGE ( 'NONE', *, *, #2577, .T. ) ;
#919 = CARTESIAN_POINT ( 'NONE',  ( -25.00000000000000000, 12.00000000000000000, -25.00000000000001066 ) ) ;
#920 = DIRECTION ( 'NONE',  ( 0.000000000000000000, -0.000000000000000000, 1.000000000000000000 ) ) ;
#921 = ORIENTED_EDGE ( 'NONE', *, *, #1642, .F. ) ;
#922 = CARTESIAN_POINT ( 'NONE',  ( 0.000000000000000000, 11.00000000000000178, 0.000000000000000000 ) ) ;
#923 = CARTESIAN_POINT ( 'NONE',  ( 1.959434878635765131E-15, 19.50000000000000000, -16.00000000000000000 ) ) ;
#924 = EDGE_CURVE ( 'NONE', #837, #915, #2658, .T. ) ;
#925 = DIRECTION ( 'NONE',  ( 0.000000000000000000, 0.000000000000000000, -1.000000000000000000 ) ) ;
#926 = ORIENTED_EDGE ( 'NONE', *, *, #1470, .T. ) ;
#927 = CARTESIAN_POINT ( 'NONE',  ( 16.00000000000000355, 48.45000000000000284, -21.00000000000000355 ) ) ;
#928 = ORIENTED_EDGE ( 'NONE', *, *, #2488, .F. ) ;
#929 = FACE_OUTER_BOUND ( 'NONE', #2312, .T. ) ;
#930 = EDGE_CURVE ( 'NONE', #33, #1578, #1296, .T. ) ;
#931 = CARTESIAN_POINT ( 'NONE',  ( -25.00000000000000000, 6.000000000000000000, -25.00000000000001066 ) ) ;
#932 = DIRECTION ( 'NONE',  ( -0.000000000000000000, -1.000000000000000000, -0.000000000000000000 ) ) ;
#933 = AXIS2_PLACEMENT_3D ( 'NONE', #542, #2010, #2636 ) ;
#934 = ORIENTED_EDGE ( 'NONE', *, *, #1600, .F. ) ;
#935 = FACE_BOUND ( 'NONE', #1368, .T. ) ;
#936 = CYLINDRICAL_SURFACE ( 'NONE', #1040, 1.999999999999998224 ) ;
#937 = CARTESIAN_POINT ( 'NONE',  ( 0.000000000000000000, 11.00000000000000178, 0.000000000000000000 ) ) ;
#938 = CIRCLE ( 'NONE', #123, 1.499999999999996225 ) ;
#939 = AXIS2_PLACEMENT_3D ( 'NONE', #662, #626, #1683 ) ;
#940 = CIRCLE ( 'NONE', #1911, 3.000000000000002665 ) ;
#941 = STYLED_ITEM ( 'NONE', ( #600 ), #2556 ) ;
#942 = TOROIDAL_SURFACE ( 'NONE', #1953, 15.50000000000000000, 0.5000000000000000000 ) ;
#943 = AXIS2_PLACEMENT_3D ( 'NONE', #2248, #369, #190 ) ;
#944 = DIRECTION ( 'NONE',  ( 0.000000000000000000, -0.000000000000000000, -1.000000000000000000 ) ) ;
#945 = ORIENTED_EDGE ( 'NONE', *, *, #1806, .F. ) ;
#946 = EDGE_CURVE ( 'NONE', #2465, #1638, #2669, .T. ) ;
#947 = AXIS2_PLACEMENT_3D ( 'NONE', #781, #159, #2029 ) ;
#948 = CARTESIAN_POINT ( 'NONE',  ( 0.000000000000000000, 6.500000000000000888, -11.00000000000000178 ) ) ;
#949 = DIRECTION ( 'NONE',  ( -0.000000000000000000, -0.000000000000000000, 1.000000000000000000 ) ) ;
#950 = ORIENTED_EDGE ( 'NONE', *, *, #2165, .F. ) ;
#951 = EDGE_LOOP ( 'NONE', ( #1076, #2074, #1074, #1898 ) ) ;
#952 = DIRECTION ( 'NONE',  ( 0.000000000000000000, 0.000000000000000000, 1.000000000000000000 ) ) ;
#953 = DIRECTION ( 'NONE',  ( 0.000000000000000000, 0.000000000000000000, -1.000000000000000000 ) ) ;
#954 = EDGE_CURVE ( 'NONE', #955, #56, #1256, .T. ) ;
#955 = VERTEX_POINT ( 'NONE', #591 ) ;
#956 = CARTESIAN_POINT ( 'NONE',  ( 16.00000000000000355, 48.45000000000000284, -11.00000000000000355 ) ) ;
#957 = DIRECTION ( 'NONE',  ( 0.000000000000000000, -1.000000000000000000, 0.000000000000000000 ) ) ;
#958 = DIRECTION ( 'NONE',  ( 0.000000000000000000, 0.000000000000000000, -1.000000000000000000 ) ) ;
#959 = LINE ( 'NONE', #339, #1946 ) ;
#960 = ORIENTED_EDGE ( 'NONE', *, *, #2635, .F. ) ;
#961 = CARTESIAN_POINT ( 'NONE',  ( 11.14900545369926199, 19.99295769332926298, -12.05172238947934993 ) ) ;
#962 = EDGE_CURVE ( 'NONE', #33, #1809, #604, .T. ) ;
#963 = ORIENTED_EDGE ( 'NONE', *, *, #233, .F. ) ;
#964 = CARTESIAN_POINT ( 'NONE',  ( -30.00000000000001066, 6.000000000000000000, -29.99999999999998224 ) ) ;
#965 = CARTESIAN_POINT ( 'NONE',  ( 0.000000000000000000, 0.000000000000000000, 0.000000000000000000 ) ) ;
#966 = CARTESIAN_POINT ( 'NONE',  ( -11.16550814936593916, 19.99124714539508929, -12.03728778890581630 ) ) ;
#967 = EDGE_LOOP ( 'NONE', ( #407, #2322 ) ) ;
#968 = FACE_OUTER_BOUND ( 'NONE', #248, .T. ) ;
#969 = CARTESIAN_POINT ( 'NONE',  ( 0.000000000000000000, 20.00000000000000000, 16.50000000000000000 ) ) ;
#970 = EDGE_LOOP ( 'NONE', ( #314, #317, #4, #2158 ) ) ;
#971 = ORIENTED_EDGE ( 'NONE', *, *, #312, .F. ) ;
#972 = ORIENTED_EDGE ( 'NONE', *, *, #2120, .T. ) ;
#973 = CARTESIAN_POINT ( 'NONE',  ( -24.99999999999999645, 6.000000000000000000, 23.00000000000000000 ) ) ;
#974 = B_SPLINE_CURVE_WITH_KNOTS ( 'NONE', 3,
 ( #1733, #1339, #2449, #750, #2033, #592, #235, #1063, #1049, #622 ),
 .UNSPECIFIED., .F., .F.,
 ( 4, 2, 2, 2, 4 ),
 ( 0.000000000000000000, 0.0007176293599226630810, 0.001435258719845326162, 0.002152888079767989460, 0.002870517439690652324 ),
 .UNSPECIFIED. ) ;
#975 = ORIENTED_EDGE ( 'NONE', *, *, #1184, .T. ) ;
#976 = VERTEX_POINT ( 'NONE', #1216 ) ;
#977 = CARTESIAN_POINT ( 'NONE',  ( 11.60468865611021805, 20.00000000000000355, 13.61646519004362155 ) ) ;
#978 = ADVANCED_FACE ( 'NONE', ( #1428 ), #768, .F. ) ;
#979 = CIRCLE ( 'NONE', #2553, 1.500000000000001332 ) ;
#980 = ORIENTED_EDGE ( 'NONE', *, *, #1810, .T. ) ;
#981 = DIRECTION ( 'NONE',  ( 0.000000000000000000, 0.000000000000000000, 1.000000000000000000 ) ) ;
#982 = DIRECTION ( 'NONE',  ( 0.000000000000000000, 1.000000000000000000, 0.000000000000000000 ) ) ;
#983 = ORIENTED_EDGE ( 'NONE', *, *, #2097, .T. ) ;
#984 = AXIS2_PLACEMENT_3D ( 'NONE', #326, #1129, #1114 ) ;
#985 = DIRECTION ( 'NONE',  ( 0.4767069619912743250, 0.000000000000000000, -0.8790622687779573452 ) ) ;
#986 = AXIS2_PLACEMENT_3D ( 'NONE', #1878, #841, #2706 ) ;
#987 =( BOUNDED_SURFACE ( )  B_SPLINE_SURFACE ( 3, 2, ( 
 ( #281, #2534, #2558 ),
 ( #59, #2503, #1933 ),
 ( #257, #1526, #891 ),
 ( #472, #1713, #445 ),
 ( #879, #1098, #1941 ),
 ( #1889, #1496, #2115 ),
 ( #1106, #1070, #1291 ),
 ( #1083, #2357, #655 ),
 ( #2154, #629, #73 ),
 ( #643, #1467, #20 ) ),
 .UNSPECIFIED., .F., .F., .T. ) 
 B_SPLINE_SURFACE_WITH_KNOTS ( ( 4, 2, 2, 2, 4 ),
 ( 3, 3 ),
 ( -3.903127820947815962E-18, 0.0009328616268191055163, 0.001865723253638214936, 0.002798584880457324463, 0.003731446507276433774 ),
 ( 0.000000000000000000, 1.000000000000000000 ),
 .UNSPECIFIED. ) 
 GEOMETRIC_REPRESENTATION_ITEM ( )  RATIONAL_B_SPLINE_SURFACE ( (
 ( 1.000000000000000000, 0.7071067811865475727, 1.000000000000000000),
 ( 1.000000000000000000, 0.7271188543508522173, 1.000000000000000000),
 ( 1.000000000000000000, 0.7429605494022679668, 1.000000000000000000),
 ( 1.000000000000000000, 0.7644645327644037369, 1.000000000000000000),
 ( 1.000000000000000000, 0.7701213306521389468, 1.000000000000000000),
 ( 1.000000000000000000, 0.7701974043932952041, 1.000000000000000000),
 ( 1.000000000000000000, 0.7645472897088371189, 1.000000000000000000),
 ( 1.000000000000000000, 0.7430036583612510404, 1.000000000000000000),
 ( 1.000000000000000000, 0.7271230941869856190, 1.000000000000000000),
 ( 1.000000000000000000, 0.7071067811865481278, 1.000000000000000000) ) ) 
 REPRESENTATION_ITEM ( '' )  SURFACE ( )  );
#988 = CIRCLE ( 'NONE', #2347, 3.000000000000000888 ) ;
#989 = TOROIDAL_SURFACE ( 'NONE', #2348, 11.00000000000000178, 0.5000000000000000000 ) ;
#990 = EDGE_CURVE ( 'NONE', #1774, #15, #2286, .T. ) ;
#991 = ORIENTED_EDGE ( 'NONE', *, *, #1634, .T. ) ;
#992 = AXIS2_PLACEMENT_3D ( 'NONE', #490, #262, #1313 ) ;
#993 = AXIS2_PLACEMENT_3D ( 'NONE', #1907, #1724, #50 ) ;
#994 = ORIENTED_EDGE ( 'NONE', *, *, #579, .T. ) ;
#995 = CIRCLE ( 'NONE', #2178, 1.500000000000001332 ) ;
#996 = EDGE_LOOP ( 'NONE', ( #1795, #780, #2385, #1411 ) ) ;
#997 = CARTESIAN_POINT ( 'NONE',  ( 12.13701917602283764, 21.47175220350013092, 12.81645067846824126 ) ) ;
#998 = CARTESIAN_POINT ( 'NONE',  ( -11.37803752654139267, 19.99123702900257271, -11.82477116012373308 ) ) ;
#999 = DIRECTION ( 'NONE',  ( 0.000000000000000000, 1.000000000000000000, 0.000000000000000000 ) ) ;
#1000 = EDGE_CURVE ( 'NONE', #2054, #1065, #2046, .T. ) ;
#1001 = DIRECTION ( 'NONE',  ( -0.8790622687779574562, 0.000000000000000000, -0.4767069619912742695 ) ) ;
#1002 = EDGE_LOOP ( 'NONE', ( #2514, #2482 ) ) ;
#1003 = EDGE_LOOP ( 'NONE', ( #2064, #573, #114, #567 ) ) ;
#1004 = ORIENTED_EDGE ( 'NONE', *, *, #427, .T. ) ;
#1005 = CARTESIAN_POINT ( 'NONE',  ( 11.82936682703121001, 19.99125759335204933, 11.37341594501824815 ) ) ;
#1006 = DIRECTION ( 'NONE',  ( 0.000000000000000000, 0.000000000000000000, 1.000000000000000000 ) ) ;
#1007 = EDGE_CURVE ( 'NONE', #590, #1728, #1011, .T. ) ;
#1008 = EDGE_LOOP ( 'NONE', ( #277, #2454 ) ) ;
#1009 = DIRECTION ( 'NONE',  ( 0.000000000000000000, 0.000000000000000000, 1.000000000000000000 ) ) ;
#1010 = CYLINDRICAL_SURFACE ( 'NONE', #555, 10.50000000000000000 ) ;
#1011 = LINE ( 'NONE', #2682, #1527 ) ;
#1012 = EDGE_CURVE ( 'NONE', #1221, #1799, #2475, .T. ) ;
#1013 = VERTEX_POINT ( 'NONE', #1292 ) ;
#1014 = VERTEX_POINT ( 'NONE', #647 ) ;
#1015 = FACE_OUTER_BOUND ( 'NONE', #996, .T. ) ;
#1016 = ORIENTED_EDGE ( 'NONE', *, *, #409, .F. ) ;
#1017 = VERTEX_POINT ( 'NONE', #1923 ) ;
#1018 = CARTESIAN_POINT ( 'NONE',  ( 12.84565054447354626, 20.20701392597692703, 12.11298121602353817 ) ) ;
#1019 = FILL_AREA_STYLE ('',( #2691 ) ) ;
#1020 = EDGE_LOOP ( 'NONE', ( #2583, #1219, #2149, #1102 ) ) ;
#1021 = EDGE_CURVE ( 'NONE', #2340, #156, #1312, .T. ) ;
#1022 = AXIS2_PLACEMENT_3D ( 'NONE', #2339, #2316, #244 ) ;
#1023 = CARTESIAN_POINT ( 'NONE',  ( -13.20156138042836247, 21.48934287562362755, -11.84958725132948665 ) ) ;
#1024 = CARTESIAN_POINT ( 'NONE',  ( -15.99999999999999645, 48.45000000000000284, 15.99999999999999645 ) ) ;
#1025 = EDGE_LOOP ( 'NONE', ( #1783, #2234 ) ) ;
#1026 = CARTESIAN_POINT ( 'NONE',  ( -30.00000000000001066, 20.00000000000000000, -29.99999999999998224 ) ) ;
#1027 = CARTESIAN_POINT ( 'NONE',  ( 11.82477116012380947, 19.99123702900252653, -11.37803752654093259 ) ) ;
#1028 = CIRCLE ( 'NONE', #1386, 1.500000000000001332 ) ;
#1029 = ORIENTED_EDGE ( 'NONE', *, *, #946, .F. ) ;
#1030 = EDGE_CURVE ( 'NONE', #1221, #249, #2524, .T. ) ;
#1031 = TOROIDAL_SURFACE ( 'NONE', #1513, 6.500000000000000888, 1.500000000000000000 ) ;
#1032 = CARTESIAN_POINT ( 'NONE',  ( 0.000000000000000000, 20.00000000000000000, 0.000000000000000000 ) ) ;
#1033 = AXIS2_PLACEMENT_3D ( 'NONE', #718, #1984, #1851 ) ;
#1034 = ORIENTED_EDGE ( 'NONE', *, *, #1101, .F. ) ;
#1035 = ORIENTED_EDGE ( 'NONE', *, *, #2112, .T. ) ;
#1036 = AXIS2_PLACEMENT_3D ( 'NONE', #1560, #2389, #521 ) ;
#1037 = CIRCLE ( 'NONE', #1124, 5.000000000000000888 ) ;
#1038 = CARTESIAN_POINT ( 'NONE',  ( 29.99999999999999289, 20.00000000000000000, -30.00000000000000000 ) ) ;
#1039 = ORIENTED_EDGE ( 'NONE', *, *, #80, .F. ) ;
#1040 = AXIS2_PLACEMENT_3D ( 'NONE', #2620, #1123, #738 ) ;
#1041 = DIRECTION ( 'NONE',  ( 0.000000000000000000, 1.000000000000000000, 0.000000000000000000 ) ) ;
#1042 = CIRCLE ( 'NONE', #1260, 0.5000000000000004441 ) ;
#1043 = FACE_OUTER_BOUND ( 'NONE', #1955, .T. ) ;
#1044 = EDGE_CURVE ( 'NONE', #1578, #2051, #2352, .T. ) ;
#1045 = CYLINDRICAL_SURFACE ( 'NONE', #645, 1.999999999999998224 ) ;
#1046 = CARTESIAN_POINT ( 'NONE',  ( 12.90140474705671458, 20.00000000000000000, -10.28609525294328719 ) ) ;
#1047 = EDGE_CURVE ( 'NONE', #1937, #1401, #245, .T. ) ;
#1048 = DIRECTION ( 'NONE',  ( 0.000000000000000000, 0.000000000000000000, -1.000000000000000000 ) ) ;
#1049 = CARTESIAN_POINT ( 'NONE',  ( 11.72020568012536579, 21.50000000000000000, 13.40344825236548765 ) ) ;
#1050 = EDGE_LOOP ( 'NONE', ( #817, #304 ) ) ;
#1051 = ORIENTED_EDGE ( 'NONE', *, *, #1470, .F. ) ;
#1052 = CARTESIAN_POINT ( 'NONE',  ( 1.347111479062088602E-15, 10.50000000000000000, -11.00000000000000178 ) ) ;
#1053 = ORIENTED_EDGE ( 'NONE', *, *, #1760, .F. ) ;
#1054 = EDGE_CURVE ( 'NONE', #837, #1299, #2359, .T. ) ;
#1055 = DIRECTION ( 'NONE',  ( -0.000000000000000000, -1.000000000000000000, -0.000000000000000000 ) ) ;
#1056 = FACE_OUTER_BOUND ( 'NONE', #2543, .T. ) ;
#1057 = CARTESIAN_POINT ( 'NONE',  ( 2.020667218593133100E-15, 19.50000000000000000, -16.50000000000000000 ) ) ;
#1058 = CARTESIAN_POINT ( 'NONE',  ( -15.99999999999999645, 20.00000000000000000, 15.99999999999999645 ) ) ;
#1059 = CARTESIAN_POINT ( 'NONE',  ( 24.99999999999998934, 6.000000000000000000, -24.99999999999999645 ) ) ;
#1060 = EDGE_CURVE ( 'NONE', #1250, #1746, #1479, .T. ) ;
#1061 = B_SPLINE_CURVE_WITH_KNOTS ( 'NONE', 3,
 ( #435, #2276, #743, #2414, #1662, #545, #2212, #402, #154, #218 ),
 .UNSPECIFIED., .F., .F.,
 ( 4, 2, 2, 2, 4 ),
 ( 0.000000000000000000, 0.0007176293599226732725, 0.001435258719845346545, 0.002152888079768019818, 0.002870517439690693090 ),
 .UNSPECIFIED. ) ;
#1062 = DIRECTION ( 'NONE',  ( 0.000000000000000000, 1.000000000000000000, 0.000000000000000000 ) ) ;
#1063 = CARTESIAN_POINT ( 'NONE',  ( 11.84986859641304235, 21.48931722428000768, 13.20107001248912049 ) ) ;
#1064 = ORIENTED_EDGE ( 'NONE', *, *, #122, .F. ) ;
#1065 = VERTEX_POINT ( 'NONE', #2319 ) ;
#1066 = CARTESIAN_POINT ( 'NONE',  ( -15.99999999999999645, 60.45000000000000284, -16.00000000000000711 ) ) ;
#1067 = PRESENTATION_STYLE_ASSIGNMENT (( #1254 ) ) ;
#1068 = DIRECTION ( 'NONE',  ( 0.000000000000000000, -1.000000000000000000, 0.000000000000000000 ) ) ;
#1069 = DIRECTION ( 'NONE',  ( 0.000000000000000000, 0.000000000000000000, -1.000000000000000000 ) ) ;
#1070 = CARTESIAN_POINT ( 'NONE',  ( -12.84379476615725402, 20.20726148134371059, 12.11443138184590396 ) ) ;
#1071 = PLANE ( 'NONE',  #1866 ) ;
#1072 = CARTESIAN_POINT ( 'NONE',  ( 16.00000000000000711, 21.50000000000000000, 15.99999999999999645 ) ) ;
#1073 = CYLINDRICAL_SURFACE ( 'NONE', #2472, 1.999999999999998224 ) ;
#1074 = ORIENTED_EDGE ( 'NONE', *, *, #1738, .T. ) ;
#1075 = ADVANCED_FACE ( 'NONE', ( #282 ), #1071, .T. ) ;
#1076 = ORIENTED_EDGE ( 'NONE', *, *, #1403, .F. ) ;
#1077 = EDGE_LOOP ( 'NONE', ( #209, #1913, #994, #2586 ) ) ;
#1078 = DIRECTION ( 'NONE',  ( 0.000000000000000000, 0.000000000000000000, -1.000000000000000000 ) ) ;
#1079 = CIRCLE ( 'NONE', #2086, 1.499999999999999556 ) ;
#1080 = CIRCLE ( 'NONE', #1165, 1.999999999999998224 ) ;
#1081 = COLOUR_RGB ( '',0.2509803921568627416, 0.2509803921568627416, 0.2509803921568627416 ) ;
#1082 = DIRECTION ( 'NONE',  ( 0.000000000000000000, 0.000000000000000000, -1.000000000000000000 ) ) ;
#1083 = CARTESIAN_POINT ( 'NONE',  ( -13.20110504389528572, 21.48931888297824599, 11.84984408079258955 ) ) ;
#1084 = CIRCLE ( 'NONE', #2393, 1.999999999999998224 ) ;
#1085 = CIRCLE ( 'NONE', #2568, 5.000000000000000888 ) ;
#1086 = CIRCLE ( 'NONE', #383, 1.500000000000001332 ) ;
#1087 = CARTESIAN_POINT ( 'NONE',  ( 16.00000000000000355, 6.000000000000000000, 15.99999999999999645 ) ) ;
#1088 = DIRECTION ( 'NONE',  ( 0.000000000000000000, 1.000000000000000000, 0.000000000000000000 ) ) ;
#1089 = DIRECTION ( 'NONE',  ( -0.000000000000000000, -1.000000000000000000, -0.000000000000000000 ) ) ;
#1090 = CIRCLE ( 'NONE', #2527, 0.5000000000000004441 ) ;
#1091 = ADVANCED_FACE ( 'NONE', ( #489, #1099 ), #1934, .T. ) ;
#1092 = ORIENTED_EDGE ( 'NONE', *, *, #2673, .T. ) ;
#1093 = ORIENTED_EDGE ( 'NONE', *, *, #2255, .T. ) ;
#1094 = CARTESIAN_POINT ( 'NONE',  ( 0.000000000000000000, 11.00000000000000178, 0.000000000000000000 ) ) ;
#1095 = SURFACE_SIDE_STYLE ('',( #697 ) ) ;
#1096 = CARTESIAN_POINT ( 'NONE',  ( -15.99999999999999645, 9.000000000000001776, -16.00000000000000711 ) ) ;
#1097 = CARTESIAN_POINT ( 'NONE',  ( 25.00000000000000000, 6.000000000000000000, -27.00000000000000355 ) ) ;
#1098 = CARTESIAN_POINT ( 'NONE',  ( -12.28077990432983313, 20.22257091067412915, 12.64834368213993265 ) ) ;
#1099 = FACE_BOUND ( 'NONE', #717, .T. ) ;
#1100 = CARTESIAN_POINT ( 'NONE',  ( -30.00000000000001066, 6.000000000000000000, -29.99999999999998224 ) ) ;
#1101 = EDGE_CURVE ( 'NONE', #1414, #2595, #84, .T. ) ;
#1102 = ORIENTED_EDGE ( 'NONE', *, *, #1581, .F. ) ;
#1103 = ORIENTED_EDGE ( 'NONE', *, *, #2120, .F. ) ;
#1104 = CARTESIAN_POINT ( 'NONE',  ( 11.60468865611021805, 21.50000000000000000, -13.61646519004362865 ) ) ;
#1105 = CARTESIAN_POINT ( 'NONE',  ( -15.99999999999999645, 21.50000000000000000, -21.00000000000000711 ) ) ;
#1106 = CARTESIAN_POINT ( 'NONE',  ( -12.81645067846816488, 21.47175220350013092, 12.13701917602288560 ) ) ;
#1107 = ORIENTED_EDGE ( 'NONE', *, *, #1738, .F. ) ;
#1108 = EDGE_CURVE ( 'NONE', #1408, #1833, #1126, .T. ) ;
#1109 = LINE ( 'NONE', #458, #2435 ) ;
#1110 = DIRECTION ( 'NONE',  ( 0.000000000000000000, -1.000000000000000000, 0.000000000000000000 ) ) ;
#1111 = PLANE ( 'NONE',  #468 ) ;
#1112 = EDGE_LOOP ( 'NONE', ( #352, #862, #187, #2242 ) ) ;
#1113 = DIRECTION ( 'NONE',  ( -0.000000000000000000, -1.000000000000000000, -0.000000000000000000 ) ) ;
#1114 = DIRECTION ( 'NONE',  ( 0.000000000000000000, 0.000000000000000000, 1.000000000000000000 ) ) ;
#1115 = CIRCLE ( 'NONE', #984, 5.000000000000000888 ) ;
#1116 = ADVANCED_FACE ( 'NONE', ( #2535 ), #2155, .F. ) ;
#1117 = EDGE_LOOP ( 'NONE', ( #440, #2675, #2271, #2705 ) ) ;
#1118 = DIRECTION ( 'NONE',  ( 0.000000000000000000, 1.000000000000000000, 0.000000000000000000 ) ) ;
#1119 = VECTOR ( 'NONE', #1285, 1000.000000000000000 ) ;
#1120 = AXIS2_PLACEMENT_3D ( 'NONE', #220, #234, #1048 ) ;
#1121 = AXIS2_PLACEMENT_3D ( 'NONE', #948, #1590, #1861 ) ;
#1122 = DIRECTION ( 'NONE',  ( -0.000000000000000000, -1.000000000000000000, -0.000000000000000000 ) ) ;
#1123 = DIRECTION ( 'NONE',  ( -0.000000000000000000, -1.000000000000000000, -0.000000000000000000 ) ) ;
#1124 = AXIS2_PLACEMENT_3D ( 'NONE', #2071, #571, #582 ) ;
#1125 = CARTESIAN_POINT ( 'NONE',  ( 1.959434878635765131E-15, 11.00000000000000178, -16.00000000000000000 ) ) ;
#1126 = CIRCLE ( 'NONE', #2182, 3.000000000000000888 ) ;
#1127 = VERTEX_POINT ( 'NONE', #2546 ) ;
#1128 = CARTESIAN_POINT ( 'NONE',  ( -15.99999999999999645, 48.45000000000000284, 10.99999999999999645 ) ) ;
#1129 = DIRECTION ( 'NONE',  ( 0.000000000000000000, 1.000000000000000000, 0.000000000000000000 ) ) ;
#1130 = ORIENTED_EDGE ( 'NONE', *, *, #774, .T. ) ;
#1131 = CARTESIAN_POINT ( 'NONE',  ( 29.99999999999999289, 20.00000000000000000, 30.00000000000000355 ) ) ;
#1132 = EDGE_CURVE ( 'NONE', #183, #1204, #1829, .T. ) ;
#1133 = CARTESIAN_POINT ( 'NONE',  ( 16.00000000000000711, 48.45000000000000284, 15.99999999999999645 ) ) ;
#1134 = ORIENTED_EDGE ( 'NONE', *, *, #89, .F. ) ;
#1135 = DIRECTION ( 'NONE',  ( 0.000000000000000000, 0.000000000000000000, -1.000000000000000000 ) ) ;
#1136 = FACE_OUTER_BOUND ( 'NONE', #1255, .T. ) ;
#1137 = DIRECTION ( 'NONE',  ( 0.000000000000000000, -1.000000000000000000, 0.000000000000000000 ) ) ;
#1138 = EDGE_CURVE ( 'NONE', #184, #788, #1109, .T. ) ;
#1139 = EDGE_LOOP ( 'NONE', ( #661, #899 ) ) ;
#1140 = DIRECTION ( 'NONE',  ( 0.000000000000000000, 1.000000000000000000, 0.000000000000000000 ) ) ;
#1141 = DIRECTION ( 'NONE',  ( 0.000000000000000000, 0.000000000000000000, -1.000000000000000000 ) ) ;
#1142 = ORIENTED_EDGE ( 'NONE', *, *, #71, .F. ) ;
#1143 = DIRECTION ( 'NONE',  ( -0.000000000000000000, -0.000000000000000000, 1.000000000000000000 ) ) ;
#1144 = EDGE_LOOP ( 'NONE', ( #737, #2639, #1212, #1603 ) ) ;
#1145 = EDGE_CURVE ( 'NONE', #1374, #2380, #856, .T. ) ;
#1146 = ORIENTED_EDGE ( 'NONE', *, *, #1145, .F. ) ;
#1147 = CARTESIAN_POINT ( 'NONE',  ( 25.00000000000000000, 6.000000000000000000, 24.99999999999999645 ) ) ;
#1148 = FACE_OUTER_BOUND ( 'NONE', #1077, .T. ) ;
#1149 = DIRECTION ( 'NONE',  ( 0.000000000000000000, -1.000000000000000000, 0.000000000000000000 ) ) ;
#1150 = EDGE_LOOP ( 'NONE', ( #2624, #1791, #1807, #980 ) ) ;
#1151 = ORIENTED_EDGE ( 'NONE', *, *, #1403, .T. ) ;
#1152 = LINE ( 'NONE', #1579, #2084 ) ;
#1153 = DIRECTION ( 'NONE',  ( 0.000000000000000000, 0.000000000000000000, 1.000000000000000000 ) ) ;
#1154 = EDGE_CURVE ( 'NONE', #1461, #1578, #1613, .T. ) ;
#1155 = ORIENTED_EDGE ( 'NONE', *, *, #2066, .F. ) ;
#1156 = AXIS2_PLACEMENT_3D ( 'NONE', #748, #94, #739 ) ;
#1157 = CARTESIAN_POINT ( 'NONE',  ( 0.000000000000000000, 20.00000000000000000, 0.000000000000000000 ) ) ;
#1158 = CARTESIAN_POINT ( 'NONE',  ( 25.00000000000000000, 6.000000000000000000, -25.00000000000000355 ) ) ;
#1159 = CARTESIAN_POINT ( 'NONE',  ( 16.00000000000000355, 48.45000000000000284, -21.00000000000000355 ) ) ;
#1160 = AXIS2_PLACEMENT_3D ( 'NONE', #29, #270, #2141 ) ;
#1161 = CARTESIAN_POINT ( 'NONE',  ( -15.99999999999999645, 48.45000000000000284, -16.00000000000000711 ) ) ;
#1162 = CARTESIAN_POINT ( 'NONE',  ( 16.00000000000000355, 60.45000000000000284, -16.00000000000000355 ) ) ;
#1163 = DIRECTION ( 'NONE',  ( 0.000000000000000000, 0.000000000000000000, -1.000000000000000000 ) ) ;
#1164 = AXIS2_PLACEMENT_3D ( 'NONE', #1189, #1442, #981 ) ;
#1165 = AXIS2_PLACEMENT_3D ( 'NONE', #1669, #1338, #1965 ) ;
#1166 = AXIS2_PLACEMENT_3D ( 'NONE', #2107, #842, #1281 ) ;
#1167 = EDGE_CURVE ( 'NONE', #1480, #1746, #1509, .T. ) ;
#1168 = VECTOR ( 'NONE', #1892, 1000.000000000000000 ) ;
#1169 = DIRECTION ( 'NONE',  ( -0.000000000000000000, -1.000000000000000000, -0.000000000000000000 ) ) ;
#1170 = LINE ( 'NONE', #141, #2130 ) ;
#1171 = ORIENTED_EDGE ( 'NONE', *, *, #1499, .T. ) ;
#1172 = VECTOR ( 'NONE', #509, 1000.000000000000000 ) ;
#1173 = CARTESIAN_POINT ( 'NONE',  ( 10.70909863000003170, 19.99733571978758562, -12.48537381435007276 ) ) ;
#1174 = VERTEX_POINT ( 'NONE', #1468 ) ;
#1175 = DIRECTION ( 'NONE',  ( 0.000000000000000000, 1.000000000000000000, 0.000000000000000000 ) ) ;
#1176 = CIRCLE ( 'NONE', #1832, 1.999999999999998224 ) ;
#1177 = CARTESIAN_POINT ( 'NONE',  ( 16.00000000000000711, 9.000000000000001776, 17.49999999999999645 ) ) ;
#1178 = CARTESIAN_POINT ( 'NONE',  ( -15.99999999999999645, 6.000000000000000000, -16.00000000000000711 ) ) ;
#1179 = VERTEX_POINT ( 'NONE', #1263 ) ;
#1180 = CARTESIAN_POINT ( 'NONE',  ( 16.00000000000000711, 48.45000000000000284, 10.99999999999999645 ) ) ;
#1181 = DIRECTION ( 'NONE',  ( -0.000000000000000000, -1.000000000000000000, -0.000000000000000000 ) ) ;
#1182 = DIRECTION ( 'NONE',  ( 0.000000000000000000, -0.000000000000000000, -1.000000000000000000 ) ) ;
#1183 =( BOUNDED_SURFACE ( )  B_SPLINE_SURFACE ( 3, 2, ( 
 ( #1104, #1731, #2160 ),
 ( #1793, #1805, #2625 ),
 ( #610, #1816, #1173 ),
 ( #1876, #632, #961 ),
 ( #201, #9, #620 ),
 ( #1380, #342, #1027 ),
 ( #1445, #1185, #1456 ),
 ( #2287, #2230, #1675 ),
 ( #2638, #2703, #2022 ),
 ( #2423, #2013, #1046 ) ),
 .UNSPECIFIED., .F., .F., .T. ) 
 B_SPLINE_SURFACE_WITH_KNOTS ( ( 4, 2, 2, 2, 4 ),
 ( 3, 3 ),
 ( -5.421010862427522170E-18, 0.0009328616268190886027, 0.001865723253638182626, 0.002798584880457276325, 0.003731446507276370457 ),
 ( 0.000000000000000000, 1.000000000000000000 ),
 .UNSPECIFIED. ) 
 GEOMETRIC_REPRESENTATION_ITEM ( )  RATIONAL_B_SPLINE_SURFACE ( (
 ( 1.000000000000000000, 0.7071067811865481278, 1.000000000000000000),
 ( 1.000000000000000000, 0.7271188543508105839, 1.000000000000000000),
 ( 1.000000000000000000, 0.7429605494023197032, 1.000000000000000000),
 ( 1.000000000000000000, 0.7644645327643515564, 1.000000000000000000),
 ( 1.000000000000000000, 0.7701213306522066704, 1.000000000000000000),
 ( 1.000000000000000000, 0.7701974043932237057, 1.000000000000000000),
 ( 1.000000000000000000, 0.7645472897089754527, 1.000000000000000000),
 ( 1.000000000000000000, 0.7430036583611124845, 1.000000000000000000),
 ( 1.000000000000000000, 0.7271230941870890918, 1.000000000000000000),
 ( 1.000000000000000000, 0.7071067811865481278, 1.000000000000000000) ) ) 
 REPRESENTATION_ITEM ( '' )  SURFACE ( )  );
#1184 = EDGE_CURVE ( 'NONE', #118, #1188, #995, .T. ) ;
#1185 = CARTESIAN_POINT ( 'NONE',  ( 12.84379476615675664, 20.20726148134317768, -12.11443138184535329 ) ) ;
#1186 = ORIENTED_EDGE ( 'NONE', *, *, #2279, .T. ) ;
#1187 = ORIENTED_EDGE ( 'NONE', *, *, #1409, .T. ) ;
#1188 = VERTEX_POINT ( 'NONE', #1786 ) ;
#1189 = CARTESIAN_POINT ( 'NONE',  ( 16.00000000000000355, 21.50000000000000000, -16.00000000000000355 ) ) ;
#1190 = EDGE_CURVE ( 'NONE', #2539, #1014, #1351, .T. ) ;
#1191 = CARTESIAN_POINT ( 'NONE',  ( 16.00000000000000711, 21.50000000000000000, 15.99999999999999645 ) ) ;
#1192 = CARTESIAN_POINT ( 'NONE',  ( 16.00000000000000355, 21.50000000000000000, -22.50000000000000711 ) ) ;
#1193 = ORIENTED_EDGE ( 'NONE', *, *, #1268, .F. ) ;
#1194 = EDGE_LOOP ( 'NONE', ( #267, #1187, #364, #1555 ) ) ;
#1195 = CARTESIAN_POINT ( 'NONE',  ( 11.82425838070419566, 20.13850002488086233, 13.23837095858013946 ) ) ;
#1196 = EDGE_CURVE ( 'NONE', #1013, #1502, #171, .T. ) ;
#1197 = EDGE_LOOP ( 'NONE', ( #1410, #202, #390, #1064 ) ) ;
#1198 = CARTESIAN_POINT ( 'NONE',  ( -11.82425838070336255, 20.13850002488140589, -13.23837095858042368 ) ) ;
#1199 = CARTESIAN_POINT ( 'NONE',  ( 16.00000000000000355, 9.000000000000001776, 15.99999999999999645 ) ) ;
#1200 = VECTOR ( 'NONE', #1790, 1000.000000000000000 ) ;
#1201 = DIRECTION ( 'NONE',  ( -0.4767069619912691625, 0.000000000000000000, 0.8790622687779600097 ) ) ;
#1202 = VECTOR ( 'NONE', #1169, 1000.000000000000000 ) ;
#1203 = DIRECTION ( 'NONE',  ( 1.000000000000000000, 0.000000000000000000, 0.000000000000000000 ) ) ;
#1204 = VERTEX_POINT ( 'NONE', #1743 ) ;
#1205 = ADVANCED_FACE ( 'NONE', ( #2600 ), #41, .F. ) ;
#1206 = VECTOR ( 'NONE', #1689, 1000.000000000000000 ) ;
#1207 = AXIS2_PLACEMENT_3D ( 'NONE', #1943, #824, #434 ) ;
#1208 = ORIENTED_EDGE ( 'NONE', *, *, #1973, .F. ) ;
#1209 = CIRCLE ( 'NONE', #1528, 10.50000000000000000 ) ;
#1210 = ORIENTED_EDGE ( 'NONE', *, *, #353, .T. ) ;
#1211 = CARTESIAN_POINT ( 'NONE',  ( 11.70047059076327933, 20.08264135920446236, 13.43984034320696352 ) ) ;
#1212 = ORIENTED_EDGE ( 'NONE', *, *, #1060, .F. ) ;
#1213 = ORIENTED_EDGE ( 'NONE', *, *, #287, .T. ) ;
#1214 = EDGE_CURVE ( 'NONE', #87, #2314, #807, .T. ) ;
#1215 = CARTESIAN_POINT ( 'NONE',  ( -15.99999999999999645, 20.00000000000000000, -9.500000000000007105 ) ) ;
#1216 = CARTESIAN_POINT ( 'NONE',  ( -15.99999999999999645, 48.45000000000000284, 10.99999999999999645 ) ) ;
#1217 = EDGE_CURVE ( 'NONE', #915, #837, #1574, .T. ) ;
#1218 = ORIENTED_EDGE ( 'NONE', *, *, #473, .T. ) ;
#1219 = ORIENTED_EDGE ( 'NONE', *, *, #1760, .T. ) ;
#1220 = CARTESIAN_POINT ( 'NONE',  ( 10.70955808024620382, 19.99732972163008782, 12.48492482685596450 ) ) ;
#1221 = VERTEX_POINT ( 'NONE', #528 ) ;
#1222 = ORIENTED_EDGE ( 'NONE', *, *, #1375, .T. ) ;
#1223 = CARTESIAN_POINT ( 'NONE',  ( 11.60468865611021627, 21.50000000000000000, -13.61646519004363221 ) ) ;
#1224 = VERTEX_POINT ( 'NONE', #1364 ) ;
#1225 = DIRECTION ( 'NONE',  ( -0.000000000000000000, -1.000000000000000000, -0.000000000000000000 ) ) ;
#1226 = DIRECTION ( 'NONE',  ( -0.000000000000000000, -1.000000000000000000, -0.000000000000000000 ) ) ;
#1227 = ADVANCED_FACE ( 'NONE', ( #1573 ), #381, .T. ) ;
#1228 = DIRECTION ( 'NONE',  ( -2.891205793294678819E-16, 0.000000000000000000, -1.000000000000000000 ) ) ;
#1229 = CARTESIAN_POINT ( 'NONE',  ( -15.99999999999999645, 21.50000000000000000, -16.00000000000000711 ) ) ;
#1230 = ORIENTED_EDGE ( 'NONE', *, *, #616, .F. ) ;
#1231 = CYLINDRICAL_SURFACE ( 'NONE', #986, 3.000000000000002665 ) ;
#1232 = CARTESIAN_POINT ( 'NONE',  ( -10.72494507894845306, 19.99999999999999645, -12.46845882960578678 ) ) ;
#1233 = VERTEX_POINT ( 'NONE', #956 ) ;
#1234 = ORIENTED_EDGE ( 'NONE', *, *, #1101, .T. ) ;
#1235 = FACE_BOUND ( 'NONE', #585, .T. ) ;
#1236 = EDGE_CURVE ( 'NONE', #1065, #1728, #1915, .T. ) ;
#1237 = APPLICATION_PROTOCOL_DEFINITION ( 'draft international standard', 'automotive_design', 1998, #2168 ) ;
#1238 = EDGE_LOOP ( 'NONE', ( #2479, #1460, #1475, #777 ) ) ;
#1239 = CARTESIAN_POINT ( 'NONE',  ( 10.28609525294328719, 20.00000000000000000, 12.90140474705671636 ) ) ;
#1240 = FACE_OUTER_BOUND ( 'NONE', #574, .T. ) ;
#1241 = CARTESIAN_POINT ( 'NONE',  ( -10.28609525294327653, 21.50000000000000000, -12.90140474705672702 ) ) ;
#1242 = DIRECTION ( 'NONE',  ( -1.000000000000000000, 0.000000000000000000, 0.000000000000000000 ) ) ;
#1243 = CLOSED_SHELL ( 'NONE', ( #2009, #1512, #2200, #1463, #347, #911, #5, #1227, #2372, #1679, #1726, #1353, #1420, #2400, #978, #1205, #491, #550, #2477, #1116, #1931, #1446, #2338, #70, #203, #2073, #1657, #1717, #2564, #2452, #334, #143, #1279, #327, #400, #1831, #1317, #1619, #1671, #1857, #1570, #2419, #511, #2663, #182, #838, #2285, #633, #416, #2679, #1623, #1337, #18, #2411, #2091, #113, #589, #2484, #584, #1290, #1091, #2683, #1332, #2513, #543, #1664, #2460, #2001, #196, #1310, #2437, #706, #2492, #800, #572, #1714, #1531, #1245, #2642, #656, #39, #61, #2288, #2552, #1075, #215, #1906 ) ) ;
#1244 = AXIS2_PLACEMENT_3D ( 'NONE', #1443, #1673, #189 ) ;
#1245 = ADVANCED_FACE ( 'NONE', ( #2398 ), #936, .F. ) ;
#1246 = DIRECTION ( 'NONE',  ( 0.000000000000000000, 1.000000000000000000, 0.000000000000000000 ) ) ;
#1247 = DIRECTION ( 'NONE',  ( -1.000000000000000000, -0.000000000000000000, 5.782411586589357392E-17 ) ) ;
#1248 = TOROIDAL_SURFACE ( 'NONE', #1692, 6.500000000000000888, 1.500000000000000000 ) ;
#1249 = ORIENTED_EDGE ( 'NONE', *, *, #453, .T. ) ;
#1250 = VERTEX_POINT ( 'NONE', #1542 ) ;
#1251 = AXIS2_PLACEMENT_3D ( 'NONE', #63, #2118, #37 ) ;
#1252 = AXIS2_PLACEMENT_3D ( 'NONE', #1566, #2575, #1540 ) ;
#1253 = CARTESIAN_POINT ( 'NONE',  ( -24.99999999999999645, 12.00000000000000000, 26.99999999999999645 ) ) ;
#1254 = SURFACE_STYLE_USAGE ( .BOTH. , #1095 ) ;
#1255 = EDGE_LOOP ( 'NONE', ( #776, #2282, #594, #132, #1804, #1885 ) ) ;
#1256 = CIRCLE ( 'NONE', #563, 3.000000000000000888 ) ;
#1257 = DIRECTION ( 'NONE',  ( 0.000000000000000000, -1.000000000000000000, 0.000000000000000000 ) ) ;
#1258 = ORIENTED_EDGE ( 'NONE', *, *, #1868, .F. ) ;
#1259 = DIRECTION ( 'NONE',  ( 0.000000000000000000, 0.000000000000000000, 1.000000000000000000 ) ) ;
#1260 = AXIS2_PLACEMENT_3D ( 'NONE', #1887, #678, #2337 ) ;
#1261 = DIRECTION ( 'NONE',  ( -0.000000000000000000, 1.000000000000000000, -0.000000000000000000 ) ) ;
#1262 = EDGE_CURVE ( 'NONE', #2676, #2061, #2578, .T. ) ;
#1263 = CARTESIAN_POINT ( 'NONE',  ( 1.928818708657081344E-15, 11.00000000000000178, -15.50000000000000000 ) ) ;
#1264 = CARTESIAN_POINT ( 'NONE',  ( 0.000000000000000000, 6.500000000000000888, 0.000000000000000000 ) ) ;
#1265 = ORIENTED_EDGE ( 'NONE', *, *, #1262, .F. ) ;
#1266 = CARTESIAN_POINT ( 'NONE',  ( -15.99999999999999645, 21.50000000000000000, 15.99999999999999645 ) ) ;
#1267 = LINE ( 'NONE', #2106, #2260 ) ;
#1268 = EDGE_CURVE ( 'NONE', #118, #1174, #1085, .T. ) ;
#1269 = DIRECTION ( 'NONE',  ( 0.000000000000000000, 0.000000000000000000, 1.000000000000000000 ) ) ;
#1270 = ORIENTED_EDGE ( 'NONE', *, *, #173, .F. ) ;
#1271 = VERTEX_POINT ( 'NONE', #709 ) ;
#1272 = CARTESIAN_POINT ( 'NONE',  ( 25.00000000000000000, 12.00000000000000000, -25.00000000000000355 ) ) ;
#1273 = VERTEX_POINT ( 'NONE', #76 ) ;
#1274 = ORIENTED_EDGE ( 'NONE', *, *, #659, .T. ) ;
#1275 = DIRECTION ( 'NONE',  ( 0.000000000000000000, 0.000000000000000000, 1.000000000000000000 ) ) ;
#1276 = CARTESIAN_POINT ( 'NONE',  ( -25.99999999999991473, 15.49653895724248365, 16.00000000000000000 ) ) ;
#1277 = DIRECTION ( 'NONE',  ( 0.000000000000000000, -0.000000000000000000, -1.000000000000000000 ) ) ;
#1278 = CARTESIAN_POINT ( 'NONE',  ( 16.00000000000000355, 9.000000000000001776, 15.99999999999999645 ) ) ;
#1279 = ADVANCED_FACE ( 'NONE', ( #2633 ), #332, .F. ) ;
#1280 = DIRECTION ( 'NONE',  ( -0.000000000000000000, -1.000000000000000000, -0.000000000000000000 ) ) ;
#1281 = DIRECTION ( 'NONE',  ( 0.000000000000000000, 0.000000000000000000, -1.000000000000000000 ) ) ;
#1282 = CARTESIAN_POINT ( 'NONE',  ( -25.00000000000000000, 12.00000000000000000, -23.00000000000001421 ) ) ;
#1283 = ORIENTED_EDGE ( 'NONE', *, *, #990, .T. ) ;
#1284 = ORIENTED_EDGE ( 'NONE', *, *, #2700, .F. ) ;
#1285 = DIRECTION ( 'NONE',  ( -0.000000000000000000, -1.000000000000000000, -0.000000000000000000 ) ) ;
#1286 = ORIENTED_EDGE ( 'NONE', *, *, #1499, .F. ) ;
#1287 = CARTESIAN_POINT ( 'NONE',  ( 16.00000000000000355, 9.000000000000001776, -16.00000000000000355 ) ) ;
#1288 = ORIENTED_EDGE ( 'NONE', *, *, #1392, .F. ) ;
#1289 = CARTESIAN_POINT ( 'NONE',  ( 10.72494507894845661, 19.99999999999999645, 12.46845882960577789 ) ) ;
#1290 = ADVANCED_FACE ( 'NONE', ( #747 ), #552, .F. ) ;
#1291 = CARTESIAN_POINT ( 'NONE',  ( -12.04963069227749450, 19.99293804998956858, 11.15112331407519264 ) ) ;
#1292 = CARTESIAN_POINT ( 'NONE',  ( 0.000000000000000000, 11.00000000000000178, 11.00000000000000178 ) ) ;
#1293 = CARTESIAN_POINT ( 'NONE',  ( -25.00000000000000000, 12.00000000000000000, -25.00000000000001066 ) ) ;
#1294 = DIRECTION ( 'NONE',  ( -1.000000000000000000, 0.000000000000000000, 2.891205793294678819E-16 ) ) ;
#1295 = AXIS2_PLACEMENT_3D ( 'NONE', #663, #2554, #397 ) ;
#1296 = B_SPLINE_CURVE_WITH_KNOTS ( 'NONE', 3,
 ( #1407, #1633, #200, #386, #2664, #361 ),
 .UNSPECIFIED., .F., .F.,
 ( 4, 2, 4 ),
 ( 0.000000000000000000, 0.001849376156150422685, 0.003698752312300845370 ),
 .UNSPECIFIED. ) ;
#1297 = ORIENTED_EDGE ( 'NONE', *, *, #320, .T. ) ;
#1298 = EDGE_CURVE ( 'NONE', #2595, #1174, #2224, .T. ) ;
#1299 = VERTEX_POINT ( 'NONE', #1333 ) ;
#1300 = DIRECTION ( 'NONE',  ( 0.000000000000000000, 0.000000000000000000, 1.000000000000000000 ) ) ;
#1301 = VECTOR ( 'NONE', #1554, 1000.000000000000000 ) ;
#1302 = DIRECTION ( 'NONE',  ( 0.000000000000000000, 0.000000000000000000, -1.000000000000000000 ) ) ;
#1303 = CIRCLE ( 'NONE', #213, 1.999999999999998224 ) ;
#1304 = CIRCLE ( 'NONE', #130, 1.500000000000001332 ) ;
#1305 = AXIS2_PLACEMENT_3D ( 'NONE', #965, #1006, #1654 ) ;
#1306 = CARTESIAN_POINT ( 'NONE',  ( 16.00000000000000355, 9.000000000000001776, -13.00000000000000178 ) ) ;
#1307 = LINE ( 'NONE', #2143, #2507 ) ;
#1308 = AXIS2_PLACEMENT_3D ( 'NONE', #1278, #1893, #1908 ) ;
#1309 = AXIS2_PLACEMENT_3D ( 'NONE', #871, #446, #1277 ) ;
#1310 = ADVANCED_FACE ( 'NONE', ( #2381 ), #2215, .F. ) ;
#1311 = AXIS2_PLACEMENT_3D ( 'NONE', #1940, #1565, #695 ) ;
#1312 = LINE ( 'NONE', #839, #2661 ) ;
#1313 = DIRECTION ( 'NONE',  ( 0.000000000000000000, 0.000000000000000000, 1.000000000000000000 ) ) ;
#1314 = EDGE_LOOP ( 'NONE', ( #575, #1029, #861, #2441 ) ) ;
#1315 = ORIENTED_EDGE ( 'NONE', *, *, #1030, .T. ) ;
#1316 = CARTESIAN_POINT ( 'NONE',  ( -13.20157871929136384, 21.48934380456386251, -11.84957790398832600 ) ) ;
#1317 = ADVANCED_FACE ( 'NONE', ( #617 ), #412, .F. ) ;
#1318 = DIRECTION ( 'NONE',  ( -0.000000000000000000, -1.000000000000000000, -0.000000000000000000 ) ) ;
#1319 = CARTESIAN_POINT ( 'NONE',  ( 29.99999999999999289, 6.000000000000000000, 25.00000000000000000 ) ) ;
#1320 = DIRECTION ( 'NONE',  ( -0.000000000000000000, -0.000000000000000000, 1.000000000000000000 ) ) ;
#1321 = CARTESIAN_POINT ( 'NONE',  ( -15.99999999999999645, 60.45000000000000284, 14.50000000000000000 ) ) ;
#1322 = DIRECTION ( 'NONE',  ( 0.000000000000000000, -1.000000000000000000, 0.000000000000000000 ) ) ;
#1323 = DIRECTION ( 'NONE',  ( 0.000000000000000000, 0.000000000000000000, 1.000000000000000000 ) ) ;
#1324 = EDGE_CURVE ( 'NONE', #106, #1638, #1740, .T. ) ;
#1325 = CARTESIAN_POINT ( 'NONE',  ( 0.000000000000000000, 10.50000000000000000, 0.000000000000000000 ) ) ;
#1326 = EDGE_LOOP ( 'NONE', ( #2687, #1696, #672, #2461, #2018, #1342 ) ) ;
#1327 = CARTESIAN_POINT ( 'NONE',  ( 16.00000000000000711, 48.45000000000000284, 17.49999999999999645 ) ) ;
#1328 = FACE_OUTER_BOUND ( 'NONE', #714, .T. ) ;
#1329 = ORIENTED_EDGE ( 'NONE', *, *, #2358, .F. ) ;
#1330 = FACE_BOUND ( 'NONE', #713, .T. ) ;
#1331 = DIRECTION ( 'NONE',  ( 1.000000000000000000, 0.000000000000000000, 0.000000000000000000 ) ) ;
#1332 = ADVANCED_FACE ( 'NONE', ( #968 ), #2047, .F. ) ;
#1333 = CARTESIAN_POINT ( 'NONE',  ( -15.99999999999999645, 6.000000000000000000, 12.99999999999999645 ) ) ;
#1334 = DIRECTION ( 'NONE',  ( 0.000000000000000000, 0.000000000000000000, 1.000000000000000000 ) ) ;
#1335 = ORIENTED_EDGE ( 'NONE', *, *, #766, .T. ) ;
#1336 = VERTEX_POINT ( 'NONE', #1215 ) ;
#1337 = ADVANCED_FACE ( 'NONE', ( #2055, #793 ), #1405, .T. ) ;
#1338 = DIRECTION ( 'NONE',  ( 0.000000000000000000, -1.000000000000000000, 0.000000000000000000 ) ) ;
#1339 = CARTESIAN_POINT ( 'NONE',  ( 13.40353491424587418, 21.50000000000000000, 11.72015868422621487 ) ) ;
#1340 = CARTESIAN_POINT ( 'NONE',  ( 16.00000000000000355, 48.45000000000000284, -17.50000000000000355 ) ) ;
#1341 = CIRCLE ( 'NONE', #163, 5.000000000000000888 ) ;
#1342 = ORIENTED_EDGE ( 'NONE', *, *, #2147, .T. ) ;
#1343 = AXIS2_PLACEMENT_3D ( 'NONE', #2616, #932, #136 ) ;
#1344 = CARTESIAN_POINT ( 'NONE',  ( -15.99999999999999645, 60.45000000000000284, -17.50000000000000711 ) ) ;
#1345 = FACE_OUTER_BOUND ( 'NONE', #844, .T. ) ;
#1346 = CIRCLE ( 'NONE', #683, 11.00000000000000178 ) ;
#1347 = AXIS2_PLACEMENT_3D ( 'NONE', #2649, #1647, #2440 ) ;
#1348 = ORIENTED_EDGE ( 'NONE', *, *, #1184, .F. ) ;
#1349 = CIRCLE ( 'NONE', #301, 5.000000000000000888 ) ;
#1350 = CARTESIAN_POINT ( 'NONE',  ( -13.61646519004362510, 20.00000000000000000, -11.60468865611021450 ) ) ;
#1351 = CIRCLE ( 'NONE', #1958, 16.50000000000000000 ) ;
#1352 = DIRECTION ( 'NONE',  ( -1.000000000000000000, 0.000000000000000000, 0.000000000000000000 ) ) ;
#1353 = ADVANCED_FACE ( 'NONE', ( #382 ), #1614, .F. ) ;
#1354 = AXIS2_PLACEMENT_3D ( 'NONE', #708, #2204, #329 ) ;
#1355 = DIRECTION ( 'NONE',  ( 0.000000000000000000, -1.000000000000000000, 0.000000000000000000 ) ) ;
#1356 = DIRECTION ( 'NONE',  ( 0.000000000000000000, 1.000000000000000000, 0.000000000000000000 ) ) ;
#1357 = DIRECTION ( 'NONE',  ( -0.000000000000000000, -1.000000000000000000, -0.000000000000000000 ) ) ;
#1358 = EDGE_CURVE ( 'NONE', #1336, #142, #42, .T. ) ;
#1359 = ORIENTED_EDGE ( 'NONE', *, *, #80, .T. ) ;
#1360 = CYLINDRICAL_SURFACE ( 'NONE', #1311, 1.999999999999998224 ) ;
#1361 = FACE_OUTER_BOUND ( 'NONE', #1834, .T. ) ;
#1362 = DIRECTION ( 'NONE',  ( 0.000000000000000000, 0.000000000000000000, 1.000000000000000000 ) ) ;
#1363 = ORIENTED_EDGE ( 'NONE', *, *, #1868, .T. ) ;
#1364 = CARTESIAN_POINT ( 'NONE',  ( -15.99999999999999645, 48.45000000000000284, -21.00000000000000711 ) ) ;
#1365 = CARTESIAN_POINT ( 'NONE',  ( 16.00000000000000355, 9.000000000000001776, -16.00000000000000355 ) ) ;
#1366 = EDGE_CURVE ( 'NONE', #1367, #625, #1209, .T. ) ;
#1367 = VERTEX_POINT ( 'NONE', #2446 ) ;
#1368 = EDGE_LOOP ( 'NONE', ( #1286, #2467 ) ) ;
#1369 = DIRECTION ( 'NONE',  ( 0.000000000000000000, 0.000000000000000000, 1.000000000000000000 ) ) ;
#1370 = CARTESIAN_POINT ( 'NONE',  ( 16.00000000000000711, 21.50000000000000000, 15.99999999999999645 ) ) ;
#1371 = EDGE_LOOP ( 'NONE', ( #1639, #1107 ) ) ;
#1372 = CARTESIAN_POINT ( 'NONE',  ( -15.99999999999999645, 48.45000000000000284, -11.00000000000000711 ) ) ;
#1373 =( NAMED_UNIT ( * ) PLANE_ANGLE_UNIT ( ) SI_UNIT ( $, .RADIAN. ) );
#1374 = VERTEX_POINT ( 'NONE', #580 ) ;
#1375 = EDGE_CURVE ( 'NONE', #742, #1652, #174, .T. ) ;
#1376 = CARTESIAN_POINT ( 'NONE',  ( 16.00000000000000711, 21.50000000000000000, 15.99999999999999645 ) ) ;
#1377 = CYLINDRICAL_SURFACE ( 'NONE', #2341, 5.000000000000000888 ) ;
#1378 = CARTESIAN_POINT ( 'NONE',  ( 0.000000000000000000, 10.50000000000000000, 0.000000000000000000 ) ) ;
#1379 = ORIENTED_EDGE ( 'NONE', *, *, #1552, .T. ) ;
#1380 = CARTESIAN_POINT ( 'NONE',  ( 12.63327668295862161, 21.46494811617601783, -12.29548817981554620 ) ) ;
#1381 = ORIENTED_EDGE ( 'NONE', *, *, #2444, .T. ) ;
#1382 = AXIS2_PLACEMENT_3D ( 'NONE', #736, #2585, #116 ) ;
#1383 = CARTESIAN_POINT ( 'NONE',  ( 13.40357716524402854, 21.49999998753759556, 11.72013577191876976 ) ) ;
#1384 = DIRECTION ( 'NONE',  ( 0.000000000000000000, 1.000000000000000000, 0.000000000000000000 ) ) ;
#1385 = DIRECTION ( 'NONE',  ( -0.000000000000000000, -1.000000000000000000, -0.000000000000000000 ) ) ;
#1386 = AXIS2_PLACEMENT_3D ( 'NONE', #850, #1685, #2515 ) ;
#1387 = VERTEX_POINT ( 'NONE', #2081 ) ;
#1388 = AXIS2_PLACEMENT_3D ( 'NONE', #1641, #1406, #2246 ) ;
#1389 = CARTESIAN_POINT ( 'NONE',  ( -15.99999999999999645, 9.000000000000001776, 15.99999999999999645 ) ) ;
#1390 = CARTESIAN_POINT ( 'NONE',  ( 0.000000000000000000, 15.00000000000000178, 0.000000000000000000 ) ) ;
#1391 = CIRCLE ( 'NONE', #1033, 1.500000000000001332 ) ;
#1392 = EDGE_CURVE ( 'NONE', #2, #873, #1427, .T. ) ;
#1393 = DIRECTION ( 'NONE',  ( 0.000000000000000000, -1.000000000000000000, 0.000000000000000000 ) ) ;
#1394 = CIRCLE ( 'NONE', #2174, 1.999999999999998224 ) ;
#1395 = CARTESIAN_POINT ( 'NONE',  ( 16.00000000000000355, 9.000000000000001776, 15.99999999999999645 ) ) ;
#1396 = AXIS2_PLACEMENT_3D ( 'NONE', #588, #2019, #150 ) ;
#1397 = ORIENTED_EDGE ( 'NONE', *, *, #2532, .F. ) ;
#1398 = CIRCLE ( 'NONE', #681, 5.000000000000000888 ) ;
#1399 = CARTESIAN_POINT ( 'NONE',  ( -30.00000000000001066, 20.00000000000000000, -29.99999999999998224 ) ) ;
#1400 = ORIENTED_EDGE ( 'NONE', *, *, #2272, .T. ) ;
#1401 = VERTEX_POINT ( 'NONE', #229 ) ;
#1402 = CARTESIAN_POINT ( 'NONE',  ( 13.43987667928963603, 20.08262435754600617, 11.70045088616809004 ) ) ;
#1403 = EDGE_CURVE ( 'NONE', #590, #2054, #436, .T. ) ;
#1404 = SURFACE_STYLE_USAGE ( .BOTH. , #2643 ) ;
#1405 = PLANE ( 'NONE',  #2563 ) ;
#1406 = DIRECTION ( 'NONE',  ( 0.000000000000000000, 1.000000000000000000, 0.000000000000000000 ) ) ;
#1407 = CARTESIAN_POINT ( 'NONE',  ( -12.90140474705674301, 20.00000000000000000, 10.28609525294325699 ) ) ;
#1408 = VERTEX_POINT ( 'NONE', #242 ) ;
#1409 = EDGE_CURVE ( 'NONE', #1179, #345, #1042, .T. ) ;
#1410 = ORIENTED_EDGE ( 'NONE', *, *, #2112, .F. ) ;
#1411 = ORIENTED_EDGE ( 'NONE', *, *, #1375, .F. ) ;
#1412 = ORIENTED_EDGE ( 'NONE', *, *, #1630, .T. ) ;
#1413 = DIRECTION ( 'NONE',  ( 1.000000000000000000, -0.000000000000000000, -5.782411586589357392E-17 ) ) ;
#1414 = VERTEX_POINT ( 'NONE', #6 ) ;
#1415 = CARTESIAN_POINT ( 'NONE',  ( -12.90140474705671814, 19.99999999999999645, -10.28609525294328542 ) ) ;
#1416 = PLANE ( 'NONE',  #1388 ) ;
#1417 = EDGE_CURVE ( 'NONE', #1937, #266, #731, .T. ) ;
#1418 = DIRECTION ( 'NONE',  ( 0.000000000000000000, 0.000000000000000000, -1.000000000000000000 ) ) ;
#1419 = ORIENTED_EDGE ( 'NONE', *, *, #363, .F. ) ;
#1420 = ADVANCED_FACE ( 'NONE', ( #1056 ), #1789, .F. ) ;
#1421 = ORIENTED_EDGE ( 'NONE', *, *, #1525, .T. ) ;
#1422 = ORIENTED_EDGE ( 'NONE', *, *, #554, .F. ) ;
#1423 = CARTESIAN_POINT ( 'NONE',  ( 12.90140474705672879, 19.99999999999999645, 10.28609525294327476 ) ) ;
#1424 = CARTESIAN_POINT ( 'NONE',  ( -12.81823980511579819, 21.47183077684367447, -12.13560007839675059 ) ) ;
#1425 = DIRECTION ( 'NONE',  ( 0.000000000000000000, 0.000000000000000000, -1.000000000000000000 ) ) ;
#1426 = CIRCLE ( 'NONE', #1773, 1.999999999999998224 ) ;
#1427 = B_SPLINE_CURVE_WITH_KNOTS ( 'NONE', 3,
 ( #1239, #1289, #271, #2533, #455, #2126 ),
 .UNSPECIFIED., .F., .F.,
 ( 4, 2, 4 ),
 ( 0.000000000000000000, 0.001849376156150391894, 0.003698752312300783787 ),
 .UNSPECIFIED. ) ;
#1428 = FACE_OUTER_BOUND ( 'NONE', #2193, .T. ) ;
#1429 = AXIS2_PLACEMENT_3D ( 'NONE', #549, #719, #1362 ) ;
#1430 = CIRCLE ( 'NONE', #1520, 1.500000000000001332 ) ;
#1431 = EDGE_CURVE ( 'NONE', #266, #1937, #2008, .T. ) ;
#1432 = CIRCLE ( 'NONE', #761, 1.999999999999998224 ) ;
#1433 = MECHANICAL_DESIGN_GEOMETRIC_PRESENTATION_REPRESENTATION (  '', ( #941 ), #2261 ) ;
#1434 = ORIENTED_EDGE ( 'NONE', *, *, #461, .F. ) ;
#1435 = CIRCLE ( 'NONE', #2044, 1.500000000000001332 ) ;
#1436 = DIRECTION ( 'NONE',  ( -0.000000000000000000, -1.000000000000000000, -0.000000000000000000 ) ) ;
#1437 = AXIS2_PLACEMENT_3D ( 'NONE', #1162, #2420, #2005 ) ;
#1438 = ORIENTED_EDGE ( 'NONE', *, *, #2572, .F. ) ;
#1439 = EDGE_LOOP ( 'NONE', ( #1681, #1210, #1736, #1719 ) ) ;
#1440 = CARTESIAN_POINT ( 'NONE',  ( 12.81823980511568095, 21.47183077684367447, 12.13560007839683585 ) ) ;
#1441 = CIRCLE ( 'NONE', #1704, 6.500000000000000888 ) ;
#1442 = DIRECTION ( 'NONE',  ( 0.000000000000000000, 1.000000000000000000, 0.000000000000000000 ) ) ;
#1443 = CARTESIAN_POINT ( 'NONE',  ( 16.00000000000000355, 48.45000000000000284, -16.00000000000000355 ) ) ;
#1444 = CARTESIAN_POINT ( 'NONE',  ( -24.99999999999999645, 12.00000000000000000, 24.99999999999999645 ) ) ;
#1445 = CARTESIAN_POINT ( 'NONE',  ( 12.81645067846812047, 21.47175220349958735, -12.13701917602293179 ) ) ;
#1446 = ADVANCED_FACE ( 'NONE', ( #471 ), #19, .T. ) ;
#1447 = ORIENTED_EDGE ( 'NONE', *, *, #259, .T. ) ;
#1448 = DIRECTION ( 'NONE',  ( 0.000000000000000000, 0.000000000000000000, 1.000000000000000000 ) ) ;
#1449 = VERTEX_POINT ( 'NONE', #1097 ) ;
#1450 = CARTESIAN_POINT ( 'NONE',  ( -15.99999999999999645, 6.000000000000000000, 15.99999999999999645 ) ) ;
#1451 = ORIENTED_EDGE ( 'NONE', *, *, #2627, .T. ) ;
#1452 = CARTESIAN_POINT ( 'NONE',  ( -12.28432250783518143, 20.22278608093281704, -12.64442024511100016 ) ) ;
#1453 = FACE_OUTER_BOUND ( 'NONE', #1150, .T. ) ;
#1454 = EDGE_CURVE ( 'NONE', #1224, #1626, #1398, .T. ) ;
#1455 = CARTESIAN_POINT ( 'NONE',  ( 11.16548171864037364, 19.99124737197189816, -12.03731393410511252 ) ) ;
#1456 = CARTESIAN_POINT ( 'NONE',  ( 12.04963069227742878, 19.99293804998958279, -11.15112331407542179 ) ) ;
#1457 = CARTESIAN_POINT ( 'NONE',  ( 0.000000000000000000, 11.00000000000000178, 0.000000000000000000 ) ) ;
#1458 = CARTESIAN_POINT ( 'NONE',  ( 16.00000000000000355, 21.50000000000000000, -21.00000000000000355 ) ) ;
#1459 = DIRECTION ( 'NONE',  ( -0.000000000000000000, -1.000000000000000000, -0.000000000000000000 ) ) ;
#1460 = ORIENTED_EDGE ( 'NONE', *, *, #1047, .T. ) ;
#1461 = VERTEX_POINT ( 'NONE', #878 ) ;
#1462 = CARTESIAN_POINT ( 'NONE',  ( -15.99999999999999645, 9.000000000000001776, 17.49999999999999645 ) ) ;
#1463 = ADVANCED_FACE ( 'NONE', ( #444 ), #1920, .F. ) ;
#1464 = ORIENTED_EDGE ( 'NONE', *, *, #671, .T. ) ;
#1465 = CYLINDRICAL_SURFACE ( 'NONE', #2424, 3.000000000000002665 ) ;
#1466 = DIRECTION ( 'NONE',  ( 0.000000000000000000, 0.000000000000000000, -1.000000000000000000 ) ) ;
#1467 = CARTESIAN_POINT ( 'NONE',  ( -13.61646519004363931, 20.00000000000000355, 11.60468865611020206 ) ) ;
#1468 = CARTESIAN_POINT ( 'NONE',  ( 16.00000000000000711, 21.50000000000000000, 10.99999999999999645 ) ) ;
#1469 = CARTESIAN_POINT ( 'NONE',  ( -25.00000000000000000, 12.00000000000000000, -23.00000000000001421 ) ) ;
#1470 = EDGE_CURVE ( 'NONE', #2314, #1387, #1722, .T. ) ;
#1471 = DIRECTION ( 'NONE',  ( -0.000000000000000000, -1.000000000000000000, -0.000000000000000000 ) ) ;
#1472 = CARTESIAN_POINT ( 'NONE',  ( 0.000000000000000000, 6.000000000000000000, 0.000000000000000000 ) ) ;
#1473 = CIRCLE ( 'NONE', #2133, 1.499999999999999556 ) ;
#1474 = AXIS2_PLACEMENT_3D ( 'NONE', #404, #1062, #437 ) ;
#1475 = ORIENTED_EDGE ( 'NONE', *, *, #2247, .F. ) ;
#1476 = ORIENTED_EDGE ( 'NONE', *, *, #699, .F. ) ;
#1477 = AXIS2_PLACEMENT_3D ( 'NONE', #1059, #840, #275 ) ;
#1478 = DIRECTION ( 'NONE',  ( 0.000000000000000000, -1.000000000000000000, 0.000000000000000000 ) ) ;
#1479 = CIRCLE ( 'NONE', #2093, 1.499999999999996225 ) ;
#1480 = VERTEX_POINT ( 'NONE', #2315 ) ;
#1481 = EDGE_CURVE ( 'NONE', #1625, #624, #1903, .T. ) ;
#1482 = DIRECTION ( 'NONE',  ( -0.000000000000000000, -1.000000000000000000, -0.000000000000000000 ) ) ;
#1483 = DIRECTION ( 'NONE',  ( 1.224646799147349509E-16, 0.000000000000000000, -1.000000000000000000 ) ) ;
#1484 = DIRECTION ( 'NONE',  ( -0.000000000000000000, 1.000000000000000000, -0.000000000000000000 ) ) ;
#1485 = CARTESIAN_POINT ( 'NONE',  ( 24.99999999999998934, 20.00000000000000000, 25.00000000000000000 ) ) ;
#1486 = AXIS2_PLACEMENT_3D ( 'NONE', #2069, #999, #2671 ) ;
#1487 = VERTEX_POINT ( 'NONE', #1306 ) ;
#1488 = CARTESIAN_POINT ( 'NONE',  ( -15.99999999999999645, 9.000000000000001776, -16.00000000000000711 ) ) ;
#1489 = PLANE ( 'NONE',  #598 ) ;
#1490 = ORIENTED_EDGE ( 'NONE', *, *, #152, .F. ) ;
#1491 = ORIENTED_EDGE ( 'NONE', *, *, #2366, .T. ) ;
#1492 = EDGE_CURVE ( 'NONE', #106, #2116, #2308, .T. ) ;
#1493 = CYLINDRICAL_SURFACE ( 'NONE', #2299, 16.00000000000000000 ) ;
#1494 = LINE ( 'NONE', #2152, #760 ) ;
#1495 = CARTESIAN_POINT ( 'NONE',  ( 16.00000000000000355, 21.50000000000000000, -16.00000000000000355 ) ) ;
#1496 = CARTESIAN_POINT ( 'NONE',  ( -12.64442024511128793, 20.22278608093282415, 12.28432250783569835 ) ) ;
#1497 = DIRECTION ( 'NONE',  ( -0.000000000000000000, -1.000000000000000000, -0.000000000000000000 ) ) ;
#1498 = CARTESIAN_POINT ( 'NONE',  ( 16.00000000000000711, 48.45000000000000284, 20.99999999999999645 ) ) ;
#1499 = EDGE_CURVE ( 'NONE', #1650, #816, #1086, .T. ) ;
#1500 = FACE_BOUND ( 'NONE', #546, .T. ) ;
#1501 = ORIENTED_EDGE ( 'NONE', *, *, #875, .F. ) ;
#1502 = VERTEX_POINT ( 'NONE', #2502 ) ;
#1503 = FACE_OUTER_BOUND ( 'NONE', #970, .T. ) ;
#1504 = EDGE_CURVE ( 'NONE', #1809, #183, #1516, .T. ) ;
#1505 = FACE_OUTER_BOUND ( 'NONE', #1708, .T. ) ;
#1506 = EDGE_LOOP ( 'NONE', ( #223, #164, #921, #2203 ) ) ;
#1507 = CARTESIAN_POINT ( 'NONE',  ( 13.40344825236548765, 21.50000000000000000, -11.72020568012536579 ) ) ;
#1508 = DIRECTION ( 'NONE',  ( 0.000000000000000000, 0.000000000000000000, 1.000000000000000000 ) ) ;
#1509 = LINE ( 'NONE', #2342, #2006 ) ;
#1510 = DIRECTION ( 'NONE',  ( 0.000000000000000000, 1.000000000000000000, 0.000000000000000000 ) ) ;
#1511 = CIRCLE ( 'NONE', #419, 3.000000000000002665 ) ;
#1512 = ADVANCED_FACE ( 'NONE', ( #929 ), #1360, .F. ) ;
#1513 = AXIS2_PLACEMENT_3D ( 'NONE', #810, #782, #794 ) ;
#1514 = VERTEX_POINT ( 'NONE', #2573 ) ;
#1515 = ORIENTED_EDGE ( 'NONE', *, *, #930, .T. ) ;
#1516 = CIRCLE ( 'NONE', #799, 5.000000000000000888 ) ;
#1517 = CARTESIAN_POINT ( 'NONE',  ( -25.99999999999991473, 15.49653895724248365, -15.99999999999998579 ) ) ;
#1518 = VECTOR ( 'NONE', #1982, 1000.000000000000000 ) ;
#1519 = ORIENTED_EDGE ( 'NONE', *, *, #2032, .F. ) ;
#1520 = AXIS2_PLACEMENT_3D ( 'NONE', #230, #870, #1508 ) ;
#1521 = B_SPLINE_CURVE_WITH_KNOTS ( 'NONE', 3,
 ( #732, #2375, #1316, #112, #905, #1747, #278, #2593, #1995, #505 ),
 .UNSPECIFIED., .F., .F.,
 ( 4, 2, 2, 2, 4 ),
 ( 0.000000000000000000, 0.0007176293599226628642, 0.001435258719845325728, 0.002152888079767988593, 0.002870517439690651457 ),
 .UNSPECIFIED. ) ;
#1522 = DIRECTION ( 'NONE',  ( -1.000000000000000000, 0.000000000000000000, 0.000000000000000000 ) ) ;
#1523 = AXIS2_PLACEMENT_3D ( 'NONE', #1066, #27, #45 ) ;
#1524 = VECTOR ( 'NONE', #958, 1000.000000000000000 ) ;
#1525 = EDGE_CURVE ( 'NONE', #849, #1821, #524, .T. ) ;
#1526 = CARTESIAN_POINT ( 'NONE',  ( -11.82404050352981528, 20.13834894701480493, 13.23878744328812118 ) ) ;
#1527 = VECTOR ( 'NONE', #795, 1000.000000000000000 ) ;
#1528 = AXIS2_PLACEMENT_3D ( 'NONE', #2660, #772, #1620 ) ;
#1529 = DIRECTION ( 'NONE',  ( -0.000000000000000000, -1.000000000000000000, -0.000000000000000000 ) ) ;
#1530 = FACE_BOUND ( 'NONE', #2249, .T. ) ;
#1531 = ADVANCED_FACE ( 'NONE', ( #1776 ), #1737, .T. ) ;
#1532 = ORIENTED_EDGE ( 'NONE', *, *, #1802, .F. ) ;
#1533 = ORIENTED_EDGE ( 'NONE', *, *, #1481, .F. ) ;
#1534 = CARTESIAN_POINT ( 'NONE',  ( -15.99999999999999645, 9.000000000000001776, -16.00000000000000711 ) ) ;
#1535 = DIRECTION ( 'NONE',  ( 0.000000000000000000, 0.000000000000000000, -1.000000000000000000 ) ) ;
#1536 = EDGE_CURVE ( 'NONE', #2652, #1374, #2368, .T. ) ;
#1537 = ORIENTED_EDGE ( 'NONE', *, *, #1504, .F. ) ;
#1538 = DIRECTION ( 'NONE',  ( 0.000000000000000000, -0.000000000000000000, -1.000000000000000000 ) ) ;
#1539 = CARTESIAN_POINT ( 'NONE',  ( 16.00000000000000355, 21.50000000000000000, -16.00000000000000355 ) ) ;
#1540 = DIRECTION ( 'NONE',  ( 0.000000000000000000, 0.000000000000000000, 1.000000000000000000 ) ) ;
#1541 = DIRECTION ( 'NONE',  ( 0.4767069619912738254, 0.000000000000000000, 0.8790622687779576783 ) ) ;
#1542 = CARTESIAN_POINT ( 'NONE',  ( -15.99999999999999645, 9.000000000000001776, 14.50000000000000000 ) ) ;
#1543 = CARTESIAN_POINT ( 'NONE',  ( 13.61646519004363221, 21.50000000000000000, -11.60468865611021627 ) ) ;
#1544 = UNCERTAINTY_MEASURE_WITH_UNIT (LENGTH_MEASURE( 1.000000000000000082E-05 ), #1820, 'distance_accuracy_value', 'NONE');
#1545 = EDGE_CURVE ( 'NONE', #1650, #2216, #497, .T. ) ;
#1546 = CYLINDRICAL_SURFACE ( 'NONE', #294, 5.000000000000000888 ) ;
#1547 = EDGE_LOOP ( 'NONE', ( #172, #224, #744, #1092 ) ) ;
#1548 = CARTESIAN_POINT ( 'NONE',  ( 16.00000000000000355, 21.50000000000000000, -9.500000000000003553 ) ) ;
#1549 = LINE ( 'NONE', #2365, #300 ) ;
#1550 = EDGE_LOOP ( 'NONE', ( #578, #2456 ) ) ;
#1551 = DIRECTION ( 'NONE',  ( -1.000000000000000000, 0.000000000000000000, 5.782411586589357392E-17 ) ) ;
#1552 = EDGE_CURVE ( 'NONE', #2509, #873, #2614, .T. ) ;
#1553 = CYLINDRICAL_SURFACE ( 'NONE', #1646, 1.999999999999998224 ) ;
#1554 = DIRECTION ( 'NONE',  ( -0.000000000000000000, -1.000000000000000000, -0.000000000000000000 ) ) ;
#1555 = ORIENTED_EDGE ( 'NONE', *, *, #2272, .F. ) ;
#1556 = DIRECTION ( 'NONE',  ( -0.000000000000000000, -1.000000000000000000, -0.000000000000000000 ) ) ;
#1557 = DIRECTION ( 'NONE',  ( -0.000000000000000000, -1.000000000000000000, -0.000000000000000000 ) ) ;
#1558 = VERTEX_POINT ( 'NONE', #2153 ) ;
#1559 = ORIENTED_EDGE ( 'NONE', *, *, #1217, .F. ) ;
#1560 = CARTESIAN_POINT ( 'NONE',  ( -25.99999999999991473, 15.49653895724248365, 16.00000000000000000 ) ) ;
#1561 = CYLINDRICAL_SURFACE ( 'NONE', #893, 1.999999999999998224 ) ;
#1562 = VECTOR ( 'NONE', #949, 1000.000000000000000 ) ;
#1563 = VERTEX_POINT ( 'NONE', #1319 ) ;
#1564 = VECTOR ( 'NONE', #2631, 1000.000000000000000 ) ;
#1565 = DIRECTION ( 'NONE',  ( -0.000000000000000000, -0.000000000000000000, 1.000000000000000000 ) ) ;
#1566 = CARTESIAN_POINT ( 'NONE',  ( 0.000000000000000000, 11.00000000000000178, 0.000000000000000000 ) ) ;
#1567 = AXIS2_PLACEMENT_3D ( 'NONE', #1264, #2476, #752 ) ;
#1568 = CIRCLE ( 'NONE', #765, 1.500000000000001332 ) ;
#1569 = CARTESIAN_POINT ( 'NONE',  ( 16.00000000000000711, 60.45000000000000284, 15.99999999999999645 ) ) ;
#1570 = ADVANCED_FACE ( 'NONE', ( #1330, #2162 ), #2629, .T. ) ;
#1571 = PRODUCT_DEFINITION_FORMATION_WITH_SPECIFIED_SOURCE ( 'Symmetric', '', #109, .NOT_KNOWN. ) ;
#1572 = CIRCLE ( 'NONE', #992, 16.50000000000000000 ) ;
#1573 = FACE_OUTER_BOUND ( 'NONE', #44, .T. ) ;
#1574 = CIRCLE ( 'NONE', #344, 3.000000000000000888 ) ;
#1575 = CYLINDRICAL_SURFACE ( 'NONE', #2562, 10.50000000000000000 ) ;
#1576 = AXIS2_PLACEMENT_3D ( 'NONE', #1495, #2557, #2517 ) ;
#1577 = CARTESIAN_POINT ( 'NONE',  ( -12.90140474705674301, 20.00000000000000000, 10.28609525294325699 ) ) ;
#1578 = VERTEX_POINT ( 'NONE', #291 ) ;
#1579 = CARTESIAN_POINT ( 'NONE',  ( -30.00000000000001066, 20.00000000000000000, 30.00000000000000711 ) ) ;
#1580 = DIRECTION ( 'NONE',  ( -0.000000000000000000, 1.000000000000000000, -0.000000000000000000 ) ) ;
#1581 = EDGE_CURVE ( 'NONE', #1013, #1367, #2704, .T. ) ;
#1582 = VERTEX_POINT ( 'NONE', #1105 ) ;
#1583 = CARTESIAN_POINT ( 'NONE',  ( -15.99999999999999645, 48.45000000000000284, 15.99999999999999645 ) ) ;
#1584 = DIRECTION ( 'NONE',  ( 0.000000000000000000, -1.000000000000000000, 0.000000000000000000 ) ) ;
#1585 = DIRECTION ( 'NONE',  ( -0.000000000000000000, -1.000000000000000000, -0.000000000000000000 ) ) ;
#1586 = DIRECTION ( 'NONE',  ( -0.000000000000000000, 1.000000000000000000, -0.000000000000000000 ) ) ;
#1587 = EDGE_CURVE ( 'NONE', #345, #2652, #1959, .T. ) ;
#1588 = FACE_OUTER_BOUND ( 'NONE', #2252, .T. ) ;
#1589 = VERTEX_POINT ( 'NONE', #1750 ) ;
#1590 = DIRECTION ( 'NONE',  ( -1.000000000000000000, -0.000000000000000000, -0.000000000000000000 ) ) ;
#1591 = ORIENTED_EDGE ( 'NONE', *, *, #259, .F. ) ;
#1592 = CARTESIAN_POINT ( 'NONE',  ( -27.99999999999991473, 15.49653895724248365, 16.00000000000000000 ) ) ;
#1593 = EDGE_CURVE ( 'NONE', #791, #194, #2406, .T. ) ;
#1594 = DIRECTION ( 'NONE',  ( 0.000000000000000000, -1.000000000000000000, 0.000000000000000000 ) ) ;
#1595 = FACE_OUTER_BOUND ( 'NONE', #2035, .T. ) ;
#1596 = ORIENTED_EDGE ( 'NONE', *, *, #785, .F. ) ;
#1597 = CARTESIAN_POINT ( 'NONE',  ( -15.99999999999999645, 9.000000000000001776, 15.99999999999999645 ) ) ;
#1598 = CARTESIAN_POINT ( 'NONE',  ( 16.00000000000000355, 9.000000000000001776, 18.99999999999999645 ) ) ;
#1599 = DIRECTION ( 'NONE',  ( -0.000000000000000000, -1.000000000000000000, -0.000000000000000000 ) ) ;
#1600 = EDGE_CURVE ( 'NONE', #1480, #483, #857, .T. ) ;
#1601 = DIRECTION ( 'NONE',  ( 0.000000000000000000, 1.000000000000000000, 0.000000000000000000 ) ) ;
#1602 = ORIENTED_EDGE ( 'NONE', *, *, #1358, .F. ) ;
#1603 = ORIENTED_EDGE ( 'NONE', *, *, #623, .F. ) ;
#1604 = CARTESIAN_POINT ( 'NONE',  ( 29.99999999999999289, 20.00000000000000000, 30.00000000000000355 ) ) ;
#1605 = ORIENTED_EDGE ( 'NONE', *, *, #71, .T. ) ;
#1606 = CARTESIAN_POINT ( 'NONE',  ( -13.23878744328835744, 20.13834894701425782, -11.82404050352930014 ) ) ;
#1607 = DIRECTION ( 'NONE',  ( 0.000000000000000000, 0.000000000000000000, -1.000000000000000000 ) ) ;
#1608 = AXIS2_PLACEMENT_3D ( 'NONE', #2123, #2311, #1078 ) ;
#1609 = CIRCLE ( 'NONE', #2039, 5.000000000000000888 ) ;
#1610 = AXIS2_PLACEMENT_3D ( 'NONE', #1935, #1744, #2522 ) ;
#1611 = AXIS2_PLACEMENT_3D ( 'NONE', #1161, #10, #2321 ) ;
#1612 = DIRECTION ( 'NONE',  ( 0.000000000000000000, -1.000000000000000000, 0.000000000000000000 ) ) ;
#1613 = CIRCLE ( 'NONE', #646, 1.499999999999999778 ) ;
#1614 = TOROIDAL_SURFACE ( 'NONE', #1164, 6.500000000000000888, 1.500000000000000000 ) ;
#1615 = DIRECTION ( 'NONE',  ( 0.000000000000000000, 1.000000000000000000, 0.000000000000000000 ) ) ;
#1616 = ORIENTED_EDGE ( 'NONE', *, *, #2540, .F. ) ;
#1617 = CARTESIAN_POINT ( 'NONE',  ( 12.11443138184566415, 20.20726148134425060, 12.84379476615722737 ) ) ;
#1618 = PRODUCT_CONTEXT ( 'NONE', #2168, 'mechanical' ) ;
#1619 = ADVANCED_FACE ( 'NONE', ( #1956, #908 ), #535, .F. ) ;
#1620 = DIRECTION ( 'NONE',  ( 0.000000000000000000, 0.000000000000000000, 1.000000000000000000 ) ) ;
#1621 = FACE_OUTER_BOUND ( 'NONE', #1050, .T. ) ;
#1622 = CARTESIAN_POINT ( 'NONE',  ( 12.46845882960577967, 19.99999999999999645, -10.72494507894845306 ) ) ;
#1623 = ADVANCED_FACE ( 'NONE', ( #2378 ), #308, .T. ) ;
#1624 = CARTESIAN_POINT ( 'NONE',  ( -25.99999999999991473, 15.49653895724248365, 30.00000000000000355 ) ) ;
#1625 = VERTEX_POINT ( 'NONE', #1762 ) ;
#1626 = VERTEX_POINT ( 'NONE', #1372 ) ;
#1627 = ORIENTED_EDGE ( 'NONE', *, *, #481, .T. ) ;
#1628 = CARTESIAN_POINT ( 'NONE',  ( 11.60468865611021805, 21.50000000000000000, 13.61646519004362688 ) ) ;
#1629 = ORIENTED_EDGE ( 'NONE', *, *, #1593, .T. ) ;
#1630 = EDGE_CURVE ( 'NONE', #1401, #1711, #1391, .T. ) ;
#1631 = CARTESIAN_POINT ( 'NONE',  ( -15.99999999999999645, 20.00000000000000000, -16.00000000000000711 ) ) ;
#1632 = DIRECTION ( 'NONE',  ( -0.000000000000000000, -1.000000000000000000, -0.000000000000000000 ) ) ;
#1633 = CARTESIAN_POINT ( 'NONE',  ( -12.46845882960579388, 19.99999999999999645, 10.72494507894843352 ) ) ;
#1634 = EDGE_CURVE ( 'NONE', #2211, #2077, #1818, .T. ) ;
#1635 = ORIENTED_EDGE ( 'NONE', *, *, #1417, .F. ) ;
#1636 = ORIENTED_EDGE ( 'NONE', *, *, #473, .F. ) ;
#1637 = CARTESIAN_POINT ( 'NONE',  ( 11.84984408079267304, 21.48931888297824599, 13.20110504389518624 ) ) ;
#1638 = VERTEX_POINT ( 'NONE', #770 ) ;
#1639 = ORIENTED_EDGE ( 'NONE', *, *, #1236, .F. ) ;
#1640 = CARTESIAN_POINT ( 'NONE',  ( -12.48537381435033211, 19.99733571978764246, -10.70909863000029638 ) ) ;
#1641 = CARTESIAN_POINT ( 'NONE',  ( 0.000000000000000000, 11.00000000000000178, 0.000000000000000000 ) ) ;
#1642 = EDGE_CURVE ( 'NONE', #1821, #2146, #2253, .T. ) ;
#1643 = DIRECTION ( 'NONE',  ( 0.000000000000000000, 0.000000000000000000, -1.000000000000000000 ) ) ;
#1644 = VECTOR ( 'NONE', #1294, 1000.000000000000000 ) ;
#1645 = LINE ( 'NONE', #64, #214 ) ;
#1646 = AXIS2_PLACEMENT_3D ( 'NONE', #1970, #2027, #405 ) ;
#1647 = DIRECTION ( 'NONE',  ( 0.000000000000000000, -1.000000000000000000, 0.000000000000000000 ) ) ;
#1648 = CIRCLE ( 'NONE', #895, 15.50000000000000000 ) ;
#1649 = VECTOR ( 'NONE', #1705, 1000.000000000000000 ) ;
#1650 = VERTEX_POINT ( 'NONE', #1842 ) ;
#1651 = VECTOR ( 'NONE', #1225, 1000.000000000000000 ) ;
#1652 = VERTEX_POINT ( 'NONE', #394 ) ;
#1653 = CARTESIAN_POINT ( 'NONE',  ( -27.99999999999991829, 15.49653895724248365, -29.99999999999998579 ) ) ;
#1654 = DIRECTION ( 'NONE',  ( 1.000000000000000000, 0.000000000000000000, 0.000000000000000000 ) ) ;
#1655 = CIRCLE ( 'NONE', #666, 3.000000000000000888 ) ;
#1656 = EDGE_LOOP ( 'NONE', ( #2374, #1850 ) ) ;
#1657 = ADVANCED_FACE ( 'NONE', ( #576 ), #2571, .T. ) ;
#1658 = CARTESIAN_POINT ( 'NONE',  ( -11.84984408079246876, 21.48931888297824599, -13.20110504389545625 ) ) ;
#1659 = FACE_OUTER_BOUND ( 'NONE', #2632, .T. ) ;
#1660 = ORIENTED_EDGE ( 'NONE', *, *, #2387, .T. ) ;
#1661 = DIRECTION ( 'NONE',  ( 0.000000000000000000, 1.000000000000000000, 0.000000000000000000 ) ) ;
#1662 = CARTESIAN_POINT ( 'NONE',  ( -12.29208662460216495, 21.46503184141916876, 12.63702060933504434 ) ) ;
#1663 = ORIENTED_EDGE ( 'NONE', *, *, #1138, .T. ) ;
#1664 = ADVANCED_FACE ( 'NONE', ( #789 ), #160, .F. ) ;
#1665 = FACE_OUTER_BOUND ( 'NONE', #1003, .T. ) ;
#1666 = DIRECTION ( 'NONE',  ( 0.000000000000000000, 0.000000000000000000, -1.000000000000000000 ) ) ;
#1667 = VERTEX_POINT ( 'NONE', #2429 ) ;
#1668 = ORIENTED_EDGE ( 'NONE', *, *, #1236, .T. ) ;
#1669 = CARTESIAN_POINT ( 'NONE',  ( 25.00000000000000000, 12.00000000000000000, 24.99999999999999645 ) ) ;
#1670 = VERTEX_POINT ( 'NONE', #2065 ) ;
#1671 = ADVANCED_FACE ( 'NONE', ( #147 ), #599, .F. ) ;
#1672 = DIRECTION ( 'NONE',  ( 0.000000000000000000, 0.000000000000000000, 1.000000000000000000 ) ) ;
#1673 = DIRECTION ( 'NONE',  ( 0.000000000000000000, 1.000000000000000000, 0.000000000000000000 ) ) ;
#1674 = DIRECTION ( 'NONE',  ( 0.000000000000000000, 0.000000000000000000, -1.000000000000000000 ) ) ;
#1675 = CARTESIAN_POINT ( 'NONE',  ( 12.48492482685576555, 19.99732972163002032, -10.70955808024571532 ) ) ;
#1676 = CARTESIAN_POINT ( 'NONE',  ( -15.99999999999999645, 20.00000000000000000, -16.00000000000000711 ) ) ;
#1677 = CARTESIAN_POINT ( 'NONE',  ( 0.000000000000000000, 19.50000000000000000, 16.50000000000000000 ) ) ;
#1678 = CARTESIAN_POINT ( 'NONE',  ( -30.00000000000001066, 6.000000000000000000, 30.00000000000000711 ) ) ;
#1679 = ADVANCED_FACE ( 'NONE', ( #358 ), #1700, .F. ) ;
#1680 = DIRECTION ( 'NONE',  ( -0.000000000000000000, -1.000000000000000000, -0.000000000000000000 ) ) ;
#1681 = ORIENTED_EDGE ( 'NONE', *, *, #2572, .T. ) ;
#1682 = VERTEX_POINT ( 'NONE', #1628 ) ;
#1683 = DIRECTION ( 'NONE',  ( 0.000000000000000000, 0.000000000000000000, -1.000000000000000000 ) ) ;
#1684 = ORIENTED_EDGE ( 'NONE', *, *, #1600, .T. ) ;
#1685 = DIRECTION ( 'NONE',  ( -0.000000000000000000, 1.000000000000000000, -0.000000000000000000 ) ) ;
#1686 = CARTESIAN_POINT ( 'NONE',  ( -23.99999999999991829, 15.49653895724248365, 16.00000000000000000 ) ) ;
#1687 = DIRECTION ( 'NONE',  ( 1.000000000000000000, -0.000000000000000000, 1.224646799147353207E-16 ) ) ;
#1688 = DIRECTION ( 'NONE',  ( 0.000000000000000000, 0.000000000000000000, 1.000000000000000000 ) ) ;
#1689 = DIRECTION ( 'NONE',  ( -0.000000000000000000, -1.000000000000000000, -0.000000000000000000 ) ) ;
#1690 = CIRCLE ( 'NONE', #1909, 5.000000000000000888 ) ;
#1691 = EDGE_CURVE ( 'NONE', #2465, #873, #265, .T. ) ;
#1692 = AXIS2_PLACEMENT_3D ( 'NONE', #1266, #621, #2480 ) ;
#1693 = CIRCLE ( 'NONE', #2432, 3.000000000000002665 ) ;
#1694 = PRESENTATION_LAYER_ASSIGNMENT (  '', '', ( #941 ) ) ;
#1695 = ORIENTED_EDGE ( 'NONE', *, *, #699, .T. ) ;
#1696 = ORIENTED_EDGE ( 'NONE', *, *, #2176, .F. ) ;
#1697 = CIRCLE ( 'NONE', #1308, 3.000000000000000888 ) ;
#1698 = AXIS2_PLACEMENT_3D ( 'NONE', #922, #1765, #2166 ) ;
#1699 = CARTESIAN_POINT ( 'NONE',  ( -25.00000000000000000, 12.00000000000000000, -25.00000000000001066 ) ) ;
#1700 = TOROIDAL_SURFACE ( 'NONE', #520, 6.500000000000000888, 1.500000000000000000 ) ;
#1701 = FACE_OUTER_BOUND ( 'NONE', #1238, .T. ) ;
#1702 = CARTESIAN_POINT ( 'NONE',  ( 16.00000000000000355, 48.45000000000000284, -16.00000000000000355 ) ) ;
#1703 = DIRECTION ( 'NONE',  ( 1.000000000000000000, -0.000000000000000000, 1.224646799147353207E-16 ) ) ;
#1704 = AXIS2_PLACEMENT_3D ( 'NONE', #2470, #1226, #2082 ) ;
#1705 = DIRECTION ( 'NONE',  ( -2.891205793294678819E-16, -0.000000000000000000, -1.000000000000000000 ) ) ;
#1706 = DIRECTION ( 'NONE',  ( 0.000000000000000000, 0.000000000000000000, 1.000000000000000000 ) ) ;
#1707 = ORIENTED_EDGE ( 'NONE', *, *, #720, .T. ) ;
#1708 = EDGE_LOOP ( 'NONE', ( #2277, #1596, #1400, #802 ) ) ;
#1709 = LINE ( 'NONE', #652, #1119 ) ;
#1710 = DIRECTION ( 'NONE',  ( -0.000000000000000000, -1.000000000000000000, -0.000000000000000000 ) ) ;
#1711 = VERTEX_POINT ( 'NONE', #2015 ) ;
#1712 = CARTESIAN_POINT ( 'NONE',  ( -15.99999999999999645, 48.45000000000000284, -16.00000000000000711 ) ) ;
#1713 = CARTESIAN_POINT ( 'NONE',  ( -12.11298121602298039, 20.20701392597639057, 12.84565054447384291 ) ) ;
#1714 = ADVANCED_FACE ( 'NONE', ( #2497 ), #2140, .F. ) ;
#1715 = DIRECTION ( 'NONE',  ( 0.000000000000000000, 0.000000000000000000, 1.000000000000000000 ) ) ;
#1716 = CARTESIAN_POINT ( 'NONE',  ( -24.99999999999999645, 6.000000000000000000, 24.99999999999999645 ) ) ;
#1717 = ADVANCED_FACE ( 'NONE', ( #408 ), #1493, .F. ) ;
#1718 = ORIENTED_EDGE ( 'NONE', *, *, #954, .T. ) ;
#1719 = ORIENTED_EDGE ( 'NONE', *, *, #659, .F. ) ;
#1720 = DIRECTION ( 'NONE',  ( -1.000000000000000000, 0.000000000000000000, 2.891205793294678819E-16 ) ) ;
#1721 = CYLINDRICAL_SURFACE ( 'NONE', #2561, 1.999999999999998224 ) ;
#1722 = LINE ( 'NONE', #47, #349 ) ;
#1723 = CARTESIAN_POINT ( 'NONE',  ( -25.99999999999991829, 15.49653895724248365, -29.99999999999998579 ) ) ;
#1724 = DIRECTION ( 'NONE',  ( 0.000000000000000000, 1.000000000000000000, 0.000000000000000000 ) ) ;
#1725 = DIRECTION ( 'NONE',  ( 0.000000000000000000, 1.000000000000000000, 0.000000000000000000 ) ) ;
#1726 = ADVANCED_FACE ( 'NONE', ( #1899 ), #341, .F. ) ;
#1727 = VECTOR ( 'NONE', #1318, 1000.000000000000000 ) ;
#1728 = VERTEX_POINT ( 'NONE', #2483 ) ;
#1729 = ORIENTED_EDGE ( 'NONE', *, *, #1298, .F. ) ;
#1730 = AXIS2_PLACEMENT_3D ( 'NONE', #1038, #3, #818 ) ;
#1731 = CARTESIAN_POINT ( 'NONE',  ( 11.60468865611021627, 20.00000000000000355, -13.61646519004362688 ) ) ;
#1732 = VECTOR ( 'NONE', #1759, 1000.000000000000000 ) ;
#1733 = CARTESIAN_POINT ( 'NONE',  ( 13.61646519004363576, 21.50000000000000000, 11.60468865611020739 ) ) ;
#1734 = CIRCLE ( 'NONE', #2698, 1.999999999999998224 ) ;
#1735 = CIRCLE ( 'NONE', #167, 3.000000000000002665 ) ;
#1736 = ORIENTED_EDGE ( 'NONE', *, *, #774, .F. ) ;
#1737 = PLANE ( 'NONE',  #1742 ) ;
#1738 = EDGE_CURVE ( 'NONE', #1728, #1065, #1303, .T. ) ;
#1739 = DIRECTION ( 'NONE',  ( 0.000000000000000000, 0.000000000000000000, -1.000000000000000000 ) ) ;
#1740 = CIRCLE ( 'NONE', #947, 1.499999999999999334 ) ;
#1741 = DIRECTION ( 'NONE',  ( -0.8790622687779575672, -8.598637450742486481E-17, 0.4767069619912743805 ) ) ;
#1742 = AXIS2_PLACEMENT_3D ( 'NONE', #919, #2180, #1538 ) ;
#1743 = CARTESIAN_POINT ( 'NONE',  ( -15.99999999999999645, 21.50000000000000000, 20.99999999999999645 ) ) ;
#1744 = DIRECTION ( 'NONE',  ( -0.000000000000000000, -1.000000000000000000, -0.000000000000000000 ) ) ;
#1745 = DIRECTION ( 'NONE',  ( -0.000000000000000000, -1.000000000000000000, -0.000000000000000000 ) ) ;
#1746 = VERTEX_POINT ( 'NONE', #1462 ) ;
#1747 = CARTESIAN_POINT ( 'NONE',  ( -12.29551975942857212, 21.46494667805432144, -12.63323922312452119 ) ) ;
#1748 = DIRECTION ( 'NONE',  ( 0.000000000000000000, 0.000000000000000000, -1.000000000000000000 ) ) ;
#1749 = ORIENTED_EDGE ( 'NONE', *, *, #353, .F. ) ;
#1750 = CARTESIAN_POINT ( 'NONE',  ( -15.99999999999999645, 48.45000000000000284, 20.99999999999999645 ) ) ;
#1751 = DIRECTION ( 'NONE',  ( -0.000000000000000000, 1.000000000000000000, -0.000000000000000000 ) ) ;
#1752 = ORIENTED_EDGE ( 'NONE', *, *, #2332, .T. ) ;
#1753 = CARTESIAN_POINT ( 'NONE',  ( -15.99999999999999645, 20.00000000000000000, 15.99999999999999645 ) ) ;
#1754 = EDGE_CURVE ( 'NONE', #2340, #467, #1432, .T. ) ;
#1755 = CARTESIAN_POINT ( 'NONE',  ( -15.99999999999999645, 9.000000000000001776, -19.00000000000001066 ) ) ;
#1756 = CARTESIAN_POINT ( 'NONE',  ( 10.28609525294328719, 20.00000000000000000, 12.90140474705671636 ) ) ;
#1757 = EDGE_LOOP ( 'NONE', ( #2445, #960 ) ) ;
#1758 = CARTESIAN_POINT ( 'NONE',  ( -15.99999999999999645, 48.45000000000000284, -16.00000000000000711 ) ) ;
#1759 = DIRECTION ( 'NONE',  ( -0.000000000000000000, 1.000000000000000000, -0.000000000000000000 ) ) ;
#1760 = EDGE_CURVE ( 'NONE', #1502, #625, #474, .T. ) ;
#1761 = ORIENTED_EDGE ( 'NONE', *, *, #1138, .F. ) ;
#1762 = CARTESIAN_POINT ( 'NONE',  ( -23.99999999999991829, 15.49653895724248365, 16.00000000000000000 ) ) ;
#1763 = DIRECTION ( 'NONE',  ( 0.000000000000000000, -1.000000000000000000, 0.000000000000000000 ) ) ;
#1764 = ORIENTED_EDGE ( 'NONE', *, *, #1214, .F. ) ;
#1765 = DIRECTION ( 'NONE',  ( -0.000000000000000000, -1.000000000000000000, -0.000000000000000000 ) ) ;
#1766 = CARTESIAN_POINT ( 'NONE',  ( -25.99999999999991473, 15.49653895724248365, 30.00000000000000355 ) ) ;
#1767 = EDGE_CURVE ( 'NONE', #1589, #976, #2042, .T. ) ;
#1768 = VECTOR ( 'NONE', #1586, 1000.000000000000000 ) ;
#1769 = ORIENTED_EDGE ( 'NONE', *, *, #1945, .T. ) ;
#1770 = ORIENTED_EDGE ( 'NONE', *, *, #502, .F. ) ;
#1771 = PLANE ( 'NONE',  #2654 ) ;
#1772 = DIRECTION ( 'NONE',  ( -2.668805347656625298E-15, 0.000000000000000000, 1.000000000000000000 ) ) ;
#1773 = AXIS2_PLACEMENT_3D ( 'NONE', #2570, #522, #1535 ) ;
#1774 = VERTEX_POINT ( 'NONE', #1253 ) ;
#1775 = AXIS2_PLACEMENT_3D ( 'NONE', #117, #1385, #1781 ) ;
#1776 = FACE_OUTER_BOUND ( 'NONE', #1002, .T. ) ;
#1777 = DIRECTION ( 'NONE',  ( -1.224646799147353454E-16, 0.000000000000000000, -1.000000000000000000 ) ) ;
#1778 = DIRECTION ( 'NONE',  ( 0.000000000000000000, 0.000000000000000000, -1.000000000000000000 ) ) ;
#1779 = AXIS2_PLACEMENT_3D ( 'NONE', #306, #2582, #1939 ) ;
#1780 = CIRCLE ( 'NONE', #2134, 1.999999999999998224 ) ;
#1781 = DIRECTION ( 'NONE',  ( 0.000000000000000000, 0.000000000000000000, -1.000000000000000000 ) ) ;
#1782 = AXIS2_PLACEMENT_3D ( 'NONE', #931, #1584, #348 ) ;
#1783 = ORIENTED_EDGE ( 'NONE', *, *, #924, .T. ) ;
#1784 = AXIS2_PLACEMENT_3D ( 'NONE', #1365, #2382, #333 ) ;
#1785 = FACE_OUTER_BOUND ( 'NONE', #1550, .T. ) ;
#1786 = CARTESIAN_POINT ( 'NONE',  ( 16.00000000000000711, 20.00000000000000000, 22.50000000000000000 ) ) ;
#1787 = AXIS2_PLACEMENT_3D ( 'NONE', #1389, #1556, #700 ) ;
#1788 = DIRECTION ( 'NONE',  ( 0.000000000000000000, 0.000000000000000000, 1.000000000000000000 ) ) ;
#1789 = TOROIDAL_SURFACE ( 'NONE', #1576, 6.500000000000000888, 1.500000000000000000 ) ;
#1790 = DIRECTION ( 'NONE',  ( 1.000000000000000000, -0.000000000000000000, -2.891205793294678819E-16 ) ) ;
#1791 = ORIENTED_EDGE ( 'NONE', *, *, #1366, .T. ) ;
#1792 = EDGE_CURVE ( 'NONE', #2465, #2116, #1910, .T. ) ;
#1793 = CARTESIAN_POINT ( 'NONE',  ( 11.72013577191871825, 21.49999998753595776, -13.40357716524413334 ) ) ;
#1794 = CARTESIAN_POINT ( 'NONE',  ( -24.99999999999999645, 6.000000000000000000, 24.99999999999999645 ) ) ;
#1795 = ORIENTED_EDGE ( 'NONE', *, *, #671, .F. ) ;
#1796 = DIRECTION ( 'NONE',  ( 0.000000000000000000, 0.000000000000000000, -1.000000000000000000 ) ) ;
#1797 =( LENGTH_UNIT ( ) NAMED_UNIT ( * ) SI_UNIT ( .MILLI., .METRE. ) );
#1798 = DIRECTION ( 'NONE',  ( -0.000000000000000000, -1.000000000000000000, -0.000000000000000000 ) ) ;
#1799 = VERTEX_POINT ( 'NONE', #1653 ) ;
#1800 = DIRECTION ( 'NONE',  ( 0.000000000000000000, 1.000000000000000000, 0.000000000000000000 ) ) ;
#1801 = CARTESIAN_POINT ( 'NONE',  ( -15.99999999999999645, 48.45000000000000284, 15.99999999999999645 ) ) ;
#1802 = EDGE_CURVE ( 'NONE', #87, #385, #1709, .T. ) ;
#1803 = CARTESIAN_POINT ( 'NONE',  ( -15.99999999999999645, 9.000000000000001776, -13.00000000000000533 ) ) ;
#1804 = ORIENTED_EDGE ( 'NONE', *, *, #1504, .T. ) ;
#1805 = CARTESIAN_POINT ( 'NONE',  ( 11.70045088616649132, 20.08262435754295083, -13.43987667928766250 ) ) ;
#1806 = EDGE_CURVE ( 'NONE', #1387, #385, #299, .T. ) ;
#1807 = ORIENTED_EDGE ( 'NONE', *, *, #97, .T. ) ;
#1808 = CARTESIAN_POINT ( 'NONE',  ( 12.29548817981554976, 21.46494811617547427, 12.63327668295861450 ) ) ;
#1809 = VERTEX_POINT ( 'NONE', #846 ) ;
#1810 = EDGE_CURVE ( 'NONE', #885, #391, #78, .T. ) ;
#1811 = ORIENTED_EDGE ( 'NONE', *, *, #2012, .T. ) ;
#1812 = DIRECTION ( 'NONE',  ( 0.000000000000000000, 1.000000000000000000, 0.000000000000000000 ) ) ;
#1813 = DIRECTION ( 'NONE',  ( 0.000000000000000000, 0.000000000000000000, -1.000000000000000000 ) ) ;
#1814 = CARTESIAN_POINT ( 'NONE',  ( 16.00000000000000355, 9.000000000000001776, -19.00000000000000711 ) ) ;
#1815 = PLANE ( 'NONE',  #1347 ) ;
#1816 = CARTESIAN_POINT ( 'NONE',  ( 11.82404050352956482, 20.13834894701425426, -13.23878744328809809 ) ) ;
#1817 = ORIENTED_EDGE ( 'NONE', *, *, #924, .F. ) ;
#1818 = LINE ( 'NONE', #964, #2397 ) ;
#1819 = AXIS2_PLACEMENT_3D ( 'NONE', #2531, #1055, #2124 ) ;
#1820 =( LENGTH_UNIT ( ) NAMED_UNIT ( * ) SI_UNIT ( .MILLI., .METRE. ) );
#1821 = VERTEX_POINT ( 'NONE', #441 ) ;
#1822 = EDGE_CURVE ( 'NONE', #2395, #1890, #1734, .T. ) ;
#1823 = CARTESIAN_POINT ( 'NONE',  ( -10.70955808024618605, 19.99732972163014111, -12.48492482685651517 ) ) ;
#1824 = CYLINDRICAL_SURFACE ( 'NONE', #677, 1.500000000000001332 ) ;
#1825 = CIRCLE ( 'NONE', #1166, 3.000000000000002665 ) ;
#1826 = AXIS2_PLACEMENT_3D ( 'NONE', #2156, #447, #2360 ) ;
#1827 =( GEOMETRIC_REPRESENTATION_CONTEXT ( 3 ) GLOBAL_UNCERTAINTY_ASSIGNED_CONTEXT ( ( #2693 ) ) GLOBAL_UNIT_ASSIGNED_CONTEXT ( ( #2692, #186, #2361 ) ) REPRESENTATION_CONTEXT ( 'NONE', 'WORKASPACE' ) );
#1828 = DIRECTION ( 'NONE',  ( 0.000000000000000000, -0.000000000000000000, -1.000000000000000000 ) ) ;
#1829 = CIRCLE ( 'NONE', #479, 5.000000000000000888 ) ;
#1830 = ORIENTED_EDGE ( 'NONE', *, *, #530, .F. ) ;
#1831 = ADVANCED_FACE ( 'NONE', ( #268 ), #2098, .F. ) ;
#1832 = AXIS2_PLACEMENT_3D ( 'NONE', #2598, #746, #1331 ) ;
#1833 = VERTEX_POINT ( 'NONE', #864 ) ;
#1834 = EDGE_LOOP ( 'NONE', ( #2581, #1270, #1222, #611 ) ) ;
#1835 = CARTESIAN_POINT ( 'NONE',  ( 10.28609525294328719, 20.00000000000000000, 12.90140474705671458 ) ) ;
#1836 = SHAPE_DEFINITION_REPRESENTATION ( #323, #2556 ) ;
#1837 = CARTESIAN_POINT ( 'NONE',  ( -12.64834368214049576, 20.22257091067412560, -12.28077990433009781 ) ) ;
#1838 = DIRECTION ( 'NONE',  ( -0.000000000000000000, -1.000000000000000000, -0.000000000000000000 ) ) ;
#1839 = CARTESIAN_POINT ( 'NONE',  ( 0.000000000000000000, 6.500000000000000888, -10.50000000000000000 ) ) ;
#1840 = EDGE_LOOP ( 'NONE', ( #1039, #1817, #1848, #639 ) ) ;
#1841 = ORIENTED_EDGE ( 'NONE', *, *, #502, .T. ) ;
#1842 = CARTESIAN_POINT ( 'NONE',  ( -15.99999999999999645, 48.45000000000000284, -17.50000000000000711 ) ) ;
#1843 = EDGE_CURVE ( 'NONE', #1299, #2377, #988, .T. ) ;
#1844 = CARTESIAN_POINT ( 'NONE',  ( -12.29548817981567588, 21.46494811617547427, -12.63327668295848838 ) ) ;
#1845 = FACE_BOUND ( 'NONE', #241, .T. ) ;
#1846 = DIRECTION ( 'NONE',  ( 0.000000000000000000, 0.000000000000000000, -1.000000000000000000 ) ) ;
#1847 = AXIS2_PLACEMENT_3D ( 'NONE', #1024, #982, #384 ) ;
#1848 = ORIENTED_EDGE ( 'NONE', *, *, #1054, .T. ) ;
#1849 = EDGE_LOOP ( 'NONE', ( #2685, #1234 ) ) ;
#1850 = ORIENTED_EDGE ( 'NONE', *, *, #868, .T. ) ;
#1851 = DIRECTION ( 'NONE',  ( 0.000000000000000000, 0.000000000000000000, -1.000000000000000000 ) ) ;
#1852 = FACE_OUTER_BOUND ( 'NONE', #307, .T. ) ;
#1853 = CARTESIAN_POINT ( 'NONE',  ( -11.60468865611020917, 20.00000000000000355, -13.61646519004363753 ) ) ;
#1854 = CARTESIAN_POINT ( 'NONE',  ( 13.61646519004363576, 21.50000000000000000, 11.60468865611020739 ) ) ;
#1855 = TOROIDAL_SURFACE ( 'NONE', #676, 6.500000000000000888, 1.500000000000000000 ) ;
#1856 = AXIS2_PLACEMENT_3D ( 'NONE', #1874, #1838, #2056 ) ;
#1857 = ADVANCED_FACE ( 'NONE', ( #1235, #1503 ), #2079, .F. ) ;
#1858 = AXIS2_PLACEMENT_3D ( 'NONE', #1631, #398, #1009 ) ;
#1859 = CARTESIAN_POINT ( 'NONE',  ( 16.00000000000000355, 6.000000000000000000, 15.99999999999999645 ) ) ;
#1860 = CIRCLE ( 'NONE', #596, 6.500000000000002665 ) ;
#1861 = DIRECTION ( 'NONE',  ( 0.000000000000000000, 0.000000000000000000, 1.000000000000000000 ) ) ;
#1862 = CIRCLE ( 'NONE', #682, 1.500000000000001332 ) ;
#1863 = VECTOR ( 'NONE', #85, 1000.000000000000000 ) ;
#1864 = AXIS2_PLACEMENT_3D ( 'NONE', #1859, #783, #1846 ) ;
#1865 = PLANE ( 'NONE',  #725 ) ;
#1866 = AXIS2_PLACEMENT_3D ( 'NONE', #274, #1688, #2520 ) ;
#1867 = DIRECTION ( 'NONE',  ( -0.000000000000000000, 1.000000000000000000, -0.000000000000000000 ) ) ;
#1868 = EDGE_CURVE ( 'NONE', #2054, #590, #1080, .T. ) ;
#1869 = ORIENTED_EDGE ( 'NONE', *, *, #1007, .F. ) ;
#1870 = VERTEX_POINT ( 'NONE', #715 ) ;
#1871 = DIRECTION ( 'NONE',  ( 0.000000000000000000, 0.000000000000000000, -1.000000000000000000 ) ) ;
#1872 = EDGE_LOOP ( 'NONE', ( #2292, #829, #694, #551 ) ) ;
#1873 = DIRECTION ( 'NONE',  ( -0.000000000000000000, -1.000000000000000000, -0.000000000000000000 ) ) ;
#1874 = CARTESIAN_POINT ( 'NONE',  ( 16.00000000000000355, 20.00000000000000000, -16.00000000000000355 ) ) ;
#1875 = DIRECTION ( 'NONE',  ( 0.000000000000000000, 0.000000000000000000, 1.000000000000000000 ) ) ;
#1876 = CARTESIAN_POINT ( 'NONE',  ( 12.13560007839674881, 21.47183077684367447, -12.81823980511580530 ) ) ;
#1877 = EDGE_CURVE ( 'NONE', #2256, #1449, #556, .T. ) ;
#1878 = CARTESIAN_POINT ( 'NONE',  ( 16.00000000000000355, 9.000000000000001776, -16.00000000000000355 ) ) ;
#1879 = CARTESIAN_POINT ( 'NONE',  ( -12.90140474705671636, 20.00000000000000000, -10.28609525294328719 ) ) ;
#1880 = ORIENTED_EDGE ( 'NONE', *, *, #2228, .F. ) ;
#1881 = EDGE_LOOP ( 'NONE', ( #2136, #587, #26, #2024, #1605, #882 ) ) ;
#1882 = CARTESIAN_POINT ( 'NONE',  ( 12.90140474705671991, 21.50000000000000000, -10.28609525294328009 ) ) ;
#1883 = ORIENTED_EDGE ( 'NONE', *, *, #1634, .F. ) ;
#1884 = LINE ( 'NONE', #1996, #1562 ) ;
#1885 = ORIENTED_EDGE ( 'NONE', *, *, #1897, .F. ) ;
#1886 = FACE_OUTER_BOUND ( 'NONE', #127, .T. ) ;
#1887 = CARTESIAN_POINT ( 'NONE',  ( 1.898202538678397557E-15, 11.50000000000000178, -15.50000000000000000 ) ) ;
#1888 = EDGE_CURVE ( 'NONE', #2, #1682, #426, .T. ) ;
#1889 = CARTESIAN_POINT ( 'NONE',  ( -12.63327668295861805, 21.46494811617547427, 12.29548817981553555 ) ) ;
#1890 = VERTEX_POINT ( 'NONE', #2191 ) ;
#1891 = CARTESIAN_POINT ( 'NONE',  ( -24.99999999999999645, 12.00000000000000000, 24.99999999999999645 ) ) ;
#1892 = DIRECTION ( 'NONE',  ( -0.000000000000000000, -1.000000000000000000, -0.000000000000000000 ) ) ;
#1893 = DIRECTION ( 'NONE',  ( 0.000000000000000000, -1.000000000000000000, 0.000000000000000000 ) ) ;
#1894 = DIRECTION ( 'NONE',  ( 0.000000000000000000, 0.000000000000000000, 1.000000000000000000 ) ) ;
#1895 = DIRECTION ( 'NONE',  ( 0.000000000000000000, 0.000000000000000000, 1.000000000000000000 ) ) ;
#1896 = EDGE_LOOP ( 'NONE', ( #1329, #2122, #1297, #482 ) ) ;
#1897 = EDGE_CURVE ( 'NONE', #976, #183, #2353, .T. ) ;
#1898 = ORIENTED_EDGE ( 'NONE', *, *, #1000, .F. ) ;
#1899 = FACE_OUTER_BOUND ( 'NONE', #531, .T. ) ;
#1900 = VERTEX_POINT ( 'NONE', #704 ) ;
#1901 = CARTESIAN_POINT ( 'NONE',  ( -15.99999999999999645, 21.50000000000000000, 10.99999999999999645 ) ) ;
#1902 = EDGE_LOOP ( 'NONE', ( #1438, #519 ) ) ;
#1903 = LINE ( 'NONE', #1686, #219 ) ;
#1904 = CARTESIAN_POINT ( 'NONE',  ( 16.00000000000000711, 48.45000000000000284, 10.99999999999999645 ) ) ;
#1905 = AXIS2_PLACEMENT_3D ( 'NONE', #2436, #1181, #1334 ) ;
#1906 = ADVANCED_FACE ( 'NONE', ( #68 ), #1771, .T. ) ;
#1907 = CARTESIAN_POINT ( 'NONE',  ( 16.00000000000000711, 48.45000000000000284, 15.99999999999999645 ) ) ;
#1908 = DIRECTION ( 'NONE',  ( 0.000000000000000000, 0.000000000000000000, -1.000000000000000000 ) ) ;
#1909 = AXIS2_PLACEMENT_3D ( 'NONE', #1980, #733, #693 ) ;
#1910 = CIRCLE ( 'NONE', #2427, 1.500000000000000666 ) ;
#1911 = AXIS2_PLACEMENT_3D ( 'NONE', #1925, #2512, #865 ) ;
#1912 = ORIENTED_EDGE ( 'NONE', *, *, #2012, .F. ) ;
#1913 = ORIENTED_EDGE ( 'NONE', *, *, #1454, .F. ) ;
#1914 = CIRCLE ( 'NONE', #2610, 5.000000000000000888 ) ;
#1915 = CIRCLE ( 'NONE', #216, 1.999999999999998224 ) ;
#1916 = DIRECTION ( 'NONE',  ( 0.000000000000000000, -1.000000000000000000, 0.000000000000000000 ) ) ;
#1917 = EDGE_CURVE ( 'NONE', #1626, #1224, #128, .T. ) ;
#1918 = FACE_BOUND ( 'NONE', #449, .T. ) ;
#1919 = AXIS2_PLACEMENT_3D ( 'NONE', #805, #2052, #547 ) ;
#1920 = CYLINDRICAL_SURFACE ( 'NONE', #2354, 1.999999999999998224 ) ;
#1921 = DIRECTION ( 'NONE',  ( -1.000000000000000000, 0.000000000000000000, 0.000000000000000000 ) ) ;
#1922 = ORIENTED_EDGE ( 'NONE', *, *, #901, .F. ) ;
#1923 = CARTESIAN_POINT ( 'NONE',  ( 16.00000000000000711, 48.45000000000000284, 14.49999999999999467 ) ) ;
#1924 = DIRECTION ( 'NONE',  ( 0.000000000000000000, 0.000000000000000000, -1.000000000000000000 ) ) ;
#1925 = CARTESIAN_POINT ( 'NONE',  ( 16.00000000000000355, 9.000000000000001776, -16.00000000000000355 ) ) ;
#1926 = PRODUCT_RELATED_PRODUCT_CATEGORY ( 'part', '', ( #109 ) ) ;
#1927 = VERTEX_POINT ( 'NONE', #1949 ) ;
#1928 = ORIENTED_EDGE ( 'NONE', *, *, #1012, .T. ) ;
#1929 = DIRECTION ( 'NONE',  ( 0.000000000000000000, 1.000000000000000000, 0.000000000000000000 ) ) ;
#1930 = DIRECTION ( 'NONE',  ( 0.000000000000000000, 1.000000000000000000, 0.000000000000000000 ) ) ;
#1931 = ADVANCED_FACE ( 'NONE', ( #288 ), #674, .F. ) ;
#1932 = DIRECTION ( 'NONE',  ( 0.000000000000000000, 1.000000000000000000, 0.000000000000000000 ) ) ;
#1933 = CARTESIAN_POINT ( 'NONE',  ( -10.49360156220683571, 20.00000000000000000, 12.69669005168653797 ) ) ;
#1934 = PLANE ( 'NONE',  #1309 ) ;
#1935 = CARTESIAN_POINT ( 'NONE',  ( 25.00000000000000000, 12.00000000000000000, 24.99999999999999645 ) ) ;
#1936 = ORIENTED_EDGE ( 'NONE', *, *, #461, .T. ) ;
#1937 = VERTEX_POINT ( 'NONE', #325 ) ;
#1938 = EDGE_CURVE ( 'NONE', #1502, #1013, #1346, .T. ) ;
#1939 = DIRECTION ( 'NONE',  ( 0.8790622687779574562, 0.000000000000000000, 0.4767069619912742695 ) ) ;
#1940 = CARTESIAN_POINT ( 'NONE',  ( -25.99999999999991473, 15.49653895724248365, 16.00000000000000000 ) ) ;
#1941 = CARTESIAN_POINT ( 'NONE',  ( -11.37341594501852349, 19.99125759335204933, 11.82936682703093112 ) ) ;
#1942 = CIRCLE ( 'NONE', #1022, 1.499999999999997780 ) ;
#1943 = CARTESIAN_POINT ( 'NONE',  ( 0.000000000000000000, 19.50000000000000000, 0.000000000000000000 ) ) ;
#1944 = DIRECTION ( 'NONE',  ( 0.000000000000000000, 0.000000000000000000, 1.000000000000000000 ) ) ;
#1945 = EDGE_CURVE ( 'NONE', #2528, #2099, #1473, .T. ) ;
#1946 = VECTOR ( 'NONE', #1599, 1000.000000000000000 ) ;
#1947 = CARTESIAN_POINT ( 'NONE',  ( 25.00000000000000000, 12.00000000000000000, 24.99999999999999645 ) ) ;
#1948 = EDGE_LOOP ( 'NONE', ( #356, #2070, #527, #206 ) ) ;
#1949 = CARTESIAN_POINT ( 'NONE',  ( 29.99999999999999289, 20.00000000000000000, 25.00000000000000000 ) ) ;
#1950 = CIRCLE ( 'NONE', #1120, 1.499999999999999556 ) ;
#1951 = DIRECTION ( 'NONE',  ( -0.000000000000000000, -1.000000000000000000, -0.000000000000000000 ) ) ;
#1952 = EDGE_CURVE ( 'NONE', #2251, #1127, #1521, .T. ) ;
#1953 = AXIS2_PLACEMENT_3D ( 'NONE', #22, #283, #232 ) ;
#1954 = AXIS2_PLACEMENT_3D ( 'NONE', #1395, #1149, #1182 ) ;
#1955 = EDGE_LOOP ( 'NONE', ( #1053, #605, #2036, #1134 ) ) ;
#1956 = FACE_BOUND ( 'NONE', #2223, .T. ) ;
#1957 = CARTESIAN_POINT ( 'NONE',  ( -24.99999999999999645, 12.00000000000000000, 23.00000000000000000 ) ) ;
#1958 = AXIS2_PLACEMENT_3D ( 'NONE', #1975, #2587, #896 ) ;
#1959 = CIRCLE ( 'NONE', #2217, 16.00000000000000000 ) ;
#1960 = DIRECTION ( 'NONE',  ( 0.000000000000000000, -1.000000000000000000, 0.000000000000000000 ) ) ;
#1961 = DIRECTION ( 'NONE',  ( 0.000000000000000000, 0.000000000000000000, -1.000000000000000000 ) ) ;
#1962 = EDGE_CURVE ( 'NONE', #791, #1625, #2220, .T. ) ;
#1963 = EDGE_LOOP ( 'NONE', ( #237, #362, #2063, #1519 ) ) ;
#1964 = ORIENTED_EDGE ( 'NONE', *, *, #2165, .T. ) ;
#1965 = DIRECTION ( 'NONE',  ( 0.000000000000000000, 0.000000000000000000, -1.000000000000000000 ) ) ;
#1966 = DIRECTION ( 'NONE',  ( 0.000000000000000000, 0.000000000000000000, -1.000000000000000000 ) ) ;
#1967 = ORIENTED_EDGE ( 'NONE', *, *, #749, .T. ) ;
#1968 = CARTESIAN_POINT ( 'NONE',  ( -15.99999999999999645, 48.45000000000000284, 15.99999999999999645 ) ) ;
#1969 = DIRECTION ( 'NONE',  ( 0.000000000000000000, 0.000000000000000000, 1.000000000000000000 ) ) ;
#1970 = CARTESIAN_POINT ( 'NONE',  ( -24.99999999999999645, 12.00000000000000000, 24.99999999999999645 ) ) ;
#1971 = CARTESIAN_POINT ( 'NONE',  ( -15.99999999999999645, 6.000000000000000000, -13.00000000000000533 ) ) ;
#1972 = ORIENTED_EDGE ( 'NONE', *, *, #2125, .T. ) ;
#1973 = EDGE_CURVE ( 'NONE', #1993, #1233, #2565, .T. ) ;
#1974 = CARTESIAN_POINT ( 'NONE',  ( -23.99999999999991829, 15.49653895724248365, 30.00000000000000355 ) ) ;
#1975 = CARTESIAN_POINT ( 'NONE',  ( 0.000000000000000000, 20.00000000000000000, 0.000000000000000000 ) ) ;
#1976 = DIRECTION ( 'NONE',  ( -0.000000000000000000, -1.000000000000000000, -0.000000000000000000 ) ) ;
#1977 = DIRECTION ( 'NONE',  ( 0.000000000000000000, 1.000000000000000000, 0.000000000000000000 ) ) ;
#1978 = ORIENTED_EDGE ( 'NONE', *, *, #1392, .T. ) ;
#1979 = DIRECTION ( 'NONE',  ( 0.000000000000000000, 0.000000000000000000, 1.000000000000000000 ) ) ;
#1980 = CARTESIAN_POINT ( 'NONE',  ( 24.99999999999998934, 6.000000000000000000, 25.00000000000000000 ) ) ;
#1981 = EDGE_CURVE ( 'NONE', #1821, #2211, #1152, .T. ) ;
#1982 = DIRECTION ( 'NONE',  ( -0.000000000000000000, -1.000000000000000000, -0.000000000000000000 ) ) ;
#1983 = ORIENTED_EDGE ( 'NONE', *, *, #1431, .F. ) ;
#1984 = DIRECTION ( 'NONE',  ( -0.000000000000000000, 1.000000000000000000, -0.000000000000000000 ) ) ;
#1985 = DIRECTION ( 'NONE',  ( 0.000000000000000000, -1.000000000000000000, 0.000000000000000000 ) ) ;
#1986 = FACE_OUTER_BOUND ( 'NONE', #1326, .T. ) ;
#1987 = ORIENTED_EDGE ( 'NONE', *, *, #481, .F. ) ;
#1988 = CARTESIAN_POINT ( 'NONE',  ( 0.000000000000000000, 10.50000000000000000, -10.50000000000000000 ) ) ;
#1989 = DIRECTION ( 'NONE',  ( 0.000000000000000000, -1.000000000000000000, 0.000000000000000000 ) ) ;
#1990 = CARTESIAN_POINT ( 'NONE',  ( -15.99999999999999645, 48.45000000000000284, -16.00000000000000711 ) ) ;
#1991 = EDGE_CURVE ( 'NONE', #1188, #2, #166, .T. ) ;
#1992 = CIRCLE ( 'NONE', #2209, 1.999999999999998224 ) ;
#1993 = VERTEX_POINT ( 'NONE', #927 ) ;
#1994 = VERTEX_POINT ( 'NONE', #1327 ) ;
#1995 = CARTESIAN_POINT ( 'NONE',  ( -11.72020568012535691, 21.50000000000000000, -13.40344825236549653 ) ) ;
#1996 = CARTESIAN_POINT ( 'NONE',  ( 29.99999999999999289, 6.000000000000000000, 30.00000000000000355 ) ) ;
#1997 = CIRCLE ( 'NONE', #1295, 16.00000000000000000 ) ;
#1998 = ORIENTED_EDGE ( 'NONE', *, *, #279, .T. ) ;
#1999 = CIRCLE ( 'NONE', #1429, 1.500000000000001332 ) ;
#2000 = DIRECTION ( 'NONE',  ( 0.000000000000000000, 1.000000000000000000, 0.000000000000000000 ) ) ;
#2001 = ADVANCED_FACE ( 'NONE', ( #533 ), #1183, .F. ) ;
#2002 = CIRCLE ( 'NONE', #2609, 5.000000000000000888 ) ;
#2003 = MECHANICAL_DESIGN_GEOMETRIC_PRESENTATION_REPRESENTATION (  '', ( #2607 ), #1827 ) ;
#2004 = AXIS2_PLACEMENT_3D ( 'NONE', #1229, #1615, #2072 ) ;
#2005 = DIRECTION ( 'NONE',  ( 0.000000000000000000, 0.000000000000000000, -1.000000000000000000 ) ) ;
#2006 = VECTOR ( 'NONE', #631, 1000.000000000000000 ) ;
#2007 = DIRECTION ( 'NONE',  ( -0.000000000000000000, -1.000000000000000000, -0.000000000000000000 ) ) ;
#2008 = CIRCLE ( 'NONE', #480, 1.500000000000001332 ) ;
#2009 = ADVANCED_FACE ( 'NONE', ( #825 ), #144, .F. ) ;
#2010 = DIRECTION ( 'NONE',  ( 0.000000000000000000, 1.000000000000000000, 0.000000000000000000 ) ) ;
#2011 = ORIENTED_EDGE ( 'NONE', *, *, #2318, .T. ) ;
#2012 = EDGE_CURVE ( 'NONE', #391, #885, #892, .T. ) ;
#2013 = CARTESIAN_POINT ( 'NONE',  ( 13.61646519004362510, 20.00000000000000355, -11.60468865611021805 ) ) ;
#2014 = ORIENTED_EDGE ( 'NONE', *, *, #1108, .F. ) ;
#2015 = CARTESIAN_POINT ( 'NONE',  ( 16.00000000000000355, 9.000000000000001776, -17.50000000000000355 ) ) ;
#2016 = CYLINDRICAL_SURFACE ( 'NONE', #726, 3.000000000000002665 ) ;
#2017 = EDGE_CURVE ( 'NONE', #467, #1900, #2506, .T. ) ;
#2018 = ORIENTED_EDGE ( 'NONE', *, *, #679, .T. ) ;
#2019 = DIRECTION ( 'NONE',  ( 1.000000000000000000, -0.000000000000000000, 0.000000000000000000 ) ) ;
#2020 = FACE_OUTER_BOUND ( 'NONE', #1197, .T. ) ;
#2021 = ORIENTED_EDGE ( 'NONE', *, *, #1981, .F. ) ;
#2022 = CARTESIAN_POINT ( 'NONE',  ( 12.69664187036853775, 20.00000000000000000, -10.49365040054580156 ) ) ;
#2023 = EDGE_CURVE ( 'NONE', #236, #885, #2259, .T. ) ;
#2024 = ORIENTED_EDGE ( 'NONE', *, *, #1952, .T. ) ;
#2025 = EDGE_LOOP ( 'NONE', ( #96, #1883, #2021, #251 ) ) ;
#2026 = DIRECTION ( 'NONE',  ( -0.000000000000000000, -1.000000000000000000, -0.000000000000000000 ) ) ;
#2027 = DIRECTION ( 'NONE',  ( -0.000000000000000000, -1.000000000000000000, -0.000000000000000000 ) ) ;
#2028 = ORIENTED_EDGE ( 'NONE', *, *, #2017, .T. ) ;
#2029 = DIRECTION ( 'NONE',  ( -0.8790622687779574562, 0.000000000000000000, 0.4767069619912742695 ) ) ;
#2030 = CARTESIAN_POINT ( 'NONE',  ( 16.00000000000000711, 60.45000000000000284, 15.99999999999999645 ) ) ;
#2031 = CARTESIAN_POINT ( 'NONE',  ( 10.28609525294328186, 20.00000000000000000, -12.90140474705672347 ) ) ;
#2032 = EDGE_CURVE ( 'NONE', #1461, #1809, #1061, .T. ) ;
#2033 = CARTESIAN_POINT ( 'NONE',  ( 12.63702060933505322, 21.46503184141916876, 12.29208662460216850 ) ) ;
#2034 = FILL_AREA_STYLE_COLOUR ( '', #1081 ) ;
#2035 = EDGE_LOOP ( 'NONE', ( #1749, #1972, #1274, #1284 ) ) ;
#2036 = ORIENTED_EDGE ( 'NONE', *, *, #1581, .T. ) ;
#2037 = CARTESIAN_POINT ( 'NONE',  ( 10.49365040054554576, 20.00000000000000000, 12.69664187036848446 ) ) ;
#2038 = CIRCLE ( 'NONE', #208, 1.499999999999999556 ) ;
#2039 = AXIS2_PLACEMENT_3D ( 'NONE', #2092, #1246, #1894 ) ;
#2040 = DIRECTION ( 'NONE',  ( 0.000000000000000000, 0.000000000000000000, 1.000000000000000000 ) ) ;
#2041 = DIRECTION ( 'NONE',  ( 0.000000000000000000, 0.000000000000000000, -1.000000000000000000 ) ) ;
#2042 = CIRCLE ( 'NONE', #851, 5.000000000000000888 ) ;
#2043 = CIRCLE ( 'NONE', #804, 6.500000000000000888 ) ;
#2044 = AXIS2_PLACEMENT_3D ( 'NONE', #764, #1601, #559 ) ;
#2045 = AXIS2_PLACEMENT_3D ( 'NONE', #475, #669, #2144 ) ;
#2046 = LINE ( 'NONE', #2237, #2394 ) ;
#2047 = TOROIDAL_SURFACE ( 'NONE', #2694, 6.500000000000000888, 1.500000000000000000 ) ;
#2048 = EDGE_CURVE ( 'NONE', #816, #1650, #1435, .T. ) ;
#2049 = AXIS2_PLACEMENT_3D ( 'NONE', #1158, #1594, #2196 ) ;
#2050 = ORIENTED_EDGE ( 'NONE', *, *, #1806, .T. ) ;
#2051 = VERTEX_POINT ( 'NONE', #2491 ) ;
#2052 = DIRECTION ( 'NONE',  ( -1.000000000000000000, 0.000000000000000000, 0.000000000000000000 ) ) ;
#2053 = ORIENTED_EDGE ( 'NONE', *, *, #2617, .F. ) ;
#2054 = VERTEX_POINT ( 'NONE', #2087 ) ;
#2055 = FACE_BOUND ( 'NONE', #43, .T. ) ;
#2056 = DIRECTION ( 'NONE',  ( 0.000000000000000000, 0.000000000000000000, 1.000000000000000000 ) ) ;
#2057 = EDGE_CURVE ( 'NONE', #849, #2077, #2650, .T. ) ;
#2058 = CARTESIAN_POINT ( 'NONE',  ( 25.00000000000000000, 12.00000000000000000, 26.99999999999999645 ) ) ;
#2059 = CARTESIAN_POINT ( 'NONE',  ( -24.99999999999999645, 12.00000000000000000, 24.99999999999999645 ) ) ;
#2060 = ORIENTED_EDGE ( 'NONE', *, *, #962, .F. ) ;
#2061 = VERTEX_POINT ( 'NONE', #973 ) ;
#2062 = DIRECTION ( 'NONE',  ( -0.000000000000000000, -1.000000000000000000, -0.000000000000000000 ) ) ;
#2063 = ORIENTED_EDGE ( 'NONE', *, *, #962, .T. ) ;
#2064 = ORIENTED_EDGE ( 'NONE', *, *, #250, .F. ) ;
#2065 = CARTESIAN_POINT ( 'NONE',  ( 16.00000000000000355, 20.00000000000000000, -22.50000000000000711 ) ) ;
#2066 = EDGE_CURVE ( 'NONE', #1870, #2251, #2351, .T. ) ;
#2067 = FACE_BOUND ( 'NONE', #1371, .T. ) ;
#2068 = CARTESIAN_POINT ( 'NONE',  ( -11.82936682703119224, 19.99125759335208841, -11.37341594501852526 ) ) ;
#2069 = CARTESIAN_POINT ( 'NONE',  ( 0.000000000000000000, 10.50000000000000000, 0.000000000000000000 ) ) ;
#2070 = ORIENTED_EDGE ( 'NONE', *, *, #690, .T. ) ;
#2071 = CARTESIAN_POINT ( 'NONE',  ( -15.99999999999999645, 21.50000000000000000, -16.00000000000000711 ) ) ;
#2072 = DIRECTION ( 'NONE',  ( 0.000000000000000000, 0.000000000000000000, 1.000000000000000000 ) ) ;
#2073 = ADVANCED_FACE ( 'NONE', ( #811 ), #942, .F. ) ;
#2074 = ORIENTED_EDGE ( 'NONE', *, *, #1007, .T. ) ;
#2075 = DIRECTION ( 'NONE',  ( 0.000000000000000000, 0.000000000000000000, 1.000000000000000000 ) ) ;
#2076 = CARTESIAN_POINT ( 'NONE',  ( -10.28609525294327653, 20.00000000000000000, -12.90140474705672702 ) ) ;
#2077 = VERTEX_POINT ( 'NONE', #1100 ) ;
#2078 = ORIENTED_EDGE ( 'NONE', *, *, #2597, .F. ) ;
#2079 = PLANE ( 'NONE',  #1730 ) ;
#2080 = EDGE_CURVE ( 'NONE', #1667, #184, #2657, .T. ) ;
#2081 = CARTESIAN_POINT ( 'NONE',  ( -15.99999999999999645, 6.000000000000000000, -19.00000000000001066 ) ) ;
#2082 = DIRECTION ( 'NONE',  ( 0.000000000000000000, 0.000000000000000000, 1.000000000000000000 ) ) ;
#2083 = ORIENTED_EDGE ( 'NONE', *, *, #649, .F. ) ;
#2084 = VECTOR ( 'NONE', #1113, 1000.000000000000000 ) ;
#2085 = CARTESIAN_POINT ( 'NONE',  ( 10.72493438024237022, 20.00000000000000711, -12.46846938438067198 ) ) ;
#2086 = AXIS2_PLACEMENT_3D ( 'NONE', #75, #894, #953 ) ;
#2087 = CARTESIAN_POINT ( 'NONE',  ( 25.00000000000000000, 12.00000000000000000, 23.00000000000000000 ) ) ;
#2088 = AXIS2_PLACEMENT_3D ( 'NONE', #1057, #1687, #1483 ) ;
#2089 = AXIS2_PLACEMENT_3D ( 'NONE', #1990, #311, #1163 ) ;
#2090 = CIRCLE ( 'NONE', #1252, 15.50000000000000000 ) ;
#2091 = ADVANCED_FACE ( 'NONE', ( #686, #1530 ), #246, .T. ) ;
#2092 = CARTESIAN_POINT ( 'NONE',  ( 16.00000000000000355, 21.50000000000000000, -16.00000000000000355 ) ) ;
#2093 = AXIS2_PLACEMENT_3D ( 'NONE', #35, #1484, #1674 ) ;
#2094 = ORIENTED_EDGE ( 'NONE', *, *, #536, .F. ) ;
#2095 = VECTOR ( 'NONE', #1143, 1000.000000000000000 ) ;
#2096 = EDGE_LOOP ( 'NONE', ( #801, #613, #2109, #1016 ) ) ;
#2097 = EDGE_CURVE ( 'NONE', #1638, #1670, #2262, .T. ) ;
#2098 = CYLINDRICAL_SURFACE ( 'NONE', #1523, 1.500000000000001332 ) ;
#2099 = VERTEX_POINT ( 'NONE', #2331 ) ;
#2100 = DIRECTION ( 'NONE',  ( 0.000000000000000000, 0.000000000000000000, -1.000000000000000000 ) ) ;
#2101 = DIRECTION ( 'NONE',  ( -0.000000000000000000, -1.000000000000000000, -0.000000000000000000 ) ) ;
#2102 = FACE_OUTER_BOUND ( 'NONE', #165, .T. ) ;
#2103 = CARTESIAN_POINT ( 'NONE',  ( 16.00000000000000711, 21.50000000000000000, 22.50000000000000000 ) ) ;
#2104 = DIRECTION ( 'NONE',  ( 0.000000000000000000, 1.000000000000000000, 0.000000000000000000 ) ) ;
#2105 = EDGE_CURVE ( 'NONE', #2061, #15, #1084, .T. ) ;
#2106 = CARTESIAN_POINT ( 'NONE',  ( 25.00000000000000000, 12.00000000000000000, -27.00000000000000355 ) ) ;
#2107 = CARTESIAN_POINT ( 'NONE',  ( 16.00000000000000355, 6.000000000000000000, -16.00000000000000355 ) ) ;
#2108 = ORIENTED_EDGE ( 'NONE', *, *, #2048, .T. ) ;
#2109 = ORIENTED_EDGE ( 'NONE', *, *, #453, .F. ) ;
#2110 = DIRECTION ( 'NONE',  ( 0.000000000000000000, 0.000000000000000000, 1.000000000000000000 ) ) ;
#2111 = ORIENTED_EDGE ( 'NONE', *, *, #122, .T. ) ;
#2112 = EDGE_CURVE ( 'NONE', #2146, #1927, #1349, .T. ) ;
#2113 = ORIENTED_EDGE ( 'NONE', *, *, #1196, .T. ) ;
#2114 = CARTESIAN_POINT ( 'NONE',  ( 25.00000000000000000, 12.00000000000000000, -25.00000000000000355 ) ) ;
#2115 = CARTESIAN_POINT ( 'NONE',  ( -11.82477116012372775, 19.99123702900261179, 11.37803752654165734 ) ) ;
#2116 = VERTEX_POINT ( 'NONE', #1543 ) ;
#2117 = CARTESIAN_POINT ( 'NONE',  ( -15.99999999999999645, 21.50000000000000000, 15.99999999999999645 ) ) ;
#2118 = DIRECTION ( 'NONE',  ( 0.000000000000000000, 1.000000000000000000, 0.000000000000000000 ) ) ;
#2119 = FACE_OUTER_BOUND ( 'NONE', #239, .T. ) ;
#2120 = EDGE_CURVE ( 'NONE', #2, #2367, #170, .T. ) ;
#2121 = ORIENTED_EDGE ( 'NONE', *, *, #812, .F. ) ;
#2122 = ORIENTED_EDGE ( 'NONE', *, *, #2195, .F. ) ;
#2123 = CARTESIAN_POINT ( 'NONE',  ( 0.000000000000000000, 6.500000000000000888, 0.000000000000000000 ) ) ;
#2124 = DIRECTION ( 'NONE',  ( 0.000000000000000000, 0.000000000000000000, -1.000000000000000000 ) ) ;
#2125 = EDGE_CURVE ( 'NONE', #1994, #1017, #855, .T. ) ;
#2126 = CARTESIAN_POINT ( 'NONE',  ( 12.90140474705672702, 20.00000000000000000, 10.28609525294327653 ) ) ;
#2127 = FACE_OUTER_BOUND ( 'NONE', #462, .T. ) ;
#2128 = DIRECTION ( 'NONE',  ( 0.4767069619912706058, 1.653909516255679776E-15, 0.8790622687779593436 ) ) ;
#2129 = DIRECTION ( 'NONE',  ( -0.000000000000000000, -1.000000000000000000, -0.000000000000000000 ) ) ;
#2130 = VECTOR ( 'NONE', #2500, 1000.000000000000000 ) ;
#2131 = LINE ( 'NONE', #264, #1518 ) ;
#2132 = AXIS2_PLACEMENT_3D ( 'NONE', #1032, #1471, #1448 ) ;
#2133 = AXIS2_PLACEMENT_3D ( 'NONE', #1548, #494, #916 ) ;
#2134 = AXIS2_PLACEMENT_3D ( 'NONE', #2059, #2702, #2672 ) ;
#2135 = EDGE_CURVE ( 'NONE', #1414, #118, #51, .T. ) ;
#2136 = ORIENTED_EDGE ( 'NONE', *, *, #1917, .F. ) ;
#2137 = EDGE_LOOP ( 'NONE', ( #2510, #2267, #2499, #1770, #1515, #1434, #2241, #601 ) ) ;
#2138 = CIRCLE ( 'NONE', #806, 5.000000000000000888 ) ;
#2139 = VECTOR ( 'NONE', #2370, 1000.000000000000000 ) ;
#2140 = CYLINDRICAL_SURFACE ( 'NONE', #939, 1.999999999999998224 ) ;
#2141 = DIRECTION ( 'NONE',  ( 0.000000000000000000, 0.000000000000000000, 1.000000000000000000 ) ) ;
#2142 = CARTESIAN_POINT ( 'NONE',  ( 13.61646519004363221, 21.50000000000000000, -11.60468865611021627 ) ) ;
#2143 = CARTESIAN_POINT ( 'NONE',  ( -23.99999999999991829, 15.49653895724248365, -15.99999999999998579 ) ) ;
#2144 = DIRECTION ( 'NONE',  ( -1.000000000000000000, 0.000000000000000000, 0.000000000000000000 ) ) ;
#2145 = FACE_OUTER_BOUND ( 'NONE', #951, .T. ) ;
#2146 = VERTEX_POINT ( 'NONE', #701 ) ;
#2147 = EDGE_CURVE ( 'NONE', #1682, #118, #2177, .T. ) ;
#2148 = EDGE_LOOP ( 'NONE', ( #1830, #1967, #2567, #66 ) ) ;
#2149 = ORIENTED_EDGE ( 'NONE', *, *, #1366, .F. ) ;
#2150 = VECTOR ( 'NONE', #292, 1000.000000000000000 ) ;
#2151 = CARTESIAN_POINT ( 'NONE',  ( 16.00000000000000711, 20.00000000000000000, 15.99999999999999645 ) ) ;
#2152 = CARTESIAN_POINT ( 'NONE',  ( 29.99999999999999289, 20.00000000000000000, 25.00000000000000000 ) ) ;
#2153 = CARTESIAN_POINT ( 'NONE',  ( 24.99999999999998934, 6.000000000000000000, 30.00000000000000355 ) ) ;
#2154 = CARTESIAN_POINT ( 'NONE',  ( -13.40352551871271203, 21.49999998761870046, 11.72016377933293008 ) ) ;
#2155 = CYLINDRICAL_SURFACE ( 'NONE', #305, 3.000000000000000888 ) ;
#2156 = CARTESIAN_POINT ( 'NONE',  ( 0.000000000000000000, 20.00000000000000000, 0.000000000000000000 ) ) ;
#2157 = EDGE_CURVE ( 'NONE', #467, #2340, #40, .T. ) ;
#2158 = ORIENTED_EDGE ( 'NONE', *, *, #2057, .F. ) ;
#2159 = ORIENTED_EDGE ( 'NONE', *, *, #2289, .T. ) ;
#2160 = CARTESIAN_POINT ( 'NONE',  ( 10.28609525294328542, 20.00000000000000000, -12.90140474705671636 ) ) ;
#2161 = CARTESIAN_POINT ( 'NONE',  ( -15.99999999999999645, 60.45000000000000284, 15.99999999999999645 ) ) ;
#2162 = FACE_OUTER_BOUND ( 'NONE', #2317, .T. ) ;
#2163 = DIRECTION ( 'NONE',  ( 0.000000000000000000, 0.000000000000000000, -1.000000000000000000 ) ) ;
#2164 = CARTESIAN_POINT ( 'NONE',  ( 29.99999999999999289, 20.00000000000000000, -24.99999999999999645 ) ) ;
#2165 = EDGE_CURVE ( 'NONE', #1014, #1638, #1572, .T. ) ;
#2166 = DIRECTION ( 'NONE',  ( 0.000000000000000000, 0.000000000000000000, 1.000000000000000000 ) ) ;
#2167 = DIRECTION ( 'NONE',  ( 0.000000000000000000, 1.000000000000000000, 0.000000000000000000 ) ) ;
#2168 = APPLICATION_CONTEXT ( 'automotive_design' ) ;
#2169 = CIRCLE ( 'NONE', #796, 3.000000000000002665 ) ;
#2170 = CIRCLE ( 'NONE', #2519, 0.5000000000000004441 ) ;
#2171 = DIRECTION ( 'NONE',  ( 0.000000000000000000, 0.000000000000000000, -1.000000000000000000 ) ) ;
#2172 = ORIENTED_EDGE ( 'NONE', *, *, #320, .F. ) ;
#2173 = DIRECTION ( 'NONE',  ( 0.000000000000000000, 0.000000000000000000, -1.000000000000000000 ) ) ;
#2174 = AXIS2_PLACEMENT_3D ( 'NONE', #1891, #2408, #2184 ) ;
#2175 = DIRECTION ( 'NONE',  ( -0.000000000000000000, -1.000000000000000000, -0.000000000000000000 ) ) ;
#2176 = EDGE_CURVE ( 'NONE', #2595, #1414, #2523, .T. ) ;
#2177 = CIRCLE ( 'NONE', #763, 5.000000000000000888 ) ;
#2178 = AXIS2_PLACEMENT_3D ( 'NONE', #2103, #107, #138 ) ;
#2179 = ORIENTED_EDGE ( 'NONE', *, *, #779, .F. ) ;
#2180 = DIRECTION ( 'NONE',  ( 0.000000000000000000, -1.000000000000000000, 0.000000000000000000 ) ) ;
#2181 = CARTESIAN_POINT ( 'NONE',  ( 0.000000000000000000, 11.50000000000000178, 16.00000000000000000 ) ) ;
#2182 = AXIS2_PLACEMENT_3D ( 'NONE', #1087, #1322, #858 ) ;
#2183 = EDGE_LOOP ( 'NONE', ( #191, #734, #1811, #2293 ) ) ;
#2184 = DIRECTION ( 'NONE',  ( 0.000000000000000000, 0.000000000000000000, -1.000000000000000000 ) ) ;
#2185 = DIRECTION ( 'NONE',  ( 0.000000000000000000, -1.000000000000000000, 0.000000000000000000 ) ) ;
#2186 = CYLINDRICAL_SURFACE ( 'NONE', #2089, 5.000000000000000888 ) ;
#2187 = CIRCLE ( 'NONE', #2049, 1.999999999999998224 ) ;
#2188 = PLANE ( 'NONE',  #1954 ) ;
#2189 = DIRECTION ( 'NONE',  ( 0.000000000000000000, 0.000000000000000000, 1.000000000000000000 ) ) ;
#2190 = ORIENTED_EDGE ( 'NONE', *, *, #946, .T. ) ;
#2191 = CARTESIAN_POINT ( 'NONE',  ( 25.00000000000000000, 12.00000000000000000, -23.00000000000000711 ) ) ;
#2192 = DIRECTION ( 'NONE',  ( 0.000000000000000000, 0.000000000000000000, -1.000000000000000000 ) ) ;
#2193 = EDGE_LOOP ( 'NONE', ( #228, #1193, #975, #2334 ) ) ;
#2194 = DIRECTION ( 'NONE',  ( 0.000000000000000000, 0.000000000000000000, 1.000000000000000000 ) ) ;
#2195 = EDGE_CURVE ( 'NONE', #56, #955, #1697, .T. ) ;
#2196 = DIRECTION ( 'NONE',  ( 0.000000000000000000, 0.000000000000000000, -1.000000000000000000 ) ) ;
#2197 = CARTESIAN_POINT ( 'NONE',  ( 0.000000000000000000, 6.500000000000000888, 0.000000000000000000 ) ) ;
#2198 = CARTESIAN_POINT ( 'NONE',  ( 16.00000000000000355, 21.50000000000000000, -16.00000000000000355 ) ) ;
#2199 = CYLINDRICAL_SURFACE ( 'NONE', #2298, 5.000000000000000888 ) ;
#2200 = ADVANCED_FACE ( 'NONE', ( #2145 ), #77, .F. ) ;
#2201 = ORIENTED_EDGE ( 'NONE', *, *, #2023, .T. ) ;
#2202 = CARTESIAN_POINT ( 'NONE',  ( -23.99999999999991829, 15.49653895724248365, -15.99999999999998579 ) ) ;
#2203 = ORIENTED_EDGE ( 'NONE', *, *, #1981, .T. ) ;
#2204 = DIRECTION ( 'NONE',  ( 0.8790622687779575672, -8.598637450742486481E-17, -0.4767069619912743805 ) ) ;
#2205 = DIRECTION ( 'NONE',  ( 0.000000000000000000, 0.000000000000000000, -1.000000000000000000 ) ) ;
#2206 = ORIENTED_EDGE ( 'NONE', *, *, #2635, .T. ) ;
#2207 = DIRECTION ( 'NONE',  ( 0.000000000000000000, 0.000000000000000000, 1.000000000000000000 ) ) ;
#2208 = CARTESIAN_POINT ( 'NONE',  ( 0.000000000000000000, 11.50000000000000178, 15.50000000000000000 ) ) ;
#2209 = AXIS2_PLACEMENT_3D ( 'NONE', #2226, #540, #2588 ) ;
#2210 = DIRECTION ( 'NONE',  ( 0.000000000000000000, 1.000000000000000000, 0.000000000000000000 ) ) ;
#2211 = VERTEX_POINT ( 'NONE', #872 ) ;
#2212 = CARTESIAN_POINT ( 'NONE',  ( -12.81644188079781621, 21.47175186058604623, 12.13702738248273150 ) ) ;
#2213 = EDGE_CURVE ( 'NONE', #788, #1273, #380, .T. ) ;
#2214 = VECTOR ( 'NONE', #1068, 1000.000000000000000 ) ;
#2215 =( BOUNDED_SURFACE ( )  B_SPLINE_SURFACE ( 3, 2, ( 
 ( #93, #1350, #1415 ),
 ( #2469, #2245, #2696 ),
 ( #1023, #1606, #1640 ),
 ( #1424, #808, #2680 ),
 ( #2235, #1837, #2068 ),
 ( #1844, #1452, #998 ),
 ( #2273, #367, #2257 ),
 ( #1658, #1198, #1823 ),
 ( #758, #2457, #2670 ),
 ( #2283, #1853, #2487 ) ),
 .UNSPECIFIED., .F., .F., .F. ) 
 B_SPLINE_SURFACE_WITH_KNOTS ( ( 4, 2, 2, 2, 4 ),
 ( 3, 3 ),
 ( 0.000000000000000000, 0.0009328616268190949995, 0.001865723253638189999, 0.002798584880457284998, 0.003731446507276379998 ),
 ( 0.000000000000000000, 1.000000000000000000 ),
 .UNSPECIFIED. ) 
 GEOMETRIC_REPRESENTATION_ITEM ( )  RATIONAL_B_SPLINE_SURFACE ( (
 ( 1.000000000000000000, 0.7071067811865491270, 1.000000000000000000),
 ( 1.000000000000000000, 0.7271188543507860480, 1.000000000000000000),
 ( 1.000000000000000000, 0.7429605494023542311, 1.000000000000000000),
 ( 1.000000000000000000, 0.7644645327643170285, 1.000000000000000000),
 ( 1.000000000000000000, 0.7701213306520504620, 1.000000000000000000),
 ( 1.000000000000000000, 0.7701974043933810243, 1.000000000000000000),
 ( 1.000000000000000000, 0.7645472897087494113, 1.000000000000000000),
 ( 1.000000000000000000, 0.7430036583613367496, 1.000000000000000000),
 ( 1.000000000000000000, 0.7271230941869215592, 1.000000000000000000),
 ( 1.000000000000000000, 0.7071067811865481278, 1.000000000000000000) ) ) 
 REPRESENTATION_ITEM ( '' )  SURFACE ( )  );
#2216 = VERTEX_POINT ( 'NONE', #859 ) ;
#2217 = AXIS2_PLACEMENT_3D ( 'NONE', #486, #735, #952 ) ;
#2218 = CARTESIAN_POINT ( 'NONE',  ( 12.69669005168618270, 19.99999999999999645, 10.49360156220691032 ) ) ;
#2219 = DIRECTION ( 'NONE',  ( 0.000000000000000000, 0.000000000000000000, -1.000000000000000000 ) ) ;
#2220 = CIRCLE ( 'NONE', #1036, 1.999999999999998224 ) ;
#2221 = AXIS2_PLACEMENT_3D ( 'NONE', #2264, #1228, #775 ) ;
#2222 = CARTESIAN_POINT ( 'NONE',  ( -12.90140474705671458, 21.50000000000000000, -10.28609525294328364 ) ) ;
#2223 = EDGE_LOOP ( 'NONE', ( #597, #784 ) ) ;
#2224 = LINE ( 'NONE', #1180, #2139 ) ;
#2225 = AXIS2_PLACEMENT_3D ( 'NONE', #2197, #539, #321 ) ;
#2226 = CARTESIAN_POINT ( 'NONE',  ( -25.00000000000000000, 6.000000000000000000, -25.00000000000001066 ) ) ;
#2227 = AXIS2_PLACEMENT_3D ( 'NONE', #1702, #1482, #1466 ) ;
#2228 = EDGE_CURVE ( 'NONE', #1233, #1993, #1914, .T. ) ;
#2229 = ORIENTED_EDGE ( 'NONE', *, *, #222, .F. ) ;
#2230 = CARTESIAN_POINT ( 'NONE',  ( 13.23837095858075408, 20.13850002488195301, -11.82425838070442126 ) ) ;
#2231 = ORIENTED_EDGE ( 'NONE', *, *, #1268, .T. ) ;
#2232 = ORIENTED_EDGE ( 'NONE', *, *, #2686, .T. ) ;
#2233 = CARTESIAN_POINT ( 'NONE',  ( 11.72016377933291409, 21.49999998761870046, 13.40352551871276177 ) ) ;
#2234 = ORIENTED_EDGE ( 'NONE', *, *, #1217, .T. ) ;
#2235 = CARTESIAN_POINT ( 'NONE',  ( -12.63692958356649143, 21.46503037324193741, -12.29217164724334488 ) ) ;
#2236 = FACE_OUTER_BOUND ( 'NONE', #1872, .T. ) ;
#2237 = CARTESIAN_POINT ( 'NONE',  ( 25.00000000000000000, 12.00000000000000000, 23.00000000000000000 ) ) ;
#2238 = CARTESIAN_POINT ( 'NONE',  ( 16.00000000000000355, 6.000000000000000000, -16.00000000000000355 ) ) ;
#2239 = ORIENTED_EDGE ( 'NONE', *, *, #848, .T. ) ;
#2240 = EDGE_CURVE ( 'NONE', #1367, #391, #2579, .T. ) ;
#2241 = ORIENTED_EDGE ( 'NONE', *, *, #554, .T. ) ;
#2242 = ORIENTED_EDGE ( 'NONE', *, *, #1630, .F. ) ;
#2243 = ORIENTED_EDGE ( 'NONE', *, *, #158, .F. ) ;
#2244 = CIRCLE ( 'NONE', #786, 11.00000000000000178 ) ;
#2245 = CARTESIAN_POINT ( 'NONE',  ( -13.43987667928963958, 20.08262435754599906, -11.70045088616809714 ) ) ;
#2246 = DIRECTION ( 'NONE',  ( 0.000000000000000000, -0.000000000000000000, 1.000000000000000000 ) ) ;
#2247 = EDGE_CURVE ( 'NONE', #1711, #1401, #263, .T. ) ;
#2248 = CARTESIAN_POINT ( 'NONE',  ( -15.99999999999999645, 9.000000000000001776, 15.99999999999999645 ) ) ;
#2249 = EDGE_LOOP ( 'NONE', ( #2426, #636 ) ) ;
#2250 = CIRCLE ( 'NONE', #1156, 6.500000000000002665 ) ;
#2251 = VERTEX_POINT ( 'NONE', #723 ) ;
#2252 = EDGE_LOOP ( 'NONE', ( #1034, #673, #2231, #1729 ) ) ;
#2253 = LINE ( 'NONE', #1604, #2526 ) ;
#2254 =( NAMED_UNIT ( * ) PLANE_ANGLE_UNIT ( ) SI_UNIT ( $, .RADIAN. ) );
#2255 = EDGE_CURVE ( 'NONE', #1179, #439, #1648, .T. ) ;
#2256 = VERTEX_POINT ( 'NONE', #513 ) ;
#2257 = CARTESIAN_POINT ( 'NONE',  ( -11.15112331407493507, 19.99293804998946200, -12.04963069227669337 ) ) ;
#2258 = DIRECTION ( 'NONE',  ( 0.000000000000000000, 0.000000000000000000, 1.000000000000000000 ) ) ;
#2259 = CIRCLE ( 'NONE', #1121, 0.5000000000000004441 ) ;
#2260 = VECTOR ( 'NONE', #418, 1000.000000000000000 ) ;
#2261 =( GEOMETRIC_REPRESENTATION_CONTEXT ( 3 ) GLOBAL_UNCERTAINTY_ASSIGNED_CONTEXT ( ( #1544 ) ) GLOBAL_UNIT_ASSIGNED_CONTEXT ( ( #1820, #2254, #771 ) ) REPRESENTATION_CONTEXT ( 'NONE', 'WORKASPACE' ) );
#2262 = CIRCLE ( 'NONE', #2473, 6.500000000000000888 ) ;
#2263 = VECTOR ( 'NONE', #1585, 1000.000000000000000 ) ;
#2264 = CARTESIAN_POINT ( 'NONE',  ( -25.99999999999991473, 15.49653895724248365, -15.99999999999998579 ) ) ;
#2265 = FACE_BOUND ( 'NONE', #1139, .T. ) ;
#2266 = AXIS2_PLACEMENT_3D ( 'NONE', #1199, #399, #2041 ) ;
#2267 = ORIENTED_EDGE ( 'NONE', *, *, #1190, .F. ) ;
#2268 = LINE ( 'NONE', #2481, #2428 ) ;
#2269 = ORIENTED_EDGE ( 'NONE', *, *, #48, .T. ) ;
#2270 = CARTESIAN_POINT ( 'NONE',  ( 12.64834368214049753, 20.22257091067412560, 12.28077990433009425 ) ) ;
#2271 = ORIENTED_EDGE ( 'NONE', *, *, #712, .T. ) ;
#2272 = EDGE_CURVE ( 'NONE', #439, #2652, #603, .T. ) ;
#2273 = CARTESIAN_POINT ( 'NONE',  ( -12.13701917602302061, 21.47175220350013092, -12.81645067846799613 ) ) ;
#2274 = ORIENTED_EDGE ( 'NONE', *, *, #860, .F. ) ;
#2275 = CARTESIAN_POINT ( 'NONE',  ( 16.00000000000000355, 9.000000000000001776, 15.99999999999999645 ) ) ;
#2276 = CARTESIAN_POINT ( 'NONE',  ( -11.72015868422620954, 21.50000000000000000, 13.40353491424587951 ) ) ;
#2277 = ORIENTED_EDGE ( 'NONE', *, *, #1409, .F. ) ;
#2278 = DIRECTION ( 'NONE',  ( -0.000000000000000000, 1.000000000000000000, -0.000000000000000000 ) ) ;
#2279 = EDGE_CURVE ( 'NONE', #2116, #2528, #2138, .T. ) ;
#2280 = ORIENTED_EDGE ( 'NONE', *, *, #1054, .F. ) ;
#2281 = DIRECTION ( 'NONE',  ( 0.000000000000000000, -1.000000000000000000, 0.000000000000000000 ) ) ;
#2282 = ORIENTED_EDGE ( 'NONE', *, *, #222, .T. ) ;
#2283 = CARTESIAN_POINT ( 'NONE',  ( -11.60468865611020739, 21.50000000000000000, -13.61646519004363753 ) ) ;
#2284 = FACE_BOUND ( 'NONE', #2451, .T. ) ;
#2285 = ADVANCED_FACE ( 'NONE', ( #1148 ), #2186, .T. ) ;
#2286 = LINE ( 'NONE', #8, #2307 ) ;
#2287 = CARTESIAN_POINT ( 'NONE',  ( 13.20110504389532124, 21.48931888297878601, -11.84984408079257179 ) ) ;
#2288 = ADVANCED_FACE ( 'NONE', ( #2020 ), #351, .T. ) ;
#2289 = EDGE_CURVE ( 'NONE', #1514, #1188, #465, .T. ) ;
#2290 = FACE_OUTER_BOUND ( 'NONE', #1025, .T. ) ;
#2291 = DIRECTION ( 'NONE',  ( -0.000000000000000000, -1.000000000000000000, -0.000000000000000000 ) ) ;
#2292 = ORIENTED_EDGE ( 'NONE', *, *, #1945, .F. ) ;
#2293 = ORIENTED_EDGE ( 'NONE', *, *, #97, .F. ) ;
#2294 = DIRECTION ( 'NONE',  ( 0.000000000000000000, -1.000000000000000000, 0.000000000000000000 ) ) ;
#2295 = EDGE_LOOP ( 'NONE', ( #2053, #2667 ) ) ;
#2296 = CARTESIAN_POINT ( 'NONE',  ( 16.00000000000000355, 48.45000000000000284, -16.00000000000000355 ) ) ;
#2297 = DIRECTION ( 'NONE',  ( 0.000000000000000000, 0.000000000000000000, -1.000000000000000000 ) ) ;
#2298 = AXIS2_PLACEMENT_3D ( 'NONE', #2412, #503, #2171 ) ;
#2299 = AXIS2_PLACEMENT_3D ( 'NONE', #1094, #638, #2110 ) ;
#2300 = DIRECTION ( 'NONE',  ( -0.000000000000000000, -1.000000000000000000, -0.000000000000000000 ) ) ;
#2301 = DIRECTION ( 'NONE',  ( -0.000000000000000000, -1.000000000000000000, -0.000000000000000000 ) ) ;
#2302 = AXIS2_PLACEMENT_3D ( 'NONE', #1276, #1320, #456 ) ;
#2303 = DIRECTION ( 'NONE',  ( 1.067522139062650277E-15, 0.000000000000000000, 1.000000000000000000 ) ) ;
#2304 = AXIS2_PLACEMENT_3D ( 'NONE', #500, #1110, #2343 ) ;
#2305 = EDGE_CURVE ( 'NONE', #873, #1514, #2250, .T. ) ;
#2306 = CARTESIAN_POINT ( 'NONE',  ( -24.99999999999999645, 12.00000000000000000, 24.99999999999999645 ) ) ;
#2307 = VECTOR ( 'NONE', #217, 1000.000000000000000 ) ;
#2308 = B_SPLINE_CURVE_WITH_KNOTS ( 'NONE', 3,
 ( #2544, #2356, #31, #628, #852, #2328, #667, #820, #1507, #2142 ),
 .UNSPECIFIED., .F., .F.,
 ( 4, 2, 2, 2, 4 ),
 ( 0.000000000000000000, 0.0007176293599226616715, 0.001435258719845323343, 0.002152888079767985123, 0.002870517439690646686 ),
 .UNSPECIFIED. ) ;
#2309 = ORIENTED_EDGE ( 'NONE', *, *, #679, .F. ) ;
#2310 = EDGE_LOOP ( 'NONE', ( #146, #1397, #2201, #1912 ) ) ;
#2311 = DIRECTION ( 'NONE',  ( 0.000000000000000000, -1.000000000000000000, 0.000000000000000000 ) ) ;
#2312 = EDGE_LOOP ( 'NONE', ( #2549, #1629, #831, #1533 ) ) ;
#2313 = AXIS2_PLACEMENT_3D ( 'NONE', #161, #2681, #2258 ) ;
#2314 = VERTEX_POINT ( 'NONE', #1755 ) ;
#2315 = CARTESIAN_POINT ( 'NONE',  ( -15.99999999999999645, 48.45000000000000284, 17.49999999999999645 ) ) ;
#2316 = DIRECTION ( 'NONE',  ( 0.000000000000000000, 1.000000000000000000, 0.000000000000000000 ) ) ;
#2317 = EDGE_LOOP ( 'NONE', ( #1335, #792, #753, #1421, #754, #1035 ) ) ;
#2318 = EDGE_CURVE ( 'NONE', #345, #2380, #759, .T. ) ;
#2319 = CARTESIAN_POINT ( 'NONE',  ( 25.00000000000000000, 6.000000000000000000, 23.00000000000000000 ) ) ;
#2320 = DIRECTION ( 'NONE',  ( 0.000000000000000000, -1.000000000000000000, 0.000000000000000000 ) ) ;
#2321 = DIRECTION ( 'NONE',  ( 0.000000000000000000, -0.000000000000000000, 1.000000000000000000 ) ) ;
#2322 = ORIENTED_EDGE ( 'NONE', *, *, #730, .F. ) ;
#2323 = DIRECTION ( 'NONE',  ( 0.000000000000000000, -1.000000000000000000, 0.000000000000000000 ) ) ;
#2324 = ORIENTED_EDGE ( 'NONE', *, *, #1691, .F. ) ;
#2325 = VERTEX_POINT ( 'NONE', #2410 ) ;
#2326 = CARTESIAN_POINT ( 'NONE',  ( 25.00000000000000000, 6.000000000000000000, 24.99999999999999645 ) ) ;
#2327 = CYLINDRICAL_SURFACE ( 'NONE', #255, 1.500000000000001332 ) ;
#2328 = CARTESIAN_POINT ( 'NONE',  ( 12.63323922312451586, 21.46494667805432854, -12.29551975942858100 ) ) ;
#2329 = CYLINDRICAL_SURFACE ( 'NONE', #2302, 1.999999999999998224 ) ;
#2330 = DIRECTION ( 'NONE',  ( 0.000000000000000000, 1.000000000000000000, 0.000000000000000000 ) ) ;
#2331 = CARTESIAN_POINT ( 'NONE',  ( 16.00000000000000355, 20.00000000000000000, -9.500000000000003553 ) ) ;
#2332 = EDGE_CURVE ( 'NONE', #1900, #156, #1992, .T. ) ;
#2333 = EDGE_LOOP ( 'NONE', ( #534, #324, #28, #2172 ) ) ;
#2334 = ORIENTED_EDGE ( 'NONE', *, *, #2289, .F. ) ;
#2335 = DIRECTION ( 'NONE',  ( 0.000000000000000000, 0.000000000000000000, -1.000000000000000000 ) ) ;
#2336 = FACE_OUTER_BOUND ( 'NONE', #2659, .T. ) ;
#2337 = DIRECTION ( 'NONE',  ( 1.224646799147349509E-16, 0.000000000000000000, -1.000000000000000000 ) ) ;
#2338 = ADVANCED_FACE ( 'NONE', ( #1136 ), #1377, .T. ) ;
#2339 = CARTESIAN_POINT ( 'NONE',  ( -15.99999999999999645, 48.45000000000000284, 15.99999999999999645 ) ) ;
#2340 = VERTEX_POINT ( 'NONE', #139 ) ;
#2341 = AXIS2_PLACEMENT_3D ( 'NONE', #1801, #2007, #710 ) ;
#2342 = CARTESIAN_POINT ( 'NONE',  ( -15.99999999999999645, 60.45000000000000284, 17.49999999999999645 ) ) ;
#2343 = DIRECTION ( 'NONE',  ( 0.000000000000000000, -0.000000000000000000, -1.000000000000000000 ) ) ;
#2344 = TOROIDAL_SURFACE ( 'NONE', #1160, 15.50000000000000000, 0.5000000000000000000 ) ;
#2345 = AXIS2_PLACEMENT_3D ( 'NONE', #1583, #1118, #2596 ) ;
#2346 = AXIS2_PLACEMENT_3D ( 'NONE', #2222, #1741, #1541 ) ;
#2347 = AXIS2_PLACEMENT_3D ( 'NONE', #1450, #2281, #2541 ) ;
#2348 = AXIS2_PLACEMENT_3D ( 'NONE', #12, #2494, #1666 ) ;
#2349 = EDGE_LOOP ( 'NONE', ( #457, #1761, #2550, #2243 ) ) ;
#2350 = ORIENTED_EDGE ( 'NONE', *, *, #363, .T. ) ;
#2351 = CIRCLE ( 'NONE', #2004, 5.000000000000000888 ) ;
#2352 = CIRCLE ( 'NONE', #687, 6.500000000000002665 ) ;
#2353 = LINE ( 'NONE', #1128, #1863 ) ;
#2354 = AXIS2_PLACEMENT_3D ( 'NONE', #2114, #1873, #1069 ) ;
#2355 = CARTESIAN_POINT ( 'NONE',  ( 29.99999999999999289, 6.000000000000000000, -24.99999999999999645 ) ) ;
#2356 = CARTESIAN_POINT ( 'NONE',  ( 11.72015868422622376, 21.50000000000000000, -13.40353491424587062 ) ) ;
#2357 = CARTESIAN_POINT ( 'NONE',  ( -13.23837095858017499, 20.13850002488140589, 11.82425838070388480 ) ) ;
#2358 = EDGE_CURVE ( 'NONE', #955, #1833, #2634, .T. ) ;
#2359 = LINE ( 'NONE', #21, #2474 ) ;
#2360 = DIRECTION ( 'NONE',  ( -2.664535259100375697E-15, 0.000000000000000000, 1.000000000000000000 ) ) ;
#2361 =( NAMED_UNIT ( * ) SI_UNIT ( $, .STERADIAN. ) SOLID_ANGLE_UNIT ( ) );
#2362 = ORIENTED_EDGE ( 'NONE', *, *, #1962, .T. ) ;
#2363 = ORIENTED_EDGE ( 'NONE', *, *, #2247, .T. ) ;
#2364 = DIRECTION ( 'NONE',  ( -0.000000000000000000, -1.000000000000000000, -0.000000000000000000 ) ) ;
#2365 = CARTESIAN_POINT ( 'NONE',  ( 16.00000000000000355, 9.000000000000001776, 12.99999999999999645 ) ) ;
#2366 = EDGE_CURVE ( 'NONE', #2314, #87, #1511, .T. ) ;
#2367 = VERTEX_POINT ( 'NONE', #969 ) ;
#2368 = LINE ( 'NONE', #318, #134 ) ;
#2369 = DIRECTION ( 'NONE',  ( 0.000000000000000000, 1.000000000000000000, 0.000000000000000000 ) ) ;
#2370 = DIRECTION ( 'NONE',  ( -0.000000000000000000, -1.000000000000000000, -0.000000000000000000 ) ) ;
#2371 = DIRECTION ( 'NONE',  ( 0.000000000000000000, 0.000000000000000000, -1.000000000000000000 ) ) ;
#2372 = ADVANCED_FACE ( 'NONE', ( #553 ), #1575, .F. ) ;
#2373 = CARTESIAN_POINT ( 'NONE',  ( 24.99999999999998934, 20.00000000000000000, -24.99999999999999645 ) ) ;
#2374 = ORIENTED_EDGE ( 'NONE', *, *, #616, .T. ) ;
#2375 = CARTESIAN_POINT ( 'NONE',  ( -13.40353491424586529, 21.49999999999999645, -11.72015868422622908 ) ) ;
#2376 = CYLINDRICAL_SURFACE ( 'NONE', #337, 1.499999999999996225 ) ;
#2377 = VERTEX_POINT ( 'NONE', #108 ) ;
#2378 = FACE_OUTER_BOUND ( 'NONE', #2402, .T. ) ;
#2379 =( NAMED_UNIT ( * ) SI_UNIT ( $, .STERADIAN. ) SOLID_ANGLE_UNIT ( ) );
#2380 = VERTEX_POINT ( 'NONE', #923 ) ;
#2381 = FACE_OUTER_BOUND ( 'NONE', #431, .T. ) ;
#2382 = DIRECTION ( 'NONE',  ( -0.000000000000000000, 1.000000000000000000, -0.000000000000000000 ) ) ;
#2383 = CIRCLE ( 'NONE', #30, 16.00000000000000000 ) ;
#2384 = CIRCLE ( 'NONE', #1343, 6.500000000000000888 ) ;
#2385 = ORIENTED_EDGE ( 'NONE', *, *, #730, .T. ) ;
#2386 = ORIENTED_EDGE ( 'NONE', *, *, #1012, .F. ) ;
#2387 = EDGE_CURVE ( 'NONE', #624, #194, #889, .T. ) ;
#2388 = AXIS2_PLACEMENT_3D ( 'NONE', #2569, #692, #2173 ) ;
#2389 = DIRECTION ( 'NONE',  ( 0.000000000000000000, 0.000000000000000000, 1.000000000000000000 ) ) ;
#2390 = CIRCLE ( 'NONE', #2521, 11.00000000000000178 ) ;
#2391 = CARTESIAN_POINT ( 'NONE',  ( -25.00000000000000000, 12.00000000000000000, -25.00000000000001066 ) ) ;
#2392 =( GEOMETRIC_REPRESENTATION_CONTEXT ( 3 ) GLOBAL_UNCERTAINTY_ASSIGNED_CONTEXT ( ( #395 ) ) GLOBAL_UNIT_ASSIGNED_CONTEXT ( ( #1797, #1373, #2379 ) ) REPRESENTATION_CONTEXT ( 'NONE', 'WORKASPACE' ) );
#2393 = AXIS2_PLACEMENT_3D ( 'NONE', #1716, #2320, #1924 ) ;
#2394 = VECTOR ( 'NONE', #2490, 1000.000000000000000 ) ;
#2395 = VERTEX_POINT ( 'NONE', #529 ) ;
#2396 = DIRECTION ( 'NONE',  ( -0.000000000000000000, -0.000000000000000000, 1.000000000000000000 ) ) ;
#2397 = VECTOR ( 'NONE', #2656, 1000.000000000000000 ) ;
#2398 = FACE_OUTER_BOUND ( 'NONE', #1117, .T. ) ;
#2399 = DIRECTION ( 'NONE',  ( 1.000000000000000000, 0.000000000000000000, 0.000000000000000000 ) ) ;
#2400 = ADVANCED_FACE ( 'NONE', ( #1240 ), #1031, .F. ) ;
#2401 = CARTESIAN_POINT ( 'NONE',  ( 29.99999999999999289, 6.000000000000000000, -30.00000000000000000 ) ) ;
#2402 = EDGE_LOOP ( 'NONE', ( #2229, #1, #2611, #651 ) ) ;
#2403 = DIRECTION ( 'NONE',  ( -0.000000000000000000, -1.000000000000000000, -0.000000000000000000 ) ) ;
#2404 = PRODUCT_DEFINITION ( 'General', '', #1571, #135 ) ;
#2405 = VERTEX_POINT ( 'NONE', #822 ) ;
#2406 = LINE ( 'NONE', #1592, #2095 ) ;
#2407 = FACE_OUTER_BOUND ( 'NONE', #1849, .T. ) ;
#2408 = DIRECTION ( 'NONE',  ( 0.000000000000000000, -1.000000000000000000, 0.000000000000000000 ) ) ;
#2409 = CARTESIAN_POINT ( 'NONE',  ( -15.99999999999999645, 9.000000000000001776, -16.00000000000000711 ) ) ;
#2410 = CARTESIAN_POINT ( 'NONE',  ( -16.00000000000000000, 20.00000000000000000, 9.499999999999996447 ) ) ;
#2411 = ADVANCED_FACE ( 'NONE', ( #2284, #1621 ), #2662, .T. ) ;
#2412 = CARTESIAN_POINT ( 'NONE',  ( 16.00000000000000711, 48.45000000000000284, 15.99999999999999645 ) ) ;
#2413 = EDGE_LOOP ( 'NONE', ( #1363, #1151 ) ) ;
#2414 = CARTESIAN_POINT ( 'NONE',  ( -12.13553746899820851, 21.47183425378776533, 12.81831890569336707 ) ) ;
#2415 = ORIENTED_EDGE ( 'NONE', *, *, #2548, .T. ) ;
#2416 = CARTESIAN_POINT ( 'NONE',  ( 13.61646519004363576, 21.50000000000000000, 11.60468865611020917 ) ) ;
#2417 = CARTESIAN_POINT ( 'NONE',  ( -15.99999999999999645, 6.000000000000000000, 15.99999999999999645 ) ) ;
#2418 = EDGE_LOOP ( 'NONE', ( #226, #1718 ) ) ;
#2419 = ADVANCED_FACE ( 'NONE', ( #1845, #1659 ), #1416, .T. ) ;
#2420 = DIRECTION ( 'NONE',  ( -0.000000000000000000, -1.000000000000000000, -0.000000000000000000 ) ) ;
#2421 = CARTESIAN_POINT ( 'NONE',  ( -15.99999999999999645, 9.000000000000001776, -16.00000000000000711 ) ) ;
#2422 = LINE ( 'NONE', #140, #1524 ) ;
#2423 = CARTESIAN_POINT ( 'NONE',  ( 13.61646519004362688, 21.50000000000000000, -11.60468865611021982 ) ) ;
#2424 = AXIS2_PLACEMENT_3D ( 'NONE', #1096, #1710, #425 ) ;
#2425 = EDGE_CURVE ( 'NONE', #266, #1711, #2489, .T. ) ;
#2426 = ORIENTED_EDGE ( 'NONE', *, *, #152, .T. ) ;
#2427 = AXIS2_PLACEMENT_3D ( 'NONE', #1882, #207, #55 ) ;
#2428 = VECTOR ( 'NONE', #2062, 1000.000000000000000 ) ;
#2429 = CARTESIAN_POINT ( 'NONE',  ( 24.99999999999998934, 6.000000000000000000, -30.00000000000000000 ) ) ;
#2430 = ORIENTED_EDGE ( 'NONE', *, *, #785, .T. ) ;
#2431 = AXIS2_PLACEMENT_3D ( 'NONE', #1293, #648, #2371 ) ;
#2432 = AXIS2_PLACEMENT_3D ( 'NONE', #1178, #74, #1778 ) ;
#2433 = ORIENTED_EDGE ( 'NONE', *, *, #561, .F. ) ;
#2434 = CARTESIAN_POINT ( 'NONE',  ( -15.99999999999999645, 21.50000000000000000, 15.99999999999999645 ) ) ;
#2435 = VECTOR ( 'NONE', #62, 1000.000000000000000 ) ;
#2436 = CARTESIAN_POINT ( 'NONE',  ( 16.00000000000000711, 20.00000000000000000, 15.99999999999999645 ) ) ;
#2437 = ADVANCED_FACE ( 'NONE', ( #1453 ), #1010, .F. ) ;
#2438 = AXIS2_PLACEMENT_3D ( 'NONE', #1968, #103, #1796 ) ;
#2439 = DIRECTION ( 'NONE',  ( -0.000000000000000000, -1.000000000000000000, -0.000000000000000000 ) ) ;
#2440 = DIRECTION ( 'NONE',  ( 0.000000000000000000, -0.000000000000000000, -1.000000000000000000 ) ) ;
#2441 = ORIENTED_EDGE ( 'NONE', *, *, #1492, .F. ) ;
#2442 = ORIENTED_EDGE ( 'NONE', *, *, #1888, .F. ) ;
#2443 = DIRECTION ( 'NONE',  ( 0.000000000000000000, 1.000000000000000000, 0.000000000000000000 ) ) ;
#2444 = EDGE_CURVE ( 'NONE', #2099, #2465, #470, .T. ) ;
#2445 = ORIENTED_EDGE ( 'NONE', *, *, #1843, .F. ) ;
#2446 = CARTESIAN_POINT ( 'NONE',  ( 1.285879139104720831E-15, 10.50000000000000000, 10.50000000000000000 ) ) ;
#2447 = DIRECTION ( 'NONE',  ( -0.000000000000000000, -1.000000000000000000, -0.000000000000000000 ) ) ;
#2448 = CARTESIAN_POINT ( 'NONE',  ( 12.03728778890580742, 19.99124714539509995, -11.16550814936594982 ) ) ;
#2449 = CARTESIAN_POINT ( 'NONE',  ( 13.20157871929137627, 21.48934380456386251, 11.84957790398831357 ) ) ;
#2450 = LINE ( 'NONE', #338, #1202 ) ;
#2451 = EDGE_LOOP ( 'NONE', ( #1983, #1635 ) ) ;
#2452 = ADVANCED_FACE ( 'NONE', ( #176 ), #1824, .F. ) ;
#2453 = ORIENTED_EDGE ( 'NONE', *, *, #1214, .T. ) ;
#2454 = ORIENTED_EDGE ( 'NONE', *, *, #1767, .T. ) ;
#2455 = CARTESIAN_POINT ( 'NONE',  ( 12.63692958356663887, 21.46503037324193741, 12.29217164724319922 ) ) ;
#2456 = ORIENTED_EDGE ( 'NONE', *, *, #1917, .T. ) ;
#2457 = CARTESIAN_POINT ( 'NONE',  ( -11.70047059076356888, 20.08264135920220284, -13.43984034320572896 ) ) ;
#2458 = DIRECTION ( 'NONE',  ( -0.000000000000000000, -1.000000000000000000, -0.000000000000000000 ) ) ;
#2459 = DIRECTION ( 'NONE',  ( -0.8790622687779602318, -0.000000000000000000, -0.4767069619912691625 ) ) ;
#2460 = ADVANCED_FACE ( 'NONE', ( #2236 ), #335, .F. ) ;
#2461 = ORIENTED_EDGE ( 'NONE', *, *, #269, .T. ) ;
#2462 = ORIENTED_EDGE ( 'NONE', *, *, #1991, .F. ) ;
#2463 = DIRECTION ( 'NONE',  ( 0.000000000000000000, 0.000000000000000000, 1.000000000000000000 ) ) ;
#2464 = CIRCLE ( 'NONE', #593, 10.50000000000000000 ) ;
#2465 = VERTEX_POINT ( 'NONE', #413 ) ;
#2466 = AXIS2_PLACEMENT_3D ( 'NONE', #1457, #2278, #798 ) ;
#2467 = ORIENTED_EDGE ( 'NONE', *, *, #2048, .F. ) ;
#2468 = AXIS2_PLACEMENT_3D ( 'NONE', #2518, #49, #853 ) ;
#2469 = CARTESIAN_POINT ( 'NONE',  ( -13.40357716524412801, 21.49999998753759556, -11.72013577191872180 ) ) ;
#2470 = CARTESIAN_POINT ( 'NONE',  ( 16.00000000000000355, 20.00000000000000000, -16.00000000000000355 ) ) ;
#2471 = AXIS2_PLACEMENT_3D ( 'NONE', #415, #129, #1242 ) ;
#2472 = AXIS2_PLACEMENT_3D ( 'NONE', #38, #2537, #459 ) ;
#2473 = AXIS2_PLACEMENT_3D ( 'NONE', #2547, #2129, #2560 ) ;
#2474 = VECTOR ( 'NONE', #2300, 1000.000000000000000 ) ;
#2475 = LINE ( 'NONE', #401, #1649 ) ;
#2476 = DIRECTION ( 'NONE',  ( 0.000000000000000000, -1.000000000000000000, 0.000000000000000000 ) ) ;
#2477 = ADVANCED_FACE ( 'NONE', ( #7 ), #360, .F. ) ;
#2478 = AXIS2_PLACEMENT_3D ( 'NONE', #58, #654, #1275 ) ;
#2479 = ORIENTED_EDGE ( 'NONE', *, *, #1431, .T. ) ;
#2480 = DIRECTION ( 'NONE',  ( 0.000000000000000000, 0.000000000000000000, 1.000000000000000000 ) ) ;
#2481 = CARTESIAN_POINT ( 'NONE',  ( 16.00000000000000355, 48.45000000000000284, -11.00000000000000355 ) ) ;
#2482 = ORIENTED_EDGE ( 'NONE', *, *, #2157, .T. ) ;
#2483 = CARTESIAN_POINT ( 'NONE',  ( 25.00000000000000000, 6.000000000000000000, 26.99999999999999645 ) ) ;
#2484 = ADVANCED_FACE ( 'NONE', ( #608 ), #581, .F. ) ;
#2485 = ORIENTED_EDGE ( 'NONE', *, *, #860, .T. ) ;
#2486 = ORIENTED_EDGE ( 'NONE', *, *, #2597, .T. ) ;
#2487 = CARTESIAN_POINT ( 'NONE',  ( -10.28609525294327298, 20.00000000000000000, -12.90140474705672879 ) ) ;
#2488 = EDGE_CURVE ( 'NONE', #1670, #2099, #1441, .T. ) ;
#2489 = LINE ( 'NONE', #199, #121 ) ;
#2490 = DIRECTION ( 'NONE',  ( -0.000000000000000000, -1.000000000000000000, -0.000000000000000000 ) ) ;
#2491 = CARTESIAN_POINT ( 'NONE',  ( -15.99999999999999645, 20.00000000000000000, 22.50000000000000000 ) ) ;
#2492 = ADVANCED_FACE ( 'NONE', ( #1043 ), #387, .T. ) ;
#2493 = CARTESIAN_POINT ( 'NONE',  ( -15.99999999999999645, 48.45000000000000284, -21.00000000000000711 ) ) ;
#2494 = DIRECTION ( 'NONE',  ( 0.000000000000000000, -1.000000000000000000, 0.000000000000000000 ) ) ;
#2495 = ORIENTED_EDGE ( 'NONE', *, *, #1888, .T. ) ;
#2496 = ORIENTED_EDGE ( 'NONE', *, *, #1991, .T. ) ;
#2497 = FACE_OUTER_BOUND ( 'NONE', #1547, .T. ) ;
#2498 = FACE_BOUND ( 'NONE', #2295, .T. ) ;
#2499 = ORIENTED_EDGE ( 'NONE', *, *, #812, .T. ) ;
#2500 = DIRECTION ( 'NONE',  ( -0.000000000000000000, -1.000000000000000000, -0.000000000000000000 ) ) ;
#2501 = EDGE_LOOP ( 'NONE', ( #512, #1464 ) ) ;
#2502 = CARTESIAN_POINT ( 'NONE',  ( 1.347111479062088602E-15, 11.00000000000000178, -11.00000000000000178 ) ) ;
#2503 = CARTESIAN_POINT ( 'NONE',  ( -11.70045088616619289, 20.08262435754430797, 13.43987667928846008 ) ) ;
#2504 = EDGE_CURVE ( 'NONE', #976, #1589, #711, .T. ) ;
#2505 = CARTESIAN_POINT ( 'NONE',  ( -10.28609525294326055, 21.50000000000000000, 12.90140474705673945 ) ) ;
#2506 = LINE ( 'NONE', #1469, #375 ) ;
#2507 = VECTOR ( 'NONE', #429, 1000.000000000000000 ) ;
#2508 = DIRECTION ( 'NONE',  ( -0.000000000000000000, 1.000000000000000000, -0.000000000000000000 ) ) ;
#2509 = VERTEX_POINT ( 'NONE', #1854 ) ;
#2510 = ORIENTED_EDGE ( 'NONE', *, *, #2577, .F. ) ;
#2511 = CARTESIAN_POINT ( 'NONE',  ( -15.99999999999999645, 21.50000000000000000, -16.00000000000000711 ) ) ;
#2512 = DIRECTION ( 'NONE',  ( 0.000000000000000000, -1.000000000000000000, 0.000000000000000000 ) ) ;
#2513 = ADVANCED_FACE ( 'NONE', ( #2697 ), #987, .F. ) ;
#2514 = ORIENTED_EDGE ( 'NONE', *, *, #1754, .T. ) ;
#2515 = DIRECTION ( 'NONE',  ( 0.000000000000000000, 0.000000000000000000, -1.000000000000000000 ) ) ;
#2516 = CIRCLE ( 'NONE', #372, 6.500000000000002665 ) ;
#2517 = DIRECTION ( 'NONE',  ( 0.000000000000000000, 0.000000000000000000, 1.000000000000000000 ) ) ;
#2518 = CARTESIAN_POINT ( 'NONE',  ( -15.99999999999999645, 60.45000000000000284, -16.00000000000000711 ) ) ;
#2519 = AXIS2_PLACEMENT_3D ( 'NONE', #1677, #204, #2075 ) ;
#2520 = DIRECTION ( 'NONE',  ( 1.000000000000000000, 0.000000000000000000, -0.000000000000000000 ) ) ;
#2521 = AXIS2_PLACEMENT_3D ( 'NONE', #1472, #1867, #815 ) ;
#2522 = DIRECTION ( 'NONE',  ( 0.000000000000000000, 0.000000000000000000, -1.000000000000000000 ) ) ;
#2523 = CIRCLE ( 'NONE', #131, 5.000000000000000888 ) ;
#2524 = CIRCLE ( 'NONE', #2045, 1.999999999999998224 ) ;
#2525 = DIRECTION ( 'NONE',  ( -0.000000000000000000, 1.000000000000000000, -0.000000000000000000 ) ) ;
#2526 = VECTOR ( 'NONE', #1413, 1000.000000000000000 ) ;
#2527 = AXIS2_PLACEMENT_3D ( 'NONE', #2630, #2574, #1777 ) ;
#2528 = VERTEX_POINT ( 'NONE', #272 ) ;
#2529 = EDGE_LOOP ( 'NONE', ( #1315, #2239 ) ) ;
#2530 = DIRECTION ( 'NONE',  ( 0.000000000000000000, 0.000000000000000000, -1.000000000000000000 ) ) ;
#2531 = CARTESIAN_POINT ( 'NONE',  ( -15.99999999999999645, 48.45000000000000284, -16.00000000000000711 ) ) ;
#2532 = EDGE_CURVE ( 'NONE', #236, #25, #2244, .T. ) ;
#2533 = CARTESIAN_POINT ( 'NONE',  ( 12.03731393410511252, 19.99124737197190527, 11.16548171864037364 ) ) ;
#2534 = CARTESIAN_POINT ( 'NONE',  ( -11.60468865611020206, 20.00000000000000355, 13.61646519004364109 ) ) ;
#2535 = FACE_OUTER_BOUND ( 'NONE', #2333, .T. ) ;
#2536 = CARTESIAN_POINT ( 'NONE',  ( 16.00000000000000711, 48.45000000000000284, 15.99999999999999645 ) ) ;
#2537 = DIRECTION ( 'NONE',  ( -0.000000000000000000, -1.000000000000000000, -0.000000000000000000 ) ) ;
#2538 = VERTEX_POINT ( 'NONE', #680 ) ;
#2539 = VERTEX_POINT ( 'NONE', #836 ) ;
#2540 = EDGE_CURVE ( 'NONE', #355, #1799, #2592, .T. ) ;
#2541 = DIRECTION ( 'NONE',  ( 0.000000000000000000, 0.000000000000000000, -1.000000000000000000 ) ) ;
#2542 = CARTESIAN_POINT ( 'NONE',  ( -25.99999999999991473, 15.49653895724248365, -15.99999999999998579 ) ) ;
#2543 = EDGE_LOOP ( 'NONE', ( #833, #564, #1769, #928 ) ) ;
#2544 = CARTESIAN_POINT ( 'NONE',  ( 11.60468865611021627, 21.50000000000000000, -13.61646519004363221 ) ) ;
#2545 = CARTESIAN_POINT ( 'NONE',  ( 0.000000000000000000, 6.000000000000000000, 0.000000000000000000 ) ) ;
#2546 = CARTESIAN_POINT ( 'NONE',  ( -11.60468865611020739, 21.50000000000000000, -13.61646519004363576 ) ) ;
#2547 = CARTESIAN_POINT ( 'NONE',  ( 16.00000000000000355, 20.00000000000000000, -16.00000000000000355 ) ) ;
#2548 = EDGE_CURVE ( 'NONE', #249, #355, #1307, .T. ) ;
#2549 = ORIENTED_EDGE ( 'NONE', *, *, #1962, .F. ) ;
#2550 = ORIENTED_EDGE ( 'NONE', *, *, #2080, .F. ) ;
#2551 = DIRECTION ( 'NONE',  ( 0.000000000000000000, 0.000000000000000000, 1.000000000000000000 ) ) ;
#2552 = ADVANCED_FACE ( 'NONE', ( #2102 ), #2329, .F. ) ;
#2553 = AXIS2_PLACEMENT_3D ( 'NONE', #32, #1703, #2163 ) ;
#2554 = DIRECTION ( 'NONE',  ( 0.000000000000000000, 1.000000000000000000, 0.000000000000000000 ) ) ;
#2555 = CARTESIAN_POINT ( 'NONE',  ( 16.00000000000000355, 60.45000000000000284, -16.00000000000000355 ) ) ;
#2556 = ADVANCED_BREP_SHAPE_REPRESENTATION ( 'encoder-stand_bearing-support-base', ( #834, #1305 ), #2392 ) ;
#2557 = DIRECTION ( 'NONE',  ( 0.000000000000000000, 1.000000000000000000, 0.000000000000000000 ) ) ;
#2558 = CARTESIAN_POINT ( 'NONE',  ( -10.28609525294326232, 20.00000000000000000, 12.90140474705673590 ) ) ;
#2559 = DIRECTION ( 'NONE',  ( 0.000000000000000000, 0.000000000000000000, -1.000000000000000000 ) ) ;
#2560 = DIRECTION ( 'NONE',  ( 0.000000000000000000, 0.000000000000000000, 1.000000000000000000 ) ) ;
#2561 = AXIS2_PLACEMENT_3D ( 'NONE', #2542, #466, #1522 ) ;
#2562 = AXIS2_PLACEMENT_3D ( 'NONE', #1390, #1976, #1813 ) ;
#2563 = AXIS2_PLACEMENT_3D ( 'NONE', #198, #1812, #188 ) ;
#2564 = ADVANCED_FACE ( 'NONE', ( #2127 ), #668, .F. ) ;
#2565 = CIRCLE ( 'NONE', #640, 5.000000000000000888 ) ;
#2566 = CARTESIAN_POINT ( 'NONE',  ( -24.99999999999999645, 6.000000000000000000, 26.99999999999999645 ) ) ;
#2567 = ORIENTED_EDGE ( 'NONE', *, *, #2097, .F. ) ;
#2568 = AXIS2_PLACEMENT_3D ( 'NONE', #1376, #1800, #2207 ) ;
#2569 = CARTESIAN_POINT ( 'NONE',  ( 25.00000000000000000, 6.000000000000000000, -25.00000000000000355 ) ) ;
#2570 = CARTESIAN_POINT ( 'NONE',  ( 25.00000000000000000, 12.00000000000000000, -25.00000000000000355 ) ) ;
#2571 = TOROIDAL_SURFACE ( 'NONE', #175, 16.50000000000000000, 0.5000000000000000000 ) ;
#2572 = EDGE_CURVE ( 'NONE', #1017, #1994, #1430, .T. ) ;
#2573 = CARTESIAN_POINT ( 'NONE',  ( 16.00000000000000711, 20.00000000000000000, 9.499999999999996447 ) ) ;
#2574 = DIRECTION ( 'NONE',  ( 1.000000000000000000, 0.000000000000000000, -1.224646799147353207E-16 ) ) ;
#2575 = DIRECTION ( 'NONE',  ( 0.000000000000000000, 1.000000000000000000, 0.000000000000000000 ) ) ;
#2576 = CYLINDRICAL_SURFACE ( 'NONE', #2603, 1.500000000000001332 ) ;
#2577 = EDGE_CURVE ( 'NONE', #1014, #2380, #558, .T. ) ;
#2578 = LINE ( 'NONE', #499, #2263 ) ;
#2579 = LINE ( 'NONE', #120, #81 ) ;
#2580 = DIRECTION ( 'NONE',  ( 0.000000000000000000, 0.000000000000000000, 1.000000000000000000 ) ) ;
#2581 = ORIENTED_EDGE ( 'NONE', *, *, #2646, .F. ) ;
#2582 = DIRECTION ( 'NONE',  ( -0.4767069619912743250, 0.000000000000000000, 0.8790622687779573452 ) ) ;
#2583 = ORIENTED_EDGE ( 'NONE', *, *, #1938, .F. ) ;
#2584 = DIRECTION ( 'NONE',  ( -5.782411586589357392E-17, 0.000000000000000000, -1.000000000000000000 ) ) ;
#2585 = DIRECTION ( 'NONE',  ( 0.000000000000000000, 1.000000000000000000, 0.000000000000000000 ) ) ;
#2586 = ORIENTED_EDGE ( 'NONE', *, *, #875, .T. ) ;
#2587 = DIRECTION ( 'NONE',  ( -0.000000000000000000, -1.000000000000000000, -0.000000000000000000 ) ) ;
#2588 = DIRECTION ( 'NONE',  ( 0.000000000000000000, 0.000000000000000000, -1.000000000000000000 ) ) ;
#2589 = EDGE_CURVE ( 'NONE', #483, #1480, #1942, .T. ) ;
#2590 = FACE_OUTER_BOUND ( 'NONE', #1020, .T. ) ;
#2591 = ORIENTED_EDGE ( 'NONE', *, *, #243, .T. ) ;
#2592 = CIRCLE ( 'NONE', #284, 1.999999999999998224 ) ;
#2593 = CARTESIAN_POINT ( 'NONE',  ( -11.84986859641303525, 21.48931722428000768, -13.20107001248913114 ) ) ;
#2594 = LINE ( 'NONE', #101, #1732 ) ;
#2595 = VERTEX_POINT ( 'NONE', #1904 ) ;
#2596 = DIRECTION ( 'NONE',  ( 0.000000000000000000, 0.000000000000000000, 1.000000000000000000 ) ) ;
#2597 = EDGE_CURVE ( 'NONE', #1582, #142, #979, .T. ) ;
#2598 = CARTESIAN_POINT ( 'NONE',  ( -25.99999999999991473, 15.49653895724248365, 16.00000000000000000 ) ) ;
#2599 = LINE ( 'NONE', #331, #1564 ) ;
#2600 = FACE_OUTER_BOUND ( 'NONE', #2096, .T. ) ;
#2601 = DIRECTION ( 'NONE',  ( 0.000000000000000000, 0.000000000000000000, 1.000000000000000000 ) ) ;
#2602 = EDGE_CURVE ( 'NONE', #1625, #791, #1176, .T. ) ;
#2603 = AXIS2_PLACEMENT_3D ( 'NONE', #1569, #1798, #104 ) ;
#2604 = FACE_OUTER_BOUND ( 'NONE', #493, .T. ) ;
#2605 = AXIS2_PLACEMENT_3D ( 'NONE', #238, #1478, #1871 ) ;
#2606 = DIRECTION ( 'NONE',  ( -2.891205793294678819E-16, 0.000000000000000000, -1.000000000000000000 ) ) ;
#2607 = STYLED_ITEM ( 'NONE', ( #1067 ), #834 ) ;
#2608 = CARTESIAN_POINT ( 'NONE',  ( -15.99999999999999645, 9.000000000000001776, 15.99999999999999645 ) ) ;
#2609 = AXIS2_PLACEMENT_3D ( 'NONE', #1539, #2369, #1969 ) ;
#2610 = AXIS2_PLACEMENT_3D ( 'NONE', #881, #1725, #1323 ) ;
#2611 = ORIENTED_EDGE ( 'NONE', *, *, #1897, .T. ) ;
#2612 = DIRECTION ( 'NONE',  ( -1.000000000000000000, 0.000000000000000000, 0.000000000000000000 ) ) ;
#2613 = CARTESIAN_POINT ( 'NONE',  ( 25.00000000000000000, 12.00000000000000000, -25.00000000000000355 ) ) ;
#2614 = CIRCLE ( 'NONE', #1354, 1.500000000000000666 ) ;
#2615 = FACE_OUTER_BOUND ( 'NONE', #98, .T. ) ;
#2616 = CARTESIAN_POINT ( 'NONE',  ( -15.99999999999999645, 20.00000000000000000, -16.00000000000000711 ) ) ;
#2617 = EDGE_CURVE ( 'NONE', #1449, #2256, #2187, .T. ) ;
#2618 = ORIENTED_EDGE ( 'NONE', *, *, #52, .T. ) ;
#2619 = PLANE ( 'NONE',  #1611 ) ;
#2620 = CARTESIAN_POINT ( 'NONE',  ( 25.00000000000000000, 12.00000000000000000, -25.00000000000000355 ) ) ;
#2621 = DIRECTION ( 'NONE',  ( -0.000000000000000000, -1.000000000000000000, -0.000000000000000000 ) ) ;
#2622 = DIRECTION ( 'NONE',  ( 0.000000000000000000, 0.000000000000000000, -1.000000000000000000 ) ) ;
#2623 = DIRECTION ( 'NONE',  ( 0.000000000000000000, 0.000000000000000000, 1.000000000000000000 ) ) ;
#2624 = ORIENTED_EDGE ( 'NONE', *, *, #2240, .F. ) ;
#2625 = CARTESIAN_POINT ( 'NONE',  ( 10.49360156220654794, 20.00000000000000000, -12.69669005168601750 ) ) ;
#2626 = CARTESIAN_POINT ( 'NONE',  ( -15.99999999999999645, 20.00000000000000000, 15.99999999999999645 ) ) ;
#2627 = EDGE_CURVE ( 'NONE', #25, #391, #1090, .T. ) ;
#2628 = ORIENTED_EDGE ( 'NONE', *, *, #1587, .T. ) ;
#2629 = PLANE ( 'NONE',  #566 ) ;
#2630 = CARTESIAN_POINT ( 'NONE',  ( 1.347111479062088602E-15, 6.500000000000000888, 11.00000000000000178 ) ) ;
#2631 = DIRECTION ( 'NONE',  ( -0.000000000000000000, -1.000000000000000000, -0.000000000000000000 ) ) ;
#2632 = EDGE_LOOP ( 'NONE', ( #2430, #1093 ) ) ;
#2633 = FACE_OUTER_BOUND ( 'NONE', #1112, .T. ) ;
#2634 = LINE ( 'NONE', #1598, #2684 ) ;
#2635 = EDGE_CURVE ( 'NONE', #2377, #1299, #1655, .T. ) ;
#2636 = DIRECTION ( 'NONE',  ( 0.000000000000000000, 0.000000000000000000, 1.000000000000000000 ) ) ;
#2637 = VERTEX_POINT ( 'NONE', #1177 ) ;
#2638 = CARTESIAN_POINT ( 'NONE',  ( 13.40352551871266407, 21.49999998761870046, -11.72016377933296916 ) ) ;
#2639 = ORIENTED_EDGE ( 'NONE', *, *, #1167, .T. ) ;
#2640 = EDGE_LOOP ( 'NONE', ( #1379, #1288, #2495, #2309 ) ) ;
#2641 = CARTESIAN_POINT ( 'NONE',  ( 12.28432250783518498, 20.22278608093282060, 12.64442024511100016 ) ) ;
#2642 = ADVANCED_FACE ( 'NONE', ( #1345 ), #498, .T. ) ;
#2643 = SURFACE_SIDE_STYLE ('',( #615 ) ) ;
#2644 = DIRECTION ( 'NONE',  ( 0.000000000000000000, 0.000000000000000000, 1.000000000000000000 ) ) ;
#2645 = DIRECTION ( 'NONE',  ( 1.000000000000000000, -0.000000000000000000, 1.224646799147353207E-16 ) ) ;
#2646 = EDGE_CURVE ( 'NONE', #1487, #2405, #548, .T. ) ;
#2647 = AXIS2_PLACEMENT_3D ( 'NONE', #741, #728, #925 ) ;
#2648 = EDGE_LOOP ( 'NONE', ( #111, #1283, #2591, #1265 ) ) ;
#2649 = CARTESIAN_POINT ( 'NONE',  ( -15.99999999999999645, 9.000000000000001776, 15.99999999999999645 ) ) ;
#2650 = LINE ( 'NONE', #1399, #644 ) ;
#2651 = AXIS2_PLACEMENT_3D ( 'NONE', #1794, #316, #887 ) ;
#2652 = VERTEX_POINT ( 'NONE', #2181 ) ;
#2653 = EDGE_LOOP ( 'NONE', ( #1348, #637, #2442, #2462 ) ) ;
#2654 = AXIS2_PLACEMENT_3D ( 'NONE', #1517, #2606, #1720 ) ;
#2655 = TOROIDAL_SURFACE ( 'NONE', #1474, 6.500000000000000888, 1.500000000000000000 ) ;
#2656 = DIRECTION ( 'NONE',  ( -0.000000000000000000, -0.000000000000000000, -1.000000000000000000 ) ) ;
#2657 = CIRCLE ( 'NONE', #1477, 5.000000000000000888 ) ;
#2658 = CIRCLE ( 'NONE', #943, 3.000000000000000888 ) ;
#2659 = EDGE_LOOP ( 'NONE', ( #2078, #1142, #2274, #586 ) ) ;
#2660 = CARTESIAN_POINT ( 'NONE',  ( 0.000000000000000000, 10.50000000000000000, 0.000000000000000000 ) ) ;
#2661 = VECTOR ( 'NONE', #1529, 1000.000000000000000 ) ;
#2662 = PLANE ( 'NONE',  #1244 ) ;
#2663 = ADVANCED_FACE ( 'NONE', ( #319 ), #247, .T. ) ;
#2664 = CARTESIAN_POINT ( 'NONE',  ( -10.72493438024235424, 20.00000000000000711, 12.46846938438068264 ) ) ;
#2665 = EDGE_LOOP ( 'NONE', ( #396, #769 ) ) ;
#2666 = ORIENTED_EDGE ( 'NONE', *, *, #1536, .F. ) ;
#2667 = ORIENTED_EDGE ( 'NONE', *, *, #1877, .F. ) ;
#2668 = CARTESIAN_POINT ( 'NONE',  ( -15.99999999999999645, 21.50000000000000000, -16.00000000000000711 ) ) ;
#2669 = B_SPLINE_CURVE_WITH_KNOTS ( 'NONE', 3,
 ( #178, #1622, #2448, #1455, #2085, #2031 ),
 .UNSPECIFIED., .F., .F.,
 ( 4, 2, 4 ),
 ( 0.000000000000000000, 0.001849376156150391894, 0.003698752312300783787 ),
 .UNSPECIFIED. ) ;
#2670 = CARTESIAN_POINT ( 'NONE',  ( -10.49365040054491871, 20.00000000000000000, -12.69664187036745417 ) ) ;
#2671 = DIRECTION ( 'NONE',  ( 0.000000000000000000, 0.000000000000000000, 1.000000000000000000 ) ) ;
#2672 = DIRECTION ( 'NONE',  ( 0.000000000000000000, 0.000000000000000000, -1.000000000000000000 ) ) ;
#2673 = EDGE_CURVE ( 'NONE', #156, #1900, #126, .T. ) ;
#2674 = ORIENTED_EDGE ( 'NONE', *, *, #623, .T. ) ;
#2675 = ORIENTED_EDGE ( 'NONE', *, *, #1822, .F. ) ;
#2676 = VERTEX_POINT ( 'NONE', #1957 ) ;
#2677 = CARTESIAN_POINT ( 'NONE',  ( 11.15112331407494217, 19.99293804998951884, 12.04963069227721562 ) ) ;
#2678 = FACE_BOUND ( 'NONE', #65, .T. ) ;
#2679 = ADVANCED_FACE ( 'NONE', ( #90, #2407 ), #330, .T. ) ;
#2680 = CARTESIAN_POINT ( 'NONE',  ( -12.05172238947907992, 19.99295769332920969, -11.14900545369900087 ) ) ;
#2681 = DIRECTION ( 'NONE',  ( 0.000000000000000000, 1.000000000000000000, 0.000000000000000000 ) ) ;
#2682 = CARTESIAN_POINT ( 'NONE',  ( 25.00000000000000000, 12.00000000000000000, 26.99999999999999645 ) ) ;
#2683 = ADVANCED_FACE ( 'NONE', ( #1361 ), #2016, .F. ) ;
#2684 = VECTOR ( 'NONE', #1557, 1000.000000000000000 ) ;
#2685 = ORIENTED_EDGE ( 'NONE', *, *, #2176, .T. ) ;
#2686 = EDGE_CURVE ( 'NONE', #2528, #691, #2002, .T. ) ;
#2687 = ORIENTED_EDGE ( 'NONE', *, *, #2135, .F. ) ;
#2688 = CARTESIAN_POINT ( 'NONE',  ( 11.60468865611021982, 21.50000000000000000, 13.61646519004362510 ) ) ;
#2689 = TOROIDAL_SURFACE ( 'NONE', #843, 11.00000000000000178, 0.5000000000000000000 ) ;
#2690 = AXIS2_PLACEMENT_3D ( 'NONE', #1766, #2601, #2399 ) ;
#2691 = FILL_AREA_STYLE_COLOUR ( '', #169 ) ;
#2692 =( LENGTH_UNIT ( ) NAMED_UNIT ( * ) SI_UNIT ( .MILLI., .METRE. ) );
#2693 = UNCERTAINTY_MEASURE_WITH_UNIT (LENGTH_MEASURE( 1.000000000000000082E-05 ), #2692, 'distance_accuracy_value', 'NONE');
#2694 = AXIS2_PLACEMENT_3D ( 'NONE', #2434, #568, #2040 ) ;
#2695 = CIRCLE ( 'NONE', #762, 16.50000000000000000 ) ;
#2696 = CARTESIAN_POINT ( 'NONE',  ( -12.69669005168627507, 19.99999999999999645, -10.49360156220681795 ) ) ;
#2697 = FACE_OUTER_BOUND ( 'NONE', #1963, .T. ) ;
#2698 = AXIS2_PLACEMENT_3D ( 'NONE', #1272, #1916, #614 ) ;
#2699 = CIRCLE ( 'NONE', #2221, 1.999999999999998224 ) ;
#2700 = EDGE_CURVE ( 'NONE', #2637, #1271, #1862, .T. ) ;
#2701 = AXIS2_PLACEMENT_3D ( 'NONE', #2409, #1960, #722 ) ;
#2702 = DIRECTION ( 'NONE',  ( 0.000000000000000000, -1.000000000000000000, 0.000000000000000000 ) ) ;
#2703 = CARTESIAN_POINT ( 'NONE',  ( 13.43984034320725662, 20.08264135920446947, -11.70047059076354579 ) ) ;
#2704 = CIRCLE ( 'NONE', #336, 0.5000000000000004441 ) ;
#2705 = ORIENTED_EDGE ( 'NONE', *, *, #2617, .T. ) ;
#2706 = DIRECTION ( 'NONE',  ( 0.000000000000000000, 0.000000000000000000, -1.000000000000000000 ) ) ;
ENDSEC;
END-ISO-10303-21;
