ISO-10303-21;
HEADER;
FILE_DESCRIPTION (( 'STEP AP214' ),
    '1' );
FILE_NAME ('encoder-stand_magnet-holder_4x2-round.STEP',
    '2026-01-07T12:24:12',
    ( '' ),
    ( '' ),
    'SwSTEP 2.0',
    'SolidWorks 2025',
    '' );
FILE_SCHEMA (( 'AUTOMOTIVE_DESIGN' ));
ENDSEC;

DATA;
#1 = ORIENTED_EDGE ( 'NONE', *, *, #2230, .T. ) ;
#2 = EDGE_CURVE ( 'NONE', #1180, #2756, #833, .T. ) ;
#3 = CARTESIAN_POINT ( 'NONE',  ( -3.895890541386227923, 19.17659086214441544, 1.046992153482708021 ) ) ;
#4 = FACE_OUTER_BOUND ( 'NONE', #3399, .T. ) ;
#5 = CIRCLE ( 'NONE', #1464, 11.00000000000000000 ) ;
#6 = CARTESIAN_POINT ( 'NONE',  ( 2.350011161449477193, 13.73437499829300812, 2.350011161449478081 ) ) ;
#7 = ORIENTED_EDGE ( 'NONE', *, *, #2073, .F. ) ;
#8 = DIRECTION ( 'NONE',  ( 0.000000000000000000, 1.000000000000000000, 0.000000000000000000 ) ) ;
#9 = CARTESIAN_POINT ( 'NONE',  ( -6.105019192434541011E-16, 22.64062499829300990, 3.323417656250000185 ) ) ;
#10 = CARTESIAN_POINT ( 'NONE',  ( -2.828427124746189847, 17.71875000000000000, -2.828427124746190291 ) ) ;
#11 = FACE_OUTER_BOUND ( 'NONE', #2922, .T. ) ;
#12 = CARTESIAN_POINT ( 'NONE',  ( 4.000000000000000000, 18.34374999658601624, 0.000000000000000000 ) ) ;
#13 = CARTESIAN_POINT ( 'NONE',  ( 0.000000000000000000, 10.00000000000000000, 0.000000000000000000 ) ) ;
#14 = ORIENTED_EDGE ( 'NONE', *, *, #3223, .T. ) ;
#15 = CARTESIAN_POINT ( 'NONE',  ( 1.866885168863108069, 17.97287406460786485, 4.507059494062497507 ) ) ;
#16 = CARTESIAN_POINT ( 'NONE',  ( 3.323417656250000185, 16.39062499829300634, 0.000000000000000000 ) ) ;
#17 = ORIENTED_EDGE ( 'NONE', *, *, #1986, .F. ) ;
#18 = CARTESIAN_POINT ( 'NONE',  ( -1.376604666648954867, 24.28124999829301345, -3.323417656249999741 ) ) ;
#19 = EDGE_CURVE ( 'NONE', #2091, #2328, #1393, .T. ) ;
#20 = CARTESIAN_POINT ( 'NONE',  ( -1.376604666648954867, 14.28124999829300634, -3.323417656249999741 ) ) ;
#21 = ORIENTED_EDGE ( 'NONE', *, *, #1527, .T. ) ;
#22 = DIRECTION ( 'NONE',  ( 0.000000000000000000, 0.000000000000000000, -1.000000000000000000 ) ) ;
#23 = CARTESIAN_POINT ( 'NONE',  ( 1.656854249492381248, 19.35937499658601624, 3.999999999999999112 ) ) ;
#24 = CARTESIAN_POINT ( 'NONE',  ( 3.323417656250000185, 24.20312499829300990, 0.000000000000000000 ) ) ;
#25 = DIRECTION ( 'NONE',  ( 0.000000000000000000, 0.000000000000000000, 1.000000000000000000 ) ) ;
#26 = CARTESIAN_POINT ( 'NONE',  ( -1.656854249492380360, 14.98437499658601801, -4.000000000000000000 ) ) ;
#27 = CARTESIAN_POINT ( 'NONE',  ( 2.350011161449477637, 24.35937499829300634, -2.350011161449477637 ) ) ;
#28 = ORIENTED_EDGE ( 'NONE', *, *, #1986, .T. ) ;
#29 = CARTESIAN_POINT ( 'NONE',  ( -4.507059494062497507, 18.75412406460786485, -1.866885168863107625 ) ) ;
#30 = CARTESIAN_POINT ( 'NONE',  ( 1.376604666648955089, 16.62499999829300990, -3.323417656249999741 ) ) ;
#31 = DIRECTION ( 'NONE',  ( -0.000000000000000000, -1.000000000000000000, -0.000000000000000000 ) ) ;
#32 = ORIENTED_EDGE ( 'NONE', *, *, #3573, .T. ) ;
#33 = CARTESIAN_POINT ( 'NONE',  ( 3.323417656250000185, 22.95312499829300990, 0.000000000000000000 ) ) ;
#34 = CARTESIAN_POINT ( 'NONE',  ( -3.895890870338733603, 19.07243046899610306, -1.046990929439378215 ) ) ;
#35 = CARTESIAN_POINT ( 'NONE',  ( -2.350011161449478081, 17.48437499829300634, 2.350011161449477193 ) ) ;
#36 = ADVANCED_FACE ( 'NONE', ( #1086 ), #258, .F. ) ;
#37 = TOROIDAL_SURFACE ( 'NONE', #2594, 11.50000000000000000, 0.5000000000000000000 ) ;
#38 = CARTESIAN_POINT ( 'NONE',  ( 2.035006397478180666E-16, 17.01562499829300634, -3.323417656250000185 ) ) ;
#39 = ORIENTED_EDGE ( 'NONE', *, *, #3454, .T. ) ;
#40 = CARTESIAN_POINT ( 'NONE',  ( 2.428454699079340973, 23.99999999999999645, 2.309825452538006640 ) ) ;
#41 = AXIS2_PLACEMENT_3D ( 'NONE', #700, #2810, #3091 ) ;
#42 = CARTESIAN_POINT ( 'NONE',  ( 0.5542387243073033654, 10.99999999999999822, -4.465738397676043192 ) ) ;
#43 = CARTESIAN_POINT ( 'NONE',  ( -1.376604666648956865, 14.74999999829300812, 3.323417656249998853 ) ) ;
#44 = CARTESIAN_POINT ( 'NONE',  ( -6.278900822733064611E-06, 15.68735854122382811, 3.999999999989558574 ) ) ;
#45 = CARTESIAN_POINT ( 'NONE',  ( -4.000000000000000000, 23.89062499658601268, -1.656854249492381248 ) ) ;
#46 = CARTESIAN_POINT ( 'NONE',  ( 3.999999999999999112, 13.26562499658601446, 1.656854249492383024 ) ) ;
#47 = EDGE_LOOP ( 'NONE', ( #906, #1152, #1987, #3363 ) ) ;
#48 = CARTESIAN_POINT ( 'NONE',  ( -4.507059494062498395, 16.41037406460786130, 1.866885168863106736 ) ) ;
#49 = CARTESIAN_POINT ( 'NONE',  ( -6.105019192434541011E-16, 18.57812499829300990, 3.323417656250000185 ) ) ;
#50 = ORIENTED_EDGE ( 'NONE', *, *, #1221, .T. ) ;
#51 = CARTESIAN_POINT ( 'NONE',  ( -3.323417656249999741, 23.49999999829300279, -1.376604666648955311 ) ) ;
#52 = CARTESIAN_POINT ( 'NONE',  ( -2.014476456573361496, 18.91618987927361317, -3.495145245312226034 ) ) ;
#53 = CARTESIAN_POINT ( 'NONE',  ( -1.376604666648954867, 17.09374999829300990, -3.323417656249999741 ) ) ;
#54 = CARTESIAN_POINT ( 'NONE',  ( -2.350011161449478081, 17.48437499829300634, 2.350011161449477193 ) ) ;
#55 = CARTESIAN_POINT ( 'NONE',  ( 2.246382801446950239, 24.00000000000000000, -2.594172917363848807 ) ) ;
#56 = DIRECTION ( 'NONE',  ( 0.000000000000000000, -0.000000000000000000, 1.000000000000000000 ) ) ;
#57 = CARTESIAN_POINT ( 'NONE',  ( -3.323417656250000185, 17.01562499829300634, -4.070012794956361332E-16 ) ) ;
#58 = CARTESIAN_POINT ( 'NONE',  ( -2.828427124746189847, 15.06249999658601446, -2.828427124746190291 ) ) ;
#59 = EDGE_CURVE ( 'NONE', #2354, #2476, #478, .T. ) ;
#60 = CARTESIAN_POINT ( 'NONE',  ( 3.999999999999999112, 22.01562499658601624, 1.656854249492383246 ) ) ;
#61 = CARTESIAN_POINT ( 'NONE',  ( 3.912774888447720922, 11.00000000000000711, -1.278059323912334566 ) ) ;
#62 = AXIS2_PLACEMENT_3D ( 'NONE', #987, #1120, #2260 ) ;
#63 = CARTESIAN_POINT ( 'NONE',  ( 4.507059494062497507, 18.12912406460786485, 1.866885168863110067 ) ) ;
#64 = CARTESIAN_POINT ( 'NONE',  ( -6.105019192434541011E-16, 19.82812499829300634, 3.323417656250000185 ) ) ;
#65 = DIRECTION ( 'NONE',  ( 0.000000000000000000, 0.000000000000000000, 1.000000000000000000 ) ) ;
#66 = ORIENTED_EDGE ( 'NONE', *, *, #2606, .T. ) ;
#67 = CARTESIAN_POINT ( 'NONE',  ( -4.000000094908109816, 20.34839528506297412, -0.5235980525671453112 ) ) ;
#68 = CARTESIAN_POINT ( 'NONE',  ( 0.000000000000000000, 11.00000000000000000, 0.000000000000000000 ) ) ;
#69 = CARTESIAN_POINT ( 'NONE',  ( 3.895890908292745092, 20.94731754566576853, 1.046990788211110912 ) ) ;
#70 = CARTESIAN_POINT ( 'NONE',  ( -2.350011161449477193, 15.92187499829300634, -2.350011161449477637 ) ) ;
#71 = AXIS2_PLACEMENT_3D ( 'NONE', #2460, #1274, #2163 ) ;
#72 = CARTESIAN_POINT ( 'NONE',  ( 3.323417656249999741, 16.78124999829300990, -1.376604666648954867 ) ) ;
#73 = CARTESIAN_POINT ( 'NONE',  ( -0.6188931528912354763, 23.99999999999998934, -3.691745686480608857 ) ) ;
#74 = DIRECTION ( 'NONE',  ( -0.000000000000000000, -1.000000000000000000, -0.000000000000000000 ) ) ;
#75 = CARTESIAN_POINT ( 'NONE',  ( 3.323417656249998853, 15.06249999829300634, 1.376604666648957087 ) ) ;
#76 = EDGE_CURVE ( 'NONE', #84, #1442, #2052, .T. ) ;
#77 = FACE_OUTER_BOUND ( 'NONE', #2454, .T. ) ;
#78 = CARTESIAN_POINT ( 'NONE',  ( -1.656854249492382580, 20.45312499658601979, 3.999999999999999112 ) ) ;
#79 = CARTESIAN_POINT ( 'NONE',  ( 8.825249662514453674E-06, 19.90624958045106396, -3.999999999990264676 ) ) ;
#80 = ADVANCED_FACE ( 'NONE', ( #2621, #3115 ), #1782, .T. ) ;
#81 = CARTESIAN_POINT ( 'NONE',  ( -8.279333974455491767E-16, 19.14474906460786485, 4.507059494062498395 ) ) ;
#82 = CARTESIAN_POINT ( 'NONE',  ( 3.323417656249999741, 17.71874999829300634, -1.376604666648954867 ) ) ;
#83 = FACE_OUTER_BOUND ( 'NONE', #2244, .T. ) ;
#84 = VERTEX_POINT ( 'NONE', #3403 ) ;
#85 = CARTESIAN_POINT ( 'NONE',  ( 2.828427124746189403, 14.43749999658601624, 2.828427124746190735 ) ) ;
#86 = CARTESIAN_POINT ( 'NONE',  ( 3.999999886111239800, 22.27536255830669631, -0.5235996476574815706 ) ) ;
#87 = CARTESIAN_POINT ( 'NONE',  ( -2.350011161449477193, 21.85937499829300990, -2.350011161449477637 ) ) ;
#88 = CARTESIAN_POINT ( 'NONE',  ( -1.297643473929754731E-05, 20.68720765186022348, 3.999999999955402785 ) ) ;
#89 = ADVANCED_FACE ( 'NONE', ( #3386 ), #2936, .T. ) ;
#90 = CARTESIAN_POINT ( 'NONE',  ( -3.323417656250001517, 16.15624999829300990, 1.376604666648954645 ) ) ;
#91 = CARTESIAN_POINT ( 'NONE',  ( 2.350011161449477637, 19.04687499829300990, -2.350011161449477637 ) ) ;
#92 = CARTESIAN_POINT ( 'NONE',  ( -1.376604666648954867, 15.84374999829300634, -3.323417656249999741 ) ) ;
#93 = VECTOR ( 'NONE', #1914, 1000.000000000000000 ) ;
#94 = DIRECTION ( 'NONE',  ( -0.000000000000000000, -1.000000000000000000, -0.000000000000000000 ) ) ;
#95 = CARTESIAN_POINT ( 'NONE',  ( 1.377727649040772389E-15, 10.50000000000000000, -11.00000000000000000 ) ) ;
#96 = CARTESIAN_POINT ( 'NONE',  ( -2.350011161449477193, 15.60937499829300812, -2.350011161449477637 ) ) ;
#97 = AXIS2_PLACEMENT_3D ( 'NONE', #3466, #3235, #3535 ) ;
#98 = CARTESIAN_POINT ( 'NONE',  ( 0.000000000000000000, 0.5000000000000004441, 0.000000000000000000 ) ) ;
#99 = CARTESIAN_POINT ( 'NONE',  ( -7.347880794884119736E-16, 23.03124999658601979, 4.000000000000000000 ) ) ;
#100 = DIRECTION ( 'NONE',  ( 0.000000000000000000, 0.000000000000000000, -1.000000000000000000 ) ) ;
#101 = AXIS2_PLACEMENT_3D ( 'NONE', #3443, #2781, #182 ) ;
#102 =( BOUNDED_CURVE ( )  B_SPLINE_CURVE ( 2, ( #3488, #896, #2047, #3575, #3639, #2403, #3002, #2133, #690 ),
 .UNSPECIFIED., .F., .T. ) 
 B_SPLINE_CURVE_WITH_KNOTS ( ( 3, 2, 2, 2, 3 ),
 ( 0.2644151646385514143, 0.2764340426472410850, 0.2884529140666863833, 0.3004717854861316817, 0.3124906535273795916 ),
 .UNSPECIFIED. ) 
 CURVE ( )  GEOMETRIC_REPRESENTATION_ITEM ( )  RATIONAL_B_SPLINE_CURVE ( ( 1.000000000000000000, 0.9238795325112867385, 1.000000000000000000, 0.9238795325112867385, 1.000000000000000000, 0.9238795325112867385, 1.000000000000000000, 0.9238795325112867385, 1.000000000000000000 ) ) 
 REPRESENTATION_ITEM ( '' )  );
#103 = CARTESIAN_POINT ( 'NONE',  ( -1.465082451937883558E-05, 21.93716992951895506, 3.999999999943151252 ) ) ;
#104 = CARTESIAN_POINT ( 'NONE',  ( -1.376604666648954867, 23.03124999829300990, -3.323417656249999741 ) ) ;
#105 = EDGE_LOOP ( 'NONE', ( #1759, #2255, #3515, #800 ) ) ;
#106 = ADVANCED_FACE ( 'NONE', ( #1475 ), #1356, .T. ) ;
#107 = ORIENTED_EDGE ( 'NONE', *, *, #446, .F. ) ;
#108 = CARTESIAN_POINT ( 'NONE',  ( 1.656854249492381026, 19.98437500000000000, -4.000000000000000000 ) ) ;
#109 = CARTESIAN_POINT ( 'NONE',  ( -3.667173509636164397, 11.53645362642575023, -1.757586303810637629 ) ) ;
#110 = DIRECTION ( 'NONE',  ( 0.000000000000000000, -0.000000000000000000, -1.000000000000000000 ) ) ;
#111 = CARTESIAN_POINT ( 'NONE',  ( 3.323417656249999741, 21.46874999829300634, -1.376604666648954867 ) ) ;
#112 = CARTESIAN_POINT ( 'NONE',  ( 3.895890503432206220, 21.05147793881408091, -1.046992294710779037 ) ) ;
#113 = ORIENTED_EDGE ( 'NONE', *, *, #19, .T. ) ;
#114 = CARTESIAN_POINT ( 'NONE',  ( 3.323417656249998853, 22.87499999829300634, 1.376604666648957087 ) ) ;
#115 = ADVANCED_FACE ( 'NONE', ( #809 ), #2519, .F. ) ;
#116 = CARTESIAN_POINT ( 'NONE',  ( -2.350011161449478081, 14.98437499829300812, 2.350011161449477193 ) ) ;
#117 = CARTESIAN_POINT ( 'NONE',  ( -2.350011161449477193, 15.60937499829300812, -2.350011161449477637 ) ) ;
#118 = CARTESIAN_POINT ( 'NONE',  ( -1.376604666648954867, 19.59374999829300634, -3.323417656249999741 ) ) ;
#119 = FACE_OUTER_BOUND ( 'NONE', #3508, .T. ) ;
#120 = DIRECTION ( 'NONE',  ( 1.000000000000000000, -0.000000000000000000, 1.224646799147353207E-16 ) ) ;
#121 = CARTESIAN_POINT ( 'NONE',  ( 1.726830549122646996, 23.99999999999999645, 2.839570596497121624 ) ) ;
#122 = CARTESIAN_POINT ( 'NONE',  ( -7.347880794884119736E-16, 21.78124999658601624, 4.000000000000000000 ) ) ;
#123 = DIRECTION ( 'NONE',  ( 0.000000000000000000, 0.000000000000000000, 1.000000000000000000 ) ) ;
#124 = CARTESIAN_POINT ( 'NONE',  ( 1.866885168863107403, 20.94162406460786130, -4.507059494062497507 ) ) ;
#125 = CARTESIAN_POINT ( 'NONE',  ( 2.449293598294706414E-16, 11.31250000000000000, -4.000000000000000000 ) ) ;
#126 = CIRCLE ( 'NONE', #2257, 5.500000000000000000 ) ;
#127 = ORIENTED_EDGE ( 'NONE', *, *, #565, .F. ) ;
#128 = CARTESIAN_POINT ( 'NONE',  ( 1.656854249492381248, 19.51562500000000355, 3.999999999999999112 ) ) ;
#129 = CARTESIAN_POINT ( 'NONE',  ( -3.895890895641485940, 20.32235518677589070, -1.046990835286909505 ) ) ;
#130 = CARTESIAN_POINT ( 'NONE',  ( 2.449293598294706414E-16, 31.85000000000000497, -2.000000000000000000 ) ) ;
#131 = CARTESIAN_POINT ( 'NONE',  ( -3.323417656250001517, 19.59374999829300634, 1.376604666648954645 ) ) ;
#132 = CARTESIAN_POINT ( 'NONE',  ( -1.046992412398740857, 22.61388383603869556, -3.895890471804413835 ) ) ;
#133 = ORIENTED_EDGE ( 'NONE', *, *, #188, .T. ) ;
#134 = CARTESIAN_POINT ( 'NONE',  ( 3.323417656249999741, 21.78124999829300990, -1.376604666648954867 ) ) ;
#135 = CARTESIAN_POINT ( 'NONE',  ( -3.323417656249999741, 17.24999999829300634, -1.376604666648955311 ) ) ;
#136 = CARTESIAN_POINT ( 'NONE',  ( 2.350011161449477193, 16.23437499829300634, 2.350011161449478081 ) ) ;
#137 = CARTESIAN_POINT ( 'NONE',  ( 3.323417656249999741, 20.53124999829300990, -1.376604666648954867 ) ) ;
#138 = AXIS2_PLACEMENT_3D ( 'NONE', #403, #2696, #3591 ) ;
#139 = DIRECTION ( 'NONE',  ( 1.000000000000000000, 0.000000000000000000, -0.000000000000000000 ) ) ;
#140 = CARTESIAN_POINT ( 'NONE',  ( 3.999999873457765087, 23.52528727608634185, -0.5235997443226976245 ) ) ;
#141 = CARTESIAN_POINT ( 'NONE',  ( -2.828427124746189847, 25.06249999658601624, -2.828427124746190291 ) ) ;
#142 = CARTESIAN_POINT ( 'NONE',  ( 4.000000000000000000, 22.17187499658600913, -1.656854249492380582 ) ) ;
#143 = CARTESIAN_POINT ( 'NONE',  ( -3.186972331462802455, 22.42599906460786130, -3.186972331462802899 ) ) ;
#144 = CARTESIAN_POINT ( 'NONE',  ( -3.323417656250001517, 20.84374999829300634, 1.376604666648954201 ) ) ;
#145 = CARTESIAN_POINT ( 'NONE',  ( -4.000000000000000000, 13.89062499658601624, -1.656854249492381248 ) ) ;
#146 = ORIENTED_EDGE ( 'NONE', *, *, #2644, .T. ) ;
#147 = CARTESIAN_POINT ( 'NONE',  ( -1.656854249492382580, 21.85937500000000711, 3.999999999999999112 ) ) ;
#148 = DIRECTION ( 'NONE',  ( 0.000000000000000000, 0.000000000000000000, 1.000000000000000000 ) ) ;
#149 = DIRECTION ( 'NONE',  ( -1.224646799147351482E-16, 0.000000000000000000, -1.000000000000000000 ) ) ;
#150 = CARTESIAN_POINT ( 'NONE',  ( 2.092962954411025058E-06, 12.56245284707484267, -3.999999999998839595 ) ) ;
#151 = FACE_OUTER_BOUND ( 'NONE', #1966, .T. ) ;
#152 = B_SPLINE_CURVE_WITH_KNOTS ( 'NONE', 3,
 ( #150, #1126, #3691, #196, #784, #2872, #824, #1092, #2811, #2498, #2005, #1944, #3671, #804, #1109, #762, #1070, #2248 ),
 .UNSPECIFIED., .F., .F.,
 ( 4, 2, 2, 2, 2, 2, 2, 2, 4 ),
 ( 0.1201922823629197612, 0.1262018964810654731, 0.1322115105992111850, 0.1382211247173568969, 0.1442307388355026365, 0.1502403529536483484, 0.1562499670717940603, 0.1622595811899397722, 0.1682691953080854841 ),
 .UNSPECIFIED. ) ;
#153 = ORIENTED_EDGE ( 'NONE', *, *, #2902, .F. ) ;
#154 = CARTESIAN_POINT ( 'NONE',  ( 1.376604666648955755, 20.21874999829300634, 3.323417656249999297 ) ) ;
#155 = ADVANCED_FACE ( 'NONE', ( #1179 ), #3499, .T. ) ;
#156 = CARTESIAN_POINT ( 'NONE',  ( 3.323417656250000185, 15.45312499829300812, 0.000000000000000000 ) ) ;
#157 = CARTESIAN_POINT ( 'NONE',  ( 2.350011161449477637, 17.79687499829300634, -2.350011161449477637 ) ) ;
#158 = EDGE_CURVE ( 'NONE', #3088, #2268, #2679, .T. ) ;
#159 = CARTESIAN_POINT ( 'NONE',  ( 4.753178382985364661E-06, 19.28135336538207412, 3.999999999994110489 ) ) ;
#160 = CARTESIAN_POINT ( 'NONE',  ( 3.495145306168392807, 17.35378398204876405, -2.014476350987056907 ) ) ;
#161 = DIRECTION ( 'NONE',  ( -0.000000000000000000, -1.000000000000000000, -0.000000000000000000 ) ) ;
#162 = CARTESIAN_POINT ( 'NONE',  ( -1.376604666648954867, 13.34374999829300634, -3.323417656249999741 ) ) ;
#163 = CARTESIAN_POINT ( 'NONE',  ( 1.536855457437584116, 11.00000000000000711, -4.151670779976160297 ) ) ;
#164 = EDGE_CURVE ( 'NONE', #1860, #850, #1458, .T. ) ;
#165 = AXIS2_PLACEMENT_3D ( 'NONE', #932, #362, #1526 ) ;
#166 = CARTESIAN_POINT ( 'NONE',  ( 1.866885168863108069, 20.47287406460786130, 4.507059494062497507 ) ) ;
#167 = CARTESIAN_POINT ( 'NONE',  ( 2.350011161449477637, 24.04687499829300634, -2.350011161449477637 ) ) ;
#168 = CARTESIAN_POINT ( 'NONE',  ( 0.3239359106429232082, 11.26339228066638931, -4.058920820533022500 ) ) ;
#169 = CARTESIAN_POINT ( 'NONE',  ( 2.449293598294706414E-16, 12.40624999658601624, -4.000000000000000000 ) ) ;
#170 = TOROIDAL_SURFACE ( 'NONE', #469, 3.624999999999999556, 4.000000000000000000 ) ;
#171 = CARTESIAN_POINT ( 'NONE',  ( 4.000000000000000000, 19.82812500000000355, -1.656854249492380804 ) ) ;
#172 = CARTESIAN_POINT ( 'NONE',  ( -3.895890794428393811, 15.32265631565630315, -1.046991211904481078 ) ) ;
#173 = CARTESIAN_POINT ( 'NONE',  ( -4.604523757462703834E-06, 14.43739626356434513, 3.999999999994384936 ) ) ;
#174 = AXIS2_PLACEMENT_3D ( 'NONE', #2234, #1131, #3660 ) ;
#175 = CARTESIAN_POINT ( 'NONE',  ( -6.105019192434541011E-16, 22.32812499829300990, 3.323417656250000185 ) ) ;
#176 = DIRECTION ( 'NONE',  ( 0.000000000000000000, 0.000000000000000000, 1.000000000000000000 ) ) ;
#177 = ORIENTED_EDGE ( 'NONE', *, *, #1028, .F. ) ;
#178 = CARTESIAN_POINT ( 'NONE',  ( 2.350011161449477193, 22.79687499829300634, 2.350011161449478081 ) ) ;
#179 = CARTESIAN_POINT ( 'NONE',  ( -3.323417656250000185, 21.07812499829300634, -4.070012794956361332E-16 ) ) ;
#180 = CARTESIAN_POINT ( 'NONE',  ( -3.323417656250001517, 18.34374999829300634, 1.376604666648954645 ) ) ;
#181 = CARTESIAN_POINT ( 'NONE',  ( 3.323417656250000185, 12.64062499829300634, 0.000000000000000000 ) ) ;
#182 = DIRECTION ( 'NONE',  ( 0.000000000000000000, 0.000000000000000000, 1.000000000000000000 ) ) ;
#183 = CYLINDRICAL_SURFACE ( 'NONE', #1959, 4.000000000000000000 ) ;
#184 = CARTESIAN_POINT ( 'NONE',  ( -2.350011161449477193, 13.42187499829300812, -2.350011161449477637 ) ) ;
#185 = CARTESIAN_POINT ( 'NONE',  ( 0.000000000000000000, 11.00000000000000000, 0.000000000000000000 ) ) ;
#186 = CARTESIAN_POINT ( 'NONE',  ( 3.186972331462802899, 23.36349906460786485, -3.186972331462802899 ) ) ;
#187 = CARTESIAN_POINT ( 'NONE',  ( 2.828427124746190291, 11.15625000000000000, -2.828427124746190291 ) ) ;
#188 = EDGE_CURVE ( 'NONE', #3385, #333, #3507, .T. ) ;
#189 = CARTESIAN_POINT ( 'NONE',  ( 1.930617889761333750, 11.10604113399462101, -3.721099952766470764 ) ) ;
#190 = CARTESIAN_POINT ( 'NONE',  ( -2.828427124746189847, 12.56249999658601624, -2.828427124746190291 ) ) ;
#191 = ADVANCED_FACE ( 'NONE', ( #3694 ), #1095, .F. ) ;
#192 = CARTESIAN_POINT ( 'NONE',  ( 1.656854249492381026, 21.23437500000000000, -4.000000000000000000 ) ) ;
#193 = B_SPLINE_CURVE_WITH_KNOTS ( 'NONE', 3,
 ( #253, #1985, #2499, #3651, #2572, #2517, #500, #480, #3730, #3422, #1127, #2281, #843, #2773, #2249, #3436, #3672, #2006 ),
 .UNSPECIFIED., .F., .F.,
 ( 4, 2, 2, 2, 2, 2, 2, 2, 4 ),
 ( 0.07211536941775277543, 0.07812498353589865385, 0.08413459765404451840, 0.09014421177219039683, 0.09615382589033627525, 0.1021634400084821398, 0.1081730541266280182, 0.1141826682447738828, 0.1201922823629197612 ),
 .UNSPECIFIED. ) ;
#194 = CARTESIAN_POINT ( 'NONE',  ( 0.000000000000000000, 24.00000000000000000, 0.000000000000000000 ) ) ;
#195 = CARTESIAN_POINT ( 'NONE',  ( 0.000000000000000000, 11.50000000000000000, 0.000000000000000000 ) ) ;
#196 = CARTESIAN_POINT ( 'NONE',  ( -2.014476034217491662, 12.66656629037360915, -3.495145488742998907 ) ) ;
#197 = VERTEX_POINT ( 'NONE', #1228 ) ;
#198 = CARTESIAN_POINT ( 'NONE',  ( 2.350011161449477193, 21.54687499829300634, 2.350011161449478081 ) ) ;
#199 = AXIS2_PLACEMENT_3D ( 'NONE', #1876, #1524, #2987 ) ;
#200 = CARTESIAN_POINT ( 'NONE',  ( -3.323417656250001517, 21.15624999829300634, 1.376604666648954645 ) ) ;
#201 = CARTESIAN_POINT ( 'NONE',  ( 3.323417656249999741, 17.71874999829300634, -1.376604666648954867 ) ) ;
#202 = CARTESIAN_POINT ( 'NONE',  ( 1.046991706241614972, 13.23944845268951021, 3.895890661578996550 ) ) ;
#203 = CARTESIAN_POINT ( 'NONE',  ( 4.898587196589412829E-16, 24.00000000000000000, 4.000000000000000000 ) ) ;
#204 = CARTESIAN_POINT ( 'NONE',  ( 1.376604666648955755, 15.21874999829300634, 3.323417656249999297 ) ) ;
#205 = CARTESIAN_POINT ( 'NONE',  ( 0.000000000000000000, 31.85000000000000497, 0.000000000000000000 ) ) ;
#206 = CARTESIAN_POINT ( 'NONE',  ( -2.290148581540085403E-06, 16.78120015883094496, 3.999999999998629541 ) ) ;
#207 = CARTESIAN_POINT ( 'NONE',  ( 1.656854249492381248, 14.51562499999999822, 3.999999999999999112 ) ) ;
#208 = CARTESIAN_POINT ( 'NONE',  ( 1.985945847791279251, 11.03619639665393137, -3.828725513303743000 ) ) ;
#209 = EDGE_CURVE ( 'NONE', #1469, #995, #1498, .T. ) ;
#210 = EDGE_LOOP ( 'NONE', ( #2535, #1410, #3592, #2263 ) ) ;
#211 = CARTESIAN_POINT ( 'NONE',  ( 1.866885168863107403, 13.44162406460786485, -4.507059494062497507 ) ) ;
#212 = DIRECTION ( 'NONE',  ( -0.000000000000000000, -1.000000000000000000, -0.000000000000000000 ) ) ;
#213 = CARTESIAN_POINT ( 'NONE',  ( -2.353772505594632136, 11.43575951400869606, -3.254479082254254863 ) ) ;
#214 = DIRECTION ( 'NONE',  ( 0.000000000000000000, 0.000000000000000000, -1.000000000000000000 ) ) ;
#215 = CARTESIAN_POINT ( 'NONE',  ( -1.046991753320965834, 13.86441081157956923, -3.895890648926767952 ) ) ;
#216 = VERTEX_POINT ( 'NONE', #694 ) ;
#217 = CARTESIAN_POINT ( 'NONE',  ( 9.337931843498568852E-16, 32.00000000000000000, 7.625000000000000000 ) ) ;
#218 = CARTESIAN_POINT ( 'NONE',  ( 2.035006397478180666E-16, 19.20312499829300634, -3.323417656250000185 ) ) ;
#219 = CARTESIAN_POINT ( 'NONE',  ( 3.999999974690219950, 13.52588953384745452, -0.5235989709648062318 ) ) ;
#220 = CARTESIAN_POINT ( 'NONE',  ( 0.000000000000000000, 24.00000000000000000, -4.000000000000000000 ) ) ;
#221 = FACE_OUTER_BOUND ( 'NONE', #2819, .T. ) ;
#222 = VERTEX_POINT ( 'NONE', #1212 ) ;
#223 = CYLINDRICAL_SURFACE ( 'NONE', #3623, 4.000000000000000000 ) ;
#224 = CARTESIAN_POINT ( 'NONE',  ( -1.376604666648954867, 14.59374999829300457, -3.323417656249999741 ) ) ;
#225 = CARTESIAN_POINT ( 'NONE',  ( -1.656854249492380360, 13.89062500000000000, -4.000000000000000000 ) ) ;
#226 = CARTESIAN_POINT ( 'NONE',  ( -3.494030102199249033, 23.99999999999998579, 1.744673420137587305 ) ) ;
#227 = AXIS2_PLACEMENT_3D ( 'NONE', #327, #1946, #236 ) ;
#228 = VERTEX_POINT ( 'NONE', #3274 ) ;
#229 = CARTESIAN_POINT ( 'NONE',  ( -3.186972331462803343, 12.73849906460786308, 3.186972331462802455 ) ) ;
#230 = DIRECTION ( 'NONE',  ( 0.000000000000000000, 1.000000000000000000, 0.000000000000000000 ) ) ;
#231 = CARTESIAN_POINT ( 'NONE',  ( 2.035006397478180666E-16, 15.45312499829300812, -3.323417656250000185 ) ) ;
#232 = CARTESIAN_POINT ( 'NONE',  ( 0.000000000000000000, 11.50000000000000000, 0.000000000000000000 ) ) ;
#233 = CARTESIAN_POINT ( 'NONE',  ( -2.014475105040623770, 23.08260560520606219, 3.495146024286898800 ) ) ;
#234 = EDGE_CURVE ( 'NONE', #3402, #1557, #2389, .T. ) ;
#235 = ORIENTED_EDGE ( 'NONE', *, *, #1459, .T. ) ;
#236 = DIRECTION ( 'NONE',  ( 0.000000000000000000, 0.000000000000000000, -1.000000000000000000 ) ) ;
#237 = CARTESIAN_POINT ( 'NONE',  ( -2.350011161449478081, 19.98437499829300990, 2.350011161449477193 ) ) ;
#238 = CARTESIAN_POINT ( 'NONE',  ( -3.323417656250001517, 19.59374999829300634, 1.376604666648954201 ) ) ;
#239 = CARTESIAN_POINT ( 'NONE',  ( 1.195989259963723346E-06, 23.03127589841479761, 3.999999999999630518 ) ) ;
#240 = CARTESIAN_POINT ( 'NONE',  ( -2.350011161449477193, 14.35937499829300812, -2.350011161449477637 ) ) ;
#241 = ORIENTED_EDGE ( 'NONE', *, *, #19, .F. ) ;
#242 = DIRECTION ( 'NONE',  ( 0.000000000000000000, -1.000000000000000000, 0.000000000000000000 ) ) ;
#243 = CARTESIAN_POINT ( 'NONE',  ( 1.376604666648955089, 13.18749999829300634, -3.323417656249999741 ) ) ;
#244 = CARTESIAN_POINT ( 'NONE',  ( -3.323417656250000185, 22.32812499829300990, -4.070012794956361332E-16 ) ) ;
#245 = CARTESIAN_POINT ( 'NONE',  ( 2.449293598294706414E-16, 15.06250000000000000, -4.000000000000000000 ) ) ;
#246 = CARTESIAN_POINT ( 'NONE',  ( 0.000000000000000000, 29.89999999999999858, 0.000000000000000000 ) ) ;
#247 = CARTESIAN_POINT ( 'NONE',  ( -4.000000000000000000, 17.64062499658601624, -1.656854249492381248 ) ) ;
#248 = ORIENTED_EDGE ( 'NONE', *, *, #1026, .T. ) ;
#249 = CARTESIAN_POINT ( 'NONE',  ( -4.507059494062498395, 11.41037406460786130, 1.866885168863106736 ) ) ;
#250 = CARTESIAN_POINT ( 'NONE',  ( 0.000000000000000000, 24.00000000000000000, 0.000000000000000000 ) ) ;
#251 = CARTESIAN_POINT ( 'NONE',  ( 2.350011161449477193, 12.48437499829300634, 2.350011161449478081 ) ) ;
#252 = PLANE ( 'NONE',  #2566 ) ;
#253 = CARTESIAN_POINT ( 'NONE',  ( -1.255777295866969370E-06, 11.93747170824493509, 3.999999999999582112 ) ) ;
#254 = ORIENTED_EDGE ( 'NONE', *, *, #560, .F. ) ;
#255 = CARTESIAN_POINT ( 'NONE',  ( -6.105019192434541011E-16, 20.14062499829300634, 3.323417656250000185 ) ) ;
#256 = CARTESIAN_POINT ( 'NONE',  ( 2.350011161449477193, 18.73437499829300990, 2.350011161449478081 ) ) ;
#257 = TOROIDAL_SURFACE ( 'NONE', #1713, 4.500000000000000888, 0.5000000000000000000 ) ;
#258 =( BOUNDED_SURFACE ( )  B_SPLINE_SURFACE ( 1, 2, ( 
 ( #2547, #3706, #2220, #1669, #169, #3377, #190, #1105, #3107, #2243, #2512, #780, #2262, #3087, #492, #1960, #718, #736, #1612, #1652, #2806, #515, #436, #145, #1309, #2474, #3626, #1027, #3204, #2018, #1158, #879, #2918, #2904, #1764, #901, #1474, #26, #2884, #326, #550, #2051, #1194, #3471, #2036, #2315, #819, #286, #1708, #3125, #3766, #856, #1423, #1979, #3746, #2276, #3162, #2637, #1439, #3415, #268, #572, #2620, #2586, #2000, #2868, #1139, #1728, #2296, #1457, #2334, #247, #3431, #2603, #590, #3180, #837, #1746, #534, #1689, #12, #308, #607, #3452, #1177, #3492, #1121, #2846, #1403, #2567, #3725, #3144, #2988, #2135, #3506, #2705, #1244, #1816, #3557, #3521, #945, #3238, #1525, #1491, #3538, #2686, #2969, #78, #2428, #361, #374, #2951, #2351, #1781, #634, #414, #393, #3255, #3294, #2406, #962, #1211, #2724, #2085, #122, #1265, #2935, #60, #1836, #1798, #2117, #3220, #3273, #655, #2100, #3579, #621, #673, #344, #1544, #99, #2654, #1510, #3004, #918, #2066, #982, #1227, #693, #1853, #1566, #45, #2369, #2387, #2669, #931, #2154, #3642, #450, #1607, #2820, #1304, #2488, #1935, #1081, #1040, #141, #730, #1284 ),
 ( #775, #3394, #2525, #3102, #1664, #754, #795, #2174, #3681, #2449, #1342, #3662, #2784, #3602, #1913, #3335, #1895, #1953, #1003, #3314, #1627, #162, #184, #2215, #2507, #3372, #1644, #1324, #3045, #713, #1877, #2194, #2764, #3354, #3026, #2469, #3064, #3081, #2238, #467, #3621, #1060, #432, #488, #2799, #204, #1361, #509, #1587, #2746, #1022, #894, #3120, #2309, #603, #2943, #646, #353, #1774, #3230, #1236, #890, #1825, #664, #2399, #337, #2928, #1484, #1502, #53, #2646, #1517, #3549, #317, #35, #1218, #2963, #2380, #3530, #939, #2980, #599, #1536, #2095, #2697, #3481, #3191, #1757, #2343, #2911, #1467, #2629, #3306, #3284, #3056, #2208, #3569, #2775, #1317, #1889, #3636, #3593, #1015, #704, #1600, #1558, #3614, #2757, #3038, #154, #2501, #426, #443, #3019, #2418, #1845, #1868, #482, #459, #3329, #3364, #2483, #1035, #1276, #2794, #2145, #198, #1337, #2997, #134, #1906, #1578, #2185, #684, #3347, #725, #2166, #3654, #406, #747, #2719, #1620, #178, #114, #996, #2736, #1296, #1053, #2462, #766, #1925, #2440, #3075, #1640, #971, #2126, #2536, #2316, #2067, #2228, #1765, #3767, #27, #2833, #1159, #3472, #2814, #1747, #3205 ) ),
 .UNSPECIFIED., .F., .F., .F. ) 
 B_SPLINE_SURFACE_WITH_KNOTS ( ( 2, 2 ),
 ( 3, 2, 2, 2, 2, 2, 2, 2, 2, 2, 2, 2, 2, 2, 2, 2, 2, 2, 2, 2, 2, 2, 2, 2, 2, 2, 2, 2, 2, 2, 2, 2, 2, 2, 2, 2, 2, 2, 2, 2, 2, 2, 2, 2, 2, 2, 2, 2, 2, 2, 2, 2, 2, 2, 2, 2, 2, 2, 2, 2, 2, 2, 2, 2, 2, 2, 2, 2, 2, 2, 2, 2, 2, 2, 2, 2, 2, 2, 2, 2, 2, 2, 2, 2, 3 ),
 ( 0.000000000000000000, 1.000000000000000000 ),
 ( 0.000000000000000000, 0.01136363636363636395, 0.02272727272727272790, 0.03409090909090908839, 0.04545454545454545581, 0.05681818181818181629, 0.06818181818181817677, 0.07954545454545454419, 0.09090909090909091161, 0.1022727272727272790, 0.1136363636363636326, 0.1250000000000000000, 0.1363636363636363535, 0.1477272727272727348, 0.1590909090909090884, 0.1704545454545454419, 0.1818181818181818232, 0.1931818181818181768, 0.2045454545454545581, 0.2159090909090909116, 0.2272727272727272652, 0.2386363636363636465, 0.2500000000000000000, 0.2613636363636363535, 0.2727272727272727071, 0.2840909090909091161, 0.2954545454545454697, 0.3068181818181818232, 0.3181818181818181768, 0.3295454545454545303, 0.3409090909090908839, 0.3522727272727272929, 0.3636363636363636465, 0.3750000000000000000, 0.3863636363636363535, 0.3977272727272727071, 0.4090909090909091161, 0.4204545454545454697, 0.4318181818181818232, 0.4431818181818181768, 0.4545454545454545303, 0.4659090909090908839, 0.4772727272727272929, 0.4886363636363636465, 0.5000000000000000000, 0.5113636363636363535, 0.5227272727272727071, 0.5340909090909090606, 0.5454545454545454142, 0.5568181818181817677, 0.5681818181818182323, 0.5795454545454545858, 0.5909090909090909394, 0.6022727272727272929, 0.6136363636363636465, 0.6250000000000000000, 0.6363636363636363535, 0.6477272727272727071, 0.6590909090909090606, 0.6704545454545454142, 0.6818181818181817677, 0.6931818181818182323, 0.7045454545454545858, 0.7159090909090909394, 0.7272727272727272929, 0.7386363636363636465, 0.7500000000000000000, 0.7613636363636363535, 0.7727272727272727071, 0.7840909090909090606, 0.7954545454545454142, 0.8068181818181817677, 0.8181818181818182323, 0.8295454545454545858, 0.8409090909090909394, 0.8522727272727272929, 0.8636363636363636465, 0.8750000000000000000, 0.8863636363636363535, 0.8977272727272727071, 0.9090909090909090606, 0.9204545454545454142, 0.9318181818181817677, 0.9431818181818182323, 0.9454829537513249615 ),
 .UNSPECIFIED. ) 
 GEOMETRIC_REPRESENTATION_ITEM ( )  RATIONAL_B_SPLINE_SURFACE ( (
 ( 1.000000000000000000, 0.9238795325112867385, 1.000000000000000000, 0.9238795325112867385, 1.000000000000000000, 0.9238795325112867385, 1.000000000000000000, 0.9238795325112867385, 1.000000000000000000, 0.9238795325112867385, 1.000000000000000000, 0.9238795325112867385, 1.000000000000000000, 0.9238795325112867385, 1.000000000000000000, 0.9238795325112867385, 1.000000000000000000, 0.9238795325112867385, 1.000000000000000000, 0.9238795325112867385, 1.000000000000000000, 0.9238795325112867385, 1.000000000000000000, 0.9238795325112867385, 1.000000000000000000, 0.9238795325112867385, 1.000000000000000000, 0.9238795325112867385, 1.000000000000000000, 0.9238795325112867385, 1.000000000000000000, 0.9238795325112867385, 1.000000000000000000, 0.9238795325112867385, 1.000000000000000000, 0.9238795325112867385, 1.000000000000000000, 0.9238795325112867385, 1.000000000000000000, 0.9238795325112867385, 1.000000000000000000, 0.9238795325112867385, 1.000000000000000000, 0.9238795325112867385, 1.000000000000000000, 0.9238795325112867385, 1.000000000000000000, 0.9238795325112867385, 1.000000000000000000, 0.9238795325112867385, 1.000000000000000000, 0.9238795325112867385, 1.000000000000000000, 0.9238795325112867385, 1.000000000000000000, 0.9238795325112867385, 1.000000000000000000, 0.9238795325112867385, 1.000000000000000000, 0.9238795325112867385, 1.000000000000000000, 0.9238795325112867385, 1.000000000000000000, 0.9238795325112867385, 1.000000000000000000, 0.9238795325112867385, 1.000000000000000000, 0.9238795325112867385, 1.000000000000000000, 0.9238795325112867385, 1.000000000000000000, 0.9238795325112867385, 1.000000000000000000, 0.9238795325112867385, 1.000000000000000000, 0.9238795325112867385, 1.000000000000000000, 0.9238795325112867385, 1.000000000000000000, 0.9238795325112867385, 1.000000000000000000, 0.9238795325112867385, 1.000000000000000000, 0.9238795325112867385, 1.000000000000000000, 0.9238795325112867385, 1.000000000000000000, 0.9238795325112867385, 1.000000000000000000, 0.9238795325112867385, 1.000000000000000000, 0.9238795325112867385, 1.000000000000000000, 0.9238795325112867385, 1.000000000000000000, 0.9238795325112867385, 1.000000000000000000, 0.9238795325112867385, 1.000000000000000000, 0.9238795325112867385, 1.000000000000000000, 0.9238795325112867385, 1.000000000000000000, 0.9238795325112867385, 1.000000000000000000, 0.9238795325112867385, 1.000000000000000000, 0.9238795325112867385, 1.000000000000000000, 0.9238795325112867385, 1.000000000000000000, 0.9238795325112867385, 1.000000000000000000, 0.9238795325112867385, 1.000000000000000000, 0.9238795325112867385, 1.000000000000000000, 0.9238795325112867385, 1.000000000000000000, 0.9238795325112867385, 1.000000000000000000, 0.9238795325112867385, 1.000000000000000000, 0.9238795325112867385, 1.000000000000000000, 0.9238795325112867385, 1.000000000000000000, 0.9238795325112867385, 1.000000000000000000, 0.9238795325112867385, 1.000000000000000000, 0.9238795325112867385, 1.000000000000000000, 0.9238795325112867385, 1.000000000000000000, 0.9238795325112867385, 1.000000000000000000, 0.9238795325112867385, 1.000000000000000000, 0.9238795325112867385, 1.000000000000000000, 0.9238795325112867385, 1.000000000000000000, 0.9238795325112867385, 1.000000000000000000, 0.9238795325112867385, 1.000000000000000000, 0.9238795325112867385, 1.000000000000000000, 0.9238795325112867385, 1.000000000000000000, 0.9238795325112867385, 1.000000000000000000, 0.9238795325112867385, 1.000000000000000000, 0.9238795325112867385, 1.000000000000000000, 0.9238795325112867385, 1.000000000000000000, 0.9238795325112867385, 1.000000000000000000, 0.9238795325112867385, 1.000000000000000000, 0.9238795325112867385, 1.000000000000000000, 0.9238795325112867385, 1.000000000000000000, 0.9845856106530931351, 0.9754140468372634043),
 ( 1.000000000000000000, 0.9238795325112867385, 1.000000000000000000, 0.9238795325112867385, 1.000000000000000000, 0.9238795325112867385, 1.000000000000000000, 0.9238795325112867385, 1.000000000000000000, 0.9238795325112867385, 1.000000000000000000, 0.9238795325112867385, 1.000000000000000000, 0.9238795325112867385, 1.000000000000000000, 0.9238795325112867385, 1.000000000000000000, 0.9238795325112867385, 1.000000000000000000, 0.9238795325112867385, 1.000000000000000000, 0.9238795325112867385, 1.000000000000000000, 0.9238795325112867385, 1.000000000000000000, 0.9238795325112867385, 1.000000000000000000, 0.9238795325112867385, 1.000000000000000000, 0.9238795325112867385, 1.000000000000000000, 0.9238795325112867385, 1.000000000000000000, 0.9238795325112867385, 1.000000000000000000, 0.9238795325112867385, 1.000000000000000000, 0.9238795325112867385, 1.000000000000000000, 0.9238795325112867385, 1.000000000000000000, 0.9238795325112867385, 1.000000000000000000, 0.9238795325112867385, 1.000000000000000000, 0.9238795325112867385, 1.000000000000000000, 0.9238795325112867385, 1.000000000000000000, 0.9238795325112867385, 1.000000000000000000, 0.9238795325112867385, 1.000000000000000000, 0.9238795325112867385, 1.000000000000000000, 0.9238795325112867385, 1.000000000000000000, 0.9238795325112867385, 1.000000000000000000, 0.9238795325112867385, 1.000000000000000000, 0.9238795325112867385, 1.000000000000000000, 0.9238795325112867385, 1.000000000000000000, 0.9238795325112867385, 1.000000000000000000, 0.9238795325112867385, 1.000000000000000000, 0.9238795325112867385, 1.000000000000000000, 0.9238795325112867385, 1.000000000000000000, 0.9238795325112867385, 1.000000000000000000, 0.9238795325112867385, 1.000000000000000000, 0.9238795325112867385, 1.000000000000000000, 0.9238795325112867385, 1.000000000000000000, 0.9238795325112867385, 1.000000000000000000, 0.9238795325112867385, 1.000000000000000000, 0.9238795325112867385, 1.000000000000000000, 0.9238795325112867385, 1.000000000000000000, 0.9238795325112867385, 1.000000000000000000, 0.9238795325112867385, 1.000000000000000000, 0.9238795325112867385, 1.000000000000000000, 0.9238795325112867385, 1.000000000000000000, 0.9238795325112867385, 1.000000000000000000, 0.9238795325112867385, 1.000000000000000000, 0.9238795325112867385, 1.000000000000000000, 0.9238795325112867385, 1.000000000000000000, 0.9238795325112867385, 1.000000000000000000, 0.9238795325112867385, 1.000000000000000000, 0.9238795325112867385, 1.000000000000000000, 0.9238795325112867385, 1.000000000000000000, 0.9238795325112867385, 1.000000000000000000, 0.9238795325112867385, 1.000000000000000000, 0.9238795325112867385, 1.000000000000000000, 0.9238795325112867385, 1.000000000000000000, 0.9238795325112867385, 1.000000000000000000, 0.9238795325112867385, 1.000000000000000000, 0.9238795325112867385, 1.000000000000000000, 0.9238795325112867385, 1.000000000000000000, 0.9238795325112867385, 1.000000000000000000, 0.9238795325112867385, 1.000000000000000000, 0.9238795325112867385, 1.000000000000000000, 0.9238795325112867385, 1.000000000000000000, 0.9238795325112867385, 1.000000000000000000, 0.9238795325112867385, 1.000000000000000000, 0.9238795325112867385, 1.000000000000000000, 0.9238795325112867385, 1.000000000000000000, 0.9238795325112867385, 1.000000000000000000, 0.9238795325112867385, 1.000000000000000000, 0.9238795325112867385, 1.000000000000000000, 0.9238795325112867385, 1.000000000000000000, 0.9238795325112867385, 1.000000000000000000, 0.9238795325112867385, 1.000000000000000000, 0.9238795325112867385, 1.000000000000000000, 0.9238795325112867385, 1.000000000000000000, 0.9238795325112867385, 1.000000000000000000, 0.9238795325112867385, 1.000000000000000000, 0.9238795325112867385, 1.000000000000000000, 0.9845856106530931351, 0.9754140468372634043) ) ) 
 REPRESENTATION_ITEM ( '' )  SURFACE ( )  );
#259 = DIRECTION ( 'NONE',  ( 0.000000000000000000, 1.000000000000000000, 0.000000000000000000 ) ) ;
#260 = AXIS2_PLACEMENT_3D ( 'NONE', #194, #3342, #1333 ) ;
#261 = CARTESIAN_POINT ( 'NONE',  ( -3.895890490781023452, 21.67644029770393743, 1.046992341786207481 ) ) ;
#262 = ORIENTED_EDGE ( 'NONE', *, *, #391, .F. ) ;
#263 = CARTESIAN_POINT ( 'NONE',  ( -4.000000069600231356, 17.84854584950331358, -0.5235982459053982740 ) ) ;
#264 = CARTESIAN_POINT ( 'NONE',  ( -1.656854249492380138, 16.23437499658601624, -4.000000000000000000 ) ) ;
#265 = CARTESIAN_POINT ( 'NONE',  ( 2.035006397478180666E-16, 11.70312499829300812, -3.323417656250000185 ) ) ;
#266 = CARTESIAN_POINT ( 'NONE',  ( 3.999999999999999112, 17.17187500000000000, 1.656854249492383246 ) ) ;
#267 = FACE_OUTER_BOUND ( 'NONE', #765, .T. ) ;
#268 = CARTESIAN_POINT ( 'NONE',  ( -7.347880794884119736E-16, 16.78124999658601624, 4.000000000000000000 ) ) ;
#269 = ORIENTED_EDGE ( 'NONE', *, *, #2128, .F. ) ;
#270 = CARTESIAN_POINT ( 'NONE',  ( -8.279333974455491767E-16, 12.89474906460786308, 4.507059494062498395 ) ) ;
#271 = CARTESIAN_POINT ( 'NONE',  ( 3.323417656249999741, 13.96874999829300634, -1.376604666648954867 ) ) ;
#272 = CIRCLE ( 'NONE', #2388, 4.500000000000000888 ) ;
#273 = CARTESIAN_POINT ( 'NONE',  ( -3.323417656249999741, 13.49999999829300634, -1.376604666648955311 ) ) ;
#274 = EDGE_LOOP ( 'NONE', ( #1972, #3688, #566, #2807 ) ) ;
#275 = CARTESIAN_POINT ( 'NONE',  ( -2.350011161449477193, 20.60937499829300634, -2.350011161449477637 ) ) ;
#276 = ADVANCED_FACE ( 'NONE', ( #2989 ), #37, .F. ) ;
#277 = CARTESIAN_POINT ( 'NONE',  ( 3.495145111432255813, 22.35348285316793238, -2.014476688856975173 ) ) ;
#278 = CARTESIAN_POINT ( 'NONE',  ( -1.376604666648957087, 13.49999999829300634, 3.323417656249999297 ) ) ;
#279 = ORIENTED_EDGE ( 'NONE', *, *, #3312, .T. ) ;
#280 = EDGE_CURVE ( 'NONE', #1316, #228, #3337, .T. ) ;
#281 = CARTESIAN_POINT ( 'NONE',  ( -4.000000000000000000, 22.71874999658601979, -4.898587196589412829E-16 ) ) ;
#282 = DIRECTION ( 'NONE',  ( -0.000000000000000000, 1.000000000000000000, -0.000000000000000000 ) ) ;
#283 = CARTESIAN_POINT ( 'NONE',  ( -1.376604666648954867, 11.78124999829300990, -3.323417656249999741 ) ) ;
#284 = CARTESIAN_POINT ( 'NONE',  ( 2.828427124746190291, 16.15625000000000000, -2.828427124746190291 ) ) ;
#285 = LINE ( 'NONE', #3218, #1828 ) ;
#286 = CARTESIAN_POINT ( 'NONE',  ( 3.999999999999999112, 15.76562499658601801, 1.656854249492383246 ) ) ;
#287 = EDGE_CURVE ( 'NONE', #3149, #2250, #3316, .T. ) ;
#288 = ORIENTED_EDGE ( 'NONE', *, *, #280, .T. ) ;
#289 = CARTESIAN_POINT ( 'NONE',  ( 3.999999999999999112, 23.42187500000000355, 1.656854249492383246 ) ) ;
#290 = CARTESIAN_POINT ( 'NONE',  ( -2.350011161449478081, 12.17187499829300812, 2.350011161449477193 ) ) ;
#291 = CARTESIAN_POINT ( 'NONE',  ( -2.828427124746190735, 17.87499999658601624, 2.828427124746189847 ) ) ;
#292 = UNCERTAINTY_MEASURE_WITH_UNIT (LENGTH_MEASURE( 1.000000000000000082E-05 ), #812, 'distance_accuracy_value', 'NONE');
#293 = VERTEX_POINT ( 'NONE', #2725 ) ;
#294 = AXIS2_PLACEMENT_3D ( 'NONE', #2604, #1440, #787 ) ;
#295 = CARTESIAN_POINT ( 'NONE',  ( 1.046991235443713419, 15.01017513621130028, -3.895890788102403857 ) ) ;
#296 = AXIS2_PLACEMENT_3D ( 'NONE', #1541, #2702, #3292 ) ;
#297 = CARTESIAN_POINT ( 'NONE',  ( -4.000000082254261180, 19.09847056728317582, -0.5235981492356056588 ) ) ;
#298 = STYLED_ITEM ( 'NONE', ( #771 ), #1551 ) ;
#299 = CARTESIAN_POINT ( 'NONE',  ( 3.895890478129938828, 22.30140265659377619, -1.046992388861274881 ) ) ;
#300 = CARTESIAN_POINT ( 'NONE',  ( 3.323417656250000185, 13.89062499829300812, 0.000000000000000000 ) ) ;
#301 = ORIENTED_EDGE ( 'NONE', *, *, #748, .T. ) ;
#302 = B_SPLINE_CURVE_WITH_KNOTS ( 'NONE', 3,
 ( #3061, #3678, #202, #3310, #709, #3388, #463, #1057, #2212, #219, #1077, #3369, #1604, #3599, #1000, #2150, #1321, #770 ),
 .UNSPECIFIED., .F., .F.,
 ( 4, 2, 2, 2, 2, 2, 2, 2, 4 ),
 ( 0.1682691953080854841, 0.1742788094262310572, 0.1802884235443766026, 0.1862980376625221757, 0.1923076517806677488, 0.1983172658988132941, 0.2043268800169588673, 0.2103364941351044126, 0.2163461082532499857 ),
 .UNSPECIFIED. ) ;
#303 = CARTESIAN_POINT ( 'NONE',  ( -1.070423204903668245E-07, 12.40625017307097089, -3.999999999999998224 ) ) ;
#304 = DIRECTION ( 'NONE',  ( -1.000000000000000000, -0.000000000000000000, -0.000000000000000000 ) ) ;
#305 = CARTESIAN_POINT ( 'NONE',  ( -6.105019192434541011E-16, 21.39062499829300634, 3.323417656250000185 ) ) ;
#306 = CARTESIAN_POINT ( 'NONE',  ( -1.656854249492380360, 17.64062500000000711, -4.000000000000000000 ) ) ;
#307 = CARTESIAN_POINT ( 'NONE',  ( 1.485954799713655516, 24.00000000000000000, 3.023116799342982830 ) ) ;
#308 = CARTESIAN_POINT ( 'NONE',  ( 4.000000000000000000, 18.42187499658601624, -1.656854249492380804 ) ) ;
#309 = CARTESIAN_POINT ( 'NONE',  ( -3.948255727395802772, 24.00000000000000355, 0.6413085927120029117 ) ) ;
#310 = VERTEX_POINT ( 'NONE', #2370 ) ;
#311 = EDGE_CURVE ( 'NONE', #2250, #3319, #708, .T. ) ;
#312 = CARTESIAN_POINT ( 'NONE',  ( -3.186972331462803343, 17.73849906460785775, 3.186972331462802455 ) ) ;
#313 = CARTESIAN_POINT ( 'NONE',  ( -6.105019192434541011E-16, 14.82812499829300634, 3.323417656250000185 ) ) ;
#314 = VERTEX_POINT ( 'NONE', #79 ) ;
#315 = DIRECTION ( 'NONE',  ( -0.000000000000000000, -1.000000000000000000, -0.000000000000000000 ) ) ;
#316 = CARTESIAN_POINT ( 'NONE',  ( 3.323417656250000185, 22.64062499829300990, 0.000000000000000000 ) ) ;
#317 = CARTESIAN_POINT ( 'NONE',  ( -3.323417656250001517, 17.40624999829300990, 1.376604666648954201 ) ) ;
#318 = CIRCLE ( 'NONE', #670, 5.500000000000000000 ) ;
#319 = CARTESIAN_POINT ( 'NONE',  ( 2.035006397478180666E-16, 14.20312499829300812, -3.323417656250000185 ) ) ;
#320 = EDGE_LOOP ( 'NONE', ( #3346, #2661, #3119, #1888 ) ) ;
#321 = CYLINDRICAL_SURFACE ( 'NONE', #1993, 5.000000000000000000 ) ;
#322 = AXIS2_PLACEMENT_3D ( 'NONE', #507, #3620, #1021 ) ;
#323 = DIRECTION ( 'NONE',  ( -1.000000000000000000, 0.000000000000000000, 0.000000000000000000 ) ) ;
#324 = CARTESIAN_POINT ( 'NONE',  ( -3.323417656250001517, 21.15624999829300279, 1.376604666648954201 ) ) ;
#325 = DIRECTION ( 'NONE',  ( 0.000000000000000000, 1.000000000000000000, 0.000000000000000000 ) ) ;
#326 = CARTESIAN_POINT ( 'NONE',  ( -4.000000000000000000, 15.14062499658601624, -1.656854249492381248 ) ) ;
#327 = CARTESIAN_POINT ( 'NONE',  ( 0.000000000000000000, 32.00000000000000000, 0.000000000000000000 ) ) ;
#328 = EDGE_LOOP ( 'NONE', ( #1675, #2227, #1477, #17, #3726 ) ) ;
#329 = CARTESIAN_POINT ( 'NONE',  ( -8.279333974455491767E-16, 15.39474906460786308, 4.507059494062498395 ) ) ;
#330 = CARTESIAN_POINT ( 'NONE',  ( 3.323417656249998853, 17.56249999829300990, 1.376604666648957087 ) ) ;
#331 = CARTESIAN_POINT ( 'NONE',  ( -1.046991282522480082, 14.38521277732127324, 3.895890775450344012 ) ) ;
#332 = PRODUCT_DEFINITION_CONTEXT ( 'detailed design', #3627, 'design' ) ;
#333 = VERTEX_POINT ( 'NONE', #1245 ) ;
#334 = EDGE_CURVE ( 'NONE', #2518, #216, #1949, .T. ) ;
#335 = B_SPLINE_CURVE_WITH_KNOTS ( 'NONE', 3,
 ( #88, #2143, #1887, #1904, #3304, #1255, #3283, #69, #2755, #702, #112, #2398, #457, #1865, #2996, #1844, #3548, #663 ),
 .UNSPECIFIED., .F., .F.,
 ( 4, 2, 2, 2, 2, 2, 2, 2, 4 ),
 ( 0.7451921506499773473, 0.7512017647681210608, 0.7572113788862647743, 0.7632209930044085988, 0.7692306071225523123, 0.7752402212406960258, 0.7812498353588397393, 0.7872594494769835638, 0.7932690635951272773 ),
 .UNSPECIFIED. ) ;
#336 = CARTESIAN_POINT ( 'NONE',  ( -1.046992129944420036, 18.86410968269945343, -3.895890547711970520 ) ) ;
#337 = CARTESIAN_POINT ( 'NONE',  ( 3.323417656249999741, 16.78124999829300990, -1.376604666648954867 ) ) ;
#338 = CARTESIAN_POINT ( 'NONE',  ( -3.323417656250000185, 19.82812499829300634, -4.070012794956361332E-16 ) ) ;
#339 = ORIENTED_EDGE ( 'NONE', *, *, #3595, .F. ) ;
#340 = CARTESIAN_POINT ( 'NONE',  ( 2.138722618541253340, 24.00000000000000000, -2.702705380873564600 ) ) ;
#341 = DIRECTION ( 'NONE',  ( 1.000000000000000000, 0.000000000000000000, -1.224646799147353207E-16 ) ) ;
#342 = CARTESIAN_POINT ( 'NONE',  ( 2.350011161449477637, 15.29687499829300812, -2.350011161449477637 ) ) ;
#343 = CYLINDRICAL_SURFACE ( 'NONE', #3524, 4.000000000000000000 ) ;
#344 = CARTESIAN_POINT ( 'NONE',  ( -2.828427124746190735, 22.87499999658601624, 2.828427124746189847 ) ) ;
#345 = CARTESIAN_POINT ( 'NONE',  ( 1.656854249492381248, 13.10937499658601446, 3.999999999999999112 ) ) ;
#346 = ORIENTED_EDGE ( 'NONE', *, *, #1188, .T. ) ;
#347 = CARTESIAN_POINT ( 'NONE',  ( -4.507059494062498395, 15.16037406460786308, 1.866885168863106736 ) ) ;
#348 = CARTESIAN_POINT ( 'NONE',  ( 2.350011161449477637, 17.79687499829300634, -2.350011161449477637 ) ) ;
#349 = CARTESIAN_POINT ( 'NONE',  ( -4.000000000000000000, 17.64062499658601624, -1.656854249492381248 ) ) ;
#350 = EDGE_LOOP ( 'NONE', ( #66, #903, #2080, #458 ) ) ;
#351 = CARTESIAN_POINT ( 'NONE',  ( 0.5235990434706832009, 14.46333307218252529, 3.999999965199215524 ) ) ;
#352 = CARTESIAN_POINT ( 'NONE',  ( -1.376604666648956865, 22.24999999829300634, 3.323417656249998853 ) ) ;
#353 = CARTESIAN_POINT ( 'NONE',  ( -3.323417656250001517, 16.15624999829300634, 1.376604666648954201 ) ) ;
#354 = AXIS2_PLACEMENT_3D ( 'NONE', #2706, #2136, #1854 ) ;
#355 = CARTESIAN_POINT ( 'NONE',  ( 1.376604666648955755, 17.71874999829300634, 3.323417656249999297 ) ) ;
#356 = AXIS2_PLACEMENT_3D ( 'NONE', #1322, #120, #1584 ) ;
#357 = CARTESIAN_POINT ( 'NONE',  ( 4.898587196589412829E-16, 24.00000000000000000, 4.000000000000000000 ) ) ;
#358 = PLANE ( 'NONE',  #1808 ) ;
#359 = CARTESIAN_POINT ( 'NONE',  ( 3.323417656250000185, 15.14062499829300812, 0.000000000000000000 ) ) ;
#360 = CARTESIAN_POINT ( 'NONE',  ( 6.735557395310442023E-16, 2.168404344971008868E-16, -5.500000000000000000 ) ) ;
#361 = CARTESIAN_POINT ( 'NONE',  ( 1.656854249492381248, 20.60937499658601268, 3.999999999999999112 ) ) ;
#362 = DIRECTION ( 'NONE',  ( 0.000000000000000000, 1.000000000000000000, 0.000000000000000000 ) ) ;
#363 = CARTESIAN_POINT ( 'NONE',  ( -4.507059494062497507, 16.25412406460786130, -1.866885168863107625 ) ) ;
#364 = CARTESIAN_POINT ( 'NONE',  ( 3.323417656249999741, 18.96874999829300634, -1.376604666648954867 ) ) ;
#365 = ORIENTED_EDGE ( 'NONE', *, *, #2921, .F. ) ;
#366 = CARTESIAN_POINT ( 'NONE',  ( -0.5235994784903266197, 20.08799430219218607, -3.999999908255206016 ) ) ;
#367 = CARTESIAN_POINT ( 'NONE',  ( -1.656854249492380138, 13.73437499658601624, -4.000000000000000000 ) ) ;
#368 = CARTESIAN_POINT ( 'NONE',  ( 3.495145257483378121, 18.60370869982865472, -2.014476435456244996 ) ) ;
#369 = CARTESIAN_POINT ( 'NONE',  ( -6.105019192434541011E-16, 16.39062499829300634, 3.323417656250000185 ) ) ;
#370 = CARTESIAN_POINT ( 'NONE',  ( 3.192408228438131089E-06, 21.78131968032069565, 3.999999999997323474 ) ) ;
#371 = CARTESIAN_POINT ( 'NONE',  ( 5.510910596163089556E-16, 10.49999999999999822, 4.500000000000000888 ) ) ;
#372 = CARTESIAN_POINT ( 'NONE',  ( -3.323417656249999741, 13.18749999829300634, -1.376604666648955311 ) ) ;
#373 = DIRECTION ( 'NONE',  ( 0.000000000000000000, -1.000000000000000000, 0.000000000000000000 ) ) ;
#374 = CARTESIAN_POINT ( 'NONE',  ( 2.828427124746189403, 20.68749999658601624, 2.828427124746190735 ) ) ;
#375 = CARTESIAN_POINT ( 'NONE',  ( 3.763870695910856767, 11.00000000000001066, -1.772003482582044542 ) ) ;
#376 =( BOUNDED_CURVE ( )  B_SPLINE_CURVE ( 2, ( #3203, #589, #2017, #1157, #900, #3469, #606, #1999, #1193 ),
 .UNSPECIFIED., .F., .F. ) 
 B_SPLINE_CURVE_WITH_KNOTS ( ( 3, 2, 2, 2, 3 ),
 ( 0.6490190560949717913, 0.6610379280694896886, 0.6730567994889349315, 0.6850756709083801743, 0.6970945403977902854 ),
 .UNSPECIFIED. ) 
 CURVE ( )  GEOMETRIC_REPRESENTATION_ITEM ( )  RATIONAL_B_SPLINE_CURVE ( ( 1.000000000000000000, 0.9238795325112867385, 1.000000000000000000, 0.9238795325112867385, 1.000000000000000000, 0.9238795325112867385, 1.000000000000000000, 0.9238795325112867385, 1.000000000000000000 ) ) 
 REPRESENTATION_ITEM ( '' )  );
#377 = CARTESIAN_POINT ( 'NONE',  ( 4.507059494062497507, 15.78537406460786130, -1.866885168863107181 ) ) ;
#378 = CARTESIAN_POINT ( 'NONE',  ( -3.323417656250000185, 17.01562499829300634, -4.070012794956361332E-16 ) ) ;
#379 = VECTOR ( 'NONE', #3080, 1000.000000000000000 ) ;
#380 = ORIENTED_EDGE ( 'NONE', *, *, #2692, .F. ) ;
#381 = CARTESIAN_POINT ( 'NONE',  ( -1.046991847478726090, 15.11433552935963931, -3.895890623622563442 ) ) ;
#382 = CARTESIAN_POINT ( 'NONE',  ( 0.000000000000000000, 24.00000000000000000, -4.000000000000000000 ) ) ;
#383 = CARTESIAN_POINT ( 'NONE',  ( 1.376604666648955089, 21.62499999829300990, -3.323417656249999741 ) ) ;
#384 = CARTESIAN_POINT ( 'NONE',  ( 1.548802045462446282E-05, 22.56215106834825335, -3.999999999936468598 ) ) ;
#385 = CARTESIAN_POINT ( 'NONE',  ( 3.323417656249999297, 16.62499999829300990, 1.376604666648957087 ) ) ;
#386 = CARTESIAN_POINT ( 'NONE',  ( 1.376604666648955089, 19.12499999829300634, -3.323417656249999741 ) ) ;
#387 = CARTESIAN_POINT ( 'NONE',  ( 1.376604666648955089, 15.68749999829300634, -3.323417656249999741 ) ) ;
#388 = LINE ( 'NONE', #1520, #645 ) ;
#389 = CYLINDRICAL_SURFACE ( 'NONE', #296, 4.000000000000000000 ) ;
#390 = CARTESIAN_POINT ( 'NONE',  ( 2.350011161449477637, 14.04687499829300812, -2.350011161449477637 ) ) ;
#391 = EDGE_CURVE ( 'NONE', #1613, #3155, #3070, .T. ) ;
#392 = CARTESIAN_POINT ( 'NONE',  ( -7.227421135308288384E-06, 14.90625033737828709, -3.999999999993470556 ) ) ;
#393 = CARTESIAN_POINT ( 'NONE',  ( 2.449293598294706414E-16, 21.15624999658601624, -4.000000000000000000 ) ) ;
#394 = CARTESIAN_POINT ( 'NONE',  ( 3.999999999999999112, 17.01562499658601624, 1.656854249492383024 ) ) ;
#395 = CARTESIAN_POINT ( 'NONE',  ( -3.186972331462802455, 21.17599906460786485, -3.186972331462802899 ) ) ;
#396 = CARTESIAN_POINT ( 'NONE',  ( -6.105019192434541011E-16, 16.07812499829300634, 3.323417656250000185 ) ) ;
#397 = ORIENTED_EDGE ( 'NONE', *, *, #3223, .F. ) ;
#398 = EDGE_CURVE ( 'NONE', #1497, #3432, #596, .T. ) ;
#399 = CARTESIAN_POINT ( 'NONE',  ( 2.828427124746190291, 18.65625000000000000, -2.828427124746190291 ) ) ;
#400 = DIRECTION ( 'NONE',  ( 0.000000000000000000, 0.000000000000000000, 1.000000000000000000 ) ) ;
#401 = PLANE ( 'NONE',  #3200 ) ;
#402 = CARTESIAN_POINT ( 'NONE',  ( -3.323417656249999741, 20.68749999829300990, -1.376604666648955311 ) ) ;
#403 = CARTESIAN_POINT ( 'NONE',  ( 0.000000000000000000, 11.00000000000000000, 0.000000000000000000 ) ) ;
#404 = AXIS2_PLACEMENT_3D ( 'NONE', #1235, #1598, #2733 ) ;
#405 = VERTEX_POINT ( 'NONE', #2155 ) ;
#406 = CARTESIAN_POINT ( 'NONE',  ( -2.350011161449478081, 22.48437499829300990, 2.350011161449477193 ) ) ;
#407 = CARTESIAN_POINT ( 'NONE',  ( -1.376604666648957087, 16.31249999829300990, 3.323417656249999297 ) ) ;
#408 = CARTESIAN_POINT ( 'NONE',  ( 1.376604666648955089, 16.62499999829300990, -3.323417656249999741 ) ) ;
#409 = CARTESIAN_POINT ( 'NONE',  ( -3.323417656250000185, 18.57812499829300990, -4.070012794956361332E-16 ) ) ;
#410 = VECTOR ( 'NONE', #2914, 1000.000000000000000 ) ;
#411 = CARTESIAN_POINT ( 'NONE',  ( 0.1325850749957677988, 24.00000000000000711, -3.664126928193153443 ) ) ;
#412 = CARTESIAN_POINT ( 'NONE',  ( 4.898587196589412829E-16, 24.00000000000000000, 4.000000000000000000 ) ) ;
#413 = CARTESIAN_POINT ( 'NONE',  ( 4.000000088581205482, 19.72343292617308208, 0.5235981009012214971 ) ) ;
#414 = CARTESIAN_POINT ( 'NONE',  ( 1.656854249492381026, 21.07812499658601979, -4.000000000000000000 ) ) ;
#415 = CARTESIAN_POINT ( 'NONE',  ( 2.828427124746190291, 17.24999999658601624, -2.828427124746190291 ) ) ;
#416 = CIRCLE ( 'NONE', #910, 0.5000000000000004441 ) ;
#417 = CARTESIAN_POINT ( 'NONE',  ( -1.866885168863109623, 20.31662406460786485, 4.507059494062497507 ) ) ;
#418 = CARTESIAN_POINT ( 'NONE',  ( 1.656854249492381248, 12.01562499999999822, 3.999999999999999112 ) ) ;
#419 = VERTEX_POINT ( 'NONE', #714 ) ;
#420 = EDGE_CURVE ( 'NONE', #2579, #2494, #1397, .T. ) ;
#421 = CARTESIAN_POINT ( 'NONE',  ( -1.656854249492380360, 18.89062500000000711, -4.000000000000000000 ) ) ;
#422 = DIRECTION ( 'NONE',  ( -0.000000000000000000, -1.000000000000000000, -0.000000000000000000 ) ) ;
#423 = CARTESIAN_POINT ( 'NONE',  ( -2.375829485099950844, 23.93672265533229293, -3.278754332602995980 ) ) ;
#424 = CARTESIAN_POINT ( 'NONE',  ( -2.350011161449477193, 20.60937499829300634, -2.350011161449477637 ) ) ;
#425 = CARTESIAN_POINT ( 'NONE',  ( -3.495146012116264966, 22.77012442576114637, -2.014475126156864082 ) ) ;
#426 = CARTESIAN_POINT ( 'NONE',  ( 3.323417656249998853, 20.37499999829300634, 1.376604666648957087 ) ) ;
#427 = CARTESIAN_POINT ( 'NONE',  ( 2.035006397478180666E-16, 18.26562499829300990, -3.323417656250000185 ) ) ;
#428 = CARTESIAN_POINT ( 'NONE',  ( 3.323417656249999741, 17.71874999829300634, -1.376604666648954867 ) ) ;
#429 = CARTESIAN_POINT ( 'NONE',  ( 2.035006397478180666E-16, 20.76562499829300634, -3.323417656250000185 ) ) ;
#430 = CARTESIAN_POINT ( 'NONE',  ( 2.953637476439971987, 24.00000000000000000, -1.539260924248656126 ) ) ;
#431 = DIRECTION ( 'NONE',  ( 0.000000000000000000, 1.000000000000000000, 0.000000000000000000 ) ) ;
#432 = CARTESIAN_POINT ( 'NONE',  ( -2.350011161449478081, 14.98437499829300812, 2.350011161449477193 ) ) ;
#433 = CARTESIAN_POINT ( 'NONE',  ( 3.431132419168424263, 11.00000000000000178, -2.463458785745566537 ) ) ;
#434 = CARTESIAN_POINT ( 'NONE',  ( -1.866885168863109623, 21.56662406460786485, 4.507059494062497507 ) ) ;
#435 = CARTESIAN_POINT ( 'NONE',  ( 2.035006397478180666E-16, 22.95312499829300990, -3.323417656250000185 ) ) ;
#436 = CARTESIAN_POINT ( 'NONE',  ( -2.828427124746189847, 13.81249999658601624, -2.828427124746190291 ) ) ;
#437 = EDGE_LOOP ( 'NONE', ( #3486, #2372, #1754, #988, #950, #1783, #826, #1428, #288, #1867, #21, #2288, #248, #2774, #1396, #14, #2206, #814, #3260, #919, #1133, #2592, #2568 ) ) ;
#438 = CARTESIAN_POINT ( 'NONE',  ( 4.000000000000000000, 21.07812500000000000, -1.656854249492380804 ) ) ;
#439 = DIRECTION ( 'NONE',  ( -0.000000000000000000, -1.000000000000000000, -0.000000000000000000 ) ) ;
#440 = CARTESIAN_POINT ( 'NONE',  ( -0.6283287046003539489, 23.84297693176618793, -3.999999844351053380 ) ) ;
#441 = CARTESIAN_POINT ( 'NONE',  ( 3.323417656249999297, 21.31249999829301345, 1.376604666648957087 ) ) ;
#442 = DIRECTION ( 'NONE',  ( 1.224646799147349509E-16, 0.000000000000000000, -1.000000000000000000 ) ) ;
#443 = CARTESIAN_POINT ( 'NONE',  ( 3.323417656250000185, 20.45312499829300634, 0.000000000000000000 ) ) ;
#444 = CARTESIAN_POINT ( 'NONE',  ( -2.350011161449477193, 17.17187499829300634, -2.350011161449477637 ) ) ;
#445 = CARTESIAN_POINT ( 'NONE',  ( 3.323417656250000185, 17.64062499829300634, 0.000000000000000000 ) ) ;
#446 = EDGE_CURVE ( 'NONE', #2673, #1180, #2610, .T. ) ;
#447 = CARTESIAN_POINT ( 'NONE',  ( 3.317538473602328342, 24.00000000000001066, -0.2947771445971474891 ) ) ;
#448 = CARTESIAN_POINT ( 'NONE',  ( 2.458187255348613931, 17.06734290089086414, 3.198667081388546940 ) ) ;
#449 = CARTESIAN_POINT ( 'NONE',  ( 1.046992459473366166, 23.23884619492851655, 3.895890459153445562 ) ) ;
#450 = CARTESIAN_POINT ( 'NONE',  ( 2.828427124746189403, 24.43749999658601624, 2.828427124746190735 ) ) ;
#451 = CARTESIAN_POINT ( 'NONE',  ( -7.035532279229366845E-08, 20.53124849066422186, 3.999999999999998224 ) ) ;
#452 = CARTESIAN_POINT ( 'NONE',  ( 1.376604666648955755, 21.15624999829300279, 3.323417656249999297 ) ) ;
#453 = CARTESIAN_POINT ( 'NONE',  ( 1.273420745721212111, 11.18703901357387309, -3.910500414571830952 ) ) ;
#454 = CARTESIAN_POINT ( 'NONE',  ( 1.656854249492381248, 20.76562500000000000, 3.999999999999999112 ) ) ;
#455 = DIRECTION ( 'NONE',  ( 0.000000000000000000, 0.000000000000000000, 1.000000000000000000 ) ) ;
#456 = CARTESIAN_POINT ( 'NONE',  ( -3.235829688289682871, 23.99980829853339159, -2.350925020703792168 ) ) ;
#457 = CARTESIAN_POINT ( 'NONE',  ( 3.198666888313471013, 21.12959823367531698, -2.458187506583664472 ) ) ;
#458 = ORIENTED_EDGE ( 'NONE', *, *, #1221, .F. ) ;
#459 = CARTESIAN_POINT ( 'NONE',  ( -2.350011161449477193, 20.92187499829300634, -2.350011161449477637 ) ) ;
#460 = CARTESIAN_POINT ( 'NONE',  ( 2.035006397478180666E-16, 14.51562499829300812, -3.323417656250000185 ) ) ;
#461 = CARTESIAN_POINT ( 'NONE',  ( -2.350011161449478081, 14.67187499829300634, 2.350011161449477193 ) ) ;
#462 = CARTESIAN_POINT ( 'NONE',  ( 3.323417656250000185, 16.39062499829300634, 0.000000000000000000 ) ) ;
#463 = CARTESIAN_POINT ( 'NONE',  ( 3.495145646979289644, 13.39568904241202496, 2.014475759675177891 ) ) ;
#464 = EDGE_CURVE ( 'NONE', #881, #1463, #3233, .T. ) ;
#465 = SURFACE_SIDE_STYLE ('',( #506 ) ) ;
#466 = VECTOR ( 'NONE', #983, 1000.000000000000000 ) ;
#467 = CARTESIAN_POINT ( 'NONE',  ( -3.323417656249999741, 14.74999999829300812, -1.376604666648955311 ) ) ;
#468 = CARTESIAN_POINT ( 'NONE',  ( -4.000000000000000888, 20.29687499658601624, 1.656854249492379694 ) ) ;
#469 = AXIS2_PLACEMENT_3D ( 'NONE', #3333, #1019, #2425 ) ;
#470 = CARTESIAN_POINT ( 'NONE',  ( -3.186972331462803343, 22.73849906460786130, 3.186972331462802455 ) ) ;
#471 = CARTESIAN_POINT ( 'NONE',  ( -2.688728754850992608, 24.38984480266935506, -1.953418183777266393 ) ) ;
#472 = CARTESIAN_POINT ( 'NONE',  ( 1.925622996775248064, 11.02918595241206923, -3.879993253490171767 ) ) ;
#473 = CIRCLE ( 'NONE', #1087, 8.125000000000000000 ) ;
#474 = ORIENTED_EDGE ( 'NONE', *, *, #2325, .T. ) ;
#475 = CARTESIAN_POINT ( 'NONE',  ( 3.999999999999999112, 19.67187500000000000, 1.656854249492383246 ) ) ;
#476 = FACE_OUTER_BOUND ( 'NONE', #1793, .T. ) ;
#477 = DIRECTION ( 'NONE',  ( 0.000000000000000000, 1.000000000000000000, 0.000000000000000000 ) ) ;
#478 = CIRCLE ( 'NONE', #1866, 0.1499999999999999667 ) ;
#479 = CARTESIAN_POINT ( 'NONE',  ( 3.323417656249999297, 12.87499999829300634, 1.376604666648957087 ) ) ;
#480 = CARTESIAN_POINT ( 'NONE',  ( 3.895890731167431120, 12.19784452120604179, 1.046991447300730238 ) ) ;
#481 = ORIENTED_EDGE ( 'NONE', *, *, #1961, .T. ) ;
#482 = CARTESIAN_POINT ( 'NONE',  ( -1.376604666648954867, 20.84374999829300634, -3.323417656249999741 ) ) ;
#483 = CARTESIAN_POINT ( 'NONE',  ( 3.323417656249999741, 21.78124999829300990, -1.376604666648954867 ) ) ;
#484 = CARTESIAN_POINT ( 'NONE',  ( -1.376604666648956865, 19.74999999829300634, 3.323417656249998853 ) ) ;
#485 = CARTESIAN_POINT ( 'NONE',  ( 2.828427124746189403, 18.18749999658601624, 2.828427124746190735 ) ) ;
#486 = DIRECTION ( 'NONE',  ( 1.000000000000000000, -0.000000000000000000, 1.224646799147353207E-16 ) ) ;
#487 = EDGE_CURVE ( 'NONE', #602, #3094, #1954, .T. ) ;
#488 = CARTESIAN_POINT ( 'NONE',  ( -1.376604666648956865, 15.06249999829300634, 3.323417656249998853 ) ) ;
#489 = CARTESIAN_POINT ( 'NONE',  ( 2.035006397478180666E-16, 12.01562499829300812, -3.323417656250000185 ) ) ;
#490 = CARTESIAN_POINT ( 'NONE',  ( -3.323417656250001517, 22.09374999829300634, 1.376604666648954201 ) ) ;
#491 = CARTESIAN_POINT ( 'NONE',  ( -0.6732115632214018541, 23.99999999999996092, 3.515917464585252450 ) ) ;
#492 = CARTESIAN_POINT ( 'NONE',  ( 2.828427124746189403, 13.18749999658601624, 2.828427124746190735 ) ) ;
#493 = ORIENTED_EDGE ( 'NONE', *, *, #865, .F. ) ;
#494 = PRODUCT_RELATED_PRODUCT_CATEGORY ( 'part', '', ( #806 ) ) ;
#495 = CARTESIAN_POINT ( 'NONE',  ( -4.507059494062498395, 13.83224906460785952, -5.519555982970327188E-16 ) ) ;
#496 = CYLINDRICAL_SURFACE ( 'NONE', #2025, 4.000000000000000000 ) ;
#497 = CARTESIAN_POINT ( 'NONE',  ( 0.000000000000000000, 32.00000000000000000, 0.000000000000000000 ) ) ;
#498 = CYLINDRICAL_SURFACE ( 'NONE', #928, 4.000000000000000000 ) ;
#499 = TOROIDAL_SURFACE ( 'NONE', #3465, 8.125000000000000000, 0.5000000000000000000 ) ;
#500 = CARTESIAN_POINT ( 'NONE',  ( 3.495145598291572231, 12.14576432463186784, 2.014475844149101302 ) ) ;
#501 = EDGE_LOOP ( 'NONE', ( #32, #1165 ) ) ;
#502 = CARTESIAN_POINT ( 'NONE',  ( -1.656854249492380138, 23.73437499658601624, -4.000000000000000000 ) ) ;
#503 = CIRCLE ( 'NONE', #1048, 15.50000000000000000 ) ;
#504 =( BOUNDED_CURVE ( )  B_SPLINE_CURVE ( 2, ( #1737, #367, #1515, #2977, #2676, #2893, #2043, #2414, #562 ),
 .UNSPECIFIED., .F., .F. ) 
 B_SPLINE_CURVE_WITH_KNOTS ( ( 3, 2, 2, 2, 3 ),
 ( 0.1201887193285108291, 0.1322075856138979211, 0.1442264570333431639, 0.1562453284527884623, 0.1682642103456859217 ),
 .UNSPECIFIED. ) 
 CURVE ( )  GEOMETRIC_REPRESENTATION_ITEM ( )  RATIONAL_B_SPLINE_CURVE ( ( 1.000000000000000000, 0.9238795325112867385, 1.000000000000000000, 0.9238795325112867385, 1.000000000000000000, 0.9238795325112867385, 1.000000000000000000, 0.9238795325112867385, 1.000000000000000000 ) ) 
 REPRESENTATION_ITEM ( '' )  );
#505 = CARTESIAN_POINT ( 'NONE',  ( -2.350011161449477193, 21.85937499829300990, -2.350011161449477637 ) ) ;
#506 = SURFACE_STYLE_FILL_AREA ( #1078 ) ;
#507 = CARTESIAN_POINT ( 'NONE',  ( 0.000000000000000000, 11.50000000000000000, 0.000000000000000000 ) ) ;
#508 = ORIENTED_EDGE ( 'NONE', *, *, #3479, .F. ) ;
#509 = CARTESIAN_POINT ( 'NONE',  ( 3.323417656249998853, 15.37499999829300990, 1.376604666648957087 ) ) ;
#510 = CARTESIAN_POINT ( 'NONE',  ( 0.000000000000000000, 10.00000000000000000, 11.50000000000000000 ) ) ;
#511 = EDGE_CURVE ( 'NONE', #786, #1463, #3065, .T. ) ;
#512 = CARTESIAN_POINT ( 'NONE',  ( 0.000000000000000000, 32.00000000000000000, 0.000000000000000000 ) ) ;
#513 = CARTESIAN_POINT ( 'NONE',  ( -4.000000000000000000, 12.87500000000000000, -4.898587196589412829E-16 ) ) ;
#514 = CARTESIAN_POINT ( 'NONE',  ( 1.738233291562464533, 11.13567225745357803, -3.777310342693392275 ) ) ;
#515 = CARTESIAN_POINT ( 'NONE',  ( -1.656854249492380360, 13.73437499658601624, -4.000000000000000000 ) ) ;
#516 = VERTEX_POINT ( 'NONE', #1645 ) ;
#517 = CARTESIAN_POINT ( 'NONE',  ( -4.507059494062498395, 12.66037406460786130, 1.866885168863106736 ) ) ;
#518 = CARTESIAN_POINT ( 'NONE',  ( -2.458186598234230136, 15.55701720024006107, 3.198667586383233896 ) ) ;
#519 = CARTESIAN_POINT ( 'NONE',  ( 2.350011161449477637, 11.54687499829300812, -2.350011161449477637 ) ) ;
#520 = CARTESIAN_POINT ( 'NONE',  ( -1.376604666648954867, 12.09374999829300812, -3.323417656249999741 ) ) ;
#521 = ORIENTED_EDGE ( 'NONE', *, *, #164, .T. ) ;
#522 = CARTESIAN_POINT ( 'NONE',  ( 0.000000000000000000, 10.00000000000000000, -16.00000000000000000 ) ) ;
#523 = CARTESIAN_POINT ( 'NONE',  ( -3.323417656249999741, 19.74999999829300634, -1.376604666648955311 ) ) ;
#524 = CARTESIAN_POINT ( 'NONE',  ( -2.350011161449478081, 18.42187499829300990, 2.350011161449477193 ) ) ;
#525 = CARTESIAN_POINT ( 'NONE',  ( 0.000000000000000000, 0.000000000000000000, 0.000000000000000000 ) ) ;
#526 = CARTESIAN_POINT ( 'NONE',  ( 3.895890958896914391, 23.44716698122510934, 1.046990599911099551 ) ) ;
#527 = ORIENTED_EDGE ( 'NONE', *, *, #2026, .T. ) ;
#528 = CARTESIAN_POINT ( 'NONE',  ( -1.656854249492382580, 12.95312499658601801, 3.999999999999999112 ) ) ;
#529 = PRODUCT_DEFINITION_SHAPE ( 'NONE', 'NONE',  #2523 ) ;
#530 = DIRECTION ( 'NONE',  ( 0.000000000000000000, 0.000000000000000000, -1.000000000000000000 ) ) ;
#531 = CARTESIAN_POINT ( 'NONE',  ( -6.105019192434541011E-16, 23.89062499829300990, 3.323417656250000185 ) ) ;
#532 = CARTESIAN_POINT ( 'NONE',  ( -1.656854249492382580, 14.35937499999999822, 3.999999999999999112 ) ) ;
#533 = CARTESIAN_POINT ( 'NONE',  ( 8.790471182568895933E-06, 17.56230195771275859, -3.999999999979533705 ) ) ;
#534 = CARTESIAN_POINT ( 'NONE',  ( 2.828427124746189403, 18.18749999658601624, 2.828427124746190735 ) ) ;
#535 = CIRCLE ( 'NONE', #2652, 2.000000000000000000 ) ;
#536 = ORIENTED_EDGE ( 'NONE', *, *, #956, .F. ) ;
#537 = CARTESIAN_POINT ( 'NONE',  ( 4.507059494062497507, 14.37912406460786130, 1.866885168863110067 ) ) ;
#538 = CARTESIAN_POINT ( 'NONE',  ( -2.350011161449478081, 14.67187499829300634, 2.350011161449477193 ) ) ;
#539 = DIRECTION ( 'NONE',  ( -0.000000000000000000, -1.000000000000000000, -0.000000000000000000 ) ) ;
#540 = CARTESIAN_POINT ( 'NONE',  ( -1.046990623448294855, 23.13468580178021128, 3.895890952571477772 ) ) ;
#541 = VERTEX_POINT ( 'NONE', #510 ) ;
#542 = CARTESIAN_POINT ( 'NONE',  ( -3.323417656250000185, 22.32812499829300990, -4.070012794956361332E-16 ) ) ;
#543 = CARTESIAN_POINT ( 'NONE',  ( 1.376604666648955755, 19.90624999829300634, 3.323417656249999297 ) ) ;
#544 = CARTESIAN_POINT ( 'NONE',  ( 2.035006397478180666E-16, 11.70312499829300812, -3.323417656250000185 ) ) ;
#545 = EDGE_LOOP ( 'NONE', ( #781, #2363, #2889, #1066 ) ) ;
#546 = CARTESIAN_POINT ( 'NONE',  ( 3.323417656249998853, 12.87499999829300634, 1.376604666648957087 ) ) ;
#547 = CARTESIAN_POINT ( 'NONE',  ( -3.323417656250001517, 22.40624999829300634, 1.376604666648954201 ) ) ;
#548 = CARTESIAN_POINT ( 'NONE',  ( -7.347880794884119736E-16, 16.93750000000000000, 4.000000000000000000 ) ) ;
#549 = CARTESIAN_POINT ( 'NONE',  ( 5.510910596163088569E-16, 11.00000000000000000, 4.500000000000000888 ) ) ;
#550 = CARTESIAN_POINT ( 'NONE',  ( -4.000000000000000000, 15.21874999658601446, -4.898587196589412829E-16 ) ) ;
#551 = EDGE_LOOP ( 'NONE', ( #2626, #1451, #1034, #3018 ) ) ;
#552 = CARTESIAN_POINT ( 'NONE',  ( 1.866885168863108069, 11.72287406460786130, 4.507059494062497507 ) ) ;
#553 = CARTESIAN_POINT ( 'NONE',  ( -3.323417656249999741, 11.93749999829300812, -1.376604666648955311 ) ) ;
#554 = CARTESIAN_POINT ( 'NONE',  ( -2.350011161449478081, 12.48437499829300812, 2.350011161449477193 ) ) ;
#555 = CARTESIAN_POINT ( 'NONE',  ( -3.198666799204710198, 23.00448531034482968, 2.458187622534627970 ) ) ;
#556 = UNCERTAINTY_MEASURE_WITH_UNIT (LENGTH_MEASURE( 1.000000000000000082E-05 ), #2849, 'distance_accuracy_value', 'NONE');
#557 = EDGE_CURVE ( 'NONE', #314, #1550, #637, .T. ) ;
#558 = ORIENTED_EDGE ( 'NONE', *, *, #3152, .F. ) ;
#559 = CARTESIAN_POINT ( 'NONE',  ( -1.376604666648954867, 19.59374999829300634, -3.323417656249999741 ) ) ;
#560 = EDGE_CURVE ( 'NONE', #1962, #2673, #1362, .T. ) ;
#561 = CARTESIAN_POINT ( 'NONE',  ( -6.105019192434541011E-16, 19.82812499829300634, 3.323417656250000185 ) ) ;
#562 = CARTESIAN_POINT ( 'NONE',  ( 1.307662085567542559E-06, 14.28127841027536249, 3.999999999999554134 ) ) ;
#563 = PRODUCT_DEFINITION_FORMATION_WITH_SPECIFIED_SOURCE ( 'ANY', '', #806, .NOT_KNOWN. ) ;
#564 = CARTESIAN_POINT ( 'NONE',  ( -2.014476625507787944, 21.41603931483316714, -3.495145147944463293 ) ) ;
#565 = EDGE_CURVE ( 'NONE', #3402, #197, #2408, .T. ) ;
#566 = ORIENTED_EDGE ( 'NONE', *, *, #790, .F. ) ;
#567 = DIRECTION ( 'NONE',  ( 0.000000000000000000, 0.000000000000000000, -1.000000000000000000 ) ) ;
#568 = CARTESIAN_POINT ( 'NONE',  ( 2.035006397478180666E-16, 14.51562499829300812, -3.323417656250000185 ) ) ;
#569 = CARTESIAN_POINT ( 'NONE',  ( -1.376604666648954867, 24.59374999829300634, -3.323417656249999741 ) ) ;
#570 = CARTESIAN_POINT ( 'NONE',  ( -4.000000000000000000, 15.29687499999999822, -1.656854249492381248 ) ) ;
#571 = CARTESIAN_POINT ( 'NONE',  ( 0.000000000000000000, 11.50000000000000000, 0.000000000000000000 ) ) ;
#572 = CARTESIAN_POINT ( 'NONE',  ( 1.656854249492381248, 16.85937499658601624, 3.999999999999999112 ) ) ;
#573 = ORIENTED_EDGE ( 'NONE', *, *, #2802, .F. ) ;
#574 = CARTESIAN_POINT ( 'NONE',  ( -3.051049120357255617, 23.98359529368550724, -2.605805129135124965 ) ) ;
#575 = CARTESIAN_POINT ( 'NONE',  ( 3.323417656249998853, 12.56249999829300634, 1.376604666648957087 ) ) ;
#576 = CARTESIAN_POINT ( 'NONE',  ( 1.376604666648955755, 13.96874999829300812, 3.323417656249999741 ) ) ;
#577 = CARTESIAN_POINT ( 'NONE',  ( 0.000000000000000000, 31.85000000000000497, 2.000000000000000000 ) ) ;
#578 = EDGE_LOOP ( 'NONE', ( #3245, #2597, #3525, #871 ) ) ;
#579 = CARTESIAN_POINT ( 'NONE',  ( -1.297643473929754731E-05, 20.68720765186022348, 3.999999999955402785 ) ) ;
#580 = CARTESIAN_POINT ( 'NONE',  ( 1.046990952977682410, 18.75994928955113394, -3.895890864012995447 ) ) ;
#581 = CARTESIAN_POINT ( 'NONE',  ( 0.000000000000000000, 11.50000000000000000, 0.000000000000000000 ) ) ;
#582 = CARTESIAN_POINT ( 'NONE',  ( 2.350011161449477637, 14.04687499829300812, -2.350011161449477637 ) ) ;
#583 = ORIENTED_EDGE ( 'NONE', *, *, #1076, .T. ) ;
#584 = CARTESIAN_POINT ( 'NONE',  ( -1.046991000054583454, 18.13498693066120282, 3.895890851361440088 ) ) ;
#585 = ADVANCED_FACE ( 'NONE', ( #776 ), #223, .F. ) ;
#586 = DIRECTION ( 'NONE',  ( -0.000000000000000000, -1.000000000000000000, -0.000000000000000000 ) ) ;
#587 = CARTESIAN_POINT ( 'NONE',  ( -1.376604666648954867, 23.34374999829300634, -3.323417656249999741 ) ) ;
#588 = CARTESIAN_POINT ( 'NONE',  ( 4.000000000000000000, 17.25000000000000000, 0.000000000000000000 ) ) ;
#589 = CARTESIAN_POINT ( 'NONE',  ( 1.656854249492381248, 20.60937499658601268, 3.999999999999999112 ) ) ;
#590 = CARTESIAN_POINT ( 'NONE',  ( -2.828427124746190735, 17.87499999658601624, 2.828427124746189847 ) ) ;
#591 = DIRECTION ( 'NONE',  ( -0.000000000000000000, -1.000000000000000000, -0.000000000000000000 ) ) ;
#592 = VERTEX_POINT ( 'NONE', #3046 ) ;
#593 = CARTESIAN_POINT ( 'NONE',  ( 1.866885168863108069, 15.47287406460786130, 4.507059494062497507 ) ) ;
#594 = CARTESIAN_POINT ( 'NONE',  ( -2.350011161449477193, 13.10937499829300812, -2.350011161449477637 ) ) ;
#595 = VERTEX_POINT ( 'NONE', #2489 ) ;
#596 = CIRCLE ( 'NONE', #955, 5.000000000000000000 ) ;
#597 = DIRECTION ( 'NONE',  ( 0.000000000000000000, 0.000000000000000000, 1.000000000000000000 ) ) ;
#598 = CARTESIAN_POINT ( 'NONE',  ( -2.350011161449477193, 24.35937499829300634, -2.350011161449477637 ) ) ;
#599 = CARTESIAN_POINT ( 'NONE',  ( 3.323417656249999741, 18.03124999829300634, -1.376604666648954867 ) ) ;
#600 = VECTOR ( 'NONE', #1533, 1000.000000000000000 ) ;
#601 = CARTESIAN_POINT ( 'NONE',  ( -1.465082451937883558E-05, 21.93716992951895506, 3.999999999943151252 ) ) ;
#602 = VERTEX_POINT ( 'NONE', #1041 ) ;
#603 = CARTESIAN_POINT ( 'NONE',  ( -2.350011161449477193, 15.92187499829300634, -2.350011161449477637 ) ) ;
#604 = CARTESIAN_POINT ( 'NONE',  ( -2.014476372104481161, 17.66626516149374737, -3.495145293997062641 ) ) ;
#605 = CARTESIAN_POINT ( 'NONE',  ( 2.828427124746190291, 19.74999999658601624, -2.828427124746190291 ) ) ;
#606 = CARTESIAN_POINT ( 'NONE',  ( 2.828427124746190291, 20.99999999658601624, -2.828427124746190291 ) ) ;
#607 = CARTESIAN_POINT ( 'NONE',  ( 2.828427124746190291, 18.49999999658601979, -2.828427124746190291 ) ) ;
#608 = DIRECTION ( 'NONE',  ( -0.000000000000000000, -1.000000000000000000, -0.000000000000000000 ) ) ;
#609 = ORIENTED_EDGE ( 'NONE', *, *, #1579, .F. ) ;
#610 = CARTESIAN_POINT ( 'NONE',  ( 4.507059494062497507, 16.87912406460786485, 1.866885168863110067 ) ) ;
#611 = CARTESIAN_POINT ( 'NONE',  ( -2.350011161449478081, 18.42187499829300990, 2.350011161449477193 ) ) ;
#612 = ORIENTED_EDGE ( 'NONE', *, *, #1653, .F. ) ;
#613 = CARTESIAN_POINT ( 'NONE',  ( -3.323417656250000185, 23.26562499829300990, -4.070012794956361332E-16 ) ) ;
#614 = CIRCLE ( 'NONE', #2127, 0.5000000000000004441 ) ;
#615 = CARTESIAN_POINT ( 'NONE',  ( -6.105019192434541011E-16, 12.32812499829300634, 3.323417656250000185 ) ) ;
#616 = CARTESIAN_POINT ( 'NONE',  ( -3.236434792260523885, 11.49962445920454179, -2.350636049051025189 ) ) ;
#617 = CIRCLE ( 'NONE', #3042, 16.00000000000000000 ) ;
#618 = CARTESIAN_POINT ( 'NONE',  ( -2.920750591392474488E-06, 23.65625013430674173, -3.999999999998934186 ) ) ;
#619 = CARTESIAN_POINT ( 'NONE',  ( 3.323417656249998853, 12.56249999829300634, 1.376604666648957087 ) ) ;
#620 = CARTESIAN_POINT ( 'NONE',  ( 1.656854249492380804, 12.32812499658601979, -4.000000000000000000 ) ) ;
#621 = CARTESIAN_POINT ( 'NONE',  ( -4.000000000000000000, 22.71874999658601979, -4.898587196589412829E-16 ) ) ;
#622 = EDGE_CURVE ( 'NONE', #3385, #2958, #647, .T. ) ;
#623 = EDGE_LOOP ( 'NONE', ( #536, #3210, #3647, #2053 ) ) ;
#624 = CARTESIAN_POINT ( 'NONE',  ( -8.279333974455491767E-16, 17.89474906460786130, 4.507059494062498395 ) ) ;
#625 = CARTESIAN_POINT ( 'NONE',  ( -3.323417656250001517, 15.84374999829300634, 1.376604666648954201 ) ) ;
#626 = CARTESIAN_POINT ( 'NONE',  ( 0.000000000000000000, 9.500000000000000000, 0.000000000000000000 ) ) ;
#627 = ORIENTED_EDGE ( 'NONE', *, *, #1026, .F. ) ;
#628 = CARTESIAN_POINT ( 'NONE',  ( -6.105019192434541011E-16, 23.89062499829300990, 3.323417656250000185 ) ) ;
#629 = CARTESIAN_POINT ( 'NONE',  ( 1.376604666648955089, 22.87499999829300634, -3.323417656249999741 ) ) ;
#630 = CARTESIAN_POINT ( 'NONE',  ( -1.376604666648956865, 16.31249999829300634, 3.323417656249998853 ) ) ;
#631 = CARTESIAN_POINT ( 'NONE',  ( 3.280765086391423502, 24.00000000000000355, 0.5735059800420705400 ) ) ;
#632 = CARTESIAN_POINT ( 'NONE',  ( -2.350011161449477193, 16.85937499829300634, -2.350011161449477637 ) ) ;
#633 = DIRECTION ( 'NONE',  ( -0.000000000000000000, -1.000000000000000000, -0.000000000000000000 ) ) ;
#634 = CARTESIAN_POINT ( 'NONE',  ( 2.828427124746190291, 20.99999999658601624, -2.828427124746190291 ) ) ;
#635 = CARTESIAN_POINT ( 'NONE',  ( -1.307756106749755463E-06, 13.65625005825047822, -3.999999999999786837 ) ) ;
#636 = ORIENTED_EDGE ( 'NONE', *, *, #947, .F. ) ;
#637 =( BOUNDED_CURVE ( )  B_SPLINE_CURVE ( 2, ( #2543, #1305, #3395, #1628, #1665, #468, #3027, #2470, #451 ),
 .UNSPECIFIED., .F., .F. ) 
 B_SPLINE_CURVE_WITH_KNOTS ( ( 3, 2, 2, 2, 3 ),
 ( 0.6009435363256372398, 0.6129624423917086062, 0.6249813138111538491, 0.6370001852305990919, 0.6490190560949717913 ),
 .UNSPECIFIED. ) 
 CURVE ( )  GEOMETRIC_REPRESENTATION_ITEM ( )  RATIONAL_B_SPLINE_CURVE ( ( 1.000000000000000000, 0.9238795325112867385, 1.000000000000000000, 0.9238795325112867385, 1.000000000000000000, 0.9238795325112867385, 1.000000000000000000, 0.9238795325112867385, 1.000000000000000000 ) ) 
 REPRESENTATION_ITEM ( '' )  );
#638 = CARTESIAN_POINT ( 'NONE',  ( 2.759777991485163594E-16, 14.76974906460786308, -4.507059494062498395 ) ) ;
#639 = CARTESIAN_POINT ( 'NONE',  ( 2.350011161449477193, 16.23437499829300634, 2.350011161449478081 ) ) ;
#640 = ORIENTED_EDGE ( 'NONE', *, *, #888, .T. ) ;
#641 = CARTESIAN_POINT ( 'NONE',  ( -2.014475273972128999, 20.58275616964667520, 3.495145926920922630 ) ) ;
#642 = DIRECTION ( 'NONE',  ( 0.000000000000000000, -1.000000000000000000, 0.000000000000000000 ) ) ;
#643 = CARTESIAN_POINT ( 'NONE',  ( -3.323417656250001517, 23.34374999829300634, 1.376604666648954201 ) ) ;
#644 = EDGE_CURVE ( 'NONE', #1599, #419, #2256, .T. ) ;
#645 = VECTOR ( 'NONE', #2113, 1000.000000000000000 ) ;
#646 = CARTESIAN_POINT ( 'NONE',  ( -3.323417656250000185, 16.07812499829300990, -4.070012794956361332E-16 ) ) ;
#647 = CIRCLE ( 'NONE', #3552, 4.000000000000000000 ) ;
#648 = CARTESIAN_POINT ( 'NONE',  ( 3.323417656249998853, 17.87499999829300634, 1.376604666648957087 ) ) ;
#649 = CIRCLE ( 'NONE', #2776, 16.00000000000000000 ) ;
#650 = CARTESIAN_POINT ( 'NONE',  ( 1.913030056748675545, 24.00000000000000000, -2.902675159777482250 ) ) ;
#651 = TOROIDAL_SURFACE ( 'NONE', #1383, 5.500000000000000000, 0.5000000000000000000 ) ;
#652 = CARTESIAN_POINT ( 'NONE',  ( 0.000000000000000000, 10.00000000000000000, 0.000000000000000000 ) ) ;
#653 = CARTESIAN_POINT ( 'NONE',  ( 2.035006397478180666E-16, 14.20312499829300812, -3.323417656250000185 ) ) ;
#654 = CARTESIAN_POINT ( 'NONE',  ( 0.5235994301561160968, 19.46303194330228692, 3.999999914582150318 ) ) ;
#655 = CARTESIAN_POINT ( 'NONE',  ( -1.656854249492380360, 22.48437499658601624, -4.000000000000000000 ) ) ;
#656 = CARTESIAN_POINT ( 'NONE',  ( 4.017720806747777651, 11.00000000000004619, -0.5149185735141178499 ) ) ;
#657 = CARTESIAN_POINT ( 'NONE',  ( -4.507059494062498395, 16.33224906460786485, -5.519555982970327188E-16 ) ) ;
#658 = CARTESIAN_POINT ( 'NONE',  ( 2.350011161449477637, 20.29687499829300990, -2.350011161449477637 ) ) ;
#659 = ORIENTED_EDGE ( 'NONE', *, *, #3721, .F. ) ;
#660 = CARTESIAN_POINT ( 'NONE',  ( 5.441711982157496861E-06, 15.06237740239410350, -3.999999999992157385 ) ) ;
#661 = CARTESIAN_POINT ( 'NONE',  ( 0.5235978834003562898, 22.53576354117747016, -4.000000117051952131 ) ) ;
#662 = CARTESIAN_POINT ( 'NONE',  ( -3.323417656249999741, 23.18749999829300634, -1.376604666648955311 ) ) ;
#663 = CARTESIAN_POINT ( 'NONE',  ( 1.381362927587294599E-05, 21.31218879068961058, -3.999999999949462204 ) ) ;
#664 = CARTESIAN_POINT ( 'NONE',  ( 3.323417656249998853, 16.62499999829300990, 1.376604666648957087 ) ) ;
#665 = ADVANCED_FACE ( 'NONE', ( #3082 ), #2164, .T. ) ;
#666 = CARTESIAN_POINT ( 'NONE',  ( -3.323417656249999741, 15.99999999829300812, -1.376604666648955311 ) ) ;
#667 = CARTESIAN_POINT ( 'NONE',  ( 3.323417656250000185, 17.95312499829300990, 0.000000000000000000 ) ) ;
#668 = CARTESIAN_POINT ( 'NONE',  ( 1.421397269448853251, 24.00000000000001421, -3.248446709094973794 ) ) ;
#669 = CARTESIAN_POINT ( 'NONE',  ( 2.496422476734023656E-07, 22.40624998481440500, -3.999999999999992450 ) ) ;
#670 = AXIS2_PLACEMENT_3D ( 'NONE', #2099, #3578, #2685 ) ;
#671 = CARTESIAN_POINT ( 'NONE',  ( -3.323417656249999741, 15.68749999829300634, -1.376604666648955311 ) ) ;
#672 = CARTESIAN_POINT ( 'NONE',  ( 2.014476498807385774, 19.54115223816352653, 3.495145220970045763 ) ) ;
#673 = CARTESIAN_POINT ( 'NONE',  ( -4.000000000000000888, 22.79687499658601624, 1.656854249492379694 ) ) ;
#674 = DIRECTION ( 'NONE',  ( 0.000000000000000000, 0.000000000000000000, 1.000000000000000000 ) ) ;
#675 = TOROIDAL_SURFACE ( 'NONE', #2376, 15.50000000000000000, 0.5000000000000000000 ) ;
#676 = CARTESIAN_POINT ( 'NONE',  ( 4.507059494062497507, 23.12912406460786485, 1.866885168863110067 ) ) ;
#677 = CARTESIAN_POINT ( 'NONE',  ( -2.350011161449477193, 20.60937499829300634, -2.350011161449477637 ) ) ;
#678 = CIRCLE ( 'NONE', #3279, 0.5000000000000004441 ) ;
#679 = CYLINDRICAL_SURFACE ( 'NONE', #2191, 4.000000000000000000 ) ;
#680 = ORIENTED_EDGE ( 'NONE', *, *, #280, .F. ) ;
#681 = CARTESIAN_POINT ( 'NONE',  ( -2.458187448607304759, 20.19215469534050200, -3.198666932868521329 ) ) ;
#682 = CARTESIAN_POINT ( 'NONE',  ( -2.350011161449478081, 22.17187499829300990, 2.350011161449477193 ) ) ;
#683 = CYLINDRICAL_SURFACE ( 'NONE', #3406, 4.000000000000000000 ) ;
#684 = CARTESIAN_POINT ( 'NONE',  ( -1.376604666648954867, 22.09374999829300634, -3.323417656249999741 ) ) ;
#685 = EDGE_CURVE ( 'NONE', #2691, #1599, #3140, .T. ) ;
#686 = CARTESIAN_POINT ( 'NONE',  ( 3.323417656249999741, 14.28124999829300990, -1.376604666648954867 ) ) ;
#687 = CARTESIAN_POINT ( 'NONE',  ( -3.323417656249999741, 19.43749999829300634, -1.376604666648955311 ) ) ;
#688 = CARTESIAN_POINT ( 'NONE',  ( -3.323417656250001517, 16.15624999829300634, 1.376604666648954201 ) ) ;
#689 = CARTESIAN_POINT ( 'NONE',  ( 2.811606231213828355, 24.00000000000000000, 1.785180817360944472 ) ) ;
#690 = CARTESIAN_POINT ( 'NONE',  ( 8.605002368336230046E-07, 16.15624995601144676, -3.999999999999908074 ) ) ;
#691 = CARTESIAN_POINT ( 'NONE',  ( 0.000000000000000000, 32.00000000000000000, 0.000000000000000000 ) ) ;
#692 = EDGE_CURVE ( 'NONE', #2925, #2579, #3189, .T. ) ;
#693 = CARTESIAN_POINT ( 'NONE',  ( 2.449293598294706414E-16, 23.65624999658601624, -4.000000000000000000 ) ) ;
#694 = CARTESIAN_POINT ( 'NONE',  ( 3.323417656250000185, 11.39062499829300812, 0.000000000000000000 ) ) ;
#695 = CARTESIAN_POINT ( 'NONE',  ( -8.279333974455491767E-16, 21.64474906460785775, 4.507059494062498395 ) ) ;
#696 = CARTESIAN_POINT ( 'NONE',  ( 1.656854249492381026, 11.23437500000000178, -4.000000000000000000 ) ) ;
#697 = ORIENTED_EDGE ( 'NONE', *, *, #3640, .F. ) ;
#698 = CARTESIAN_POINT ( 'NONE',  ( 3.999999999999999112, 22.17187500000000355, 1.656854249492383246 ) ) ;
#699 = CARTESIAN_POINT ( 'NONE',  ( 2.828427124746190291, 14.74999999658601624, -2.828427124746190291 ) ) ;
#700 = CARTESIAN_POINT ( 'NONE',  ( 0.000000000000000000, 11.50000000000000000, 0.000000000000000000 ) ) ;
#701 = CARTESIAN_POINT ( 'NONE',  ( 1.376604666648955755, 21.15624999829300634, 3.323417656249999741 ) ) ;
#702 = CARTESIAN_POINT ( 'NONE',  ( 3.999999898764878381, 21.02543784052700460, -0.5235995509909924239 ) ) ;
#703 = ORIENTED_EDGE ( 'NONE', *, *, #838, .T. ) ;
#704 = CARTESIAN_POINT ( 'NONE',  ( -3.323417656249999741, 19.74999999829300634, -1.376604666648955311 ) ) ;
#705 = CARTESIAN_POINT ( 'NONE',  ( 2.035006397478180666E-16, 15.76562499829300990, -3.323417656250000185 ) ) ;
#706 = CARTESIAN_POINT ( 'NONE',  ( 3.323417656249999297, 16.31249999829300990, 1.376604666648957087 ) ) ;
#707 = CARTESIAN_POINT ( 'NONE',  ( -3.323417656249999741, 20.99999999829300634, -1.376604666648955311 ) ) ;
#708 = CIRCLE ( 'NONE', #839, 15.50000000000000000 ) ;
#709 = CARTESIAN_POINT ( 'NONE',  ( 2.458187023429573514, 13.31756874755076581, 3.198667259619170533 ) ) ;
#710 = CARTESIAN_POINT ( 'NONE',  ( 2.014476329869591353, 17.04130280260377717, 3.495145318339741181 ) ) ;
#711 = VECTOR ( 'NONE', #752, 1000.000000000000000 ) ;
#712 = CARTESIAN_POINT ( 'NONE',  ( 0.000000000000000000, 24.00000000000000000, -4.000000000000000000 ) ) ;
#713 = CARTESIAN_POINT ( 'NONE',  ( 1.376604666648955755, 13.96874999829300634, 3.323417656249999297 ) ) ;
#714 = CARTESIAN_POINT ( 'NONE',  ( 3.291665326453186317E-06, 18.03132118774972881, 3.999999999997206235 ) ) ;
#715 = TOROIDAL_SURFACE ( 'NONE', #3325, 4.500000000000000888, 0.5000000000000000000 ) ;
#716 = CARTESIAN_POINT ( 'NONE',  ( 3.186972331462802011, 20.55099906460786485, 3.186972331462803343 ) ) ;
#717 = CARTESIAN_POINT ( 'NONE',  ( -3.323417656250001517, 23.34374999829300634, 1.376604666648954201 ) ) ;
#718 = CARTESIAN_POINT ( 'NONE',  ( 4.000000000000000000, 13.34374999658601446, 0.000000000000000000 ) ) ;
#719 = CARTESIAN_POINT ( 'NONE',  ( 4.000000000000000000, 22.32812500000000355, -1.656854249492380804 ) ) ;
#720 = CARTESIAN_POINT ( 'NONE',  ( -1.255777295866969370E-06, 11.93747170824493509, 3.999999999999582112 ) ) ;
#721 = CARTESIAN_POINT ( 'NONE',  ( 0.5235991401439944459, 15.71325778996256517, 3.999999952544696313 ) ) ;
#722 = CARTESIAN_POINT ( 'NONE',  ( 2.350011161449477637, 22.79687499829300634, -2.350011161449477637 ) ) ;
#723 = CARTESIAN_POINT ( 'NONE',  ( 0.000000000000000000, 32.00000000000000000, 0.000000000000000000 ) ) ;
#724 = ORIENTED_EDGE ( 'NONE', *, *, #3058, .T. ) ;
#725 = CARTESIAN_POINT ( 'NONE',  ( -3.323417656249999741, 22.24999999829300634, -1.376604666648955311 ) ) ;
#726 = CARTESIAN_POINT ( 'NONE',  ( 2.350011161449477193, 15.29687499829300812, 2.350011161449478081 ) ) ;
#727 = CARTESIAN_POINT ( 'NONE',  ( 1.376604666648955755, 14.90624999829300634, 3.323417656249999741 ) ) ;
#728 = DIRECTION ( 'NONE',  ( 0.000000000000000000, 0.000000000000000000, 1.000000000000000000 ) ) ;
#729 = CARTESIAN_POINT ( 'NONE',  ( 4.916218135798153505E-07, 21.15624997340510305, -3.999999999999969802 ) ) ;
#730 = CARTESIAN_POINT ( 'NONE',  ( -3.051042956773803994, 25.07734487925999645, -2.605811292718577477 ) ) ;
#731 = CARTESIAN_POINT ( 'NONE',  ( 3.192408228438131089E-06, 21.78131968032069565, 3.999999999997323474 ) ) ;
#732 = CARTESIAN_POINT ( 'NONE',  ( -3.186972331462803343, 21.48849906460786485, 3.186972331462802455 ) ) ;
#733 = CARTESIAN_POINT ( 'NONE',  ( 2.350011161449477193, 23.73437499829300634, 2.350011161449478081 ) ) ;
#734 = DIRECTION ( 'NONE',  ( 0.000000000000000000, 0.000000000000000000, 1.000000000000000000 ) ) ;
#735 = AXIS2_PLACEMENT_3D ( 'NONE', #1013, #1535, #2717 ) ;
#736 = CARTESIAN_POINT ( 'NONE',  ( 4.000000000000000000, 13.42187499658601446, -1.656854249492380804 ) ) ;
#737 = CARTESIAN_POINT ( 'NONE',  ( 2.449293598294706414E-16, 21.31249999999999645, -4.000000000000000000 ) ) ;
#738 = AXIS2_PLACEMENT_3D ( 'NONE', #2828, #230, #3381 ) ;
#739 = DIRECTION ( 'NONE',  ( 0.000000000000000000, 0.000000000000000000, -1.000000000000000000 ) ) ;
#740 = CARTESIAN_POINT ( 'NONE',  ( 4.500000000000000888, 11.00000000000000000, 0.000000000000000000 ) ) ;
#741 = CARTESIAN_POINT ( 'NONE',  ( 2.350011161449477193, 23.73437499829300634, 2.350011161449478081 ) ) ;
#742 = CYLINDRICAL_SURFACE ( 'NONE', #404, 2.000000000000000000 ) ;
#743 = B_SPLINE_CURVE_WITH_KNOTS ( 'NONE', 3,
 ( #1842, #109, #3544, #1553, #2435, #952, #2160, #2714, #1271, #720 ),
 .UNSPECIFIED., .F., .F.,
 ( 4, 2, 2, 2, 4 ),
 ( 0.03846384672270995037, 0.04687672739647065490, 0.05528960807023135249, 0.06370248874399206396, 0.07211536941775277543 ),
 .UNSPECIFIED. ) ;
#744 =( BOUNDED_CURVE ( )  B_SPLINE_CURVE ( 2, ( #1062, #264, #2562, #3122, #1117, #1083, #2258, #797, #206 ),
 .UNSPECIFIED., .F., .F. ) 
 B_SPLINE_CURVE_WITH_KNOTS ( ( 3, 2, 2, 2, 3 ),
 ( 0.3124906535273795916, 0.3245095283250222229, 0.3365283997444674657, 0.3485472711639127086, 0.3605661242127815025 ),
 .UNSPECIFIED. ) 
 CURVE ( )  GEOMETRIC_REPRESENTATION_ITEM ( )  RATIONAL_B_SPLINE_CURVE ( ( 1.000000000000000000, 0.9238795325112867385, 1.000000000000000000, 0.9238795325112867385, 1.000000000000000000, 0.9238795325112867385, 1.000000000000000000, 0.9238795325112867385, 1.000000000000000000 ) ) 
 REPRESENTATION_ITEM ( '' )  );
#745 = ORIENTED_EDGE ( 'NONE', *, *, #3595, .T. ) ;
#746 = ADVANCED_FACE ( 'NONE', ( #3464 ), #3440, .T. ) ;
#747 = CARTESIAN_POINT ( 'NONE',  ( -1.376604666648956865, 22.56249999829301345, 3.323417656249998853 ) ) ;
#748 = EDGE_CURVE ( 'NONE', #995, #1469, #535, .T. ) ;
#749 = CARTESIAN_POINT ( 'NONE',  ( 3.323417656249999297, 17.87499999829300634, 1.376604666648957087 ) ) ;
#750 = CARTESIAN_POINT ( 'NONE',  ( -2.350011161449477193, 18.10937499829300990, -2.350011161449477637 ) ) ;
#751 = CARTESIAN_POINT ( 'NONE',  ( -6.105019192434541011E-16, 16.07812499829300634, 3.323417656250000185 ) ) ;
#752 = DIRECTION ( 'NONE',  ( -0.000000000000000000, -1.000000000000000000, -0.000000000000000000 ) ) ;
#753 = LINE ( 'NONE', #1912, #3097 ) ;
#754 = CARTESIAN_POINT ( 'NONE',  ( -1.376604666648954867, 12.09374999829300812, -3.323417656249999741 ) ) ;
#755 = CARTESIAN_POINT ( 'NONE',  ( 2.795759065336291371, 11.00000000000000355, -3.272546430143481899 ) ) ;
#756 = CARTESIAN_POINT ( 'NONE',  ( -4.507059494062498395, 20.08224906460785775, -5.519555982970327188E-16 ) ) ;
#757 = CARTESIAN_POINT ( 'NONE',  ( -2.534977629170334090, 24.37422029197851359, -2.165044693728621183 ) ) ;
#758 = CARTESIAN_POINT ( 'NONE',  ( 2.045833294707424699, 11.04947232533478640, -3.762927075233228003 ) ) ;
#759 = EDGE_CURVE ( 'NONE', #2106, #2877, #3138, .T. ) ;
#760 = CARTESIAN_POINT ( 'NONE',  ( -2.828427124746190735, 21.78125000000000355, 2.828427124746189847 ) ) ;
#761 = CARTESIAN_POINT ( 'NONE',  ( -1.236316474672237931, 11.36328958293036351, -3.836595270974576088 ) ) ;
#762 = CARTESIAN_POINT ( 'NONE',  ( -1.046991376680996400, 13.13528805954116407, 3.895890750145952985 ) ) ;
#763 = CARTESIAN_POINT ( 'NONE',  ( -3.198667215060838398, 14.25501228588584368, 2.458187081410216912 ) ) ;
#764 = ADVANCED_FACE ( 'NONE', ( #3487 ), #321, .F. ) ;
#765 = EDGE_LOOP ( 'NONE', ( #1882, #3427, #3207, #3163 ) ) ;
#766 = CARTESIAN_POINT ( 'NONE',  ( -1.376604666648954867, 23.34374999829300634, -3.323417656249999741 ) ) ;
#767 = CARTESIAN_POINT ( 'NONE',  ( -3.323417656250000185, 19.82812499829300634, -4.070012794956361332E-16 ) ) ;
#768 = EDGE_CURVE ( 'NONE', #2268, #1216, #2892, .T. ) ;
#769 = CARTESIAN_POINT ( 'NONE',  ( -3.323417656249999741, 18.18749999829300634, -1.376604666648955311 ) ) ;
#770 = CARTESIAN_POINT ( 'NONE',  ( 3.767336188391461676E-06, 13.81241512473454947, -3.999999999996240785 ) ) ;
#771 = PRESENTATION_STYLE_ASSIGNMENT (( #1660 ) ) ;
#772 = CARTESIAN_POINT ( 'NONE',  ( -4.000000000000000888, 21.54687499658601624, 1.656854249492379694 ) ) ;
#773 = ADVANCED_FACE ( 'NONE', ( #3121 ), #1683, .T. ) ;
#774 = VECTOR ( 'NONE', #1373, 1000.000000000000000 ) ;
#775 = CARTESIAN_POINT ( 'NONE',  ( 3.323417656250000185, 11.70312499829300812, 0.000000000000000000 ) ) ;
#776 = FACE_OUTER_BOUND ( 'NONE', #2873, .T. ) ;
#777 = CARTESIAN_POINT ( 'NONE',  ( -1.255777295866969370E-06, 11.93747170824493509, 3.999999999999582112 ) ) ;
#778 = CARTESIAN_POINT ( 'NONE',  ( -2.350011161449477193, 23.10937499829300634, -2.350011161449477637 ) ) ;
#779 = CARTESIAN_POINT ( 'NONE',  ( 2.060102638042542011, 11.05725056252801508, -3.737433865362624896 ) ) ;
#780 = CARTESIAN_POINT ( 'NONE',  ( -1.656854249492382580, 12.95312499658601979, 3.999999999999999112 ) ) ;
#781 = ORIENTED_EDGE ( 'NONE', *, *, #1931, .T. ) ;
#782 = CARTESIAN_POINT ( 'NONE',  ( 2.828427124746189403, 18.34375000000000000, 2.828427124746190735 ) ) ;
#783 = CARTESIAN_POINT ( 'NONE',  ( 0.000000000000000000, 11.00000000000000000, 0.000000000000000000 ) ) ;
#784 = CARTESIAN_POINT ( 'NONE',  ( -2.458186984775501571, 12.69260638866069613, -3.198667289324962137 ) ) ;
#785 = CARTESIAN_POINT ( 'NONE',  ( -3.495145087090945069, 22.97844521205775692, 2.014476731089485106 ) ) ;
#786 = VERTEX_POINT ( 'NONE', #3720 ) ;
#787 = DIRECTION ( 'NONE',  ( 0.000000000000000000, 0.000000000000000000, 1.000000000000000000 ) ) ;
#788 = CARTESIAN_POINT ( 'NONE',  ( -1.376604666648957087, 20.06249999829301345, 3.323417656249999297 ) ) ;
#789 = CARTESIAN_POINT ( 'NONE',  ( 1.376604666648955089, 21.62499999829300990, -3.323417656249999741 ) ) ;
#790 = EDGE_CURVE ( 'NONE', #1463, #1577, #3577, .T. ) ;
#791 = B_SPLINE_CURVE_WITH_KNOTS ( 'NONE', 1,
 ( #3765, #1438 ),
 .UNSPECIFIED., .F., .F.,
 ( 2, 2 ),
 ( 0.4571428585697632774, 1.000000000000000000 ),
 .UNSPECIFIED. ) ;
#792 = CARTESIAN_POINT ( 'NONE',  ( 4.000000000000000000, 18.34374999658601624, 0.000000000000000000 ) ) ;
#793 = CARTESIAN_POINT ( 'NONE',  ( 0.000000000000000000, 10.49999999999999822, 0.000000000000000000 ) ) ;
#794 = EDGE_LOOP ( 'NONE', ( #3182, #2321, #3145, #3012 ) ) ;
#795 = CARTESIAN_POINT ( 'NONE',  ( -2.350011161449477193, 12.17187499829300812, -2.350011161449477637 ) ) ;
#796 = DIRECTION ( 'NONE',  ( 1.000000000000000000, -0.000000000000000000, 1.224646799147353207E-16 ) ) ;
#797 = CARTESIAN_POINT ( 'NONE',  ( -1.656854249492382580, 16.70312499658601624, 3.999999999999999112 ) ) ;
#798 = CARTESIAN_POINT ( 'NONE',  ( -1.656854249492382580, 16.85937500000000000, 3.999999999999999112 ) ) ;
#799 = CARTESIAN_POINT ( 'NONE',  ( 1.814892984158339218, 11.12561410599758283, -3.752874091446115390 ) ) ;
#800 = ORIENTED_EDGE ( 'NONE', *, *, #1974, .F. ) ;
#801 = CARTESIAN_POINT ( 'NONE',  ( 1.656854249492381248, 23.26562499999999645, 3.999999999999999112 ) ) ;
#802 = CARTESIAN_POINT ( 'NONE',  ( 0.000000000000000000, 0.000000000000000000, 0.000000000000000000 ) ) ;
#803 = CARTESIAN_POINT ( 'NONE',  ( 2.350011161449477193, 14.98437499829300812, 2.350011161449478081 ) ) ;
#804 = CARTESIAN_POINT ( 'NONE',  ( -2.458186752848411150, 13.05716776467989959, 3.198667467561727484 ) ) ;
#805 = CIRCLE ( 'NONE', #1219, 7.625000000000000000 ) ;
#806 = PRODUCT ( 'encoder-stand_magnet-holder_4x2-round', 'encoder-stand_magnet-holder_4x2-round', '', ( #822 ) ) ;
#807 = CARTESIAN_POINT ( 'NONE',  ( -0.5235978350676796511, 23.16072590006728404, 4.000000123378672612 ) ) ;
#808 = EDGE_LOOP ( 'NONE', ( #1390, #474 ) ) ;
#809 = FACE_OUTER_BOUND ( 'NONE', #1248, .T. ) ;
#810 = CARTESIAN_POINT ( 'NONE',  ( 2.035006397478180666E-16, 19.51562499829300634, -3.323417656250000185 ) ) ;
#811 = CARTESIAN_POINT ( 'NONE',  ( 3.323417656249999741, 21.46874999829300279, -1.376604666648954867 ) ) ;
#812 =( LENGTH_UNIT ( ) NAMED_UNIT ( * ) SI_UNIT ( .MILLI., .METRE. ) );
#813 = CARTESIAN_POINT ( 'NONE',  ( -1.632521692180380278E-05, 23.18713220717752321, 3.999999999929414241 ) ) ;
#814 = ORIENTED_EDGE ( 'NONE', *, *, #790, .T. ) ;
#815 = CARTESIAN_POINT ( 'NONE',  ( -3.323417656250000185, 12.32812499829300812, -4.070012794956361332E-16 ) ) ;
#816 = CARTESIAN_POINT ( 'NONE',  ( 4.000000000000000000, 13.57812499999999822, -1.656854249492380804 ) ) ;
#817 = ADVANCED_FACE ( 'NONE', ( #119 ), #3001, .F. ) ;
#818 = CARTESIAN_POINT ( 'NONE',  ( 1.969419560876887854, 11.09917727099579210, -3.710398582674514056 ) ) ;
#819 = CARTESIAN_POINT ( 'NONE',  ( 2.828427124746189403, 15.68749999658601624, 2.828427124746190735 ) ) ;
#820 = ORIENTED_EDGE ( 'NONE', *, *, #2576, .T. ) ;
#821 = CARTESIAN_POINT ( 'NONE',  ( 3.186972331462802899, 12.11349906460786308, -3.186972331462802899 ) ) ;
#822 = PRODUCT_CONTEXT ( 'NONE', #2010, 'mechanical' ) ;
#823 = CARTESIAN_POINT ( 'NONE',  ( -3.323417656250000185, 12.01562499829300812, -4.070012794956361332E-16 ) ) ;
#824 = CARTESIAN_POINT ( 'NONE',  ( -3.495145622635512872, 12.77072668352195350, -2.014475801911999930 ) ) ;
#825 = CARTESIAN_POINT ( 'NONE',  ( -2.458186134416530777, 23.05656550691898943, 3.198667942828587130 ) ) ;
#826 = ORIENTED_EDGE ( 'NONE', *, *, #1250, .T. ) ;
#827 = CARTESIAN_POINT ( 'NONE',  ( -3.323417656249999741, 19.43749999829300634, -1.376604666648955311 ) ) ;
#828 = FACE_OUTER_BOUND ( 'NONE', #2144, .T. ) ;
#829 = CARTESIAN_POINT ( 'NONE',  ( -3.495145963433492931, 21.52019970798147952, -2.014475210622245438 ) ) ;
#830 = ORIENTED_EDGE ( 'NONE', *, *, #391, .T. ) ;
#831 = CARTESIAN_POINT ( 'NONE',  ( -2.458186443624171158, 18.05686663579995965, 3.198667705201559297 ) ) ;
#832 = CARTESIAN_POINT ( 'NONE',  ( 2.350011161449477193, 14.04687499829300812, 2.350011161449478081 ) ) ;
#833 = CIRCLE ( 'NONE', #3758, 4.500000000000000888 ) ;
#834 = CARTESIAN_POINT ( 'NONE',  ( 1.376604666648955089, 21.93749999829300634, -3.323417656249999741 ) ) ;
#835 = CARTESIAN_POINT ( 'NONE',  ( 1.656854249492381026, 16.23437500000000000, -4.000000000000000000 ) ) ;
#836 = DIRECTION ( 'NONE',  ( 0.000000000000000000, 0.000000000000000000, 1.000000000000000000 ) ) ;
#837 = CARTESIAN_POINT ( 'NONE',  ( -7.347880794884119736E-16, 18.03124999658601268, 4.000000000000000000 ) ) ;
#838 = EDGE_CURVE ( 'NONE', #3319, #2250, #3193, .T. ) ;
#839 = AXIS2_PLACEMENT_3D ( 'NONE', #3603, #3295, #2450 ) ;
#840 = ORIENTED_EDGE ( 'NONE', *, *, #311, .F. ) ;
#841 = CARTESIAN_POINT ( 'NONE',  ( -3.186972331462802455, 11.17599906460786308, -3.186972331462802899 ) ) ;
#842 = CARTESIAN_POINT ( 'NONE',  ( 2.350011161449477637, 12.79687499829300634, -2.350011161449477637 ) ) ;
#843 = CARTESIAN_POINT ( 'NONE',  ( 3.198667304177939208, 12.38012520921565063, -2.458186965448361239 ) ) ;
#844 = ORIENTED_EDGE ( 'NONE', *, *, #1579, .T. ) ;
#845 = AXIS2_PLACEMENT_3D ( 'NONE', #497, #477, #2515 ) ;
#846 = EDGE_CURVE ( 'NONE', #516, #1216, #1976, .T. ) ;
#847 = CARTESIAN_POINT ( 'NONE',  ( -2.350011161449478081, 20.92187499829300634, 2.350011161449477193 ) ) ;
#848 = DIRECTION ( 'NONE',  ( -0.000000000000000000, -1.000000000000000000, -0.000000000000000000 ) ) ;
#849 = CARTESIAN_POINT ( 'NONE',  ( -1.376604666648954867, 11.78124999829301167, -3.323417656249999741 ) ) ;
#850 = VERTEX_POINT ( 'NONE', #2649 ) ;
#851 = CARTESIAN_POINT ( 'NONE',  ( -3.198667690349434878, 17.74438545635499409, -2.458186462950209705 ) ) ;
#852 = CARTESIAN_POINT ( 'NONE',  ( -1.376604666648956865, 13.81249999829300634, 3.323417656249998853 ) ) ;
#853 = CARTESIAN_POINT ( 'NONE',  ( 2.350011161449477637, 21.85937499829300990, -2.350011161449477637 ) ) ;
#854 = CARTESIAN_POINT ( 'NONE',  ( 4.000000000000000000, 12.24999999999999822, 0.000000000000000000 ) ) ;
#855 = CARTESIAN_POINT ( 'NONE',  ( 1.316495309083404420E-15, 11.00000000000000000, -10.49999999999999822 ) ) ;
#856 = CARTESIAN_POINT ( 'NONE',  ( 1.656854249492381026, 16.07812499658601624, -4.000000000000000000 ) ) ;
#857 = VERTEX_POINT ( 'NONE', #1563 ) ;
#858 = CARTESIAN_POINT ( 'NONE',  ( 4.507059494062498395, 13.20724906460786308, 0.000000000000000000 ) ) ;
#859 = CARTESIAN_POINT ( 'NONE',  ( 2.014475569612964811, 16.20801965741714312, -3.495145756524271174 ) ) ;
#860 = CARTESIAN_POINT ( 'NONE',  ( -1.376604666648957087, 13.81249999829300634, 3.323417656249999297 ) ) ;
#861 = DIRECTION ( 'NONE',  ( 0.000000000000000000, 0.000000000000000000, 1.000000000000000000 ) ) ;
#862 = EDGE_LOOP ( 'NONE', ( #2087, #2482, #1196, #2945, #3711, #1486, #2913, #1200, #339, #2711, #2394, #3137, #1919, #2007, #241, #2639, #1384, #508, #2588, #3477, #1336, #3074, #697, #28, #146, #107, #2656 ) ) ;
#863 = CARTESIAN_POINT ( 'NONE',  ( 3.323417656249999297, 22.87499999829300634, 1.376604666648957087 ) ) ;
#864 = CARTESIAN_POINT ( 'NONE',  ( -6.105019192434541011E-16, 22.32812499829300990, 3.323417656250000185 ) ) ;
#865 = EDGE_CURVE ( 'NONE', #405, #1577, #2946, .T. ) ;
#866 = AXIS2_PLACEMENT_3D ( 'NONE', #1586, #2084, #2448 ) ;
#867 = EDGE_CURVE ( 'NONE', #1962, #2271, #2285, .T. ) ;
#868 = CARTESIAN_POINT ( 'NONE',  ( 3.495145987774966656, 22.14516206687131827, 2.014475168389402882 ) ) ;
#869 = AXIS2_PLACEMENT_3D ( 'NONE', #3033, #439, #1595 ) ;
#870 = CARTESIAN_POINT ( 'NONE',  ( 0.5235977867354222326, 23.78568825895709793, -4.000000129705336249 ) ) ;
#871 = ORIENTED_EDGE ( 'NONE', *, *, #1933, .F. ) ;
#872 =( BOUNDED_CURVE ( )  B_SPLINE_CURVE ( 2, ( #2693, #991, #85, #3261, #3301, #3280, #699, #1573, #1862 ),
 .UNSPECIFIED., .F., .T. ) 
 B_SPLINE_CURVE_WITH_KNOTS ( ( 3, 2, 2, 2, 3 ),
 ( 0.1682642103456859217, 0.1802830712916789480, 0.1923019427111242463, 0.2043208141305694892, 0.2163397139238032452 ),
 .UNSPECIFIED. ) 
 CURVE ( )  GEOMETRIC_REPRESENTATION_ITEM ( )  RATIONAL_B_SPLINE_CURVE ( ( 1.000000000000000000, 0.9238795325112867385, 1.000000000000000000, 0.9238795325112867385, 1.000000000000000000, 0.9238795325112867385, 1.000000000000000000, 0.9238795325112867385, 1.000000000000000000 ) ) 
 REPRESENTATION_ITEM ( '' )  );
#873 = CARTESIAN_POINT ( 'NONE',  ( -3.495145817381166697, 17.77042555464206686, -2.014475464025313300 ) ) ;
#874 = CARTESIAN_POINT ( 'NONE',  ( 2.828427124746189403, 23.18749999658601624, 2.828427124746190735 ) ) ;
#875 = CARTESIAN_POINT ( 'NONE',  ( 1.376604666648955755, 12.40624999829300990, 3.323417656249999297 ) ) ;
#876 = CARTESIAN_POINT ( 'NONE',  ( 4.000000000000000000, 16.00000000000000000, 0.000000000000000000 ) ) ;
#877 = CARTESIAN_POINT ( 'NONE',  ( 0.000000000000000000, 24.00000000000000000, 0.000000000000000000 ) ) ;
#878 = B_SPLINE_CURVE_WITH_KNOTS ( 'NONE', 3,
 ( #2242, #1044, #2824, #226, #2511, #1402, #1633, #3666, #1064, #3086, #3685, #491, #1650, #2805, #3398, #2903, #1763, #2350, #307, #2314 ),
 .UNSPECIFIED., .F., .F.,
 ( 4, 2, 2, 2, 2, 2, 2, 2, 2, 4 ),
 ( 0.000000000000000000, 0.0008946229511164783014, 0.001789245902232956603, 0.002683868853349434796, 0.003578491804465913206, 0.004473114755582390314, 0.004920426231140629519, 0.005367737706698868724, 0.006262360657815346267, 0.007156983608931822942 ),
 .UNSPECIFIED. ) ;
#879 = CARTESIAN_POINT ( 'NONE',  ( 3.999999999999999112, 14.51562499658601624, 1.656854249492383246 ) ) ;
#880 = DIRECTION ( 'NONE',  ( 0.000000000000000000, 1.000000000000000000, 0.000000000000000000 ) ) ;
#881 = VERTEX_POINT ( 'NONE', #370 ) ;
#882 = CARTESIAN_POINT ( 'NONE',  ( -1.656854249492380360, 23.89062500000000000, -4.000000000000000000 ) ) ;
#883 = CARTESIAN_POINT ( 'NONE',  ( 1.376604666648955755, 12.40624999829300990, 3.323417656249999297 ) ) ;
#884 = CARTESIAN_POINT ( 'NONE',  ( 3.291665326453186317E-06, 18.03132118774972881, 3.999999999997206235 ) ) ;
#885 = ORIENTED_EDGE ( 'NONE', *, *, #2762, .F. ) ;
#886 = CARTESIAN_POINT ( 'NONE',  ( 0.5235984634171578778, 15.03621523449838548, -4.000000041128041417 ) ) ;
#887 = B_SPLINE_CURVE_WITH_KNOTS ( 'NONE', 3,
 ( #660, #1821, #381, #1532, #2413, #967, #2122, #172, #3090, #2514, #1964, #1124, #3669, #518, #3111, #2223, #1068, #1942 ),
 .UNSPECIFIED., .F., .F.,
 ( 4, 2, 2, 2, 2, 2, 2, 2, 4 ),
 ( 0.3124999341435752420, 0.3185095482617203433, 0.3245191623798654446, 0.3305287764980105458, 0.3365383906161556471, 0.3425480047343007484, 0.3485576188524458496, 0.3545672329705909509, 0.3605768470887360522 ),
 .UNSPECIFIED. ) ;
#888 = EDGE_CURVE ( 'NONE', #3149, #1008, #1812, .T. ) ;
#889 = CARTESIAN_POINT ( 'NONE',  ( 1.046485471303042363E-05, 18.81226423537186321, -3.999999999970995646 ) ) ;
#890 = CARTESIAN_POINT ( 'NONE',  ( 1.376604666648955755, 16.46874999829300634, 3.323417656249999297 ) ) ;
#891 = CARTESIAN_POINT ( 'NONE',  ( 2.014476667740690896, 22.04100167372301655, 3.495145123602926507 ) ) ;
#892 = CARTESIAN_POINT ( 'NONE',  ( 1.376604666648955089, 14.12499999829300634, -3.323417656249999741 ) ) ;
#893 = VERTEX_POINT ( 'NONE', #914 ) ;
#894 = CARTESIAN_POINT ( 'NONE',  ( 1.376604666648955089, 15.68749999829300634, -3.323417656249999741 ) ) ;
#895 = CARTESIAN_POINT ( 'NONE',  ( -3.895890566689336421, 17.92666614436455674, 1.046992059329060476 ) ) ;
#896 = CARTESIAN_POINT ( 'NONE',  ( 1.656854249492381248, 15.60937499658601624, 3.999999999999999112 ) ) ;
#897 = CARTESIAN_POINT ( 'NONE',  ( 1.376604666648955089, 23.18749999829300634, -3.323417656249999741 ) ) ;
#898 = CARTESIAN_POINT ( 'NONE',  ( 4.000000000000000000, 17.32812500000000000, -1.656854249492380804 ) ) ;
#899 =( BOUNDED_SURFACE ( )  B_SPLINE_SURFACE ( 1, 2, ( 
 ( #2850, #1751, #519, #3420, #2004, #3147, #3165, #553, #823, #1125, #290, #2247, #3185, #883, #251, #575, #1731, #2279, #842, #1711, #3130, #2887, #594, #1444, #1673, #1108, #1163, #2625, #2871, #1983, #2908, #3112, #2608, #271, #3401, #3771, #2299, #2319, #2552, #2590, #3475, #2039, #538, #2829, #313, #1462, #803, #1091, #3749, #1144, #3456, #2266, #231, #1693, #1387, #1407, #3709, #625, #1198, #2689, #396, #905, #639, #1785, #16, #3209, #2356, #30, #1479, #2939, #3561, #1182, #378, #2672, #3243, #1230, #3510, #2374, #921, #330, #2070, #82, #348, #3225, #1247, #1547, #2055, #1802, #1495, #2339, #611, #2658, #49, #2641, #1215, #965, #2955, #364, #3527, #3496, #935, #1769, #2410, #2120, #3541, #2089, #2924, #1512, #64, #949, #2392, #2104, #3276, #3258, #658, #1819, #2972, #1529, #677, #1840, #2991, #144, #2787, #3048, #1591, #452, #3644, #1610, #1043, #3068, #2749, #2766, #3375, #1328, #3298, #1879, #3029, #490, #2727, #1307, #3357, #2510, #2473, #1569, #2157, #2709, #2198, #3625, #435, #104, #778, #1025, #2177, #717, #1938, #2138, #1287, #3339, #733, #2491, #1899, #2452, #167, #1917, #1268, #1063, #3665, #757, #471 ),
 ( #1632, #2218, #187, #696, #125, #1346, #2430, #3085, #3605, #3582, #986, #1856, #3009, #418, #1007, #3318, #854, #3105, #1998, #3450, #1137, #2545, #2528, #2294, #513, #1103, #3179, #2016, #1401, #3123, #2804, #2313, #1977, #816, #3413, #3468, #1084, #225, #2564, #3723, #1422, #1119, #1381, #532, #3160, #207, #3764, #1436, #1686, #2584, #3743, #2844, #245, #2274, #3704, #570, #1156, #1726, #2241, #1667, #2882, #1648, #3429, #2259, #876, #3684, #284, #835, #1364, #2601, #2865, #2035, #2823, #3142, #3397, #798, #548, #1957, #1706, #266, #588, #898, #2332, #1175, #3490, #306, #10, #1455, #2901, #2618, #2049, #1744, #1572, #3071, #782, #1270, #1029, #1009, #399, #3587, #2729, #421, #1861, #2159, #1350, #3341, #3629, #3013, #1941, #128, #1552, #475, #1635, #171, #3608, #108, #2178, #2434, #1332, #2477, #1594, #2789, #990, #2495, #2141, #454, #3648, #3300, #1047, #438, #2751, #192, #737, #3032, #1901, #2201, #3051, #3359, #760, #147, #1614, #1067, #2769, #698, #3322, #719, #2713, #1290, #1311, #1920, #2513, #3668, #1883, #2456, #2222, #3380, #3110, #801, #1107, #289, #2278, #2569, #1963, #3474, #2827, #882, #2020, #574, #2870 ),
 ( #2003, #1367, #1443, #1425, #3455, #3089, #841, #2589, #3770, #249, #1671, #3689, #3146, #552, #3708, #2318, #1730, #2298, #821, #1710, #1162, #1089, #2607, #2264, #1123, #517, #229, #1385, #270, #3418, #1405, #2848, #858, #3164, #2808, #211, #2886, #2549, #1981, #3128, #495, #3748, #1655, #2530, #2245, #3400, #3727, #537, #1692, #3433, #1143, #2088, #638, #3526, #3184, #1494, #2923, #347, #2657, #920, #329, #593, #2355, #904, #1784, #377, #1478, #1229, #1818, #1528, #3224, #363, #657, #48, #2954, #1750, #1246, #2624, #2069, #610, #2907, #934, #1461, #1511, #3242, #2640, #3257, #2688, #2409, #1801, #312, #1214, #624, #15, #3208, #63, #2373, #2671, #2103, #2391, #2938, #1181, #3540, #29, #2338, #3509, #948, #2971, #81, #3560, #2038, #3495, #2054, #1768, #1197, #1286, #2509, #985, #2156, #1609, #756, #3317, #3581, #417, #964, #166, #716, #2451, #2119, #1631, #3604, #124, #2726, #2786, #395, #3297, #1878, #3028, #732, #434, #695, #1006, #1327, #3275, #3067, #1916, #1590, #1898, #3047, #2748, #143, #1306, #3008, #2490, #470, #1042, #1546, #2137, #2197, #676, #2472, #1855, #186, #1839, #3356, #3624, #2990, #1345, #2176 ) ),
 .UNSPECIFIED., .F., .F., .T. ) 
 B_SPLINE_SURFACE_WITH_KNOTS ( ( 2, 1, 2 ),
 ( 3, 2, 2, 2, 2, 2, 2, 2, 2, 2, 2, 2, 2, 2, 2, 2, 2, 2, 2, 2, 2, 2, 2, 2, 2, 2, 2, 2, 2, 2, 2, 2, 2, 2, 2, 2, 2, 2, 2, 2, 2, 2, 2, 2, 2, 2, 2, 2, 2, 2, 2, 2, 2, 2, 2, 2, 2, 2, 2, 2, 2, 2, 2, 2, 2, 2, 2, 2, 2, 2, 2, 2, 2, 2, 2, 2, 2, 2, 2, 2, 2, 2, 2, 2, 3 ),
 ( 0.000000000000000000, 1.000000000000000000, 1.749442397878858468 ),
 ( 0.000000000000000000, 0.01136363636363636395, 0.02272727272727272790, 0.03409090909090908839, 0.04545454545454545581, 0.05681818181818181629, 0.06818181818181817677, 0.07954545454545454419, 0.09090909090909091161, 0.1022727272727272790, 0.1136363636363636326, 0.1250000000000000000, 0.1363636363636363535, 0.1477272727272727348, 0.1590909090909090884, 0.1704545454545454419, 0.1818181818181818232, 0.1931818181818181768, 0.2045454545454545581, 0.2159090909090909116, 0.2272727272727272652, 0.2386363636363636465, 0.2500000000000000000, 0.2613636363636363535, 0.2727272727272727071, 0.2840909090909091161, 0.2954545454545454697, 0.3068181818181818232, 0.3181818181818181768, 0.3295454545454545303, 0.3409090909090908839, 0.3522727272727272929, 0.3636363636363636465, 0.3750000000000000000, 0.3863636363636363535, 0.3977272727272727071, 0.4090909090909091161, 0.4204545454545454697, 0.4318181818181818232, 0.4431818181818181768, 0.4545454545454545303, 0.4659090909090908839, 0.4772727272727272929, 0.4886363636363636465, 0.5000000000000000000, 0.5113636363636363535, 0.5227272727272727071, 0.5340909090909090606, 0.5454545454545454142, 0.5568181818181817677, 0.5681818181818182323, 0.5795454545454545858, 0.5909090909090909394, 0.6022727272727272929, 0.6136363636363636465, 0.6250000000000000000, 0.6363636363636363535, 0.6477272727272727071, 0.6590909090909090606, 0.6704545454545454142, 0.6818181818181817677, 0.6931818181818182323, 0.7045454545454545858, 0.7159090909090909394, 0.7272727272727272929, 0.7386363636363636465, 0.7500000000000000000, 0.7613636363636363535, 0.7727272727272727071, 0.7840909090909090606, 0.7954545454545454142, 0.8068181818181817677, 0.8181818181818182323, 0.8295454545454545858, 0.8409090909090909394, 0.8522727272727272929, 0.8636363636363636465, 0.8750000000000000000, 0.8863636363636363535, 0.8977272727272727071, 0.9090909090909090606, 0.9204545454545454142, 0.9318181818181817677, 0.9431818181818182323, 0.9454830164809566728 ),
 .UNSPECIFIED. ) 
 GEOMETRIC_REPRESENTATION_ITEM ( )  RATIONAL_B_SPLINE_SURFACE ( (
 ( 1.000000000000000000, 0.9238795325112867385, 1.000000000000000000, 0.9238795325112867385, 1.000000000000000000, 0.9238795325112867385, 1.000000000000000000, 0.9238795325112867385, 1.000000000000000000, 0.9238795325112867385, 1.000000000000000000, 0.9238795325112867385, 1.000000000000000000, 0.9238795325112867385, 1.000000000000000000, 0.9238795325112867385, 1.000000000000000000, 0.9238795325112867385, 1.000000000000000000, 0.9238795325112867385, 1.000000000000000000, 0.9238795325112867385, 1.000000000000000000, 0.9238795325112867385, 1.000000000000000000, 0.9238795325112867385, 1.000000000000000000, 0.9238795325112867385, 1.000000000000000000, 0.9238795325112867385, 1.000000000000000000, 0.9238795325112867385, 1.000000000000000000, 0.9238795325112867385, 1.000000000000000000, 0.9238795325112867385, 1.000000000000000000, 0.9238795325112867385, 1.000000000000000000, 0.9238795325112867385, 1.000000000000000000, 0.9238795325112867385, 1.000000000000000000, 0.9238795325112867385, 1.000000000000000000, 0.9238795325112867385, 1.000000000000000000, 0.9238795325112867385, 1.000000000000000000, 0.9238795325112867385, 1.000000000000000000, 0.9238795325112867385, 1.000000000000000000, 0.9238795325112867385, 1.000000000000000000, 0.9238795325112867385, 1.000000000000000000, 0.9238795325112867385, 1.000000000000000000, 0.9238795325112867385, 1.000000000000000000, 0.9238795325112867385, 1.000000000000000000, 0.9238795325112867385, 1.000000000000000000, 0.9238795325112867385, 1.000000000000000000, 0.9238795325112867385, 1.000000000000000000, 0.9238795325112867385, 1.000000000000000000, 0.9238795325112867385, 1.000000000000000000, 0.9238795325112867385, 1.000000000000000000, 0.9238795325112867385, 1.000000000000000000, 0.9238795325112867385, 1.000000000000000000, 0.9238795325112867385, 1.000000000000000000, 0.9238795325112867385, 1.000000000000000000, 0.9238795325112867385, 1.000000000000000000, 0.9238795325112867385, 1.000000000000000000, 0.9238795325112867385, 1.000000000000000000, 0.9238795325112867385, 1.000000000000000000, 0.9238795325112867385, 1.000000000000000000, 0.9238795325112867385, 1.000000000000000000, 0.9238795325112867385, 1.000000000000000000, 0.9238795325112867385, 1.000000000000000000, 0.9238795325112867385, 1.000000000000000000, 0.9238795325112867385, 1.000000000000000000, 0.9238795325112867385, 1.000000000000000000, 0.9238795325112867385, 1.000000000000000000, 0.9238795325112867385, 1.000000000000000000, 0.9238795325112867385, 1.000000000000000000, 0.9238795325112867385, 1.000000000000000000, 0.9238795325112867385, 1.000000000000000000, 0.9238795325112867385, 1.000000000000000000, 0.9238795325112867385, 1.000000000000000000, 0.9238795325112867385, 1.000000000000000000, 0.9238795325112867385, 1.000000000000000000, 0.9238795325112867385, 1.000000000000000000, 0.9238795325112867385, 1.000000000000000000, 0.9238795325112867385, 1.000000000000000000, 0.9238795325112867385, 1.000000000000000000, 0.9238795325112867385, 1.000000000000000000, 0.9238795325112867385, 1.000000000000000000, 0.9238795325112867385, 1.000000000000000000, 0.9238795325112867385, 1.000000000000000000, 0.9238795325112867385, 1.000000000000000000, 0.9238795325112867385, 1.000000000000000000, 0.9238795325112867385, 1.000000000000000000, 0.9238795325112867385, 1.000000000000000000, 0.9238795325112867385, 1.000000000000000000, 0.9238795325112867385, 1.000000000000000000, 0.9238795325112867385, 1.000000000000000000, 0.9238795325112867385, 1.000000000000000000, 0.9238795325112867385, 1.000000000000000000, 0.9238795325112867385, 1.000000000000000000, 0.9238795325112867385, 1.000000000000000000, 0.9238795325112867385, 1.000000000000000000, 0.9238795325112867385, 1.000000000000000000, 0.9238795325112867385, 1.000000000000000000, 0.9845851904523107434, 0.9754135468028541922),
 ( 1.000000000000000000, 0.9238795325112867385, 1.000000000000000000, 0.9238795325112867385, 1.000000000000000000, 0.9238795325112867385, 1.000000000000000000, 0.9238795325112867385, 1.000000000000000000, 0.9238795325112867385, 1.000000000000000000, 0.9238795325112867385, 1.000000000000000000, 0.9238795325112867385, 1.000000000000000000, 0.9238795325112867385, 1.000000000000000000, 0.9238795325112867385, 1.000000000000000000, 0.9238795325112867385, 1.000000000000000000, 0.9238795325112867385, 1.000000000000000000, 0.9238795325112867385, 1.000000000000000000, 0.9238795325112867385, 1.000000000000000000, 0.9238795325112867385, 1.000000000000000000, 0.9238795325112867385, 1.000000000000000000, 0.9238795325112867385, 1.000000000000000000, 0.9238795325112867385, 1.000000000000000000, 0.9238795325112867385, 1.000000000000000000, 0.9238795325112867385, 1.000000000000000000, 0.9238795325112867385, 1.000000000000000000, 0.9238795325112867385, 1.000000000000000000, 0.9238795325112867385, 1.000000000000000000, 0.9238795325112867385, 1.000000000000000000, 0.9238795325112867385, 1.000000000000000000, 0.9238795325112867385, 1.000000000000000000, 0.9238795325112867385, 1.000000000000000000, 0.9238795325112867385, 1.000000000000000000, 0.9238795325112867385, 1.000000000000000000, 0.9238795325112867385, 1.000000000000000000, 0.9238795325112867385, 1.000000000000000000, 0.9238795325112867385, 1.000000000000000000, 0.9238795325112867385, 1.000000000000000000, 0.9238795325112867385, 1.000000000000000000, 0.9238795325112867385, 1.000000000000000000, 0.9238795325112867385, 1.000000000000000000, 0.9238795325112867385, 1.000000000000000000, 0.9238795325112867385, 1.000000000000000000, 0.9238795325112867385, 1.000000000000000000, 0.9238795325112867385, 1.000000000000000000, 0.9238795325112867385, 1.000000000000000000, 0.9238795325112867385, 1.000000000000000000, 0.9238795325112867385, 1.000000000000000000, 0.9238795325112867385, 1.000000000000000000, 0.9238795325112867385, 1.000000000000000000, 0.9238795325112867385, 1.000000000000000000, 0.9238795325112867385, 1.000000000000000000, 0.9238795325112867385, 1.000000000000000000, 0.9238795325112867385, 1.000000000000000000, 0.9238795325112867385, 1.000000000000000000, 0.9238795325112867385, 1.000000000000000000, 0.9238795325112867385, 1.000000000000000000, 0.9238795325112867385, 1.000000000000000000, 0.9238795325112867385, 1.000000000000000000, 0.9238795325112867385, 1.000000000000000000, 0.9238795325112867385, 1.000000000000000000, 0.9238795325112867385, 1.000000000000000000, 0.9238795325112867385, 1.000000000000000000, 0.9238795325112867385, 1.000000000000000000, 0.9238795325112867385, 1.000000000000000000, 0.9238795325112867385, 1.000000000000000000, 0.9238795325112867385, 1.000000000000000000, 0.9238795325112867385, 1.000000000000000000, 0.9238795325112867385, 1.000000000000000000, 0.9238795325112867385, 1.000000000000000000, 0.9238795325112867385, 1.000000000000000000, 0.9238795325112867385, 1.000000000000000000, 0.9238795325112867385, 1.000000000000000000, 0.9238795325112867385, 1.000000000000000000, 0.9238795325112867385, 1.000000000000000000, 0.9238795325112867385, 1.000000000000000000, 0.9238795325112867385, 1.000000000000000000, 0.9238795325112867385, 1.000000000000000000, 0.9238795325112867385, 1.000000000000000000, 0.9238795325112867385, 1.000000000000000000, 0.9238795325112867385, 1.000000000000000000, 0.9238795325112867385, 1.000000000000000000, 0.9238795325112867385, 1.000000000000000000, 0.9238795325112867385, 1.000000000000000000, 0.9238795325112867385, 1.000000000000000000, 0.9238795325112867385, 1.000000000000000000, 0.9238795325112867385, 1.000000000000000000, 0.9238795325112867385, 1.000000000000000000, 0.9238795325112867385, 1.000000000000000000, 0.9845851904523107434, 0.9754135468028541922),
 ( 1.000000000000000000, 0.9238795325112867385, 1.000000000000000000, 0.9238795325112867385, 1.000000000000000000, 0.9238795325112867385, 1.000000000000000000, 0.9238795325112867385, 1.000000000000000000, 0.9238795325112867385, 1.000000000000000000, 0.9238795325112867385, 1.000000000000000000, 0.9238795325112867385, 1.000000000000000000, 0.9238795325112867385, 1.000000000000000000, 0.9238795325112867385, 1.000000000000000000, 0.9238795325112867385, 1.000000000000000000, 0.9238795325112867385, 1.000000000000000000, 0.9238795325112867385, 1.000000000000000000, 0.9238795325112867385, 1.000000000000000000, 0.9238795325112867385, 1.000000000000000000, 0.9238795325112867385, 1.000000000000000000, 0.9238795325112867385, 1.000000000000000000, 0.9238795325112867385, 1.000000000000000000, 0.9238795325112867385, 1.000000000000000000, 0.9238795325112867385, 1.000000000000000000, 0.9238795325112867385, 1.000000000000000000, 0.9238795325112867385, 1.000000000000000000, 0.9238795325112867385, 1.000000000000000000, 0.9238795325112867385, 1.000000000000000000, 0.9238795325112867385, 1.000000000000000000, 0.9238795325112867385, 1.000000000000000000, 0.9238795325112867385, 1.000000000000000000, 0.9238795325112867385, 1.000000000000000000, 0.9238795325112867385, 1.000000000000000000, 0.9238795325112867385, 1.000000000000000000, 0.9238795325112867385, 1.000000000000000000, 0.9238795325112867385, 1.000000000000000000, 0.9238795325112867385, 1.000000000000000000, 0.9238795325112867385, 1.000000000000000000, 0.9238795325112867385, 1.000000000000000000, 0.9238795325112867385, 1.000000000000000000, 0.9238795325112867385, 1.000000000000000000, 0.9238795325112867385, 1.000000000000000000, 0.9238795325112867385, 1.000000000000000000, 0.9238795325112867385, 1.000000000000000000, 0.9238795325112867385, 1.000000000000000000, 0.9238795325112867385, 1.000000000000000000, 0.9238795325112867385, 1.000000000000000000, 0.9238795325112867385, 1.000000000000000000, 0.9238795325112867385, 1.000000000000000000, 0.9238795325112867385, 1.000000000000000000, 0.9238795325112867385, 1.000000000000000000, 0.9238795325112867385, 1.000000000000000000, 0.9238795325112867385, 1.000000000000000000, 0.9238795325112867385, 1.000000000000000000, 0.9238795325112867385, 1.000000000000000000, 0.9238795325112867385, 1.000000000000000000, 0.9238795325112867385, 1.000000000000000000, 0.9238795325112867385, 1.000000000000000000, 0.9238795325112867385, 1.000000000000000000, 0.9238795325112867385, 1.000000000000000000, 0.9238795325112867385, 1.000000000000000000, 0.9238795325112867385, 1.000000000000000000, 0.9238795325112867385, 1.000000000000000000, 0.9238795325112867385, 1.000000000000000000, 0.9238795325112867385, 1.000000000000000000, 0.9238795325112867385, 1.000000000000000000, 0.9238795325112867385, 1.000000000000000000, 0.9238795325112867385, 1.000000000000000000, 0.9238795325112867385, 1.000000000000000000, 0.9238795325112867385, 1.000000000000000000, 0.9238795325112867385, 1.000000000000000000, 0.9238795325112867385, 1.000000000000000000, 0.9238795325112867385, 1.000000000000000000, 0.9238795325112867385, 1.000000000000000000, 0.9238795325112867385, 1.000000000000000000, 0.9238795325112867385, 1.000000000000000000, 0.9238795325112867385, 1.000000000000000000, 0.9238795325112867385, 1.000000000000000000, 0.9238795325112867385, 1.000000000000000000, 0.9238795325112867385, 1.000000000000000000, 0.9238795325112867385, 1.000000000000000000, 0.9238795325112867385, 1.000000000000000000, 0.9238795325112867385, 1.000000000000000000, 0.9238795325112867385, 1.000000000000000000, 0.9238795325112867385, 1.000000000000000000, 0.9238795325112867385, 1.000000000000000000, 0.9238795325112867385, 1.000000000000000000, 0.9238795325112867385, 1.000000000000000000, 0.9845851904523107434, 0.9754135468028541922) ) ) 
 REPRESENTATION_ITEM ( '' )  SURFACE ( )  );
#900 = CARTESIAN_POINT ( 'NONE',  ( 4.000000000000000000, 20.84374999658601624, 0.000000000000000000 ) ) ;
#901 = CARTESIAN_POINT ( 'NONE',  ( 1.656854249492381026, 14.82812499658601979, -4.000000000000000000 ) ) ;
#902 = CARTESIAN_POINT ( 'NONE',  ( 0.000000000000000000, 31.85000000000000497, 2.149999999999999911 ) ) ;
#903 = ORIENTED_EDGE ( 'NONE', *, *, #2802, .T. ) ;
#904 = CARTESIAN_POINT ( 'NONE',  ( 4.507059494062497507, 15.62912406460786130, 1.866885168863110067 ) ) ;
#905 = CARTESIAN_POINT ( 'NONE',  ( 1.376604666648955755, 16.15624999829300634, 3.323417656249999297 ) ) ;
#906 = ORIENTED_EDGE ( 'NONE', *, *, #2183, .T. ) ;
#907 = AXIS2_PLACEMENT_3D ( 'NONE', #1760, #1135, #2615 ) ;
#908 = CARTESIAN_POINT ( 'NONE',  ( 2.035006397478180666E-16, 23.26562499829300990, -3.323417656250000185 ) ) ;
#909 = CARTESIAN_POINT ( 'NONE',  ( 3.999999924072649815, 18.52558840496741510, -0.5235993576541616568 ) ) ;
#910 = AXIS2_PLACEMENT_3D ( 'NONE', #3338, #1267, #1568 ) ;
#911 = CARTESIAN_POINT ( 'NONE',  ( -3.323417656250001517, 12.09374999829300812, 1.376604666648954645 ) ) ;
#912 = VERTEX_POINT ( 'NONE', #927 ) ;
#913 = EDGE_CURVE ( 'NONE', #1469, #2019, #388, .T. ) ;
#914 = CARTESIAN_POINT ( 'NONE',  ( 2.092962954411025058E-06, 12.56245284707484267, -3.999999999998839595 ) ) ;
#915 = CARTESIAN_POINT ( 'NONE',  ( 1.656854249492380804, 23.57812499658601268, -4.000000000000000000 ) ) ;
#916 = CARTESIAN_POINT ( 'NONE',  ( 3.323417656249998853, 21.62499999829300990, 1.376604666648957087 ) ) ;
#917 = CARTESIAN_POINT ( 'NONE',  ( 4.000000000000000000, 12.17187499658601624, -1.656854249492380582 ) ) ;
#918 = CARTESIAN_POINT ( 'NONE',  ( 4.000000000000000000, 23.34374999658601624, 0.000000000000000000 ) ) ;
#919 = ORIENTED_EDGE ( 'NONE', *, *, #158, .T. ) ;
#920 = CARTESIAN_POINT ( 'NONE',  ( -1.866885168863109623, 15.31662406460785952, 4.507059494062497507 ) ) ;
#921 = CARTESIAN_POINT ( 'NONE',  ( 2.350011161449477193, 17.48437499829300634, 2.350011161449478081 ) ) ;
#922 = ORIENTED_EDGE ( 'NONE', *, *, #759, .T. ) ;
#923 = CARTESIAN_POINT ( 'NONE',  ( -2.014475358439498098, 19.33283145186689111, 3.495145878236999515 ) ) ;
#924 = AXIS2_PLACEMENT_3D ( 'NONE', #3645, #1918, #3414 ) ;
#925 = CARTESIAN_POINT ( 'NONE',  ( -3.323417656250001517, 17.40624999829300990, 1.376604666648954201 ) ) ;
#926 = ORIENTED_EDGE ( 'NONE', *, *, #1838, .T. ) ;
#927 = CARTESIAN_POINT ( 'NONE',  ( 1.928818708657081344E-15, 0.000000000000000000, -15.50000000000000000 ) ) ;
#928 = AXIS2_PLACEMENT_3D ( 'NONE', #3421, #539, #214 ) ;
#929 = CARTESIAN_POINT ( 'NONE',  ( 0.000000000000000000, 10.50000000000000000, 11.00000000000000000 ) ) ;
#930 = CARTESIAN_POINT ( 'NONE',  ( -3.323417656250001517, 15.84374999829300634, 1.376604666648954201 ) ) ;
#931 = CARTESIAN_POINT ( 'NONE',  ( -1.656854249492382580, 24.20312499658601979, 3.999999999999999112 ) ) ;
#932 = CARTESIAN_POINT ( 'NONE',  ( 0.000000000000000000, 29.89999999999999858, 0.000000000000000000 ) ) ;
#933 = VERTEX_POINT ( 'NONE', #616 ) ;
#934 = CARTESIAN_POINT ( 'NONE',  ( 4.507059494062497507, 17.03537406460786485, -1.866885168863107181 ) ) ;
#935 = CARTESIAN_POINT ( 'NONE',  ( 2.035006397478180666E-16, 19.20312499829300634, -3.323417656250000185 ) ) ;
#936 = EDGE_LOOP ( 'NONE', ( #2282, #2340, #2297, #1014 ) ) ;
#937 = CARTESIAN_POINT ( 'NONE',  ( 1.726830549122646996, 23.99999999999999645, 2.839570596497121624 ) ) ;
#938 = CARTESIAN_POINT ( 'NONE',  ( 2.350011161449477193, 22.48437499829300634, 2.350011161449478081 ) ) ;
#939 = CARTESIAN_POINT ( 'NONE',  ( 3.323417656249998853, 17.87499999829300634, 1.376604666648957087 ) ) ;
#940 = CARTESIAN_POINT ( 'NONE',  ( -2.350011161449478081, 16.23437499829300634, 2.350011161449477193 ) ) ;
#941 = DIRECTION ( 'NONE',  ( -0.000000000000000000, -0.000000000000000000, -1.000000000000000000 ) ) ;
#942 = CARTESIAN_POINT ( 'NONE',  ( 1.959434878635765131E-15, 0.5000000000000004441, 16.00000000000000000 ) ) ;
#943 = CARTESIAN_POINT ( 'NONE',  ( 2.350011161449477193, 12.48437499829300634, 2.350011161449478081 ) ) ;
#944 = CARTESIAN_POINT ( 'NONE',  ( 3.895890528734802238, 19.80155322103432169, -1.046992200559045294 ) ) ;
#945 = CARTESIAN_POINT ( 'NONE',  ( 2.449293598294706414E-16, 19.90624999658601624, -4.000000000000000000 ) ) ;
#946 = DIRECTION ( 'NONE',  ( -0.000000000000000000, 1.000000000000000000, -0.000000000000000000 ) ) ;
#947 = EDGE_CURVE ( 'NONE', #2860, #2336, #2984, .T. ) ;
#948 = CARTESIAN_POINT ( 'NONE',  ( -3.186972331462803343, 18.98849906460786130, 3.186972331462802455 ) ) ;
#949 = CARTESIAN_POINT ( 'NONE',  ( 1.376604666648955755, 19.90624999829300634, 3.323417656249999297 ) ) ;
#950 = ORIENTED_EDGE ( 'NONE', *, *, #3519, .T. ) ;
#951 = EDGE_CURVE ( 'NONE', #2354, #1951, #1556, .T. ) ;
#952 = CARTESIAN_POINT ( 'NONE',  ( -3.231069677565025611, 11.75517539655816179, 2.469303526065561805 ) ) ;
#953 = CARTESIAN_POINT ( 'NONE',  ( 1.548802045462446282E-05, 22.56215106834825335, -3.999999999936468598 ) ) ;
#954 = CARTESIAN_POINT ( 'NONE',  ( -1.130204737739835682E-05, 19.43724537420135690, 3.999999999966169284 ) ) ;
#955 = AXIS2_PLACEMENT_3D ( 'NONE', #1285, #946, #2118 ) ;
#956 = EDGE_CURVE ( 'NONE', #3132, #516, #2337, .T. ) ;
#957 = CARTESIAN_POINT ( 'NONE',  ( -2.350011161449478081, 18.73437499829300990, 2.350011161449477193 ) ) ;
#958 = CARTESIAN_POINT ( 'NONE',  ( -2.350011161449477193, 19.67187499829300990, -2.350011161449477637 ) ) ;
#959 = CARTESIAN_POINT ( 'NONE',  ( 0.5784759579950490282, 23.99999999999999289, -3.578140899284305121 ) ) ;
#960 = CARTESIAN_POINT ( 'NONE',  ( -3.323417656249999741, 16.93749999829300279, -1.376604666648955311 ) ) ;
#961 = CARTESIAN_POINT ( 'NONE',  ( -1.656854249492382580, 15.45312499658601624, 3.999999999999999112 ) ) ;
#962 = CARTESIAN_POINT ( 'NONE',  ( -4.000000000000000000, 21.46874999658601624, -4.898587196589412829E-16 ) ) ;
#963 = CARTESIAN_POINT ( 'NONE',  ( -7.662527544611138377E-06, 17.40625035789469877, -3.999999999992660538 ) ) ;
#964 = CARTESIAN_POINT ( 'NONE',  ( -8.279333974455491767E-16, 20.39474906460785775, 4.507059494062498395 ) ) ;
#965 = CARTESIAN_POINT ( 'NONE',  ( 3.323417656249998853, 18.81249999829300990, 1.376604666648957087 ) ) ;
#966 = ORIENTED_EDGE ( 'NONE', *, *, #334, .T. ) ;
#967 = CARTESIAN_POINT ( 'NONE',  ( -3.198667571530715126, 15.24453602079505465, -2.458186617560781162 ) ) ;
#968 = CARTESIAN_POINT ( 'NONE',  ( 3.198666828907441140, 22.37952295145500514, -2.458187583884552385 ) ) ;
#969 = CARTESIAN_POINT ( 'NONE',  ( -3.323417656250000185, 22.01562499829300990, -4.070012794956361332E-16 ) ) ;
#970 = CARTESIAN_POINT ( 'NONE',  ( -3.198667927977252301, 22.74408432747407360, -2.458186153741547919 ) ) ;
#971 = CARTESIAN_POINT ( 'NONE',  ( -2.350011161449478081, 23.73437499829300634, 2.350011161449477193 ) ) ;
#972 = CARTESIAN_POINT ( 'NONE',  ( 2.350011161449477637, 18.10937499829300990, -2.350011161449477637 ) ) ;
#973 = EDGE_CURVE ( 'NONE', #3528, #293, #302, .T. ) ;
#974 = CARTESIAN_POINT ( 'NONE',  ( 2.035006397478180666E-16, 19.20312499829300634, -3.323417656250000185 ) ) ;
#975 = CARTESIAN_POINT ( 'NONE',  ( 3.323417656249999741, 18.03124999829300634, -1.376604666648954867 ) ) ;
#976 = EDGE_CURVE ( 'NONE', #3094, #2548, #1687, .T. ) ;
#977 = CARTESIAN_POINT ( 'NONE',  ( 1.726830549122646996, 23.99999999999999645, 2.839570596497121624 ) ) ;
#978 = CYLINDRICAL_SURFACE ( 'NONE', #2896, 4.000000000000000000 ) ;
#979 = VECTOR ( 'NONE', #633, 1000.000000000000000 ) ;
#980 = CARTESIAN_POINT ( 'NONE',  ( -3.323417656250000185, 15.76562499829300990, -4.070012794956361332E-16 ) ) ;
#981 = CARTESIAN_POINT ( 'NONE',  ( -4.000000000000000000, 15.21874999658601446, -4.898587196589412829E-16 ) ) ;
#982 = CARTESIAN_POINT ( 'NONE',  ( 2.828427124746190291, 23.49999999658601624, -2.828427124746190291 ) ) ;
#983 = DIRECTION ( 'NONE',  ( -0.000000000000000000, -1.000000000000000000, -0.000000000000000000 ) ) ;
#984 = AXIS2_PLACEMENT_3D ( 'NONE', #250, #1672, #2496 ) ;
#985 = CARTESIAN_POINT ( 'NONE',  ( -1.866885168863107181, 19.84787406460786485, -4.507059494062497507 ) ) ;
#986 = CARTESIAN_POINT ( 'NONE',  ( -2.828427124746190735, 11.78125000000000000, 2.828427124746189847 ) ) ;
#987 = CARTESIAN_POINT ( 'NONE',  ( 0.000000000000000000, 10.49999999999999822, 0.000000000000000000 ) ) ;
#988 = ORIENTED_EDGE ( 'NONE', *, *, #1653, .T. ) ;
#989 = ORIENTED_EDGE ( 'NONE', *, *, #1072, .F. ) ;
#990 = CARTESIAN_POINT ( 'NONE',  ( -2.828427124746190735, 20.53125000000000000, 2.828427124746189847 ) ) ;
#991 = CARTESIAN_POINT ( 'NONE',  ( 1.656854249492381248, 14.35937499658601624, 3.999999999999999112 ) ) ;
#992 = CARTESIAN_POINT ( 'NONE',  ( 4.898587196589412829E-16, 24.00000000000000000, 4.000000000000000000 ) ) ;
#993 = CARTESIAN_POINT ( 'NONE',  ( 1.376604666648955755, 23.65624999829300634, 3.323417656249999741 ) ) ;
#994 = DIRECTION ( 'NONE',  ( -0.000000000000000000, -1.000000000000000000, -0.000000000000000000 ) ) ;
#995 = VERTEX_POINT ( 'NONE', #2384 ) ;
#996 = CARTESIAN_POINT ( 'NONE',  ( 3.323417656250000185, 22.95312499829300990, 0.000000000000000000 ) ) ;
#997 = CARTESIAN_POINT ( 'NONE',  ( 1.376604666648955755, 18.96874999829300634, 3.323417656249999741 ) ) ;
#998 = CARTESIAN_POINT ( 'NONE',  ( 3.323417656249999741, 15.21874999829300812, -1.376604666648954867 ) ) ;
#999 = CARTESIAN_POINT ( 'NONE',  ( -2.350011161449478081, 19.98437499829300990, 2.350011161449477193 ) ) ;
#1000 = CARTESIAN_POINT ( 'NONE',  ( 2.014475738556859241, 13.70817022185705447, -3.495145659151126072 ) ) ;
#1001 = CARTESIAN_POINT ( 'NONE',  ( 1.046991988713004584, 16.98922260602961742, 3.895890585666885730 ) ) ;
#1002 = CARTESIAN_POINT ( 'NONE',  ( 0.000000000000000000, 24.00000000000000000, 0.000000000000000000 ) ) ;
#1003 = CARTESIAN_POINT ( 'NONE',  ( 2.350011161449477637, 13.10937499829300812, -2.350011161449477637 ) ) ;
#1004 = CARTESIAN_POINT ( 'NONE',  ( 0.000000000000000000, 10.50000000000000000, 0.000000000000000000 ) ) ;
#1005 = EDGE_CURVE ( 'NONE', #1480, #2072, #3687, .T. ) ;
#1006 = CARTESIAN_POINT ( 'NONE',  ( 1.866885168863108069, 21.72287406460786130, 4.507059494062497507 ) ) ;
#1007 = CARTESIAN_POINT ( 'NONE',  ( 2.828427124746189403, 12.09375000000000000, 2.828427124746190735 ) ) ;
#1008 = VERTEX_POINT ( 'NONE', #942 ) ;
#1009 = CARTESIAN_POINT ( 'NONE',  ( 4.000000000000000000, 18.57812500000000000, -1.656854249492380804 ) ) ;
#1010 = CARTESIAN_POINT ( 'NONE',  ( -1.297643473929754731E-05, 20.68720765186022348, 3.999999999955402785 ) ) ;
#1011 = CARTESIAN_POINT ( 'NONE',  ( 3.999999949381098485, 16.02573896940755560, -0.5235991643120747607 ) ) ;
#1012 = CARTESIAN_POINT ( 'NONE',  ( 3.323417656249999741, 20.21874999829300990, -1.376604666648954867 ) ) ;
#1013 = CARTESIAN_POINT ( 'NONE',  ( 0.000000000000000000, 11.00000000000000000, 0.000000000000000000 ) ) ;
#1014 = ORIENTED_EDGE ( 'NONE', *, *, #2466, .F. ) ;
#1015 = CARTESIAN_POINT ( 'NONE',  ( -2.350011161449477193, 19.67187499829300990, -2.350011161449477637 ) ) ;
#1016 = CARTESIAN_POINT ( 'NONE',  ( 3.323417656249999297, 14.12499999829300634, 1.376604666648957087 ) ) ;
#1017 = CARTESIAN_POINT ( 'NONE',  ( -3.323417656250001517, 17.09374999829300990, 1.376604666648954645 ) ) ;
#1018 = CARTESIAN_POINT ( 'NONE',  ( -3.323417656250000185, 21.07812499829300634, -4.070012794956361332E-16 ) ) ;
#1019 = DIRECTION ( 'NONE',  ( 0.000000000000000000, 1.000000000000000000, 0.000000000000000000 ) ) ;
#1020 = EDGE_CURVE ( 'NONE', #2847, #1497, #1500, .T. ) ;
#1021 = DIRECTION ( 'NONE',  ( 0.000000000000000000, 0.000000000000000000, 1.000000000000000000 ) ) ;
#1022 = CARTESIAN_POINT ( 'NONE',  ( 2.350011161449477637, 15.60937499829300812, -2.350011161449477637 ) ) ;
#1023 = DIRECTION ( 'NONE',  ( 1.224646799147352961E-16, 0.000000000000000000, -1.000000000000000000 ) ) ;
#1024 = CARTESIAN_POINT ( 'NONE',  ( 1.408343819019456373E-15, 10.00000000000000000, -11.50000000000000000 ) ) ;
#1025 = CARTESIAN_POINT ( 'NONE',  ( -3.323417656249999741, 23.18749999829300634, -1.376604666648955311 ) ) ;
#1026 = EDGE_CURVE ( 'NONE', #2548, #314, #3733, .T. ) ;
#1027 = CARTESIAN_POINT ( 'NONE',  ( -1.656854249492382580, 14.20312499658601979, 3.999999999999999112 ) ) ;
#1028 = EDGE_CURVE ( 'NONE', #3737, #1008, #1869, .T. ) ;
#1029 = CARTESIAN_POINT ( 'NONE',  ( 4.000000000000000000, 18.50000000000000000, 0.000000000000000000 ) ) ;
#1030 = DIRECTION ( 'NONE',  ( 0.000000000000000000, 0.000000000000000000, 1.000000000000000000 ) ) ;
#1031 = CARTESIAN_POINT ( 'NONE',  ( 0.000000000000000000, 10.49999999999999822, 0.000000000000000000 ) ) ;
#1032 = CARTESIAN_POINT ( 'NONE',  ( -3.323417656250001517, 22.09374999829300634, 1.376604666648954645 ) ) ;
#1033 = CARTESIAN_POINT ( 'NONE',  ( -0.5235981250683345856, 19.41095174672813073, 4.000000085417743101 ) ) ;
#1034 = ORIENTED_EDGE ( 'NONE', *, *, #692, .F. ) ;
#1035 = CARTESIAN_POINT ( 'NONE',  ( -2.350011161449478081, 21.23437499829300634, 2.350011161449477193 ) ) ;
#1036 = CARTESIAN_POINT ( 'NONE',  ( 2.350011161449477193, 17.79687499829300634, 2.350011161449478081 ) ) ;
#1037 = CARTESIAN_POINT ( 'NONE',  ( -1.376604666648957087, 14.74999999829300812, 3.323417656249999297 ) ) ;
#1038 = CARTESIAN_POINT ( 'NONE',  ( 3.198667066536312831, 17.37982408033585102, -2.458187274674785705 ) ) ;
#1039 = CARTESIAN_POINT ( 'NONE',  ( -2.828427124746190735, 21.62499999658601268, 2.828427124746189847 ) ) ;
#1040 = CARTESIAN_POINT ( 'NONE',  ( -1.656854249492380360, 24.98437499658601979, -4.000000000000000000 ) ) ;
#1041 = CARTESIAN_POINT ( 'NONE',  ( 1.046485471303042363E-05, 18.81226423537186321, -3.999999999970995646 ) ) ;
#1042 = CARTESIAN_POINT ( 'NONE',  ( -1.866885168863109623, 22.81662406460786485, 4.507059494062497507 ) ) ;
#1043 = CARTESIAN_POINT ( 'NONE',  ( 3.323417656250000185, 21.39062499829300634, 0.000000000000000000 ) ) ;
#1044 = CARTESIAN_POINT ( 'NONE',  ( -3.874339740203650351, 24.00000000000000355, 0.9346401992045290097 ) ) ;
#1045 = AXIS2_PLACEMENT_3D ( 'NONE', #2585, #2602, #2333 ) ;
#1046 = CARTESIAN_POINT ( 'NONE',  ( -4.000000056946029225, 16.59862113172338383, -0.5235983425764993981 ) ) ;
#1047 = CARTESIAN_POINT ( 'NONE',  ( 4.000000000000000000, 20.99999999999999645, 0.000000000000000000 ) ) ;
#1048 = AXIS2_PLACEMENT_3D ( 'NONE', #2267, #2553, #3092 ) ;
#1049 = CARTESIAN_POINT ( 'NONE',  ( 2.014476245398983956, 15.79137808482381367, 3.495145367025571659 ) ) ;
#1050 = CARTESIAN_POINT ( 'NONE',  ( 1.376604666648955755, 12.71874999829300812, 3.323417656249999741 ) ) ;
#1051 = CARTESIAN_POINT ( 'NONE',  ( -2.014476118690935458, 13.91649100815373785, -3.495145440055542174 ) ) ;
#1052 = ORIENTED_EDGE ( 'NONE', *, *, #3479, .T. ) ;
#1053 = CARTESIAN_POINT ( 'NONE',  ( 1.376604666648955089, 23.18749999829300634, -3.323417656249999741 ) ) ;
#1054 = CARTESIAN_POINT ( 'NONE',  ( -2.350011161449478081, 22.48437499829300990, 2.350011161449477193 ) ) ;
#1055 = CARTESIAN_POINT ( 'NONE',  ( -3.323417656250001517, 14.59374999829300457, 1.376604666648954645 ) ) ;
#1056 = CARTESIAN_POINT ( 'NONE',  ( 2.350011161449477193, 14.98437499829300812, 2.350011161449478081 ) ) ;
#1057 = CARTESIAN_POINT ( 'NONE',  ( 3.895890756472074390, 13.44776923898620247, 1.046991353141280445 ) ) ;
#1058 = CARTESIAN_POINT ( 'NONE',  ( 3.291665326453186317E-06, 18.03132118774972881, 3.999999999997206235 ) ) ;
#1059 = CARTESIAN_POINT ( 'NONE',  ( -2.828427124746189847, 21.31249999658601268, -2.828427124746190291 ) ) ;
#1060 = CARTESIAN_POINT ( 'NONE',  ( -3.323417656250001517, 14.90624999829300634, 1.376604666648954201 ) ) ;
#1061 = CARTESIAN_POINT ( 'NONE',  ( 0.5542387243073033654, 10.99999999999999822, -4.465738397676043192 ) ) ;
#1062 = CARTESIAN_POINT ( 'NONE',  ( 8.605002368336230046E-07, 16.15624995601144676, -3.999999999999908074 ) ) ;
#1063 = CARTESIAN_POINT ( 'NONE',  ( -1.376604666648954867, 24.28124999829301345, -3.323417656249999741 ) ) ;
#1064 = CARTESIAN_POINT ( 'NONE',  ( -1.966913527454710708, 24.00000000000000000, 3.155668599458353096 ) ) ;
#1065 = CARTESIAN_POINT ( 'NONE',  ( -2.014475527377730391, 16.83298201630712398, 3.495145780867130458 ) ) ;
#1066 = ORIENTED_EDGE ( 'NONE', *, *, #2630, .F. ) ;
#1067 = CARTESIAN_POINT ( 'NONE',  ( 1.656854249492381248, 22.01562499999999645, 3.999999999999999112 ) ) ;
#1068 = CARTESIAN_POINT ( 'NONE',  ( -0.5235984150806278770, 15.66117759338840010, 4.000000047455271712 ) ) ;
#1069 = CARTESIAN_POINT ( 'NONE',  ( 2.458187178043303334, 15.81741818311089354, 3.198667140797961661 ) ) ;
#1070 = CARTESIAN_POINT ( 'NONE',  ( -0.5235986084286607944, 13.16132815782825460, 4.000000022146093848 ) ) ;
#1071 = CARTESIAN_POINT ( 'NONE',  ( -3.495145671322904768, 14.02065140130207688, -2.014475717438634739 ) ) ;
#1072 = EDGE_CURVE ( 'NONE', #2614, #3174, #3384, .T. ) ;
#1073 = ORIENTED_EDGE ( 'NONE', *, *, #2576, .F. ) ;
#1074 = CARTESIAN_POINT ( 'NONE',  ( -2.350011161449477193, 19.67187499829300990, -2.350011161449477637 ) ) ;
#1075 = CARTESIAN_POINT ( 'NONE',  ( 3.323417656250000185, 21.39062499829300634, 0.000000000000000000 ) ) ;
#1076 = EDGE_CURVE ( 'NONE', #2271, #2877, #1140, .T. ) ;
#1077 = CARTESIAN_POINT ( 'NONE',  ( 3.895890655252879586, 13.55192963213453794, -1.046991729781302061 ) ) ;
#1078 = FILL_AREA_STYLE ('',( #3099 ) ) ;
#1079 = CARTESIAN_POINT ( 'NONE',  ( 1.046990858824851989, 20.00987400733095711, -3.895890889315846817 ) ) ;
#1080 = AXIS2_PLACEMENT_3D ( 'NONE', #2132, #2723, #1280 ) ;
#1081 = CARTESIAN_POINT ( 'NONE',  ( 2.449293598294706414E-16, 24.90624999658601624, -4.000000000000000000 ) ) ;
#1082 = CARTESIAN_POINT ( 'NONE',  ( 2.828427124746189403, 21.93749999658601268, 2.828427124746190735 ) ) ;
#1083 = CARTESIAN_POINT ( 'NONE',  ( -4.000000000000000888, 16.54687499658601979, 1.656854249492379694 ) ) ;
#1084 = CARTESIAN_POINT ( 'NONE',  ( 2.449293598294706414E-16, 13.81249999999999822, -4.000000000000000000 ) ) ;
#1085 = CARTESIAN_POINT ( 'NONE',  ( 1.506828389254112111, 11.16297051795378259, -3.846689178251433194 ) ) ;
#1086 = FACE_OUTER_BOUND ( 'NONE', #437, .T. ) ;
#1087 = AXIS2_PLACEMENT_3D ( 'NONE', #68, #2028, #2694 ) ;
#1088 = ORIENTED_EDGE ( 'NONE', *, *, #1142, .F. ) ;
#1089 = CARTESIAN_POINT ( 'NONE',  ( -1.866885168863107181, 12.34787406460786130, -4.507059494062497507 ) ) ;
#1090 = FACE_OUTER_BOUND ( 'NONE', #1446, .T. ) ;
#1091 = CARTESIAN_POINT ( 'NONE',  ( 3.323417656249998853, 15.06249999829300634, 1.376604666648957087 ) ) ;
#1092 = CARTESIAN_POINT ( 'NONE',  ( -3.895890743819795166, 12.82280688009612213, -1.046991400220849799 ) ) ;
#1093 = CARTESIAN_POINT ( 'NONE',  ( -3.895890642600690512, 14.17689199102458630, 1.046991776860507262 ) ) ;
#1094 = ORIENTED_EDGE ( 'NONE', *, *, #951, .T. ) ;
#1095 = CYLINDRICAL_SURFACE ( 'NONE', #3752, 5.000000000000000000 ) ;
#1096 = CARTESIAN_POINT ( 'NONE',  ( -1.376604666648957087, 21.31249999829301345, 3.323417656249999297 ) ) ;
#1097 = CARTESIAN_POINT ( 'NONE',  ( -3.323417656250000185, 20.76562499829300634, -4.070012794956361332E-16 ) ) ;
#1098 = DIRECTION ( 'NONE',  ( -0.000000000000000000, -1.000000000000000000, -0.000000000000000000 ) ) ;
#1099 = CARTESIAN_POINT ( 'NONE',  ( 4.000000126542000878, 23.47320707951218921, 0.5235978109015567705 ) ) ;
#1100 = VERTEX_POINT ( 'NONE', #2634 ) ;
#1101 = CARTESIAN_POINT ( 'NONE',  ( 0.000000000000000000, 28.00000000000000000, 3.624999999999999556 ) ) ;
#1102 = CARTESIAN_POINT ( 'NONE',  ( -6.105019192434541011E-16, 15.14062499829300812, 3.323417656250000185 ) ) ;
#1103 = CARTESIAN_POINT ( 'NONE',  ( -4.000000000000000888, 12.95312499999999822, 1.656854249492379694 ) ) ;
#1104 = CARTESIAN_POINT ( 'NONE',  ( 0.5542387243073033654, 10.99999999999999822, -4.465738397676043192 ) ) ;
#1105 = CARTESIAN_POINT ( 'NONE',  ( -4.000000000000000000, 12.64062499658601624, -1.656854249492381248 ) ) ;
#1106 = ORIENTED_EDGE ( 'NONE', *, *, #3485, .F. ) ;
#1107 = CARTESIAN_POINT ( 'NONE',  ( 2.828427124746189403, 23.34375000000000000, 2.828427124746190735 ) ) ;
#1108 = CARTESIAN_POINT ( 'NONE',  ( -3.323417656250001517, 13.34374999829300634, 1.376604666648954201 ) ) ;
#1109 = CARTESIAN_POINT ( 'NONE',  ( -2.014475780793539172, 13.08320786296698834, 3.495145634807431012 ) ) ;
#1110 = AXIS2_PLACEMENT_3D ( 'NONE', #1164, #3167, #3186 ) ;
#1111 = ORIENTED_EDGE ( 'NONE', *, *, #3268, .F. ) ;
#1112 = AXIS2_PLACEMENT_3D ( 'NONE', #2193, #1950, #2254 ) ;
#1113 = CARTESIAN_POINT ( 'NONE',  ( -1.376604666648954867, 19.28124999829300990, -3.323417656249999741 ) ) ;
#1114 = CARTESIAN_POINT ( 'NONE',  ( 1.376604666648955089, 12.87499999829300634, -3.323417656249999741 ) ) ;
#1115 = ORIENTED_EDGE ( 'NONE', *, *, #234, .T. ) ;
#1116 = DIRECTION ( 'NONE',  ( -0.000000000000000000, -1.000000000000000000, -0.000000000000000000 ) ) ;
#1117 = CARTESIAN_POINT ( 'NONE',  ( -4.000000000000000000, 16.46874999658601624, -4.898587196589412829E-16 ) ) ;
#1118 = CARTESIAN_POINT ( 'NONE',  ( 3.323417656249999741, 24.28124999829301345, -1.376604666648954867 ) ) ;
#1119 = CARTESIAN_POINT ( 'NONE',  ( -4.000000000000000888, 14.20312500000000178, 1.656854249492379694 ) ) ;
#1120 = DIRECTION ( 'NONE',  ( -0.000000000000000000, 1.000000000000000000, -0.000000000000000000 ) ) ;
#1121 = CARTESIAN_POINT ( 'NONE',  ( -2.828427124746189847, 18.81249999658601624, -2.828427124746190291 ) ) ;
#1122 = ORIENTED_EDGE ( 'NONE', *, *, #1028, .T. ) ;
#1123 = CARTESIAN_POINT ( 'NONE',  ( -4.507059494062498395, 12.58224906460786308, -5.519555982970327188E-16 ) ) ;
#1124 = CARTESIAN_POINT ( 'NONE',  ( -3.495145379197143409, 15.47889690537881080, 2.014476224281133376 ) ) ;
#1125 = CARTESIAN_POINT ( 'NONE',  ( -3.323417656250001517, 12.09374999829300812, 1.376604666648954201 ) ) ;
#1126 = CARTESIAN_POINT ( 'NONE',  ( -0.5235988984582906625, 12.58844599551234467, -3.999999984181303869 ) ) ;
#1127 = CARTESIAN_POINT ( 'NONE',  ( 3.895890680557505981, 12.30200491435438614, -1.046991635621965955 ) ) ;
#1128 = ORIENTED_EDGE ( 'NONE', *, *, #2692, .T. ) ;
#1129 = CARTESIAN_POINT ( 'NONE',  ( 2.350011161449477193, 22.79687499829300634, 2.350011161449478081 ) ) ;
#1130 = CARTESIAN_POINT ( 'NONE',  ( 2.350011161449477637, 19.04687499829300990, -2.350011161449477637 ) ) ;
#1131 = DIRECTION ( 'NONE',  ( -0.000000000000000000, -1.000000000000000000, -0.000000000000000000 ) ) ;
#1132 = CARTESIAN_POINT ( 'NONE',  ( -2.350011161449477193, 11.85937499829300812, -2.350011161449477637 ) ) ;
#1133 = ORIENTED_EDGE ( 'NONE', *, *, #2742, .T. ) ;
#1134 =( BOUNDED_SURFACE ( )  B_SPLINE_SURFACE ( 1, 2, ( 
 ( #1956, #1704, #2014, #1996, #489, #3683, #3740, #1434, #815, #2240, #3158, #1937, #1420, #1975, #2217, #546, #2272, #2863, #1363, #243, #2582, #3139, #3104, #1647, #2292, #3448, #3374, #852, #3428, #1684, #832, #3396, #2842, #1666, #2527, #2822, #568, #224, #2880, #2803, #1380, #2544, #1399, #3703, #1102, #1205, #2944, #1792, #3231, #3533, #1260, #387, #2964, #92, #2149, #1504, #3309, #688, #940, #630, #369, #2423, #3551, #2647, #1539, #72, #1519, #1848, #38, #2700, #3514, #1829, #3572, #925, #54, #2112, #1220, #355, #3267, #648, #667, #975, #2983, #2131, #3288, #1811, #3000, #2444, #409, #2362, #2096, #3249, #1775, #2664, #2680, #1561, #2722, #1239, #2381, #2401, #2929, #118, #958, #1279, #338, #3598, #999, #1485, #2079, #2169, #1872, #3022, #2741, #137, #1300, #2465, #429, #1582, #3617, #707, #1018, #324, #3449, #1454, #305, #1762, #2273, #916, #2015, #1136, #853, #834, #2843, #1472, #1400, #2600, #244, #547, #3159, #2331, #9, #2064, #2034, #3202, #3722, #2293, #3178, #897, #2900, #587, #2312, #1743, #2563, #2635, #2617, #2048, #531, #1174, #3489, #1192, #24, #1118, #2916, #2348, #3504, #569, #1685, #1997, #3141 ),
 ( #1705, #1725, #2881, #2864, #265, #283, #1421, #2583, #1435, #3742, #3763, #1155, #3467, #875, #943, #619, #181, #3536, #2385, #1225, #1340, #2651, #1796, #372, #1523, #2986, #2683, #2948, #2098, #2426, #1779, #1623, #3060, #3253, #390, #1542, #653, #1814, #2967, #1508, #1263, #2779, #2703, #43, #3236, #3350, #1056, #75, #359, #2504, #342, #3576, #1242, #2933, #96, #671, #980, #930, #3555, #2188, #751, #2667, #1489, #1909, #462, #1209, #3658, #2115, #2404, #1834, #632, #960, #57, #3518, #3271, #3217, #2367, #2083, #2252, #1969, #2284, #201, #3755, #3698, #2816, #1375, #2522, #769, #3150, #3077, #524, #1928, #3387, #2538, #256, #1699, #2211, #3713, #1130, #1641, #218, #1113, #2575, #827, #2269, #238, #3425, #484, #561, #543, #3734, #3367, #1989, #2856, #2874, #1718, #2795, #3134, #275, #1413, #1097, #1429, #847, #3441, #3405, #2009, #1358, #3677, #1075, #811, #1392, #789, #1948, #3096, #505, #3117, #1678, #2836, #2555, #352, #864, #2027, #938, #2323, #316, #2611, #3529, #629, #3247, #2378, #2962, #1516, #613, #643, #2042, #2094, #2677, #1204, #3513, #2645, #2305, #1773, #3190, #3212, #2927, #18, #598, #3462, #1466 ) ),
 .UNSPECIFIED., .F., .F., .F. ) 
 B_SPLINE_SURFACE_WITH_KNOTS ( ( 2, 2 ),
 ( 3, 2, 2, 2, 2, 2, 2, 2, 2, 2, 2, 2, 2, 2, 2, 2, 2, 2, 2, 2, 2, 2, 2, 2, 2, 2, 2, 2, 2, 2, 2, 2, 2, 2, 2, 2, 2, 2, 2, 2, 2, 2, 2, 2, 2, 2, 2, 2, 2, 2, 2, 2, 2, 2, 2, 2, 2, 2, 2, 2, 2, 2, 2, 2, 2, 2, 2, 2, 2, 2, 2, 2, 2, 2, 2, 2, 2, 2, 2, 2, 2, 2, 2, 2, 3 ),
 ( 0.000000000000000000, 1.000000000000000000 ),
 ( 0.000000000000000000, 0.01136363636363636395, 0.02272727272727272790, 0.03409090909090908839, 0.04545454545454545581, 0.05681818181818181629, 0.06818181818181817677, 0.07954545454545454419, 0.09090909090909091161, 0.1022727272727272790, 0.1136363636363636326, 0.1250000000000000000, 0.1363636363636363535, 0.1477272727272727348, 0.1590909090909090884, 0.1704545454545454419, 0.1818181818181818232, 0.1931818181818181768, 0.2045454545454545581, 0.2159090909090909116, 0.2272727272727272652, 0.2386363636363636465, 0.2500000000000000000, 0.2613636363636363535, 0.2727272727272727071, 0.2840909090909091161, 0.2954545454545454697, 0.3068181818181818232, 0.3181818181818181768, 0.3295454545454545303, 0.3409090909090908839, 0.3522727272727272929, 0.3636363636363636465, 0.3750000000000000000, 0.3863636363636363535, 0.3977272727272727071, 0.4090909090909091161, 0.4204545454545454697, 0.4318181818181818232, 0.4431818181818181768, 0.4545454545454545303, 0.4659090909090908839, 0.4772727272727272929, 0.4886363636363636465, 0.5000000000000000000, 0.5113636363636363535, 0.5227272727272727071, 0.5340909090909090606, 0.5454545454545454142, 0.5568181818181817677, 0.5681818181818182323, 0.5795454545454545858, 0.5909090909090909394, 0.6022727272727272929, 0.6136363636363636465, 0.6250000000000000000, 0.6363636363636363535, 0.6477272727272727071, 0.6590909090909090606, 0.6704545454545454142, 0.6818181818181817677, 0.6931818181818182323, 0.7045454545454545858, 0.7159090909090909394, 0.7272727272727272929, 0.7386363636363636465, 0.7500000000000000000, 0.7613636363636363535, 0.7727272727272727071, 0.7840909090909090606, 0.7954545454545454142, 0.8068181818181817677, 0.8181818181818182323, 0.8295454545454545858, 0.8409090909090909394, 0.8522727272727272929, 0.8636363636363636465, 0.8750000000000000000, 0.8863636363636363535, 0.8977272727272727071, 0.9090909090909090606, 0.9204545454545454142, 0.9318181818181817677, 0.9431818181818182323, 0.9454830164809567838 ),
 .UNSPECIFIED. ) 
 GEOMETRIC_REPRESENTATION_ITEM ( )  RATIONAL_B_SPLINE_SURFACE ( (
 ( 1.000000000000000000, 0.9238795325112867385, 1.000000000000000000, 0.9238795325112867385, 1.000000000000000000, 0.9238795325112867385, 1.000000000000000000, 0.9238795325112867385, 1.000000000000000000, 0.9238795325112867385, 1.000000000000000000, 0.9238795325112867385, 1.000000000000000000, 0.9238795325112867385, 1.000000000000000000, 0.9238795325112867385, 1.000000000000000000, 0.9238795325112867385, 1.000000000000000000, 0.9238795325112867385, 1.000000000000000000, 0.9238795325112867385, 1.000000000000000000, 0.9238795325112867385, 1.000000000000000000, 0.9238795325112867385, 1.000000000000000000, 0.9238795325112867385, 1.000000000000000000, 0.9238795325112867385, 1.000000000000000000, 0.9238795325112867385, 1.000000000000000000, 0.9238795325112867385, 1.000000000000000000, 0.9238795325112867385, 1.000000000000000000, 0.9238795325112867385, 1.000000000000000000, 0.9238795325112867385, 1.000000000000000000, 0.9238795325112867385, 1.000000000000000000, 0.9238795325112867385, 1.000000000000000000, 0.9238795325112867385, 1.000000000000000000, 0.9238795325112867385, 1.000000000000000000, 0.9238795325112867385, 1.000000000000000000, 0.9238795325112867385, 1.000000000000000000, 0.9238795325112867385, 1.000000000000000000, 0.9238795325112867385, 1.000000000000000000, 0.9238795325112867385, 1.000000000000000000, 0.9238795325112867385, 1.000000000000000000, 0.9238795325112867385, 1.000000000000000000, 0.9238795325112867385, 1.000000000000000000, 0.9238795325112867385, 1.000000000000000000, 0.9238795325112867385, 1.000000000000000000, 0.9238795325112867385, 1.000000000000000000, 0.9238795325112867385, 1.000000000000000000, 0.9238795325112867385, 1.000000000000000000, 0.9238795325112867385, 1.000000000000000000, 0.9238795325112867385, 1.000000000000000000, 0.9238795325112867385, 1.000000000000000000, 0.9238795325112867385, 1.000000000000000000, 0.9238795325112867385, 1.000000000000000000, 0.9238795325112867385, 1.000000000000000000, 0.9238795325112867385, 1.000000000000000000, 0.9238795325112867385, 1.000000000000000000, 0.9238795325112867385, 1.000000000000000000, 0.9238795325112867385, 1.000000000000000000, 0.9238795325112867385, 1.000000000000000000, 0.9238795325112867385, 1.000000000000000000, 0.9238795325112867385, 1.000000000000000000, 0.9238795325112867385, 1.000000000000000000, 0.9238795325112867385, 1.000000000000000000, 0.9238795325112867385, 1.000000000000000000, 0.9238795325112867385, 1.000000000000000000, 0.9238795325112867385, 1.000000000000000000, 0.9238795325112867385, 1.000000000000000000, 0.9238795325112867385, 1.000000000000000000, 0.9238795325112867385, 1.000000000000000000, 0.9238795325112867385, 1.000000000000000000, 0.9238795325112867385, 1.000000000000000000, 0.9238795325112867385, 1.000000000000000000, 0.9238795325112867385, 1.000000000000000000, 0.9238795325112867385, 1.000000000000000000, 0.9238795325112867385, 1.000000000000000000, 0.9238795325112867385, 1.000000000000000000, 0.9238795325112867385, 1.000000000000000000, 0.9238795325112867385, 1.000000000000000000, 0.9238795325112867385, 1.000000000000000000, 0.9238795325112867385, 1.000000000000000000, 0.9238795325112867385, 1.000000000000000000, 0.9238795325112867385, 1.000000000000000000, 0.9238795325112867385, 1.000000000000000000, 0.9238795325112867385, 1.000000000000000000, 0.9238795325112867385, 1.000000000000000000, 0.9238795325112867385, 1.000000000000000000, 0.9238795325112867385, 1.000000000000000000, 0.9238795325112867385, 1.000000000000000000, 0.9238795325112867385, 1.000000000000000000, 0.9238795325112867385, 1.000000000000000000, 0.9238795325112867385, 1.000000000000000000, 0.9238795325112867385, 1.000000000000000000, 0.9238795325112867385, 1.000000000000000000, 0.9238795325112867385, 1.000000000000000000, 0.9845851904523099662, 0.9754135468028533040),
 ( 1.000000000000000000, 0.9238795325112867385, 1.000000000000000000, 0.9238795325112867385, 1.000000000000000000, 0.9238795325112867385, 1.000000000000000000, 0.9238795325112867385, 1.000000000000000000, 0.9238795325112867385, 1.000000000000000000, 0.9238795325112867385, 1.000000000000000000, 0.9238795325112867385, 1.000000000000000000, 0.9238795325112867385, 1.000000000000000000, 0.9238795325112867385, 1.000000000000000000, 0.9238795325112867385, 1.000000000000000000, 0.9238795325112867385, 1.000000000000000000, 0.9238795325112867385, 1.000000000000000000, 0.9238795325112867385, 1.000000000000000000, 0.9238795325112867385, 1.000000000000000000, 0.9238795325112867385, 1.000000000000000000, 0.9238795325112867385, 1.000000000000000000, 0.9238795325112867385, 1.000000000000000000, 0.9238795325112867385, 1.000000000000000000, 0.9238795325112867385, 1.000000000000000000, 0.9238795325112867385, 1.000000000000000000, 0.9238795325112867385, 1.000000000000000000, 0.9238795325112867385, 1.000000000000000000, 0.9238795325112867385, 1.000000000000000000, 0.9238795325112867385, 1.000000000000000000, 0.9238795325112867385, 1.000000000000000000, 0.9238795325112867385, 1.000000000000000000, 0.9238795325112867385, 1.000000000000000000, 0.9238795325112867385, 1.000000000000000000, 0.9238795325112867385, 1.000000000000000000, 0.9238795325112867385, 1.000000000000000000, 0.9238795325112867385, 1.000000000000000000, 0.9238795325112867385, 1.000000000000000000, 0.9238795325112867385, 1.000000000000000000, 0.9238795325112867385, 1.000000000000000000, 0.9238795325112867385, 1.000000000000000000, 0.9238795325112867385, 1.000000000000000000, 0.9238795325112867385, 1.000000000000000000, 0.9238795325112867385, 1.000000000000000000, 0.9238795325112867385, 1.000000000000000000, 0.9238795325112867385, 1.000000000000000000, 0.9238795325112867385, 1.000000000000000000, 0.9238795325112867385, 1.000000000000000000, 0.9238795325112867385, 1.000000000000000000, 0.9238795325112867385, 1.000000000000000000, 0.9238795325112867385, 1.000000000000000000, 0.9238795325112867385, 1.000000000000000000, 0.9238795325112867385, 1.000000000000000000, 0.9238795325112867385, 1.000000000000000000, 0.9238795325112867385, 1.000000000000000000, 0.9238795325112867385, 1.000000000000000000, 0.9238795325112867385, 1.000000000000000000, 0.9238795325112867385, 1.000000000000000000, 0.9238795325112867385, 1.000000000000000000, 0.9238795325112867385, 1.000000000000000000, 0.9238795325112867385, 1.000000000000000000, 0.9238795325112867385, 1.000000000000000000, 0.9238795325112867385, 1.000000000000000000, 0.9238795325112867385, 1.000000000000000000, 0.9238795325112867385, 1.000000000000000000, 0.9238795325112867385, 1.000000000000000000, 0.9238795325112867385, 1.000000000000000000, 0.9238795325112867385, 1.000000000000000000, 0.9238795325112867385, 1.000000000000000000, 0.9238795325112867385, 1.000000000000000000, 0.9238795325112867385, 1.000000000000000000, 0.9238795325112867385, 1.000000000000000000, 0.9238795325112867385, 1.000000000000000000, 0.9238795325112867385, 1.000000000000000000, 0.9238795325112867385, 1.000000000000000000, 0.9238795325112867385, 1.000000000000000000, 0.9238795325112867385, 1.000000000000000000, 0.9238795325112867385, 1.000000000000000000, 0.9238795325112867385, 1.000000000000000000, 0.9238795325112867385, 1.000000000000000000, 0.9238795325112867385, 1.000000000000000000, 0.9238795325112867385, 1.000000000000000000, 0.9238795325112867385, 1.000000000000000000, 0.9238795325112867385, 1.000000000000000000, 0.9238795325112867385, 1.000000000000000000, 0.9238795325112867385, 1.000000000000000000, 0.9238795325112867385, 1.000000000000000000, 0.9238795325112867385, 1.000000000000000000, 0.9238795325112867385, 1.000000000000000000, 0.9845851904523099662, 0.9754135468028533040) ) ) 
 REPRESENTATION_ITEM ( '' )  SURFACE ( )  );
#1135 = DIRECTION ( 'NONE',  ( 0.000000000000000000, 1.000000000000000000, 0.000000000000000000 ) ) ;
#1136 = CARTESIAN_POINT ( 'NONE',  ( 3.323417656249999741, 21.78124999829300990, -1.376604666648954867 ) ) ;
#1137 = CARTESIAN_POINT ( 'NONE',  ( 2.449293598294706414E-16, 12.56249999999999822, -4.000000000000000000 ) ) ;
#1138 = DIRECTION ( 'NONE',  ( -0.000000000000000000, -1.000000000000000000, -0.000000000000000000 ) ) ;
#1139 = CARTESIAN_POINT ( 'NONE',  ( 2.828427124746190291, 17.24999999658601624, -2.828427124746190291 ) ) ;
#1140 = CIRCLE ( 'NONE', #2539, 4.000000000000000000 ) ;
#1141 = ORIENTED_EDGE ( 'NONE', *, *, #838, .F. ) ;
#1142 = EDGE_CURVE ( 'NONE', #1577, #3088, #1249, .T. ) ;
#1143 = CARTESIAN_POINT ( 'NONE',  ( 3.186972331462802899, 14.61349906460786308, -3.186972331462802899 ) ) ;
#1144 = CARTESIAN_POINT ( 'NONE',  ( 3.323417656249999741, 15.21874999829300634, -1.376604666648954867 ) ) ;
#1145 = CARTESIAN_POINT ( 'NONE',  ( -3.323417656250001517, 13.65624999829300990, 1.376604666648954645 ) ) ;
#1146 = AXIS2_PLACEMENT_3D ( 'NONE', #2366, #1506, #1813 ) ;
#1147 = ORIENTED_EDGE ( 'NONE', *, *, #420, .F. ) ;
#1148 = CARTESIAN_POINT ( 'NONE',  ( 3.495145695666348917, 14.64561376019211814, 2.014475675202390459 ) ) ;
#1149 = CARTESIAN_POINT ( 'NONE',  ( 4.000000075927266252, 18.47350820839325181, 0.5235981975703326574 ) ) ;
#1150 = LINE ( 'NONE', #992, #2838 ) ;
#1151 = CARTESIAN_POINT ( 'NONE',  ( -2.350011161449478081, 13.42187499829300812, 2.350011161449477193 ) ) ;
#1152 = ORIENTED_EDGE ( 'NONE', *, *, #1252, .T. ) ;
#1153 = CARTESIAN_POINT ( 'NONE',  ( 1.712140399943978828E-06, 13.03128729542876840, 3.999999999999233502 ) ) ;
#1154 = CARTESIAN_POINT ( 'NONE',  ( -1.130204737739835682E-05, 19.43724537420135690, 3.999999999966169284 ) ) ;
#1155 = CARTESIAN_POINT ( 'NONE',  ( -1.376604666648956865, 12.24999999829300634, 3.323417656249998853 ) ) ;
#1156 = CARTESIAN_POINT ( 'NONE',  ( -4.000000000000000000, 15.37500000000000000, -4.898587196589412829E-16 ) ) ;
#1157 = CARTESIAN_POINT ( 'NONE',  ( 3.999999999999999112, 20.76562499658601979, 1.656854249492383024 ) ) ;
#1158 = CARTESIAN_POINT ( 'NONE',  ( 2.828427124746189403, 14.43749999658601624, 2.828427124746190735 ) ) ;
#1159 = CARTESIAN_POINT ( 'NONE',  ( 2.035006397478180666E-16, 24.51562499829300990, -3.323417656250000185 ) ) ;
#1160 = ORIENTED_EDGE ( 'NONE', *, *, #2853, .T. ) ;
#1161 = EDGE_CURVE ( 'NONE', #2328, #1316, #1795, .T. ) ;
#1162 = CARTESIAN_POINT ( 'NONE',  ( 2.759777991485163594E-16, 12.26974906460786308, -4.507059494062498395 ) ) ;
#1163 = CARTESIAN_POINT ( 'NONE',  ( -2.350011161449478081, 13.42187499829300812, 2.350011161449477193 ) ) ;
#1164 = CARTESIAN_POINT ( 'NONE',  ( 0.000000000000000000, 31.85000000000000497, 0.000000000000000000 ) ) ;
#1165 = ORIENTED_EDGE ( 'NONE', *, *, #3389, .T. ) ;
#1166 = AXIS2_PLACEMENT_3D ( 'NONE', #691, #1210, #2704 ) ;
#1167 = CARTESIAN_POINT ( 'NONE',  ( 3.495145841723600988, 18.39538791353201219, 2.014475421790812515 ) ) ;
#1168 = DIRECTION ( 'NONE',  ( 0.000000000000000000, 0.000000000000000000, -1.000000000000000000 ) ) ;
#1169 = CIRCLE ( 'NONE', #1223, 4.000000000000000000 ) ;
#1170 = CARTESIAN_POINT ( 'NONE',  ( -3.323417656250000185, 13.26562499829300812, -4.070012794956361332E-16 ) ) ;
#1171 = ORIENTED_EDGE ( 'NONE', *, *, #2146, .T. ) ;
#1172 = CARTESIAN_POINT ( 'NONE',  ( -2.458187294000889977, 17.69230525978082724, -3.198667051684128904 ) ) ;
#1173 = CARTESIAN_POINT ( 'NONE',  ( 1.195989259963723346E-06, 23.03127589841479761, 3.999999999999630518 ) ) ;
#1174 = CARTESIAN_POINT ( 'NONE',  ( 1.376604666648955755, 23.96874999829300634, 3.323417656249999297 ) ) ;
#1175 = CARTESIAN_POINT ( 'NONE',  ( 1.656854249492381026, 17.48437500000000000, -4.000000000000000000 ) ) ;
#1176 = FACE_OUTER_BOUND ( 'NONE', #105, .T. ) ;
#1177 = CARTESIAN_POINT ( 'NONE',  ( 2.449293598294706414E-16, 18.65624999658601624, -4.000000000000000000 ) ) ;
#1178 = CIRCLE ( 'NONE', #138, 10.49999999999999822 ) ;
#1179 = FACE_OUTER_BOUND ( 'NONE', #2609, .T. ) ;
#1180 = VERTEX_POINT ( 'NONE', #42 ) ;
#1181 = CARTESIAN_POINT ( 'NONE',  ( -1.866885168863107181, 18.59787406460786485, -4.507059494062497507 ) ) ;
#1182 = CARTESIAN_POINT ( 'NONE',  ( -3.323417656249999741, 16.93749999829300279, -1.376604666648955311 ) ) ;
#1183 = CARTESIAN_POINT ( 'NONE',  ( 0.000000000000000000, 0.5000000000000004441, 0.000000000000000000 ) ) ;
#1184 = EDGE_LOOP ( 'NONE', ( #3232, #1702, #3299, #3701 ) ) ;
#1185 = ADVANCED_FACE ( 'NONE', ( #1208, #3517 ), #358, .T. ) ;
#1186 = CARTESIAN_POINT ( 'NONE',  ( -3.495145866065906937, 19.02035027242192555, -2.014475379556531554 ) ) ;
#1187 = CARTESIAN_POINT ( 'NONE',  ( -3.323417656249999741, 13.18749999829300812, -1.376604666648955311 ) ) ;
#1188 = EDGE_CURVE ( 'NONE', #2072, #541, #1929, .T. ) ;
#1189 = VERTEX_POINT ( 'NONE', #929 ) ;
#1190 = CARTESIAN_POINT ( 'NONE',  ( -1.046992035790482278, 17.61418496491958408, -3.895890573015156733 ) ) ;
#1191 = CARTESIAN_POINT ( 'NONE',  ( 4.000000000000000000, 23.34374999658601624, 0.000000000000000000 ) ) ;
#1192 = CARTESIAN_POINT ( 'NONE',  ( 3.323417656249998853, 24.12499999829300634, 1.376604666648957087 ) ) ;
#1193 = CARTESIAN_POINT ( 'NONE',  ( 4.916218135798153505E-07, 21.15624997340510305, -3.999999999999969802 ) ) ;
#1194 = CARTESIAN_POINT ( 'NONE',  ( -2.828427124746190735, 15.37499999658601624, 2.828427124746189847 ) ) ;
#1195 = DIRECTION ( 'NONE',  ( 0.000000000000000000, 0.000000000000000000, -1.000000000000000000 ) ) ;
#1196 = ORIENTED_EDGE ( 'NONE', *, *, #1910, .F. ) ;
#1197 = CARTESIAN_POINT ( 'NONE',  ( 3.186972331462802899, 19.61349906460786130, -3.186972331462802899 ) ) ;
#1198 = CARTESIAN_POINT ( 'NONE',  ( -2.350011161449478081, 15.92187499829300634, 2.350011161449477193 ) ) ;
#1199 = CARTESIAN_POINT ( 'NONE',  ( -2.828427124746189847, 17.56249999658601624, -2.828427124746190291 ) ) ;
#1200 = ORIENTED_EDGE ( 'NONE', *, *, #2341, .F. ) ;
#1201 = VECTOR ( 'NONE', #1343, 1000.000000000000000 ) ;
#1202 = TOROIDAL_SURFACE ( 'NONE', #1995, 10.49999999999999822, 0.5000000000000000000 ) ;
#1203 = B_SPLINE_CURVE_WITH_KNOTS ( 'NONE', 3,
 ( #1636, #440, #1334, #423, #1922, #456 ),
 .UNSPECIFIED., .F., .F.,
 ( 4, 2, 4 ),
 ( 0.9855767153757131194, 0.9927883576878565597, 1.000000000000000000 ),
 .UNSPECIFIED. ) ;
#1204 = CARTESIAN_POINT ( 'NONE',  ( 1.376604666648955755, 23.65624999829300634, 3.323417656249999297 ) ) ;
#1205 = CARTESIAN_POINT ( 'NONE',  ( 1.376604666648955755, 15.21874999829300634, 3.323417656249999297 ) ) ;
#1206 = EDGE_LOOP ( 'NONE', ( #2277, #703 ) ) ;
#1207 = CARTESIAN_POINT ( 'NONE',  ( -2.816033767284057188, 23.99999999999995381, -2.783589677444865185 ) ) ;
#1208 = FACE_BOUND ( 'NONE', #1980, .T. ) ;
#1209 = CARTESIAN_POINT ( 'NONE',  ( 3.323417656249999741, 16.46874999829300634, -1.376604666648954867 ) ) ;
#1210 = DIRECTION ( 'NONE',  ( -0.000000000000000000, -1.000000000000000000, -0.000000000000000000 ) ) ;
#1211 = CARTESIAN_POINT ( 'NONE',  ( -4.000000000000000888, 21.54687499658601624, 1.656854249492379694 ) ) ;
#1212 = CARTESIAN_POINT ( 'NONE',  ( 1.213924071946562309E-05, 20.06222651303080795, -3.999999999960971220 ) ) ;
#1213 = VERTEX_POINT ( 'NONE', #1154 ) ;
#1214 = CARTESIAN_POINT ( 'NONE',  ( -1.866885168863109623, 17.81662406460787551, 4.507059494062497507 ) ) ;
#1215 = CARTESIAN_POINT ( 'NONE',  ( 2.350011161449477193, 18.73437499829300990, 2.350011161449478081 ) ) ;
#1216 = VERTEX_POINT ( 'NONE', #2311 ) ;
#1217 = CARTESIAN_POINT ( 'NONE',  ( 3.895890857687222653, 18.44746811010617193, 1.046990976516110505 ) ) ;
#1218 = CARTESIAN_POINT ( 'NONE',  ( -1.376604666648956865, 17.56249999829300990, 3.323417656249998853 ) ) ;
#1219 = AXIS2_PLACEMENT_3D ( 'NONE', #1592, #1803, #1857 ) ;
#1220 = CARTESIAN_POINT ( 'NONE',  ( -6.105019192434541011E-16, 17.64062499829300634, 3.323417656250000185 ) ) ;
#1221 = EDGE_CURVE ( 'NONE', #3432, #2614, #2033, .T. ) ;
#1222 = CARTESIAN_POINT ( 'NONE',  ( -1.218158393337696932, 23.99999999999998934, -3.598694646302126099 ) ) ;
#1223 = AXIS2_PLACEMENT_3D ( 'NONE', #232, #3131, #3148 ) ;
#1224 = CARTESIAN_POINT ( 'NONE',  ( 4.000000000000000000, 23.42187499658601979, -1.656854249492380582 ) ) ;
#1225 = CARTESIAN_POINT ( 'NONE',  ( 1.376604666648955089, 12.87499999829300634, -3.323417656249999741 ) ) ;
#1226 = CARTESIAN_POINT ( 'NONE',  ( -1.656854249492380138, 14.98437499658601624, -4.000000000000000000 ) ) ;
#1227 = CARTESIAN_POINT ( 'NONE',  ( 1.656854249492381026, 23.57812499658601268, -4.000000000000000000 ) ) ;
#1228 = CARTESIAN_POINT ( 'NONE',  ( 6.888638245203861944E-16, 32.00000000000000000, -3.624999999999999556 ) ) ;
#1229 = CARTESIAN_POINT ( 'NONE',  ( 1.866885168863107403, 15.94162406460786130, -4.507059494062497507 ) ) ;
#1230 = CARTESIAN_POINT ( 'NONE',  ( -1.376604666648956865, 17.24999999829300634, 3.323417656249998853 ) ) ;
#1231 = ORIENTED_EDGE ( 'NONE', *, *, #867, .T. ) ;
#1232 = EDGE_CURVE ( 'NONE', #2756, #592, #2953, .T. ) ;
#1233 = CARTESIAN_POINT ( 'NONE',  ( -2.014476541041131163, 20.16611459705341858, -3.495145196628024475 ) ) ;
#1234 = CYLINDRICAL_SURFACE ( 'NONE', #1873, 4.000000000000000000 ) ;
#1235 = CARTESIAN_POINT ( 'NONE',  ( 0.000000000000000000, 29.89999999999999858, 0.000000000000000000 ) ) ;
#1236 = CARTESIAN_POINT ( 'NONE',  ( -6.105019192434541011E-16, 16.39062499829300634, 3.323417656250000185 ) ) ;
#1237 = ADVANCED_BREP_SHAPE_REPRESENTATION ( 'encoder-stand_magnet-holder_4x2-round', ( #1551, #1521 ), #2196 ) ;
#1238 = CARTESIAN_POINT ( 'NONE',  ( 3.323417656250000185, 17.95312499829300990, 0.000000000000000000 ) ) ;
#1239 = CARTESIAN_POINT ( 'NONE',  ( 3.323417656249999741, 19.28124999829300990, -1.376604666648954867 ) ) ;
#1240 = DIRECTION ( 'NONE',  ( -0.000000000000000000, -1.000000000000000000, -0.000000000000000000 ) ) ;
#1241 = CARTESIAN_POINT ( 'NONE',  ( 3.495145793038507698, 17.14546319575210731, 2.014475506260202664 ) ) ;
#1242 = CARTESIAN_POINT ( 'NONE',  ( 2.035006397478180666E-16, 15.45312499829300812, -3.323417656250000185 ) ) ;
#1243 = CARTESIAN_POINT ( 'NONE',  ( -4.000000000000000888, 15.29687499658601801, 1.656854249492379694 ) ) ;
#1244 = CARTESIAN_POINT ( 'NONE',  ( 4.000000000000000000, 19.59374999658601624, 0.000000000000000000 ) ) ;
#1245 = CARTESIAN_POINT ( 'NONE',  ( 9.337931843498568852E-16, 11.50000000000000000, 7.625000000000000000 ) ) ;
#1246 = CARTESIAN_POINT ( 'NONE',  ( -8.279333974455491767E-16, 16.64474906460786485, 4.507059494062498395 ) ) ;
#1247 = CARTESIAN_POINT ( 'NONE',  ( 2.035006397478180666E-16, 17.95312499829300990, -3.323417656250000185 ) ) ;
#1248 = EDGE_LOOP ( 'NONE', ( #3328, #235, #2158, #680 ) ) ;
#1249 =( BOUNDED_CURVE ( )  B_SPLINE_CURVE ( 2, ( #1173, #3252, #874, #2947, #1191, #1224, #3503, #915, #618 ),
 .UNSPECIFIED., .F., .T. ) 
 B_SPLINE_CURVE_WITH_KNOTS ( ( 3, 2, 2, 2, 3 ),
 ( 0.8413210089089587784, 0.8533398707806137962, 0.8653587422000591500, 0.8773776136195043929, 0.8893964965053865468 ),
 .UNSPECIFIED. ) 
 CURVE ( )  GEOMETRIC_REPRESENTATION_ITEM ( )  RATIONAL_B_SPLINE_CURVE ( ( 1.000000000000000000, 0.9238795325112867385, 1.000000000000000000, 0.9238795325112867385, 1.000000000000000000, 0.9238795325112867385, 1.000000000000000000, 0.9238795325112867385, 1.000000000000000000 ) ) 
 REPRESENTATION_ITEM ( '' )  );
#1250 = EDGE_CURVE ( 'NONE', #2336, #3673, #102, .T. ) ;
#1251 = CARTESIAN_POINT ( 'NONE',  ( -3.495145184457111309, 20.47859577649835572, 2.014476562157839101 ) ) ;
#1252 = EDGE_CURVE ( 'NONE', #1213, #2548, #3024, .T. ) ;
#1253 = CARTESIAN_POINT ( 'NONE',  ( 4.000000113888572351, 22.22328236173255078, 0.5235979075668317773 ) ) ;
#1254 = CARTESIAN_POINT ( 'NONE',  ( -1.376604666648957087, 20.99999999829300990, 3.323417656249999297 ) ) ;
#1255 = CARTESIAN_POINT ( 'NONE',  ( 3.198667838868300528, 20.86919725080453247, 2.458186269692876014 ) ) ;
#1256 = AXIS2_PLACEMENT_3D ( 'NONE', #1973, #242, #567 ) ;
#1257 = COLOUR_RGB ( '',0.2509803921568627416, 0.2509803921568627416, 0.2509803921568627416 ) ;
#1258 = CARTESIAN_POINT ( 'NONE',  ( -3.323417656250000185, 16.07812499829300990, -4.070012794956361332E-16 ) ) ;
#1259 = CARTESIAN_POINT ( 'NONE',  ( -2.350011161449477193, 16.85937499829300634, -2.350011161449477637 ) ) ;
#1260 = CARTESIAN_POINT ( 'NONE',  ( 2.350011161449477637, 15.60937499829300812, -2.350011161449477637 ) ) ;
#1261 = CARTESIAN_POINT ( 'NONE',  ( 0.000000000000000000, 32.00000000000000000, 0.000000000000000000 ) ) ;
#1262 = FACE_OUTER_BOUND ( 'NONE', #794, .T. ) ;
#1263 = CARTESIAN_POINT ( 'NONE',  ( -3.323417656250000185, 14.51562499829300812, -4.070012794956361332E-16 ) ) ;
#1264 = CARTESIAN_POINT ( 'NONE',  ( 3.495145208799018466, 19.85363341760848144, -2.014476519924291775 ) ) ;
#1265 = CARTESIAN_POINT ( 'NONE',  ( 1.656854249492381248, 21.85937499658601624, 3.999999999999999112 ) ) ;
#1266 = CARTESIAN_POINT ( 'NONE',  ( 3.323417656250000185, 11.39062499829300812, 0.000000000000000000 ) ) ;
#1267 = DIRECTION ( 'NONE',  ( -1.000000000000000000, 0.000000000000000000, 0.000000000000000000 ) ) ;
#1268 = CARTESIAN_POINT ( 'NONE',  ( 2.035006397478180666E-16, 24.20312499829300990, -3.323417656250000185 ) ) ;
#1269 = ORIENTED_EDGE ( 'NONE', *, *, #1736, .T. ) ;
#1270 = CARTESIAN_POINT ( 'NONE',  ( 3.999999999999999112, 18.42187500000000355, 1.656854249492383246 ) ) ;
#1271 = CARTESIAN_POINT ( 'NONE',  ( -0.7329877617159206160, 11.90098990997976358, 4.000000013286832967 ) ) ;
#1272 = CARTESIAN_POINT ( 'NONE',  ( 0.000000000000000000, 11.00000000000000000, 0.000000000000000000 ) ) ;
#1273 = CARTESIAN_POINT ( 'NONE',  ( 2.035006397478180666E-16, 20.45312499829300634, -3.323417656250000185 ) ) ;
#1274 = DIRECTION ( 'NONE',  ( -0.000000000000000000, -1.000000000000000000, -0.000000000000000000 ) ) ;
#1275 =( BOUNDED_CURVE ( )  B_SPLINE_CURVE ( 2, ( #2888, #1770, #1199, #349, #2357, #1496, #291, #1445, #884 ),
 .UNSPECIFIED., .F., .F. ) 
 B_SPLINE_CURVE_WITH_KNOTS ( ( 3, 2, 2, 2, 3 ),
 ( 0.4086416583430906302, 0.4206604996805842767, 0.4326793711000295750, 0.4446982425194748734, 0.4567171401801324304 ),
 .UNSPECIFIED. ) 
 CURVE ( )  GEOMETRIC_REPRESENTATION_ITEM ( )  RATIONAL_B_SPLINE_CURVE ( ( 1.000000000000000000, 0.9238795325112867385, 1.000000000000000000, 0.9238795325112867385, 1.000000000000000000, 0.9238795325112867385, 1.000000000000000000, 0.9238795325112867385, 1.000000000000000000 ) ) 
 REPRESENTATION_ITEM ( '' )  );
#1276 = CARTESIAN_POINT ( 'NONE',  ( -1.376604666648956865, 21.31249999829301345, 3.323417656249998853 ) ) ;
#1277 = CARTESIAN_POINT ( 'NONE',  ( -3.323417656250000185, 18.57812499829300990, -4.070012794956361332E-16 ) ) ;
#1278 = CARTESIAN_POINT ( 'NONE',  ( 2.350011161449477637, 16.54687499829300634, -2.350011161449477637 ) ) ;
#1279 = CARTESIAN_POINT ( 'NONE',  ( -3.323417656249999741, 19.74999999829300634, -1.376604666648955311 ) ) ;
#1280 = DIRECTION ( 'NONE',  ( 0.000000000000000000, 0.000000000000000000, -1.000000000000000000 ) ) ;
#1281 = DIRECTION ( 'NONE',  ( 0.000000000000000000, 0.000000000000000000, 1.000000000000000000 ) ) ;
#1282 = AXIS2_PLACEMENT_3D ( 'NONE', #3259, #2973, #2690 ) ;
#1283 = CARTESIAN_POINT ( 'NONE',  ( -8.249490433370778810E-07, 15.53123212034920719, 3.999999999999824141 ) ) ;
#1284 = CARTESIAN_POINT ( 'NONE',  ( -3.236090761665589177, 25.09296894111909992, -2.351109649136473134 ) ) ;
#1285 = CARTESIAN_POINT ( 'NONE',  ( 0.000000000000000000, 10.49999999999999822, 0.000000000000000000 ) ) ;
#1286 = CARTESIAN_POINT ( 'NONE',  ( 1.866885168863107403, 19.69162406460786130, -4.507059494062497507 ) ) ;
#1287 = CARTESIAN_POINT ( 'NONE',  ( -6.105019192434541011E-16, 23.57812499829300990, 3.323417656250000185 ) ) ;
#1288 = EDGE_LOOP ( 'NONE', ( #3667, #1269 ) ) ;
#1289 = ORIENTED_EDGE ( 'NONE', *, *, #3177, .F. ) ;
#1290 = CARTESIAN_POINT ( 'NONE',  ( 1.656854249492381026, 22.48437500000000000, -4.000000000000000000 ) ) ;
#1291 = CARTESIAN_POINT ( 'NONE',  ( -3.999999905091759178, 20.40047548163712321, 0.5235995026572554112 ) ) ;
#1292 = CARTESIAN_POINT ( 'NONE',  ( -6.278900822733064611E-06, 15.68735854122382811, 3.999999999989558574 ) ) ;
#1293 = CARTESIAN_POINT ( 'NONE',  ( 2.350011161449477193, 22.48437499829300634, 2.350011161449478081 ) ) ;
#1294 = CARTESIAN_POINT ( 'NONE',  ( -2.458187603209617045, 22.69200413089992097, -3.198666814056054353 ) ) ;
#1295 = ORIENTED_EDGE ( 'NONE', *, *, #3058, .F. ) ;
#1296 = CARTESIAN_POINT ( 'NONE',  ( 2.350011161449477637, 23.10937499829300634, -2.350011161449477637 ) ) ;
#1297 = ADVANCED_FACE ( 'NONE', ( #2151 ), #1202, .T. ) ;
#1298 = CARTESIAN_POINT ( 'NONE',  ( 3.323417656250000185, 14.20312499829300812, 0.000000000000000000 ) ) ;
#1299 = CARTESIAN_POINT ( 'NONE',  ( 2.035006397478180666E-16, 16.70312499829300634, -3.323417656250000185 ) ) ;
#1300 = CARTESIAN_POINT ( 'NONE',  ( 2.350011161449477637, 20.60937499829300990, -2.350011161449477637 ) ) ;
#1301 = CARTESIAN_POINT ( 'NONE',  ( -2.828427124746190735, 19.12499999658601624, 2.828427124746189847 ) ) ;
#1302 = CARTESIAN_POINT ( 'NONE',  ( 4.916218135798153505E-07, 21.15624997340510305, -3.999999999999969802 ) ) ;
#1303 = CARTESIAN_POINT ( 'NONE',  ( 3.895890452828005390, 23.55132737437341461, -1.046992483010518171 ) ) ;
#1304 = CARTESIAN_POINT ( 'NONE',  ( 4.000000000000000000, 24.67187499658601979, -1.656854249492380804 ) ) ;
#1305 = CARTESIAN_POINT ( 'NONE',  ( -1.656854249492380138, 19.98437499658601268, -4.000000000000000000 ) ) ;
#1306 = CARTESIAN_POINT ( 'NONE',  ( -4.507059494062497507, 22.50412406460786841, -1.866885168863107625 ) ) ;
#1307 = CARTESIAN_POINT ( 'NONE',  ( -1.376604666648956865, 22.24999999829300634, 3.323417656249998853 ) ) ;
#1308 = CARTESIAN_POINT ( 'NONE',  ( 0.000000000000000000, 0.5000000000000004441, 0.000000000000000000 ) ) ;
#1309 = CARTESIAN_POINT ( 'NONE',  ( -4.000000000000000000, 13.96874999658601624, -4.898587196589412829E-16 ) ) ;
#1310 = ORIENTED_EDGE ( 'NONE', *, *, #3206, .T. ) ;
#1311 = CARTESIAN_POINT ( 'NONE',  ( 2.449293598294706414E-16, 22.56250000000000000, -4.000000000000000000 ) ) ;
#1312 = CARTESIAN_POINT ( 'NONE',  ( -2.458186289018343462, 20.55671607135960244, 3.198667824016622419 ) ) ;
#1313 = DIRECTION ( 'NONE',  ( 1.000000000000000000, 0.000000000000000000, -1.224646799147353207E-16 ) ) ;
#1314 = CARTESIAN_POINT ( 'NONE',  ( 3.323417656249999297, 22.56249999829300634, 1.376604666648957087 ) ) ;
#1315 = CARTESIAN_POINT ( 'NONE',  ( 0.000000000000000000, 32.00000000000000000, 2.149999999999999911 ) ) ;
#1316 = VERTEX_POINT ( 'NONE', #1875 ) ;
#1317 = CARTESIAN_POINT ( 'NONE',  ( 2.350011161449477637, 19.35937499829300990, -2.350011161449477637 ) ) ;
#1318 = CARTESIAN_POINT ( 'NONE',  ( 2.350011161449477637, 14.35937499829300812, -2.350011161449477637 ) ) ;
#1319 = CARTESIAN_POINT ( 'NONE',  ( 1.376604666648955755, 16.15624999829300990, 3.323417656249999741 ) ) ;
#1320 = AXIS2_PLACEMENT_3D ( 'NONE', #205, #1741, #3447 ) ;
#1321 = CARTESIAN_POINT ( 'NONE',  ( 0.5235985600911643445, 13.78629051671831185, -4.000000028473452929 ) ) ;
#1322 = CARTESIAN_POINT ( 'NONE',  ( 2.632990618166809235E-16, 31.85000000000000497, -2.149999999999999911 ) ) ;
#1323 = CARTESIAN_POINT ( 'NONE',  ( 2.014475062808549044, 23.70756796409586542, -3.495146048627928881 ) ) ;
#1324 = CARTESIAN_POINT ( 'NONE',  ( -1.376604666648956865, 13.81249999829300634, 3.323417656249998853 ) ) ;
#1325 = CARTESIAN_POINT ( 'NONE',  ( 4.000000000000000000, 22.09374999658601624, 0.000000000000000000 ) ) ;
#1326 = CIRCLE ( 'NONE', #1625, 0.5000000000000004441 ) ;
#1327 = CARTESIAN_POINT ( 'NONE',  ( 3.186972331462802011, 21.80099906460786130, 3.186972331462803343 ) ) ;
#1328 = CARTESIAN_POINT ( 'NONE',  ( -1.376604666648954867, 21.78124999829300990, -3.323417656249999741 ) ) ;
#1329 = DIRECTION ( 'NONE',  ( -0.000000000000000000, 1.000000000000000000, -0.000000000000000000 ) ) ;
#1330 = CARTESIAN_POINT ( 'NONE',  ( -7.953280463050324461E-06, 16.93732081888315477, 3.999999999983246290 ) ) ;
#1331 = ORIENTED_EDGE ( 'NONE', *, *, #2093, .F. ) ;
#1332 = CARTESIAN_POINT ( 'NONE',  ( -2.828427124746189847, 20.21875000000000000, -2.828427124746190291 ) ) ;
#1333 = DIRECTION ( 'NONE',  ( 0.000000000000000000, 0.000000000000000000, -1.000000000000000000 ) ) ;
#1334 = CARTESIAN_POINT ( 'NONE',  ( -1.256145371187187498, 23.87422550628822648, -3.849271947041183140 ) ) ;
#1335 = PLANE ( 'NONE',  #2867 ) ;
#1336 = ORIENTED_EDGE ( 'NONE', *, *, #3368, .F. ) ;
#1337 = CARTESIAN_POINT ( 'NONE',  ( 3.323417656249998853, 21.62499999829300990, 1.376604666648957087 ) ) ;
#1338 = CARTESIAN_POINT ( 'NONE',  ( 3.323417656250000185, 20.45312499829300634, 0.000000000000000000 ) ) ;
#1339 = CARTESIAN_POINT ( 'NONE',  ( 3.323417656250000185, 15.14062499829300812, 0.000000000000000000 ) ) ;
#1340 = CARTESIAN_POINT ( 'NONE',  ( 2.035006397478180666E-16, 12.95312499829300634, -3.323417656250000185 ) ) ;
#1341 = DIRECTION ( 'NONE',  ( 0.000000000000000000, 0.000000000000000000, -1.000000000000000000 ) ) ;
#1342 = CARTESIAN_POINT ( 'NONE',  ( -2.350011161449478081, 12.48437499829300812, 2.350011161449477193 ) ) ;
#1343 = DIRECTION ( 'NONE',  ( -1.000000000000000000, 0.000000000000000000, 0.000000000000000000 ) ) ;
#1344 = EDGE_CURVE ( 'NONE', #1951, #2019, #3754, .T. ) ;
#1345 = CARTESIAN_POINT ( 'NONE',  ( -3.437814976189300875, 23.69084435829337565, -2.936129686736304922 ) ) ;
#1346 = CARTESIAN_POINT ( 'NONE',  ( -1.656854249492380360, 11.39062500000000000, -4.000000000000000000 ) ) ;
#1347 = CARTESIAN_POINT ( 'NONE',  ( 1.732894216740866078, 11.01487031884520640, -4.020473682439717145 ) ) ;
#1348 = VECTOR ( 'NONE', #2934, 1000.000000000000000 ) ;
#1349 = CARTESIAN_POINT ( 'NONE',  ( -3.895890819732183985, 16.57258103343630040, -1.046991117748179212 ) ) ;
#1350 = CARTESIAN_POINT ( 'NONE',  ( -4.000000000000000000, 19.12500000000000000, -4.898587196589412829E-16 ) ) ;
#1351 = DIRECTION ( 'NONE',  ( 0.000000000000000000, 0.000000000000000000, 1.000000000000000000 ) ) ;
#1352 = DIRECTION ( 'NONE',  ( 0.000000000000000000, -0.000000000000000000, 1.000000000000000000 ) ) ;
#1353 = CARTESIAN_POINT ( 'NONE',  ( -3.999999879784474910, 22.90032491719653152, 0.5235996959903065351 ) ) ;
#1354 = EDGE_CURVE ( 'NONE', #3149, #84, #3442, .T. ) ;
#1355 = ORIENTED_EDGE ( 'NONE', *, *, #2783, .F. ) ;
#1356 = CYLINDRICAL_SURFACE ( 'NONE', #3250, 16.00000000000000000 ) ;
#1357 = CARTESIAN_POINT ( 'NONE',  ( 2.350011161449477637, 21.85937499829300990, -2.350011161449477637 ) ) ;
#1358 = CARTESIAN_POINT ( 'NONE',  ( 2.350011161449477193, 21.23437499829300634, 2.350011161449478081 ) ) ;
#1359 =( NAMED_UNIT ( * ) PLANE_ANGLE_UNIT ( ) SI_UNIT ( $, .RADIAN. ) );
#1360 = CYLINDRICAL_SURFACE ( 'NONE', #2379, 4.000000000000000000 ) ;
#1361 = CARTESIAN_POINT ( 'NONE',  ( 2.350011161449477193, 15.29687499829300812, 2.350011161449478081 ) ) ;
#1362 = LINE ( 'NONE', #185, #1201 ) ;
#1363 = CARTESIAN_POINT ( 'NONE',  ( 2.350011161449477637, 13.10937499829300812, -2.350011161449477637 ) ) ;
#1364 = CARTESIAN_POINT ( 'NONE',  ( 2.449293598294706414E-16, 16.31250000000000000, -4.000000000000000000 ) ) ;
#1365 = FACE_OUTER_BOUND ( 'NONE', #3379, .T. ) ;
#1366 = EDGE_LOOP ( 'NONE', ( #493, #3494, #3037, #1088 ) ) ;
#1367 = CARTESIAN_POINT ( 'NONE',  ( 4.507059494062497507, 10.78537406460786130, -1.866885168863107181 ) ) ;
#1368 = CARTESIAN_POINT ( 'NONE',  ( 0.000000000000000000, 0.000000000000000000, 15.50000000000000000 ) ) ;
#1369 = CARTESIAN_POINT ( 'NONE',  ( -2.092265611726451979, 11.41854688914160576, -3.430983126877741540 ) ) ;
#1370 = CARTESIAN_POINT ( 'NONE',  ( 3.323417656250000185, 11.70312499829300812, 0.000000000000000000 ) ) ;
#1371 = CARTESIAN_POINT ( 'NONE',  ( -3.895890769124268793, 14.07273159787624728, -1.046991306062021732 ) ) ;
#1372 = ORIENTED_EDGE ( 'NONE', *, *, #1005, .F. ) ;
#1373 = DIRECTION ( 'NONE',  ( -0.000000000000000000, -1.000000000000000000, -0.000000000000000000 ) ) ;
#1374 = CARTESIAN_POINT ( 'NONE',  ( 2.350011161449477637, 20.60937499829300990, -2.350011161449477637 ) ) ;
#1375 = CARTESIAN_POINT ( 'NONE',  ( -1.376604666648954867, 18.03124999829300634, -3.323417656249999741 ) ) ;
#1376 = FACE_OUTER_BOUND ( 'NONE', #501, .T. ) ;
#1377 = ORIENTED_EDGE ( 'NONE', *, *, #1700, .T. ) ;
#1378 = VECTOR ( 'NONE', #1240, 1000.000000000000000 ) ;
#1379 = CARTESIAN_POINT ( 'NONE',  ( 3.667347552814926637, 11.00000000000000000, -2.008995357409805838 ) ) ;
#1380 = CARTESIAN_POINT ( 'NONE',  ( -3.323417656250000185, 14.82812499829300812, -4.070012794956361332E-16 ) ) ;
#1381 = CARTESIAN_POINT ( 'NONE',  ( -2.828427124746190735, 14.28124999999999822, 2.828427124746189847 ) ) ;
#1382 = CARTESIAN_POINT ( 'NONE',  ( 2.015838159857860745, 11.04009829721369407, -3.801799392430746938 ) ) ;
#1383 = AXIS2_PLACEMENT_3D ( 'NONE', #3679, #259, #1624 ) ;
#1384 = ORIENTED_EDGE ( 'NONE', *, *, #3675, .F. ) ;
#1385 = CARTESIAN_POINT ( 'NONE',  ( -1.866885168863109623, 12.81662406460786485, 4.507059494062497507 ) ) ;
#1386 =( NAMED_UNIT ( * ) SI_UNIT ( $, .STERADIAN. ) SOLID_ANGLE_UNIT ( ) );
#1387 = CARTESIAN_POINT ( 'NONE',  ( -2.350011161449477193, 15.60937499829300812, -2.350011161449477637 ) ) ;
#1388 = CARTESIAN_POINT ( 'NONE',  ( -3.323417656250001517, 12.40624999829300990, 1.376604666648954645 ) ) ;
#1389 = CARTESIAN_POINT ( 'NONE',  ( -2.458187062083395436, 13.94253110644082305, -3.198667229913570331 ) ) ;
#1390 = ORIENTED_EDGE ( 'NONE', *, *, #1695, .T. ) ;
#1391 = CARTESIAN_POINT ( 'NONE',  ( 3.323417656249999741, 19.28124999829300279, -1.376604666648954867 ) ) ;
#1392 = CARTESIAN_POINT ( 'NONE',  ( 2.350011161449477637, 21.54687499829300634, -2.350011161449477637 ) ) ;
#1393 = B_SPLINE_CURVE_WITH_KNOTS ( 'NONE', 3,
 ( #3607, #1513, #1820, #3358, #1593, #3050, #3686, #1349, #1046, #3646, #2750, #2768, #2825, #1880, #1065, #2200, #1634, #1330 ),
 .UNSPECIFIED., .F., .F.,
 ( 4, 2, 2, 2, 2, 2, 2, 2, 4 ),
 ( 0.4086537600338955856, 0.4146633741520403538, 0.4206729882701851775, 0.4266826023883299457, 0.4326922165064747139, 0.4387018306246194821, 0.4447114447427642503, 0.4507210588609090740, 0.4567306729790538422 ),
 .UNSPECIFIED. ) ;
#1394 = CARTESIAN_POINT ( 'NONE',  ( -9.627662652800102026E-06, 18.18728309654232689, 3.999999999975450304 ) ) ;
#1395 = CARTESIAN_POINT ( 'NONE',  ( -3.323417656249999741, 14.43749999829300634, -1.376604666648955311 ) ) ;
#1396 = ORIENTED_EDGE ( 'NONE', *, *, #3017, .T. ) ;
#1397 =( BOUNDED_CURVE ( )  B_SPLINE_CURVE ( 2, ( #1492, #345, #2655, #46, #3523, #2670, #2086, #3256, #635 ),
 .UNSPECIFIED., .F., .F. ) 
 B_SPLINE_CURVE_WITH_KNOTS ( ( 3, 2, 2, 2, 3 ),
 ( 0.07211324226532477011, 0.08413209993611685256, 0.09615097135556212316, 0.1081698427750074076, 0.1201887193285108291 ),
 .UNSPECIFIED. ) 
 CURVE ( )  GEOMETRIC_REPRESENTATION_ITEM ( )  RATIONAL_B_SPLINE_CURVE ( ( 1.000000000000000000, 0.9238795325112867385, 1.000000000000000000, 0.9238795325112867385, 1.000000000000000000, 0.9238795325112867385, 1.000000000000000000, 0.9238795325112867385, 1.000000000000000000 ) ) 
 REPRESENTATION_ITEM ( '' )  );
#1398 = CARTESIAN_POINT ( 'NONE',  ( 0.000000000000000000, 29.89999999999999858, 0.000000000000000000 ) ) ;
#1399 = CARTESIAN_POINT ( 'NONE',  ( -2.350011161449478081, 14.98437499829300812, 2.350011161449477193 ) ) ;
#1400 = CARTESIAN_POINT ( 'NONE',  ( -2.350011161449477193, 22.17187499829300990, -2.350011161449477637 ) ) ;
#1401 = CARTESIAN_POINT ( 'NONE',  ( -7.347880794884119736E-16, 13.18750000000000000, 4.000000000000000000 ) ) ;
#1402 = CARTESIAN_POINT ( 'NONE',  ( -2.935535148894471202, 23.99999999999998579, 2.451721163350621957 ) ) ;
#1403 = CARTESIAN_POINT ( 'NONE',  ( -4.000000000000000000, 18.96874999658601624, -4.898587196589412829E-16 ) ) ;
#1404 = ORIENTED_EDGE ( 'NONE', *, *, #1695, .F. ) ;
#1405 = CARTESIAN_POINT ( 'NONE',  ( 3.186972331462802011, 13.05099906460786308, 3.186972331462803343 ) ) ;
#1406 =( NAMED_UNIT ( * ) PLANE_ANGLE_UNIT ( ) SI_UNIT ( $, .RADIAN. ) );
#1407 = CARTESIAN_POINT ( 'NONE',  ( -3.323417656249999741, 15.68749999829300634, -1.376604666648955311 ) ) ;
#1408 = DIRECTION ( 'NONE',  ( 0.000000000000000000, 1.000000000000000000, 0.000000000000000000 ) ) ;
#1409 = AXIS2_PLACEMENT_3D ( 'NONE', #3451, #3161, #3272 ) ;
#1410 = ORIENTED_EDGE ( 'NONE', *, *, #947, .T. ) ;
#1411 = AXIS2_PLACEMENT_3D ( 'NONE', #3188, #315, #2627 ) ;
#1412 = CARTESIAN_POINT ( 'NONE',  ( -3.323417656249999741, 22.24999999829300990, -1.376604666648955311 ) ) ;
#1413 = CARTESIAN_POINT ( 'NONE',  ( -3.323417656249999741, 20.68749999829300634, -1.376604666648955311 ) ) ;
#1414 = CARTESIAN_POINT ( 'NONE',  ( 4.000000000000000000, 18.42187499658601624, -1.656854249492380582 ) ) ;
#1415 = CARTESIAN_POINT ( 'NONE',  ( 2.350011161449477637, 11.54687499829300812, -2.350011161449477637 ) ) ;
#1416 = ORIENTED_EDGE ( 'NONE', *, *, #3169, .T. ) ;
#1417 = ADVANCED_FACE ( 'NONE', ( #1564 ), #170, .T. ) ;
#1418 = DIRECTION ( 'NONE',  ( 0.000000000000000000, 0.000000000000000000, -1.000000000000000000 ) ) ;
#1419 = ADVANCED_FACE ( 'NONE', ( #2744 ), #1850, .T. ) ;
#1420 = CARTESIAN_POINT ( 'NONE',  ( -6.105019192434541011E-16, 12.64062499829300634, 3.323417656250000185 ) ) ;
#1421 = CARTESIAN_POINT ( 'NONE',  ( -2.350011161449477193, 11.85937499829300812, -2.350011161449477637 ) ) ;
#1422 = CARTESIAN_POINT ( 'NONE',  ( -4.000000000000000000, 14.12499999999999822, -4.898587196589412829E-16 ) ) ;
#1423 = CARTESIAN_POINT ( 'NONE',  ( 2.449293598294706414E-16, 16.15624999658601624, -4.000000000000000000 ) ) ;
#1424 = ORIENTED_EDGE ( 'NONE', *, *, #2644, .F. ) ;
#1425 = CARTESIAN_POINT ( 'NONE',  ( 1.866885168863107403, 10.94162406460786308, -4.507059494062497507 ) ) ;
#1426 = FACE_OUTER_BOUND ( 'NONE', #862, .T. ) ;
#1427 = CARTESIAN_POINT ( 'NONE',  ( -3.323417656250000185, 13.57812499829300812, -4.070012794956361332E-16 ) ) ;
#1428 = ORIENTED_EDGE ( 'NONE', *, *, #2128, .T. ) ;
#1429 = CARTESIAN_POINT ( 'NONE',  ( -3.323417656250001517, 20.84374999829300634, 1.376604666648954201 ) ) ;
#1430 = DIRECTION ( 'NONE',  ( -0.000000000000000000, -1.000000000000000000, -0.000000000000000000 ) ) ;
#1431 = CARTESIAN_POINT ( 'NONE',  ( 3.323417656249999741, 12.71874999829300634, -1.376604666648954867 ) ) ;
#1432 = VERTEX_POINT ( 'NONE', #1302 ) ;
#1433 = CARTESIAN_POINT ( 'NONE',  ( -4.000000000000000888, 22.79687499658601624, 1.656854249492379694 ) ) ;
#1434 = CARTESIAN_POINT ( 'NONE',  ( -3.323417656249999741, 12.24999999829300634, -1.376604666648955311 ) ) ;
#1435 = CARTESIAN_POINT ( 'NONE',  ( -3.323417656250000185, 12.01562499829300812, -4.070012794956361332E-16 ) ) ;
#1436 = CARTESIAN_POINT ( 'NONE',  ( 3.999999999999999112, 14.67187499999999822, 1.656854249492383246 ) ) ;
#1437 = EDGE_CURVE ( 'NONE', #1008, #1442, #649, .T. ) ;
#1438 = CARTESIAN_POINT ( 'NONE',  ( 4.000000000000000000, 12.09374999658601624, 0.000000000000000000 ) ) ;
#1439 = CARTESIAN_POINT ( 'NONE',  ( -2.828427124746190735, 16.62499999658601624, 2.828427124746189847 ) ) ;
#1440 = DIRECTION ( 'NONE',  ( 0.000000000000000000, 1.000000000000000000, 0.000000000000000000 ) ) ;
#1441 = AXIS2_PLACEMENT_3D ( 'NONE', #371, #341, #2082 ) ;
#1442 = VERTEX_POINT ( 'NONE', #3619 ) ;
#1443 = CARTESIAN_POINT ( 'NONE',  ( 3.186972331462802899, 10.86349906460786308, -3.186972331462802899 ) ) ;
#1444 = CARTESIAN_POINT ( 'NONE',  ( -3.323417656249999741, 13.18749999829300634, -1.376604666648955311 ) ) ;
#1445 = CARTESIAN_POINT ( 'NONE',  ( -1.656854249492382580, 17.95312499658601624, 3.999999999999999112 ) ) ;
#1446 = EDGE_LOOP ( 'NONE', ( #2885, #3196, #2992, #627 ) ) ;
#1447 = CARTESIAN_POINT ( 'NONE',  ( 5.441711982157496861E-06, 15.06237740239410350, -3.999999999992157385 ) ) ;
#1448 = CARTESIAN_POINT ( 'NONE',  ( -3.999999917745642453, 19.15055076385733557, 0.5235994059888574581 ) ) ;
#1449 = CARTESIAN_POINT ( 'NONE',  ( 0.000000000000000000, 24.00000000000000000, 0.000000000000000000 ) ) ;
#1450 = CARTESIAN_POINT ( 'NONE',  ( -2.458186211716880010, 21.80664078913932613, 3.198667883423033764 ) ) ;
#1451 = ORIENTED_EDGE ( 'NONE', *, *, #1740, .T. ) ;
#1452 = CARTESIAN_POINT ( 'NONE',  ( -2.828427124746190735, 12.87499999658601624, 2.828427124746189847 ) ) ;
#1453 = DIRECTION ( 'NONE',  ( 0.000000000000000000, -1.000000000000000000, 0.000000000000000000 ) ) ;
#1454 = CARTESIAN_POINT ( 'NONE',  ( -1.376604666648956865, 21.31249999829301345, 3.323417656249998853 ) ) ;
#1455 = CARTESIAN_POINT ( 'NONE',  ( -4.000000000000000000, 17.79687500000000000, -1.656854249492381248 ) ) ;
#1456 = CARTESIAN_POINT ( 'NONE',  ( 4.898587196589412829E-16, 11.50000000000000000, 4.000000000000000000 ) ) ;
#1457 = CARTESIAN_POINT ( 'NONE',  ( -1.656854249492380360, 17.48437499658601979, -4.000000000000000000 ) ) ;
#1458 = LINE ( 'NONE', #2352, #2102 ) ;
#1459 = EDGE_CURVE ( 'NONE', #2328, #2691, #1881, .T. ) ;
#1460 = EDGE_LOOP ( 'NONE', ( #1639, #2940, #2432, #177 ) ) ;
#1461 = CARTESIAN_POINT ( 'NONE',  ( 3.186972331462802899, 17.11349906460785775, -3.186972331462802899 ) ) ;
#1462 = CARTESIAN_POINT ( 'NONE',  ( 1.376604666648955755, 14.90624999829300634, 3.323417656249999297 ) ) ;
#1463 = VERTEX_POINT ( 'NONE', #669 ) ;
#1464 = AXIS2_PLACEMENT_3D ( 'NONE', #2812, #2831, #176 ) ;
#1465 = CARTESIAN_POINT ( 'NONE',  ( 2.014475654084350698, 14.95809493963713344, -3.495145707838024585 ) ) ;
#1466 = CARTESIAN_POINT ( 'NONE',  ( -2.688728754851008595, 24.38984480266935861, -1.953418183777245298 ) ) ;
#1467 = CARTESIAN_POINT ( 'NONE',  ( -2.350011161449478081, 18.73437499829300990, 2.350011161449477193 ) ) ;
#1468 = CARTESIAN_POINT ( 'NONE',  ( -0.5235995751578194080, 21.33791901997194529, -3.999999895601438205 ) ) ;
#1469 = VERTEX_POINT ( 'NONE', #1833 ) ;
#1470 = CARTESIAN_POINT ( 'NONE',  ( -4.000000000000000000, 12.71874999658601624, -4.898587196589412829E-16 ) ) ;
#1471 = CARTESIAN_POINT ( 'NONE',  ( 0.000000000000000000, 11.50000000000000000, 0.000000000000000000 ) ) ;
#1472 = CARTESIAN_POINT ( 'NONE',  ( -1.376604666648954867, 22.09374999829300634, -3.323417656249999741 ) ) ;
#1473 = CARTESIAN_POINT ( 'NONE',  ( 0.000000000000000000, 10.50000000000000000, 11.50000000000000000 ) ) ;
#1474 = CARTESIAN_POINT ( 'NONE',  ( 2.449293598294706414E-16, 14.90624999658601446, -4.000000000000000000 ) ) ;
#1475 = FACE_OUTER_BOUND ( 'NONE', #320, .T. ) ;
#1476 = ADVANCED_FACE ( 'NONE', ( #2985 ), #389, .F. ) ;
#1477 = ORIENTED_EDGE ( 'NONE', *, *, #1232, .T. ) ;
#1478 = CARTESIAN_POINT ( 'NONE',  ( 3.186972331462802899, 15.86349906460786308, -3.186972331462802899 ) ) ;
#1479 = CARTESIAN_POINT ( 'NONE',  ( 2.035006397478180666E-16, 16.70312499829300634, -3.323417656250000185 ) ) ;
#1480 = VERTEX_POINT ( 'NONE', #95 ) ;
#1481 = CARTESIAN_POINT ( 'NONE',  ( 2.350011161449477637, 23.10937499829300634, -2.350011161449477637 ) ) ;
#1482 = CARTESIAN_POINT ( 'NONE',  ( -3.198667749757596823, 18.99431017413485279, -2.458186385646478733 ) ) ;
#1483 = ADVANCED_FACE ( 'NONE', ( #1262 ), #978, .F. ) ;
#1484 = CARTESIAN_POINT ( 'NONE',  ( 1.376604666648955089, 16.93749999829300634, -3.323417656249999741 ) ) ;
#1485 = CARTESIAN_POINT ( 'NONE',  ( -1.376604666648956865, 20.06249999829301345, 3.323417656249998853 ) ) ;
#1486 = ORIENTED_EDGE ( 'NONE', *, *, #1700, .F. ) ;
#1487 = CARTESIAN_POINT ( 'NONE',  ( 2.101969798870729988, 24.00000000000001066, 2.611436836611342294 ) ) ;
#1488 = CARTESIAN_POINT ( 'NONE',  ( 4.898587196589412829E-16, 24.00000000000000000, 4.000000000000000000 ) ) ;
#1489 = CARTESIAN_POINT ( 'NONE',  ( 2.350011161449477193, 16.23437499829300634, 2.350011161449478081 ) ) ;
#1490 = DIRECTION ( 'NONE',  ( -1.000000000000000000, 0.000000000000000000, 0.000000000000000000 ) ) ;
#1491 = CARTESIAN_POINT ( 'NONE',  ( -4.000000000000000000, 20.14062499658601624, -1.656854249492381248 ) ) ;
#1492 = CARTESIAN_POINT ( 'NONE',  ( 1.712140399943978828E-06, 13.03128729542876840, 3.999999999999233502 ) ) ;
#1493 = ORIENTED_EDGE ( 'NONE', *, *, #973, .T. ) ;
#1494 = CARTESIAN_POINT ( 'NONE',  ( -4.507059494062497507, 15.00412406460786130, -1.866885168863107625 ) ) ;
#1495 = CARTESIAN_POINT ( 'NONE',  ( -3.323417656250000185, 18.26562499829300990, -4.070012794956361332E-16 ) ) ;
#1496 = CARTESIAN_POINT ( 'NONE',  ( -4.000000000000000888, 17.79687499658601624, 1.656854249492379694 ) ) ;
#1497 = VERTEX_POINT ( 'NONE', #2213 ) ;
#1498 = CIRCLE ( 'NONE', #165, 2.000000000000000000 ) ;
#1499 = CARTESIAN_POINT ( 'NONE',  ( 1.046991800400019157, 14.48937317046960871, 3.895890636274618846 ) ) ;
#1500 = CIRCLE ( 'NONE', #1441, 0.5000000000000004441 ) ;
#1501 = CARTESIAN_POINT ( 'NONE',  ( 2.458186404972326322, 18.68182899468988722, -3.198667734905622950 ) ) ;
#1502 = CARTESIAN_POINT ( 'NONE',  ( 2.035006397478180666E-16, 17.01562499829300634, -3.323417656250000185 ) ) ;
#1503 = VECTOR ( 'NONE', #2595, 1000.000000000000000 ) ;
#1504 = CARTESIAN_POINT ( 'NONE',  ( -3.323417656249999741, 15.99999999829300812, -1.376604666648955311 ) ) ;
#1505 = CARTESIAN_POINT ( 'NONE',  ( -2.064037535527673217, 24.00000000000001421, -3.287308540765459419 ) ) ;
#1506 = DIRECTION ( 'NONE',  ( 1.000000000000000000, -0.000000000000000000, 1.224646799147353207E-16 ) ) ;
#1507 = ADVANCED_FACE ( 'NONE', ( #3370 ), #3390, .F. ) ;
#1508 = CARTESIAN_POINT ( 'NONE',  ( -3.323417656249999741, 14.43749999829300634, -1.376604666648955311 ) ) ;
#1509 = DIRECTION ( 'NONE',  ( 0.000000000000000000, 0.000000000000000000, -1.000000000000000000 ) ) ;
#1510 = CARTESIAN_POINT ( 'NONE',  ( 2.828427124746189403, 23.18749999658601624, 2.828427124746190735 ) ) ;
#1511 = CARTESIAN_POINT ( 'NONE',  ( 1.866885168863107403, 17.19162406460786130, -4.507059494062497507 ) ) ;
#1512 = CARTESIAN_POINT ( 'NONE',  ( -1.376604666648956865, 19.74999999829300634, 3.323417656249998853 ) ) ;
#1513 = CARTESIAN_POINT ( 'NONE',  ( -0.5235991884801552976, 16.33822014885255669, -3.999999946217499769 ) ) ;
#1514 = FACE_OUTER_BOUND ( 'NONE', #3101, .T. ) ;
#1515 = CARTESIAN_POINT ( 'NONE',  ( -2.828427124746189847, 13.81249999658601624, -2.828427124746190291 ) ) ;
#1516 = CARTESIAN_POINT ( 'NONE',  ( -3.323417656249999741, 23.18749999829300634, -1.376604666648955311 ) ) ;
#1517 = CARTESIAN_POINT ( 'NONE',  ( -3.323417656249999741, 17.24999999829300634, -1.376604666648955311 ) ) ;
#1518 = TOROIDAL_SURFACE ( 'NONE', #3277, 10.49999999999999822, 0.5000000000000000000 ) ;
#1519 = CARTESIAN_POINT ( 'NONE',  ( 2.350011161449477637, 16.85937499829300634, -2.350011161449477637 ) ) ;
#1520 = CARTESIAN_POINT ( 'NONE',  ( 2.449293598294706414E-16, 29.89999999999999858, -2.000000000000000000 ) ) ;
#1521 = AXIS2_PLACEMENT_3D ( 'NONE', #802, #455, #2551 ) ;
#1522 = CARTESIAN_POINT ( 'NONE',  ( 0.5235982700729839845, 17.53606467005833736, -4.000000066436707691 ) ) ;
#1523 = CARTESIAN_POINT ( 'NONE',  ( -3.323417656250000185, 13.26562499829300812, -4.070012794956361332E-16 ) ) ;
#1524 = DIRECTION ( 'NONE',  ( -0.000000000000000000, -1.000000000000000000, -0.000000000000000000 ) ) ;
#1525 = CARTESIAN_POINT ( 'NONE',  ( -2.828427124746189847, 20.06249999658601624, -2.828427124746190291 ) ) ;
#1526 = DIRECTION ( 'NONE',  ( 0.000000000000000000, 0.000000000000000000, 1.000000000000000000 ) ) ;
#1527 = EDGE_CURVE ( 'NONE', #419, #3094, #3482, .T. ) ;
#1528 = CARTESIAN_POINT ( 'NONE',  ( -1.866885168863107181, 16.09787406460786130, -4.507059494062497507 ) ) ;
#1529 = CARTESIAN_POINT ( 'NONE',  ( -1.376604666648954867, 20.53124999829300990, -3.323417656249999741 ) ) ;
#1530 = CARTESIAN_POINT ( 'NONE',  ( 1.712140399943978828E-06, 13.03128729542876840, 3.999999999999233502 ) ) ;
#1531 = ORIENTED_EDGE ( 'NONE', *, *, #2921, .T. ) ;
#1532 = CARTESIAN_POINT ( 'NONE',  ( -2.014476203163245493, 15.16641572593380261, -3.495145391368734700 ) ) ;
#1533 = DIRECTION ( 'NONE',  ( -0.000000000000000000, -1.000000000000000000, -0.000000000000000000 ) ) ;
#1534 = CARTESIAN_POINT ( 'NONE',  ( -1.376604666648954867, 20.53124999829300990, -3.323417656249999741 ) ) ;
#1535 = DIRECTION ( 'NONE',  ( -0.000000000000000000, -1.000000000000000000, -0.000000000000000000 ) ) ;
#1536 = CARTESIAN_POINT ( 'NONE',  ( 2.350011161449477637, 18.10937499829300990, -2.350011161449477637 ) ) ;
#1537 = CARTESIAN_POINT ( 'NONE',  ( -2.350011161449478081, 16.23437499829300634, 2.350011161449477193 ) ) ;
#1538 = CARTESIAN_POINT ( 'NONE',  ( 1.376604666648955089, 15.37499999829301167, -3.323417656249999741 ) ) ;
#1539 = CARTESIAN_POINT ( 'NONE',  ( 3.323417656250000185, 16.70312499829300634, 0.000000000000000000 ) ) ;
#1540 = CARTESIAN_POINT ( 'NONE',  ( 4.898587196589412829E-16, 24.00000000000000000, 4.000000000000000000 ) ) ;
#1541 = CARTESIAN_POINT ( 'NONE',  ( 0.000000000000000000, 24.00000000000000000, 0.000000000000000000 ) ) ;
#1542 = CARTESIAN_POINT ( 'NONE',  ( 1.376604666648955089, 14.12499999829300634, -3.323417656249999741 ) ) ;
#1543 = CARTESIAN_POINT ( 'NONE',  ( -5.924722707952368161E-07, 18.65625002452301473, -3.999999999999956923 ) ) ;
#1544 = CARTESIAN_POINT ( 'NONE',  ( -1.656854249492382580, 22.95312499658602334, 3.999999999999999112 ) ) ;
#1545 = CARTESIAN_POINT ( 'NONE',  ( 4.000000000000000000, 17.17187499658601624, -1.656854249492380582 ) ) ;
#1546 = CARTESIAN_POINT ( 'NONE',  ( -8.279333974455491767E-16, 22.89474906460786130, 4.507059494062498395 ) ) ;
#1547 = CARTESIAN_POINT ( 'NONE',  ( -1.376604666648954867, 18.03124999829300634, -3.323417656249999741 ) ) ;
#1548 = CARTESIAN_POINT ( 'NONE',  ( 0.000000000000000000, 24.00000000000000000, 0.000000000000000000 ) ) ;
#1549 = ORIENTED_EDGE ( 'NONE', *, *, #1076, .F. ) ;
#1550 = VERTEX_POINT ( 'NONE', #3135 ) ;
#1551 = MANIFOLD_SOLID_BREP ( 'Fillet4', #2475 ) ;
#1552 = CARTESIAN_POINT ( 'NONE',  ( 2.828427124746189403, 19.59375000000000000, 2.828427124746190735 ) ) ;
#1553 = CARTESIAN_POINT ( 'NONE',  ( -4.045131540002081749, 11.64581451149195246, 0.4173511581394588887 ) ) ;
#1554 = DIRECTION ( 'NONE',  ( 0.000000000000000000, 0.000000000000000000, -1.000000000000000000 ) ) ;
#1555 = DIRECTION ( 'NONE',  ( 0.000000000000000000, 0.000000000000000000, -1.000000000000000000 ) ) ;
#1556 = CIRCLE ( 'NONE', #2231, 2.149999999999999911 ) ;
#1557 = VERTEX_POINT ( 'NONE', #2857 ) ;
#1558 = CARTESIAN_POINT ( 'NONE',  ( -3.323417656250001517, 19.90624999829300634, 1.376604666648954201 ) ) ;
#1559 = CARTESIAN_POINT ( 'NONE',  ( -2.350011161449477193, 18.42187499829300990, -2.350011161449477637 ) ) ;
#1560 = CARTESIAN_POINT ( 'NONE',  ( -3.323417656249999741, 16.93749999829300634, -1.376604666648955311 ) ) ;
#1561 = CARTESIAN_POINT ( 'NONE',  ( 3.323417656249998853, 19.12499999829300634, 1.376604666648957087 ) ) ;
#1562 = CIRCLE ( 'NONE', #845, 3.624999999999999556 ) ;
#1563 = CARTESIAN_POINT ( 'NONE',  ( 9.950255243072246565E-16, 11.00000000000000000, -8.125000000000000000 ) ) ;
#1564 = FACE_OUTER_BOUND ( 'NONE', #1749, .T. ) ;
#1565 = DIRECTION ( 'NONE',  ( 0.000000000000000000, 0.000000000000000000, -1.000000000000000000 ) ) ;
#1566 = CARTESIAN_POINT ( 'NONE',  ( -2.828427124746189847, 23.81249999658601624, -2.828427124746190291 ) ) ;
#1567 = DIRECTION ( 'NONE',  ( -1.000000000000000000, 0.000000000000000000, 0.000000000000000000 ) ) ;
#1568 = DIRECTION ( 'NONE',  ( 0.000000000000000000, 0.000000000000000000, 1.000000000000000000 ) ) ;
#1569 = CARTESIAN_POINT ( 'NONE',  ( 3.323417656249998853, 22.56249999829300634, 1.376604666648957087 ) ) ;
#1570 = DIRECTION ( 'NONE',  ( -0.000000000000000000, 1.000000000000000000, -0.000000000000000000 ) ) ;
#1571 = ADVANCED_FACE ( 'NONE', ( #828 ), #651, .T. ) ;
#1572 = CARTESIAN_POINT ( 'NONE',  ( -7.347880794884119736E-16, 18.18750000000000000, 4.000000000000000000 ) ) ;
#1573 = CARTESIAN_POINT ( 'NONE',  ( 1.656854249492380804, 14.82812499658601801, -4.000000000000000000 ) ) ;
#1574 = DIRECTION ( 'NONE',  ( 0.000000000000000000, 0.000000000000000000, 1.000000000000000000 ) ) ;
#1575 = CARTESIAN_POINT ( 'NONE',  ( 1.376604666648955089, 20.37499999829300990, -3.323417656249999741 ) ) ;
#1576 = CARTESIAN_POINT ( 'NONE',  ( -4.000000120215315036, 22.84824472062237888, -0.5235978592339850524 ) ) ;
#1577 = VERTEX_POINT ( 'NONE', #239 ) ;
#1578 = CARTESIAN_POINT ( 'NONE',  ( 1.376604666648955089, 21.93749999829300634, -3.323417656249999741 ) ) ;
#1579 = EDGE_CURVE ( 'NONE', #3424, #1432, #2556, .T. ) ;
#1580 = CARTESIAN_POINT ( 'NONE',  ( 1.376604666648955755, 16.46874999829300990, 3.323417656249999741 ) ) ;
#1581 = CARTESIAN_POINT ( 'NONE',  ( -3.323417656250001517, 15.84374999829300812, 1.376604666648954645 ) ) ;
#1582 = CARTESIAN_POINT ( 'NONE',  ( -1.376604666648954867, 20.84374999829300634, -3.323417656249999741 ) ) ;
#1583 = CARTESIAN_POINT ( 'NONE',  ( -2.828427124746189847, 18.81249999658601624, -2.828427124746190291 ) ) ;
#1584 = DIRECTION ( 'NONE',  ( 1.224646799147353207E-16, 0.000000000000000000, -1.000000000000000000 ) ) ;
#1585 = AXIS2_PLACEMENT_3D ( 'NONE', #626, #1786, #861 ) ;
#1586 = CARTESIAN_POINT ( 'NONE',  ( 0.000000000000000000, 10.00000000000000000, 0.000000000000000000 ) ) ;
#1587 = CARTESIAN_POINT ( 'NONE',  ( 3.323417656250000185, 15.45312499829300812, 0.000000000000000000 ) ) ;
#1588 = CARTESIAN_POINT ( 'NONE',  ( 0.8083144237923668429, 11.00000000000000178, -4.414477914347500587 ) ) ;
#1589 = AXIS2_PLACEMENT_3D ( 'NONE', #2959, #422, #148 ) ;
#1590 = CARTESIAN_POINT ( 'NONE',  ( 3.186972331462802899, 22.11349906460786130, -3.186972331462802899 ) ) ;
#1591 = CARTESIAN_POINT ( 'NONE',  ( -6.105019192434541011E-16, 21.07812499829300634, 3.323417656250000185 ) ) ;
#1592 = CARTESIAN_POINT ( 'NONE',  ( 0.000000000000000000, 28.00000000000000000, 0.000000000000000000 ) ) ;
#1593 = CARTESIAN_POINT ( 'NONE',  ( -2.458187216696090083, 16.44238054200088683, -3.198667111093152826 ) ) ;
#1594 = CARTESIAN_POINT ( 'NONE',  ( -4.000000000000000000, 20.37499999999999645, -4.898587196589412829E-16 ) ) ;
#1595 = DIRECTION ( 'NONE',  ( 0.000000000000000000, 0.000000000000000000, -1.000000000000000000 ) ) ;
#1596 = CARTESIAN_POINT ( 'NONE',  ( 3.198667125945545919, 16.12989936255589640, -2.458187197369715360 ) ) ;
#1597 = CARTESIAN_POINT ( 'NONE',  ( 3.323417656250000185, 22.64062499829300990, 0.000000000000000000 ) ) ;
#1598 = DIRECTION ( 'NONE',  ( -0.000000000000000000, 1.000000000000000000, -0.000000000000000000 ) ) ;
#1599 = VERTEX_POINT ( 'NONE', #1394 ) ;
#1600 = CARTESIAN_POINT ( 'NONE',  ( -3.323417656250000185, 19.82812499829300634, -4.070012794956361332E-16 ) ) ;
#1601 = CARTESIAN_POINT ( 'NONE',  ( -3.323417656250000185, 17.32812499829300634, -4.070012794956361332E-16 ) ) ;
#1602 = ADVANCED_FACE ( 'NONE', ( #1376, #3735 ), #2253, .F. ) ;
#1603 = CARTESIAN_POINT ( 'NONE',  ( -1.376604666648954867, 16.78124999829300990, -3.323417656249999741 ) ) ;
#1604 = CARTESIAN_POINT ( 'NONE',  ( 3.198667244766352891, 13.63004992699579354, -2.458187042756508678 ) ) ;
#1605 = CARTESIAN_POINT ( 'NONE',  ( 3.999999936726791550, 17.27566368718752088, -0.5235992609837593070 ) ) ;
#1606 = CARTESIAN_POINT ( 'NONE',  ( 3.198666769502199969, 23.62944766923464002, -2.458187661184412676 ) ) ;
#1607 = CARTESIAN_POINT ( 'NONE',  ( 3.999999999999999112, 24.51562499658601624, 1.656854249492383246 ) ) ;
#1608 = DIRECTION ( 'NONE',  ( -0.000000000000000000, -1.000000000000000000, -0.000000000000000000 ) ) ;
#1609 = CARTESIAN_POINT ( 'NONE',  ( -4.507059494062497507, 20.00412406460786485, -1.866885168863107625 ) ) ;
#1610 = CARTESIAN_POINT ( 'NONE',  ( 3.323417656249998853, 21.31249999829301345, 1.376604666648957087 ) ) ;
#1611 = CARTESIAN_POINT ( 'NONE',  ( 2.051439947054306323, 11.05158832580953998, -3.754874447751948452 ) ) ;
#1612 = CARTESIAN_POINT ( 'NONE',  ( 2.828427124746190291, 13.49999999658601624, -2.828427124746190291 ) ) ;
#1613 = VERTEX_POINT ( 'NONE', #1679 ) ;
#1614 = CARTESIAN_POINT ( 'NONE',  ( -7.347880794884119736E-16, 21.93750000000000000, 4.000000000000000000 ) ) ;
#1615 = CARTESIAN_POINT ( 'NONE',  ( 0.000000000000000000, 24.00000000000000000, 0.000000000000000000 ) ) ;
#1616 = CARTESIAN_POINT ( 'NONE',  ( 1.745556196749187375E-11, 11.28423955385216892, -4.048948528571197691 ) ) ;
#1617 = CARTESIAN_POINT ( 'NONE',  ( -1.376604666648957087, 22.24999999829300990, 3.323417656249999297 ) ) ;
#1618 = CYLINDRICAL_SURFACE ( 'NONE', #2383, 7.625000000000000000 ) ;
#1619 = EDGE_LOOP ( 'NONE', ( #2793, #3497, #3501, #1141 ) ) ;
#1620 = CARTESIAN_POINT ( 'NONE',  ( 1.376604666648955755, 22.71874999829300279, 3.323417656249999297 ) ) ;
#1621 = CARTESIAN_POINT ( 'NONE',  ( 3.323417656249999741, 16.78124999829300990, -1.376604666648954867 ) ) ;
#1622 = CARTESIAN_POINT ( 'NONE',  ( 1.376604666648955755, 18.65624999829300634, 3.323417656249999741 ) ) ;
#1623 = CARTESIAN_POINT ( 'NONE',  ( 3.323417656249998853, 13.81249999829300634, 1.376604666648957087 ) ) ;
#1624 = DIRECTION ( 'NONE',  ( 0.000000000000000000, 0.000000000000000000, 1.000000000000000000 ) ) ;
#1625 = AXIS2_PLACEMENT_3D ( 'NONE', #2479, #1313, #149 ) ;
#1626 = FACE_OUTER_BOUND ( 'NONE', #47, .T. ) ;
#1627 = CARTESIAN_POINT ( 'NONE',  ( 2.035006397478180666E-16, 13.26562499829300812, -3.323417656250000185 ) ) ;
#1628 = CARTESIAN_POINT ( 'NONE',  ( -4.000000000000000000, 20.14062499658601624, -1.656854249492381248 ) ) ;
#1629 = AXIS2_PLACEMENT_3D ( 'NONE', #581, #2612, #1168 ) ;
#1630 = ADVANCED_FACE ( 'NONE', ( #2837 ), #1753, .F. ) ;
#1631 = CARTESIAN_POINT ( 'NONE',  ( 4.507059494062497507, 20.78537406460786130, -1.866885168863107181 ) ) ;
#1632 = CARTESIAN_POINT ( 'NONE',  ( 4.000000000000000000, 11.00000000000000000, 0.000000000000000000 ) ) ;
#1633 = CARTESIAN_POINT ( 'NONE',  ( -2.716143287238047321, 24.00000000000001066, 2.656998549922359398 ) ) ;
#1634 = CARTESIAN_POINT ( 'NONE',  ( -0.5235983184085749587, 16.91110231116837781, 4.000000060109599964 ) ) ;
#1635 = CARTESIAN_POINT ( 'NONE',  ( 4.000000000000000000, 19.75000000000000000, 0.000000000000000000 ) ) ;
#1636 = CARTESIAN_POINT ( 'NONE',  ( 1.716241413905481906E-05, 23.81211334600675045, -3.999999999921989513 ) ) ;
#1637 = CARTESIAN_POINT ( 'NONE',  ( 3.323417656249999741, 13.03124999829300812, -1.376604666648954867 ) ) ;
#1638 = CARTESIAN_POINT ( 'NONE',  ( -0.5235989951335421333, 13.83837071329248580, -3.999999971526534193 ) ) ;
#1639 = ORIENTED_EDGE ( 'NONE', *, *, #3389, .F. ) ;
#1640 = CARTESIAN_POINT ( 'NONE',  ( -3.323417656250001517, 23.65624999829300634, 1.376604666648954201 ) ) ;
#1641 = CARTESIAN_POINT ( 'NONE',  ( 1.376604666648955089, 19.12499999829300634, -3.323417656249999741 ) ) ;
#1642 = CARTESIAN_POINT ( 'NONE',  ( 1.656854249492381248, 18.10937499658601624, 3.999999999999999112 ) ) ;
#1643 = DIRECTION ( 'NONE',  ( 1.224646799147349509E-16, 0.000000000000000000, -1.000000000000000000 ) ) ;
#1644 = CARTESIAN_POINT ( 'NONE',  ( -2.350011161449478081, 13.73437499829300812, 2.350011161449477193 ) ) ;
#1645 = CARTESIAN_POINT ( 'NONE',  ( 2.839570596497121180, 23.99999999999999289, -1.726830549122646774 ) ) ;
#1646 = AXIS2_PLACEMENT_3D ( 'NONE', #98, #3601, #3293 ) ;
#1647 = CARTESIAN_POINT ( 'NONE',  ( -3.323417656249999741, 13.49999999829300634, -1.376604666648955311 ) ) ;
#1648 = CARTESIAN_POINT ( 'NONE',  ( 1.656854249492381248, 15.76562499999999822, 3.999999999999999112 ) ) ;
#1649 = ADVANCED_FACE ( 'NONE', ( #1990 ), #1234, .F. ) ;
#1650 = CARTESIAN_POINT ( 'NONE',  ( -0.5242712578277864965, 23.99999999999998579, 3.526723363136099021 ) ) ;
#1651 = AXIS2_PLACEMENT_3D ( 'NONE', #3588, #3564, #400 ) ;
#1652 = CARTESIAN_POINT ( 'NONE',  ( 1.656854249492381026, 13.57812499658601801, -4.000000000000000000 ) ) ;
#1653 = EDGE_CURVE ( 'NONE', #2494, #850, #504, .T. ) ;
#1654 = ORIENTED_EDGE ( 'NONE', *, *, #3108, .F. ) ;
#1655 = CARTESIAN_POINT ( 'NONE',  ( -3.186972331462803343, 13.98849906460786130, 3.186972331462802455 ) ) ;
#1656 = DIRECTION ( 'NONE',  ( 0.000000000000000000, 0.000000000000000000, -1.000000000000000000 ) ) ;
#1657 = CARTESIAN_POINT ( 'NONE',  ( 0.000000000000000000, 32.00000000000000000, 0.000000000000000000 ) ) ;
#1658 = ORIENTED_EDGE ( 'NONE', *, *, #867, .F. ) ;
#1659 = CARTESIAN_POINT ( 'NONE',  ( -2.828427124746189847, 23.81249999658601624, -2.828427124746190291 ) ) ;
#1660 = SURFACE_STYLE_USAGE ( .BOTH. , #465 ) ;
#1661 = CARTESIAN_POINT ( 'NONE',  ( 3.198667957679842022, 23.36904668636388394, 2.458186115091613999 ) ) ;
#1662 = EDGE_LOOP ( 'NONE', ( #279, #1310, #397, #609 ) ) ;
#1663 =( BOUNDED_CURVE ( )  B_SPLINE_CURVE ( 2, ( #729, #3641, #1059, #3371, #3680, #772, #1039, #2782, #1934 ),
 .UNSPECIFIED., .F., .T. ) 
 B_SPLINE_CURVE_WITH_KNOTS ( ( 3, 2, 2, 2, 3 ),
 ( 0.6970945403977902854, 0.7091134137472706600, 0.7211322851667159028, 0.7331511565861612567, 0.7451700536917514883 ),
 .UNSPECIFIED. ) 
 CURVE ( )  GEOMETRIC_REPRESENTATION_ITEM ( )  RATIONAL_B_SPLINE_CURVE ( ( 1.000000000000000000, 0.9238795325112867385, 1.000000000000000000, 0.9238795325112867385, 1.000000000000000000, 0.9238795325112867385, 1.000000000000000000, 0.9238795325112867385, 1.000000000000000000 ) ) 
 REPRESENTATION_ITEM ( '' )  );
#1664 = CARTESIAN_POINT ( 'NONE',  ( 2.035006397478180666E-16, 12.01562499829300812, -3.323417656250000185 ) ) ;
#1665 = CARTESIAN_POINT ( 'NONE',  ( -4.000000000000000000, 20.21874999658601624, -4.898587196589412829E-16 ) ) ;
#1666 = CARTESIAN_POINT ( 'NONE',  ( 3.323417656249999741, 14.28124999829300990, -1.376604666648954867 ) ) ;
#1667 = CARTESIAN_POINT ( 'NONE',  ( -1.656854249492382580, 15.60937499999999822, 3.999999999999999112 ) ) ;
#1668 = DIRECTION ( 'NONE',  ( 0.000000000000000000, 0.000000000000000000, 1.000000000000000000 ) ) ;
#1669 = CARTESIAN_POINT ( 'NONE',  ( 1.656854249492381026, 12.32812499658601979, -4.000000000000000000 ) ) ;
#1670 = ORIENTED_EDGE ( 'NONE', *, *, #398, .T. ) ;
#1671 = CARTESIAN_POINT ( 'NONE',  ( -3.186972331462803343, 11.48849906460786308, 3.186972331462802455 ) ) ;
#1672 = DIRECTION ( 'NONE',  ( -0.000000000000000000, -1.000000000000000000, -0.000000000000000000 ) ) ;
#1673 = CARTESIAN_POINT ( 'NONE',  ( -3.323417656250000185, 13.26562499829300812, -4.070012794956361332E-16 ) ) ;
#1674 = CARTESIAN_POINT ( 'NONE',  ( -3.323417656250000185, 12.32812499829300812, -4.070012794956361332E-16 ) ) ;
#1675 = ORIENTED_EDGE ( 'NONE', *, *, #1838, .F. ) ;
#1676 = CARTESIAN_POINT ( 'NONE',  ( -4.000000000000000000, 23.96874999658601624, -4.898587196589412829E-16 ) ) ;
#1677 = CARTESIAN_POINT ( 'NONE',  ( 3.323417656249999297, 19.12499999829300634, 1.376604666648957087 ) ) ;
#1678 = CARTESIAN_POINT ( 'NONE',  ( -3.323417656250000185, 22.01562499829300990, -4.070012794956361332E-16 ) ) ;
#1679 = CARTESIAN_POINT ( 'NONE',  ( 6.123233995736766282E-16, 0.5000000000000004441, 5.000000000000000000 ) ) ;
#1680 = CARTESIAN_POINT ( 'NONE',  ( 0.000000000000000000, 24.00000000000000000, 0.000000000000000000 ) ) ;
#1681 = ORIENTED_EDGE ( 'NONE', *, *, #334, .F. ) ;
#1682 = AXIS2_PLACEMENT_3D ( 'NONE', #2508, #796, #1023 ) ;
#1683 = CYLINDRICAL_SURFACE ( 'NONE', #1805, 16.00000000000000000 ) ;
#1684 = CARTESIAN_POINT ( 'NONE',  ( 1.376604666648955755, 13.96874999829300634, 3.323417656249999297 ) ) ;
#1685 = CARTESIAN_POINT ( 'NONE',  ( -2.350011161449477193, 24.67187499829300634, -2.350011161449477637 ) ) ;
#1686 = CARTESIAN_POINT ( 'NONE',  ( 4.000000000000000000, 14.75000000000000000, 0.000000000000000000 ) ) ;
#1687 =( BOUNDED_CURVE ( )  B_SPLINE_CURVE ( 2, ( #1874, #3023, #1583, #2743, #2171, #2760, #1301, #3332, #159 ),
 .UNSPECIFIED., .F., .F. ) 
 B_SPLINE_CURVE_WITH_KNOTS ( ( 3, 2, 2, 2, 3 ),
 ( 0.5047926019426602906, 0.5168114710361464414, 0.5288303424555916843, 0.5408492138750370382, 0.5528681233969204856 ),
 .UNSPECIFIED. ) 
 CURVE ( )  GEOMETRIC_REPRESENTATION_ITEM ( )  RATIONAL_B_SPLINE_CURVE ( ( 1.000000000000000000, 0.9238795325112867385, 1.000000000000000000, 0.9238795325112867385, 1.000000000000000000, 0.9238795325112867385, 1.000000000000000000, 0.9238795325112867385, 1.000000000000000000 ) ) 
 REPRESENTATION_ITEM ( '' )  );
#1688 = CYLINDRICAL_SURFACE ( 'NONE', #1955, 2.000000000000000000 ) ;
#1689 = CARTESIAN_POINT ( 'NONE',  ( 3.999999999999999112, 18.26562499658601624, 1.656854249492383246 ) ) ;
#1690 = AXIS2_PLACEMENT_3D ( 'NONE', #783, #3631, #2180 ) ;
#1691 = ORIENTED_EDGE ( 'NONE', *, *, #565, .T. ) ;
#1692 = CARTESIAN_POINT ( 'NONE',  ( 4.507059494062498395, 14.45724906460786308, 0.000000000000000000 ) ) ;
#1693 = CARTESIAN_POINT ( 'NONE',  ( -1.376604666648954867, 15.53124999829300634, -3.323417656249999741 ) ) ;
#1694 = CARTESIAN_POINT ( 'NONE',  ( 1.381362927587294599E-05, 21.31218879068961058, -3.999999999949462204 ) ) ;
#1695 = EDGE_CURVE ( 'NONE', #2031, #857, #473, .T. ) ;
#1696 = ORIENTED_EDGE ( 'NONE', *, *, #3241, .F. ) ;
#1697 = CARTESIAN_POINT ( 'NONE',  ( -1.376604666648957087, 22.56249999829301345, 3.323417656249999297 ) ) ;
#1698 = B_SPLINE_CURVE_WITH_KNOTS ( 'NONE', 3,
 ( #2060, #1468, #2044, #564, #1738, #3500, #829, #2344, #3154, #2029, #261, #1701, #3736, #1450, #1721, #3759, #2596, #601 ),
 .UNSPECIFIED., .F., .F.,
 ( 4, 2, 2, 2, 2, 2, 2, 2, 4 ),
 ( 0.7932690635951272773, 0.7992786777132707687, 0.8052882918314143712, 0.8112979059495579737, 0.8173075200677014651, 0.8233171341858449566, 0.8293267483039885590, 0.8353363624221321615, 0.8413459765402756529 ),
 .UNSPECIFIED. ) ;
#1699 = CARTESIAN_POINT ( 'NONE',  ( 3.323417656249998853, 18.81249999829300990, 1.376604666648957087 ) ) ;
#1700 = EDGE_CURVE ( 'NONE', #2068, #786, #3423, .T. ) ;
#1701 = CARTESIAN_POINT ( 'NONE',  ( -3.495145135773692679, 21.72852049427809362, 2.014476646624246747 ) ) ;
#1702 = ORIENTED_EDGE ( 'NONE', *, *, #3289, .F. ) ;
#1703 = CARTESIAN_POINT ( 'NONE',  ( -1.656854249492380138, 22.48437499658601624, -4.000000000000000000 ) ) ;
#1704 = CARTESIAN_POINT ( 'NONE',  ( 3.323417656249999741, 11.78124999829300990, -1.376604666648954867 ) ) ;
#1705 = CARTESIAN_POINT ( 'NONE',  ( 3.323417656250000185, 11.39062499829300812, 0.000000000000000000 ) ) ;
#1706 = CARTESIAN_POINT ( 'NONE',  ( 2.828427124746189403, 17.09374999999999645, 2.828427124746190735 ) ) ;
#1707 = DIRECTION ( 'NONE',  ( -0.000000000000000000, -1.000000000000000000, -0.000000000000000000 ) ) ;
#1708 = CARTESIAN_POINT ( 'NONE',  ( 4.000000000000000000, 15.84374999658601624, 0.000000000000000000 ) ) ;
#1709 = ORIENTED_EDGE ( 'NONE', *, *, #3289, .T. ) ;
#1710 = CARTESIAN_POINT ( 'NONE',  ( 1.866885168863107403, 12.19162406460786130, -4.507059494062497507 ) ) ;
#1711 = CARTESIAN_POINT ( 'NONE',  ( 1.376604666648955089, 12.87499999829300634, -3.323417656249999741 ) ) ;
#1712 = CARTESIAN_POINT ( 'NONE',  ( -6.105019192434541011E-16, 12.64062499829300634, 3.323417656250000185 ) ) ;
#1713 = AXIS2_PLACEMENT_3D ( 'NONE', #1815, #373, #1509 ) ;
#1714 = ORIENTED_EDGE ( 'NONE', *, *, #2534, .T. ) ;
#1715 = AXIS2_PLACEMENT_3D ( 'NONE', #2993, #2478, #1030 ) ;
#1716 = CARTESIAN_POINT ( 'NONE',  ( -4.604523757462703834E-06, 14.43739626356434513, 3.999999999994384936 ) ) ;
#1717 = EDGE_CURVE ( 'NONE', #3653, #595, #1822, .T. ) ;
#1718 = CARTESIAN_POINT ( 'NONE',  ( 1.376604666648955089, 20.37499999829300634, -3.323417656249999741 ) ) ;
#1719 = ADVANCED_FACE ( 'NONE', ( #3281 ), #401, .T. ) ;
#1720 = CARTESIAN_POINT ( 'NONE',  ( 2.014475147273113276, 22.45764324631623765, -3.495145999945628912 ) ) ;
#1721 = CARTESIAN_POINT ( 'NONE',  ( -2.014475189505756436, 21.83268088742640245, 3.495145975604269317 ) ) ;
#1722 = ORIENTED_EDGE ( 'NONE', *, *, #76, .F. ) ;
#1723 = CARTESIAN_POINT ( 'NONE',  ( 0.000000000000000000, 11.00000000000000000, 0.000000000000000000 ) ) ;
#1724 = CARTESIAN_POINT ( 'NONE',  ( 0.000000000000000000, 11.00000000000000000, 0.000000000000000000 ) ) ;
#1725 = CARTESIAN_POINT ( 'NONE',  ( 3.323417656249999741, 11.46874999829300634, -1.376604666648954867 ) ) ;
#1726 = CARTESIAN_POINT ( 'NONE',  ( -4.000000000000000888, 15.45312500000000178, 1.656854249492379694 ) ) ;
#1727 = DIRECTION ( 'NONE',  ( 0.000000000000000000, 0.000000000000000000, -1.000000000000000000 ) ) ;
#1728 = CARTESIAN_POINT ( 'NONE',  ( 1.656854249492381026, 17.32812499658601624, -4.000000000000000000 ) ) ;
#1729 = EDGE_LOOP ( 'NONE', ( #2712, #640, #3453, #1722 ) ) ;
#1730 = CARTESIAN_POINT ( 'NONE',  ( 4.507059494062498395, 11.95724906460786130, 0.000000000000000000 ) ) ;
#1731 = CARTESIAN_POINT ( 'NONE',  ( 3.323417656250000185, 12.64062499829300634, 0.000000000000000000 ) ) ;
#1732 = CARTESIAN_POINT ( 'NONE',  ( 2.350011161449477193, 14.04687499829300812, 2.350011161449478081 ) ) ;
#1733 = ORIENTED_EDGE ( 'NONE', *, *, #622, .F. ) ;
#1734 = CARTESIAN_POINT ( 'NONE',  ( 3.495145403540372619, 14.85393454648879086, -2.014476182045282560 ) ) ;
#1735 = CARTESIAN_POINT ( 'NONE',  ( 3.198667720053606445, 18.36934781524493232, 2.458186424298230754 ) ) ;
#1736 = EDGE_CURVE ( 'NONE', #2895, #310, #2235, .T. ) ;
#1737 = CARTESIAN_POINT ( 'NONE',  ( -1.307756106749755463E-06, 13.65625005825047822, -3.999999999999786837 ) ) ;
#1738 = CARTESIAN_POINT ( 'NONE',  ( -2.458187525909006244, 21.44207941312024701, -3.198666873461869731 ) ) ;
#1739 = ORIENTED_EDGE ( 'NONE', *, *, #2341, .T. ) ;
#1740 = EDGE_CURVE ( 'NONE', #3528, #2579, #1150, .T. ) ;
#1741 = DIRECTION ( 'NONE',  ( 0.000000000000000000, 1.000000000000000000, 0.000000000000000000 ) ) ;
#1742 = CARTESIAN_POINT ( 'NONE',  ( 4.753178382985364661E-06, 19.28135336538207412, 3.999999999994110489 ) ) ;
#1743 = CARTESIAN_POINT ( 'NONE',  ( -3.323417656249999741, 23.49999999829300990, -1.376604666648955311 ) ) ;
#1744 = CARTESIAN_POINT ( 'NONE',  ( -1.656854249492382580, 18.10937500000000355, 3.999999999999999112 ) ) ;
#1745 = VECTOR ( 'NONE', #2638, 1000.000000000000000 ) ;
#1746 = CARTESIAN_POINT ( 'NONE',  ( 1.656854249492381248, 18.10937499658601624, 3.999999999999999112 ) ) ;
#1747 = CARTESIAN_POINT ( 'NONE',  ( -2.534972508129815782, 24.68671988096698655, -2.165049814769138603 ) ) ;
#1748 = EDGE_CURVE ( 'NONE', #222, #314, #2875, .T. ) ;
#1749 = EDGE_LOOP ( 'NONE', ( #380, #1691, #2037, #1733 ) ) ;
#1750 = CARTESIAN_POINT ( 'NONE',  ( -1.866885168863109623, 16.56662406460786130, 4.507059494062497507 ) ) ;
#1751 = CARTESIAN_POINT ( 'NONE',  ( 3.323417656249999741, 11.46874999829300634, -1.376604666648954867 ) ) ;
#1752 = CARTESIAN_POINT ( 'NONE',  ( -1.307756106749755463E-06, 13.65625005825047822, -3.999999999999786837 ) ) ;
#1753 = TOROIDAL_SURFACE ( 'NONE', #101, 8.125000000000000000, 0.5000000000000000000 ) ;
#1754 = ORIENTED_EDGE ( 'NONE', *, *, #420, .T. ) ;
#1755 = CARTESIAN_POINT ( 'NONE',  ( 3.999999962035574175, 14.77581425162754236, -0.5235990676390976928 ) ) ;
#1756 = CARTESIAN_POINT ( 'NONE',  ( 0.5235993334866926308, 18.21310722552244954, 3.999999927236166819 ) ) ;
#1757 = CARTESIAN_POINT ( 'NONE',  ( -3.323417656249999741, 18.49999999829300279, -1.376604666648955311 ) ) ;
#1758 = CARTESIAN_POINT ( 'NONE',  ( 1.376604666648955755, 12.40624999829300990, 3.323417656249999741 ) ) ;
#1759 = ORIENTED_EDGE ( 'NONE', *, *, #3522, .T. ) ;
#1760 = CARTESIAN_POINT ( 'NONE',  ( 0.000000000000000000, 9.500000000000000000, 0.000000000000000000 ) ) ;
#1761 = CARTESIAN_POINT ( 'NONE',  ( 0.000000000000000000, 0.5000000000000004441, 15.50000000000000000 ) ) ;
#1762 = CARTESIAN_POINT ( 'NONE',  ( 1.376604666648955755, 21.46874999829300279, 3.323417656249999297 ) ) ;
#1763 = CARTESIAN_POINT ( 'NONE',  ( 0.6632252564154557106, 24.00000000000001421, 3.397156434842953487 ) ) ;
#1764 = CARTESIAN_POINT ( 'NONE',  ( 2.828427124746190291, 14.74999999658601624, -2.828427124746190291 ) ) ;
#1765 = CARTESIAN_POINT ( 'NONE',  ( 3.323417656250000185, 24.20312499829300990, 0.000000000000000000 ) ) ;
#1766 = ORIENTED_EDGE ( 'NONE', *, *, #1933, .T. ) ;
#1767 = EDGE_CURVE ( 'NONE', #2455, #2518, #3547, .T. ) ;
#1768 = CARTESIAN_POINT ( 'NONE',  ( 4.507059494062497507, 19.53537406460786485, -1.866885168863107181 ) ) ;
#1769 = CARTESIAN_POINT ( 'NONE',  ( -1.376604666648954867, 19.28124999829300990, -3.323417656249999741 ) ) ;
#1770 = CARTESIAN_POINT ( 'NONE',  ( -1.656854249492380138, 17.48437499658602690, -4.000000000000000000 ) ) ;
#1771 = ORIENTED_EDGE ( 'NONE', *, *, #1188, .F. ) ;
#1772 = CIRCLE ( 'NONE', #2561, 7.625000000000000000 ) ;
#1773 = CARTESIAN_POINT ( 'NONE',  ( 3.323417656249999741, 23.96874999829300634, -1.376604666648954867 ) ) ;
#1774 = CARTESIAN_POINT ( 'NONE',  ( -2.350011161449478081, 16.23437499829300634, 2.350011161449477193 ) ) ;
#1775 = CARTESIAN_POINT ( 'NONE',  ( -6.105019192434541011E-16, 18.89062499829300990, 3.323417656250000185 ) ) ;
#1776 = ORIENTED_EDGE ( 'NONE', *, *, #1767, .T. ) ;
#1777 = DIRECTION ( 'NONE',  ( -0.000000000000000000, -1.000000000000000000, -0.000000000000000000 ) ) ;
#1778 = CARTESIAN_POINT ( 'NONE',  ( 2.828427124746189403, 19.43749999658601624, 2.828427124746190735 ) ) ;
#1779 = CARTESIAN_POINT ( 'NONE',  ( 2.350011161449477193, 13.73437499829300812, 2.350011161449478081 ) ) ;
#1780 = CARTESIAN_POINT ( 'NONE',  ( 0.000000000000000000, 24.00000000000000000, -4.000000000000000000 ) ) ;
#1781 = CARTESIAN_POINT ( 'NONE',  ( 4.000000000000000000, 20.92187499658601268, -1.656854249492380804 ) ) ;
#1782 = PLANE ( 'NONE',  #2050 ) ;
#1783 = ORIENTED_EDGE ( 'NONE', *, *, #3151, .T. ) ;
#1784 = CARTESIAN_POINT ( 'NONE',  ( 4.507059494062498395, 15.70724906460786308, 0.000000000000000000 ) ) ;
#1785 = CARTESIAN_POINT ( 'NONE',  ( 3.323417656249998853, 16.31249999829300634, 1.376604666648957087 ) ) ;
#1786 = DIRECTION ( 'NONE',  ( 0.000000000000000000, 1.000000000000000000, 0.000000000000000000 ) ) ;
#1787 = ORIENTED_EDGE ( 'NONE', *, *, #1748, .F. ) ;
#1788 = ADVANCED_FACE ( 'NONE', ( #4 ), #3559, .T. ) ;
#1789 = CARTESIAN_POINT ( 'NONE',  ( 0.000000000000000000, 9.500000000000000000, 0.000000000000000000 ) ) ;
#1790 = CARTESIAN_POINT ( 'NONE',  ( 0.5235981734029190315, 18.78598938783821382, -4.000000079090771266 ) ) ;
#1791 = ADVANCED_FACE ( 'NONE', ( #3172 ), #2326, .T. ) ;
#1792 = CARTESIAN_POINT ( 'NONE',  ( 3.323417656249998853, 15.37499999829300990, 1.376604666648957087 ) ) ;
#1793 = EDGE_LOOP ( 'NONE', ( #3613, #922, #3278 ) ) ;
#1794 = CARTESIAN_POINT ( 'NONE',  ( 3.311549416847701988, 23.99999999999997158, 0.3545372747843649197 ) ) ;
#1795 = LINE ( 'NONE', #1488, #3321 ) ;
#1796 = CARTESIAN_POINT ( 'NONE',  ( -2.350011161449477193, 13.10937499829300812, -2.350011161449477637 ) ) ;
#1797 = FACE_OUTER_BOUND ( 'NONE', #3586, .T. ) ;
#1798 = CARTESIAN_POINT ( 'NONE',  ( 4.000000000000000000, 22.17187499658601624, -1.656854249492380804 ) ) ;
#1799 = CARTESIAN_POINT ( 'NONE',  ( 4.000000000000000000, 11.00000000000000000, 0.000000000000000000 ) ) ;
#1800 = EDGE_LOOP ( 'NONE', ( #2308, #1714, #1115, #481 ) ) ;
#1801 = CARTESIAN_POINT ( 'NONE',  ( -4.507059494062498395, 17.66037406460786485, 1.866885168863106736 ) ) ;
#1802 = CARTESIAN_POINT ( 'NONE',  ( -3.323417656249999741, 18.18749999829300634, -1.376604666648955311 ) ) ;
#1803 = DIRECTION ( 'NONE',  ( -0.000000000000000000, -1.000000000000000000, -0.000000000000000000 ) ) ;
#1804 = CARTESIAN_POINT ( 'NONE',  ( 0.000000000000000000, 11.00000000000000000, 0.000000000000000000 ) ) ;
#1805 = AXIS2_PLACEMENT_3D ( 'NONE', #2560, #1116, #1418 ) ;
#1806 = FACE_OUTER_BOUND ( 'NONE', #2461, .T. ) ;
#1807 = CARTESIAN_POINT ( 'NONE',  ( 0.5235996234910643699, 21.96288137886178404, 3.999999889274620912 ) ) ;
#1808 = AXIS2_PLACEMENT_3D ( 'NONE', #652, #3762, #56 ) ;
#1809 = CARTESIAN_POINT ( 'NONE',  ( 2.014476414339090748, 18.29122752038368915, 3.495145269654548414 ) ) ;
#1810 = CIRCLE ( 'NONE', #3291, 3.624999999999999556 ) ;
#1811 = CARTESIAN_POINT ( 'NONE',  ( -1.376604666648954867, 18.34374999829300634, -3.323417656249999741 ) ) ;
#1812 = LINE ( 'NONE', #2701, #1378 ) ;
#1813 = DIRECTION ( 'NONE',  ( 1.224646799147351482E-16, 0.000000000000000000, -1.000000000000000000 ) ) ;
#1814 = CARTESIAN_POINT ( 'NONE',  ( -1.376604666648954867, 14.28124999829300634, -3.323417656249999741 ) ) ;
#1815 = CARTESIAN_POINT ( 'NONE',  ( 0.000000000000000000, 11.50000000000000000, 0.000000000000000000 ) ) ;
#1816 = CARTESIAN_POINT ( 'NONE',  ( 4.000000000000000000, 19.67187499658601268, -1.656854249492380804 ) ) ;
#1817 = DIRECTION ( 'NONE',  ( -0.000000000000000000, -1.000000000000000000, -0.000000000000000000 ) ) ;
#1818 = CARTESIAN_POINT ( 'NONE',  ( 2.759777991485163594E-16, 16.01974906460786485, -4.507059494062498395 ) ) ;
#1819 = CARTESIAN_POINT ( 'NONE',  ( 1.376604666648955089, 20.37499999829300634, -3.323417656249999741 ) ) ;
#1820 = CARTESIAN_POINT ( 'NONE',  ( -1.046991941635227130, 16.36426024713964011, -3.895890598318694220 ) ) ;
#1821 = CARTESIAN_POINT ( 'NONE',  ( -0.5235990918074923117, 15.08829543107254878, -3.999999958871934602 ) ) ;
#1822 = LINE ( 'NONE', #382, #600 ) ;
#1823 = CARTESIAN_POINT ( 'NONE',  ( -2.350011161449478081, 19.67187499829300990, 2.350011161449477193 ) ) ;
#1824 = CARTESIAN_POINT ( 'NONE',  ( 0.000000000000000000, 24.00000000000000000, 0.000000000000000000 ) ) ;
#1825 = CARTESIAN_POINT ( 'NONE',  ( 2.350011161449477193, 16.54687499829300634, 2.350011161449478081 ) ) ;
#1826 = CARTESIAN_POINT ( 'NONE',  ( -1.376604666648957087, 15.06249999829300812, 3.323417656249999297 ) ) ;
#1827 = CARTESIAN_POINT ( 'NONE',  ( 2.350011161449477193, 18.73437499829300990, 2.350011161449478081 ) ) ;
#1828 = VECTOR ( 'NONE', #1707, 1000.000000000000000 ) ;
#1829 = CARTESIAN_POINT ( 'NONE',  ( -3.323417656249999741, 17.24999999829300634, -1.376604666648955311 ) ) ;
#1830 = EDGE_CURVE ( 'NONE', #2958, #197, #1562, .T. ) ;
#1831 = CARTESIAN_POINT ( 'NONE',  ( 4.500000000000000888, 11.50000000000000000, 0.000000000000000000 ) ) ;
#1832 = CIRCLE ( 'NONE', #1715, 11.00000000000000000 ) ;
#1833 = CARTESIAN_POINT ( 'NONE',  ( 2.449293598294706414E-16, 29.89999999999999858, -2.000000000000000000 ) ) ;
#1834 = CARTESIAN_POINT ( 'NONE',  ( -1.376604666648954867, 16.78124999829300990, -3.323417656249999741 ) ) ;
#1835 = CARTESIAN_POINT ( 'NONE',  ( 3.198667779461346061, 19.61927253302476259, 2.458186346995043792 ) ) ;
#1836 = CARTESIAN_POINT ( 'NONE',  ( 4.000000000000000000, 22.09374999658601624, 0.000000000000000000 ) ) ;
#1837 = CARTESIAN_POINT ( 'NONE',  ( -2.290148581540085403E-06, 16.78120015883094496, 3.999999999998629541 ) ) ;
#1838 = EDGE_CURVE ( 'NONE', #2847, #2877, #1326, .T. ) ;
#1839 = CARTESIAN_POINT ( 'NONE',  ( 1.866885168863107403, 23.44162406460786485, -4.507059494062497507 ) ) ;
#1840 = CARTESIAN_POINT ( 'NONE',  ( -3.323417656249999741, 20.68749999829300634, -1.376604666648955311 ) ) ;
#1841 = EDGE_LOOP ( 'NONE', ( #3393, #521, #612, #1295 ) ) ;
#1842 = CARTESIAN_POINT ( 'NONE',  ( -3.236434792260523885, 11.49962445920454179, -2.350636049051025189 ) ) ;
#1843 = CARTESIAN_POINT ( 'NONE',  ( 1.046992365323845098, 21.98892147714886747, 3.895890484455452718 ) ) ;
#1844 = CARTESIAN_POINT ( 'NONE',  ( 1.046990764673318974, 21.25979872511070923, -3.895890914618347356 ) ) ;
#1845 = CARTESIAN_POINT ( 'NONE',  ( 1.376604666648955089, 20.68749999829300634, -3.323417656249999741 ) ) ;
#1846 = CARTESIAN_POINT ( 'NONE',  ( 1.376604666648955755, 15.21874999829300812, 3.323417656249999741 ) ) ;
#1847 = CARTESIAN_POINT ( 'NONE',  ( -6.105019192434541011E-16, 18.57812499829300990, 3.323417656250000185 ) ) ;
#1848 = CARTESIAN_POINT ( 'NONE',  ( 1.376604666648955089, 16.93749999829300634, -3.323417656249999741 ) ) ;
#1849 = CARTESIAN_POINT ( 'NONE',  ( 3.106781719601936498, 24.00000000000000711, 1.200152553468153860 ) ) ;
#1850 = PLANE ( 'NONE',  #2291 ) ;
#1851 = ADVANCED_FACE ( 'NONE', ( #3302 ), #715, .F. ) ;
#1852 = CYLINDRICAL_SURFACE ( 'NONE', #2796, 4.000000000000000000 ) ;
#1853 = CARTESIAN_POINT ( 'NONE',  ( -1.656854249492380360, 23.73437499658601979, -4.000000000000000000 ) ) ;
#1854 = DIRECTION ( 'NONE',  ( 0.000000000000000000, 0.000000000000000000, 1.000000000000000000 ) ) ;
#1855 = CARTESIAN_POINT ( 'NONE',  ( 4.507059494062497507, 23.28537406460786485, -1.866885168863107181 ) ) ;
#1856 = CARTESIAN_POINT ( 'NONE',  ( -1.656854249492382580, 11.85937500000000178, 3.999999999999999112 ) ) ;
#1857 = DIRECTION ( 'NONE',  ( 0.000000000000000000, 0.000000000000000000, 1.000000000000000000 ) ) ;
#1858 = ORIENTED_EDGE ( 'NONE', *, *, #2390, .T. ) ;
#1859 = EDGE_CURVE ( 'NONE', #216, #2673, #2061, .T. ) ;
#1860 = VERTEX_POINT ( 'NONE', #173 ) ;
#1861 = CARTESIAN_POINT ( 'NONE',  ( -2.828427124746189847, 18.96875000000000000, -2.828427124746190291 ) ) ;
#1862 = CARTESIAN_POINT ( 'NONE',  ( -7.227421135308288384E-06, 14.90625033737828709, -3.999999999993470556 ) ) ;
#1863 = CARTESIAN_POINT ( 'NONE',  ( -0.6281989239382197443, 11.32446296720755541, -3.994501035607950001 ) ) ;
#1864 = CARTESIAN_POINT ( 'NONE',  ( 3.323417656250001073, 23.94347245587761464, -0.9312007261631828348 ) ) ;
#1865 = CARTESIAN_POINT ( 'NONE',  ( 2.458186250367471182, 21.18167843024946606, -3.198667853719935561 ) ) ;
#1866 = AXIS2_PLACEMENT_3D ( 'NONE', #902, #3095, #2251 ) ;
#1867 = ORIENTED_EDGE ( 'NONE', *, *, #2493, .T. ) ;
#1868 = CARTESIAN_POINT ( 'NONE',  ( 2.035006397478180666E-16, 20.76562499829300634, -3.323417656250000185 ) ) ;
#1869 = CIRCLE ( 'NONE', #2233, 0.5000000000000004441 ) ;
#1870 = CARTESIAN_POINT ( 'NONE',  ( -2.350011161449478081, 17.48437499829300634, 2.350011161449477193 ) ) ;
#1871 = CARTESIAN_POINT ( 'NONE',  ( 1.376604666648955755, 17.40624999829300990, 3.323417656249999741 ) ) ;
#1872 = CARTESIAN_POINT ( 'NONE',  ( 2.350011161449477193, 20.29687499829300990, 2.350011161449478081 ) ) ;
#1873 = AXIS2_PLACEMENT_3D ( 'NONE', #3262, #1430, #1554 ) ;
#1874 = CARTESIAN_POINT ( 'NONE',  ( -5.924722707952368161E-07, 18.65625002452301473, -3.999999999999956923 ) ) ;
#1875 = CARTESIAN_POINT ( 'NONE',  ( -2.290148581540085403E-06, 16.78120015883094496, 3.999999999998629541 ) ) ;
#1876 = CARTESIAN_POINT ( 'NONE',  ( 0.000000000000000000, 24.00000000000000000, 0.000000000000000000 ) ) ;
#1877 = CARTESIAN_POINT ( 'NONE',  ( 2.350011161449477193, 14.04687499829300812, 2.350011161449478081 ) ) ;
#1878 = CARTESIAN_POINT ( 'NONE',  ( -4.507059494062498395, 21.33224906460785775, -5.519555982970327188E-16 ) ) ;
#1879 = CARTESIAN_POINT ( 'NONE',  ( -3.323417656249999741, 21.93749999829300634, -1.376604666648955311 ) ) ;
#1880 = CARTESIAN_POINT ( 'NONE',  ( -2.458186520928694829, 16.80694191802003701, 3.198667645792786729 ) ) ;
#1881 = B_SPLINE_CURVE_WITH_KNOTS ( 'NONE', 3,
 ( #2172, #3600, #1001, #710, #448, #1892, #1241, #3554, #2486, #1605, #2761, #160, #1038, #2190, #3352, #3062, #1522, #2682 ),
 .UNSPECIFIED., .F., .F.,
 ( 4, 2, 2, 2, 2, 2, 2, 2, 4 ),
 ( 0.4567306729790538422, 0.4627402870971984994, 0.4687499012153431566, 0.4747595153334878137, 0.4807691294516324154, 0.4867787435697770726, 0.4927883576879217298, 0.4987979718060663870, 0.5048075859242110441 ),
 .UNSPECIFIED. ) ;
#1882 = ORIENTED_EDGE ( 'NONE', *, *, #685, .T. ) ;
#1883 = CARTESIAN_POINT ( 'NONE',  ( -4.000000000000000000, 22.87500000000000000, -4.898587196589412829E-16 ) ) ;
#1884 = CARTESIAN_POINT ( 'NONE',  ( -3.198666918016810357, 20.50463587478544270, 2.458187467932793524 ) ) ;
#1885 = CARTESIAN_POINT ( 'NONE',  ( 3.495145744352756267, 15.89553847797214914, 2.014475590730731902 ) ) ;
#1886 = CARTESIAN_POINT ( 'NONE',  ( -1.376604666648954867, 23.03124999829300990, -3.323417656249999741 ) ) ;
#1887 = CARTESIAN_POINT ( 'NONE',  ( 1.046992271172934474, 20.73899675936914733, 3.895890509757831577 ) ) ;
#1888 = ORIENTED_EDGE ( 'NONE', *, *, #3768, .T. ) ;
#1889 = CARTESIAN_POINT ( 'NONE',  ( 1.376604666648955089, 19.43749999829300634, -3.323417656249999741 ) ) ;
#1890 = CARTESIAN_POINT ( 'NONE',  ( 1.376604666648955089, 15.68749999829300812, -3.323417656249999741 ) ) ;
#1891 = CARTESIAN_POINT ( 'NONE',  ( 2.035006397478180666E-16, 15.45312499829300812, -3.323417656250000185 ) ) ;
#1892 = CARTESIAN_POINT ( 'NONE',  ( 3.198667660645051036, 17.11942309746503099, 2.458186501602471541 ) ) ;
#1893 = VECTOR ( 'NONE', #2134, 1000.000000000000000 ) ;
#1894 = CARTESIAN_POINT ( 'NONE',  ( 1.898202538678397557E-15, 0.5000000000000004441, -15.50000000000000000 ) ) ;
#1895 = CARTESIAN_POINT ( 'NONE',  ( 3.323417656250000185, 12.95312499829300634, 0.000000000000000000 ) ) ;
#1896 = CARTESIAN_POINT ( 'NONE',  ( 0.000000000000000000, 24.00000000000000000, 0.000000000000000000 ) ) ;
#1897 = CIRCLE ( 'NONE', #738, 16.00000000000000000 ) ;
#1898 = CARTESIAN_POINT ( 'NONE',  ( 1.866885168863107403, 22.19162406460786485, -4.507059494062497507 ) ) ;
#1899 = CARTESIAN_POINT ( 'NONE',  ( 3.323417656250000185, 23.89062499829300990, 0.000000000000000000 ) ) ;
#1900 = CARTESIAN_POINT ( 'NONE',  ( 2.056685118909789001, 11.07101135414868764, -3.711164355409345195 ) ) ;
#1901 = CARTESIAN_POINT ( 'NONE',  ( -2.828427124746189847, 21.46875000000000000, -2.828427124746190291 ) ) ;
#1902 = DIRECTION ( 'NONE',  ( -1.000000000000000000, 0.000000000000000000, 0.000000000000000000 ) ) ;
#1903 = CARTESIAN_POINT ( 'NONE',  ( 3.323417656249999297, 20.06249999829301345, 1.376604666648957087 ) ) ;
#1904 = CARTESIAN_POINT ( 'NONE',  ( 2.014476583274539045, 20.79107695594329641, 3.495145172286200363 ) ) ;
#1905 = ORIENTED_EDGE ( 'NONE', *, *, #2412, .F. ) ;
#1906 = CARTESIAN_POINT ( 'NONE',  ( 2.350011161449477637, 21.85937499829300990, -2.350011161449477637 ) ) ;
#1907 = CARTESIAN_POINT ( 'NONE',  ( 3.323417656249999741, 18.03124999829300990, -1.376604666648954867 ) ) ;
#1908 = CARTESIAN_POINT ( 'NONE',  ( -3.323417656250000185, 18.26562499829300990, -4.070012794956361332E-16 ) ) ;
#1909 = CARTESIAN_POINT ( 'NONE',  ( 3.323417656249998853, 16.31249999829300634, 1.376604666648957087 ) ) ;
#1910 = EDGE_CURVE ( 'NONE', #1100, #1216, #1203, .T. ) ;
#1911 = DIRECTION ( 'NONE',  ( 0.000000000000000000, 0.000000000000000000, 1.000000000000000000 ) ) ;
#1912 = CARTESIAN_POINT ( 'NONE',  ( 0.000000000000000000, 24.00000000000000000, -4.000000000000000000 ) ) ;
#1913 = CARTESIAN_POINT ( 'NONE',  ( 2.350011161449477193, 12.79687499829300634, 2.350011161449478081 ) ) ;
#1914 = DIRECTION ( 'NONE',  ( -0.000000000000000000, -1.000000000000000000, -0.000000000000000000 ) ) ;
#1915 = B_SPLINE_CURVE_WITH_KNOTS ( 'NONE', 3,
 ( #2565, #168, #3376, #3069, #453, #1085, #2767, #514, #799, #189, #818, #2845, #3724, #1958, #1900, #2529, #779, #1611, #758, #1382, #208, #472, #1978, #1347, #3340, #2546, #3106, #1104 ),
 .UNSPECIFIED., .F., .F.,
 ( 4, 2, 2, 2, 2, 2, 2, 2, 2, 2, 2, 2, 2, 4 ),
 ( 0.003793950701455659109, 0.004761722234998591249, 0.005245608001770056886, 0.005487550885155789704, 0.005729493768541522522, 0.005850465210234389798, 0.005880708070657606618, 0.005910950931080822569, 0.005941193791504038521, 0.005971436651927254473, 0.006092408093620117412, 0.006213379535312978617, 0.006697265302084422570, 0.007665036835627308739 ),
 .UNSPECIFIED. ) ;
#1916 = CARTESIAN_POINT ( 'NONE',  ( 4.507059494062497507, 22.03537406460786130, -1.866885168863107181 ) ) ;
#1917 = CARTESIAN_POINT ( 'NONE',  ( 1.376604666648955089, 24.12499999829300634, -3.323417656249999741 ) ) ;
#1918 = DIRECTION ( 'NONE',  ( -1.000000000000000000, -0.000000000000000000, -0.000000000000000000 ) ) ;
#1919 = ORIENTED_EDGE ( 'NONE', *, *, #685, .F. ) ;
#1920 = CARTESIAN_POINT ( 'NONE',  ( -1.656854249492380360, 22.64062500000000000, -4.000000000000000000 ) ) ;
#1921 = LINE ( 'NONE', #2809, #2322 ) ;
#1922 = CARTESIAN_POINT ( 'NONE',  ( -2.866786309607373351, 23.96797122985431727, -2.859428609159694545 ) ) ;
#1923 = FACE_OUTER_BOUND ( 'NONE', #1366, .T. ) ;
#1924 = EDGE_LOOP ( 'NONE', ( #2813, #2642, #1404, #7 ) ) ;
#1925 = CARTESIAN_POINT ( 'NONE',  ( -2.350011161449477193, 23.42187499829300634, -2.350011161449477637 ) ) ;
#1926 = CARTESIAN_POINT ( 'NONE',  ( 1.376604666648955089, 20.68749999829300990, -3.323417656249999741 ) ) ;
#1927 = AXIS2_PLACEMENT_3D ( 'NONE', #3251, #2965, #2365 ) ;
#1928 = CARTESIAN_POINT ( 'NONE',  ( -1.376604666648956865, 18.49999999829300279, 3.323417656249998853 ) ) ;
#1929 = CIRCLE ( 'NONE', #3628, 11.50000000000000000 ) ;
#1930 = CARTESIAN_POINT ( 'NONE',  ( 3.047212355975594367, 23.99999999999999289, -1.343940011099398646 ) ) ;
#1931 = EDGE_CURVE ( 'NONE', #2756, #2847, #3695, .T. ) ;
#1932 = CARTESIAN_POINT ( 'NONE',  ( 3.999999999999999112, 18.26562499658601624, 1.656854249492383024 ) ) ;
#1933 = EDGE_CURVE ( 'NONE', #995, #2476, #1943, .T. ) ;
#1934 = CARTESIAN_POINT ( 'NONE',  ( 3.192408228438131089E-06, 21.78131968032069565, 3.999999999997323474 ) ) ;
#1935 = CARTESIAN_POINT ( 'NONE',  ( 1.656854249492381026, 24.82812499658601268, -4.000000000000000000 ) ) ;
#1936 = DIRECTION ( 'NONE',  ( -1.000000000000000000, 0.000000000000000000, 0.000000000000000000 ) ) ;
#1937 = CARTESIAN_POINT ( 'NONE',  ( -1.376604666648956865, 12.56249999829300812, 3.323417656249998853 ) ) ;
#1938 = CARTESIAN_POINT ( 'NONE',  ( -2.350011161449478081, 23.42187499829300634, 2.350011161449477193 ) ) ;
#1939 = CARTESIAN_POINT ( 'NONE',  ( 4.000000000000000000, 11.00000000000000000, 0.000000000000000000 ) ) ;
#1940 = ORIENTED_EDGE ( 'NONE', *, *, #2093, .T. ) ;
#1941 = CARTESIAN_POINT ( 'NONE',  ( -7.347880794884119736E-16, 19.43750000000000000, 4.000000000000000000 ) ) ;
#1942 = CARTESIAN_POINT ( 'NONE',  ( -6.278900822733064611E-06, 15.68735854122382811, 3.999999999989558574 ) ) ;
#1943 = LINE ( 'NONE', #2224, #3756 ) ;
#1944 = CARTESIAN_POINT ( 'NONE',  ( -3.495145476571081211, 12.97904746981864399, 2.014476055335947979 ) ) ;
#1945 = ORIENTED_EDGE ( 'NONE', *, *, #1344, .T. ) ;
#1946 = DIRECTION ( 'NONE',  ( -0.000000000000000000, -1.000000000000000000, -0.000000000000000000 ) ) ;
#1947 = CARTESIAN_POINT ( 'NONE',  ( 3.323417656249999297, 21.62499999829300990, 1.376604666648957087 ) ) ;
#1948 = CARTESIAN_POINT ( 'NONE',  ( 2.035006397478180666E-16, 21.70312499829300634, -3.323417656250000185 ) ) ;
#1949 = B_SPLINE_CURVE_WITH_KNOTS ( 'NONE', 1,
 ( #2407, #1266 ),
 .UNSPECIFIED., .F., .F.,
 ( 2, 2 ),
 ( 0.000000000000000000, 1.000000000000000000 ),
 .UNSPECIFIED. ) ;
#1950 = DIRECTION ( 'NONE',  ( 1.000000000000000000, -0.000000000000000000, 1.224646799147353207E-16 ) ) ;
#1951 = VERTEX_POINT ( 'NONE', #2790 ) ;
#1952 = ADVANCED_FACE ( 'NONE', ( #3382 ), #3632, .T. ) ;
#1953 = CARTESIAN_POINT ( 'NONE',  ( 3.323417656249999741, 13.03124999829300812, -1.376604666648954867 ) ) ;
#1954 = LINE ( 'NONE', #3103, #93 ) ;
#1955 = AXIS2_PLACEMENT_3D ( 'NONE', #246, #1329, #2492 ) ;
#1956 = CARTESIAN_POINT ( 'NONE',  ( 3.323417656250000185, 11.70312499829300812, 0.000000000000000000 ) ) ;
#1957 = CARTESIAN_POINT ( 'NONE',  ( 1.656854249492381248, 17.01562500000000000, 3.999999999999999112 ) ) ;
#1958 = CARTESIAN_POINT ( 'NONE',  ( 2.046788204602742134, 11.07584133165030238, -3.707748578414381768 ) ) ;
#1959 = AXIS2_PLACEMENT_3D ( 'NONE', #1680, #161, #1341 ) ;
#1960 = CARTESIAN_POINT ( 'NONE',  ( 3.999999999999999112, 13.26562499658601624, 1.656854249492383246 ) ) ;
#1961 = EDGE_CURVE ( 'NONE', #1557, #333, #2057, .T. ) ;
#1962 = VERTEX_POINT ( 'NONE', #740 ) ;
#1963 = CARTESIAN_POINT ( 'NONE',  ( 2.828427124746190291, 23.65625000000000000, -2.828427124746190291 ) ) ;
#1964 = CARTESIAN_POINT ( 'NONE',  ( -3.895890617296572600, 15.42681670880464395, 1.046991871017941778 ) ) ;
#1965 = FACE_OUTER_BOUND ( 'NONE', #2221, .T. ) ;
#1966 = EDGE_LOOP ( 'NONE', ( #1128, #133, #1709, #3731 ) ) ;
#1967 = DIRECTION ( 'NONE',  ( -0.000000000000000000, -1.000000000000000000, -0.000000000000000000 ) ) ;
#1968 = CARTESIAN_POINT ( 'NONE',  ( 3.323417656249999741, 20.53124999829300990, -1.376604666648954867 ) ) ;
#1969 = CARTESIAN_POINT ( 'NONE',  ( 3.323417656249998853, 17.56249999829300990, 1.376604666648957087 ) ) ;
#1970 = DIRECTION ( 'NONE',  ( 0.000000000000000000, 0.000000000000000000, -1.000000000000000000 ) ) ;
#1971 = CARTESIAN_POINT ( 'NONE',  ( 2.458187641859560735, 23.31696648978973840, 3.198666784353422443 ) ) ;
#1972 = ORIENTED_EDGE ( 'NONE', *, *, #2371, .T. ) ;
#1973 = CARTESIAN_POINT ( 'NONE',  ( 0.000000000000000000, 24.00000000000000000, 0.000000000000000000 ) ) ;
#1974 = EDGE_CURVE ( 'NONE', #1189, #310, #2957, .T. ) ;
#1975 = CARTESIAN_POINT ( 'NONE',  ( 1.376604666648955755, 12.71874999829300812, 3.323417656249999297 ) ) ;
#1976 = B_SPLINE_CURVE_WITH_KNOTS ( 'NONE', 3,
 ( #2446, #2402, #3574, #55, #340, #650, #3269, #668, #3553, #2681, #959, #2931, #411, #2062, #73, #1222, #2382, #1505, #3534, #1207, #3215, #3516 ),
 .UNSPECIFIED., .F., .F.,
 ( 4, 2, 2, 2, 2, 2, 2, 2, 2, 2, 4 ),
 ( 0.000000000000000000, 0.0009006298560060333218, 0.001350944784009050145, 0.001801259712012066644, 0.002701889568018101158, 0.003152204496021118740, 0.003602519424024136323, 0.004503149280030171488, 0.005403779136036205785, 0.006304408992042242685, 0.007205038848048277850 ),
 .UNSPECIFIED. ) ;
#1977 = CARTESIAN_POINT ( 'NONE',  ( 4.000000000000000000, 13.50000000000000000, 0.000000000000000000 ) ) ;
#1978 = CARTESIAN_POINT ( 'NONE',  ( 1.894146555722011183, 11.02650287031511311, -3.904146885576464499 ) ) ;
#1979 = CARTESIAN_POINT ( 'NONE',  ( -1.656854249492380360, 16.23437499658601979, -4.000000000000000000 ) ) ;
#1980 = EDGE_LOOP ( 'NONE', ( #2937, #346 ) ) ;
#1981 = CARTESIAN_POINT ( 'NONE',  ( -3.186972331462802455, 13.67599906460785952, -3.186972331462802899 ) ) ;
#1982 = APPLICATION_PROTOCOL_DEFINITION ( 'draft international standard', 'automotive_design', 1998, #3627 ) ;
#1983 = CARTESIAN_POINT ( 'NONE',  ( 1.376604666648955755, 13.65624999829300990, 3.323417656249999297 ) ) ;
#1984 = DIRECTION ( 'NONE',  ( 0.000000000000000000, 1.000000000000000000, 0.000000000000000000 ) ) ;
#1985 = CARTESIAN_POINT ( 'NONE',  ( 0.5235988501201788159, 11.96348363662225367, 3.999999990508751324 ) ) ;
#1986 = EDGE_CURVE ( 'NONE', #933, #592, #3741, .T. ) ;
#1987 = ORIENTED_EDGE ( 'NONE', *, *, #976, .F. ) ;
#1988 = CARTESIAN_POINT ( 'NONE',  ( 3.323417656249999297, 20.37499999829300990, 1.376604666648957087 ) ) ;
#1989 = CARTESIAN_POINT ( 'NONE',  ( 3.323417656250000185, 20.14062499829300634, 0.000000000000000000 ) ) ;
#1990 = FACE_OUTER_BOUND ( 'NONE', #210, .T. ) ;
#1991 = CARTESIAN_POINT ( 'NONE',  ( 1.376604666648955755, 13.65624999829300990, 3.323417656249999741 ) ) ;
#1992 = EDGE_LOOP ( 'NONE', ( #745, #2840, #2433, #1787 ) ) ;
#1993 = AXIS2_PLACEMENT_3D ( 'NONE', #1723, #2046, #22 ) ;
#1994 = CARTESIAN_POINT ( 'NONE',  ( -3.198667036832000488, 18.00478643922579991, 2.458187313326925860 ) ) ;
#1995 = AXIS2_PLACEMENT_3D ( 'NONE', #3311, #431, #2114 ) ;
#1996 = CARTESIAN_POINT ( 'NONE',  ( 1.376604666648955089, 11.93749999829300812, -3.323417656249999741 ) ) ;
#1997 = CARTESIAN_POINT ( 'NONE',  ( -2.534977629170342972, 24.68672029197851359, -2.165044693728612302 ) ) ;
#1998 = CARTESIAN_POINT ( 'NONE',  ( 2.828427124746190291, 12.40624999999999822, -2.828427124746190291 ) ) ;
#1999 = CARTESIAN_POINT ( 'NONE',  ( 1.656854249492380804, 21.07812499658601979, -4.000000000000000000 ) ) ;
#2000 = CARTESIAN_POINT ( 'NONE',  ( 4.000000000000000000, 17.09374999658601624, 0.000000000000000000 ) ) ;
#2001 = AXIS2_PLACEMENT_3D ( 'NONE', #195, #3649, #1574 ) ;
#2002 = ORIENTED_EDGE ( 'NONE', *, *, #3320, .F. ) ;
#2003 = CARTESIAN_POINT ( 'NONE',  ( 4.507059494062498395, 10.70724906460786308, 0.000000000000000000 ) ) ;
#2004 = CARTESIAN_POINT ( 'NONE',  ( 2.035006397478180666E-16, 11.70312499829300812, -3.323417656250000185 ) ) ;
#2005 = CARTESIAN_POINT ( 'NONE',  ( -3.895890667905150817, 12.92696727324447181, 1.046991682701791326 ) ) ;
#2006 = CARTESIAN_POINT ( 'NONE',  ( 2.092962954411025058E-06, 12.56245284707484267, -3.999999999998839595 ) ) ;
#2007 = ORIENTED_EDGE ( 'NONE', *, *, #1459, .F. ) ;
#2008 = CARTESIAN_POINT ( 'NONE',  ( -2.350011161449477193, 20.92187499829300634, -2.350011161449477637 ) ) ;
#2009 = CARTESIAN_POINT ( 'NONE',  ( 1.376604666648955755, 21.15624999829300279, 3.323417656249999297 ) ) ;
#2010 = APPLICATION_CONTEXT ( 'automotive_design' ) ;
#2011 = CARTESIAN_POINT ( 'NONE',  ( 1.046990576374027260, 23.75964816067001095, -3.895890965222322588 ) ) ;
#2012 = ORIENTED_EDGE ( 'NONE', *, *, #3169, .F. ) ;
#2013 = CARTESIAN_POINT ( 'NONE',  ( 2.496422476734023656E-07, 22.40624998481440500, -3.999999999999992450 ) ) ;
#2014 = CARTESIAN_POINT ( 'NONE',  ( 2.350011161449477637, 11.85937499829300812, -2.350011161449477637 ) ) ;
#2015 = CARTESIAN_POINT ( 'NONE',  ( 3.323417656250000185, 21.70312499829300634, 0.000000000000000000 ) ) ;
#2016 = CARTESIAN_POINT ( 'NONE',  ( -1.656854249492382580, 13.10937500000000178, 3.999999999999999112 ) ) ;
#2017 = CARTESIAN_POINT ( 'NONE',  ( 2.828427124746189403, 20.68749999658601624, 2.828427124746190735 ) ) ;
#2018 = CARTESIAN_POINT ( 'NONE',  ( 1.656854249492381248, 14.35937499658601624, 3.999999999999999112 ) ) ;
#2019 = VERTEX_POINT ( 'NONE', #130 ) ;
#2020 = CARTESIAN_POINT ( 'NONE',  ( -2.828427124746189847, 23.96875000000000000, -2.828427124746190291 ) ) ;
#2021 = CARTESIAN_POINT ( 'NONE',  ( 2.458186559581343023, 16.18197955913005970, -3.198667616088100907 ) ) ;
#2022 = CARTESIAN_POINT ( 'NONE',  ( -2.350011161449477193, 13.42187499829300812, -2.350011161449477637 ) ) ;
#2023 = CIRCLE ( 'NONE', #1409, 0.5000000000000004441 ) ;
#2024 = ORIENTED_EDGE ( 'NONE', *, *, #1910, .T. ) ;
#2025 = AXIS2_PLACEMENT_3D ( 'NONE', #1615, #2770, #739 ) ;
#2026 = EDGE_CURVE ( 'NONE', #2860, #2091, #2192, .T. ) ;
#2027 = CARTESIAN_POINT ( 'NONE',  ( 1.376604666648955755, 22.40624999829300634, 3.323417656249999297 ) ) ;
#2028 = DIRECTION ( 'NONE',  ( -0.000000000000000000, -1.000000000000000000, -0.000000000000000000 ) ) ;
#2029 = CARTESIAN_POINT ( 'NONE',  ( -3.999999892438028670, 21.65040019941685401, 0.5235995993244640934 ) ) ;
#2030 = ADVANCED_FACE ( 'NONE', ( #1426 ), #899, .F. ) ;
#2031 = VERTEX_POINT ( 'NONE', #2708 ) ;
#2032 = CARTESIAN_POINT ( 'NONE',  ( 1.195989259963723346E-06, 23.03127589841479761, 3.999999999999630518 ) ) ;
#2033 = LINE ( 'NONE', #3176, #3011 ) ;
#2034 = CARTESIAN_POINT ( 'NONE',  ( 2.350011161449477193, 22.79687499829300634, 2.350011161449478081 ) ) ;
#2035 = CARTESIAN_POINT ( 'NONE',  ( -4.000000000000000000, 16.54687499999999645, -1.656854249492381248 ) ) ;
#2036 = CARTESIAN_POINT ( 'NONE',  ( -7.347880794884119736E-16, 15.53124999658601624, 4.000000000000000000 ) ) ;
#2037 = ORIENTED_EDGE ( 'NONE', *, *, #1830, .F. ) ;
#2038 = CARTESIAN_POINT ( 'NONE',  ( 3.186972331462802011, 19.30099906460786130, 3.186972331462803343 ) ) ;
#2039 = CARTESIAN_POINT ( 'NONE',  ( -3.323417656250001517, 14.59374999829300457, 1.376604666648954201 ) ) ;
#2040 = EDGE_LOOP ( 'NONE', ( #1696, #2718, #3109, #2605 ) ) ;
#2041 = CARTESIAN_POINT ( 'NONE',  ( 3.198667185355543285, 14.87997464477587606, -2.458187120063640485 ) ) ;
#2042 = CARTESIAN_POINT ( 'NONE',  ( -2.350011161449478081, 23.42187499829300634, 2.350011161449477193 ) ) ;
#2043 = CARTESIAN_POINT ( 'NONE',  ( -2.828427124746190735, 14.12499999658601624, 2.828427124746189847 ) ) ;
#2044 = CARTESIAN_POINT ( 'NONE',  ( -1.046992318248584741, 21.36395911825901806, -3.895890497106590189 ) ) ;
#2045 = ORIENTED_EDGE ( 'NONE', *, *, #2902, .T. ) ;
#2046 = DIRECTION ( 'NONE',  ( -0.000000000000000000, -1.000000000000000000, -0.000000000000000000 ) ) ;
#2047 = CARTESIAN_POINT ( 'NONE',  ( 2.828427124746189403, 15.68749999658601624, 2.828427124746190735 ) ) ;
#2048 = CARTESIAN_POINT ( 'NONE',  ( -1.376604666648956865, 23.81249999829300634, 3.323417656249998853 ) ) ;
#2049 = CARTESIAN_POINT ( 'NONE',  ( -2.828427124746190735, 18.03125000000000000, 2.828427124746189847 ) ) ;
#2050 = AXIS2_PLACEMENT_3D ( 'NONE', #3674, #880, #2335 ) ;
#2051 = CARTESIAN_POINT ( 'NONE',  ( -4.000000000000000888, 15.29687499658601801, 1.656854249492379694 ) ) ;
#2052 = LINE ( 'NONE', #522, #1745 ) ;
#2053 = ORIENTED_EDGE ( 'NONE', *, *, #846, .F. ) ;
#2054 = CARTESIAN_POINT ( 'NONE',  ( 4.507059494062498395, 19.45724906460786485, 0.000000000000000000 ) ) ;
#2055 = CARTESIAN_POINT ( 'NONE',  ( -2.350011161449477193, 18.10937499829300990, -2.350011161449477637 ) ) ;
#2056 = CARTESIAN_POINT ( 'NONE',  ( -4.604523757462703834E-06, 14.43739626356434513, 3.999999999994384936 ) ) ;
#2057 = CIRCLE ( 'NONE', #2001, 7.625000000000000000 ) ;
#2058 = ORIENTED_EDGE ( 'NONE', *, *, #3697, .F. ) ;
#2059 = CARTESIAN_POINT ( 'NONE',  ( 2.014475400673628958, 18.70786909297697065, -3.495145853894779275 ) ) ;
#2060 = CARTESIAN_POINT ( 'NONE',  ( 1.381362927587294599E-05, 21.31218879068961058, -3.999999999949462204 ) ) ;
#2061 = B_SPLINE_CURVE_WITH_KNOTS ( 'NONE', 1,
 ( #2753, #2142 ),
 .UNSPECIFIED., .F., .F.,
 ( 2, 2 ),
 ( 0.000000000000000000, 1.000000000000000000 ),
 .UNSPECIFIED. ) ;
#2062 = CARTESIAN_POINT ( 'NONE',  ( -0.3186581487458532980, 24.00000000000000711, -3.702095014608424606 ) ) ;
#2063 = CARTESIAN_POINT ( 'NONE',  ( 3.999999999999999112, 19.51562499658601624, 1.656854249492383024 ) ) ;
#2064 = CARTESIAN_POINT ( 'NONE',  ( 1.376604666648955755, 22.71874999829300279, 3.323417656249999297 ) ) ;
#2065 = DIRECTION ( 'NONE',  ( 0.000000000000000000, 0.000000000000000000, 1.000000000000000000 ) ) ;
#2066 = CARTESIAN_POINT ( 'NONE',  ( 4.000000000000000000, 23.42187499658601979, -1.656854249492380804 ) ) ;
#2067 = CARTESIAN_POINT ( 'NONE',  ( 2.350011161449477193, 24.04687499829300634, 2.350011161449478081 ) ) ;
#2068 = VERTEX_POINT ( 'NONE', #103 ) ;
#2069 = CARTESIAN_POINT ( 'NONE',  ( 3.186972331462802011, 16.80099906460785775, 3.186972331462803343 ) ) ;
#2070 = CARTESIAN_POINT ( 'NONE',  ( 3.323417656250000185, 17.64062499829300634, 0.000000000000000000 ) ) ;
#2071 = CARTESIAN_POINT ( 'NONE',  ( -2.014475696320454201, 14.33313258074709928, 3.495145683494661260 ) ) ;
#2072 = VERTEX_POINT ( 'NONE', #1024 ) ;
#2073 = EDGE_CURVE ( 'NONE', #333, #2031, #416, .T. ) ;
#2074 = TOROIDAL_SURFACE ( 'NONE', #3157, 2.149999999999999911, 0.1499999999999999944 ) ;
#2075 = CARTESIAN_POINT ( 'NONE',  ( -3.323417656250001517, 23.65624999829300634, 1.376604666648954645 ) ) ;
#2076 = CARTESIAN_POINT ( 'NONE',  ( -1.046990905901115321, 19.38491164844104730, 3.895890876664461988 ) ) ;
#2077 =( BOUNDED_CURVE ( )  B_SPLINE_CURVE ( 2, ( #1370, #3113, #2533, #2571, #3650, #520, #3729, #2280, #1674, #1388, #554, #3383, #1712, #1050, #3361, #479, #2225, #1637, #2791, #2300, #2591, #3457, #2022, #273, #1427, #1145, #3166, #860, #3750, #576, #1732, #1016, #1298, #686, #1318, #3348, #460, #2463, #2400, #3020, #2720, #2167, #116, #1826, #3615, #1846, #726, #2698, #156, #2147, #3265, #1890, #705, #2998, #70, #666, #1258, #90, #1537, #407, #2421, #1580, #2981, #385, #3330, #1621, #2738, #2758, #3040, #3570, #444, #135, #1601, #2484, #1870, #3637, #2111, #2186, #1036, #749, #1238, #1907, #972, #2129, #427, #3286, #1559, #3057, #1277, #3550, #957, #2442, #3596, #997, #3307, #1677, #3439, #1391, #3365, #2815, #810, #559, #1074, #523, #767, #3712, #237, #788, #255, #2283, #2777, #1988, #1338, #1968, #1374, #1926, #3116, #2229, #2008, #2537, #179, #200, #2855, #1096, #3076, #3133, #3404, #1947, #2502, #483, #1357, #2520, #3676, #3696, #2834, #1412, #542, #3656, #1054, #1697, #2574, #3732, #1129, #863, #33, #2926, #1481, #3211, #908, #2643, #3753, #51, #2360, #2075, #3246, #3512, #628, #2377, #937 ),
 .UNSPECIFIED., .F., .F. ) 
 B_SPLINE_CURVE_WITH_KNOTS ( ( 3, 2, 2, 2, 2, 2, 2, 2, 2, 2, 2, 2, 2, 2, 2, 2, 2, 2, 2, 2, 2, 2, 2, 2, 2, 2, 2, 2, 2, 2, 2, 2, 2, 2, 2, 2, 2, 2, 2, 2, 2, 2, 2, 2, 2, 2, 2, 2, 2, 2, 2, 2, 2, 2, 2, 2, 2, 2, 2, 2, 2, 2, 2, 2, 2, 2, 2, 2, 2, 2, 2, 2, 2, 2, 2, 2, 2, 2, 2, 3 ),
 ( 0.000000000000000000, 0.01201886963540685187, 0.02403773927081370373, 0.03605660890622055387, 0.04807547854162740747, 0.06009434817703425413, 0.07211321781244110773, 0.08413208744784794746, 0.09615095708325481494, 0.1081698267186616685, 0.1201886963540685083, 0.1322075659894753619, 0.1442264356248822155, 0.1562453052602890413, 0.1682641748956958949, 0.1802830445311027485, 0.1923019141665096299, 0.2043207838019164557, 0.2163396534373233371, 0.2283585230727301629, 0.2403773927081370165, 0.2523962623435438424, 0.2644151319789507237, 0.2764340016143575496, 0.2884528712497644309, 0.3004717408851713123, 0.3124906105205780826, 0.3245094801559849640, 0.3365283497913917898, 0.3485472194267986712, 0.3605660890622054970, 0.3725849586976123784, 0.3846038283330192598, 0.3966226979684260856, 0.4086415676038329114, 0.4206604372392397928, 0.4326793068746466742, 0.4446981765100534445, 0.4567170461454603259, 0.4687359157808671517, 0.4807547854162740331, 0.4927736550516808589, 0.5047925246870876848, 0.5168113943224945661, 0.5288302639579014475, 0.5408491335933082178, 0.5528680032287150992, 0.5648868728641219805, 0.5769057424995288619, 0.5889246121349356322, 0.6009434817703426246, 0.6129623514057495060, 0.6249812210411561653, 0.6370000906765630466, 0.6490189603119699280, 0.6610378299473768093, 0.6730566995827835797, 0.6850755692181904610, 0.6970944388535973424, 0.7091133084890041127, 0.7211321781244109941, 0.7331510477598179865, 0.7451699173952247568, 0.7571887870306316382, 0.7692076566660385195, 0.7812265263014452898, 0.7932453959368521712, 0.8052642655722590526, 0.8172831352076658229, 0.8293020048430727043, 0.8413208744784795856, 0.8533397441138862449, 0.8653586137492933483, 0.8773774833847002297, 0.8893963530201068890, 0.9014152226555137704, 0.9134340922909206517, 0.9254529619263274220, 0.9374718315617343034, 0.9458072583467732608 ),
 .UNSPECIFIED. ) 
 CURVE ( )  GEOMETRIC_REPRESENTATION_ITEM ( )  RATIONAL_B_SPLINE_CURVE ( ( 1.000000000000000000, 0.9238795325112867385, 1.000000000000000000, 0.9238795325112867385, 1.000000000000000000, 0.9238795325112867385, 1.000000000000000000, 0.9238795325112867385, 1.000000000000000000, 0.9238795325112867385, 1.000000000000000000, 0.9238795325112867385, 1.000000000000000000, 0.9238795325112867385, 1.000000000000000000, 0.9238795325112867385, 1.000000000000000000, 0.9238795325112867385, 1.000000000000000000, 0.9238795325112867385, 1.000000000000000000, 0.9238795325112867385, 1.000000000000000000, 0.9238795325112867385, 1.000000000000000000, 0.9238795325112867385, 1.000000000000000000, 0.9238795325112867385, 1.000000000000000000, 0.9238795325112867385, 1.000000000000000000, 0.9238795325112867385, 1.000000000000000000, 0.9238795325112867385, 1.000000000000000000, 0.9238795325112867385, 1.000000000000000000, 0.9238795325112867385, 1.000000000000000000, 0.9238795325112867385, 1.000000000000000000, 0.9238795325112867385, 1.000000000000000000, 0.9238795325112867385, 1.000000000000000000, 0.9238795325112867385, 1.000000000000000000, 0.9238795325112867385, 1.000000000000000000, 0.9238795325112867385, 1.000000000000000000, 0.9238795325112867385, 1.000000000000000000, 0.9238795325112867385, 1.000000000000000000, 0.9238795325112867385, 1.000000000000000000, 0.9238795325112867385, 1.000000000000000000, 0.9238795325112867385, 1.000000000000000000, 0.9238795325112867385, 1.000000000000000000, 0.9238795325112867385, 1.000000000000000000, 0.9238795325112867385, 1.000000000000000000, 0.9238795325112867385, 1.000000000000000000, 0.9238795325112867385, 1.000000000000000000, 0.9238795325112867385, 1.000000000000000000, 0.9238795325112867385, 1.000000000000000000, 0.9238795325112867385, 1.000000000000000000, 0.9238795325112867385, 1.000000000000000000, 0.9238795325112867385, 1.000000000000000000, 0.9238795325112867385, 1.000000000000000000, 0.9238795325112867385, 1.000000000000000000, 0.9238795325112867385, 1.000000000000000000, 0.9238795325112867385, 1.000000000000000000, 0.9238795325112867385, 1.000000000000000000, 0.9238795325112867385, 1.000000000000000000, 0.9238795325112867385, 1.000000000000000000, 0.9238795325112867385, 1.000000000000000000, 0.9238795325112867385, 1.000000000000000000, 0.9238795325112867385, 1.000000000000000000, 0.9238795325112867385, 1.000000000000000000, 0.9238795325112867385, 1.000000000000000000, 0.9238795325112867385, 1.000000000000000000, 0.9238795325112867385, 1.000000000000000000, 0.9238795325112867385, 1.000000000000000000, 0.9238795325112867385, 1.000000000000000000, 0.9238795325112867385, 1.000000000000000000, 0.9238795325112867385, 1.000000000000000000, 0.9238795325112867385, 1.000000000000000000, 0.9238795325112867385, 1.000000000000000000, 0.9238795325112867385, 1.000000000000000000, 0.9238795325112867385, 1.000000000000000000, 0.9238795325112867385, 1.000000000000000000, 0.9238795325112867385, 1.000000000000000000, 0.9238795325112867385, 1.000000000000000000, 0.9238795325112867385, 1.000000000000000000, 0.9238795325112867385, 1.000000000000000000, 0.9238795325112867385, 1.000000000000000000, 0.9238795325112867385, 1.000000000000000000, 0.9238795325112867385, 1.000000000000000000, 0.9238795325112867385, 1.000000000000000000, 0.9238795325112867385, 1.000000000000000000, 0.9238795325112867385, 1.000000000000000000, 0.9238795325112867385, 1.000000000000000000, 0.9238795325112867385, 1.000000000000000000, 0.9238795325112867385, 1.000000000000000000, 0.9238795325112867385, 1.000000000000000000, 0.9238795325112867385, 1.000000000000000000, 0.9472082980477707359, 0.9676416796232074624 ) ) 
 REPRESENTATION_ITEM ( '' )  );
#2078 = CIRCLE ( 'NONE', #1112, 0.5000000000000004441 ) ;
#2079 = CARTESIAN_POINT ( 'NONE',  ( -6.105019192434541011E-16, 20.14062499829300634, 3.323417656250000185 ) ) ;
#2080 = ORIENTED_EDGE ( 'NONE', *, *, #3485, .T. ) ;
#2081 = DIRECTION ( 'NONE',  ( -0.000000000000000000, -1.000000000000000000, -0.000000000000000000 ) ) ;
#2082 = DIRECTION ( 'NONE',  ( -1.224646799147351482E-16, 0.000000000000000000, -1.000000000000000000 ) ) ;
#2083 = CARTESIAN_POINT ( 'NONE',  ( 1.376604666648955755, 17.40624999829300990, 3.323417656249999297 ) ) ;
#2084 = DIRECTION ( 'NONE',  ( -0.000000000000000000, -1.000000000000000000, -0.000000000000000000 ) ) ;
#2085 = CARTESIAN_POINT ( 'NONE',  ( -1.656854249492382580, 21.70312499658601979, 3.999999999999999112 ) ) ;
#2086 = CARTESIAN_POINT ( 'NONE',  ( 2.828427124746190291, 13.49999999658601624, -2.828427124746190291 ) ) ;
#2087 = ORIENTED_EDGE ( 'NONE', *, *, #3320, .T. ) ;
#2088 = CARTESIAN_POINT ( 'NONE',  ( 1.866885168863107403, 14.69162406460786130, -4.507059494062497507 ) ) ;
#2089 = CARTESIAN_POINT ( 'NONE',  ( -3.323417656250001517, 19.59374999829300634, 1.376604666648954201 ) ) ;
#2090 = CARTESIAN_POINT ( 'NONE',  ( -2.458186675540797950, 14.30709248246001586, 3.198667526972883923 ) ) ;
#2091 = VERTEX_POINT ( 'NONE', #2429 ) ;
#2092 = CARTESIAN_POINT ( 'NONE',  ( 2.014476160927245019, 14.54145336704378266, 3.495145415712050507 ) ) ;
#2093 = EDGE_CURVE ( 'NONE', #197, #2958, #1810, .T. ) ;
#2094 = CARTESIAN_POINT ( 'NONE',  ( -1.376604666648956865, 23.49999999829300990, 3.323417656249998853 ) ) ;
#2095 = CARTESIAN_POINT ( 'NONE',  ( 1.376604666648955089, 18.18749999829300634, -3.323417656249999741 ) ) ;
#2096 = CARTESIAN_POINT ( 'NONE',  ( -2.350011161449478081, 18.73437499829300990, 2.350011161449477193 ) ) ;
#2097 = DIRECTION ( 'NONE',  ( 1.000000000000000000, 0.000000000000000000, 0.000000000000000000 ) ) ;
#2098 = CARTESIAN_POINT ( 'NONE',  ( -6.105019192434541011E-16, 13.57812499829300812, 3.323417656250000185 ) ) ;
#2099 = CARTESIAN_POINT ( 'NONE',  ( 0.000000000000000000, 0.000000000000000000, 0.000000000000000000 ) ) ;
#2100 = CARTESIAN_POINT ( 'NONE',  ( -2.828427124746189847, 22.56249999658601624, -2.828427124746190291 ) ) ;
#2101 = CARTESIAN_POINT ( 'NONE',  ( 1.656854249492380804, 17.32812499658601624, -4.000000000000000000 ) ) ;
#2102 = VECTOR ( 'NONE', #591, 1000.000000000000000 ) ;
#2103 = CARTESIAN_POINT ( 'NONE',  ( 3.186972331462802899, 18.36349906460785775, -3.186972331462802899 ) ) ;
#2104 = CARTESIAN_POINT ( 'NONE',  ( 3.323417656249998853, 20.06249999829301345, 1.376604666648957087 ) ) ;
#2105 = CYLINDRICAL_SURFACE ( 'NONE', #1282, 4.000000000000000000 ) ;
#2106 = VERTEX_POINT ( 'NONE', #777 ) ;
#2107 = AXIS2_PLACEMENT_3D ( 'NONE', #2467, #74, #1911 ) ;
#2108 = CARTESIAN_POINT ( 'NONE',  ( 5.441711982157496861E-06, 15.06237740239410350, -3.999999999992157385 ) ) ;
#2109 = CARTESIAN_POINT ( 'NONE',  ( 2.350011161449477637, 20.29687499829300990, -2.350011161449477637 ) ) ;
#2110 = FACE_OUTER_BOUND ( 'NONE', #2500, .T. ) ;
#2111 = CARTESIAN_POINT ( 'NONE',  ( -6.105019192434541011E-16, 17.64062499829300634, 3.323417656250000185 ) ) ;
#2112 = CARTESIAN_POINT ( 'NONE',  ( -1.376604666648956865, 17.56249999829300990, 3.323417656249998853 ) ) ;
#2113 = DIRECTION ( 'NONE',  ( -0.000000000000000000, 1.000000000000000000, -0.000000000000000000 ) ) ;
#2114 = DIRECTION ( 'NONE',  ( 0.000000000000000000, 0.000000000000000000, 1.000000000000000000 ) ) ;
#2115 = CARTESIAN_POINT ( 'NONE',  ( 1.376604666648955089, 16.62499999829300990, -3.323417656249999741 ) ) ;
#2116 = CARTESIAN_POINT ( 'NONE',  ( -2.828427124746190735, 15.37499999658601624, 2.828427124746189847 ) ) ;
#2117 = CARTESIAN_POINT ( 'NONE',  ( 2.828427124746190291, 22.24999999658601624, -2.828427124746190291 ) ) ;
#2118 = DIRECTION ( 'NONE',  ( 0.000000000000000000, 0.000000000000000000, -1.000000000000000000 ) ) ;
#2119 = CARTESIAN_POINT ( 'NONE',  ( 4.507059494062498395, 20.70724906460785775, 0.000000000000000000 ) ) ;
#2120 = CARTESIAN_POINT ( 'NONE',  ( -3.323417656249999741, 19.43749999829300634, -1.376604666648955311 ) ) ;
#2121 = ORIENTED_EDGE ( 'NONE', *, *, #287, .F. ) ;
#2122 = CARTESIAN_POINT ( 'NONE',  ( -3.495145720009631418, 15.27057611908214163, -2.014475632966425511 ) ) ;
#2123 = CARTESIAN_POINT ( 'NONE',  ( 1.046990670523039402, 22.50972344289039029, -3.895890939920505058 ) ) ;
#2124 = CARTESIAN_POINT ( 'NONE',  ( -3.323417656250001517, 23.34374999829300634, 1.376604666648954645 ) ) ;
#2125 = CARTESIAN_POINT ( 'NONE',  ( -3.895890946245989195, 22.82220462233529545, -1.046990646985671347 ) ) ;
#2126 = CARTESIAN_POINT ( 'NONE',  ( -1.376604666648956865, 23.81249999829300634, 3.323417656249998853 ) ) ;
#2127 = AXIS2_PLACEMENT_3D ( 'NONE', #1473, #1490, #2275 ) ;
#2128 = EDGE_CURVE ( 'NONE', #3673, #1316, #744, .T. ) ;
#2129 = CARTESIAN_POINT ( 'NONE',  ( 1.376604666648955089, 18.18749999829300634, -3.323417656249999741 ) ) ;
#2130 = CARTESIAN_POINT ( 'NONE',  ( -1.376604666648954867, 19.28124999829300279, -3.323417656249999741 ) ) ;
#2131 = CARTESIAN_POINT ( 'NONE',  ( 1.376604666648955089, 18.18749999829300634, -3.323417656249999741 ) ) ;
#2132 = CARTESIAN_POINT ( 'NONE',  ( 0.000000000000000000, 24.00000000000000000, 0.000000000000000000 ) ) ;
#2133 = CARTESIAN_POINT ( 'NONE',  ( 1.656854249492380804, 16.07812499658601268, -4.000000000000000000 ) ) ;
#2134 = DIRECTION ( 'NONE',  ( -0.000000000000000000, -1.000000000000000000, -0.000000000000000000 ) ) ;
#2135 = CARTESIAN_POINT ( 'NONE',  ( 1.656854249492381248, 19.35937499658601624, 3.999999999999999112 ) ) ;
#2136 = DIRECTION ( 'NONE',  ( -1.000000000000000000, 0.000000000000000000, 0.000000000000000000 ) ) ;
#2137 = CARTESIAN_POINT ( 'NONE',  ( 1.866885168863108069, 22.97287406460786485, 4.507059494062497507 ) ) ;
#2138 = CARTESIAN_POINT ( 'NONE',  ( -1.376604666648956865, 23.49999999829300990, 3.323417656249998853 ) ) ;
#2139 = ORIENTED_EDGE ( 'NONE', *, *, #511, .T. ) ;
#2140 = ORIENTED_EDGE ( 'NONE', *, *, #3519, .F. ) ;
#2141 = CARTESIAN_POINT ( 'NONE',  ( -7.347880794884119736E-16, 20.68749999999999645, 4.000000000000000000 ) ) ;
#2142 = CARTESIAN_POINT ( 'NONE',  ( 4.000000000000000000, 11.00000000000000000, 0.000000000000000000 ) ) ;
#2143 = CARTESIAN_POINT ( 'NONE',  ( 0.5235995268241773193, 20.71295666108207456, 3.999999901928311452 ) ) ;
#2144 = EDGE_LOOP ( 'NONE', ( #2648, #2554, #1654, #262 ) ) ;
#2145 = CARTESIAN_POINT ( 'NONE',  ( 1.376604666648955755, 21.46874999829300279, 3.323417656249999297 ) ) ;
#2146 = EDGE_CURVE ( 'NONE', #2847, #1962, #272, .T. ) ;
#2147 = CARTESIAN_POINT ( 'NONE',  ( 3.323417656249999741, 15.53124999829300634, -1.376604666648954867 ) ) ;
#2148 = CARTESIAN_POINT ( 'NONE',  ( -3.323417656249999741, 15.68749999829300812, -1.376604666648955311 ) ) ;
#2149 = CARTESIAN_POINT ( 'NONE',  ( -2.350011161449477193, 15.92187499829300634, -2.350011161449477637 ) ) ;
#2150 = CARTESIAN_POINT ( 'NONE',  ( 1.046991329601586029, 13.76025041843122665, -3.895890762798190021 ) ) ;
#2151 = FACE_OUTER_BOUND ( 'NONE', #2040, .T. ) ;
#2152 = CARTESIAN_POINT ( 'NONE',  ( 3.999999911418679943, 19.77551312274723117, -0.5235994543232161957 ) ) ;
#2153 = ADVANCED_FACE ( 'NONE', ( #3412 ), #1134, .F. ) ;
#2154 = CARTESIAN_POINT ( 'NONE',  ( -7.347880794884119736E-16, 24.28124999658601624, 4.000000000000000000 ) ) ;
#2155 = CARTESIAN_POINT ( 'NONE',  ( -1.632521692180380278E-05, 23.18713220717752321, 3.999999999929414241 ) ) ;
#2156 = CARTESIAN_POINT ( 'NONE',  ( -3.186972331462802455, 19.92599906460786485, -3.186972331462802899 ) ) ;
#2157 = CARTESIAN_POINT ( 'NONE',  ( 3.323417656250000185, 22.64062499829300990, 0.000000000000000000 ) ) ;
#2158 = ORIENTED_EDGE ( 'NONE', *, *, #3197, .T. ) ;
#2159 = CARTESIAN_POINT ( 'NONE',  ( -4.000000000000000000, 19.04687499999999645, -1.656854249492381248 ) ) ;
#2160 = CARTESIAN_POINT ( 'NONE',  ( -2.714854509924556236, 11.79162902491356313, 3.027678344055437343 ) ) ;
#2161 = CARTESIAN_POINT ( 'NONE',  ( 3.895890604644636657, 16.05177906769464258, -1.046991918096192187 ) ) ;
#2162 = CARTESIAN_POINT ( 'NONE',  ( 2.035006397478180666E-16, 22.95312499829300990, -3.323417656250000185 ) ) ;
#2163 = DIRECTION ( 'NONE',  ( 0.000000000000000000, 0.000000000000000000, -1.000000000000000000 ) ) ;
#2164 = TOROIDAL_SURFACE ( 'NONE', #1320, 2.149999999999999911, 0.1499999999999999944 ) ;
#2165 = ORIENTED_EDGE ( 'NONE', *, *, #2, .F. ) ;
#2166 = CARTESIAN_POINT ( 'NONE',  ( -3.323417656250000185, 22.32812499829300990, -4.070012794956361332E-16 ) ) ;
#2167 = CARTESIAN_POINT ( 'NONE',  ( -3.323417656250001517, 14.90624999829300634, 1.376604666648954645 ) ) ;
#2168 = CARTESIAN_POINT ( 'NONE',  ( -1.376604666648957087, 17.24999999829300634, 3.323417656249999297 ) ) ;
#2169 = CARTESIAN_POINT ( 'NONE',  ( 1.376604666648955755, 20.21874999829300634, 3.323417656249999297 ) ) ;
#2170 =( GEOMETRIC_REPRESENTATION_CONTEXT ( 3 ) GLOBAL_UNCERTAINTY_ASSIGNED_CONTEXT ( ( #292 ) ) GLOBAL_UNIT_ASSIGNED_CONTEXT ( ( #812, #1359, #2817 ) ) REPRESENTATION_CONTEXT ( 'NONE', 'WORKASPACE' ) );
#2171 = CARTESIAN_POINT ( 'NONE',  ( -4.000000000000000000, 18.96874999658601624, -4.898587196589412829E-16 ) ) ;
#2172 = CARTESIAN_POINT ( 'NONE',  ( -7.953280463050324461E-06, 16.93732081888315477, 3.999999999983246290 ) ) ;
#2173 = CARTESIAN_POINT ( 'NONE',  ( 3.495145062749836828, 23.60340757094756015, -2.014476773321640213 ) ) ;
#2174 = CARTESIAN_POINT ( 'NONE',  ( -3.323417656249999741, 12.24999999829300634, -1.376604666648955311 ) ) ;
#2175 = EDGE_CURVE ( 'NONE', #1599, #602, #3583, .T. ) ;
#2176 = CARTESIAN_POINT ( 'NONE',  ( -3.646324872445831922, 23.70646886898422068, -2.649131972477360986 ) ) ;
#2177 = CARTESIAN_POINT ( 'NONE',  ( -3.323417656250000185, 23.26562499829300990, -4.070012794956361332E-16 ) ) ;
#2178 = CARTESIAN_POINT ( 'NONE',  ( 2.449293598294706414E-16, 20.06249999999999645, -4.000000000000000000 ) ) ;
#2179 = CARTESIAN_POINT ( 'NONE',  ( -2.930149260134824437E-06, 13.18743398590471649, 3.999999999997725819 ) ) ;
#2180 = DIRECTION ( 'NONE',  ( 0.000000000000000000, 0.000000000000000000, -1.000000000000000000 ) ) ;
#2181 = CARTESIAN_POINT ( 'NONE',  ( -3.323417656250000185, 23.26562499829300990, -4.070012794956361332E-16 ) ) ;
#2182 = CARTESIAN_POINT ( 'NONE',  ( -3.948255727395802772, 24.00000000000000355, 0.6413085927120029117 ) ) ;
#2183 = EDGE_CURVE ( 'NONE', #602, #1213, #3219, .T. ) ;
#2184 = ORIENTED_EDGE ( 'NONE', *, *, #446, .T. ) ;
#2185 = CARTESIAN_POINT ( 'NONE',  ( 2.035006397478180666E-16, 22.01562499829300990, -3.323417656250000185 ) ) ;
#2186 = CARTESIAN_POINT ( 'NONE',  ( 1.376604666648955755, 17.71874999829300634, 3.323417656249999741 ) ) ;
#2187 = CARTESIAN_POINT ( 'NONE',  ( -1.376604666648957087, 15.99999999829300812, 3.323417656249999297 ) ) ;
#2188 = CARTESIAN_POINT ( 'NONE',  ( -1.376604666648956865, 15.99999999829300812, 3.323417656249998853 ) ) ;
#2189 = B_SPLINE_CURVE_WITH_KNOTS ( 'NONE', 3,
 ( #1716, #351, #1499, #2092, #2593, #2662, #1148, #2303, #3460, #1755, #3478, #1734, #2041, #2890, #1465, #295, #886, #1447 ),
 .UNSPECIFIED., .F., .F.,
 ( 4, 2, 2, 2, 2, 2, 2, 2, 4 ),
 ( 0.2644230211984132661, 0.2704326353165585339, 0.2764422494347037462, 0.2824518635528490140, 0.2884614776709942818, 0.2944710917891394941, 0.3004807059072847619, 0.3064903200254299742, 0.3124999341435752420 ),
 .UNSPECIFIED. ) ;
#2190 = CARTESIAN_POINT ( 'NONE',  ( 2.458186482276295770, 17.43190427691001076, -3.198667675497280261 ) ) ;
#2191 = AXIS2_PLACEMENT_3D ( 'NONE', #1548, #2431, #3584 ) ;
#2192 = B_SPLINE_CURVE_WITH_KNOTS ( 'NONE', 3,
 ( #1292, #721, #2771, #1049, #1069, #2203, #1885, #2458, #3610, #1011, #2161, #3034, #1596, #2021, #859, #3728, #2570, #3434 ),
 .UNSPECIFIED., .F., .F.,
 ( 4, 2, 2, 2, 2, 2, 2, 2, 4 ),
 ( 0.3605768470887360522, 0.3665864612068809869, 0.3725960753250259216, 0.3786056894431708564, 0.3846153035613157911, 0.3906249176794607814, 0.3966345317976057161, 0.4026441459157506508, 0.4086537600338955856 ),
 .UNSPECIFIED. ) ;
#2193 = CARTESIAN_POINT ( 'NONE',  ( 1.285879139104720633E-15, 10.49999999999999822, -10.49999999999999822 ) ) ;
#2194 = CARTESIAN_POINT ( 'NONE',  ( 3.323417656249998853, 14.12499999829300634, 1.376604666648957087 ) ) ;
#2195 = CARTESIAN_POINT ( 'NONE',  ( 2.971780597146915337, 10.99999999999999645, -3.086779718292021801 ) ) ;
#2196 =( GEOMETRIC_REPRESENTATION_CONTEXT ( 3 ) GLOBAL_UNCERTAINTY_ASSIGNED_CONTEXT ( ( #556 ) ) GLOBAL_UNIT_ASSIGNED_CONTEXT ( ( #2849, #1406, #1386 ) ) REPRESENTATION_CONTEXT ( 'NONE', 'WORKASPACE' ) );
#2197 = CARTESIAN_POINT ( 'NONE',  ( 3.186972331462802011, 23.05099906460786485, 3.186972331462803343 ) ) ;
#2198 = CARTESIAN_POINT ( 'NONE',  ( 2.350011161449477637, 22.79687499829300634, -2.350011161449477637 ) ) ;
#2199 = CARTESIAN_POINT ( 'NONE',  ( 0.000000000000000000, 31.85000000000000497, 0.000000000000000000 ) ) ;
#2200 = CARTESIAN_POINT ( 'NONE',  ( -1.046991094209294371, 16.88506221288128728, 3.895890826058080236 ) ) ;
#2201 = CARTESIAN_POINT ( 'NONE',  ( -4.000000000000000000, 21.54687500000000000, -1.656854249492381248 ) ) ;
#2202 = CARTESIAN_POINT ( 'NONE',  ( 0.000000000000000000, 11.00000000000000000, 0.000000000000000000 ) ) ;
#2203 = CARTESIAN_POINT ( 'NONE',  ( 3.198667601235688718, 15.86949837968506749, 2.458186578907757713 ) ) ;
#2204 = CARTESIAN_POINT ( 'NONE',  ( 0.000000000000000000, 28.00000000000000000, -7.625000000000000000 ) ) ;
#2205 = CARTESIAN_POINT ( 'NONE',  ( -3.198667512120153766, 13.99461130301498812, -2.458186694867621203 ) ) ;
#2206 = ORIENTED_EDGE ( 'NONE', *, *, #464, .T. ) ;
#2207 = EDGE_CURVE ( 'NONE', #310, #2895, #1178, .T. ) ;
#2208 = CARTESIAN_POINT ( 'NONE',  ( 3.323417656249998853, 19.12499999829300634, 1.376604666648957087 ) ) ;
#2209 = ADVANCED_FACE ( 'NONE', ( #3036 ), #3327, .F. ) ;
#2210 = CARTESIAN_POINT ( 'NONE',  ( 3.323417656249999741, 18.96874999829300634, -1.376604666648954867 ) ) ;
#2211 = CARTESIAN_POINT ( 'NONE',  ( 3.323417656250000185, 18.89062499829300634, 0.000000000000000000 ) ) ;
#2212 = CARTESIAN_POINT ( 'NONE',  ( 4.000000025309771168, 13.47380933727327879, 0.5235985842599129025 ) ) ;
#2213 = CARTESIAN_POINT ( 'NONE',  ( 6.123233995736766282E-16, 10.49999999999999822, 5.000000000000000000 ) ) ;
#2214 = CARTESIAN_POINT ( 'NONE',  ( 2.014475316205642130, 19.95779381075679026, -3.495145902579059882 ) ) ;
#2215 = CARTESIAN_POINT ( 'NONE',  ( -3.323417656249999741, 13.49999999829300634, -1.376604666648955311 ) ) ;
#2216 = CARTESIAN_POINT ( 'NONE',  ( 3.289609585868761066, 10.99999999999999467, -2.682909796297688221 ) ) ;
#2217 = CARTESIAN_POINT ( 'NONE',  ( 2.350011161449477193, 12.79687499829300634, 2.350011161449478081 ) ) ;
#2218 = CARTESIAN_POINT ( 'NONE',  ( 4.000000000000000000, 11.07812499999999822, -1.656854249492380804 ) ) ;
#2219 = CARTESIAN_POINT ( 'NONE',  ( 0.000000000000000000, 0.5000000000000004441, -5.000000000000000000 ) ) ;
#2220 = CARTESIAN_POINT ( 'NONE',  ( 2.828427124746190291, 12.24999999658601624, -2.828427124746190291 ) ) ;
#2221 = EDGE_LOOP ( 'NONE', ( #301, #3168 ) ) ;
#2222 = CARTESIAN_POINT ( 'NONE',  ( -2.828427124746190735, 23.03125000000000000, 2.828427124746189847 ) ) ;
#2223 = CARTESIAN_POINT ( 'NONE',  ( -1.046991188365250292, 15.63513749510131134, 3.895890800754384209 ) ) ;
#2224 = CARTESIAN_POINT ( 'NONE',  ( 0.000000000000000000, 29.89999999999999858, 2.000000000000000000 ) ) ;
#2225 = CARTESIAN_POINT ( 'NONE',  ( 3.323417656250000185, 12.95312499829300634, 0.000000000000000000 ) ) ;
#2226 = CARTESIAN_POINT ( 'NONE',  ( -4.000000031637110709, 14.09877169616333070, -0.5235985359225726610 ) ) ;
#2227 = ORIENTED_EDGE ( 'NONE', *, *, #1931, .F. ) ;
#2228 = CARTESIAN_POINT ( 'NONE',  ( 3.323417656249998853, 24.12499999829300634, 1.376604666648957087 ) ) ;
#2229 = CARTESIAN_POINT ( 'NONE',  ( -1.376604666648954867, 20.84374999829300634, -3.323417656249999741 ) ) ;
#2230 = EDGE_CURVE ( 'NONE', #84, #3319, #2577, .T. ) ;
#2231 = AXIS2_PLACEMENT_3D ( 'NONE', #1261, #2081, #2424 ) ;
#2232 = B_SPLINE_CURVE_WITH_KNOTS ( 'NONE', 3,
 ( #2792, #1638, #215, #1051, #1389, #2205, #1071, #1371, #2226, #3692, #1093, #3362, #763, #2090, #2071, #331, #3227, #2056 ),
 .UNSPECIFIED., .F., .F.,
 ( 4, 2, 2, 2, 2, 2, 2, 2, 4 ),
 ( 0.2163461082532499857, 0.2223557223713953923, 0.2283653364895407989, 0.2343749506076862055, 0.2403845647258316121, 0.2463941788439770186, 0.2524037929621224530, 0.2584134070802678318, 0.2644230211984132661 ),
 .UNSPECIFIED. ) ;
#2233 = AXIS2_PLACEMENT_3D ( 'NONE', #1761, #323, #2915 ) ;
#2234 = CARTESIAN_POINT ( 'NONE',  ( 0.000000000000000000, 24.00000000000000000, 0.000000000000000000 ) ) ;
#2235 = CIRCLE ( 'NONE', #2540, 10.49999999999999822 ) ;
#2236 = CARTESIAN_POINT ( 'NONE',  ( 3.198666947720279374, 19.87967351589555420, -2.458187429281756042 ) ) ;
#2237 = ORIENTED_EDGE ( 'NONE', *, *, #2534, .F. ) ;
#2238 = CARTESIAN_POINT ( 'NONE',  ( -2.350011161449477193, 14.67187499829300812, -2.350011161449477637 ) ) ;
#2239 = CARTESIAN_POINT ( 'NONE',  ( 0.000000000000000000, 24.00000000000000000, -4.000000000000000000 ) ) ;
#2240 = CARTESIAN_POINT ( 'NONE',  ( -3.323417656250001517, 12.40624999829300990, 1.376604666648954201 ) ) ;
#2241 = CARTESIAN_POINT ( 'NONE',  ( -2.828427124746190735, 15.53125000000000000, 2.828427124746189847 ) ) ;
#2242 = CARTESIAN_POINT ( 'NONE',  ( -3.948255727395802772, 24.00000000000000355, 0.6413085927120029117 ) ) ;
#2243 = CARTESIAN_POINT ( 'NONE',  ( -4.000000000000000888, 12.79687499658601624, 1.656854249492379694 ) ) ;
#2244 = EDGE_LOOP ( 'NONE', ( #3760, #1858, #1160, #885, #153, #583 ) ) ;
#2245 = CARTESIAN_POINT ( 'NONE',  ( -8.279333974455491767E-16, 14.14474906460786308, 4.507059494062498395 ) ) ;
#2246 = CYLINDRICAL_SURFACE ( 'NONE', #984, 4.000000000000000000 ) ;
#2247 = CARTESIAN_POINT ( 'NONE',  ( -1.376604666648956865, 12.24999999829300634, 3.323417656249998853 ) ) ;
#2248 = CARTESIAN_POINT ( 'NONE',  ( -2.930149260134824437E-06, 13.18743398590471649, 3.999999999997725819 ) ) ;
#2249 = CARTESIAN_POINT ( 'NONE',  ( 2.014475823030503321, 12.45824550407691156, -3.495145610463570307 ) ) ;
#2250 = VERTEX_POINT ( 'NONE', #3634 ) ;
#2251 = DIRECTION ( 'NONE',  ( 0.000000000000000000, 0.000000000000000000, 1.000000000000000000 ) ) ;
#2252 = CARTESIAN_POINT ( 'NONE',  ( 2.350011161449477193, 17.48437499829300634, 2.350011161449478081 ) ) ;
#2253 = PLANE ( 'NONE',  #2660 ) ;
#2254 = DIRECTION ( 'NONE',  ( 1.224646799147353454E-16, 0.000000000000000000, -1.000000000000000000 ) ) ;
#2255 = ORIENTED_EDGE ( 'NONE', *, *, #3241, .T. ) ;
#2256 = LINE ( 'NONE', #3411, #2707 ) ;
#2257 = AXIS2_PLACEMENT_3D ( 'NONE', #3143, #325, #2065 ) ;
#2258 = CARTESIAN_POINT ( 'NONE',  ( -2.828427124746190735, 16.62499999658601624, 2.828427124746189847 ) ) ;
#2259 = CARTESIAN_POINT ( 'NONE',  ( 3.999999999999999112, 15.92187499999999645, 1.656854249492383246 ) ) ;
#2260 = DIRECTION ( 'NONE',  ( 0.000000000000000000, 0.000000000000000000, -1.000000000000000000 ) ) ;
#2261 = CIRCLE ( 'NONE', #1411, 5.000000000000000000 ) ;
#2262 = CARTESIAN_POINT ( 'NONE',  ( -7.347880794884119736E-16, 13.03124999658601624, 4.000000000000000000 ) ) ;
#2263 = ORIENTED_EDGE ( 'NONE', *, *, #1717, .F. ) ;
#2264 = CARTESIAN_POINT ( 'NONE',  ( -4.507059494062497507, 12.50412406460786130, -1.866885168863107625 ) ) ;
#2265 = APPLICATION_PROTOCOL_DEFINITION ( 'draft international standard', 'automotive_design', 1998, #2010 ) ;
#2266 = CARTESIAN_POINT ( 'NONE',  ( 1.376604666648955089, 15.37499999829300990, -3.323417656249999741 ) ) ;
#2267 = CARTESIAN_POINT ( 'NONE',  ( 0.000000000000000000, 0.000000000000000000, 0.000000000000000000 ) ) ;
#2268 = VERTEX_POINT ( 'NONE', #2182 ) ;
#2269 = CARTESIAN_POINT ( 'NONE',  ( -3.323417656250000185, 19.51562499829300634, -4.070012794956361332E-16 ) ) ;
#2270 = CARTESIAN_POINT ( 'NONE',  ( 3.323417656249999741, 11.46874999829300812, -1.376604666648954867 ) ) ;
#2271 = VERTEX_POINT ( 'NONE', #3612 ) ;
#2272 = CARTESIAN_POINT ( 'NONE',  ( 3.323417656250000185, 12.95312499829300634, 0.000000000000000000 ) ) ;
#2273 = CARTESIAN_POINT ( 'NONE',  ( 2.350011161449477193, 21.54687499829300634, 2.350011161449478081 ) ) ;
#2274 = CARTESIAN_POINT ( 'NONE',  ( -1.656854249492380360, 15.14062499999999822, -4.000000000000000000 ) ) ;
#2275 = DIRECTION ( 'NONE',  ( 0.000000000000000000, 0.000000000000000000, 1.000000000000000000 ) ) ;
#2276 = CARTESIAN_POINT ( 'NONE',  ( -4.000000000000000000, 16.39062499658601268, -1.656854249492381248 ) ) ;
#2277 = ORIENTED_EDGE ( 'NONE', *, *, #311, .T. ) ;
#2278 = CARTESIAN_POINT ( 'NONE',  ( 4.000000000000000000, 23.50000000000000000, 0.000000000000000000 ) ) ;
#2279 = CARTESIAN_POINT ( 'NONE',  ( 3.323417656249999741, 12.71874999829300634, -1.376604666648954867 ) ) ;
#2280 = CARTESIAN_POINT ( 'NONE',  ( -3.323417656249999741, 12.24999999829300812, -1.376604666648955311 ) ) ;
#2281 = CARTESIAN_POINT ( 'NONE',  ( 3.495145500914972114, 12.35408511092856010, -2.014476013098945195 ) ) ;
#2282 = ORIENTED_EDGE ( 'NONE', *, *, #1344, .F. ) ;
#2283 = CARTESIAN_POINT ( 'NONE',  ( 1.376604666648955755, 20.21874999829300990, 3.323417656249999741 ) ) ;
#2284 = CARTESIAN_POINT ( 'NONE',  ( 3.323417656250000185, 17.64062499829300634, 0.000000000000000000 ) ) ;
#2285 = CIRCLE ( 'NONE', #3007, 0.5000000000000004441 ) ;
#2286 = DIRECTION ( 'NONE',  ( 0.000000000000000000, 1.000000000000000000, 0.000000000000000000 ) ) ;
#2287 = CARTESIAN_POINT ( 'NONE',  ( -3.323417656250000185, 12.01562499829300812, -4.070012794956361332E-16 ) ) ;
#2288 = ORIENTED_EDGE ( 'NONE', *, *, #976, .T. ) ;
#2289 = VECTOR ( 'NONE', #1777, 1000.000000000000000 ) ;
#2290 = CARTESIAN_POINT ( 'NONE',  ( -0.5235982217378145620, 18.16102702894828269, 4.000000072763755909 ) ) ;
#2291 = AXIS2_PLACEMENT_3D ( 'NONE', #3270, #1281, #139 ) ;
#2292 = CARTESIAN_POINT ( 'NONE',  ( -3.323417656250000185, 13.57812499829300812, -4.070012794956361332E-16 ) ) ;
#2293 = CARTESIAN_POINT ( 'NONE',  ( 3.323417656249999741, 23.03124999829300990, -1.376604666648954867 ) ) ;
#2294 = CARTESIAN_POINT ( 'NONE',  ( -4.000000000000000000, 12.79687499999999822, -1.656854249492381248 ) ) ;
#2295 = CARTESIAN_POINT ( 'NONE',  ( 0.000000000000000000, 10.49999999999999822, 0.000000000000000000 ) ) ;
#2296 = CARTESIAN_POINT ( 'NONE',  ( 2.449293598294706414E-16, 17.40624999658601624, -4.000000000000000000 ) ) ;
#2297 = ORIENTED_EDGE ( 'NONE', *, *, #59, .T. ) ;
#2298 = CARTESIAN_POINT ( 'NONE',  ( 4.507059494062497507, 12.03537406460785952, -1.866885168863107181 ) ) ;
#2299 = CARTESIAN_POINT ( 'NONE',  ( 2.035006397478180666E-16, 14.20312499829300812, -3.323417656250000185 ) ) ;
#2300 = CARTESIAN_POINT ( 'NONE',  ( 1.376604666648955089, 13.18749999829300812, -3.323417656249999741 ) ) ;
#2301 = FACE_OUTER_BOUND ( 'NONE', #3438, .T. ) ;
#2302 = ORIENTED_EDGE ( 'NONE', *, *, #1161, .T. ) ;
#2303 = CARTESIAN_POINT ( 'NONE',  ( 3.895890781776373046, 14.69769395676628498, 1.046991258983096307 ) ) ;
#2304 = ADVANCED_FACE ( 'NONE', ( #151 ), #1618, .T. ) ;
#2305 = CARTESIAN_POINT ( 'NONE',  ( 3.323417656250000185, 23.89062499829300990, 0.000000000000000000 ) ) ;
#2306 = CARTESIAN_POINT ( 'NONE',  ( 3.323417656250000185, 11.70312499829300812, 0.000000000000000000 ) ) ;
#2307 = CARTESIAN_POINT ( 'NONE',  ( 3.323417656249999297, 12.56249999829300634, 1.376604666648957087 ) ) ;
#2308 = ORIENTED_EDGE ( 'NONE', *, *, #188, .F. ) ;
#2309 = CARTESIAN_POINT ( 'NONE',  ( -1.376604666648954867, 15.84374999829300634, -3.323417656249999741 ) ) ;
#2310 = CARTESIAN_POINT ( 'NONE',  ( -4.000000000000000000, 22.64062499658601624, -1.656854249492381248 ) ) ;
#2311 = CARTESIAN_POINT ( 'NONE',  ( -3.235829688289682871, 23.99980829853339159, -2.350925020703792168 ) ) ;
#2312 = CARTESIAN_POINT ( 'NONE',  ( -2.350011161449477193, 23.42187499829300634, -2.350011161449477637 ) ) ;
#2313 = CARTESIAN_POINT ( 'NONE',  ( 3.999999999999999112, 13.42187499999999822, 1.656854249492383246 ) ) ;
#2314 = CARTESIAN_POINT ( 'NONE',  ( 1.726830549122646996, 23.99999999999999645, 2.839570596497121624 ) ) ;
#2315 = CARTESIAN_POINT ( 'NONE',  ( 1.656854249492381248, 15.60937499658601624, 3.999999999999999112 ) ) ;
#2316 = CARTESIAN_POINT ( 'NONE',  ( 1.376604666648955755, 23.96874999829300634, 3.323417656249999297 ) ) ;
#2317 = ORIENTED_EDGE ( 'NONE', *, *, #3177, .T. ) ;
#2318 = CARTESIAN_POINT ( 'NONE',  ( 4.507059494062497507, 11.87912406460785952, 1.866885168863110067 ) ) ;
#2319 = CARTESIAN_POINT ( 'NONE',  ( -1.376604666648954867, 14.28124999829300634, -3.323417656249999741 ) ) ;
#2320 = CIRCLE ( 'NONE', #62, 5.000000000000000000 ) ;
#2321 = ORIENTED_EDGE ( 'NONE', *, *, #2175, .T. ) ;
#2322 = VECTOR ( 'NONE', #212, 1000.000000000000000 ) ;
#2323 = CARTESIAN_POINT ( 'NONE',  ( 3.323417656249998853, 22.56249999829300634, 1.376604666648957087 ) ) ;
#2324 = ADVANCED_FACE ( 'NONE', ( #3345 ), #742, .F. ) ;
#2325 = EDGE_CURVE ( 'NONE', #857, #2031, #3532, .T. ) ;
#2326 = PLANE ( 'NONE',  #2358 ) ;
#2327 = CARTESIAN_POINT ( 'NONE',  ( 3.323417656249999741, 13.96874999829300812, -1.376604666648954867 ) ) ;
#2328 = VERTEX_POINT ( 'NONE', #3264 ) ;
#2329 = DIRECTION ( 'NONE',  ( 0.000000000000000000, 0.000000000000000000, 1.000000000000000000 ) ) ;
#2330 = DIRECTION ( 'NONE',  ( -0.000000000000000000, -1.000000000000000000, -0.000000000000000000 ) ) ;
#2331 = CARTESIAN_POINT ( 'NONE',  ( -1.376604666648956865, 22.56249999829301345, 3.323417656249998853 ) ) ;
#2332 = CARTESIAN_POINT ( 'NONE',  ( 2.828427124746190291, 17.40624999999999645, -2.828427124746190291 ) ) ;
#2333 = DIRECTION ( 'NONE',  ( 0.000000000000000000, 0.000000000000000000, 1.000000000000000000 ) ) ;
#2334 = CARTESIAN_POINT ( 'NONE',  ( -2.828427124746189847, 17.56249999658601624, -2.828427124746190291 ) ) ;
#2335 = DIRECTION ( 'NONE',  ( 0.000000000000000000, -0.000000000000000000, 1.000000000000000000 ) ) ;
#2336 = VERTEX_POINT ( 'NONE', #2438 ) ;
#2337 = B_SPLINE_CURVE_WITH_KNOTS ( 'NONE', 3,
 ( #977, #1487, #40, #689, #3290, #1849, #3234, #631, #1794, #2665, #447, #2797, #3098, #1930, #430, #3618 ),
 .UNSPECIFIED., .F., .F.,
 ( 4, 2, 2, 2, 2, 2, 2, 4 ),
 ( 0.000000000000000000, 0.001311294113093320690, 0.001966941169639981144, 0.002622588226186641381, 0.003278235282733301618, 0.003933882339279962288, 0.004589529395826622525, 0.005245176452373282762 ),
 .UNSPECIFIED. ) ;
#2338 = CARTESIAN_POINT ( 'NONE',  ( -4.507059494062498395, 18.83224906460786130, -5.519555982970327188E-16 ) ) ;
#2339 = CARTESIAN_POINT ( 'NONE',  ( -3.323417656250001517, 18.34374999829300634, 1.376604666648954201 ) ) ;
#2340 = ORIENTED_EDGE ( 'NONE', *, *, #951, .F. ) ;
#2341 = EDGE_CURVE ( 'NONE', #3458, #3424, #335, .T. ) ;
#2342 = CARTESIAN_POINT ( 'NONE',  ( -2.458186366320733729, 19.30679135357981124, 3.198667764609492981 ) ) ;
#2343 = CARTESIAN_POINT ( 'NONE',  ( -3.323417656250000185, 18.57812499829300990, -4.070012794956361332E-16 ) ) ;
#2344 = CARTESIAN_POINT ( 'NONE',  ( -3.895890920943925639, 21.57227990455562860, -1.046990741135598313 ) ) ;
#2345 = ORIENTED_EDGE ( 'NONE', *, *, #1250, .F. ) ;
#2346 = CARTESIAN_POINT ( 'NONE',  ( -3.495145281825800421, 17.97874634093872004, 2.014476393221798389 ) ) ;
#2347 = DIRECTION ( 'NONE',  ( 0.000000000000000000, 0.000000000000000000, -1.000000000000000000 ) ) ;
#2348 = CARTESIAN_POINT ( 'NONE',  ( 1.376604666648955089, 24.43749999829300634, -3.323417656249999741 ) ) ;
#2349 = AXIS2_PLACEMENT_3D ( 'NONE', #2905, #608, #3221 ) ;
#2350 = CARTESIAN_POINT ( 'NONE',  ( 1.222270604058667276, 24.00000000000000711, 3.172615196820451899 ) ) ;
#2351 = CARTESIAN_POINT ( 'NONE',  ( 4.000000000000000000, 20.84374999658601624, 0.000000000000000000 ) ) ;
#2352 = CARTESIAN_POINT ( 'NONE',  ( 4.898587196589412829E-16, 24.00000000000000000, 4.000000000000000000 ) ) ;
#2353 = AXIS2_PLACEMENT_3D ( 'NONE', #2899, #304, #2616 ) ;
#2354 = VERTEX_POINT ( 'NONE', #1315 ) ;
#2355 = CARTESIAN_POINT ( 'NONE',  ( 3.186972331462802011, 15.55099906460786308, 3.186972331462803343 ) ) ;
#2356 = CARTESIAN_POINT ( 'NONE',  ( 2.350011161449477637, 16.54687499829300634, -2.350011161449477637 ) ) ;
#2357 = CARTESIAN_POINT ( 'NONE',  ( -4.000000000000000000, 17.71874999658601268, -4.898587196589412829E-16 ) ) ;
#2358 = AXIS2_PLACEMENT_3D ( 'NONE', #3483, #642, #3690 ) ;
#2359 = ORIENTED_EDGE ( 'NONE', *, *, #560, .T. ) ;
#2360 = CARTESIAN_POINT ( 'NONE',  ( -3.323417656250000185, 23.57812499829300990, -4.070012794956361332E-16 ) ) ;
#2361 = CARTESIAN_POINT ( 'NONE',  ( 1.046485471303042363E-05, 18.81226423537186321, -3.999999999970995646 ) ) ;
#2362 = CARTESIAN_POINT ( 'NONE',  ( -3.323417656250001517, 18.65624999829300634, 1.376604666648954201 ) ) ;
#2363 = ORIENTED_EDGE ( 'NONE', *, *, #1020, .T. ) ;
#2364 = ADVANCED_FACE ( 'NONE', ( #2110 ), #683, .F. ) ;
#2365 = DIRECTION ( 'NONE',  ( 0.000000000000000000, 0.000000000000000000, 1.000000000000000000 ) ) ;
#2366 = CARTESIAN_POINT ( 'NONE',  ( 6.735557395310442023E-16, 0.5000000000000004441, -5.500000000000000000 ) ) ;
#2367 = CARTESIAN_POINT ( 'NONE',  ( -6.105019192434541011E-16, 17.32812499829300634, 3.323417656250000185 ) ) ;
#2368 = DIRECTION ( 'NONE',  ( -0.000000000000000000, -1.000000000000000000, -0.000000000000000000 ) ) ;
#2369 = CARTESIAN_POINT ( 'NONE',  ( -4.000000000000000000, 23.96874999658601624, -4.898587196589412829E-16 ) ) ;
#2370 = CARTESIAN_POINT ( 'NONE',  ( 0.000000000000000000, 11.00000000000000000, 10.49999999999999822 ) ) ;
#2371 = EDGE_CURVE ( 'NONE', #786, #405, #2550, .T. ) ;
#2372 = ORIENTED_EDGE ( 'NONE', *, *, #692, .T. ) ;
#2373 = CARTESIAN_POINT ( 'NONE',  ( 4.507059494062498395, 18.20724906460786130, 0.000000000000000000 ) ) ;
#2374 = CARTESIAN_POINT ( 'NONE',  ( 1.376604666648955755, 17.40624999829300990, 3.323417656249999297 ) ) ;
#2375 = ORIENTED_EDGE ( 'NONE', *, *, #3697, .T. ) ;
#2376 = AXIS2_PLACEMENT_3D ( 'NONE', #1308, #3606, #3542 ) ;
#2377 = CARTESIAN_POINT ( 'NONE',  ( 0.9312007261707034855, 23.94347245587804096, 3.323417656250000629 ) ) ;
#2378 = CARTESIAN_POINT ( 'NONE',  ( -1.376604666648954867, 23.03124999829300990, -3.323417656249999741 ) ) ;
#2379 = AXIS2_PLACEMENT_3D ( 'NONE', #3100, #3044, #2798 ) ;
#2380 = CARTESIAN_POINT ( 'NONE',  ( 1.376604666648955755, 17.71874999829300634, 3.323417656249999297 ) ) ;
#2381 = CARTESIAN_POINT ( 'NONE',  ( 2.350011161449477637, 19.35937499829300990, -2.350011161449477637 ) ) ;
#2382 = CARTESIAN_POINT ( 'NONE',  ( -1.509050996133131317, 24.00000000000000711, -3.516845276637285522 ) ) ;
#2383 = AXIS2_PLACEMENT_3D ( 'NONE', #723, #994, #1555 ) ;
#2384 = CARTESIAN_POINT ( 'NONE',  ( 0.000000000000000000, 29.89999999999999858, 2.000000000000000000 ) ) ;
#2385 = CARTESIAN_POINT ( 'NONE',  ( 2.350011161449477637, 12.79687499829300634, -2.350011161449477637 ) ) ;
#2386 = CARTESIAN_POINT ( 'NONE',  ( 1.046992177020923842, 19.48907204158937390, 3.895890535060502202 ) ) ;
#2387 = CARTESIAN_POINT ( 'NONE',  ( -4.000000000000000888, 24.04687499658601979, 1.656854249492379694 ) ) ;
#2388 = AXIS2_PLACEMENT_3D ( 'NONE', #1724, #282, #530 ) ;
#2389 = LINE ( 'NONE', #3539, #466 ) ;
#2390 = EDGE_CURVE ( 'NONE', #2106, #893, #193, .T. ) ;
#2391 = CARTESIAN_POINT ( 'NONE',  ( 1.866885168863107403, 18.44162406460786130, -4.507059494062497507 ) ) ;
#2392 = CARTESIAN_POINT ( 'NONE',  ( 2.350011161449477193, 19.98437499829300990, 2.350011161449478081 ) ) ;
#2393 = FACE_OUTER_BOUND ( 'NONE', #274, .T. ) ;
#2394 = ORIENTED_EDGE ( 'NONE', *, *, #2183, .F. ) ;
#2395 = CARTESIAN_POINT ( 'NONE',  ( -0.5235980284002151874, 20.66087646450791127, 4.000000098071550880 ) ) ;
#2396 = CARTESIAN_POINT ( 'NONE',  ( 3.198667898274498267, 22.11912196858424551, 2.458186192391691893 ) ) ;
#2397 = CARTESIAN_POINT ( 'NONE',  ( 2.350011161449477637, 21.54687499829300634, -2.350011161449477637 ) ) ;
#2398 = CARTESIAN_POINT ( 'NONE',  ( 3.495145160115314731, 21.10355813538823710, -2.014476604391196801 ) ) ;
#2399 = CARTESIAN_POINT ( 'NONE',  ( 3.323417656250000185, 16.70312499829300634, 0.000000000000000000 ) ) ;
#2400 = CARTESIAN_POINT ( 'NONE',  ( -2.350011161449477193, 14.67187499829300812, -2.350011161449477637 ) ) ;
#2401 = CARTESIAN_POINT ( 'NONE',  ( 1.376604666648955089, 19.43749999829300634, -3.323417656249999741 ) ) ;
#2402 = CARTESIAN_POINT ( 'NONE',  ( 2.709421914177986057, 23.99999999999999645, -2.002125912768368821 ) ) ;
#2403 = CARTESIAN_POINT ( 'NONE',  ( 4.000000000000000000, 15.92187499658601801, -1.656854249492380582 ) ) ;
#2404 = CARTESIAN_POINT ( 'NONE',  ( 2.035006397478180666E-16, 16.70312499829300634, -3.323417656250000185 ) ) ;
#2405 = LINE ( 'NONE', #3237, #979 ) ;
#2406 = CARTESIAN_POINT ( 'NONE',  ( -4.000000000000000000, 21.39062499658601624, -1.656854249492381248 ) ) ;
#2407 = CARTESIAN_POINT ( 'NONE',  ( 3.323417656250000185, 11.70312499829300812, 0.000000000000000000 ) ) ;
#2408 = CIRCLE ( 'NONE', #1682, 4.000000000000000000 ) ;
#2409 = CARTESIAN_POINT ( 'NONE',  ( -4.507059494062498395, 17.58224906460786130, -5.519555982970327188E-16 ) ) ;
#2410 = CARTESIAN_POINT ( 'NONE',  ( -2.350011161449477193, 19.35937499829300990, -2.350011161449477637 ) ) ;
#2411 = EDGE_LOOP ( 'NONE', ( #2184, #2375, #2359 ) ) ;
#2412 = EDGE_CURVE ( 'NONE', #1480, #1189, #5, .T. ) ;
#2413 = CARTESIAN_POINT ( 'NONE',  ( -2.458187139390266562, 15.19245582422088781, -3.198667170502961454 ) ) ;
#2414 = CARTESIAN_POINT ( 'NONE',  ( -1.656854249492382580, 14.20312499658601801, 3.999999999999999112 ) ) ;
#2415 = MECHANICAL_DESIGN_GEOMETRIC_PRESENTATION_REPRESENTATION (  '', ( #298 ), #2170 ) ;
#2416 = CARTESIAN_POINT ( 'NONE',  ( -1.376604666648954867, 21.78124999829300990, -3.323417656249999741 ) ) ;
#2417 = DIRECTION ( 'NONE',  ( 0.000000000000000000, 0.000000000000000000, -1.000000000000000000 ) ) ;
#2418 = CARTESIAN_POINT ( 'NONE',  ( 2.350011161449477637, 20.60937499829300990, -2.350011161449477637 ) ) ;
#2419 = EDGE_CURVE ( 'NONE', #293, #1860, #2232, .T. ) ;
#2420 =( BOUNDED_CURVE ( )  B_SPLINE_CURVE ( 2, ( #2839, #2270, #1415, #2578, #544, #849, #1132, #2631, #2287, #911, #3213, #3445, #615, #1758, #2876, #2307, #3718, #1431, #3173, #1114, #2613, #2894, #3426, #1187, #1170, #3195, #1151, #278, #2912, #1991, #6, #3136, #300, #2327, #582, #892, #319, #20, #240, #1395, #2557, #1055, #461, #1037, #3308, #727, #2503, #3571, #1339, #998, #3616, #1538, #1891, #3366, #117, #2148, #2739, #1581, #3349, #2187, #2699, #1319, #136, #706, #2982, #3657, #1278, #408, #1299, #1603, #1259, #1560, #2464, #1017, #2759, #2168, #2721, #1871, #3331, #3021, #445, #428, #157, #2485, #3041, #3638, #750, #2443, #1908, #180, #3059, #2422, #1847, #1622, #1827, #2778, #3597, #2210, #91, #386, #974, #2130, #3287, #687, #2999, #131, #1823, #3326, #3611, #2995, #3633, #1903, #2772, #1012, #2109, #1575, #1273, #1534, #424, #402, #3053, #2716, #3035, #1254, #2480, #701, #2978, #441, #3015, #111, #2397, #383, #3566, #2416, #87, #2437, #969, #1032, #682, #1617, #175, #3546, #1293, #1314, #1597, #2695, #722, #2459, #2162, #1886, #3263, #662, #2181, #2124, #3590, #3282, #3344, #993, #741, #2754, #3303, #1864, #2732 ),
 .UNSPECIFIED., .F., .F. ) 
 B_SPLINE_CURVE_WITH_KNOTS ( ( 3, 2, 2, 2, 2, 2, 2, 2, 2, 2, 2, 2, 2, 2, 2, 2, 2, 2, 2, 2, 2, 2, 2, 2, 2, 2, 2, 2, 2, 2, 2, 2, 2, 2, 2, 2, 2, 2, 2, 2, 2, 2, 2, 2, 2, 2, 2, 2, 2, 2, 2, 2, 2, 2, 2, 2, 2, 2, 2, 2, 2, 2, 2, 2, 2, 2, 2, 2, 2, 2, 2, 2, 2, 2, 2, 2, 2, 2, 2, 2, 2, 3 ),
 ( 0.000000000000000000, 0.01136363636363636395, 0.02272727272727272790, 0.03409090909090908839, 0.04545454545454545581, 0.05681818181818181629, 0.06818181818181817677, 0.07954545454545454419, 0.09090909090909091161, 0.1022727272727272790, 0.1136363636363636326, 0.1250000000000000000, 0.1363636363636363535, 0.1477272727272727348, 0.1590909090909090884, 0.1704545454545454419, 0.1818181818181818232, 0.1931818181818181768, 0.2045454545454545581, 0.2159090909090909116, 0.2272727272727272652, 0.2386363636363636465, 0.2500000000000000000, 0.2613636363636363535, 0.2727272727272727071, 0.2840909090909091161, 0.2954545454545454697, 0.3068181818181817677, 0.3181818181818181768, 0.3295454545454545303, 0.3409090909090908839, 0.3522727272727272929, 0.3636363636363636465, 0.3750000000000000000, 0.3863636363636363535, 0.3977272727272727071, 0.4090909090909091161, 0.4204545454545454697, 0.4318181818181818232, 0.4431818181818181768, 0.4545454545454545303, 0.4659090909090908839, 0.4772727272727272929, 0.4886363636363636465, 0.5000000000000000000, 0.5113636363636363535, 0.5227272727272727071, 0.5340909090909090606, 0.5454545454545454142, 0.5568181818181818787, 0.5681818181818182323, 0.5795454545454545858, 0.5909090909090909394, 0.6022727272727272929, 0.6136363636363635354, 0.6250000000000000000, 0.6363636363636363535, 0.6477272727272727071, 0.6590909090909090606, 0.6704545454545453032, 0.6818181818181817677, 0.6931818181818182323, 0.7045454545454545858, 0.7159090909090909394, 0.7272727272727272929, 0.7386363636363636465, 0.7500000000000000000, 0.7613636363636363535, 0.7727272727272727071, 0.7840909090909089496, 0.7954545454545454142, 0.8068181818181817677, 0.8181818181818182323, 0.8295454545454545858, 0.8409090909090909394, 0.8522727272727272929, 0.8636363636363636465, 0.8750000000000000000, 0.8863636363636363535, 0.8977272727272727071, 0.9090909090909090606, 0.9169719130283450204 ),
 .UNSPECIFIED. ) 
 CURVE ( )  GEOMETRIC_REPRESENTATION_ITEM ( )  RATIONAL_B_SPLINE_CURVE ( ( 1.000000000000000000, 0.9238795325112867385, 1.000000000000000000, 0.9238795325112867385, 1.000000000000000000, 0.9238795325112867385, 1.000000000000000000, 0.9238795325112867385, 1.000000000000000000, 0.9238795325112867385, 1.000000000000000000, 0.9238795325112867385, 1.000000000000000000, 0.9238795325112867385, 1.000000000000000000, 0.9238795325112867385, 1.000000000000000000, 0.9238795325112867385, 1.000000000000000000, 0.9238795325112867385, 1.000000000000000000, 0.9238795325112867385, 1.000000000000000000, 0.9238795325112867385, 1.000000000000000000, 0.9238795325112867385, 1.000000000000000000, 0.9238795325112867385, 1.000000000000000000, 0.9238795325112867385, 1.000000000000000000, 0.9238795325112867385, 1.000000000000000000, 0.9238795325112867385, 1.000000000000000000, 0.9238795325112867385, 1.000000000000000000, 0.9238795325112867385, 1.000000000000000000, 0.9238795325112867385, 1.000000000000000000, 0.9238795325112867385, 1.000000000000000000, 0.9238795325112867385, 1.000000000000000000, 0.9238795325112867385, 1.000000000000000000, 0.9238795325112867385, 1.000000000000000000, 0.9238795325112867385, 1.000000000000000000, 0.9238795325112867385, 1.000000000000000000, 0.9238795325112867385, 1.000000000000000000, 0.9238795325112867385, 1.000000000000000000, 0.9238795325112867385, 1.000000000000000000, 0.9238795325112867385, 1.000000000000000000, 0.9238795325112867385, 1.000000000000000000, 0.9238795325112867385, 1.000000000000000000, 0.9238795325112867385, 1.000000000000000000, 0.9238795325112867385, 1.000000000000000000, 0.9238795325112867385, 1.000000000000000000, 0.9238795325112867385, 1.000000000000000000, 0.9238795325112867385, 1.000000000000000000, 0.9238795325112867385, 1.000000000000000000, 0.9238795325112867385, 1.000000000000000000, 0.9238795325112867385, 1.000000000000000000, 0.9238795325112867385, 1.000000000000000000, 0.9238795325112867385, 1.000000000000000000, 0.9238795325112867385, 1.000000000000000000, 0.9238795325112867385, 1.000000000000000000, 0.9238795325112867385, 1.000000000000000000, 0.9238795325112867385, 1.000000000000000000, 0.9238795325112867385, 1.000000000000000000, 0.9238795325112867385, 1.000000000000000000, 0.9238795325112867385, 1.000000000000000000, 0.9238795325112867385, 1.000000000000000000, 0.9238795325112867385, 1.000000000000000000, 0.9238795325112867385, 1.000000000000000000, 0.9238795325112867385, 1.000000000000000000, 0.9238795325112867385, 1.000000000000000000, 0.9238795325112867385, 1.000000000000000000, 0.9238795325112867385, 1.000000000000000000, 0.9238795325112867385, 1.000000000000000000, 0.9238795325112867385, 1.000000000000000000, 0.9238795325112867385, 1.000000000000000000, 0.9238795325112867385, 1.000000000000000000, 0.9238795325112867385, 1.000000000000000000, 0.9238795325112867385, 1.000000000000000000, 0.9238795325112867385, 1.000000000000000000, 0.9238795325112867385, 1.000000000000000000, 0.9238795325112867385, 1.000000000000000000, 0.9238795325112867385, 1.000000000000000000, 0.9238795325112867385, 1.000000000000000000, 0.9238795325112867385, 1.000000000000000000, 0.9238795325112867385, 1.000000000000000000, 0.9238795325112867385, 1.000000000000000000, 0.9238795325112867385, 1.000000000000000000, 0.9238795325112867385, 1.000000000000000000, 0.9238795325112867385, 1.000000000000000000, 0.9238795325112867385, 1.000000000000000000, 0.9238795325112867385, 1.000000000000000000, 0.9238795325112867385, 1.000000000000000000, 0.9238795325112867385, 1.000000000000000000, 0.9238795325112867385, 1.000000000000000000, 0.9238795325112867385, 1.000000000000000000, 0.9238795325112867385, 1.000000000000000000, 0.9472082980481746350, 0.9676416796228948236 ) ) 
 REPRESENTATION_ITEM ( '' )  );
#2421 = CARTESIAN_POINT ( 'NONE',  ( -6.105019192434541011E-16, 16.39062499829300634, 3.323417656250000185 ) ) ;
#2422 = CARTESIAN_POINT ( 'NONE',  ( -1.376604666648957087, 18.49999999829300990, 3.323417656249999297 ) ) ;
#2423 = CARTESIAN_POINT ( 'NONE',  ( 1.376604666648955755, 16.46874999829300634, 3.323417656249999297 ) ) ;
#2424 = DIRECTION ( 'NONE',  ( 0.000000000000000000, 0.000000000000000000, 1.000000000000000000 ) ) ;
#2425 = DIRECTION ( 'NONE',  ( 0.000000000000000000, 0.000000000000000000, 1.000000000000000000 ) ) ;
#2426 = CARTESIAN_POINT ( 'NONE',  ( 1.376604666648955755, 13.65624999829300990, 3.323417656249999297 ) ) ;
#2427 = CARTESIAN_POINT ( 'NONE',  ( 0.000000000000000000, 2.168404344971008868E-16, 5.500000000000000000 ) ) ;
#2428 = CARTESIAN_POINT ( 'NONE',  ( -7.347880794884119736E-16, 20.53124999658601624, 4.000000000000000000 ) ) ;
#2429 = CARTESIAN_POINT ( 'NONE',  ( 7.116090318405943259E-06, 16.31233968005350832, -3.999999999986588062 ) ) ;
#2430 = CARTESIAN_POINT ( 'NONE',  ( -2.828427124746189847, 11.46875000000000000, -2.828427124746190291 ) ) ;
#2431 = DIRECTION ( 'NONE',  ( -0.000000000000000000, -1.000000000000000000, -0.000000000000000000 ) ) ;
#2432 = ORIENTED_EDGE ( 'NONE', *, *, #1437, .F. ) ;
#2433 = ORIENTED_EDGE ( 'NONE', *, *, #557, .F. ) ;
#2434 = CARTESIAN_POINT ( 'NONE',  ( -1.656854249492380360, 20.14062500000000000, -4.000000000000000000 ) ) ;
#2435 = CARTESIAN_POINT ( 'NONE',  ( -3.896707575044344729, 11.68226813984735735, 1.163160023260765508 ) ) ;
#2436 = DIRECTION ( 'NONE',  ( 0.000000000000000000, 1.000000000000000000, 0.000000000000000000 ) ) ;
#2437 = CARTESIAN_POINT ( 'NONE',  ( -3.323417656249999741, 21.93749999829300634, -1.376604666648955311 ) ) ;
#2438 = CARTESIAN_POINT ( 'NONE',  ( -8.249490433370778810E-07, 15.53123212034920719, 3.999999999999824141 ) ) ;
#2439 = ORIENTED_EDGE ( 'NONE', *, *, #164, .F. ) ;
#2440 = CARTESIAN_POINT ( 'NONE',  ( -3.323417656249999741, 23.49999999829300990, -1.376604666648955311 ) ) ;
#2441 = CIRCLE ( 'NONE', #866, 11.50000000000000000 ) ;
#2442 = CARTESIAN_POINT ( 'NONE',  ( -1.376604666648957087, 18.81249999829300990, 3.323417656249999297 ) ) ;
#2443 = CARTESIAN_POINT ( 'NONE',  ( -3.323417656249999741, 18.18749999829300634, -1.376604666648955311 ) ) ;
#2444 = CARTESIAN_POINT ( 'NONE',  ( -3.323417656249999741, 18.49999999829300279, -1.376604666648955311 ) ) ;
#2445 = ADVANCED_FACE ( 'NONE', ( #2301 ), #3714, .T. ) ;
#2446 = CARTESIAN_POINT ( 'NONE',  ( 2.839570596497121180, 23.99999999999999289, -1.726830549122646774 ) ) ;
#2447 = CARTESIAN_POINT ( 'NONE',  ( 0.000000000000000000, 0.5000000000000004441, 0.000000000000000000 ) ) ;
#2448 = DIRECTION ( 'NONE',  ( 0.000000000000000000, 0.000000000000000000, 1.000000000000000000 ) ) ;
#2449 = CARTESIAN_POINT ( 'NONE',  ( -3.323417656250001517, 12.40624999829300990, 1.376604666648954201 ) ) ;
#2450 = DIRECTION ( 'NONE',  ( 0.000000000000000000, 0.000000000000000000, 1.000000000000000000 ) ) ;
#2451 = CARTESIAN_POINT ( 'NONE',  ( 4.507059494062497507, 20.62912406460786485, 1.866885168863110067 ) ) ;
#2452 = CARTESIAN_POINT ( 'NONE',  ( 3.323417656249999741, 23.96874999829300634, -1.376604666648954867 ) ) ;
#2453 = FACE_OUTER_BOUND ( 'NONE', #2573, .T. ) ;
#2454 = EDGE_LOOP ( 'NONE', ( #113, #2302, #269, #1289 ) ) ;
#2455 = VERTEX_POINT ( 'NONE', #3476 ) ;
#2456 = CARTESIAN_POINT ( 'NONE',  ( -4.000000000000000888, 22.95312500000000000, 1.656854249492379694 ) ) ;
#2457 = CARTESIAN_POINT ( 'NONE',  ( -3.895890516083473365, 20.42651557992420663, 1.046992247635027518 ) ) ;
#2458 = CARTESIAN_POINT ( 'NONE',  ( 3.895890807080332419, 15.94761867454631421, 1.046991164826170717 ) ) ;
#2459 = CARTESIAN_POINT ( 'NONE',  ( 1.376604666648955089, 22.87499999829300634, -3.323417656249999741 ) ) ;
#2460 = CARTESIAN_POINT ( 'NONE',  ( 0.000000000000000000, 24.00000000000000000, 0.000000000000000000 ) ) ;
#2461 = EDGE_LOOP ( 'NONE', ( #2542, #1377, #2139, #2869 ) ) ;
#2462 = CARTESIAN_POINT ( 'NONE',  ( 2.035006397478180666E-16, 23.26562499829300990, -3.323417656250000185 ) ) ;
#2463 = CARTESIAN_POINT ( 'NONE',  ( -1.376604666648954867, 14.59374999829300457, -3.323417656249999741 ) ) ;
#2464 = CARTESIAN_POINT ( 'NONE',  ( -3.323417656250000185, 17.01562499829300634, -4.070012794956361332E-16 ) ) ;
#2465 = CARTESIAN_POINT ( 'NONE',  ( 1.376604666648955089, 20.68749999829300634, -3.323417656249999741 ) ) ;
#2466 = EDGE_CURVE ( 'NONE', #2019, #2476, #2737, .T. ) ;
#2467 = CARTESIAN_POINT ( 'NONE',  ( 0.000000000000000000, 9.500000000000000000, 0.000000000000000000 ) ) ;
#2468 = CARTESIAN_POINT ( 'NONE',  ( 0.5235980767340923103, 20.03591410561802988, -4.000000091744670527 ) ) ;
#2469 = CARTESIAN_POINT ( 'NONE',  ( 1.376604666648955089, 14.43749999829300812, -3.323417656249999741 ) ) ;
#2470 = CARTESIAN_POINT ( 'NONE',  ( -1.656854249492382580, 20.45312499658602334, 3.999999999999999112 ) ) ;
#2471 = EDGE_CURVE ( 'NONE', #2614, #1613, #2862, .T. ) ;
#2472 = CARTESIAN_POINT ( 'NONE',  ( 4.507059494062498395, 23.20724906460786130, 0.000000000000000000 ) ) ;
#2473 = CARTESIAN_POINT ( 'NONE',  ( 2.350011161449477193, 22.48437499829300634, 2.350011161449478081 ) ) ;
#2474 = CARTESIAN_POINT ( 'NONE',  ( -4.000000000000000888, 14.04687499658601624, 1.656854249492379694 ) ) ;
#2475 = CLOSED_SHELL ( 'NONE', ( #2684, #2324, #1417, #1571, #3171, #2445, #3006, #276, #1630, #3199, #3078, #1952, #191, #2304, #773, #2580, #3738, #1476, #3266, #2879, #3126, #1649, #2209, #1507, #3744, #3416, #3652, #2364, #3715, #1483, #115, #3285, #817, #3083, #2587, #1719, #585, #106, #1185, #1602, #80, #3437, #89, #1791, #764, #1419, #36, #2153, #2030, #1788, #1851, #2859, #2961, #1297, #746, #2521, #3568, #155, #2734, #3391, #665 ) ) ;
#2476 = VERTEX_POINT ( 'NONE', #577 ) ;
#2477 = CARTESIAN_POINT ( 'NONE',  ( -4.000000000000000000, 20.29687500000000000, -1.656854249492381248 ) ) ;
#2478 = DIRECTION ( 'NONE',  ( 0.000000000000000000, 1.000000000000000000, 0.000000000000000000 ) ) ;
#2479 = CARTESIAN_POINT ( 'NONE',  ( 5.510910596163089556E-16, 11.50000000000000000, 4.500000000000000888 ) ) ;
#2480 = CARTESIAN_POINT ( 'NONE',  ( -6.105019192434541011E-16, 21.07812499829300634, 3.323417656250000185 ) ) ;
#2481 = DIRECTION ( 'NONE',  ( 1.000000000000000000, -0.000000000000000000, 1.224646799147353207E-16 ) ) ;
#2482 = ORIENTED_EDGE ( 'NONE', *, *, #846, .T. ) ;
#2483 = CARTESIAN_POINT ( 'NONE',  ( -3.323417656250001517, 21.15624999829300279, 1.376604666648954201 ) ) ;
#2484 = CARTESIAN_POINT ( 'NONE',  ( -3.323417656250001517, 17.40624999829300990, 1.376604666648954645 ) ) ;
#2485 = CARTESIAN_POINT ( 'NONE',  ( 1.376604666648955089, 17.87499999829300634, -3.323417656249999741 ) ) ;
#2486 = CARTESIAN_POINT ( 'NONE',  ( 4.000000063273149387, 17.22358349061335758, 0.5235982942407950702 ) ) ;
#2487 = LINE ( 'NONE', #203, #3351 ) ;
#2488 = CARTESIAN_POINT ( 'NONE',  ( 2.828427124746190291, 24.74999999658601624, -2.828427124746190291 ) ) ;
#2489 = CARTESIAN_POINT ( 'NONE',  ( -7.227421135308288384E-06, 14.90625033737828709, -3.999999999993470556 ) ) ;
#2490 = CARTESIAN_POINT ( 'NONE',  ( -4.507059494062498395, 22.66037406460786130, 1.866885168863106736 ) ) ;
#2491 = CARTESIAN_POINT ( 'NONE',  ( 3.323417656249998853, 23.81249999829300634, 1.376604666648957087 ) ) ;
#2492 = DIRECTION ( 'NONE',  ( 0.000000000000000000, 0.000000000000000000, 1.000000000000000000 ) ) ;
#2493 = EDGE_CURVE ( 'NONE', #228, #419, #1275, .T. ) ;
#2494 = VERTEX_POINT ( 'NONE', #1752 ) ;
#2495 = CARTESIAN_POINT ( 'NONE',  ( -1.656854249492382580, 20.60937500000000711, 3.999999999999999112 ) ) ;
#2496 = DIRECTION ( 'NONE',  ( 0.000000000000000000, 0.000000000000000000, -1.000000000000000000 ) ) ;
#2497 = CARTESIAN_POINT ( 'NONE',  ( -0.3174811493931235518, 11.30467142335474406, -4.039174944937985678 ) ) ;
#2498 = CARTESIAN_POINT ( 'NONE',  ( -3.999999981017601236, 12.90092717495738306, 0.5235989226271990926 ) ) ;
#2499 = CARTESIAN_POINT ( 'NONE',  ( 1.046991612081957568, 11.98952373490934420, 3.895890686883709098 ) ) ;
#2500 = EDGE_LOOP ( 'NONE', ( #3473, #1739, #844, #3127 ) ) ;
#2501 = CARTESIAN_POINT ( 'NONE',  ( 2.350011161449477193, 20.29687499829300990, 2.350011161449478081 ) ) ;
#2502 = CARTESIAN_POINT ( 'NONE',  ( 3.323417656250000185, 21.70312499829300634, 0.000000000000000000 ) ) ;
#2503 = CARTESIAN_POINT ( 'NONE',  ( 2.350011161449477193, 14.98437499829300812, 2.350011161449478081 ) ) ;
#2504 = CARTESIAN_POINT ( 'NONE',  ( 3.323417656249999741, 15.21874999829300634, -1.376604666648954867 ) ) ;
#2505 = DIRECTION ( 'NONE',  ( 0.000000000000000000, -0.000000000000000000, 1.000000000000000000 ) ) ;
#2506 = DIRECTION ( 'NONE',  ( 0.000000000000000000, 0.000000000000000000, -1.000000000000000000 ) ) ;
#2507 = CARTESIAN_POINT ( 'NONE',  ( -3.323417656250000185, 13.57812499829300812, -4.070012794956361332E-16 ) ) ;
#2508 = CARTESIAN_POINT ( 'NONE',  ( 4.439344646909155037E-16, 28.00000000000000000, -3.624999999999999556 ) ) ;
#2509 = CARTESIAN_POINT ( 'NONE',  ( 2.759777991485163594E-16, 19.76974906460785775, -4.507059494062498395 ) ) ;
#2510 = CARTESIAN_POINT ( 'NONE',  ( 1.376604666648955755, 22.40624999829300634, 3.323417656249999297 ) ) ;
#2511 = CARTESIAN_POINT ( 'NONE',  ( -3.323572473503189073, 23.99999999999998224, 1.998012864049735882 ) ) ;
#2512 = CARTESIAN_POINT ( 'NONE',  ( -2.828427124746190735, 12.87499999658601624, 2.828427124746189847 ) ) ;
#2513 = CARTESIAN_POINT ( 'NONE',  ( -2.828427124746189847, 22.71875000000000000, -2.828427124746190291 ) ) ;
#2514 = CARTESIAN_POINT ( 'NONE',  ( -3.999999955708316790, 15.40077661051756408, 0.5235991159757430458 ) ) ;
#2515 = DIRECTION ( 'NONE',  ( 0.000000000000000000, 0.000000000000000000, 1.000000000000000000 ) ) ;
#2516 = DIRECTION ( 'NONE',  ( 0.000000000000000000, -0.000000000000000000, 1.000000000000000000 ) ) ;
#2517 = CARTESIAN_POINT ( 'NONE',  ( 3.198667423002830024, 12.11972422634477553, 2.458186810829808611 ) ) ;
#2518 = VERTEX_POINT ( 'NONE', #2659 ) ;
#2519 = CYLINDRICAL_SURFACE ( 'NONE', #2349, 4.000000000000000000 ) ;
#2520 = CARTESIAN_POINT ( 'NONE',  ( 1.376604666648955089, 21.93749999829300634, -3.323417656249999741 ) ) ;
#2521 = ADVANCED_FACE ( 'NONE', ( #2453 ), #675, .T. ) ;
#2522 = CARTESIAN_POINT ( 'NONE',  ( -2.350011161449477193, 18.10937499829300990, -2.350011161449477637 ) ) ;
#2523 = PRODUCT_DEFINITION ( 'UNKNOWN', '', #563, #332 ) ;
#2524 = CARTESIAN_POINT ( 'NONE',  ( 2.014476752205604626, 23.29092639150266209, 3.495145074920365413 ) ) ;
#2525 = CARTESIAN_POINT ( 'NONE',  ( 2.350011161449477637, 11.85937499829300812, -2.350011161449477637 ) ) ;
#2526 = CARTESIAN_POINT ( 'NONE',  ( 3.999999999999999112, 22.01562499658601624, 1.656854249492383024 ) ) ;
#2527 = CARTESIAN_POINT ( 'NONE',  ( 2.350011161449477637, 14.35937499829300812, -2.350011161449477637 ) ) ;
#2528 = CARTESIAN_POINT ( 'NONE',  ( -2.828427124746189847, 12.71875000000000000, -2.828427124746190291 ) ) ;
#2529 = CARTESIAN_POINT ( 'NONE',  ( 2.063480980375171026, 11.06099168131521182, -3.727421636675512406 ) ) ;
#2530 = CARTESIAN_POINT ( 'NONE',  ( -1.866885168863109623, 14.06662406460786130, 4.507059494062497507 ) ) ;
#2531 = CYLINDRICAL_SURFACE ( 'NONE', #260, 4.000000000000000000 ) ;
#2532 = CARTESIAN_POINT ( 'NONE',  ( -1.535800105519507630, 11.38245415661436688, -3.721467077694908809 ) ) ;
#2533 = CARTESIAN_POINT ( 'NONE',  ( 2.350011161449477637, 11.85937499829300812, -2.350011161449477637 ) ) ;
#2534 = EDGE_CURVE ( 'NONE', #3385, #3402, #805, .T. ) ;
#2535 = ORIENTED_EDGE ( 'NONE', *, *, #3675, .T. ) ;
#2536 = CARTESIAN_POINT ( 'NONE',  ( -6.105019192434541011E-16, 23.89062499829300990, 3.323417656250000185 ) ) ;
#2537 = CARTESIAN_POINT ( 'NONE',  ( -3.323417656249999741, 20.99999999829300990, -1.376604666648955311 ) ) ;
#2538 = CARTESIAN_POINT ( 'NONE',  ( 1.376604666648955755, 18.65624999829300634, 3.323417656249999297 ) ) ;
#2539 = AXIS2_PLACEMENT_3D ( 'NONE', #1471, #1453, #2347 ) ;
#2540 = AXIS2_PLACEMENT_3D ( 'NONE', #1272, #2436, #3589 ) ;
#2541 = CARTESIAN_POINT ( 'NONE',  ( 2.458186327669367177, 19.93175371246971395, -3.198667794313190704 ) ) ;
#2542 = ORIENTED_EDGE ( 'NONE', *, *, #3206, .F. ) ;
#2543 = CARTESIAN_POINT ( 'NONE',  ( 8.825249662514453674E-06, 19.90624958045106396, -3.999999999990264676 ) ) ;
#2544 = CARTESIAN_POINT ( 'NONE',  ( -3.323417656250001517, 14.90624999829300634, 1.376604666648954201 ) ) ;
#2545 = CARTESIAN_POINT ( 'NONE',  ( -1.656854249492380360, 12.64062499999999822, -4.000000000000000000 ) ) ;
#2546 = CARTESIAN_POINT ( 'NONE',  ( 1.169704460787943212, 11.00126296264169135, -4.303836536756627140 ) ) ;
#2547 = CARTESIAN_POINT ( 'NONE',  ( 4.000000000000000000, 12.09374999658601624, 0.000000000000000000 ) ) ;
#2548 = VERTEX_POINT ( 'NONE', #2710 ) ;
#2549 = CARTESIAN_POINT ( 'NONE',  ( -1.866885168863107181, 13.59787406460786485, -4.507059494062497507 ) ) ;
#2550 = B_SPLINE_CURVE_WITH_KNOTS ( 'NONE', 3,
 ( #384, #3567, #132, #3016, #1294, #970, #425, #2125, #1576, #1353, #2852, #785, #555, #825, #233, #540, #807, #3093 ),
 .UNSPECIFIED., .F., .F.,
 ( 4, 2, 2, 2, 2, 2, 2, 2, 4 ),
 ( 0.8894228894854225853, 0.8954325036035658547, 0.9014421177217091241, 0.9074517318398523935, 0.9134613459579956629, 0.9194709600761388213, 0.9254805741942820907, 0.9314901883124253601, 0.9374998024305686295 ),
 .UNSPECIFIED. ) ;
#2551 = DIRECTION ( 'NONE',  ( 1.000000000000000000, 0.000000000000000000, 0.000000000000000000 ) ) ;
#2552 = CARTESIAN_POINT ( 'NONE',  ( -2.350011161449477193, 14.35937499829300812, -2.350011161449477637 ) ) ;
#2553 = DIRECTION ( 'NONE',  ( -0.000000000000000000, -1.000000000000000000, -0.000000000000000000 ) ) ;
#2554 = ORIENTED_EDGE ( 'NONE', *, *, #1072, .T. ) ;
#2555 = CARTESIAN_POINT ( 'NONE',  ( -2.350011161449478081, 22.17187499829300990, 2.350011161449477193 ) ) ;
#2556 = LINE ( 'NONE', #220, #2780 ) ;
#2557 = CARTESIAN_POINT ( 'NONE',  ( -3.323417656250000185, 14.51562499829300812, -4.070012794956361332E-16 ) ) ;
#2558 = ORIENTED_EDGE ( 'NONE', *, *, #748, .F. ) ;
#2559 = B_SPLINE_CURVE_WITH_KNOTS ( 'NONE', 3,
 ( #3556, #654, #2386, #672, #3537, #1835, #3313, #2968, #413, #2152, #944, #1264, #2236, #2541, #2214, #1079, #2468, #3118 ),
 .UNSPECIFIED., .F., .F.,
 ( 4, 2, 2, 2, 2, 2, 2, 2, 4 ),
 ( 0.6490383247596746008, 0.6550479388778186474, 0.6610575529959625829, 0.6670671671141066295, 0.6730767812322506760, 0.6790863953503947226, 0.6850960094685386581, 0.6911056235866827047, 0.6971152377048267512 ),
 .UNSPECIFIED. ) ;
#2560 = CARTESIAN_POINT ( 'NONE',  ( 0.000000000000000000, 10.00000000000000000, 0.000000000000000000 ) ) ;
#2561 = AXIS2_PLACEMENT_3D ( 'NONE', #3049, #3705, #1668 ) ;
#2562 = CARTESIAN_POINT ( 'NONE',  ( -2.828427124746189847, 16.31249999658601624, -2.828427124746190291 ) ) ;
#2563 = CARTESIAN_POINT ( 'NONE',  ( -3.323417656250000185, 23.57812499829300990, -4.070012794956361332E-16 ) ) ;
#2564 = CARTESIAN_POINT ( 'NONE',  ( -2.828427124746189847, 13.96874999999999822, -2.828427124746190291 ) ) ;
#2565 = CARTESIAN_POINT ( 'NONE',  ( 1.745556196749187375E-11, 11.28423955385216892, -4.048948528571197691 ) ) ;
#2566 = AXIS2_PLACEMENT_3D ( 'NONE', #1657, #1408, #2516 ) ;
#2567 = CARTESIAN_POINT ( 'NONE',  ( -4.000000000000000888, 19.04687499658601624, 1.656854249492379694 ) ) ;
#2568 = ORIENTED_EDGE ( 'NONE', *, *, #1767, .F. ) ;
#2569 = CARTESIAN_POINT ( 'NONE',  ( 4.000000000000000000, 23.57812500000000355, -1.656854249492380804 ) ) ;
#2570 = CARTESIAN_POINT ( 'NONE',  ( 0.5235983667444378264, 16.28613995227839339, -4.000000053782455822 ) ) ;
#2571 = CARTESIAN_POINT ( 'NONE',  ( 1.376604666648955089, 11.93749999829300812, -3.323417656249999741 ) ) ;
#2572 = CARTESIAN_POINT ( 'NONE',  ( 2.458186946121159178, 12.06764402977060513, 3.198667319030962020 ) ) ;
#2573 = EDGE_LOOP ( 'NONE', ( #1111, #3463, #1122, #3228 ) ) ;
#2574 = CARTESIAN_POINT ( 'NONE',  ( -6.105019192434541011E-16, 22.64062499829300990, 3.323417656250000185 ) ) ;
#2575 = CARTESIAN_POINT ( 'NONE',  ( -2.350011161449477193, 19.35937499829300990, -2.350011161449477637 ) ) ;
#2576 = EDGE_CURVE ( 'NONE', #2476, #2019, #3655, .T. ) ;
#2577 = CIRCLE ( 'NONE', #3531, 0.5000000000000004441 ) ;
#2578 = CARTESIAN_POINT ( 'NONE',  ( 1.376604666648955089, 11.62499999829300812, -3.323417656249999741 ) ) ;
#2579 = VERTEX_POINT ( 'NONE', #1530 ) ;
#2580 = ADVANCED_FACE ( 'NONE', ( #2393 ), #2105, .F. ) ;
#2581 = CARTESIAN_POINT ( 'NONE',  ( -0.5235992851515531843, 17.58814486663249710, -3.999999933563228360 ) ) ;
#2582 = CARTESIAN_POINT ( 'NONE',  ( 2.035006397478180666E-16, 13.26562499829300812, -3.323417656250000185 ) ) ;
#2583 = CARTESIAN_POINT ( 'NONE',  ( -3.323417656249999741, 11.93749999829300812, -1.376604666648955311 ) ) ;
#2584 = CARTESIAN_POINT ( 'NONE',  ( 4.000000000000000000, 14.82812500000000178, -1.656854249492380804 ) ) ;
#2585 = CARTESIAN_POINT ( 'NONE',  ( 0.000000000000000000, 10.50000000000000000, 0.000000000000000000 ) ) ;
#2586 = CARTESIAN_POINT ( 'NONE',  ( 3.999999999999999112, 17.01562499658601624, 1.656854249492383246 ) ) ;
#2587 = ADVANCED_FACE ( 'NONE', ( #83 ), #679, .F. ) ;
#2588 = ORIENTED_EDGE ( 'NONE', *, *, #2419, .F. ) ;
#2589 = CARTESIAN_POINT ( 'NONE',  ( -4.507059494062497507, 11.25412406460786308, -1.866885168863107625 ) ) ;
#2590 = CARTESIAN_POINT ( 'NONE',  ( -3.323417656249999741, 14.43749999829300634, -1.376604666648955311 ) ) ;
#2591 = CARTESIAN_POINT ( 'NONE',  ( 2.035006397478180666E-16, 13.26562499829300812, -3.323417656250000185 ) ) ;
#2592 = ORIENTED_EDGE ( 'NONE', *, *, #3454, .F. ) ;
#2593 = CARTESIAN_POINT ( 'NONE',  ( 2.458187100736967778, 14.56749346533086431, 3.198667200208161088 ) ) ;
#2594 = AXIS2_PLACEMENT_3D ( 'NONE', #1004, #3315, #674 ) ;
#2595 = DIRECTION ( 'NONE',  ( -0.000000000000000000, -1.000000000000000000, -0.000000000000000000 ) ) ;
#2596 = CARTESIAN_POINT ( 'NONE',  ( -0.5235979317332659644, 21.91080118228763851, 4.000000110725202340 ) ) ;
#2597 = ORIENTED_EDGE ( 'NONE', *, *, #913, .T. ) ;
#2598 = CARTESIAN_POINT ( 'NONE',  ( -2.828427124746190735, 22.87499999658601624, 2.828427124746189847 ) ) ;
#2599 = DIRECTION ( 'NONE',  ( 0.000000000000000000, 0.000000000000000000, 1.000000000000000000 ) ) ;
#2600 = CARTESIAN_POINT ( 'NONE',  ( -3.323417656249999741, 22.24999999829300634, -1.376604666648955311 ) ) ;
#2601 = CARTESIAN_POINT ( 'NONE',  ( -1.656854249492380360, 16.39062499999999645, -4.000000000000000000 ) ) ;
#2602 = DIRECTION ( 'NONE',  ( 0.000000000000000000, 1.000000000000000000, 0.000000000000000000 ) ) ;
#2603 = CARTESIAN_POINT ( 'NONE',  ( -4.000000000000000888, 17.79687499658601624, 1.656854249492379694 ) ) ;
#2604 = CARTESIAN_POINT ( 'NONE',  ( 0.000000000000000000, 28.00000000000000000, 0.000000000000000000 ) ) ;
#2605 = ORIENTED_EDGE ( 'NONE', *, *, #1736, .F. ) ;
#2606 = EDGE_CURVE ( 'NONE', #3432, #1497, #2320, .T. ) ;
#2607 = CARTESIAN_POINT ( 'NONE',  ( -3.186972331462802455, 12.42599906460786308, -3.186972331462802899 ) ) ;
#2608 = CARTESIAN_POINT ( 'NONE',  ( 3.323417656250000185, 13.89062499829300812, 0.000000000000000000 ) ) ;
#2609 = EDGE_LOOP ( 'NONE', ( #127, #2237, #3055, #1331 ) ) ;
#2610 = B_SPLINE_CURVE_WITH_KNOTS ( 'NONE', 3,
 ( #1799, #2952, #656, #2970, #61, #375, #1379, #433, #2216, #2195, #755, #3643, #3355, #3336, #163, #3622, #1588, #1061 ),
 .UNSPECIFIED., .F., .F.,
 ( 4, 2, 2, 2, 2, 2, 2, 2, 4 ),
 ( 0.000000000000000000, 0.0007671284320993328274, 0.001534256864198665655, 0.002301385296297999133, 0.003068513728397332611, 0.003835642160496666522, 0.004602770592595999133, 0.005369899024695334346, 0.006137027456794669558 ),
 .UNSPECIFIED. ) ;
#2611 = CARTESIAN_POINT ( 'NONE',  ( 3.323417656249999741, 22.71874999829300279, -1.376604666648954867 ) ) ;
#2612 = DIRECTION ( 'NONE',  ( 0.000000000000000000, -1.000000000000000000, 0.000000000000000000 ) ) ;
#2613 = CARTESIAN_POINT ( 'NONE',  ( 2.035006397478180666E-16, 12.95312499829300634, -3.323417656250000185 ) ) ;
#2614 = VERTEX_POINT ( 'NONE', #2219 ) ;
#2615 = DIRECTION ( 'NONE',  ( 0.000000000000000000, 0.000000000000000000, 1.000000000000000000 ) ) ;
#2616 = DIRECTION ( 'NONE',  ( 0.000000000000000000, 0.000000000000000000, 1.000000000000000000 ) ) ;
#2617 = CARTESIAN_POINT ( 'NONE',  ( -2.350011161449478081, 23.73437499829300634, 2.350011161449477193 ) ) ;
#2618 = CARTESIAN_POINT ( 'NONE',  ( -4.000000000000000888, 17.95312500000000355, 1.656854249492379694 ) ) ;
#2619 = DIRECTION ( 'NONE',  ( 0.000000000000000000, 1.000000000000000000, 0.000000000000000000 ) ) ;
#2620 = CARTESIAN_POINT ( 'NONE',  ( 2.828427124746189403, 16.93749999658601624, 2.828427124746190735 ) ) ;
#2621 = FACE_BOUND ( 'NONE', #808, .T. ) ;
#2622 = CIRCLE ( 'NONE', #1166, 2.149999999999999911 ) ;
#2623 = EDGE_LOOP ( 'NONE', ( #3114, #3010 ) ) ;
#2624 = CARTESIAN_POINT ( 'NONE',  ( 1.866885168863108069, 16.72287406460786130, 4.507059494062497507 ) ) ;
#2625 = CARTESIAN_POINT ( 'NONE',  ( -1.376604666648956865, 13.49999999829300634, 3.323417656249998853 ) ) ;
#2626 = ORIENTED_EDGE ( 'NONE', *, *, #3368, .T. ) ;
#2627 = DIRECTION ( 'NONE',  ( 0.000000000000000000, 0.000000000000000000, 1.000000000000000000 ) ) ;
#2628 = CARTESIAN_POINT ( 'NONE',  ( -3.495145233141113472, 19.22867105871857518, 2.014476477690416711 ) ) ;
#2629 = CARTESIAN_POINT ( 'NONE',  ( -1.376604666648956865, 18.81249999829300990, 3.323417656249998853 ) ) ;
#2630 = EDGE_CURVE ( 'NONE', #2756, #3432, #2920, .T. ) ;
#2631 = CARTESIAN_POINT ( 'NONE',  ( -3.323417656249999741, 11.93749999829300812, -1.376604666648955311 ) ) ;
#2632 = ORIENTED_EDGE ( 'NONE', *, *, #1859, .T. ) ;
#2633 = CARTESIAN_POINT ( 'NONE',  ( -3.895890845035643313, 17.82250575121623370, -1.046991023593093928 ) ) ;
#2634 = CARTESIAN_POINT ( 'NONE',  ( 1.716241413905481906E-05, 23.81211334600675045, -3.999999999921989513 ) ) ;
#2635 = CARTESIAN_POINT ( 'NONE',  ( -3.323417656250001517, 23.65624999829300634, 1.376604666648954201 ) ) ;
#2636 = CARTESIAN_POINT ( 'NONE',  ( 0.000000000000000000, 32.00000000000000000, 3.624999999999999556 ) ) ;
#2637 = CARTESIAN_POINT ( 'NONE',  ( -4.000000000000000888, 16.54687499658601979, 1.656854249492379694 ) ) ;
#2638 = DIRECTION ( 'NONE',  ( -0.000000000000000000, -1.000000000000000000, -0.000000000000000000 ) ) ;
#2639 = ORIENTED_EDGE ( 'NONE', *, *, #2026, .F. ) ;
#2640 = CARTESIAN_POINT ( 'NONE',  ( -1.866885168863107181, 17.34787406460786485, -4.507059494062497507 ) ) ;
#2641 = CARTESIAN_POINT ( 'NONE',  ( 1.376604666648955755, 18.65624999829300634, 3.323417656249999297 ) ) ;
#2642 = ORIENTED_EDGE ( 'NONE', *, *, #3030, .T. ) ;
#2643 = CARTESIAN_POINT ( 'NONE',  ( -1.376604666648954867, 23.34374999829300634, -3.323417656249999741 ) ) ;
#2644 = EDGE_CURVE ( 'NONE', #592, #1180, #1915, .T. ) ;
#2645 = CARTESIAN_POINT ( 'NONE',  ( 3.323417656249998853, 23.81249999829300634, 1.376604666648957087 ) ) ;
#2646 = CARTESIAN_POINT ( 'NONE',  ( -2.350011161449477193, 17.17187499829300634, -2.350011161449477637 ) ) ;
#2647 = CARTESIAN_POINT ( 'NONE',  ( 3.323417656249998853, 16.62499999829300990, 1.376604666648957087 ) ) ;
#2648 = ORIENTED_EDGE ( 'NONE', *, *, #2471, .F. ) ;
#2649 = CARTESIAN_POINT ( 'NONE',  ( 1.307662085567542559E-06, 14.28127841027536249, 3.999999999999554134 ) ) ;
#2650 = DIRECTION ( 'NONE',  ( -0.000000000000000000, -1.000000000000000000, -0.000000000000000000 ) ) ;
#2651 = CARTESIAN_POINT ( 'NONE',  ( -1.376604666648954867, 13.03124999829300812, -3.323417656249999741 ) ) ;
#2652 = AXIS2_PLACEMENT_3D ( 'NONE', #1398, #8, #2329 ) ;
#2653 = CARTESIAN_POINT ( 'NONE',  ( 0.000000000000000000, 11.00000000000000000, -4.500000000000000888 ) ) ;
#2654 = CARTESIAN_POINT ( 'NONE',  ( 1.656854249492381248, 23.10937499658601624, 3.999999999999999112 ) ) ;
#2655 = CARTESIAN_POINT ( 'NONE',  ( 2.828427124746189403, 13.18749999658601624, 2.828427124746190735 ) ) ;
#2656 = ORIENTED_EDGE ( 'NONE', *, *, #1859, .F. ) ;
#2657 = CARTESIAN_POINT ( 'NONE',  ( -3.186972331462803343, 15.23849906460786308, 3.186972331462802455 ) ) ;
#2658 = CARTESIAN_POINT ( 'NONE',  ( -1.376604666648956865, 18.49999999829300279, 3.323417656249998853 ) ) ;
#2659 = CARTESIAN_POINT ( 'NONE',  ( 3.323417656250000185, 11.70312499829300812, 0.000000000000000000 ) ) ;
#2660 = AXIS2_PLACEMENT_3D ( 'NONE', #525, #2286, #2505 ) ;
#2661 = ORIENTED_EDGE ( 'NONE', *, *, #1354, .T. ) ;
#2662 = CARTESIAN_POINT ( 'NONE',  ( 3.198667541825541250, 14.61957366190503649, 2.458186656214065735 ) ) ;
#2663 = CARTESIAN_POINT ( 'NONE',  ( -0.5235993818215595175, 18.83806958441237711, -3.999999920909136808 ) ) ;
#2664 = CARTESIAN_POINT ( 'NONE',  ( 1.376604666648955755, 18.96874999829300634, 3.323417656249999297 ) ) ;
#2665 = CARTESIAN_POINT ( 'NONE',  ( 3.329549704431750357, 23.99999999999996803, -0.07845371345146499864 ) ) ;
#2666 = CARTESIAN_POINT ( 'NONE',  ( 4.000000000000000000, 19.67187499658601268, -1.656854249492380582 ) ) ;
#2667 = CARTESIAN_POINT ( 'NONE',  ( 1.376604666648955755, 16.15624999829300634, 3.323417656249999297 ) ) ;
#2668 = CARTESIAN_POINT ( 'NONE',  ( 1.959434878635765131E-15, 9.500000000000000000, 16.00000000000000000 ) ) ;
#2669 = CARTESIAN_POINT ( 'NONE',  ( -2.828427124746190735, 24.12499999658601624, 2.828427124746189847 ) ) ;
#2670 = CARTESIAN_POINT ( 'NONE',  ( 4.000000000000000000, 13.42187499658601624, -1.656854249492380582 ) ) ;
#2671 = CARTESIAN_POINT ( 'NONE',  ( 4.507059494062497507, 18.28537406460786841, -1.866885168863107181 ) ) ;
#2672 = CARTESIAN_POINT ( 'NONE',  ( -3.323417656250001517, 17.09374999829300990, 1.376604666648954201 ) ) ;
#2673 = VERTEX_POINT ( 'NONE', #1939 ) ;
#2674 = TOROIDAL_SURFACE ( 'NONE', #1045, 11.50000000000000000, 0.5000000000000000000 ) ;
#2675 = CARTESIAN_POINT ( 'NONE',  ( -3.495145914750002358, 20.27027499020173806, -2.014475295088866247 ) ) ;
#2676 = CARTESIAN_POINT ( 'NONE',  ( -4.000000000000000000, 13.96874999658601624, -4.898587196589412829E-16 ) ) ;
#2677 = CARTESIAN_POINT ( 'NONE',  ( -6.105019192434541011E-16, 23.57812499829300990, 3.323417656250000185 ) ) ;
#2678 = CIRCLE ( 'NONE', #2801, 4.500000000000000888 ) ;
#2679 =( BOUNDED_CURVE ( )  B_SPLINE_CURVE ( 2, ( #3181, #502, #1659, #2919, #1676, #3493, #309 ),
 .UNSPECIFIED., .F., .F. ) 
 B_SPLINE_CURVE_WITH_KNOTS ( ( 3, 2, 2, 3 ),
 ( 0.8893964965053865468, 0.9014153564583949896, 0.9134342278778402324, 0.9159282738831343584 ),
 .UNSPECIFIED. ) 
 CURVE ( )  GEOMETRIC_REPRESENTATION_ITEM ( )  RATIONAL_B_SPLINE_CURVE ( ( 1.000000000000000000, 0.9238795325112867385, 1.000000000000000000, 0.9238795325112867385, 1.000000000000000000, 0.9842041784760097167, 0.9749639650781716238 ) ) 
 REPRESENTATION_ITEM ( '' )  );
#2680 = CARTESIAN_POINT ( 'NONE',  ( 2.350011161449477193, 19.04687499829300990, 2.350011161449478081 ) ) ;
#2681 = CARTESIAN_POINT ( 'NONE',  ( 0.7228440837122556140, 23.99999999999999645, -3.537195368510279714 ) ) ;
#2682 = CARTESIAN_POINT ( 'NONE',  ( 8.790471182568895933E-06, 17.56230195771275859, -3.999999999979533705 ) ) ;
#2683 = CARTESIAN_POINT ( 'NONE',  ( -2.350011161449478081, 13.42187499829300812, 2.350011161449477193 ) ) ;
#2684 = ADVANCED_FACE ( 'NONE', ( #3124 ), #2074, .T. ) ;
#2685 = DIRECTION ( 'NONE',  ( 0.000000000000000000, 0.000000000000000000, 1.000000000000000000 ) ) ;
#2686 = CARTESIAN_POINT ( 'NONE',  ( -4.000000000000000888, 20.29687499658601624, 1.656854249492379694 ) ) ;
#2687 = CARTESIAN_POINT ( 'NONE',  ( 2.828427124746189403, 16.93749999658601624, 2.828427124746190735 ) ) ;
#2688 = CARTESIAN_POINT ( 'NONE',  ( -4.507059494062497507, 17.50412406460786130, -1.866885168863107625 ) ) ;
#2689 = CARTESIAN_POINT ( 'NONE',  ( -1.376604666648956865, 15.99999999829300812, 3.323417656249998853 ) ) ;
#2690 = DIRECTION ( 'NONE',  ( 0.000000000000000000, 0.000000000000000000, -1.000000000000000000 ) ) ;
#2691 = VERTEX_POINT ( 'NONE', #533 ) ;
#2692 = EDGE_CURVE ( 'NONE', #3402, #3385, #1772, .T. ) ;
#2693 = CARTESIAN_POINT ( 'NONE',  ( 1.307662085567542559E-06, 14.28127841027536249, 3.999999999999554134 ) ) ;
#2694 = DIRECTION ( 'NONE',  ( 0.000000000000000000, 0.000000000000000000, 1.000000000000000000 ) ) ;
#2695 = CARTESIAN_POINT ( 'NONE',  ( 3.323417656249999741, 22.71874999829300990, -1.376604666648954867 ) ) ;
#2696 = DIRECTION ( 'NONE',  ( 0.000000000000000000, 1.000000000000000000, 0.000000000000000000 ) ) ;
#2697 = CARTESIAN_POINT ( 'NONE',  ( 2.035006397478180666E-16, 18.26562499829300990, -3.323417656250000185 ) ) ;
#2698 = CARTESIAN_POINT ( 'NONE',  ( 3.323417656249999297, 15.37499999829301167, 1.376604666648957087 ) ) ;
#2699 = CARTESIAN_POINT ( 'NONE',  ( -6.105019192434541011E-16, 16.07812499829300634, 3.323417656250000185 ) ) ;
#2700 = CARTESIAN_POINT ( 'NONE',  ( -1.376604666648954867, 17.09374999829300990, -3.323417656249999741 ) ) ;
#2701 = CARTESIAN_POINT ( 'NONE',  ( 1.959434878635765131E-15, 10.00000000000000000, 16.00000000000000000 ) ) ;
#2702 = DIRECTION ( 'NONE',  ( -0.000000000000000000, -1.000000000000000000, -0.000000000000000000 ) ) ;
#2703 = CARTESIAN_POINT ( 'NONE',  ( -2.350011161449478081, 14.67187499829300634, 2.350011161449477193 ) ) ;
#2704 = DIRECTION ( 'NONE',  ( 0.000000000000000000, 0.000000000000000000, 1.000000000000000000 ) ) ;
#2705 = CARTESIAN_POINT ( 'NONE',  ( 3.999999999999999112, 19.51562499658601979, 1.656854249492383246 ) ) ;
#2706 = CARTESIAN_POINT ( 'NONE',  ( 0.000000000000000000, 9.500000000000000000, 15.50000000000000000 ) ) ;
#2707 = VECTOR ( 'NONE', #1608, 1000.000000000000000 ) ;
#2708 = CARTESIAN_POINT ( 'NONE',  ( 0.000000000000000000, 11.00000000000000000, 8.125000000000000000 ) ) ;
#2709 = CARTESIAN_POINT ( 'NONE',  ( 3.323417656249999741, 22.71874999829300279, -1.376604666648954867 ) ) ;
#2710 = CARTESIAN_POINT ( 'NONE',  ( 4.753178382985364661E-06, 19.28135336538207412, 3.999999999994110489 ) ) ;
#2711 = ORIENTED_EDGE ( 'NONE', *, *, #3192, .F. ) ;
#2712 = ORIENTED_EDGE ( 'NONE', *, *, #3459, .T. ) ;
#2713 = CARTESIAN_POINT ( 'NONE',  ( 2.828427124746190291, 22.40625000000000000, -2.828427124746190291 ) ) ;
#2714 = CARTESIAN_POINT ( 'NONE',  ( -1.464875778727484645, 11.86453628162436402, 3.793601207035013800 ) ) ;
#2715 = DIRECTION ( 'NONE',  ( 0.000000000000000000, -1.000000000000000000, 0.000000000000000000 ) ) ;
#2716 = CARTESIAN_POINT ( 'NONE',  ( -3.323417656250001517, 20.84374999829300634, 1.376604666648954645 ) ) ;
#2717 = DIRECTION ( 'NONE',  ( 0.000000000000000000, 0.000000000000000000, 1.000000000000000000 ) ) ;
#2718 = ORIENTED_EDGE ( 'NONE', *, *, #2412, .T. ) ;
#2719 = CARTESIAN_POINT ( 'NONE',  ( -6.105019192434541011E-16, 22.64062499829300990, 3.323417656250000185 ) ) ;
#2720 = CARTESIAN_POINT ( 'NONE',  ( -3.323417656250000185, 14.82812499829300812, -4.070012794956361332E-16 ) ) ;
#2721 = CARTESIAN_POINT ( 'NONE',  ( -6.105019192434541011E-16, 17.32812499829300634, 3.323417656250000185 ) ) ;
#2722 = CARTESIAN_POINT ( 'NONE',  ( 3.323417656250000185, 19.20312499829300634, 0.000000000000000000 ) ) ;
#2723 = DIRECTION ( 'NONE',  ( -0.000000000000000000, -1.000000000000000000, -0.000000000000000000 ) ) ;
#2724 = CARTESIAN_POINT ( 'NONE',  ( -2.828427124746190735, 21.62499999658601268, 2.828427124746189847 ) ) ;
#2725 = CARTESIAN_POINT ( 'NONE',  ( 3.767336188391461676E-06, 13.81241512473454947, -3.999999999996240785 ) ) ;
#2726 = CARTESIAN_POINT ( 'NONE',  ( 2.759777991485163594E-16, 21.01974906460785775, -4.507059494062498395 ) ) ;
#2727 = CARTESIAN_POINT ( 'NONE',  ( -2.350011161449478081, 22.17187499829300990, 2.350011161449477193 ) ) ;
#2728 = DIRECTION ( 'NONE',  ( -1.598721155460225418E-14, 0.000000000000000000, -1.000000000000000000 ) ) ;
#2729 = CARTESIAN_POINT ( 'NONE',  ( 2.449293598294706414E-16, 18.81250000000000000, -4.000000000000000000 ) ) ;
#2730 = CARTESIAN_POINT ( 'NONE',  ( 1.213924071946562309E-05, 20.06222651303080795, -3.999999999960971220 ) ) ;
#2731 = CARTESIAN_POINT ( 'NONE',  ( 0.000000000000000000, 10.49999999999999822, 10.49999999999999822 ) ) ;
#2732 = CARTESIAN_POINT ( 'NONE',  ( 2.839570596497121180, 23.99999999999999289, -1.726830549122646774 ) ) ;
#2733 = DIRECTION ( 'NONE',  ( 0.000000000000000000, 0.000000000000000000, 1.000000000000000000 ) ) ;
#2734 = ADVANCED_FACE ( 'NONE', ( #1365 ), #1688, .F. ) ;
#2735 = ORIENTED_EDGE ( 'NONE', *, *, #3522, .F. ) ;
#2736 = CARTESIAN_POINT ( 'NONE',  ( 3.323417656249999741, 23.03124999829300990, -1.376604666648954867 ) ) ;
#2737 = CIRCLE ( 'NONE', #1110, 2.000000000000000000 ) ;
#2738 = CARTESIAN_POINT ( 'NONE',  ( 2.350011161449477637, 16.85937499829300634, -2.350011161449477637 ) ) ;
#2739 = CARTESIAN_POINT ( 'NONE',  ( -3.323417656250000185, 15.76562499829300990, -4.070012794956361332E-16 ) ) ;
#2740 = AXIS2_PLACEMENT_3D ( 'NONE', #793, #3700, #2506 ) ;
#2741 = CARTESIAN_POINT ( 'NONE',  ( 3.323417656250000185, 20.45312499829300634, 0.000000000000000000 ) ) ;
#2742 = EDGE_CURVE ( 'NONE', #2268, #3132, #878, .T. ) ;
#2743 = CARTESIAN_POINT ( 'NONE',  ( -4.000000000000000000, 18.89062499658601624, -1.656854249492381248 ) ) ;
#2744 = FACE_OUTER_BOUND ( 'NONE', #3543, .T. ) ;
#2745 = LINE ( 'NONE', #712, #1893 ) ;
#2746 = CARTESIAN_POINT ( 'NONE',  ( 3.323417656249999741, 15.53124999829300634, -1.376604666648954867 ) ) ;
#2747 = CARTESIAN_POINT ( 'NONE',  ( 2.496422476734023656E-07, 22.40624998481440500, -3.999999999999992450 ) ) ;
#2748 = CARTESIAN_POINT ( 'NONE',  ( -1.866885168863107181, 22.34787406460786130, -4.507059494062497507 ) ) ;
#2749 = CARTESIAN_POINT ( 'NONE',  ( 2.350011161449477637, 21.54687499829300634, -2.350011161449477637 ) ) ;
#2750 = CARTESIAN_POINT ( 'NONE',  ( -3.895890591992791752, 16.67674142658463055, 1.046991965174110417 ) ) ;
#2751 = CARTESIAN_POINT ( 'NONE',  ( 2.828427124746190291, 21.15625000000000000, -2.828427124746190291 ) ) ;
#2752 = CARTESIAN_POINT ( 'NONE',  ( 8.605002368336230046E-07, 16.15624995601144676, -3.999999999999908074 ) ) ;
#2753 = CARTESIAN_POINT ( 'NONE',  ( 3.323417656250000185, 11.39062499829300812, 0.000000000000000000 ) ) ;
#2754 = CARTESIAN_POINT ( 'NONE',  ( 3.323417656249999297, 23.81249999829300990, 1.376604666648957087 ) ) ;
#2755 = CARTESIAN_POINT ( 'NONE',  ( 4.000000101234973293, 20.97335764395284841, 0.5235980042333914231 ) ) ;
#2756 = VERTEX_POINT ( 'NONE', #2653 ) ;
#2757 = CARTESIAN_POINT ( 'NONE',  ( -1.376604666648956865, 20.06249999829301345, 3.323417656249998853 ) ) ;
#2758 = CARTESIAN_POINT ( 'NONE',  ( 1.376604666648955089, 16.93749999829300990, -3.323417656249999741 ) ) ;
#2759 = CARTESIAN_POINT ( 'NONE',  ( -2.350011161449478081, 17.17187499829300634, 2.350011161449477193 ) ) ;
#2760 = CARTESIAN_POINT ( 'NONE',  ( -4.000000000000000888, 19.04687499658601624, 1.656854249492379694 ) ) ;
#2761 = CARTESIAN_POINT ( 'NONE',  ( 3.895890579341020565, 17.30170378547460786, -1.046992012251748871 ) ) ;
#2762 = EDGE_CURVE ( 'NONE', #2455, #2925, #3066, .T. ) ;
#2763 = CARTESIAN_POINT ( 'NONE',  ( 2.458186095766754509, 23.68152786580878200, -3.198667972531055614 ) ) ;
#2764 = CARTESIAN_POINT ( 'NONE',  ( 3.323417656250000185, 14.20312499829300812, 0.000000000000000000 ) ) ;
#2765 = CARTESIAN_POINT ( 'NONE',  ( 8.790471182568895933E-06, 17.56230195771275859, -3.999999999979533705 ) ) ;
#2766 = CARTESIAN_POINT ( 'NONE',  ( 1.376604666648955089, 21.62499999829300990, -3.323417656249999741 ) ) ;
#2767 = CARTESIAN_POINT ( 'NONE',  ( 1.584151838135804402, 11.15448597815946741, -3.823964583852597521 ) ) ;
#2768 = CARTESIAN_POINT ( 'NONE',  ( -3.495145330511158832, 16.72882162315879384, 2.014476308752012557 ) ) ;
#2769 = CARTESIAN_POINT ( 'NONE',  ( 2.828427124746189403, 22.09375000000000000, 2.828427124746190735 ) ) ;
#2770 = DIRECTION ( 'NONE',  ( -0.000000000000000000, -1.000000000000000000, -0.000000000000000000 ) ) ;
#2771 = CARTESIAN_POINT ( 'NONE',  ( 1.046991894557142810, 15.73929788824964682, 3.895890610970583534 ) ) ;
#2772 = CARTESIAN_POINT ( 'NONE',  ( 3.323417656250000185, 20.14062499829300634, 0.000000000000000000 ) ) ;
#2773 = CARTESIAN_POINT ( 'NONE',  ( 2.458186791502606106, 12.43220540578982458, -3.198667437855849727 ) ) ;
#2774 = ORIENTED_EDGE ( 'NONE', *, *, #557, .T. ) ;
#2775 = CARTESIAN_POINT ( 'NONE',  ( 3.323417656249999741, 19.28124999829300990, -1.376604666648954867 ) ) ;
#2776 = AXIS2_PLACEMENT_3D ( 'NONE', #2447, #3043, #728 ) ;
#2777 = CARTESIAN_POINT ( 'NONE',  ( 2.350011161449477193, 20.29687499829300990, 2.350011161449478081 ) ) ;
#2778 = CARTESIAN_POINT ( 'NONE',  ( 3.323417656249999297, 18.81249999829300990, 1.376604666648957087 ) ) ;
#2779 = CARTESIAN_POINT ( 'NONE',  ( -3.323417656250001517, 14.59374999829300457, 1.376604666648954201 ) ) ;
#2780 = VECTOR ( 'NONE', #1098, 1000.000000000000000 ) ;
#2781 = DIRECTION ( 'NONE',  ( 0.000000000000000000, 1.000000000000000000, 0.000000000000000000 ) ) ;
#2782 = CARTESIAN_POINT ( 'NONE',  ( -1.656854249492382580, 21.70312499658601979, 3.999999999999999112 ) ) ;
#2783 = EDGE_CURVE ( 'NONE', #3174, #3155, #126, .T. ) ;
#2784 = CARTESIAN_POINT ( 'NONE',  ( -6.105019192434541011E-16, 12.64062499829300634, 3.323417656250000185 ) ) ;
#2785 = DIRECTION ( 'NONE',  ( -0.000000000000000000, -1.000000000000000000, -0.000000000000000000 ) ) ;
#2786 = CARTESIAN_POINT ( 'NONE',  ( -1.866885168863107181, 21.09787406460786485, -4.507059494062497507 ) ) ;
#2787 = CARTESIAN_POINT ( 'NONE',  ( -2.350011161449478081, 20.92187499829300634, 2.350011161449477193 ) ) ;
#2788 = DIRECTION ( 'NONE',  ( 0.000000000000000000, 1.000000000000000000, 0.000000000000000000 ) ) ;
#2789 = CARTESIAN_POINT ( 'NONE',  ( -4.000000000000000888, 20.45312500000000000, 1.656854249492379694 ) ) ;
#2790 = CARTESIAN_POINT ( 'NONE',  ( 2.632990618166809235E-16, 32.00000000000000000, -2.149999999999999911 ) ) ;
#2791 = CARTESIAN_POINT ( 'NONE',  ( 2.350011161449477637, 13.10937499829300812, -2.350011161449477637 ) ) ;
#2792 = CARTESIAN_POINT ( 'NONE',  ( 3.767336188391461676E-06, 13.81241512473454947, -3.999999999996240785 ) ) ;
#2793 = ORIENTED_EDGE ( 'NONE', *, *, #2230, .F. ) ;
#2794 = CARTESIAN_POINT ( 'NONE',  ( -6.105019192434541011E-16, 21.39062499829300634, 3.323417656250000185 ) ) ;
#2795 = CARTESIAN_POINT ( 'NONE',  ( 2.035006397478180666E-16, 20.45312499829300634, -3.323417656250000185 ) ) ;
#2796 = AXIS2_PLACEMENT_3D ( 'NONE', #1002, #2368, #1565 ) ;
#2797 = CARTESIAN_POINT ( 'NONE',  ( 3.250280661005422900, 24.00000000000001776, -0.7270699509006429695 ) ) ;
#2798 = DIRECTION ( 'NONE',  ( 0.000000000000000000, 0.000000000000000000, -1.000000000000000000 ) ) ;
#2799 = CARTESIAN_POINT ( 'NONE',  ( -6.105019192434541011E-16, 15.14062499829300812, 3.323417656250000185 ) ) ;
#2800 = DIRECTION ( 'NONE',  ( 0.000000000000000000, 0.000000000000000000, 1.000000000000000000 ) ) ;
#2801 = AXIS2_PLACEMENT_3D ( 'NONE', #2202, #3419, #1656 ) ;
#2802 = EDGE_CURVE ( 'NONE', #1497, #1613, #285, .T. ) ;
#2803 = CARTESIAN_POINT ( 'NONE',  ( -3.323417656249999741, 14.74999999829300812, -1.376604666648955311 ) ) ;
#2804 = CARTESIAN_POINT ( 'NONE',  ( 2.828427124746189403, 13.34375000000000000, 2.828427124746190735 ) ) ;
#2805 = CARTESIAN_POINT ( 'NONE',  ( -0.2242170323481535166, 23.99999999999998579, 3.529838572131965169 ) ) ;
#2806 = CARTESIAN_POINT ( 'NONE',  ( 2.449293598294706414E-16, 13.65624999658601624, -4.000000000000000000 ) ) ;
#2807 = ORIENTED_EDGE ( 'NONE', *, *, #511, .F. ) ;
#2808 = CARTESIAN_POINT ( 'NONE',  ( 3.186972331462802899, 13.36349906460786308, -3.186972331462802899 ) ) ;
#2809 = CARTESIAN_POINT ( 'NONE',  ( 0.000000000000000000, 24.00000000000000000, -4.000000000000000000 ) ) ;
#2810 = DIRECTION ( 'NONE',  ( 0.000000000000000000, -1.000000000000000000, 0.000000000000000000 ) ) ;
#2811 = CARTESIAN_POINT ( 'NONE',  ( -4.000000018982393435, 12.84884697838321266, -0.5235986325975479083 ) ) ;
#2812 = CARTESIAN_POINT ( 'NONE',  ( 0.000000000000000000, 10.50000000000000000, 0.000000000000000000 ) ) ;
#2813 = ORIENTED_EDGE ( 'NONE', *, *, #1961, .F. ) ;
#2814 = CARTESIAN_POINT ( 'NONE',  ( -2.350011161449477193, 24.67187499829300634, -2.350011161449477637 ) ) ;
#2815 = CARTESIAN_POINT ( 'NONE',  ( 1.376604666648955089, 19.43749999829300634, -3.323417656249999741 ) ) ;
#2816 = CARTESIAN_POINT ( 'NONE',  ( 2.035006397478180666E-16, 17.95312499829300990, -3.323417656250000185 ) ) ;
#2817 =( NAMED_UNIT ( * ) SI_UNIT ( $, .STERADIAN. ) SOLID_ANGLE_UNIT ( ) );
#2818 = CARTESIAN_POINT ( 'NONE',  ( 3.495146036457452698, 23.39508678465096736, 2.014475083924517129 ) ) ;
#2819 = EDGE_LOOP ( 'NONE', ( #636, #527, #2317, #2345 ) ) ;
#2820 = CARTESIAN_POINT ( 'NONE',  ( 4.000000000000000000, 24.59374999658601624, 0.000000000000000000 ) ) ;
#2821 = CARTESIAN_POINT ( 'NONE',  ( 1.656854249492380804, 22.32812499658601624, -4.000000000000000000 ) ) ;
#2822 = CARTESIAN_POINT ( 'NONE',  ( 1.376604666648955089, 14.43749999829300812, -3.323417656249999741 ) ) ;
#2823 = CARTESIAN_POINT ( 'NONE',  ( -4.000000000000000000, 16.62500000000000000, -4.898587196589412829E-16 ) ) ;
#2824 = CARTESIAN_POINT ( 'NONE',  ( -3.768253792098097410, 23.99999999999999645, 1.213777569477249907 ) ) ;
#2825 = CARTESIAN_POINT ( 'NONE',  ( -3.198667096240832564, 16.75486172144587727, 2.458187236022377764 ) ) ;
#2826 = ORIENTED_EDGE ( 'NONE', *, *, #2630, .T. ) ;
#2827 = CARTESIAN_POINT ( 'NONE',  ( 2.449293598294706414E-16, 23.81250000000000000, -4.000000000000000000 ) ) ;
#2828 = CARTESIAN_POINT ( 'NONE',  ( 0.000000000000000000, 0.5000000000000004441, 0.000000000000000000 ) ) ;
#2829 = CARTESIAN_POINT ( 'NONE',  ( -1.376604666648956865, 14.74999999829300812, 3.323417656249998853 ) ) ;
#2830 = CARTESIAN_POINT ( 'NONE',  ( 0.000000000000000000, 29.89999999999999858, 0.000000000000000000 ) ) ;
#2831 = DIRECTION ( 'NONE',  ( 0.000000000000000000, 1.000000000000000000, 0.000000000000000000 ) ) ;
#2832 = EDGE_LOOP ( 'NONE', ( #3719, #1171, #2058, #3707, #2826, #3417 ) ) ;
#2833 = CARTESIAN_POINT ( 'NONE',  ( 1.376604666648955089, 24.43749999829300634, -3.323417656249999741 ) ) ;
#2834 = CARTESIAN_POINT ( 'NONE',  ( -2.350011161449477193, 22.17187499829300990, -2.350011161449477637 ) ) ;
#2835 = AXIS2_PLACEMENT_3D ( 'NONE', #3005, #1567, #123 ) ;
#2836 = CARTESIAN_POINT ( 'NONE',  ( -3.323417656250001517, 22.09374999829300634, 1.376604666648954201 ) ) ;
#2837 = FACE_OUTER_BOUND ( 'NONE', #1924, .T. ) ;
#2838 = VECTOR ( 'NONE', #3153, 1000.000000000000000 ) ;
#2839 = CARTESIAN_POINT ( 'NONE',  ( 3.323417656250000185, 11.39062499829300812, 0.000000000000000000 ) ) ;
#2840 = ORIENTED_EDGE ( 'NONE', *, *, #3248, .T. ) ;
#2841 = CARTESIAN_POINT ( 'NONE',  ( 4.898587196589412829E-16, 24.00000000000000000, 4.000000000000000000 ) ) ;
#2842 = CARTESIAN_POINT ( 'NONE',  ( 3.323417656250000185, 14.20312499829300812, 0.000000000000000000 ) ) ;
#2843 = CARTESIAN_POINT ( 'NONE',  ( 2.035006397478180666E-16, 22.01562499829300990, -3.323417656250000185 ) ) ;
#2844 = CARTESIAN_POINT ( 'NONE',  ( 1.656854249492381026, 14.98437500000000000, -4.000000000000000000 ) ) ;
#2845 = CARTESIAN_POINT ( 'NONE',  ( 2.018183975521358420, 11.08594464327313922, -3.705766563710341632 ) ) ;
#2846 = CARTESIAN_POINT ( 'NONE',  ( -4.000000000000000000, 18.89062499658601624, -1.656854249492381248 ) ) ;
#2847 = VERTEX_POINT ( 'NONE', #549 ) ;
#2848 = CARTESIAN_POINT ( 'NONE',  ( 4.507059494062497507, 13.12912406460786130, 1.866885168863110067 ) ) ;
#2849 =( LENGTH_UNIT ( ) NAMED_UNIT ( * ) SI_UNIT ( .MILLI., .METRE. ) );
#2850 = CARTESIAN_POINT ( 'NONE',  ( 3.323417656250000185, 11.39062499829300812, 0.000000000000000000 ) ) ;
#2851 = CARTESIAN_POINT ( 'NONE',  ( 0.000000000000000000, 10.49999999999999822, -5.000000000000000000 ) ) ;
#2852 = CARTESIAN_POINT ( 'NONE',  ( -3.895890465478921705, 22.92636501548360428, 1.046992435936086929 ) ) ;
#2853 = EDGE_CURVE ( 'NONE', #893, #2925, #2866, .T. ) ;
#2854 = ORIENTED_EDGE ( 'NONE', *, *, #956, .T. ) ;
#2855 = CARTESIAN_POINT ( 'NONE',  ( -2.350011161449478081, 21.23437499829300634, 2.350011161449477193 ) ) ;
#2856 = CARTESIAN_POINT ( 'NONE',  ( 3.323417656249999741, 20.21874999829300634, -1.376604666648954867 ) ) ;
#2857 = CARTESIAN_POINT ( 'NONE',  ( 0.000000000000000000, 11.50000000000000000, -7.625000000000000000 ) ) ;
#2858 = CARTESIAN_POINT ( 'NONE',  ( 1.716241413905481906E-05, 23.81211334600675045, -3.999999999921989513 ) ) ;
#2859 = ADVANCED_FACE ( 'NONE', ( #2883 ), #499, .F. ) ;
#2860 = VERTEX_POINT ( 'NONE', #44 ) ;
#2861 = CARTESIAN_POINT ( 'NONE',  ( -2.014475442908055136, 18.08290673408703952, 3.495145829552388062 ) ) ;
#2862 = CIRCLE ( 'NONE', #3585, 5.000000000000000000 ) ;
#2863 = CARTESIAN_POINT ( 'NONE',  ( 3.323417656249999741, 13.03124999829300812, -1.376604666648954867 ) ) ;
#2864 = CARTESIAN_POINT ( 'NONE',  ( 1.376604666648955089, 11.62499999829300634, -3.323417656249999741 ) ) ;
#2865 = CARTESIAN_POINT ( 'NONE',  ( -2.828427124746189847, 16.46875000000000000, -2.828427124746190291 ) ) ;
#2866 = LINE ( 'NONE', #1780, #1348 ) ;
#2867 = AXIS2_PLACEMENT_3D ( 'NONE', #2830, #1984, #1352 ) ;
#2868 = CARTESIAN_POINT ( 'NONE',  ( 4.000000000000000000, 17.17187499658601268, -1.656854249492380804 ) ) ;
#2869 = ORIENTED_EDGE ( 'NONE', *, *, #464, .F. ) ;
#2870 = CARTESIAN_POINT ( 'NONE',  ( -3.236100945416337638, 23.99921980437635227, -2.351095632056571461 ) ) ;
#2871 = CARTESIAN_POINT ( 'NONE',  ( -6.105019192434541011E-16, 13.57812499829300812, 3.323417656250000185 ) ) ;
#2872 = CARTESIAN_POINT ( 'NONE',  ( -3.198667452708806813, 12.74468658523486653, -2.458186772175483537 ) ) ;
#2873 = EDGE_LOOP ( 'NONE', ( #659, #2024, #3222, #3446 ) ) ;
#2874 = CARTESIAN_POINT ( 'NONE',  ( 2.350011161449477637, 20.29687499829300990, -2.350011161449477637 ) ) ;
#2875 = LINE ( 'NONE', #3194, #1503 ) ;
#2876 = CARTESIAN_POINT ( 'NONE',  ( 2.350011161449477193, 12.48437499829300634, 2.350011161449478081 ) ) ;
#2877 = VERTEX_POINT ( 'NONE', #1456 ) ;
#2878 = CARTESIAN_POINT ( 'NONE',  ( -9.627662652800102026E-06, 18.18728309654232689, 3.999999999975450304 ) ) ;
#2879 = ADVANCED_FACE ( 'NONE', ( #267 ), #343, .F. ) ;
#2880 = CARTESIAN_POINT ( 'NONE',  ( -2.350011161449477193, 14.67187499829300812, -2.350011161449477637 ) ) ;
#2881 = CARTESIAN_POINT ( 'NONE',  ( 2.350011161449477637, 11.54687499829300812, -2.350011161449477637 ) ) ;
#2882 = CARTESIAN_POINT ( 'NONE',  ( -7.347880794884119736E-16, 15.68750000000000000, 4.000000000000000000 ) ) ;
#2883 = FACE_OUTER_BOUND ( 'NONE', #1184, .T. ) ;
#2884 = CARTESIAN_POINT ( 'NONE',  ( -2.828427124746189847, 15.06249999658601446, -2.828427124746190291 ) ) ;
#2885 = ORIENTED_EDGE ( 'NONE', *, *, #1252, .F. ) ;
#2886 = CARTESIAN_POINT ( 'NONE',  ( 2.759777991485163594E-16, 13.51974906460785952, -4.507059494062498395 ) ) ;
#2887 = CARTESIAN_POINT ( 'NONE',  ( -1.376604666648954867, 13.03124999829300812, -3.323417656249999741 ) ) ;
#2888 = CARTESIAN_POINT ( 'NONE',  ( -7.662527544611138377E-06, 17.40625035789469877, -3.999999999992660538 ) ) ;
#2889 = ORIENTED_EDGE ( 'NONE', *, *, #2606, .F. ) ;
#2890 = CARTESIAN_POINT ( 'NONE',  ( 2.458186636887391252, 14.93205484135005001, -3.198667556678153723 ) ) ;
#2891 = CARTESIAN_POINT ( 'NONE',  ( -2.458187371304642266, 18.94222997756069660, -3.198666992275908783 ) ) ;
#2892 = CIRCLE ( 'NONE', #1256, 4.000000000000000000 ) ;
#2893 = CARTESIAN_POINT ( 'NONE',  ( -4.000000000000000888, 14.04687499658601446, 1.656854249492379694 ) ) ;
#2894 = CARTESIAN_POINT ( 'NONE',  ( -1.376604666648954867, 13.03124999829300812, -3.323417656249999741 ) ) ;
#2895 = VERTEX_POINT ( 'NONE', #855 ) ;
#2896 = AXIS2_PLACEMENT_3D ( 'NONE', #3716, #848, #1970 ) ;
#2897 = CARTESIAN_POINT ( 'NONE',  ( -3.999999930399698034, 17.90062604607747687, 0.5235993093191216863 ) ) ;
#2898 = PRESENTATION_LAYER_ASSIGNMENT (  '', '', ( #298 ) ) ;
#2899 = CARTESIAN_POINT ( 'NONE',  ( 0.000000000000000000, 11.50000000000000000, -4.500000000000000888 ) ) ;
#2900 = CARTESIAN_POINT ( 'NONE',  ( 2.035006397478180666E-16, 23.26562499829300990, -3.323417656250000185 ) ) ;
#2901 = CARTESIAN_POINT ( 'NONE',  ( -4.000000000000000000, 17.87500000000000000, -4.898587196589412829E-16 ) ) ;
#2902 = EDGE_CURVE ( 'NONE', #2271, #2455, #791, .T. ) ;
#2903 = CARTESIAN_POINT ( 'NONE',  ( 0.3744823769874937591, 24.00000000000003908, 3.470262419046288294 ) ) ;
#2904 = CARTESIAN_POINT ( 'NONE',  ( 4.000000000000000000, 14.67187499658601624, -1.656854249492380804 ) ) ;
#2905 = CARTESIAN_POINT ( 'NONE',  ( 0.000000000000000000, 24.00000000000000000, 0.000000000000000000 ) ) ;
#2906 = EDGE_LOOP ( 'NONE', ( #2930, #926, #1549, #1658 ) ) ;
#2907 = CARTESIAN_POINT ( 'NONE',  ( 4.507059494062498395, 16.95724906460786485, 0.000000000000000000 ) ) ;
#2908 = CARTESIAN_POINT ( 'NONE',  ( 2.350011161449477193, 13.73437499829300812, 2.350011161449478081 ) ) ;
#2909 = EDGE_LOOP ( 'NONE', ( #39, #2854, #2002, #1681 ) ) ;
#2910 = CARTESIAN_POINT ( 'NONE',  ( -3.198666977424004632, 19.25471115700564795, 2.458187390630381941 ) ) ;
#2911 = CARTESIAN_POINT ( 'NONE',  ( -3.323417656250001517, 18.65624999829300634, 1.376604666648954201 ) ) ;
#2912 = CARTESIAN_POINT ( 'NONE',  ( -6.105019192434541011E-16, 13.57812499829300812, 3.323417656250000185 ) ) ;
#2913 = ORIENTED_EDGE ( 'NONE', *, *, #3312, .F. ) ;
#2914 = DIRECTION ( 'NONE',  ( -0.000000000000000000, -1.000000000000000000, -0.000000000000000000 ) ) ;
#2915 = DIRECTION ( 'NONE',  ( 0.000000000000000000, 0.000000000000000000, 1.000000000000000000 ) ) ;
#2916 = CARTESIAN_POINT ( 'NONE',  ( 2.350011161449477637, 24.35937499829300634, -2.350011161449477637 ) ) ;
#2917 = CARTESIAN_POINT ( 'NONE',  ( 2.828427124746190291, 12.24999999658601624, -2.828427124746190291 ) ) ;
#2918 = CARTESIAN_POINT ( 'NONE',  ( 4.000000000000000000, 14.59374999658601624, 0.000000000000000000 ) ) ;
#2919 = CARTESIAN_POINT ( 'NONE',  ( -4.000000000000000000, 23.89062499658601268, -1.656854249492381248 ) ) ;
#2920 = CIRCLE ( 'NONE', #924, 0.5000000000000004441 ) ;
#2921 = EDGE_CURVE ( 'NONE', #1189, #541, #614, .T. ) ;
#2922 = EDGE_LOOP ( 'NONE', ( #1372, #2735, #1531, #1771 ) ) ;
#2923 = CARTESIAN_POINT ( 'NONE',  ( -4.507059494062498395, 15.08224906460786130, -5.519555982970327188E-16 ) ) ;
#2924 = CARTESIAN_POINT ( 'NONE',  ( -2.350011161449478081, 19.67187499829300990, 2.350011161449477193 ) ) ;
#2925 = VERTEX_POINT ( 'NONE', #3430 ) ;
#2926 = CARTESIAN_POINT ( 'NONE',  ( 3.323417656249999741, 23.03124999829300990, -1.376604666648954867 ) ) ;
#2927 = CARTESIAN_POINT ( 'NONE',  ( 2.035006397478180666E-16, 24.20312499829300990, -3.323417656250000185 ) ) ;
#2928 = CARTESIAN_POINT ( 'NONE',  ( 2.350011161449477637, 16.85937499829300634, -2.350011161449477637 ) ) ;
#2929 = CARTESIAN_POINT ( 'NONE',  ( 2.035006397478180666E-16, 19.51562499829300634, -3.323417656250000185 ) ) ;
#2930 = ORIENTED_EDGE ( 'NONE', *, *, #2146, .F. ) ;
#2931 = CARTESIAN_POINT ( 'NONE',  ( 0.2838135374995195415, 23.99999999999999289, -3.641635405634987332 ) ) ;
#2932 = CARTESIAN_POINT ( 'NONE',  ( 4.000000000000000000, 19.59374999658601624, 0.000000000000000000 ) ) ;
#2933 = CARTESIAN_POINT ( 'NONE',  ( -1.376604666648954867, 15.53124999829300634, -3.323417656249999741 ) ) ;
#2934 = DIRECTION ( 'NONE',  ( -0.000000000000000000, -1.000000000000000000, -0.000000000000000000 ) ) ;
#2935 = CARTESIAN_POINT ( 'NONE',  ( 2.828427124746189403, 21.93749999658601268, 2.828427124746190735 ) ) ;
#2936 = CYLINDRICAL_SURFACE ( 'NONE', #227, 7.625000000000000000 ) ;
#2937 = ORIENTED_EDGE ( 'NONE', *, *, #3152, .T. ) ;
#2938 = CARTESIAN_POINT ( 'NONE',  ( 2.759777991485163594E-16, 18.51974906460786130, -4.507059494062498395 ) ) ;
#2939 = CARTESIAN_POINT ( 'NONE',  ( -1.376604666648954867, 16.78124999829300990, -3.323417656249999741 ) ) ;
#2940 = ORIENTED_EDGE ( 'NONE', *, *, #3268, .T. ) ;
#2941 = DIRECTION ( 'NONE',  ( -0.000000000000000000, -1.000000000000000000, -0.000000000000000000 ) ) ;
#2942 = CARTESIAN_POINT ( 'NONE',  ( 1.046992082867636675, 18.23914732380952586, 3.895890560363513888 ) ) ;
#2943 = CARTESIAN_POINT ( 'NONE',  ( -3.323417656249999741, 15.99999999829300812, -1.376604666648955311 ) ) ;
#2944 = CARTESIAN_POINT ( 'NONE',  ( 2.350011161449477193, 15.29687499829300812, 2.350011161449478081 ) ) ;
#2945 = ORIENTED_EDGE ( 'NONE', *, *, #3296, .F. ) ;
#2946 = LINE ( 'NONE', #357, #2289 ) ;
#2947 = CARTESIAN_POINT ( 'NONE',  ( 3.999999999999999112, 23.26562499658601268, 1.656854249492383024 ) ) ;
#2948 = CARTESIAN_POINT ( 'NONE',  ( -1.376604666648956865, 13.49999999829300634, 3.323417656249998853 ) ) ;
#2949 = VECTOR ( 'NONE', #2785, 1000.000000000000000 ) ;
#2950 = CYLINDRICAL_SURFACE ( 'NONE', #199, 4.000000000000000000 ) ;
#2951 = CARTESIAN_POINT ( 'NONE',  ( 3.999999999999999112, 20.76562499658601979, 1.656854249492383246 ) ) ;
#2952 = CARTESIAN_POINT ( 'NONE',  ( 4.021114372646633406, 11.00000000000000000, -0.2585305263670424347 ) ) ;
#2953 = CIRCLE ( 'NONE', #2353, 0.5000000000000004441 ) ;
#2954 = CARTESIAN_POINT ( 'NONE',  ( -3.186972331462803343, 16.48849906460785775, 3.186972331462802455 ) ) ;
#2955 = CARTESIAN_POINT ( 'NONE',  ( 3.323417656250000185, 18.89062499829300634, 0.000000000000000000 ) ) ;
#2956 = DIRECTION ( 'NONE',  ( 0.000000000000000000, 1.000000000000000000, 0.000000000000000000 ) ) ;
#2957 = CIRCLE ( 'NONE', #3444, 0.5000000000000004441 ) ;
#2958 = VERTEX_POINT ( 'NONE', #2636 ) ;
#2959 = CARTESIAN_POINT ( 'NONE',  ( 0.000000000000000000, 0.000000000000000000, 0.000000000000000000 ) ) ;
#2960 = CARTESIAN_POINT ( 'NONE',  ( 2.458187564559472627, 22.06704177201008932, 3.198666843758838141 ) ) ;
#2961 = ADVANCED_FACE ( 'NONE', ( #11 ), #2674, .F. ) ;
#2962 = CARTESIAN_POINT ( 'NONE',  ( -2.350011161449477193, 23.10937499829300634, -2.350011161449477637 ) ) ;
#2963 = CARTESIAN_POINT ( 'NONE',  ( -6.105019192434541011E-16, 17.64062499829300634, 3.323417656250000185 ) ) ;
#2964 = CARTESIAN_POINT ( 'NONE',  ( 2.035006397478180666E-16, 15.76562499829300990, -3.323417656250000185 ) ) ;
#2965 = DIRECTION ( 'NONE',  ( 0.000000000000000000, 1.000000000000000000, 0.000000000000000000 ) ) ;
#2966 = CARTESIAN_POINT ( 'NONE',  ( 0.000000000000000000, 10.00000000000000000, 0.000000000000000000 ) ) ;
#2967 = CARTESIAN_POINT ( 'NONE',  ( -2.350011161449477193, 14.35937499829300812, -2.350011161449477637 ) ) ;
#2968 = CARTESIAN_POINT ( 'NONE',  ( 3.895890882990155291, 19.69739282788599866, 1.046990882362975439 ) ) ;
#2969 = CARTESIAN_POINT ( 'NONE',  ( -2.828427124746190735, 20.37499999658601624, 2.828427124746189847 ) ) ;
#2970 = CARTESIAN_POINT ( 'NONE',  ( 3.963909284942964018, 11.00000000000004441, -1.023583804784484963 ) ) ;
#2971 = CARTESIAN_POINT ( 'NONE',  ( -1.866885168863109623, 19.06662406460786485, 4.507059494062497507 ) ) ;
#2972 = CARTESIAN_POINT ( 'NONE',  ( 2.035006397478180666E-16, 20.45312499829300634, -3.323417656250000185 ) ) ;
#2973 = DIRECTION ( 'NONE',  ( -0.000000000000000000, -1.000000000000000000, -0.000000000000000000 ) ) ;
#2974 = EDGE_LOOP ( 'NONE', ( #573, #1670, #50, #3693 ) ) ;
#2975 = TOROIDAL_SURFACE ( 'NONE', #1646, 15.50000000000000000, 0.5000000000000000000 ) ;
#2976 = CARTESIAN_POINT ( 'NONE',  ( -3.198667809164916775, 20.24423489191465819, -2.458186308343838888 ) ) ;
#2977 = CARTESIAN_POINT ( 'NONE',  ( -4.000000000000000000, 13.89062499658601624, -1.656854249492381248 ) ) ;
#2978 = CARTESIAN_POINT ( 'NONE',  ( 2.350011161449477193, 21.23437499829300634, 2.350011161449478081 ) ) ;
#2979 = DIRECTION ( 'NONE',  ( -0.000000000000000000, -1.000000000000000000, -0.000000000000000000 ) ) ;
#2980 = CARTESIAN_POINT ( 'NONE',  ( 3.323417656250000185, 17.95312499829300990, 0.000000000000000000 ) ) ;
#2981 = CARTESIAN_POINT ( 'NONE',  ( 2.350011161449477193, 16.54687499829300634, 2.350011161449478081 ) ) ;
#2982 = CARTESIAN_POINT ( 'NONE',  ( 3.323417656250000185, 16.39062499829300634, 0.000000000000000000 ) ) ;
#2983 = CARTESIAN_POINT ( 'NONE',  ( 2.350011161449477637, 18.10937499829300990, -2.350011161449477637 ) ) ;
#2984 = LINE ( 'NONE', #1540, #3378 ) ;
#2985 = FACE_OUTER_BOUND ( 'NONE', #1992, .T. ) ;
#2986 = CARTESIAN_POINT ( 'NONE',  ( -3.323417656250001517, 13.34374999829300634, 1.376604666648954201 ) ) ;
#2987 = DIRECTION ( 'NONE',  ( 0.000000000000000000, 0.000000000000000000, -1.000000000000000000 ) ) ;
#2988 = CARTESIAN_POINT ( 'NONE',  ( -7.347880794884119736E-16, 19.28124999658601624, 4.000000000000000000 ) ) ;
#2989 = FACE_OUTER_BOUND ( 'NONE', #3031, .T. ) ;
#2990 = CARTESIAN_POINT ( 'NONE',  ( -3.186972331462802455, 23.67599906460786485, -3.186972331462802899 ) ) ;
#2991 = CARTESIAN_POINT ( 'NONE',  ( -3.323417656250000185, 20.76562499829300634, -4.070012794956361332E-16 ) ) ;
#2992 = ORIENTED_EDGE ( 'NONE', *, *, #1748, .T. ) ;
#2993 = CARTESIAN_POINT ( 'NONE',  ( 0.000000000000000000, 10.50000000000000000, 0.000000000000000000 ) ) ;
#2994 = CARTESIAN_POINT ( 'NONE',  ( 2.458186173066605029, 22.43160314802915778, -3.198667913125886830 ) ) ;
#2995 = CARTESIAN_POINT ( 'NONE',  ( 1.376604666648955755, 19.90624999829300990, 3.323417656249999741 ) ) ;
#2996 = CARTESIAN_POINT ( 'NONE',  ( 2.014475231738823702, 21.20771852853654593, -3.495145951262665918 ) ) ;
#2997 = CARTESIAN_POINT ( 'NONE',  ( 3.323417656250000185, 21.70312499829300634, 0.000000000000000000 ) ) ;
#2998 = CARTESIAN_POINT ( 'NONE',  ( -1.376604666648954867, 15.84374999829300812, -3.323417656249999741 ) ) ;
#2999 = CARTESIAN_POINT ( 'NONE',  ( -3.323417656250000185, 19.51562499829300634, -4.070012794956361332E-16 ) ) ;
#3000 = CARTESIAN_POINT ( 'NONE',  ( -2.350011161449477193, 18.42187499829300990, -2.350011161449477637 ) ) ;
#3001 = CYLINDRICAL_SURFACE ( 'NONE', #1080, 4.000000000000000000 ) ;
#3002 = CARTESIAN_POINT ( 'NONE',  ( 2.828427124746190291, 15.99999999658601624, -2.828427124746190291 ) ) ;
#3003 = FACE_OUTER_BOUND ( 'NONE', #1460, .T. ) ;
#3004 = CARTESIAN_POINT ( 'NONE',  ( 3.999999999999999112, 23.26562499658601268, 1.656854249492383246 ) ) ;
#3005 = CARTESIAN_POINT ( 'NONE',  ( 0.000000000000000000, 0.5000000000000004441, 5.500000000000000000 ) ) ;
#3006 = ADVANCED_FACE ( 'NONE', ( #1176 ), #1518, .T. ) ;
#3007 = AXIS2_PLACEMENT_3D ( 'NONE', #1831, #941, #2097 ) ;
#3008 = CARTESIAN_POINT ( 'NONE',  ( -4.507059494062498395, 22.58224906460785775, -5.519555982970327188E-16 ) ) ;
#3009 = CARTESIAN_POINT ( 'NONE',  ( -7.347880794884119736E-16, 11.93750000000000000, 4.000000000000000000 ) ) ;
#3010 = ORIENTED_EDGE ( 'NONE', *, *, #2783, .T. ) ;
#3011 = VECTOR ( 'NONE', #586, 1000.000000000000000 ) ;
#3012 = ORIENTED_EDGE ( 'NONE', *, *, #1527, .F. ) ;
#3013 = CARTESIAN_POINT ( 'NONE',  ( -1.656854249492382580, 19.35937500000000355, 3.999999999999999112 ) ) ;
#3014 = DIRECTION ( 'NONE',  ( 0.000000000000000000, -1.000000000000000000, 0.000000000000000000 ) ) ;
#3015 = CARTESIAN_POINT ( 'NONE',  ( 3.323417656250000185, 21.39062499829300634, 0.000000000000000000 ) ) ;
#3016 = CARTESIAN_POINT ( 'NONE',  ( -2.014476709973274993, 22.66596403261284109, -3.495145099261573129 ) ) ;
#3017 = EDGE_CURVE ( 'NONE', #1550, #1432, #376, .T. ) ;
#3018 = ORIENTED_EDGE ( 'NONE', *, *, #2853, .F. ) ;
#3019 = CARTESIAN_POINT ( 'NONE',  ( 3.323417656249999741, 20.53124999829300990, -1.376604666648954867 ) ) ;
#3020 = CARTESIAN_POINT ( 'NONE',  ( -3.323417656249999741, 14.74999999829300812, -1.376604666648955311 ) ) ;
#3021 = CARTESIAN_POINT ( 'NONE',  ( 3.323417656249999297, 17.56249999829300990, 1.376604666648957087 ) ) ;
#3022 = CARTESIAN_POINT ( 'NONE',  ( 3.323417656249998853, 20.37499999829300634, 1.376604666648957087 ) ) ;
#3023 = CARTESIAN_POINT ( 'NONE',  ( -1.656854249492380138, 18.73437499658601979, -4.000000000000000000 ) ) ;
#3024 = LINE ( 'NONE', #412, #711 ) ;
#3025 = CARTESIAN_POINT ( 'NONE',  ( -2.920750591392474488E-06, 23.65625013430674173, -3.999999999998934186 ) ) ;
#3026 = CARTESIAN_POINT ( 'NONE',  ( 2.350011161449477637, 14.35937499829300812, -2.350011161449477637 ) ) ;
#3027 = CARTESIAN_POINT ( 'NONE',  ( -2.828427124746190735, 20.37499999658601624, 2.828427124746189847 ) ) ;
#3028 = CARTESIAN_POINT ( 'NONE',  ( -4.507059494062498395, 21.41037406460786485, 1.866885168863106736 ) ) ;
#3029 = CARTESIAN_POINT ( 'NONE',  ( -3.323417656250000185, 22.01562499829300990, -4.070012794956361332E-16 ) ) ;
#3030 = EDGE_CURVE ( 'NONE', #1557, #857, #2023, .T. ) ;
#3031 = EDGE_LOOP ( 'NONE', ( #1905, #3187, #558, #365 ) ) ;
#3032 = CARTESIAN_POINT ( 'NONE',  ( -1.656854249492380360, 21.39062500000000355, -4.000000000000000000 ) ) ;
#3033 = CARTESIAN_POINT ( 'NONE',  ( 0.000000000000000000, 24.00000000000000000, 0.000000000000000000 ) ) ;
#3034 = CARTESIAN_POINT ( 'NONE',  ( 3.495145354854066078, 16.10385926426881653, -2.014476266516721736 ) ) ;
#3035 = CARTESIAN_POINT ( 'NONE',  ( -2.350011161449478081, 20.92187499829300634, 2.350011161449477193 ) ) ;
#3036 = FACE_OUTER_BOUND ( 'NONE', #1841, .T. ) ;
#3037 = ORIENTED_EDGE ( 'NONE', *, *, #3721, .T. ) ;
#3038 = CARTESIAN_POINT ( 'NONE',  ( -6.105019192434541011E-16, 20.14062499829300634, 3.323417656250000185 ) ) ;
#3039 = AXIS2_PLACEMENT_3D ( 'NONE', #3562, #2956, #65 ) ;
#3040 = CARTESIAN_POINT ( 'NONE',  ( 2.035006397478180666E-16, 17.01562499829300634, -3.323417656250000185 ) ) ;
#3041 = CARTESIAN_POINT ( 'NONE',  ( 2.035006397478180666E-16, 17.95312499829300990, -3.323417656250000185 ) ) ;
#3042 = AXIS2_PLACEMENT_3D ( 'NONE', #1789, #2941, #597 ) ;
#3043 = DIRECTION ( 'NONE',  ( 0.000000000000000000, 1.000000000000000000, 0.000000000000000000 ) ) ;
#3044 = DIRECTION ( 'NONE',  ( -0.000000000000000000, -1.000000000000000000, -0.000000000000000000 ) ) ;
#3045 = CARTESIAN_POINT ( 'NONE',  ( -6.105019192434541011E-16, 13.89062499829300812, 3.323417656250000185 ) ) ;
#3046 = CARTESIAN_POINT ( 'NONE',  ( 1.745556196749187375E-11, 11.28423955385216892, -4.048948528571197691 ) ) ;
#3047 = CARTESIAN_POINT ( 'NONE',  ( 2.759777991485163594E-16, 22.26974906460785775, -4.507059494062498395 ) ) ;
#3048 = CARTESIAN_POINT ( 'NONE',  ( -1.376604666648956865, 20.99999999829300634, 3.323417656249998853 ) ) ;
#3049 = CARTESIAN_POINT ( 'NONE',  ( 0.000000000000000000, 28.00000000000000000, 0.000000000000000000 ) ) ;
#3050 = CARTESIAN_POINT ( 'NONE',  ( -3.198667630940470019, 16.49446073857505013, -2.458186540254984731 ) ) ;
#3051 = CARTESIAN_POINT ( 'NONE',  ( -4.000000000000000000, 21.62500000000000000, -4.898587196589412829E-16 ) ) ;
#3052 = CARTESIAN_POINT ( 'NONE',  ( -2.835406765080745739, 11.46840593975213984, -2.840279587645514692 ) ) ;
#3053 = CARTESIAN_POINT ( 'NONE',  ( -3.323417656250000185, 20.76562499829300634, -4.070012794956361332E-16 ) ) ;
#3054 = CARTESIAN_POINT ( 'NONE',  ( 1.898202538678397557E-15, 9.500000000000000000, -15.50000000000000000 ) ) ;
#3055 = ORIENTED_EDGE ( 'NONE', *, *, #622, .T. ) ;
#3056 = CARTESIAN_POINT ( 'NONE',  ( 2.350011161449477193, 19.04687499829300990, 2.350011161449478081 ) ) ;
#3057 = CARTESIAN_POINT ( 'NONE',  ( -3.323417656249999741, 18.49999999829300990, -1.376604666648955311 ) ) ;
#3058 = EDGE_CURVE ( 'NONE', #293, #2494, #2745, .T. ) ;
#3059 = CARTESIAN_POINT ( 'NONE',  ( -2.350011161449478081, 18.42187499829300990, 2.350011161449477193 ) ) ;
#3060 = CARTESIAN_POINT ( 'NONE',  ( 3.323417656250000185, 13.89062499829300812, 0.000000000000000000 ) ) ;
#3061 = CARTESIAN_POINT ( 'NONE',  ( -2.930149260134824437E-06, 13.18743398590471649, 3.999999999997725819 ) ) ;
#3062 = CARTESIAN_POINT ( 'NONE',  ( 1.046991047131728969, 17.51002457177125748, -3.895890838709816340 ) ) ;
#3063 = FACE_OUTER_BOUND ( 'NONE', #545, .T. ) ;
#3064 = CARTESIAN_POINT ( 'NONE',  ( 2.035006397478180666E-16, 14.51562499829300812, -3.323417656250000185 ) ) ;
#3065 = LINE ( 'NONE', #2239, #2949 ) ;
#3066 =( BOUNDED_CURVE ( )  B_SPLINE_CURVE ( 2, ( #3745, #917, #2917, #620, #3505 ),
 .UNSPECIFIED., .F., .F. ) 
 B_SPLINE_CURVE_WITH_KNOTS ( ( 3, 2, 3 ),
 ( 0.000000000000000000, 0.01201887141944526713, 0.02403774329078811958 ),
 .UNSPECIFIED. ) 
 CURVE ( )  GEOMETRIC_REPRESENTATION_ITEM ( )  RATIONAL_B_SPLINE_CURVE ( ( 1.000000000000000000, 0.9238795325112867385, 1.000000000000000000, 0.9238795325112867385, 1.000000000000000000 ) ) 
 REPRESENTATION_ITEM ( '' )  );
#3067 = CARTESIAN_POINT ( 'NONE',  ( 4.507059494062498395, 21.95724906460785775, 0.000000000000000000 ) ) ;
#3068 = CARTESIAN_POINT ( 'NONE',  ( 3.323417656249999741, 21.46874999829300279, -1.376604666648954867 ) ) ;
#3069 = CARTESIAN_POINT ( 'NONE',  ( 1.116780835043519993, 11.20114335550350937, -3.946991252625486002 ) ) ;
#3070 = CIRCLE ( 'NONE', #2835, 0.5000000000000004441 ) ;
#3071 = CARTESIAN_POINT ( 'NONE',  ( 1.656854249492381248, 18.26562500000000000, 3.999999999999999112 ) ) ;
#3072 = FACE_OUTER_BOUND ( 'NONE', #1662, .T. ) ;
#3073 = FACE_OUTER_BOUND ( 'NONE', #3240, .T. ) ;
#3074 = ORIENTED_EDGE ( 'NONE', *, *, #2390, .F. ) ;
#3075 = CARTESIAN_POINT ( 'NONE',  ( -3.323417656250000185, 23.57812499829300990, -4.070012794956361332E-16 ) ) ;
#3076 = CARTESIAN_POINT ( 'NONE',  ( -6.105019192434541011E-16, 21.39062499829300634, 3.323417656250000185 ) ) ;
#3077 = CARTESIAN_POINT ( 'NONE',  ( -3.323417656250001517, 18.34374999829300634, 1.376604666648954201 ) ) ;
#3078 = ADVANCED_FACE ( 'NONE', ( #3520 ), #257, .T. ) ;
#3079 = CARTESIAN_POINT ( 'NONE',  ( -5.924722707952368161E-07, 18.65625002452301473, -3.999999999999956923 ) ) ;
#3080 = DIRECTION ( 'NONE',  ( -0.000000000000000000, -1.000000000000000000, -0.000000000000000000 ) ) ;
#3081 = CARTESIAN_POINT ( 'NONE',  ( -1.376604666648954867, 14.59374999829300457, -3.323417656249999741 ) ) ;
#3082 = FACE_OUTER_BOUND ( 'NONE', #936, .T. ) ;
#3083 = ADVANCED_FACE ( 'NONE', ( #1797 ), #2950, .F. ) ;
#3084 = DIRECTION ( 'NONE',  ( 0.000000000000000000, 0.000000000000000000, 1.000000000000000000 ) ) ;
#3085 = CARTESIAN_POINT ( 'NONE',  ( -4.000000000000000000, 11.54687500000000000, -1.656854249492381248 ) ) ;
#3086 = CARTESIAN_POINT ( 'NONE',  ( -1.412265236341550434, 24.00000000000000000, 3.378350497500367311 ) ) ;
#3087 = CARTESIAN_POINT ( 'NONE',  ( 1.656854249492381248, 13.10937499658601624, 3.999999999999999112 ) ) ;
#3088 = VERTEX_POINT ( 'NONE', #3025 ) ;
#3089 = CARTESIAN_POINT ( 'NONE',  ( -1.866885168863107181, 11.09787406460786130, -4.507059494062497507 ) ) ;
#3090 = CARTESIAN_POINT ( 'NONE',  ( -4.000000044291655676, 15.34869641394338480, -0.5235984392488933770 ) ) ;
#3091 = DIRECTION ( 'NONE',  ( 0.000000000000000000, 0.000000000000000000, -1.000000000000000000 ) ) ;
#3092 = DIRECTION ( 'NONE',  ( 0.000000000000000000, 0.000000000000000000, 1.000000000000000000 ) ) ;
#3093 = CARTESIAN_POINT ( 'NONE',  ( -1.632521692180380278E-05, 23.18713220717752321, 3.999999999929414241 ) ) ;
#3094 = VERTEX_POINT ( 'NONE', #1543 ) ;
#3095 = DIRECTION ( 'NONE',  ( -1.000000000000000000, 0.000000000000000000, 0.000000000000000000 ) ) ;
#3096 = CARTESIAN_POINT ( 'NONE',  ( -1.376604666648954867, 21.78124999829300990, -3.323417656249999741 ) ) ;
#3097 = VECTOR ( 'NONE', #3334, 1000.000000000000000 ) ;
#3098 = CARTESIAN_POINT ( 'NONE',  ( 3.195428320700559599, 23.99999999999998934, -0.9385711177683793149 ) ) ;
#3099 = FILL_AREA_STYLE_COLOUR ( '', #1257 ) ;
#3100 = CARTESIAN_POINT ( 'NONE',  ( 0.000000000000000000, 24.00000000000000000, 0.000000000000000000 ) ) ;
#3101 = EDGE_LOOP ( 'NONE', ( #989, #1106, #830, #1355 ) ) ;
#3102 = CARTESIAN_POINT ( 'NONE',  ( 1.376604666648955089, 11.93749999829300812, -3.323417656249999741 ) ) ;
#3103 = CARTESIAN_POINT ( 'NONE',  ( 0.000000000000000000, 24.00000000000000000, -4.000000000000000000 ) ) ;
#3104 = CARTESIAN_POINT ( 'NONE',  ( -2.350011161449477193, 13.42187499829300812, -2.350011161449477637 ) ) ;
#3105 = CARTESIAN_POINT ( 'NONE',  ( 4.000000000000000000, 12.32812499999999822, -1.656854249492380804 ) ) ;
#3106 = CARTESIAN_POINT ( 'NONE',  ( 0.8657509329182364599, 11.00000000000000000, -4.402889937911873552 ) ) ;
#3107 = CARTESIAN_POINT ( 'NONE',  ( -4.000000000000000000, 12.71874999658601624, -4.898587196589412829E-16 ) ) ;
#3108 = EDGE_CURVE ( 'NONE', #3155, #3174, #318, .T. ) ;
#3109 = ORIENTED_EDGE ( 'NONE', *, *, #1974, .T. ) ;
#3110 = CARTESIAN_POINT ( 'NONE',  ( -7.347880794884119736E-16, 23.18750000000000000, 4.000000000000000000 ) ) ;
#3111 = CARTESIAN_POINT ( 'NONE',  ( -2.014475611848522529, 15.58305729852714627, 3.495145732181225817 ) ) ;
#3112 = CARTESIAN_POINT ( 'NONE',  ( 3.323417656249998853, 13.81249999829300634, 1.376604666648957087 ) ) ;
#3113 = CARTESIAN_POINT ( 'NONE',  ( 3.323417656249999741, 11.78124999829301167, -1.376604666648954867 ) ) ;
#3114 = ORIENTED_EDGE ( 'NONE', *, *, #3108, .T. ) ;
#3115 = FACE_OUTER_BOUND ( 'NONE', #1288, .T. ) ;
#3116 = CARTESIAN_POINT ( 'NONE',  ( 2.035006397478180666E-16, 20.76562499829300634, -3.323417656250000185 ) ) ;
#3117 = CARTESIAN_POINT ( 'NONE',  ( -3.323417656249999741, 21.93749999829300634, -1.376604666648955311 ) ) ;
#3118 = CARTESIAN_POINT ( 'NONE',  ( 1.213924071946562309E-05, 20.06222651303080795, -3.999999999960971220 ) ) ;
#3119 = ORIENTED_EDGE ( 'NONE', *, *, #76, .T. ) ;
#3120 = CARTESIAN_POINT ( 'NONE',  ( 2.035006397478180666E-16, 15.76562499829300990, -3.323417656250000185 ) ) ;
#3121 = FACE_OUTER_BOUND ( 'NONE', #1729, .T. ) ;
#3122 = CARTESIAN_POINT ( 'NONE',  ( -4.000000000000000000, 16.39062499658601624, -1.656854249492381248 ) ) ;
#3123 = CARTESIAN_POINT ( 'NONE',  ( 1.656854249492381248, 13.26562500000000000, 3.999999999999999112 ) ) ;
#3124 = FACE_OUTER_BOUND ( 'NONE', #3769, .T. ) ;
#3125 = CARTESIAN_POINT ( 'NONE',  ( 4.000000000000000000, 15.92187499658601979, -1.656854249492380804 ) ) ;
#3126 = ADVANCED_FACE ( 'NONE', ( #77 ), #1852, .F. ) ;
#3127 = ORIENTED_EDGE ( 'NONE', *, *, #3017, .F. ) ;
#3128 = CARTESIAN_POINT ( 'NONE',  ( -4.507059494062497507, 13.75412406460786485, -1.866885168863107625 ) ) ;
#3129 = SHAPE_DEFINITION_REPRESENTATION ( #529, #1237 ) ;
#3130 = CARTESIAN_POINT ( 'NONE',  ( 2.035006397478180666E-16, 12.95312499829300634, -3.323417656250000185 ) ) ;
#3131 = DIRECTION ( 'NONE',  ( 0.000000000000000000, -1.000000000000000000, 0.000000000000000000 ) ) ;
#3132 = VERTEX_POINT ( 'NONE', #121 ) ;
#3133 = CARTESIAN_POINT ( 'NONE',  ( 1.376604666648955755, 21.46874999829300634, 3.323417656249999741 ) ) ;
#3134 = CARTESIAN_POINT ( 'NONE',  ( -1.376604666648954867, 20.53124999829300990, -3.323417656249999741 ) ) ;
#3135 = CARTESIAN_POINT ( 'NONE',  ( -7.035532279229366845E-08, 20.53124849066422186, 3.999999999999998224 ) ) ;
#3136 = CARTESIAN_POINT ( 'NONE',  ( 3.323417656249999297, 13.81249999829300634, 1.376604666648957087 ) ) ;
#3137 = ORIENTED_EDGE ( 'NONE', *, *, #2175, .F. ) ;
#3138 = LINE ( 'NONE', #2841, #410 ) ;
#3139 = CARTESIAN_POINT ( 'NONE',  ( -1.376604666648954867, 13.34374999829300634, -3.323417656249999741 ) ) ;
#3140 = B_SPLINE_CURVE_WITH_KNOTS ( 'NONE', 3,
 ( #2765, #2581, #1190, #604, #1172, #851, #873, #2633, #263, #2897, #895, #2346, #1994, #831, #2861, #584, #2290, #2878 ),
 .UNSPECIFIED., .F., .F.,
 ( 4, 2, 2, 2, 2, 2, 2, 2, 4 ),
 ( 0.5048075859242110441, 0.5108172000423555348, 0.5168268141604999144, 0.5228364282786444051, 0.5288460423967888957, 0.5348556565149333863, 0.5408652706330778770, 0.5468748847512222566, 0.5528844988693667473 ),
 .UNSPECIFIED. ) ;
#3141 = CARTESIAN_POINT ( 'NONE',  ( -2.688728754851008595, 24.70234480266935861, -1.953418183777245298 ) ) ;
#3142 = CARTESIAN_POINT ( 'NONE',  ( -4.000000000000000888, 16.70312500000000000, 1.656854249492379694 ) ) ;
#3143 = CARTESIAN_POINT ( 'NONE',  ( 0.000000000000000000, 0.000000000000000000, 0.000000000000000000 ) ) ;
#3144 = CARTESIAN_POINT ( 'NONE',  ( -1.656854249492382580, 19.20312499658601979, 3.999999999999999112 ) ) ;
#3145 = ORIENTED_EDGE ( 'NONE', *, *, #487, .T. ) ;
#3146 = CARTESIAN_POINT ( 'NONE',  ( -8.279333974455491767E-16, 11.64474906460786308, 4.507059494062498395 ) ) ;
#3147 = CARTESIAN_POINT ( 'NONE',  ( -1.376604666648954867, 11.78124999829300990, -3.323417656249999741 ) ) ;
#3148 = DIRECTION ( 'NONE',  ( 0.000000000000000000, 0.000000000000000000, -1.000000000000000000 ) ) ;
#3149 = VERTEX_POINT ( 'NONE', #2668 ) ;
#3150 = CARTESIAN_POINT ( 'NONE',  ( -3.323417656250000185, 18.26562499829300990, -4.070012794956361332E-16 ) ) ;
#3151 = EDGE_CURVE ( 'NONE', #595, #2336, #3461, .T. ) ;
#3152 = EDGE_CURVE ( 'NONE', #541, #2072, #2441, .T. ) ;
#3153 = DIRECTION ( 'NONE',  ( -0.000000000000000000, -1.000000000000000000, -0.000000000000000000 ) ) ;
#3154 = CARTESIAN_POINT ( 'NONE',  ( -4.000000107561803020, 21.59832000284270848, -0.5235979558998835603 ) ) ;
#3155 = VERTEX_POINT ( 'NONE', #2427 ) ;
#3156 = CARTESIAN_POINT ( 'NONE',  ( -2.828427124746189847, 22.56249999658601624, -2.828427124746190291 ) ) ;
#3157 = AXIS2_PLACEMENT_3D ( 'NONE', #2199, #2788, #734 ) ;
#3158 = CARTESIAN_POINT ( 'NONE',  ( -2.350011161449478081, 12.48437499829300812, 2.350011161449477193 ) ) ;
#3159 = CARTESIAN_POINT ( 'NONE',  ( -2.350011161449478081, 22.48437499829300990, 2.350011161449477193 ) ) ;
#3160 = CARTESIAN_POINT ( 'NONE',  ( -7.347880794884119736E-16, 14.43749999999999822, 4.000000000000000000 ) ) ;
#3161 = DIRECTION ( 'NONE',  ( 1.000000000000000000, -0.000000000000000000, 1.224646799147353207E-16 ) ) ;
#3162 = CARTESIAN_POINT ( 'NONE',  ( -4.000000000000000000, 16.46874999658601624, -4.898587196589412829E-16 ) ) ;
#3163 = ORIENTED_EDGE ( 'NONE', *, *, #3197, .F. ) ;
#3164 = CARTESIAN_POINT ( 'NONE',  ( 4.507059494062497507, 13.28537406460786130, -1.866885168863107181 ) ) ;
#3165 = CARTESIAN_POINT ( 'NONE',  ( -2.350011161449477193, 11.85937499829300812, -2.350011161449477637 ) ) ;
#3166 = CARTESIAN_POINT ( 'NONE',  ( -2.350011161449478081, 13.73437499829300812, 2.350011161449477193 ) ) ;
#3167 = DIRECTION ( 'NONE',  ( 0.000000000000000000, 1.000000000000000000, 0.000000000000000000 ) ) ;
#3168 = ORIENTED_EDGE ( 'NONE', *, *, #209, .T. ) ;
#3169 = EDGE_CURVE ( 'NONE', #1951, #2354, #2622, .T. ) ;
#3170 = CARTESIAN_POINT ( 'NONE',  ( 3.198667007127908857, 18.62974879811573814, -2.458187351978779578 ) ) ;
#3171 = ADVANCED_FACE ( 'NONE', ( #3003 ), #2975, .T. ) ;
#3172 = FACE_OUTER_BOUND ( 'NONE', #2411, .T. ) ;
#3173 = CARTESIAN_POINT ( 'NONE',  ( 2.350011161449477637, 12.79687499829300634, -2.350011161449477637 ) ) ;
#3174 = VERTEX_POINT ( 'NONE', #360 ) ;
#3175 = CARTESIAN_POINT ( 'NONE',  ( -1.656854249492380138, 12.48437499658601624, -4.000000000000000000 ) ) ;
#3176 = CARTESIAN_POINT ( 'NONE',  ( 0.000000000000000000, 11.00000000000000000, -5.000000000000000000 ) ) ;
#3177 = EDGE_CURVE ( 'NONE', #2091, #3673, #2405, .T. ) ;
#3178 = CARTESIAN_POINT ( 'NONE',  ( 2.350011161449477637, 23.10937499829300634, -2.350011161449477637 ) ) ;
#3179 = CARTESIAN_POINT ( 'NONE',  ( -2.828427124746190735, 13.03125000000000000, 2.828427124746189847 ) ) ;
#3180 = CARTESIAN_POINT ( 'NONE',  ( -1.656854249492382580, 17.95312499658601624, 3.999999999999999112 ) ) ;
#3181 = CARTESIAN_POINT ( 'NONE',  ( -2.920750591392474488E-06, 23.65625013430674173, -3.999999999998934186 ) ) ;
#3182 = ORIENTED_EDGE ( 'NONE', *, *, #644, .F. ) ;
#3183 = B_SPLINE_CURVE_WITH_KNOTS ( 'NONE', 3,
 ( #813, #3408, #449, #2524, #1971, #1661, #2818, #526, #1099, #140, #1303, #2173, #1606, #2763, #1323, #2011, #870, #2858 ),
 .UNSPECIFIED., .F., .F.,
 ( 4, 2, 2, 2, 2, 2, 2, 2, 4 ),
 ( 0.9374998024305686295, 0.9435094165487116769, 0.9495190306668547242, 0.9555286447849977716, 0.9615382589031409299, 0.9675478730212839773, 0.9735574871394270247, 0.9795671012575700720, 0.9855767153757131194 ),
 .UNSPECIFIED. ) ;
#3184 = CARTESIAN_POINT ( 'NONE',  ( -3.186972331462802455, 14.92599906460786308, -3.186972331462802899 ) ) ;
#3185 = CARTESIAN_POINT ( 'NONE',  ( -6.105019192434541011E-16, 12.32812499829300634, 3.323417656250000185 ) ) ;
#3186 = DIRECTION ( 'NONE',  ( 0.000000000000000000, 0.000000000000000000, 1.000000000000000000 ) ) ;
#3187 = ORIENTED_EDGE ( 'NONE', *, *, #1005, .T. ) ;
#3188 = CARTESIAN_POINT ( 'NONE',  ( 0.000000000000000000, 0.5000000000000004441, 0.000000000000000000 ) ) ;
#3189 =( BOUNDED_CURVE ( )  B_SPLINE_CURVE ( 2, ( #303, #3175, #3739, #3198, #1470, #3502, #1452, #528, #1153 ),
 .UNSPECIFIED., .F., .F. ) 
 B_SPLINE_CURVE_WITH_KNOTS ( ( 3, 2, 2, 2, 3 ),
 ( 0.02403774329078811958, 0.03605661425833579098, 0.04807548567778105464, 0.06009435709722631136, 0.07211324226532477011 ),
 .UNSPECIFIED. ) 
 CURVE ( )  GEOMETRIC_REPRESENTATION_ITEM ( )  RATIONAL_B_SPLINE_CURVE ( ( 1.000000000000000000, 0.9238795325112867385, 1.000000000000000000, 0.9238795325112867385, 1.000000000000000000, 0.9238795325112867385, 1.000000000000000000, 0.9238795325112867385, 1.000000000000000000 ) ) 
 REPRESENTATION_ITEM ( '' )  );
#3190 = CARTESIAN_POINT ( 'NONE',  ( 2.350011161449477637, 24.04687499829300634, -2.350011161449477637 ) ) ;
#3191 = CARTESIAN_POINT ( 'NONE',  ( -2.350011161449477193, 18.42187499829300990, -2.350011161449477637 ) ) ;
#3192 = EDGE_CURVE ( 'NONE', #1213, #222, #2559, .T. ) ;
#3193 = CIRCLE ( 'NONE', #1927, 15.50000000000000000 ) ;
#3194 = CARTESIAN_POINT ( 'NONE',  ( 0.000000000000000000, 24.00000000000000000, -4.000000000000000000 ) ) ;
#3195 = CARTESIAN_POINT ( 'NONE',  ( -3.323417656250001517, 13.34374999829300812, 1.376604666648954645 ) ) ;
#3196 = ORIENTED_EDGE ( 'NONE', *, *, #3192, .T. ) ;
#3197 = EDGE_CURVE ( 'NONE', #2691, #228, #753, .T. ) ;
#3198 = CARTESIAN_POINT ( 'NONE',  ( -4.000000000000000000, 12.64062499658601624, -1.656854249492381248 ) ) ;
#3199 = ADVANCED_FACE ( 'NONE', ( #3063 ), #3717, .F. ) ;
#3200 = AXIS2_PLACEMENT_3D ( 'NONE', #1449, #2715, #110 ) ;
#3201 = CARTESIAN_POINT ( 'NONE',  ( 8.825249662514453674E-06, 19.90624958045106396, -3.999999999990264676 ) ) ;
#3202 = CARTESIAN_POINT ( 'NONE',  ( 3.323417656249998853, 22.87499999829300634, 1.376604666648957087 ) ) ;
#3203 = CARTESIAN_POINT ( 'NONE',  ( -7.035532279229366845E-08, 20.53124849066422186, 3.999999999999998224 ) ) ;
#3204 = CARTESIAN_POINT ( 'NONE',  ( -7.347880794884119736E-16, 14.28124999658601624, 4.000000000000000000 ) ) ;
#3205 = CARTESIAN_POINT ( 'NONE',  ( -2.688720293636731817, 24.70234394282609713, -1.953429829929973716 ) ) ;
#3206 = EDGE_CURVE ( 'NONE', #2068, #881, #2487, .T. ) ;
#3207 = ORIENTED_EDGE ( 'NONE', *, *, #2493, .F. ) ;
#3208 = CARTESIAN_POINT ( 'NONE',  ( 3.186972331462802011, 18.05099906460785775, 3.186972331462803343 ) ) ;
#3209 = CARTESIAN_POINT ( 'NONE',  ( 3.323417656249999741, 16.46874999829300634, -1.376604666648954867 ) ) ;
#3210 = ORIENTED_EDGE ( 'NONE', *, *, #2742, .F. ) ;
#3211 = CARTESIAN_POINT ( 'NONE',  ( 1.376604666648955089, 23.18749999829300634, -3.323417656249999741 ) ) ;
#3212 = CARTESIAN_POINT ( 'NONE',  ( 1.376604666648955089, 24.12499999829300634, -3.323417656249999741 ) ) ;
#3213 = CARTESIAN_POINT ( 'NONE',  ( -2.350011161449478081, 12.17187499829300812, 2.350011161449477193 ) ) ;
#3214 = ORIENTED_EDGE ( 'NONE', *, *, #59, .F. ) ;
#3215 = CARTESIAN_POINT ( 'NONE',  ( -3.036061666003686099, 24.00000000000000000, -2.579859351033675363 ) ) ;
#3216 = CARTESIAN_POINT ( 'NONE',  ( 1.656854249492380804, 19.82812499658601624, -4.000000000000000000 ) ) ;
#3217 = CARTESIAN_POINT ( 'NONE',  ( -1.376604666648956865, 17.24999999829300634, 3.323417656249998853 ) ) ;
#3218 = CARTESIAN_POINT ( 'NONE',  ( 6.123233995736766282E-16, 11.00000000000000000, 5.000000000000000000 ) ) ;
#3219 = B_SPLINE_CURVE_WITH_KNOTS ( 'NONE', 3,
 ( #889, #2663, #336, #52, #2891, #1482, #1186, #34, #297, #1448, #3, #2628, #2910, #2342, #923, #2076, #1033, #954 ),
 .UNSPECIFIED., .F., .F.,
 ( 4, 2, 2, 2, 2, 2, 2, 2, 4 ),
 ( 0.6009614118145213402, 0.6069710259326654977, 0.6129806400508096553, 0.6189902541689538129, 0.6249998682870979705, 0.6310094824052421281, 0.6370190965233862856, 0.6430287106415304432, 0.6490383247596746008 ),
 .UNSPECIFIED. ) ;
#3220 = CARTESIAN_POINT ( 'NONE',  ( 1.656854249492381026, 22.32812499658601624, -4.000000000000000000 ) ) ;
#3221 = DIRECTION ( 'NONE',  ( 0.000000000000000000, 0.000000000000000000, -1.000000000000000000 ) ) ;
#3222 = ORIENTED_EDGE ( 'NONE', *, *, #768, .F. ) ;
#3223 = EDGE_CURVE ( 'NONE', #1432, #881, #1663, .T. ) ;
#3224 = CARTESIAN_POINT ( 'NONE',  ( -3.186972331462802455, 16.17599906460786485, -3.186972331462802899 ) ) ;
#3225 = CARTESIAN_POINT ( 'NONE',  ( 1.376604666648955089, 17.87499999829300634, -3.323417656249999741 ) ) ;
#3226 = TOROIDAL_SURFACE ( 'NONE', #1651, 5.500000000000000000, 0.5000000000000000000 ) ;
#3227 = CARTESIAN_POINT ( 'NONE',  ( -0.5235985117539944111, 14.41125287560835666, 4.000000034800769377 ) ) ;
#3228 = ORIENTED_EDGE ( 'NONE', *, *, #3768, .F. ) ;
#3229 = CARTESIAN_POINT ( 'NONE',  ( 2.458187332652878254, 18.31726761867076902, 3.198667021979932468 ) ) ;
#3230 = CARTESIAN_POINT ( 'NONE',  ( -1.376604666648956865, 16.31249999829300634, 3.323417656249998853 ) ) ;
#3231 = CARTESIAN_POINT ( 'NONE',  ( 3.323417656250000185, 15.45312499829300812, 0.000000000000000000 ) ) ;
#3232 = ORIENTED_EDGE ( 'NONE', *, *, #3030, .F. ) ;
#3233 =( BOUNDED_CURVE ( )  B_SPLINE_CURVE ( 2, ( #731, #3373, #1082, #2526, #1325, #142, #3682, #2821, #2747 ),
 .UNSPECIFIED., .F., .F. ) 
 B_SPLINE_CURVE_WITH_KNOTS ( ( 3, 2, 2, 2, 3 ),
 ( 0.7451700536917514883, 0.7571888994250518534, 0.7692077708444970963, 0.7812266422639423391, 0.7932455127033285480 ),
 .UNSPECIFIED. ) 
 CURVE ( )  GEOMETRIC_REPRESENTATION_ITEM ( )  RATIONAL_B_SPLINE_CURVE ( ( 1.000000000000000000, 0.9238795325112867385, 1.000000000000000000, 0.9238795325112867385, 1.000000000000000000, 0.9238795325112867385, 1.000000000000000000, 0.9238795325112867385, 1.000000000000000000 ) ) 
 REPRESENTATION_ITEM ( '' )  );
#3234 = CARTESIAN_POINT ( 'NONE',  ( 3.178149425701191522, 24.00000000000000000, 0.9958387867241050850 ) ) ;
#3235 = DIRECTION ( 'NONE',  ( 1.000000000000000000, -0.000000000000000000, 1.224646799147353207E-16 ) ) ;
#3236 = CARTESIAN_POINT ( 'NONE',  ( -6.105019192434541011E-16, 14.82812499829300634, 3.323417656250000185 ) ) ;
#3237 = CARTESIAN_POINT ( 'NONE',  ( 0.000000000000000000, 24.00000000000000000, -4.000000000000000000 ) ) ;
#3238 = CARTESIAN_POINT ( 'NONE',  ( -1.656854249492380360, 19.98437499658601624, -4.000000000000000000 ) ) ;
#3239 = CARTESIAN_POINT ( 'NONE',  ( 1.656854249492381248, 16.85937499658601624, 3.999999999999999112 ) ) ;
#3240 = EDGE_LOOP ( 'NONE', ( #3511, #1940 ) ) ;
#3241 = EDGE_CURVE ( 'NONE', #1480, #2895, #2078, .T. ) ;
#3242 = CARTESIAN_POINT ( 'NONE',  ( 2.759777991485163594E-16, 17.26974906460786130, -4.507059494062498395 ) ) ;
#3243 = CARTESIAN_POINT ( 'NONE',  ( -2.350011161449478081, 17.17187499829300634, 2.350011161449477193 ) ) ;
#3244 = DIRECTION ( 'NONE',  ( 0.000000000000000000, 0.000000000000000000, 1.000000000000000000 ) ) ;
#3245 = ORIENTED_EDGE ( 'NONE', *, *, #209, .F. ) ;
#3246 = CARTESIAN_POINT ( 'NONE',  ( -2.350011161449478081, 23.73437499829300634, 2.350011161449477193 ) ) ;
#3247 = CARTESIAN_POINT ( 'NONE',  ( 2.035006397478180666E-16, 22.95312499829300990, -3.323417656250000185 ) ) ;
#3248 = EDGE_CURVE ( 'NONE', #3458, #1550, #3392, .T. ) ;
#3249 = CARTESIAN_POINT ( 'NONE',  ( -1.376604666648956865, 18.81249999829300990, 3.323417656249998853 ) ) ;
#3250 = AXIS2_PLACEMENT_3D ( 'NONE', #13, #1967, #1195 ) ;
#3251 = CARTESIAN_POINT ( 'NONE',  ( 0.000000000000000000, 10.00000000000000000, 0.000000000000000000 ) ) ;
#3252 = CARTESIAN_POINT ( 'NONE',  ( 1.656854249492381248, 23.10937499658601624, 3.999999999999999112 ) ) ;
#3253 = CARTESIAN_POINT ( 'NONE',  ( 3.323417656249999741, 13.96874999829300634, -1.376604666648954867 ) ) ;
#3254 = CARTESIAN_POINT ( 'NONE',  ( -4.000000000000000000, 15.14062499658601624, -1.656854249492381248 ) ) ;
#3255 = CARTESIAN_POINT ( 'NONE',  ( -1.656854249492380360, 21.23437499658601624, -4.000000000000000000 ) ) ;
#3256 = CARTESIAN_POINT ( 'NONE',  ( 1.656854249492380804, 13.57812499658601801, -4.000000000000000000 ) ) ;
#3257 = CARTESIAN_POINT ( 'NONE',  ( -3.186972331462802455, 17.42599906460785775, -3.186972331462802899 ) ) ;
#3258 = CARTESIAN_POINT ( 'NONE',  ( 3.323417656249999741, 20.21874999829300634, -1.376604666648954867 ) ) ;
#3259 = CARTESIAN_POINT ( 'NONE',  ( 0.000000000000000000, 24.00000000000000000, 0.000000000000000000 ) ) ;
#3260 = ORIENTED_EDGE ( 'NONE', *, *, #1142, .T. ) ;
#3261 = CARTESIAN_POINT ( 'NONE',  ( 3.999999999999999112, 14.51562499658601624, 1.656854249492383024 ) ) ;
#3262 = CARTESIAN_POINT ( 'NONE',  ( 0.000000000000000000, 24.00000000000000000, 0.000000000000000000 ) ) ;
#3263 = CARTESIAN_POINT ( 'NONE',  ( -2.350011161449477193, 23.10937499829300634, -2.350011161449477637 ) ) ;
#3264 = CARTESIAN_POINT ( 'NONE',  ( -7.953280463050324461E-06, 16.93732081888315477, 3.999999999983246290 ) ) ;
#3265 = CARTESIAN_POINT ( 'NONE',  ( 2.350011161449477637, 15.60937499829300812, -2.350011161449477637 ) ) ;
#3266 = ADVANCED_FACE ( 'NONE', ( #1626 ), #183, .F. ) ;
#3267 = CARTESIAN_POINT ( 'NONE',  ( 2.350011161449477193, 17.79687499829300634, 2.350011161449478081 ) ) ;
#3268 = EDGE_CURVE ( 'NONE', #912, #1442, #678, .T. ) ;
#3269 = CARTESIAN_POINT ( 'NONE',  ( 1.794413936642037077, 24.00000000000000711, -2.994894612170680315 ) ) ;
#3270 = CARTESIAN_POINT ( 'NONE',  ( 3.661708828125000093, 11.19531249914650495, 0.000000000000000000 ) ) ;
#3271 = CARTESIAN_POINT ( 'NONE',  ( -2.350011161449478081, 17.17187499829300634, 2.350011161449477193 ) ) ;
#3272 = DIRECTION ( 'NONE',  ( 1.224646799147353454E-16, 0.000000000000000000, -1.000000000000000000 ) ) ;
#3273 = CARTESIAN_POINT ( 'NONE',  ( 2.449293598294706414E-16, 22.40624999658601979, -4.000000000000000000 ) ) ;
#3274 = CARTESIAN_POINT ( 'NONE',  ( -7.662527544611138377E-06, 17.40625035789469877, -3.999999999992660538 ) ) ;
#3275 = CARTESIAN_POINT ( 'NONE',  ( 4.507059494062497507, 21.87912406460786485, 1.866885168863110067 ) ) ;
#3276 = CARTESIAN_POINT ( 'NONE',  ( 3.323417656250000185, 20.14062499829300634, 0.000000000000000000 ) ) ;
#3277 = AXIS2_PLACEMENT_3D ( 'NONE', #2295, #3491, #25 ) ;
#3278 = ORIENTED_EDGE ( 'NONE', *, *, #3410, .T. ) ;
#3279 = AXIS2_PLACEMENT_3D ( 'NONE', #1894, #486, #1643 ) ;
#3280 = CARTESIAN_POINT ( 'NONE',  ( 4.000000000000000000, 14.67187499658601446, -1.656854249492380582 ) ) ;
#3281 = FACE_OUTER_BOUND ( 'NONE', #623, .T. ) ;
#3282 = CARTESIAN_POINT ( 'NONE',  ( -1.376604666648957087, 23.49999999829300279, 3.323417656249999297 ) ) ;
#3283 = CARTESIAN_POINT ( 'NONE',  ( 3.495145939091817144, 20.89523734909160879, 2.014475252855434828 ) ) ;
#3284 = CARTESIAN_POINT ( 'NONE',  ( 1.376604666648955755, 18.96874999829300634, 3.323417656249999297 ) ) ;
#3285 = ADVANCED_FACE ( 'NONE', ( #221 ), #1360, .F. ) ;
#3286 = CARTESIAN_POINT ( 'NONE',  ( -1.376604666648954867, 18.34374999829300634, -3.323417656249999741 ) ) ;
#3287 = CARTESIAN_POINT ( 'NONE',  ( -2.350011161449477193, 19.35937499829300990, -2.350011161449477637 ) ) ;
#3288 = CARTESIAN_POINT ( 'NONE',  ( 2.035006397478180666E-16, 18.26562499829300990, -3.323417656250000185 ) ) ;
#3289 = EDGE_CURVE ( 'NONE', #333, #1557, #3659, .T. ) ;
#3290 = CARTESIAN_POINT ( 'NONE',  ( 2.923760592812661763, 24.00000000000001066, 1.595018119259042244 ) ) ;
#3291 = AXIS2_PLACEMENT_3D ( 'NONE', #512, #3664, #3084 ) ;
#3292 = DIRECTION ( 'NONE',  ( 0.000000000000000000, 0.000000000000000000, -1.000000000000000000 ) ) ;
#3293 = DIRECTION ( 'NONE',  ( 0.000000000000000000, 0.000000000000000000, 1.000000000000000000 ) ) ;
#3294 = CARTESIAN_POINT ( 'NONE',  ( -2.828427124746189847, 21.31249999658601268, -2.828427124746190291 ) ) ;
#3295 = DIRECTION ( 'NONE',  ( 0.000000000000000000, 1.000000000000000000, 0.000000000000000000 ) ) ;
#3296 = EDGE_CURVE ( 'NONE', #405, #1100, #3183, .T. ) ;
#3297 = CARTESIAN_POINT ( 'NONE',  ( -4.507059494062497507, 21.25412406460786485, -1.866885168863107625 ) ) ;
#3298 = CARTESIAN_POINT ( 'NONE',  ( -2.350011161449477193, 21.85937499829300990, -2.350011161449477637 ) ) ;
#3299 = ORIENTED_EDGE ( 'NONE', *, *, #2073, .T. ) ;
#3300 = CARTESIAN_POINT ( 'NONE',  ( 3.999999999999999112, 20.92187500000000000, 1.656854249492383246 ) ) ;
#3301 = CARTESIAN_POINT ( 'NONE',  ( 4.000000000000000000, 14.59374999658601624, 0.000000000000000000 ) ) ;
#3302 = FACE_OUTER_BOUND ( 'NONE', #2832, .T. ) ;
#3303 = CARTESIAN_POINT ( 'NONE',  ( 3.323417656250000185, 23.89062499829300990, 0.000000000000000000 ) ) ;
#3304 = CARTESIAN_POINT ( 'NONE',  ( 2.458187487258264969, 20.81711705423037984, 3.198666903165111819 ) ) ;
#3305 = ORIENTED_EDGE ( 'NONE', *, *, #3459, .F. ) ;
#3306 = CARTESIAN_POINT ( 'NONE',  ( -6.105019192434541011E-16, 18.89062499829300990, 3.323417656250000185 ) ) ;
#3307 = CARTESIAN_POINT ( 'NONE',  ( 2.350011161449477193, 19.04687499829300990, 2.350011161449478081 ) ) ;
#3308 = CARTESIAN_POINT ( 'NONE',  ( -6.105019192434541011E-16, 14.82812499829300634, 3.323417656250000185 ) ) ;
#3309 = CARTESIAN_POINT ( 'NONE',  ( -3.323417656250000185, 16.07812499829300990, -4.070012794956361332E-16 ) ) ;
#3310 = CARTESIAN_POINT ( 'NONE',  ( 2.014476076454358555, 13.29152864926368061, 3.495145464399188828 ) ) ;
#3311 = CARTESIAN_POINT ( 'NONE',  ( 0.000000000000000000, 10.49999999999999822, 0.000000000000000000 ) ) ;
#3312 = EDGE_CURVE ( 'NONE', #3424, #2068, #1698, .T. ) ;
#3313 = CARTESIAN_POINT ( 'NONE',  ( 3.495145890408040135, 19.64531263131183891, 2.014475337322551241 ) ) ;
#3314 = CARTESIAN_POINT ( 'NONE',  ( 1.376604666648955089, 13.18749999829300634, -3.323417656249999741 ) ) ;
#3315 = DIRECTION ( 'NONE',  ( 0.000000000000000000, 1.000000000000000000, 0.000000000000000000 ) ) ;
#3316 = CIRCLE ( 'NONE', #354, 0.5000000000000004441 ) ;
#3317 = CARTESIAN_POINT ( 'NONE',  ( -4.507059494062498395, 20.16037406460786130, 1.866885168863106736 ) ) ;
#3318 = CARTESIAN_POINT ( 'NONE',  ( 3.999999999999999112, 12.17187499999999822, 1.656854249492383246 ) ) ;
#3319 = VERTEX_POINT ( 'NONE', #3484 ) ;
#3320 = EDGE_CURVE ( 'NONE', #216, #516, #2420, .T. ) ;
#3321 = VECTOR ( 'NONE', #2650, 1000.000000000000000 ) ;
#3322 = CARTESIAN_POINT ( 'NONE',  ( 4.000000000000000000, 22.25000000000000000, 0.000000000000000000 ) ) ;
#3323 = CYLINDRICAL_SURFACE ( 'NONE', #869, 4.000000000000000000 ) ;
#3324 = DIRECTION ( 'NONE',  ( 0.000000000000000000, 0.000000000000000000, -1.000000000000000000 ) ) ;
#3325 = AXIS2_PLACEMENT_3D ( 'NONE', #1031, #3014, #3324 ) ;
#3326 = CARTESIAN_POINT ( 'NONE',  ( -1.376604666648957087, 19.74999999829300634, 3.323417656249999297 ) ) ;
#3327 = CYLINDRICAL_SURFACE ( 'NONE', #71, 4.000000000000000000 ) ;
#3328 = ORIENTED_EDGE ( 'NONE', *, *, #1161, .F. ) ;
#3329 = CARTESIAN_POINT ( 'NONE',  ( -3.323417656249999741, 20.99999999829300634, -1.376604666648955311 ) ) ;
#3330 = CARTESIAN_POINT ( 'NONE',  ( 3.323417656250000185, 16.70312499829300634, 0.000000000000000000 ) ) ;
#3331 = CARTESIAN_POINT ( 'NONE',  ( 2.350011161449477193, 17.48437499829300634, 2.350011161449478081 ) ) ;
#3332 = CARTESIAN_POINT ( 'NONE',  ( -1.656854249492382580, 19.20312499658601979, 3.999999999999999112 ) ) ;
#3333 = CARTESIAN_POINT ( 'NONE',  ( 0.000000000000000000, 28.00000000000000000, 0.000000000000000000 ) ) ;
#3334 = DIRECTION ( 'NONE',  ( -0.000000000000000000, -1.000000000000000000, -0.000000000000000000 ) ) ;
#3335 = CARTESIAN_POINT ( 'NONE',  ( 3.323417656249998853, 12.87499999829300634, 1.376604666648957087 ) ) ;
#3336 = CARTESIAN_POINT ( 'NONE',  ( 1.765635048913257510, 11.00000000000000178, -4.037318736430287380 ) ) ;
#3337 =( BOUNDED_CURVE ( )  B_SPLINE_CURVE ( 2, ( #1837, #3239, #2687, #394, #3558, #1545, #415, #2101, #963 ),
 .UNSPECIFIED., .F., .F. ) 
 B_SPLINE_CURVE_WITH_KNOTS ( ( 3, 2, 2, 2, 3 ),
 ( 0.3605661242127815025, 0.3725850140028032498, 0.3846038854222484926, 0.3966227568416937355, 0.4086416583430906302 ),
 .UNSPECIFIED. ) 
 CURVE ( )  GEOMETRIC_REPRESENTATION_ITEM ( )  RATIONAL_B_SPLINE_CURVE ( ( 1.000000000000000000, 0.9238795325112867385, 1.000000000000000000, 0.9238795325112867385, 1.000000000000000000, 0.9238795325112867385, 1.000000000000000000, 0.9238795325112867385, 1.000000000000000000 ) ) 
 REPRESENTATION_ITEM ( '' )  );
#3338 = CARTESIAN_POINT ( 'NONE',  ( 0.000000000000000000, 11.50000000000000000, 8.125000000000000000 ) ) ;
#3339 = CARTESIAN_POINT ( 'NONE',  ( 1.376604666648955755, 23.65624999829300634, 3.323417656249999297 ) ) ;
#3340 = CARTESIAN_POINT ( 'NONE',  ( 1.594869928856885277, 11.01083484591083916, -4.098255895929393766 ) ) ;
#3341 = CARTESIAN_POINT ( 'NONE',  ( -4.000000000000000888, 19.20312500000000355, 1.656854249492379694 ) ) ;
#3342 = DIRECTION ( 'NONE',  ( -0.000000000000000000, -1.000000000000000000, -0.000000000000000000 ) ) ;
#3343 = DIRECTION ( 'NONE',  ( -0.000000000000000000, 1.000000000000000000, -0.000000000000000000 ) ) ;
#3344 = CARTESIAN_POINT ( 'NONE',  ( -6.105019192434541011E-16, 23.57812499829300990, 3.323417656250000185 ) ) ;
#3345 = FACE_OUTER_BOUND ( 'NONE', #578, .T. ) ;
#3346 = ORIENTED_EDGE ( 'NONE', *, *, #888, .F. ) ;
#3347 = CARTESIAN_POINT ( 'NONE',  ( -2.350011161449477193, 22.17187499829300990, -2.350011161449477637 ) ) ;
#3348 = CARTESIAN_POINT ( 'NONE',  ( 1.376604666648955089, 14.43749999829300812, -3.323417656249999741 ) ) ;
#3349 = CARTESIAN_POINT ( 'NONE',  ( -2.350011161449478081, 15.92187499829300634, 2.350011161449477193 ) ) ;
#3350 = CARTESIAN_POINT ( 'NONE',  ( 1.376604666648955755, 14.90624999829300634, 3.323417656249999297 ) ) ;
#3351 = VECTOR ( 'NONE', #3661, 1000.000000000000000 ) ;
#3352 = CARTESIAN_POINT ( 'NONE',  ( 2.014475485142709132, 17.45794437519709419, -3.495145805209865841 ) ) ;
#3353 = CARTESIAN_POINT ( 'NONE',  ( 4.898587196589412829E-16, 24.00000000000000000, 4.000000000000000000 ) ) ;
#3354 = CARTESIAN_POINT ( 'NONE',  ( 3.323417656249999741, 14.28124999829300990, -1.376604666648954867 ) ) ;
#3355 = CARTESIAN_POINT ( 'NONE',  ( 2.202242562736933973, 11.00000000000000000, -3.769281195356474878 ) ) ;
#3356 = CARTESIAN_POINT ( 'NONE',  ( 2.759777991485163594E-16, 23.51974906460786130, -4.507059494062498395 ) ) ;
#3357 = CARTESIAN_POINT ( 'NONE',  ( -6.105019192434541011E-16, 22.32812499829300990, 3.323417656250000185 ) ) ;
#3358 = CARTESIAN_POINT ( 'NONE',  ( -2.014476287634422658, 16.41634044371379986, -3.495145342682578260 ) ) ;
#3359 = CARTESIAN_POINT ( 'NONE',  ( -4.000000000000000888, 21.70312500000000000, 1.656854249492379694 ) ) ;
#3360 = CARTESIAN_POINT ( 'NONE',  ( -3.049476705893070960, 11.48344308793158675, -2.608090146480443128 ) ) ;
#3361 = CARTESIAN_POINT ( 'NONE',  ( 2.350011161449477193, 12.79687499829300634, 2.350011161449478081 ) ) ;
#3362 = CARTESIAN_POINT ( 'NONE',  ( -3.495145427883782574, 14.22897218759875670, 2.014476139809116439 ) ) ;
#3363 = ORIENTED_EDGE ( 'NONE', *, *, #487, .F. ) ;
#3364 = CARTESIAN_POINT ( 'NONE',  ( -3.323417656250000185, 21.07812499829300634, -4.070012794956361332E-16 ) ) ;
#3365 = CARTESIAN_POINT ( 'NONE',  ( 2.350011161449477637, 19.35937499829300990, -2.350011161449477637 ) ) ;
#3366 = CARTESIAN_POINT ( 'NONE',  ( -1.376604666648954867, 15.53124999829300634, -3.323417656249999741 ) ) ;
#3367 = CARTESIAN_POINT ( 'NONE',  ( 3.323417656249998853, 20.06249999829301345, 1.376604666648957087 ) ) ;
#3368 = EDGE_CURVE ( 'NONE', #893, #3528, #152, .T. ) ;
#3369 = CARTESIAN_POINT ( 'NONE',  ( 3.495145452227353289, 13.60400982870870834, -2.014476097572669211 ) ) ;
#3370 = FACE_OUTER_BOUND ( 'NONE', #551, .T. ) ;
#3371 = CARTESIAN_POINT ( 'NONE',  ( -4.000000000000000000, 21.39062499658601624, -1.656854249492381248 ) ) ;
#3372 = CARTESIAN_POINT ( 'NONE',  ( -3.323417656250001517, 13.65624999829300990, 1.376604666648954201 ) ) ;
#3373 = CARTESIAN_POINT ( 'NONE',  ( 1.656854249492381248, 21.85937499658601624, 3.999999999999999112 ) ) ;
#3374 = CARTESIAN_POINT ( 'NONE',  ( -2.350011161449478081, 13.73437499829300812, 2.350011161449477193 ) ) ;
#3375 = CARTESIAN_POINT ( 'NONE',  ( 2.035006397478180666E-16, 21.70312499829300634, -3.323417656250000185 ) ) ;
#3376 = CARTESIAN_POINT ( 'NONE',  ( 0.6438056885943949093, 11.24071186619438834, -4.032762598950431432 ) ) ;
#3377 = CARTESIAN_POINT ( 'NONE',  ( -1.656854249492380360, 12.48437499658601801, -4.000000000000000000 ) ) ;
#3378 = VECTOR ( 'NONE', #94, 1000.000000000000000 ) ;
#3379 = EDGE_LOOP ( 'NONE', ( #3563, #2558, #1766, #820 ) ) ;
#3380 = CARTESIAN_POINT ( 'NONE',  ( -1.656854249492382580, 23.10937500000000711, 3.999999999999999112 ) ) ;
#3381 = DIRECTION ( 'NONE',  ( 0.000000000000000000, 0.000000000000000000, 1.000000000000000000 ) ) ;
#3382 = FACE_OUTER_BOUND ( 'NONE', #328, .T. ) ;
#3383 = CARTESIAN_POINT ( 'NONE',  ( -1.376604666648957087, 12.56249999829300812, 3.323417656249999297 ) ) ;
#3384 = CIRCLE ( 'NONE', #1146, 0.5000000000000004441 ) ;
#3385 = VERTEX_POINT ( 'NONE', #3435 ) ;
#3386 = FACE_OUTER_BOUND ( 'NONE', #1800, .T. ) ;
#3387 = CARTESIAN_POINT ( 'NONE',  ( -6.105019192434541011E-16, 18.57812499829300990, 3.323417656250000185 ) ) ;
#3388 = CARTESIAN_POINT ( 'NONE',  ( 3.198667482414578433, 13.36964894412493798, 2.458186733521427580 ) ) ;
#3389 = EDGE_CURVE ( 'NONE', #912, #3737, #503, .T. ) ;
#3390 = CYLINDRICAL_SURFACE ( 'NONE', #174, 4.000000000000000000 ) ;
#3391 = ADVANCED_FACE ( 'NONE', ( #1965 ), #1335, .T. ) ;
#3392 = LINE ( 'NONE', #3353, #379 ) ;
#3393 = ORIENTED_EDGE ( 'NONE', *, *, #2419, .T. ) ;
#3394 = CARTESIAN_POINT ( 'NONE',  ( 3.323417656249999741, 11.78124999829300990, -1.376604666648954867 ) ) ;
#3395 = CARTESIAN_POINT ( 'NONE',  ( -2.828427124746189847, 20.06249999658601624, -2.828427124746190291 ) ) ;
#3396 = CARTESIAN_POINT ( 'NONE',  ( 3.323417656249998853, 14.12499999829300634, 1.376604666648957087 ) ) ;
#3397 = CARTESIAN_POINT ( 'NONE',  ( -2.828427124746190735, 16.78124999999999645, 2.828427124746189847 ) ) ;
#3398 = CARTESIAN_POINT ( 'NONE',  ( -0.07223573913105675592, 24.00000000000003553, 3.522136594959894840 ) ) ;
#3399 = EDGE_LOOP ( 'NONE', ( #3635, #2165, #1424 ) ) ;
#3400 = CARTESIAN_POINT ( 'NONE',  ( 1.866885168863108069, 14.22287406460786308, 4.507059494062497507 ) ) ;
#3401 = CARTESIAN_POINT ( 'NONE',  ( 2.350011161449477637, 14.04687499829300812, -2.350011161449477637 ) ) ;
#3402 = VERTEX_POINT ( 'NONE', #2204 ) ;
#3403 = CARTESIAN_POINT ( 'NONE',  ( 0.000000000000000000, 9.500000000000000000, -16.00000000000000000 ) ) ;
#3404 = CARTESIAN_POINT ( 'NONE',  ( 2.350011161449477193, 21.54687499829300634, 2.350011161449478081 ) ) ;
#3405 = CARTESIAN_POINT ( 'NONE',  ( -6.105019192434541011E-16, 21.07812499829300634, 3.323417656250000185 ) ) ;
#3406 = AXIS2_PLACEMENT_3D ( 'NONE', #1824, #2979, #2417 ) ;
#3407 = CARTESIAN_POINT ( 'NONE',  ( 2.828427124746190291, 18.49999999658601979, -2.828427124746190291 ) ) ;
#3408 = CARTESIAN_POINT ( 'NONE',  ( 0.5235997201565933956, 23.21280609664144023, 3.999999876621105344 ) ) ;
#3409 = ORIENTED_EDGE ( 'NONE', *, *, #1740, .F. ) ;
#3410 = EDGE_CURVE ( 'NONE', #2877, #933, #1169, .T. ) ;
#3411 = CARTESIAN_POINT ( 'NONE',  ( 4.898587196589412829E-16, 24.00000000000000000, 4.000000000000000000 ) ) ;
#3412 = FACE_OUTER_BOUND ( 'NONE', #2909, .T. ) ;
#3413 = CARTESIAN_POINT ( 'NONE',  ( 2.828427124746190291, 13.65625000000000000, -2.828427124746190291 ) ) ;
#3414 = DIRECTION ( 'NONE',  ( 0.000000000000000000, 0.000000000000000000, 1.000000000000000000 ) ) ;
#3415 = CARTESIAN_POINT ( 'NONE',  ( -1.656854249492382580, 16.70312499658601624, 3.999999999999999112 ) ) ;
#3416 = ADVANCED_FACE ( 'NONE', ( #1923 ), #498, .F. ) ;
#3417 = ORIENTED_EDGE ( 'NONE', *, *, #398, .F. ) ;
#3418 = CARTESIAN_POINT ( 'NONE',  ( 1.866885168863108069, 12.97287406460786130, 4.507059494062497507 ) ) ;
#3419 = DIRECTION ( 'NONE',  ( 0.000000000000000000, -1.000000000000000000, 0.000000000000000000 ) ) ;
#3420 = CARTESIAN_POINT ( 'NONE',  ( 1.376604666648955089, 11.62499999829300634, -3.323417656249999741 ) ) ;
#3421 = CARTESIAN_POINT ( 'NONE',  ( 0.000000000000000000, 24.00000000000000000, 0.000000000000000000 ) ) ;
#3422 = CARTESIAN_POINT ( 'NONE',  ( 3.999999987345026486, 12.27596481606730272, -0.5235988742892471182 ) ) ;
#3423 = B_SPLINE_CURVE_WITH_KNOTS ( 'NONE', 3,
 ( #3565, #1807, #1843, #891, #2960, #2396, #868, #3545, #1253, #86, #299, #277, #968, #2994, #1720, #2123, #661, #953 ),
 .UNSPECIFIED., .F., .F.,
 ( 4, 2, 2, 2, 2, 2, 2, 2, 4 ),
 ( 0.8413459765402756529, 0.8473555906584190334, 0.8533652047765624138, 0.8593748188947057942, 0.8653844330128490636, 0.8713940471309924440, 0.8774036612491358245, 0.8834132753672792049, 0.8894228894854225853 ),
 .UNSPECIFIED. ) ;
#3424 = VERTEX_POINT ( 'NONE', #1694 ) ;
#3425 = CARTESIAN_POINT ( 'NONE',  ( -2.350011161449478081, 19.67187499829300990, 2.350011161449477193 ) ) ;
#3426 = CARTESIAN_POINT ( 'NONE',  ( -2.350011161449477193, 13.10937499829300812, -2.350011161449477637 ) ) ;
#3427 = ORIENTED_EDGE ( 'NONE', *, *, #644, .T. ) ;
#3428 = CARTESIAN_POINT ( 'NONE',  ( -6.105019192434541011E-16, 13.89062499829300812, 3.323417656250000185 ) ) ;
#3429 = CARTESIAN_POINT ( 'NONE',  ( 2.828427124746189403, 15.84375000000000000, 2.828427124746190735 ) ) ;
#3430 = CARTESIAN_POINT ( 'NONE',  ( -1.070423204903668245E-07, 12.40625017307097089, -3.999999999999998224 ) ) ;
#3431 = CARTESIAN_POINT ( 'NONE',  ( -4.000000000000000000, 17.71874999658601268, -4.898587196589412829E-16 ) ) ;
#3432 = VERTEX_POINT ( 'NONE', #2851 ) ;
#3433 = CARTESIAN_POINT ( 'NONE',  ( 4.507059494062497507, 14.53537406460786130, -1.866885168863107181 ) ) ;
#3434 = CARTESIAN_POINT ( 'NONE',  ( 7.116090318405943259E-06, 16.31233968005350832, -3.999999999986588062 ) ) ;
#3435 = CARTESIAN_POINT ( 'NONE',  ( 9.337931843498568852E-16, 28.00000000000000000, 7.625000000000000000 ) ) ;
#3436 = CARTESIAN_POINT ( 'NONE',  ( 1.046991423760724738, 12.51032570065108374, -3.895890737493631573 ) ) ;
#3437 = ADVANCED_FACE ( 'NONE', ( #3710, #3073 ), #252, .T. ) ;
#3438 = EDGE_LOOP ( 'NONE', ( #3305, #1, #840, #2121 ) ) ;
#3439 = CARTESIAN_POINT ( 'NONE',  ( 3.323417656250000185, 19.20312499829300634, 0.000000000000000000 ) ) ;
#3440 = TOROIDAL_SURFACE ( 'NONE', #907, 15.50000000000000000, 0.5000000000000000000 ) ;
#3441 = CARTESIAN_POINT ( 'NONE',  ( -1.376604666648956865, 20.99999999829300634, 3.323417656249998853 ) ) ;
#3442 = CIRCLE ( 'NONE', #2107, 16.00000000000000000 ) ;
#3443 = CARTESIAN_POINT ( 'NONE',  ( 0.000000000000000000, 11.50000000000000000, 0.000000000000000000 ) ) ;
#3444 = AXIS2_PLACEMENT_3D ( 'NONE', #2731, #1902, #1351 ) ;
#3445 = CARTESIAN_POINT ( 'NONE',  ( -1.376604666648957087, 12.24999999829300812, 3.323417656249999297 ) ) ;
#3446 = ORIENTED_EDGE ( 'NONE', *, *, #158, .F. ) ;
#3447 = DIRECTION ( 'NONE',  ( 0.000000000000000000, 0.000000000000000000, 1.000000000000000000 ) ) ;
#3448 = CARTESIAN_POINT ( 'NONE',  ( -3.323417656250001517, 13.65624999829300990, 1.376604666648954201 ) ) ;
#3449 = CARTESIAN_POINT ( 'NONE',  ( -2.350011161449478081, 21.23437499829300634, 2.350011161449477193 ) ) ;
#3450 = CARTESIAN_POINT ( 'NONE',  ( 1.656854249492381026, 12.48437500000000178, -4.000000000000000000 ) ) ;
#3451 = CARTESIAN_POINT ( 'NONE',  ( 9.950255243072246565E-16, 11.50000000000000000, -8.125000000000000000 ) ) ;
#3452 = CARTESIAN_POINT ( 'NONE',  ( 1.656854249492381026, 18.57812499658601624, -4.000000000000000000 ) ) ;
#3453 = ORIENTED_EDGE ( 'NONE', *, *, #1437, .T. ) ;
#3454 = EDGE_CURVE ( 'NONE', #2518, #3132, #2077, .T. ) ;
#3455 = CARTESIAN_POINT ( 'NONE',  ( 2.759777991485163594E-16, 11.01974906460786308, -4.507059494062498395 ) ) ;
#3456 = CARTESIAN_POINT ( 'NONE',  ( 2.350011161449477637, 15.29687499829300812, -2.350011161449477637 ) ) ;
#3457 = CARTESIAN_POINT ( 'NONE',  ( -1.376604666648954867, 13.34374999829300812, -3.323417656249999741 ) ) ;
#3458 = VERTEX_POINT ( 'NONE', #579 ) ;
#3459 = EDGE_CURVE ( 'NONE', #84, #3149, #617, .T. ) ;
#3460 = CARTESIAN_POINT ( 'NONE',  ( 4.000000037964403177, 14.72373405505336663, 0.5235984875855653753 ) ) ;
#3461 =( BOUNDED_CURVE ( )  B_SPLINE_CURVE ( 2, ( #392, #1226, #58, #3254, #981, #1243, #2116, #961, #1283 ),
 .UNSPECIFIED., .F., .T. ) 
 B_SPLINE_CURVE_WITH_KNOTS ( ( 3, 2, 2, 2, 3 ),
 ( 0.2163397139238032452, 0.2283585569694600304, 0.2403774283889053009, 0.2523962998083505993, 0.2644151646385514143 ),
 .UNSPECIFIED. ) 
 CURVE ( )  GEOMETRIC_REPRESENTATION_ITEM ( )  RATIONAL_B_SPLINE_CURVE ( ( 1.000000000000000000, 0.9238795325112867385, 1.000000000000000000, 0.9238795325112867385, 1.000000000000000000, 0.9238795325112867385, 1.000000000000000000, 0.9238795325112867385, 1.000000000000000000 ) ) 
 REPRESENTATION_ITEM ( '' )  );
#3462 = CARTESIAN_POINT ( 'NONE',  ( -2.534977629170342972, 24.37422029197850648, -2.165044693728612302 ) ) ;
#3463 = ORIENTED_EDGE ( 'NONE', *, *, #3573, .F. ) ;
#3464 = FACE_OUTER_BOUND ( 'NONE', #1619, .T. ) ;
#3465 = AXIS2_PLACEMENT_3D ( 'NONE', #571, #2619, #836 ) ;
#3466 = CARTESIAN_POINT ( 'NONE',  ( 1.408343819019456176E-15, 10.50000000000000000, -11.50000000000000000 ) ) ;
#3467 = CARTESIAN_POINT ( 'NONE',  ( -6.105019192434541011E-16, 12.32812499829300634, 3.323417656250000185 ) ) ;
#3468 = CARTESIAN_POINT ( 'NONE',  ( 1.656854249492381026, 13.73437500000000178, -4.000000000000000000 ) ) ;
#3469 = CARTESIAN_POINT ( 'NONE',  ( 4.000000000000000000, 20.92187499658601268, -1.656854249492380582 ) ) ;
#3470 = CIRCLE ( 'NONE', #1589, 15.50000000000000000 ) ;
#3471 = CARTESIAN_POINT ( 'NONE',  ( -1.656854249492382580, 15.45312499658601624, 3.999999999999999112 ) ) ;
#3472 = CARTESIAN_POINT ( 'NONE',  ( -1.376604666648954867, 24.59374999829300634, -3.323417656249999741 ) ) ;
#3473 = ORIENTED_EDGE ( 'NONE', *, *, #3248, .F. ) ;
#3474 = CARTESIAN_POINT ( 'NONE',  ( 1.656854249492381026, 23.73437500000000355, -4.000000000000000000 ) ) ;
#3475 = CARTESIAN_POINT ( 'NONE',  ( -3.323417656250000185, 14.51562499829300812, -4.070012794956361332E-16 ) ) ;
#3476 = CARTESIAN_POINT ( 'NONE',  ( 4.000000000000000000, 12.09374999658601624, 0.000000000000000000 ) ) ;
#3477 = ORIENTED_EDGE ( 'NONE', *, *, #973, .F. ) ;
#3478 = CARTESIAN_POINT ( 'NONE',  ( 3.895890629948584039, 14.80185434991462223, -1.046991823939401600 ) ) ;
#3479 = EDGE_CURVE ( 'NONE', #1860, #3653, #2189, .T. ) ;
#3480 = CARTESIAN_POINT ( 'NONE',  ( 3.895890554037741982, 18.55162850325449142, -1.046992106406034795 ) ) ;
#3481 = CARTESIAN_POINT ( 'NONE',  ( -1.376604666648954867, 18.34374999829300634, -3.323417656249999741 ) ) ;
#3482 =( BOUNDED_CURVE ( )  B_SPLINE_CURVE ( 2, ( #1058, #1642, #485, #1932, #792, #1414, #3407, #3699, #3079 ),
 .UNSPECIFIED., .F., .T. ) 
 B_SPLINE_CURVE_WITH_KNOTS ( ( 3, 2, 2, 2, 3 ),
 ( 0.4567171401801324304, 0.4687359853583653591, 0.4807548567778106574, 0.4927737281972559003, 0.5047926019426602906 ),
 .UNSPECIFIED. ) 
 CURVE ( )  GEOMETRIC_REPRESENTATION_ITEM ( )  RATIONAL_B_SPLINE_CURVE ( ( 1.000000000000000000, 0.9238795325112867385, 1.000000000000000000, 0.9238795325112867385, 1.000000000000000000, 0.9238795325112867385, 1.000000000000000000, 0.9238795325112867385, 1.000000000000000000 ) ) 
 REPRESENTATION_ITEM ( '' )  );
#3483 = CARTESIAN_POINT ( 'NONE',  ( 0.000000000000000000, 11.00000000000000000, 0.000000000000000000 ) ) ;
#3484 = CARTESIAN_POINT ( 'NONE',  ( 1.928818708657081344E-15, 10.00000000000000000, -15.50000000000000000 ) ) ;
#3485 = EDGE_CURVE ( 'NONE', #1613, #2614, #2261, .T. ) ;
#3486 = ORIENTED_EDGE ( 'NONE', *, *, #2762, .T. ) ;
#3487 = FACE_OUTER_BOUND ( 'NONE', #2974, .T. ) ;
#3488 = CARTESIAN_POINT ( 'NONE',  ( -8.249490433370778810E-07, 15.53123212034920719, 3.999999999999824141 ) ) ;
#3489 = CARTESIAN_POINT ( 'NONE',  ( 2.350011161449477193, 24.04687499829300634, 2.350011161449478081 ) ) ;
#3490 = CARTESIAN_POINT ( 'NONE',  ( 2.449293598294706414E-16, 17.56250000000000000, -4.000000000000000000 ) ) ;
#3491 = DIRECTION ( 'NONE',  ( 0.000000000000000000, 1.000000000000000000, 0.000000000000000000 ) ) ;
#3492 = CARTESIAN_POINT ( 'NONE',  ( -1.656854249492380360, 18.73437499658602334, -4.000000000000000000 ) ) ;
#3493 = CARTESIAN_POINT ( 'NONE',  ( -4.000000000000000000, 23.98396811443567245, 0.3227418013245647033 ) ) ;
#3494 = ORIENTED_EDGE ( 'NONE', *, *, #3296, .T. ) ;
#3495 = CARTESIAN_POINT ( 'NONE',  ( 4.507059494062497507, 19.37912406460786130, 1.866885168863110067 ) ) ;
#3496 = CARTESIAN_POINT ( 'NONE',  ( 1.376604666648955089, 19.12499999829300634, -3.323417656249999741 ) ) ;
#3497 = ORIENTED_EDGE ( 'NONE', *, *, #1354, .F. ) ;
#3498 = CARTESIAN_POINT ( 'NONE',  ( -9.627662652800102026E-06, 18.18728309654232689, 3.999999999975450304 ) ) ;
#3499 = TOROIDAL_SURFACE ( 'NONE', #294, 3.624999999999999556, 4.000000000000000000 ) ;
#3500 = CARTESIAN_POINT ( 'NONE',  ( -3.198667868571505313, 21.49415960969439965, -2.458186231042148506 ) ) ;
#3501 = ORIENTED_EDGE ( 'NONE', *, *, #287, .T. ) ;
#3502 = CARTESIAN_POINT ( 'NONE',  ( -4.000000000000000888, 12.79687499658601624, 1.656854249492379694 ) ) ;
#3503 = CARTESIAN_POINT ( 'NONE',  ( 2.828427124746190291, 23.49999999658601624, -2.828427124746190291 ) ) ;
#3504 = CARTESIAN_POINT ( 'NONE',  ( 2.035006397478180666E-16, 24.51562499829300990, -3.323417656250000185 ) ) ;
#3505 = CARTESIAN_POINT ( 'NONE',  ( -1.070423204903668245E-07, 12.40625017307097089, -3.999999999999998224 ) ) ;
#3506 = CARTESIAN_POINT ( 'NONE',  ( 2.828427124746189403, 19.43749999658601624, 2.828427124746190735 ) ) ;
#3507 = LINE ( 'NONE', #217, #774 ) ;
#3508 = EDGE_LOOP ( 'NONE', ( #2439, #1052, #3747, #2140 ) ) ;
#3509 = CARTESIAN_POINT ( 'NONE',  ( -4.507059494062498395, 18.91037406460786485, 1.866885168863106736 ) ) ;
#3510 = CARTESIAN_POINT ( 'NONE',  ( -6.105019192434541011E-16, 17.32812499829300634, 3.323417656250000185 ) ) ;
#3511 = ORIENTED_EDGE ( 'NONE', *, *, #1830, .T. ) ;
#3512 = CARTESIAN_POINT ( 'NONE',  ( -1.376604666648957087, 23.81249999829300990, 3.323417656249999297 ) ) ;
#3513 = CARTESIAN_POINT ( 'NONE',  ( 2.350011161449477193, 23.73437499829300634, 2.350011161449478081 ) ) ;
#3514 = CARTESIAN_POINT ( 'NONE',  ( -2.350011161449477193, 17.17187499829300634, -2.350011161449477637 ) ) ;
#3515 = ORIENTED_EDGE ( 'NONE', *, *, #2207, .F. ) ;
#3516 = CARTESIAN_POINT ( 'NONE',  ( -3.235829688289682871, 23.99980829853339159, -2.350925020703792168 ) ) ;
#3517 = FACE_OUTER_BOUND ( 'NONE', #1206, .T. ) ;
#3518 = CARTESIAN_POINT ( 'NONE',  ( -3.323417656250001517, 17.09374999829300990, 1.376604666648954201 ) ) ;
#3519 = EDGE_CURVE ( 'NONE', #850, #595, #872, .T. ) ;
#3520 = FACE_OUTER_BOUND ( 'NONE', #2906, .T. ) ;
#3521 = CARTESIAN_POINT ( 'NONE',  ( 1.656854249492381026, 19.82812499658601624, -4.000000000000000000 ) ) ;
#3522 = EDGE_CURVE ( 'NONE', #1189, #1480, #1832, .T. ) ;
#3523 = CARTESIAN_POINT ( 'NONE',  ( 4.000000000000000000, 13.34374999658601446, 0.000000000000000000 ) ) ;
#3524 = AXIS2_PLACEMENT_3D ( 'NONE', #877, #1138, #1727 ) ;
#3525 = ORIENTED_EDGE ( 'NONE', *, *, #2466, .T. ) ;
#3526 = CARTESIAN_POINT ( 'NONE',  ( -1.866885168863107181, 14.84787406460786308, -4.507059494062497507 ) ) ;
#3527 = CARTESIAN_POINT ( 'NONE',  ( 2.350011161449477637, 19.04687499829300990, -2.350011161449477637 ) ) ;
#3528 = VERTEX_POINT ( 'NONE', #2179 ) ;
#3529 = CARTESIAN_POINT ( 'NONE',  ( 2.350011161449477637, 22.79687499829300634, -2.350011161449477637 ) ) ;
#3530 = CARTESIAN_POINT ( 'NONE',  ( 2.350011161449477193, 17.79687499829300634, 2.350011161449478081 ) ) ;
#3531 = AXIS2_PLACEMENT_3D ( 'NONE', #3054, #2481, #442 ) ;
#3532 = CIRCLE ( 'NONE', #735, 8.125000000000000000 ) ;
#3533 = CARTESIAN_POINT ( 'NONE',  ( 3.323417656249999741, 15.53124999829300634, -1.376604666648954867 ) ) ;
#3534 = CARTESIAN_POINT ( 'NONE',  ( -2.331822170028546637, 23.99999999999995737, -3.136954525309558761 ) ) ;
#3535 = DIRECTION ( 'NONE',  ( 1.224646799147353454E-16, 0.000000000000000000, -1.000000000000000000 ) ) ;
#3536 = CARTESIAN_POINT ( 'NONE',  ( 3.323417656249999741, 12.71874999829300634, -1.376604666648954867 ) ) ;
#3537 = CARTESIAN_POINT ( 'NONE',  ( 2.458187409956083869, 19.56719233645060640, 3.198666962572129790 ) ) ;
#3538 = CARTESIAN_POINT ( 'NONE',  ( -4.000000000000000000, 20.21874999658601624, -4.898587196589412829E-16 ) ) ;
#3539 = CARTESIAN_POINT ( 'NONE',  ( 0.000000000000000000, 32.00000000000000000, -7.625000000000000000 ) ) ;
#3540 = CARTESIAN_POINT ( 'NONE',  ( -3.186972331462802455, 18.67599906460785775, -3.186972331462802899 ) ) ;
#3541 = CARTESIAN_POINT ( 'NONE',  ( -3.323417656250000185, 19.51562499829300634, -4.070012794956361332E-16 ) ) ;
#3542 = DIRECTION ( 'NONE',  ( 0.000000000000000000, 0.000000000000000000, 1.000000000000000000 ) ) ;
#3543 = EDGE_LOOP ( 'NONE', ( #2632, #254, #1231, #2045, #1776, #966 ) ) ;
#3544 = CARTESIAN_POINT ( 'NONE',  ( -3.930278340823502692, 11.57290725478115156, -1.044118445758725144 ) ) ;
#3545 = CARTESIAN_POINT ( 'NONE',  ( 3.895890933595001382, 22.19724226344547091, 1.046990694060471405 ) ) ;
#3546 = CARTESIAN_POINT ( 'NONE',  ( 1.376604666648955755, 22.40624999829300634, 3.323417656249999741 ) ) ;
#3547 = B_SPLINE_CURVE_WITH_KNOTS ( 'NONE', 1,
 ( #3757, #2306 ),
 .UNSPECIFIED., .F., .F.,
 ( 2, 2 ),
 ( 0.000000000000000000, 1.000000000000000000 ),
 .UNSPECIFIED. ) ;
#3548 = CARTESIAN_POINT ( 'NONE',  ( 0.5235979800665464534, 21.28583882339778199, -4.000000104398401923 ) ) ;
#3549 = CARTESIAN_POINT ( 'NONE',  ( -3.323417656250000185, 17.32812499829300634, -4.070012794956361332E-16 ) ) ;
#3550 = CARTESIAN_POINT ( 'NONE',  ( -3.323417656250001517, 18.65624999829300634, 1.376604666648954645 ) ) ;
#3551 = CARTESIAN_POINT ( 'NONE',  ( 2.350011161449477193, 16.54687499829300634, 2.350011161449478081 ) ) ;
#3552 = AXIS2_PLACEMENT_3D ( 'NONE', #1101, #1936, #2800 ) ;
#3553 = CARTESIAN_POINT ( 'NONE',  ( 1.147171001554065484, 23.99999999999999289, -3.387110985411263542 ) ) ;
#3554 = CARTESIAN_POINT ( 'NONE',  ( 3.895890832383951174, 17.19754339232627416, 1.046991070670502788 ) ) ;
#3555 = CARTESIAN_POINT ( 'NONE',  ( -2.350011161449478081, 15.92187499829300634, 2.350011161449477193 ) ) ;
#3556 = CARTESIAN_POINT ( 'NONE',  ( -1.130204737739835682E-05, 19.43724537420135690, 3.999999999966169284 ) ) ;
#3557 = CARTESIAN_POINT ( 'NONE',  ( 2.828427124746190291, 19.74999999658601624, -2.828427124746190291 ) ) ;
#3558 = CARTESIAN_POINT ( 'NONE',  ( 4.000000000000000000, 17.09374999658601624, 0.000000000000000000 ) ) ;
#3559 = TOROIDAL_SURFACE ( 'NONE', #1629, 4.500000000000000888, 0.5000000000000000000 ) ;
#3560 = CARTESIAN_POINT ( 'NONE',  ( 1.866885168863108069, 19.22287406460786485, 4.507059494062497507 ) ) ;
#3561 = CARTESIAN_POINT ( 'NONE',  ( -2.350011161449477193, 16.85937499829300634, -2.350011161449477637 ) ) ;
#3562 = CARTESIAN_POINT ( 'NONE',  ( 0.000000000000000000, 31.85000000000000497, 0.000000000000000000 ) ) ;
#3563 = ORIENTED_EDGE ( 'NONE', *, *, #913, .F. ) ;
#3564 = DIRECTION ( 'NONE',  ( 0.000000000000000000, 1.000000000000000000, 0.000000000000000000 ) ) ;
#3565 = CARTESIAN_POINT ( 'NONE',  ( -1.465082451937883558E-05, 21.93716992951895506, 3.999999999943151252 ) ) ;
#3566 = CARTESIAN_POINT ( 'NONE',  ( 2.035006397478180666E-16, 21.70312499829300634, -3.323417656250000185 ) ) ;
#3567 = CARTESIAN_POINT ( 'NONE',  ( -0.5235996718239465109, 22.58784373775161924, -3.999999882947848917 ) ) ;
#3568 = ADVANCED_FACE ( 'NONE', ( #1514 ), #3226, .T. ) ;
#3569 = CARTESIAN_POINT ( 'NONE',  ( 3.323417656250000185, 19.20312499829300634, 0.000000000000000000 ) ) ;
#3570 = CARTESIAN_POINT ( 'NONE',  ( -1.376604666648954867, 17.09374999829300990, -3.323417656249999741 ) ) ;
#3571 = CARTESIAN_POINT ( 'NONE',  ( 3.323417656249999297, 15.06249999829300812, 1.376604666648957087 ) ) ;
#3572 = CARTESIAN_POINT ( 'NONE',  ( -3.323417656250000185, 17.32812499829300634, -4.070012794956361332E-16 ) ) ;
#3573 = EDGE_CURVE ( 'NONE', #3737, #912, #3470, .T. ) ;
#3574 = CARTESIAN_POINT ( 'NONE',  ( 2.543949439716771899, 24.00000000000000000, -2.252739725023145123 ) ) ;
#3575 = CARTESIAN_POINT ( 'NONE',  ( 3.999999999999999112, 15.76562499658601801, 1.656854249492383024 ) ) ;
#3576 = CARTESIAN_POINT ( 'NONE',  ( 1.376604666648955089, 15.37499999829300990, -3.323417656249999741 ) ) ;
#3577 =( BOUNDED_CURVE ( )  B_SPLINE_CURVE ( 2, ( #2013, #1703, #3156, #2310, #281, #1433, #2598, #3761, #2032 ),
 .UNSPECIFIED., .F., .F. ) 
 B_SPLINE_CURVE_WITH_KNOTS ( ( 3, 2, 2, 2, 3 ),
 ( 0.7932455127033285480, 0.8052643851028328248, 0.8172832565222780676, 0.8293021279417233105, 0.8413210089089587784 ),
 .UNSPECIFIED. ) 
 CURVE ( )  GEOMETRIC_REPRESENTATION_ITEM ( )  RATIONAL_B_SPLINE_CURVE ( ( 1.000000000000000000, 0.9238795325112867385, 1.000000000000000000, 0.9238795325112867385, 1.000000000000000000, 0.9238795325112867385, 1.000000000000000000, 0.9238795325112867385, 1.000000000000000000 ) ) 
 REPRESENTATION_ITEM ( '' )  );
#3578 = DIRECTION ( 'NONE',  ( 0.000000000000000000, 1.000000000000000000, 0.000000000000000000 ) ) ;
#3579 = CARTESIAN_POINT ( 'NONE',  ( -4.000000000000000000, 22.64062499658601624, -1.656854249492381248 ) ) ;
#3580 = CARTESIAN_POINT ( 'NONE',  ( 0.000000000000000000, 11.00000000000000000, 0.000000000000000000 ) ) ;
#3581 = CARTESIAN_POINT ( 'NONE',  ( -3.186972331462803343, 20.23849906460786485, 3.186972331462802455 ) ) ;
#3582 = CARTESIAN_POINT ( 'NONE',  ( -4.000000000000000888, 11.70312500000000000, 1.656854249492379694 ) ) ;
#3583 = B_SPLINE_CURVE_WITH_KNOTS ( 'NONE', 3,
 ( #3498, #1756, #2942, #1809, #3229, #1735, #1167, #1217, #1149, #909, #3480, #368, #3170, #1501, #2059, #580, #1790, #2361 ),
 .UNSPECIFIED., .F., .F.,
 ( 4, 2, 2, 2, 2, 2, 2, 2, 4 ),
 ( 0.5528844988693667473, 0.5588941129875111269, 0.5649037271056553955, 0.5709133412237997751, 0.5769229553419440437, 0.5829325694600884233, 0.5889421835782326919, 0.5949517976963769605, 0.6009614118145213402 ),
 .UNSPECIFIED. ) ;
#3584 = DIRECTION ( 'NONE',  ( 0.000000000000000000, 0.000000000000000000, -1.000000000000000000 ) ) ;
#3585 = AXIS2_PLACEMENT_3D ( 'NONE', #1183, #31, #3244 ) ;
#3586 = EDGE_LOOP ( 'NONE', ( #3409, #1493, #724, #1147 ) ) ;
#3587 = CARTESIAN_POINT ( 'NONE',  ( 1.656854249492381026, 18.73437500000000000, -4.000000000000000000 ) ) ;
#3588 = CARTESIAN_POINT ( 'NONE',  ( 0.000000000000000000, 0.5000000000000004441, 0.000000000000000000 ) ) ;
#3589 = DIRECTION ( 'NONE',  ( 0.000000000000000000, 0.000000000000000000, 1.000000000000000000 ) ) ;
#3590 = CARTESIAN_POINT ( 'NONE',  ( -2.350011161449478081, 23.42187499829300634, 2.350011161449477193 ) ) ;
#3591 = DIRECTION ( 'NONE',  ( 0.000000000000000000, 0.000000000000000000, 1.000000000000000000 ) ) ;
#3592 = ORIENTED_EDGE ( 'NONE', *, *, #3151, .F. ) ;
#3593 = CARTESIAN_POINT ( 'NONE',  ( -1.376604666648954867, 19.59374999829300634, -3.323417656249999741 ) ) ;
#3594 = B_SPLINE_CURVE_WITH_KNOTS ( 'NONE', 3,
 ( #2730, #366, #3630, #1233, #681, #2976, #2675, #129, #67, #1291, #2457, #1251, #1884, #1312, #641, #3609, #2395, #1010 ),
 .UNSPECIFIED., .F., .F.,
 ( 4, 2, 2, 2, 2, 2, 2, 2, 4 ),
 ( 0.6971152377048267512, 0.7031248518229705757, 0.7091344659411144002, 0.7151440800592582248, 0.7211536941774020493, 0.7271633082955458738, 0.7331729224136896983, 0.7391825365318335228, 0.7451921506499773473 ),
 .UNSPECIFIED. ) ;
#3595 = EDGE_CURVE ( 'NONE', #222, #3458, #3594, .T. ) ;
#3596 = CARTESIAN_POINT ( 'NONE',  ( -6.105019192434541011E-16, 18.89062499829300990, 3.323417656250000185 ) ) ;
#3597 = CARTESIAN_POINT ( 'NONE',  ( 3.323417656250000185, 18.89062499829300634, 0.000000000000000000 ) ) ;
#3598 = CARTESIAN_POINT ( 'NONE',  ( -3.323417656250001517, 19.90624999829300634, 1.376604666648954201 ) ) ;
#3599 = CARTESIAN_POINT ( 'NONE',  ( 2.458186714194491529, 13.68213012356997105, -3.198667497267392523 ) ) ;
#3600 = CARTESIAN_POINT ( 'NONE',  ( 0.5235992368159918531, 16.96318250774253755, 3.999999939890348521 ) ) ;
#3601 = DIRECTION ( 'NONE',  ( 0.000000000000000000, 1.000000000000000000, 0.000000000000000000 ) ) ;
#3602 = CARTESIAN_POINT ( 'NONE',  ( 1.376604666648955755, 12.71874999829300812, 3.323417656249999297 ) ) ;
#3603 = CARTESIAN_POINT ( 'NONE',  ( 0.000000000000000000, 10.00000000000000000, 0.000000000000000000 ) ) ;
#3604 = CARTESIAN_POINT ( 'NONE',  ( 3.186972331462802899, 20.86349906460786485, -3.186972331462802899 ) ) ;
#3605 = CARTESIAN_POINT ( 'NONE',  ( -4.000000000000000000, 11.62500000000000000, -4.898587196589412829E-16 ) ) ;
#3606 = DIRECTION ( 'NONE',  ( 0.000000000000000000, 1.000000000000000000, 0.000000000000000000 ) ) ;
#3607 = CARTESIAN_POINT ( 'NONE',  ( 7.116090318405943259E-06, 16.31233968005350832, -3.999999999986588062 ) ) ;
#3608 = CARTESIAN_POINT ( 'NONE',  ( 2.828427124746190291, 19.90625000000000000, -2.828427124746190291 ) ) ;
#3609 = CARTESIAN_POINT ( 'NONE',  ( -1.046990811748979233, 20.63483636622083139, 3.895890901967124620 ) ) ;
#3610 = CARTESIAN_POINT ( 'NONE',  ( 4.000000050618864655, 15.97365877283338875, 0.5235983909125334623 ) ) ;
#3611 = CARTESIAN_POINT ( 'NONE',  ( -6.105019192434541011E-16, 19.82812499829300634, 3.323417656250000185 ) ) ;
#3612 = CARTESIAN_POINT ( 'NONE',  ( 4.000000000000000000, 11.50000000000000000, 0.000000000000000000 ) ) ;
#3613 = ORIENTED_EDGE ( 'NONE', *, *, #3640, .T. ) ;
#3614 = CARTESIAN_POINT ( 'NONE',  ( -2.350011161449478081, 19.98437499829300990, 2.350011161449477193 ) ) ;
#3615 = CARTESIAN_POINT ( 'NONE',  ( -6.105019192434541011E-16, 15.14062499829300812, 3.323417656250000185 ) ) ;
#3616 = CARTESIAN_POINT ( 'NONE',  ( 2.350011161449477637, 15.29687499829300812, -2.350011161449477637 ) ) ;
#3617 = CARTESIAN_POINT ( 'NONE',  ( -2.350011161449477193, 20.92187499829300634, -2.350011161449477637 ) ) ;
#3618 = CARTESIAN_POINT ( 'NONE',  ( 2.839570596497121180, 23.99999999999999289, -1.726830549122646774 ) ) ;
#3619 = CARTESIAN_POINT ( 'NONE',  ( 0.000000000000000000, 0.5000000000000004441, -16.00000000000000000 ) ) ;
#3620 = DIRECTION ( 'NONE',  ( 0.000000000000000000, 1.000000000000000000, 0.000000000000000000 ) ) ;
#3621 = CARTESIAN_POINT ( 'NONE',  ( -3.323417656250000185, 14.82812499829300812, -4.070012794956361332E-16 ) ) ;
#3622 = CARTESIAN_POINT ( 'NONE',  ( 1.058058632218960904, 11.00000000000000711, -4.340504543624291500 ) ) ;
#3623 = AXIS2_PLACEMENT_3D ( 'NONE', #1896, #3663, #3702 ) ;
#3624 = CARTESIAN_POINT ( 'NONE',  ( -1.866885168863107181, 23.59787406460786130, -4.507059494062497507 ) ) ;
#3625 = CARTESIAN_POINT ( 'NONE',  ( 1.376604666648955089, 22.87499999829300634, -3.323417656249999741 ) ) ;
#3626 = CARTESIAN_POINT ( 'NONE',  ( -2.828427124746190735, 14.12499999658601624, 2.828427124746189847 ) ) ;
#3627 = APPLICATION_CONTEXT ( 'automotive_design' ) ;
#3628 = AXIS2_PLACEMENT_3D ( 'NONE', #2966, #2330, #2599 ) ;
#3629 = CARTESIAN_POINT ( 'NONE',  ( -2.828427124746190735, 19.28125000000000000, 2.828427124746189847 ) ) ;
#3630 = CARTESIAN_POINT ( 'NONE',  ( -1.046992224097127888, 20.11403440047926239, -3.895890522409114265 ) ) ;
#3631 = DIRECTION ( 'NONE',  ( -0.000000000000000000, 1.000000000000000000, -0.000000000000000000 ) ) ;
#3632 = TOROIDAL_SURFACE ( 'NONE', #41, 4.500000000000000888, 0.5000000000000000000 ) ;
#3633 = CARTESIAN_POINT ( 'NONE',  ( 2.350011161449477193, 19.98437499829300990, 2.350011161449478081 ) ) ;
#3634 = CARTESIAN_POINT ( 'NONE',  ( 0.000000000000000000, 10.00000000000000000, 15.50000000000000000 ) ) ;
#3635 = ORIENTED_EDGE ( 'NONE', *, *, #1232, .F. ) ;
#3636 = CARTESIAN_POINT ( 'NONE',  ( 2.035006397478180666E-16, 19.51562499829300634, -3.323417656250000185 ) ) ;
#3637 = CARTESIAN_POINT ( 'NONE',  ( -1.376604666648957087, 17.56249999829300990, 3.323417656249999297 ) ) ;
#3638 = CARTESIAN_POINT ( 'NONE',  ( -1.376604666648954867, 18.03124999829300990, -3.323417656249999741 ) ) ;
#3639 = CARTESIAN_POINT ( 'NONE',  ( 4.000000000000000000, 15.84374999658601624, 0.000000000000000000 ) ) ;
#3640 = EDGE_CURVE ( 'NONE', #933, #2106, #743, .T. ) ;
#3641 = CARTESIAN_POINT ( 'NONE',  ( -1.656854249492380138, 21.23437499658601624, -4.000000000000000000 ) ) ;
#3642 = CARTESIAN_POINT ( 'NONE',  ( 1.656854249492381248, 24.35937499658601624, 3.999999999999999112 ) ) ;
#3643 = CARTESIAN_POINT ( 'NONE',  ( 2.411729692121677093, 11.00000000000000888, -3.613848867079727523 ) ) ;
#3644 = CARTESIAN_POINT ( 'NONE',  ( 2.350011161449477193, 21.23437499829300634, 2.350011161449478081 ) ) ;
#3645 = CARTESIAN_POINT ( 'NONE',  ( 0.000000000000000000, 10.49999999999999822, -4.500000000000000888 ) ) ;
#3646 = CARTESIAN_POINT ( 'NONE',  ( -3.999999943053924589, 16.65070132829754357, 0.5235992126480794040 ) ) ;
#3647 = ORIENTED_EDGE ( 'NONE', *, *, #768, .T. ) ;
#3648 = CARTESIAN_POINT ( 'NONE',  ( 2.828427124746189403, 20.84375000000000000, 2.828427124746190735 ) ) ;
#3649 = DIRECTION ( 'NONE',  ( 0.000000000000000000, 1.000000000000000000, 0.000000000000000000 ) ) ;
#3650 = CARTESIAN_POINT ( 'NONE',  ( 2.035006397478180666E-16, 12.01562499829300812, -3.323417656250000185 ) ) ;
#3651 = CARTESIAN_POINT ( 'NONE',  ( 2.014475991980345437, 12.04160393148351815, 3.495145513086970190 ) ) ;
#3652 = ADVANCED_FACE ( 'NONE', ( #1806 ), #3323, .F. ) ;
#3653 = VERTEX_POINT ( 'NONE', #2108 ) ;
#3654 = CARTESIAN_POINT ( 'NONE',  ( -3.323417656250001517, 22.40624999829300634, 1.376604666648954201 ) ) ;
#3655 = CIRCLE ( 'NONE', #3039, 2.000000000000000000 ) ;
#3656 = CARTESIAN_POINT ( 'NONE',  ( -3.323417656250001517, 22.40624999829300634, 1.376604666648954645 ) ) ;
#3657 = CARTESIAN_POINT ( 'NONE',  ( 3.323417656249999741, 16.46874999829300990, -1.376604666648954867 ) ) ;
#3658 = CARTESIAN_POINT ( 'NONE',  ( 2.350011161449477637, 16.54687499829300634, -2.350011161449477637 ) ) ;
#3659 = CIRCLE ( 'NONE', #322, 7.625000000000000000 ) ;
#3660 = DIRECTION ( 'NONE',  ( 0.000000000000000000, 0.000000000000000000, -1.000000000000000000 ) ) ;
#3661 = DIRECTION ( 'NONE',  ( -0.000000000000000000, -1.000000000000000000, -0.000000000000000000 ) ) ;
#3662 = CARTESIAN_POINT ( 'NONE',  ( -1.376604666648956865, 12.56249999829300812, 3.323417656249998853 ) ) ;
#3663 = DIRECTION ( 'NONE',  ( -0.000000000000000000, -1.000000000000000000, -0.000000000000000000 ) ) ;
#3664 = DIRECTION ( 'NONE',  ( 0.000000000000000000, 1.000000000000000000, 0.000000000000000000 ) ) ;
#3665 = CARTESIAN_POINT ( 'NONE',  ( -2.350011161449477193, 24.35937499829300634, -2.350011161449477637 ) ) ;
#3666 = CARTESIAN_POINT ( 'NONE',  ( -2.227872023738985519, 24.00000000000001776, 3.011762129587290726 ) ) ;
#3667 = ORIENTED_EDGE ( 'NONE', *, *, #2207, .T. ) ;
#3668 = CARTESIAN_POINT ( 'NONE',  ( -4.000000000000000000, 22.79687500000000000, -1.656854249492381248 ) ) ;
#3669 = CARTESIAN_POINT ( 'NONE',  ( -3.198667155650439575, 15.50493700366589600, 2.458187158716814036 ) ) ;
#3670 = CARTESIAN_POINT ( 'NONE',  ( -3.236434792260523885, 11.49962445920454179, -2.350636049051025189 ) ) ;
#3671 = CARTESIAN_POINT ( 'NONE',  ( -3.198667274472040134, 13.00508756810573097, 2.458187004102572626 ) ) ;
#3672 = CARTESIAN_POINT ( 'NONE',  ( 0.5235986567664699942, 12.53636579893817604, -4.000000015818692134 ) ) ;
#3673 = VERTEX_POINT ( 'NONE', #2752 ) ;
#3674 = CARTESIAN_POINT ( 'NONE',  ( 0.000000000000000000, 11.00000000000000000, 0.000000000000000000 ) ) ;
#3675 = EDGE_CURVE ( 'NONE', #3653, #2860, #887, .T. ) ;
#3676 = CARTESIAN_POINT ( 'NONE',  ( 2.035006397478180666E-16, 22.01562499829300990, -3.323417656250000185 ) ) ;
#3677 = CARTESIAN_POINT ( 'NONE',  ( 3.323417656249998853, 21.31249999829301345, 1.376604666648957087 ) ) ;
#3678 = CARTESIAN_POINT ( 'NONE',  ( 0.5235989467960726618, 13.21340835440242500, 3.999999977853900823 ) ) ;
#3679 = CARTESIAN_POINT ( 'NONE',  ( 0.000000000000000000, 0.5000000000000004441, 0.000000000000000000 ) ) ;
#3680 = CARTESIAN_POINT ( 'NONE',  ( -4.000000000000000000, 21.46874999658601624, -4.898587196589412829E-16 ) ) ;
#3681 = CARTESIAN_POINT ( 'NONE',  ( -3.323417656250000185, 12.32812499829300812, -4.070012794956361332E-16 ) ) ;
#3682 = CARTESIAN_POINT ( 'NONE',  ( 2.828427124746190291, 22.24999999658601624, -2.828427124746190291 ) ) ;
#3683 = CARTESIAN_POINT ( 'NONE',  ( -1.376604666648954867, 12.09374999829300812, -3.323417656249999741 ) ) ;
#3684 = CARTESIAN_POINT ( 'NONE',  ( 4.000000000000000000, 16.07812500000000000, -1.656854249492380804 ) ) ;
#3685 = CARTESIAN_POINT ( 'NONE',  ( -1.116824398832875653, 23.99999999999996447, 3.456200291628025667 ) ) ;
#3686 = CARTESIAN_POINT ( 'NONE',  ( -3.495145768695715027, 16.52050083686213711, -2.014475548495322954 ) ) ;
#3687 = CIRCLE ( 'NONE', #97, 0.5000000000000004441 ) ;
#3688 = ORIENTED_EDGE ( 'NONE', *, *, #865, .T. ) ;
#3689 = CARTESIAN_POINT ( 'NONE',  ( -1.866885168863109623, 11.56662406460786308, 4.507059494062497507 ) ) ;
#3690 = DIRECTION ( 'NONE',  ( 0.000000000000000000, -0.000000000000000000, -1.000000000000000000 ) ) ;
#3691 = CARTESIAN_POINT ( 'NONE',  ( -1.046991659161942367, 12.61448609379943164, -3.895890674231310857 ) ) ;
#3692 = CARTESIAN_POINT ( 'NONE',  ( -3.999999968362875524, 14.15085189273749933, 0.5235990193021198280 ) ) ;
#3693 = ORIENTED_EDGE ( 'NONE', *, *, #2471, .T. ) ;
#3694 = FACE_OUTER_BOUND ( 'NONE', #350, .T. ) ;
#3695 = CIRCLE ( 'NONE', #1690, 4.500000000000000888 ) ;
#3696 = CARTESIAN_POINT ( 'NONE',  ( -1.376604666648954867, 22.09374999829300634, -3.323417656249999741 ) ) ;
#3697 = EDGE_CURVE ( 'NONE', #1180, #1962, #2678, .T. ) ;
#3698 = CARTESIAN_POINT ( 'NONE',  ( 1.376604666648955089, 17.87499999829300634, -3.323417656249999741 ) ) ;
#3699 = CARTESIAN_POINT ( 'NONE',  ( 1.656854249492380804, 18.57812499658601624, -4.000000000000000000 ) ) ;
#3700 = DIRECTION ( 'NONE',  ( 0.000000000000000000, -1.000000000000000000, 0.000000000000000000 ) ) ;
#3701 = ORIENTED_EDGE ( 'NONE', *, *, #2325, .F. ) ;
#3702 = DIRECTION ( 'NONE',  ( 0.000000000000000000, 0.000000000000000000, -1.000000000000000000 ) ) ;
#3703 = CARTESIAN_POINT ( 'NONE',  ( -1.376604666648956865, 15.06249999829300634, 3.323417656249998853 ) ) ;
#3704 = CARTESIAN_POINT ( 'NONE',  ( -2.828427124746189847, 15.21875000000000000, -2.828427124746190291 ) ) ;
#3705 = DIRECTION ( 'NONE',  ( -0.000000000000000000, -1.000000000000000000, -0.000000000000000000 ) ) ;
#3706 = CARTESIAN_POINT ( 'NONE',  ( 4.000000000000000000, 12.17187499658601624, -1.656854249492380804 ) ) ;
#3707 = ORIENTED_EDGE ( 'NONE', *, *, #2, .T. ) ;
#3708 = CARTESIAN_POINT ( 'NONE',  ( 3.186972331462802011, 11.80099906460786308, 3.186972331462803343 ) ) ;
#3709 = CARTESIAN_POINT ( 'NONE',  ( -3.323417656250000185, 15.76562499829300990, -4.070012794956361332E-16 ) ) ;
#3710 = FACE_BOUND ( 'NONE', #3751, .T. ) ;
#3711 = ORIENTED_EDGE ( 'NONE', *, *, #2371, .F. ) ;
#3712 = CARTESIAN_POINT ( 'NONE',  ( -3.323417656250001517, 19.90624999829300990, 1.376604666648954645 ) ) ;
#3713 = CARTESIAN_POINT ( 'NONE',  ( 3.323417656249999741, 18.96874999829300634, -1.376604666648954867 ) ) ;
#3714 = TOROIDAL_SURFACE ( 'NONE', #1585, 15.50000000000000000, 0.5000000000000000000 ) ;
#3715 = ADVANCED_FACE ( 'NONE', ( #1090 ), #496, .F. ) ;
#3716 = CARTESIAN_POINT ( 'NONE',  ( 0.000000000000000000, 24.00000000000000000, 0.000000000000000000 ) ) ;
#3717 = TOROIDAL_SURFACE ( 'NONE', #2740, 4.500000000000000888, 0.5000000000000000000 ) ;
#3718 = CARTESIAN_POINT ( 'NONE',  ( 3.323417656250000185, 12.64062499829300634, 0.000000000000000000 ) ) ;
#3719 = ORIENTED_EDGE ( 'NONE', *, *, #1020, .F. ) ;
#3720 = CARTESIAN_POINT ( 'NONE',  ( 1.548802045462446282E-05, 22.56215106834825335, -3.999999999936468598 ) ) ;
#3721 = EDGE_CURVE ( 'NONE', #1100, #3088, #1921, .T. ) ;
#3722 = CARTESIAN_POINT ( 'NONE',  ( 3.323417656250000185, 22.95312499829300990, 0.000000000000000000 ) ) ;
#3723 = CARTESIAN_POINT ( 'NONE',  ( -4.000000000000000000, 14.04687500000000000, -1.656854249492381248 ) ) ;
#3724 = CARTESIAN_POINT ( 'NONE',  ( 2.027939339030293553, 11.08304929557158403, -3.705318210945715673 ) ) ;
#3725 = CARTESIAN_POINT ( 'NONE',  ( -2.828427124746190735, 19.12499999658601624, 2.828427124746189847 ) ) ;
#3726 = ORIENTED_EDGE ( 'NONE', *, *, #3410, .F. ) ;
#3727 = CARTESIAN_POINT ( 'NONE',  ( 3.186972331462802011, 14.30099906460786308, 3.186972331462803343 ) ) ;
#3728 = CARTESIAN_POINT ( 'NONE',  ( 1.046991141287092697, 16.26009985399131352, -3.895890813406281961 ) ) ;
#3729 = CARTESIAN_POINT ( 'NONE',  ( -2.350011161449477193, 12.17187499829300812, -2.350011161449477637 ) ) ;
#3730 = CARTESIAN_POINT ( 'NONE',  ( 4.000000012654970405, 12.22388461949312699, 0.5235986809355276383 ) ) ;
#3731 = ORIENTED_EDGE ( 'NONE', *, *, #234, .F. ) ;
#3732 = CARTESIAN_POINT ( 'NONE',  ( 1.376604666648955755, 22.71874999829300990, 3.323417656249999741 ) ) ;
#3733 =( BOUNDED_CURVE ( )  B_SPLINE_CURVE ( 2, ( #1742, #23, #1778, #2063, #2932, #2666, #605, #3216, #3201 ),
 .UNSPECIFIED., .F., .T. ) 
 B_SPLINE_CURVE_WITH_KNOTS ( ( 3, 2, 2, 2, 3 ),
 ( 0.5528681233969204856, 0.5648869567139275238, 0.5769058281333727667, 0.5889246995528178985, 0.6009435363256372398 ),
 .UNSPECIFIED. ) 
 CURVE ( )  GEOMETRIC_REPRESENTATION_ITEM ( )  RATIONAL_B_SPLINE_CURVE ( ( 1.000000000000000000, 0.9238795325112867385, 1.000000000000000000, 0.9238795325112867385, 1.000000000000000000, 0.9238795325112867385, 1.000000000000000000, 0.9238795325112867385, 1.000000000000000000 ) ) 
 REPRESENTATION_ITEM ( '' )  );
#3734 = CARTESIAN_POINT ( 'NONE',  ( 2.350011161449477193, 19.98437499829300990, 2.350011161449478081 ) ) ;
#3735 = FACE_BOUND ( 'NONE', #2623, .T. ) ;
#3736 = CARTESIAN_POINT ( 'NONE',  ( -3.198666858610333730, 21.75456059256516994, 2.458187545234268079 ) ) ;
#3737 = VERTEX_POINT ( 'NONE', #1368 ) ;
#3738 = ADVANCED_FACE ( 'NONE', ( #3072 ), #2531, .F. ) ;
#3739 = CARTESIAN_POINT ( 'NONE',  ( -2.828427124746189847, 12.56249999658601624, -2.828427124746190291 ) ) ;
#3740 = CARTESIAN_POINT ( 'NONE',  ( -2.350011161449477193, 12.17187499829300812, -2.350011161449477637 ) ) ;
#3741 = B_SPLINE_CURVE_WITH_KNOTS ( 'NONE', 3,
 ( #3670, #3360, #3052, #213, #1369, #2532, #761, #1863, #2497, #1616 ),
 .UNSPECIFIED., .F., .F.,
 ( 4, 2, 2, 2, 4 ),
 ( 0.000000000000000000, 0.0009484876753639147774, 0.001896975350727829555, 0.002845463026091744549, 0.003793950701455659109 ),
 .UNSPECIFIED. ) ;
#3742 = CARTESIAN_POINT ( 'NONE',  ( -3.323417656250001517, 12.09374999829300812, 1.376604666648954201 ) ) ;
#3743 = CARTESIAN_POINT ( 'NONE',  ( 2.828427124746190291, 14.90625000000000000, -2.828427124746190291 ) ) ;
#3744 = ADVANCED_FACE ( 'NONE', ( #476 ), #2246, .F. ) ;
#3745 = CARTESIAN_POINT ( 'NONE',  ( 4.000000000000000000, 12.09374999658601624, 0.000000000000000000 ) ) ;
#3746 = CARTESIAN_POINT ( 'NONE',  ( -2.828427124746189847, 16.31249999658601624, -2.828427124746190291 ) ) ;
#3747 = ORIENTED_EDGE ( 'NONE', *, *, #1717, .T. ) ;
#3748 = CARTESIAN_POINT ( 'NONE',  ( -4.507059494062498395, 13.91037406460786663, 1.866885168863106736 ) ) ;
#3749 = CARTESIAN_POINT ( 'NONE',  ( 3.323417656250000185, 15.14062499829300812, 0.000000000000000000 ) ) ;
#3750 = CARTESIAN_POINT ( 'NONE',  ( -6.105019192434541011E-16, 13.89062499829300812, 3.323417656250000185 ) ) ;
#3751 = EDGE_LOOP ( 'NONE', ( #1094, #1416 ) ) ;
#3752 = AXIS2_PLACEMENT_3D ( 'NONE', #3580, #1817, #100 ) ;
#3753 = CARTESIAN_POINT ( 'NONE',  ( -2.350011161449477193, 23.42187499829300634, -2.350011161449477637 ) ) ;
#3754 = CIRCLE ( 'NONE', #356, 0.1499999999999999667 ) ;
#3755 = CARTESIAN_POINT ( 'NONE',  ( 2.350011161449477637, 17.79687499829300634, -2.350011161449477637 ) ) ;
#3756 = VECTOR ( 'NONE', #3343, 1000.000000000000000 ) ;
#3757 = CARTESIAN_POINT ( 'NONE',  ( 4.000000000000000000, 12.09374999658601624, 0.000000000000000000 ) ) ;
#3758 = AXIS2_PLACEMENT_3D ( 'NONE', #1804, #1570, #2728 ) ;
#3759 = CARTESIAN_POINT ( 'NONE',  ( -1.046990717597944931, 21.88476108400055864, 3.895890927269487047 ) ) ;
#3760 = ORIENTED_EDGE ( 'NONE', *, *, #759, .F. ) ;
#3761 = CARTESIAN_POINT ( 'NONE',  ( -1.656854249492382580, 22.95312499658601979, 3.999999999999999112 ) ) ;
#3762 = DIRECTION ( 'NONE',  ( 0.000000000000000000, 1.000000000000000000, 0.000000000000000000 ) ) ;
#3763 = CARTESIAN_POINT ( 'NONE',  ( -2.350011161449478081, 12.17187499829300812, 2.350011161449477193 ) ) ;
#3764 = CARTESIAN_POINT ( 'NONE',  ( 2.828427124746189403, 14.59374999999999822, 2.828427124746190735 ) ) ;
#3765 = CARTESIAN_POINT ( 'NONE',  ( 4.000000000000000000, 11.50000000000000000, 0.000000000000000000 ) ) ;
#3766 = CARTESIAN_POINT ( 'NONE',  ( 2.828427124746190291, 15.99999999658601624, -2.828427124746190291 ) ) ;
#3767 = CARTESIAN_POINT ( 'NONE',  ( 3.323417656249999741, 24.28124999829301345, -1.376604666648954867 ) ) ;
#3768 = EDGE_CURVE ( 'NONE', #1442, #1008, #1897, .T. ) ;
#3769 = EDGE_LOOP ( 'NONE', ( #2012, #1945, #1073, #3214 ) ) ;
#3770 = CARTESIAN_POINT ( 'NONE',  ( -4.507059494062498395, 11.33224906460786308, -5.519555982970327188E-16 ) ) ;
#3771 = CARTESIAN_POINT ( 'NONE',  ( 1.376604666648955089, 14.12499999829300634, -3.323417656249999741 ) ) ;
ENDSEC;
END-ISO-10303-21;
