ISO-10303-21;
HEADER;
FILE_DESCRIPTION (( 'STEP AP214' ),
    '1' );
FILE_NAME ('encoder-stand_magnetic-encoder-holder-base.STEP',
    '2026-01-07T11:19:53',
    ( '' ),
    ( '' ),
    'SwSTEP 2.0',
    'SolidWorks 2025',
    '' );
FILE_SCHEMA (( 'AUTOMOTIVE_DESIGN' ));
ENDSEC;

DATA;
#1 = CARTESIAN_POINT ( 'NONE',  ( 25.00000000000000711, 11.00000000000000000, -24.99999999999998934 ) ) ;
#2 = VERTEX_POINT ( 'NONE', #2078 ) ;
#3 = VECTOR ( 'NONE', #1701, 1000.000000000000000 ) ;
#4 = EDGE_LOOP ( 'NONE', ( #2133, #3204, #1166, #2711 ) ) ;
#5 = AXIS2_PLACEMENT_3D ( 'NONE', #484, #3354, #3391 ) ;
#6 = APPLICATION_CONTEXT ( 'automotive_design' ) ;
#7 = CARTESIAN_POINT ( 'NONE',  ( -15.49999999999999822, 9.500000000000000000, -15.50000000000000178 ) ) ;
#8 = DIRECTION ( 'NONE',  ( 0.000000000000000000, -0.000000000000000000, 1.000000000000000000 ) ) ;
#9 = AXIS2_PLACEMENT_3D ( 'NONE', #434, #1223, #1763 ) ;
#10 = CARTESIAN_POINT ( 'NONE',  ( 16.49999999999999645, 12.00000000000000000, 16.50000000000000711 ) ) ;
#11 = AXIS2_PLACEMENT_3D ( 'NONE', #494, #1849, #809 ) ;
#12 = CARTESIAN_POINT ( 'NONE',  ( 19.49999999999999645, 12.00000000000000000, 7.999999999999983125 ) ) ;
#13 = ADVANCED_FACE ( 'NONE', ( #2669 ), #553, .F. ) ;
#14 = EDGE_CURVE ( 'NONE', #2923, #1253, #1859, .T. ) ;
#15 = AXIS2_PLACEMENT_3D ( 'NONE', #2520, #2505, #420 ) ;
#16 = VERTEX_POINT ( 'NONE', #768 ) ;
#17 = CYLINDRICAL_SURFACE ( 'NONE', #377, 5.999999999999998224 ) ;
#18 = CARTESIAN_POINT ( 'NONE',  ( -16.49999999999998579, 0.000000000000000000, -22.49999999999999289 ) ) ;
#19 = ORIENTED_EDGE ( 'NONE', *, *, #1475, .T. ) ;
#20 = UNCERTAINTY_MEASURE_WITH_UNIT (LENGTH_MEASURE( 1.000000000000000082E-05 ), #1488, 'distance_accuracy_value', 'NONE');
#21 = CYLINDRICAL_SURFACE ( 'NONE', #2782, 2.999999999999999112 ) ;
#22 = EDGE_LOOP ( 'NONE', ( #3235, #1046, #884, #1681 ) ) ;
#23 = CARTESIAN_POINT ( 'NONE',  ( -24.99999999999998579, 14.00000000000000000, 29.99999999999998579 ) ) ;
#24 = CARTESIAN_POINT ( 'NONE',  ( -24.99999999999998579, 0.000000000000000000, 24.99999999999998579 ) ) ;
#25 = VERTEX_POINT ( 'NONE', #1602 ) ;
#26 = FACE_OUTER_BOUND ( 'NONE', #2025, .T. ) ;
#27 = CARTESIAN_POINT ( 'NONE',  ( 0.000000000000000000, 13.50000000000000000, -6.000000000000000000 ) ) ;
#28 = ORIENTED_EDGE ( 'NONE', *, *, #366, .F. ) ;
#29 = COLOUR_RGB ( '',0.2509803921568627416, 0.2509803921568627416, 0.2509803921568627416 ) ;
#30 = ORIENTED_EDGE ( 'NONE', *, *, #1458, .F. ) ;
#31 = CIRCLE ( 'NONE', #3243, 2.999999999999999112 ) ;
#32 = CARTESIAN_POINT ( 'NONE',  ( -16.49999999999998224, 0.000000000000000000, 22.49999999999999645 ) ) ;
#33 = EDGE_CURVE ( 'NONE', #873, #2923, #1261, .T. ) ;
#34 = ADVANCED_FACE ( 'NONE', ( #1550 ), #863, .F. ) ;
#35 = DIRECTION ( 'NONE',  ( 0.000000000000000000, 0.000000000000000000, 1.000000000000000000 ) ) ;
#36 = ORIENTED_EDGE ( 'NONE', *, *, #101, .T. ) ;
#37 = ORIENTED_EDGE ( 'NONE', *, *, #1517, .T. ) ;
#38 = EDGE_CURVE ( 'NONE', #1820, #1538, #1805, .T. ) ;
#39 = DIRECTION ( 'NONE',  ( -1.000000000000000000, 0.000000000000000000, 4.336808689942013792E-16 ) ) ;
#40 = ORIENTED_EDGE ( 'NONE', *, *, #1326, .T. ) ;
#41 = ORIENTED_EDGE ( 'NONE', *, *, #59, .T. ) ;
#42 = CARTESIAN_POINT ( 'NONE',  ( 15.50000000000000178, 7.000000000000000000, -18.50000000000000000 ) ) ;
#43 = CARTESIAN_POINT ( 'NONE',  ( -7.999999999999983125, 19.00000000000000000, 17.50000000000000000 ) ) ;
#44 = EDGE_LOOP ( 'NONE', ( #431, #36, #1318, #1976 ) ) ;
#45 = CARTESIAN_POINT ( 'NONE',  ( 25.00000000000000711, 11.00000000000000000, 25.00000000000001066 ) ) ;
#46 = DIRECTION ( 'NONE',  ( 1.000000000000000000, 0.000000000000000000, -4.336808689942013792E-16 ) ) ;
#47 = VERTEX_POINT ( 'NONE', #299 ) ;
#48 = VERTEX_POINT ( 'NONE', #832 ) ;
#49 = CARTESIAN_POINT ( 'NONE',  ( 3.951314584169393236E-15, 14.00000000000000000, -20.49999999999999289 ) ) ;
#50 = ORIENTED_EDGE ( 'NONE', *, *, #3284, .T. ) ;
#51 = DIRECTION ( 'NONE',  ( 0.000000000000000000, 0.000000000000000000, -1.000000000000000000 ) ) ;
#52 = CARTESIAN_POINT ( 'NONE',  ( -15.49999999999999822, 9.500000000000000000, -21.00000000000000355 ) ) ;
#53 = ORIENTED_EDGE ( 'NONE', *, *, #699, .F. ) ;
#54 = AXIS2_PLACEMENT_3D ( 'NONE', #1663, #387, #3307 ) ;
#55 = CIRCLE ( 'NONE', #1001, 6.000000000000000000 ) ;
#56 = FACE_OUTER_BOUND ( 'NONE', #655, .T. ) ;
#57 = VERTEX_POINT ( 'NONE', #2394 ) ;
#58 = VECTOR ( 'NONE', #3369, 1000.000000000000000 ) ;
#59 = EDGE_CURVE ( 'NONE', #2427, #2459, #31, .T. ) ;
#60 = EDGE_CURVE ( 'NONE', #1655, #973, #361, .T. ) ;
#61 = CARTESIAN_POINT ( 'NONE',  ( 20.49999999999999645, 14.00000000000000000, 7.999999999999983125 ) ) ;
#62 = CIRCLE ( 'NONE', #2882, 2.000000000000000000 ) ;
#63 = CARTESIAN_POINT ( 'NONE',  ( 19.49999999999999645, 12.00000000000000000, -9.000000000000014211 ) ) ;
#64 = VERTEX_POINT ( 'NONE', #1440 ) ;
#65 = CIRCLE ( 'NONE', #3213, 2.999999999999999112 ) ;
#66 = CYLINDRICAL_SURFACE ( 'NONE', #614, 2.999999999999999112 ) ;
#67 = DIRECTION ( 'NONE',  ( 0.000000000000000000, 0.000000000000000000, -1.000000000000000000 ) ) ;
#68 = AXIS2_PLACEMENT_3D ( 'NONE', #2452, #2229, #3290 ) ;
#69 = ORIENTED_EDGE ( 'NONE', *, *, #1554, .T. ) ;
#70 = CARTESIAN_POINT ( 'NONE',  ( 9.000000000000014211, 12.00000000000000000, -16.49999999999998934 ) ) ;
#71 = ORIENTED_EDGE ( 'NONE', *, *, #3211, .F. ) ;
#72 = CIRCLE ( 'NONE', #1557, 1.500000000000000444 ) ;
#73 = CYLINDRICAL_SURFACE ( 'NONE', #2546, 1.500000000000001332 ) ;
#74 = DIRECTION ( 'NONE',  ( 0.000000000000000000, -1.000000000000000000, 0.000000000000000000 ) ) ;
#75 = ORIENTED_EDGE ( 'NONE', *, *, #3107, .T. ) ;
#76 = AXIS2_PLACEMENT_3D ( 'NONE', #757, #251, #3140 ) ;
#77 = AXIS2_PLACEMENT_3D ( 'NONE', #1632, #2693, #997 ) ;
#78 = CARTESIAN_POINT ( 'NONE',  ( -8.999999999999984013, 14.00000000000000000, 0.000000000000000000 ) ) ;
#79 = DIRECTION ( 'NONE',  ( 0.000000000000000000, 0.000000000000000000, -1.000000000000000000 ) ) ;
#80 = VERTEX_POINT ( 'NONE', #2497 ) ;
#81 = AXIS2_PLACEMENT_3D ( 'NONE', #509, #1877, #246 ) ;
#82 = DIRECTION ( 'NONE',  ( -0.000000000000000000, 1.000000000000000000, -0.000000000000000000 ) ) ;
#83 = EDGE_CURVE ( 'NONE', #3365, #2673, #98, .T. ) ;
#84 = EDGE_CURVE ( 'NONE', #2457, #3260, #3298, .T. ) ;
#85 = CARTESIAN_POINT ( 'NONE',  ( -16.50000000000000000, 0.000000000000000000, -16.49999999999999289 ) ) ;
#86 = ORIENTED_EDGE ( 'NONE', *, *, #3254, .T. ) ;
#87 = CARTESIAN_POINT ( 'NONE',  ( 25.00000000000000711, 11.00000000000000000, 25.00000000000001066 ) ) ;
#88 = EDGE_CURVE ( 'NONE', #1430, #3083, #2404, .T. ) ;
#89 = CARTESIAN_POINT ( 'NONE',  ( -15.49999999999999822, 12.00000000000000000, -21.00000000000000355 ) ) ;
#90 = CARTESIAN_POINT ( 'NONE',  ( -8.999999999999984013, 12.00000000000000000, -17.49999999999999645 ) ) ;
#91 = ORIENTED_EDGE ( 'NONE', *, *, #1517, .F. ) ;
#92 = ORIENTED_EDGE ( 'NONE', *, *, #1099, .T. ) ;
#93 = DIRECTION ( 'NONE',  ( 1.000000000000000000, -0.000000000000000000, -1.224646799147353207E-16 ) ) ;
#94 = FACE_OUTER_BOUND ( 'NONE', #1138, .T. ) ;
#95 = EDGE_LOOP ( 'NONE', ( #2454, #2887 ) ) ;
#96 = PLANE ( 'NONE',  #718 ) ;
#97 = LINE ( 'NONE', #1935, #797 ) ;
#98 = LINE ( 'NONE', #114, #1865 ) ;
#99 = CARTESIAN_POINT ( 'NONE',  ( 15.50000000000000178, 7.000000000000000000, -12.50000000000000000 ) ) ;
#100 = LINE ( 'NONE', #602, #2166 ) ;
#101 = EDGE_CURVE ( 'NONE', #2723, #1002, #914, .T. ) ;
#102 = CARTESIAN_POINT ( 'NONE',  ( 15.50000000000000178, 12.00000000000000000, -15.50000000000000000 ) ) ;
#103 = FACE_OUTER_BOUND ( 'NONE', #2819, .T. ) ;
#104 = DIRECTION ( 'NONE',  ( 0.000000000000000000, -1.000000000000000000, 0.000000000000000000 ) ) ;
#105 = ORIENTED_EDGE ( 'NONE', *, *, #2853, .F. ) ;
#106 = EDGE_CURVE ( 'NONE', #1605, #2912, #2754, .T. ) ;
#107 = AXIS2_PLACEMENT_3D ( 'NONE', #2845, #1013, #2333 ) ;
#108 = ADVANCED_FACE ( 'NONE', ( #2730 ), #2439, .F. ) ;
#109 = DIRECTION ( 'NONE',  ( -0.000000000000000000, -1.000000000000000000, -0.000000000000000000 ) ) ;
#110 = LINE ( 'NONE', #937, #2494 ) ;
#111 = EDGE_LOOP ( 'NONE', ( #1895, #3416, #2112, #163 ) ) ;
#112 = DIRECTION ( 'NONE',  ( 2.312964634635743450E-16, 0.000000000000000000, 1.000000000000000000 ) ) ;
#113 = CARTESIAN_POINT ( 'NONE',  ( -15.49999999999999822, 12.00000000000000000, -10.00000000000000000 ) ) ;
#114 = CARTESIAN_POINT ( 'NONE',  ( 9.000000000000014211, 12.00000000000000000, -19.49999999999998934 ) ) ;
#115 = VECTOR ( 'NONE', #2559, 1000.000000000000000 ) ;
#116 = CARTESIAN_POINT ( 'NONE',  ( 25.00000000000000711, 0.000000000000000000, 26.50000000000001421 ) ) ;
#117 = CIRCLE ( 'NONE', #2047, 1.500000000000001332 ) ;
#118 = ORIENTED_EDGE ( 'NONE', *, *, #1024, .F. ) ;
#119 = AXIS2_PLACEMENT_3D ( 'NONE', #3208, #1740, #2464 ) ;
#120 = DIRECTION ( 'NONE',  ( -1.000000000000000000, 0.000000000000000000, 4.336808689942013792E-16 ) ) ;
#121 = CYLINDRICAL_SURFACE ( 'NONE', #564, 1.999999999999998224 ) ;
#122 = AXIS2_PLACEMENT_3D ( 'NONE', #3082, #2560, #187 ) ;
#123 = VERTEX_POINT ( 'NONE', #3022 ) ;
#124 = DIRECTION ( 'NONE',  ( 0.000000000000000000, 0.000000000000000000, 1.000000000000000000 ) ) ;
#125 = CIRCLE ( 'NONE', #176, 5.000000000000000888 ) ;
#126 = DIRECTION ( 'NONE',  ( -0.000000000000000000, 1.000000000000000000, -0.000000000000000000 ) ) ;
#127 = ORIENTED_EDGE ( 'NONE', *, *, #1060, .T. ) ;
#128 = EDGE_CURVE ( 'NONE', #2914, #416, #3176, .T. ) ;
#129 = ADVANCED_FACE ( 'NONE', ( #2749 ), #2252, .F. ) ;
#130 = AXIS2_PLACEMENT_3D ( 'NONE', #763, #1352, #2389 ) ;
#131 = PLANE ( 'NONE',  #1823 ) ;
#132 = AXIS2_PLACEMENT_3D ( 'NONE', #3156, #2656, #1020 ) ;
#133 = LINE ( 'NONE', #3311, #2385 ) ;
#134 = VECTOR ( 'NONE', #2287, 1000.000000000000000 ) ;
#135 = ORIENTED_EDGE ( 'NONE', *, *, #1514, .F. ) ;
#136 = CARTESIAN_POINT ( 'NONE',  ( -7.999999999999983125, 19.00000000000000000, -19.49999999999999289 ) ) ;
#137 = AXIS2_PLACEMENT_3D ( 'NONE', #2720, #1975, #1148 ) ;
#138 = DIRECTION ( 'NONE',  ( 0.000000000000000000, 1.000000000000000000, 0.000000000000000000 ) ) ;
#139 = CARTESIAN_POINT ( 'NONE',  ( 0.000000000000000000, 9.500000000000000000, -6.000000000000000000 ) ) ;
#140 = ORIENTED_EDGE ( 'NONE', *, *, #83, .F. ) ;
#141 = CARTESIAN_POINT ( 'NONE',  ( 25.00000000000000711, 11.00000000000000355, 25.00000000000001066 ) ) ;
#142 = DIRECTION ( 'NONE',  ( 1.156482317317871331E-15, 0.000000000000000000, -1.000000000000000000 ) ) ;
#143 = ORIENTED_EDGE ( 'NONE', *, *, #549, .T. ) ;
#144 = ADVANCED_FACE ( 'NONE', ( #425 ), #2776, .F. ) ;
#145 = EDGE_CURVE ( 'NONE', #3410, #3159, #1183, .T. ) ;
#146 = CARTESIAN_POINT ( 'NONE',  ( 9.000000000000014211, 19.00000000000000000, -20.49999999999998934 ) ) ;
#147 = CARTESIAN_POINT ( 'NONE',  ( -24.99999999999999289, 0.000000000000000000, 23.50000000000001776 ) ) ;
#148 = ADVANCED_FACE ( 'NONE', ( #2461 ), #1457, .F. ) ;
#149 = ADVANCED_FACE ( 'NONE', ( #2988 ), #2144, .F. ) ;
#150 = DIRECTION ( 'NONE',  ( 0.000000000000000000, 1.000000000000000000, -0.000000000000000000 ) ) ;
#151 = ORIENTED_EDGE ( 'NONE', *, *, #1800, .T. ) ;
#152 = FACE_OUTER_BOUND ( 'NONE', #197, .T. ) ;
#153 = CARTESIAN_POINT ( 'NONE',  ( 25.00000000000000711, 11.00000000000000000, 28.00000000000001066 ) ) ;
#154 =( LENGTH_UNIT ( ) NAMED_UNIT ( * ) SI_UNIT ( .MILLI., .METRE. ) );
#155 = EDGE_LOOP ( 'NONE', ( #1946, #308, #1747, #740 ) ) ;
#156 = DIRECTION ( 'NONE',  ( 0.000000000000000000, 0.000000000000000000, -1.000000000000000000 ) ) ;
#157 = FACE_OUTER_BOUND ( 'NONE', #3343, .T. ) ;
#158 = ORIENTED_EDGE ( 'NONE', *, *, #1752, .F. ) ;
#159 = CARTESIAN_POINT ( 'NONE',  ( -22.50000000000000000, 0.000000000000000000, 16.49999999999998579 ) ) ;
#160 = DIRECTION ( 'NONE',  ( -0.000000000000000000, -1.000000000000000000, 0.000000000000000000 ) ) ;
#161 = CARTESIAN_POINT ( 'NONE',  ( -15.50000000000000178, 12.00000000000000000, 17.49999999999999289 ) ) ;
#162 = CARTESIAN_POINT ( 'NONE',  ( -7.999999999999983125, 12.00000000000000000, -16.49999999999999289 ) ) ;
#163 = ORIENTED_EDGE ( 'NONE', *, *, #1969, .F. ) ;
#164 = ADVANCED_FACE ( 'NONE', ( #1966 ), #96, .F. ) ;
#165 = ADVANCED_FACE ( 'NONE', ( #2495 ), #131, .F. ) ;
#166 = EDGE_LOOP ( 'NONE', ( #2476, #1420 ) ) ;
#167 = AXIS2_PLACEMENT_3D ( 'NONE', #1257, #2788, #2309 ) ;
#168 = EDGE_LOOP ( 'NONE', ( #2812, #2226 ) ) ;
#169 = CARTESIAN_POINT ( 'NONE',  ( -24.99999999999999289, 11.00000000000000355, -26.50000000000000000 ) ) ;
#170 = DIRECTION ( 'NONE',  ( -0.000000000000000000, 1.000000000000000000, 0.000000000000000000 ) ) ;
#171 = CIRCLE ( 'NONE', #1007, 2.999999999999999112 ) ;
#172 = CARTESIAN_POINT ( 'NONE',  ( -19.49999999999999645, 14.00000000000000000, 8.999999999999984013 ) ) ;
#173 = LINE ( 'NONE', #2577, #2605 ) ;
#174 = ORIENTED_EDGE ( 'NONE', *, *, #3299, .T. ) ;
#175 = CIRCLE ( 'NONE', #286, 2.500000000000000444 ) ;
#176 = AXIS2_PLACEMENT_3D ( 'NONE', #2979, #1638, #1658 ) ;
#177 = LINE ( 'NONE', #2286, #3322 ) ;
#178 = CYLINDRICAL_SURFACE ( 'NONE', #2012, 2.999999999999999112 ) ;
#179 = TOROIDAL_SURFACE ( 'NONE', #1503, 5.500000000000000000, 2.500000000000000000 ) ;
#180 = AXIS2_PLACEMENT_3D ( 'NONE', #701, #445, #3348 ) ;
#181 = CARTESIAN_POINT ( 'NONE',  ( -15.49999999999999822, 9.500000000000000000, -18.50000000000000355 ) ) ;
#182 = CIRCLE ( 'NONE', #2119, 1.500000000000001332 ) ;
#183 = EDGE_CURVE ( 'NONE', #2626, #3212, #2260, .T. ) ;
#184 = CARTESIAN_POINT ( 'NONE',  ( -24.99999999999999289, 14.00000000000000000, 25.00000000000001776 ) ) ;
#185 = DIRECTION ( 'NONE',  ( 0.000000000000000000, 0.000000000000000000, -1.000000000000000000 ) ) ;
#186 = CARTESIAN_POINT ( 'NONE',  ( -16.50000000000000000, 12.00000000000000000, -16.49999999999999289 ) ) ;
#187 = DIRECTION ( 'NONE',  ( 0.000000000000000000, 0.000000000000000000, -1.000000000000000000 ) ) ;
#188 = ORIENTED_EDGE ( 'NONE', *, *, #697, .T. ) ;
#189 = AXIS2_PLACEMENT_3D ( 'NONE', #390, #378, #1691 ) ;
#190 = LINE ( 'NONE', #1244, #709 ) ;
#191 = CARTESIAN_POINT ( 'NONE',  ( 25.00000000000000711, 11.00000000000000000, 22.00000000000001421 ) ) ;
#192 = CARTESIAN_POINT ( 'NONE',  ( -24.99999999999999289, 0.000000000000000000, -24.99999999999999645 ) ) ;
#193 = ORIENTED_EDGE ( 'NONE', *, *, #2733, .T. ) ;
#194 = EDGE_LOOP ( 'NONE', ( #2175, #2005, #1104, #127 ) ) ;
#195 = EDGE_LOOP ( 'NONE', ( #2955, #586, #2387, #743, #386, #466, #86, #648 ) ) ;
#196 = DIRECTION ( 'NONE',  ( -0.000000000000000000, 1.000000000000000000, -0.000000000000000000 ) ) ;
#197 = EDGE_LOOP ( 'NONE', ( #2178, #201, #2506, #2550 ) ) ;
#198 = EDGE_LOOP ( 'NONE', ( #1930, #2798, #2657, #2416 ) ) ;
#199 = DIRECTION ( 'NONE',  ( 0.000000000000000000, 0.000000000000000000, 1.000000000000000000 ) ) ;
#200 = DIRECTION ( 'NONE',  ( -1.000000000000000000, 0.000000000000000000, 0.000000000000000000 ) ) ;
#201 = ORIENTED_EDGE ( 'NONE', *, *, #1951, .T. ) ;
#202 = DIRECTION ( 'NONE',  ( 0.000000000000000000, -1.000000000000000000, 0.000000000000000000 ) ) ;
#203 = LINE ( 'NONE', #2310, #3326 ) ;
#204 = ORIENTED_EDGE ( 'NONE', *, *, #638, .F. ) ;
#205 = ORIENTED_EDGE ( 'NONE', *, *, #443, .F. ) ;
#206 = EDGE_CURVE ( 'NONE', #2900, #3260, #683, .T. ) ;
#207 = EDGE_CURVE ( 'NONE', #663, #1732, #2540, .T. ) ;
#208 = CARTESIAN_POINT ( 'NONE',  ( -16.49999999999999289, 12.00000000000000000, -8.000000000000015987 ) ) ;
#209 = DIRECTION ( 'NONE',  ( 1.000000000000000000, 0.000000000000000000, 1.927470528863119049E-16 ) ) ;
#210 = LINE ( 'NONE', #2318, #2738 ) ;
#211 = ORIENTED_EDGE ( 'NONE', *, *, #2292, .F. ) ;
#212 = CARTESIAN_POINT ( 'NONE',  ( 17.49999999999999289, 14.00000000000000000, 8.999999999999984013 ) ) ;
#213 = ORIENTED_EDGE ( 'NONE', *, *, #1162, .T. ) ;
#214 = ORIENTED_EDGE ( 'NONE', *, *, #889, .F. ) ;
#215 = AXIS2_PLACEMENT_3D ( 'NONE', #1571, #2636, #262 ) ;
#216 = LINE ( 'NONE', #3390, #559 ) ;
#217 = PLANE ( 'NONE',  #9 ) ;
#218 = EDGE_LOOP ( 'NONE', ( #1016, #143, #2867, #2072 ) ) ;
#219 = VECTOR ( 'NONE', #2649, 1000.000000000000000 ) ;
#220 = CARTESIAN_POINT ( 'NONE',  ( 0.000000000000000000, 13.50000000000000000, 6.000000000000000000 ) ) ;
#221 = DIRECTION ( 'NONE',  ( 0.000000000000000000, -0.000000000000000000, -1.000000000000000000 ) ) ;
#222 = EDGE_LOOP ( 'NONE', ( #2509, #1543, #2828, #1812 ) ) ;
#223 = DIRECTION ( 'NONE',  ( 0.000000000000000000, 0.000000000000000000, 1.000000000000000000 ) ) ;
#224 = CIRCLE ( 'NONE', #1541, 4.999999999999999112 ) ;
#225 = CARTESIAN_POINT ( 'NONE',  ( 25.00000000000000711, 11.00000000000000355, -26.49999999999999289 ) ) ;
#226 = ADVANCED_FACE ( 'NONE', ( #3055 ), #3244, .F. ) ;
#227 = ADVANCED_FACE ( 'NONE', ( #1139 ), #2793, .F. ) ;
#228 = CARTESIAN_POINT ( 'NONE',  ( 0.000000000000000000, 9.500000000000000000, 4.500000000000000000 ) ) ;
#229 = FACE_OUTER_BOUND ( 'NONE', #3135, .T. ) ;
#230 = ORIENTED_EDGE ( 'NONE', *, *, #3253, .F. ) ;
#231 = CIRCLE ( 'NONE', #516, 1.999999999999998224 ) ;
#232 = CIRCLE ( 'NONE', #2438, 5.000000000000000888 ) ;
#233 = CARTESIAN_POINT ( 'NONE',  ( -29.99999999999998579, 0.000000000000000000, 24.99999999999998579 ) ) ;
#234 = ORIENTED_EDGE ( 'NONE', *, *, #3068, .F. ) ;
#235 = ORIENTED_EDGE ( 'NONE', *, *, #975, .T. ) ;
#236 = AXIS2_PLACEMENT_3D ( 'NONE', #136, #1371, #2696 ) ;
#237 = DIRECTION ( 'NONE',  ( 0.000000000000000000, 0.000000000000000000, -1.000000000000000000 ) ) ;
#238 = DIRECTION ( 'NONE',  ( -0.000000000000000000, -1.000000000000000000, -0.000000000000000000 ) ) ;
#239 = CIRCLE ( 'NONE', #2062, 2.000000000000001776 ) ;
#240 = EDGE_LOOP ( 'NONE', ( #211, #2295, #3241, #2642 ) ) ;
#241 = VECTOR ( 'NONE', #1301, 1000.000000000000000 ) ;
#242 = CARTESIAN_POINT ( 'NONE',  ( -7.999999999999983125, 12.00000000000000000, 16.50000000000000000 ) ) ;
#243 = DIRECTION ( 'NONE',  ( -0.000000000000000000, -1.000000000000000000, -0.000000000000000000 ) ) ;
#244 = ORIENTED_EDGE ( 'NONE', *, *, #2007, .T. ) ;
#245 = EDGE_LOOP ( 'NONE', ( #3190, #3368 ) ) ;
#246 = DIRECTION ( 'NONE',  ( 0.000000000000000000, -0.000000000000000000, -1.000000000000000000 ) ) ;
#247 = DIRECTION ( 'NONE',  ( 1.000000000000000000, -0.000000000000000000, -1.224646799147353207E-16 ) ) ;
#248 = CARTESIAN_POINT ( 'NONE',  ( 17.49999999999999289, 12.00000000000000000, 8.999999999999984013 ) ) ;
#249 = ORIENTED_EDGE ( 'NONE', *, *, #2114, .T. ) ;
#250 = EDGE_CURVE ( 'NONE', #3359, #980, #3262, .T. ) ;
#251 = DIRECTION ( 'NONE',  ( 0.000000000000000000, 1.000000000000000000, 0.000000000000000000 ) ) ;
#252 = ORIENTED_EDGE ( 'NONE', *, *, #1909, .T. ) ;
#253 = ORIENTED_EDGE ( 'NONE', *, *, #2087, .T. ) ;
#254 = EDGE_CURVE ( 'NONE', #540, #2398, #2919, .T. ) ;
#255 = EDGE_CURVE ( 'NONE', #3365, #2914, #3361, .T. ) ;
#256 = CARTESIAN_POINT ( 'NONE',  ( -7.999999999999983125, 12.00000000000000000, 16.50000000000000000 ) ) ;
#257 = DIRECTION ( 'NONE',  ( 0.000000000000000000, 0.000000000000000000, -1.000000000000000000 ) ) ;
#258 = DIRECTION ( 'NONE',  ( 0.000000000000000000, 1.000000000000000000, 0.000000000000000000 ) ) ;
#259 = CARTESIAN_POINT ( 'NONE',  ( -16.50000000000000000, 0.000000000000000000, 16.50000000000000000 ) ) ;
#260 = EDGE_LOOP ( 'NONE', ( #37, #1879, #1150, #3358 ) ) ;
#261 = EDGE_LOOP ( 'NONE', ( #3270, #2881, #28, #2562 ) ) ;
#262 = DIRECTION ( 'NONE',  ( 1.000000000000000000, 0.000000000000000000, -0.000000000000000000 ) ) ;
#263 = CARTESIAN_POINT ( 'NONE',  ( 8.000000000000014211, 19.00000000000000000, -17.49999999999999289 ) ) ;
#264 = ORIENTED_EDGE ( 'NONE', *, *, #1580, .F. ) ;
#265 = MANIFOLD_SOLID_BREP ( 'Fillet5', #1032 ) ;
#266 = DIRECTION ( 'NONE',  ( 0.000000000000000000, 0.000000000000000000, -1.000000000000000000 ) ) ;
#267 = ORIENTED_EDGE ( 'NONE', *, *, #2417, .F. ) ;
#268 = ORIENTED_EDGE ( 'NONE', *, *, #1215, .T. ) ;
#269 = EDGE_LOOP ( 'NONE', ( #715, #828, #1759, #2289 ) ) ;
#270 = VECTOR ( 'NONE', #939, 1000.000000000000000 ) ;
#271 = CARTESIAN_POINT ( 'NONE',  ( -15.49999999999999822, 7.000000000000000000, -18.50000000000000355 ) ) ;
#272 = EDGE_CURVE ( 'NONE', #2567, #1486, #976, .T. ) ;
#273 = EDGE_CURVE ( 'NONE', #1297, #1364, #959, .T. ) ;
#274 = CARTESIAN_POINT ( 'NONE',  ( 15.50000000000000178, 12.00000000000000000, -10.00000000000000000 ) ) ;
#275 = ORIENTED_EDGE ( 'NONE', *, *, #382, .T. ) ;
#276 = DIRECTION ( 'NONE',  ( -0.000000000000000000, 1.000000000000000000, 0.000000000000000000 ) ) ;
#277 = DIRECTION ( 'NONE',  ( 0.000000000000000000, 0.000000000000000000, 1.000000000000000000 ) ) ;
#278 = VECTOR ( 'NONE', #1890, 1000.000000000000000 ) ;
#279 = CARTESIAN_POINT ( 'NONE',  ( 15.50000000000000178, 9.500000000000000000, -12.50000000000000000 ) ) ;
#280 = DIRECTION ( 'NONE',  ( -1.734723475976807587E-16, 0.000000000000000000, 1.000000000000000000 ) ) ;
#281 = EDGE_LOOP ( 'NONE', ( #3405, #2604, #352, #1651 ) ) ;
#282 = AXIS2_PLACEMENT_3D ( 'NONE', #2035, #3093, #3065 ) ;
#283 = AXIS2_PLACEMENT_3D ( 'NONE', #2794, #3247, #565 ) ;
#284 = DIRECTION ( 'NONE',  ( -0.000000000000000000, 1.000000000000000000, -0.000000000000000000 ) ) ;
#285 = VERTEX_POINT ( 'NONE', #225 ) ;
#286 = AXIS2_PLACEMENT_3D ( 'NONE', #2927, #74, #528 ) ;
#287 = VERTEX_POINT ( 'NONE', #3084 ) ;
#288 = AXIS2_PLACEMENT_3D ( 'NONE', #2997, #3045, #1712 ) ;
#289 = PLANE ( 'NONE',  #2426 ) ;
#290 = DIRECTION ( 'NONE',  ( 0.000000000000000000, 0.000000000000000000, 1.000000000000000000 ) ) ;
#291 = VECTOR ( 'NONE', #2905, 1000.000000000000000 ) ;
#292 = ORIENTED_EDGE ( 'NONE', *, *, #1782, .F. ) ;
#293 = EDGE_CURVE ( 'NONE', #1494, #1031, #1652, .T. ) ;
#294 = EDGE_CURVE ( 'NONE', #1828, #285, #1648, .T. ) ;
#295 = DIRECTION ( 'NONE',  ( 0.000000000000000000, 0.000000000000000000, -1.000000000000000000 ) ) ;
#296 = AXIS2_PLACEMENT_3D ( 'NONE', #1724, #1611, #1575 ) ;
#297 = CARTESIAN_POINT ( 'NONE',  ( -24.99999999999999289, -28.00000000000001776, -24.99999999999999645 ) ) ;
#298 = VERTEX_POINT ( 'NONE', #490 ) ;
#299 = CARTESIAN_POINT ( 'NONE',  ( 15.50000000000000178, 9.500000000000000000, -18.50000000000000000 ) ) ;
#300 = AXIS2_PLACEMENT_3D ( 'NONE', #192, #2253, #3103 ) ;
#301 = EDGE_CURVE ( 'NONE', #3201, #1708, #190, .T. ) ;
#302 = ORIENTED_EDGE ( 'NONE', *, *, #2049, .T. ) ;
#303 = ADVANCED_FACE ( 'NONE', ( #2042, #3100 ), #3376, .T. ) ;
#304 = CARTESIAN_POINT ( 'NONE',  ( 22.50000000000000000, 0.000000000000000000, -22.49999999999999289 ) ) ;
#305 = PLANE ( 'NONE',  #2268 ) ;
#306 = ORIENTED_EDGE ( 'NONE', *, *, #915, .T. ) ;
#307 = DIRECTION ( 'NONE',  ( 0.000000000000000000, -0.000000000000000000, -1.000000000000000000 ) ) ;
#308 = ORIENTED_EDGE ( 'NONE', *, *, #2833, .F. ) ;
#309 = DIRECTION ( 'NONE',  ( 0.000000000000000000, 0.000000000000000000, 1.000000000000000000 ) ) ;
#310 = FACE_BOUND ( 'NONE', #168, .T. ) ;
#311 = ORIENTED_EDGE ( 'NONE', *, *, #1618, .T. ) ;
#312 = CARTESIAN_POINT ( 'NONE',  ( 0.000000000000000000, 12.00000000000000000, -6.000000000000000000 ) ) ;
#313 = CARTESIAN_POINT ( 'NONE',  ( 0.000000000000000000, 9.500000000000000000, -8.500000000000000000 ) ) ;
#314 = VERTEX_POINT ( 'NONE', #2063 ) ;
#315 = DIRECTION ( 'NONE',  ( -0.000000000000000000, 1.000000000000000000, 0.000000000000000000 ) ) ;
#316 = ORIENTED_EDGE ( 'NONE', *, *, #3006, .T. ) ;
#317 = FACE_OUTER_BOUND ( 'NONE', #1400, .T. ) ;
#318 = CARTESIAN_POINT ( 'NONE',  ( -15.50000000000000178, 9.500000000000000000, 15.49999999999999289 ) ) ;
#319 = ORIENTED_EDGE ( 'NONE', *, *, #1553, .T. ) ;
#320 = EDGE_CURVE ( 'NONE', #831, #3388, #2036, .T. ) ;
#321 = ADVANCED_FACE ( 'NONE', ( #1806, #2594 ), #1033, .T. ) ;
#322 = DIRECTION ( 'NONE',  ( 0.000000000000000000, -1.000000000000000000, 0.000000000000000000 ) ) ;
#323 = ORIENTED_EDGE ( 'NONE', *, *, #59, .F. ) ;
#324 = CARTESIAN_POINT ( 'NONE',  ( 0.000000000000000000, 9.500000000000000000, -6.000000000000000000 ) ) ;
#325 = DIRECTION ( 'NONE',  ( 0.000000000000000000, 0.000000000000000000, 1.000000000000000000 ) ) ;
#326 = EDGE_LOOP ( 'NONE', ( #1480, #1118, #2262, #2687, #776, #804, #610, #957 ) ) ;
#327 = CARTESIAN_POINT ( 'NONE',  ( 15.50000000000000178, 12.00000000000000000, -17.49999999999999645 ) ) ;
#328 = CARTESIAN_POINT ( 'NONE',  ( -19.49999999999999645, 14.00000000000000000, -8.000000000000014211 ) ) ;
#329 = CARTESIAN_POINT ( 'NONE',  ( 20.49999999999999645, 14.00000000000000000, 7.999999999999983125 ) ) ;
#330 = VERTEX_POINT ( 'NONE', #159 ) ;
#331 = FACE_OUTER_BOUND ( 'NONE', #240, .T. ) ;
#332 = DIRECTION ( 'NONE',  ( 0.000000000000000000, 0.000000000000000000, -1.000000000000000000 ) ) ;
#333 = ORIENTED_EDGE ( 'NONE', *, *, #3068, .T. ) ;
#334 = VECTOR ( 'NONE', #3081, 1000.000000000000000 ) ;
#335 = EDGE_CURVE ( 'NONE', #1674, #355, #1840, .T. ) ;
#336 = EDGE_CURVE ( 'NONE', #1538, #1297, #2630, .T. ) ;
#337 = CARTESIAN_POINT ( 'NONE',  ( -17.49999999999999645, 12.00000000000000000, 8.999999999999982236 ) ) ;
#338 = EDGE_LOOP ( 'NONE', ( #2246, #924, #2688, #541 ) ) ;
#339 = VERTEX_POINT ( 'NONE', #1552 ) ;
#340 = VECTOR ( 'NONE', #1588, 1000.000000000000000 ) ;
#341 = CARTESIAN_POINT ( 'NONE',  ( -24.99999999999998579, 0.000000000000000000, 29.99999999999998579 ) ) ;
#342 = VECTOR ( 'NONE', #3120, 1000.000000000000000 ) ;
#343 = CARTESIAN_POINT ( 'NONE',  ( 8.000000000000014211, 14.00000000000000000, -20.49999999999999289 ) ) ;
#344 = EDGE_LOOP ( 'NONE', ( #2716, #1577 ) ) ;
#345 = TOROIDAL_SURFACE ( 'NONE', #1280, 5.000000000000000000, 2.500000000000000000 ) ;
#346 = CYLINDRICAL_SURFACE ( 'NONE', #892, 5.000000000000000888 ) ;
#347 = CARTESIAN_POINT ( 'NONE',  ( -29.99999999999998579, 14.00000000000000000, 29.99999999999998579 ) ) ;
#348 = VECTOR ( 'NONE', #3025, 1000.000000000000000 ) ;
#349 = ORIENTED_EDGE ( 'NONE', *, *, #101, .F. ) ;
#350 = CARTESIAN_POINT ( 'NONE',  ( 0.000000000000000000, 13.50000000000000000, 6.000000000000000000 ) ) ;
#351 = ORIENTED_EDGE ( 'NONE', *, *, #1775, .T. ) ;
#352 = ORIENTED_EDGE ( 'NONE', *, *, #699, .T. ) ;
#353 = VECTOR ( 'NONE', #2714, 1000.000000000000000 ) ;
#354 = LINE ( 'NONE', #1434, #3 ) ;
#355 = VERTEX_POINT ( 'NONE', #819 ) ;
#356 = CIRCLE ( 'NONE', #2674, 1.000000000000000888 ) ;
#357 = VECTOR ( 'NONE', #2948, 1000.000000000000000 ) ;
#358 = CIRCLE ( 'NONE', #1683, 1.500000000000000444 ) ;
#359 = CARTESIAN_POINT ( 'NONE',  ( 30.00000000000001421, 14.00000000000000000, 29.99999999999998579 ) ) ;
#360 = FACE_OUTER_BOUND ( 'NONE', #1625, .T. ) ;
#361 = LINE ( 'NONE', #1407, #3352 ) ;
#362 = ADVANCED_FACE ( 'NONE', ( #2382 ), #2926, .F. ) ;
#363 = DIRECTION ( 'NONE',  ( -0.000000000000000000, 1.000000000000000000, -0.000000000000000000 ) ) ;
#364 = DIRECTION ( 'NONE',  ( 0.000000000000000000, 0.000000000000000000, -1.000000000000000000 ) ) ;
#365 = ADVANCED_FACE ( 'NONE', ( #317 ), #17, .F. ) ;
#366 = EDGE_CURVE ( 'NONE', #1304, #1483, #3222, .T. ) ;
#367 = VERTEX_POINT ( 'NONE', #279 ) ;
#368 = CARTESIAN_POINT ( 'NONE',  ( 25.00000000000000711, 0.000000000000000000, 29.99999999999998579 ) ) ;
#369 = DIRECTION ( 'NONE',  ( -7.709882115452476934E-17, 0.000000000000000000, 1.000000000000000000 ) ) ;
#370 = DIRECTION ( 'NONE',  ( 0.000000000000000000, -1.000000000000000000, 0.000000000000000000 ) ) ;
#371 = ORIENTED_EDGE ( 'NONE', *, *, #1310, .F. ) ;
#372 = ORIENTED_EDGE ( 'NONE', *, *, #711, .F. ) ;
#373 = LINE ( 'NONE', #2771, #722 ) ;
#374 = DIRECTION ( 'NONE',  ( 0.000000000000000000, -1.000000000000000000, 0.000000000000000000 ) ) ;
#375 = EDGE_LOOP ( 'NONE', ( #135, #550 ) ) ;
#376 = ORIENTED_EDGE ( 'NONE', *, *, #2468, .F. ) ;
#377 = AXIS2_PLACEMENT_3D ( 'NONE', #2414, #2116, #3184 ) ;
#378 = DIRECTION ( 'NONE',  ( 0.000000000000000000, -1.000000000000000000, -0.000000000000000000 ) ) ;
#379 = DIRECTION ( 'NONE',  ( 0.000000000000000000, 0.000000000000000000, 1.000000000000000000 ) ) ;
#380 = DIRECTION ( 'NONE',  ( 0.000000000000000000, -1.000000000000000000, 0.000000000000000000 ) ) ;
#381 = AXIS2_PLACEMENT_3D ( 'NONE', #2366, #3169, #1079 ) ;
#382 = EDGE_CURVE ( 'NONE', #1641, #3230, #816, .T. ) ;
#383 = EDGE_CURVE ( 'NONE', #1972, #938, #2248, .T. ) ;
#384 = CARTESIAN_POINT ( 'NONE',  ( 0.000000000000000000, 14.00000000000000000, 0.000000000000000000 ) ) ;
#385 = CARTESIAN_POINT ( 'NONE',  ( -15.50000000000000178, 7.000000000000000000, 15.49999999999999289 ) ) ;
#386 = ORIENTED_EDGE ( 'NONE', *, *, #145, .T. ) ;
#387 = DIRECTION ( 'NONE',  ( 0.000000000000000000, -1.000000000000000000, 0.000000000000000000 ) ) ;
#388 = FACE_BOUND ( 'NONE', #2311, .T. ) ;
#389 = VERTEX_POINT ( 'NONE', #1344 ) ;
#390 = CARTESIAN_POINT ( 'NONE',  ( 8.000000000000014211, 14.00000000000000000, -17.49999999999999289 ) ) ;
#391 = DIRECTION ( 'NONE',  ( 0.000000000000000000, 0.000000000000000000, -1.000000000000000000 ) ) ;
#392 = ORIENTED_EDGE ( 'NONE', *, *, #2298, .T. ) ;
#393 = CARTESIAN_POINT ( 'NONE',  ( 17.49999999999999289, 19.00000000000000000, 7.999999999999983125 ) ) ;
#394 = EDGE_LOOP ( 'NONE', ( #2231, #3425, #2371, #3117 ) ) ;
#395 = ORIENTED_EDGE ( 'NONE', *, *, #442, .T. ) ;
#396 = VECTOR ( 'NONE', #1123, 1000.000000000000000 ) ;
#397 = LINE ( 'NONE', #1499, #451 ) ;
#398 = DIRECTION ( 'NONE',  ( 0.000000000000000000, 1.000000000000000000, 0.000000000000000000 ) ) ;
#399 = VECTOR ( 'NONE', #1258, 1000.000000000000000 ) ;
#400 = EDGE_CURVE ( 'NONE', #2673, #1633, #2974, .T. ) ;
#401 = ADVANCED_FACE ( 'NONE', ( #1314 ), #2129, .T. ) ;
#402 = ORIENTED_EDGE ( 'NONE', *, *, #2574, .T. ) ;
#403 = TOROIDAL_SURFACE ( 'NONE', #2774, 5.000000000000000888, 2.500000000000000000 ) ;
#404 = DIRECTION ( 'NONE',  ( -0.000000000000000000, 1.000000000000000000, -0.000000000000000000 ) ) ;
#405 = CIRCLE ( 'NONE', #680, 1.000000000000000888 ) ;
#406 = CARTESIAN_POINT ( 'NONE',  ( -19.49999999999999645, 12.00000000000000000, -9.000000000000014211 ) ) ;
#407 = ORIENTED_EDGE ( 'NONE', *, *, #3187, .F. ) ;
#408 = EDGE_CURVE ( 'NONE', #47, #367, #1187, .T. ) ;
#409 = AXIS2_PLACEMENT_3D ( 'NONE', #1693, #2976, #2173 ) ;
#410 = CARTESIAN_POINT ( 'NONE',  ( 15.50000000000000178, 9.500000000000000000, -15.50000000000000000 ) ) ;
#411 = CIRCLE ( 'NONE', #2332, 1.500000000000001332 ) ;
#412 = LINE ( 'NONE', #2031, #2953 ) ;
#413 = AXIS2_PLACEMENT_3D ( 'NONE', #790, #315, #1283 ) ;
#414 = DIRECTION ( 'NONE',  ( 0.000000000000000000, 0.000000000000000000, 1.000000000000000000 ) ) ;
#415 = ORIENTED_EDGE ( 'NONE', *, *, #2314, .F. ) ;
#416 = VERTEX_POINT ( 'NONE', #2616 ) ;
#417 = ORIENTED_EDGE ( 'NONE', *, *, #2833, .T. ) ;
#418 = CARTESIAN_POINT ( 'NONE',  ( -15.50000000000000178, 9.500000000000000000, 15.49999999999999289 ) ) ;
#419 = DIRECTION ( 'NONE',  ( 0.000000000000000000, 0.000000000000000000, 1.000000000000000000 ) ) ;
#420 = DIRECTION ( 'NONE',  ( 0.000000000000000000, 0.000000000000000000, 1.000000000000000000 ) ) ;
#421 = ORIENTED_EDGE ( 'NONE', *, *, #207, .T. ) ;
#422 = LINE ( 'NONE', #3372, #1058 ) ;
#423 = DIRECTION ( 'NONE',  ( 0.000000000000000000, -1.000000000000000000, 0.000000000000000000 ) ) ;
#424 = ORIENTED_EDGE ( 'NONE', *, *, #2468, .T. ) ;
#425 = FACE_OUTER_BOUND ( 'NONE', #2510, .T. ) ;
#426 = EDGE_CURVE ( 'NONE', #622, #447, #2689, .T. ) ;
#427 = EDGE_CURVE ( 'NONE', #1850, #2621, #1360, .T. ) ;
#428 = CARTESIAN_POINT ( 'NONE',  ( 8.000000000000014211, 12.00000000000000000, 16.50000000000000000 ) ) ;
#429 = CARTESIAN_POINT ( 'NONE',  ( -17.49999999999999645, 14.00000000000000000, 8.999999999999982236 ) ) ;
#430 = FACE_BOUND ( 'NONE', #3018, .T. ) ;
#431 = ORIENTED_EDGE ( 'NONE', *, *, #3319, .T. ) ;
#432 = ORIENTED_EDGE ( 'NONE', *, *, #2256, .F. ) ;
#433 = LINE ( 'NONE', #1220, #2104 ) ;
#434 = CARTESIAN_POINT ( 'NONE',  ( -15.49999999999999822, 7.000000000000000000, -15.50000000000000178 ) ) ;
#435 = ORIENTED_EDGE ( 'NONE', *, *, #2987, .T. ) ;
#436 = DIRECTION ( 'NONE',  ( 0.000000000000000000, -1.000000000000000000, 0.000000000000000000 ) ) ;
#437 = DIRECTION ( 'NONE',  ( -0.000000000000000000, -0.000000000000000000, -1.000000000000000000 ) ) ;
#438 = ORIENTED_EDGE ( 'NONE', *, *, #2298, .F. ) ;
#439 = DIRECTION ( 'NONE',  ( 0.000000000000000000, 1.000000000000000000, -0.000000000000000000 ) ) ;
#440 = DIRECTION ( 'NONE',  ( -0.000000000000000000, 1.000000000000000000, -0.000000000000000000 ) ) ;
#441 = DIRECTION ( 'NONE',  ( 0.000000000000000000, 1.000000000000000000, -0.000000000000000000 ) ) ;
#442 = EDGE_CURVE ( 'NONE', #2952, #1479, #988, .T. ) ;
#443 = EDGE_CURVE ( 'NONE', #1708, #2584, #2671, .T. ) ;
#444 = ORIENTED_EDGE ( 'NONE', *, *, #2150, .F. ) ;
#445 = DIRECTION ( 'NONE',  ( 0.000000000000000000, 1.000000000000000000, -0.000000000000000000 ) ) ;
#446 = ORIENTED_EDGE ( 'NONE', *, *, #1668, .T. ) ;
#447 = VERTEX_POINT ( 'NONE', #32 ) ;
#448 = AXIS2_PLACEMENT_3D ( 'NONE', #2247, #1688, #1715 ) ;
#449 = EDGE_CURVE ( 'NONE', #2, #1933, #2141, .T. ) ;
#450 = CARTESIAN_POINT ( 'NONE',  ( -20.49999999999999645, 14.00000000000000000, -8.000000000000014211 ) ) ;
#451 = VECTOR ( 'NONE', #691, 1000.000000000000000 ) ;
#452 = CARTESIAN_POINT ( 'NONE',  ( 25.00000000000000711, -28.00000000000001776, 25.00000000000001066 ) ) ;
#453 = AXIS2_PLACEMENT_3D ( 'NONE', #2073, #2628, #1292 ) ;
#454 = FACE_OUTER_BOUND ( 'NONE', #2453, .T. ) ;
#455 = PLANE ( 'NONE',  #2162 ) ;
#456 = ORIENTED_EDGE ( 'NONE', *, *, #2448, .T. ) ;
#457 = CIRCLE ( 'NONE', #2888, 3.000000000000000888 ) ;
#458 = ORIENTED_EDGE ( 'NONE', *, *, #272, .T. ) ;
#459 = CIRCLE ( 'NONE', #2058, 0.9999999999999991118 ) ;
#460 = SURFACE_STYLE_FILL_AREA ( #2821 ) ;
#461 = CARTESIAN_POINT ( 'NONE',  ( -15.49999999999999822, 12.00000000000000000, -13.50000000000000178 ) ) ;
#462 = CARTESIAN_POINT ( 'NONE',  ( 30.00000000000001421, 14.00000000000000000, 29.99999999999998579 ) ) ;
#463 = AXIS2_PLACEMENT_3D ( 'NONE', #1924, #3229, #1391 ) ;
#464 = ORIENTED_EDGE ( 'NONE', *, *, #851, .T. ) ;
#465 = VECTOR ( 'NONE', #2813, 1000.000000000000000 ) ;
#466 = ORIENTED_EDGE ( 'NONE', *, *, #531, .T. ) ;
#467 = FACE_BOUND ( 'NONE', #2395, .T. ) ;
#468 = ORIENTED_EDGE ( 'NONE', *, *, #1412, .T. ) ;
#469 = ORIENTED_EDGE ( 'NONE', *, *, #888, .T. ) ;
#470 = AXIS2_PLACEMENT_3D ( 'NONE', #3252, #606, #1685 ) ;
#471 = CARTESIAN_POINT ( 'NONE',  ( 20.49999999999999645, 12.00000000000000000, -9.000000000000014211 ) ) ;
#472 = EDGE_CURVE ( 'NONE', #2998, #2183, #1965, .T. ) ;
#473 = ADVANCED_FACE ( 'NONE', ( #3151 ), #787, .F. ) ;
#474 = DIRECTION ( 'NONE',  ( -0.000000000000000000, 1.000000000000000000, -0.000000000000000000 ) ) ;
#475 = DIRECTION ( 'NONE',  ( 0.000000000000000000, 0.000000000000000000, -1.000000000000000000 ) ) ;
#476 = CYLINDRICAL_SURFACE ( 'NONE', #122, 1.500000000000000444 ) ;
#477 = DIRECTION ( 'NONE',  ( 0.000000000000000000, 0.000000000000000000, 1.000000000000000000 ) ) ;
#478 = CARTESIAN_POINT ( 'NONE',  ( -15.50000000000000178, 12.00000000000000000, 17.49999999999999289 ) ) ;
#479 = CARTESIAN_POINT ( 'NONE',  ( -22.50000000000000000, 12.00000000000000000, -16.49999999999999289 ) ) ;
#480 = VERTEX_POINT ( 'NONE', #661 ) ;
#481 = CARTESIAN_POINT ( 'NONE',  ( -7.999999999999983125, 12.00000000000000000, 19.50000000000000000 ) ) ;
#482 = ORIENTED_EDGE ( 'NONE', *, *, #449, .T. ) ;
#483 = DIRECTION ( 'NONE',  ( -0.000000000000000000, -1.000000000000000000, 0.000000000000000000 ) ) ;
#484 = CARTESIAN_POINT ( 'NONE',  ( -24.99999999999999289, 11.00000000000000000, -24.99999999999999645 ) ) ;
#485 = ADVANCED_FACE ( 'NONE', ( #3033 ), #73, .F. ) ;
#486 = ADVANCED_FACE ( 'NONE', ( #3239 ), #403, .F. ) ;
#487 = DIRECTION ( 'NONE',  ( 0.000000000000000000, 0.000000000000000000, 1.000000000000000000 ) ) ;
#488 = DIRECTION ( 'NONE',  ( 0.000000000000000000, 0.000000000000000000, 1.000000000000000000 ) ) ;
#489 = CARTESIAN_POINT ( 'NONE',  ( 0.000000000000000000, 14.00000000000000000, -9.000000000000014211 ) ) ;
#490 = CARTESIAN_POINT ( 'NONE',  ( 15.50000000000000178, 7.000000000000000000, -12.50000000000000000 ) ) ;
#491 = DIRECTION ( 'NONE',  ( -1.927470528863119049E-16, 0.000000000000000000, 1.000000000000000000 ) ) ;
#492 = CARTESIAN_POINT ( 'NONE',  ( 15.50000000000000178, 7.000000000000000000, -15.50000000000000000 ) ) ;
#493 = ORIENTED_EDGE ( 'NONE', *, *, #1909, .F. ) ;
#494 = CARTESIAN_POINT ( 'NONE',  ( 15.50000000000000178, 7.000000000000000000, -15.50000000000000000 ) ) ;
#495 = VERTEX_POINT ( 'NONE', #2758 ) ;
#496 = AXIS2_PLACEMENT_3D ( 'NONE', #3036, #665, #1719 ) ;
#497 = DIRECTION ( 'NONE',  ( -0.000000000000000000, -1.000000000000000000, -0.000000000000000000 ) ) ;
#498 = DIRECTION ( 'NONE',  ( 0.000000000000000000, 0.000000000000000000, -1.000000000000000000 ) ) ;
#499 = CIRCLE ( 'NONE', #3314, 1.500000000000000444 ) ;
#500 = VERTEX_POINT ( 'NONE', #3000 ) ;
#501 = VECTOR ( 'NONE', #826, 1000.000000000000000 ) ;
#502 = DIRECTION ( 'NONE',  ( 0.000000000000000000, 0.000000000000000000, -1.000000000000000000 ) ) ;
#503 = FACE_OUTER_BOUND ( 'NONE', #719, .T. ) ;
#504 = PRODUCT_RELATED_PRODUCT_CATEGORY ( 'part', '', ( #1756 ) ) ;
#505 = ORIENTED_EDGE ( 'NONE', *, *, #2528, .F. ) ;
#506 = EDGE_CURVE ( 'NONE', #3083, #3014, #3019, .T. ) ;
#507 = DIRECTION ( 'NONE',  ( -1.000000000000000000, 0.000000000000000000, 0.000000000000000000 ) ) ;
#508 = AXIS2_PLACEMENT_3D ( 'NONE', #2553, #1745, #3316 ) ;
#509 = CARTESIAN_POINT ( 'NONE',  ( 15.50000000000000178, 12.00000000000000000, 15.50000000000000000 ) ) ;
#510 = AXIS2_PLACEMENT_3D ( 'NONE', #1525, #2889, #237 ) ;
#511 = CARTESIAN_POINT ( 'NONE',  ( -15.49999999999999822, 12.00000000000000000, -15.50000000000000178 ) ) ;
#512 = EDGE_CURVE ( 'NONE', #1561, #1307, #1498, .T. ) ;
#513 = EDGE_CURVE ( 'NONE', #1702, #1717, #1855, .T. ) ;
#514 = LINE ( 'NONE', #2965, #576 ) ;
#515 = ORIENTED_EDGE ( 'NONE', *, *, #570, .F. ) ;
#516 = AXIS2_PLACEMENT_3D ( 'NONE', #1485, #729, #2282 ) ;
#517 = CARTESIAN_POINT ( 'NONE',  ( 22.50000000000000000, 0.000000000000000000, -16.49999999999999289 ) ) ;
#518 = VERTEX_POINT ( 'NONE', #2213 ) ;
#519 = EDGE_LOOP ( 'NONE', ( #268, #2654, #2521, #898 ) ) ;
#520 = CIRCLE ( 'NONE', #2440, 2.500000000000000444 ) ;
#521 = DIRECTION ( 'NONE',  ( -0.000000000000000000, 1.000000000000000000, 0.000000000000000000 ) ) ;
#522 = CYLINDRICAL_SURFACE ( 'NONE', #1728, 2.999999999999999112 ) ;
#523 = AXIS2_PLACEMENT_3D ( 'NONE', #2462, #3023, #599 ) ;
#524 = VECTOR ( 'NONE', #1133, 1000.000000000000000 ) ;
#525 = LINE ( 'NONE', #1090, #3266 ) ;
#526 = CARTESIAN_POINT ( 'NONE',  ( 16.49999999999998934, 19.00000000000000000, -9.000000000000014211 ) ) ;
#527 = DIRECTION ( 'NONE',  ( 0.000000000000000000, 0.000000000000000000, -1.000000000000000000 ) ) ;
#528 = DIRECTION ( 'NONE',  ( 0.000000000000000000, 0.000000000000000000, -1.000000000000000000 ) ) ;
#529 = EDGE_LOOP ( 'NONE', ( #1915, #2728, #2383, #140 ) ) ;
#530 = EDGE_CURVE ( 'NONE', #3219, #3321, #2981, .T. ) ;
#531 = EDGE_CURVE ( 'NONE', #3159, #866, #1826, .T. ) ;
#532 = CYLINDRICAL_SURFACE ( 'NONE', #1559, 1.999999999999998224 ) ;
#533 = ORIENTED_EDGE ( 'NONE', *, *, #2648, .T. ) ;
#534 = EDGE_LOOP ( 'NONE', ( #2364, #731, #1022, #395 ) ) ;
#535 = FACE_OUTER_BOUND ( 'NONE', #529, .T. ) ;
#536 = CARTESIAN_POINT ( 'NONE',  ( 15.50000000000000178, 12.00000000000000000, -15.50000000000000000 ) ) ;
#537 = STYLED_ITEM ( 'NONE', ( #1531 ), #265 ) ;
#538 = CARTESIAN_POINT ( 'NONE',  ( -22.50000000000000000, 0.000000000000000000, -16.49999999999999289 ) ) ;
#539 = LINE ( 'NONE', #3148, #1551 ) ;
#540 = VERTEX_POINT ( 'NONE', #1151 ) ;
#541 = ORIENTED_EDGE ( 'NONE', *, *, #1554, .F. ) ;
#542 = CARTESIAN_POINT ( 'NONE',  ( 0.000000000000000000, 14.00000000000000000, 16.50000000000000000 ) ) ;
#543 = CARTESIAN_POINT ( 'NONE',  ( 15.50000000000000178, 7.000000000000000000, -15.50000000000000000 ) ) ;
#544 = ORIENTED_EDGE ( 'NONE', *, *, #761, .F. ) ;
#545 = CARTESIAN_POINT ( 'NONE',  ( -15.50000000000000178, 7.000000000000000000, 13.49999999999999467 ) ) ;
#546 = EDGE_LOOP ( 'NONE', ( #1036, #880, #1631, #2160 ) ) ;
#547 = EDGE_CURVE ( 'NONE', #2621, #2099, #1490, .T. ) ;
#548 = CYLINDRICAL_SURFACE ( 'NONE', #1846, 1.000000000000000888 ) ;
#549 = EDGE_CURVE ( 'NONE', #2398, #2914, #373, .T. ) ;
#550 = ORIENTED_EDGE ( 'NONE', *, *, #910, .F. ) ;
#551 = DIRECTION ( 'NONE',  ( -0.000000000000000000, -1.000000000000000000, 0.000000000000000000 ) ) ;
#552 = DIRECTION ( 'NONE',  ( -0.000000000000000000, 1.000000000000000000, 0.000000000000000000 ) ) ;
#553 = CYLINDRICAL_SURFACE ( 'NONE', #2515, 1.000000000000000888 ) ;
#554 = ORIENTED_EDGE ( 'NONE', *, *, #320, .F. ) ;
#555 = CARTESIAN_POINT ( 'NONE',  ( -15.50000000000000178, 7.000000000000000000, 15.49999999999999289 ) ) ;
#556 = DIRECTION ( 'NONE',  ( 0.000000000000000000, -1.000000000000000000, -0.000000000000000000 ) ) ;
#557 = VERTEX_POINT ( 'NONE', #1931 ) ;
#558 = VECTOR ( 'NONE', #1238, 1000.000000000000000 ) ;
#559 = VECTOR ( 'NONE', #1390, 1000.000000000000000 ) ;
#560 = FACE_OUTER_BOUND ( 'NONE', #3024, .T. ) ;
#561 = ORIENTED_EDGE ( 'NONE', *, *, #1082, .T. ) ;
#562 = AXIS2_PLACEMENT_3D ( 'NONE', #3294, #423, #2249 ) ;
#563 = VERTEX_POINT ( 'NONE', #2507 ) ;
#564 = AXIS2_PLACEMENT_3D ( 'NONE', #1373, #2756, #642 ) ;
#565 = DIRECTION ( 'NONE',  ( 0.000000000000000000, 0.000000000000000000, -1.000000000000000000 ) ) ;
#566 = CARTESIAN_POINT ( 'NONE',  ( 1.836970198721029934E-16, 13.50000000000000000, 7.500000000000000888 ) ) ;
#567 = VECTOR ( 'NONE', #2869, 1000.000000000000000 ) ;
#568 = VERTEX_POINT ( 'NONE', #1164 ) ;
#569 = ADVANCED_FACE ( 'NONE', ( #1401 ), #2983, .F. ) ;
#570 = EDGE_CURVE ( 'NONE', #1513, #1820, #3044, .T. ) ;
#571 = FACE_OUTER_BOUND ( 'NONE', #4, .T. ) ;
#572 = DIRECTION ( 'NONE',  ( -0.000000000000000000, 1.000000000000000000, -0.000000000000000000 ) ) ;
#573 = ORIENTED_EDGE ( 'NONE', *, *, #2703, .T. ) ;
#574 = ORIENTED_EDGE ( 'NONE', *, *, #2623, .T. ) ;
#575 = DIRECTION ( 'NONE',  ( 0.000000000000000000, -1.000000000000000000, 0.000000000000000000 ) ) ;
#576 = VECTOR ( 'NONE', #1556, 1000.000000000000000 ) ;
#577 = ORIENTED_EDGE ( 'NONE', *, *, #3339, .T. ) ;
#578 = DIRECTION ( 'NONE',  ( 0.000000000000000000, 1.000000000000000000, -0.000000000000000000 ) ) ;
#579 = CARTESIAN_POINT ( 'NONE',  ( -7.999999999999983125, 14.00000000000000000, 19.50000000000000000 ) ) ;
#580 = ORIENTED_EDGE ( 'NONE', *, *, #1455, .F. ) ;
#581 = ORIENTED_EDGE ( 'NONE', *, *, #1774, .F. ) ;
#582 = CARTESIAN_POINT ( 'NONE',  ( -7.999999999999983125, 14.00000000000000000, 20.50000000000000000 ) ) ;
#583 = ORIENTED_EDGE ( 'NONE', *, *, #33, .T. ) ;
#584 = CARTESIAN_POINT ( 'NONE',  ( 22.49999999999999645, 12.00000000000000000, 22.50000000000000711 ) ) ;
#585 = DIRECTION ( 'NONE',  ( 0.000000000000000000, 0.000000000000000000, -1.000000000000000000 ) ) ;
#586 = ORIENTED_EDGE ( 'NONE', *, *, #128, .T. ) ;
#587 = AXIS2_PLACEMENT_3D ( 'NONE', #1049, #805, #3428 ) ;
#588 = DIRECTION ( 'NONE',  ( -0.000000000000000000, 1.000000000000000000, 0.000000000000000000 ) ) ;
#589 = CARTESIAN_POINT ( 'NONE',  ( 9.000000000000014211, 14.00000000000000000, 17.50000000000000000 ) ) ;
#590 = CARTESIAN_POINT ( 'NONE',  ( -24.99999999999999289, -28.00000000000001776, -23.49999999999999645 ) ) ;
#591 = EDGE_CURVE ( 'NONE', #64, #773, #2712, .T. ) ;
#592 = EDGE_CURVE ( 'NONE', #1717, #1702, #2928, .T. ) ;
#593 = ORIENTED_EDGE ( 'NONE', *, *, #293, .T. ) ;
#594 = DIRECTION ( 'NONE',  ( -0.000000000000000000, 1.000000000000000000, -0.000000000000000000 ) ) ;
#595 = DIRECTION ( 'NONE',  ( 0.000000000000000000, 0.000000000000000000, -1.000000000000000000 ) ) ;
#596 = EDGE_LOOP ( 'NONE', ( #1384, #796, #848, #3061 ) ) ;
#597 = EDGE_LOOP ( 'NONE', ( #2938, #3126, #1699, #1523 ) ) ;
#598 = AXIS2_PLACEMENT_3D ( 'NONE', #2910, #855, #2652 ) ;
#599 = DIRECTION ( 'NONE',  ( 0.000000000000000000, 0.000000000000000000, -1.000000000000000000 ) ) ;
#600 = ORIENTED_EDGE ( 'NONE', *, *, #1259, .T. ) ;
#601 = DIRECTION ( 'NONE',  ( 0.000000000000000000, 0.000000000000000000, 1.000000000000000000 ) ) ;
#602 = CARTESIAN_POINT ( 'NONE',  ( -17.49999999999999645, 14.00000000000000000, -9.000000000000015987 ) ) ;
#603 = ORIENTED_EDGE ( 'NONE', *, *, #2624, .T. ) ;
#604 = DIRECTION ( 'NONE',  ( -0.000000000000000000, 1.000000000000000000, -0.000000000000000000 ) ) ;
#605 = DIRECTION ( 'NONE',  ( 0.000000000000000000, 0.000000000000000000, 1.000000000000000000 ) ) ;
#606 = DIRECTION ( 'NONE',  ( -0.000000000000000000, 1.000000000000000000, -0.000000000000000000 ) ) ;
#607 = ORIENTED_EDGE ( 'NONE', *, *, #1929, .F. ) ;
#608 = ORIENTED_EDGE ( 'NONE', *, *, #207, .F. ) ;
#609 = DIRECTION ( 'NONE',  ( 0.000000000000000000, 0.000000000000000000, 1.000000000000000000 ) ) ;
#610 = ORIENTED_EDGE ( 'NONE', *, *, #1342, .T. ) ;
#611 = ORIENTED_EDGE ( 'NONE', *, *, #1042, .T. ) ;
#612 = CIRCLE ( 'NONE', #2655, 5.000000000000000888 ) ;
#613 = DIRECTION ( 'NONE',  ( 0.000000000000000000, 0.000000000000000000, -1.000000000000000000 ) ) ;
#614 = AXIS2_PLACEMENT_3D ( 'NONE', #45, #1411, #3015 ) ;
#615 = EDGE_CURVE ( 'NONE', #3014, #2051, #3149, .T. ) ;
#616 = EDGE_CURVE ( 'NONE', #3175, #2053, #922, .T. ) ;
#617 = PLANE ( 'NONE',  #2951 ) ;
#618 = CIRCLE ( 'NONE', #283, 2.500000000000000444 ) ;
#619 = DIRECTION ( 'NONE',  ( 0.000000000000000000, 1.000000000000000000, -0.000000000000000000 ) ) ;
#620 = VECTOR ( 'NONE', #886, 1000.000000000000000 ) ;
#621 = DIRECTION ( 'NONE',  ( 0.000000000000000000, 1.000000000000000000, -0.000000000000000000 ) ) ;
#622 = VERTEX_POINT ( 'NONE', #1642 ) ;
#623 = VECTOR ( 'NONE', #3338, 1000.000000000000000 ) ;
#624 = FACE_BOUND ( 'NONE', #375, .T. ) ;
#625 = DIRECTION ( 'NONE',  ( 0.000000000000000000, 1.000000000000000000, -0.000000000000000000 ) ) ;
#626 = CIRCLE ( 'NONE', #3221, 1.999999999999998224 ) ;
#627 = EDGE_LOOP ( 'NONE', ( #573, #1415 ) ) ;
#628 = ORIENTED_EDGE ( 'NONE', *, *, #1222, .F. ) ;
#629 = VECTOR ( 'NONE', #3264, 1000.000000000000000 ) ;
#630 = DIRECTION ( 'NONE',  ( 0.000000000000000000, 0.000000000000000000, 1.000000000000000000 ) ) ;
#631 = CARTESIAN_POINT ( 'NONE',  ( 15.50000000000000178, 12.00000000000000000, 17.50000000000000000 ) ) ;
#632 = EDGE_LOOP ( 'NONE', ( #750, #456, #2587, #1217 ) ) ;
#633 = ORIENTED_EDGE ( 'NONE', *, *, #862, .T. ) ;
#634 = CIRCLE ( 'NONE', #15, 2.999999999999999112 ) ;
#635 = DIRECTION ( 'NONE',  ( -2.312964634635743450E-16, 0.000000000000000000, -1.000000000000000000 ) ) ;
#636 = LINE ( 'NONE', #1692, #1563 ) ;
#637 = ADVANCED_FACE ( 'NONE', ( #331 ), #1377, .F. ) ;
#638 = EDGE_CURVE ( 'NONE', #518, #339, #1886, .T. ) ;
#639 = CARTESIAN_POINT ( 'NONE',  ( 0.000000000000000000, 12.00000000000000000, -6.000000000000000000 ) ) ;
#640 = ORIENTED_EDGE ( 'NONE', *, *, #3188, .T. ) ;
#641 = CARTESIAN_POINT ( 'NONE',  ( -24.99999999999998579, 14.00000000000000000, 24.99999999999998579 ) ) ;
#642 = DIRECTION ( 'NONE',  ( 0.000000000000000000, 0.000000000000000000, -1.000000000000000000 ) ) ;
#643 = CARTESIAN_POINT ( 'NONE',  ( 16.49999999999998934, 12.00000000000000000, 8.999999999999984013 ) ) ;
#644 = ORIENTED_EDGE ( 'NONE', *, *, #3360, .F. ) ;
#645 = DIRECTION ( 'NONE',  ( 0.000000000000000000, 0.000000000000000000, -1.000000000000000000 ) ) ;
#646 = CARTESIAN_POINT ( 'NONE',  ( 15.50000000000000178, 7.000000000000000000, -15.50000000000000000 ) ) ;
#647 = ORIENTED_EDGE ( 'NONE', *, *, #3205, .T. ) ;
#648 = ORIENTED_EDGE ( 'NONE', *, *, #3173, .T. ) ;
#649 = DIRECTION ( 'NONE',  ( 1.927470528863119049E-16, 0.000000000000000000, -1.000000000000000000 ) ) ;
#650 = DIRECTION ( 'NONE',  ( 0.000000000000000000, 0.000000000000000000, 1.000000000000000000 ) ) ;
#651 = ORIENTED_EDGE ( 'NONE', *, *, #2149, .T. ) ;
#652 = EDGE_CURVE ( 'NONE', #1633, #2645, #3069, .T. ) ;
#653 = EDGE_CURVE ( 'NONE', #2551, #3062, #499, .T. ) ;
#654 = DIRECTION ( 'NONE',  ( 0.000000000000000000, 1.000000000000000000, -0.000000000000000000 ) ) ;
#655 = EDGE_LOOP ( 'NONE', ( #515, #2773, #2407, #1794 ) ) ;
#656 = CARTESIAN_POINT ( 'NONE',  ( 8.000000000000014211, 19.00000000000000000, 17.50000000000000000 ) ) ;
#657 = EDGE_CURVE ( 'NONE', #2900, #921, #612, .T. ) ;
#658 = PLANE ( 'NONE',  #2668 ) ;
#659 = PRODUCT_CONTEXT ( 'NONE', #2796, 'mechanical' ) ;
#660 = ORIENTED_EDGE ( 'NONE', *, *, #2297, .T. ) ;
#661 = CARTESIAN_POINT ( 'NONE',  ( 25.00000000000000711, 14.00000000000000000, 28.00000000000001066 ) ) ;
#662 = DIRECTION ( 'NONE',  ( -0.000000000000000000, 1.000000000000000000, 0.000000000000000000 ) ) ;
#663 = VERTEX_POINT ( 'NONE', #3050 ) ;
#664 = AXIS2_PLACEMENT_3D ( 'NONE', #410, #1405, #2220 ) ;
#665 = DIRECTION ( 'NONE',  ( 0.000000000000000000, -1.000000000000000000, 0.000000000000000000 ) ) ;
#666 = DIRECTION ( 'NONE',  ( 0.000000000000000000, -1.000000000000000000, -0.000000000000000000 ) ) ;
#667 = VECTOR ( 'NONE', #635, 1000.000000000000000 ) ;
#668 = AXIS2_PLACEMENT_3D ( 'NONE', #2702, #93, #2489 ) ;
#669 = PLANE ( 'NONE',  #296 ) ;
#670 = ORIENTED_EDGE ( 'NONE', *, *, #974, .F. ) ;
#671 = VECTOR ( 'NONE', #1034, 1000.000000000000000 ) ;
#672 = FACE_OUTER_BOUND ( 'NONE', #1871, .T. ) ;
#673 = DIRECTION ( 'NONE',  ( -0.000000000000000000, 1.000000000000000000, -0.000000000000000000 ) ) ;
#674 = APPLICATION_PROTOCOL_DEFINITION ( 'draft international standard', 'automotive_design', 1998, #2796 ) ;
#675 = CIRCLE ( 'NONE', #562, 1.999999999999998224 ) ;
#676 = ORIENTED_EDGE ( 'NONE', *, *, #592, .F. ) ;
#677 = ADVANCED_FACE ( 'NONE', ( #454 ), #2860, .T. ) ;
#678 = ADVANCED_FACE ( 'NONE', ( #990 ), #3394, .T. ) ;
#679 = CARTESIAN_POINT ( 'NONE',  ( 9.000000000000014211, 12.00000000000000000, 17.50000000000000000 ) ) ;
#680 = AXIS2_PLACEMENT_3D ( 'NONE', #3016, #920, #1697 ) ;
#681 = DIRECTION ( 'NONE',  ( 0.000000000000000000, 0.000000000000000000, -1.000000000000000000 ) ) ;
#682 = VERTEX_POINT ( 'NONE', #2009 ) ;
#683 = LINE ( 'NONE', #1980, #667 ) ;
#684 = LINE ( 'NONE', #2695, #1116 ) ;
#685 = TOROIDAL_SURFACE ( 'NONE', #2615, 5.500000000000001776, 2.500000000000000000 ) ;
#686 = CARTESIAN_POINT ( 'NONE',  ( 22.50000000000000000, 0.000000000000000000, -16.49999999999999289 ) ) ;
#687 = VECTOR ( 'NONE', #1246, 1000.000000000000000 ) ;
#688 = DIRECTION ( 'NONE',  ( 0.000000000000000000, -1.000000000000000000, 0.000000000000000000 ) ) ;
#689 = ORIENTED_EDGE ( 'NONE', *, *, #1593, .T. ) ;
#690 = ORIENTED_EDGE ( 'NONE', *, *, #1241, .T. ) ;
#691 = DIRECTION ( 'NONE',  ( 1.000000000000000000, -0.000000000000000000, -0.000000000000000000 ) ) ;
#692 = CARTESIAN_POINT ( 'NONE',  ( -15.49999999999999822, 9.500000000000000000, -10.00000000000000000 ) ) ;
#693 = CARTESIAN_POINT ( 'NONE',  ( 25.00000000000001066, 0.000000000000000000, 24.99999999999998579 ) ) ;
#694 = CARTESIAN_POINT ( 'NONE',  ( -19.49999999999999645, 12.00000000000000000, -9.000000000000014211 ) ) ;
#695 = ORIENTED_EDGE ( 'NONE', *, *, #1801, .F. ) ;
#696 = EDGE_CURVE ( 'NONE', #1641, #557, #3323, .T. ) ;
#697 = EDGE_CURVE ( 'NONE', #3386, #2304, #1748, .T. ) ;
#698 = CARTESIAN_POINT ( 'NONE',  ( 8.000000000000014211, 14.00000000000000000, 16.50000000000000000 ) ) ;
#699 = EDGE_CURVE ( 'NONE', #355, #1674, #2422, .T. ) ;
#700 = DIRECTION ( 'NONE',  ( 0.000000000000000000, 0.000000000000000000, 1.000000000000000000 ) ) ;
#701 = CARTESIAN_POINT ( 'NONE',  ( 15.50000000000000178, 12.00000000000000000, 15.50000000000000000 ) ) ;
#702 = ORIENTED_EDGE ( 'NONE', *, *, #2069, .T. ) ;
#703 = PRODUCT_DEFINITION_SHAPE ( 'NONE', 'NONE',  #1120 ) ;
#704 = DIRECTION ( 'NONE',  ( 0.000000000000000000, 0.000000000000000000, -1.000000000000000000 ) ) ;
#705 = DIRECTION ( 'NONE',  ( 0.000000000000000000, 0.000000000000000000, 1.000000000000000000 ) ) ;
#706 = VERTEX_POINT ( 'NONE', #172 ) ;
#707 = DIRECTION ( 'NONE',  ( -0.000000000000000000, -0.000000000000000000, -1.000000000000000000 ) ) ;
#708 = CARTESIAN_POINT ( 'NONE',  ( -8.999999999999984013, 14.00000000000000000, 17.50000000000000000 ) ) ;
#709 = VECTOR ( 'NONE', #2299, 1000.000000000000000 ) ;
#710 = AXIS2_PLACEMENT_3D ( 'NONE', #1437, #1704, #1421 ) ;
#711 = EDGE_CURVE ( 'NONE', #2034, #682, #1502, .T. ) ;
#712 = DIRECTION ( 'NONE',  ( 0.000000000000000000, 0.000000000000000000, -1.000000000000000000 ) ) ;
#713 = FACE_OUTER_BOUND ( 'NONE', #1349, .T. ) ;
#714 = CARTESIAN_POINT ( 'NONE',  ( 15.50000000000000178, 7.000000000000000000, -13.50000000000000178 ) ) ;
#715 = ORIENTED_EDGE ( 'NONE', *, *, #1710, .F. ) ;
#716 = EDGE_CURVE ( 'NONE', #2121, #1767, #1323, .T. ) ;
#717 = EDGE_CURVE ( 'NONE', #866, #16, #3341, .T. ) ;
#718 = AXIS2_PLACEMENT_3D ( 'NONE', #3263, #649, #3310 ) ;
#719 = EDGE_LOOP ( 'NONE', ( #1665, #1111, #311, #421 ) ) ;
#720 = DIRECTION ( 'NONE',  ( 0.000000000000000000, 1.000000000000000000, -0.000000000000000000 ) ) ;
#721 = ORIENTED_EDGE ( 'NONE', *, *, #2665, .F. ) ;
#722 = VECTOR ( 'NONE', #404, 1000.000000000000000 ) ;
#723 = ORIENTED_EDGE ( 'NONE', *, *, #3299, .F. ) ;
#724 = LINE ( 'NONE', #1191, #725 ) ;
#725 = VECTOR ( 'NONE', #2572, 1000.000000000000000 ) ;
#726 = DIRECTION ( 'NONE',  ( -0.000000000000000000, -1.000000000000000000, 0.000000000000000000 ) ) ;
#727 = AXIS2_PLACEMENT_3D ( 'NONE', #324, #1212, #2204 ) ;
#728 = CARTESIAN_POINT ( 'NONE',  ( -15.49999999999999822, 7.000000000000000000, -15.50000000000000178 ) ) ;
#729 = DIRECTION ( 'NONE',  ( 0.000000000000000000, -1.000000000000000000, 0.000000000000000000 ) ) ;
#730 = CIRCLE ( 'NONE', #1331, 6.000000000000000000 ) ;
#731 = ORIENTED_EDGE ( 'NONE', *, *, #1675, .F. ) ;
#732 = AXIS2_PLACEMENT_3D ( 'NONE', #1939, #625, #882 ) ;
#733 = CARTESIAN_POINT ( 'NONE',  ( 15.50000000000000178, 9.500000000000000000, 10.00000000000000000 ) ) ;
#734 = DIRECTION ( 'NONE',  ( 0.000000000000000000, 0.000000000000000000, -1.000000000000000000 ) ) ;
#735 = LINE ( 'NONE', #1893, #963 ) ;
#736 = ORIENTED_EDGE ( 'NONE', *, *, #38, .F. ) ;
#737 = AXIS2_PLACEMENT_3D ( 'NONE', #964, #3366, #2830 ) ;
#738 = DIRECTION ( 'NONE',  ( -0.000000000000000000, 1.000000000000000000, -0.000000000000000000 ) ) ;
#739 = ORIENTED_EDGE ( 'NONE', *, *, #1432, .T. ) ;
#740 = ORIENTED_EDGE ( 'NONE', *, *, #1800, .F. ) ;
#741 = ADVANCED_FACE ( 'NONE', ( #2022 ), #1733, .F. ) ;
#742 = EDGE_CURVE ( 'NONE', #2852, #2584, #2483, .T. ) ;
#743 = ORIENTED_EDGE ( 'NONE', *, *, #1059, .T. ) ;
#744 = CIRCLE ( 'NONE', #3393, 2.999999999999999112 ) ;
#745 = CARTESIAN_POINT ( 'NONE',  ( -20.49999999999999645, 12.00000000000000000, 7.999999999999983125 ) ) ;
#746 = CARTESIAN_POINT ( 'NONE',  ( -24.99999999999999289, 11.00000000000000000, 28.00000000000001776 ) ) ;
#747 = EDGE_LOOP ( 'NONE', ( #3259, #917, #1586, #417 ) ) ;
#748 = DIRECTION ( 'NONE',  ( 0.000000000000000000, -1.000000000000000000, -0.000000000000000000 ) ) ;
#749 = CARTESIAN_POINT ( 'NONE',  ( -15.49999999999999822, 12.00000000000000000, -15.50000000000000178 ) ) ;
#750 = ORIENTED_EDGE ( 'NONE', *, *, #2854, .F. ) ;
#751 = DIRECTION ( 'NONE',  ( 0.000000000000000000, 0.000000000000000000, -1.000000000000000000 ) ) ;
#752 = DIRECTION ( 'NONE',  ( 0.000000000000000000, 1.000000000000000000, 0.000000000000000000 ) ) ;
#753 = DIRECTION ( 'NONE',  ( 0.000000000000000000, 1.000000000000000000, 0.000000000000000000 ) ) ;
#754 = FACE_OUTER_BOUND ( 'NONE', #1526, .T. ) ;
#755 = ORIENTED_EDGE ( 'NONE', *, *, #1753, .T. ) ;
#756 = VERTEX_POINT ( 'NONE', #1518 ) ;
#757 = CARTESIAN_POINT ( 'NONE',  ( -24.99999999999999289, 11.00000000000000000, -24.99999999999999645 ) ) ;
#758 = EDGE_LOOP ( 'NONE', ( #2747, #3040, #1612, #230 ) ) ;
#759 = ORIENTED_EDGE ( 'NONE', *, *, #2597, .F. ) ;
#760 = EDGE_CURVE ( 'NONE', #1767, #2121, #2317, .T. ) ;
#761 = EDGE_CURVE ( 'NONE', #3220, #1511, #422, .T. ) ;
#762 = DIRECTION ( 'NONE',  ( 0.000000000000000000, 0.000000000000000000, 1.000000000000000000 ) ) ;
#763 = CARTESIAN_POINT ( 'NONE',  ( 9.000000000000014211, 19.00000000000000000, 16.50000000000000000 ) ) ;
#764 = EDGE_CURVE ( 'NONE', #2912, #2800, #2100, .T. ) ;
#765 = CARTESIAN_POINT ( 'NONE',  ( 25.00000000000000711, -28.00000000000001776, 23.50000000000001066 ) ) ;
#766 = LINE ( 'NONE', #2589, #399 ) ;
#767 = ORIENTED_EDGE ( 'NONE', *, *, #911, .F. ) ;
#768 = CARTESIAN_POINT ( 'NONE',  ( -7.999999999999983125, 12.00000000000000000, -20.49999999999999289 ) ) ;
#769 = DIRECTION ( 'NONE',  ( 0.000000000000000000, -1.000000000000000000, 0.000000000000000000 ) ) ;
#770 = CARTESIAN_POINT ( 'NONE',  ( 25.00000000000000711, 14.00000000000000000, -27.99999999999999289 ) ) ;
#771 = ORIENTED_EDGE ( 'NONE', *, *, #3422, .F. ) ;
#772 = CARTESIAN_POINT ( 'NONE',  ( 15.50000000000000178, 9.500000000000000000, 18.50000000000000000 ) ) ;
#773 = VERTEX_POINT ( 'NONE', #1208 ) ;
#774 = CARTESIAN_POINT ( 'NONE',  ( 9.000000000000014211, 14.00000000000000000, -17.49999999999999289 ) ) ;
#775 = ORIENTED_EDGE ( 'NONE', *, *, #3073, .T. ) ;
#776 = ORIENTED_EDGE ( 'NONE', *, *, #2235, .T. ) ;
#777 = DIRECTION ( 'NONE',  ( -0.000000000000000000, -1.000000000000000000, -0.000000000000000000 ) ) ;
#778 = PLANE ( 'NONE',  #409 ) ;
#779 = AXIS2_PLACEMENT_3D ( 'NONE', #2328, #202, #2588 ) ;
#780 = VECTOR ( 'NONE', #120, 1000.000000000000000 ) ;
#781 = DIRECTION ( 'NONE',  ( 0.000000000000000000, 0.000000000000000000, 1.000000000000000000 ) ) ;
#782 = FACE_OUTER_BOUND ( 'NONE', #1609, .T. ) ;
#783 = ORIENTED_EDGE ( 'NONE', *, *, #915, .F. ) ;
#784 = CIRCLE ( 'NONE', #2219, 2.499999999999998668 ) ;
#785 = EDGE_CURVE ( 'NONE', #1750, #1674, #954, .T. ) ;
#786 = ADVANCED_FACE ( 'NONE', ( #571 ), #1295, .F. ) ;
#787 = PLANE ( 'NONE',  #215 ) ;
#788 = VECTOR ( 'NONE', #1878, 1000.000000000000000 ) ;
#789 = CARTESIAN_POINT ( 'NONE',  ( 1.836970198721029934E-16, 9.500000000000000000, -4.500000000000000000 ) ) ;
#790 = CARTESIAN_POINT ( 'NONE',  ( -24.99999999999998579, 14.00000000000000000, 24.99999999999998579 ) ) ;
#791 = ORIENTED_EDGE ( 'NONE', *, *, #294, .F. ) ;
#792 = AXIS2_PLACEMENT_3D ( 'NONE', #969, #200, #419 ) ;
#793 = AXIS2_PLACEMENT_3D ( 'NONE', #1173, #2500, #364 ) ;
#794 = FACE_OUTER_BOUND ( 'NONE', #1237, .T. ) ;
#795 = ORIENTED_EDGE ( 'NONE', *, *, #3382, .T. ) ;
#796 = ORIENTED_EDGE ( 'NONE', *, *, #1125, .F. ) ;
#797 = VECTOR ( 'NONE', #2710, 1000.000000000000000 ) ;
#798 = DIRECTION ( 'NONE',  ( -1.000000000000000000, 0.000000000000000000, 0.000000000000000000 ) ) ;
#799 = DIRECTION ( 'NONE',  ( 0.000000000000000000, -1.000000000000000000, -0.000000000000000000 ) ) ;
#800 = AXIS2_PLACEMENT_3D ( 'NONE', #2750, #1671, #379 ) ;
#801 = CIRCLE ( 'NONE', #1182, 1.000000000000000888 ) ;
#802 = CARTESIAN_POINT ( 'NONE',  ( -15.50000000000000178, 7.000000000000000000, 12.49999999999999289 ) ) ;
#803 = FACE_OUTER_BOUND ( 'NONE', #1302, .T. ) ;
#804 = ORIENTED_EDGE ( 'NONE', *, *, #824, .T. ) ;
#805 = DIRECTION ( 'NONE',  ( 0.000000000000000000, 1.000000000000000000, 0.000000000000000000 ) ) ;
#806 = ADVANCED_FACE ( 'NONE', ( #2941 ), #3179, .F. ) ;
#807 = DIRECTION ( 'NONE',  ( 0.000000000000000000, 0.000000000000000000, 1.000000000000000000 ) ) ;
#808 = ADVANCED_FACE ( 'NONE', ( #26 ), #2377, .F. ) ;
#809 = DIRECTION ( 'NONE',  ( 0.000000000000000000, 0.000000000000000000, -1.000000000000000000 ) ) ;
#810 = EDGE_LOOP ( 'NONE', ( #3334, #1207 ) ) ;
#811 = CARTESIAN_POINT ( 'NONE',  ( 8.000000000000014211, 19.00000000000000000, -19.49999999999998934 ) ) ;
#812 = VECTOR ( 'NONE', #2541, 1000.000000000000000 ) ;
#813 = CARTESIAN_POINT ( 'NONE',  ( 30.00000000000000000, 14.00000000000000000, -30.00000000000000000 ) ) ;
#814 = PLANE ( 'NONE',  #1535 ) ;
#815 = DIRECTION ( 'NONE',  ( 0.000000000000000000, -1.000000000000000000, -0.000000000000000000 ) ) ;
#816 = CIRCLE ( 'NONE', #1810, 1.000000000000000000 ) ;
#817 = ORIENTED_EDGE ( 'NONE', *, *, #1774, .T. ) ;
#818 = VERTEX_POINT ( 'NONE', #2921 ) ;
#819 = CARTESIAN_POINT ( 'NONE',  ( 15.50000000000000178, 7.000000000000000000, 17.50000000000000000 ) ) ;
#820 = LINE ( 'NONE', #1643, #788 ) ;
#821 = ORIENTED_EDGE ( 'NONE', *, *, #653, .F. ) ;
#822 = CARTESIAN_POINT ( 'NONE',  ( -15.49999999999999822, 12.00000000000000000, -15.50000000000000178 ) ) ;
#823 = ORIENTED_EDGE ( 'NONE', *, *, #3206, .F. ) ;
#824 = EDGE_CURVE ( 'NONE', #1908, #998, #55, .T. ) ;
#825 = ADVANCED_FACE ( 'NONE', ( #1076 ), #2392, .F. ) ;
#826 = DIRECTION ( 'NONE',  ( -1.000000000000000000, -0.000000000000000000, -1.734723475976807587E-16 ) ) ;
#827 = DIRECTION ( 'NONE',  ( -0.000000000000000000, -1.000000000000000000, -0.000000000000000000 ) ) ;
#828 = ORIENTED_EDGE ( 'NONE', *, *, #301, .T. ) ;
#829 = CARTESIAN_POINT ( 'NONE',  ( 19.49999999999999645, 14.00000000000000000, 8.999999999999984013 ) ) ;
#830 = DIRECTION ( 'NONE',  ( 0.000000000000000000, 0.000000000000000000, -1.000000000000000000 ) ) ;
#831 = VERTEX_POINT ( 'NONE', #1027 ) ;
#832 = CARTESIAN_POINT ( 'NONE',  ( -15.50000000000000178, 12.00000000000000000, 9.999999999999991118 ) ) ;
#833 = AXIS2_PLACEMENT_3D ( 'NONE', #3423, #1311, #1327 ) ;
#834 = ORIENTED_EDGE ( 'NONE', *, *, #1121, .T. ) ;
#835 = DIRECTION ( 'NONE',  ( -0.000000000000000000, 1.000000000000000000, -0.000000000000000000 ) ) ;
#836 = CARTESIAN_POINT ( 'NONE',  ( 25.00000000000000711, 14.00000000000000000, 29.99999999999998579 ) ) ;
#837 = EDGE_LOOP ( 'NONE', ( #2739, #1636, #376, #2707 ) ) ;
#838 = AXIS2_PLACEMENT_3D ( 'NONE', #932, #1987, #3043 ) ;
#839 = VECTOR ( 'NONE', #2564, 1000.000000000000000 ) ;
#840 = LINE ( 'NONE', #1100, #2731 ) ;
#841 = ORIENTED_EDGE ( 'NONE', *, *, #657, .F. ) ;
#842 = CIRCLE ( 'NONE', #2663, 2.999999999999999112 ) ;
#843 = CIRCLE ( 'NONE', #68, 2.999999999999999112 ) ;
#844 = CARTESIAN_POINT ( 'NONE',  ( -24.99999999999999289, 14.00000000000000000, -22.00000000000000000 ) ) ;
#845 = EDGE_CURVE ( 'NONE', #2852, #2356, #525, .T. ) ;
#846 = ADVANCED_FACE ( 'NONE', ( #3195 ), #814, .F. ) ;
#847 = CARTESIAN_POINT ( 'NONE',  ( -15.49999999999999822, 7.000000000000000000, -15.50000000000000178 ) ) ;
#848 = ORIENTED_EDGE ( 'NONE', *, *, #2811, .F. ) ;
#849 = CARTESIAN_POINT ( 'NONE',  ( 15.50000000000000178, 12.00000000000000000, 10.00000000000000000 ) ) ;
#850 = CIRCLE ( 'NONE', #76, 2.999999999999999112 ) ;
#851 = EDGE_CURVE ( 'NONE', #1767, #1605, #3147, .T. ) ;
#852 = CYLINDRICAL_SURFACE ( 'NONE', #3278, 1.500000000000001332 ) ;
#853 = LINE ( 'NONE', #49, #2228 ) ;
#854 = VECTOR ( 'NONE', #2098, 1000.000000000000000 ) ;
#855 = DIRECTION ( 'NONE',  ( 0.000000000000000000, -1.000000000000000000, -0.000000000000000000 ) ) ;
#856 = CARTESIAN_POINT ( 'NONE',  ( 16.49999999999998934, 12.00000000000000000, 7.999999999999983125 ) ) ;
#857 = ORIENTED_EDGE ( 'NONE', *, *, #868, .F. ) ;
#858 = VERTEX_POINT ( 'NONE', #2666 ) ;
#859 = CARTESIAN_POINT ( 'NONE',  ( 25.00000000000000711, 14.00000000000000000, -24.99999999999998934 ) ) ;
#860 = CARTESIAN_POINT ( 'NONE',  ( 15.50000000000000178, 12.00000000000000000, 17.50000000000000000 ) ) ;
#861 = ORIENTED_EDGE ( 'NONE', *, *, #2968, .T. ) ;
#862 = EDGE_CURVE ( 'NONE', #2085, #64, #3202, .T. ) ;
#863 = TOROIDAL_SURFACE ( 'NONE', #2635, 5.000000000000000888, 2.500000000000000000 ) ;
#864 = DIRECTION ( 'NONE',  ( 0.000000000000000000, -1.000000000000000000, -0.000000000000000000 ) ) ;
#865 = CARTESIAN_POINT ( 'NONE',  ( 15.50000000000000178, 9.500000000000000000, -20.99999999999999645 ) ) ;
#866 = VERTEX_POINT ( 'NONE', #3133 ) ;
#867 = PLANE ( 'NONE',  #3011 ) ;
#868 = EDGE_CURVE ( 'NONE', #1304, #1248, #1621, .T. ) ;
#869 = ORIENTED_EDGE ( 'NONE', *, *, #1145, .F. ) ;
#870 = EDGE_CURVE ( 'NONE', #3212, #1702, #2906, .T. ) ;
#871 = DIRECTION ( 'NONE',  ( 0.000000000000000000, 0.000000000000000000, -1.000000000000000000 ) ) ;
#872 = CARTESIAN_POINT ( 'NONE',  ( 25.00000000000000711, 11.00000000000000000, -21.99999999999999289 ) ) ;
#873 = VERTEX_POINT ( 'NONE', #829 ) ;
#874 = DIRECTION ( 'NONE',  ( 0.000000000000000000, 0.000000000000000000, -1.000000000000000000 ) ) ;
#875 = DIRECTION ( 'NONE',  ( 0.000000000000000000, 0.000000000000000000, 1.000000000000000000 ) ) ;
#876 = EDGE_LOOP ( 'NONE', ( #1921, #19, #118, #2787 ) ) ;
#877 = CARTESIAN_POINT ( 'NONE',  ( 20.49999999999999645, 12.00000000000000000, -8.000000000000014211 ) ) ;
#878 = FACE_OUTER_BOUND ( 'NONE', #155, .T. ) ;
#879 = AXIS2_PLACEMENT_3D ( 'NONE', #3123, #752, #3397 ) ;
#880 = ORIENTED_EDGE ( 'NONE', *, *, #3145, .T. ) ;
#881 = CARTESIAN_POINT ( 'NONE',  ( -16.50000000000000000, 12.00000000000000000, 16.50000000000000000 ) ) ;
#882 = DIRECTION ( 'NONE',  ( 0.000000000000000000, 0.000000000000000000, -1.000000000000000000 ) ) ;
#883 = ORIENTED_EDGE ( 'NONE', *, *, #2643, .T. ) ;
#884 = ORIENTED_EDGE ( 'NONE', *, *, #1458, .T. ) ;
#885 = DIRECTION ( 'NONE',  ( 0.000000000000000000, 0.000000000000000000, -1.000000000000000000 ) ) ;
#886 = DIRECTION ( 'NONE',  ( -0.000000000000000000, 1.000000000000000000, -0.000000000000000000 ) ) ;
#887 = VERTEX_POINT ( 'NONE', #538 ) ;
#888 = EDGE_CURVE ( 'NONE', #367, #47, #943, .T. ) ;
#889 = EDGE_CURVE ( 'NONE', #773, #2843, #224, .T. ) ;
#890 = ORIENTED_EDGE ( 'NONE', *, *, #1709, .T. ) ;
#891 = DIRECTION ( 'NONE',  ( -1.000000000000000000, 0.000000000000000000, -0.000000000000000000 ) ) ;
#892 = AXIS2_PLACEMENT_3D ( 'NONE', #641, #2962, #1174 ) ;
#893 = CARTESIAN_POINT ( 'NONE',  ( 0.000000000000000000, 13.50000000000000000, 4.500000000000000000 ) ) ;
#894 = DIRECTION ( 'NONE',  ( -0.000000000000000000, -1.000000000000000000, -0.000000000000000000 ) ) ;
#895 = AXIS2_PLACEMENT_3D ( 'NONE', #1653, #3056, #309 ) ;
#896 = CIRCLE ( 'NONE', #1783, 2.999999999999999112 ) ;
#897 = CARTESIAN_POINT ( 'NONE',  ( -29.99999999999998579, 0.000000000000000000, 29.99999999999998579 ) ) ;
#898 = ORIENTED_EDGE ( 'NONE', *, *, #84, .T. ) ;
#899 = ORIENTED_EDGE ( 'NONE', *, *, #995, .F. ) ;
#900 = VECTOR ( 'NONE', #952, 1000.000000000000000 ) ;
#901 = PLANE ( 'NONE',  #1661 ) ;
#902 = FACE_OUTER_BOUND ( 'NONE', #44, .T. ) ;
#903 = AXIS2_PLACEMENT_3D ( 'NONE', #2000, #2516, #1478 ) ;
#904 = CARTESIAN_POINT ( 'NONE',  ( 6.123233995736766282E-16, 12.00000000000000000, 11.00000000000000178 ) ) ;
#905 = ORIENTED_EDGE ( 'NONE', *, *, #2130, .T. ) ;
#906 = AXIS2_PLACEMENT_3D ( 'NONE', #481, #3301, #928 ) ;
#907 = DIRECTION ( 'NONE',  ( -0.000000000000000000, 1.000000000000000000, -0.000000000000000000 ) ) ;
#908 = CYLINDRICAL_SURFACE ( 'NONE', #2775, 2.999999999999999112 ) ;
#909 = ORIENTED_EDGE ( 'NONE', *, *, #2703, .F. ) ;
#910 = EDGE_CURVE ( 'NONE', #500, #1469, #3099, .T. ) ;
#911 = EDGE_CURVE ( 'NONE', #3217, #873, #1272, .T. ) ;
#912 = DIRECTION ( 'NONE',  ( 1.000000000000000000, 0.000000000000000000, 0.000000000000000000 ) ) ;
#913 = PLANE ( 'NONE',  #1848 ) ;
#914 = LINE ( 'NONE', #2748, #2638 ) ;
#915 = EDGE_CURVE ( 'NONE', #3083, #706, #3408, .T. ) ;
#916 = ADVANCED_FACE ( 'NONE', ( #1911 ), #2718, .F. ) ;
#917 = ORIENTED_EDGE ( 'NONE', *, *, #3283, .T. ) ;
#918 = CARTESIAN_POINT ( 'NONE',  ( -15.50000000000000178, 12.00000000000000000, 15.49999999999999289 ) ) ;
#919 = DIRECTION ( 'NONE',  ( 0.000000000000000000, 0.000000000000000000, 1.000000000000000000 ) ) ;
#920 = DIRECTION ( 'NONE',  ( 0.000000000000000000, 1.000000000000000000, -0.000000000000000000 ) ) ;
#921 = VERTEX_POINT ( 'NONE', #368 ) ;
#922 = LINE ( 'NONE', #2969, #2765 ) ;
#923 = DIRECTION ( 'NONE',  ( 0.000000000000000000, -0.000000000000000000, -1.000000000000000000 ) ) ;
#924 = ORIENTED_EDGE ( 'NONE', *, *, #994, .F. ) ;
#925 = DIRECTION ( 'NONE',  ( 0.000000000000000000, 0.000000000000000000, -1.000000000000000000 ) ) ;
#926 = AXIS2_PLACEMENT_3D ( 'NONE', #2761, #2185, #3282 ) ;
#927 = CARTESIAN_POINT ( 'NONE',  ( -19.49999999999999645, 12.00000000000000000, 7.999999999999983125 ) ) ;
#928 = DIRECTION ( 'NONE',  ( 0.000000000000000000, 0.000000000000000000, -1.000000000000000000 ) ) ;
#929 = ADVANCED_FACE ( 'NONE', ( #1427 ), #3250, .T. ) ;
#930 = ADVANCED_FACE ( 'NONE', ( #2429 ), #346, .T. ) ;
#931 = ORIENTED_EDGE ( 'NONE', *, *, #3300, .T. ) ;
#932 = CARTESIAN_POINT ( 'NONE',  ( 8.000000000000014211, 19.00000000000000000, 19.50000000000000355 ) ) ;
#933 = CYLINDRICAL_SURFACE ( 'NONE', #1837, 3.000000000000002665 ) ;
#934 = FACE_BOUND ( 'NONE', #1092, .T. ) ;
#935 = ORIENTED_EDGE ( 'NONE', *, *, #3231, .F. ) ;
#936 = CARTESIAN_POINT ( 'NONE',  ( 25.00000000000000711, -28.00000000000001776, -24.99999999999998934 ) ) ;
#937 = CARTESIAN_POINT ( 'NONE',  ( -8.999999999999984013, 14.00000000000000000, 0.000000000000000000 ) ) ;
#938 = VERTEX_POINT ( 'NONE', #3029 ) ;
#939 = DIRECTION ( 'NONE',  ( 0.000000000000000000, 0.000000000000000000, -1.000000000000000000 ) ) ;
#940 = DIRECTION ( 'NONE',  ( 0.000000000000000000, 1.000000000000000000, -0.000000000000000000 ) ) ;
#941 = AXIS2_PLACEMENT_3D ( 'NONE', #3356, #2281, #1008 ) ;
#942 = DIRECTION ( 'NONE',  ( -0.000000000000000000, 1.000000000000000000, -0.000000000000000000 ) ) ;
#943 = CIRCLE ( 'NONE', #1942, 2.999999999999999112 ) ;
#944 = DIRECTION ( 'NONE',  ( 0.000000000000000000, 0.000000000000000000, -1.000000000000000000 ) ) ;
#945 = AXIS2_PLACEMENT_3D ( 'NONE', #3124, #753, #2043 ) ;
#946 = ORIENTED_EDGE ( 'NONE', *, *, #3312, .F. ) ;
#947 = VERTEX_POINT ( 'NONE', #1447 ) ;
#948 = VECTOR ( 'NONE', #2445, 1000.000000000000000 ) ;
#949 = ADVANCED_FACE ( 'NONE', ( #2227 ), #2207, .F. ) ;
#950 = ADVANCED_FACE ( 'NONE', ( #3214 ), #66, .F. ) ;
#951 = DIRECTION ( 'NONE',  ( -0.000000000000000000, 1.000000000000000000, -0.000000000000000000 ) ) ;
#952 = DIRECTION ( 'NONE',  ( 0.000000000000000000, -1.000000000000000000, 0.000000000000000000 ) ) ;
#953 = TOROIDAL_SURFACE ( 'NONE', #3105, 5.000000000000000000, 2.500000000000000000 ) ;
#954 = LINE ( 'NONE', #2093, #219 ) ;
#955 = AXIS2_PLACEMENT_3D ( 'NONE', #1622, #552, #1063 ) ;
#956 = DIRECTION ( 'NONE',  ( 0.000000000000000000, 1.000000000000000000, -0.000000000000000000 ) ) ;
#957 = ORIENTED_EDGE ( 'NONE', *, *, #995, .T. ) ;
#958 = VECTOR ( 'NONE', #1971, 1000.000000000000000 ) ;
#959 = LINE ( 'NONE', #993, #1821 ) ;
#960 = CARTESIAN_POINT ( 'NONE',  ( 22.49999999999999645, 12.00000000000000000, 16.50000000000000711 ) ) ;
#961 = VECTOR ( 'NONE', #284, 1000.000000000000000 ) ;
#962 = CARTESIAN_POINT ( 'NONE',  ( 22.50000000000000000, 12.00000000000000000, -16.49999999999999289 ) ) ;
#963 = VECTOR ( 'NONE', #3399, 1000.000000000000000 ) ;
#964 = CARTESIAN_POINT ( 'NONE',  ( 25.00000000000000711, 11.00000000000000000, -24.99999999999998934 ) ) ;
#965 = EDGE_LOOP ( 'NONE', ( #264, #1703, #2920, #2164 ) ) ;
#966 = ORIENTED_EDGE ( 'NONE', *, *, #2597, .T. ) ;
#967 = ORIENTED_EDGE ( 'NONE', *, *, #84, .F. ) ;
#968 = CARTESIAN_POINT ( 'NONE',  ( 15.50000000000000178, 7.000000000000000000, 18.50000000000000000 ) ) ;
#969 = CARTESIAN_POINT ( 'NONE',  ( -8.999999999999984013, 19.00000000000000000, -20.49999999999999289 ) ) ;
#970 = EDGE_CURVE ( 'NONE', #1494, #3359, #2469, .T. ) ;
#971 = CARTESIAN_POINT ( 'NONE',  ( -7.999999999999983125, 12.00000000000000000, -20.49999999999999289 ) ) ;
#972 = CARTESIAN_POINT ( 'NONE',  ( 15.50000000000000178, 9.500000000000000000, 15.50000000000000000 ) ) ;
#973 = VERTEX_POINT ( 'NONE', #2740 ) ;
#974 = EDGE_CURVE ( 'NONE', #2820, #3175, #117, .T. ) ;
#975 = EDGE_CURVE ( 'NONE', #1585, #984, #1889, .T. ) ;
#976 = LINE ( 'NONE', #208, #1573 ) ;
#977 = DIRECTION ( 'NONE',  ( -0.000000000000000000, -1.000000000000000000, -0.000000000000000000 ) ) ;
#978 = FACE_OUTER_BOUND ( 'NONE', #281, .T. ) ;
#979 = EDGE_LOOP ( 'NONE', ( #3374, #407 ) ) ;
#980 = VERTEX_POINT ( 'NONE', #849 ) ;
#981 = PRESENTATION_LAYER_ASSIGNMENT (  '', '', ( #537 ) ) ;
#982 = VECTOR ( 'NONE', #1587, 1000.000000000000000 ) ;
#983 = LINE ( 'NONE', #2033, #2384 ) ;
#984 = VERTEX_POINT ( 'NONE', #327 ) ;
#985 = EDGE_LOOP ( 'NONE', ( #2959, #193, #3077, #2844, #3276, #275, #771, #253 ) ) ;
#986 = DIRECTION ( 'NONE',  ( 0.000000000000000000, -1.000000000000000000, 0.000000000000000000 ) ) ;
#987 = CARTESIAN_POINT ( 'NONE',  ( 25.00000000000001066, 14.00000000000000000, 24.99999999999998579 ) ) ;
#988 = CIRCLE ( 'NONE', #1359, 1.999999999999998224 ) ;
#989 = ORIENTED_EDGE ( 'NONE', *, *, #862, .F. ) ;
#990 = FACE_OUTER_BOUND ( 'NONE', #1357, .T. ) ;
#991 = DIRECTION ( 'NONE',  ( 0.000000000000000000, 0.000000000000000000, -1.000000000000000000 ) ) ;
#992 = ORIENTED_EDGE ( 'NONE', *, *, #3211, .T. ) ;
#993 = CARTESIAN_POINT ( 'NONE',  ( 20.49999999999999645, 12.00000000000000000, -8.000000000000014211 ) ) ;
#994 = EDGE_CURVE ( 'NONE', #2873, #1972, #2190, .T. ) ;
#995 = EDGE_CURVE ( 'NONE', #123, #1903, #1492, .T. ) ;
#996 = CARTESIAN_POINT ( 'NONE',  ( 16.49999999999998934, 14.00000000000000000, -8.000000000000014211 ) ) ;
#997 = DIRECTION ( 'NONE',  ( 0.000000000000000000, 0.000000000000000000, -1.000000000000000000 ) ) ;
#998 = VERTEX_POINT ( 'NONE', #1372 ) ;
#999 = DIRECTION ( 'NONE',  ( 0.000000000000000000, 0.000000000000000000, -1.000000000000000000 ) ) ;
#1000 = EDGE_LOOP ( 'NONE', ( #1768, #2614, #2202, #105 ) ) ;
#1001 = AXIS2_PLACEMENT_3D ( 'NONE', #10, #551, #1835 ) ;
#1002 = VERTEX_POINT ( 'NONE', #1159 ) ;
#1003 = CARTESIAN_POINT ( 'NONE',  ( -15.49999999999999822, 12.00000000000000000, -15.50000000000000178 ) ) ;
#1004 = AXIS2_PLACEMENT_3D ( 'NONE', #102, #2764, #1146 ) ;
#1005 = DIRECTION ( 'NONE',  ( -0.000000000000000000, 1.000000000000000000, -0.000000000000000000 ) ) ;
#1006 = EDGE_LOOP ( 'NONE', ( #2018, #1574, #1487, #371 ) ) ;
#1007 = AXIS2_PLACEMENT_3D ( 'NONE', #1141, #160, #2151 ) ;
#1008 = DIRECTION ( 'NONE',  ( 0.000000000000000000, 0.000000000000000000, -1.000000000000000000 ) ) ;
#1009 = LINE ( 'NONE', #2061, #342 ) ;
#1010 = AXIS2_PLACEMENT_3D ( 'NONE', #1452, #2508, #2456 ) ;
#1011 = CARTESIAN_POINT ( 'NONE',  ( 0.000000000000000000, 9.500000000000000000, 6.000000000000000000 ) ) ;
#1012 = CIRCLE ( 'NONE', #1069, 3.000000000000000888 ) ;
#1013 = DIRECTION ( 'NONE',  ( 0.000000000000000000, 1.000000000000000000, 0.000000000000000000 ) ) ;
#1014 = CYLINDRICAL_SURFACE ( 'NONE', #2995, 1.000000000000000888 ) ;
#1015 = CARTESIAN_POINT ( 'NONE',  ( -3.951314584169394814E-15, 14.00000000000000000, 20.50000000000000000 ) ) ;
#1016 = ORIENTED_EDGE ( 'NONE', *, *, #3312, .T. ) ;
#1017 = ADVANCED_FACE ( 'NONE', ( #3233, #2451, #2755, #1938, #2996, #3272, #3289, #624, #1682 ), #901, .F. ) ;
#1018 = EDGE_CURVE ( 'NONE', #1248, #1404, #397, .T. ) ;
#1019 = AXIS2_PLACEMENT_3D ( 'NONE', #1920, #2989, #1140 ) ;
#1020 = DIRECTION ( 'NONE',  ( 0.000000000000000000, -0.000000000000000000, 1.000000000000000000 ) ) ;
#1021 = ORIENTED_EDGE ( 'NONE', *, *, #697, .F. ) ;
#1022 = ORIENTED_EDGE ( 'NONE', *, *, #1409, .T. ) ;
#1023 = VECTOR ( 'NONE', #575, 1000.000000000000000 ) ;
#1024 = EDGE_CURVE ( 'NONE', #1297, #3217, #1205, .T. ) ;
#1025 = DIRECTION ( 'NONE',  ( 0.000000000000000000, 0.000000000000000000, 1.000000000000000000 ) ) ;
#1026 = DIRECTION ( 'NONE',  ( 0.000000000000000000, 0.000000000000000000, 1.000000000000000000 ) ) ;
#1027 = CARTESIAN_POINT ( 'NONE',  ( -24.99999999999999289, 14.00000000000000000, 28.00000000000001776 ) ) ;
#1028 = CARTESIAN_POINT ( 'NONE',  ( 9.000000000000014211, 14.00000000000000000, 19.50000000000000355 ) ) ;
#1029 = VERTEX_POINT ( 'NONE', #2277 ) ;
#1030 = EDGE_LOOP ( 'NONE', ( #1435, #3346, #2884, #1204, #1197, #861, #1970, #2886 ) ) ;
#1031 = VERTEX_POINT ( 'NONE', #968 ) ;
#1032 = CLOSED_SHELL ( 'NONE', ( #825, #3150, #2936, #2548, #1695, #2358, #1529, #1200, #677, #929, #1185, #2113, #2275, #34, #2092, #2897, #2342, #1041, #950, #808, #129, #2709, #3086, #3421, #2086, #2048, #2376, #485, #144, #1647, #3232, #2194, #1017, #2554, #2915, #2896, #303, #916, #2443, #2486, #3363, #3146, #1221, #1454, #2832, #846, #2704, #148, #2986, #2131, #473, #108, #3026, #1626, #2070, #2339, #2171, #226, #164, #1910, #1579, #2512, #165, #1817, #1530, #1928, #3403, #1982, #678, #486, #1887, #2241, #3027, #2875, #321, #1845, #3302, #2810, #2359, #2276, #149, #2024, #2966, #2916, #1988, #2217, #2513, #569, #401, #2467, #3130, #13, #2592, #3005, #2030, #362, #637, #806, #227, #2555, #2575, #1737, #1306, #949, #1184, #2485, #1497, #741, #786, #2961, #365, #930, #1361 ) ) ;
#1033 = PLANE ( 'NONE',  #2940 ) ;
#1034 = DIRECTION ( 'NONE',  ( 0.000000000000000000, -1.000000000000000000, 0.000000000000000000 ) ) ;
#1035 = DIRECTION ( 'NONE',  ( 0.000000000000000000, 0.000000000000000000, -1.000000000000000000 ) ) ;
#1036 = ORIENTED_EDGE ( 'NONE', *, *, #512, .F. ) ;
#1037 = CARTESIAN_POINT ( 'NONE',  ( 15.50000000000000178, 7.000000000000000000, 15.50000000000000000 ) ) ;
#1038 = EDGE_LOOP ( 'NONE', ( #2084, #1510, #1132, #1639 ) ) ;
#1039 = VERTEX_POINT ( 'NONE', #169 ) ;
#1040 = FACE_OUTER_BOUND ( 'NONE', #1398, .T. ) ;
#1041 = ADVANCED_FACE ( 'NONE', ( #152 ), #2518, .F. ) ;
#1042 = EDGE_CURVE ( 'NONE', #2427, #831, #2244, .T. ) ;
#1043 = FACE_OUTER_BOUND ( 'NONE', #1847, .T. ) ;
#1044 = DIRECTION ( 'NONE',  ( -0.000000000000000000, -1.000000000000000000, 0.000000000000000000 ) ) ;
#1045 = DIRECTION ( 'NONE',  ( -1.000000000000000000, 0.000000000000000000, -1.927470528863119049E-16 ) ) ;
#1046 = ORIENTED_EDGE ( 'NONE', *, *, #1264, .T. ) ;
#1047 = ORIENTED_EDGE ( 'NONE', *, *, #2418, .T. ) ;
#1048 = DIRECTION ( 'NONE',  ( 0.000000000000000000, -1.000000000000000000, -0.000000000000000000 ) ) ;
#1049 = CARTESIAN_POINT ( 'NONE',  ( -17.49999999999999645, 19.00000000000000000, -8.000000000000015987 ) ) ;
#1050 = LINE ( 'NONE', #2863, #671 ) ;
#1051 = CARTESIAN_POINT ( 'NONE',  ( 25.00000000000000711, 11.00000000000000000, -27.99999999999999289 ) ) ;
#1052 = ORIENTED_EDGE ( 'NONE', *, *, #1126, .F. ) ;
#1053 = FACE_OUTER_BOUND ( 'NONE', #1445, .T. ) ;
#1054 = ORIENTED_EDGE ( 'NONE', *, *, #1099, .F. ) ;
#1055 = ORIENTED_EDGE ( 'NONE', *, *, #2417, .T. ) ;
#1056 = CARTESIAN_POINT ( 'NONE',  ( 25.00000000000000711, 11.00000000000000355, -24.99999999999998934 ) ) ;
#1057 = FACE_OUTER_BOUND ( 'NONE', #3288, .T. ) ;
#1058 = VECTOR ( 'NONE', #3119, 1000.000000000000000 ) ;
#1059 = EDGE_CURVE ( 'NONE', #1002, #3410, #2372, .T. ) ;
#1060 = EDGE_CURVE ( 'NONE', #2912, #1605, #1776, .T. ) ;
#1061 = AXIS2_PLACEMENT_3D ( 'NONE', #1957, #604, #1925 ) ;
#1062 = DIRECTION ( 'NONE',  ( 0.000000000000000000, 0.000000000000000000, -1.000000000000000000 ) ) ;
#1063 = DIRECTION ( 'NONE',  ( 0.000000000000000000, 0.000000000000000000, 1.000000000000000000 ) ) ;
#1064 = EDGE_LOOP ( 'NONE', ( #2862, #3155 ) ) ;
#1065 = VECTOR ( 'NONE', #1905, 1000.000000000000000 ) ;
#1066 = DIRECTION ( 'NONE',  ( 0.000000000000000000, 1.000000000000000000, -0.000000000000000000 ) ) ;
#1067 = AXIS2_PLACEMENT_3D ( 'NONE', #2415, #556, #2672 ) ;
#1068 = DIRECTION ( 'NONE',  ( 0.000000000000000000, 0.000000000000000000, -1.000000000000000000 ) ) ;
#1069 = AXIS2_PLACEMENT_3D ( 'NONE', #3424, #1873, #1600 ) ;
#1070 = CIRCLE ( 'NONE', #2115, 2.000000000000000000 ) ;
#1071 = DIRECTION ( 'NONE',  ( 0.000000000000000000, 0.000000000000000000, -1.000000000000000000 ) ) ;
#1072 = ORIENTED_EDGE ( 'NONE', *, *, #1325, .F. ) ;
#1073 = VECTOR ( 'NONE', #2883, 1000.000000000000000 ) ;
#1074 = CARTESIAN_POINT ( 'NONE',  ( 1.836970198721030181E-16, 13.50000000000000000, 7.500000000000000888 ) ) ;
#1075 = CARTESIAN_POINT ( 'NONE',  ( -24.99999999999999289, 11.00000000000000000, 22.00000000000002132 ) ) ;
#1076 = FACE_OUTER_BOUND ( 'NONE', #546, .T. ) ;
#1077 = FACE_OUTER_BOUND ( 'NONE', #1268, .T. ) ;
#1078 = ORIENTED_EDGE ( 'NONE', *, *, #615, .F. ) ;
#1079 = DIRECTION ( 'NONE',  ( 0.000000000000000000, 0.000000000000000000, -1.000000000000000000 ) ) ;
#1080 = CARTESIAN_POINT ( 'NONE',  ( -8.999999999999984013, 12.00000000000000000, -17.49999999999999645 ) ) ;
#1081 = EDGE_LOOP ( 'NONE', ( #1781, #1128, #3349, #2410 ) ) ;
#1082 = EDGE_CURVE ( 'NONE', #1248, #2, #1324, .T. ) ;
#1083 = EDGE_CURVE ( 'NONE', #3388, #831, #1720, .T. ) ;
#1084 = DIRECTION ( 'NONE',  ( 0.000000000000000000, -1.000000000000000000, 0.000000000000000000 ) ) ;
#1085 = ORIENTED_EDGE ( 'NONE', *, *, #1929, .T. ) ;
#1086 = VERTEX_POINT ( 'NONE', #1784 ) ;
#1087 = CARTESIAN_POINT ( 'NONE',  ( 20.49999999999999645, 14.00000000000000000, -8.000000000000014211 ) ) ;
#1088 = PLANE ( 'NONE',  #1901 ) ;
#1089 = ORIENTED_EDGE ( 'NONE', *, *, #427, .T. ) ;
#1090 = CARTESIAN_POINT ( 'NONE',  ( 22.50000000000000000, 0.000000000000000000, -22.49999999999999289 ) ) ;
#1091 = DIRECTION ( 'NONE',  ( 0.000000000000000000, 0.000000000000000000, -1.000000000000000000 ) ) ;
#1092 = EDGE_LOOP ( 'NONE', ( #795, #1347 ) ) ;
#1093 = ORIENTED_EDGE ( 'NONE', *, *, #513, .T. ) ;
#1094 = VECTOR ( 'NONE', #2396, 1000.000000000000000 ) ;
#1095 = DIRECTION ( 'NONE',  ( 0.000000000000000000, -1.000000000000000000, -0.000000000000000000 ) ) ;
#1096 = FACE_OUTER_BOUND ( 'NONE', #519, .T. ) ;
#1097 = VERTEX_POINT ( 'NONE', #450 ) ;
#1098 = EDGE_CURVE ( 'NONE', #756, #1177, #433, .T. ) ;
#1099 = EDGE_CURVE ( 'NONE', #1789, #1501, #3269, .T. ) ;
#1100 = CARTESIAN_POINT ( 'NONE',  ( -24.99999999999999289, -28.00000000000001776, -26.50000000000000000 ) ) ;
#1101 = ORIENTED_EDGE ( 'NONE', *, *, #3006, .F. ) ;
#1102 = CARTESIAN_POINT ( 'NONE',  ( -16.49999999999999289, 14.00000000000000000, 7.999999999999981348 ) ) ;
#1103 = CARTESIAN_POINT ( 'NONE',  ( -15.49999999999999822, 12.00000000000000000, -15.50000000000000178 ) ) ;
#1104 = ORIENTED_EDGE ( 'NONE', *, *, #1752, .T. ) ;
#1105 = DIRECTION ( 'NONE',  ( -0.000000000000000000, 1.000000000000000000, -0.000000000000000000 ) ) ;
#1106 = CYLINDRICAL_SURFACE ( 'NONE', #955, 1.000000000000000000 ) ;
#1107 = EDGE_LOOP ( 'NONE', ( #1181, #292, #841, #2337 ) ) ;
#1108 = DIRECTION ( 'NONE',  ( 0.000000000000000000, 0.000000000000000000, -1.000000000000000000 ) ) ;
#1109 = VERTEX_POINT ( 'NONE', #3079 ) ;
#1110 = AXIS2_PLACEMENT_3D ( 'NONE', #2362, #258, #1856 ) ;
#1111 = ORIENTED_EDGE ( 'NONE', *, *, #2623, .F. ) ;
#1112 = DIRECTION ( 'NONE',  ( 0.000000000000000000, 0.000000000000000000, -1.000000000000000000 ) ) ;
#1113 = CARTESIAN_POINT ( 'NONE',  ( 15.50000000000000178, 7.000000000000000000, 13.49999999999999822 ) ) ;
#1114 = ORIENTED_EDGE ( 'NONE', *, *, #2315, .T. ) ;
#1115 = AXIS2_PLACEMENT_3D ( 'NONE', #1463, #2373, #1025 ) ;
#1116 = VECTOR ( 'NONE', #2187, 1000.000000000000000 ) ;
#1117 = FACE_OUTER_BOUND ( 'NONE', #260, .T. ) ;
#1118 = ORIENTED_EDGE ( 'NONE', *, *, #3206, .T. ) ;
#1119 = VECTOR ( 'NONE', #2330, 1000.000000000000000 ) ;
#1120 = PRODUCT_DEFINITION ( 'UNKNOWN', '', #2956, #2368 ) ;
#1121 = EDGE_CURVE ( 'NONE', #389, #2677, #2488, .T. ) ;
#1122 = CIRCLE ( 'NONE', #1725, 1.000000000000000888 ) ;
#1123 = DIRECTION ( 'NONE',  ( -0.000000000000000000, 1.000000000000000000, -0.000000000000000000 ) ) ;
#1124 = CARTESIAN_POINT ( 'NONE',  ( 0.000000000000000000, 9.500000000000000000, -11.00000000000000000 ) ) ;
#1125 = EDGE_CURVE ( 'NONE', #314, #3032, #1515, .T. ) ;
#1126 = EDGE_CURVE ( 'NONE', #1393, #921, #724, .T. ) ;
#1127 = AXIS2_PLACEMENT_3D ( 'NONE', #85, #1143, #1157 ) ;
#1128 = ORIENTED_EDGE ( 'NONE', *, *, #530, .T. ) ;
#1129 = DIRECTION ( 'NONE',  ( 0.000000000000000000, 0.000000000000000000, -1.000000000000000000 ) ) ;
#1130 = AXIS2_PLACEMENT_3D ( 'NONE', #822, #3174, #1880 ) ;
#1131 = DIRECTION ( 'NONE',  ( 0.000000000000000000, -1.000000000000000000, -0.000000000000000000 ) ) ;
#1132 = ORIENTED_EDGE ( 'NONE', *, *, #845, .T. ) ;
#1133 = DIRECTION ( 'NONE',  ( -1.000000000000000000, 0.000000000000000000, -1.927470528863119049E-16 ) ) ;
#1134 = VECTOR ( 'NONE', #1491, 1000.000000000000000 ) ;
#1135 = EDGE_LOOP ( 'NONE', ( #432, #702, #2973, #755, #1874, #1985, #205, #966 ) ) ;
#1136 = CARTESIAN_POINT ( 'NONE',  ( -19.49999999999999645, 19.00000000000000000, -8.000000000000014211 ) ) ;
#1137 = DIRECTION ( 'NONE',  ( 0.000000000000000000, 0.000000000000000000, -1.000000000000000000 ) ) ;
#1138 = EDGE_LOOP ( 'NONE', ( #1524, #2017, #1521, #469 ) ) ;
#1139 = FACE_OUTER_BOUND ( 'NONE', #2283, .T. ) ;
#1140 = DIRECTION ( 'NONE',  ( 0.000000000000000000, 0.000000000000000000, -1.000000000000000000 ) ) ;
#1141 = CARTESIAN_POINT ( 'NONE',  ( 15.50000000000000178, 9.500000000000000000, 15.50000000000000000 ) ) ;
#1142 = VECTOR ( 'NONE', #507, 1000.000000000000000 ) ;
#1143 = DIRECTION ( 'NONE',  ( -0.000000000000000000, 1.000000000000000000, 0.000000000000000000 ) ) ;
#1144 = EDGE_CURVE ( 'NONE', #1364, #287, #2837, .T. ) ;
#1145 = EDGE_CURVE ( 'NONE', #887, #3295, #2307, .T. ) ;
#1146 = DIRECTION ( 'NONE',  ( 0.000000000000000000, 0.000000000000000000, -1.000000000000000000 ) ) ;
#1147 = DIRECTION ( 'NONE',  ( -0.000000000000000000, -0.000000000000000000, -1.000000000000000000 ) ) ;
#1148 = DIRECTION ( 'NONE',  ( 1.000000000000000000, 0.000000000000000000, 0.000000000000000000 ) ) ;
#1149 = ORIENTED_EDGE ( 'NONE', *, *, #254, .F. ) ;
#1150 = ORIENTED_EDGE ( 'NONE', *, *, #3339, .F. ) ;
#1151 = CARTESIAN_POINT ( 'NONE',  ( 8.000000000000014211, 12.00000000000000000, -16.49999999999998934 ) ) ;
#1152 = DIRECTION ( 'NONE',  ( -0.000000000000000000, 1.000000000000000000, -0.000000000000000000 ) ) ;
#1153 = EDGE_LOOP ( 'NONE', ( #2834, #2806, #676, #2015 ) ) ;
#1154 = DIRECTION ( 'NONE',  ( -0.000000000000000000, -1.000000000000000000, 0.000000000000000000 ) ) ;
#1155 = LINE ( 'NONE', #2203, #629 ) ;
#1156 = DIRECTION ( 'NONE',  ( -0.000000000000000000, 1.000000000000000000, -0.000000000000000000 ) ) ;
#1157 = DIRECTION ( 'NONE',  ( 0.000000000000000000, 0.000000000000000000, -1.000000000000000000 ) ) ;
#1158 = ORIENTED_EDGE ( 'NONE', *, *, #1240, .T. ) ;
#1159 = CARTESIAN_POINT ( 'NONE',  ( -7.999999999999983125, 14.00000000000000000, -16.49999999999999289 ) ) ;
#1160 = CARTESIAN_POINT ( 'NONE',  ( 6.123233995736767268E-16, 9.500000000000000000, 11.00000000000000178 ) ) ;
#1161 = CARTESIAN_POINT ( 'NONE',  ( -24.99999999999999289, 11.00000000000000000, -28.00000000000000000 ) ) ;
#1162 = EDGE_CURVE ( 'NONE', #2183, #2998, #2658, .T. ) ;
#1163 = ORIENTED_EDGE ( 'NONE', *, *, #2292, .T. ) ;
#1164 = CARTESIAN_POINT ( 'NONE',  ( -15.49999999999999822, 12.00000000000000000, -13.50000000000000178 ) ) ;
#1165 = CARTESIAN_POINT ( 'NONE',  ( 25.00000000000000711, 11.00000000000000000, -21.99999999999999289 ) ) ;
#1166 = ORIENTED_EDGE ( 'NONE', *, *, #742, .F. ) ;
#1167 = AXIS2_PLACEMENT_3D ( 'NONE', #1765, #748, #2817 ) ;
#1168 = VECTOR ( 'NONE', #199, 1000.000000000000000 ) ;
#1169 = DIRECTION ( 'NONE',  ( -1.000000000000000000, 0.000000000000000000, -0.000000000000000000 ) ) ;
#1170 = CARTESIAN_POINT ( 'NONE',  ( 30.00000000000000000, 14.00000000000000000, -30.00000000000000000 ) ) ;
#1171 = AXIS2_PLACEMENT_3D ( 'NONE', #2846, #1532, #2807 ) ;
#1172 = CIRCLE ( 'NONE', #1897, 2.999999999999999112 ) ;
#1173 = CARTESIAN_POINT ( 'NONE',  ( 8.000000000000014211, 12.00000000000000000, 17.50000000000000000 ) ) ;
#1174 = DIRECTION ( 'NONE',  ( 0.000000000000000000, 0.000000000000000000, -1.000000000000000000 ) ) ;
#1175 = CARTESIAN_POINT ( 'NONE',  ( -17.49999999999999645, 14.00000000000000000, -9.000000000000015987 ) ) ;
#1176 = AXIS2_PLACEMENT_3D ( 'NONE', #3178, #238, #3420 ) ;
#1177 = VERTEX_POINT ( 'NONE', #745 ) ;
#1178 = AXIS2_PLACEMENT_3D ( 'NONE', #1288, #1267, #1336 ) ;
#1179 = CARTESIAN_POINT ( 'NONE',  ( -17.49999999999999645, 12.00000000000000000, 7.999999999999981348 ) ) ;
#1180 = DIRECTION ( 'NONE',  ( 0.000000000000000000, 0.000000000000000000, 1.000000000000000000 ) ) ;
#1181 = ORIENTED_EDGE ( 'NONE', *, *, #2343, .F. ) ;
#1182 = AXIS2_PLACEMENT_3D ( 'NONE', #2566, #2301, #2514 ) ;
#1183 = LINE ( 'NONE', #78, #270 ) ;
#1184 = ADVANCED_FACE ( 'NONE', ( #1799 ), #2855, .F. ) ;
#1185 = ADVANCED_FACE ( 'NONE', ( #672 ), #2784, .T. ) ;
#1186 = CARTESIAN_POINT ( 'NONE',  ( -16.49999999999998579, 12.00000000000000000, -22.49999999999999289 ) ) ;
#1187 = CIRCLE ( 'NONE', #1460, 2.999999999999999112 ) ;
#1188 = FACE_BOUND ( 'NONE', #1839, .T. ) ;
#1189 = ORIENTED_EDGE ( 'NONE', *, *, #1969, .T. ) ;
#1190 = ORIENTED_EDGE ( 'NONE', *, *, #2399, .F. ) ;
#1191 = CARTESIAN_POINT ( 'NONE',  ( -29.99999999999998579, 0.000000000000000000, 29.99999999999998579 ) ) ;
#1192 = DIRECTION ( 'NONE',  ( -0.000000000000000000, -1.000000000000000000, 0.000000000000000000 ) ) ;
#1193 = ORIENTED_EDGE ( 'NONE', *, *, #2770, .T. ) ;
#1194 = DIRECTION ( 'NONE',  ( -0.000000000000000000, -1.000000000000000000, -0.000000000000000000 ) ) ;
#1195 = LINE ( 'NONE', #2233, #2885 ) ;
#1196 = EDGE_LOOP ( 'NONE', ( #1021, #3090, #3104, #2768, #946, #2450, #505, #1210 ) ) ;
#1197 = ORIENTED_EDGE ( 'NONE', *, *, #1816, .T. ) ;
#1198 = DIRECTION ( 'NONE',  ( 0.000000000000000000, 0.000000000000000000, -1.000000000000000000 ) ) ;
#1199 = CARTESIAN_POINT ( 'NONE',  ( 15.50000000000000178, 12.00000000000000000, 15.50000000000000000 ) ) ;
#1200 = ADVANCED_FACE ( 'NONE', ( #1040 ), #2600, .F. ) ;
#1201 = EDGE_CURVE ( 'NONE', #2567, #1430, #1884, .T. ) ;
#1202 = CARTESIAN_POINT ( 'NONE',  ( -22.50000000000000000, 12.00000000000000000, -22.49999999999999289 ) ) ;
#1203 = ORIENTED_EDGE ( 'NONE', *, *, #1287, .T. ) ;
#1204 = ORIENTED_EDGE ( 'NONE', *, *, #1694, .T. ) ;
#1205 = LINE ( 'NONE', #2290, #1996 ) ;
#1206 = FACE_OUTER_BOUND ( 'NONE', #2475, .T. ) ;
#1207 = ORIENTED_EDGE ( 'NONE', *, *, #2960, .T. ) ;
#1208 = CARTESIAN_POINT ( 'NONE',  ( 6.123233995736766282E-16, 12.00000000000000000, -1.000000000000000000 ) ) ;
#1209 = CARTESIAN_POINT ( 'NONE',  ( -22.50000000000000000, 12.00000000000000000, 16.49999999999998579 ) ) ;
#1210 = ORIENTED_EDGE ( 'NONE', *, *, #2708, .T. ) ;
#1211 = CARTESIAN_POINT ( 'NONE',  ( 25.00000000000000711, 11.00000000000000355, -24.99999999999998934 ) ) ;
#1212 = DIRECTION ( 'NONE',  ( 0.000000000000000000, -1.000000000000000000, 0.000000000000000000 ) ) ;
#1213 = FACE_OUTER_BOUND ( 'NONE', #2849, .T. ) ;
#1214 = AXIS2_PLACEMENT_3D ( 'NONE', #87, #1105, #2176 ) ;
#1215 = EDGE_CURVE ( 'NONE', #3260, #1706, #2122, .T. ) ;
#1216 = DIRECTION ( 'NONE',  ( 0.000000000000000000, 0.000000000000000000, -1.000000000000000000 ) ) ;
#1217 = ORIENTED_EDGE ( 'NONE', *, *, #1241, .F. ) ;
#1218 = AXIS2_PLACEMENT_3D ( 'NONE', #859, #2975, #601 ) ;
#1219 = TOROIDAL_SURFACE ( 'NONE', #2498, 5.500000000000000000, 2.500000000000000000 ) ;
#1220 = CARTESIAN_POINT ( 'NONE',  ( -20.49999999999999645, 12.00000000000000000, 7.999999999999983125 ) ) ;
#1221 = ADVANCED_FACE ( 'NONE', ( #2917 ), #289, .F. ) ;
#1222 = EDGE_CURVE ( 'NONE', #2800, #48, #2879, .T. ) ;
#1223 = DIRECTION ( 'NONE',  ( 0.000000000000000000, -1.000000000000000000, 0.000000000000000000 ) ) ;
#1224 = CIRCLE ( 'NONE', #2279, 5.000000000000000888 ) ;
#1225 = DIRECTION ( 'NONE',  ( -0.000000000000000000, -0.000000000000000000, -1.000000000000000000 ) ) ;
#1226 = AXIS2_PLACEMENT_3D ( 'NONE', #918, #654, #2152 ) ;
#1227 = DIRECTION ( 'NONE',  ( 0.000000000000000000, 0.000000000000000000, -1.000000000000000000 ) ) ;
#1228 = ORIENTED_EDGE ( 'NONE', *, *, #1215, .F. ) ;
#1229 = ORIENTED_EDGE ( 'NONE', *, *, #2149, .F. ) ;
#1230 = AXIS2_PLACEMENT_3D ( 'NONE', #2676, #2732, #39 ) ;
#1231 = CARTESIAN_POINT ( 'NONE',  ( 16.49999999999999645, 0.000000000000000000, 22.50000000000000711 ) ) ;
#1232 = CIRCLE ( 'NONE', #2174, 2.999999999999999112 ) ;
#1233 = CARTESIAN_POINT ( 'NONE',  ( -24.99999999999999289, 11.00000000000000000, -24.99999999999999645 ) ) ;
#1234 = AXIS2_PLACEMENT_3D ( 'NONE', #2742, #3031, #1713 ) ;
#1235 = VECTOR ( 'NONE', #3411, 1000.000000000000000 ) ;
#1236 = CARTESIAN_POINT ( 'NONE',  ( -7.999999999999983125, 12.00000000000000000, -19.49999999999999289 ) ) ;
#1237 = EDGE_LOOP ( 'NONE', ( #2077, #2633, #1089, #1386 ) ) ;
#1238 = DIRECTION ( 'NONE',  ( -0.000000000000000000, 1.000000000000000000, -0.000000000000000000 ) ) ;
#1239 = DIRECTION ( 'NONE',  ( 1.000000000000000000, -0.000000000000000000, -1.224646799147353207E-16 ) ) ;
#1240 = EDGE_CURVE ( 'NONE', #2053, #1714, #3317, .T. ) ;
#1241 = EDGE_CURVE ( 'NONE', #1964, #1469, #2388, .T. ) ;
#1242 = DIRECTION ( 'NONE',  ( 0.000000000000000000, 0.000000000000000000, -1.000000000000000000 ) ) ;
#1243 = DIRECTION ( 'NONE',  ( 0.000000000000000000, 0.000000000000000000, 1.000000000000000000 ) ) ;
#1244 = CARTESIAN_POINT ( 'NONE',  ( -16.50000000000000000, 0.000000000000000000, -22.49999999999999289 ) ) ;
#1245 = CARTESIAN_POINT ( 'NONE',  ( -7.999999999999983125, 19.00000000000000000, 19.50000000000000000 ) ) ;
#1246 = DIRECTION ( 'NONE',  ( 0.000000000000000000, -1.000000000000000000, 0.000000000000000000 ) ) ;
#1247 = VECTOR ( 'NONE', #894, 1000.000000000000000 ) ;
#1248 = VERTEX_POINT ( 'NONE', #256 ) ;
#1249 = AXIS2_PLACEMENT_3D ( 'NONE', #1949, #1154, #1198 ) ;
#1250 = ORIENTED_EDGE ( 'NONE', *, *, #1883, .F. ) ;
#1251 = FACE_BOUND ( 'NONE', #1369, .T. ) ;
#1252 = ORIENTED_EDGE ( 'NONE', *, *, #1059, .F. ) ;
#1253 = VERTEX_POINT ( 'NONE', #1813 ) ;
#1254 = ORIENTED_EDGE ( 'NONE', *, *, #1730, .F. ) ;
#1255 = CARTESIAN_POINT ( 'NONE',  ( -7.999999999999983125, 14.00000000000000000, 20.50000000000000000 ) ) ;
#1256 = FACE_OUTER_BOUND ( 'NONE', #1358, .T. ) ;
#1257 = CARTESIAN_POINT ( 'NONE',  ( -15.50000000000000178, 7.000000000000000000, 15.49999999999999289 ) ) ;
#1258 = DIRECTION ( 'NONE',  ( -0.000000000000000000, 1.000000000000000000, -0.000000000000000000 ) ) ;
#1259 = EDGE_CURVE ( 'NONE', #2551, #1789, #3177, .T. ) ;
#1260 = EDGE_CURVE ( 'NONE', #947, #1706, #3406, .T. ) ;
#1261 = LINE ( 'NONE', #2312, #1142 ) ;
#1262 = DIRECTION ( 'NONE',  ( -0.000000000000000000, -1.000000000000000000, -0.000000000000000000 ) ) ;
#1263 = CARTESIAN_POINT ( 'NONE',  ( 15.50000000000000178, 12.00000000000000000, -13.50000000000000178 ) ) ;
#1264 = EDGE_CURVE ( 'NONE', #389, #1732, #2357, .T. ) ;
#1265 = CARTESIAN_POINT ( 'NONE',  ( 19.49999999999999645, 12.00000000000000000, 8.999999999999984013 ) ) ;
#1266 = ORIENTED_EDGE ( 'NONE', *, *, #615, .T. ) ;
#1267 = DIRECTION ( 'NONE',  ( 0.000000000000000000, -1.000000000000000000, -0.000000000000000000 ) ) ;
#1268 = EDGE_LOOP ( 'NONE', ( #2613, #464, #3095, #158 ) ) ;
#1269 = ORIENTED_EDGE ( 'NONE', *, *, #3284, .F. ) ;
#1270 = AXIS2_PLACEMENT_3D ( 'NONE', #728, #2264, #487 ) ;
#1271 = DIRECTION ( 'NONE',  ( 0.000000000000000000, -1.000000000000000000, 0.000000000000000000 ) ) ;
#1272 = CIRCLE ( 'NONE', #1830, 1.000000000000000000 ) ;
#1273 = CARTESIAN_POINT ( 'NONE',  ( 9.000000000000014211, 12.00000000000000000, -17.49999999999999289 ) ) ;
#1274 = VECTOR ( 'NONE', #1271, 1000.000000000000000 ) ;
#1275 = CARTESIAN_POINT ( 'NONE',  ( 16.49999999999998934, 12.00000000000000000, -9.000000000000014211 ) ) ;
#1276 = FACE_OUTER_BOUND ( 'NONE', #1867, .T. ) ;
#1277 = AXIS2_PLACEMENT_3D ( 'NONE', #749, #2010, #221 ) ;
#1278 = ORIENTED_EDGE ( 'NONE', *, *, #2449, .F. ) ;
#1279 = EDGE_LOOP ( 'NONE', ( #213, #2591 ) ) ;
#1280 = AXIS2_PLACEMENT_3D ( 'NONE', #139, #1192, #2245 ) ;
#1281 = SURFACE_STYLE_USAGE ( .BOTH. , #2877 ) ;
#1282 = FACE_OUTER_BOUND ( 'NONE', #166, .T. ) ;
#1283 = DIRECTION ( 'NONE',  ( 0.000000000000000000, 0.000000000000000000, -1.000000000000000000 ) ) ;
#1284 = AXIS2_PLACEMENT_3D ( 'NONE', #1727, #1802, #185 ) ;
#1285 = ORIENTED_EDGE ( 'NONE', *, *, #2256, .T. ) ;
#1286 = EDGE_CURVE ( 'NONE', #3168, #1316, #1441, .T. ) ;
#1287 = EDGE_CURVE ( 'NONE', #2193, #1393, #2904, .T. ) ;
#1288 = CARTESIAN_POINT ( 'NONE',  ( -24.99999999999999289, 0.000000000000000000, -24.99999999999999645 ) ) ;
#1289 = EDGE_LOOP ( 'NONE', ( #2487, #2348, #660, #1379 ) ) ;
#1290 = ORIENTED_EDGE ( 'NONE', *, *, #1844, .F. ) ;
#1291 = CIRCLE ( 'NONE', #3337, 1.000000000000000000 ) ;
#1292 = DIRECTION ( 'NONE',  ( 0.000000000000000000, 0.000000000000000000, 1.000000000000000000 ) ) ;
#1293 = FACE_BOUND ( 'NONE', #979, .T. ) ;
#1294 = ORIENTED_EDGE ( 'NONE', *, *, #506, .F. ) ;
#1295 = CYLINDRICAL_SURFACE ( 'NONE', #1110, 6.000000000000000000 ) ;
#1296 = LINE ( 'NONE', #3409, #3331 ) ;
#1297 = VERTEX_POINT ( 'NONE', #1087 ) ;
#1298 = CARTESIAN_POINT ( 'NONE',  ( 22.49999999999999645, 0.000000000000000000, 22.50000000000000711 ) ) ;
#1299 = AXIS2_PLACEMENT_3D ( 'NONE', #1875, #1048, #2924 ) ;
#1300 = CARTESIAN_POINT ( 'NONE',  ( -15.50000000000000178, 7.000000000000000000, 17.49999999999999289 ) ) ;
#1301 = DIRECTION ( 'NONE',  ( 0.000000000000000000, 0.000000000000000000, 1.000000000000000000 ) ) ;
#1302 = EDGE_LOOP ( 'NONE', ( #2803, #3064, #883, #2561 ) ) ;
#1303 = LINE ( 'NONE', #212, #1073 ) ;
#1304 = VERTEX_POINT ( 'NONE', #2646 ) ;
#1305 = EDGE_CURVE ( 'NONE', #1605, #48, #2717, .T. ) ;
#1306 = ADVANCED_FACE ( 'NONE', ( #535 ), #1581, .F. ) ;
#1307 = VERTEX_POINT ( 'NONE', #3419 ) ;
#1308 = DIRECTION ( 'NONE',  ( 0.000000000000000000, 0.000000000000000000, 1.000000000000000000 ) ) ;
#1309 = DIRECTION ( 'NONE',  ( 0.000000000000000000, 0.000000000000000000, -1.000000000000000000 ) ) ;
#1310 = EDGE_CURVE ( 'NONE', #285, #1828, #1666, .T. ) ;
#1311 = DIRECTION ( 'NONE',  ( -0.000000000000000000, 1.000000000000000000, -0.000000000000000000 ) ) ;
#1312 = DIRECTION ( 'NONE',  ( 0.000000000000000000, 1.000000000000000000, 0.000000000000000000 ) ) ;
#1313 = ORIENTED_EDGE ( 'NONE', *, *, #2644, .T. ) ;
#1314 = FACE_OUTER_BOUND ( 'NONE', #810, .T. ) ;
#1315 = DIRECTION ( 'NONE',  ( 0.000000000000000000, 1.000000000000000000, -0.000000000000000000 ) ) ;
#1316 = VERTEX_POINT ( 'NONE', #2105 ) ;
#1317 = DIRECTION ( 'NONE',  ( 0.000000000000000000, 0.000000000000000000, 1.000000000000000000 ) ) ;
#1318 = ORIENTED_EDGE ( 'NONE', *, *, #3049, .F. ) ;
#1319 = EDGE_LOOP ( 'NONE', ( #1252, #349, #2533, #2402 ) ) ;
#1320 = ORIENTED_EDGE ( 'NONE', *, *, #764, .T. ) ;
#1321 = CARTESIAN_POINT ( 'NONE',  ( -29.99999999999998579, 0.000000000000000000, -30.00000000000001066 ) ) ;
#1322 = FACE_OUTER_BOUND ( 'NONE', #2331, .T. ) ;
#1323 = CIRCLE ( 'NONE', #941, 3.000000000000000888 ) ;
#1324 = CIRCLE ( 'NONE', #3375, 1.000000000000000888 ) ;
#1325 = EDGE_CURVE ( 'NONE', #25, #2692, #3160, .T. ) ;
#1326 = EDGE_CURVE ( 'NONE', #947, #1919, #216, .T. ) ;
#1327 = DIRECTION ( 'NONE',  ( 0.000000000000000000, 0.000000000000000000, 1.000000000000000000 ) ) ;
#1328 = DIRECTION ( 'NONE',  ( 0.000000000000000000, 0.000000000000000000, 1.000000000000000000 ) ) ;
#1329 = VECTOR ( 'NONE', #2933, 1000.000000000000000 ) ;
#1330 = DIRECTION ( 'NONE',  ( 0.000000000000000000, -1.000000000000000000, 0.000000000000000000 ) ) ;
#1331 = AXIS2_PLACEMENT_3D ( 'NONE', #3308, #662, #142 ) ;
#1332 = DIRECTION ( 'NONE',  ( -1.000000000000000000, 0.000000000000000000, 0.000000000000000000 ) ) ;
#1333 = ORIENTED_EDGE ( 'NONE', *, *, #1343, .T. ) ;
#1334 = AXIS2_PLACEMENT_3D ( 'NONE', #526, #1568, #2126 ) ;
#1335 = AXIS2_PLACEMENT_3D ( 'NONE', #847, #1906, #2958 ) ;
#1336 = DIRECTION ( 'NONE',  ( 0.000000000000000000, 0.000000000000000000, -1.000000000000000000 ) ) ;
#1337 = ORIENTED_EDGE ( 'NONE', *, *, #2493, .F. ) ;
#1338 = DIRECTION ( 'NONE',  ( 0.000000000000000000, 0.000000000000000000, 1.000000000000000000 ) ) ;
#1339 = PLANE ( 'NONE',  #130 ) ;
#1340 = DIRECTION ( 'NONE',  ( -0.000000000000000000, 1.000000000000000000, -0.000000000000000000 ) ) ;
#1341 = CARTESIAN_POINT ( 'NONE',  ( 25.00000000000000711, 14.00000000000000000, 25.00000000000001066 ) ) ;
#1342 = EDGE_CURVE ( 'NONE', #998, #123, #3228, .T. ) ;
#1343 = EDGE_CURVE ( 'NONE', #3256, #480, #2433, .T. ) ;
#1344 = CARTESIAN_POINT ( 'NONE',  ( 1.836970198721029934E-16, 13.50000000000000000, -4.500000000000000000 ) ) ;
#1345 = FACE_OUTER_BOUND ( 'NONE', #1943, .T. ) ;
#1346 = ORIENTED_EDGE ( 'NONE', *, *, #3042, .T. ) ;
#1347 = ORIENTED_EDGE ( 'NONE', *, *, #2853, .T. ) ;
#1348 = DIRECTION ( 'NONE',  ( -0.000000000000000000, -1.000000000000000000, -0.000000000000000000 ) ) ;
#1349 = EDGE_LOOP ( 'NONE', ( #2681, #69, #249, #1979 ) ) ;
#1350 = ORIENTED_EDGE ( 'NONE', *, *, #2734, .F. ) ;
#1351 = DIRECTION ( 'NONE',  ( 0.000000000000000000, 0.000000000000000000, -1.000000000000000000 ) ) ;
#1352 = DIRECTION ( 'NONE',  ( 1.000000000000000000, 0.000000000000000000, 0.000000000000000000 ) ) ;
#1353 = ORIENTED_EDGE ( 'NONE', *, *, #1864, .F. ) ;
#1354 = DIRECTION ( 'NONE',  ( 0.000000000000000000, 1.000000000000000000, -0.000000000000000000 ) ) ;
#1355 = DIRECTION ( 'NONE',  ( -0.000000000000000000, 1.000000000000000000, 0.000000000000000000 ) ) ;
#1356 = CARTESIAN_POINT ( 'NONE',  ( 25.00000000000000711, 11.00000000000000000, 25.00000000000001066 ) ) ;
#1357 = EDGE_LOOP ( 'NONE', ( #574, #834 ) ) ;
#1358 = EDGE_LOOP ( 'NONE', ( #1365, #890, #188, #1597 ) ) ;
#1359 = AXIS2_PLACEMENT_3D ( 'NONE', #555, #1606, #2096 ) ;
#1360 = LINE ( 'NONE', #2350, #1235 ) ;
#1361 = ADVANCED_FACE ( 'NONE', ( #2713 ), #2013, .T. ) ;
#1362 = EDGE_CURVE ( 'NONE', #1858, #1743, #1832, .T. ) ;
#1363 = DIRECTION ( 'NONE',  ( 0.000000000000000000, 0.000000000000000000, -1.000000000000000000 ) ) ;
#1364 = VERTEX_POINT ( 'NONE', #877 ) ;
#1365 = ORIENTED_EDGE ( 'NONE', *, *, #145, .F. ) ;
#1366 = EDGE_CURVE ( 'NONE', #2356, #1908, #3329, .T. ) ;
#1367 = EDGE_CURVE ( 'NONE', #1876, #2900, #2269, .T. ) ;
#1368 = DIRECTION ( 'NONE',  ( 0.000000000000000000, 0.000000000000000000, -1.000000000000000000 ) ) ;
#1369 = EDGE_LOOP ( 'NONE', ( #438, #775, #91, #2634, #1815, #640, #1777, #1266 ) ) ;
#1370 = DIRECTION ( 'NONE',  ( 0.000000000000000000, 0.000000000000000000, -1.000000000000000000 ) ) ;
#1371 = DIRECTION ( 'NONE',  ( 0.000000000000000000, 1.000000000000000000, 0.000000000000000000 ) ) ;
#1372 = CARTESIAN_POINT ( 'NONE',  ( 16.50000000000000000, 12.00000000000000000, 22.50000000000000711 ) ) ;
#1373 = CARTESIAN_POINT ( 'NONE',  ( 15.50000000000000178, 12.00000000000000000, -15.50000000000000000 ) ) ;
#1374 = EDGE_LOOP ( 'NONE', ( #1829, #1888, #1149, #2011 ) ) ;
#1375 = DIRECTION ( 'NONE',  ( 0.000000000000000000, -0.000000000000000000, -1.000000000000000000 ) ) ;
#1376 = AXIS2_PLACEMENT_3D ( 'NONE', #3129, #2585, #1592 ) ;
#1377 = CYLINDRICAL_SURFACE ( 'NONE', #2369, 1.000000000000000000 ) ;
#1378 = CARTESIAN_POINT ( 'NONE',  ( -20.49999999999999645, 19.00000000000000000, -9.000000000000014211 ) ) ;
#1379 = ORIENTED_EDGE ( 'NONE', *, *, #1470, .F. ) ;
#1380 = CIRCLE ( 'NONE', #1947, 2.500000000000000444 ) ;
#1381 = ORIENTED_EDGE ( 'NONE', *, *, #1082, .F. ) ;
#1382 = CIRCLE ( 'NONE', #1010, 2.500000000000000444 ) ;
#1383 = FACE_OUTER_BOUND ( 'NONE', #95, .T. ) ;
#1384 = ORIENTED_EDGE ( 'NONE', *, *, #1694, .F. ) ;
#1385 = AXIS2_PLACEMENT_3D ( 'NONE', #2142, #280, #2911 ) ;
#1386 = ORIENTED_EDGE ( 'NONE', *, *, #547, .T. ) ;
#1387 = EDGE_CURVE ( 'NONE', #2980, #1511, #3377, .T. ) ;
#1388 = EDGE_CURVE ( 'NONE', #80, #2722, #618, .T. ) ;
#1389 = AXIS2_PLACEMENT_3D ( 'NONE', #2094, #572, #277 ) ;
#1390 = DIRECTION ( 'NONE',  ( -0.000000000000000000, -0.000000000000000000, 1.000000000000000000 ) ) ;
#1391 = DIRECTION ( 'NONE',  ( 0.000000000000000000, 0.000000000000000000, 1.000000000000000000 ) ) ;
#1392 = CIRCLE ( 'NONE', #3004, 4.999999999999999112 ) ;
#1393 = VERTEX_POINT ( 'NONE', #341 ) ;
#1394 = DIRECTION ( 'NONE',  ( -0.000000000000000000, 1.000000000000000000, -0.000000000000000000 ) ) ;
#1395 = DIRECTION ( 'NONE',  ( -1.224646799147352961E-16, 0.000000000000000000, -1.000000000000000000 ) ) ;
#1396 = ORIENTED_EDGE ( 'NONE', *, *, #1222, .T. ) ;
#1397 = DIRECTION ( 'NONE',  ( -1.000000000000000000, -0.000000000000000000, -0.000000000000000000 ) ) ;
#1398 = EDGE_LOOP ( 'NONE', ( #493, #1055, #2143, #2902 ) ) ;
#1399 = VECTOR ( 'NONE', #1348, 1000.000000000000000 ) ;
#1400 = EDGE_LOOP ( 'NONE', ( #899, #1868, #1825, #723 ) ) ;
#1401 = FACE_OUTER_BOUND ( 'NONE', #2872, .T. ) ;
#1402 = DIRECTION ( 'NONE',  ( 0.000000000000000000, -1.000000000000000000, 0.000000000000000000 ) ) ;
#1403 = EDGE_LOOP ( 'NONE', ( #2701, #53 ) ) ;
#1404 = VERTEX_POINT ( 'NONE', #428 ) ;
#1405 = DIRECTION ( 'NONE',  ( -0.000000000000000000, -1.000000000000000000, 0.000000000000000000 ) ) ;
#1406 = CARTESIAN_POINT ( 'NONE',  ( -15.50000000000000178, 7.000000000000000000, 15.49999999999999289 ) ) ;
#1407 = CARTESIAN_POINT ( 'NONE',  ( -8.999999999999984013, 12.00000000000000000, 19.50000000000000000 ) ) ;
#1408 = PLANE ( 'NONE',  #119 ) ;
#1409 = EDGE_CURVE ( 'NONE', #1307, #2952, #684, .T. ) ;
#1410 = LINE ( 'NONE', #1654, #958 ) ;
#1411 = DIRECTION ( 'NONE',  ( -0.000000000000000000, 1.000000000000000000, -0.000000000000000000 ) ) ;
#1412 = EDGE_CURVE ( 'NONE', #1177, #1743, #1936, .T. ) ;
#1413 = LINE ( 'NONE', #1959, #2111 ) ;
#1414 = FACE_OUTER_BOUND ( 'NONE', #1576, .T. ) ;
#1415 = ORIENTED_EDGE ( 'NONE', *, *, #653, .T. ) ;
#1416 = ORIENTED_EDGE ( 'NONE', *, *, #530, .F. ) ;
#1417 = DIRECTION ( 'NONE',  ( -0.000000000000000000, -1.000000000000000000, 0.000000000000000000 ) ) ;
#1418 = CARTESIAN_POINT ( 'NONE',  ( -15.50000000000000178, 7.000000000000000000, 12.49999999999999289 ) ) ;
#1419 = ORIENTED_EDGE ( 'NONE', *, *, #88, .F. ) ;
#1420 = ORIENTED_EDGE ( 'NONE', *, *, #1388, .T. ) ;
#1421 = DIRECTION ( 'NONE',  ( 0.000000000000000000, 0.000000000000000000, 1.000000000000000000 ) ) ;
#1422 = DIRECTION ( 'NONE',  ( 0.000000000000000000, 0.000000000000000000, -1.000000000000000000 ) ) ;
#1423 = FACE_OUTER_BOUND ( 'NONE', #1319, .T. ) ;
#1424 = ORIENTED_EDGE ( 'NONE', *, *, #1863, .T. ) ;
#1425 = EDGE_LOOP ( 'NONE', ( #3194, #2082, #1333, #1290 ) ) ;
#1426 = AXIS2_PLACEMENT_3D ( 'NONE', #2201, #912, #613 ) ;
#1427 = FACE_OUTER_BOUND ( 'NONE', #1442, .T. ) ;
#1428 = DIRECTION ( 'NONE',  ( -0.000000000000000000, -1.000000000000000000, -0.000000000000000000 ) ) ;
#1429 = CARTESIAN_POINT ( 'NONE',  ( 9.000000000000014211, 14.00000000000000000, -19.49999999999998934 ) ) ;
#1430 = VERTEX_POINT ( 'NONE', #1102 ) ;
#1431 = EDGE_CURVE ( 'NONE', #3359, #3219, #171, .T. ) ;
#1432 = EDGE_CURVE ( 'NONE', #1031, #3219, #2736, .T. ) ;
#1433 = DIRECTION ( 'NONE',  ( 0.000000000000000000, -1.000000000000000000, -0.000000000000000000 ) ) ;
#1434 = CARTESIAN_POINT ( 'NONE',  ( -15.50000000000000178, 7.000000000000000000, 18.49999999999999645 ) ) ;
#1435 = ORIENTED_EDGE ( 'NONE', *, *, #3131, .T. ) ;
#1436 = AXIS2_PLACEMENT_3D ( 'NONE', #1179, #2232, #3293 ) ;
#1437 = CARTESIAN_POINT ( 'NONE',  ( 25.00000000000000711, -28.00000000000001776, -24.99999999999998934 ) ) ;
#1438 = VECTOR ( 'NONE', #951, 1000.000000000000000 ) ;
#1439 = DIRECTION ( 'NONE',  ( 0.000000000000000000, -1.000000000000000000, 0.000000000000000000 ) ) ;
#1440 = CARTESIAN_POINT ( 'NONE',  ( 4.592425496802573972E-16, 9.500000000000000000, -3.500000000000000000 ) ) ;
#1441 = CIRCLE ( 'NONE', #510, 1.999999999999998224 ) ;
#1442 = EDGE_LOOP ( 'NONE', ( #2157, #2324, #2200, #580 ) ) ;
#1443 = VECTOR ( 'NONE', #1152, 1000.000000000000000 ) ;
#1444 = LINE ( 'NONE', #2737, #348 ) ;
#1445 = EDGE_LOOP ( 'NONE', ( #2760, #3186, #739, #446 ) ) ;
#1446 = AXIS2_PLACEMENT_3D ( 'NONE', #1341, #1891, #2110 ) ;
#1447 = CARTESIAN_POINT ( 'NONE',  ( -29.99999999999998579, 14.00000000000000000, -30.00000000000001066 ) ) ;
#1448 = DIRECTION ( 'NONE',  ( 0.000000000000000000, 0.000000000000000000, -1.000000000000000000 ) ) ;
#1449 = DIRECTION ( 'NONE',  ( 0.000000000000000000, -1.000000000000000000, -0.000000000000000000 ) ) ;
#1450 = ORIENTED_EDGE ( 'NONE', *, *, #2770, .F. ) ;
#1451 = CARTESIAN_POINT ( 'NONE',  ( 15.50000000000000178, 12.00000000000000000, 15.50000000000000000 ) ) ;
#1452 = CARTESIAN_POINT ( 'NONE',  ( 0.000000000000000000, 9.500000000000000000, -6.000000000000000000 ) ) ;
#1453 = ORIENTED_EDGE ( 'NONE', *, *, #2859, .T. ) ;
#1454 = ADVANCED_FACE ( 'NONE', ( #2405 ), #1408, .F. ) ;
#1455 = EDGE_CURVE ( 'NONE', #298, #367, #2679, .T. ) ;
#1456 = VECTOR ( 'NONE', #2544, 1000.000000000000000 ) ;
#1457 = PLANE ( 'NONE',  #1426 ) ;
#1458 = EDGE_CURVE ( 'NONE', #1732, #663, #2106, .T. ) ;
#1459 = DIRECTION ( 'NONE',  ( -0.000000000000000000, -1.000000000000000000, -0.000000000000000000 ) ) ;
#1460 = AXIS2_PLACEMENT_3D ( 'NONE', #1842, #1917, #527 ) ;
#1461 = FACE_BOUND ( 'NONE', #985, .T. ) ;
#1462 = ORIENTED_EDGE ( 'NONE', *, *, #2811, .T. ) ;
#1463 = CARTESIAN_POINT ( 'NONE',  ( 15.50000000000000178, 7.000000000000000000, 15.50000000000000000 ) ) ;
#1464 = FACE_OUTER_BOUND ( 'NONE', #1081, .T. ) ;
#1465 = CARTESIAN_POINT ( 'NONE',  ( -24.99999999999999289, 11.00000000000000000, -24.99999999999999645 ) ) ;
#1466 = ORIENTED_EDGE ( 'NONE', *, *, #2528, .T. ) ;
#1467 = CARTESIAN_POINT ( 'NONE',  ( -15.50000000000000178, 9.500000000000000000, 20.99999999999999289 ) ) ;
#1468 = CARTESIAN_POINT ( 'NONE',  ( -15.49999999999999822, 12.00000000000000000, -17.50000000000000000 ) ) ;
#1469 = VERTEX_POINT ( 'NONE', #844 ) ;
#1470 = EDGE_CURVE ( 'NONE', #2539, #57, #2660, .T. ) ;
#1471 = EDGE_CURVE ( 'NONE', #1798, #47, #1997, .T. ) ;
#1472 =( NAMED_UNIT ( * ) PLANE_ANGLE_UNIT ( ) SI_UNIT ( $, .RADIAN. ) );
#1473 = CARTESIAN_POINT ( 'NONE',  ( -19.49999999999999645, 12.00000000000000000, -8.000000000000014211 ) ) ;
#1474 = LINE ( 'NONE', #161, #1456 ) ;
#1475 = EDGE_CURVE ( 'NONE', #287, #3217, #2424, .T. ) ;
#1476 = EDGE_CURVE ( 'NONE', #568, #2099, #2316, .T. ) ;
#1477 = ORIENTED_EDGE ( 'NONE', *, *, #3073, .F. ) ;
#1478 = DIRECTION ( 'NONE',  ( 0.000000000000000000, -0.000000000000000000, -1.000000000000000000 ) ) ;
#1479 = VERTEX_POINT ( 'NONE', #1300 ) ;
#1480 = ORIENTED_EDGE ( 'NONE', *, *, #2734, .T. ) ;
#1481 = CARTESIAN_POINT ( 'NONE',  ( 0.000000000000000000, 13.50000000000000000, -6.000000000000000000 ) ) ;
#1482 = LINE ( 'NONE', #2573, #900 ) ;
#1483 = VERTEX_POINT ( 'NONE', #698 ) ;
#1484 = CARTESIAN_POINT ( 'NONE',  ( 0.000000000000000000, 13.50000000000000000, -6.000000000000000000 ) ) ;
#1485 = CARTESIAN_POINT ( 'NONE',  ( -15.50000000000000178, 7.000000000000000000, 15.49999999999999289 ) ) ;
#1486 = VERTEX_POINT ( 'NONE', #2300 ) ;
#1487 = ORIENTED_EDGE ( 'NONE', *, *, #3231, .T. ) ;
#1488 =( LENGTH_UNIT ( ) NAMED_UNIT ( * ) SI_UNIT ( .MILLI., .METRE. ) );
#1489 = CARTESIAN_POINT ( 'NONE',  ( -15.50000000000000178, 9.500000000000000000, 12.49999999999999289 ) ) ;
#1490 = CIRCLE ( 'NONE', #54, 2.000000000000000000 ) ;
#1491 = DIRECTION ( 'NONE',  ( -2.312964634635743450E-16, 0.000000000000000000, -1.000000000000000000 ) ) ;
#1492 = CIRCLE ( 'NONE', #3430, 6.000000000000000000 ) ;
#1493 = FACE_BOUND ( 'NONE', #1196, .T. ) ;
#1494 = VERTEX_POINT ( 'NONE', #2595 ) ;
#1495 = CIRCLE ( 'NONE', #945, 2.999999999999999112 ) ;
#1496 = EDGE_CURVE ( 'NONE', #557, #1513, #2351, .T. ) ;
#1497 = ADVANCED_FACE ( 'NONE', ( #2029 ), #1014, .F. ) ;
#1498 = CIRCLE ( 'NONE', #2826, 1.999999999999998224 ) ;
#1499 = CARTESIAN_POINT ( 'NONE',  ( 9.000000000000014211, 12.00000000000000000, 16.50000000000000000 ) ) ;
#1500 = DIRECTION ( 'NONE',  ( -0.000000000000000000, 1.000000000000000000, -0.000000000000000000 ) ) ;
#1501 = VERTEX_POINT ( 'NONE', #228 ) ;
#1502 = LINE ( 'NONE', #679, #115 ) ;
#1503 = AXIS2_PLACEMENT_3D ( 'NONE', #2074, #726, #1746 ) ;
#1504 = CARTESIAN_POINT ( 'NONE',  ( -15.49999999999999822, 9.500000000000000000, -15.50000000000000178 ) ) ;
#1505 = AXIS2_PLACEMENT_3D ( 'NONE', #1811, #2134, #1071 ) ;
#1506 = CARTESIAN_POINT ( 'NONE',  ( 8.000000000000014211, 12.00000000000000000, -17.49999999999999289 ) ) ;
#1507 = LINE ( 'NONE', #3102, #839 ) ;
#1508 = AXIS2_PLACEMENT_3D ( 'NONE', #3154, #2598, #1035 ) ;
#1509 = DIRECTION ( 'NONE',  ( 0.000000000000000000, 0.000000000000000000, -1.000000000000000000 ) ) ;
#1510 = ORIENTED_EDGE ( 'NONE', *, *, #3111, .T. ) ;
#1511 = VERTEX_POINT ( 'NONE', #770 ) ;
#1512 = CYLINDRICAL_SURFACE ( 'NONE', #2444, 1.500000000000001332 ) ;
#1513 = VERTEX_POINT ( 'NONE', #996 ) ;
#1514 = EDGE_CURVE ( 'NONE', #1469, #500, #1495, .T. ) ;
#1515 = LINE ( 'NONE', #1255, #558 ) ;
#1516 = DIRECTION ( 'NONE',  ( 0.000000000000000000, 1.000000000000000000, -0.000000000000000000 ) ) ;
#1517 = EDGE_CURVE ( 'NONE', #1858, #818, #1507, .T. ) ;
#1518 = CARTESIAN_POINT ( 'NONE',  ( -20.49999999999999645, 14.00000000000000000, 7.999999999999983125 ) ) ;
#1519 = LINE ( 'NONE', #694, #1119 ) ;
#1520 = DIRECTION ( 'NONE',  ( 0.000000000000000000, 1.000000000000000000, 0.000000000000000000 ) ) ;
#1521 = ORIENTED_EDGE ( 'NONE', *, *, #1455, .T. ) ;
#1522 = CARTESIAN_POINT ( 'NONE',  ( 16.50000000000000000, 12.00000000000000000, -16.49999999999999289 ) ) ;
#1523 = ORIENTED_EDGE ( 'NONE', *, *, #1553, .F. ) ;
#1524 = ORIENTED_EDGE ( 'NONE', *, *, #1471, .F. ) ;
#1525 = CARTESIAN_POINT ( 'NONE',  ( 15.50000000000000178, 7.000000000000000000, -15.50000000000000000 ) ) ;
#1526 = EDGE_LOOP ( 'NONE', ( #1913, #2032 ) ) ;
#1527 = DIRECTION ( 'NONE',  ( 0.000000000000000000, 0.000000000000000000, -1.000000000000000000 ) ) ;
#1528 = CARTESIAN_POINT ( 'NONE',  ( -24.99999999999999289, 11.00000000000000000, -22.00000000000000000 ) ) ;
#1529 = ADVANCED_FACE ( 'NONE', ( #3087 ), #3209, .F. ) ;
#1530 = ADVANCED_FACE ( 'NONE', ( #1792, #1282 ), #3344, .T. ) ;
#1531 = PRESENTATION_STYLE_ASSIGNMENT (( #1281 ) ) ;
#1532 = DIRECTION ( 'NONE',  ( 0.000000000000000000, -1.000000000000000000, 0.000000000000000000 ) ) ;
#1533 = LINE ( 'NONE', #2179, #854 ) ;
#1534 = ORIENTED_EDGE ( 'NONE', *, *, #592, .T. ) ;
#1535 = AXIS2_PLACEMENT_3D ( 'NONE', #2109, #1872, #3163 ) ;
#1536 = CARTESIAN_POINT ( 'NONE',  ( 15.50000000000000178, 12.00000000000000000, -15.50000000000000000 ) ) ;
#1537 = EDGE_LOOP ( 'NONE', ( #644, #1054 ) ) ;
#1538 = VERTEX_POINT ( 'NONE', #2334 ) ;
#1539 = AXIS2_PLACEMENT_3D ( 'NONE', #1700, #1433, #2455 ) ;
#1540 = DIRECTION ( 'NONE',  ( -0.000000000000000000, -1.000000000000000000, 0.000000000000000000 ) ) ;
#1541 = AXIS2_PLACEMENT_3D ( 'NONE', #312, #1354, #502 ) ;
#1542 = CARTESIAN_POINT ( 'NONE',  ( -15.49999999999999822, 12.00000000000000000, -15.50000000000000178 ) ) ;
#1543 = ORIENTED_EDGE ( 'NONE', *, *, #2792, .T. ) ;
#1544 = AXIS2_PLACEMENT_3D ( 'NONE', #2170, #1634, #2991 ) ;
#1545 = CARTESIAN_POINT ( 'NONE',  ( -24.99999999999999289, 14.00000000000000000, -24.99999999999999645 ) ) ;
#1546 = FACE_OUTER_BOUND ( 'NONE', #1941, .T. ) ;
#1547 = AXIS2_PLACEMENT_3D ( 'NONE', #2949, #1843, #332 ) ;
#1548 = EDGE_LOOP ( 'NONE', ( #992, #2727, #2380, #2808, #2865, #2581, #583, #2046 ) ) ;
#1549 = ORIENTED_EDGE ( 'NONE', *, *, #512, .T. ) ;
#1550 = FACE_OUTER_BOUND ( 'NONE', #111, .T. ) ;
#1551 = VECTOR ( 'NONE', #1584, 1000.000000000000000 ) ;
#1552 = CARTESIAN_POINT ( 'NONE',  ( 25.00000000000000711, 0.000000000000000000, -23.49999999999998934 ) ) ;
#1553 = EDGE_CURVE ( 'NONE', #998, #622, #1754, .T. ) ;
#1554 = EDGE_CURVE ( 'NONE', #938, #563, #1050, .T. ) ;
#1555 = DIRECTION ( 'NONE',  ( 0.000000000000000000, 0.000000000000000000, -1.000000000000000000 ) ) ;
#1556 = DIRECTION ( 'NONE',  ( 0.000000000000000000, 0.000000000000000000, -1.000000000000000000 ) ) ;
#1557 = AXIS2_PLACEMENT_3D ( 'NONE', #1937, #380, #585 ) ;
#1558 = ORIENTED_EDGE ( 'NONE', *, *, #2493, .T. ) ;
#1559 = AXIS2_PLACEMENT_3D ( 'NONE', #1536, #2913, #2601 ) ;
#1560 = DIRECTION ( 'NONE',  ( -0.000000000000000000, -1.000000000000000000, -0.000000000000000000 ) ) ;
#1561 = VERTEX_POINT ( 'NONE', #478 ) ;
#1562 = ORIENTED_EDGE ( 'NONE', *, *, #1675, .T. ) ;
#1563 = VECTOR ( 'NONE', #2147, 1000.000000000000000 ) ;
#1564 = CARTESIAN_POINT ( 'NONE',  ( -16.49999999999999289, 14.00000000000000000, 0.000000000000000000 ) ) ;
#1565 = CARTESIAN_POINT ( 'NONE',  ( -24.99999999999999289, 11.00000000000000000, 25.00000000000001776 ) ) ;
#1566 = ORIENTED_EDGE ( 'NONE', *, *, #717, .F. ) ;
#1567 = CARTESIAN_POINT ( 'NONE',  ( -17.49999999999999645, 19.00000000000000000, 7.999999999999981348 ) ) ;
#1568 = DIRECTION ( 'NONE',  ( -1.000000000000000000, 0.000000000000000000, 0.000000000000000000 ) ) ;
#1569 = EDGE_LOOP ( 'NONE', ( #1796, #3047, #2135, #1566 ) ) ;
#1570 = ORIENTED_EDGE ( 'NONE', *, *, #336, .F. ) ;
#1571 = CARTESIAN_POINT ( 'NONE',  ( 16.49999999999998934, 19.00000000000000000, 8.999999999999984013 ) ) ;
#1572 = FACE_OUTER_BOUND ( 'NONE', #1374, .T. ) ;
#1573 = VECTOR ( 'NONE', #2028, 1000.000000000000000 ) ;
#1574 = ORIENTED_EDGE ( 'NONE', *, *, #638, .T. ) ;
#1575 = DIRECTION ( 'NONE',  ( 7.709882115452476934E-17, 0.000000000000000000, -1.000000000000000000 ) ) ;
#1576 = EDGE_LOOP ( 'NONE', ( #651, #3238 ) ) ;
#1577 = ORIENTED_EDGE ( 'NONE', *, *, #1470, .T. ) ;
#1578 = ORIENTED_EDGE ( 'NONE', *, *, #2114, .F. ) ;
#1579 = ADVANCED_FACE ( 'NONE', ( #713 ), #1822, .F. ) ;
#1580 = EDGE_CURVE ( 'NONE', #1029, #3256, #2878, .T. ) ;
#1581 = CYLINDRICAL_SURFACE ( 'NONE', #2052, 1.000000000000000888 ) ;
#1582 = DIRECTION ( 'NONE',  ( 0.000000000000000000, -1.000000000000000000, 0.000000000000000000 ) ) ;
#1583 = DIRECTION ( 'NONE',  ( 0.000000000000000000, 0.000000000000000000, -1.000000000000000000 ) ) ;
#1584 = DIRECTION ( 'NONE',  ( 1.000000000000000000, 0.000000000000000000, 0.000000000000000000 ) ) ;
#1585 = VERTEX_POINT ( 'NONE', #1263 ) ;
#1586 = ORIENTED_EDGE ( 'NONE', *, *, #3422, .T. ) ;
#1587 = DIRECTION ( 'NONE',  ( 1.000000000000000000, 0.000000000000000000, 0.000000000000000000 ) ) ;
#1588 = DIRECTION ( 'NONE',  ( -0.000000000000000000, 1.000000000000000000, -0.000000000000000000 ) ) ;
#1589 = ORIENTED_EDGE ( 'NONE', *, *, #1669, .F. ) ;
#1590 = CARTESIAN_POINT ( 'NONE',  ( 15.50000000000000178, 12.00000000000000000, 15.50000000000000000 ) ) ;
#1591 = ORIENTED_EDGE ( 'NONE', *, *, #3254, .F. ) ;
#1592 = DIRECTION ( 'NONE',  ( 0.000000000000000000, 0.000000000000000000, -1.000000000000000000 ) ) ;
#1593 = EDGE_CURVE ( 'NONE', #1850, #568, #62, .T. ) ;
#1594 = EDGE_CURVE ( 'NONE', #367, #2539, #1380, .T. ) ;
#1595 = DIRECTION ( 'NONE',  ( 0.000000000000000000, -1.000000000000000000, -0.000000000000000000 ) ) ;
#1596 = VECTOR ( 'NONE', #1225, 1000.000000000000000 ) ;
#1597 = ORIENTED_EDGE ( 'NONE', *, *, #2791, .T. ) ;
#1598 = AXIS2_PLACEMENT_3D ( 'NONE', #1545, #2892, #781 ) ;
#1599 = DIRECTION ( 'NONE',  ( -0.000000000000000000, 1.000000000000000000, -0.000000000000000000 ) ) ;
#1600 = DIRECTION ( 'NONE',  ( 0.000000000000000000, 0.000000000000000000, -1.000000000000000000 ) ) ;
#1601 = ORIENTED_EDGE ( 'NONE', *, *, #2752, .F. ) ;
#1602 = CARTESIAN_POINT ( 'NONE',  ( -15.49999999999999822, 7.000000000000000000, -18.50000000000000355 ) ) ;
#1603 = VECTOR ( 'NONE', #3257, 1000.000000000000000 ) ;
#1604 = VECTOR ( 'NONE', #2344, 1000.000000000000000 ) ;
#1605 = VERTEX_POINT ( 'NONE', #1489 ) ;
#1606 = DIRECTION ( 'NONE',  ( 0.000000000000000000, -1.000000000000000000, 0.000000000000000000 ) ) ;
#1607 = AXIS2_PLACEMENT_3D ( 'NONE', #1788, #2871, #1243 ) ;
#1608 = LINE ( 'NONE', #2097, #2325 ) ;
#1609 = EDGE_LOOP ( 'NONE', ( #71, #151, #3013, #3128 ) ) ;
#1610 = AXIS2_PLACEMENT_3D ( 'NONE', #2785, #1516, #2057 ) ;
#1611 = DIRECTION ( 'NONE',  ( 1.000000000000000000, -0.000000000000000000, 7.709882115452476934E-17 ) ) ;
#1612 = ORIENTED_EDGE ( 'NONE', *, *, #3382, .F. ) ;
#1613 = ORIENTED_EDGE ( 'NONE', *, *, #1968, .T. ) ;
#1614 = CIRCLE ( 'NONE', #3164, 1.500000000000001332 ) ;
#1615 = CARTESIAN_POINT ( 'NONE',  ( -20.49999999999999645, 12.00000000000000000, -9.000000000000014211 ) ) ;
#1616 = FACE_BOUND ( 'NONE', #1135, .T. ) ;
#1617 = CIRCLE ( 'NONE', #2503, 1.000000000000000000 ) ;
#1618 = EDGE_CURVE ( 'NONE', #2677, #663, #177, .T. ) ;
#1619 = EDGE_CURVE ( 'NONE', #2584, #1993, #1770, .T. ) ;
#1620 =( GEOMETRIC_REPRESENTATION_CONTEXT ( 3 ) GLOBAL_UNCERTAINTY_ASSIGNED_CONTEXT ( ( #2619 ) ) GLOBAL_UNIT_ASSIGNED_CONTEXT ( ( #154, #1698, #1940 ) ) REPRESENTATION_CONTEXT ( 'NONE', 'WORKASPACE' ) );
#1621 = LINE ( 'NONE', #242, #278 ) ;
#1622 = CARTESIAN_POINT ( 'NONE',  ( 19.49999999999999645, 19.00000000000000000, -8.000000000000014211 ) ) ;
#1623 = ORIENTED_EDGE ( 'NONE', *, *, #1305, .T. ) ;
#1624 = CARTESIAN_POINT ( 'NONE',  ( 25.00000000000000711, 11.00000000000000000, -24.99999999999998934 ) ) ;
#1625 = EDGE_LOOP ( 'NONE', ( #3404, #2699, #1623, #628 ) ) ;
#1626 = ADVANCED_FACE ( 'NONE', ( #1345 ), #305, .F. ) ;
#1627 = EDGE_LOOP ( 'NONE', ( #2743, #2472 ) ) ;
#1628 = VECTOR ( 'NONE', #835, 1000.000000000000000 ) ;
#1629 = DIRECTION ( 'NONE',  ( 0.000000000000000000, 0.000000000000000000, -1.000000000000000000 ) ) ;
#1630 = DIRECTION ( 'NONE',  ( 0.000000000000000000, 0.000000000000000000, -1.000000000000000000 ) ) ;
#1631 = ORIENTED_EDGE ( 'NONE', *, *, #2006, .T. ) ;
#1632 = CARTESIAN_POINT ( 'NONE',  ( -17.49999999999999645, 12.00000000000000000, -8.000000000000015987 ) ) ;
#1633 = VERTEX_POINT ( 'NONE', #2397 ) ;
#1634 = DIRECTION ( 'NONE',  ( 0.000000000000000000, -1.000000000000000000, 0.000000000000000000 ) ) ;
#1635 = DIRECTION ( 'NONE',  ( 0.000000000000000000, -1.000000000000000000, 0.000000000000000000 ) ) ;
#1636 = ORIENTED_EDGE ( 'NONE', *, *, #3106, .F. ) ;
#1637 = CARTESIAN_POINT ( 'NONE',  ( 9.000000000000014211, 14.00000000000000000, 19.50000000000000355 ) ) ;
#1638 = DIRECTION ( 'NONE',  ( 0.000000000000000000, 1.000000000000000000, -0.000000000000000000 ) ) ;
#1639 = ORIENTED_EDGE ( 'NONE', *, *, #1366, .T. ) ;
#1640 = CARTESIAN_POINT ( 'NONE',  ( 19.49999999999999645, 14.00000000000000000, -9.000000000000014211 ) ) ;
#1641 = VERTEX_POINT ( 'NONE', #856 ) ;
#1642 = CARTESIAN_POINT ( 'NONE',  ( 16.50000000000000000, 0.000000000000000000, 22.50000000000000711 ) ) ;
#1643 = CARTESIAN_POINT ( 'NONE',  ( 22.50000000000000000, 12.00000000000000000, -22.49999999999999289 ) ) ;
#1644 = ORIENTED_EDGE ( 'NONE', *, *, #1514, .T. ) ;
#1645 = EDGE_CURVE ( 'NONE', #2692, #2183, #784, .T. ) ;
#1646 = EDGE_LOOP ( 'NONE', ( #3347, #50 ) ) ;
#1647 = ADVANCED_FACE ( 'NONE', ( #1096 ), #2117, .F. ) ;
#1648 = CIRCLE ( 'NONE', #2361, 1.500000000000001332 ) ;
#1649 = CARTESIAN_POINT ( 'NONE',  ( 16.49999999999999645, 12.00000000000000000, 16.50000000000000711 ) ) ;
#1650 = ORIENTED_EDGE ( 'NONE', *, *, #970, .T. ) ;
#1651 = ORIENTED_EDGE ( 'NONE', *, *, #785, .F. ) ;
#1652 = CIRCLE ( 'NONE', #1762, 2.999999999999999112 ) ;
#1653 = CARTESIAN_POINT ( 'NONE',  ( 25.00000000000000711, 14.00000000000000000, 25.00000000000001066 ) ) ;
#1654 = CARTESIAN_POINT ( 'NONE',  ( -24.99999999999999289, -28.00000000000001776, 26.50000000000002132 ) ) ;
#1655 = VERTEX_POINT ( 'NONE', #2970 ) ;
#1656 = CARTESIAN_POINT ( 'NONE',  ( 15.50000000000000178, 7.000000000000000000, 12.50000000000000000 ) ) ;
#1657 = AXIS2_PLACEMENT_3D ( 'NONE', #186, #2039, #3097 ) ;
#1658 = DIRECTION ( 'NONE',  ( 0.000000000000000000, 0.000000000000000000, -1.000000000000000000 ) ) ;
#1659 = SHAPE_DEFINITION_REPRESENTATION ( #703, #2390 ) ;
#1660 = ORIENTED_EDGE ( 'NONE', *, *, #974, .T. ) ;
#1661 = AXIS2_PLACEMENT_3D ( 'NONE', #384, #1973, #1711 ) ;
#1662 = VERTEX_POINT ( 'NONE', #836 ) ;
#1663 = CARTESIAN_POINT ( 'NONE',  ( -15.49999999999999822, 7.000000000000000000, -15.50000000000000178 ) ) ;
#1664 = CARTESIAN_POINT ( 'NONE',  ( 17.49999999999999289, 12.00000000000000000, -9.000000000000014211 ) ) ;
#1665 = ORIENTED_EDGE ( 'NONE', *, *, #1264, .F. ) ;
#1666 = CIRCLE ( 'NONE', #2216, 1.500000000000001332 ) ;
#1667 = VECTOR ( 'NONE', #3429, 1000.000000000000000 ) ;
#1668 = EDGE_CURVE ( 'NONE', #3219, #3359, #896, .T. ) ;
#1669 = EDGE_CURVE ( 'NONE', #3175, #2820, #2435, .T. ) ;
#1670 = DIRECTION ( 'NONE',  ( 0.000000000000000000, 1.000000000000000000, 0.000000000000000000 ) ) ;
#1671 = DIRECTION ( 'NONE',  ( 0.000000000000000000, 1.000000000000000000, 0.000000000000000000 ) ) ;
#1672 = CARTESIAN_POINT ( 'NONE',  ( -24.99999999999999289, 11.00000000000000000, 25.00000000000001776 ) ) ;
#1673 = CIRCLE ( 'NONE', #3058, 2.999999999999999112 ) ;
#1674 = VERTEX_POINT ( 'NONE', #1113 ) ;
#1675 = EDGE_CURVE ( 'NONE', #1307, #1561, #2055, .T. ) ;
#1676 = AXIS2_PLACEMENT_3D ( 'NONE', #1758, #688, #3313 ) ;
#1677 = DIRECTION ( 'NONE',  ( -0.000000000000000000, -0.000000000000000000, -1.000000000000000000 ) ) ;
#1678 = DIRECTION ( 'NONE',  ( 0.000000000000000000, 0.000000000000000000, -1.000000000000000000 ) ) ;
#1679 = DIRECTION ( 'NONE',  ( 1.000000000000000000, 0.000000000000000000, 0.000000000000000000 ) ) ;
#1680 = CIRCLE ( 'NONE', #2118, 1.500000000000001332 ) ;
#1681 = ORIENTED_EDGE ( 'NONE', *, *, #1618, .F. ) ;
#1682 = FACE_OUTER_BOUND ( 'NONE', #2831, .T. ) ;
#1683 = AXIS2_PLACEMENT_3D ( 'NONE', #3046, #370, #3305 ) ;
#1684 = CARTESIAN_POINT ( 'NONE',  ( -24.99999999999998579, 14.00000000000000000, 29.99999999999998579 ) ) ;
#1685 = DIRECTION ( 'NONE',  ( 0.000000000000000000, 0.000000000000000000, 1.000000000000000000 ) ) ;
#1686 = EDGE_LOOP ( 'NONE', ( #1922, #909, #333, #3092 ) ) ;
#1687 = EDGE_LOOP ( 'NONE', ( #1453, #2102 ) ) ;
#1688 = DIRECTION ( 'NONE',  ( 1.000000000000000000, -0.000000000000000000, -1.224646799147353207E-16 ) ) ;
#1689 = DIRECTION ( 'NONE',  ( 0.000000000000000000, 0.000000000000000000, -1.000000000000000000 ) ) ;
#1690 = EDGE_LOOP ( 'NONE', ( #554, #2670 ) ) ;
#1691 = DIRECTION ( 'NONE',  ( 0.000000000000000000, 0.000000000000000000, -1.000000000000000000 ) ) ;
#1692 = CARTESIAN_POINT ( 'NONE',  ( -20.49999999999999645, 12.00000000000000000, 8.999999999999984013 ) ) ;
#1693 = CARTESIAN_POINT ( 'NONE',  ( 0.000000000000000000, 0.000000000000000000, 0.000000000000000000 ) ) ;
#1694 = EDGE_CURVE ( 'NONE', #3032, #1655, #2827, .T. ) ;
#1695 = ADVANCED_FACE ( 'NONE', ( #2690 ), #3158, .F. ) ;
#1696 = CARTESIAN_POINT ( 'NONE',  ( -24.99999999999999289, 0.000000000000000000, 25.00000000000001776 ) ) ;
#1697 = DIRECTION ( 'NONE',  ( 0.000000000000000000, 0.000000000000000000, -1.000000000000000000 ) ) ;
#1698 =( NAMED_UNIT ( * ) PLANE_ANGLE_UNIT ( ) SI_UNIT ( $, .RADIAN. ) );
#1699 = ORIENTED_EDGE ( 'NONE', *, *, #1753, .F. ) ;
#1700 = CARTESIAN_POINT ( 'NONE',  ( 17.49999999999999289, 14.00000000000000000, -8.000000000000014211 ) ) ;
#1701 = DIRECTION ( 'NONE',  ( -0.000000000000000000, 1.000000000000000000, -0.000000000000000000 ) ) ;
#1702 = VERTEX_POINT ( 'NONE', #2163 ) ;
#1703 = ORIENTED_EDGE ( 'NONE', *, *, #3318, .F. ) ;
#1704 = DIRECTION ( 'NONE',  ( -0.000000000000000000, 1.000000000000000000, -0.000000000000000000 ) ) ;
#1705 = PLANE ( 'NONE',  #2675 ) ;
#1706 = VERTEX_POINT ( 'NONE', #3223 ) ;
#1707 = CYLINDRICAL_SURFACE ( 'NONE', #463, 1.000000000000000888 ) ;
#1708 = VERTEX_POINT ( 'NONE', #18 ) ;
#1709 = EDGE_CURVE ( 'NONE', #3410, #3386, #3185, .T. ) ;
#1710 = EDGE_CURVE ( 'NONE', #3201, #1993, #820, .T. ) ;
#1711 = DIRECTION ( 'NONE',  ( 0.000000000000000000, 0.000000000000000000, -1.000000000000000000 ) ) ;
#1712 = DIRECTION ( 'NONE',  ( 1.000000000000000000, 0.000000000000000000, 1.927470528863119049E-16 ) ) ;
#1713 = DIRECTION ( 'NONE',  ( 0.000000000000000000, 0.000000000000000000, 1.000000000000000000 ) ) ;
#1714 = VERTEX_POINT ( 'NONE', #2705 ) ;
#1715 = DIRECTION ( 'NONE',  ( 0.000000000000000000, 0.000000000000000000, -1.000000000000000000 ) ) ;
#1716 = LINE ( 'NONE', #3034, #620 ) ;
#1717 = VERTEX_POINT ( 'NONE', #2436 ) ;
#1718 = VECTOR ( 'NONE', #1599, 1000.000000000000000 ) ;
#1719 = DIRECTION ( 'NONE',  ( 0.000000000000000000, 0.000000000000000000, -1.000000000000000000 ) ) ;
#1720 = CIRCLE ( 'NONE', #3153, 2.999999999999999112 ) ;
#1721 = DIRECTION ( 'NONE',  ( 0.000000000000000000, 0.000000000000000000, -1.000000000000000000 ) ) ;
#1722 = VECTOR ( 'NONE', #3143, 1000.000000000000000 ) ;
#1723 = AXIS2_PLACEMENT_3D ( 'NONE', #579, #2898, #1630 ) ;
#1724 = CARTESIAN_POINT ( 'NONE',  ( 22.50000000000000000, 12.00000000000000000, -22.49999999999999289 ) ) ;
#1725 = AXIS2_PLACEMENT_3D ( 'NONE', #328, #1131, #2177 ) ;
#1726 = DIRECTION ( 'NONE',  ( 0.000000000000000000, 1.000000000000000000, -0.000000000000000000 ) ) ;
#1727 = CARTESIAN_POINT ( 'NONE',  ( 15.50000000000000178, 12.00000000000000000, 15.50000000000000000 ) ) ;
#1728 = AXIS2_PLACEMENT_3D ( 'NONE', #2661, #2345, #290 ) ;
#1729 = APPLICATION_PROTOCOL_DEFINITION ( 'draft international standard', 'automotive_design', 1998, #6 ) ;
#1730 = EDGE_CURVE ( 'NONE', #2722, #80, #175, .T. ) ;
#1731 = EDGE_CURVE ( 'NONE', #2457, #947, #1608, .T. ) ;
#1732 = VERTEX_POINT ( 'NONE', #789 ) ;
#1733 = CYLINDRICAL_SURFACE ( 'NONE', #1657, 6.000000000000000000 ) ;
#1734 = CARTESIAN_POINT ( 'NONE',  ( 30.00000000000001421, 14.00000000000000000, 24.99999999999998579 ) ) ;
#1735 = EDGE_LOOP ( 'NONE', ( #1285, #2641, #1350, #174 ) ) ;
#1736 = VECTOR ( 'NONE', #2700, 1000.000000000000000 ) ;
#1737 = ADVANCED_FACE ( 'NONE', ( #1572 ), #2637, .F. ) ;
#1738 = EDGE_CURVE ( 'NONE', #298, #1798, #1172, .T. ) ;
#1739 = DIRECTION ( 'NONE',  ( 1.000000000000000000, 0.000000000000000000, 0.000000000000000000 ) ) ;
#1740 = DIRECTION ( 'NONE',  ( -2.312964634635742957E-16, 0.000000000000000000, 1.000000000000000000 ) ) ;
#1741 = LINE ( 'NONE', #2045, #2065 ) ;
#1742 = CARTESIAN_POINT ( 'NONE',  ( 25.00000000000000711, -28.00000000000001776, 25.00000000000001066 ) ) ;
#1743 = VERTEX_POINT ( 'NONE', #3170 ) ;
#1744 = VERTEX_POINT ( 'NONE', #1862 ) ;
#1745 = DIRECTION ( 'NONE',  ( -0.000000000000000000, 1.000000000000000000, -0.000000000000000000 ) ) ;
#1746 = DIRECTION ( 'NONE',  ( 0.000000000000000000, 0.000000000000000000, -1.000000000000000000 ) ) ;
#1747 = ORIENTED_EDGE ( 'NONE', *, *, #382, .F. ) ;
#1748 = LINE ( 'NONE', #2537, #2263 ) ;
#1749 = DIRECTION ( 'NONE',  ( -0.000000000000000000, 1.000000000000000000, -0.000000000000000000 ) ) ;
#1750 = VERTEX_POINT ( 'NONE', #2198 ) ;
#1751 =( NAMED_UNIT ( * ) SI_UNIT ( $, .STERADIAN. ) SOLID_ANGLE_UNIT ( ) );
#1752 = EDGE_CURVE ( 'NONE', #2121, #2912, #354, .T. ) ;
#1753 = EDGE_CURVE ( 'NONE', #622, #2356, #730, .T. ) ;
#1754 = LINE ( 'NONE', #1231, #3101 ) ;
#1755 = DIRECTION ( 'NONE',  ( 0.000000000000000000, 1.000000000000000000, -0.000000000000000000 ) ) ;
#1756 = PRODUCT ( 'encoder-stand_magnetic-encoder-holder-base', 'encoder-stand_magnetic-encoder-holder-base', '', ( #659 ) ) ;
#1757 = ORIENTED_EDGE ( 'NONE', *, *, #3106, .T. ) ;
#1758 = CARTESIAN_POINT ( 'NONE',  ( 0.000000000000000000, 13.50000000000000000, 6.000000000000000000 ) ) ;
#1759 = ORIENTED_EDGE ( 'NONE', *, *, #443, .T. ) ;
#1760 = ORIENTED_EDGE ( 'NONE', *, *, #717, .T. ) ;
#1761 = CARTESIAN_POINT ( 'NONE',  ( -7.999999999999983125, 12.00000000000000000, 17.50000000000000000 ) ) ;
#1762 = AXIS2_PLACEMENT_3D ( 'NONE', #2578, #3074, #2563 ) ;
#1763 = DIRECTION ( 'NONE',  ( 0.000000000000000000, -0.000000000000000000, -1.000000000000000000 ) ) ;
#1764 = ORIENTED_EDGE ( 'NONE', *, *, #3188, .F. ) ;
#1765 = CARTESIAN_POINT ( 'NONE',  ( 25.00000000000000711, 0.000000000000000000, -24.99999999999998934 ) ) ;
#1766 = CYLINDRICAL_SURFACE ( 'NONE', #3381, 1.500000000000000444 ) ;
#1767 = VERTEX_POINT ( 'NONE', #1418 ) ;
#1768 = ORIENTED_EDGE ( 'NONE', *, *, #3041, .F. ) ;
#1769 = FILL_AREA_STYLE_COLOUR ( '', #29 ) ;
#1770 = LINE ( 'NONE', #2823, #340 ) ;
#1771 = AXIS2_PLACEMENT_3D ( 'NONE', #2870, #2138, #295 ) ;
#1772 = DIRECTION ( 'NONE',  ( 0.000000000000000000, 0.000000000000000000, -1.000000000000000000 ) ) ;
#1773 = VERTEX_POINT ( 'NONE', #1165 ) ;
#1774 = EDGE_CURVE ( 'NONE', #1316, #3168, #675, .T. ) ;
#1775 = EDGE_CURVE ( 'NONE', #1773, #2980, #2214, .T. ) ;
#1776 = CIRCLE ( 'NONE', #2715, 3.000000000000000888 ) ;
#1777 = ORIENTED_EDGE ( 'NONE', *, *, #3072, .F. ) ;
#1778 = CARTESIAN_POINT ( 'NONE',  ( 0.000000000000000000, 9.500000000000000000, 3.499999999999999556 ) ) ;
#1779 = EDGE_LOOP ( 'NONE', ( #581, #2341 ) ) ;
#1780 = VECTOR ( 'NONE', #2957, 1000.000000000000000 ) ;
#1781 = ORIENTED_EDGE ( 'NONE', *, *, #1668, .F. ) ;
#1782 = EDGE_CURVE ( 'NONE', #921, #1662, #1716, .T. ) ;
#1783 = AXIS2_PLACEMENT_3D ( 'NONE', #3199, #1898, #595 ) ;
#1784 = CARTESIAN_POINT ( 'NONE',  ( -19.49999999999999645, 14.00000000000000000, -9.000000000000014211 ) ) ;
#1785 = DIRECTION ( 'NONE',  ( 0.000000000000000000, 0.000000000000000000, -1.000000000000000000 ) ) ;
#1786 = CARTESIAN_POINT ( 'NONE',  ( 16.50000000000000000, 0.000000000000000000, -16.49999999999999289 ) ) ;
#1787 = AXIS2_PLACEMENT_3D ( 'NONE', #24, #799, #1309 ) ;
#1788 = CARTESIAN_POINT ( 'NONE',  ( 0.000000000000000000, 9.500000000000000000, 0.9999999999999991118 ) ) ;
#1789 = VERTEX_POINT ( 'NONE', #3258 ) ;
#1790 = AXIS2_PLACEMENT_3D ( 'NONE', #1649, #3203, #650 ) ;
#1791 = DIRECTION ( 'NONE',  ( 0.000000000000000000, 0.000000000000000000, 1.000000000000000000 ) ) ;
#1792 = FACE_BOUND ( 'NONE', #1537, .T. ) ;
#1793 = FACE_BOUND ( 'NONE', #1779, .T. ) ;
#1794 = ORIENTED_EDGE ( 'NONE', *, *, #2007, .F. ) ;
#1795 = DIRECTION ( 'NONE',  ( 0.000000000000000000, 0.000000000000000000, 1.000000000000000000 ) ) ;
#1796 = ORIENTED_EDGE ( 'NONE', *, *, #531, .F. ) ;
#1797 = ORIENTED_EDGE ( 'NONE', *, *, #3112, .F. ) ;
#1798 = VERTEX_POINT ( 'NONE', #3020 ) ;
#1799 = FACE_OUTER_BOUND ( 'NONE', #338, .T. ) ;
#1800 = EDGE_CURVE ( 'NONE', #1253, #1641, #1945, .T. ) ;
#1801 = EDGE_CURVE ( 'NONE', #2609, #355, #3002, .T. ) ;
#1802 = DIRECTION ( 'NONE',  ( 0.000000000000000000, -1.000000000000000000, 0.000000000000000000 ) ) ;
#1803 = DIRECTION ( 'NONE',  ( 0.000000000000000000, -1.000000000000000000, -0.000000000000000000 ) ) ;
#1804 = DIRECTION ( 'NONE',  ( -0.000000000000000000, -1.000000000000000000, 0.000000000000000000 ) ) ;
#1805 = LINE ( 'NONE', #489, #3181 ) ;
#1806 = FACE_BOUND ( 'NONE', #1403, .T. ) ;
#1807 = DIRECTION ( 'NONE',  ( -0.000000000000000000, -1.000000000000000000, 0.000000000000000000 ) ) ;
#1808 = CARTESIAN_POINT ( 'NONE',  ( 25.00000000000000711, 14.00000000000000000, 22.00000000000001066 ) ) ;
#1809 = EDGE_LOOP ( 'NONE', ( #3166, #2234, #1558, #2403 ) ) ;
#1810 = AXIS2_PLACEMENT_3D ( 'NONE', #1861, #1066, #1112 ) ;
#1811 = CARTESIAN_POINT ( 'NONE',  ( 0.000000000000000000, 13.50000000000000000, 6.000000000000000000 ) ) ;
#1812 = ORIENTED_EDGE ( 'NONE', *, *, #513, .F. ) ;
#1813 = CARTESIAN_POINT ( 'NONE',  ( 16.49999999999998934, 14.00000000000000000, 7.999999999999983125 ) ) ;
#1814 = LINE ( 'NONE', #2647, #567 ) ;
#1815 = ORIENTED_EDGE ( 'NONE', *, *, #1412, .F. ) ;
#1816 = EDGE_CURVE ( 'NONE', #1655, #1933, #110, .T. ) ;
#1817 = ADVANCED_FACE ( 'NONE', ( #388, #2746 ), #1963, .T. ) ;
#1818 = DIRECTION ( 'NONE',  ( 0.000000000000000000, 0.000000000000000000, -1.000000000000000000 ) ) ;
#1819 = CARTESIAN_POINT ( 'NONE',  ( -29.99999999999998579, 14.00000000000000000, 24.99999999999998579 ) ) ;
#1820 = VERTEX_POINT ( 'NONE', #3279 ) ;
#1821 = VECTOR ( 'NONE', #769, 1000.000000000000000 ) ;
#1822 = PLANE ( 'NONE',  #2603 ) ;
#1823 = AXIS2_PLACEMENT_3D ( 'NONE', #2237, #3296, #891 ) ;
#1824 = PLANE ( 'NONE',  #1907 ) ;
#1825 = ORIENTED_EDGE ( 'NONE', *, *, #2069, .F. ) ;
#1826 = CIRCLE ( 'NONE', #2990, 1.000000000000000888 ) ;
#1827 = CARTESIAN_POINT ( 'NONE',  ( 17.49999999999999289, 14.00000000000000000, 8.999999999999984013 ) ) ;
#1828 = VERTEX_POINT ( 'NONE', #2490 ) ;
#1829 = ORIENTED_EDGE ( 'NONE', *, *, #128, .F. ) ;
#1830 = AXIS2_PLACEMENT_3D ( 'NONE', #2610, #2346, #1583 ) ;
#1831 = DIRECTION ( 'NONE',  ( 0.000000000000000000, 0.000000000000000000, 1.000000000000000000 ) ) ;
#1832 = CIRCLE ( 'NONE', #2934, 1.000000000000000888 ) ;
#1833 = DIRECTION ( 'NONE',  ( -0.000000000000000000, 1.000000000000000000, -0.000000000000000000 ) ) ;
#1834 = CIRCLE ( 'NONE', #2939, 3.000000000000000888 ) ;
#1835 = DIRECTION ( 'NONE',  ( 0.000000000000000000, 0.000000000000000000, -1.000000000000000000 ) ) ;
#1836 = CARTESIAN_POINT ( 'NONE',  ( -16.49999999999999289, 12.00000000000000000, 7.999999999999981348 ) ) ;
#1837 = AXIS2_PLACEMENT_3D ( 'NONE', #385, #2484, #605 ) ;
#1838 = ORIENTED_EDGE ( 'NONE', *, *, #3383, .T. ) ;
#1839 = EDGE_LOOP ( 'NONE', ( #75, #1193 ) ) ;
#1840 = CIRCLE ( 'NONE', #2184, 2.000000000000001776 ) ;
#1841 = CIRCLE ( 'NONE', #1446, 2.999999999999999112 ) ;
#1842 = CARTESIAN_POINT ( 'NONE',  ( 15.50000000000000178, 9.500000000000000000, -15.50000000000000000 ) ) ;
#1843 = DIRECTION ( 'NONE',  ( 0.000000000000000000, -1.000000000000000000, 0.000000000000000000 ) ) ;
#1844 = EDGE_CURVE ( 'NONE', #2353, #480, #1195, .T. ) ;
#1845 = ADVANCED_FACE ( 'NONE', ( #94 ), #908, .T. ) ;
#1846 = AXIS2_PLACEMENT_3D ( 'NONE', #43, #2107, #3161 ) ;
#1847 = EDGE_LOOP ( 'NONE', ( #1052, #424, #2154, #1228, #2127, #2391 ) ) ;
#1848 = AXIS2_PLACEMENT_3D ( 'NONE', #1406, #1967, #307 ) ;
#1849 = DIRECTION ( 'NONE',  ( 0.000000000000000000, -1.000000000000000000, 0.000000000000000000 ) ) ;
#1850 = VERTEX_POINT ( 'NONE', #1468 ) ;
#1851 = EDGE_LOOP ( 'NONE', ( #633, #1424 ) ) ;
#1852 = AXIS2_PLACEMENT_3D ( 'NONE', #2777, #2432, #1108 ) ;
#1853 = CARTESIAN_POINT ( 'NONE',  ( -22.50000000000000000, 12.00000000000000000, -22.49999999999999289 ) ) ;
#1854 = CARTESIAN_POINT ( 'NONE',  ( 9.000000000000014211, 12.00000000000000000, 16.50000000000000000 ) ) ;
#1855 = CIRCLE ( 'NONE', #2565, 1.500000000000001332 ) ;
#1856 = DIRECTION ( 'NONE',  ( 0.000000000000000000, 0.000000000000000000, 1.000000000000000000 ) ) ;
#1857 = DIRECTION ( 'NONE',  ( 0.000000000000000000, 0.000000000000000000, -1.000000000000000000 ) ) ;
#1858 = VERTEX_POINT ( 'NONE', #406 ) ;
#1859 = CIRCLE ( 'NONE', #1299, 1.000000000000000000 ) ;
#1860 = ORIENTED_EDGE ( 'NONE', *, *, #1775, .F. ) ;
#1861 = CARTESIAN_POINT ( 'NONE',  ( 17.49999999999999289, 12.00000000000000000, 7.999999999999983125 ) ) ;
#1862 = CARTESIAN_POINT ( 'NONE',  ( -24.99999999999999289, 11.00000000000000355, -23.49999999999999645 ) ) ;
#1863 = EDGE_CURVE ( 'NONE', #64, #2085, #1382, .T. ) ;
#1864 = EDGE_CURVE ( 'NONE', #25, #2744, #1834, .T. ) ;
#1865 = VECTOR ( 'NONE', #3265, 1000.000000000000000 ) ;
#1866 = FACE_OUTER_BOUND ( 'NONE', #2783, .T. ) ;
#1867 = EDGE_LOOP ( 'NONE', ( #1416, #2977, #2930, #1450 ) ) ;
#1868 = ORIENTED_EDGE ( 'NONE', *, *, #2418, .F. ) ;
#1869 = DIRECTION ( 'NONE',  ( 0.000000000000000000, 0.000000000000000000, 1.000000000000000000 ) ) ;
#1870 = FACE_OUTER_BOUND ( 'NONE', #2994, .T. ) ;
#1871 = EDGE_LOOP ( 'NONE', ( #2140, #1650, #3141, #2437 ) ) ;
#1872 = DIRECTION ( 'NONE',  ( 0.000000000000000000, 0.000000000000000000, -1.000000000000000000 ) ) ;
#1873 = DIRECTION ( 'NONE',  ( -0.000000000000000000, -1.000000000000000000, 0.000000000000000000 ) ) ;
#1874 = ORIENTED_EDGE ( 'NONE', *, *, #845, .F. ) ;
#1875 = CARTESIAN_POINT ( 'NONE',  ( 17.49999999999999289, 14.00000000000000000, 7.999999999999983125 ) ) ;
#1876 = VERTEX_POINT ( 'NONE', #1734 ) ;
#1877 = DIRECTION ( 'NONE',  ( 0.000000000000000000, -1.000000000000000000, 0.000000000000000000 ) ) ;
#1878 = DIRECTION ( 'NONE',  ( 1.000000000000000000, -0.000000000000000000, -0.000000000000000000 ) ) ;
#1879 = ORIENTED_EDGE ( 'NONE', *, *, #2590, .T. ) ;
#1880 = DIRECTION ( 'NONE',  ( 0.000000000000000000, 0.000000000000000000, -1.000000000000000000 ) ) ;
#1881 = ORIENTED_EDGE ( 'NONE', *, *, #975, .F. ) ;
#1882 = EDGE_CURVE ( 'NONE', #1031, #1494, #842, .T. ) ;
#1883 = EDGE_CURVE ( 'NONE', #1404, #1483, #2182, .T. ) ;
#1884 = LINE ( 'NONE', #1564, #1994 ) ;
#1885 = DIRECTION ( 'NONE',  ( 0.000000000000000000, 0.000000000000000000, -1.000000000000000000 ) ) ;
#1886 = CIRCLE ( 'NONE', #1167, 1.500000000000001332 ) ;
#1887 = ADVANCED_FACE ( 'NONE', ( #2984 ), #953, .F. ) ;
#1888 = ORIENTED_EDGE ( 'NONE', *, *, #549, .F. ) ;
#1889 = CIRCLE ( 'NONE', #1004, 1.999999999999998224 ) ;
#1890 = DIRECTION ( 'NONE',  ( 0.000000000000000000, -1.000000000000000000, 0.000000000000000000 ) ) ;
#1891 = DIRECTION ( 'NONE',  ( 0.000000000000000000, 1.000000000000000000, 0.000000000000000000 ) ) ;
#1892 = VERTEX_POINT ( 'NONE', #1664 ) ;
#1893 = CARTESIAN_POINT ( 'NONE',  ( -22.50000000000000000, 0.000000000000000000, 16.50000000000000000 ) ) ;
#1894 = VECTOR ( 'NONE', #1156, 1000.000000000000000 ) ;
#1895 = ORIENTED_EDGE ( 'NONE', *, *, #1388, .F. ) ;
#1896 = CARTESIAN_POINT ( 'NONE',  ( -15.49999999999999822, 12.00000000000000000, -15.50000000000000178 ) ) ;
#1897 = AXIS2_PLACEMENT_3D ( 'NONE', #543, #2367, #1068 ) ;
#1898 = DIRECTION ( 'NONE',  ( -0.000000000000000000, -1.000000000000000000, 0.000000000000000000 ) ) ;
#1899 = ORIENTED_EDGE ( 'NONE', *, *, #506, .T. ) ;
#1900 = VECTOR ( 'NONE', #369, 1000.000000000000000 ) ;
#1901 = AXIS2_PLACEMENT_3D ( 'NONE', #536, #1582, #3407 ) ;
#1902 = CYLINDRICAL_SURFACE ( 'NONE', #1790, 5.999999999999998224 ) ;
#1903 = VERTEX_POINT ( 'NONE', #1209 ) ;
#1904 = CIRCLE ( 'NONE', #906, 1.000000000000000888 ) ;
#1905 = DIRECTION ( 'NONE',  ( -0.000000000000000000, 1.000000000000000000, -0.000000000000000000 ) ) ;
#1906 = DIRECTION ( 'NONE',  ( 0.000000000000000000, -1.000000000000000000, 0.000000000000000000 ) ) ;
#1907 = AXIS2_PLACEMENT_3D ( 'NONE', #492, #2847, #1375 ) ;
#1908 = VERTEX_POINT ( 'NONE', #3357 ) ;
#1909 = EDGE_CURVE ( 'NONE', #858, #2692, #457, .T. ) ;
#1910 = ADVANCED_FACE ( 'NONE', ( #157 ), #455, .F. ) ;
#1911 = FACE_OUTER_BOUND ( 'NONE', #965, .T. ) ;
#1912 = CARTESIAN_POINT ( 'NONE',  ( -24.99999999999999289, 11.00000000000000355, 23.50000000000001776 ) ) ;
#1913 = ORIENTED_EDGE ( 'NONE', *, *, #1738, .T. ) ;
#1914 = LINE ( 'NONE', #1265, #1023 ) ;
#1915 = ORIENTED_EDGE ( 'NONE', *, *, #3173, .F. ) ;
#1916 = EDGE_LOOP ( 'NONE', ( #1278, #1250, #721, #372 ) ) ;
#1917 = DIRECTION ( 'NONE',  ( -0.000000000000000000, -1.000000000000000000, 0.000000000000000000 ) ) ;
#1918 = DIRECTION ( 'NONE',  ( -1.000000000000000000, 0.000000000000000000, 0.000000000000000000 ) ) ;
#1919 = VERTEX_POINT ( 'NONE', #1819 ) ;
#1920 = CARTESIAN_POINT ( 'NONE',  ( -7.999999999999983125, 14.00000000000000000, 17.50000000000000000 ) ) ;
#1921 = ORIENTED_EDGE ( 'NONE', *, *, #1144, .T. ) ;
#1922 = ORIENTED_EDGE ( 'NONE', *, *, #1259, .F. ) ;
#1923 = CARTESIAN_POINT ( 'NONE',  ( 30.00000000000001421, 14.00000000000000000, 24.99999999999998579 ) ) ;
#1924 = CARTESIAN_POINT ( 'NONE',  ( -7.999999999999983125, 19.00000000000000000, -17.49999999999999645 ) ) ;
#1925 = DIRECTION ( 'NONE',  ( 0.000000000000000000, 0.000000000000000000, 1.000000000000000000 ) ) ;
#1926 = DIRECTION ( 'NONE',  ( -1.000000000000000000, 0.000000000000000000, 0.000000000000000000 ) ) ;
#1927 = ORIENTED_EDGE ( 'NONE', *, *, #301, .F. ) ;
#1928 = ADVANCED_FACE ( 'NONE', ( #2842 ), #476, .F. ) ;
#1929 = EDGE_CURVE ( 'NONE', #973, #2, #173, .T. ) ;
#1930 = ORIENTED_EDGE ( 'NONE', *, *, #888, .F. ) ;
#1931 = CARTESIAN_POINT ( 'NONE',  ( 16.49999999999998934, 12.00000000000000000, -8.000000000000014211 ) ) ;
#1932 = DIRECTION ( 'NONE',  ( -0.000000000000000000, 1.000000000000000000, -0.000000000000000000 ) ) ;
#1933 = VERTEX_POINT ( 'NONE', #708 ) ;
#1934 = CARTESIAN_POINT ( 'NONE',  ( -19.49999999999999645, 19.00000000000000000, 7.999999999999983125 ) ) ;
#1935 = CARTESIAN_POINT ( 'NONE',  ( -16.49999999999999289, 14.00000000000000000, 7.999999999999981348 ) ) ;
#1936 = LINE ( 'NONE', #1615, #2159 ) ;
#1937 = CARTESIAN_POINT ( 'NONE',  ( 0.000000000000000000, 13.50000000000000000, -6.000000000000000000 ) ) ;
#1938 = FACE_BOUND ( 'NONE', #1548, .T. ) ;
#1939 = CARTESIAN_POINT ( 'NONE',  ( 17.49999999999999289, 12.00000000000000000, -8.000000000000014211 ) ) ;
#1940 =( NAMED_UNIT ( * ) SI_UNIT ( $, .STERADIAN. ) SOLID_ANGLE_UNIT ( ) );
#1941 = EDGE_LOOP ( 'NONE', ( #689, #3255 ) ) ;
#1942 = AXIS2_PLACEMENT_3D ( 'NONE', #2682, #1044, #1818 ) ;
#1943 = EDGE_LOOP ( 'NONE', ( #468, #2189, #2950, #2678 ) ) ;
#1944 = CARTESIAN_POINT ( 'NONE',  ( -15.50000000000000178, 12.00000000000000000, 15.49999999999999289 ) ) ;
#1945 = LINE ( 'NONE', #2772, #1948 ) ;
#1946 = ORIENTED_EDGE ( 'NONE', *, *, #14, .F. ) ;
#1947 = AXIS2_PLACEMENT_3D ( 'NONE', #2617, #247, #3075 ) ;
#1948 = VECTOR ( 'NONE', #1402, 1000.000000000000000 ) ;
#1949 = CARTESIAN_POINT ( 'NONE',  ( -15.50000000000000178, 9.500000000000000000, 15.49999999999999289 ) ) ;
#1950 = EDGE_CURVE ( 'NONE', #1086, #1858, #1519, .T. ) ;
#1951 = EDGE_CURVE ( 'NONE', #2459, #3388, #203, .T. ) ;
#1952 = LINE ( 'NONE', #3009, #1399 ) ;
#1953 = CARTESIAN_POINT ( 'NONE',  ( -17.49999999999999645, 14.00000000000000000, 7.999999999999981348 ) ) ;
#1954 = AXIS2_PLACEMENT_3D ( 'NONE', #452, #1500, #1026 ) ;
#1955 = CARTESIAN_POINT ( 'NONE',  ( -16.49999999999999289, 14.00000000000000000, -8.000000000000015987 ) ) ;
#1956 = CIRCLE ( 'NONE', #737, 2.999999999999999112 ) ;
#1957 = CARTESIAN_POINT ( 'NONE',  ( 15.50000000000000178, 7.000000000000000000, -15.50000000000000000 ) ) ;
#1958 = VECTOR ( 'NONE', #1397, 1000.000000000000000 ) ;
#1959 = CARTESIAN_POINT ( 'NONE',  ( 15.50000000000000178, 12.00000000000000000, -13.50000000000000178 ) ) ;
#1960 = FACE_OUTER_BOUND ( 'NONE', #627, .T. ) ;
#1961 = ORIENTED_EDGE ( 'NONE', *, *, #1782, .T. ) ;
#1962 = DIRECTION ( 'NONE',  ( 0.000000000000000000, 0.000000000000000000, -1.000000000000000000 ) ) ;
#1963 = PLANE ( 'NONE',  #2545 ) ;
#1964 = VERTEX_POINT ( 'NONE', #1528 ) ;
#1965 = CIRCLE ( 'NONE', #2848, 5.500000000000003553 ) ;
#1966 = FACE_OUTER_BOUND ( 'NONE', #2999, .T. ) ;
#1967 = DIRECTION ( 'NONE',  ( 0.000000000000000000, -1.000000000000000000, 0.000000000000000000 ) ) ;
#1968 = EDGE_CURVE ( 'NONE', #2459, #2427, #65, .T. ) ;
#1969 = EDGE_CURVE ( 'NONE', #2722, #495, #2721, .T. ) ;
#1970 = ORIENTED_EDGE ( 'NONE', *, *, #366, .T. ) ;
#1971 = DIRECTION ( 'NONE',  ( -0.000000000000000000, 1.000000000000000000, -0.000000000000000000 ) ) ;
#1972 = VERTEX_POINT ( 'NONE', #1028 ) ;
#1973 = DIRECTION ( 'NONE',  ( 0.000000000000000000, -1.000000000000000000, 0.000000000000000000 ) ) ;
#1974 = LINE ( 'NONE', #3030, #2778 ) ;
#1975 = DIRECTION ( 'NONE',  ( 0.000000000000000000, 0.000000000000000000, 1.000000000000000000 ) ) ;
#1976 = ORIENTED_EDGE ( 'NONE', *, *, #2338, .T. ) ;
#1977 = CARTESIAN_POINT ( 'NONE',  ( -17.49999999999999645, 12.00000000000000000, 8.999999999999982236 ) ) ;
#1978 = DIRECTION ( 'NONE',  ( -0.000000000000000000, 1.000000000000000000, -0.000000000000000000 ) ) ;
#1979 = ORIENTED_EDGE ( 'NONE', *, *, #1125, .T. ) ;
#1980 = CARTESIAN_POINT ( 'NONE',  ( 30.00000000000001421, 0.000000000000000000, 29.99999999999998579 ) ) ;
#1981 = FACE_OUTER_BOUND ( 'NONE', #3071, .T. ) ;
#1982 = ADVANCED_FACE ( 'NONE', ( #503 ), #1766, .F. ) ;
#1983 = EDGE_CURVE ( 'NONE', #2626, #1717, #766, .T. ) ;
#1984 = CARTESIAN_POINT ( 'NONE',  ( -24.99999999999999289, 0.000000000000000000, 26.50000000000002132 ) ) ;
#1985 = ORIENTED_EDGE ( 'NONE', *, *, #742, .T. ) ;
#1986 = ORIENTED_EDGE ( 'NONE', *, *, #272, .F. ) ;
#1987 = DIRECTION ( 'NONE',  ( 0.000000000000000000, 1.000000000000000000, -0.000000000000000000 ) ) ;
#1988 = ADVANCED_FACE ( 'NONE', ( #1546 ), #2040, .T. ) ;
#1989 = CARTESIAN_POINT ( 'NONE',  ( 25.00000000000000711, 0.000000000000000000, -24.99999999999998934 ) ) ;
#1990 = EDGE_LOOP ( 'NONE', ( #402, #235 ) ) ;
#1991 = DIRECTION ( 'NONE',  ( 0.000000000000000000, -0.000000000000000000, -1.000000000000000000 ) ) ;
#1992 = CARTESIAN_POINT ( 'NONE',  ( -15.49999999999999822, 7.000000000000000000, -15.50000000000000178 ) ) ;
#1993 = VERTEX_POINT ( 'NONE', #3098 ) ;
#1994 = VECTOR ( 'NONE', #762, 1000.000000000000000 ) ;
#1995 = DIRECTION ( 'NONE',  ( 0.000000000000000000, -1.000000000000000000, -0.000000000000000000 ) ) ;
#1996 = VECTOR ( 'NONE', #2534, 1000.000000000000000 ) ;
#1997 = LINE ( 'NONE', #42, #1065 ) ;
#1998 = DIRECTION ( 'NONE',  ( 0.000000000000000000, 0.000000000000000000, -1.000000000000000000 ) ) ;
#1999 = AXIS2_PLACEMENT_3D ( 'NONE', #2543, #1807, #734 ) ;
#2000 = CARTESIAN_POINT ( 'NONE',  ( 0.000000000000000000, 12.00000000000000000, 0.000000000000000000 ) ) ;
#2001 = EDGE_LOOP ( 'NONE', ( #1838, #2570, #791, #935 ) ) ;
#2002 = VECTOR ( 'NONE', #1005, 1000.000000000000000 ) ;
#2003 = CARTESIAN_POINT ( 'NONE',  ( -7.999999999999983125, 14.00000000000000000, -17.49999999999999645 ) ) ;
#2004 = PLANE ( 'NONE',  #792 ) ;
#2005 = ORIENTED_EDGE ( 'NONE', *, *, #716, .F. ) ;
#2006 = EDGE_CURVE ( 'NONE', #1479, #2952, #231, .T. ) ;
#2007 = EDGE_CURVE ( 'NONE', #1820, #1892, #1009, .T. ) ;
#2008 = CIRCLE ( 'NONE', #523, 1.000000000000000888 ) ;
#2009 = CARTESIAN_POINT ( 'NONE',  ( 9.000000000000014211, 12.00000000000000000, 17.50000000000000000 ) ) ;
#2010 = DIRECTION ( 'NONE',  ( 0.000000000000000000, -1.000000000000000000, 0.000000000000000000 ) ) ;
#2011 = ORIENTED_EDGE ( 'NONE', *, *, #2338, .F. ) ;
#2012 = AXIS2_PLACEMENT_3D ( 'NONE', #1233, #2496, #3345 ) ;
#2013 = CYLINDRICAL_SURFACE ( 'NONE', #1544, 5.000000000000000888 ) ;
#2014 = CARTESIAN_POINT ( 'NONE',  ( -29.99999999999998579, 14.00000000000000000, 29.99999999999998579 ) ) ;
#2015 = ORIENTED_EDGE ( 'NONE', *, *, #1983, .F. ) ;
#2016 = DIRECTION ( 'NONE',  ( -0.000000000000000000, -1.000000000000000000, 0.000000000000000000 ) ) ;
#2017 = ORIENTED_EDGE ( 'NONE', *, *, #1738, .F. ) ;
#2018 = ORIENTED_EDGE ( 'NONE', *, *, #2858, .F. ) ;
#2019 = DIRECTION ( 'NONE',  ( 0.000000000000000000, -1.000000000000000000, 0.000000000000000000 ) ) ;
#2020 = FACE_OUTER_BOUND ( 'NONE', #632, .T. ) ;
#2021 = ORIENTED_EDGE ( 'NONE', *, *, #442, .F. ) ;
#2022 = FACE_OUTER_BOUND ( 'NONE', #2412, .T. ) ;
#2023 = DIRECTION ( 'NONE',  ( -1.000000000000000000, 0.000000000000000000, 0.000000000000000000 ) ) ;
#2024 = ADVANCED_FACE ( 'NONE', ( #1276 ), #1219, .F. ) ;
#2025 = EDGE_LOOP ( 'NONE', ( #1269, #2790, #3052, #1860 ) ) ;
#2026 = EDGE_CURVE ( 'NONE', #3355, #495, #232, .T. ) ;
#2027 = AXIS2_PLACEMENT_3D ( 'NONE', #1953, #3010, #2222 ) ;
#2028 = DIRECTION ( 'NONE',  ( 0.000000000000000000, -1.000000000000000000, 0.000000000000000000 ) ) ;
#2029 = FACE_OUTER_BOUND ( 'NONE', #596, .T. ) ;
#2030 = ADVANCED_FACE ( 'NONE', ( #2922 ), #1106, .F. ) ;
#2031 = CARTESIAN_POINT ( 'NONE',  ( 9.000000000000014211, 14.00000000000000000, 0.000000000000000000 ) ) ;
#2032 = ORIENTED_EDGE ( 'NONE', *, *, #2935, .T. ) ;
#2033 = CARTESIAN_POINT ( 'NONE',  ( -8.999999999999984013, 14.00000000000000000, -19.49999999999999289 ) ) ;
#2034 = VERTEX_POINT ( 'NONE', #589 ) ;
#2035 = CARTESIAN_POINT ( 'NONE',  ( 0.000000000000000000, 9.500000000000000000, 6.000000000000000000 ) ) ;
#2036 = CIRCLE ( 'NONE', #879, 2.999999999999999112 ) ;
#2037 = DIRECTION ( 'NONE',  ( 2.081668171172168119E-15, 0.000000000000000000, -1.000000000000000000 ) ) ;
#2038 = ORIENTED_EDGE ( 'NONE', *, *, #426, .T. ) ;
#2039 = DIRECTION ( 'NONE',  ( 0.000000000000000000, 1.000000000000000000, 0.000000000000000000 ) ) ;
#2040 = PLANE ( 'NONE',  #1277 ) ;
#2041 = EDGE_LOOP ( 'NONE', ( #2442, #989, #603, #214 ) ) ;
#2042 = FACE_OUTER_BOUND ( 'NONE', #245, .T. ) ;
#2043 = DIRECTION ( 'NONE',  ( 0.000000000000000000, 0.000000000000000000, 1.000000000000000000 ) ) ;
#2044 = VECTOR ( 'NONE', #2293, 1000.000000000000000 ) ;
#2045 = CARTESIAN_POINT ( 'NONE',  ( -29.99999999999998579, 14.00000000000000000, 24.99999999999998579 ) ) ;
#2046 = ORIENTED_EDGE ( 'NONE', *, *, #14, .T. ) ;
#2047 = AXIS2_PLACEMENT_3D ( 'NONE', #1696, #864, #1129 ) ;
#2048 = ADVANCED_FACE ( 'NONE', ( #803 ), #852, .F. ) ;
#2049 = EDGE_CURVE ( 'NONE', #2692, #858, #1012, .T. ) ;
#2050 = CARTESIAN_POINT ( 'NONE',  ( -15.50000000000000178, 12.00000000000000000, 20.99999999999999289 ) ) ;
#2051 = VERTEX_POINT ( 'NONE', #1836 ) ;
#2052 = AXIS2_PLACEMENT_3D ( 'NONE', #811, #521, #1308 ) ;
#2053 = VERTEX_POINT ( 'NONE', #1912 ) ;
#2054 = ORIENTED_EDGE ( 'NONE', *, *, #2236, .T. ) ;
#2055 = CIRCLE ( 'NONE', #1547, 1.999999999999998224 ) ;
#2056 = DIRECTION ( 'NONE',  ( 0.000000000000000000, 1.000000000000000000, -0.000000000000000000 ) ) ;
#2057 = DIRECTION ( 'NONE',  ( 0.000000000000000000, 0.000000000000000000, -1.000000000000000000 ) ) ;
#2058 = AXIS2_PLACEMENT_3D ( 'NONE', #2378, #815, #1448 ) ;
#2059 = DIRECTION ( 'NONE',  ( 0.000000000000000000, 0.000000000000000000, 1.000000000000000000 ) ) ;
#2060 = AXIS2_PLACEMENT_3D ( 'NONE', #2918, #1595, #257 ) ;
#2061 = CARTESIAN_POINT ( 'NONE',  ( 17.49999999999999289, 12.00000000000000000, -9.000000000000014211 ) ) ;
#2062 = AXIS2_PLACEMENT_3D ( 'NONE', #1590, #322, #1422 ) ;
#2063 = CARTESIAN_POINT ( 'NONE',  ( -7.999999999999983125, 12.00000000000000000, 20.50000000000000000 ) ) ;
#2064 = DIRECTION ( 'NONE',  ( 0.000000000000000000, 1.000000000000000000, 0.000000000000000000 ) ) ;
#2065 = VECTOR ( 'NONE', #1755, 1000.000000000000000 ) ;
#2066 = DIRECTION ( 'NONE',  ( -1.000000000000000000, 0.000000000000000000, -1.927470528863119049E-16 ) ) ;
#2067 = ORIENTED_EDGE ( 'NONE', *, *, #206, .T. ) ;
#2068 = CARTESIAN_POINT ( 'NONE',  ( -15.49999999999999822, 7.000000000000000000, -15.50000000000000178 ) ) ;
#2069 = EDGE_CURVE ( 'NONE', #330, #447, #2547, .T. ) ;
#2070 = ADVANCED_FACE ( 'NONE', ( #3165 ), #2409, .F. ) ;
#2071 = ORIENTED_EDGE ( 'NONE', *, *, #2026, .F. ) ;
#2072 = ORIENTED_EDGE ( 'NONE', *, *, #83, .T. ) ;
#2073 = CARTESIAN_POINT ( 'NONE',  ( -15.50000000000000178, 9.500000000000000000, 9.999999999999991118 ) ) ;
#2074 = CARTESIAN_POINT ( 'NONE',  ( 15.50000000000000178, 9.500000000000000000, 15.50000000000000000 ) ) ;
#2075 = DIRECTION ( 'NONE',  ( -7.709882115452476934E-17, 0.000000000000000000, 1.000000000000000000 ) ) ;
#2076 = CARTESIAN_POINT ( 'NONE',  ( 0.000000000000000000, 13.50000000000000000, -6.000000000000000000 ) ) ;
#2077 = ORIENTED_EDGE ( 'NONE', *, *, #1476, .F. ) ;
#2078 = CARTESIAN_POINT ( 'NONE',  ( -8.999999999999984013, 12.00000000000000000, 17.50000000000000000 ) ) ;
#2079 = CARTESIAN_POINT ( 'NONE',  ( 15.50000000000000178, 7.000000000000000000, 15.50000000000000000 ) ) ;
#2080 = DIRECTION ( 'NONE',  ( -0.000000000000000000, 1.000000000000000000, -0.000000000000000000 ) ) ;
#2081 = LINE ( 'NONE', #590, #3066 ) ;
#2082 = ORIENTED_EDGE ( 'NONE', *, *, #1580, .T. ) ;
#2083 = DIRECTION ( 'NONE',  ( -0.000000000000000000, 1.000000000000000000, -0.000000000000000000 ) ) ;
#2084 = ORIENTED_EDGE ( 'NONE', *, *, #2235, .F. ) ;
#2085 = VERTEX_POINT ( 'NONE', #313 ) ;
#2086 = ADVANCED_FACE ( 'NONE', ( #3180 ), #2347, .F. ) ;
#2087 = EDGE_CURVE ( 'NONE', #1109, #287, #2272, .T. ) ;
#2088 = CARTESIAN_POINT ( 'NONE',  ( -24.99999999999999289, 11.00000000000000000, -22.00000000000000000 ) ) ;
#2089 = FACE_OUTER_BOUND ( 'NONE', #1990, .T. ) ;
#2090 = AXIS2_PLACEMENT_3D ( 'NONE', #1934, #1670, #477 ) ;
#2091 = EDGE_CURVE ( 'NONE', #480, #3256, #1841, .T. ) ;
#2092 = ADVANCED_FACE ( 'NONE', ( #2393 ), #2612, .F. ) ;
#2093 = CARTESIAN_POINT ( 'NONE',  ( 15.50000000000000178, 12.00000000000000000, 13.49999999999999822 ) ) ;
#2094 = CARTESIAN_POINT ( 'NONE',  ( -15.50000000000000178, 7.000000000000000000, 15.49999999999999289 ) ) ;
#2095 = EDGE_LOOP ( 'NONE', ( #1072, #2583, #1114, #252 ) ) ;
#2096 = DIRECTION ( 'NONE',  ( 0.000000000000000000, 0.000000000000000000, -1.000000000000000000 ) ) ;
#2097 = CARTESIAN_POINT ( 'NONE',  ( -29.99999999999998579, 14.00000000000000000, -30.00000000000001066 ) ) ;
#2098 = DIRECTION ( 'NONE',  ( -0.000000000000000000, 1.000000000000000000, -0.000000000000000000 ) ) ;
#2099 = VERTEX_POINT ( 'NONE', #2650 ) ;
#2100 = CIRCLE ( 'NONE', #2876, 2.499999999999998668 ) ;
#2101 = CARTESIAN_POINT ( 'NONE',  ( 30.00000000000001421, 0.000000000000000000, 24.99999999999998579 ) ) ;
#2102 = ORIENTED_EDGE ( 'NONE', *, *, #1864, .T. ) ;
#2103 = ORIENTED_EDGE ( 'NONE', *, *, #2686, .T. ) ;
#2104 = VECTOR ( 'NONE', #986, 1000.000000000000000 ) ;
#2105 = CARTESIAN_POINT ( 'NONE',  ( 15.50000000000000178, 7.000000000000000000, -17.49999999999999645 ) ) ;
#2106 = CIRCLE ( 'NONE', #727, 1.500000000000000444 ) ;
#2107 = DIRECTION ( 'NONE',  ( 0.000000000000000000, 1.000000000000000000, 0.000000000000000000 ) ) ;
#2108 = AXIS2_PLACEMENT_3D ( 'NONE', #263, #1315, #807 ) ;
#2109 = CARTESIAN_POINT ( 'NONE',  ( 22.50000000000000000, 12.00000000000000000, -22.49999999999999289 ) ) ;
#2110 = DIRECTION ( 'NONE',  ( 0.000000000000000000, 0.000000000000000000, 1.000000000000000000 ) ) ;
#2111 = VECTOR ( 'NONE', #1428, 1000.000000000000000 ) ;
#2112 = ORIENTED_EDGE ( 'NONE', *, *, #2196, .F. ) ;
#2113 = ADVANCED_FACE ( 'NONE', ( #1077 ), #2942, .T. ) ;
#2114 = EDGE_CURVE ( 'NONE', #563, #314, #1296, .T. ) ;
#2115 = AXIS2_PLACEMENT_3D ( 'NONE', #1103, #3144, #498 ) ;
#2116 = DIRECTION ( 'NONE',  ( 0.000000000000000000, 1.000000000000000000, 0.000000000000000000 ) ) ;
#2117 = PLANE ( 'NONE',  #1385 ) ;
#2118 = AXIS2_PLACEMENT_3D ( 'NONE', #2186, #3245, #875 ) ;
#2119 = AXIS2_PLACEMENT_3D ( 'NONE', #1989, #1449, #3236 ) ;
#2120 = CARTESIAN_POINT ( 'NONE',  ( 0.000000000000000000, 12.00000000000000000, -11.00000000000000000 ) ) ;
#2121 = VERTEX_POINT ( 'NONE', #2907 ) ;
#2122 = LINE ( 'NONE', #1321, #501 ) ;
#2123 = FACE_OUTER_BOUND ( 'NONE', #534, .T. ) ;
#2124 = EDGE_LOOP ( 'NONE', ( #1660, #2225, #2799, #3309 ) ) ;
#2125 = CARTESIAN_POINT ( 'NONE',  ( -15.50000000000000178, 12.00000000000000000, 15.49999999999999289 ) ) ;
#2126 = DIRECTION ( 'NONE',  ( 0.000000000000000000, 0.000000000000000000, 1.000000000000000000 ) ) ;
#2127 = ORIENTED_EDGE ( 'NONE', *, *, #206, .F. ) ;
#2128 = ORIENTED_EDGE ( 'NONE', *, *, #2399, .T. ) ;
#2129 = PLANE ( 'NONE',  #81 ) ;
#2130 = EDGE_CURVE ( 'NONE', #1892, #2568, #539, .T. ) ;
#2131 = ADVANCED_FACE ( 'NONE', ( #782 ), #2894, .F. ) ;
#2132 = DIRECTION ( 'NONE',  ( 0.000000000000000000, 0.000000000000000000, 1.000000000000000000 ) ) ;
#2133 = ORIENTED_EDGE ( 'NONE', *, *, #2769, .F. ) ;
#2134 = DIRECTION ( 'NONE',  ( -0.000000000000000000, -1.000000000000000000, -0.000000000000000000 ) ) ;
#2135 = ORIENTED_EDGE ( 'NONE', *, *, #2708, .F. ) ;
#2136 = DIRECTION ( 'NONE',  ( -0.000000000000000000, -1.000000000000000000, -0.000000000000000000 ) ) ;
#2137 = CYLINDRICAL_SURFACE ( 'NONE', #2947, 2.000000000000000000 ) ;
#2138 = DIRECTION ( 'NONE',  ( 0.000000000000000000, -1.000000000000000000, 0.000000000000000000 ) ) ;
#2139 = CARTESIAN_POINT ( 'NONE',  ( -20.49999999999999645, 19.00000000000000000, 8.999999999999984013 ) ) ;
#2140 = ORIENTED_EDGE ( 'NONE', *, *, #293, .F. ) ;
#2141 = LINE ( 'NONE', #2895, #1628 ) ;
#2142 = CARTESIAN_POINT ( 'NONE',  ( -29.99999999999998579, 14.00000000000000000, -30.00000000000001066 ) ) ;
#2143 = ORIENTED_EDGE ( 'NONE', *, *, #1162, .F. ) ;
#2144 = TOROIDAL_SURFACE ( 'NONE', #664, 5.500000000000000000, 2.500000000000000000 ) ;
#2145 = ORIENTED_EDGE ( 'NONE', *, *, #1342, .F. ) ;
#2146 = AXIS2_PLACEMENT_3D ( 'NONE', #146, #1739, #874 ) ;
#2147 = DIRECTION ( 'NONE',  ( -1.000000000000000000, -0.000000000000000000, 4.336808689942013792E-16 ) ) ;
#2148 = ORIENTED_EDGE ( 'NONE', *, *, #1201, .F. ) ;
#2149 = EDGE_CURVE ( 'NONE', #1964, #3414, #1673, .T. ) ;
#2150 = EDGE_CURVE ( 'NONE', #2251, #2567, #459, .T. ) ;
#2151 = DIRECTION ( 'NONE',  ( 0.000000000000000000, 0.000000000000000000, -1.000000000000000000 ) ) ;
#2152 = DIRECTION ( 'NONE',  ( 0.000000000000000000, 0.000000000000000000, -1.000000000000000000 ) ) ;
#2153 = AXIS2_PLACEMENT_3D ( 'NONE', #1451, #2724, #645 ) ;
#2154 = ORIENTED_EDGE ( 'NONE', *, *, #2644, .F. ) ;
#2155 = DIRECTION ( 'NONE',  ( -0.000000000000000000, 1.000000000000000000, -0.000000000000000000 ) ) ;
#2156 = DIRECTION ( 'NONE',  ( -0.000000000000000000, 1.000000000000000000, -0.000000000000000000 ) ) ;
#2157 = ORIENTED_EDGE ( 'NONE', *, *, #2935, .F. ) ;
#2158 = LINE ( 'NONE', #1640, #1736 ) ;
#2159 = VECTOR ( 'NONE', #1677, 1000.000000000000000 ) ;
#2160 = ORIENTED_EDGE ( 'NONE', *, *, #1409, .F. ) ;
#2161 = CARTESIAN_POINT ( 'NONE',  ( 19.49999999999999645, 14.00000000000000000, -8.000000000000014211 ) ) ;
#2162 = AXIS2_PLACEMENT_3D ( 'NONE', #2861, #2023, #488 ) ;
#2163 = CARTESIAN_POINT ( 'NONE',  ( 25.00000000000000711, 11.00000000000000355, 23.50000000000001066 ) ) ;
#2164 = ORIENTED_EDGE ( 'NONE', *, *, #2091, .T. ) ;
#2165 = CIRCLE ( 'NONE', #2725, 2.499999999999998668 ) ;
#2166 = VECTOR ( 'NONE', #2446, 1000.000000000000000 ) ;
#2167 = PLANE ( 'NONE',  #1230 ) ;
#2168 = ORIENTED_EDGE ( 'NONE', *, *, #2529, .F. ) ;
#2169 = ORIENTED_EDGE ( 'NONE', *, *, #449, .F. ) ;
#2170 = CARTESIAN_POINT ( 'NONE',  ( 25.00000000000001066, 14.00000000000000000, 24.99999999999998579 ) ) ;
#2171 = ADVANCED_FACE ( 'NONE', ( #902 ), #2209, .F. ) ;
#2172 = EDGE_CURVE ( 'NONE', #1892, #557, #2223, .T. ) ;
#2173 = DIRECTION ( 'NONE',  ( 0.000000000000000000, 0.000000000000000000, -1.000000000000000000 ) ) ;
#2174 = AXIS2_PLACEMENT_3D ( 'NONE', #1356, #1520, #2352 ) ;
#2175 = ORIENTED_EDGE ( 'NONE', *, *, #851, .F. ) ;
#2176 = DIRECTION ( 'NONE',  ( 0.000000000000000000, 0.000000000000000000, 1.000000000000000000 ) ) ;
#2177 = DIRECTION ( 'NONE',  ( 0.000000000000000000, 0.000000000000000000, -1.000000000000000000 ) ) ;
#2178 = ORIENTED_EDGE ( 'NONE', *, *, #1968, .F. ) ;
#2179 = CARTESIAN_POINT ( 'NONE',  ( 25.00000000000000711, -28.00000000000001776, -23.49999999999998934 ) ) ;
#2180 = ORIENTED_EDGE ( 'NONE', *, *, #1731, .T. ) ;
#2181 = DIRECTION ( 'NONE',  ( 0.000000000000000000, 1.000000000000000000, 0.000000000000000000 ) ) ;
#2182 = LINE ( 'NONE', #3240, #3054 ) ;
#2183 = VERTEX_POINT ( 'NONE', #89 ) ;
#2184 = AXIS2_PLACEMENT_3D ( 'NONE', #2267, #1330, #3198 ) ;
#2185 = DIRECTION ( 'NONE',  ( 1.000000000000000000, 0.000000000000000000, 0.000000000000000000 ) ) ;
#2186 = CARTESIAN_POINT ( 'NONE',  ( -24.99999999999999289, 11.00000000000000355, 25.00000000000001776 ) ) ;
#2187 = DIRECTION ( 'NONE',  ( -0.000000000000000000, -1.000000000000000000, -0.000000000000000000 ) ) ;
#2188 = CARTESIAN_POINT ( 'NONE',  ( -15.49999999999999822, 7.000000000000000000, -17.50000000000000000 ) ) ;
#2189 = ORIENTED_EDGE ( 'NONE', *, *, #2664, .T. ) ;
#2190 = LINE ( 'NONE', #1637, #2266 ) ;
#2191 = CARTESIAN_POINT ( 'NONE',  ( -15.49999999999999822, 9.500000000000000000, -15.50000000000000178 ) ) ;
#2192 = CARTESIAN_POINT ( 'NONE',  ( 15.50000000000000178, 9.500000000000000000, 12.50000000000000000 ) ) ;
#2193 = VERTEX_POINT ( 'NONE', #1684 ) ;
#2194 = ADVANCED_FACE ( 'NONE', ( #2504 ), #658, .F. ) ;
#2195 = EDGE_LOOP ( 'NONE', ( #736, #244, #905, #931 ) ) ;
#2196 = EDGE_CURVE ( 'NONE', #495, #3355, #125, .T. ) ;
#2197 = DIRECTION ( 'NONE',  ( 0.000000000000000000, -1.000000000000000000, 0.000000000000000000 ) ) ;
#2198 = CARTESIAN_POINT ( 'NONE',  ( 15.50000000000000178, 12.00000000000000000, 13.49999999999999822 ) ) ;
#2199 = ORIENTED_EDGE ( 'NONE', *, *, #1475, .F. ) ;
#2200 = ORIENTED_EDGE ( 'NONE', *, *, #408, .T. ) ;
#2201 = CARTESIAN_POINT ( 'NONE',  ( 20.49999999999999645, 19.00000000000000000, -9.000000000000014211 ) ) ;
#2202 = ORIENTED_EDGE ( 'NONE', *, *, #3253, .T. ) ;
#2203 = CARTESIAN_POINT ( 'NONE',  ( 3.180326372624145025E-15, 14.00000000000000000, -16.49999999999999289 ) ) ;
#2204 = DIRECTION ( 'NONE',  ( 0.000000000000000000, 0.000000000000000000, -1.000000000000000000 ) ) ;
#2205 = LINE ( 'NONE', #897, #353 ) ;
#2206 = ORIENTED_EDGE ( 'NONE', *, *, #1387, .T. ) ;
#2207 = CYLINDRICAL_SURFACE ( 'NONE', #2320, 1.000000000000000888 ) ;
#2208 = VECTOR ( 'NONE', #1340, 1000.000000000000000 ) ;
#2209 = PLANE ( 'NONE',  #288 ) ;
#2210 = CARTESIAN_POINT ( 'NONE',  ( -24.99999999999999289, 14.00000000000000000, 22.00000000000002132 ) ) ;
#2211 = ORIENTED_EDGE ( 'NONE', *, *, #2968, .F. ) ;
#2212 = AXIS2_PLACEMENT_3D ( 'NONE', #1481, #2019, #704 ) ;
#2213 = CARTESIAN_POINT ( 'NONE',  ( 25.00000000000000711, 0.000000000000000000, -26.49999999999999289 ) ) ;
#2214 = LINE ( 'NONE', #872, #1443 ) ;
#2215 = ORIENTED_EDGE ( 'NONE', *, *, #1816, .F. ) ;
#2216 = AXIS2_PLACEMENT_3D ( 'NONE', #1056, #2136, #1869 ) ;
#2217 = ADVANCED_FACE ( 'NONE', ( #103 ), #121, .F. ) ;
#2218 = EDGE_CURVE ( 'NONE', #80, #3355, #3384, .T. ) ;
#2219 = AXIS2_PLACEMENT_3D ( 'NONE', #52, #1918, #35 ) ;
#2220 = DIRECTION ( 'NONE',  ( 0.000000000000000000, 0.000000000000000000, -1.000000000000000000 ) ) ;
#2221 = CARTESIAN_POINT ( 'NONE',  ( -15.50000000000000178, 9.500000000000000000, 15.49999999999999289 ) ) ;
#2222 = DIRECTION ( 'NONE',  ( 0.000000000000000000, 0.000000000000000000, -1.000000000000000000 ) ) ;
#2223 = CIRCLE ( 'NONE', #732, 1.000000000000000888 ) ;
#2224 = CARTESIAN_POINT ( 'NONE',  ( 9.000000000000014211, 12.00000000000000000, -19.49999999999998934 ) ) ;
#2225 = ORIENTED_EDGE ( 'NONE', *, *, #616, .T. ) ;
#2226 = ORIENTED_EDGE ( 'NONE', *, *, #2792, .F. ) ;
#2227 = FACE_OUTER_BOUND ( 'NONE', #1916, .T. ) ;
#2228 = VECTOR ( 'NONE', #2945, 1000.000000000000000 ) ;
#2229 = DIRECTION ( 'NONE',  ( 0.000000000000000000, 1.000000000000000000, 0.000000000000000000 ) ) ;
#2230 = PLANE ( 'NONE',  #2558 ) ;
#2231 = ORIENTED_EDGE ( 'NONE', *, *, #1863, .F. ) ;
#2232 = DIRECTION ( 'NONE',  ( 0.000000000000000000, 1.000000000000000000, -0.000000000000000000 ) ) ;
#2233 = CARTESIAN_POINT ( 'NONE',  ( 25.00000000000000711, 11.00000000000000000, 28.00000000000001066 ) ) ;
#2234 = ORIENTED_EDGE ( 'NONE', *, *, #711, .T. ) ;
#2235 = EDGE_CURVE ( 'NONE', #3121, #1908, #2741, .T. ) ;
#2236 = EDGE_CURVE ( 'NONE', #1585, #3168, #1413, .T. ) ;
#2237 = CARTESIAN_POINT ( 'NONE',  ( 9.000000000000014211, 19.00000000000000000, 16.50000000000000000 ) ) ;
#2238 = FACE_OUTER_BOUND ( 'NONE', #2124, .T. ) ;
#2239 = DIRECTION ( 'NONE',  ( 0.000000000000000000, 1.000000000000000000, 0.000000000000000000 ) ) ;
#2240 = EDGE_CURVE ( 'NONE', #3386, #2723, #405, .T. ) ;
#2241 = ADVANCED_FACE ( 'NONE', ( #2698 ), #933, .T. ) ;
#2242 = CYLINDRICAL_SURFACE ( 'NONE', #2557, 3.000000000000000888 ) ;
#2243 = VERTEX_POINT ( 'NONE', #3251 ) ;
#2244 = LINE ( 'NONE', #3336, #1438 ) ;
#2245 = DIRECTION ( 'NONE',  ( 0.000000000000000000, 0.000000000000000000, -1.000000000000000000 ) ) ;
#2246 = ORIENTED_EDGE ( 'NONE', *, *, #383, .F. ) ;
#2247 = CARTESIAN_POINT ( 'NONE',  ( 15.50000000000000178, 9.500000000000000000, 20.99999999999999645 ) ) ;
#2248 = CIRCLE ( 'NONE', #598, 1.000000000000000888 ) ;
#2249 = DIRECTION ( 'NONE',  ( 0.000000000000000000, 0.000000000000000000, -1.000000000000000000 ) ) ;
#2250 = ORIENTED_EDGE ( 'NONE', *, *, #1126, .T. ) ;
#2251 = VERTEX_POINT ( 'NONE', #1175 ) ;
#2252 = CYLINDRICAL_SURFACE ( 'NONE', #710, 1.500000000000001332 ) ;
#2253 = DIRECTION ( 'NONE',  ( 0.000000000000000000, -1.000000000000000000, -0.000000000000000000 ) ) ;
#2254 = FACE_OUTER_BOUND ( 'NONE', #326, .T. ) ;
#2255 = EDGE_CURVE ( 'NONE', #1029, #2353, #843, .T. ) ;
#2256 = EDGE_CURVE ( 'NONE', #330, #887, #1974, .T. ) ;
#2257 = ORIENTED_EDGE ( 'NONE', *, *, #1201, .T. ) ;
#2258 = ORIENTED_EDGE ( 'NONE', *, *, #1260, .T. ) ;
#2259 = DIRECTION ( 'NONE',  ( 0.000000000000000000, 0.000000000000000000, -1.000000000000000000 ) ) ;
#2260 = CIRCLE ( 'NONE', #2481, 1.500000000000001332 ) ;
#2261 = FACE_BOUND ( 'NONE', #2302, .T. ) ;
#2262 = ORIENTED_EDGE ( 'NONE', *, *, #1710, .T. ) ;
#2263 = VECTOR ( 'NONE', #707, 1000.000000000000000 ) ;
#2264 = DIRECTION ( 'NONE',  ( -0.000000000000000000, 1.000000000000000000, -0.000000000000000000 ) ) ;
#2265 = EDGE_LOOP ( 'NONE', ( #544, #1601, #351, #2206 ) ) ;
#2266 = VECTOR ( 'NONE', #1394, 1000.000000000000000 ) ;
#2267 = CARTESIAN_POINT ( 'NONE',  ( 15.50000000000000178, 7.000000000000000000, 15.50000000000000000 ) ) ;
#2268 = AXIS2_PLACEMENT_3D ( 'NONE', #1378, #1332, #2132 ) ;
#2269 = LINE ( 'NONE', #1923, #1780 ) ;
#2270 = LINE ( 'NONE', #462, #1134 ) ;
#2271 = AXIS2_PLACEMENT_3D ( 'NONE', #318, #2653, #1363 ) ;
#2272 = CIRCLE ( 'NONE', #2943, 1.000000000000000000 ) ;
#2273 = LINE ( 'NONE', #1202, #465 ) ;
#2274 = CIRCLE ( 'NONE', #793, 1.000000000000000888 ) ;
#2275 = ADVANCED_FACE ( 'NONE', ( #2766 ), #345, .F. ) ;
#2276 = ADVANCED_FACE ( 'NONE', ( #3304 ), #3216, .F. ) ;
#2277 = CARTESIAN_POINT ( 'NONE',  ( 25.00000000000000711, 11.00000000000000000, 22.00000000000001066 ) ) ;
#2278 = LINE ( 'NONE', #3094, #623 ) ;
#2279 = AXIS2_PLACEMENT_3D ( 'NONE', #987, #170, #2037 ) ;
#2280 = AXIS2_PLACEMENT_3D ( 'NONE', #1522, #2016, #3078 ) ;
#2281 = DIRECTION ( 'NONE',  ( 0.000000000000000000, -1.000000000000000000, 0.000000000000000000 ) ) ;
#2282 = DIRECTION ( 'NONE',  ( 0.000000000000000000, 0.000000000000000000, -1.000000000000000000 ) ) ;
#2283 = EDGE_LOOP ( 'NONE', ( #3292, #1190, #1764, #2694 ) ) ;
#2284 = CIRCLE ( 'NONE', #1234, 1.500000000000001332 ) ;
#2285 = DIRECTION ( 'NONE',  ( -1.000000000000000000, 0.000000000000000000, 0.000000000000000000 ) ) ;
#2286 = CARTESIAN_POINT ( 'NONE',  ( 0.000000000000000000, 13.50000000000000000, -7.500000000000000888 ) ) ;
#2287 = DIRECTION ( 'NONE',  ( 1.000000000000000000, 0.000000000000000000, 0.000000000000000000 ) ) ;
#2288 = CARTESIAN_POINT ( 'NONE',  ( 19.49999999999999645, 12.00000000000000000, -8.000000000000014211 ) ) ;
#2289 = ORIENTED_EDGE ( 'NONE', *, *, #1619, .T. ) ;
#2290 = CARTESIAN_POINT ( 'NONE',  ( 20.49999999999999645, 14.00000000000000000, 0.000000000000000000 ) ) ;
#2291 = CARTESIAN_POINT ( 'NONE',  ( 22.49999999999999645, 0.000000000000000000, 16.49999999999999289 ) ) ;
#2292 = EDGE_CURVE ( 'NONE', #1097, #1086, #1122, .T. ) ;
#2293 = DIRECTION ( 'NONE',  ( 0.000000000000000000, -1.000000000000000000, 0.000000000000000000 ) ) ;
#2294 = DIRECTION ( 'NONE',  ( -0.000000000000000000, -1.000000000000000000, -0.000000000000000000 ) ) ;
#2295 = ORIENTED_EDGE ( 'NONE', *, *, #2664, .F. ) ;
#2296 = ORIENTED_EDGE ( 'NONE', *, *, #1387, .F. ) ;
#2297 = EDGE_CURVE ( 'NONE', #47, #57, #2165, .T. ) ;
#2298 = EDGE_CURVE ( 'NONE', #1486, #2051, #2535, .T. ) ;
#2299 = DIRECTION ( 'NONE',  ( 0.000000000000000000, -1.000000000000000000, 0.000000000000000000 ) ) ;
#2300 = CARTESIAN_POINT ( 'NONE',  ( -16.49999999999999289, 12.00000000000000000, -8.000000000000015987 ) ) ;
#2301 = DIRECTION ( 'NONE',  ( 0.000000000000000000, -1.000000000000000000, -0.000000000000000000 ) ) ;
#2302 = EDGE_LOOP ( 'NONE', ( #1346, #1158 ) ) ;
#2303 = DIRECTION ( 'NONE',  ( 0.000000000000000000, -1.000000000000000000, -0.000000000000000000 ) ) ;
#2304 = VERTEX_POINT ( 'NONE', #3115 ) ;
#2305 = ORIENTED_EDGE ( 'NONE', *, *, #3112, .T. ) ;
#2306 = EDGE_LOOP ( 'NONE', ( #3380, #204 ) ) ;
#2307 = LINE ( 'NONE', #3303, #58 ) ;
#2308 = CARTESIAN_POINT ( 'NONE',  ( -16.50000000000000000, 12.00000000000000000, 22.49999999999999645 ) ) ;
#2309 = DIRECTION ( 'NONE',  ( 0.000000000000000000, 0.000000000000000000, -1.000000000000000000 ) ) ;
#2310 = CARTESIAN_POINT ( 'NONE',  ( -24.99999999999999289, 11.00000000000000000, 22.00000000000002132 ) ) ;
#2311 = EDGE_LOOP ( 'NONE', ( #608, #30 ) ) ;
#2312 = CARTESIAN_POINT ( 'NONE',  ( 0.000000000000000000, 14.00000000000000000, 8.999999999999984013 ) ) ;
#2313 = DIRECTION ( 'NONE',  ( 0.000000000000000000, 0.000000000000000000, 1.000000000000000000 ) ) ;
#2314 = EDGE_CURVE ( 'NONE', #984, #1316, #2278, .T. ) ;
#2315 = EDGE_CURVE ( 'NONE', #2744, #858, #3370, .T. ) ;
#2316 = LINE ( 'NONE', #461, #2428 ) ;
#2317 = CIRCLE ( 'NONE', #167, 3.000000000000000888 ) ;
#2318 = CARTESIAN_POINT ( 'NONE',  ( -3.903127820947823062E-15, 14.00000000000000000, -9.000000000000023093 ) ) ;
#2319 = EDGE_LOOP ( 'NONE', ( #1570, #2781, #2571, #2599 ) ) ;
#2320 = AXIS2_PLACEMENT_3D ( 'NONE', #656, #588, #919 ) ;
#2321 = FACE_OUTER_BOUND ( 'NONE', #1646, .T. ) ;
#2322 = VECTOR ( 'NONE', #2080, 1000.000000000000000 ) ;
#2323 = EDGE_LOOP ( 'NONE', ( #2825, #593 ) ) ;
#2324 = ORIENTED_EDGE ( 'NONE', *, *, #1471, .T. ) ;
#2325 = VECTOR ( 'NONE', #3152, 1000.000000000000000 ) ;
#2326 = DIRECTION ( 'NONE',  ( 0.000000000000000000, 0.000000000000000000, -1.000000000000000000 ) ) ;
#2327 = DIRECTION ( 'NONE',  ( 0.000000000000000000, 0.000000000000000000, 1.000000000000000000 ) ) ;
#2328 = CARTESIAN_POINT ( 'NONE',  ( 15.50000000000000178, 7.000000000000000000, 15.50000000000000000 ) ) ;
#2329 = AXIS2_PLACEMENT_3D ( 'NONE', #692, #1239, #1785 ) ;
#2330 = DIRECTION ( 'NONE',  ( 0.000000000000000000, -1.000000000000000000, 0.000000000000000000 ) ) ;
#2331 = EDGE_LOOP ( 'NONE', ( #2168, #2982, #2103, #3280 ) ) ;
#2332 = AXIS2_PLACEMENT_3D ( 'NONE', #2640, #1560, #2625 ) ;
#2333 = DIRECTION ( 'NONE',  ( 0.000000000000000000, -0.000000000000000000, 1.000000000000000000 ) ) ;
#2334 = CARTESIAN_POINT ( 'NONE',  ( 19.49999999999999645, 14.00000000000000000, -9.000000000000014211 ) ) ;
#2335 = AXIS2_PLACEMENT_3D ( 'NONE', #1199, #1459, #1509 ) ;
#2336 = DIRECTION ( 'NONE',  ( 0.000000000000000000, 0.000000000000000000, 1.000000000000000000 ) ) ;
#2337 = ORIENTED_EDGE ( 'NONE', *, *, #1367, .F. ) ;
#2338 = EDGE_CURVE ( 'NONE', #416, #540, #1482, .T. ) ;
#2339 = ADVANCED_FACE ( 'NONE', ( #1256 ), #2004, .F. ) ;
#2340 = CARTESIAN_POINT ( 'NONE',  ( 9.000000000000014211, 12.00000000000000000, 19.50000000000000355 ) ) ;
#2341 = ORIENTED_EDGE ( 'NONE', *, *, #1286, .F. ) ;
#2342 = ADVANCED_FACE ( 'NONE', ( #2020 ), #2802, .F. ) ;
#2343 = EDGE_CURVE ( 'NONE', #1662, #1876, #1224, .T. ) ;
#2344 = DIRECTION ( 'NONE',  ( -0.000000000000000000, 1.000000000000000000, -0.000000000000000000 ) ) ;
#2345 = DIRECTION ( 'NONE',  ( -0.000000000000000000, 1.000000000000000000, -0.000000000000000000 ) ) ;
#2346 = DIRECTION ( 'NONE',  ( 0.000000000000000000, -1.000000000000000000, -0.000000000000000000 ) ) ;
#2347 = CYLINDRICAL_SURFACE ( 'NONE', #2829, 1.500000000000001332 ) ;
#2348 = ORIENTED_EDGE ( 'NONE', *, *, #408, .F. ) ;
#2349 = CARTESIAN_POINT ( 'NONE',  ( 19.49999999999999645, 19.00000000000000000, 7.999999999999983125 ) ) ;
#2350 = CARTESIAN_POINT ( 'NONE',  ( -15.49999999999999822, 12.00000000000000000, -17.50000000000000000 ) ) ;
#2351 = LINE ( 'NONE', #3362, #2322 ) ;
#2352 = DIRECTION ( 'NONE',  ( 0.000000000000000000, 0.000000000000000000, 1.000000000000000000 ) ) ;
#2353 = VERTEX_POINT ( 'NONE', #153 ) ;
#2354 = LINE ( 'NONE', #3415, #961 ) ;
#2355 = ORIENTED_EDGE ( 'NONE', *, *, #2049, .F. ) ;
#2356 = VERTEX_POINT ( 'NONE', #2291 ) ;
#2357 = LINE ( 'NONE', #2606, #1722 ) ;
#2358 = ADVANCED_FACE ( 'NONE', ( #1464 ), #179, .F. ) ;
#2359 = ADVANCED_FACE ( 'NONE', ( #3067, #3080 ), #217, .T. ) ;
#2360 = CYLINDRICAL_SURFACE ( 'NONE', #1176, 1.999999999999998224 ) ;
#2361 = AXIS2_PLACEMENT_3D ( 'NONE', #1211, #1262, #2313 ) ;
#2362 = CARTESIAN_POINT ( 'NONE',  ( 16.50000000000000000, 12.00000000000000000, -16.49999999999999289 ) ) ;
#2363 = DIRECTION ( 'NONE',  ( 0.000000000000000000, 0.000000000000000000, 1.000000000000000000 ) ) ;
#2364 = ORIENTED_EDGE ( 'NONE', *, *, #3145, .F. ) ;
#2365 = DIRECTION ( 'NONE',  ( 0.000000000000000000, 1.000000000000000000, 0.000000000000000000 ) ) ;
#2366 = CARTESIAN_POINT ( 'NONE',  ( 8.000000000000014211, 12.00000000000000000, -19.49999999999998934 ) ) ;
#2367 = DIRECTION ( 'NONE',  ( 0.000000000000000000, -1.000000000000000000, 0.000000000000000000 ) ) ;
#2368 = PRODUCT_DEFINITION_CONTEXT ( 'detailed design', #6, 'design' ) ;
#2369 = AXIS2_PLACEMENT_3D ( 'NONE', #1136, #2181, #2059 ) ;
#2370 = FACE_OUTER_BOUND ( 'NONE', #2265, .T. ) ;
#2371 = ORIENTED_EDGE ( 'NONE', *, *, #2648, .F. ) ;
#2372 = CIRCLE ( 'NONE', #3207, 1.000000000000000888 ) ;
#2373 = DIRECTION ( 'NONE',  ( -0.000000000000000000, 1.000000000000000000, -0.000000000000000000 ) ) ;
#2374 = VECTOR ( 'NONE', #3192, 1000.000000000000000 ) ;
#2375 = CARTESIAN_POINT ( 'NONE',  ( -24.99999999999999289, 11.00000000000000000, -27.99999999999999645 ) ) ;
#2376 = ADVANCED_FACE ( 'NONE', ( #2586 ), #2815, .F. ) ;
#2377 = CYLINDRICAL_SURFACE ( 'NONE', #833, 2.999999999999999112 ) ;
#2378 = CARTESIAN_POINT ( 'NONE',  ( -17.49999999999999645, 14.00000000000000000, -8.000000000000015987 ) ) ;
#2379 = AXIS2_PLACEMENT_3D ( 'NONE', #2191, #2430, #67 ) ;
#2380 = ORIENTED_EDGE ( 'NONE', *, *, #38, .T. ) ;
#2381 = CIRCLE ( 'NONE', #1335, 2.000000000000000000 ) ;
#2382 = FACE_OUTER_BOUND ( 'NONE', #2908, .T. ) ;
#2383 = ORIENTED_EDGE ( 'NONE', *, *, #400, .F. ) ;
#2384 = VECTOR ( 'NONE', #196, 1000.000000000000000 ) ;
#2385 = VECTOR ( 'NONE', #1772, 1000.000000000000000 ) ;
#2386 = CYLINDRICAL_SURFACE ( 'NONE', #1130, 2.000000000000000000 ) ;
#2387 = ORIENTED_EDGE ( 'NONE', *, *, #3049, .T. ) ;
#2388 = LINE ( 'NONE', #2088, #1604 ) ;
#2389 = DIRECTION ( 'NONE',  ( 0.000000000000000000, 0.000000000000000000, -1.000000000000000000 ) ) ;
#2390 = ADVANCED_BREP_SHAPE_REPRESENTATION ( 'encoder-stand_magnetic-encoder-holder-base', ( #265, #137 ), #1620 ) ;
#2391 = ORIENTED_EDGE ( 'NONE', *, *, #657, .T. ) ;
#2392 = CYLINDRICAL_SURFACE ( 'NONE', #2816, 1.999999999999998224 ) ;
#2393 = FACE_OUTER_BOUND ( 'NONE', #22, .T. ) ;
#2394 = CARTESIAN_POINT ( 'NONE',  ( 15.50000000000000178, 12.00000000000000000, -20.99999999999999645 ) ) ;
#2395 = EDGE_LOOP ( 'NONE', ( #2967, #2835 ) ) ;
#2396 = DIRECTION ( 'NONE',  ( 1.000000000000000000, -0.000000000000000000, -0.000000000000000000 ) ) ;
#2397 = CARTESIAN_POINT ( 'NONE',  ( 8.000000000000014211, 12.00000000000000000, -20.49999999999998934 ) ) ;
#2398 = VERTEX_POINT ( 'NONE', #1273 ) ;
#2399 = EDGE_CURVE ( 'NONE', #2243, #706, #2519, .T. ) ;
#2400 = EDGE_CURVE ( 'NONE', #1750, #2609, #2779, .T. ) ;
#2401 = CARTESIAN_POINT ( 'NONE',  ( 16.49999999999998934, 19.00000000000000000, -9.000000000000014211 ) ) ;
#2402 = ORIENTED_EDGE ( 'NONE', *, *, #1709, .F. ) ;
#2403 = ORIENTED_EDGE ( 'NONE', *, *, #994, .T. ) ;
#2404 = CIRCLE ( 'NONE', #2027, 1.000000000000000000 ) ;
#2405 = FACE_OUTER_BOUND ( 'NONE', #2903, .T. ) ;
#2406 = FACE_BOUND ( 'NONE', #2946, .T. ) ;
#2407 = ORIENTED_EDGE ( 'NONE', *, *, #2172, .F. ) ;
#2408 = DIRECTION ( 'NONE',  ( -0.000000000000000000, -1.000000000000000000, -0.000000000000000000 ) ) ;
#2409 = PLANE ( 'NONE',  #2891 ) ;
#2410 = ORIENTED_EDGE ( 'NONE', *, *, #250, .F. ) ;
#2411 = LINE ( 'NONE', #70, #524 ) ;
#2412 = EDGE_LOOP ( 'NONE', ( #823, #869, #759, #1927 ) ) ;
#2413 = AXIS2_PLACEMENT_3D ( 'NONE', #359, #2477, #112 ) ;
#2414 = CARTESIAN_POINT ( 'NONE',  ( -16.50000000000000000, 12.00000000000000000, 16.50000000000000000 ) ) ;
#2415 = CARTESIAN_POINT ( 'NONE',  ( -24.99999999999999289, 0.000000000000000000, 25.00000000000001776 ) ) ;
#2416 = ORIENTED_EDGE ( 'NONE', *, *, #2297, .F. ) ;
#2417 = EDGE_CURVE ( 'NONE', #858, #2998, #3281, .T. ) ;
#2418 = EDGE_CURVE ( 'NONE', #447, #123, #2838, .T. ) ;
#2419 = DIRECTION ( 'NONE',  ( -0.000000000000000000, -1.000000000000000000, 0.000000000000000000 ) ) ;
#2420 = ORIENTED_EDGE ( 'NONE', *, *, #652, .T. ) ;
#2421 = ORIENTED_EDGE ( 'NONE', *, *, #3172, .T. ) ;
#2422 = CIRCLE ( 'NONE', #779, 2.000000000000001776 ) ;
#2423 = EDGE_CURVE ( 'NONE', #57, #2539, #3389, .T. ) ;
#2424 = LINE ( 'NONE', #61, #396 ) ;
#2425 = CARTESIAN_POINT ( 'NONE',  ( 16.50000000000000000, 0.000000000000000000, -22.49999999999999289 ) ) ;
#2426 = AXIS2_PLACEMENT_3D ( 'NONE', #1853, #798, #1831 ) ;
#2427 = VERTEX_POINT ( 'NONE', #746 ) ;
#2428 = VECTOR ( 'NONE', #3378, 1000.000000000000000 ) ;
#2429 = FACE_OUTER_BOUND ( 'NONE', #837, .T. ) ;
#2430 = DIRECTION ( 'NONE',  ( -0.000000000000000000, -1.000000000000000000, 0.000000000000000000 ) ) ;
#2431 = ORIENTED_EDGE ( 'NONE', *, *, #2006, .F. ) ;
#2432 = DIRECTION ( 'NONE',  ( -0.000000000000000000, -1.000000000000000000, 0.000000000000000000 ) ) ;
#2433 = CIRCLE ( 'NONE', #895, 2.999999999999999112 ) ;
#2434 = CARTESIAN_POINT ( 'NONE',  ( -7.999999999999983125, 14.00000000000000000, -19.49999999999999289 ) ) ;
#2435 = CIRCLE ( 'NONE', #1067, 1.500000000000001332 ) ;
#2436 = CARTESIAN_POINT ( 'NONE',  ( 25.00000000000000711, 11.00000000000000355, 26.50000000000001421 ) ) ;
#2437 = ORIENTED_EDGE ( 'NONE', *, *, #1432, .F. ) ;
#2438 = AXIS2_PLACEMENT_3D ( 'NONE', #3342, #956, #3070 ) ;
#2439 = PLANE ( 'NONE',  #926 ) ;
#2440 = AXIS2_PLACEMENT_3D ( 'NONE', #1124, #2992, #325 ) ;
#2441 = DIRECTION ( 'NONE',  ( -0.000000000000000000, 1.000000000000000000, -0.000000000000000000 ) ) ;
#2442 = ORIENTED_EDGE ( 'NONE', *, *, #591, .F. ) ;
#2443 = ADVANCED_FACE ( 'NONE', ( #1206, #2261 ), #2629, .T. ) ;
#2444 = AXIS2_PLACEMENT_3D ( 'NONE', #1742, #2569, #414 ) ;
#2445 = DIRECTION ( 'NONE',  ( -1.000000000000000000, 0.000000000000000000, -2.312964634635742957E-16 ) ) ;
#2446 = DIRECTION ( 'NONE',  ( -0.000000000000000000, 1.000000000000000000, -0.000000000000000000 ) ) ;
#2447 = CIRCLE ( 'NONE', #3225, 5.500000000000000000 ) ;
#2448 = EDGE_CURVE ( 'NONE', #3414, #500, #2937, .T. ) ;
#2449 = EDGE_CURVE ( 'NONE', #1483, #2034, #2836, .T. ) ;
#2450 = ORIENTED_EDGE ( 'NONE', *, *, #400, .T. ) ;
#2451 = FACE_BOUND ( 'NONE', #195, .T. ) ;
#2452 = CARTESIAN_POINT ( 'NONE',  ( 25.00000000000000711, 11.00000000000000000, 25.00000000000001066 ) ) ;
#2453 = EDGE_LOOP ( 'NONE', ( #1353, #2851, #302, #3021 ) ) ;
#2454 = ORIENTED_EDGE ( 'NONE', *, *, #716, .T. ) ;
#2455 = DIRECTION ( 'NONE',  ( 0.000000000000000000, 0.000000000000000000, -1.000000000000000000 ) ) ;
#2456 = DIRECTION ( 'NONE',  ( 0.000000000000000000, 0.000000000000000000, -1.000000000000000000 ) ) ;
#2457 = VERTEX_POINT ( 'NONE', #813 ) ;
#2458 = ORIENTED_EDGE ( 'NONE', *, *, #1018, .F. ) ;
#2459 = VERTEX_POINT ( 'NONE', #1075 ) ;
#2460 = AXIS2_PLACEMENT_3D ( 'NONE', #2161, #1095, #51 ) ;
#2461 = FACE_OUTER_BOUND ( 'NONE', #876, .T. ) ;
#2462 = CARTESIAN_POINT ( 'NONE',  ( 8.000000000000014211, 12.00000000000000000, 19.50000000000000355 ) ) ;
#2463 = DIRECTION ( 'NONE',  ( 0.000000000000000000, -1.000000000000000000, 0.000000000000000000 ) ) ;
#2464 = DIRECTION ( 'NONE',  ( 1.000000000000000000, 0.000000000000000000, 2.312964634635742957E-16 ) ) ;
#2465 = DIRECTION ( 'NONE',  ( 0.000000000000000000, 0.000000000000000000, -1.000000000000000000 ) ) ;
#2466 = ORIENTED_EDGE ( 'NONE', *, *, #88, .T. ) ;
#2467 = ADVANCED_FACE ( 'NONE', ( #2123 ), #2360, .F. ) ;
#2468 = EDGE_CURVE ( 'NONE', #1393, #2857, #3113, .T. ) ;
#2469 = LINE ( 'NONE', #1656, #2993 ) ;
#2470 = DIRECTION ( 'NONE',  ( 0.000000000000000000, 0.000000000000000000, -1.000000000000000000 ) ) ;
#2471 = DIRECTION ( 'NONE',  ( 0.000000000000000000, -0.000000000000000000, -1.000000000000000000 ) ) ;
#2472 = ORIENTED_EDGE ( 'NONE', *, *, #1343, .F. ) ;
#2473 = CARTESIAN_POINT ( 'NONE',  ( 25.00000000000000711, 11.00000000000000355, 25.00000000000001066 ) ) ;
#2474 = DIRECTION ( 'NONE',  ( -0.000000000000000000, -1.000000000000000000, -0.000000000000000000 ) ) ;
#2475 = EDGE_LOOP ( 'NONE', ( #41, #1613 ) ) ;
#2476 = ORIENTED_EDGE ( 'NONE', *, *, #1730, .T. ) ;
#2477 = DIRECTION ( 'NONE',  ( -1.000000000000000000, 0.000000000000000000, 2.312964634635743450E-16 ) ) ;
#2478 = FACE_OUTER_BOUND ( 'NONE', #597, .T. ) ;
#2479 = CARTESIAN_POINT ( 'NONE',  ( -24.99999999999999289, 0.000000000000000000, -23.49999999999999645 ) ) ;
#2480 = EDGE_LOOP ( 'NONE', ( #783, #1899, #3191, #2128 ) ) ;
#2481 = AXIS2_PLACEMENT_3D ( 'NONE', #3007, #1995, #925 ) ;
#2482 = DIRECTION ( 'NONE',  ( 0.000000000000000000, 0.000000000000000000, -1.000000000000000000 ) ) ;
#2483 = CIRCLE ( 'NONE', #3371, 5.999999999999998224 ) ;
#2484 = DIRECTION ( 'NONE',  ( -0.000000000000000000, 1.000000000000000000, -0.000000000000000000 ) ) ;
#2485 = ADVANCED_FACE ( 'NONE', ( #1057 ), #548, .F. ) ;
#2486 = ADVANCED_FACE ( 'NONE', ( #1870 ), #522, .F. ) ;
#2487 = ORIENTED_EDGE ( 'NONE', *, *, #1594, .F. ) ;
#2488 = CIRCLE ( 'NONE', #2212, 1.500000000000000444 ) ;
#2489 = DIRECTION ( 'NONE',  ( -1.224646799147353207E-16, 0.000000000000000000, -1.000000000000000000 ) ) ;
#2490 = CARTESIAN_POINT ( 'NONE',  ( 25.00000000000000711, 11.00000000000000355, -23.49999999999998934 ) ) ;
#2491 = ORIENTED_EDGE ( 'NONE', *, *, #1305, .F. ) ;
#2492 = VECTOR ( 'NONE', #363, 1000.000000000000000 ) ;
#2493 = EDGE_CURVE ( 'NONE', #682, #2873, #2890, .T. ) ;
#2494 = VECTOR ( 'NONE', #1689, 1000.000000000000000 ) ;
#2495 = FACE_OUTER_BOUND ( 'NONE', #261, .T. ) ;
#2496 = DIRECTION ( 'NONE',  ( -0.000000000000000000, 1.000000000000000000, -0.000000000000000000 ) ) ;
#2497 = CARTESIAN_POINT ( 'NONE',  ( 4.592425496802575944E-16, 9.500000000000000000, 8.500000000000000000 ) ) ;
#2498 = AXIS2_PLACEMENT_3D ( 'NONE', #972, #1804, #3324 ) ;
#2499 = VECTOR ( 'NONE', #673, 1000.000000000000000 ) ;
#2500 = DIRECTION ( 'NONE',  ( 0.000000000000000000, 1.000000000000000000, -0.000000000000000000 ) ) ;
#2501 = CIRCLE ( 'NONE', #1019, 1.000000000000000888 ) ;
#2502 = DIRECTION ( 'NONE',  ( 0.000000000000000000, -1.000000000000000000, -0.000000000000000000 ) ) ;
#2503 = AXIS2_PLACEMENT_3D ( 'NONE', #3297, #666, #1721 ) ;
#2504 = FACE_OUTER_BOUND ( 'NONE', #2651, .T. ) ;
#2505 = DIRECTION ( 'NONE',  ( 0.000000000000000000, 1.000000000000000000, 0.000000000000000000 ) ) ;
#2506 = ORIENTED_EDGE ( 'NONE', *, *, #1083, .T. ) ;
#2507 = CARTESIAN_POINT ( 'NONE',  ( 8.000000000000014211, 12.00000000000000000, 20.50000000000000355 ) ) ;
#2508 = DIRECTION ( 'NONE',  ( 0.000000000000000000, -1.000000000000000000, 0.000000000000000000 ) ) ;
#2509 = ORIENTED_EDGE ( 'NONE', *, *, #870, .F. ) ;
#2510 = EDGE_LOOP ( 'NONE', ( #1797, #2532, #2067, #967 ) ) ;
#2511 = DIRECTION ( 'NONE',  ( -0.000000000000000000, 1.000000000000000000, -0.000000000000000000 ) ) ;
#2512 = ADVANCED_FACE ( 'NONE', ( #3193 ), #1339, .F. ) ;
#2513 = ADVANCED_FACE ( 'NONE', ( #2089 ), #1088, .T. ) ;
#2514 = DIRECTION ( 'NONE',  ( 0.000000000000000000, 0.000000000000000000, -1.000000000000000000 ) ) ;
#2515 = AXIS2_PLACEMENT_3D ( 'NONE', #2349, #2365, #223 ) ;
#2516 = DIRECTION ( 'NONE',  ( 0.000000000000000000, -1.000000000000000000, 0.000000000000000000 ) ) ;
#2517 = VERTEX_POINT ( 'NONE', #2607 ) ;
#2518 = CYLINDRICAL_SURFACE ( 'NONE', #508, 2.999999999999999112 ) ;
#2519 = LINE ( 'NONE', #2556, #2499 ) ;
#2520 = CARTESIAN_POINT ( 'NONE',  ( 25.00000000000000711, 14.00000000000000000, -24.99999999999998934 ) ) ;
#2521 = ORIENTED_EDGE ( 'NONE', *, *, #1731, .F. ) ;
#2522 = DIRECTION ( 'NONE',  ( 1.000000000000000000, -0.000000000000000000, -1.224646799147353207E-16 ) ) ;
#2523 = DIRECTION ( 'NONE',  ( 0.000000000000000000, -1.000000000000000000, 0.000000000000000000 ) ) ;
#2524 = ORIENTED_EDGE ( 'NONE', *, *, #2590, .F. ) ;
#2525 = DIRECTION ( 'NONE',  ( 0.000000000000000000, -0.000000000000000000, -1.000000000000000000 ) ) ;
#2526 = CARTESIAN_POINT ( 'NONE',  ( 15.50000000000000178, 7.000000000000000000, 18.50000000000000000 ) ) ;
#2527 = DIRECTION ( 'NONE',  ( 0.000000000000000000, -0.000000000000000000, -1.000000000000000000 ) ) ;
#2528 = EDGE_CURVE ( 'NONE', #16, #1633, #1814, .T. ) ;
#2529 = EDGE_CURVE ( 'NONE', #568, #1850, #1070, .T. ) ;
#2530 = FACE_OUTER_BOUND ( 'NONE', #1153, .T. ) ;
#2531 = ORIENTED_EDGE ( 'NONE', *, *, #1645, .T. ) ;
#2532 = ORIENTED_EDGE ( 'NONE', *, *, #1367, .T. ) ;
#2533 = ORIENTED_EDGE ( 'NONE', *, *, #2240, .F. ) ;
#2534 = DIRECTION ( 'NONE',  ( 0.000000000000000000, 0.000000000000000000, 1.000000000000000000 ) ) ;
#2535 = LINE ( 'NONE', #3320, #2608 ) ;
#2536 = ORIENTED_EDGE ( 'NONE', *, *, #1326, .F. ) ;
#2537 = CARTESIAN_POINT ( 'NONE',  ( -8.999999999999984013, 12.00000000000000000, -20.49999999999999289 ) ) ;
#2538 = DIRECTION ( 'NONE',  ( -0.000000000000000000, -1.000000000000000000, 0.000000000000000000 ) ) ;
#2539 = VERTEX_POINT ( 'NONE', #274 ) ;
#2540 = CIRCLE ( 'NONE', #496, 1.500000000000000444 ) ;
#2541 = DIRECTION ( 'NONE',  ( 0.000000000000000000, 0.000000000000000000, 1.000000000000000000 ) ) ;
#2542 = AXIS2_PLACEMENT_3D ( 'NONE', #3267, #940, #1351 ) ;
#2543 = CARTESIAN_POINT ( 'NONE',  ( 15.50000000000000178, 9.500000000000000000, -15.50000000000000000 ) ) ;
#2544 = DIRECTION ( 'NONE',  ( -0.000000000000000000, -1.000000000000000000, -0.000000000000000000 ) ) ;
#2545 = AXIS2_PLACEMENT_3D ( 'NONE', #2759, #374, #923 ) ;
#2546 = AXIS2_PLACEMENT_3D ( 'NONE', #936, #907, #609 ) ;
#2547 = CIRCLE ( 'NONE', #3108, 6.000000000000000000 ) ;
#2548 = ADVANCED_FACE ( 'NONE', ( #1322 ), #2137, .F. ) ;
#2549 = FACE_BOUND ( 'NONE', #344, .T. ) ;
#2550 = ORIENTED_EDGE ( 'NONE', *, *, #1042, .F. ) ;
#2551 = VERTEX_POINT ( 'NONE', #566 ) ;
#2552 = AXIS2_PLACEMENT_3D ( 'NONE', #393, #2753, #2763 ) ;
#2553 = CARTESIAN_POINT ( 'NONE',  ( -24.99999999999999289, 11.00000000000000000, 25.00000000000001776 ) ) ;
#2554 = ADVANCED_FACE ( 'NONE', ( #1616, #2680, #310, #2406, #1293, #1043 ), #778, .T. ) ;
#2555 = ADVANCED_FACE ( 'NONE', ( #1423 ), #1707, .F. ) ;
#2556 = CARTESIAN_POINT ( 'NONE',  ( -19.49999999999999645, 14.00000000000000000, 8.999999999999984013 ) ) ;
#2557 = AXIS2_PLACEMENT_3D ( 'NONE', #2850, #738, #1795 ) ;
#2558 = AXIS2_PLACEMENT_3D ( 'NONE', #350, #104, #2471 ) ;
#2559 = DIRECTION ( 'NONE',  ( 0.000000000000000000, -1.000000000000000000, 0.000000000000000000 ) ) ;
#2560 = DIRECTION ( 'NONE',  ( -0.000000000000000000, -1.000000000000000000, -0.000000000000000000 ) ) ;
#2561 = ORIENTED_EDGE ( 'NONE', *, *, #1240, .F. ) ;
#2562 = ORIENTED_EDGE ( 'NONE', *, *, #868, .T. ) ;
#2563 = DIRECTION ( 'NONE',  ( 0.000000000000000000, 0.000000000000000000, -1.000000000000000000 ) ) ;
#2564 = DIRECTION ( 'NONE',  ( 1.000000000000000000, 0.000000000000000000, -4.336808689942013792E-16 ) ) ;
#2565 = AXIS2_PLACEMENT_3D ( 'NONE', #2473, #109, #630 ) ;
#2566 = CARTESIAN_POINT ( 'NONE',  ( 8.000000000000014211, 14.00000000000000000, -19.49999999999998934 ) ) ;
#2567 = VERTEX_POINT ( 'NONE', #1955 ) ;
#2568 = VERTEX_POINT ( 'NONE', #63 ) ;
#2569 = DIRECTION ( 'NONE',  ( -0.000000000000000000, 1.000000000000000000, -0.000000000000000000 ) ) ;
#2570 = ORIENTED_EDGE ( 'NONE', *, *, #2858, .T. ) ;
#2571 = ORIENTED_EDGE ( 'NONE', *, *, #2733, .F. ) ;
#2572 = DIRECTION ( 'NONE',  ( 1.000000000000000000, 0.000000000000000000, 0.000000000000000000 ) ) ;
#2573 = CARTESIAN_POINT ( 'NONE',  ( 8.000000000000014211, 12.00000000000000000, -16.49999999999998934 ) ) ;
#2574 = EDGE_CURVE ( 'NONE', #984, #1585, #626, .T. ) ;
#2575 = ADVANCED_FACE ( 'NONE', ( #3248 ), #3268, .F. ) ;
#2576 = DIRECTION ( 'NONE',  ( 0.000000000000000000, -1.000000000000000000, 0.000000000000000000 ) ) ;
#2577 = CARTESIAN_POINT ( 'NONE',  ( -8.999999999999984013, 12.00000000000000000, 16.50000000000000000 ) ) ;
#2578 = CARTESIAN_POINT ( 'NONE',  ( 15.50000000000000178, 7.000000000000000000, 15.50000000000000000 ) ) ;
#2579 = CARTESIAN_POINT ( 'NONE',  ( 9.000000000000014211, 19.00000000000000000, 20.50000000000000355 ) ) ;
#2580 = CARTESIAN_POINT ( 'NONE',  ( 15.50000000000000178, 12.00000000000000000, 20.99999999999999645 ) ) ;
#2581 = ORIENTED_EDGE ( 'NONE', *, *, #911, .T. ) ;
#2582 = FACE_BOUND ( 'NONE', #1279, .T. ) ;
#2583 = ORIENTED_EDGE ( 'NONE', *, *, #2859, .F. ) ;
#2584 = VERTEX_POINT ( 'NONE', #2425 ) ;
#2585 = DIRECTION ( 'NONE',  ( 0.000000000000000000, 1.000000000000000000, -0.000000000000000000 ) ) ;
#2586 = FACE_OUTER_BOUND ( 'NONE', #222, .T. ) ;
#2587 = ORIENTED_EDGE ( 'NONE', *, *, #910, .T. ) ;
#2588 = DIRECTION ( 'NONE',  ( 0.000000000000000000, 0.000000000000000000, -1.000000000000000000 ) ) ;
#2589 = CARTESIAN_POINT ( 'NONE',  ( 25.00000000000000711, -28.00000000000001776, 26.50000000000001421 ) ) ;
#2590 = EDGE_CURVE ( 'NONE', #818, #2251, #100, .T. ) ;
#2591 = ORIENTED_EDGE ( 'NONE', *, *, #472, .T. ) ;
#2592 = ADVANCED_FACE ( 'NONE', ( #878 ), #3210, .F. ) ;
#2593 = ORIENTED_EDGE ( 'NONE', *, *, #2685, .F. ) ;
#2594 = FACE_OUTER_BOUND ( 'NONE', #2323, .T. ) ;
#2595 = CARTESIAN_POINT ( 'NONE',  ( 15.50000000000000178, 7.000000000000000000, 12.50000000000000000 ) ) ;
#2596 = AXIS2_PLACEMENT_3D ( 'NONE', #1567, #276, #2631 ) ;
#2597 = EDGE_CURVE ( 'NONE', #1708, #887, #2611, .T. ) ;
#2598 = DIRECTION ( 'NONE',  ( 1.000000000000000000, -0.000000000000000000, 0.000000000000000000 ) ) ;
#2599 = ORIENTED_EDGE ( 'NONE', *, *, #273, .F. ) ;
#2600 = TOROIDAL_SURFACE ( 'NONE', #3048, 5.500000000000001776, 2.500000000000000000 ) ;
#2601 = DIRECTION ( 'NONE',  ( 0.000000000000000000, 0.000000000000000000, -1.000000000000000000 ) ) ;
#2602 = VERTEX_POINT ( 'NONE', #2479 ) ;
#2603 = AXIS2_PLACEMENT_3D ( 'NONE', #2579, #491, #209 ) ;
#2604 = ORIENTED_EDGE ( 'NONE', *, *, #1801, .T. ) ;
#2605 = VECTOR ( 'NONE', #437, 1000.000000000000000 ) ;
#2606 = CARTESIAN_POINT ( 'NONE',  ( 1.836970198721030181E-16, 13.50000000000000000, -4.500000000000000000 ) ) ;
#2607 = CARTESIAN_POINT ( 'NONE',  ( -24.99999999999999289, 0.000000000000000000, -26.50000000000000000 ) ) ;
#2608 = VECTOR ( 'NONE', #2327, 1000.000000000000000 ) ;
#2609 = VERTEX_POINT ( 'NONE', #860 ) ;
#2610 = CARTESIAN_POINT ( 'NONE',  ( 19.49999999999999645, 14.00000000000000000, 7.999999999999983125 ) ) ;
#2611 = CIRCLE ( 'NONE', #1127, 5.999999999999998224 ) ;
#2612 = CYLINDRICAL_SURFACE ( 'NONE', #3327, 1.500000000000000444 ) ;
#2613 = ORIENTED_EDGE ( 'NONE', *, *, #760, .F. ) ;
#2614 = ORIENTED_EDGE ( 'NONE', *, *, #3187, .T. ) ;
#2615 = AXIS2_PLACEMENT_3D ( 'NONE', #2221, #2419, #1368 ) ;
#2616 = CARTESIAN_POINT ( 'NONE',  ( 8.000000000000014211, 14.00000000000000000, -16.49999999999999289 ) ) ;
#2617 = CARTESIAN_POINT ( 'NONE',  ( 15.50000000000000178, 9.500000000000000000, -10.00000000000000000 ) ) ;
#2618 = AXIS2_PLACEMENT_3D ( 'NONE', #3057, #942, #700 ) ;
#2619 = UNCERTAINTY_MEASURE_WITH_UNIT (LENGTH_MEASURE( 1.000000000000000082E-05 ), #154, 'distance_accuracy_value', 'NONE');
#2620 = CARTESIAN_POINT ( 'NONE',  ( 25.00000000000000711, 0.000000000000000000, 23.50000000000001066 ) ) ;
#2621 = VERTEX_POINT ( 'NONE', #2188 ) ;
#2622 = ORIENTED_EDGE ( 'NONE', *, *, #60, .T. ) ;
#2623 = EDGE_CURVE ( 'NONE', #2677, #389, #72, .T. ) ;
#2624 = EDGE_CURVE ( 'NONE', #2085, #2843, #520, .T. ) ;
#2625 = DIRECTION ( 'NONE',  ( 0.000000000000000000, 0.000000000000000000, 1.000000000000000000 ) ) ;
#2626 = VERTEX_POINT ( 'NONE', #116 ) ;
#2627 = ORIENTED_EDGE ( 'NONE', *, *, #1951, .F. ) ;
#2628 = DIRECTION ( 'NONE',  ( -1.000000000000000000, 0.000000000000000000, 0.000000000000000000 ) ) ;
#2629 = PLANE ( 'NONE',  #3059 ) ;
#2630 = CIRCLE ( 'NONE', #2460, 1.000000000000000888 ) ;
#2631 = DIRECTION ( 'NONE',  ( 0.000000000000000000, 0.000000000000000000, 1.000000000000000000 ) ) ;
#2632 = CARTESIAN_POINT ( 'NONE',  ( -24.99999999999999289, 11.00000000000000000, -24.99999999999999645 ) ) ;
#2633 = ORIENTED_EDGE ( 'NONE', *, *, #1593, .F. ) ;
#2634 = ORIENTED_EDGE ( 'NONE', *, *, #1362, .T. ) ;
#2635 = AXIS2_PLACEMENT_3D ( 'NONE', #1011, #3122, #751 ) ;
#2636 = DIRECTION ( 'NONE',  ( 0.000000000000000000, 0.000000000000000000, 1.000000000000000000 ) ) ;
#2637 = CYLINDRICAL_SURFACE ( 'NONE', #2108, 1.000000000000000888 ) ;
#2638 = VECTOR ( 'NONE', #2511, 1000.000000000000000 ) ;
#2639 = ORIENTED_EDGE ( 'NONE', *, *, #3085, .T. ) ;
#2640 = CARTESIAN_POINT ( 'NONE',  ( -24.99999999999999289, 11.00000000000000355, -24.99999999999999645 ) ) ;
#2641 = ORIENTED_EDGE ( 'NONE', *, *, #1145, .T. ) ;
#2642 = ORIENTED_EDGE ( 'NONE', *, *, #1950, .F. ) ;
#2643 = EDGE_CURVE ( 'NONE', #2820, #1714, #1410, .T. ) ;
#2644 = EDGE_CURVE ( 'NONE', #1706, #2857, #2205, .T. ) ;
#2645 = VERTEX_POINT ( 'NONE', #343 ) ;
#2646 = CARTESIAN_POINT ( 'NONE',  ( -7.999999999999983125, 14.00000000000000000, 16.50000000000000000 ) ) ;
#2647 = CARTESIAN_POINT ( 'NONE',  ( 9.000000000000014211, 12.00000000000000000, -20.49999999999998934 ) ) ;
#2648 = EDGE_CURVE ( 'NONE', #2843, #773, #1392, .T. ) ;
#2649 = DIRECTION ( 'NONE',  ( -0.000000000000000000, -1.000000000000000000, -0.000000000000000000 ) ) ;
#2650 = CARTESIAN_POINT ( 'NONE',  ( -15.49999999999999822, 7.000000000000000000, -13.50000000000000178 ) ) ;
#2651 = EDGE_LOOP ( 'NONE', ( #3227, #1203, #2250, #1961 ) ) ;
#2652 = DIRECTION ( 'NONE',  ( 0.000000000000000000, 0.000000000000000000, -1.000000000000000000 ) ) ;
#2653 = DIRECTION ( 'NONE',  ( -0.000000000000000000, -1.000000000000000000, 0.000000000000000000 ) ) ;
#2654 = ORIENTED_EDGE ( 'NONE', *, *, #1260, .F. ) ;
#2655 = AXIS2_PLACEMENT_3D ( 'NONE', #693, #1803, #1242 ) ;
#2656 = DIRECTION ( 'NONE',  ( 0.000000000000000000, 1.000000000000000000, 0.000000000000000000 ) ) ;
#2657 = ORIENTED_EDGE ( 'NONE', *, *, #2423, .F. ) ;
#2658 = CIRCLE ( 'NONE', #2932, 5.500000000000003553 ) ;
#2659 = CARTESIAN_POINT ( 'NONE',  ( -24.99999999999999289, 11.00000000000000355, 25.00000000000001776 ) ) ;
#2660 = CIRCLE ( 'NONE', #2542, 5.499999999999998224 ) ;
#2661 = CARTESIAN_POINT ( 'NONE',  ( -24.99999999999999289, 11.00000000000000000, 25.00000000000001776 ) ) ;
#2662 = ORIENTED_EDGE ( 'NONE', *, *, #294, .T. ) ;
#2663 = AXIS2_PLACEMENT_3D ( 'NONE', #2789, #2523, #1137 ) ;
#2664 = EDGE_CURVE ( 'NONE', #1743, #1097, #1444, .T. ) ;
#2665 = EDGE_CURVE ( 'NONE', #682, #1404, #2274, .T. ) ;
#2666 = CARTESIAN_POINT ( 'NONE',  ( -15.49999999999999822, 9.500000000000000000, -12.50000000000000000 ) ) ;
#2667 = DIRECTION ( 'NONE',  ( -0.000000000000000000, 1.000000000000000000, -0.000000000000000000 ) ) ;
#2668 = AXIS2_PLACEMENT_3D ( 'NONE', #347, #2470, #3234 ) ;
#2669 = FACE_OUTER_BOUND ( 'NONE', #3367, .T. ) ;
#2670 = ORIENTED_EDGE ( 'NONE', *, *, #1083, .F. ) ;
#2671 = LINE ( 'NONE', #304, #1094 ) ;
#2672 = DIRECTION ( 'NONE',  ( 0.000000000000000000, 0.000000000000000000, -1.000000000000000000 ) ) ;
#2673 = VERTEX_POINT ( 'NONE', #2224 ) ;
#2674 = AXIS2_PLACEMENT_3D ( 'NONE', #1236, #150, #944 ) ;
#2675 = AXIS2_PLACEMENT_3D ( 'NONE', #2809, #1439, #2527 ) ;
#2676 = CARTESIAN_POINT ( 'NONE',  ( -20.49999999999999645, 19.00000000000000000, -9.000000000000014211 ) ) ;
#2677 = VERTEX_POINT ( 'NONE', #3287 ) ;
#2678 = ORIENTED_EDGE ( 'NONE', *, *, #1098, .T. ) ;
#2679 = LINE ( 'NONE', #99, #1894 ) ;
#2680 = FACE_BOUND ( 'NONE', #2306, .T. ) ;
#2681 = ORIENTED_EDGE ( 'NONE', *, *, #3340, .F. ) ;
#2682 = CARTESIAN_POINT ( 'NONE',  ( 15.50000000000000178, 9.500000000000000000, -15.50000000000000000 ) ) ;
#2683 = DIRECTION ( 'NONE',  ( 4.336808689942013792E-16, -0.000000000000000000, 1.000000000000000000 ) ) ;
#2684 = DIRECTION ( 'NONE',  ( 0.000000000000000000, 1.000000000000000000, 0.000000000000000000 ) ) ;
#2685 = EDGE_CURVE ( 'NONE', #48, #2800, #2729, .T. ) ;
#2686 = EDGE_CURVE ( 'NONE', #2099, #2621, #2381, .T. ) ;
#2687 = ORIENTED_EDGE ( 'NONE', *, *, #2769, .T. ) ;
#2688 = ORIENTED_EDGE ( 'NONE', *, *, #2987, .F. ) ;
#2689 = LINE ( 'NONE', #1298, #357 ) ;
#2690 = FACE_OUTER_BOUND ( 'NONE', #2757, .T. ) ;
#2691 = ORIENTED_EDGE ( 'NONE', *, *, #2314, .T. ) ;
#2692 = VERTEX_POINT ( 'NONE', #181 ) ;
#2693 = DIRECTION ( 'NONE',  ( 0.000000000000000000, 1.000000000000000000, -0.000000000000000000 ) ) ;
#2694 = ORIENTED_EDGE ( 'NONE', *, *, #1098, .F. ) ;
#2695 = CARTESIAN_POINT ( 'NONE',  ( -15.50000000000000178, 12.00000000000000000, 13.49999999999999467 ) ) ;
#2696 = DIRECTION ( 'NONE',  ( 0.000000000000000000, 0.000000000000000000, 1.000000000000000000 ) ) ;
#2697 = DIRECTION ( 'NONE',  ( -0.000000000000000000, -1.000000000000000000, 0.000000000000000000 ) ) ;
#2698 = FACE_OUTER_BOUND ( 'NONE', #194, .T. ) ;
#2699 = ORIENTED_EDGE ( 'NONE', *, *, #106, .F. ) ;
#2700 = DIRECTION ( 'NONE',  ( -0.000000000000000000, 1.000000000000000000, -0.000000000000000000 ) ) ;
#2701 = ORIENTED_EDGE ( 'NONE', *, *, #335, .F. ) ;
#2702 = CARTESIAN_POINT ( 'NONE',  ( 6.123233995736766282E-16, 9.500000000000000000, -1.000000000000000000 ) ) ;
#2703 = EDGE_CURVE ( 'NONE', #3062, #2551, #3162, .T. ) ;
#2704 = ADVANCED_FACE ( 'NONE', ( #2582, #2549, #1188, #2780, #467, #430, #3060, #1493, #1251, #1461, #2254 ), #2797, .T. ) ;
#2705 = CARTESIAN_POINT ( 'NONE',  ( -24.99999999999999289, 11.00000000000000355, 26.50000000000002132 ) ) ;
#2706 = ORIENTED_EDGE ( 'NONE', *, *, #1060, .F. ) ;
#2707 = ORIENTED_EDGE ( 'NONE', *, *, #1287, .F. ) ;
#2708 = EDGE_CURVE ( 'NONE', #16, #2304, #356, .T. ) ;
#2709 = ADVANCED_FACE ( 'NONE', ( #2530 ), #1512, .F. ) ;
#2710 = DIRECTION ( 'NONE',  ( -0.000000000000000000, 1.000000000000000000, -0.000000000000000000 ) ) ;
#2711 = ORIENTED_EDGE ( 'NONE', *, *, #3111, .F. ) ;
#2712 = CIRCLE ( 'NONE', #668, 2.500000000000000000 ) ;
#2713 = FACE_OUTER_BOUND ( 'NONE', #1107, .T. ) ;
#2714 = DIRECTION ( 'NONE',  ( -0.000000000000000000, -0.000000000000000000, 1.000000000000000000 ) ) ;
#2715 = AXIS2_PLACEMENT_3D ( 'NONE', #418, #483, #2259 ) ;
#2716 = ORIENTED_EDGE ( 'NONE', *, *, #2423, .T. ) ;
#2717 = CIRCLE ( 'NONE', #453, 2.500000000000000444 ) ;
#2718 = CYLINDRICAL_SURFACE ( 'NONE', #1214, 2.999999999999999112 ) ;
#2719 = CARTESIAN_POINT ( 'NONE',  ( 22.50000000000000000, 12.00000000000000000, -22.49999999999999289 ) ) ;
#2720 = CARTESIAN_POINT ( 'NONE',  ( 0.000000000000000000, 0.000000000000000000, 0.000000000000000000 ) ) ;
#2721 = CIRCLE ( 'NONE', #1607, 2.500000000000000000 ) ;
#2722 = VERTEX_POINT ( 'NONE', #1778 ) ;
#2723 = VERTEX_POINT ( 'NONE', #162 ) ;
#2724 = DIRECTION ( 'NONE',  ( -0.000000000000000000, -1.000000000000000000, -0.000000000000000000 ) ) ;
#2725 = AXIS2_PLACEMENT_3D ( 'NONE', #865, #1926, #705 ) ;
#2726 = CARTESIAN_POINT ( 'NONE',  ( 0.000000000000000000, 9.500000000000000000, -6.000000000000000000 ) ) ;
#2727 = ORIENTED_EDGE ( 'NONE', *, *, #570, .T. ) ;
#2728 = ORIENTED_EDGE ( 'NONE', *, *, #652, .F. ) ;
#2729 = CIRCLE ( 'NONE', #1226, 5.500000000000001776 ) ;
#2730 = FACE_OUTER_BOUND ( 'NONE', #3157, .T. ) ;
#2731 = VECTOR ( 'NONE', #2441, 1000.000000000000000 ) ;
#2732 = DIRECTION ( 'NONE',  ( -4.336808689942013792E-16, 0.000000000000000000, -1.000000000000000000 ) ) ;
#2733 = EDGE_CURVE ( 'NONE', #1364, #2568, #2735, .T. ) ;
#2734 = EDGE_CURVE ( 'NONE', #1903, #3295, #2273, .T. ) ;
#2735 = CIRCLE ( 'NONE', #3392, 1.000000000000000888 ) ;
#2736 = LINE ( 'NONE', #2526, #2492 ) ;
#2737 = CARTESIAN_POINT ( 'NONE',  ( -20.49999999999999645, 14.00000000000000000, -8.000000000000014211 ) ) ;
#2738 = VECTOR ( 'NONE', #3379, 1000.000000000000000 ) ;
#2739 = ORIENTED_EDGE ( 'NONE', *, *, #3261, .F. ) ;
#2740 = CARTESIAN_POINT ( 'NONE',  ( -8.999999999999984013, 12.00000000000000000, 19.50000000000000000 ) ) ;
#2741 = LINE ( 'NONE', #2719, #1900 ) ;
#2742 = CARTESIAN_POINT ( 'NONE',  ( -24.99999999999999289, 11.00000000000000355, -24.99999999999999645 ) ) ;
#2743 = ORIENTED_EDGE ( 'NONE', *, *, #2091, .F. ) ;
#2744 = VERTEX_POINT ( 'NONE', #3333 ) ;
#2745 = DIRECTION ( 'NONE',  ( 0.000000000000000000, -1.000000000000000000, -0.000000000000000000 ) ) ;
#2746 = FACE_OUTER_BOUND ( 'NONE', #1851, .T. ) ;
#2747 = ORIENTED_EDGE ( 'NONE', *, *, #2874, .T. ) ;
#2748 = CARTESIAN_POINT ( 'NONE',  ( -7.999999999999983125, 14.00000000000000000, -16.49999999999999289 ) ) ;
#2749 = FACE_OUTER_BOUND ( 'NONE', #2001, .T. ) ;
#2750 = CARTESIAN_POINT ( 'NONE',  ( 17.49999999999999289, 19.00000000000000000, -8.000000000000014211 ) ) ;
#2751 = DIRECTION ( 'NONE',  ( 0.000000000000000000, 0.000000000000000000, 1.000000000000000000 ) ) ;
#2752 = EDGE_CURVE ( 'NONE', #1773, #3220, #1956, .T. ) ;
#2753 = DIRECTION ( 'NONE',  ( 0.000000000000000000, 1.000000000000000000, -0.000000000000000000 ) ) ;
#2754 = CIRCLE ( 'NONE', #1249, 3.000000000000000888 ) ;
#2755 = FACE_BOUND ( 'NONE', #3249, .T. ) ;
#2756 = DIRECTION ( 'NONE',  ( -0.000000000000000000, -1.000000000000000000, -0.000000000000000000 ) ) ;
#2757 = EDGE_LOOP ( 'NONE', ( #2706, #1320, #2593, #2491 ) ) ;
#2758 = CARTESIAN_POINT ( 'NONE',  ( 0.000000000000000000, 12.00000000000000000, 0.9999999999999991118 ) ) ;
#2759 = CARTESIAN_POINT ( 'NONE',  ( 0.000000000000000000, 9.500000000000000000, -6.000000000000000000 ) ) ;
#2760 = ORIENTED_EDGE ( 'NONE', *, *, #970, .F. ) ;
#2761 = CARTESIAN_POINT ( 'NONE',  ( -16.49999999999999289, 19.00000000000000000, -9.000000000000015987 ) ) ;
#2762 = DIRECTION ( 'NONE',  ( 0.000000000000000000, 1.000000000000000000, -0.000000000000000000 ) ) ;
#2763 = DIRECTION ( 'NONE',  ( 0.000000000000000000, 0.000000000000000000, 1.000000000000000000 ) ) ;
#2764 = DIRECTION ( 'NONE',  ( 0.000000000000000000, -1.000000000000000000, 0.000000000000000000 ) ) ;
#2765 = VECTOR ( 'NONE', #594, 1000.000000000000000 ) ;
#2766 = FACE_OUTER_BOUND ( 'NONE', #394, .T. ) ;
#2767 = CYLINDRICAL_SURFACE ( 'NONE', #470, 1.500000000000001332 ) ;
#2768 = ORIENTED_EDGE ( 'NONE', *, *, #254, .T. ) ;
#2769 = EDGE_CURVE ( 'NONE', #1993, #3121, #3224, .T. ) ;
#2770 = EDGE_CURVE ( 'NONE', #3321, #980, #3063, .T. ) ;
#2771 = CARTESIAN_POINT ( 'NONE',  ( 9.000000000000014211, 14.00000000000000000, -17.49999999999999289 ) ) ;
#2772 = CARTESIAN_POINT ( 'NONE',  ( 16.49999999999998934, 12.00000000000000000, 7.999999999999983125 ) ) ;
#2773 = ORIENTED_EDGE ( 'NONE', *, *, #1496, .F. ) ;
#2774 = AXIS2_PLACEMENT_3D ( 'NONE', #3277, #1417, #1962 ) ;
#2775 = AXIS2_PLACEMENT_3D ( 'NONE', #646, #126, #1180 ) ;
#2776 = PLANE ( 'NONE',  #2413 ) ;
#2777 = CARTESIAN_POINT ( 'NONE',  ( -16.50000000000000000, 12.00000000000000000, -16.49999999999999289 ) ) ;
#2778 = VECTOR ( 'NONE', #1147, 1000.000000000000000 ) ;
#2779 = CIRCLE ( 'NONE', #1284, 2.000000000000001776 ) ;
#2780 = FACE_BOUND ( 'NONE', #3418, .T. ) ;
#2781 = ORIENTED_EDGE ( 'NONE', *, *, #3300, .F. ) ;
#2782 = AXIS2_PLACEMENT_3D ( 'NONE', #1037, #3401, #3127 ) ;
#2783 = EDGE_LOOP ( 'NONE', ( #821, #600, #92, #234 ) ) ;
#2784 = CYLINDRICAL_SURFACE ( 'NONE', #1115, 2.999999999999999112 ) ;
#2785 = CARTESIAN_POINT ( 'NONE',  ( 15.50000000000000178, 12.00000000000000000, -15.50000000000000000 ) ) ;
#2786 = DIRECTION ( 'NONE',  ( 0.000000000000000000, -0.000000000000000000, 1.000000000000000000 ) ) ;
#2787 = ORIENTED_EDGE ( 'NONE', *, *, #273, .T. ) ;
#2788 = DIRECTION ( 'NONE',  ( 0.000000000000000000, -1.000000000000000000, 0.000000000000000000 ) ) ;
#2789 = CARTESIAN_POINT ( 'NONE',  ( 15.50000000000000178, 7.000000000000000000, 15.50000000000000000 ) ) ;
#2790 = ORIENTED_EDGE ( 'NONE', *, *, #761, .T. ) ;
#2791 = EDGE_CURVE ( 'NONE', #2304, #3159, #983, .T. ) ;
#2792 = EDGE_CURVE ( 'NONE', #3212, #2626, #1614, .T. ) ;
#2793 = CYLINDRICAL_SURFACE ( 'NONE', #2090, 1.000000000000000888 ) ;
#2794 = CARTESIAN_POINT ( 'NONE',  ( 0.000000000000000000, 9.500000000000000000, 6.000000000000000000 ) ) ;
#2795 = CARTESIAN_POINT ( 'NONE',  ( 15.50000000000000178, 12.00000000000000000, 15.50000000000000000 ) ) ;
#2796 = APPLICATION_CONTEXT ( 'automotive_design' ) ;
#2797 = PLANE ( 'NONE',  #903 ) ;
#2798 = ORIENTED_EDGE ( 'NONE', *, *, #1594, .T. ) ;
#2799 = ORIENTED_EDGE ( 'NONE', *, *, #3042, .F. ) ;
#2800 = VERTEX_POINT ( 'NONE', #2050 ) ;
#2801 = DIRECTION ( 'NONE',  ( 0.000000000000000000, 0.000000000000000000, 1.000000000000000000 ) ) ;
#2802 = CYLINDRICAL_SURFACE ( 'NONE', #5, 2.999999999999999112 ) ;
#2803 = ORIENTED_EDGE ( 'NONE', *, *, #616, .F. ) ;
#2804 = CARTESIAN_POINT ( 'NONE',  ( 8.000000000000014211, 14.00000000000000000, -20.49999999999998934 ) ) ;
#2805 = DIRECTION ( 'NONE',  ( 0.000000000000000000, 0.000000000000000000, -1.000000000000000000 ) ) ;
#2806 = ORIENTED_EDGE ( 'NONE', *, *, #870, .T. ) ;
#2807 = DIRECTION ( 'NONE',  ( 0.000000000000000000, -0.000000000000000000, -1.000000000000000000 ) ) ;
#2808 = ORIENTED_EDGE ( 'NONE', *, *, #336, .T. ) ;
#2809 = CARTESIAN_POINT ( 'NONE',  ( -15.50000000000000178, 12.00000000000000000, 15.49999999999999289 ) ) ;
#2810 = ADVANCED_FACE ( 'NONE', ( #3109 ), #2242, .T. ) ;
#2811 = EDGE_CURVE ( 'NONE', #973, #314, #1904, .T. ) ;
#2812 = ORIENTED_EDGE ( 'NONE', *, *, #183, .F. ) ;
#2813 = DIRECTION ( 'NONE',  ( -0.000000000000000000, -0.000000000000000000, -1.000000000000000000 ) ) ;
#2814 = DIRECTION ( 'NONE',  ( 0.000000000000000000, 0.000000000000000000, -1.000000000000000000 ) ) ;
#2815 = CYLINDRICAL_SURFACE ( 'NONE', #1954, 1.500000000000001332 ) ;
#2816 = AXIS2_PLACEMENT_3D ( 'NONE', #2125, #2408, #1062 ) ;
#2817 = DIRECTION ( 'NONE',  ( 0.000000000000000000, 0.000000000000000000, -1.000000000000000000 ) ) ;
#2818 = DIRECTION ( 'NONE',  ( -0.000000000000000000, -1.000000000000000000, 0.000000000000000000 ) ) ;
#2819 = EDGE_LOOP ( 'NONE', ( #3035, #3400, #2691, #817 ) ) ;
#2820 = VERTEX_POINT ( 'NONE', #1984 ) ;
#2821 = FILL_AREA_STYLE ('',( #1769 ) ) ;
#2822 = VECTOR ( 'NONE', #82, 1000.000000000000000 ) ;
#2823 = CARTESIAN_POINT ( 'NONE',  ( 16.50000000000000000, 12.00000000000000000, -22.49999999999999289 ) ) ;
#2824 = LINE ( 'NONE', #2014, #134 ) ;
#2825 = ORIENTED_EDGE ( 'NONE', *, *, #1882, .T. ) ;
#2826 = AXIS2_PLACEMENT_3D ( 'NONE', #1944, #2197, #885 ) ;
#2827 = CIRCLE ( 'NONE', #1723, 1.000000000000000888 ) ;
#2828 = ORIENTED_EDGE ( 'NONE', *, *, #1983, .T. ) ;
#2829 = AXIS2_PLACEMENT_3D ( 'NONE', #297, #2667, #3215 ) ;
#2830 = DIRECTION ( 'NONE',  ( 0.000000000000000000, 0.000000000000000000, 1.000000000000000000 ) ) ;
#2831 = EDGE_LOOP ( 'NONE', ( #40, #3315, #2639, #3246, #2305, #2180 ) ) ;
#2832 = ADVANCED_FACE ( 'NONE', ( #3038 ), #669, .F. ) ;
#2833 = EDGE_CURVE ( 'NONE', #3230, #2923, #1303, .T. ) ;
#2834 = ORIENTED_EDGE ( 'NONE', *, *, #183, .T. ) ;
#2835 = ORIENTED_EDGE ( 'NONE', *, *, #2026, .T. ) ;
#2836 = CIRCLE ( 'NONE', #2060, 1.000000000000000888 ) ;
#2837 = LINE ( 'NONE', #471, #1168 ) ;
#2838 = LINE ( 'NONE', #2308, #2893 ) ;
#2839 = CIRCLE ( 'NONE', #1178, 1.500000000000001332 ) ;
#2840 = CIRCLE ( 'NONE', #77, 0.9999999999999991118 ) ;
#2841 = DIRECTION ( 'NONE',  ( -0.000000000000000000, 1.000000000000000000, 0.000000000000000000 ) ) ;
#2842 = FACE_OUTER_BOUND ( 'NONE', #1686, .T. ) ;
#2843 = VERTEX_POINT ( 'NONE', #2120 ) ;
#2844 = ORIENTED_EDGE ( 'NONE', *, *, #2172, .T. ) ;
#2845 = CARTESIAN_POINT ( 'NONE',  ( 25.00000000000000711, 11.00000000000000000, 25.00000000000001066 ) ) ;
#2846 = CARTESIAN_POINT ( 'NONE',  ( 0.000000000000000000, 9.500000000000000000, 6.000000000000000000 ) ) ;
#2847 = DIRECTION ( 'NONE',  ( 0.000000000000000000, -1.000000000000000000, 0.000000000000000000 ) ) ;
#2848 = AXIS2_PLACEMENT_3D ( 'NONE', #1896, #578, #1629 ) ;
#2849 = EDGE_LOOP ( 'NONE', ( #3351, #1229, #690, #1644 ) ) ;
#2850 = CARTESIAN_POINT ( 'NONE',  ( -15.49999999999999822, 7.000000000000000000, -15.50000000000000178 ) ) ;
#2851 = ORIENTED_EDGE ( 'NONE', *, *, #1325, .T. ) ;
#2852 = VERTEX_POINT ( 'NONE', #517 ) ;
#2853 = EDGE_CURVE ( 'NONE', #1039, #1744, #411, .T. ) ;
#2854 = EDGE_CURVE ( 'NONE', #3414, #1964, #850, .T. ) ;
#2855 = CYLINDRICAL_SURFACE ( 'NONE', #838, 1.000000000000000888 ) ;
#2856 = CARTESIAN_POINT ( 'NONE',  ( -15.49999999999999822, 7.000000000000000000, -12.50000000000000000 ) ) ;
#2857 = VERTEX_POINT ( 'NONE', #233 ) ;
#2858 = EDGE_CURVE ( 'NONE', #518, #285, #2354, .T. ) ;
#2859 = EDGE_CURVE ( 'NONE', #2744, #25, #3335, .T. ) ;
#2860 = CYLINDRICAL_SURFACE ( 'NONE', #1270, 3.000000000000000888 ) ;
#2861 = CARTESIAN_POINT ( 'NONE',  ( -8.999999999999984013, 19.00000000000000000, 16.50000000000000000 ) ) ;
#2862 = ORIENTED_EDGE ( 'NONE', *, *, #547, .F. ) ;
#2863 = CARTESIAN_POINT ( 'NONE',  ( 8.000000000000014211, 12.00000000000000000, 20.50000000000000355 ) ) ;
#2864 = CARTESIAN_POINT ( 'NONE',  ( 30.00000000000000000, 0.000000000000000000, -30.00000000000000000 ) ) ;
#2865 = ORIENTED_EDGE ( 'NONE', *, *, #1024, .T. ) ;
#2866 = FACE_BOUND ( 'NONE', #3200, .T. ) ;
#2867 = ORIENTED_EDGE ( 'NONE', *, *, #255, .F. ) ;
#2868 = CARTESIAN_POINT ( 'NONE',  ( -29.99999999999998579, 14.00000000000000000, -30.00000000000001066 ) ) ;
#2869 = DIRECTION ( 'NONE',  ( 1.000000000000000000, -0.000000000000000000, 1.927470528863119049E-16 ) ) ;
#2870 = CARTESIAN_POINT ( 'NONE',  ( 0.000000000000000000, 9.500000000000000000, -6.000000000000000000 ) ) ;
#2871 = DIRECTION ( 'NONE',  ( -1.000000000000000000, 0.000000000000000000, 0.000000000000000000 ) ) ;
#2872 = EDGE_LOOP ( 'NONE', ( #695, #2985, #2925, #3182 ) ) ;
#2873 = VERTEX_POINT ( 'NONE', #2340 ) ;
#2874 = EDGE_CURVE ( 'NONE', #2602, #2517, #2839, .T. ) ;
#2875 = ADVANCED_FACE ( 'NONE', ( #1053 ), #21, .T. ) ;
#2876 = AXIS2_PLACEMENT_3D ( 'NONE', #1467, #2522, #156 ) ;
#2877 = SURFACE_SIDE_STYLE ('',( #460 ) ) ;
#2878 = LINE ( 'NONE', #191, #3431 ) ;
#2879 = CIRCLE ( 'NONE', #1376, 5.500000000000001776 ) ;
#2880 = LINE ( 'NONE', #3413, #241 ) ;
#2881 = ORIENTED_EDGE ( 'NONE', *, *, #1883, .T. ) ;
#2882 = AXIS2_PLACEMENT_3D ( 'NONE', #511, #3412, #1555 ) ;
#2883 = DIRECTION ( 'NONE',  ( 0.000000000000000000, 1.000000000000000000, -0.000000000000000000 ) ) ;
#2884 = ORIENTED_EDGE ( 'NONE', *, *, #3340, .T. ) ;
#2885 = VECTOR ( 'NONE', #1978, 1000.000000000000000 ) ;
#2886 = ORIENTED_EDGE ( 'NONE', *, *, #2449, .T. ) ;
#2887 = ORIENTED_EDGE ( 'NONE', *, *, #760, .T. ) ;
#2888 = AXIS2_PLACEMENT_3D ( 'NONE', #1504, #2818, #991 ) ;
#2889 = DIRECTION ( 'NONE',  ( 0.000000000000000000, -1.000000000000000000, 0.000000000000000000 ) ) ;
#2890 = LINE ( 'NONE', #1854, #291 ) ;
#2891 = AXIS2_PLACEMENT_3D ( 'NONE', #2139, #2683, #46 ) ;
#2892 = DIRECTION ( 'NONE',  ( 0.000000000000000000, 1.000000000000000000, 0.000000000000000000 ) ) ;
#2893 = VECTOR ( 'NONE', #474, 1000.000000000000000 ) ;
#2894 = PLANE ( 'NONE',  #1334 ) ;
#2895 = CARTESIAN_POINT ( 'NONE',  ( -8.999999999999984013, 14.00000000000000000, 17.50000000000000000 ) ) ;
#2896 = ADVANCED_FACE ( 'NONE', ( #2370 ), #3385, .F. ) ;
#2897 = ADVANCED_FACE ( 'NONE', ( #1866 ), #3189, .F. ) ;
#2898 = DIRECTION ( 'NONE',  ( 0.000000000000000000, -1.000000000000000000, -0.000000000000000000 ) ) ;
#2899 = CIRCLE ( 'NONE', #1852, 5.999999999999998224 ) ;
#2900 = VERTEX_POINT ( 'NONE', #2101 ) ;
#2901 = CARTESIAN_POINT ( 'NONE',  ( -15.50000000000000178, 9.500000000000000000, 18.49999999999999645 ) ) ;
#2902 = ORIENTED_EDGE ( 'NONE', *, *, #1645, .F. ) ;
#2903 = EDGE_LOOP ( 'NONE', ( #2145, #319, #2038, #1047 ) ) ;
#2904 = LINE ( 'NONE', #23, #1274 ) ;
#2905 = DIRECTION ( 'NONE',  ( 0.000000000000000000, 0.000000000000000000, 1.000000000000000000 ) ) ;
#2906 = LINE ( 'NONE', #765, #2208 ) ;
#2907 = CARTESIAN_POINT ( 'NONE',  ( -15.50000000000000178, 7.000000000000000000, 18.49999999999999645 ) ) ;
#2908 = EDGE_LOOP ( 'NONE', ( #444, #2524, #1477, #1986 ) ) ;
#2909 = ORIENTED_EDGE ( 'NONE', *, *, #1286, .T. ) ;
#2910 = CARTESIAN_POINT ( 'NONE',  ( 8.000000000000014211, 14.00000000000000000, 19.50000000000000355 ) ) ;
#2911 = DIRECTION ( 'NONE',  ( 1.000000000000000000, 0.000000000000000000, 1.734723475976807587E-16 ) ) ;
#2912 = VERTEX_POINT ( 'NONE', #2901 ) ;
#2913 = DIRECTION ( 'NONE',  ( -0.000000000000000000, -1.000000000000000000, -0.000000000000000000 ) ) ;
#2914 = VERTEX_POINT ( 'NONE', #774 ) ;
#2915 = ADVANCED_FACE ( 'NONE', ( #2321, #2866 ), #2929, .T. ) ;
#2916 = ADVANCED_FACE ( 'NONE', ( #794 ), #2386, .F. ) ;
#2917 = FACE_OUTER_BOUND ( 'NONE', #1735, .T. ) ;
#2918 = CARTESIAN_POINT ( 'NONE',  ( 8.000000000000014211, 14.00000000000000000, 17.50000000000000000 ) ) ;
#2919 = CIRCLE ( 'NONE', #3242, 1.000000000000000888 ) ;
#2920 = ORIENTED_EDGE ( 'NONE', *, *, #1844, .T. ) ;
#2921 = CARTESIAN_POINT ( 'NONE',  ( -17.49999999999999645, 12.00000000000000000, -9.000000000000015987 ) ) ;
#2922 = FACE_OUTER_BOUND ( 'NONE', #2319, .T. ) ;
#2923 = VERTEX_POINT ( 'NONE', #1827 ) ;
#2924 = DIRECTION ( 'NONE',  ( 0.000000000000000000, 0.000000000000000000, -1.000000000000000000 ) ) ;
#2925 = ORIENTED_EDGE ( 'NONE', *, *, #785, .T. ) ;
#2926 = CYLINDRICAL_SURFACE ( 'NONE', #587, 1.000000000000000000 ) ;
#2927 = CARTESIAN_POINT ( 'NONE',  ( 0.000000000000000000, 9.500000000000000000, 6.000000000000000000 ) ) ;
#2928 = CIRCLE ( 'NONE', #3427, 1.500000000000001332 ) ;
#2929 = PLANE ( 'NONE',  #132 ) ;
#2930 = ORIENTED_EDGE ( 'NONE', *, *, #250, .T. ) ;
#2931 = ORIENTED_EDGE ( 'NONE', *, *, #1310, .T. ) ;
#2932 = AXIS2_PLACEMENT_3D ( 'NONE', #1003, #2056, #3114 ) ;
#2933 = DIRECTION ( 'NONE',  ( -0.000000000000000000, -1.000000000000000000, -0.000000000000000000 ) ) ;
#2934 = AXIS2_PLACEMENT_3D ( 'NONE', #1473, #619, #1370 ) ;
#2935 = EDGE_CURVE ( 'NONE', #1798, #298, #3285, .T. ) ;
#2936 = ADVANCED_FACE ( 'NONE', ( #560 ), #532, .F. ) ;
#2937 = LINE ( 'NONE', #2375, #3332 ) ;
#2938 = ORIENTED_EDGE ( 'NONE', *, *, #824, .F. ) ;
#2939 = AXIS2_PLACEMENT_3D ( 'NONE', #1992, #3051, #681 ) ;
#2940 = AXIS2_PLACEMENT_3D ( 'NONE', #2079, #3136, #2525 ) ;
#2941 = FACE_OUTER_BOUND ( 'NONE', #3306, .T. ) ;
#2942 = CYLINDRICAL_SURFACE ( 'NONE', #1389, 3.000000000000002665 ) ;
#2943 = AXIS2_PLACEMENT_3D ( 'NONE', #12, #2963, #1857 ) ;
#2944 = ORIENTED_EDGE ( 'NONE', *, *, #320, .T. ) ;
#2945 = DIRECTION ( 'NONE',  ( 1.000000000000000000, 0.000000000000000000, 1.927470528863119049E-16 ) ) ;
#2946 = EDGE_LOOP ( 'NONE', ( #670, #1589 ) ) ;
#2947 = AXIS2_PLACEMENT_3D ( 'NONE', #1542, #827, #1885 ) ;
#2948 = DIRECTION ( 'NONE',  ( -1.000000000000000000, 0.000000000000000000, -2.312964634635742957E-16 ) ) ;
#2949 = CARTESIAN_POINT ( 'NONE',  ( -15.50000000000000178, 12.00000000000000000, 15.49999999999999289 ) ) ;
#2950 = ORIENTED_EDGE ( 'NONE', *, *, #3172, .F. ) ;
#2951 = AXIS2_PLACEMENT_3D ( 'NONE', #2401, #79, #1169 ) ;
#2952 = VERTEX_POINT ( 'NONE', #545 ) ;
#2953 = VECTOR ( 'NONE', #3330, 1000.000000000000000 ) ;
#2954 = CARTESIAN_POINT ( 'NONE',  ( 25.00000000000000711, 14.00000000000000000, -21.99999999999999289 ) ) ;
#2955 = ORIENTED_EDGE ( 'NONE', *, *, #255, .T. ) ;
#2956 = PRODUCT_DEFINITION_FORMATION_WITH_SPECIFIED_SOURCE ( 'ANY', '', #1756, .NOT_KNOWN. ) ;
#2957 = DIRECTION ( 'NONE',  ( 0.000000000000000000, -1.000000000000000000, 0.000000000000000000 ) ) ;
#2958 = DIRECTION ( 'NONE',  ( 0.000000000000000000, 0.000000000000000000, -1.000000000000000000 ) ) ;
#2959 = ORIENTED_EDGE ( 'NONE', *, *, #1144, .F. ) ;
#2960 = EDGE_CURVE ( 'NONE', #2609, #1750, #239, .T. ) ;
#2961 = ADVANCED_FACE ( 'NONE', ( #2478 ), #1902, .F. ) ;
#2962 = DIRECTION ( 'NONE',  ( 0.000000000000000000, -1.000000000000000000, 0.000000000000000000 ) ) ;
#2963 = DIRECTION ( 'NONE',  ( 0.000000000000000000, 1.000000000000000000, -0.000000000000000000 ) ) ;
#2964 = ORIENTED_EDGE ( 'NONE', *, *, #472, .F. ) ;
#2965 = CARTESIAN_POINT ( 'NONE',  ( 16.49999999999998934, 14.00000000000000000, 0.000000000000000000 ) ) ;
#2966 = ADVANCED_FACE ( 'NONE', ( #360 ), #685, .F. ) ;
#2967 = ORIENTED_EDGE ( 'NONE', *, *, #2196, .T. ) ;
#2968 = EDGE_CURVE ( 'NONE', #1933, #1304, #2501, .T. ) ;
#2969 = CARTESIAN_POINT ( 'NONE',  ( -24.99999999999999289, -28.00000000000001776, 23.50000000000001776 ) ) ;
#2970 = CARTESIAN_POINT ( 'NONE',  ( -8.999999999999984013, 14.00000000000000000, 19.50000000000000000 ) ) ;
#2971 = EDGE_LOOP ( 'NONE', ( #607, #1462, #1578, #435, #1337, #3003, #2458, #561 ) ) ;
#2972 = FACE_OUTER_BOUND ( 'NONE', #2195, .T. ) ;
#2973 = ORIENTED_EDGE ( 'NONE', *, *, #426, .F. ) ;
#2974 = CIRCLE ( 'NONE', #381, 1.000000000000000888 ) ;
#2975 = DIRECTION ( 'NONE',  ( 0.000000000000000000, 1.000000000000000000, 0.000000000000000000 ) ) ;
#2976 = DIRECTION ( 'NONE',  ( 0.000000000000000000, -1.000000000000000000, 0.000000000000000000 ) ) ;
#2977 = ORIENTED_EDGE ( 'NONE', *, *, #1431, .F. ) ;
#2978 = CARTESIAN_POINT ( 'NONE',  ( 3.903127820947800974E-15, 14.00000000000000000, 8.999999999999975131 ) ) ;
#2979 = CARTESIAN_POINT ( 'NONE',  ( 0.000000000000000000, 12.00000000000000000, 6.000000000000000000 ) ) ;
#2980 = VERTEX_POINT ( 'NONE', #2954 ) ;
#2981 = CIRCLE ( 'NONE', #448, 2.499999999999998668 ) ;
#2982 = ORIENTED_EDGE ( 'NONE', *, *, #1476, .T. ) ;
#2983 = CYLINDRICAL_SURFACE ( 'NONE', #2153, 2.000000000000001776 ) ;
#2984 = FACE_OUTER_BOUND ( 'NONE', #2041, .T. ) ;
#2985 = ORIENTED_EDGE ( 'NONE', *, *, #2400, .F. ) ;
#2986 = ADVANCED_FACE ( 'NONE', ( #2972 ), #617, .F. ) ;
#2987 = EDGE_CURVE ( 'NONE', #563, #2873, #2008, .T. ) ;
#2988 = FACE_OUTER_BOUND ( 'NONE', #1289, .T. ) ;
#2989 = DIRECTION ( 'NONE',  ( 0.000000000000000000, -1.000000000000000000, -0.000000000000000000 ) ) ;
#2990 = AXIS2_PLACEMENT_3D ( 'NONE', #2434, #2745, #871 ) ;
#2991 = DIRECTION ( 'NONE',  ( 0.000000000000000000, 0.000000000000000000, -1.000000000000000000 ) ) ;
#2992 = DIRECTION ( 'NONE',  ( -1.000000000000000000, 0.000000000000000000, 0.000000000000000000 ) ) ;
#2993 = VECTOR ( 'NONE', #2155, 1000.000000000000000 ) ;
#2994 = EDGE_LOOP ( 'NONE', ( #2627, #323, #611, #2944 ) ) ;
#2995 = AXIS2_PLACEMENT_3D ( 'NONE', #1245, #2064, #3137 ) ;
#2996 = FACE_BOUND ( 'NONE', #3139, .T. ) ;
#2997 = CARTESIAN_POINT ( 'NONE',  ( 9.000000000000014211, 19.00000000000000000, -16.49999999999998934 ) ) ;
#2998 = VERTEX_POINT ( 'NONE', #113 ) ;
#2999 = EDGE_LOOP ( 'NONE', ( #1591, #1760, #1466, #2420 ) ) ;
#3000 = CARTESIAN_POINT ( 'NONE',  ( -24.99999999999999289, 14.00000000000000000, -28.00000000000000000 ) ) ;
#3001 = AXIS2_PLACEMENT_3D ( 'NONE', #1160, #3273, #1395 ) ;
#3002 = LINE ( 'NONE', #631, #3275 ) ;
#3003 = ORIENTED_EDGE ( 'NONE', *, *, #2665, .T. ) ;
#3004 = AXIS2_PLACEMENT_3D ( 'NONE', #639, #621, #1678 ) ;
#3005 = ADVANCED_FACE ( 'NONE', ( #56 ), #3226, .F. ) ;
#3006 = EDGE_CURVE ( 'NONE', #2051, #1430, #97, .T. ) ;
#3007 = CARTESIAN_POINT ( 'NONE',  ( 25.00000000000000711, 0.000000000000000000, 25.00000000000001066 ) ) ;
#3008 = AXIS2_PLACEMENT_3D ( 'NONE', #2068, #1084, #266 ) ;
#3009 = CARTESIAN_POINT ( 'NONE',  ( 0.000000000000000000, 13.50000000000000000, 4.500000000000000000 ) ) ;
#3010 = DIRECTION ( 'NONE',  ( 0.000000000000000000, -1.000000000000000000, -0.000000000000000000 ) ) ;
#3011 = AXIS2_PLACEMENT_3D ( 'NONE', #1465, #398, #2786 ) ;
#3012 = CARTESIAN_POINT ( 'NONE',  ( 15.50000000000000178, 12.00000000000000000, -15.50000000000000000 ) ) ;
#3013 = ORIENTED_EDGE ( 'NONE', *, *, #696, .T. ) ;
#3014 = VERTEX_POINT ( 'NONE', #337 ) ;
#3015 = DIRECTION ( 'NONE',  ( 0.000000000000000000, 0.000000000000000000, 1.000000000000000000 ) ) ;
#3016 = CARTESIAN_POINT ( 'NONE',  ( -7.999999999999983125, 12.00000000000000000, -17.49999999999999645 ) ) ;
#3017 = LINE ( 'NONE', #643, #1958 ) ;
#3018 = EDGE_LOOP ( 'NONE', ( #533, #3426 ) ) ;
#3019 = LINE ( 'NONE', #1977, #1603 ) ;
#3020 = CARTESIAN_POINT ( 'NONE',  ( 15.50000000000000178, 7.000000000000000000, -18.50000000000000000 ) ) ;
#3021 = ORIENTED_EDGE ( 'NONE', *, *, #2315, .F. ) ;
#3022 = CARTESIAN_POINT ( 'NONE',  ( -16.49999999999998224, 12.00000000000000000, 22.49999999999999645 ) ) ;
#3023 = DIRECTION ( 'NONE',  ( 0.000000000000000000, 1.000000000000000000, -0.000000000000000000 ) ) ;
#3024 = EDGE_LOOP ( 'NONE', ( #1881, #2054, #2909, #415 ) ) ;
#3025 = DIRECTION ( 'NONE',  ( -0.000000000000000000, 1.000000000000000000, -0.000000000000000000 ) ) ;
#3026 = ADVANCED_FACE ( 'NONE', ( #1117 ), #2167, .F. ) ;
#3027 = ADVANCED_FACE ( 'NONE', ( #3286, #1383 ), #913, .T. ) ;
#3028 = EDGE_LOOP ( 'NONE', ( #3142, #1254, #1189, #2071 ) ) ;
#3029 = CARTESIAN_POINT ( 'NONE',  ( 8.000000000000014211, 14.00000000000000000, 20.50000000000000000 ) ) ;
#3030 = CARTESIAN_POINT ( 'NONE',  ( -22.50000000000000000, 0.000000000000000000, -22.49999999999999289 ) ) ;
#3031 = DIRECTION ( 'NONE',  ( -0.000000000000000000, -1.000000000000000000, -0.000000000000000000 ) ) ;
#3032 = VERTEX_POINT ( 'NONE', #582 ) ;
#3033 = FACE_OUTER_BOUND ( 'NONE', #1006, .T. ) ;
#3034 = CARTESIAN_POINT ( 'NONE',  ( 25.00000000000000711, 14.00000000000000000, 29.99999999999998579 ) ) ;
#3035 = ORIENTED_EDGE ( 'NONE', *, *, #2236, .F. ) ;
#3036 = CARTESIAN_POINT ( 'NONE',  ( 0.000000000000000000, 9.500000000000000000, -6.000000000000000000 ) ) ;
#3037 = CARTESIAN_POINT ( 'NONE',  ( -8.999999999999984013, 14.00000000000000000, -19.49999999999999289 ) ) ;
#3038 = FACE_OUTER_BOUND ( 'NONE', #1038, .T. ) ;
#3039 = ORIENTED_EDGE ( 'NONE', *, *, #3283, .F. ) ;
#3040 = ORIENTED_EDGE ( 'NONE', *, *, #3041, .T. ) ;
#3041 = EDGE_CURVE ( 'NONE', #2517, #1039, #840, .T. ) ;
#3042 = EDGE_CURVE ( 'NONE', #1714, #2053, #1680, .T. ) ;
#3043 = DIRECTION ( 'NONE',  ( 0.000000000000000000, 0.000000000000000000, 1.000000000000000000 ) ) ;
#3044 = CIRCLE ( 'NONE', #1539, 1.000000000000000888 ) ;
#3045 = DIRECTION ( 'NONE',  ( -1.927470528863119049E-16, 0.000000000000000000, 1.000000000000000000 ) ) ;
#3046 = CARTESIAN_POINT ( 'NONE',  ( 0.000000000000000000, 9.500000000000000000, 6.000000000000000000 ) ) ;
#3047 = ORIENTED_EDGE ( 'NONE', *, *, #2791, .F. ) ;
#3048 = AXIS2_PLACEMENT_3D ( 'NONE', #7, #1540, #2326 ) ;
#3049 = EDGE_CURVE ( 'NONE', #416, #1002, #1155, .T. ) ;
#3050 = CARTESIAN_POINT ( 'NONE',  ( 0.000000000000000000, 9.500000000000000000, -7.500000000000000888 ) ) ;
#3051 = DIRECTION ( 'NONE',  ( 0.000000000000000000, -1.000000000000000000, 0.000000000000000000 ) ) ;
#3052 = ORIENTED_EDGE ( 'NONE', *, *, #3402, .T. ) ;
#3053 = AXIS2_PLACEMENT_3D ( 'NONE', #2659, #497, #1338 ) ;
#3054 = VECTOR ( 'NONE', #1932, 1000.000000000000000 ) ;
#3055 = FACE_OUTER_BOUND ( 'NONE', #218, .T. ) ;
#3056 = DIRECTION ( 'NONE',  ( 0.000000000000000000, 1.000000000000000000, 0.000000000000000000 ) ) ;
#3057 = CARTESIAN_POINT ( 'NONE',  ( -24.99999999999999289, -28.00000000000001776, 25.00000000000001776 ) ) ;
#3058 = AXIS2_PLACEMENT_3D ( 'NONE', #2632, #1312, #1328 ) ;
#3059 = AXIS2_PLACEMENT_3D ( 'NONE', #1565, #3132, #8 ) ;
#3060 = FACE_BOUND ( 'NONE', #2971, .T. ) ;
#3061 = ORIENTED_EDGE ( 'NONE', *, *, #60, .F. ) ;
#3062 = VERTEX_POINT ( 'NONE', #893 ) ;
#3063 = CIRCLE ( 'NONE', #180, 5.500000000000000000 ) ;
#3064 = ORIENTED_EDGE ( 'NONE', *, *, #1669, .T. ) ;
#3065 = DIRECTION ( 'NONE',  ( 0.000000000000000000, 0.000000000000000000, -1.000000000000000000 ) ) ;
#3066 = VECTOR ( 'NONE', #3138, 1000.000000000000000 ) ;
#3067 = FACE_BOUND ( 'NONE', #1064, .T. ) ;
#3068 = EDGE_CURVE ( 'NONE', #3062, #1501, #1952, .T. ) ;
#3069 = LINE ( 'NONE', #2804, #334 ) ;
#3070 = DIRECTION ( 'NONE',  ( 0.000000000000000000, 0.000000000000000000, -1.000000000000000000 ) ) ;
#3071 = EDGE_LOOP ( 'NONE', ( #1562, #1549 ) ) ;
#3072 = EDGE_CURVE ( 'NONE', #3014, #2243, #636, .T. ) ;
#3073 = EDGE_CURVE ( 'NONE', #1486, #818, #2840, .T. ) ;
#3074 = DIRECTION ( 'NONE',  ( 0.000000000000000000, -1.000000000000000000, 0.000000000000000000 ) ) ;
#3075 = DIRECTION ( 'NONE',  ( 0.000000000000000000, 0.000000000000000000, -1.000000000000000000 ) ) ;
#3076 = CYLINDRICAL_SURFACE ( 'NONE', #2618, 1.500000000000001332 ) ;
#3077 = ORIENTED_EDGE ( 'NONE', *, *, #2130, .F. ) ;
#3078 = DIRECTION ( 'NONE',  ( 0.000000000000000000, 0.000000000000000000, -1.000000000000000000 ) ) ;
#3079 = CARTESIAN_POINT ( 'NONE',  ( 19.49999999999999645, 12.00000000000000000, 8.999999999999984013 ) ) ;
#3080 = FACE_OUTER_BOUND ( 'NONE', #1687, .T. ) ;
#3081 = DIRECTION ( 'NONE',  ( -0.000000000000000000, 1.000000000000000000, -0.000000000000000000 ) ) ;
#3082 = CARTESIAN_POINT ( 'NONE',  ( 0.000000000000000000, 13.50000000000000000, 6.000000000000000000 ) ) ;
#3083 = VERTEX_POINT ( 'NONE', #429 ) ;
#3084 = CARTESIAN_POINT ( 'NONE',  ( 20.49999999999999645, 12.00000000000000000, 7.999999999999983125 ) ) ;
#3085 = EDGE_CURVE ( 'NONE', #2193, #1662, #2824, .T. ) ;
#3086 = ADVANCED_FACE ( 'NONE', ( #2238 ), #3076, .F. ) ;
#3087 = FACE_OUTER_BOUND ( 'NONE', #198, .T. ) ;
#3088 = CYLINDRICAL_SURFACE ( 'NONE', #2335, 2.000000000000001776 ) ;
#3089 = AXIS2_PLACEMENT_3D ( 'NONE', #733, #2285, #1791 ) ;
#3090 = ORIENTED_EDGE ( 'NONE', *, *, #2240, .T. ) ;
#3091 = CARTESIAN_POINT ( 'NONE',  ( 25.00000000000000711, 0.000000000000000000, 25.00000000000001066 ) ) ;
#3092 = ORIENTED_EDGE ( 'NONE', *, *, #3360, .T. ) ;
#3093 = DIRECTION ( 'NONE',  ( 0.000000000000000000, -1.000000000000000000, 0.000000000000000000 ) ) ;
#3094 = CARTESIAN_POINT ( 'NONE',  ( 15.50000000000000178, 12.00000000000000000, -17.49999999999999645 ) ) ;
#3095 = ORIENTED_EDGE ( 'NONE', *, *, #106, .T. ) ;
#3096 = AXIS2_PLACEMENT_3D ( 'NONE', #1484, #436, #1991 ) ;
#3097 = DIRECTION ( 'NONE',  ( 0.000000000000000000, 0.000000000000000000, 1.000000000000000000 ) ) ;
#3098 = CARTESIAN_POINT ( 'NONE',  ( 16.50000000000000000, 12.00000000000000000, -22.49999999999999289 ) ) ;
#3099 = CIRCLE ( 'NONE', #1598, 2.999999999999999112 ) ;
#3100 = FACE_BOUND ( 'NONE', #3197, .T. ) ;
#3101 = VECTOR ( 'NONE', #3398, 1000.000000000000000 ) ;
#3102 = CARTESIAN_POINT ( 'NONE',  ( -20.49999999999999645, 12.00000000000000000, -9.000000000000014211 ) ) ;
#3103 = DIRECTION ( 'NONE',  ( 0.000000000000000000, 0.000000000000000000, -1.000000000000000000 ) ) ;
#3104 = ORIENTED_EDGE ( 'NONE', *, *, #3319, .F. ) ;
#3105 = AXIS2_PLACEMENT_3D ( 'NONE', #2726, #2538, #1227 ) ;
#3106 = EDGE_CURVE ( 'NONE', #2857, #1919, #1741, .T. ) ;
#3107 = EDGE_CURVE ( 'NONE', #980, #3321, #2447, .T. ) ;
#3108 = AXIS2_PLACEMENT_3D ( 'NONE', #259, #1355, #830 ) ;
#3109 = FACE_OUTER_BOUND ( 'NONE', #2095, .T. ) ;
#3110 = EDGE_LOOP ( 'NONE', ( #267, #2355, #2531, #2964 ) ) ;
#3111 = EDGE_CURVE ( 'NONE', #3121, #2852, #3364, .T. ) ;
#3112 = EDGE_CURVE ( 'NONE', #1876, #2457, #2270, .T. ) ;
#3113 = CIRCLE ( 'NONE', #1787, 5.000000000000000888 ) ;
#3114 = DIRECTION ( 'NONE',  ( 0.000000000000000000, 0.000000000000000000, -1.000000000000000000 ) ) ;
#3115 = CARTESIAN_POINT ( 'NONE',  ( -8.999999999999984013, 12.00000000000000000, -19.49999999999999289 ) ) ;
#3116 = AXIS2_PLACEMENT_3D ( 'NONE', #1, #2083, #1317 ) ;
#3117 = ORIENTED_EDGE ( 'NONE', *, *, #2624, .F. ) ;
#3118 = CIRCLE ( 'NONE', #300, 1.500000000000001332 ) ;
#3119 = DIRECTION ( 'NONE',  ( -0.000000000000000000, 1.000000000000000000, -0.000000000000000000 ) ) ;
#3120 = DIRECTION ( 'NONE',  ( 0.000000000000000000, -1.000000000000000000, 0.000000000000000000 ) ) ;
#3121 = VERTEX_POINT ( 'NONE', #962 ) ;
#3122 = DIRECTION ( 'NONE',  ( -0.000000000000000000, -1.000000000000000000, 0.000000000000000000 ) ) ;
#3123 = CARTESIAN_POINT ( 'NONE',  ( -24.99999999999999289, 14.00000000000000000, 25.00000000000001776 ) ) ;
#3124 = CARTESIAN_POINT ( 'NONE',  ( -24.99999999999999289, 14.00000000000000000, -24.99999999999999645 ) ) ;
#3125 = LINE ( 'NONE', #1015, #3167 ) ;
#3126 = ORIENTED_EDGE ( 'NONE', *, *, #1366, .F. ) ;
#3127 = DIRECTION ( 'NONE',  ( 0.000000000000000000, 0.000000000000000000, 1.000000000000000000 ) ) ;
#3128 = ORIENTED_EDGE ( 'NONE', *, *, #1496, .T. ) ;
#3129 = CARTESIAN_POINT ( 'NONE',  ( -15.50000000000000178, 12.00000000000000000, 15.49999999999999289 ) ) ;
#3130 = ADVANCED_FACE ( 'NONE', ( #1981 ), #1705, .T. ) ;
#3131 = EDGE_CURVE ( 'NONE', #2034, #1972, #412, .T. ) ;
#3132 = DIRECTION ( 'NONE',  ( 0.000000000000000000, 1.000000000000000000, 0.000000000000000000 ) ) ;
#3133 = CARTESIAN_POINT ( 'NONE',  ( -7.999999999999983125, 14.00000000000000000, -20.49999999999999289 ) ) ;
#3134 = DIRECTION ( 'NONE',  ( 0.000000000000000000, 0.000000000000000000, 1.000000000000000000 ) ) ;
#3135 = EDGE_LOOP ( 'NONE', ( #1313, #1757, #2536, #2258 ) ) ;
#3136 = DIRECTION ( 'NONE',  ( 0.000000000000000000, -1.000000000000000000, 0.000000000000000000 ) ) ;
#3137 = DIRECTION ( 'NONE',  ( 0.000000000000000000, 0.000000000000000000, 1.000000000000000000 ) ) ;
#3138 = DIRECTION ( 'NONE',  ( -0.000000000000000000, 1.000000000000000000, -0.000000000000000000 ) ) ;
#3139 = EDGE_LOOP ( 'NONE', ( #2296, #3396 ) ) ;
#3140 = DIRECTION ( 'NONE',  ( 0.000000000000000000, 0.000000000000000000, 1.000000000000000000 ) ) ;
#3141 = ORIENTED_EDGE ( 'NONE', *, *, #1431, .T. ) ;
#3142 = ORIENTED_EDGE ( 'NONE', *, *, #2218, .F. ) ;
#3143 = DIRECTION ( 'NONE',  ( -0.000000000000000000, -1.000000000000000000, -0.000000000000000000 ) ) ;
#3144 = DIRECTION ( 'NONE',  ( 0.000000000000000000, -1.000000000000000000, 0.000000000000000000 ) ) ;
#3145 = EDGE_CURVE ( 'NONE', #1561, #1479, #1474, .T. ) ;
#3146 = ADVANCED_FACE ( 'NONE', ( #1213 ), #178, .F. ) ;
#3147 = LINE ( 'NONE', #802, #1718 ) ;
#3148 = CARTESIAN_POINT ( 'NONE',  ( 16.49999999999998934, 12.00000000000000000, -9.000000000000014211 ) ) ;
#3149 = CIRCLE ( 'NONE', #1436, 1.000000000000000000 ) ;
#3150 = ADVANCED_FACE ( 'NONE', ( #978 ), #3088, .F. ) ;
#3151 = FACE_OUTER_BOUND ( 'NONE', #747, .T. ) ;
#3152 = DIRECTION ( 'NONE',  ( -1.000000000000000000, -0.000000000000000000, -1.734723475976807587E-16 ) ) ;
#3153 = AXIS2_PLACEMENT_3D ( 'NONE', #184, #138, #2801 ) ;
#3154 = CARTESIAN_POINT ( 'NONE',  ( -29.99999999999998579, 14.00000000000000000, 29.99999999999998579 ) ) ;
#3155 = ORIENTED_EDGE ( 'NONE', *, *, #2686, .F. ) ;
#3156 = CARTESIAN_POINT ( 'NONE',  ( 25.00000000000000711, 11.00000000000000000, -24.99999999999998934 ) ) ;
#3157 = EDGE_LOOP ( 'NONE', ( #2148, #458, #392, #316 ) ) ;
#3158 = TOROIDAL_SURFACE ( 'NONE', #2271, 5.500000000000001776, 2.500000000000000000 ) ;
#3159 = VERTEX_POINT ( 'NONE', #3037 ) ;
#3160 = LINE ( 'NONE', #271, #2374 ) ;
#3161 = DIRECTION ( 'NONE',  ( 0.000000000000000000, 0.000000000000000000, 1.000000000000000000 ) ) ;
#3162 = CIRCLE ( 'NONE', #1676, 1.500000000000000444 ) ;
#3163 = DIRECTION ( 'NONE',  ( -1.000000000000000000, 0.000000000000000000, -0.000000000000000000 ) ) ;
#3164 = AXIS2_PLACEMENT_3D ( 'NONE', #3091, #2303, #999 ) ;
#3165 = FACE_OUTER_BOUND ( 'NONE', #2480, .T. ) ;
#3166 = ORIENTED_EDGE ( 'NONE', *, *, #3131, .F. ) ;
#3167 = VECTOR ( 'NONE', #2066, 1000.000000000000000 ) ;
#3168 = VERTEX_POINT ( 'NONE', #714 ) ;
#3169 = DIRECTION ( 'NONE',  ( 0.000000000000000000, 1.000000000000000000, -0.000000000000000000 ) ) ;
#3170 = CARTESIAN_POINT ( 'NONE',  ( -20.49999999999999645, 12.00000000000000000, -8.000000000000014211 ) ) ;
#3171 = CIRCLE ( 'NONE', #413, 5.000000000000000888 ) ;
#3172 = EDGE_CURVE ( 'NONE', #756, #1097, #133, .T. ) ;
#3173 = EDGE_CURVE ( 'NONE', #2645, #3365, #801, .T. ) ;
#3174 = DIRECTION ( 'NONE',  ( -0.000000000000000000, -1.000000000000000000, -0.000000000000000000 ) ) ;
#3175 = VERTEX_POINT ( 'NONE', #147 ) ;
#3176 = CIRCLE ( 'NONE', #189, 1.000000000000000888 ) ;
#3177 = LINE ( 'NONE', #1074, #1329 ) ;
#3178 = CARTESIAN_POINT ( 'NONE',  ( -15.50000000000000178, 12.00000000000000000, 15.49999999999999289 ) ) ;
#3179 = CYLINDRICAL_SURFACE ( 'NONE', #2596, 0.9999999999999991118 ) ;
#3180 = FACE_OUTER_BOUND ( 'NONE', #1000, .T. ) ;
#3181 = VECTOR ( 'NONE', #1679, 1000.000000000000000 ) ;
#3182 = ORIENTED_EDGE ( 'NONE', *, *, #335, .T. ) ;
#3183 = MECHANICAL_DESIGN_GEOMETRIC_PRESENTATION_REPRESENTATION (  '', ( #537 ), #3237 ) ;
#3184 = DIRECTION ( 'NONE',  ( 0.000000000000000000, 0.000000000000000000, 1.000000000000000000 ) ) ;
#3185 = LINE ( 'NONE', #1080, #1667 ) ;
#3186 = ORIENTED_EDGE ( 'NONE', *, *, #1882, .F. ) ;
#3187 = EDGE_CURVE ( 'NONE', #2517, #2602, #3118, .T. ) ;
#3188 = EDGE_CURVE ( 'NONE', #1177, #2243, #1291, .T. ) ;
#3189 = CYLINDRICAL_SURFACE ( 'NONE', #1505, 1.500000000000000444 ) ;
#3190 = ORIENTED_EDGE ( 'NONE', *, *, #3318, .T. ) ;
#3191 = ORIENTED_EDGE ( 'NONE', *, *, #3072, .T. ) ;
#3192 = DIRECTION ( 'NONE',  ( -0.000000000000000000, 1.000000000000000000, -0.000000000000000000 ) ) ;
#3193 = FACE_OUTER_BOUND ( 'NONE', #1809, .T. ) ;
#3194 = ORIENTED_EDGE ( 'NONE', *, *, #2255, .F. ) ;
#3195 = FACE_OUTER_BOUND ( 'NONE', #269, .T. ) ;
#3196 = CARTESIAN_POINT ( 'NONE',  ( -24.99999999999999289, -28.00000000000001776, 25.00000000000001776 ) ) ;
#3197 = EDGE_LOOP ( 'NONE', ( #1534, #1093 ) ) ;
#3198 = DIRECTION ( 'NONE',  ( 0.000000000000000000, 0.000000000000000000, -1.000000000000000000 ) ) ;
#3199 = CARTESIAN_POINT ( 'NONE',  ( 15.50000000000000178, 9.500000000000000000, 15.50000000000000000 ) ) ;
#3200 = EDGE_LOOP ( 'NONE', ( #2662, #2931 ) ) ;
#3201 = VERTEX_POINT ( 'NONE', #1186 ) ;
#3202 = CIRCLE ( 'NONE', #1771, 2.500000000000000444 ) ;
#3203 = DIRECTION ( 'NONE',  ( 0.000000000000000000, 1.000000000000000000, 0.000000000000000000 ) ) ;
#3204 = ORIENTED_EDGE ( 'NONE', *, *, #1619, .F. ) ;
#3205 = EDGE_CURVE ( 'NONE', #706, #756, #1617, .T. ) ;
#3206 = EDGE_CURVE ( 'NONE', #3295, #3201, #2899, .T. ) ;
#3207 = AXIS2_PLACEMENT_3D ( 'NONE', #2003, #2502, #2814 ) ;
#3208 = CARTESIAN_POINT ( 'NONE',  ( 22.49999999999999645, 12.00000000000000000, 22.50000000000000711 ) ) ;
#3209 = TOROIDAL_SURFACE ( 'NONE', #1999, 5.500000000000000000, 2.500000000000000000 ) ;
#3210 = CYLINDRICAL_SURFACE ( 'NONE', #2552, 1.000000000000000888 ) ;
#3211 = EDGE_CURVE ( 'NONE', #1253, #1513, #514, .T. ) ;
#3212 = VERTEX_POINT ( 'NONE', #2620 ) ;
#3213 = AXIS2_PLACEMENT_3D ( 'NONE', #3395, #3373, #3134 ) ;
#3214 = FACE_OUTER_BOUND ( 'NONE', #1425, .T. ) ;
#3215 = DIRECTION ( 'NONE',  ( 0.000000000000000000, 0.000000000000000000, 1.000000000000000000 ) ) ;
#3216 = TOROIDAL_SURFACE ( 'NONE', #2379, 5.500000000000001776, 2.500000000000000000 ) ;
#3217 = VERTEX_POINT ( 'NONE', #329 ) ;
#3218 = PLANE ( 'NONE',  #1508 ) ;
#3219 = VERTEX_POINT ( 'NONE', #772 ) ;
#3220 = VERTEX_POINT ( 'NONE', #1051 ) ;
#3221 = AXIS2_PLACEMENT_3D ( 'NONE', #3012, #1635, #2465 ) ;
#3222 = LINE ( 'NONE', #542, #982 ) ;
#3223 = CARTESIAN_POINT ( 'NONE',  ( -29.99999999999998579, 0.000000000000000000, -30.00000000000001066 ) ) ;
#3224 = CIRCLE ( 'NONE', #2280, 5.999999999999998224 ) ;
#3225 = AXIS2_PLACEMENT_3D ( 'NONE', #2795, #441, #1998 ) ;
#3226 = CYLINDRICAL_SURFACE ( 'NONE', #800, 1.000000000000000000 ) ;
#3227 = ORIENTED_EDGE ( 'NONE', *, *, #3085, .F. ) ;
#3228 = LINE ( 'NONE', #584, #948 ) ;
#3229 = DIRECTION ( 'NONE',  ( 0.000000000000000000, 1.000000000000000000, 0.000000000000000000 ) ) ;
#3230 = VERTEX_POINT ( 'NONE', #248 ) ;
#3231 = EDGE_CURVE ( 'NONE', #339, #1828, #1533, .T. ) ;
#3232 = ADVANCED_FACE ( 'NONE', ( #229 ), #3218, .F. ) ;
#3233 = FACE_BOUND ( 'NONE', #1030, .T. ) ;
#3234 = DIRECTION ( 'NONE',  ( -1.000000000000000000, 0.000000000000000000, -0.000000000000000000 ) ) ;
#3235 = ORIENTED_EDGE ( 'NONE', *, *, #1121, .F. ) ;
#3236 = DIRECTION ( 'NONE',  ( 0.000000000000000000, 0.000000000000000000, -1.000000000000000000 ) ) ;
#3237 =( GEOMETRIC_REPRESENTATION_CONTEXT ( 3 ) GLOBAL_UNCERTAINTY_ASSIGNED_CONTEXT ( ( #20 ) ) GLOBAL_UNIT_ASSIGNED_CONTEXT ( ( #1488, #1472, #1751 ) ) REPRESENTATION_CONTEXT ( 'NONE', 'WORKASPACE' ) );
#3238 = ORIENTED_EDGE ( 'NONE', *, *, #2854, .T. ) ;
#3239 = FACE_OUTER_BOUND ( 'NONE', #3028, .T. ) ;
#3240 = CARTESIAN_POINT ( 'NONE',  ( 8.000000000000014211, 14.00000000000000000, 16.50000000000000000 ) ) ;
#3241 = ORIENTED_EDGE ( 'NONE', *, *, #1362, .F. ) ;
#3242 = AXIS2_PLACEMENT_3D ( 'NONE', #1506, #439, #712 ) ;
#3243 = AXIS2_PLACEMENT_3D ( 'NONE', #1672, #2239, #2751 ) ;
#3244 = PLANE ( 'NONE',  #2146 ) ;
#3245 = DIRECTION ( 'NONE',  ( -0.000000000000000000, -1.000000000000000000, -0.000000000000000000 ) ) ;
#3246 = ORIENTED_EDGE ( 'NONE', *, *, #2343, .T. ) ;
#3247 = DIRECTION ( 'NONE',  ( 0.000000000000000000, -1.000000000000000000, 0.000000000000000000 ) ) ;
#3248 = FACE_OUTER_BOUND ( 'NONE', #1569, .T. ) ;
#3249 = EDGE_LOOP ( 'NONE', ( #2421, #1163, #577, #3417, #2257, #2466, #306, #647 ) ) ;
#3250 = CYLINDRICAL_SURFACE ( 'NONE', #1061, 2.999999999999999112 ) ;
#3251 = CARTESIAN_POINT ( 'NONE',  ( -19.49999999999999645, 12.00000000000000000, 8.999999999999984013 ) ) ;
#3252 = CARTESIAN_POINT ( 'NONE',  ( -24.99999999999999289, -28.00000000000001776, -24.99999999999999645 ) ) ;
#3253 = EDGE_CURVE ( 'NONE', #2602, #1744, #2081, .T. ) ;
#3254 = EDGE_CURVE ( 'NONE', #866, #2645, #853, .T. ) ;
#3255 = ORIENTED_EDGE ( 'NONE', *, *, #2529, .T. ) ;
#3256 = VERTEX_POINT ( 'NONE', #1808 ) ;
#3257 = DIRECTION ( 'NONE',  ( 0.000000000000000000, -1.000000000000000000, 0.000000000000000000 ) ) ;
#3258 = CARTESIAN_POINT ( 'NONE',  ( 1.836970198721029934E-16, 9.500000000000000000, 7.500000000000000888 ) ) ;
#3259 = ORIENTED_EDGE ( 'NONE', *, *, #33, .F. ) ;
#3260 = VERTEX_POINT ( 'NONE', #2864 ) ;
#3261 = EDGE_CURVE ( 'NONE', #1919, #2193, #3171, .T. ) ;
#3262 = CIRCLE ( 'NONE', #3089, 2.500000000000000444 ) ;
#3263 = CARTESIAN_POINT ( 'NONE',  ( 9.000000000000014211, 19.00000000000000000, -20.49999999999998934 ) ) ;
#3264 = DIRECTION ( 'NONE',  ( -1.000000000000000000, 0.000000000000000000, -1.927470528863119049E-16 ) ) ;
#3265 = DIRECTION ( 'NONE',  ( 0.000000000000000000, -1.000000000000000000, 0.000000000000000000 ) ) ;
#3266 = VECTOR ( 'NONE', #2075, 1000.000000000000000 ) ;
#3267 = CARTESIAN_POINT ( 'NONE',  ( 15.50000000000000178, 12.00000000000000000, -15.50000000000000000 ) ) ;
#3268 = CYLINDRICAL_SURFACE ( 'NONE', #236, 1.000000000000000888 ) ;
#3269 = CIRCLE ( 'NONE', #282, 1.500000000000000444 ) ;
#3270 = ORIENTED_EDGE ( 'NONE', *, *, #1018, .T. ) ;
#3271 = VECTOR ( 'NONE', #777, 1000.000000000000000 ) ;
#3272 = FACE_BOUND ( 'NONE', #1627, .T. ) ;
#3273 = DIRECTION ( 'NONE',  ( 1.000000000000000000, -0.000000000000000000, -1.224646799147353207E-16 ) ) ;
#3274 = CARTESIAN_POINT ( 'NONE',  ( -8.999999999999984013, 14.00000000000000000, -17.49999999999999645 ) ) ;
#3275 = VECTOR ( 'NONE', #2474, 1000.000000000000000 ) ;
#3276 = ORIENTED_EDGE ( 'NONE', *, *, #696, .F. ) ;
#3277 = CARTESIAN_POINT ( 'NONE',  ( 0.000000000000000000, 9.500000000000000000, 6.000000000000000000 ) ) ;
#3278 = AXIS2_PLACEMENT_3D ( 'NONE', #3196, #2156, #2363 ) ;
#3279 = CARTESIAN_POINT ( 'NONE',  ( 17.49999999999999289, 14.00000000000000000, -9.000000000000014211 ) ) ;
#3280 = ORIENTED_EDGE ( 'NONE', *, *, #427, .F. ) ;
#3281 = CIRCLE ( 'NONE', #2329, 2.500000000000000444 ) ;
#3282 = DIRECTION ( 'NONE',  ( 0.000000000000000000, 0.000000000000000000, -1.000000000000000000 ) ) ;
#3283 = EDGE_CURVE ( 'NONE', #873, #1109, #1914, .T. ) ;
#3284 = EDGE_CURVE ( 'NONE', #3220, #1773, #744, .T. ) ;
#3285 = CIRCLE ( 'NONE', #11, 2.999999999999999112 ) ;
#3286 = FACE_BOUND ( 'NONE', #3325, .T. ) ;
#3287 = CARTESIAN_POINT ( 'NONE',  ( 0.000000000000000000, 13.50000000000000000, -7.500000000000000888 ) ) ;
#3288 = EDGE_LOOP ( 'NONE', ( #2211, #2169, #1381, #857 ) ) ;
#3289 = FACE_BOUND ( 'NONE', #1690, .T. ) ;
#3290 = DIRECTION ( 'NONE',  ( 0.000000000000000000, 0.000000000000000000, 1.000000000000000000 ) ) ;
#3291 = FACE_OUTER_BOUND ( 'NONE', #758, .T. ) ;
#3292 = ORIENTED_EDGE ( 'NONE', *, *, #3205, .F. ) ;
#3293 = DIRECTION ( 'NONE',  ( 0.000000000000000000, 0.000000000000000000, -1.000000000000000000 ) ) ;
#3294 = CARTESIAN_POINT ( 'NONE',  ( 15.50000000000000178, 7.000000000000000000, -15.50000000000000000 ) ) ;
#3295 = VERTEX_POINT ( 'NONE', #479 ) ;
#3296 = DIRECTION ( 'NONE',  ( 0.000000000000000000, 0.000000000000000000, -1.000000000000000000 ) ) ;
#3297 = CARTESIAN_POINT ( 'NONE',  ( -19.49999999999999645, 14.00000000000000000, 7.999999999999983125 ) ) ;
#3298 = LINE ( 'NONE', #1170, #1247 ) ;
#3299 = EDGE_CURVE ( 'NONE', #1903, #330, #735, .T. ) ;
#3300 = EDGE_CURVE ( 'NONE', #2568, #1538, #2158, .T. ) ;
#3301 = DIRECTION ( 'NONE',  ( 0.000000000000000000, 1.000000000000000000, -0.000000000000000000 ) ) ;
#3302 = ADVANCED_FACE ( 'NONE', ( #1793, #754 ), #1824, .T. ) ;
#3303 = CARTESIAN_POINT ( 'NONE',  ( -22.50000000000000000, 12.00000000000000000, -16.49999999999999289 ) ) ;
#3304 = FACE_OUTER_BOUND ( 'NONE', #3110, .T. ) ;
#3305 = DIRECTION ( 'NONE',  ( 0.000000000000000000, 0.000000000000000000, -1.000000000000000000 ) ) ;
#3306 = EDGE_LOOP ( 'NONE', ( #1419, #1101, #1078, #1294 ) ) ;
#3307 = DIRECTION ( 'NONE',  ( 0.000000000000000000, 0.000000000000000000, -1.000000000000000000 ) ) ;
#3308 = CARTESIAN_POINT ( 'NONE',  ( 16.49999999999999645, 0.000000000000000000, 16.50000000000000711 ) ) ;
#3309 = ORIENTED_EDGE ( 'NONE', *, *, #2643, .F. ) ;
#3310 = DIRECTION ( 'NONE',  ( -1.000000000000000000, 0.000000000000000000, -1.927470528863119049E-16 ) ) ;
#3311 = CARTESIAN_POINT ( 'NONE',  ( -20.49999999999999645, 14.00000000000000000, 0.000000000000000000 ) ) ;
#3312 = EDGE_CURVE ( 'NONE', #2673, #2398, #2880, .T. ) ;
#3313 = DIRECTION ( 'NONE',  ( 0.000000000000000000, 0.000000000000000000, -1.000000000000000000 ) ) ;
#3314 = AXIS2_PLACEMENT_3D ( 'NONE', #220, #2576, #1527 ) ;
#3315 = ORIENTED_EDGE ( 'NONE', *, *, #3261, .T. ) ;
#3316 = DIRECTION ( 'NONE',  ( 0.000000000000000000, 0.000000000000000000, 1.000000000000000000 ) ) ;
#3317 = CIRCLE ( 'NONE', #3053, 1.500000000000001332 ) ;
#3318 = EDGE_CURVE ( 'NONE', #2353, #1029, #1232, .T. ) ;
#3319 = EDGE_CURVE ( 'NONE', #540, #2723, #2411, .T. ) ;
#3320 = CARTESIAN_POINT ( 'NONE',  ( -16.49999999999999289, 12.00000000000000000, -9.000000000000015987 ) ) ;
#3321 = VERTEX_POINT ( 'NONE', #2580 ) ;
#3322 = VECTOR ( 'NONE', #977, 1000.000000000000000 ) ;
#3323 = LINE ( 'NONE', #1275, #1596 ) ;
#3324 = DIRECTION ( 'NONE',  ( 0.000000000000000000, 0.000000000000000000, -1.000000000000000000 ) ) ;
#3325 = EDGE_LOOP ( 'NONE', ( #2021, #2431 ) ) ;
#3326 = VECTOR ( 'NONE', #1749, 1000.000000000000000 ) ;
#3327 = AXIS2_PLACEMENT_3D ( 'NONE', #27, #243, #1091 ) ;
#3328 = CARTESIAN_POINT ( 'NONE',  ( 9.000000000000014211, 14.00000000000000000, 0.000000000000000000 ) ) ;
#3329 = LINE ( 'NONE', #960, #2822 ) ;
#3330 = DIRECTION ( 'NONE',  ( 0.000000000000000000, 0.000000000000000000, 1.000000000000000000 ) ) ;
#3331 = VECTOR ( 'NONE', #1045, 1000.000000000000000 ) ;
#3332 = VECTOR ( 'NONE', #1833, 1000.000000000000000 ) ;
#3333 = CARTESIAN_POINT ( 'NONE',  ( -15.49999999999999822, 7.000000000000000000, -12.50000000000000000 ) ) ;
#3334 = ORIENTED_EDGE ( 'NONE', *, *, #2400, .T. ) ;
#3335 = CIRCLE ( 'NONE', #3008, 3.000000000000000888 ) ;
#3336 = CARTESIAN_POINT ( 'NONE',  ( -24.99999999999999289, 11.00000000000000000, 28.00000000000001776 ) ) ;
#3337 = AXIS2_PLACEMENT_3D ( 'NONE', #927, #2762, #391 ) ;
#3338 = DIRECTION ( 'NONE',  ( -0.000000000000000000, -1.000000000000000000, -0.000000000000000000 ) ) ;
#3339 = EDGE_CURVE ( 'NONE', #1086, #2251, #210, .T. ) ;
#3340 = EDGE_CURVE ( 'NONE', #938, #3032, #3125, .T. ) ;
#3341 = LINE ( 'NONE', #971, #2044 ) ;
#3342 = CARTESIAN_POINT ( 'NONE',  ( 0.000000000000000000, 12.00000000000000000, 6.000000000000000000 ) ) ;
#3343 = EDGE_LOOP ( 'NONE', ( #1085, #482, #2215, #2622 ) ) ;
#3344 = PLANE ( 'NONE',  #1171 ) ;
#3345 = DIRECTION ( 'NONE',  ( 0.000000000000000000, 0.000000000000000000, 1.000000000000000000 ) ) ;
#3346 = ORIENTED_EDGE ( 'NONE', *, *, #383, .T. ) ;
#3347 = ORIENTED_EDGE ( 'NONE', *, *, #2752, .T. ) ;
#3348 = DIRECTION ( 'NONE',  ( 0.000000000000000000, 0.000000000000000000, -1.000000000000000000 ) ) ;
#3349 = ORIENTED_EDGE ( 'NONE', *, *, #3107, .F. ) ;
#3350 = ORIENTED_EDGE ( 'NONE', *, *, #2087, .F. ) ;
#3351 = ORIENTED_EDGE ( 'NONE', *, *, #2448, .F. ) ;
#3352 = VECTOR ( 'NONE', #2463, 1000.000000000000000 ) ;
#3353 = DIRECTION ( 'NONE',  ( 0.000000000000000000, 0.000000000000000000, -1.000000000000000000 ) ) ;
#3354 = DIRECTION ( 'NONE',  ( -0.000000000000000000, 1.000000000000000000, -0.000000000000000000 ) ) ;
#3355 = VERTEX_POINT ( 'NONE', #904 ) ;
#3356 = CARTESIAN_POINT ( 'NONE',  ( -15.50000000000000178, 7.000000000000000000, 15.49999999999999289 ) ) ;
#3357 = CARTESIAN_POINT ( 'NONE',  ( 22.49999999999999645, 12.00000000000000000, 16.49999999999999289 ) ) ;
#3358 = ORIENTED_EDGE ( 'NONE', *, *, #1950, .T. ) ;
#3359 = VERTEX_POINT ( 'NONE', #2192 ) ;
#3360 = EDGE_CURVE ( 'NONE', #1501, #1789, #358, .T. ) ;
#3361 = LINE ( 'NONE', #3328, #812 ) ;
#3362 = CARTESIAN_POINT ( 'NONE',  ( 16.49999999999998934, 14.00000000000000000, -8.000000000000014211 ) ) ;
#3363 = ADVANCED_FACE ( 'NONE', ( #1414, #934 ), #867, .T. ) ;
#3364 = LINE ( 'NONE', #686, #687 ) ;
#3365 = VERTEX_POINT ( 'NONE', #1429 ) ;
#3366 = DIRECTION ( 'NONE',  ( 0.000000000000000000, 1.000000000000000000, 0.000000000000000000 ) ) ;
#3367 = EDGE_LOOP ( 'NONE', ( #767, #2199, #3350, #3039 ) ) ;
#3368 = ORIENTED_EDGE ( 'NONE', *, *, #2255, .T. ) ;
#3369 = DIRECTION ( 'NONE',  ( -0.000000000000000000, 1.000000000000000000, -0.000000000000000000 ) ) ;
#3370 = LINE ( 'NONE', #2856, #2002 ) ;
#3371 = AXIS2_PLACEMENT_3D ( 'NONE', #1786, #2841, #475 ) ;
#3372 = CARTESIAN_POINT ( 'NONE',  ( 25.00000000000000711, 11.00000000000000000, -27.99999999999998934 ) ) ;
#3373 = DIRECTION ( 'NONE',  ( 0.000000000000000000, 1.000000000000000000, 0.000000000000000000 ) ) ;
#3374 = ORIENTED_EDGE ( 'NONE', *, *, #2874, .F. ) ;
#3375 = AXIS2_PLACEMENT_3D ( 'NONE', #1761, #1726, #3353 ) ;
#3376 = PLANE ( 'NONE',  #107 ) ;
#3377 = CIRCLE ( 'NONE', #1218, 2.999999999999999112 ) ;
#3378 = DIRECTION ( 'NONE',  ( -0.000000000000000000, -1.000000000000000000, -0.000000000000000000 ) ) ;
#3379 = DIRECTION ( 'NONE',  ( 1.000000000000000000, 0.000000000000000000, -4.336808689942013792E-16 ) ) ;
#3380 = ORIENTED_EDGE ( 'NONE', *, *, #3383, .F. ) ;
#3381 = AXIS2_PLACEMENT_3D ( 'NONE', #2076, #2294, #2805 ) ;
#3382 = EDGE_CURVE ( 'NONE', #1744, #1039, #2284, .T. ) ;
#3383 = EDGE_CURVE ( 'NONE', #339, #518, #182, .T. ) ;
#3384 = CIRCLE ( 'NONE', #3001, 2.500000000000000444 ) ;
#3385 = CYLINDRICAL_SURFACE ( 'NONE', #3116, 2.999999999999999112 ) ;
#3386 = VERTEX_POINT ( 'NONE', #90 ) ;
#3387 = ORIENTED_EDGE ( 'NONE', *, *, #2685, .T. ) ;
#3388 = VERTEX_POINT ( 'NONE', #2210 ) ;
#3389 = CIRCLE ( 'NONE', #1610, 5.499999999999998224 ) ;
#3390 = CARTESIAN_POINT ( 'NONE',  ( -29.99999999999998579, 14.00000000000000000, 29.99999999999998579 ) ) ;
#3391 = DIRECTION ( 'NONE',  ( 0.000000000000000000, 0.000000000000000000, 1.000000000000000000 ) ) ;
#3392 = AXIS2_PLACEMENT_3D ( 'NONE', #2288, #720, #1216 ) ;
#3393 = AXIS2_PLACEMENT_3D ( 'NONE', #1624, #2684, #2336 ) ;
#3394 = PLANE ( 'NONE',  #3096 ) ;
#3395 = CARTESIAN_POINT ( 'NONE',  ( -24.99999999999999289, 11.00000000000000000, 25.00000000000001776 ) ) ;
#3396 = ORIENTED_EDGE ( 'NONE', *, *, #3402, .F. ) ;
#3397 = DIRECTION ( 'NONE',  ( 0.000000000000000000, 0.000000000000000000, 1.000000000000000000 ) ) ;
#3398 = DIRECTION ( 'NONE',  ( 0.000000000000000000, -1.000000000000000000, 0.000000000000000000 ) ) ;
#3399 = DIRECTION ( 'NONE',  ( 0.000000000000000000, -1.000000000000000000, 0.000000000000000000 ) ) ;
#3400 = ORIENTED_EDGE ( 'NONE', *, *, #2574, .F. ) ;
#3401 = DIRECTION ( 'NONE',  ( -0.000000000000000000, 1.000000000000000000, -0.000000000000000000 ) ) ;
#3402 = EDGE_CURVE ( 'NONE', #1511, #2980, #634, .T. ) ;
#3403 = ADVANCED_FACE ( 'NONE', ( #1960 ), #2230, .T. ) ;
#3404 = ORIENTED_EDGE ( 'NONE', *, *, #764, .F. ) ;
#3405 = ORIENTED_EDGE ( 'NONE', *, *, #2960, .F. ) ;
#3406 = LINE ( 'NONE', #2868, #3271 ) ;
#3407 = DIRECTION ( 'NONE',  ( 0.000000000000000000, -0.000000000000000000, -1.000000000000000000 ) ) ;
#3408 = LINE ( 'NONE', #2978, #780 ) ;
#3409 = CARTESIAN_POINT ( 'NONE',  ( 9.000000000000014211, 12.00000000000000000, 20.50000000000000355 ) ) ;
#3410 = VERTEX_POINT ( 'NONE', #3274 ) ;
#3411 = DIRECTION ( 'NONE',  ( -0.000000000000000000, -1.000000000000000000, -0.000000000000000000 ) ) ;
#3412 = DIRECTION ( 'NONE',  ( 0.000000000000000000, -1.000000000000000000, 0.000000000000000000 ) ) ;
#3413 = CARTESIAN_POINT ( 'NONE',  ( 9.000000000000014211, 12.00000000000000000, -20.49999999999998934 ) ) ;
#3414 = VERTEX_POINT ( 'NONE', #1161 ) ;
#3415 = CARTESIAN_POINT ( 'NONE',  ( 25.00000000000000711, -28.00000000000001776, -26.49999999999999289 ) ) ;
#3416 = ORIENTED_EDGE ( 'NONE', *, *, #2218, .T. ) ;
#3417 = ORIENTED_EDGE ( 'NONE', *, *, #2150, .T. ) ;
#3418 = EDGE_LOOP ( 'NONE', ( #3387, #1396 ) ) ;
#3419 = CARTESIAN_POINT ( 'NONE',  ( -15.50000000000000178, 12.00000000000000000, 13.49999999999999467 ) ) ;
#3420 = DIRECTION ( 'NONE',  ( 0.000000000000000000, 0.000000000000000000, -1.000000000000000000 ) ) ;
#3421 = ADVANCED_FACE ( 'NONE', ( #3291 ), #2767, .F. ) ;
#3422 = EDGE_CURVE ( 'NONE', #1109, #3230, #3017, .T. ) ;
#3423 = CARTESIAN_POINT ( 'NONE',  ( 25.00000000000000711, 11.00000000000000000, -24.99999999999998934 ) ) ;
#3424 = CARTESIAN_POINT ( 'NONE',  ( -15.49999999999999822, 9.500000000000000000, -15.50000000000000178 ) ) ;
#3425 = ORIENTED_EDGE ( 'NONE', *, *, #591, .T. ) ;
#3426 = ORIENTED_EDGE ( 'NONE', *, *, #889, .T. ) ;
#3427 = AXIS2_PLACEMENT_3D ( 'NONE', #141, #1194, #124 ) ;
#3428 = DIRECTION ( 'NONE',  ( 0.000000000000000000, 0.000000000000000000, 1.000000000000000000 ) ) ;
#3429 = DIRECTION ( 'NONE',  ( 0.000000000000000000, -1.000000000000000000, 0.000000000000000000 ) ) ;
#3430 = AXIS2_PLACEMENT_3D ( 'NONE', #881, #2697, #2482 ) ;
#3431 = VECTOR ( 'NONE', #440, 1000.000000000000000 ) ;
ENDSEC;
END-ISO-10303-21;
