ISO-10303-21;
HEADER;
FILE_DESCRIPTION (( 'STEP AP214' ),
    '1' );
FILE_NAME ('encoder-stand_magnet-holder_6x2.5-round.STEP',
    '2026-01-07T12:23:14',
    ( '' ),
    ( '' ),
    'SwSTEP 2.0',
    'SolidWorks 2025',
    '' );
FILE_SCHEMA (( 'AUTOMOTIVE_DESIGN' ));
ENDSEC;

DATA;
#1 = CARTESIAN_POINT ( 'NONE',  ( -6.278900822733064611E-06, 15.68735854122382811, 3.999999999989558574 ) ) ;
#2 = CARTESIAN_POINT ( 'NONE',  ( 1.376604666648955089, 12.87499999829300634, -3.323417656249999741 ) ) ;
#3 = CARTESIAN_POINT ( 'NONE',  ( 3.323417656249999741, 20.53124999829300990, -1.376604666648954867 ) ) ;
#4 = CARTESIAN_POINT ( 'NONE',  ( -4.000000000000000000, 12.71874999658601624, -4.898587196589412829E-16 ) ) ;
#5 = CARTESIAN_POINT ( 'NONE',  ( 1.316495309083404420E-15, 11.00000000000000000, -10.49999999999999822 ) ) ;
#6 = CARTESIAN_POINT ( 'NONE',  ( 3.323417656250000185, 23.89062499829300990, 0.000000000000000000 ) ) ;
#7 = ORIENTED_EDGE ( 'NONE', *, *, #3536, .F. ) ;
#8 = CARTESIAN_POINT ( 'NONE',  ( 2.458186559581343023, 16.18197955913005970, -3.198667616088100907 ) ) ;
#9 = CARTESIAN_POINT ( 'NONE',  ( -6.105019192434541011E-16, 16.07812499829300634, 3.323417656250000185 ) ) ;
#10 = CARTESIAN_POINT ( 'NONE',  ( 4.500000000000000888, 11.00000000000000000, 0.000000000000000000 ) ) ;
#11 = CARTESIAN_POINT ( 'NONE',  ( -3.186972331462803343, 17.73849906460785775, 3.186972331462802455 ) ) ;
#12 = EDGE_LOOP ( 'NONE', ( #486, #2904, #1736, #3539, #3154, #1560, #1322, #408, #391, #742, #1170, #1068, #2430, #335, #551, #3688, #727, #1161, #1003, #2655, #2716, #278, #1577 ) ) ;
#13 = AXIS2_PLACEMENT_3D ( 'NONE', #2280, #863, #3440 ) ;
#14 = CARTESIAN_POINT ( 'NONE',  ( 1.656854249492381248, 14.51562499999999822, 3.999999999999999112 ) ) ;
#15 = CARTESIAN_POINT ( 'NONE',  ( 2.350011161449477193, 14.04687499829300812, 2.350011161449478081 ) ) ;
#16 = VERTEX_POINT ( 'NONE', #1141 ) ;
#17 = CARTESIAN_POINT ( 'NONE',  ( 1.928818708657081344E-15, 10.00000000000000000, -15.50000000000000000 ) ) ;
#18 = ADVANCED_FACE ( 'NONE', ( #3119 ), #1675, .F. ) ;
#19 = VECTOR ( 'NONE', #663, 1000.000000000000000 ) ;
#20 = CARTESIAN_POINT ( 'NONE',  ( -2.350011161449478081, 12.17187499829300812, 2.350011161449477193 ) ) ;
#21 = CARTESIAN_POINT ( 'NONE',  ( 2.350011161449477193, 19.04687499829300990, 2.350011161449478081 ) ) ;
#22 = CARTESIAN_POINT ( 'NONE',  ( 2.828427124746189403, 14.43749999658601624, 2.828427124746190735 ) ) ;
#23 = CARTESIAN_POINT ( 'NONE',  ( 4.021114372646633406, 11.00000000000000000, -0.2585305263670424347 ) ) ;
#24 = CARTESIAN_POINT ( 'NONE',  ( 0.000000000000000000, 10.49999999999999822, 0.000000000000000000 ) ) ;
#25 = FACE_OUTER_BOUND ( 'NONE', #2897, .T. ) ;
#26 = CARTESIAN_POINT ( 'NONE',  ( -2.014475105040623770, 23.08260560520606219, 3.495146024286898800 ) ) ;
#27 = DIRECTION ( 'NONE',  ( 0.000000000000000000, 0.000000000000000000, -1.000000000000000000 ) ) ;
#28 = CARTESIAN_POINT ( 'NONE',  ( 1.376604666648955755, 23.65624999829300634, 3.323417656249999297 ) ) ;
#29 = VECTOR ( 'NONE', #3270, 1000.000000000000000 ) ;
#30 = CARTESIAN_POINT ( 'NONE',  ( -0.6732115632214018541, 23.99999999999996092, 3.515917464585252450 ) ) ;
#31 = ORIENTED_EDGE ( 'NONE', *, *, #3456, .T. ) ;
#32 = AXIS2_PLACEMENT_3D ( 'NONE', #976, #1882, #400 ) ;
#33 = CARTESIAN_POINT ( 'NONE',  ( -2.828427124746189847, 15.21875000000000000, -2.828427124746190291 ) ) ;
#34 = CARTESIAN_POINT ( 'NONE',  ( 3.323417656249998853, 17.87499999829300634, 1.376604666648957087 ) ) ;
#35 = VERTEX_POINT ( 'NONE', #231 ) ;
#36 = CARTESIAN_POINT ( 'NONE',  ( -2.458187062083395436, 13.94253110644082305, -3.198667229913570331 ) ) ;
#37 = CARTESIAN_POINT ( 'NONE',  ( -6.105019192434541011E-16, 14.82812499829300634, 3.323417656250000185 ) ) ;
#38 = CARTESIAN_POINT ( 'NONE',  ( 1.376604666648955755, 18.96874999829300634, 3.323417656249999741 ) ) ;
#39 = CARTESIAN_POINT ( 'NONE',  ( 4.000000000000000000, 14.67187499658601624, -1.656854249492380804 ) ) ;
#40 = CARTESIAN_POINT ( 'NONE',  ( 0.8083144237923668429, 11.00000000000000178, -4.414477914347500587 ) ) ;
#41 = DIRECTION ( 'NONE',  ( 1.224646799147353454E-16, 0.000000000000000000, -1.000000000000000000 ) ) ;
#42 = EDGE_CURVE ( 'NONE', #1226, #259, #626, .T. ) ;
#43 = DIRECTION ( 'NONE',  ( -0.000000000000000000, 1.000000000000000000, -0.000000000000000000 ) ) ;
#44 = CARTESIAN_POINT ( 'NONE',  ( 1.712140399943978828E-06, 13.03128729542876840, 3.999999999999233502 ) ) ;
#45 = DIRECTION ( 'NONE',  ( -0.000000000000000000, -1.000000000000000000, -0.000000000000000000 ) ) ;
#46 = CARTESIAN_POINT ( 'NONE',  ( -1.376604666648954867, 19.28124999829300990, -3.323417656249999741 ) ) ;
#47 = CIRCLE ( 'NONE', #538, 4.500000000000000888 ) ;
#48 = DIRECTION ( 'NONE',  ( 1.000000000000000000, 0.000000000000000000, 0.000000000000000000 ) ) ;
#49 = DIRECTION ( 'NONE',  ( 0.000000000000000000, 0.000000000000000000, 1.000000000000000000 ) ) ;
#50 = CARTESIAN_POINT ( 'NONE',  ( -2.350011161449478081, 22.48437499829300990, 2.350011161449477193 ) ) ;
#51 = VERTEX_POINT ( 'NONE', #2286 ) ;
#52 = CARTESIAN_POINT ( 'NONE',  ( 1.656854249492381026, 12.48437500000000178, -4.000000000000000000 ) ) ;
#53 = CARTESIAN_POINT ( 'NONE',  ( -3.323417656250000185, 18.57812499829300990, -4.070012794956361332E-16 ) ) ;
#54 = VERTEX_POINT ( 'NONE', #2331 ) ;
#55 = CARTESIAN_POINT ( 'NONE',  ( -3.198667512120153766, 13.99461130301498812, -2.458186694867621203 ) ) ;
#56 = CARTESIAN_POINT ( 'NONE',  ( -2.350011161449477193, 11.85937499829300812, -2.350011161449477637 ) ) ;
#57 = CARTESIAN_POINT ( 'NONE',  ( 2.350011161449477193, 21.54687499829300634, 2.350011161449478081 ) ) ;
#58 = CARTESIAN_POINT ( 'NONE',  ( 1.656854249492381248, 16.85937499658601624, 3.999999999999999112 ) ) ;
#59 = CARTESIAN_POINT ( 'NONE',  ( -1.376604666648957087, 20.99999999829300990, 3.323417656249999297 ) ) ;
#60 = CARTESIAN_POINT ( 'NONE',  ( 0.000000000000000000, 11.00000000000000000, 10.49999999999999822 ) ) ;
#61 = CARTESIAN_POINT ( 'NONE',  ( 3.198667125945545919, 16.12989936255589640, -2.458187197369715360 ) ) ;
#62 = CARTESIAN_POINT ( 'NONE',  ( -4.604523757462703834E-06, 14.43739626356434513, 3.999999999994384936 ) ) ;
#63 = CARTESIAN_POINT ( 'NONE',  ( 3.323417656250000185, 21.39062499829300634, 0.000000000000000000 ) ) ;
#64 = ADVANCED_FACE ( 'NONE', ( #3488 ), #823, .T. ) ;
#65 = DIRECTION ( 'NONE',  ( -0.000000000000000000, -1.000000000000000000, -0.000000000000000000 ) ) ;
#66 = DIRECTION ( 'NONE',  ( -0.000000000000000000, -1.000000000000000000, -0.000000000000000000 ) ) ;
#67 = CARTESIAN_POINT ( 'NONE',  ( 3.323417656249999741, 21.78124999829300990, -1.376604666648954867 ) ) ;
#68 = VERTEX_POINT ( 'NONE', #3046 ) ;
#69 = CARTESIAN_POINT ( 'NONE',  ( 4.000000000000000000, 20.99999999999999645, 0.000000000000000000 ) ) ;
#70 = CARTESIAN_POINT ( 'NONE',  ( 1.376604666648955089, 14.43749999829300812, -3.323417656249999741 ) ) ;
#71 = ORIENTED_EDGE ( 'NONE', *, *, #3077, .T. ) ;
#72 = CARTESIAN_POINT ( 'NONE',  ( -2.350011161449477193, 24.67187499829300634, -2.350011161449477637 ) ) ;
#73 = CARTESIAN_POINT ( 'NONE',  ( -3.323417656249999741, 23.49999999829300279, -1.376604666648955311 ) ) ;
#74 = CARTESIAN_POINT ( 'NONE',  ( -2.828427124746190735, 15.37499999658601624, 2.828427124746189847 ) ) ;
#75 = DIRECTION ( 'NONE',  ( -0.000000000000000000, -1.000000000000000000, -0.000000000000000000 ) ) ;
#76 = CARTESIAN_POINT ( 'NONE',  ( 3.323417656249999741, 22.71874999829300990, -1.376604666648954867 ) ) ;
#77 = TOROIDAL_SURFACE ( 'NONE', #2870, 11.50000000000000000, 0.5000000000000000000 ) ;
#78 = CARTESIAN_POINT ( 'NONE',  ( 4.898587196589412829E-16, 24.00000000000000000, 4.000000000000000000 ) ) ;
#79 = CARTESIAN_POINT ( 'NONE',  ( 3.198667601235688718, 15.86949837968506749, 2.458186578907757713 ) ) ;
#80 = CARTESIAN_POINT ( 'NONE',  ( -8.279333974455491767E-16, 15.39474906460786308, 4.507059494062498395 ) ) ;
#81 = AXIS2_PLACEMENT_3D ( 'NONE', #966, #2102, #313 ) ;
#82 = CARTESIAN_POINT ( 'NONE',  ( 3.895890629948584039, 14.80185434991462223, -1.046991823939401600 ) ) ;
#83 = CARTESIAN_POINT ( 'NONE',  ( -3.323417656249999741, 19.43749999829300634, -1.376604666648955311 ) ) ;
#84 = CARTESIAN_POINT ( 'NONE',  ( 1.222270604058667276, 24.00000000000000711, 3.172615196820451899 ) ) ;
#85 = CARTESIAN_POINT ( 'NONE',  ( 1.656854249492380804, 12.32812499658601979, -4.000000000000000000 ) ) ;
#86 = CARTESIAN_POINT ( 'NONE',  ( 3.323417656249998853, 21.62499999829300990, 1.376604666648957087 ) ) ;
#87 = EDGE_LOOP ( 'NONE', ( #3648, #1963, #779, #252 ) ) ;
#88 =( BOUNDED_CURVE ( )  B_SPLINE_CURVE ( 2, ( #680, #909, #1832, #1853, #2425, #3006, #2934, #3568, #3256 ),
 .UNSPECIFIED., .F., .F. ) 
 B_SPLINE_CURVE_WITH_KNOTS ( ( 3, 2, 2, 2, 3 ),
 ( 0.5528681233969204856, 0.5648869567139275238, 0.5769058281333727667, 0.5889246995528178985, 0.6009435363256372398 ),
 .UNSPECIFIED. ) 
 CURVE ( )  GEOMETRIC_REPRESENTATION_ITEM ( )  RATIONAL_B_SPLINE_CURVE ( ( 1.000000000000000000, 0.9238795325112867385, 1.000000000000000000, 0.9238795325112867385, 1.000000000000000000, 0.9238795325112867385, 1.000000000000000000, 0.9238795325112867385, 1.000000000000000000 ) ) 
 REPRESENTATION_ITEM ( '' )  );
#89 = EDGE_CURVE ( 'NONE', #2543, #2412, #2661, .T. ) ;
#90 = CARTESIAN_POINT ( 'NONE',  ( 1.656854249492381026, 21.23437500000000000, -4.000000000000000000 ) ) ;
#91 = CARTESIAN_POINT ( 'NONE',  ( -1.376604666648956865, 18.81249999829300990, 3.323417656249998853 ) ) ;
#92 = ORIENTED_EDGE ( 'NONE', *, *, #392, .T. ) ;
#93 = B_SPLINE_CURVE_WITH_KNOTS ( 'NONE', 3,
 ( #1311, #750, #1599, #3310, #3073, #3003, #148, #1041, #2471, #473, #715, #1901, #456, #1866, #3638, #1634, #2207, #3363 ),
 .UNSPECIFIED., .F., .F.,
 ( 4, 2, 2, 2, 2, 2, 2, 2, 4 ),
 ( 0.1201922823629197612, 0.1262018964810654731, 0.1322115105992111850, 0.1382211247173568969, 0.1442307388355026365, 0.1502403529536483484, 0.1562499670717940603, 0.1622595811899397722, 0.1682691953080854841 ),
 .UNSPECIFIED. ) ;
#94 = CARTESIAN_POINT ( 'NONE',  ( -2.350011161449477193, 23.42187499829300634, -2.350011161449477637 ) ) ;
#95 = CARTESIAN_POINT ( 'NONE',  ( -4.000000000000000888, 17.79687499658601624, 1.656854249492379694 ) ) ;
#96 = CARTESIAN_POINT ( 'NONE',  ( 2.828427124746190291, 15.99999999658601624, -2.828427124746190291 ) ) ;
#97 = FACE_OUTER_BOUND ( 'NONE', #1339, .T. ) ;
#98 = FACE_OUTER_BOUND ( 'NONE', #1942, .T. ) ;
#99 = DIRECTION ( 'NONE',  ( -0.000000000000000000, -1.000000000000000000, -0.000000000000000000 ) ) ;
#100 = CARTESIAN_POINT ( 'NONE',  ( 4.507059494062497507, 14.53537406460786130, -1.866885168863107181 ) ) ;
#101 = CARTESIAN_POINT ( 'NONE',  ( 3.198667185355543285, 14.87997464477587606, -2.458187120063640485 ) ) ;
#102 = CARTESIAN_POINT ( 'NONE',  ( -2.350011161449478081, 22.17187499829300990, 2.350011161449477193 ) ) ;
#103 = AXIS2_PLACEMENT_3D ( 'NONE', #3653, #113, #748 ) ;
#104 = CARTESIAN_POINT ( 'NONE',  ( 1.656854249492380804, 14.82812499658601801, -4.000000000000000000 ) ) ;
#105 = CYLINDRICAL_SURFACE ( 'NONE', #1353, 3.000000000000000444 ) ;
#106 = CARTESIAN_POINT ( 'NONE',  ( -3.323417656250000185, 19.82812499829300634, -4.070012794956361332E-16 ) ) ;
#107 = ORIENTED_EDGE ( 'NONE', *, *, #793, .F. ) ;
#108 = CARTESIAN_POINT ( 'NONE',  ( 2.449293598294706414E-16, 18.81250000000000000, -4.000000000000000000 ) ) ;
#109 = VERTEX_POINT ( 'NONE', #60 ) ;
#110 = CARTESIAN_POINT ( 'NONE',  ( 1.376604666648955755, 18.65624999829300634, 3.323417656249999297 ) ) ;
#111 = CARTESIAN_POINT ( 'NONE',  ( 0.5235980767340923103, 20.03591410561802988, -4.000000091744670527 ) ) ;
#112 = CARTESIAN_POINT ( 'NONE',  ( -2.828427124746190735, 21.62499999658601268, 2.828427124746189847 ) ) ;
#113 = DIRECTION ( 'NONE',  ( 0.000000000000000000, 0.000000000000000000, 1.000000000000000000 ) ) ;
#114 = DIRECTION ( 'NONE',  ( 0.000000000000000000, 1.000000000000000000, 0.000000000000000000 ) ) ;
#115 = CARTESIAN_POINT ( 'NONE',  ( 0.000000000000000000, 9.500000000000000000, 0.000000000000000000 ) ) ;
#116 = CARTESIAN_POINT ( 'NONE',  ( 0.000000000000000000, 29.50000000000000355, 3.000000000000000444 ) ) ;
#117 = CARTESIAN_POINT ( 'NONE',  ( -8.279333974455491767E-16, 19.14474906460786485, 4.507059494062498395 ) ) ;
#118 = CARTESIAN_POINT ( 'NONE',  ( 3.198666769502199969, 23.62944766923464002, -2.458187661184412676 ) ) ;
#119 = CARTESIAN_POINT ( 'NONE',  ( 3.323417656249999297, 13.81249999829300634, 1.376604666648957087 ) ) ;
#120 = PRODUCT_DEFINITION_SHAPE ( 'NONE', 'NONE',  #2477 ) ;
#121 = CARTESIAN_POINT ( 'NONE',  ( 0.5235988501201788159, 11.96348363662225367, 3.999999990508751324 ) ) ;
#122 = CARTESIAN_POINT ( 'NONE',  ( 3.323417656249998853, 12.56249999829300634, 1.376604666648957087 ) ) ;
#123 = VERTEX_POINT ( 'NONE', #326 ) ;
#124 = CARTESIAN_POINT ( 'NONE',  ( -1.656854249492380360, 18.89062500000000711, -4.000000000000000000 ) ) ;
#125 = ORIENTED_EDGE ( 'NONE', *, *, #2222, .T. ) ;
#126 = CARTESIAN_POINT ( 'NONE',  ( 3.323417656250000185, 20.14062499829300634, 0.000000000000000000 ) ) ;
#127 = CARTESIAN_POINT ( 'NONE',  ( 2.035006397478180666E-16, 12.01562499829300812, -3.323417656250000185 ) ) ;
#128 = CARTESIAN_POINT ( 'NONE',  ( -1.656854249492380360, 17.48437499658601979, -4.000000000000000000 ) ) ;
#129 = DIRECTION ( 'NONE',  ( -0.000000000000000000, -1.000000000000000000, -0.000000000000000000 ) ) ;
#130 = CARTESIAN_POINT ( 'NONE',  ( 4.000000000000000000, 12.17187499658601624, -1.656854249492380804 ) ) ;
#131 = DIRECTION ( 'NONE',  ( -0.000000000000000000, -1.000000000000000000, -0.000000000000000000 ) ) ;
#132 = EDGE_CURVE ( 'NONE', #1651, #3751, #2984, .T. ) ;
#133 = CARTESIAN_POINT ( 'NONE',  ( 0.5235978834003562898, 22.53576354117747016, -4.000000117051952131 ) ) ;
#134 = CARTESIAN_POINT ( 'NONE',  ( -3.186972331462803343, 18.98849906460786130, 3.186972331462802455 ) ) ;
#135 = AXIS2_PLACEMENT_3D ( 'NONE', #543, #3485, #808 ) ;
#136 = CARTESIAN_POINT ( 'NONE',  ( 3.999999974690219950, 13.52588953384745452, -0.5235989709648062318 ) ) ;
#137 = CARTESIAN_POINT ( 'NONE',  ( 1.376604666648955755, 14.90624999829300634, 3.323417656249999741 ) ) ;
#138 = CARTESIAN_POINT ( 'NONE',  ( 1.307662085567542559E-06, 14.28127841027536249, 3.999999999999554134 ) ) ;
#139 = CARTESIAN_POINT ( 'NONE',  ( -2.828427124746189847, 22.56249999658601624, -2.828427124746190291 ) ) ;
#140 = CARTESIAN_POINT ( 'NONE',  ( 3.323417656249998853, 13.81249999829300634, 1.376604666648957087 ) ) ;
#141 = ORIENTED_EDGE ( 'NONE', *, *, #89, .F. ) ;
#142 = CARTESIAN_POINT ( 'NONE',  ( -7.347880794884119736E-16, 20.68749999999999645, 4.000000000000000000 ) ) ;
#143 = ORIENTED_EDGE ( 'NONE', *, *, #2942, .T. ) ;
#144 = CARTESIAN_POINT ( 'NONE',  ( -2.350011161449477193, 22.17187499829300990, -2.350011161449477637 ) ) ;
#145 = CARTESIAN_POINT ( 'NONE',  ( -2.828427124746189847, 21.31249999658601268, -2.828427124746190291 ) ) ;
#146 = CARTESIAN_POINT ( 'NONE',  ( 4.000000000000000000, 22.09374999658601624, 0.000000000000000000 ) ) ;
#147 = DIRECTION ( 'NONE',  ( 1.224646799147353207E-16, 0.000000000000000000, -1.000000000000000000 ) ) ;
#148 = CARTESIAN_POINT ( 'NONE',  ( -3.495145622635512872, 12.77072668352195350, -2.014475801911999930 ) ) ;
#149 = DIRECTION ( 'NONE',  ( 0.000000000000000000, -1.000000000000000000, 0.000000000000000000 ) ) ;
#150 = CARTESIAN_POINT ( 'NONE',  ( -4.507059494062498395, 18.91037406460786485, 1.866885168863106736 ) ) ;
#151 = ADVANCED_FACE ( 'NONE', ( #98 ), #2116, .F. ) ;
#152 = CARTESIAN_POINT ( 'NONE',  ( 5.441711982157496861E-06, 15.06237740239410350, -3.999999999992157385 ) ) ;
#153 = CARTESIAN_POINT ( 'NONE',  ( -2.534977629170342972, 24.37422029197850648, -2.165044693728612302 ) ) ;
#154 = CARTESIAN_POINT ( 'NONE',  ( 3.895890680557505981, 12.30200491435438614, -1.046991635621965955 ) ) ;
#155 = EDGE_CURVE ( 'NONE', #1729, #1876, #3493, .T. ) ;
#156 = CARTESIAN_POINT ( 'NONE',  ( -2.828427124746190735, 22.87499999658601624, 2.828427124746189847 ) ) ;
#157 = CARTESIAN_POINT ( 'NONE',  ( -2.688728754851008595, 24.70234480266935861, -1.953418183777245298 ) ) ;
#158 = CARTESIAN_POINT ( 'NONE',  ( -3.198667809164916775, 20.24423489191465819, -2.458186308343838888 ) ) ;
#159 = MECHANICAL_DESIGN_GEOMETRIC_PRESENTATION_REPRESENTATION (  '', ( #3205 ), #2769 ) ;
#160 = CARTESIAN_POINT ( 'NONE',  ( -3.051049120357255617, 23.98359529368550724, -2.605805129135124965 ) ) ;
#161 = EDGE_LOOP ( 'NONE', ( #107, #1929, #2844, #3609 ) ) ;
#162 = CARTESIAN_POINT ( 'NONE',  ( 3.323417656250000185, 23.89062499829300990, 0.000000000000000000 ) ) ;
#163 = CARTESIAN_POINT ( 'NONE',  ( -2.350011161449477193, 14.67187499829300812, -2.350011161449477637 ) ) ;
#164 = CARTESIAN_POINT ( 'NONE',  ( 2.828427124746189403, 18.18749999658601624, 2.828427124746190735 ) ) ;
#165 = CARTESIAN_POINT ( 'NONE',  ( -3.895890845035643313, 17.82250575121623370, -1.046991023593093928 ) ) ;
#166 = CARTESIAN_POINT ( 'NONE',  ( 1.046485471303042363E-05, 18.81226423537186321, -3.999999999970995646 ) ) ;
#167 = DIRECTION ( 'NONE',  ( -1.000000000000000000, 0.000000000000000000, 0.000000000000000000 ) ) ;
#168 = CARTESIAN_POINT ( 'NONE',  ( 0.000000000000000000, 32.00000000000000000, -7.625000000000000000 ) ) ;
#169 = CARTESIAN_POINT ( 'NONE',  ( -4.507059494062498395, 20.08224906460785775, -5.519555982970327188E-16 ) ) ;
#170 = CARTESIAN_POINT ( 'NONE',  ( 0.000000000000000000, 24.00000000000000000, 0.000000000000000000 ) ) ;
#171 = CARTESIAN_POINT ( 'NONE',  ( 1.376604666648955755, 12.40624999829300990, 3.323417656249999741 ) ) ;
#172 = VECTOR ( 'NONE', #2436, 1000.000000000000000 ) ;
#173 = CARTESIAN_POINT ( 'NONE',  ( 2.458186791502606106, 12.43220540578982458, -3.198667437855849727 ) ) ;
#174 = CARTESIAN_POINT ( 'NONE',  ( 2.496422476734023656E-07, 22.40624998481440500, -3.999999999999992450 ) ) ;
#175 = CARTESIAN_POINT ( 'NONE',  ( -2.350011161449477193, 23.42187499829300634, -2.350011161449477637 ) ) ;
#176 = ADVANCED_FACE ( 'NONE', ( #656 ), #1299, .T. ) ;
#177 = CARTESIAN_POINT ( 'NONE',  ( -1.866885168863109623, 12.81662406460786485, 4.507059494062497507 ) ) ;
#178 = EDGE_LOOP ( 'NONE', ( #1748, #1501 ) ) ;
#179 = CARTESIAN_POINT ( 'NONE',  ( -3.323417656249999741, 21.93749999829300634, -1.376604666648955311 ) ) ;
#180 = CARTESIAN_POINT ( 'NONE',  ( 2.350011161449477193, 15.29687499829300812, 2.350011161449478081 ) ) ;
#181 = CARTESIAN_POINT ( 'NONE',  ( -4.000000000000000888, 22.79687499658601624, 1.656854249492379694 ) ) ;
#182 = LINE ( 'NONE', #1309, #1067 ) ;
#183 = EDGE_LOOP ( 'NONE', ( #2344, #916, #3320, #2167 ) ) ;
#184 = FACE_OUTER_BOUND ( 'NONE', #2809, .T. ) ;
#185 = CARTESIAN_POINT ( 'NONE',  ( -3.323417656250001517, 22.40624999829300634, 1.376604666648954201 ) ) ;
#186 = CARTESIAN_POINT ( 'NONE',  ( -3.323417656250001517, 14.90624999829300634, 1.376604666648954645 ) ) ;
#187 = CARTESIAN_POINT ( 'NONE',  ( 1.866885168863107403, 19.69162406460786130, -4.507059494062497507 ) ) ;
#188 = CARTESIAN_POINT ( 'NONE',  ( 3.495145452227353289, 13.60400982870870834, -2.014476097572669211 ) ) ;
#189 = CARTESIAN_POINT ( 'NONE',  ( 2.035006397478180666E-16, 17.95312499829300990, -3.323417656250000185 ) ) ;
#190 = AXIS2_PLACEMENT_3D ( 'NONE', #3135, #283, #2585 ) ;
#191 = CARTESIAN_POINT ( 'NONE',  ( 1.046990952977682410, 18.75994928955113394, -3.895890864012995447 ) ) ;
#192 = CARTESIAN_POINT ( 'NONE',  ( 2.063480980375171026, 11.06099168131521182, -3.727421636675512406 ) ) ;
#193 = CARTESIAN_POINT ( 'NONE',  ( 1.376604666648955755, 22.71874999829300279, 3.323417656249999297 ) ) ;
#194 = CIRCLE ( 'NONE', #1171, 10.49999999999999822 ) ;
#195 = CARTESIAN_POINT ( 'NONE',  ( 1.656854249492381248, 22.01562499999999645, 3.999999999999999112 ) ) ;
#196 = VECTOR ( 'NONE', #3208, 1000.000000000000000 ) ;
#197 = EDGE_CURVE ( 'NONE', #1729, #594, #2631, .T. ) ;
#198 = EDGE_LOOP ( 'NONE', ( #536, #412, #1744, #1521 ) ) ;
#199 = APPLICATION_CONTEXT ( 'automotive_design' ) ;
#200 = CARTESIAN_POINT ( 'NONE',  ( 1.376604666648955755, 21.15624999829300279, 3.323417656249999297 ) ) ;
#201 = CARTESIAN_POINT ( 'NONE',  ( 3.323417656250000185, 14.20312499829300812, 0.000000000000000000 ) ) ;
#202 = CARTESIAN_POINT ( 'NONE',  ( 1.656854249492381026, 23.57812499658601268, -4.000000000000000000 ) ) ;
#203 = CARTESIAN_POINT ( 'NONE',  ( 1.913030056748675545, 24.00000000000000000, -2.902675159777482250 ) ) ;
#204 = VERTEX_POINT ( 'NONE', #1828 ) ;
#205 = DIRECTION ( 'NONE',  ( -1.000000000000000000, 0.000000000000000000, 0.000000000000000000 ) ) ;
#206 =( BOUNDED_CURVE ( )  B_SPLINE_CURVE ( 2, ( #2122, #3278, #1856, #684, #3009, #406, #1836, #2729, #794 ),
 .UNSPECIFIED., .F., .F. ) 
 B_SPLINE_CURVE_WITH_KNOTS ( ( 3, 2, 2, 2, 3 ),
 ( 0.8413210089089587784, 0.8533398707806137962, 0.8653587422000591500, 0.8773776136195043929, 0.8893964965053865468 ),
 .UNSPECIFIED. ) 
 CURVE ( )  GEOMETRIC_REPRESENTATION_ITEM ( )  RATIONAL_B_SPLINE_CURVE ( ( 1.000000000000000000, 0.9238795325112867385, 1.000000000000000000, 0.9238795325112867385, 1.000000000000000000, 0.9238795325112867385, 1.000000000000000000, 0.9238795325112867385, 1.000000000000000000 ) ) 
 REPRESENTATION_ITEM ( '' )  );
#207 = CARTESIAN_POINT ( 'NONE',  ( 1.376604666648955089, 23.18749999829300634, -3.323417656249999741 ) ) ;
#208 = CARTESIAN_POINT ( 'NONE',  ( -1.376604666648954867, 14.59374999829300457, -3.323417656249999741 ) ) ;
#209 = DIRECTION ( 'NONE',  ( -0.000000000000000000, -1.000000000000000000, -0.000000000000000000 ) ) ;
#210 = CARTESIAN_POINT ( 'NONE',  ( 0.5235985600911643445, 13.78629051671831185, -4.000000028473452929 ) ) ;
#211 = CARTESIAN_POINT ( 'NONE',  ( -1.376604666648957087, 15.99999999829300812, 3.323417656249999297 ) ) ;
#212 = FACE_OUTER_BOUND ( 'NONE', #1873, .T. ) ;
#213 = CARTESIAN_POINT ( 'NONE',  ( 1.506828389254112111, 11.16297051795378259, -3.846689178251433194 ) ) ;
#214 = CARTESIAN_POINT ( 'NONE',  ( -2.350011161449477193, 16.85937499829300634, -2.350011161449477637 ) ) ;
#215 = DIRECTION ( 'NONE',  ( 0.000000000000000000, 0.000000000000000000, 1.000000000000000000 ) ) ;
#216 = CARTESIAN_POINT ( 'NONE',  ( 2.828427124746190291, 22.40625000000000000, -2.828427124746190291 ) ) ;
#217 = ORIENTED_EDGE ( 'NONE', *, *, #1924, .F. ) ;
#218 = CARTESIAN_POINT ( 'NONE',  ( 4.000000000000000000, 11.07812499999999822, -1.656854249492380804 ) ) ;
#219 = CARTESIAN_POINT ( 'NONE',  ( 2.350011161449477193, 14.04687499829300812, 2.350011161449478081 ) ) ;
#220 = CARTESIAN_POINT ( 'NONE',  ( -1.376604666648956865, 12.56249999829300812, 3.323417656249998853 ) ) ;
#221 =( NAMED_UNIT ( * ) SI_UNIT ( $, .STERADIAN. ) SOLID_ANGLE_UNIT ( ) );
#222 = ORIENTED_EDGE ( 'NONE', *, *, #1558, .T. ) ;
#223 = CIRCLE ( 'NONE', #2359, 10.49999999999999822 ) ;
#224 = DIRECTION ( 'NONE',  ( -0.000000000000000000, -1.000000000000000000, -0.000000000000000000 ) ) ;
#225 = ADVANCED_FACE ( 'NONE', ( #25 ), #677, .F. ) ;
#226 = CARTESIAN_POINT ( 'NONE',  ( -1.376604666648956865, 20.06249999829301345, 3.323417656249998853 ) ) ;
#227 = CARTESIAN_POINT ( 'NONE',  ( -2.350011161449478081, 14.98437499829300812, 2.350011161449477193 ) ) ;
#228 = CARTESIAN_POINT ( 'NONE',  ( -2.828427124746189847, 16.31249999658601624, -2.828427124746190291 ) ) ;
#229 = CARTESIAN_POINT ( 'NONE',  ( -2.828427124746190735, 21.62499999658601268, 2.828427124746189847 ) ) ;
#230 = CARTESIAN_POINT ( 'NONE',  ( 2.035006397478180666E-16, 16.70312499829300634, -3.323417656250000185 ) ) ;
#231 = CARTESIAN_POINT ( 'NONE',  ( 2.496422476734023656E-07, 22.40624998481440500, -3.999999999999992450 ) ) ;
#232 = VERTEX_POINT ( 'NONE', #3507 ) ;
#233 = CARTESIAN_POINT ( 'NONE',  ( 0.5235979800665464534, 21.28583882339778199, -4.000000104398401923 ) ) ;
#234 = FACE_OUTER_BOUND ( 'NONE', #2258, .T. ) ;
#235 = CARTESIAN_POINT ( 'NONE',  ( 1.376604666648955089, 14.12499999829300634, -3.323417656249999741 ) ) ;
#236 = VECTOR ( 'NONE', #2490, 1000.000000000000000 ) ;
#237 = VERTEX_POINT ( 'NONE', #1510 ) ;
#238 = CARTESIAN_POINT ( 'NONE',  ( -3.895890819732183985, 16.57258103343630040, -1.046991117748179212 ) ) ;
#239 = CARTESIAN_POINT ( 'NONE',  ( 4.000000000000000000, 22.32812500000000355, -1.656854249492380804 ) ) ;
#240 = EDGE_LOOP ( 'NONE', ( #843, #2014, #3149, #245 ) ) ;
#241 = CARTESIAN_POINT ( 'NONE',  ( -3.323417656250000185, 22.01562499829300990, -4.070012794956361332E-16 ) ) ;
#242 = CARTESIAN_POINT ( 'NONE',  ( -2.350011161449478081, 13.73437499829300812, 2.350011161449477193 ) ) ;
#243 = CARTESIAN_POINT ( 'NONE',  ( -1.376604666648954867, 13.34374999829300634, -3.323417656249999741 ) ) ;
#244 = CARTESIAN_POINT ( 'NONE',  ( -2.064037535527673217, 24.00000000000001421, -3.287308540765459419 ) ) ;
#245 = ORIENTED_EDGE ( 'NONE', *, *, #3769, .F. ) ;
#246 = CARTESIAN_POINT ( 'NONE',  ( -3.323417656250000185, 19.82812499829300634, -4.070012794956361332E-16 ) ) ;
#247 = CARTESIAN_POINT ( 'NONE',  ( -1.376604666648957087, 13.81249999829300634, 3.323417656249999297 ) ) ;
#248 = DIRECTION ( 'NONE',  ( 0.000000000000000000, 0.000000000000000000, 1.000000000000000000 ) ) ;
#249 = CARTESIAN_POINT ( 'NONE',  ( 0.000000000000000000, 10.49999999999999822, 0.000000000000000000 ) ) ;
#250 = CARTESIAN_POINT ( 'NONE',  ( 3.323417656249999297, 18.81249999829300990, 1.376604666648957087 ) ) ;
#251 = EDGE_CURVE ( 'NONE', #2856, #3672, #931, .T. ) ;
#252 = ORIENTED_EDGE ( 'NONE', *, *, #2734, .F. ) ;
#253 = CARTESIAN_POINT ( 'NONE',  ( 0.000000000000000000, 10.50000000000000000, 0.000000000000000000 ) ) ;
#254 = DIRECTION ( 'NONE',  ( 1.224646799147349509E-16, 0.000000000000000000, -1.000000000000000000 ) ) ;
#255 = CARTESIAN_POINT ( 'NONE',  ( -1.376604666648954867, 15.53124999829300634, -3.323417656249999741 ) ) ;
#256 = CARTESIAN_POINT ( 'NONE',  ( -4.000000000000000000, 18.89062499658601624, -1.656854249492381248 ) ) ;
#257 = CARTESIAN_POINT ( 'NONE',  ( 3.186972331462802011, 16.80099906460785775, 3.186972331462803343 ) ) ;
#258 = CIRCLE ( 'NONE', #1717, 5.500000000000000000 ) ;
#259 = VERTEX_POINT ( 'NONE', #2684 ) ;
#260 = CARTESIAN_POINT ( 'NONE',  ( -2.828427124746189847, 12.71875000000000000, -2.828427124746190291 ) ) ;
#261 = CARTESIAN_POINT ( 'NONE',  ( -1.376604666648954867, 18.34374999829300634, -3.323417656249999741 ) ) ;
#262 = CARTESIAN_POINT ( 'NONE',  ( -4.000000000000000000, 23.96874999658601624, -4.898587196589412829E-16 ) ) ;
#263 = CARTESIAN_POINT ( 'NONE',  ( 2.839570596497121180, 23.99999999999999289, -1.726830549122646774 ) ) ;
#264 = VERTEX_POINT ( 'NONE', #3526 ) ;
#265 = CARTESIAN_POINT ( 'NONE',  ( 9.950255243072246565E-16, 11.00000000000000000, -8.125000000000000000 ) ) ;
#266 = CARTESIAN_POINT ( 'NONE',  ( -2.350011161449477193, 23.42187499829300634, -2.350011161449477637 ) ) ;
#267 = CARTESIAN_POINT ( 'NONE',  ( 2.350011161449477637, 15.60937499829300812, -2.350011161449477637 ) ) ;
#268 = CARTESIAN_POINT ( 'NONE',  ( -2.828427124746189847, 20.06249999658601624, -2.828427124746190291 ) ) ;
#269 = CARTESIAN_POINT ( 'NONE',  ( -6.105019192434541011E-16, 16.07812499829300634, 3.323417656250000185 ) ) ;
#270 = CARTESIAN_POINT ( 'NONE',  ( -3.895890516083473365, 20.42651557992420663, 1.046992247635027518 ) ) ;
#271 = EDGE_CURVE ( 'NONE', #1968, #338, #2046, .T. ) ;
#272 = CARTESIAN_POINT ( 'NONE',  ( 3.198667720053606445, 18.36934781524493232, 2.458186424298230754 ) ) ;
#273 = DIRECTION ( 'NONE',  ( -0.000000000000000000, -1.000000000000000000, -0.000000000000000000 ) ) ;
#274 = CARTESIAN_POINT ( 'NONE',  ( -3.323417656249999741, 18.18749999829300634, -1.376604666648955311 ) ) ;
#275 = EDGE_CURVE ( 'NONE', #2362, #1729, #1484, .T. ) ;
#276 = CARTESIAN_POINT ( 'NONE',  ( -3.895890591992791752, 16.67674142658463055, 1.046991965174110417 ) ) ;
#277 = CARTESIAN_POINT ( 'NONE',  ( -4.507059494062498395, 17.66037406460786485, 1.866885168863106736 ) ) ;
#278 = ORIENTED_EDGE ( 'NONE', *, *, #1780, .F. ) ;
#279 = CARTESIAN_POINT ( 'NONE',  ( 4.000000000000000000, 12.32812499999999822, -1.656854249492380804 ) ) ;
#280 = CARTESIAN_POINT ( 'NONE',  ( -2.350011161449477193, 14.67187499829300812, -2.350011161449477637 ) ) ;
#281 = CARTESIAN_POINT ( 'NONE',  ( -2.014475442908055136, 18.08290673408703952, 3.495145829552388062 ) ) ;
#282 = ORIENTED_EDGE ( 'NONE', *, *, #1780, .T. ) ;
#283 = DIRECTION ( 'NONE',  ( 0.000000000000000000, 1.000000000000000000, 0.000000000000000000 ) ) ;
#284 = CIRCLE ( 'NONE', #2467, 0.1499999999999999667 ) ;
#285 = CARTESIAN_POINT ( 'NONE',  ( -2.350011161449478081, 14.67187499829300634, 2.350011161449477193 ) ) ;
#286 = CARTESIAN_POINT ( 'NONE',  ( 3.323417656250000185, 20.45312499829300634, 0.000000000000000000 ) ) ;
#287 = CARTESIAN_POINT ( 'NONE',  ( -4.000000000000000000, 13.96874999658601624, -4.898587196589412829E-16 ) ) ;
#288 = DIRECTION ( 'NONE',  ( 0.000000000000000000, -1.000000000000000000, 0.000000000000000000 ) ) ;
#289 = CARTESIAN_POINT ( 'NONE',  ( 1.376604666648955755, 23.65624999829300634, 3.323417656249999741 ) ) ;
#290 = ORIENTED_EDGE ( 'NONE', *, *, #889, .T. ) ;
#291 = CARTESIAN_POINT ( 'NONE',  ( 3.495145354854066078, 16.10385926426881653, -2.014476266516721736 ) ) ;
#292 = CARTESIAN_POINT ( 'NONE',  ( 1.376604666648955755, 18.65624999829300634, 3.323417656249999297 ) ) ;
#293 = EDGE_CURVE ( 'NONE', #3246, #3405, #1988, .T. ) ;
#294 = CARTESIAN_POINT ( 'NONE',  ( -2.458186211716880010, 21.80664078913932613, 3.198667883423033764 ) ) ;
#295 = CARTESIAN_POINT ( 'NONE',  ( -4.507059494062498395, 15.08224906460786130, -5.519555982970327188E-16 ) ) ;
#296 = ORIENTED_EDGE ( 'NONE', *, *, #3606, .T. ) ;
#297 = ADVANCED_FACE ( 'NONE', ( #1027 ), #733, .F. ) ;
#298 = CIRCLE ( 'NONE', #3177, 5.000000000000000000 ) ;
#299 = CARTESIAN_POINT ( 'NONE',  ( 4.000000000000000000, 16.00000000000000000, 0.000000000000000000 ) ) ;
#300 = CARTESIAN_POINT ( 'NONE',  ( 1.376604666648955089, 18.18749999829300634, -3.323417656249999741 ) ) ;
#301 = DIRECTION ( 'NONE',  ( 1.000000000000000000, 0.000000000000000000, 0.000000000000000000 ) ) ;
#302 = ORIENTED_EDGE ( 'NONE', *, *, #1532, .F. ) ;
#303 = CARTESIAN_POINT ( 'NONE',  ( -3.198667215060838398, 14.25501228588584368, 2.458187081410216912 ) ) ;
#304 = CARTESIAN_POINT ( 'NONE',  ( -3.323417656250000185, 14.51562499829300812, -4.070012794956361332E-16 ) ) ;
#305 = CARTESIAN_POINT ( 'NONE',  ( -2.350011161449477193, 17.17187499829300634, -2.350011161449477637 ) ) ;
#306 = CARTESIAN_POINT ( 'NONE',  ( 1.656854249492381248, 15.60937499658601624, 3.999999999999999112 ) ) ;
#307 = CARTESIAN_POINT ( 'NONE',  ( 0.000000000000000000, 24.00000000000000000, 0.000000000000000000 ) ) ;
#308 = CARTESIAN_POINT ( 'NONE',  ( 3.323417656249999741, 21.46874999829300634, -1.376604666648954867 ) ) ;
#309 = CARTESIAN_POINT ( 'NONE',  ( 3.999999999999999112, 20.76562499658601979, 1.656854249492383024 ) ) ;
#310 = CARTESIAN_POINT ( 'NONE',  ( -3.198667927977252301, 22.74408432747407360, -2.458186153741547919 ) ) ;
#311 = CYLINDRICAL_SURFACE ( 'NONE', #2689, 4.000000000000000000 ) ;
#312 = CARTESIAN_POINT ( 'NONE',  ( -2.350011161449477193, 23.10937499829300634, -2.350011161449477637 ) ) ;
#313 = DIRECTION ( 'NONE',  ( 0.000000000000000000, 0.000000000000000000, -1.000000000000000000 ) ) ;
#314 = VERTEX_POINT ( 'NONE', #2191 ) ;
#315 = AXIS2_PLACEMENT_3D ( 'NONE', #1332, #2815, #2493 ) ;
#316 = EDGE_CURVE ( 'NONE', #3696, #2713, #1456, .T. ) ;
#317 = CARTESIAN_POINT ( 'NONE',  ( 2.449293598294706414E-16, 12.56249999999999822, -4.000000000000000000 ) ) ;
#318 = CARTESIAN_POINT ( 'NONE',  ( 1.376604666648955755, 17.71874999829300634, 3.323417656249999297 ) ) ;
#319 = ORIENTED_EDGE ( 'NONE', *, *, #2761, .F. ) ;
#320 = CARTESIAN_POINT ( 'NONE',  ( -2.014475611848522529, 15.58305729852714627, 3.495145732181225817 ) ) ;
#321 = CARTESIAN_POINT ( 'NONE',  ( 3.323417656250000185, 13.89062499829300812, 0.000000000000000000 ) ) ;
#322 = CARTESIAN_POINT ( 'NONE',  ( -3.323417656250000185, 19.82812499829300634, -4.070012794956361332E-16 ) ) ;
#323 = CARTESIAN_POINT ( 'NONE',  ( -1.656854249492380360, 12.48437499658601801, -4.000000000000000000 ) ) ;
#324 = CARTESIAN_POINT ( 'NONE',  ( 4.000000000000000000, 11.00000000000000000, 0.000000000000000000 ) ) ;
#325 = CARTESIAN_POINT ( 'NONE',  ( 2.350011161449477193, 22.48437499829300634, 2.350011161449478081 ) ) ;
#326 = CARTESIAN_POINT ( 'NONE',  ( 3.291665326453186317E-06, 18.03132118774972881, 3.999999999997206235 ) ) ;
#327 = DIRECTION ( 'NONE',  ( 0.000000000000000000, 0.000000000000000000, -1.000000000000000000 ) ) ;
#328 = CARTESIAN_POINT ( 'NONE',  ( 0.000000000000000000, 10.50000000000000000, 0.000000000000000000 ) ) ;
#329 = CARTESIAN_POINT ( 'NONE',  ( -1.376604666648954867, 21.78124999829300990, -3.323417656249999741 ) ) ;
#330 = VECTOR ( 'NONE', #43, 1000.000000000000000 ) ;
#331 =( BOUNDED_CURVE ( )  B_SPLINE_CURVE ( 2, ( #2834, #2912, #268, #3140, #1081, #1391, #3160, #849, #1158 ),
 .UNSPECIFIED., .F., .T. ) 
 B_SPLINE_CURVE_WITH_KNOTS ( ( 3, 2, 2, 2, 3 ),
 ( 0.6009435363256372398, 0.6129624423917086062, 0.6249813138111538491, 0.6370001852305990919, 0.6490190560949717913 ),
 .UNSPECIFIED. ) 
 CURVE ( )  GEOMETRIC_REPRESENTATION_ITEM ( )  RATIONAL_B_SPLINE_CURVE ( ( 1.000000000000000000, 0.9238795325112867385, 1.000000000000000000, 0.9238795325112867385, 1.000000000000000000, 0.9238795325112867385, 1.000000000000000000, 0.9238795325112867385, 1.000000000000000000 ) ) 
 REPRESENTATION_ITEM ( '' )  );
#332 = CARTESIAN_POINT ( 'NONE',  ( 0.3744823769874937591, 24.00000000000003908, 3.470262419046288294 ) ) ;
#333 = CARTESIAN_POINT ( 'NONE',  ( -1.297643473929754731E-05, 20.68720765186022348, 3.999999999955402785 ) ) ;
#334 = CARTESIAN_POINT ( 'NONE',  ( 2.035006397478180666E-16, 18.26562499829300990, -3.323417656250000185 ) ) ;
#335 = ORIENTED_EDGE ( 'NONE', *, *, #3321, .T. ) ;
#336 = CARTESIAN_POINT ( 'NONE',  ( -1.656854249492380360, 13.89062500000000000, -4.000000000000000000 ) ) ;
#337 = CARTESIAN_POINT ( 'NONE',  ( -1.376604666648956865, 13.81249999829300634, 3.323417656249998853 ) ) ;
#338 = VERTEX_POINT ( 'NONE', #3583 ) ;
#339 = CARTESIAN_POINT ( 'NONE',  ( -3.999999955708316790, 15.40077661051756408, 0.5235991159757430458 ) ) ;
#340 = CARTESIAN_POINT ( 'NONE',  ( -3.323417656250000185, 15.76562499829300990, -4.070012794956361332E-16 ) ) ;
#341 = CARTESIAN_POINT ( 'NONE',  ( -2.350011161449478081, 21.23437499829300634, 2.350011161449477193 ) ) ;
#342 = CARTESIAN_POINT ( 'NONE',  ( -2.828427124746189847, 13.81249999658601624, -2.828427124746190291 ) ) ;
#343 = LINE ( 'NONE', #3524, #3570 ) ;
#344 = CARTESIAN_POINT ( 'NONE',  ( 2.350011161449477193, 21.23437499829300634, 2.350011161449478081 ) ) ;
#345 = CARTESIAN_POINT ( 'NONE',  ( 3.495145793038507698, 17.14546319575210731, 2.014475506260202664 ) ) ;
#346 = EDGE_CURVE ( 'NONE', #1822, #521, #1667, .T. ) ;
#347 = AXIS2_PLACEMENT_3D ( 'NONE', #398, #713, #454 ) ;
#348 = CARTESIAN_POINT ( 'NONE',  ( 7.116090318405943259E-06, 16.31233968005350832, -3.999999999986588062 ) ) ;
#349 = DIRECTION ( 'NONE',  ( 0.000000000000000000, 0.000000000000000000, 1.000000000000000000 ) ) ;
#350 = CARTESIAN_POINT ( 'NONE',  ( 3.323417656249998853, 22.56249999829300634, 1.376604666648957087 ) ) ;
#351 = AXIS2_PLACEMENT_3D ( 'NONE', #401, #149, #1567 ) ;
#352 = CARTESIAN_POINT ( 'NONE',  ( 7.116090318405943259E-06, 16.31233968005350832, -3.999999999986588062 ) ) ;
#353 = LINE ( 'NONE', #2673, #2505 ) ;
#354 = CARTESIAN_POINT ( 'NONE',  ( -6.105019192434541011E-16, 21.39062499829300634, 3.323417656250000185 ) ) ;
#355 = ORIENTED_EDGE ( 'NONE', *, *, #3769, .T. ) ;
#356 = CARTESIAN_POINT ( 'NONE',  ( 1.656854249492381026, 18.73437500000000000, -4.000000000000000000 ) ) ;
#357 = CARTESIAN_POINT ( 'NONE',  ( 1.376604666648955089, 16.93749999829300634, -3.323417656249999741 ) ) ;
#358 = VERTEX_POINT ( 'NONE', #437 ) ;
#359 = CARTESIAN_POINT ( 'NONE',  ( 3.323417656249999741, 12.71874999829300634, -1.376604666648954867 ) ) ;
#360 = CARTESIAN_POINT ( 'NONE',  ( 3.323417656249999741, 16.78124999829300990, -1.376604666648954867 ) ) ;
#361 = CARTESIAN_POINT ( 'NONE',  ( -7.347880794884119736E-16, 13.03124999658601624, 4.000000000000000000 ) ) ;
#362 = SURFACE_STYLE_FILL_AREA ( #2963 ) ;
#363 = CARTESIAN_POINT ( 'NONE',  ( 2.350011161449477637, 21.54687499829300634, -2.350011161449477637 ) ) ;
#364 = CARTESIAN_POINT ( 'NONE',  ( 0.000000000000000000, 10.49999999999999822, 0.000000000000000000 ) ) ;
#365 = CARTESIAN_POINT ( 'NONE',  ( -3.895890946245989195, 22.82220462233529545, -1.046990646985671347 ) ) ;
#366 = CARTESIAN_POINT ( 'NONE',  ( 4.507059494062498395, 16.95724906460786485, 0.000000000000000000 ) ) ;
#367 = EDGE_CURVE ( 'NONE', #594, #1286, #1975, .T. ) ;
#368 = DIRECTION ( 'NONE',  ( 0.000000000000000000, 1.000000000000000000, 0.000000000000000000 ) ) ;
#369 = CARTESIAN_POINT ( 'NONE',  ( 2.350011161449477637, 19.04687499829300990, -2.350011161449477637 ) ) ;
#370 = DIRECTION ( 'NONE',  ( -0.000000000000000000, -1.000000000000000000, -0.000000000000000000 ) ) ;
#371 = CARTESIAN_POINT ( 'NONE',  ( -4.000000000000000888, 15.29687499658601801, 1.656854249492379694 ) ) ;
#372 = CARTESIAN_POINT ( 'NONE',  ( -1.376604666648956865, 18.81249999829300990, 3.323417656249998853 ) ) ;
#373 = ORIENTED_EDGE ( 'NONE', *, *, #2942, .F. ) ;
#374 = CARTESIAN_POINT ( 'NONE',  ( -2.828427124746189847, 21.46875000000000000, -2.828427124746190291 ) ) ;
#375 = CARTESIAN_POINT ( 'NONE',  ( 2.035006397478180666E-16, 19.51562499829300634, -3.323417656250000185 ) ) ;
#376 = ORIENTED_EDGE ( 'NONE', *, *, #3341, .F. ) ;
#377 = CIRCLE ( 'NONE', #689, 0.5000000000000004441 ) ;
#378 = CARTESIAN_POINT ( 'NONE',  ( -2.350011161449477193, 19.35937499829300990, -2.350011161449477637 ) ) ;
#379 = CARTESIAN_POINT ( 'NONE',  ( -3.323417656250001517, 22.40624999829300634, 1.376604666648954645 ) ) ;
#380 = CARTESIAN_POINT ( 'NONE',  ( -4.000000000000000000, 20.14062499658601624, -1.656854249492381248 ) ) ;
#381 = CARTESIAN_POINT ( 'NONE',  ( 2.795759065336291371, 11.00000000000000355, -3.272546430143481899 ) ) ;
#382 = DIRECTION ( 'NONE',  ( -1.598721155460225418E-14, 0.000000000000000000, -1.000000000000000000 ) ) ;
#383 = DIRECTION ( 'NONE',  ( 0.000000000000000000, 0.000000000000000000, -1.000000000000000000 ) ) ;
#384 = AXIS2_PLACEMENT_3D ( 'NONE', #1607, #2480, #2496 ) ;
#385 = DIRECTION ( 'NONE',  ( 0.000000000000000000, 0.000000000000000000, -1.000000000000000000 ) ) ;
#386 = CARTESIAN_POINT ( 'NONE',  ( 1.866885168863107403, 17.19162406460786130, -4.507059494062497507 ) ) ;
#387 = DIRECTION ( 'NONE',  ( 0.000000000000000000, 1.000000000000000000, 0.000000000000000000 ) ) ;
#388 = CARTESIAN_POINT ( 'NONE',  ( -1.376604666648956865, 23.49999999829300990, 3.323417656249998853 ) ) ;
#389 = CARTESIAN_POINT ( 'NONE',  ( -3.948255727395802772, 24.00000000000000355, 0.6413085927120029117 ) ) ;
#390 = CARTESIAN_POINT ( 'NONE',  ( 3.323417656249999741, 18.03124999829300634, -1.376604666648954867 ) ) ;
#391 = ORIENTED_EDGE ( 'NONE', *, *, #2690, .T. ) ;
#392 = EDGE_CURVE ( 'NONE', #2599, #3134, #708, .T. ) ;
#393 = CARTESIAN_POINT ( 'NONE',  ( -4.000000000000000000, 19.12500000000000000, -4.898587196589412829E-16 ) ) ;
#394 = ORIENTED_EDGE ( 'NONE', *, *, #3719, .F. ) ;
#395 = CARTESIAN_POINT ( 'NONE',  ( -2.350011161449477193, 18.10937499829300990, -2.350011161449477637 ) ) ;
#396 = CARTESIAN_POINT ( 'NONE',  ( -2.350011161449478081, 22.48437499829300990, 2.350011161449477193 ) ) ;
#397 = CARTESIAN_POINT ( 'NONE',  ( -4.000000000000000888, 21.54687499658601624, 1.656854249492379694 ) ) ;
#398 = CARTESIAN_POINT ( 'NONE',  ( 0.000000000000000000, 29.50000000000000355, 0.000000000000000000 ) ) ;
#399 = CARTESIAN_POINT ( 'NONE',  ( -7.227421135308288384E-06, 14.90625033737828709, -3.999999999993470556 ) ) ;
#400 = DIRECTION ( 'NONE',  ( 0.000000000000000000, 0.000000000000000000, 1.000000000000000000 ) ) ;
#401 = CARTESIAN_POINT ( 'NONE',  ( 0.000000000000000000, 10.49999999999999822, 0.000000000000000000 ) ) ;
#402 = CARTESIAN_POINT ( 'NONE',  ( 2.759777991485163594E-16, 22.26974906460785775, -4.507059494062498395 ) ) ;
#403 = CARTESIAN_POINT ( 'NONE',  ( -3.323417656250001517, 14.59374999829300457, 1.376604666648954645 ) ) ;
#404 = AXIS2_PLACEMENT_3D ( 'NONE', #2189, #3378, #783 ) ;
#405 = CARTESIAN_POINT ( 'NONE',  ( 4.000000012654970405, 12.22388461949312699, 0.5235986809355276383 ) ) ;
#406 = CARTESIAN_POINT ( 'NONE',  ( 4.000000000000000000, 23.42187499658601979, -1.656854249492380582 ) ) ;
#407 = CARTESIAN_POINT ( 'NONE',  ( -1.376604666648956865, 22.56249999829301345, 3.323417656249998853 ) ) ;
#408 = ORIENTED_EDGE ( 'NONE', *, *, #2201, .T. ) ;
#409 = B_SPLINE_CURVE_WITH_KNOTS ( 'NONE', 3,
 ( #2351, #3506, #2062, #991, #2773, #1256, #2154, #1008, #2754, #1310 ),
 .UNSPECIFIED., .F., .F.,
 ( 4, 2, 2, 2, 4 ),
 ( 0.000000000000000000, 0.0009484876753639147774, 0.001896975350727829555, 0.002845463026091744549, 0.003793950701455659109 ),
 .UNSPECIFIED. ) ;
#410 = CARTESIAN_POINT ( 'NONE',  ( 2.449293598294706414E-16, 17.56250000000000000, -4.000000000000000000 ) ) ;
#411 = ADVANCED_FACE ( 'NONE', ( #1849 ), #3311, .T. ) ;
#412 = ORIENTED_EDGE ( 'NONE', *, *, #1875, .T. ) ;
#413 = CARTESIAN_POINT ( 'NONE',  ( -2.350011161449478081, 17.17187499829300634, 2.350011161449477193 ) ) ;
#414 = CARTESIAN_POINT ( 'NONE',  ( 0.5235994301561160968, 19.46303194330228692, 3.999999914582150318 ) ) ;
#415 = CARTESIAN_POINT ( 'NONE',  ( -1.656854249492380360, 18.73437499658602334, -4.000000000000000000 ) ) ;
#416 = CARTESIAN_POINT ( 'NONE',  ( 3.192408228438131089E-06, 21.78131968032069565, 3.999999999997323474 ) ) ;
#417 = FACE_OUTER_BOUND ( 'NONE', #12, .T. ) ;
#418 = CARTESIAN_POINT ( 'NONE',  ( 0.000000000000000000, 0.5000000000000004441, 0.000000000000000000 ) ) ;
#419 = AXIS2_PLACEMENT_3D ( 'NONE', #3021, #3288, #2722 ) ;
#420 = DIRECTION ( 'NONE',  ( -0.000000000000000000, -1.000000000000000000, -0.000000000000000000 ) ) ;
#421 = CARTESIAN_POINT ( 'NONE',  ( -1.866885168863109623, 20.31662406460786485, 4.507059494062497507 ) ) ;
#422 = CARTESIAN_POINT ( 'NONE',  ( 3.195428320700559599, 23.99999999999998934, -0.9385711177683793149 ) ) ;
#423 = CARTESIAN_POINT ( 'NONE',  ( -2.350011161449477193, 24.35937499829300634, -2.350011161449477637 ) ) ;
#424 = DIRECTION ( 'NONE',  ( 0.000000000000000000, 0.000000000000000000, -1.000000000000000000 ) ) ;
#425 = CARTESIAN_POINT ( 'NONE',  ( 1.732894216740866078, 11.01487031884520640, -4.020473682439717145 ) ) ;
#426 = CARTESIAN_POINT ( 'NONE',  ( 1.376604666648955755, 13.65624999829300990, 3.323417656249999297 ) ) ;
#427 = ORIENTED_EDGE ( 'NONE', *, *, #1107, .T. ) ;
#428 = CARTESIAN_POINT ( 'NONE',  ( -2.828427124746190735, 20.53125000000000000, 2.828427124746189847 ) ) ;
#429 = B_SPLINE_CURVE_WITH_KNOTS ( 'NONE', 3,
 ( #324, #23, #959, #1255, #2114, #905, #1198, #2061, #2096, #1488, #381, #654, #2421, #3268, #974, #2646, #40, #2367 ),
 .UNSPECIFIED., .F., .F.,
 ( 4, 2, 2, 2, 2, 2, 2, 2, 4 ),
 ( 0.000000000000000000, 0.0007671284320993328274, 0.001534256864198665655, 0.002301385296297999133, 0.003068513728397332611, 0.003835642160496666522, 0.004602770592595999133, 0.005369899024695334346, 0.006137027456794669558 ),
 .UNSPECIFIED. ) ;
#430 = ORIENTED_EDGE ( 'NONE', *, *, #864, .F. ) ;
#431 = EDGE_CURVE ( 'NONE', #3535, #3134, #697, .T. ) ;
#432 = CARTESIAN_POINT ( 'NONE',  ( 2.350011161449477193, 19.98437499829300990, 2.350011161449478081 ) ) ;
#433 = CARTESIAN_POINT ( 'NONE',  ( 1.381362927587294599E-05, 21.31218879068961058, -3.999999999949462204 ) ) ;
#434 = CARTESIAN_POINT ( 'NONE',  ( 3.999999999999999112, 19.51562499658601979, 1.656854249492383246 ) ) ;
#435 =( LENGTH_UNIT ( ) NAMED_UNIT ( * ) SI_UNIT ( .MILLI., .METRE. ) );
#436 = CARTESIAN_POINT ( 'NONE',  ( 4.439344646909155037E-16, 28.00000000000000000, -3.624999999999999556 ) ) ;
#437 = CARTESIAN_POINT ( 'NONE',  ( 1.726830549122646996, 23.99999999999999645, 2.839570596497121624 ) ) ;
#438 = EDGE_CURVE ( 'NONE', #264, #54, #93, .T. ) ;
#439 = CARTESIAN_POINT ( 'NONE',  ( 9.337931843498568852E-16, 28.00000000000000000, 7.625000000000000000 ) ) ;
#440 = CARTESIAN_POINT ( 'NONE',  ( -4.507059494062498395, 22.66037406460786130, 1.866885168863106736 ) ) ;
#441 = AXIS2_PLACEMENT_3D ( 'NONE', #3350, #2459, #3078 ) ;
#442 = CARTESIAN_POINT ( 'NONE',  ( 4.000000025309771168, 13.47380933727327879, 0.5235985842599129025 ) ) ;
#443 = DIRECTION ( 'NONE',  ( 0.000000000000000000, 0.000000000000000000, 1.000000000000000000 ) ) ;
#444 = CARTESIAN_POINT ( 'NONE',  ( 2.014475991980345437, 12.04160393148351815, 3.495145513086970190 ) ) ;
#445 = CARTESIAN_POINT ( 'NONE',  ( 0.8657509329182364599, 11.00000000000000000, -4.402889937911873552 ) ) ;
#446 = CARTESIAN_POINT ( 'NONE',  ( -1.376604666648956865, 12.24999999829300634, 3.323417656249998853 ) ) ;
#447 = CARTESIAN_POINT ( 'NONE',  ( -0.5235994784903266197, 20.08799430219218607, -3.999999908255206016 ) ) ;
#448 = CARTESIAN_POINT ( 'NONE',  ( -4.507059494062497507, 11.25412406460786308, -1.866885168863107625 ) ) ;
#449 = ORIENTED_EDGE ( 'NONE', *, *, #1924, .T. ) ;
#450 = AXIS2_PLACEMENT_3D ( 'NONE', #2470, #1292, #147 ) ;
#451 = CARTESIAN_POINT ( 'NONE',  ( -1.376604666648956865, 18.49999999829300279, 3.323417656249998853 ) ) ;
#452 = CARTESIAN_POINT ( 'NONE',  ( 3.323417656249999741, 21.78124999829300990, -1.376604666648954867 ) ) ;
#453 = CARTESIAN_POINT ( 'NONE',  ( 2.828427124746189403, 21.93749999658601268, 2.828427124746190735 ) ) ;
#454 = DIRECTION ( 'NONE',  ( 0.000000000000000000, 0.000000000000000000, 1.000000000000000000 ) ) ;
#455 = CARTESIAN_POINT ( 'NONE',  ( 4.000000000000000000, 11.50000000000000000, 0.000000000000000000 ) ) ;
#456 = CARTESIAN_POINT ( 'NONE',  ( -3.198667274472040134, 13.00508756810573097, 2.458187004102572626 ) ) ;
#457 = CARTESIAN_POINT ( 'NONE',  ( 2.828427124746189403, 18.18749999658601624, 2.828427124746190735 ) ) ;
#458 = CARTESIAN_POINT ( 'NONE',  ( 1.866885168863108069, 22.97287406460786485, 4.507059494062497507 ) ) ;
#459 = CARTESIAN_POINT ( 'NONE',  ( 3.495145646979289644, 13.39568904241202496, 2.014475759675177891 ) ) ;
#460 = CARTESIAN_POINT ( 'NONE',  ( 3.323417656249999297, 15.06249999829300812, 1.376604666648957087 ) ) ;
#461 = EDGE_CURVE ( 'NONE', #2484, #16, #3699, .T. ) ;
#462 = CARTESIAN_POINT ( 'NONE',  ( -2.828427124746189847, 12.56249999658601624, -2.828427124746190291 ) ) ;
#463 = CARTESIAN_POINT ( 'NONE',  ( 1.969419560876887854, 11.09917727099579210, -3.710398582674514056 ) ) ;
#464 = CARTESIAN_POINT ( 'NONE',  ( -1.376604666648956865, 13.49999999829300634, 3.323417656249998853 ) ) ;
#465 = AXIS2_PLACEMENT_3D ( 'NONE', #1978, #3174, #3397 ) ;
#466 = CARTESIAN_POINT ( 'NONE',  ( 2.828427124746189403, 22.09375000000000000, 2.828427124746190735 ) ) ;
#467 = ORIENTED_EDGE ( 'NONE', *, *, #2134, .F. ) ;
#468 = CARTESIAN_POINT ( 'NONE',  ( -2.350011161449477193, 20.60937499829300634, -2.350011161449477637 ) ) ;
#469 = CARTESIAN_POINT ( 'NONE',  ( -6.105019192434541011E-16, 13.89062499829300812, 3.323417656250000185 ) ) ;
#470 = CARTESIAN_POINT ( 'NONE',  ( 2.350011161449477637, 11.85937499829300812, -2.350011161449477637 ) ) ;
#471 =( NAMED_UNIT ( * ) PLANE_ANGLE_UNIT ( ) SI_UNIT ( $, .RADIAN. ) );
#472 = ORIENTED_EDGE ( 'NONE', *, *, #275, .T. ) ;
#473 = CARTESIAN_POINT ( 'NONE',  ( -3.999999981017601236, 12.90092717495738306, 0.5235989226271990926 ) ) ;
#474 = CARTESIAN_POINT ( 'NONE',  ( -3.323417656250000185, 21.07812499829300634, -4.070012794956361332E-16 ) ) ;
#475 = CARTESIAN_POINT ( 'NONE',  ( -2.350011161449477193, 14.67187499829300812, -2.350011161449477637 ) ) ;
#476 = CARTESIAN_POINT ( 'NONE',  ( 4.507059494062497507, 18.12912406460786485, 1.866885168863110067 ) ) ;
#477 = CYLINDRICAL_SURFACE ( 'NONE', #1287, 4.000000000000000000 ) ;
#478 = CARTESIAN_POINT ( 'NONE',  ( -2.350011161449478081, 12.17187499829300812, 2.350011161449477193 ) ) ;
#479 = VECTOR ( 'NONE', #209, 1000.000000000000000 ) ;
#480 = B_SPLINE_CURVE_WITH_KNOTS ( 'NONE', 3,
 ( #62, #964, #944, #2950, #2100, #2119, #2725, #1569, #1813, #2687, #82, #1551, #101, #1886, #3676, #3385, #1587, #152 ),
 .UNSPECIFIED., .F., .F.,
 ( 4, 2, 2, 2, 2, 2, 2, 2, 4 ),
 ( 0.2644230211984132661, 0.2704326353165585339, 0.2764422494347037462, 0.2824518635528490140, 0.2884614776709942818, 0.2944710917891394941, 0.3004807059072847619, 0.3064903200254299742, 0.3124999341435752420 ),
 .UNSPECIFIED. ) ;
#481 = ADVANCED_FACE ( 'NONE', ( #184 ), #1347, .F. ) ;
#482 = CARTESIAN_POINT ( 'NONE',  ( 3.198667304177939208, 12.38012520921565063, -2.458186965448361239 ) ) ;
#483 = CARTESIAN_POINT ( 'NONE',  ( 1.273420745721212111, 11.18703901357387309, -3.910500414571830952 ) ) ;
#484 = CARTESIAN_POINT ( 'NONE',  ( -2.350011161449478081, 12.17187499829300812, 2.350011161449477193 ) ) ;
#485 = CARTESIAN_POINT ( 'NONE',  ( 4.000000000000000000, 23.57812500000000355, -1.656854249492380804 ) ) ;
#486 = ORIENTED_EDGE ( 'NONE', *, *, #2500, .T. ) ;
#487 = CARTESIAN_POINT ( 'NONE',  ( -2.350011161449477193, 23.10937499829300634, -2.350011161449477637 ) ) ;
#488 = CARTESIAN_POINT ( 'NONE',  ( 2.350011161449477637, 14.35937499829300812, -2.350011161449477637 ) ) ;
#489 = CARTESIAN_POINT ( 'NONE',  ( -2.350011161449478081, 12.48437499829300812, 2.350011161449477193 ) ) ;
#490 = CARTESIAN_POINT ( 'NONE',  ( 0.2838135374995195415, 23.99999999999999289, -3.641635405634987332 ) ) ;
#491 = ORIENTED_EDGE ( 'NONE', *, *, #1785, .T. ) ;
#492 = DIRECTION ( 'NONE',  ( 0.000000000000000000, 0.000000000000000000, 1.000000000000000000 ) ) ;
#493 = CARTESIAN_POINT ( 'NONE',  ( -3.323417656249999741, 19.74999999829300634, -1.376604666648955311 ) ) ;
#494 = CARTESIAN_POINT ( 'NONE',  ( 1.376604666648955755, 12.71874999829300812, 3.323417656249999741 ) ) ;
#495 = CARTESIAN_POINT ( 'NONE',  ( -3.948255727395802772, 24.00000000000000355, 0.6413085927120029117 ) ) ;
#496 = CARTESIAN_POINT ( 'NONE',  ( -2.930149260134824437E-06, 13.18743398590471649, 3.999999999997725819 ) ) ;
#497 = CARTESIAN_POINT ( 'NONE',  ( -3.323417656249999741, 18.18749999829300634, -1.376604666648955311 ) ) ;
#498 = AXIS2_PLACEMENT_3D ( 'NONE', #936, #1154, #2363 ) ;
#499 = TOROIDAL_SURFACE ( 'NONE', #1412, 4.500000000000000888, 0.5000000000000000000 ) ;
#500 = DIRECTION ( 'NONE',  ( -0.000000000000000000, -1.000000000000000000, -0.000000000000000000 ) ) ;
#501 = CARTESIAN_POINT ( 'NONE',  ( 2.056685118909789001, 11.07101135414868764, -3.711164355409345195 ) ) ;
#502 = CARTESIAN_POINT ( 'NONE',  ( 2.350011161449477637, 14.04687499829300812, -2.350011161449477637 ) ) ;
#503 = EDGE_CURVE ( 'NONE', #1858, #521, #1576, .T. ) ;
#504 = CIRCLE ( 'NONE', #2807, 15.50000000000000000 ) ;
#505 = CARTESIAN_POINT ( 'NONE',  ( -0.5235983184085749587, 16.91110231116837781, 4.000000060109599964 ) ) ;
#506 = CARTESIAN_POINT ( 'NONE',  ( 2.828427124746189403, 23.34375000000000000, 2.828427124746190735 ) ) ;
#507 = ORIENTED_EDGE ( 'NONE', *, *, #3606, .F. ) ;
#508 = ADVANCED_FACE ( 'NONE', ( #2563 ), #1533, .T. ) ;
#509 = CARTESIAN_POINT ( 'NONE',  ( -3.323417656250000185, 20.76562499829300634, -4.070012794956361332E-16 ) ) ;
#510 = CARTESIAN_POINT ( 'NONE',  ( -3.323417656250000185, 16.07812499829300990, -4.070012794956361332E-16 ) ) ;
#511 = CARTESIAN_POINT ( 'NONE',  ( 2.828427124746189403, 23.18749999658601624, 2.828427124746190735 ) ) ;
#512 = DIRECTION ( 'NONE',  ( -0.000000000000000000, -1.000000000000000000, -0.000000000000000000 ) ) ;
#513 = VECTOR ( 'NONE', #923, 1000.000000000000000 ) ;
#514 = ORIENTED_EDGE ( 'NONE', *, *, #316, .T. ) ;
#515 = CARTESIAN_POINT ( 'NONE',  ( 0.000000000000000000, 24.00000000000000000, 0.000000000000000000 ) ) ;
#516 = CARTESIAN_POINT ( 'NONE',  ( 1.376604666648955755, 21.46874999829300279, 3.323417656249999297 ) ) ;
#517 = CARTESIAN_POINT ( 'NONE',  ( -3.323417656249999741, 12.24999999829300812, -1.376604666648955311 ) ) ;
#518 = DIRECTION ( 'NONE',  ( -0.000000000000000000, -1.000000000000000000, -0.000000000000000000 ) ) ;
#519 = DIRECTION ( 'NONE',  ( 0.000000000000000000, 0.000000000000000000, 1.000000000000000000 ) ) ;
#520 = CARTESIAN_POINT ( 'NONE',  ( 1.376604666648955089, 15.37499999829301167, -3.323417656249999741 ) ) ;
#521 = VERTEX_POINT ( 'NONE', #1671 ) ;
#522 = CARTESIAN_POINT ( 'NONE',  ( 3.495145257483378121, 18.60370869982865472, -2.014476435456244996 ) ) ;
#523 = DIRECTION ( 'NONE',  ( 0.000000000000000000, -1.000000000000000000, 0.000000000000000000 ) ) ;
#524 = CARTESIAN_POINT ( 'NONE',  ( 3.323417656249998853, 18.81249999829300990, 1.376604666648957087 ) ) ;
#525 = ORIENTED_EDGE ( 'NONE', *, *, #1684, .T. ) ;
#526 = CARTESIAN_POINT ( 'NONE',  ( -3.495145135773692679, 21.72852049427809362, 2.014476646624246747 ) ) ;
#527 = CARTESIAN_POINT ( 'NONE',  ( -4.507059494062498395, 11.41037406460786130, 1.866885168863106736 ) ) ;
#528 = ORIENTED_EDGE ( 'NONE', *, *, #2482, .T. ) ;
#529 = CIRCLE ( 'NONE', #3015, 0.5000000000000004441 ) ;
#530 = B_SPLINE_CURVE_WITH_KNOTS ( 'NONE', 3,
 ( #1940, #718, #736, #2211, #2441, #2795, #1029, #3096, #1870, #1044, #3314, #3024, #422, #3061, #3041, #772 ),
 .UNSPECIFIED., .F., .F.,
 ( 4, 2, 2, 2, 2, 2, 2, 4 ),
 ( 0.000000000000000000, 0.001311294113093320690, 0.001966941169639981144, 0.002622588226186641381, 0.003278235282733301618, 0.003933882339279962288, 0.004589529395826622525, 0.005245176452373282762 ),
 .UNSPECIFIED. ) ;
#531 = EDGE_CURVE ( 'NONE', #2412, #2856, #3731, .T. ) ;
#532 = CARTESIAN_POINT ( 'NONE',  ( -6.105019192434541011E-16, 22.32812499829300990, 3.323417656250000185 ) ) ;
#533 = CARTESIAN_POINT ( 'NONE',  ( -6.105019192434541011E-16, 15.14062499829300812, 3.323417656250000185 ) ) ;
#534 = CARTESIAN_POINT ( 'NONE',  ( -3.323417656250000185, 12.32812499829300812, -4.070012794956361332E-16 ) ) ;
#535 = DIRECTION ( 'NONE',  ( -1.000000000000000000, 0.000000000000000000, 0.000000000000000000 ) ) ;
#536 = ORIENTED_EDGE ( 'NONE', *, *, #1414, .F. ) ;
#537 = B_SPLINE_CURVE_WITH_KNOTS ( 'NONE', 3,
 ( #389, #1188, #2691, #1759, #662, #3551, #1553, #2936, #894, #2636, #3532, #30, #2991, #927, #2357, #332, #1815, #84, #2409, #3513 ),
 .UNSPECIFIED., .F., .F.,
 ( 4, 2, 2, 2, 2, 2, 2, 2, 2, 4 ),
 ( 0.000000000000000000, 0.0008946229511164783014, 0.001789245902232956603, 0.002683868853349434796, 0.003578491804465913206, 0.004473114755582390314, 0.004920426231140629519, 0.005367737706698868724, 0.006262360657815346267, 0.007156983608931822942 ),
 .UNSPECIFIED. ) ;
#538 = AXIS2_PLACEMENT_3D ( 'NONE', #3639, #2192, #3348 ) ;
#539 = CARTESIAN_POINT ( 'NONE',  ( 4.000000000000000000, 11.50000000000000000, 0.000000000000000000 ) ) ;
#540 = CARTESIAN_POINT ( 'NONE',  ( 1.376604666648955089, 21.93749999829300634, -3.323417656249999741 ) ) ;
#541 = CARTESIAN_POINT ( 'NONE',  ( -3.323417656250001517, 12.40624999829300990, 1.376604666648954645 ) ) ;
#542 = CARTESIAN_POINT ( 'NONE',  ( 0.000000000000000000, 0.5000000000000004441, 0.000000000000000000 ) ) ;
#543 = CARTESIAN_POINT ( 'NONE',  ( 0.000000000000000000, 10.00000000000000000, 0.000000000000000000 ) ) ;
#544 = CARTESIAN_POINT ( 'NONE',  ( 2.350011161449477637, 17.79687499829300634, -2.350011161449477637 ) ) ;
#545 = CARTESIAN_POINT ( 'NONE',  ( -2.014475273972128999, 20.58275616964667520, 3.495145926920922630 ) ) ;
#546 = CARTESIAN_POINT ( 'NONE',  ( 2.014475400673628958, 18.70786909297697065, -3.495145853894779275 ) ) ;
#547 = FACE_OUTER_BOUND ( 'NONE', #198, .T. ) ;
#548 = CARTESIAN_POINT ( 'NONE',  ( 3.323417656249999741, 17.71874999829300634, -1.376604666648954867 ) ) ;
#549 = FACE_OUTER_BOUND ( 'NONE', #2433, .T. ) ;
#550 = CARTESIAN_POINT ( 'NONE',  ( -1.866885168863107181, 16.09787406460786130, -4.507059494062497507 ) ) ;
#551 = ORIENTED_EDGE ( 'NONE', *, *, #251, .T. ) ;
#552 = CARTESIAN_POINT ( 'NONE',  ( 3.323417656249998853, 21.31249999829301345, 1.376604666648957087 ) ) ;
#553 = CARTESIAN_POINT ( 'NONE',  ( -6.105019192434541011E-16, 16.39062499829300634, 3.323417656250000185 ) ) ;
#554 = CARTESIAN_POINT ( 'NONE',  ( -4.000000000000000000, 23.89062499658601268, -1.656854249492381248 ) ) ;
#555 = APPLICATION_PROTOCOL_DEFINITION ( 'draft international standard', 'automotive_design', 1998, #3316 ) ;
#556 = VERTEX_POINT ( 'NONE', #539 ) ;
#557 = LINE ( 'NONE', #804, #2799 ) ;
#558 = ADVANCED_FACE ( 'NONE', ( #3462 ), #3155, .F. ) ;
#559 = CARTESIAN_POINT ( 'NONE',  ( -2.350011161449477193, 22.17187499829300990, -2.350011161449477637 ) ) ;
#560 = CARTESIAN_POINT ( 'NONE',  ( 2.350011161449477193, 16.54687499829300634, 2.350011161449478081 ) ) ;
#561 = CARTESIAN_POINT ( 'NONE',  ( -1.656854249492380138, 14.98437499658601624, -4.000000000000000000 ) ) ;
#562 = CARTESIAN_POINT ( 'NONE',  ( 0.000000000000000000, 32.00000000000000000, 0.000000000000000000 ) ) ;
#563 = CARTESIAN_POINT ( 'NONE',  ( -2.350011161449478081, 19.67187499829300990, 2.350011161449477193 ) ) ;
#564 = CARTESIAN_POINT ( 'NONE',  ( -3.999999905091759178, 20.40047548163712321, 0.5235995026572554112 ) ) ;
#565 = PRODUCT_DEFINITION_CONTEXT ( 'detailed design', #199, 'design' ) ;
#566 = EDGE_CURVE ( 'NONE', #1019, #2105, #557, .T. ) ;
#567 = PLANE ( 'NONE',  #3738 ) ;
#568 = DIRECTION ( 'NONE',  ( 0.000000000000000000, 0.000000000000000000, 1.000000000000000000 ) ) ;
#569 = CARTESIAN_POINT ( 'NONE',  ( 3.323417656250000185, 15.14062499829300812, 0.000000000000000000 ) ) ;
#570 = CARTESIAN_POINT ( 'NONE',  ( -1.046991941635227130, 16.36426024713964011, -3.895890598318694220 ) ) ;
#571 = CARTESIAN_POINT ( 'NONE',  ( -3.186972331462802455, 14.92599906460786308, -3.186972331462802899 ) ) ;
#572 = AXIS2_PLACEMENT_3D ( 'NONE', #1240, #2389, #2988 ) ;
#573 = ORIENTED_EDGE ( 'NONE', *, *, #316, .F. ) ;
#574 = AXIS2_PLACEMENT_3D ( 'NONE', #947, #1534, #48 ) ;
#575 = CARTESIAN_POINT ( 'NONE',  ( 3.999999999999999112, 13.42187499999999822, 1.656854249492383246 ) ) ;
#576 = CARTESIAN_POINT ( 'NONE',  ( 3.323417656250000185, 21.70312499829300634, 0.000000000000000000 ) ) ;
#577 = CARTESIAN_POINT ( 'NONE',  ( 3.323417656250000185, 16.70312499829300634, 0.000000000000000000 ) ) ;
#578 = CARTESIAN_POINT ( 'NONE',  ( -1.218158393337696932, 23.99999999999998934, -3.598694646302126099 ) ) ;
#579 = EDGE_LOOP ( 'NONE', ( #1704, #1951, #954, #1385 ) ) ;
#580 = CARTESIAN_POINT ( 'NONE',  ( 2.350011161449477637, 11.54687499829300812, -2.350011161449477637 ) ) ;
#581 = CARTESIAN_POINT ( 'NONE',  ( 3.323417656249999297, 20.37499999829300990, 1.376604666648957087 ) ) ;
#582 = CARTESIAN_POINT ( 'NONE',  ( -4.000000000000000000, 16.39062499658601624, -1.656854249492381248 ) ) ;
#583 = FACE_OUTER_BOUND ( 'NONE', #862, .T. ) ;
#584 = CARTESIAN_POINT ( 'NONE',  ( 2.350011161449477193, 19.98437499829300990, 2.350011161449478081 ) ) ;
#585 = VERTEX_POINT ( 'NONE', #1117 ) ;
#586 = AXIS2_PLACEMENT_3D ( 'NONE', #2709, #2178, #2443 ) ;
#587 = ORIENTED_EDGE ( 'NONE', *, *, #1340, .F. ) ;
#588 = CARTESIAN_POINT ( 'NONE',  ( -2.458186134416530777, 23.05656550691898943, 3.198667942828587130 ) ) ;
#589 = ADVANCED_FACE ( 'NONE', ( #1980 ), #3689, .F. ) ;
#590 = LINE ( 'NONE', #3491, #1476 ) ;
#591 = CARTESIAN_POINT ( 'NONE',  ( 3.323417656249998853, 15.06249999829300634, 1.376604666648957087 ) ) ;
#592 = CARTESIAN_POINT ( 'NONE',  ( -1.656854249492380138, 18.73437499658601979, -4.000000000000000000 ) ) ;
#593 = CARTESIAN_POINT ( 'NONE',  ( -3.186972331462803343, 16.48849906460785775, 3.186972331462802455 ) ) ;
#594 = VERTEX_POINT ( 'NONE', #3176 ) ;
#595 = CARTESIAN_POINT ( 'NONE',  ( 1.656854249492381248, 12.01562499999999822, 3.999999999999999112 ) ) ;
#596 = CARTESIAN_POINT ( 'NONE',  ( 3.323417656250000185, 17.95312499829300990, 0.000000000000000000 ) ) ;
#597 = ORIENTED_EDGE ( 'NONE', *, *, #2222, .F. ) ;
#598 = CARTESIAN_POINT ( 'NONE',  ( -4.000000031637110709, 14.09877169616333070, -0.5235985359225726610 ) ) ;
#599 = CARTESIAN_POINT ( 'NONE',  ( 1.376604666648955089, 11.62499999829300634, -3.323417656249999741 ) ) ;
#600 = CARTESIAN_POINT ( 'NONE',  ( -2.350011161449477193, 20.92187499829300634, -2.350011161449477637 ) ) ;
#601 = CARTESIAN_POINT ( 'NONE',  ( -1.656854249492380360, 16.23437499658601979, -4.000000000000000000 ) ) ;
#602 = DIRECTION ( 'NONE',  ( -0.000000000000000000, -1.000000000000000000, -0.000000000000000000 ) ) ;
#603 = CARTESIAN_POINT ( 'NONE',  ( 2.350011161449477637, 20.29687499829300990, -2.350011161449477637 ) ) ;
#604 = CARTESIAN_POINT ( 'NONE',  ( 0.000000000000000000, 24.00000000000000000, 0.000000000000000000 ) ) ;
#605 = CARTESIAN_POINT ( 'NONE',  ( -0.5235978350676796511, 23.16072590006728404, 4.000000123378672612 ) ) ;
#606 = CARTESIAN_POINT ( 'NONE',  ( -7.662527544611138377E-06, 17.40625035789469877, -3.999999999992660538 ) ) ;
#607 = CARTESIAN_POINT ( 'NONE',  ( -6.105019192434541011E-16, 22.32812499829300990, 3.323417656250000185 ) ) ;
#608 =( BOUNDED_CURVE ( )  B_SPLINE_CURVE ( 2, ( #1966, #1719, #3760, #2289, #2010, #2267, #2355, #3188, #606 ),
 .UNSPECIFIED., .F., .T. ) 
 B_SPLINE_CURVE_WITH_KNOTS ( ( 3, 2, 2, 2, 3 ),
 ( 0.3605661242127815025, 0.3725850140028032498, 0.3846038854222484926, 0.3966227568416937355, 0.4086416583430906302 ),
 .UNSPECIFIED. ) 
 CURVE ( )  GEOMETRIC_REPRESENTATION_ITEM ( )  RATIONAL_B_SPLINE_CURVE ( ( 1.000000000000000000, 0.9238795325112867385, 1.000000000000000000, 0.9238795325112867385, 1.000000000000000000, 0.9238795325112867385, 1.000000000000000000, 0.9238795325112867385, 1.000000000000000000 ) ) 
 REPRESENTATION_ITEM ( '' )  );
#609 = EDGE_CURVE ( 'NONE', #2841, #2599, #2142, .T. ) ;
#610 = CARTESIAN_POINT ( 'NONE',  ( -5.924722707952368161E-07, 18.65625002452301473, -3.999999999999956923 ) ) ;
#611 = EDGE_LOOP ( 'NONE', ( #2007, #296, #3175, #2522 ) ) ;
#612 = CARTESIAN_POINT ( 'NONE',  ( -2.828427124746189847, 16.46875000000000000, -2.828427124746190291 ) ) ;
#613 = CARTESIAN_POINT ( 'NONE',  ( 3.323417656249999741, 14.28124999829300990, -1.376604666648954867 ) ) ;
#614 = VERTEX_POINT ( 'NONE', #1690 ) ;
#615 = CARTESIAN_POINT ( 'NONE',  ( -3.495145963433492931, 21.52019970798147952, -2.014475210622245438 ) ) ;
#616 = CARTESIAN_POINT ( 'NONE',  ( -3.323417656250001517, 13.34374999829300634, 1.376604666648954201 ) ) ;
#617 = CARTESIAN_POINT ( 'NONE',  ( -3.323417656250000185, 17.32812499829300634, -4.070012794956361332E-16 ) ) ;
#618 = CARTESIAN_POINT ( 'NONE',  ( -2.828427124746190735, 16.62499999658601624, 2.828427124746189847 ) ) ;
#619 = CARTESIAN_POINT ( 'NONE',  ( -3.323417656250000185, 20.76562499829300634, -4.070012794956361332E-16 ) ) ;
#620 = CARTESIAN_POINT ( 'NONE',  ( 3.895890579341020565, 17.30170378547460786, -1.046992012251748871 ) ) ;
#621 = CARTESIAN_POINT ( 'NONE',  ( 0.000000000000000000, 32.00000000000000000, 0.000000000000000000 ) ) ;
#622 = CYLINDRICAL_SURFACE ( 'NONE', #691, 5.000000000000000000 ) ;
#623 = CARTESIAN_POINT ( 'NONE',  ( 3.323417656249999741, 23.96874999829300634, -1.376604666648954867 ) ) ;
#624 = FACE_OUTER_BOUND ( 'NONE', #2955, .T. ) ;
#625 = EDGE_LOOP ( 'NONE', ( #1979, #3169 ) ) ;
#626 = B_SPLINE_CURVE_WITH_KNOTS ( 'NONE', 1,
 ( #2309, #3737 ),
 .UNSPECIFIED., .F., .F.,
 ( 2, 2 ),
 ( 0.000000000000000000, 1.000000000000000000 ),
 .UNSPECIFIED. ) ;
#627 = AXIS2_PLACEMENT_3D ( 'NONE', #892, #1143, #27 ) ;
#628 = CARTESIAN_POINT ( 'NONE',  ( -1.656854249492380360, 12.64062499999999822, -4.000000000000000000 ) ) ;
#629 = CARTESIAN_POINT ( 'NONE',  ( -6.105019192434541011E-16, 13.89062499829300812, 3.323417656250000185 ) ) ;
#630 = ADVANCED_FACE ( 'NONE', ( #3399 ), #3476, .T. ) ;
#631 = EDGE_LOOP ( 'NONE', ( #3758, #3461 ) ) ;
#632 = CARTESIAN_POINT ( 'NONE',  ( -0.5235984150806278770, 15.66117759338840010, 4.000000047455271712 ) ) ;
#633 = CARTESIAN_POINT ( 'NONE',  ( 3.323417656250000185, 12.64062499829300634, 0.000000000000000000 ) ) ;
#634 = CARTESIAN_POINT ( 'NONE',  ( -6.105019192434541011E-16, 17.64062499829300634, 3.323417656250000185 ) ) ;
#635 = CARTESIAN_POINT ( 'NONE',  ( 2.828427124746189403, 16.93749999658601624, 2.828427124746190735 ) ) ;
#636 = FACE_OUTER_BOUND ( 'NONE', #1518, .T. ) ;
#637 = CARTESIAN_POINT ( 'NONE',  ( -2.350011161449478081, 22.17187499829300990, 2.350011161449477193 ) ) ;
#638 = DIRECTION ( 'NONE',  ( 0.000000000000000000, 0.000000000000000000, -1.000000000000000000 ) ) ;
#639 = CARTESIAN_POINT ( 'NONE',  ( 2.828427124746190291, 13.49999999658601624, -2.828427124746190291 ) ) ;
#640 = CARTESIAN_POINT ( 'NONE',  ( 2.350011161449477193, 19.98437499829300990, 2.350011161449478081 ) ) ;
#641 = CIRCLE ( 'NONE', #1910, 11.50000000000000000 ) ;
#642 = CARTESIAN_POINT ( 'NONE',  ( 0.000000000000000000, 10.00000000000000000, 0.000000000000000000 ) ) ;
#643 = CARTESIAN_POINT ( 'NONE',  ( 0.000000000000000000, 28.00000000000000000, 0.000000000000000000 ) ) ;
#644 = CARTESIAN_POINT ( 'NONE',  ( 3.323417656249999741, 20.53124999829300990, -1.376604666648954867 ) ) ;
#645 = VERTEX_POINT ( 'NONE', #265 ) ;
#646 = CARTESIAN_POINT ( 'NONE',  ( -4.000000000000000000, 15.29687499999999822, -1.656854249492381248 ) ) ;
#647 = CARTESIAN_POINT ( 'NONE',  ( 2.350011161449477637, 15.60937499829300812, -2.350011161449477637 ) ) ;
#648 = ORIENTED_EDGE ( 'NONE', *, *, #2482, .F. ) ;
#649 = CARTESIAN_POINT ( 'NONE',  ( -0.5235985117539944111, 14.41125287560835666, 4.000000034800769377 ) ) ;
#650 = ADVANCED_FACE ( 'NONE', ( #2221 ), #3289, .T. ) ;
#651 = CARTESIAN_POINT ( 'NONE',  ( -2.350011161449477193, 14.35937499829300812, -2.350011161449477637 ) ) ;
#652 = CARTESIAN_POINT ( 'NONE',  ( -2.350011161449478081, 18.73437499829300990, 2.350011161449477193 ) ) ;
#653 = CARTESIAN_POINT ( 'NONE',  ( -4.000000000000000000, 16.39062499658601268, -1.656854249492381248 ) ) ;
#654 = CARTESIAN_POINT ( 'NONE',  ( 2.411729692121677093, 11.00000000000000888, -3.613848867079727523 ) ) ;
#655 = CARTESIAN_POINT ( 'NONE',  ( 3.323417656250000185, 22.64062499829300990, 0.000000000000000000 ) ) ;
#656 = FACE_OUTER_BOUND ( 'NONE', #2659, .T. ) ;
#657 = AXIS2_PLACEMENT_3D ( 'NONE', #1838, #3574, #301 ) ;
#658 = CYLINDRICAL_SURFACE ( 'NONE', #2756, 7.625000000000000000 ) ;
#659 = CARTESIAN_POINT ( 'NONE',  ( 3.186972331462802899, 13.36349906460786308, -3.186972331462802899 ) ) ;
#660 = CARTESIAN_POINT ( 'NONE',  ( -1.130204737739835682E-05, 19.43724537420135690, 3.999999999966169284 ) ) ;
#661 = CARTESIAN_POINT ( 'NONE',  ( -1.376604666648956865, 20.99999999829300634, 3.323417656249998853 ) ) ;
#662 = CARTESIAN_POINT ( 'NONE',  ( -3.323572473503189073, 23.99999999999998224, 1.998012864049735882 ) ) ;
#663 = DIRECTION ( 'NONE',  ( -0.000000000000000000, -1.000000000000000000, -0.000000000000000000 ) ) ;
#664 = CARTESIAN_POINT ( 'NONE',  ( 3.323417656250000185, 20.45312499829300634, 0.000000000000000000 ) ) ;
#665 = ORIENTED_EDGE ( 'NONE', *, *, #3033, .T. ) ;
#666 = CARTESIAN_POINT ( 'NONE',  ( -4.000000000000000000, 20.29687500000000000, -1.656854249492381248 ) ) ;
#667 = CARTESIAN_POINT ( 'NONE',  ( -2.350011161449478081, 18.73437499829300990, 2.350011161449477193 ) ) ;
#668 = VERTEX_POINT ( 'NONE', #3752 ) ;
#669 = TOROIDAL_SURFACE ( 'NONE', #3273, 15.50000000000000000, 0.5000000000000000000 ) ;
#670 = B_SPLINE_CURVE_WITH_KNOTS ( 'NONE', 3,
 ( #1793, #1279, #3221, #1220, #980, #1261, #3587, #2371, #1774, #701, #2407, #1512, #118, #1492, #1530, #3549, #2139, #1203 ),
 .UNSPECIFIED., .F., .F.,
 ( 4, 2, 2, 2, 2, 2, 2, 2, 4 ),
 ( 0.9374998024305686295, 0.9435094165487116769, 0.9495190306668547242, 0.9555286447849977716, 0.9615382589031409299, 0.9675478730212839773, 0.9735574871394270247, 0.9795671012575700720, 0.9855767153757131194 ),
 .UNSPECIFIED. ) ;
#671 = CARTESIAN_POINT ( 'NONE',  ( 2.350011161449477193, 18.73437499829300990, 2.350011161449478081 ) ) ;
#672 = CARTESIAN_POINT ( 'NONE',  ( 3.198667779461346061, 19.61927253302476259, 2.458186346995043792 ) ) ;
#673 = CARTESIAN_POINT ( 'NONE',  ( 2.828427124746190291, 13.49999999658601624, -2.828427124746190291 ) ) ;
#674 = DIRECTION ( 'NONE',  ( 0.000000000000000000, 0.000000000000000000, -1.000000000000000000 ) ) ;
#675 = CARTESIAN_POINT ( 'NONE',  ( 2.035006397478180666E-16, 20.45312499829300634, -3.323417656250000185 ) ) ;
#676 = EDGE_CURVE ( 'NONE', #16, #1153, #2324, .T. ) ;
#677 = CYLINDRICAL_SURFACE ( 'NONE', #2341, 4.000000000000000000 ) ;
#678 = CARTESIAN_POINT ( 'NONE',  ( 4.000000000000000000, 18.42187499658601624, -1.656854249492380582 ) ) ;
#679 = CARTESIAN_POINT ( 'NONE',  ( 3.186972331462802011, 14.30099906460786308, 3.186972331462803343 ) ) ;
#680 = CARTESIAN_POINT ( 'NONE',  ( 4.753178382985364661E-06, 19.28135336538207412, 3.999999999994110489 ) ) ;
#681 = CARTESIAN_POINT ( 'NONE',  ( -3.323417656250001517, 23.34374999829300634, 1.376604666648954201 ) ) ;
#682 = EDGE_CURVE ( 'NONE', #614, #3535, #3678, .T. ) ;
#683 = DIRECTION ( 'NONE',  ( 0.000000000000000000, 0.000000000000000000, 1.000000000000000000 ) ) ;
#684 = CARTESIAN_POINT ( 'NONE',  ( 3.999999999999999112, 23.26562499658601268, 1.656854249492383024 ) ) ;
#685 = CARTESIAN_POINT ( 'NONE',  ( -3.323417656249999741, 22.24999999829300634, -1.376604666648955311 ) ) ;
#686 = ORIENTED_EDGE ( 'NONE', *, *, #531, .F. ) ;
#687 = CARTESIAN_POINT ( 'NONE',  ( -2.828427124746190735, 18.03125000000000000, 2.828427124746189847 ) ) ;
#688 = ORIENTED_EDGE ( 'NONE', *, *, #2317, .T. ) ;
#689 = AXIS2_PLACEMENT_3D ( 'NONE', #2544, #205, #3709 ) ;
#690 =( BOUNDED_CURVE ( )  B_SPLINE_CURVE ( 2, ( #44, #1201, #3527, #924, #2668, #2079, #639, #2949, #2137 ),
 .UNSPECIFIED., .F., .T. ) 
 B_SPLINE_CURVE_WITH_KNOTS ( ( 3, 2, 2, 2, 3 ),
 ( 0.07211324226532477011, 0.08413209993611685256, 0.09615097135556212316, 0.1081698427750074076, 0.1201887193285108291 ),
 .UNSPECIFIED. ) 
 CURVE ( )  GEOMETRIC_REPRESENTATION_ITEM ( )  RATIONAL_B_SPLINE_CURVE ( ( 1.000000000000000000, 0.9238795325112867385, 1.000000000000000000, 0.9238795325112867385, 1.000000000000000000, 0.9238795325112867385, 1.000000000000000000, 0.9238795325112867385, 1.000000000000000000 ) ) 
 REPRESENTATION_ITEM ( '' )  );
#691 = AXIS2_PLACEMENT_3D ( 'NONE', #2670, #45, #3528 ) ;
#692 = CARTESIAN_POINT ( 'NONE',  ( 3.323417656249998853, 17.56249999829300990, 1.376604666648957087 ) ) ;
#693 = CARTESIAN_POINT ( 'NONE',  ( 3.495145890408040135, 19.64531263131183891, 2.014475337322551241 ) ) ;
#694 = CARTESIAN_POINT ( 'NONE',  ( 2.449293598294706414E-16, 21.15624999658601624, -4.000000000000000000 ) ) ;
#695 = CARTESIAN_POINT ( 'NONE',  ( 3.291665326453186317E-06, 18.03132118774972881, 3.999999999997206235 ) ) ;
#696 = DIRECTION ( 'NONE',  ( 0.000000000000000000, 0.000000000000000000, 1.000000000000000000 ) ) ;
#697 = LINE ( 'NONE', #1566, #236 ) ;
#698 = AXIS2_PLACEMENT_3D ( 'NONE', #3099, #1031, #2819 ) ;
#699 = EDGE_CURVE ( 'NONE', #3730, #2316, #377, .T. ) ;
#700 = CARTESIAN_POINT ( 'NONE',  ( 1.866885168863108069, 21.72287406460786130, 4.507059494062497507 ) ) ;
#701 = CARTESIAN_POINT ( 'NONE',  ( 3.999999873457765087, 23.52528727608634185, -0.5235997443226976245 ) ) ;
#702 = CARTESIAN_POINT ( 'NONE',  ( 1.376604666648955089, 14.12499999829300634, -3.323417656249999741 ) ) ;
#703 = EDGE_CURVE ( 'NONE', #645, #1286, #2624, .T. ) ;
#704 = CARTESIAN_POINT ( 'NONE',  ( 0.000000000000000000, 32.00000000000000000, 3.150000000000000355 ) ) ;
#705 = CARTESIAN_POINT ( 'NONE',  ( -2.534977629170342972, 24.68672029197851359, -2.165044693728612302 ) ) ;
#706 = ORIENTED_EDGE ( 'NONE', *, *, #461, .F. ) ;
#707 = CARTESIAN_POINT ( 'NONE',  ( 2.828427124746189403, 19.59375000000000000, 2.828427124746190735 ) ) ;
#708 = CIRCLE ( 'NONE', #2821, 0.5000000000000004441 ) ;
#709 = ORIENTED_EDGE ( 'NONE', *, *, #768, .T. ) ;
#710 = CARTESIAN_POINT ( 'NONE',  ( 3.323417656249998853, 18.81249999829300990, 1.376604666648957087 ) ) ;
#711 = CARTESIAN_POINT ( 'NONE',  ( -1.376604666648957087, 23.81249999829300990, 3.323417656249999297 ) ) ;
#712 = CARTESIAN_POINT ( 'NONE',  ( 2.828427124746190291, 20.99999999658601624, -2.828427124746190291 ) ) ;
#713 = DIRECTION ( 'NONE',  ( 0.000000000000000000, 1.000000000000000000, 0.000000000000000000 ) ) ;
#714 = LINE ( 'NONE', #3020, #172 ) ;
#715 = CARTESIAN_POINT ( 'NONE',  ( -3.895890667905150817, 12.92696727324447181, 1.046991682701791326 ) ) ;
#716 = CARTESIAN_POINT ( 'NONE',  ( 0.000000000000000000, 28.00000000000000000, 0.000000000000000000 ) ) ;
#717 = CARTESIAN_POINT ( 'NONE',  ( -1.866885168863109623, 21.56662406460786485, 4.507059494062497507 ) ) ;
#718 = CARTESIAN_POINT ( 'NONE',  ( 2.101969798870729988, 24.00000000000001066, 2.611436836611342294 ) ) ;
#719 = CARTESIAN_POINT ( 'NONE',  ( -1.376604666648957087, 13.49999999829300634, 3.323417656249999297 ) ) ;
#720 = DIRECTION ( 'NONE',  ( 0.000000000000000000, 1.000000000000000000, 0.000000000000000000 ) ) ;
#721 = FACE_OUTER_BOUND ( 'NONE', #2466, .T. ) ;
#722 = CARTESIAN_POINT ( 'NONE',  ( -3.323417656250000185, 13.26562499829300812, -4.070012794956361332E-16 ) ) ;
#723 = AXIS2_PLACEMENT_3D ( 'NONE', #3486, #2647, #41 ) ;
#724 = ORIENTED_EDGE ( 'NONE', *, *, #1741, .T. ) ;
#725 = ADVANCED_FACE ( 'NONE', ( #2830, #1094 ), #2259, .T. ) ;
#726 = CARTESIAN_POINT ( 'NONE',  ( 2.828427124746190291, 18.65625000000000000, -2.828427124746190291 ) ) ;
#727 = ORIENTED_EDGE ( 'NONE', *, *, #3536, .T. ) ;
#728 =( BOUNDED_CURVE ( )  B_SPLINE_CURVE ( 2, ( #3286, #1216, #2946, #3505, #2385, #1181, #2402, #1235, #695 ),
 .UNSPECIFIED., .F., .T. ) 
 B_SPLINE_CURVE_WITH_KNOTS ( ( 3, 2, 2, 2, 3 ),
 ( 0.4086416583430906302, 0.4206604996805842767, 0.4326793711000295750, 0.4446982425194748734, 0.4567171401801324304 ),
 .UNSPECIFIED. ) 
 CURVE ( )  GEOMETRIC_REPRESENTATION_ITEM ( )  RATIONAL_B_SPLINE_CURVE ( ( 1.000000000000000000, 0.9238795325112867385, 1.000000000000000000, 0.9238795325112867385, 1.000000000000000000, 0.9238795325112867385, 1.000000000000000000, 0.9238795325112867385, 1.000000000000000000 ) ) 
 REPRESENTATION_ITEM ( '' )  );
#729 = CARTESIAN_POINT ( 'NONE',  ( 1.376604666648955089, 17.87499999829300634, -3.323417656249999741 ) ) ;
#730 = CARTESIAN_POINT ( 'NONE',  ( -6.105019192434541011E-16, 22.64062499829300990, 3.323417656250000185 ) ) ;
#731 = CARTESIAN_POINT ( 'NONE',  ( 4.000000000000000000, 20.84374999658601624, 0.000000000000000000 ) ) ;
#732 = CARTESIAN_POINT ( 'NONE',  ( -0.5235993818215595175, 18.83806958441237711, -3.999999920909136808 ) ) ;
#733 = CYLINDRICAL_SURFACE ( 'NONE', #3619, 4.000000000000000000 ) ;
#734 = DIRECTION ( 'NONE',  ( 0.000000000000000000, 0.000000000000000000, -1.000000000000000000 ) ) ;
#735 = CARTESIAN_POINT ( 'NONE',  ( -3.186972331462803343, 21.48849906460786485, 3.186972331462802455 ) ) ;
#736 = CARTESIAN_POINT ( 'NONE',  ( 2.428454699079340973, 23.99999999999999645, 2.309825452538006640 ) ) ;
#737 = CARTESIAN_POINT ( 'NONE',  ( 3.323417656250000185, 11.39062499829300812, 0.000000000000000000 ) ) ;
#738 = CARTESIAN_POINT ( 'NONE',  ( -4.000000000000000000, 12.71874999658601624, -4.898587196589412829E-16 ) ) ;
#739 = CARTESIAN_POINT ( 'NONE',  ( 3.323417656250000185, 22.95312499829300990, 0.000000000000000000 ) ) ;
#740 = ORIENTED_EDGE ( 'NONE', *, *, #431, .T. ) ;
#741 = CARTESIAN_POINT ( 'NONE',  ( -7.347880794884119736E-16, 21.93750000000000000, 4.000000000000000000 ) ) ;
#742 = ORIENTED_EDGE ( 'NONE', *, *, #3407, .T. ) ;
#743 = B_SPLINE_CURVE_WITH_KNOTS ( 'NONE', 3,
 ( #3190, #3722, #570, #2597, #875, #1722, #1087, #238, #1377, #1662, #276, #2232, #1948, #817, #2555, #2271, #505, #1438 ),
 .UNSPECIFIED., .F., .F.,
 ( 4, 2, 2, 2, 2, 2, 2, 2, 4 ),
 ( 0.4086537600338955856, 0.4146633741520403538, 0.4206729882701851775, 0.4266826023883299457, 0.4326922165064747139, 0.4387018306246194821, 0.4447114447427642503, 0.4507210588609090740, 0.4567306729790538422 ),
 .UNSPECIFIED. ) ;
#744 = EDGE_CURVE ( 'NONE', #314, #1160, #1779, .T. ) ;
#745 = CARTESIAN_POINT ( 'NONE',  ( -2.350011161449478081, 15.92187499829300634, 2.350011161449477193 ) ) ;
#746 = CARTESIAN_POINT ( 'NONE',  ( -2.350011161449478081, 12.48437499829300812, 2.350011161449477193 ) ) ;
#747 = CARTESIAN_POINT ( 'NONE',  ( 3.999999999999999112, 22.01562499658601624, 1.656854249492383246 ) ) ;
#748 = DIRECTION ( 'NONE',  ( 1.000000000000000000, 0.000000000000000000, -0.000000000000000000 ) ) ;
#749 = LINE ( 'NONE', #1026, #1329 ) ;
#750 = CARTESIAN_POINT ( 'NONE',  ( -0.5235988984582906625, 12.58844599551234467, -3.999999984181303869 ) ) ;
#751 = CARTESIAN_POINT ( 'NONE',  ( 1.712140399943978828E-06, 13.03128729542876840, 3.999999999999233502 ) ) ;
#752 = CARTESIAN_POINT ( 'NONE',  ( 4.507059494062498395, 20.70724906460785775, 0.000000000000000000 ) ) ;
#753 = TOROIDAL_SURFACE ( 'NONE', #3235, 4.500000000000000888, 0.5000000000000000000 ) ;
#754 = DIRECTION ( 'NONE',  ( -0.000000000000000000, -1.000000000000000000, -0.000000000000000000 ) ) ;
#755 = CARTESIAN_POINT ( 'NONE',  ( 3.323417656250000185, 11.39062499829300812, 0.000000000000000000 ) ) ;
#756 = CARTESIAN_POINT ( 'NONE',  ( 2.828427124746190291, 14.74999999658601624, -2.828427124746190291 ) ) ;
#757 = CARTESIAN_POINT ( 'NONE',  ( 1.745556196749187375E-11, 11.28423955385216892, -4.048948528571197691 ) ) ;
#758 = CARTESIAN_POINT ( 'NONE',  ( -1.376604666648954867, 13.03124999829300812, -3.323417656249999741 ) ) ;
#759 = CARTESIAN_POINT ( 'NONE',  ( 4.507059494062497507, 11.87912406460785952, 1.866885168863110067 ) ) ;
#760 = VERTEX_POINT ( 'NONE', #17 ) ;
#761 = TOROIDAL_SURFACE ( 'NONE', #586, 15.50000000000000000, 0.5000000000000000000 ) ;
#762 = CARTESIAN_POINT ( 'NONE',  ( 2.350011161449477637, 22.79687499829300634, -2.350011161449477637 ) ) ;
#763 = CARTESIAN_POINT ( 'NONE',  ( 2.035006397478180666E-16, 17.01562499829300634, -3.323417656250000185 ) ) ;
#764 = CARTESIAN_POINT ( 'NONE',  ( 1.656854249492381248, 19.35937499658601624, 3.999999999999999112 ) ) ;
#765 = SURFACE_STYLE_USAGE ( .BOTH. , #3308 ) ;
#766 = ORIENTED_EDGE ( 'NONE', *, *, #89, .T. ) ;
#767 = DIRECTION ( 'NONE',  ( 0.000000000000000000, 1.000000000000000000, 0.000000000000000000 ) ) ;
#768 = EDGE_CURVE ( 'NONE', #2940, #1968, #1601, .T. ) ;
#769 = CARTESIAN_POINT ( 'NONE',  ( -2.350011161449478081, 23.73437499829300634, 2.350011161449477193 ) ) ;
#770 = CARTESIAN_POINT ( 'NONE',  ( 3.323417656249999741, 14.28124999829300990, -1.376604666648954867 ) ) ;
#771 = CARTESIAN_POINT ( 'NONE',  ( 4.507059494062497507, 21.87912406460786485, 1.866885168863110067 ) ) ;
#772 = CARTESIAN_POINT ( 'NONE',  ( 2.839570596497121180, 23.99999999999999289, -1.726830549122646774 ) ) ;
#773 = CARTESIAN_POINT ( 'NONE',  ( 2.035006397478180666E-16, 11.70312499829300812, -3.323417656250000185 ) ) ;
#774 = CARTESIAN_POINT ( 'NONE',  ( 3.895890731167431120, 12.19784452120604179, 1.046991447300730238 ) ) ;
#775 = CARTESIAN_POINT ( 'NONE',  ( 1.894146555722011183, 11.02650287031511311, -3.904146885576464499 ) ) ;
#776 = CARTESIAN_POINT ( 'NONE',  ( -2.350011161449478081, 23.73437499829300634, 2.350011161449477193 ) ) ;
#777 = PRESENTATION_LAYER_ASSIGNMENT (  '', '', ( #3205 ) ) ;
#778 = CARTESIAN_POINT ( 'NONE',  ( 1.656854249492381026, 23.73437500000000355, -4.000000000000000000 ) ) ;
#779 = ORIENTED_EDGE ( 'NONE', *, *, #2201, .F. ) ;
#780 = CARTESIAN_POINT ( 'NONE',  ( 1.376604666648955089, 20.37499999829300634, -3.323417656249999741 ) ) ;
#781 = CARTESIAN_POINT ( 'NONE',  ( -2.350011161449477193, 15.92187499829300634, -2.350011161449477637 ) ) ;
#782 = CARTESIAN_POINT ( 'NONE',  ( -2.828427124746190735, 24.12499999658601624, 2.828427124746189847 ) ) ;
#783 = DIRECTION ( 'NONE',  ( 0.000000000000000000, 0.000000000000000000, 1.000000000000000000 ) ) ;
#784 = ORIENTED_EDGE ( 'NONE', *, *, #3357, .T. ) ;
#785 = CARTESIAN_POINT ( 'NONE',  ( -1.255777295866969370E-06, 11.93747170824493509, 3.999999999999582112 ) ) ;
#786 = CARTESIAN_POINT ( 'NONE',  ( -1.376604666648956865, 21.31249999829301345, 3.323417656249998853 ) ) ;
#787 = CARTESIAN_POINT ( 'NONE',  ( 3.323417656249999741, 15.53124999829300634, -1.376604666648954867 ) ) ;
#788 = CARTESIAN_POINT ( 'NONE',  ( 3.186972331462802899, 23.36349906460786485, -3.186972331462802899 ) ) ;
#789 = CARTESIAN_POINT ( 'NONE',  ( 3.198667244766352891, 13.63004992699579354, -2.458187042756508678 ) ) ;
#790 = CARTESIAN_POINT ( 'NONE',  ( 2.350011161449477193, 16.23437499829300634, 2.350011161449478081 ) ) ;
#791 = AXIS2_PLACEMENT_3D ( 'NONE', #436, #2133, #1616 ) ;
#792 = CARTESIAN_POINT ( 'NONE',  ( 1.046992082867636675, 18.23914732380952586, 3.895890560363513888 ) ) ;
#793 = EDGE_CURVE ( 'NONE', #2484, #760, #874, .T. ) ;
#794 = CARTESIAN_POINT ( 'NONE',  ( -2.920750591392474488E-06, 23.65625013430674173, -3.999999999998934186 ) ) ;
#795 = CARTESIAN_POINT ( 'NONE',  ( 3.323417656250000185, 17.64062499829300634, 0.000000000000000000 ) ) ;
#796 = CARTESIAN_POINT ( 'NONE',  ( -2.828427124746190735, 19.12499999658601624, 2.828427124746189847 ) ) ;
#797 = CARTESIAN_POINT ( 'NONE',  ( 3.186972331462802011, 11.80099906460786308, 3.186972331462803343 ) ) ;
#798 = ORIENTED_EDGE ( 'NONE', *, *, #2690, .F. ) ;
#799 = CARTESIAN_POINT ( 'NONE',  ( 4.000000000000000000, 11.00000000000000000, 0.000000000000000000 ) ) ;
#800 = CARTESIAN_POINT ( 'NONE',  ( -3.323417656249999741, 14.74999999829300812, -1.376604666648955311 ) ) ;
#801 = CARTESIAN_POINT ( 'NONE',  ( 3.999999999999999112, 23.26562499658601268, 1.656854249492383246 ) ) ;
#802 = CARTESIAN_POINT ( 'NONE',  ( 0.7228440837122556140, 23.99999999999999645, -3.537195368510279714 ) ) ;
#803 = ORIENTED_EDGE ( 'NONE', *, *, #1895, .F. ) ;
#804 = CARTESIAN_POINT ( 'NONE',  ( 0.000000000000000000, 11.00000000000000000, 0.000000000000000000 ) ) ;
#805 = CARTESIAN_POINT ( 'NONE',  ( 1.376604666648955755, 22.71874999829300279, 3.323417656249999297 ) ) ;
#806 = CARTESIAN_POINT ( 'NONE',  ( 3.323417656250000185, 12.95312499829300634, 0.000000000000000000 ) ) ;
#807 = CARTESIAN_POINT ( 'NONE',  ( 3.323417656250000185, 11.39062499829300812, 0.000000000000000000 ) ) ;
#808 = DIRECTION ( 'NONE',  ( 0.000000000000000000, -0.000000000000000000, 1.000000000000000000 ) ) ;
#809 = CARTESIAN_POINT ( 'NONE',  ( -3.323417656250000185, 18.26562499829300990, -4.070012794956361332E-16 ) ) ;
#810 = DIRECTION ( 'NONE',  ( 0.000000000000000000, 0.000000000000000000, -1.000000000000000000 ) ) ;
#811 = EDGE_LOOP ( 'NONE', ( #430, #3210, #3224, #3469 ) ) ;
#812 = CIRCLE ( 'NONE', #2801, 7.625000000000000000 ) ;
#813 = CARTESIAN_POINT ( 'NONE',  ( -2.828427124746189847, 13.81249999658601624, -2.828427124746190291 ) ) ;
#814 = DIRECTION ( 'NONE',  ( 0.000000000000000000, 1.000000000000000000, 0.000000000000000000 ) ) ;
#815 = CARTESIAN_POINT ( 'NONE',  ( 1.376604666648955755, 16.15624999829300634, 3.323417656249999297 ) ) ;
#816 = EDGE_CURVE ( 'NONE', #1797, #585, #3324, .T. ) ;
#817 = CARTESIAN_POINT ( 'NONE',  ( -2.458186520928694829, 16.80694191802003701, 3.198667645792786729 ) ) ;
#818 = CARTESIAN_POINT ( 'NONE',  ( -4.000000000000000888, 22.95312500000000000, 1.656854249492379694 ) ) ;
#819 = ORIENTED_EDGE ( 'NONE', *, *, #1620, .T. ) ;
#820 = CARTESIAN_POINT ( 'NONE',  ( -1.656854249492380360, 11.39062500000000000, -4.000000000000000000 ) ) ;
#821 = CARTESIAN_POINT ( 'NONE',  ( 3.323417656249998853, 14.12499999829300634, 1.376604666648957087 ) ) ;
#822 = CARTESIAN_POINT ( 'NONE',  ( 1.656854249492381248, 24.35937499658601624, 3.999999999999999112 ) ) ;
#823 = TOROIDAL_SURFACE ( 'NONE', #2817, 4.500000000000000888, 0.5000000000000000000 ) ;
#824 = ORIENTED_EDGE ( 'NONE', *, *, #2990, .F. ) ;
#825 = DIRECTION ( 'NONE',  ( 0.000000000000000000, 0.000000000000000000, -1.000000000000000000 ) ) ;
#826 = CARTESIAN_POINT ( 'NONE',  ( 2.035006397478180666E-16, 24.51562499829300990, -3.323417656250000185 ) ) ;
#827 = CARTESIAN_POINT ( 'NONE',  ( 2.035006397478180666E-16, 15.76562499829300990, -3.323417656250000185 ) ) ;
#828 = CARTESIAN_POINT ( 'NONE',  ( 0.000000000000000000, 9.500000000000000000, 0.000000000000000000 ) ) ;
#829 = CARTESIAN_POINT ( 'NONE',  ( 4.916218135798153505E-07, 21.15624997340510305, -3.999999999999969802 ) ) ;
#830 = CARTESIAN_POINT ( 'NONE',  ( 3.323417656249999297, 16.31249999829300990, 1.376604666648957087 ) ) ;
#831 = EDGE_LOOP ( 'NONE', ( #1115, #2890, #2694, #3072 ) ) ;
#832 = CARTESIAN_POINT ( 'NONE',  ( -1.307756106749755463E-06, 13.65625005825047822, -3.999999999999786837 ) ) ;
#833 = CARTESIAN_POINT ( 'NONE',  ( -6.105019192434541011E-16, 17.32812499829300634, 3.323417656250000185 ) ) ;
#834 = CARTESIAN_POINT ( 'NONE',  ( 4.898587196589412829E-16, 24.00000000000000000, 4.000000000000000000 ) ) ;
#835 = CARTESIAN_POINT ( 'NONE',  ( 1.866885168863107403, 15.94162406460786130, -4.507059494062497507 ) ) ;
#836 = EDGE_CURVE ( 'NONE', #1110, #2216, #1586, .T. ) ;
#837 = ORIENTED_EDGE ( 'NONE', *, *, #1600, .F. ) ;
#838 = AXIS2_PLACEMENT_3D ( 'NONE', #2665, #1525, #3581 ) ;
#839 = CARTESIAN_POINT ( 'NONE',  ( -1.376604666648954867, 24.28124999829301345, -3.323417656249999741 ) ) ;
#840 = CARTESIAN_POINT ( 'NONE',  ( 1.376604666648955755, 15.21874999829300634, 3.323417656249999297 ) ) ;
#841 = CARTESIAN_POINT ( 'NONE',  ( -4.000000000000000000, 22.71874999658601979, -4.898587196589412829E-16 ) ) ;
#842 = EDGE_CURVE ( 'NONE', #2287, #2105, #2276, .T. ) ;
#843 = ORIENTED_EDGE ( 'NONE', *, *, #3013, .F. ) ;
#844 = AXIS2_PLACEMENT_3D ( 'NONE', #3656, #2439, #385 ) ;
#845 = DIRECTION ( 'NONE',  ( 0.000000000000000000, 1.000000000000000000, 0.000000000000000000 ) ) ;
#846 = CARTESIAN_POINT ( 'NONE',  ( -3.323417656249999741, 22.24999999829300634, -1.376604666648955311 ) ) ;
#847 = CARTESIAN_POINT ( 'NONE',  ( 1.376604666648955089, 13.18749999829300812, -3.323417656249999741 ) ) ;
#848 = CARTESIAN_POINT ( 'NONE',  ( 0.000000000000000000, 28.00000000000000000, 0.000000000000000000 ) ) ;
#849 = CARTESIAN_POINT ( 'NONE',  ( -1.656854249492382580, 20.45312499658602334, 3.999999999999999112 ) ) ;
#850 = CARTESIAN_POINT ( 'NONE',  ( -2.350011161449477193, 18.10937499829300990, -2.350011161449477637 ) ) ;
#851 = EDGE_LOOP ( 'NONE', ( #1424, #1189, #1891, #373 ) ) ;
#852 = CARTESIAN_POINT ( 'NONE',  ( 3.495145160115314731, 21.10355813538823710, -2.014476604391196801 ) ) ;
#853 = DIRECTION ( 'NONE',  ( 1.000000000000000000, -0.000000000000000000, 1.224646799147353207E-16 ) ) ;
#854 = CARTESIAN_POINT ( 'NONE',  ( 1.376604666648955089, 15.37499999829300990, -3.323417656249999741 ) ) ;
#855 = CARTESIAN_POINT ( 'NONE',  ( -4.000000000000000000, 18.96874999658601624, -4.898587196589412829E-16 ) ) ;
#856 = CARTESIAN_POINT ( 'NONE',  ( -3.186972331462802455, 16.17599906460786485, -3.186972331462802899 ) ) ;
#857 = VERTEX_POINT ( 'NONE', #2902 ) ;
#858 = CARTESIAN_POINT ( 'NONE',  ( -2.828427124746189847, 13.96874999999999822, -2.828427124746190291 ) ) ;
#859 = CARTESIAN_POINT ( 'NONE',  ( 1.376604666648955755, 21.46874999829300279, 3.323417656249999297 ) ) ;
#860 = CARTESIAN_POINT ( 'NONE',  ( 3.323417656249998853, 16.62499999829300990, 1.376604666648957087 ) ) ;
#861 = CARTESIAN_POINT ( 'NONE',  ( 4.898587196589412829E-16, 24.00000000000000000, 4.000000000000000000 ) ) ;
#862 = EDGE_LOOP ( 'NONE', ( #2920, #899, #302, #1035 ) ) ;
#863 = DIRECTION ( 'NONE',  ( -0.000000000000000000, -1.000000000000000000, -0.000000000000000000 ) ) ;
#864 = EDGE_CURVE ( 'NONE', #3746, #2530, #2985, .T. ) ;
#865 = CARTESIAN_POINT ( 'NONE',  ( 3.323417656249998853, 15.06249999829300634, 1.376604666648957087 ) ) ;
#866 = CARTESIAN_POINT ( 'NONE',  ( -3.323417656250000185, 18.57812499829300990, -4.070012794956361332E-16 ) ) ;
#867 = CARTESIAN_POINT ( 'NONE',  ( -1.866885168863107181, 23.59787406460786130, -4.507059494062497507 ) ) ;
#868 = DIRECTION ( 'NONE',  ( 0.000000000000000000, 1.000000000000000000, 0.000000000000000000 ) ) ;
#869 = CARTESIAN_POINT ( 'NONE',  ( 2.035006397478180666E-16, 19.20312499829300634, -3.323417656250000185 ) ) ;
#870 = CARTESIAN_POINT ( 'NONE',  ( 0.000000000000000000, 11.50000000000000000, 0.000000000000000000 ) ) ;
#871 = CARTESIAN_POINT ( 'NONE',  ( 3.895890857687222653, 18.44746811010617193, 1.046990976516110505 ) ) ;
#872 = FACE_OUTER_BOUND ( 'NONE', #1917, .T. ) ;
#873 = CARTESIAN_POINT ( 'NONE',  ( -2.350011161449478081, 14.67187499829300634, 2.350011161449477193 ) ) ;
#874 = CIRCLE ( 'NONE', #498, 0.5000000000000004441 ) ;
#875 = CARTESIAN_POINT ( 'NONE',  ( -2.458187216696090083, 16.44238054200088683, -3.198667111093152826 ) ) ;
#876 = CARTESIAN_POINT ( 'NONE',  ( 2.759777991485163594E-16, 14.76974906460786308, -4.507059494062498395 ) ) ;
#877 = ORIENTED_EDGE ( 'NONE', *, *, #1943, .T. ) ;
#878 = AXIS2_PLACEMENT_3D ( 'NONE', #3661, #2213, #3371 ) ;
#879 = CIRCLE ( 'NONE', #574, 0.5000000000000004441 ) ;
#880 = CARTESIAN_POINT ( 'NONE',  ( 4.000000000000000000, 16.07812500000000000, -1.656854249492380804 ) ) ;
#881 = CARTESIAN_POINT ( 'NONE',  ( 2.350011161449477637, 14.35937499829300812, -2.350011161449477637 ) ) ;
#882 = ORIENTED_EDGE ( 'NONE', *, *, #566, .F. ) ;
#883 = DIRECTION ( 'NONE',  ( 0.000000000000000000, 1.000000000000000000, 0.000000000000000000 ) ) ;
#884 = CARTESIAN_POINT ( 'NONE',  ( -2.350011161449477193, 15.60937499829300812, -2.350011161449477637 ) ) ;
#885 = CARTESIAN_POINT ( 'NONE',  ( 2.035006397478180666E-16, 19.51562499829300634, -3.323417656250000185 ) ) ;
#886 = CARTESIAN_POINT ( 'NONE',  ( 3.999999999999999112, 14.51562499658601624, 1.656854249492383246 ) ) ;
#887 = CARTESIAN_POINT ( 'NONE',  ( -2.828427124746189847, 21.31249999658601268, -2.828427124746190291 ) ) ;
#888 = CARTESIAN_POINT ( 'NONE',  ( -3.323417656250000185, 23.26562499829300990, -4.070012794956361332E-16 ) ) ;
#889 = EDGE_CURVE ( 'NONE', #1797, #3672, #2012, .T. ) ;
#890 = DIRECTION ( 'NONE',  ( -0.000000000000000000, -1.000000000000000000, -0.000000000000000000 ) ) ;
#891 = CARTESIAN_POINT ( 'NONE',  ( -1.046990623448294855, 23.13468580178021128, 3.895890952571477772 ) ) ;
#892 = CARTESIAN_POINT ( 'NONE',  ( 0.000000000000000000, 10.00000000000000000, 0.000000000000000000 ) ) ;
#893 = CARTESIAN_POINT ( 'NONE',  ( -6.105019192434541011E-16, 19.82812499829300634, 3.323417656250000185 ) ) ;
#894 = CARTESIAN_POINT ( 'NONE',  ( -1.966913527454710708, 24.00000000000000000, 3.155668599458353096 ) ) ;
#895 = CARTESIAN_POINT ( 'NONE',  ( -4.507059494062497507, 17.50412406460786130, -1.866885168863107625 ) ) ;
#896 = VERTEX_POINT ( 'NONE', #3452 ) ;
#897 = CARTESIAN_POINT ( 'NONE',  ( 1.656854249492381026, 14.98437500000000000, -4.000000000000000000 ) ) ;
#898 = CARTESIAN_POINT ( 'NONE',  ( -2.350011161449478081, 16.23437499829300634, 2.350011161449477193 ) ) ;
#899 = ORIENTED_EDGE ( 'NONE', *, *, #2669, .T. ) ;
#900 = CARTESIAN_POINT ( 'NONE',  ( -2.014476118690935458, 13.91649100815373785, -3.495145440055542174 ) ) ;
#901 = AXIS2_PLACEMENT_3D ( 'NONE', #562, #1713, #2874 ) ;
#902 = CARTESIAN_POINT ( 'NONE',  ( -3.323417656249999741, 11.93749999829300812, -1.376604666648955311 ) ) ;
#903 = CARTESIAN_POINT ( 'NONE',  ( 3.323417656250000185, 16.70312499829300634, 0.000000000000000000 ) ) ;
#904 = CARTESIAN_POINT ( 'NONE',  ( -4.000000000000000000, 16.46874999658601624, -4.898587196589412829E-16 ) ) ;
#905 = CARTESIAN_POINT ( 'NONE',  ( 3.763870695910856767, 11.00000000000001066, -1.772003482582044542 ) ) ;
#906 = CARTESIAN_POINT ( 'NONE',  ( -2.350011161449477193, 23.10937499829300634, -2.350011161449477637 ) ) ;
#907 = DIRECTION ( 'NONE',  ( 0.000000000000000000, 1.000000000000000000, 0.000000000000000000 ) ) ;
#908 = FACE_OUTER_BOUND ( 'NONE', #2994, .T. ) ;
#909 = CARTESIAN_POINT ( 'NONE',  ( 1.656854249492381248, 19.35937499658601624, 3.999999999999999112 ) ) ;
#910 = CARTESIAN_POINT ( 'NONE',  ( -1.376604666648956865, 22.24999999829300634, 3.323417656249998853 ) ) ;
#911 = EDGE_CURVE ( 'NONE', #1208, #3246, #743, .T. ) ;
#912 = CARTESIAN_POINT ( 'NONE',  ( 0.000000000000000000, 10.00000000000000000, 15.50000000000000000 ) ) ;
#913 = EDGE_LOOP ( 'NONE', ( #2562, #882, #1148, #2557, #2301, #2849 ) ) ;
#914 = CARTESIAN_POINT ( 'NONE',  ( -4.000000000000000000, 15.37500000000000000, -4.898587196589412829E-16 ) ) ;
#915 = CARTESIAN_POINT ( 'NONE',  ( 2.350011161449477193, 17.79687499829300634, 2.350011161449478081 ) ) ;
#916 = ORIENTED_EDGE ( 'NONE', *, *, #2417, .F. ) ;
#917 = CARTESIAN_POINT ( 'NONE',  ( -0.5235995751578194080, 21.33791901997194529, -3.999999895601438205 ) ) ;
#918 = CARTESIAN_POINT ( 'NONE',  ( 3.323417656250000185, 15.14062499829300812, 0.000000000000000000 ) ) ;
#919 = CARTESIAN_POINT ( 'NONE',  ( 1.376604666648955089, 18.18749999829300634, -3.323417656249999741 ) ) ;
#920 = CARTESIAN_POINT ( 'NONE',  ( -4.000000000000000000, 13.89062499658601624, -1.656854249492381248 ) ) ;
#921 = CARTESIAN_POINT ( 'NONE',  ( -9.627662652800102026E-06, 18.18728309654232689, 3.999999999975450304 ) ) ;
#922 = CARTESIAN_POINT ( 'NONE',  ( 1.376604666648955089, 21.62499999829300990, -3.323417656249999741 ) ) ;
#923 = DIRECTION ( 'NONE',  ( -0.000000000000000000, -1.000000000000000000, -0.000000000000000000 ) ) ;
#924 = CARTESIAN_POINT ( 'NONE',  ( 3.999999999999999112, 13.26562499658601446, 1.656854249492383024 ) ) ;
#925 = CARTESIAN_POINT ( 'NONE',  ( 0.000000000000000000, 10.00000000000000000, 0.000000000000000000 ) ) ;
#926 = CARTESIAN_POINT ( 'NONE',  ( -1.376604666648954867, 20.53124999829300990, -3.323417656249999741 ) ) ;
#927 = CARTESIAN_POINT ( 'NONE',  ( -0.2242170323481535166, 23.99999999999998579, 3.529838572131965169 ) ) ;
#928 = CARTESIAN_POINT ( 'NONE',  ( -3.323417656250000185, 18.57812499829300990, -4.070012794956361332E-16 ) ) ;
#929 = ORIENTED_EDGE ( 'NONE', *, *, #438, .F. ) ;
#930 = ADVANCED_FACE ( 'NONE', ( #3701 ), #1146, .F. ) ;
#931 =( BOUNDED_CURVE ( )  B_SPLINE_CURVE ( 2, ( #1218, #1809, #3547, #309, #1755, #2966, #1527, #3219, #942 ),
 .UNSPECIFIED., .F., .T. ) 
 B_SPLINE_CURVE_WITH_KNOTS ( ( 3, 2, 2, 2, 3 ),
 ( 0.6490190560949717913, 0.6610379280694896886, 0.6730567994889349315, 0.6850756709083801743, 0.6970945403977902854 ),
 .UNSPECIFIED. ) 
 CURVE ( )  GEOMETRIC_REPRESENTATION_ITEM ( )  RATIONAL_B_SPLINE_CURVE ( ( 1.000000000000000000, 0.9238795325112867385, 1.000000000000000000, 0.9238795325112867385, 1.000000000000000000, 0.9238795325112867385, 1.000000000000000000, 0.9238795325112867385, 1.000000000000000000 ) ) 
 REPRESENTATION_ITEM ( '' )  );
#932 = AXIS2_PLACEMENT_3D ( 'NONE', #3694, #3200, #1984 ) ;
#933 = CARTESIAN_POINT ( 'NONE',  ( 4.000000000000000000, 12.24999999999999822, 0.000000000000000000 ) ) ;
#934 = CARTESIAN_POINT ( 'NONE',  ( 1.376604666648955089, 15.68749999829300634, -3.323417656249999741 ) ) ;
#935 = EDGE_LOOP ( 'NONE', ( #1432, #2332 ) ) ;
#936 = CARTESIAN_POINT ( 'NONE',  ( 1.898202538678397557E-15, 9.500000000000000000, -15.50000000000000000 ) ) ;
#937 = CARTESIAN_POINT ( 'NONE',  ( 3.323417656249999741, 13.96874999829300634, -1.376604666648954867 ) ) ;
#938 = CARTESIAN_POINT ( 'NONE',  ( 2.035006397478180666E-16, 18.26562499829300990, -3.323417656250000185 ) ) ;
#939 = CARTESIAN_POINT ( 'NONE',  ( 4.000000000000000000, 15.84374999658601624, 0.000000000000000000 ) ) ;
#940 = DIRECTION ( 'NONE',  ( 0.000000000000000000, 0.000000000000000000, 1.000000000000000000 ) ) ;
#941 = CARTESIAN_POINT ( 'NONE',  ( 2.839570596497121180, 23.99999999999999289, -1.726830549122646774 ) ) ;
#942 = CARTESIAN_POINT ( 'NONE',  ( 4.916218135798153505E-07, 21.15624997340510305, -3.999999999999969802 ) ) ;
#943 = CARTESIAN_POINT ( 'NONE',  ( -0.5235996718239465109, 22.58784373775161924, -3.999999882947848917 ) ) ;
#944 = CARTESIAN_POINT ( 'NONE',  ( 1.046991800400019157, 14.48937317046960871, 3.895890636274618846 ) ) ;
#945 = CARTESIAN_POINT ( 'NONE',  ( 2.350011161449477637, 22.79687499829300634, -2.350011161449477637 ) ) ;
#946 = AXIS2_PLACEMENT_3D ( 'NONE', #1472, #2632, #1185 ) ;
#947 = CARTESIAN_POINT ( 'NONE',  ( 4.500000000000000888, 11.50000000000000000, 0.000000000000000000 ) ) ;
#948 = FACE_OUTER_BOUND ( 'NONE', #3086, .T. ) ;
#949 = CARTESIAN_POINT ( 'NONE',  ( 2.350011161449477637, 21.85937499829300990, -2.350011161449477637 ) ) ;
#950 = ORIENTED_EDGE ( 'NONE', *, *, #3243, .F. ) ;
#951 = EDGE_CURVE ( 'NONE', #3730, #109, #3487, .T. ) ;
#952 = CARTESIAN_POINT ( 'NONE',  ( 2.449293598294706414E-16, 21.31249999999999645, -4.000000000000000000 ) ) ;
#953 = CARTESIAN_POINT ( 'NONE',  ( 3.323417656250000185, 19.20312499829300634, 0.000000000000000000 ) ) ;
#954 = ORIENTED_EDGE ( 'NONE', *, *, #836, .F. ) ;
#955 = EDGE_CURVE ( 'NONE', #1651, #1433, #3665, .T. ) ;
#956 = CARTESIAN_POINT ( 'NONE',  ( 1.376604666648955089, 19.12499999829300634, -3.323417656249999741 ) ) ;
#957 = CARTESIAN_POINT ( 'NONE',  ( 1.376604666648955089, 23.18749999829300634, -3.323417656249999741 ) ) ;
#958 = CARTESIAN_POINT ( 'NONE',  ( 4.000000000000000000, 14.59374999658601624, 0.000000000000000000 ) ) ;
#959 = CARTESIAN_POINT ( 'NONE',  ( 4.017720806747777651, 11.00000000000004619, -0.5149185735141178499 ) ) ;
#960 = CARTESIAN_POINT ( 'NONE',  ( 3.323417656249999297, 23.81249999829300990, 1.376604666648957087 ) ) ;
#961 = CARTESIAN_POINT ( 'NONE',  ( 3.999999936726791550, 17.27566368718752088, -0.5235992609837593070 ) ) ;
#962 = CARTESIAN_POINT ( 'NONE',  ( 3.895890807080332419, 15.94761867454631421, 1.046991164826170717 ) ) ;
#963 = CARTESIAN_POINT ( 'NONE',  ( -4.507059494062498395, 13.91037406460786663, 1.866885168863106736 ) ) ;
#964 = CARTESIAN_POINT ( 'NONE',  ( 0.5235990434706832009, 14.46333307218252529, 3.999999965199215524 ) ) ;
#965 = CARTESIAN_POINT ( 'NONE',  ( -3.323417656250000185, 22.01562499829300990, -4.070012794956361332E-16 ) ) ;
#966 = CARTESIAN_POINT ( 'NONE',  ( 0.000000000000000000, 11.50000000000000000, 0.000000000000000000 ) ) ;
#967 = CARTESIAN_POINT ( 'NONE',  ( -1.376604666648954867, 22.09374999829300634, -3.323417656249999741 ) ) ;
#968 = EDGE_LOOP ( 'NONE', ( #3374, #1955, #3124, #2604 ) ) ;
#969 = CARTESIAN_POINT ( 'NONE',  ( 3.999999999999999112, 19.67187500000000000, 1.656854249492383246 ) ) ;
#970 = ORIENTED_EDGE ( 'NONE', *, *, #3456, .F. ) ;
#971 = AXIS2_PLACEMENT_3D ( 'NONE', #3713, #3444, #2263 ) ;
#972 = CARTESIAN_POINT ( 'NONE',  ( 2.350011161449477637, 11.85937499829300812, -2.350011161449477637 ) ) ;
#973 = CARTESIAN_POINT ( 'NONE',  ( 2.828427124746189403, 19.43749999658601624, 2.828427124746190735 ) ) ;
#974 = CARTESIAN_POINT ( 'NONE',  ( 1.536855457437584116, 11.00000000000000711, -4.151670779976160297 ) ) ;
#975 = CARTESIAN_POINT ( 'NONE',  ( 4.000000000000000000, 11.00000000000000000, 0.000000000000000000 ) ) ;
#976 = CARTESIAN_POINT ( 'NONE',  ( 0.000000000000000000, 0.5000000000000004441, 15.50000000000000000 ) ) ;
#977 = EDGE_CURVE ( 'NONE', #3419, #123, #3125, .T. ) ;
#978 = DIRECTION ( 'NONE',  ( 1.000000000000000000, -0.000000000000000000, 1.224646799147353207E-16 ) ) ;
#979 = CARTESIAN_POINT ( 'NONE',  ( 1.866885168863108069, 20.47287406460786130, 4.507059494062497507 ) ) ;
#980 = CARTESIAN_POINT ( 'NONE',  ( 2.458187641859560735, 23.31696648978973840, 3.198666784353422443 ) ) ;
#981 = DIRECTION ( 'NONE',  ( 0.000000000000000000, 1.000000000000000000, 0.000000000000000000 ) ) ;
#982 = CYLINDRICAL_SURFACE ( 'NONE', #1116, 16.00000000000000000 ) ;
#983 = CARTESIAN_POINT ( 'NONE',  ( 1.376604666648955089, 18.18749999829300634, -3.323417656249999741 ) ) ;
#984 = ORIENTED_EDGE ( 'NONE', *, *, #2901, .F. ) ;
#985 = CARTESIAN_POINT ( 'NONE',  ( -4.000000000000000000, 16.62500000000000000, -4.898587196589412829E-16 ) ) ;
#986 = ORIENTED_EDGE ( 'NONE', *, *, #3743, .F. ) ;
#987 = CARTESIAN_POINT ( 'NONE',  ( -3.323417656250001517, 18.34374999829300634, 1.376604666648954201 ) ) ;
#988 = CARTESIAN_POINT ( 'NONE',  ( 3.323417656249999297, 21.62499999829300990, 1.376604666648957087 ) ) ;
#989 = CARTESIAN_POINT ( 'NONE',  ( -4.000000000000000888, 20.29687499658601624, 1.656854249492379694 ) ) ;
#990 = CARTESIAN_POINT ( 'NONE',  ( 4.898587196589412829E-16, 24.00000000000000000, 4.000000000000000000 ) ) ;
#991 = CARTESIAN_POINT ( 'NONE',  ( -2.353772505594632136, 11.43575951400869606, -3.254479082254254863 ) ) ;
#992 = AXIS2_PLACEMENT_3D ( 'NONE', #2614, #853, #254 ) ;
#993 = CARTESIAN_POINT ( 'NONE',  ( 3.895890478129938828, 22.30140265659377619, -1.046992388861274881 ) ) ;
#994 = CARTESIAN_POINT ( 'NONE',  ( 3.186972331462802899, 22.11349906460786130, -3.186972331462802899 ) ) ;
#995 = ADVANCED_FACE ( 'NONE', ( #549 ), #2861, .F. ) ;
#996 = CARTESIAN_POINT ( 'NONE',  ( 1.046991329601586029, 13.76025041843122665, -3.895890762798190021 ) ) ;
#997 = CARTESIAN_POINT ( 'NONE',  ( 3.323417656249999741, 11.46874999829300812, -1.376604666648954867 ) ) ;
#998 = DIRECTION ( 'NONE',  ( 0.000000000000000000, 0.000000000000000000, -1.000000000000000000 ) ) ;
#999 = CLOSED_SHELL ( 'NONE', ( #650, #1034, #2373, #3578, #3380, #1222, #176, #2857, #2712, #1624, #1129, #2803, #1459, #1483, #1317, #3690, #297, #2619, #3184, #2715, #3434, #995, #3128, #3156, #3081, #481, #1578, #1362, #18, #589, #930, #225, #151, #1691, #1664, #2596, #558, #2779, #3248, #1437, #1249, #725, #3364, #2825, #2965, #3531, #2141, #1803, #2160, #64, #3293, #3489, #2048, #630, #2294, #411, #2089, #2182, #2438, #1083, #508 ) ) ;
#1000 = CARTESIAN_POINT ( 'NONE',  ( 1.376604666648955755, 23.96874999829300634, 3.323417656249999297 ) ) ;
#1001 = ORIENTED_EDGE ( 'NONE', *, *, #2851, .T. ) ;
#1002 = CARTESIAN_POINT ( 'NONE',  ( -4.000000000000000000, 20.37499999999999645, -4.898587196589412829E-16 ) ) ;
#1003 = ORIENTED_EDGE ( 'NONE', *, *, #2524, .T. ) ;
#1004 = CARTESIAN_POINT ( 'NONE',  ( 2.035006397478180666E-16, 17.95312499829300990, -3.323417656250000185 ) ) ;
#1005 = CARTESIAN_POINT ( 'NONE',  ( 1.726830549122646996, 23.99999999999999645, 2.839570596497121624 ) ) ;
#1006 = CARTESIAN_POINT ( 'NONE',  ( -1.656854249492380360, 19.98437499658601624, -4.000000000000000000 ) ) ;
#1007 = CARTESIAN_POINT ( 'NONE',  ( -3.198667690349434878, 17.74438545635499409, -2.458186462950209705 ) ) ;
#1008 = CARTESIAN_POINT ( 'NONE',  ( -0.6281989239382197443, 11.32446296720755541, -3.994501035607950001 ) ) ;
#1009 = CARTESIAN_POINT ( 'NONE',  ( 0.000000000000000000, 0.5000000000000004441, 0.000000000000000000 ) ) ;
#1010 = CARTESIAN_POINT ( 'NONE',  ( 1.548802045462446282E-05, 22.56215106834825335, -3.999999999936468598 ) ) ;
#1011 = CARTESIAN_POINT ( 'NONE',  ( 1.866885168863107403, 20.94162406460786130, -4.507059494062497507 ) ) ;
#1012 = CARTESIAN_POINT ( 'NONE',  ( 2.458187023429573514, 13.31756874755076581, 3.198667259619170533 ) ) ;
#1013 = CARTESIAN_POINT ( 'NONE',  ( 3.323417656249999741, 12.71874999829300634, -1.376604666648954867 ) ) ;
#1014 = CIRCLE ( 'NONE', #3136, 0.5000000000000004441 ) ;
#1015 = CARTESIAN_POINT ( 'NONE',  ( -1.255777295866969370E-06, 11.93747170824493509, 3.999999999999582112 ) ) ;
#1016 = FACE_OUTER_BOUND ( 'NONE', #240, .T. ) ;
#1017 = CARTESIAN_POINT ( 'NONE',  ( 2.350011161449477193, 24.04687499829300634, 2.350011161449478081 ) ) ;
#1018 = AXIS2_PLACEMENT_3D ( 'NONE', #3332, #99, #3584 ) ;
#1019 = VERTEX_POINT ( 'NONE', #10 ) ;
#1020 = EDGE_CURVE ( 'NONE', #237, #358, #537, .T. ) ;
#1021 = CARTESIAN_POINT ( 'NONE',  ( 2.828427124746189403, 20.84375000000000000, 2.828427124746190735 ) ) ;
#1022 = ORIENTED_EDGE ( 'NONE', *, *, #1737, .T. ) ;
#1023 = CARTESIAN_POINT ( 'NONE',  ( 3.323417656249999741, 17.71874999829300634, -1.376604666648954867 ) ) ;
#1024 = FACE_OUTER_BOUND ( 'NONE', #2767, .T. ) ;
#1025 = CARTESIAN_POINT ( 'NONE',  ( -4.000000000000000000, 18.89062499658601624, -1.656854249492381248 ) ) ;
#1026 = CARTESIAN_POINT ( 'NONE',  ( 0.000000000000000000, 24.00000000000000000, -4.000000000000000000 ) ) ;
#1027 = FACE_OUTER_BOUND ( 'NONE', #3595, .T. ) ;
#1028 = CARTESIAN_POINT ( 'NONE',  ( 3.186972331462802011, 19.30099906460786130, 3.186972331462803343 ) ) ;
#1029 = CARTESIAN_POINT ( 'NONE',  ( 3.178149425701191522, 24.00000000000000000, 0.9958387867241050850 ) ) ;
#1030 = CARTESIAN_POINT ( 'NONE',  ( -2.350011161449478081, 14.67187499829300634, 2.350011161449477193 ) ) ;
#1031 = DIRECTION ( 'NONE',  ( -1.000000000000000000, -0.000000000000000000, -0.000000000000000000 ) ) ;
#1032 = CARTESIAN_POINT ( 'NONE',  ( 3.323417656249999741, 12.71874999829300634, -1.376604666648954867 ) ) ;
#1033 = CARTESIAN_POINT ( 'NONE',  ( -4.507059494062498395, 12.58224906460786308, -5.519555982970327188E-16 ) ) ;
#1034 = ADVANCED_FACE ( 'NONE', ( #1167 ), #1494, .F. ) ;
#1035 = ORIENTED_EDGE ( 'NONE', *, *, #346, .F. ) ;
#1036 = CARTESIAN_POINT ( 'NONE',  ( 3.323417656249999741, 22.71874999829300279, -1.376604666648954867 ) ) ;
#1037 = CARTESIAN_POINT ( 'NONE',  ( 2.350011161449477637, 16.85937499829300634, -2.350011161449477637 ) ) ;
#1038 = CARTESIAN_POINT ( 'NONE',  ( -2.828427124746190735, 19.12499999658601624, 2.828427124746189847 ) ) ;
#1039 = FACE_OUTER_BOUND ( 'NONE', #811, .T. ) ;
#1040 = CARTESIAN_POINT ( 'NONE',  ( 4.000000000000000000, 12.09374999658601624, 0.000000000000000000 ) ) ;
#1041 = CARTESIAN_POINT ( 'NONE',  ( -3.895890743819795166, 12.82280688009612213, -1.046991400220849799 ) ) ;
#1042 = CARTESIAN_POINT ( 'NONE',  ( -8.249490433370778810E-07, 15.53123212034920719, 3.999999999999824141 ) ) ;
#1043 = CARTESIAN_POINT ( 'NONE',  ( -4.507059494062498395, 21.41037406460786485, 1.866885168863106736 ) ) ;
#1044 = CARTESIAN_POINT ( 'NONE',  ( 3.329549704431750357, 23.99999999999996803, -0.07845371345146499864 ) ) ;
#1045 = CARTESIAN_POINT ( 'NONE',  ( 3.323417656250000185, 12.64062499829300634, 0.000000000000000000 ) ) ;
#1046 = CIRCLE ( 'NONE', #1172, 11.50000000000000000 ) ;
#1047 = CARTESIAN_POINT ( 'NONE',  ( -4.000000000000000888, 12.79687499658601624, 1.656854249492379694 ) ) ;
#1048 = CARTESIAN_POINT ( 'NONE',  ( -1.376604666648954867, 24.59374999829300634, -3.323417656249999741 ) ) ;
#1049 = CARTESIAN_POINT ( 'NONE',  ( -8.279333974455491767E-16, 12.89474906460786308, 4.507059494062498395 ) ) ;
#1050 = ORIENTED_EDGE ( 'NONE', *, *, #1831, .F. ) ;
#1051 = EDGE_CURVE ( 'NONE', #2316, #1679, #1046, .T. ) ;
#1052 = CARTESIAN_POINT ( 'NONE',  ( 2.035006397478180666E-16, 21.70312499829300634, -3.323417656250000185 ) ) ;
#1053 = CARTESIAN_POINT ( 'NONE',  ( -3.323417656250001517, 17.40624999829300990, 1.376604666648954201 ) ) ;
#1054 = CARTESIAN_POINT ( 'NONE',  ( 4.000000000000000000, 24.59374999658601624, 0.000000000000000000 ) ) ;
#1055 = CARTESIAN_POINT ( 'NONE',  ( 3.999999999999999112, 22.01562499658601624, 1.656854249492383024 ) ) ;
#1056 = ORIENTED_EDGE ( 'NONE', *, *, #1831, .T. ) ;
#1057 = CARTESIAN_POINT ( 'NONE',  ( -2.714854509924556236, 11.79162902491356313, 3.027678344055437343 ) ) ;
#1058 = EDGE_CURVE ( 'NONE', #1019, #556, #879, .T. ) ;
#1059 = CARTESIAN_POINT ( 'NONE',  ( -6.105019192434541011E-16, 20.14062499829300634, 3.323417656250000185 ) ) ;
#1060 = CARTESIAN_POINT ( 'NONE',  ( 3.323417656250000185, 11.70312499829300812, 0.000000000000000000 ) ) ;
#1061 = CARTESIAN_POINT ( 'NONE',  ( -2.290148581540085403E-06, 16.78120015883094496, 3.999999999998629541 ) ) ;
#1062 = CARTESIAN_POINT ( 'NONE',  ( 3.767336188391461676E-06, 13.81241512473454947, -3.999999999996240785 ) ) ;
#1063 = CARTESIAN_POINT ( 'NONE',  ( 2.350011161449477637, 19.04687499829300990, -2.350011161449477637 ) ) ;
#1064 = DIRECTION ( 'NONE',  ( -0.000000000000000000, -1.000000000000000000, -0.000000000000000000 ) ) ;
#1065 = CARTESIAN_POINT ( 'NONE',  ( -4.000000000000000000, 22.71874999658601979, -4.898587196589412829E-16 ) ) ;
#1066 = CARTESIAN_POINT ( 'NONE',  ( -1.376604666648954867, 23.34374999829300634, -3.323417656249999741 ) ) ;
#1067 = VECTOR ( 'NONE', #3329, 1000.000000000000000 ) ;
#1068 = ORIENTED_EDGE ( 'NONE', *, *, #836, .T. ) ;
#1069 = CARTESIAN_POINT ( 'NONE',  ( -1.656854249492382580, 19.20312499658601979, 3.999999999999999112 ) ) ;
#1070 = CARTESIAN_POINT ( 'NONE',  ( 4.507059494062498395, 10.70724906460786308, 0.000000000000000000 ) ) ;
#1071 = ORIENTED_EDGE ( 'NONE', *, *, #1532, .T. ) ;
#1072 = CARTESIAN_POINT ( 'NONE',  ( -2.350011161449478081, 20.92187499829300634, 2.350011161449477193 ) ) ;
#1073 = CARTESIAN_POINT ( 'NONE',  ( 2.350011161449477637, 15.60937499829300812, -2.350011161449477637 ) ) ;
#1074 = CARTESIAN_POINT ( 'NONE',  ( 2.828427124746189403, 24.43749999658601624, 2.828427124746190735 ) ) ;
#1075 =( LENGTH_UNIT ( ) NAMED_UNIT ( * ) SI_UNIT ( .MILLI., .METRE. ) );
#1076 = ORIENTED_EDGE ( 'NONE', *, *, #1620, .F. ) ;
#1077 = DIRECTION ( 'NONE',  ( 0.000000000000000000, 0.000000000000000000, 1.000000000000000000 ) ) ;
#1078 = CARTESIAN_POINT ( 'NONE',  ( 1.376604666648955755, 23.96874999829300634, 3.323417656249999297 ) ) ;
#1079 = CARTESIAN_POINT ( 'NONE',  ( -1.376604666648954867, 12.09374999829300812, -3.323417656249999741 ) ) ;
#1080 = CARTESIAN_POINT ( 'NONE',  ( 1.866885168863107403, 23.44162406460786485, -4.507059494062497507 ) ) ;
#1081 = CARTESIAN_POINT ( 'NONE',  ( -4.000000000000000000, 20.21874999658601624, -4.898587196589412829E-16 ) ) ;
#1082 = CARTESIAN_POINT ( 'NONE',  ( 1.376604666648955755, 19.90624999829300990, 3.323417656249999741 ) ) ;
#1083 = ADVANCED_FACE ( 'NONE', ( #3223 ), #1243, .T. ) ;
#1084 = ORIENTED_EDGE ( 'NONE', *, *, #503, .T. ) ;
#1085 = CARTESIAN_POINT ( 'NONE',  ( 3.673940397442060361E-16, 29.50000000000000355, -3.000000000000000444 ) ) ;
#1086 = CARTESIAN_POINT ( 'NONE',  ( 3.323417656249999741, 16.46874999829300634, -1.376604666648954867 ) ) ;
#1087 = CARTESIAN_POINT ( 'NONE',  ( -3.495145768695715027, 16.52050083686213711, -2.014475548495322954 ) ) ;
#1088 = CARTESIAN_POINT ( 'NONE',  ( 4.000000000000000000, 23.50000000000000000, 0.000000000000000000 ) ) ;
#1089 = ORIENTED_EDGE ( 'NONE', *, *, #1509, .T. ) ;
#1090 = CARTESIAN_POINT ( 'NONE',  ( -1.376604666648956865, 22.24999999829300634, 3.323417656249998853 ) ) ;
#1091 = CARTESIAN_POINT ( 'NONE',  ( -2.350011161449477193, 13.42187499829300812, -2.350011161449477637 ) ) ;
#1092 = CARTESIAN_POINT ( 'NONE',  ( 2.449293598294706414E-16, 24.90624999658601624, -4.000000000000000000 ) ) ;
#1093 = ORIENTED_EDGE ( 'NONE', *, *, #1761, .F. ) ;
#1094 = FACE_OUTER_BOUND ( 'NONE', #1592, .T. ) ;
#1095 = CARTESIAN_POINT ( 'NONE',  ( -1.376604666648956865, 23.81249999829300634, 3.323417656249998853 ) ) ;
#1096 = CARTESIAN_POINT ( 'NONE',  ( 3.323417656250000185, 14.20312499829300812, 0.000000000000000000 ) ) ;
#1097 = CARTESIAN_POINT ( 'NONE',  ( -3.186972331462802455, 23.67599906460786485, -3.186972331462802899 ) ) ;
#1098 = FACE_OUTER_BOUND ( 'NONE', #579, .T. ) ;
#1099 = CARTESIAN_POINT ( 'NONE',  ( -1.376604666648954867, 18.03124999829300990, -3.323417656249999741 ) ) ;
#1100 = ORIENTED_EDGE ( 'NONE', *, *, #1337, .F. ) ;
#1101 =( BOUNDED_CURVE ( )  B_SPLINE_CURVE ( 2, ( #737, #997, #3623, #2476, #773, #1906, #1923, #2442, #1887, #3079, #478, #2177, #1333, #171, #2140, #1871, #1045, #1013, #1262, #1622, #3335, #3042, #1640, #3062, #1297, #3315, #2796, #719, #3025, #1605, #2212, #119, #3295, #1315, #2159, #702, #1854, #3659, #3642, #1280, #3007, #403, #1030, #3605, #2743, #137, #2195, #460, #2778, #1140, #3386, #520, #3141, #1121, #3446, #2227, #1410, #1674, #3425, #211, #269, #3757, #790, #830, #2549, #2835, #2285, #1714, #230, #2244, #1735, #3677, #1392, #1431, #2875, #2590, #2816, #1941, #2307, #2855, #1962, #3097, #544, #3404, #189, #1099, #850, #497, #809, #3715, #1986, #2006, #1696, #3162, #2264, #250, #1658, #3467, #1063, #1372, #869, #2569, #2026, #3736, #3182, #1352, #563, #2529, #2513, #1082, #584, #3118, #3695, #3525, #603, #2896, #675, #1771, #2913, #2964, #619, #3218, #2077, #59, #2386, #1159, #344, #2930, #2368, #308, #363, #922, #1508, #1526, #1236, #2115, #1470, #1450, #637, #2403, #1754, #2610, #325, #2683, #655, #76, #2629, #2329, #3564, #1790, #906, #3269, #888, #3234, #1489, #2947, #2666, #289, #1217, #960, #6, #3545, #941 ),
 .UNSPECIFIED., .F., .T. ) 
 B_SPLINE_CURVE_WITH_KNOTS ( ( 3, 2, 2, 2, 2, 2, 2, 2, 2, 2, 2, 2, 2, 2, 2, 2, 2, 2, 2, 2, 2, 2, 2, 2, 2, 2, 2, 2, 2, 2, 2, 2, 2, 2, 2, 2, 2, 2, 2, 2, 2, 2, 2, 2, 2, 2, 2, 2, 2, 2, 2, 2, 2, 2, 2, 2, 2, 2, 2, 2, 2, 2, 2, 2, 2, 2, 2, 2, 2, 2, 2, 2, 2, 2, 2, 2, 2, 2, 2, 2, 2, 3 ),
 ( 0.000000000000000000, 0.01136363636363636395, 0.02272727272727272790, 0.03409090909090908839, 0.04545454545454545581, 0.05681818181818181629, 0.06818181818181817677, 0.07954545454545454419, 0.09090909090909091161, 0.1022727272727272790, 0.1136363636363636326, 0.1250000000000000000, 0.1363636363636363535, 0.1477272727272727348, 0.1590909090909090884, 0.1704545454545454419, 0.1818181818181818232, 0.1931818181818181768, 0.2045454545454545581, 0.2159090909090909116, 0.2272727272727272652, 0.2386363636363636465, 0.2500000000000000000, 0.2613636363636363535, 0.2727272727272727071, 0.2840909090909091161, 0.2954545454545454697, 0.3068181818181817677, 0.3181818181818181768, 0.3295454545454545303, 0.3409090909090908839, 0.3522727272727272929, 0.3636363636363636465, 0.3750000000000000000, 0.3863636363636363535, 0.3977272727272727071, 0.4090909090909091161, 0.4204545454545454697, 0.4318181818181818232, 0.4431818181818181768, 0.4545454545454545303, 0.4659090909090908839, 0.4772727272727272929, 0.4886363636363636465, 0.5000000000000000000, 0.5113636363636363535, 0.5227272727272727071, 0.5340909090909090606, 0.5454545454545454142, 0.5568181818181818787, 0.5681818181818182323, 0.5795454545454545858, 0.5909090909090909394, 0.6022727272727272929, 0.6136363636363635354, 0.6250000000000000000, 0.6363636363636363535, 0.6477272727272727071, 0.6590909090909090606, 0.6704545454545453032, 0.6818181818181817677, 0.6931818181818182323, 0.7045454545454545858, 0.7159090909090909394, 0.7272727272727272929, 0.7386363636363636465, 0.7500000000000000000, 0.7613636363636363535, 0.7727272727272727071, 0.7840909090909089496, 0.7954545454545454142, 0.8068181818181817677, 0.8181818181818182323, 0.8295454545454545858, 0.8409090909090909394, 0.8522727272727272929, 0.8636363636363636465, 0.8750000000000000000, 0.8863636363636363535, 0.8977272727272727071, 0.9090909090909090606, 0.9169719130283450204 ),
 .UNSPECIFIED. ) 
 CURVE ( )  GEOMETRIC_REPRESENTATION_ITEM ( )  RATIONAL_B_SPLINE_CURVE ( ( 1.000000000000000000, 0.9238795325112867385, 1.000000000000000000, 0.9238795325112867385, 1.000000000000000000, 0.9238795325112867385, 1.000000000000000000, 0.9238795325112867385, 1.000000000000000000, 0.9238795325112867385, 1.000000000000000000, 0.9238795325112867385, 1.000000000000000000, 0.9238795325112867385, 1.000000000000000000, 0.9238795325112867385, 1.000000000000000000, 0.9238795325112867385, 1.000000000000000000, 0.9238795325112867385, 1.000000000000000000, 0.9238795325112867385, 1.000000000000000000, 0.9238795325112867385, 1.000000000000000000, 0.9238795325112867385, 1.000000000000000000, 0.9238795325112867385, 1.000000000000000000, 0.9238795325112867385, 1.000000000000000000, 0.9238795325112867385, 1.000000000000000000, 0.9238795325112867385, 1.000000000000000000, 0.9238795325112867385, 1.000000000000000000, 0.9238795325112867385, 1.000000000000000000, 0.9238795325112867385, 1.000000000000000000, 0.9238795325112867385, 1.000000000000000000, 0.9238795325112867385, 1.000000000000000000, 0.9238795325112867385, 1.000000000000000000, 0.9238795325112867385, 1.000000000000000000, 0.9238795325112867385, 1.000000000000000000, 0.9238795325112867385, 1.000000000000000000, 0.9238795325112867385, 1.000000000000000000, 0.9238795325112867385, 1.000000000000000000, 0.9238795325112867385, 1.000000000000000000, 0.9238795325112867385, 1.000000000000000000, 0.9238795325112867385, 1.000000000000000000, 0.9238795325112867385, 1.000000000000000000, 0.9238795325112867385, 1.000000000000000000, 0.9238795325112867385, 1.000000000000000000, 0.9238795325112867385, 1.000000000000000000, 0.9238795325112867385, 1.000000000000000000, 0.9238795325112867385, 1.000000000000000000, 0.9238795325112867385, 1.000000000000000000, 0.9238795325112867385, 1.000000000000000000, 0.9238795325112867385, 1.000000000000000000, 0.9238795325112867385, 1.000000000000000000, 0.9238795325112867385, 1.000000000000000000, 0.9238795325112867385, 1.000000000000000000, 0.9238795325112867385, 1.000000000000000000, 0.9238795325112867385, 1.000000000000000000, 0.9238795325112867385, 1.000000000000000000, 0.9238795325112867385, 1.000000000000000000, 0.9238795325112867385, 1.000000000000000000, 0.9238795325112867385, 1.000000000000000000, 0.9238795325112867385, 1.000000000000000000, 0.9238795325112867385, 1.000000000000000000, 0.9238795325112867385, 1.000000000000000000, 0.9238795325112867385, 1.000000000000000000, 0.9238795325112867385, 1.000000000000000000, 0.9238795325112867385, 1.000000000000000000, 0.9238795325112867385, 1.000000000000000000, 0.9238795325112867385, 1.000000000000000000, 0.9238795325112867385, 1.000000000000000000, 0.9238795325112867385, 1.000000000000000000, 0.9238795325112867385, 1.000000000000000000, 0.9238795325112867385, 1.000000000000000000, 0.9238795325112867385, 1.000000000000000000, 0.9238795325112867385, 1.000000000000000000, 0.9238795325112867385, 1.000000000000000000, 0.9238795325112867385, 1.000000000000000000, 0.9238795325112867385, 1.000000000000000000, 0.9238795325112867385, 1.000000000000000000, 0.9238795325112867385, 1.000000000000000000, 0.9238795325112867385, 1.000000000000000000, 0.9238795325112867385, 1.000000000000000000, 0.9238795325112867385, 1.000000000000000000, 0.9238795325112867385, 1.000000000000000000, 0.9238795325112867385, 1.000000000000000000, 0.9238795325112867385, 1.000000000000000000, 0.9238795325112867385, 1.000000000000000000, 0.9238795325112867385, 1.000000000000000000, 0.9238795325112867385, 1.000000000000000000, 0.9238795325112867385, 1.000000000000000000, 0.9238795325112867385, 1.000000000000000000, 0.9238795325112867385, 1.000000000000000000, 0.9472082980481746350, 0.9676416796228948236 ) ) 
 REPRESENTATION_ITEM ( '' )  );
#1102 = AXIS2_PLACEMENT_3D ( 'NONE', #2194, #2158, #2176 ) ;
#1103 = EDGE_CURVE ( 'NONE', #2747, #3746, #2338, .T. ) ;
#1104 = CARTESIAN_POINT ( 'NONE',  ( 0.5235995268241773193, 20.71295666108207456, 3.999999901928311452 ) ) ;
#1105 = DIRECTION ( 'NONE',  ( 0.000000000000000000, 0.000000000000000000, 1.000000000000000000 ) ) ;
#1106 = CARTESIAN_POINT ( 'NONE',  ( 2.035006397478180666E-16, 15.45312499829300812, -3.323417656250000185 ) ) ;
#1107 = EDGE_CURVE ( 'NONE', #1433, #3554, #1223, .T. ) ;
#1108 = CARTESIAN_POINT ( 'NONE',  ( -4.000000107561803020, 21.59832000284270848, -0.5235979558998835603 ) ) ;
#1109 = CARTESIAN_POINT ( 'NONE',  ( -1.656854249492382580, 23.10937500000000711, 3.999999999999999112 ) ) ;
#1110 = VERTEX_POINT ( 'NONE', #610 ) ;
#1111 = B_SPLINE_CURVE_WITH_KNOTS ( 'NONE', 3,
 ( #1660, #1104, #2592, #1413, #1944, #3121, #2838, #1123, #1142, #2229, #2288, #852, #3449, #1641, #2266, #3697, #233, #2858 ),
 .UNSPECIFIED., .F., .F.,
 ( 4, 2, 2, 2, 2, 2, 2, 2, 4 ),
 ( 0.7451921506499773473, 0.7512017647681210608, 0.7572113788862647743, 0.7632209930044085988, 0.7692306071225523123, 0.7752402212406960258, 0.7812498353588397393, 0.7872594494769835638, 0.7932690635951272773 ),
 .UNSPECIFIED. ) ;
#1112 = CARTESIAN_POINT ( 'NONE',  ( -1.376604666648954867, 20.53124999829300990, -3.323417656249999741 ) ) ;
#1113 = CARTESIAN_POINT ( 'NONE',  ( 3.323417656250000185, 16.70312499829300634, 0.000000000000000000 ) ) ;
#1114 = CARTESIAN_POINT ( 'NONE',  ( -3.323417656250000185, 13.57812499829300812, -4.070012794956361332E-16 ) ) ;
#1115 = ORIENTED_EDGE ( 'NONE', *, *, #1514, .T. ) ;
#1116 = AXIS2_PLACEMENT_3D ( 'NONE', #2461, #2780, #424 ) ;
#1117 = CARTESIAN_POINT ( 'NONE',  ( -1.465082451937883558E-05, 21.93716992951895506, 3.999999999943151252 ) ) ;
#1118 = CARTESIAN_POINT ( 'NONE',  ( 2.350011161449477193, 20.29687499829300990, 2.350011161449478081 ) ) ;
#1119 = CARTESIAN_POINT ( 'NONE',  ( -6.105019192434541011E-16, 16.39062499829300634, 3.323417656250000185 ) ) ;
#1120 = DIRECTION ( 'NONE',  ( 0.000000000000000000, 1.000000000000000000, 0.000000000000000000 ) ) ;
#1121 = CARTESIAN_POINT ( 'NONE',  ( -1.376604666648954867, 15.53124999829300634, -3.323417656249999741 ) ) ;
#1122 = DIRECTION ( 'NONE',  ( -0.000000000000000000, -1.000000000000000000, -0.000000000000000000 ) ) ;
#1123 = CARTESIAN_POINT ( 'NONE',  ( 3.895890908292745092, 20.94731754566576853, 1.046990788211110912 ) ) ;
#1124 = CARTESIAN_POINT ( 'NONE',  ( -3.235829688289682871, 23.99980829853339159, -2.350925020703792168 ) ) ;
#1125 = CARTESIAN_POINT ( 'NONE',  ( 3.323417656249998853, 16.31249999829300634, 1.376604666648957087 ) ) ;
#1126 = PRODUCT_RELATED_PRODUCT_CATEGORY ( 'part', '', ( #3613 ) ) ;
#1127 = CARTESIAN_POINT ( 'NONE',  ( 4.507059494062498395, 13.20724906460786308, 0.000000000000000000 ) ) ;
#1128 = ORIENTED_EDGE ( 'NONE', *, *, #1184, .T. ) ;
#1129 = ADVANCED_FACE ( 'NONE', ( #624 ), #1721, .T. ) ;
#1130 = CARTESIAN_POINT ( 'NONE',  ( 2.449293598294706414E-16, 15.06250000000000000, -4.000000000000000000 ) ) ;
#1131 = CARTESIAN_POINT ( 'NONE',  ( -1.376604666648954867, 20.84374999829300634, -3.323417656249999741 ) ) ;
#1132 = CARTESIAN_POINT ( 'NONE',  ( -3.236090761665589177, 25.09296894111909992, -2.351109649136473134 ) ) ;
#1133 = CARTESIAN_POINT ( 'NONE',  ( 2.138722618541253340, 24.00000000000000000, -2.702705380873564600 ) ) ;
#1134 = ORIENTED_EDGE ( 'NONE', *, *, #3207, .F. ) ;
#1135 = CARTESIAN_POINT ( 'NONE',  ( 0.000000000000000000, 9.500000000000000000, 15.50000000000000000 ) ) ;
#1136 = CARTESIAN_POINT ( 'NONE',  ( 2.035006397478180666E-16, 22.01562499829300990, -3.323417656250000185 ) ) ;
#1137 = CARTESIAN_POINT ( 'NONE',  ( 2.350011161449477637, 19.35937499829300990, -2.350011161449477637 ) ) ;
#1138 = CARTESIAN_POINT ( 'NONE',  ( -4.000000000000000000, 23.98396811443567245, 0.3227418013245647033 ) ) ;
#1139 = DIRECTION ( 'NONE',  ( 0.000000000000000000, 0.000000000000000000, -1.000000000000000000 ) ) ;
#1140 = CARTESIAN_POINT ( 'NONE',  ( 3.323417656249999741, 15.21874999829300812, -1.376604666648954867 ) ) ;
#1141 = CARTESIAN_POINT ( 'NONE',  ( 1.959434878635765131E-15, 9.500000000000000000, 16.00000000000000000 ) ) ;
#1142 = CARTESIAN_POINT ( 'NONE',  ( 4.000000101234973293, 20.97335764395284841, 0.5235980042333914231 ) ) ;
#1143 = DIRECTION ( 'NONE',  ( -0.000000000000000000, -1.000000000000000000, -0.000000000000000000 ) ) ;
#1144 = CARTESIAN_POINT ( 'NONE',  ( -1.376604666648956865, 18.49999999829300279, 3.323417656249998853 ) ) ;
#1145 = CIRCLE ( 'NONE', #2968, 11.00000000000000000 ) ;
#1146 = CYLINDRICAL_SURFACE ( 'NONE', #1354, 4.000000000000000000 ) ;
#1147 = CARTESIAN_POINT ( 'NONE',  ( -4.507059494062498395, 13.83224906460785952, -5.519555982970327188E-16 ) ) ;
#1148 = ORIENTED_EDGE ( 'NONE', *, *, #1058, .T. ) ;
#1149 = EDGE_CURVE ( 'NONE', #3765, #1211, #2208, .T. ) ;
#1150 = CARTESIAN_POINT ( 'NONE',  ( -7.347880794884119736E-16, 13.18750000000000000, 4.000000000000000000 ) ) ;
#1151 = CARTESIAN_POINT ( 'NONE',  ( -3.323417656249999741, 15.99999999829300812, -1.376604666648955311 ) ) ;
#1152 = CARTESIAN_POINT ( 'NONE',  ( 1.421397269448853251, 24.00000000000001421, -3.248446709094973794 ) ) ;
#1153 = VERTEX_POINT ( 'NONE', #912 ) ;
#1154 = DIRECTION ( 'NONE',  ( 1.000000000000000000, -0.000000000000000000, 1.224646799147353207E-16 ) ) ;
#1155 = CARTESIAN_POINT ( 'NONE',  ( -3.323417656250000185, 13.26562499829300812, -4.070012794956361332E-16 ) ) ;
#1156 = CARTESIAN_POINT ( 'NONE',  ( 1.376604666648955089, 20.68749999829300990, -3.323417656249999741 ) ) ;
#1157 = CARTESIAN_POINT ( 'NONE',  ( -1.656854249492382580, 15.45312499658601624, 3.999999999999999112 ) ) ;
#1158 = CARTESIAN_POINT ( 'NONE',  ( -7.035532279229366845E-08, 20.53124849066422186, 3.999999999999998224 ) ) ;
#1159 = CARTESIAN_POINT ( 'NONE',  ( 1.376604666648955755, 21.15624999829300634, 3.323417656249999741 ) ) ;
#1160 = VERTEX_POINT ( 'NONE', #2067 ) ;
#1161 = ORIENTED_EDGE ( 'NONE', *, *, #2575, .T. ) ;
#1162 = CARTESIAN_POINT ( 'NONE',  ( 4.000000050618864655, 15.97365877283338875, 0.5235983909125334623 ) ) ;
#1163 = DIRECTION ( 'NONE',  ( 0.000000000000000000, 0.000000000000000000, -1.000000000000000000 ) ) ;
#1164 = CARTESIAN_POINT ( 'NONE',  ( -3.323417656250001517, 14.59374999829300457, 1.376604666648954201 ) ) ;
#1165 = AXIS2_PLACEMENT_3D ( 'NONE', #1731, #1386, #2869 ) ;
#1166 = AXIS2_PLACEMENT_3D ( 'NONE', #1677, #2049, #2917 ) ;
#1167 = FACE_OUTER_BOUND ( 'NONE', #2245, .T. ) ;
#1168 = CARTESIAN_POINT ( 'NONE',  ( 1.866885168863108069, 17.97287406460786485, 4.507059494062497507 ) ) ;
#1169 =( BOUNDED_CURVE ( )  B_SPLINE_CURVE ( 2, ( #1318, #1589, #462, #2728, #738, #1047, #2479, #3008, #3027 ),
 .UNSPECIFIED., .F., .T. ) 
 B_SPLINE_CURVE_WITH_KNOTS ( ( 3, 2, 2, 2, 3 ),
 ( 0.02403774329078811958, 0.03605661425833579098, 0.04807548567778105464, 0.06009435709722631136, 0.07211324226532477011 ),
 .UNSPECIFIED. ) 
 CURVE ( )  GEOMETRIC_REPRESENTATION_ITEM ( )  RATIONAL_B_SPLINE_CURVE ( ( 1.000000000000000000, 0.9238795325112867385, 1.000000000000000000, 0.9238795325112867385, 1.000000000000000000, 0.9238795325112867385, 1.000000000000000000, 0.9238795325112867385, 1.000000000000000000 ) ) 
 REPRESENTATION_ITEM ( '' )  );
#1170 = ORIENTED_EDGE ( 'NONE', *, *, #1715, .T. ) ;
#1171 = AXIS2_PLACEMENT_3D ( 'NONE', #1415, #814, #2880 ) ;
#1172 = AXIS2_PLACEMENT_3D ( 'NONE', #2121, #65, #1515 ) ;
#1173 = CARTESIAN_POINT ( 'NONE',  ( 1.656854249492381248, 13.26562500000000000, 3.999999999999999112 ) ) ;
#1174 = CARTESIAN_POINT ( 'NONE',  ( -3.323417656250001517, 17.40624999829300990, 1.376604666648954201 ) ) ;
#1175 = ORIENTED_EDGE ( 'NONE', *, *, #2110, .F. ) ;
#1176 = CARTESIAN_POINT ( 'NONE',  ( -3.895890769124268793, 14.07273159787624728, -1.046991306062021732 ) ) ;
#1177 = AXIS2_PLACEMENT_3D ( 'NONE', #604, #2353, #383 ) ;
#1178 = CARTESIAN_POINT ( 'NONE',  ( -2.534972508129815782, 24.68671988096698655, -2.165049814769138603 ) ) ;
#1179 = CARTESIAN_POINT ( 'NONE',  ( -3.323417656250001517, 19.90624999829300990, 1.376604666648954645 ) ) ;
#1180 = CARTESIAN_POINT ( 'NONE',  ( 3.999999999999999112, 15.76562499658601801, 1.656854249492383246 ) ) ;
#1181 = CARTESIAN_POINT ( 'NONE',  ( -4.000000000000000888, 17.79687499658601624, 1.656854249492379694 ) ) ;
#1182 = DIRECTION ( 'NONE',  ( -0.000000000000000000, 1.000000000000000000, -0.000000000000000000 ) ) ;
#1183 = CARTESIAN_POINT ( 'NONE',  ( 3.198667660645051036, 17.11942309746503099, 2.458186501602471541 ) ) ;
#1184 = EDGE_CURVE ( 'NONE', #2841, #3480, #3183, .T. ) ;
#1185 = DIRECTION ( 'NONE',  ( 0.000000000000000000, 0.000000000000000000, 1.000000000000000000 ) ) ;
#1186 = DIRECTION ( 'NONE',  ( -0.000000000000000000, -1.000000000000000000, -0.000000000000000000 ) ) ;
#1187 = CARTESIAN_POINT ( 'NONE',  ( 2.035006397478180666E-16, 19.20312499829300634, -3.323417656250000185 ) ) ;
#1188 = CARTESIAN_POINT ( 'NONE',  ( -3.874339740203650351, 24.00000000000000355, 0.9346401992045290097 ) ) ;
#1189 = ORIENTED_EDGE ( 'NONE', *, *, #3057, .F. ) ;
#1190 = CARTESIAN_POINT ( 'NONE',  ( -1.656854249492380360, 15.14062499999999822, -4.000000000000000000 ) ) ;
#1191 = CARTESIAN_POINT ( 'NONE',  ( -1.376604666648954867, 18.34374999829300634, -3.323417656249999741 ) ) ;
#1192 = ORIENTED_EDGE ( 'NONE', *, *, #2600, .T. ) ;
#1193 = CARTESIAN_POINT ( 'NONE',  ( -3.495145427883782574, 14.22897218759875670, 2.014476139809116439 ) ) ;
#1194 = CARTESIAN_POINT ( 'NONE',  ( -3.323417656249999741, 14.43749999829300634, -1.376604666648955311 ) ) ;
#1195 = CARTESIAN_POINT ( 'NONE',  ( 3.323417656249999741, 19.28124999829300279, -1.376604666648954867 ) ) ;
#1196 = CARTESIAN_POINT ( 'NONE',  ( -7.347880794884119736E-16, 15.53124999658601624, 4.000000000000000000 ) ) ;
#1197 = VECTOR ( 'NONE', #1330, 1000.000000000000000 ) ;
#1198 = CARTESIAN_POINT ( 'NONE',  ( 3.667347552814926637, 11.00000000000000000, -2.008995357409805838 ) ) ;
#1199 = DIRECTION ( 'NONE',  ( 0.000000000000000000, 0.000000000000000000, 1.000000000000000000 ) ) ;
#1200 = DIRECTION ( 'NONE',  ( 0.000000000000000000, 0.000000000000000000, 1.000000000000000000 ) ) ;
#1201 = CARTESIAN_POINT ( 'NONE',  ( 1.656854249492381248, 13.10937499658601446, 3.999999999999999112 ) ) ;
#1202 = EDGE_CURVE ( 'NONE', #1679, #2316, #641, .T. ) ;
#1203 = CARTESIAN_POINT ( 'NONE',  ( 1.716241413905481906E-05, 23.81211334600675045, -3.999999999921989513 ) ) ;
#1204 = CARTESIAN_POINT ( 'NONE',  ( -1.376604666648956865, 19.74999999829300634, 3.323417656249998853 ) ) ;
#1205 = CARTESIAN_POINT ( 'NONE',  ( 0.000000000000000000, 24.00000000000000000, 0.000000000000000000 ) ) ;
#1206 = DIRECTION ( 'NONE',  ( -0.000000000000000000, -1.000000000000000000, -0.000000000000000000 ) ) ;
#1207 = CARTESIAN_POINT ( 'NONE',  ( -6.105019192434541011E-16, 17.64062499829300634, 3.323417656250000185 ) ) ;
#1208 = VERTEX_POINT ( 'NONE', #352 ) ;
#1209 = CARTESIAN_POINT ( 'NONE',  ( -1.656854249492382580, 11.85937500000000178, 3.999999999999999112 ) ) ;
#1210 = CARTESIAN_POINT ( 'NONE',  ( 1.376604666648955755, 15.21874999829300634, 3.323417656249999297 ) ) ;
#1211 = VERTEX_POINT ( 'NONE', #704 ) ;
#1212 = CARTESIAN_POINT ( 'NONE',  ( -3.495145671322904768, 14.02065140130207688, -2.014475717438634739 ) ) ;
#1213 = CARTESIAN_POINT ( 'NONE',  ( 3.323417656250000185, 11.39062499829300812, 0.000000000000000000 ) ) ;
#1214 = CARTESIAN_POINT ( 'NONE',  ( 3.323417656249999741, 18.03124999829300990, -1.376604666648954867 ) ) ;
#1215 = CARTESIAN_POINT ( 'NONE',  ( 1.656854249492381026, 12.32812499658601979, -4.000000000000000000 ) ) ;
#1216 = CARTESIAN_POINT ( 'NONE',  ( -1.656854249492380138, 17.48437499658602690, -4.000000000000000000 ) ) ;
#1217 = CARTESIAN_POINT ( 'NONE',  ( 2.350011161449477193, 23.73437499829300634, 2.350011161449478081 ) ) ;
#1218 = CARTESIAN_POINT ( 'NONE',  ( -7.035532279229366845E-08, 20.53124849066422186, 3.999999999999998224 ) ) ;
#1219 = CARTESIAN_POINT ( 'NONE',  ( 0.5235983667444378264, 16.28613995227839339, -4.000000053782455822 ) ) ;
#1220 = CARTESIAN_POINT ( 'NONE',  ( 2.014476752205604626, 23.29092639150266209, 3.495145074920365413 ) ) ;
#1221 = CARTESIAN_POINT ( 'NONE',  ( 3.323417656249999741, 22.71874999829300279, -1.376604666648954867 ) ) ;
#1222 = ADVANCED_FACE ( 'NONE', ( #2762 ), #761, .T. ) ;
#1223 = LINE ( 'NONE', #1835, #3355 ) ;
#1224 = CARTESIAN_POINT ( 'NONE',  ( 0.000000000000000000, 2.168404344971008868E-16, 5.500000000000000000 ) ) ;
#1225 = CARTESIAN_POINT ( 'NONE',  ( -2.350011161449478081, 18.73437499829300990, 2.350011161449477193 ) ) ;
#1226 = VERTEX_POINT ( 'NONE', #1623 ) ;
#1227 = EDGE_CURVE ( 'NONE', #338, #2109, #2727, .T. ) ;
#1228 = CARTESIAN_POINT ( 'NONE',  ( 4.000000000000000000, 21.07812500000000000, -1.656854249492380804 ) ) ;
#1229 = CARTESIAN_POINT ( 'NONE',  ( 1.376604666648955755, 13.96874999829300634, 3.323417656249999297 ) ) ;
#1230 = ORIENTED_EDGE ( 'NONE', *, *, #1810, .F. ) ;
#1231 = AXIS2_PLACEMENT_3D ( 'NONE', #2672, #2051, #2083 ) ;
#1232 = CARTESIAN_POINT ( 'NONE',  ( -6.105019192434541011E-16, 17.32812499829300634, 3.323417656250000185 ) ) ;
#1233 = CARTESIAN_POINT ( 'NONE',  ( 2.014476498807385774, 19.54115223816352653, 3.495145220970045763 ) ) ;
#1234 = CARTESIAN_POINT ( 'NONE',  ( 3.999999999999999112, 13.26562499658601624, 1.656854249492383246 ) ) ;
#1235 = CARTESIAN_POINT ( 'NONE',  ( -1.656854249492382580, 17.95312499658601624, 3.999999999999999112 ) ) ;
#1236 = CARTESIAN_POINT ( 'NONE',  ( -2.350011161449477193, 21.85937499829300990, -2.350011161449477637 ) ) ;
#1237 = CARTESIAN_POINT ( 'NONE',  ( 2.014476329869591353, 17.04130280260377717, 3.495145318339741181 ) ) ;
#1238 = DIRECTION ( 'NONE',  ( -0.000000000000000000, -1.000000000000000000, -0.000000000000000000 ) ) ;
#1239 = CARTESIAN_POINT ( 'NONE',  ( 4.507059494062497507, 13.12912406460786130, 1.866885168863110067 ) ) ;
#1240 = CARTESIAN_POINT ( 'NONE',  ( 0.000000000000000000, 31.85000000000000497, 0.000000000000000000 ) ) ;
#1241 = CARTESIAN_POINT ( 'NONE',  ( -2.350011161449478081, 19.67187499829300990, 2.350011161449477193 ) ) ;
#1242 = AXIS2_PLACEMENT_3D ( 'NONE', #2514, #500, #1394 ) ;
#1243 = PLANE ( 'NONE',  #1231 ) ;
#1244 = CARTESIAN_POINT ( 'NONE',  ( -1.070423204903668245E-07, 12.40625017307097089, -3.999999999999998224 ) ) ;
#1245 = CARTESIAN_POINT ( 'NONE',  ( 2.350011161449477193, 19.04687499829300990, 2.350011161449478081 ) ) ;
#1246 = ORIENTED_EDGE ( 'NONE', *, *, #1741, .F. ) ;
#1247 = CARTESIAN_POINT ( 'NONE',  ( -4.000000000000000000, 19.04687499999999645, -1.656854249492381248 ) ) ;
#1248 = CARTESIAN_POINT ( 'NONE',  ( -6.105019192434541011E-16, 18.89062499829300990, 3.323417656250000185 ) ) ;
#1249 = ADVANCED_FACE ( 'NONE', ( #3660, #2427 ), #2744, .T. ) ;
#1250 = ORIENTED_EDGE ( 'NONE', *, *, #2458, .T. ) ;
#1251 =( BOUNDED_CURVE ( )  B_SPLINE_CURVE ( 2, ( #174, #1356, #139, #3680, #1065, #1335, #156, #3626, #1319 ),
 .UNSPECIFIED., .F., .F. ) 
 B_SPLINE_CURVE_WITH_KNOTS ( ( 3, 2, 2, 2, 3 ),
 ( 0.7932455127033285480, 0.8052643851028328248, 0.8172832565222780676, 0.8293021279417233105, 0.8413210089089587784 ),
 .UNSPECIFIED. ) 
 CURVE ( )  GEOMETRIC_REPRESENTATION_ITEM ( )  RATIONAL_B_SPLINE_CURVE ( ( 1.000000000000000000, 0.9238795325112867385, 1.000000000000000000, 0.9238795325112867385, 1.000000000000000000, 0.9238795325112867385, 1.000000000000000000, 0.9238795325112867385, 1.000000000000000000 ) ) 
 REPRESENTATION_ITEM ( '' )  );
#1252 = CARTESIAN_POINT ( 'NONE',  ( 2.035006397478180666E-16, 16.70312499829300634, -3.323417656250000185 ) ) ;
#1253 = CARTESIAN_POINT ( 'NONE',  ( 2.458186327669367177, 19.93175371246971395, -3.198667794313190704 ) ) ;
#1254 = CARTESIAN_POINT ( 'NONE',  ( 3.999999999999999112, 20.76562499658601979, 1.656854249492383246 ) ) ;
#1255 = CARTESIAN_POINT ( 'NONE',  ( 3.963909284942964018, 11.00000000000004441, -1.023583804784484963 ) ) ;
#1256 = CARTESIAN_POINT ( 'NONE',  ( -1.535800105519507630, 11.38245415661436688, -3.721467077694908809 ) ) ;
#1257 = CARTESIAN_POINT ( 'NONE',  ( 0.000000000000000000, 28.00000000000000000, 0.000000000000000000 ) ) ;
#1258 = CIRCLE ( 'NONE', #347, 3.000000000000000444 ) ;
#1259 = CYLINDRICAL_SURFACE ( 'NONE', #1018, 4.000000000000000000 ) ;
#1260 = CARTESIAN_POINT ( 'NONE',  ( -3.186972331462802455, 13.67599906460785952, -3.186972331462802899 ) ) ;
#1261 = CARTESIAN_POINT ( 'NONE',  ( 3.198667957679842022, 23.36904668636388394, 2.458186115091613999 ) ) ;
#1262 = CARTESIAN_POINT ( 'NONE',  ( 2.350011161449477637, 12.79687499829300634, -2.350011161449477637 ) ) ;
#1263 = DIRECTION ( 'NONE',  ( 0.000000000000000000, -1.000000000000000000, 0.000000000000000000 ) ) ;
#1264 = CARTESIAN_POINT ( 'NONE',  ( -1.656854249492382580, 15.45312499658601624, 3.999999999999999112 ) ) ;
#1265 = CARTESIAN_POINT ( 'NONE',  ( 1.376604666648955755, 20.21874999829300634, 3.323417656249999297 ) ) ;
#1266 = EDGE_LOOP ( 'NONE', ( #3703, #597, #2199, #3398 ) ) ;
#1267 = CARTESIAN_POINT ( 'NONE',  ( -1.656854249492382580, 19.35937500000000355, 3.999999999999999112 ) ) ;
#1268 = ORIENTED_EDGE ( 'NONE', *, *, #461, .T. ) ;
#1269 = VECTOR ( 'NONE', #3309, 1000.000000000000000 ) ;
#1270 = EDGE_CURVE ( 'NONE', #3356, #1760, #1169, .T. ) ;
#1271 = CARTESIAN_POINT ( 'NONE',  ( 1.376604666648955089, 16.62499999829300990, -3.323417656249999741 ) ) ;
#1272 = CARTESIAN_POINT ( 'NONE',  ( -1.376604666648957087, 22.56249999829301345, 3.323417656249999297 ) ) ;
#1273 = CARTESIAN_POINT ( 'NONE',  ( -4.000000000000000888, 19.04687499658601624, 1.656854249492379694 ) ) ;
#1274 = CARTESIAN_POINT ( 'NONE',  ( 2.496422476734023656E-07, 22.40624998481440500, -3.999999999999992450 ) ) ;
#1275 = CARTESIAN_POINT ( 'NONE',  ( 1.928818708657081344E-15, 0.000000000000000000, -15.50000000000000000 ) ) ;
#1276 = CARTESIAN_POINT ( 'NONE',  ( -2.375829485099950844, 23.93672265533229293, -3.278754332602995980 ) ) ;
#1277 = CARTESIAN_POINT ( 'NONE',  ( 4.000000000000000000, 18.34374999658601624, 0.000000000000000000 ) ) ;
#1278 = CARTESIAN_POINT ( 'NONE',  ( 4.507059494062497507, 20.78537406460786130, -1.866885168863107181 ) ) ;
#1279 = CARTESIAN_POINT ( 'NONE',  ( 0.5235997201565933956, 23.21280609664144023, 3.999999876621105344 ) ) ;
#1280 = CARTESIAN_POINT ( 'NONE',  ( -3.323417656249999741, 14.43749999829300634, -1.376604666648955311 ) ) ;
#1281 = CARTESIAN_POINT ( 'NONE',  ( 0.000000000000000000, 11.50000000000000000, 0.000000000000000000 ) ) ;
#1282 = CARTESIAN_POINT ( 'NONE',  ( -8.249490433370778810E-07, 15.53123212034920719, 3.999999999999824141 ) ) ;
#1283 = CARTESIAN_POINT ( 'NONE',  ( 2.350011161449477637, 24.35937499829300634, -2.350011161449477637 ) ) ;
#1284 = EDGE_LOOP ( 'NONE', ( #1716, #877, #648, #394 ) ) ;
#1285 = CARTESIAN_POINT ( 'NONE',  ( -2.828427124746190735, 19.28125000000000000, 2.828427124746189847 ) ) ;
#1286 = VERTEX_POINT ( 'NONE', #3317 ) ;
#1287 = AXIS2_PLACEMENT_3D ( 'NONE', #3641, #754, #1905 ) ;
#1288 = CARTESIAN_POINT ( 'NONE',  ( 2.350011161449477193, 16.23437499829300634, 2.350011161449478081 ) ) ;
#1289 = CARTESIAN_POINT ( 'NONE',  ( -1.376604666648954867, 12.09374999829300812, -3.323417656249999741 ) ) ;
#1290 = CARTESIAN_POINT ( 'NONE',  ( -4.000000000000000000, 17.71874999658601268, -4.898587196589412829E-16 ) ) ;
#1291 = CARTESIAN_POINT ( 'NONE',  ( -0.5235992851515531843, 17.58814486663249710, -3.999999933563228360 ) ) ;
#1292 = DIRECTION ( 'NONE',  ( 1.000000000000000000, -0.000000000000000000, 1.224646799147353207E-16 ) ) ;
#1293 = CARTESIAN_POINT ( 'NONE',  ( -0.6283287046003539489, 23.84297693176618793, -3.999999844351053380 ) ) ;
#1294 = CARTESIAN_POINT ( 'NONE',  ( 1.656854249492380804, 18.57812499658601624, -4.000000000000000000 ) ) ;
#1295 = CARTESIAN_POINT ( 'NONE',  ( 2.759777991485163594E-16, 19.76974906460785775, -4.507059494062498395 ) ) ;
#1296 = CARTESIAN_POINT ( 'NONE',  ( 0.000000000000000000, 32.00000000000000000, 0.000000000000000000 ) ) ;
#1297 = CARTESIAN_POINT ( 'NONE',  ( -3.323417656250000185, 13.26562499829300812, -4.070012794956361332E-16 ) ) ;
#1298 = EDGE_CURVE ( 'NONE', #237, #2713, #2399, .T. ) ;
#1299 = TOROIDAL_SURFACE ( 'NONE', #1850, 10.49999999999999822, 0.5000000000000000000 ) ;
#1300 = CARTESIAN_POINT ( 'NONE',  ( 6.123233995736766282E-16, 0.5000000000000004441, 5.000000000000000000 ) ) ;
#1301 = CARTESIAN_POINT ( 'NONE',  ( -3.323417656250001517, 12.09374999829300812, 1.376604666648954201 ) ) ;
#1302 = ORIENTED_EDGE ( 'NONE', *, *, #2413, .T. ) ;
#1303 = CARTESIAN_POINT ( 'NONE',  ( 1.656854249492381026, 19.98437500000000000, -4.000000000000000000 ) ) ;
#1304 = AXIS2_PLACEMENT_3D ( 'NONE', #3331, #167, #2455 ) ;
#1305 = ORIENTED_EDGE ( 'NONE', *, *, #3341, .T. ) ;
#1306 = CARTESIAN_POINT ( 'NONE',  ( 1.376604666648955755, 17.40624999829300990, 3.323417656249999297 ) ) ;
#1307 = CARTESIAN_POINT ( 'NONE',  ( 1.376604666648955755, 22.71874999829300990, 3.323417656249999741 ) ) ;
#1308 = CARTESIAN_POINT ( 'NONE',  ( -2.828427124746190735, 17.87499999658601624, 2.828427124746189847 ) ) ;
#1309 = CARTESIAN_POINT ( 'NONE',  ( 0.000000000000000000, 24.00000000000000000, -4.000000000000000000 ) ) ;
#1310 = CARTESIAN_POINT ( 'NONE',  ( 1.745556196749187375E-11, 11.28423955385216892, -4.048948528571197691 ) ) ;
#1311 = CARTESIAN_POINT ( 'NONE',  ( 2.092962954411025058E-06, 12.56245284707484267, -3.999999999998839595 ) ) ;
#1312 = CARTESIAN_POINT ( 'NONE',  ( 2.014476667740690896, 22.04100167372301655, 3.495145123602926507 ) ) ;
#1313 = CARTESIAN_POINT ( 'NONE',  ( -1.866885168863107181, 22.34787406460786130, -4.507059494062497507 ) ) ;
#1314 = DIRECTION ( 'NONE',  ( -0.000000000000000000, -1.000000000000000000, -0.000000000000000000 ) ) ;
#1315 = CARTESIAN_POINT ( 'NONE',  ( 3.323417656249999741, 13.96874999829300812, -1.376604666648954867 ) ) ;
#1316 = VECTOR ( 'NONE', #2583, 1000.000000000000000 ) ;
#1317 = ADVANCED_FACE ( 'NONE', ( #3625 ), #982, .T. ) ;
#1318 = CARTESIAN_POINT ( 'NONE',  ( -1.070423204903668245E-07, 12.40625017307097089, -3.999999999999998224 ) ) ;
#1319 = CARTESIAN_POINT ( 'NONE',  ( 1.195989259963723346E-06, 23.03127589841479761, 3.999999999999630518 ) ) ;
#1320 = CARTESIAN_POINT ( 'NONE',  ( 2.350011161449477637, 11.54687499829300812, -2.350011161449477637 ) ) ;
#1321 = CARTESIAN_POINT ( 'NONE',  ( -4.000000000000000000, 21.62500000000000000, -4.898587196589412829E-16 ) ) ;
#1322 = ORIENTED_EDGE ( 'NONE', *, *, #3430, .T. ) ;
#1323 = CARTESIAN_POINT ( 'NONE',  ( -3.323417656250001517, 20.84374999829300634, 1.376604666648954201 ) ) ;
#1324 = CARTESIAN_POINT ( 'NONE',  ( -1.376604666648954867, 15.84374999829300634, -3.323417656249999741 ) ) ;
#1325 = CARTESIAN_POINT ( 'NONE',  ( 4.000000000000000000, 18.34374999658601624, 0.000000000000000000 ) ) ;
#1326 = CARTESIAN_POINT ( 'NONE',  ( -3.495145281825800421, 17.97874634093872004, 2.014476393221798389 ) ) ;
#1327 = CARTESIAN_POINT ( 'NONE',  ( -3.198666977424004632, 19.25471115700564795, 2.458187390630381941 ) ) ;
#1328 = CARTESIAN_POINT ( 'NONE',  ( 1.046991047131728969, 17.51002457177125748, -3.895890838709816340 ) ) ;
#1329 = VECTOR ( 'NONE', #1900, 1000.000000000000000 ) ;
#1330 = DIRECTION ( 'NONE',  ( -0.000000000000000000, -1.000000000000000000, -0.000000000000000000 ) ) ;
#1331 = CARTESIAN_POINT ( 'NONE',  ( -8.279333974455491767E-16, 20.39474906460785775, 4.507059494062498395 ) ) ;
#1332 = CARTESIAN_POINT ( 'NONE',  ( 0.000000000000000000, 24.00000000000000000, 0.000000000000000000 ) ) ;
#1333 = CARTESIAN_POINT ( 'NONE',  ( -6.105019192434541011E-16, 12.32812499829300634, 3.323417656250000185 ) ) ;
#1334 = CARTESIAN_POINT ( 'NONE',  ( 1.046991423760724738, 12.51032570065108374, -3.895890737493631573 ) ) ;
#1335 = CARTESIAN_POINT ( 'NONE',  ( -4.000000000000000888, 22.79687499658601624, 1.656854249492379694 ) ) ;
#1336 = CARTESIAN_POINT ( 'NONE',  ( 3.323417656250000185, 24.20312499829300990, 0.000000000000000000 ) ) ;
#1337 = EDGE_CURVE ( 'NONE', #3535, #264, #3300, .T. ) ;
#1338 = CARTESIAN_POINT ( 'NONE',  ( 1.866885168863108069, 12.97287406460786130, 4.507059494062497507 ) ) ;
#1339 = EDGE_LOOP ( 'NONE', ( #1670, #3192, #3518, #3500 ) ) ;
#1340 = EDGE_CURVE ( 'NONE', #556, #3134, #1609, .T. ) ;
#1341 = CARTESIAN_POINT ( 'NONE',  ( -2.350011161449478081, 23.42187499829300634, 2.350011161449477193 ) ) ;
#1342 = CARTESIAN_POINT ( 'NONE',  ( -3.323417656249999741, 17.24999999829300634, -1.376604666648955311 ) ) ;
#1343 = AXIS2_PLACEMENT_3D ( 'NONE', #1992, #3411, #1397 ) ;
#1344 = CARTESIAN_POINT ( 'NONE',  ( -2.828427124746189847, 22.56249999658601624, -2.828427124746190291 ) ) ;
#1345 = CARTESIAN_POINT ( 'NONE',  ( -3.999999930399698034, 17.90062604607747687, 0.5235993093191216863 ) ) ;
#1346 = ORIENTED_EDGE ( 'NONE', *, *, #1785, .F. ) ;
#1347 = CYLINDRICAL_SURFACE ( 'NONE', #419, 4.000000000000000000 ) ;
#1348 = CARTESIAN_POINT ( 'NONE',  ( 1.376604666648955089, 20.68749999829300634, -3.323417656249999741 ) ) ;
#1349 = CARTESIAN_POINT ( 'NONE',  ( 1.376604666648955089, 15.68749999829300812, -3.323417656249999741 ) ) ;
#1350 = CARTESIAN_POINT ( 'NONE',  ( -2.920750591392474488E-06, 23.65625013430674173, -3.999999999998934186 ) ) ;
#1351 = CARTESIAN_POINT ( 'NONE',  ( 2.014476076454358555, 13.29152864926368061, 3.495145464399188828 ) ) ;
#1352 = CARTESIAN_POINT ( 'NONE',  ( -3.323417656250001517, 19.59374999829300634, 1.376604666648954645 ) ) ;
#1353 = AXIS2_PLACEMENT_3D ( 'NONE', #2375, #2428, #2084 ) ;
#1354 = AXIS2_PLACEMENT_3D ( 'NONE', #2314, #3431, #2822 ) ;
#1355 = CARTESIAN_POINT ( 'NONE',  ( -1.656854249492380138, 13.73437499658601624, -4.000000000000000000 ) ) ;
#1356 = CARTESIAN_POINT ( 'NONE',  ( -1.656854249492380138, 22.48437499658601624, -4.000000000000000000 ) ) ;
#1357 = CARTESIAN_POINT ( 'NONE',  ( 3.323417656249999741, 24.28124999829301345, -1.376604666648954867 ) ) ;
#1358 = AXIS2_PLACEMENT_3D ( 'NONE', #2570, #1122, #1987 ) ;
#1359 = EDGE_CURVE ( 'NONE', #2733, #338, #1947, .T. ) ;
#1360 = CARTESIAN_POINT ( 'NONE',  ( -1.656854249492380360, 22.64062500000000000, -4.000000000000000000 ) ) ;
#1361 = EDGE_LOOP ( 'NONE', ( #784, #2377 ) ) ;
#1362 = ADVANCED_FACE ( 'NONE', ( #2532 ), #1965, .F. ) ;
#1363 = CARTESIAN_POINT ( 'NONE',  ( -3.323417656250001517, 22.09374999829300634, 1.376604666648954201 ) ) ;
#1364 = CARTESIAN_POINT ( 'NONE',  ( 2.350011161449477637, 13.10937499829300812, -2.350011161449477637 ) ) ;
#1365 = CARTESIAN_POINT ( 'NONE',  ( 2.350011161449477193, 12.79687499829300634, 2.350011161449478081 ) ) ;
#1366 = CARTESIAN_POINT ( 'NONE',  ( -2.458186443624171158, 18.05686663579995965, 3.198667705201559297 ) ) ;
#1367 = EDGE_LOOP ( 'NONE', ( #686, #2340, #290, #3496 ) ) ;
#1368 = CARTESIAN_POINT ( 'NONE',  ( 0.000000000000000000, 11.00000000000000000, 0.000000000000000000 ) ) ;
#1369 = CARTESIAN_POINT ( 'NONE',  ( 2.035006397478180666E-16, 23.26562499829300990, -3.323417656250000185 ) ) ;
#1370 = CARTESIAN_POINT ( 'NONE',  ( 8.605002368336230046E-07, 16.15624995601144676, -3.999999999999908074 ) ) ;
#1371 = FACE_OUTER_BOUND ( 'NONE', #2128, .T. ) ;
#1372 = CARTESIAN_POINT ( 'NONE',  ( 1.376604666648955089, 19.12499999829300634, -3.323417656249999741 ) ) ;
#1373 = ORIENTED_EDGE ( 'NONE', *, *, #2761, .T. ) ;
#1374 = CARTESIAN_POINT ( 'NONE',  ( -4.000000000000000000, 13.89062499658601624, -1.656854249492381248 ) ) ;
#1375 = CARTESIAN_POINT ( 'NONE',  ( 2.045833294707424699, 11.04947232533478640, -3.762927075233228003 ) ) ;
#1376 = CARTESIAN_POINT ( 'NONE',  ( 1.376604666648955089, 17.87499999829300634, -3.323417656249999741 ) ) ;
#1377 = CARTESIAN_POINT ( 'NONE',  ( -4.000000056946029225, 16.59862113172338383, -0.5235983425764993981 ) ) ;
#1378 = TOROIDAL_SURFACE ( 'NONE', #351, 4.500000000000000888, 0.5000000000000000000 ) ;
#1379 = CARTESIAN_POINT ( 'NONE',  ( -4.000000000000000888, 21.70312500000000000, 1.656854249492379694 ) ) ;
#1380 = ORIENTED_EDGE ( 'NONE', *, *, #197, .T. ) ;
#1381 = CARTESIAN_POINT ( 'NONE',  ( 2.449293598294706414E-16, 11.31250000000000000, -4.000000000000000000 ) ) ;
#1382 = CARTESIAN_POINT ( 'NONE',  ( -2.350011161449478081, 14.98437499829300812, 2.350011161449477193 ) ) ;
#1383 = CARTESIAN_POINT ( 'NONE',  ( 3.323417656249999741, 13.03124999829300812, -1.376604666648954867 ) ) ;
#1384 = CARTESIAN_POINT ( 'NONE',  ( -0.3186581487458532980, 24.00000000000000711, -3.702095014608424606 ) ) ;
#1385 = ORIENTED_EDGE ( 'NONE', *, *, #2248, .F. ) ;
#1386 = DIRECTION ( 'NONE',  ( 0.000000000000000000, 1.000000000000000000, 0.000000000000000000 ) ) ;
#1387 = EDGE_CURVE ( 'NONE', #2412, #1797, #1111, .T. ) ;
#1388 = CARTESIAN_POINT ( 'NONE',  ( -1.376604666648956865, 22.56249999829301345, 3.323417656249998853 ) ) ;
#1389 = CARTESIAN_POINT ( 'NONE',  ( -3.323417656249999741, 13.49999999829300634, -1.376604666648955311 ) ) ;
#1390 = DIRECTION ( 'NONE',  ( 0.000000000000000000, 1.000000000000000000, 0.000000000000000000 ) ) ;
#1391 = CARTESIAN_POINT ( 'NONE',  ( -4.000000000000000888, 20.29687499658601624, 1.656854249492379694 ) ) ;
#1392 = CARTESIAN_POINT ( 'NONE',  ( -3.323417656250000185, 17.01562499829300634, -4.070012794956361332E-16 ) ) ;
#1393 = CARTESIAN_POINT ( 'NONE',  ( -2.458187448607304759, 20.19215469534050200, -3.198666932868521329 ) ) ;
#1394 = DIRECTION ( 'NONE',  ( 0.000000000000000000, 0.000000000000000000, -1.000000000000000000 ) ) ;
#1395 = DIRECTION ( 'NONE',  ( -0.000000000000000000, -1.000000000000000000, -0.000000000000000000 ) ) ;
#1396 = CARTESIAN_POINT ( 'NONE',  ( -1.376604666648956865, 17.24999999829300634, 3.323417656249998853 ) ) ;
#1397 = DIRECTION ( 'NONE',  ( 0.000000000000000000, 0.000000000000000000, 1.000000000000000000 ) ) ;
#1398 = CARTESIAN_POINT ( 'NONE',  ( 1.656854249492381026, 22.48437500000000000, -4.000000000000000000 ) ) ;
#1399 = VERTEX_POINT ( 'NONE', #1989 ) ;
#1400 = CARTESIAN_POINT ( 'NONE',  ( -3.323417656250001517, 23.34374999829300634, 1.376604666648954201 ) ) ;
#1401 = CARTESIAN_POINT ( 'NONE',  ( -2.350011161449478081, 16.23437499829300634, 2.350011161449477193 ) ) ;
#1402 = CARTESIAN_POINT ( 'NONE',  ( -2.350011161449477193, 13.42187499829300812, -2.350011161449477637 ) ) ;
#1403 = CARTESIAN_POINT ( 'NONE',  ( -2.331822170028546637, 23.99999999999995737, -3.136954525309558761 ) ) ;
#1404 = ORIENTED_EDGE ( 'NONE', *, *, #1463, .T. ) ;
#1405 = DIRECTION ( 'NONE',  ( 0.000000000000000000, 0.000000000000000000, -1.000000000000000000 ) ) ;
#1406 = CARTESIAN_POINT ( 'NONE',  ( -1.376604666648954867, 22.09374999829300634, -3.323417656249999741 ) ) ;
#1407 = CARTESIAN_POINT ( 'NONE',  ( 1.376604666648955755, 13.96874999829300812, 3.323417656249999741 ) ) ;
#1408 = CARTESIAN_POINT ( 'NONE',  ( 0.000000000000000000, 10.50000000000000000, 0.000000000000000000 ) ) ;
#1409 = CARTESIAN_POINT ( 'NONE',  ( -4.000000000000000888, 21.54687499658601624, 1.656854249492379694 ) ) ;
#1410 = CARTESIAN_POINT ( 'NONE',  ( -3.323417656250000185, 15.76562499829300990, -4.070012794956361332E-16 ) ) ;
#1411 = EDGE_LOOP ( 'NONE', ( #2019, #1778, #2641 ) ) ;
#1412 = AXIS2_PLACEMENT_3D ( 'NONE', #249, #288, #1139 ) ;
#1413 = CARTESIAN_POINT ( 'NONE',  ( 2.014476583274539045, 20.79107695594329641, 3.495145172286200363 ) ) ;
#1414 = EDGE_CURVE ( 'NONE', #204, #3730, #2270, .T. ) ;
#1415 = CARTESIAN_POINT ( 'NONE',  ( 0.000000000000000000, 11.00000000000000000, 0.000000000000000000 ) ) ;
#1416 = CARTESIAN_POINT ( 'NONE',  ( -3.323417656250000185, 15.76562499829300990, -4.070012794956361332E-16 ) ) ;
#1417 = CARTESIAN_POINT ( 'NONE',  ( -4.000000000000000888, 19.04687499658601624, 1.656854249492379694 ) ) ;
#1418 = CARTESIAN_POINT ( 'NONE',  ( 3.186972331462802899, 14.61349906460786308, -3.186972331462802899 ) ) ;
#1419 = ORIENTED_EDGE ( 'NONE', *, *, #2185, .F. ) ;
#1420 = CARTESIAN_POINT ( 'NONE',  ( -4.000000000000000888, 12.95312499999999822, 1.656854249492379694 ) ) ;
#1421 = CARTESIAN_POINT ( 'NONE',  ( -1.376604666648956865, 20.06249999829301345, 3.323417656249998853 ) ) ;
#1422 = CARTESIAN_POINT ( 'NONE',  ( -4.000000000000000888, 24.04687499658601979, 1.656854249492379694 ) ) ;
#1423 = CARTESIAN_POINT ( 'NONE',  ( 2.709421914177986057, 23.99999999999999645, -2.002125912768368821 ) ) ;
#1424 = ORIENTED_EDGE ( 'NONE', *, *, #1943, .F. ) ;
#1425 = VECTOR ( 'NONE', #2933, 1000.000000000000000 ) ;
#1426 = CARTESIAN_POINT ( 'NONE',  ( 0.000000000000000000, 11.00000000000000000, 0.000000000000000000 ) ) ;
#1427 = CARTESIAN_POINT ( 'NONE',  ( 2.350011161449477637, 23.10937499829300634, -2.350011161449477637 ) ) ;
#1428 = CARTESIAN_POINT ( 'NONE',  ( 1.376604666648955089, 11.93749999829300812, -3.323417656249999741 ) ) ;
#1429 = CARTESIAN_POINT ( 'NONE',  ( 4.507059494062497507, 23.12912406460786485, 1.866885168863110067 ) ) ;
#1430 = CARTESIAN_POINT ( 'NONE',  ( 0.000000000000000000, 24.00000000000000000, 0.000000000000000000 ) ) ;
#1431 = CARTESIAN_POINT ( 'NONE',  ( -3.323417656250001517, 17.09374999829300990, 1.376604666648954645 ) ) ;
#1432 = ORIENTED_EDGE ( 'NONE', *, *, #3057, .T. ) ;
#1433 = VERTEX_POINT ( 'NONE', #1085 ) ;
#1434 = CARTESIAN_POINT ( 'NONE',  ( 3.495145841723600988, 18.39538791353201219, 2.014475421790812515 ) ) ;
#1435 = DIRECTION ( 'NONE',  ( 0.000000000000000000, 1.000000000000000000, 0.000000000000000000 ) ) ;
#1436 = CARTESIAN_POINT ( 'NONE',  ( -3.323417656250000185, 18.26562499829300990, -4.070012794956361332E-16 ) ) ;
#1437 = ADVANCED_FACE ( 'NONE', ( #3187, #2818 ), #567, .F. ) ;
#1438 = CARTESIAN_POINT ( 'NONE',  ( -7.953280463050324461E-06, 16.93732081888315477, 3.999999999983246290 ) ) ;
#1439 = CARTESIAN_POINT ( 'NONE',  ( 4.507059494062498395, 14.45724906460786308, 0.000000000000000000 ) ) ;
#1440 = ORIENTED_EDGE ( 'NONE', *, *, #3321, .F. ) ;
#1441 = CARTESIAN_POINT ( 'NONE',  ( 1.656854249492381026, 13.73437500000000178, -4.000000000000000000 ) ) ;
#1442 = CARTESIAN_POINT ( 'NONE',  ( 3.323417656249999741, 15.53124999829300634, -1.376604666648954867 ) ) ;
#1443 = CARTESIAN_POINT ( 'NONE',  ( -9.627662652800102026E-06, 18.18728309654232689, 3.999999999975450304 ) ) ;
#1444 = ORIENTED_EDGE ( 'NONE', *, *, #1737, .F. ) ;
#1445 = CARTESIAN_POINT ( 'NONE',  ( -2.458186598234230136, 15.55701720024006107, 3.198667586383233896 ) ) ;
#1446 = CARTESIAN_POINT ( 'NONE',  ( 1.376604666648955089, 15.37499999829300990, -3.323417656249999741 ) ) ;
#1447 = CARTESIAN_POINT ( 'NONE',  ( 3.323417656249999297, 19.12499999829300634, 1.376604666648957087 ) ) ;
#1448 = CARTESIAN_POINT ( 'NONE',  ( -1.656854249492380360, 14.98437499658601801, -4.000000000000000000 ) ) ;
#1449 = CARTESIAN_POINT ( 'NONE',  ( 0.000000000000000000, 10.00000000000000000, -16.00000000000000000 ) ) ;
#1450 = CARTESIAN_POINT ( 'NONE',  ( -3.323417656250001517, 22.09374999829300634, 1.376604666648954645 ) ) ;
#1451 = ORIENTED_EDGE ( 'NONE', *, *, #2851, .F. ) ;
#1452 = CARTESIAN_POINT ( 'NONE',  ( 3.895890604644636657, 16.05177906769464258, -1.046991918096192187 ) ) ;
#1453 = CARTESIAN_POINT ( 'NONE',  ( 0.000000000000000000, 24.00000000000000000, 0.000000000000000000 ) ) ;
#1454 = CARTESIAN_POINT ( 'NONE',  ( -3.323417656250001517, 17.09374999829300990, 1.376604666648954201 ) ) ;
#1455 = AXIS2_PLACEMENT_3D ( 'NONE', #848, #1120, #1734 ) ;
#1456 = B_SPLINE_CURVE_WITH_KNOTS ( 'NONE', 3,
 ( #2774, #1293, #1918, #1276, #3347, #3056 ),
 .UNSPECIFIED., .F., .F.,
 ( 4, 2, 4 ),
 ( 0.9855767153757131194, 0.9927883576878565597, 1.000000000000000000 ),
 .UNSPECIFIED. ) ;
#1457 = CARTESIAN_POINT ( 'NONE',  ( -1.465082451937883558E-05, 21.93716992951895506, 3.999999999943151252 ) ) ;
#1458 = CARTESIAN_POINT ( 'NONE',  ( 1.866885168863107403, 14.69162406460786130, -4.507059494062497507 ) ) ;
#1459 = ADVANCED_FACE ( 'NONE', ( #212 ), #3427, .F. ) ;
#1460 = ORIENTED_EDGE ( 'NONE', *, *, #3077, .F. ) ;
#1461 = CARTESIAN_POINT ( 'NONE',  ( 1.656854249492381026, 16.23437500000000000, -4.000000000000000000 ) ) ;
#1462 = CARTESIAN_POINT ( 'NONE',  ( 2.035006397478180666E-16, 18.26562499829300990, -3.323417656250000185 ) ) ;
#1463 = EDGE_CURVE ( 'NONE', #3419, #2907, #1985, .T. ) ;
#1464 = ORIENTED_EDGE ( 'NONE', *, *, #1051, .T. ) ;
#1465 = CARTESIAN_POINT ( 'NONE',  ( -1.046992318248584741, 21.36395911825901806, -3.895890497106590189 ) ) ;
#1466 = CARTESIAN_POINT ( 'NONE',  ( -2.350011161449477193, 13.10937499829300812, -2.350011161449477637 ) ) ;
#1467 = CARTESIAN_POINT ( 'NONE',  ( -6.105019192434541011E-16, 18.89062499829300990, 3.323417656250000185 ) ) ;
#1468 = CARTESIAN_POINT ( 'NONE',  ( -2.828427124746189847, 15.06249999658601446, -2.828427124746190291 ) ) ;
#1469 = FACE_OUTER_BOUND ( 'NONE', #87, .T. ) ;
#1470 = CARTESIAN_POINT ( 'NONE',  ( -3.323417656250000185, 22.01562499829300990, -4.070012794956361332E-16 ) ) ;
#1471 = DIRECTION ( 'NONE',  ( -1.000000000000000000, 0.000000000000000000, 0.000000000000000000 ) ) ;
#1472 = CARTESIAN_POINT ( 'NONE',  ( 0.000000000000000000, 0.5000000000000004441, 0.000000000000000000 ) ) ;
#1473 = DIRECTION ( 'NONE',  ( -0.000000000000000000, -1.000000000000000000, -0.000000000000000000 ) ) ;
#1474 = CARTESIAN_POINT ( 'NONE',  ( -6.105019192434541011E-16, 23.57812499829300990, 3.323417656250000185 ) ) ;
#1475 = VECTOR ( 'NONE', #2001, 1000.000000000000000 ) ;
#1476 = VECTOR ( 'NONE', #273, 1000.000000000000000 ) ;
#1477 = DIRECTION ( 'NONE',  ( 0.000000000000000000, 0.000000000000000000, 1.000000000000000000 ) ) ;
#1478 = ORIENTED_EDGE ( 'NONE', *, *, #3387, .T. ) ;
#1479 = CARTESIAN_POINT ( 'NONE',  ( 1.656854249492381248, 15.76562499999999822, 3.999999999999999112 ) ) ;
#1480 = CARTESIAN_POINT ( 'NONE',  ( -3.323417656250000185, 16.07812499829300990, -4.070012794956361332E-16 ) ) ;
#1481 = ORIENTED_EDGE ( 'NONE', *, *, #816, .T. ) ;
#1482 = CARTESIAN_POINT ( 'NONE',  ( -1.046991753320965834, 13.86441081157956923, -3.895890648926767952 ) ) ;
#1483 = ADVANCED_FACE ( 'NONE', ( #3566 ), #658, .T. ) ;
#1484 = CIRCLE ( 'NONE', #2638, 7.625000000000000000 ) ;
#1485 = CARTESIAN_POINT ( 'NONE',  ( -6.105019192434541011E-16, 12.32812499829300634, 3.323417656250000185 ) ) ;
#1486 = CARTESIAN_POINT ( 'NONE',  ( -1.376604666648957087, 20.06249999829301345, 3.323417656249999297 ) ) ;
#1487 = CARTESIAN_POINT ( 'NONE',  ( -1.656854249492380360, 13.73437499658601624, -4.000000000000000000 ) ) ;
#1488 = CARTESIAN_POINT ( 'NONE',  ( 2.971780597146915337, 10.99999999999999645, -3.086779718292021801 ) ) ;
#1489 = CARTESIAN_POINT ( 'NONE',  ( -2.350011161449478081, 23.42187499829300634, 2.350011161449477193 ) ) ;
#1490 = CARTESIAN_POINT ( 'NONE',  ( 2.458186482276295770, 17.43190427691001076, -3.198667675497280261 ) ) ;
#1491 = DIRECTION ( 'NONE',  ( 0.000000000000000000, 0.000000000000000000, -1.000000000000000000 ) ) ;
#1492 = CARTESIAN_POINT ( 'NONE',  ( 2.458186095766754509, 23.68152786580878200, -3.198667972531055614 ) ) ;
#1493 = CARTESIAN_POINT ( 'NONE',  ( -3.323417656249999741, 21.93749999829300634, -1.376604666648955311 ) ) ;
#1494 = CYLINDRICAL_SURFACE ( 'NONE', #2811, 3.000000000000000444 ) ;
#1495 = CARTESIAN_POINT ( 'NONE',  ( -3.323417656249999741, 20.99999999829300634, -1.376604666648955311 ) ) ;
#1496 = ORIENTED_EDGE ( 'NONE', *, *, #1973, .T. ) ;
#1497 =( BOUNDED_CURVE ( )  B_SPLINE_CURVE ( 2, ( #829, #2589, #887, #3756, #3181, #1409, #229, #2854, #2284 ),
 .UNSPECIFIED., .F., .T. ) 
 B_SPLINE_CURVE_WITH_KNOTS ( ( 3, 2, 2, 2, 3 ),
 ( 0.6970945403977902854, 0.7091134137472706600, 0.7211322851667159028, 0.7331511565861612567, 0.7451700536917514883 ),
 .UNSPECIFIED. ) 
 CURVE ( )  GEOMETRIC_REPRESENTATION_ITEM ( )  RATIONAL_B_SPLINE_CURVE ( ( 1.000000000000000000, 0.9238795325112867385, 1.000000000000000000, 0.9238795325112867385, 1.000000000000000000, 0.9238795325112867385, 1.000000000000000000, 0.9238795325112867385, 1.000000000000000000 ) ) 
 REPRESENTATION_ITEM ( '' )  );
#1498 = CARTESIAN_POINT ( 'NONE',  ( -2.828427124746190735, 15.53125000000000000, 2.828427124746189847 ) ) ;
#1499 = CARTESIAN_POINT ( 'NONE',  ( -6.105019192434541011E-16, 15.14062499829300812, 3.323417656250000185 ) ) ;
#1500 = VECTOR ( 'NONE', #129, 1000.000000000000000 ) ;
#1501 = ORIENTED_EDGE ( 'NONE', *, *, #2972, .T. ) ;
#1502 = CARTESIAN_POINT ( 'NONE',  ( -2.014476203163245493, 15.16641572593380261, -3.495145391368734700 ) ) ;
#1503 = CARTESIAN_POINT ( 'NONE',  ( -3.323417656250001517, 15.84374999829300634, 1.376604666648954201 ) ) ;
#1504 = CARTESIAN_POINT ( 'NONE',  ( -3.323417656249999741, 17.24999999829300634, -1.376604666648955311 ) ) ;
#1505 = CARTESIAN_POINT ( 'NONE',  ( -4.000000000000000000, 15.14062499658601624, -1.656854249492381248 ) ) ;
#1506 = CIRCLE ( 'NONE', #723, 0.5000000000000004441 ) ;
#1507 = CARTESIAN_POINT ( 'NONE',  ( 2.828427124746189403, 15.68749999658601624, 2.828427124746190735 ) ) ;
#1508 = CARTESIAN_POINT ( 'NONE',  ( 2.035006397478180666E-16, 21.70312499829300634, -3.323417656250000185 ) ) ;
#1509 = EDGE_CURVE ( 'NONE', #1160, #1208, #2478, .T. ) ;
#1510 = CARTESIAN_POINT ( 'NONE',  ( -3.948255727395802772, 24.00000000000000355, 0.6413085927120029117 ) ) ;
#1511 = CARTESIAN_POINT ( 'NONE',  ( -3.198666799204710198, 23.00448531034482968, 2.458187622534627970 ) ) ;
#1512 = CARTESIAN_POINT ( 'NONE',  ( 3.495145062749836828, 23.60340757094756015, -2.014476773321640213 ) ) ;
#1513 = CARTESIAN_POINT ( 'NONE',  ( -3.323417656249999741, 20.68749999829300634, -1.376604666648955311 ) ) ;
#1514 = EDGE_CURVE ( 'NONE', #2937, #857, #3161, .T. ) ;
#1515 = DIRECTION ( 'NONE',  ( 0.000000000000000000, 0.000000000000000000, 1.000000000000000000 ) ) ;
#1516 = CARTESIAN_POINT ( 'NONE',  ( -4.000000000000000000, 15.14062499658601624, -1.656854249492381248 ) ) ;
#1517 = CARTESIAN_POINT ( 'NONE',  ( 2.350011161449477637, 18.10937499829300990, -2.350011161449477637 ) ) ;
#1518 = EDGE_LOOP ( 'NONE', ( #2279, #319, #1724, #1594 ) ) ;
#1519 = CARTESIAN_POINT ( 'NONE',  ( -1.656854249492382580, 16.85937500000000000, 3.999999999999999112 ) ) ;
#1520 = CARTESIAN_POINT ( 'NONE',  ( 2.035006397478180666E-16, 17.01562499829300634, -3.323417656250000185 ) ) ;
#1521 = ORIENTED_EDGE ( 'NONE', *, *, #699, .F. ) ;
#1522 = CARTESIAN_POINT ( 'NONE',  ( 3.323417656249999741, 15.21874999829300634, -1.376604666648954867 ) ) ;
#1523 = CARTESIAN_POINT ( 'NONE',  ( -2.350011161449477193, 18.42187499829300990, -2.350011161449477637 ) ) ;
#1524 = CARTESIAN_POINT ( 'NONE',  ( -2.828427124746190735, 12.87499999658601624, 2.828427124746189847 ) ) ;
#1525 = DIRECTION ( 'NONE',  ( 0.000000000000000000, 1.000000000000000000, 0.000000000000000000 ) ) ;
#1526 = CARTESIAN_POINT ( 'NONE',  ( -1.376604666648954867, 21.78124999829300990, -3.323417656249999741 ) ) ;
#1527 = CARTESIAN_POINT ( 'NONE',  ( 2.828427124746190291, 20.99999999658601624, -2.828427124746190291 ) ) ;
#1528 = CARTESIAN_POINT ( 'NONE',  ( -3.895890465478921705, 22.92636501548360428, 1.046992435936086929 ) ) ;
#1529 = CARTESIAN_POINT ( 'NONE',  ( 3.186972331462802899, 17.11349906460785775, -3.186972331462802899 ) ) ;
#1530 = CARTESIAN_POINT ( 'NONE',  ( 2.014475062808549044, 23.70756796409586542, -3.495146048627928881 ) ) ;
#1531 = CARTESIAN_POINT ( 'NONE',  ( 1.376604666648955755, 21.15624999829300279, 3.323417656249999297 ) ) ;
#1532 = EDGE_CURVE ( 'NONE', #521, #1858, #2093, .T. ) ;
#1533 = TOROIDAL_SURFACE ( 'NONE', #3102, 3.150000000000000355, 0.1499999999999999944 ) ;
#1534 = DIRECTION ( 'NONE',  ( -0.000000000000000000, -0.000000000000000000, -1.000000000000000000 ) ) ;
#1535 = CARTESIAN_POINT ( 'NONE',  ( 0.000000000000000000, 31.85000000000000497, 0.000000000000000000 ) ) ;
#1536 = CARTESIAN_POINT ( 'NONE',  ( -2.350011161449477193, 19.67187499829300990, -2.350011161449477637 ) ) ;
#1537 = EDGE_LOOP ( 'NONE', ( #472, #1380, #1373, #1093 ) ) ;
#1538 = CARTESIAN_POINT ( 'NONE',  ( -4.000000000000000000, 21.54687500000000000, -1.656854249492381248 ) ) ;
#1539 = CARTESIAN_POINT ( 'NONE',  ( 3.323417656249998853, 19.12499999829300634, 1.376604666648957087 ) ) ;
#1540 = VERTEX_POINT ( 'NONE', #2354 ) ;
#1541 = VECTOR ( 'NONE', #2410, 1000.000000000000000 ) ;
#1542 = AXIS2_PLACEMENT_3D ( 'NONE', #1777, #2652, #3571 ) ;
#1543 = CARTESIAN_POINT ( 'NONE',  ( -3.323417656249999741, 19.43749999829300634, -1.376604666648955311 ) ) ;
#1544 = CARTESIAN_POINT ( 'NONE',  ( 3.495145208799018466, 19.85363341760848144, -2.014476519924291775 ) ) ;
#1545 = CARTESIAN_POINT ( 'NONE',  ( -1.656854249492382580, 20.45312499658601979, 3.999999999999999112 ) ) ;
#1546 = CARTESIAN_POINT ( 'NONE',  ( 1.285879139104720633E-15, 10.49999999999999822, -10.49999999999999822 ) ) ;
#1547 = CARTESIAN_POINT ( 'NONE',  ( 3.192408228438131089E-06, 21.78131968032069565, 3.999999999997323474 ) ) ;
#1548 = CARTESIAN_POINT ( 'NONE',  ( 9.337931843498568852E-16, 32.00000000000000000, 7.625000000000000000 ) ) ;
#1549 = CARTESIAN_POINT ( 'NONE',  ( 1.656854249492381248, 18.10937499658601624, 3.999999999999999112 ) ) ;
#1550 = CARTESIAN_POINT ( 'NONE',  ( 2.759777991485163594E-16, 17.26974906460786130, -4.507059494062498395 ) ) ;
#1551 = CARTESIAN_POINT ( 'NONE',  ( 3.495145403540372619, 14.85393454648879086, -2.014476182045282560 ) ) ;
#1552 = CARTESIAN_POINT ( 'NONE',  ( 3.323417656249998853, 20.06249999829301345, 1.376604666648957087 ) ) ;
#1553 = CARTESIAN_POINT ( 'NONE',  ( -2.716143287238047321, 24.00000000000001066, 2.656998549922359398 ) ) ;
#1554 = DIRECTION ( 'NONE',  ( 0.000000000000000000, 0.000000000000000000, 1.000000000000000000 ) ) ;
#1555 = CARTESIAN_POINT ( 'NONE',  ( -3.323417656249999741, 19.74999999829300634, -1.376604666648955311 ) ) ;
#1556 = PRODUCT_CONTEXT ( 'NONE', #3316, 'mechanical' ) ;
#1557 = ORIENTED_EDGE ( 'NONE', *, *, #2524, .F. ) ;
#1558 = EDGE_CURVE ( 'NONE', #2543, #1540, #3237, .T. ) ;
#1559 = CARTESIAN_POINT ( 'NONE',  ( 1.656854249492381248, 19.51562500000000355, 3.999999999999999112 ) ) ;
#1560 = ORIENTED_EDGE ( 'NONE', *, *, #2352, .T. ) ;
#1561 = CARTESIAN_POINT ( 'NONE',  ( -3.323417656250000185, 19.51562499829300634, -4.070012794956361332E-16 ) ) ;
#1562 = CARTESIAN_POINT ( 'NONE',  ( 2.035006397478180666E-16, 22.01562499829300990, -3.323417656250000185 ) ) ;
#1563 = CARTESIAN_POINT ( 'NONE',  ( -1.656854249492382580, 21.70312499658601979, 3.999999999999999112 ) ) ;
#1564 = CARTESIAN_POINT ( 'NONE',  ( 8.790471182568895933E-06, 17.56230195771275859, -3.999999999979533705 ) ) ;
#1565 = LINE ( 'NONE', #2721, #1269 ) ;
#1566 = CARTESIAN_POINT ( 'NONE',  ( 4.898587196589412829E-16, 24.00000000000000000, 4.000000000000000000 ) ) ;
#1567 = DIRECTION ( 'NONE',  ( 0.000000000000000000, 0.000000000000000000, -1.000000000000000000 ) ) ;
#1568 = CARTESIAN_POINT ( 'NONE',  ( -4.507059494062497507, 22.50412406460786841, -1.866885168863107625 ) ) ;
#1569 = CARTESIAN_POINT ( 'NONE',  ( 3.895890781776373046, 14.69769395676628498, 1.046991258983096307 ) ) ;
#1570 = CARTESIAN_POINT ( 'NONE',  ( 0.000000000000000000, 11.00000000000000000, 0.000000000000000000 ) ) ;
#1571 = CARTESIAN_POINT ( 'NONE',  ( 2.092962954411025058E-06, 12.56245284707484267, -3.999999999998839595 ) ) ;
#1572 = CARTESIAN_POINT ( 'NONE',  ( 2.828427124746190291, 12.24999999658601624, -2.828427124746190291 ) ) ;
#1573 = CARTESIAN_POINT ( 'NONE',  ( -3.323417656250000185, 12.01562499829300812, -4.070012794956361332E-16 ) ) ;
#1574 = ORIENTED_EDGE ( 'NONE', *, *, #2649, .F. ) ;
#1575 = CARTESIAN_POINT ( 'NONE',  ( -2.828427124746189847, 17.71875000000000000, -2.828427124746190291 ) ) ;
#1576 = CIRCLE ( 'NONE', #2539, 16.00000000000000000 ) ;
#1577 = ORIENTED_EDGE ( 'NONE', *, *, #42, .F. ) ;
#1578 = ADVANCED_FACE ( 'NONE', ( #908 ), #2063, .F. ) ;
#1579 = CARTESIAN_POINT ( 'NONE',  ( -2.350011161449478081, 19.67187499829300990, 2.350011161449477193 ) ) ;
#1580 = CARTESIAN_POINT ( 'NONE',  ( 3.323417656249999741, 11.78124999829300990, -1.376604666648954867 ) ) ;
#1581 = CARTESIAN_POINT ( 'NONE',  ( 2.828427124746190291, 19.74999999658601624, -2.828427124746190291 ) ) ;
#1582 = DIRECTION ( 'NONE',  ( -1.224646799147351482E-16, 0.000000000000000000, -1.000000000000000000 ) ) ;
#1583 = DIRECTION ( 'NONE',  ( 0.000000000000000000, 1.000000000000000000, 0.000000000000000000 ) ) ;
#1584 = CARTESIAN_POINT ( 'NONE',  ( 2.458186173066605029, 22.43160314802915778, -3.198667913125886830 ) ) ;
#1585 = CARTESIAN_POINT ( 'NONE',  ( 2.759777991485163594E-16, 21.01974906460785775, -4.507059494062498395 ) ) ;
#1586 =( BOUNDED_CURVE ( )  B_SPLINE_CURVE ( 2, ( #2034, #592, #2883, #256, #855, #1417, #796, #1069, #1680 ),
 .UNSPECIFIED., .F., .T. ) 
 B_SPLINE_CURVE_WITH_KNOTS ( ( 3, 2, 2, 2, 3 ),
 ( 0.5047926019426602906, 0.5168114710361464414, 0.5288303424555916843, 0.5408492138750370382, 0.5528681233969204856 ),
 .UNSPECIFIED. ) 
 CURVE ( )  GEOMETRIC_REPRESENTATION_ITEM ( )  RATIONAL_B_SPLINE_CURVE ( ( 1.000000000000000000, 0.9238795325112867385, 1.000000000000000000, 0.9238795325112867385, 1.000000000000000000, 0.9238795325112867385, 1.000000000000000000, 0.9238795325112867385, 1.000000000000000000 ) ) 
 REPRESENTATION_ITEM ( '' )  );
#1587 = CARTESIAN_POINT ( 'NONE',  ( 0.5235984634171578778, 15.03621523449838548, -4.000000041128041417 ) ) ;
#1588 = CARTESIAN_POINT ( 'NONE',  ( -2.688728754851008595, 24.38984480266935861, -1.953418183777245298 ) ) ;
#1589 = CARTESIAN_POINT ( 'NONE',  ( -1.656854249492380138, 12.48437499658601624, -4.000000000000000000 ) ) ;
#1590 = CARTESIAN_POINT ( 'NONE',  ( 1.169704460787943212, 11.00126296264169135, -4.303836536756627140 ) ) ;
#1591 = CARTESIAN_POINT ( 'NONE',  ( 2.350011161449477193, 13.73437499829300812, 2.350011161449478081 ) ) ;
#1592 = EDGE_LOOP ( 'NONE', ( #2612, #1305 ) ) ;
#1593 = CARTESIAN_POINT ( 'NONE',  ( -1.656854249492380360, 17.64062500000000711, -4.000000000000000000 ) ) ;
#1594 = ORIENTED_EDGE ( 'NONE', *, *, #703, .F. ) ;
#1595 = CARTESIAN_POINT ( 'NONE',  ( 2.350011161449477193, 17.48437499829300634, 2.350011161449478081 ) ) ;
#1596 = CARTESIAN_POINT ( 'NONE',  ( 3.323417656250000185, 21.70312499829300634, 0.000000000000000000 ) ) ;
#1597 = CARTESIAN_POINT ( 'NONE',  ( 1.656854249492381026, 21.07812499658601979, -4.000000000000000000 ) ) ;
#1598 = FACE_OUTER_BOUND ( 'NONE', #1266, .T. ) ;
#1599 = CARTESIAN_POINT ( 'NONE',  ( -1.046991659161942367, 12.61448609379943164, -3.895890674231310857 ) ) ;
#1600 = EDGE_CURVE ( 'NONE', #1760, #2733, #690, .T. ) ;
#1601 = B_SPLINE_CURVE_WITH_KNOTS ( 'NONE', 3,
 ( #2660, #1784, #1482, #900, #36, #55, #1212, #1176, #598, #1749, #2605, #1193, #303, #2381, #2322, #2057, #649, #3540 ),
 .UNSPECIFIED., .F., .F.,
 ( 4, 2, 2, 2, 2, 2, 2, 2, 4 ),
 ( 0.2163461082532499857, 0.2223557223713953923, 0.2283653364895407989, 0.2343749506076862055, 0.2403845647258316121, 0.2463941788439770186, 0.2524037929621224530, 0.2584134070802678318, 0.2644230211984132661 ),
 .UNSPECIFIED. ) ;
#1602 = FACE_OUTER_BOUND ( 'NONE', #3439, .T. ) ;
#1603 = CARTESIAN_POINT ( 'NONE',  ( 3.186972331462802899, 18.36349906460785775, -3.186972331462802899 ) ) ;
#1604 = CARTESIAN_POINT ( 'NONE',  ( 3.895890655252879586, 13.55192963213453794, -1.046991729781302061 ) ) ;
#1605 = CARTESIAN_POINT ( 'NONE',  ( 1.376604666648955755, 13.65624999829300990, 3.323417656249999741 ) ) ;
#1606 = CARTESIAN_POINT ( 'NONE',  ( 2.458186946121159178, 12.06764402977060513, 3.198667319030962020 ) ) ;
#1607 = CARTESIAN_POINT ( 'NONE',  ( 0.000000000000000000, 24.00000000000000000, 0.000000000000000000 ) ) ;
#1608 = CARTESIAN_POINT ( 'NONE',  ( 1.376604666648955089, 23.18749999829300634, -3.323417656249999741 ) ) ;
#1609 = CIRCLE ( 'NONE', #2882, 4.000000000000000000 ) ;
#1610 = CARTESIAN_POINT ( 'NONE',  ( -1.046992224097127888, 20.11403440047926239, -3.895890522409114265 ) ) ;
#1611 = CARTESIAN_POINT ( 'NONE',  ( -1.866885168863109623, 11.56662406460786308, 4.507059494062497507 ) ) ;
#1612 = ORIENTED_EDGE ( 'NONE', *, *, #438, .T. ) ;
#1613 = CARTESIAN_POINT ( 'NONE',  ( 3.323417656249999741, 23.03124999829300990, -1.376604666648954867 ) ) ;
#1614 = CARTESIAN_POINT ( 'NONE',  ( 2.449293598294706414E-16, 18.65624999658601624, -4.000000000000000000 ) ) ;
#1615 = DIRECTION ( 'NONE',  ( -0.000000000000000000, -1.000000000000000000, -0.000000000000000000 ) ) ;
#1616 = DIRECTION ( 'NONE',  ( 1.224646799147352961E-16, 0.000000000000000000, -1.000000000000000000 ) ) ;
#1617 = DIRECTION ( 'NONE',  ( 0.000000000000000000, 0.000000000000000000, -1.000000000000000000 ) ) ;
#1618 = LINE ( 'NONE', #168, #1197 ) ;
#1619 = CARTESIAN_POINT ( 'NONE',  ( 3.186972331462802011, 23.05099906460786485, 3.186972331462803343 ) ) ;
#1620 = EDGE_CURVE ( 'NONE', #668, #1019, #2173, .T. ) ;
#1621 = FACE_OUTER_BOUND ( 'NONE', #1912, .T. ) ;
#1622 = CARTESIAN_POINT ( 'NONE',  ( 1.376604666648955089, 12.87499999829300634, -3.323417656249999741 ) ) ;
#1623 = CARTESIAN_POINT ( 'NONE',  ( 4.000000000000000000, 12.09374999658601624, 0.000000000000000000 ) ) ;
#1624 = ADVANCED_FACE ( 'NONE', ( #2174 ), #1378, .F. ) ;
#1625 = CARTESIAN_POINT ( 'NONE',  ( 2.046788204602742134, 11.07584133165030238, -3.707748578414381768 ) ) ;
#1626 = CARTESIAN_POINT ( 'NONE',  ( -6.105019192434541011E-16, 13.57812499829300812, 3.323417656250000185 ) ) ;
#1627 = CARTESIAN_POINT ( 'NONE',  ( -8.279333974455491767E-16, 11.64474906460786308, 4.507059494062498395 ) ) ;
#1628 = ORIENTED_EDGE ( 'NONE', *, *, #3558, .T. ) ;
#1629 = CARTESIAN_POINT ( 'NONE',  ( 2.350011161449477193, 21.23437499829300634, 2.350011161449478081 ) ) ;
#1630 = CARTESIAN_POINT ( 'NONE',  ( 3.323417656249999741, 14.28124999829300990, -1.376604666648954867 ) ) ;
#1631 = CARTESIAN_POINT ( 'NONE',  ( -1.656854249492380360, 23.73437499658601979, -4.000000000000000000 ) ) ;
#1632 = CARTESIAN_POINT ( 'NONE',  ( -2.458187294000889977, 17.69230525978082724, -3.198667051684128904 ) ) ;
#1633 = ORIENTED_EDGE ( 'NONE', *, *, #1463, .F. ) ;
#1634 = CARTESIAN_POINT ( 'NONE',  ( -1.046991376680996400, 13.13528805954116407, 3.895890750145952985 ) ) ;
#1635 = CIRCLE ( 'NONE', #791, 4.000000000000000000 ) ;
#1636 = CARTESIAN_POINT ( 'NONE',  ( 3.323417656249999741, 21.78124999829300990, -1.376604666648954867 ) ) ;
#1637 = CARTESIAN_POINT ( 'NONE',  ( -2.350011161449477193, 12.17187499829300812, -2.350011161449477637 ) ) ;
#1638 = CARTESIAN_POINT ( 'NONE',  ( 4.507059494062497507, 19.53537406460786485, -1.866885168863107181 ) ) ;
#1639 = CARTESIAN_POINT ( 'NONE',  ( 4.898587196589412829E-16, 11.50000000000000000, 4.000000000000000000 ) ) ;
#1640 = CARTESIAN_POINT ( 'NONE',  ( -2.350011161449477193, 13.10937499829300812, -2.350011161449477637 ) ) ;
#1641 = CARTESIAN_POINT ( 'NONE',  ( 2.458186250367471182, 21.18167843024946606, -3.198667853719935561 ) ) ;
#1642 = CARTESIAN_POINT ( 'NONE',  ( 1.584151838135804402, 11.15448597815946741, -3.823964583852597521 ) ) ;
#1643 = CARTESIAN_POINT ( 'NONE',  ( 1.376604666648955755, 12.40624999829300990, 3.323417656249999297 ) ) ;
#1644 = EDGE_CURVE ( 'NONE', #1729, #2362, #3325, .T. ) ;
#1645 = CARTESIAN_POINT ( 'NONE',  ( -4.000000000000000000, 22.87500000000000000, -4.898587196589412829E-16 ) ) ;
#1646 = EDGE_LOOP ( 'NONE', ( #1451, #688, #3032, #1084 ) ) ;
#1647 = CARTESIAN_POINT ( 'NONE',  ( -6.105019192434541011E-16, 21.07812499829300634, 3.323417656250000185 ) ) ;
#1648 = CARTESIAN_POINT ( 'NONE',  ( 2.350011161449477193, 16.54687499829300634, 2.350011161449478081 ) ) ;
#1649 = AXIS2_PLACEMENT_3D ( 'NONE', #1368, #224, #1077 ) ;
#1650 = CARTESIAN_POINT ( 'NONE',  ( -6.105019192434541011E-16, 12.64062499829300634, 3.323417656250000185 ) ) ;
#1651 = VERTEX_POINT ( 'NONE', #116 ) ;
#1652 = CARTESIAN_POINT ( 'NONE',  ( -3.896707575044344729, 11.68226813984735735, 1.163160023260765508 ) ) ;
#1653 = CIRCLE ( 'NONE', #1957, 3.150000000000000355 ) ;
#1654 = CARTESIAN_POINT ( 'NONE',  ( -3.323417656250001517, 19.90624999829300634, 1.376604666648954201 ) ) ;
#1655 = CARTESIAN_POINT ( 'NONE',  ( 1.376604666648955089, 14.43749999829300812, -3.323417656249999741 ) ) ;
#1656 = CARTESIAN_POINT ( 'NONE',  ( 6.888638245203861944E-16, 32.00000000000000000, -3.624999999999999556 ) ) ;
#1657 = CARTESIAN_POINT ( 'NONE',  ( 2.458186714194491529, 13.68213012356997105, -3.198667497267392523 ) ) ;
#1658 = CARTESIAN_POINT ( 'NONE',  ( 3.323417656250000185, 18.89062499829300634, 0.000000000000000000 ) ) ;
#1659 = AXIS2_PLACEMENT_3D ( 'NONE', #2573, #1186, #2553 ) ;
#1660 = CARTESIAN_POINT ( 'NONE',  ( -1.297643473929754731E-05, 20.68720765186022348, 3.999999999955402785 ) ) ;
#1661 = CARTESIAN_POINT ( 'NONE',  ( 2.350011161449477637, 15.29687499829300812, -2.350011161449477637 ) ) ;
#1662 = CARTESIAN_POINT ( 'NONE',  ( -3.999999943053924589, 16.65070132829754357, 0.5235992126480794040 ) ) ;
#1663 = CARTESIAN_POINT ( 'NONE',  ( -3.186972331462803343, 11.48849906460786308, 3.186972331462802455 ) ) ;
#1664 = ADVANCED_FACE ( 'NONE', ( #1903 ), #3039, .F. ) ;
#1665 = VERTEX_POINT ( 'NONE', #1042 ) ;
#1666 = CARTESIAN_POINT ( 'NONE',  ( -1.376604666648956865, 20.99999999829300634, 3.323417656249998853 ) ) ;
#1667 = CIRCLE ( 'NONE', #32, 0.5000000000000004441 ) ;
#1668 = CARTESIAN_POINT ( 'NONE',  ( -3.323417656250000185, 13.57812499829300812, -4.070012794956361332E-16 ) ) ;
#1669 = CARTESIAN_POINT ( 'NONE',  ( 3.323417656250000185, 11.70312499829300812, 0.000000000000000000 ) ) ;
#1670 = ORIENTED_EDGE ( 'NONE', *, *, #3101, .F. ) ;
#1671 = CARTESIAN_POINT ( 'NONE',  ( 1.959434878635765131E-15, 0.5000000000000004441, 16.00000000000000000 ) ) ;
#1672 = CARTESIAN_POINT ( 'NONE',  ( -2.350011161449478081, 19.98437499829300990, 2.350011161449477193 ) ) ;
#1673 = CARTESIAN_POINT ( 'NONE',  ( 2.350011161449477637, 13.10937499829300812, -2.350011161449477637 ) ) ;
#1674 = CARTESIAN_POINT ( 'NONE',  ( -3.323417656250001517, 15.84374999829300812, 1.376604666648954645 ) ) ;
#1675 = CYLINDRICAL_SURFACE ( 'NONE', #1358, 4.000000000000000000 ) ;
#1676 = CARTESIAN_POINT ( 'NONE',  ( 2.458186404972326322, 18.68182899468988722, -3.198667734905622950 ) ) ;
#1677 = CARTESIAN_POINT ( 'NONE',  ( 0.000000000000000000, 11.00000000000000000, 0.000000000000000000 ) ) ;
#1678 = CARTESIAN_POINT ( 'NONE',  ( 3.323417656250000185, 18.89062499829300634, 0.000000000000000000 ) ) ;
#1679 = VERTEX_POINT ( 'NONE', #2705 ) ;
#1680 = CARTESIAN_POINT ( 'NONE',  ( 4.753178382985364661E-06, 19.28135336538207412, 3.999999999994110489 ) ) ;
#1681 = AXIS2_PLACEMENT_3D ( 'NONE', #716, #420, #3290 ) ;
#1682 = CARTESIAN_POINT ( 'NONE',  ( 2.759777991485163594E-16, 12.26974906460786308, -4.507059494062498395 ) ) ;
#1683 = ORIENTED_EDGE ( 'NONE', *, *, #955, .F. ) ;
#1684 = EDGE_CURVE ( 'NONE', #232, #645, #2956, .T. ) ;
#1685 = CARTESIAN_POINT ( 'NONE',  ( -2.350011161449478081, 22.17187499829300990, 2.350011161449477193 ) ) ;
#1686 = CARTESIAN_POINT ( 'NONE',  ( 2.035006397478180666E-16, 15.76562499829300990, -3.323417656250000185 ) ) ;
#1687 = CARTESIAN_POINT ( 'NONE',  ( 2.035006397478180666E-16, 13.26562499829300812, -3.323417656250000185 ) ) ;
#1688 = CARTESIAN_POINT ( 'NONE',  ( -1.046991000054583454, 18.13498693066120282, 3.895890851361440088 ) ) ;
#1689 = ORIENTED_EDGE ( 'NONE', *, *, #3509, .T. ) ;
#1690 = CARTESIAN_POINT ( 'NONE',  ( -3.236434792260523885, 11.49962445920454179, -2.350636049051025189 ) ) ;
#1691 = ADVANCED_FACE ( 'NONE', ( #1602 ), #1259, .F. ) ;
#1692 = CARTESIAN_POINT ( 'NONE',  ( 2.350011161449477637, 21.85937499829300990, -2.350011161449477637 ) ) ;
#1693 = CARTESIAN_POINT ( 'NONE',  ( -6.105019192434541011E-16, 12.64062499829300634, 3.323417656250000185 ) ) ;
#1694 = DIRECTION ( 'NONE',  ( 0.000000000000000000, 0.000000000000000000, 1.000000000000000000 ) ) ;
#1695 = DIRECTION ( 'NONE',  ( 0.000000000000000000, 0.000000000000000000, 1.000000000000000000 ) ) ;
#1696 = CARTESIAN_POINT ( 'NONE',  ( -6.105019192434541011E-16, 18.57812499829300990, 3.323417656250000185 ) ) ;
#1697 = CARTESIAN_POINT ( 'NONE',  ( -1.046990811748979233, 20.63483636622083139, 3.895890901967124620 ) ) ;
#1698 = ORIENTED_EDGE ( 'NONE', *, *, #2600, .F. ) ;
#1699 = CARTESIAN_POINT ( 'NONE',  ( 3.999999924072649815, 18.52558840496741510, -0.5235993576541616568 ) ) ;
#1700 = LINE ( 'NONE', #2334, #2635 ) ;
#1701 = CARTESIAN_POINT ( 'NONE',  ( -2.350011161449478081, 18.42187499829300990, 2.350011161449477193 ) ) ;
#1702 = CARTESIAN_POINT ( 'NONE',  ( 0.000000000000000000, 10.49999999999999822, 10.49999999999999822 ) ) ;
#1703 = CARTESIAN_POINT ( 'NONE',  ( 1.866885168863108069, 14.22287406460786308, 4.507059494062497507 ) ) ;
#1704 = ORIENTED_EDGE ( 'NONE', *, *, #1996, .T. ) ;
#1705 = CARTESIAN_POINT ( 'NONE',  ( -1.376604666648954867, 21.78124999829300990, -3.323417656249999741 ) ) ;
#1706 = CARTESIAN_POINT ( 'NONE',  ( -1.376604666648956865, 17.56249999829300990, 3.323417656249998853 ) ) ;
#1707 = CARTESIAN_POINT ( 'NONE',  ( -4.000000000000000000, 22.64062499658601624, -1.656854249492381248 ) ) ;
#1708 = CARTESIAN_POINT ( 'NONE',  ( 4.898587196589412829E-16, 24.00000000000000000, 4.000000000000000000 ) ) ;
#1709 = EDGE_LOOP ( 'NONE', ( #3393, #740, #1192 ) ) ;
#1710 = DIRECTION ( 'NONE',  ( -0.000000000000000000, 1.000000000000000000, -0.000000000000000000 ) ) ;
#1711 = CARTESIAN_POINT ( 'NONE',  ( -3.323417656250000185, 22.32812499829300990, -4.070012794956361332E-16 ) ) ;
#1712 = CARTESIAN_POINT ( 'NONE',  ( -6.105019192434541011E-16, 13.89062499829300812, 3.323417656250000185 ) ) ;
#1713 = DIRECTION ( 'NONE',  ( -0.000000000000000000, -1.000000000000000000, -0.000000000000000000 ) ) ;
#1714 = CARTESIAN_POINT ( 'NONE',  ( 1.376604666648955089, 16.62499999829300990, -3.323417656249999741 ) ) ;
#1715 = EDGE_CURVE ( 'NONE', #123, #1110, #2346, .T. ) ;
#1716 = ORIENTED_EDGE ( 'NONE', *, *, #1149, .F. ) ;
#1717 = AXIS2_PLACEMENT_3D ( 'NONE', #3714, #3466, #1695 ) ;
#1718 = CARTESIAN_POINT ( 'NONE',  ( 2.014476414339090748, 18.29122752038368915, 3.495145269654548414 ) ) ;
#1719 = CARTESIAN_POINT ( 'NONE',  ( 1.656854249492381248, 16.85937499658601624, 3.999999999999999112 ) ) ;
#1720 = CARTESIAN_POINT ( 'NONE',  ( 2.350011161449477637, 17.79687499829300634, -2.350011161449477637 ) ) ;
#1721 = TOROIDAL_SURFACE ( 'NONE', #81, 4.500000000000000888, 0.5000000000000000000 ) ;
#1722 = CARTESIAN_POINT ( 'NONE',  ( -3.198667630940470019, 16.49446073857505013, -2.458186540254984731 ) ) ;
#1723 = CARTESIAN_POINT ( 'NONE',  ( -1.866885168863107181, 13.59787406460786485, -4.507059494062497507 ) ) ;
#1724 = ORIENTED_EDGE ( 'NONE', *, *, #367, .T. ) ;
#1725 = CARTESIAN_POINT ( 'NONE',  ( -4.000000000000000000, 12.87500000000000000, -4.898587196589412829E-16 ) ) ;
#1726 = CARTESIAN_POINT ( 'NONE',  ( 1.376604666648955089, 19.43749999829300634, -3.323417656249999741 ) ) ;
#1727 = CARTESIAN_POINT ( 'NONE',  ( 3.323417656249998853, 14.12499999829300634, 1.376604666648957087 ) ) ;
#1728 = CARTESIAN_POINT ( 'NONE',  ( -2.816033767284057188, 23.99999999999995381, -2.783589677444865185 ) ) ;
#1729 = VERTEX_POINT ( 'NONE', #439 ) ;
#1730 = AXIS2_PLACEMENT_3D ( 'NONE', #3164, #1064, #2572 ) ;
#1731 = CARTESIAN_POINT ( 'NONE',  ( 0.000000000000000000, 10.49999999999999822, 0.000000000000000000 ) ) ;
#1732 = CARTESIAN_POINT ( 'NONE',  ( 1.376604666648955755, 12.40624999829300990, 3.323417656249999297 ) ) ;
#1733 = CARTESIAN_POINT ( 'NONE',  ( 3.323417656250000185, 19.20312499829300634, 0.000000000000000000 ) ) ;
#1734 = DIRECTION ( 'NONE',  ( 0.000000000000000000, 0.000000000000000000, 1.000000000000000000 ) ) ;
#1735 = CARTESIAN_POINT ( 'NONE',  ( -2.350011161449477193, 16.85937499829300634, -2.350011161449477637 ) ) ;
#1736 = ORIENTED_EDGE ( 'NONE', *, *, #1600, .T. ) ;
#1737 = EDGE_CURVE ( 'NONE', #585, #2937, #3497, .T. ) ;
#1738 = CARTESIAN_POINT ( 'NONE',  ( 1.548802045462446282E-05, 22.56215106834825335, -3.999999999936468598 ) ) ;
#1739 = CARTESIAN_POINT ( 'NONE',  ( 0.000000000000000000, 10.49999999999999822, -5.000000000000000000 ) ) ;
#1740 = CARTESIAN_POINT ( 'NONE',  ( -1.376604666648956865, 15.99999999829300812, 3.323417656249998853 ) ) ;
#1741 = EDGE_CURVE ( 'NONE', #2599, #1019, #47, .T. ) ;
#1742 = DIRECTION ( 'NONE',  ( 0.000000000000000000, 0.000000000000000000, 1.000000000000000000 ) ) ;
#1743 = CARTESIAN_POINT ( 'NONE',  ( -4.507059494062497507, 15.00412406460786130, -1.866885168863107625 ) ) ;
#1744 = ORIENTED_EDGE ( 'NONE', *, *, #1051, .F. ) ;
#1745 = B_SPLINE_CURVE_WITH_KNOTS ( 'NONE', 3,
 ( #263, #1423, #1933, #3750, #1133, #203, #3438, #1152, #2018, #802, #3090, #490, #2848, #1384, #2278, #578, #3707, #244, #1403, #1728, #2521, #2889 ),
 .UNSPECIFIED., .F., .F.,
 ( 4, 2, 2, 2, 2, 2, 2, 2, 2, 2, 4 ),
 ( 0.000000000000000000, 0.0009006298560060333218, 0.001350944784009050145, 0.001801259712012066644, 0.002701889568018101158, 0.003152204496021118740, 0.003602519424024136323, 0.004503149280030171488, 0.005403779136036205785, 0.006304408992042242685, 0.007205038848048277850 ),
 .UNSPECIFIED. ) ;
#1746 = CARTESIAN_POINT ( 'NONE',  ( 4.000000000000000000, 14.82812500000000178, -1.656854249492380804 ) ) ;
#1747 = CARTESIAN_POINT ( 'NONE',  ( 2.350011161449477637, 18.10937499829300990, -2.350011161449477637 ) ) ;
#1748 = ORIENTED_EDGE ( 'NONE', *, *, #1895, .T. ) ;
#1749 = CARTESIAN_POINT ( 'NONE',  ( -3.999999968362875524, 14.15085189273749933, 0.5235990193021198280 ) ) ;
#1750 = CARTESIAN_POINT ( 'NONE',  ( 1.376604666648955755, 13.65624999829300990, 3.323417656249999297 ) ) ;
#1751 = CARTESIAN_POINT ( 'NONE',  ( -3.323417656249999741, 20.99999999829300990, -1.376604666648955311 ) ) ;
#1752 = CARTESIAN_POINT ( 'NONE',  ( 2.449293598294706414E-16, 16.15624999658601624, -4.000000000000000000 ) ) ;
#1753 = DIRECTION ( 'NONE',  ( 0.000000000000000000, 1.000000000000000000, 0.000000000000000000 ) ) ;
#1754 = CARTESIAN_POINT ( 'NONE',  ( -6.105019192434541011E-16, 22.32812499829300990, 3.323417656250000185 ) ) ;
#1755 = CARTESIAN_POINT ( 'NONE',  ( 4.000000000000000000, 20.84374999658601624, 0.000000000000000000 ) ) ;
#1756 = CARTESIAN_POINT ( 'NONE',  ( 3.495145744352756267, 15.89553847797214914, 2.014475590730731902 ) ) ;
#1757 = FACE_OUTER_BOUND ( 'NONE', #2863, .T. ) ;
#1758 = CARTESIAN_POINT ( 'NONE',  ( -3.323417656250000185, 20.76562499829300634, -4.070012794956361332E-16 ) ) ;
#1759 = CARTESIAN_POINT ( 'NONE',  ( -3.494030102199249033, 23.99999999999998579, 1.744673420137587305 ) ) ;
#1760 = VERTEX_POINT ( 'NONE', #751 ) ;
#1761 = EDGE_CURVE ( 'NONE', #2362, #232, #1618, .T. ) ;
#1762 =( BOUNDED_CURVE ( )  B_SPLINE_CURVE ( 2, ( #3298, #2692, #1572, #85, #1244 ),
 .UNSPECIFIED., .F., .F. ) 
 B_SPLINE_CURVE_WITH_KNOTS ( ( 3, 2, 3 ),
 ( 0.000000000000000000, 0.01201887141944526713, 0.02403774329078811958 ),
 .UNSPECIFIED. ) 
 CURVE ( )  GEOMETRIC_REPRESENTATION_ITEM ( )  RATIONAL_B_SPLINE_CURVE ( ( 1.000000000000000000, 0.9238795325112867385, 1.000000000000000000, 0.9238795325112867385, 1.000000000000000000 ) ) 
 REPRESENTATION_ITEM ( '' )  );
#1763 = CARTESIAN_POINT ( 'NONE',  ( -4.000000000000000000, 16.54687499999999645, -1.656854249492381248 ) ) ;
#1764 = CARTESIAN_POINT ( 'NONE',  ( 2.035006397478180666E-16, 14.51562499829300812, -3.323417656250000185 ) ) ;
#1765 = ORIENTED_EDGE ( 'NONE', *, *, #2352, .F. ) ;
#1766 = CARTESIAN_POINT ( 'NONE',  ( -3.895890920943925639, 21.57227990455562860, -1.046990741135598313 ) ) ;
#1767 = CARTESIAN_POINT ( 'NONE',  ( -6.105019192434541011E-16, 13.57812499829300812, 3.323417656250000185 ) ) ;
#1768 = CARTESIAN_POINT ( 'NONE',  ( 3.323417656250000185, 17.95312499829300990, 0.000000000000000000 ) ) ;
#1769 = CARTESIAN_POINT ( 'NONE',  ( -4.000000000000000888, 12.79687499658601624, 1.656854249492379694 ) ) ;
#1770 = CARTESIAN_POINT ( 'NONE',  ( 3.999999999999999112, 15.76562499658601801, 1.656854249492383024 ) ) ;
#1771 = CARTESIAN_POINT ( 'NONE',  ( -1.376604666648954867, 20.53124999829300990, -3.323417656249999741 ) ) ;
#1772 = CARTESIAN_POINT ( 'NONE',  ( 3.495145306168392807, 17.35378398204876405, -2.014476350987056907 ) ) ;
#1773 = CARTESIAN_POINT ( 'NONE',  ( 2.014476245398983956, 15.79137808482381367, 3.495145367025571659 ) ) ;
#1774 = CARTESIAN_POINT ( 'NONE',  ( 4.000000126542000878, 23.47320707951218921, 0.5235978109015567705 ) ) ;
#1775 = CARTESIAN_POINT ( 'NONE',  ( 1.376604666648955089, 21.62499999829300990, -3.323417656249999741 ) ) ;
#1776 = AXIS2_PLACEMENT_3D ( 'NONE', #2568, #2044, #1961 ) ;
#1777 = CARTESIAN_POINT ( 'NONE',  ( 0.000000000000000000, 11.50000000000000000, -4.500000000000000888 ) ) ;
#1778 = ORIENTED_EDGE ( 'NONE', *, *, #2066, .F. ) ;
#1779 = B_SPLINE_CURVE_WITH_KNOTS ( 'NONE', 3,
 ( #2908, #2345, #2941, #1502, #2072, #2925, #3501, #2642, #3229, #339, #2623, #3481, #3196, #1445, #320, #2040, #632, #1 ),
 .UNSPECIFIED., .F., .F.,
 ( 4, 2, 2, 2, 2, 2, 2, 2, 4 ),
 ( 0.3124999341435752420, 0.3185095482617203433, 0.3245191623798654446, 0.3305287764980105458, 0.3365383906161556471, 0.3425480047343007484, 0.3485576188524458496, 0.3545672329705909509, 0.3605768470887360522 ),
 .UNSPECIFIED. ) ;
#1780 = EDGE_CURVE ( 'NONE', #259, #358, #1971, .T. ) ;
#1781 = CARTESIAN_POINT ( 'NONE',  ( 4.000000000000000000, 13.57812499999999822, -1.656854249492380804 ) ) ;
#1782 = CARTESIAN_POINT ( 'NONE',  ( -2.350011161449478081, 14.98437499829300812, 2.350011161449477193 ) ) ;
#1783 = ORIENTED_EDGE ( 'NONE', *, *, #1902, .T. ) ;
#1784 = CARTESIAN_POINT ( 'NONE',  ( -0.5235989951335421333, 13.83837071329248580, -3.999999971526534193 ) ) ;
#1785 = EDGE_CURVE ( 'NONE', #2868, #2543, #1950, .T. ) ;
#1786 = CARTESIAN_POINT ( 'NONE',  ( -2.350011161449478081, 13.42187499829300812, 2.350011161449477193 ) ) ;
#1787 = CARTESIAN_POINT ( 'NONE',  ( 1.376604666648955755, 20.21874999829300990, 3.323417656249999741 ) ) ;
#1788 = CARTESIAN_POINT ( 'NONE',  ( -4.000000000000000888, 14.04687499658601624, 1.656854249492379694 ) ) ;
#1789 = CARTESIAN_POINT ( 'NONE',  ( 1.656854249492381248, 15.60937499658601624, 3.999999999999999112 ) ) ;
#1790 = CARTESIAN_POINT ( 'NONE',  ( -1.376604666648954867, 23.03124999829300990, -3.323417656249999741 ) ) ;
#1791 = CARTESIAN_POINT ( 'NONE',  ( 0.5235992368159918531, 16.96318250774253755, 3.999999939890348521 ) ) ;
#1792 = CARTESIAN_POINT ( 'NONE',  ( 0.5235981734029190315, 18.78598938783821382, -4.000000079090771266 ) ) ;
#1793 = CARTESIAN_POINT ( 'NONE',  ( -1.632521692180380278E-05, 23.18713220717752321, 3.999999999929414241 ) ) ;
#1794 = CARTESIAN_POINT ( 'NONE',  ( -3.323417656250001517, 22.09374999829300634, 1.376604666648954201 ) ) ;
#1795 = DIRECTION ( 'NONE',  ( -0.000000000000000000, -1.000000000000000000, -0.000000000000000000 ) ) ;
#1796 = CARTESIAN_POINT ( 'NONE',  ( -3.323417656250000185, 21.07812499829300634, -4.070012794956361332E-16 ) ) ;
#1797 = VERTEX_POINT ( 'NONE', #433 ) ;
#1798 = CARTESIAN_POINT ( 'NONE',  ( -1.656854249492382580, 20.60937500000000711, 3.999999999999999112 ) ) ;
#1799 = CARTESIAN_POINT ( 'NONE',  ( -2.350011161449477193, 15.92187499829300634, -2.350011161449477637 ) ) ;
#1800 = TOROIDAL_SURFACE ( 'NONE', #2594, 8.125000000000000000, 0.5000000000000000000 ) ;
#1801 = EDGE_LOOP ( 'NONE', ( #706, #2824, #803, #1861 ) ) ;
#1802 = CARTESIAN_POINT ( 'NONE',  ( -3.198667868571505313, 21.49415960969439965, -2.458186231042148506 ) ) ;
#1803 = ADVANCED_FACE ( 'NONE', ( #1024 ), #3530, .F. ) ;
#1804 = CARTESIAN_POINT ( 'NONE',  ( 3.323417656249999741, 11.46874999829300634, -1.376604666648954867 ) ) ;
#1805 = CARTESIAN_POINT ( 'NONE',  ( 2.350011161449477193, 20.29687499829300990, 2.350011161449478081 ) ) ;
#1806 = CARTESIAN_POINT ( 'NONE',  ( 2.449293598294706414E-16, 12.40624999658601624, -4.000000000000000000 ) ) ;
#1807 = FILL_AREA_STYLE_COLOUR ( '', #3629 ) ;
#1808 = DIRECTION ( 'NONE',  ( 0.000000000000000000, 1.000000000000000000, 0.000000000000000000 ) ) ;
#1809 = CARTESIAN_POINT ( 'NONE',  ( 1.656854249492381248, 20.60937499658601268, 3.999999999999999112 ) ) ;
#1810 = EDGE_CURVE ( 'NONE', #259, #2287, #2450, .T. ) ;
#1811 = CARTESIAN_POINT ( 'NONE',  ( 1.046991894557142810, 15.73929788824964682, 3.895890610970583534 ) ) ;
#1812 = CARTESIAN_POINT ( 'NONE',  ( 4.507059494062497507, 16.87912406460786485, 1.866885168863110067 ) ) ;
#1813 = CARTESIAN_POINT ( 'NONE',  ( 4.000000037964403177, 14.72373405505336663, 0.5235984875855653753 ) ) ;
#1814 = CARTESIAN_POINT ( 'NONE',  ( -3.323417656250001517, 19.59374999829300634, 1.376604666648954201 ) ) ;
#1815 = CARTESIAN_POINT ( 'NONE',  ( 0.6632252564154557106, 24.00000000000001421, 3.397156434842953487 ) ) ;
#1816 = CARTESIAN_POINT ( 'NONE',  ( 0.000000000000000000, 24.00000000000000000, -4.000000000000000000 ) ) ;
#1817 = CARTESIAN_POINT ( 'NONE',  ( 2.035006397478180666E-16, 20.76562499829300634, -3.323417656250000185 ) ) ;
#1818 = ORIENTED_EDGE ( 'NONE', *, *, #2696, .T. ) ;
#1819 = TOROIDAL_SURFACE ( 'NONE', #1455, 3.624999999999999556, 4.000000000000000000 ) ;
#1820 = CARTESIAN_POINT ( 'NONE',  ( -1.656854249492382580, 18.10937500000000355, 3.999999999999999112 ) ) ;
#1821 = CARTESIAN_POINT ( 'NONE',  ( -3.323417656250001517, 18.65624999829300634, 1.376604666648954201 ) ) ;
#1822 = VERTEX_POINT ( 'NONE', #2426 ) ;
#1823 = CARTESIAN_POINT ( 'NONE',  ( -1.376604666648954867, 19.28124999829300990, -3.323417656249999741 ) ) ;
#1824 = CARTESIAN_POINT ( 'NONE',  ( 2.350011161449477193, 22.79687499829300634, 2.350011161449478081 ) ) ;
#1825 = CARTESIAN_POINT ( 'NONE',  ( -4.000000000000000000, 12.64062499658601624, -1.656854249492381248 ) ) ;
#1826 = DIRECTION ( 'NONE',  ( -0.000000000000000000, -1.000000000000000000, -0.000000000000000000 ) ) ;
#1827 = CARTESIAN_POINT ( 'NONE',  ( 0.000000000000000000, 11.00000000000000000, 0.000000000000000000 ) ) ;
#1828 = CARTESIAN_POINT ( 'NONE',  ( 1.377727649040772389E-15, 10.50000000000000000, -11.00000000000000000 ) ) ;
#1829 = CARTESIAN_POINT ( 'NONE',  ( 3.895890933595001382, 22.19724226344547091, 1.046990694060471405 ) ) ;
#1830 = CARTESIAN_POINT ( 'NONE',  ( 3.186972331462802011, 15.55099906460786308, 3.186972331462803343 ) ) ;
#1831 = EDGE_CURVE ( 'NONE', #3301, #109, #223, .T. ) ;
#1832 = CARTESIAN_POINT ( 'NONE',  ( 2.828427124746189403, 19.43749999658601624, 2.828427124746190735 ) ) ;
#1833 = CARTESIAN_POINT ( 'NONE',  ( 2.035006397478180666E-16, 20.45312499829300634, -3.323417656250000185 ) ) ;
#1834 = AXIS2_PLACEMENT_3D ( 'NONE', #515, #1956, #1405 ) ;
#1835 = CARTESIAN_POINT ( 'NONE',  ( 3.673940397442060361E-16, 29.50000000000000355, -3.000000000000000444 ) ) ;
#1836 = CARTESIAN_POINT ( 'NONE',  ( 2.828427124746190291, 23.49999999658601624, -2.828427124746190291 ) ) ;
#1837 = CARTESIAN_POINT ( 'NONE',  ( 2.035006397478180666E-16, 19.51562499829300634, -3.323417656250000185 ) ) ;
#1838 = CARTESIAN_POINT ( 'NONE',  ( 0.000000000000000000, 0.000000000000000000, 0.000000000000000000 ) ) ;
#1839 = ORIENTED_EDGE ( 'NONE', *, *, #3013, .T. ) ;
#1840 = UNCERTAINTY_MEASURE_WITH_UNIT (LENGTH_MEASURE( 1.000000000000000082E-05 ), #1075, 'distance_accuracy_value', 'NONE');
#1841 = CARTESIAN_POINT ( 'NONE',  ( 4.000000000000000000, 17.32812500000000000, -1.656854249492380804 ) ) ;
#1842 = ORIENTED_EDGE ( 'NONE', *, *, #3649, .T. ) ;
#1843 = CIRCLE ( 'NONE', #992, 0.5000000000000004441 ) ;
#1844 = AXIS2_PLACEMENT_3D ( 'NONE', #2535, #1969, #1742 ) ;
#1845 = CARTESIAN_POINT ( 'NONE',  ( -3.323417656250000185, 18.26562499829300990, -4.070012794956361332E-16 ) ) ;
#1846 = CARTESIAN_POINT ( 'NONE',  ( 4.000000088581205482, 19.72343292617308208, 0.5235981009012214971 ) ) ;
#1847 = CARTESIAN_POINT ( 'NONE',  ( -4.000000000000000000, 21.39062499658601624, -1.656854249492381248 ) ) ;
#1848 = CARTESIAN_POINT ( 'NONE',  ( 4.000000000000000000, 15.84374999658601624, 0.000000000000000000 ) ) ;
#1849 = FACE_OUTER_BOUND ( 'NONE', #183, .T. ) ;
#1850 = AXIS2_PLACEMENT_3D ( 'NONE', #364, #907, #1200 ) ;
#1851 = DIRECTION ( 'NONE',  ( 0.000000000000000000, -1.000000000000000000, 0.000000000000000000 ) ) ;
#1852 = CARTESIAN_POINT ( 'NONE',  ( 3.186972331462802011, 20.55099906460786485, 3.186972331462803343 ) ) ;
#1853 = CARTESIAN_POINT ( 'NONE',  ( 3.999999999999999112, 19.51562499658601624, 1.656854249492383024 ) ) ;
#1854 = CARTESIAN_POINT ( 'NONE',  ( 2.035006397478180666E-16, 14.20312499829300812, -3.323417656250000185 ) ) ;
#1855 = CARTESIAN_POINT ( 'NONE',  ( 3.495145598291572231, 12.14576432463186784, 2.014475844149101302 ) ) ;
#1856 = CARTESIAN_POINT ( 'NONE',  ( 2.828427124746189403, 23.18749999658601624, 2.828427124746190735 ) ) ;
#1857 = CARTESIAN_POINT ( 'NONE',  ( 2.035006397478180666E-16, 11.70312499829300812, -3.323417656250000185 ) ) ;
#1858 = VERTEX_POINT ( 'NONE', #2494 ) ;
#1859 = EDGE_CURVE ( 'NONE', #2287, #2273, #1101, .T. ) ;
#1860 = CARTESIAN_POINT ( 'NONE',  ( 2.828427124746190291, 19.90625000000000000, -2.828427124746190291 ) ) ;
#1861 = ORIENTED_EDGE ( 'NONE', *, *, #676, .F. ) ;
#1862 = CARTESIAN_POINT ( 'NONE',  ( 3.895890528734802238, 19.80155322103432169, -1.046992200559045294 ) ) ;
#1863 = CARTESIAN_POINT ( 'NONE',  ( -2.828427124746189847, 17.56249999658601624, -2.828427124746190291 ) ) ;
#1864 = LINE ( 'NONE', #3019, #1500 ) ;
#1865 = CARTESIAN_POINT ( 'NONE',  ( -3.495145866065906937, 19.02035027242192555, -2.014475379556531554 ) ) ;
#1866 = CARTESIAN_POINT ( 'NONE',  ( -2.458186752848411150, 13.05716776467989959, 3.198667467561727484 ) ) ;
#1867 = AXIS2_PLACEMENT_3D ( 'NONE', #3312, #978, #3272 ) ;
#1868 = CARTESIAN_POINT ( 'NONE',  ( -5.924722707952368161E-07, 18.65625002452301473, -3.999999999999956923 ) ) ;
#1869 = CARTESIAN_POINT ( 'NONE',  ( 4.507059494062498395, 18.20724906460786130, 0.000000000000000000 ) ) ;
#1870 = CARTESIAN_POINT ( 'NONE',  ( 3.311549416847701988, 23.99999999999997158, 0.3545372747843649197 ) ) ;
#1871 = CARTESIAN_POINT ( 'NONE',  ( 3.323417656249999297, 12.56249999829300634, 1.376604666648957087 ) ) ;
#1872 = CARTESIAN_POINT ( 'NONE',  ( 3.323417656249999741, 11.46874999829300634, -1.376604666648954867 ) ) ;
#1873 = EDGE_LOOP ( 'NONE', ( #1783, #1478, #3067, #2731 ) ) ;
#1874 = CARTESIAN_POINT ( 'NONE',  ( -7.347880794884119736E-16, 18.18750000000000000, 4.000000000000000000 ) ) ;
#1875 = EDGE_CURVE ( 'NONE', #204, #1679, #1506, .T. ) ;
#1876 = VERTEX_POINT ( 'NONE', #2045 ) ;
#1877 = CARTESIAN_POINT ( 'NONE',  ( -3.323417656249999741, 16.93749999829300279, -1.376604666648955311 ) ) ;
#1878 = CARTESIAN_POINT ( 'NONE',  ( 3.323417656249999297, 22.87499999829300634, 1.376604666648957087 ) ) ;
#1879 = CARTESIAN_POINT ( 'NONE',  ( 4.000000000000000000, 20.92187499658601268, -1.656854249492380804 ) ) ;
#1880 = FACE_OUTER_BOUND ( 'NONE', #913, .T. ) ;
#1881 = CARTESIAN_POINT ( 'NONE',  ( -3.895890870338733603, 19.07243046899610306, -1.046990929439378215 ) ) ;
#1882 = DIRECTION ( 'NONE',  ( -1.000000000000000000, 0.000000000000000000, 0.000000000000000000 ) ) ;
#1883 =( BOUNDED_CURVE ( )  B_SPLINE_CURVE ( 2, ( #3252, #1789, #1507, #1770, #1848, #2682, #96, #3563, #2132 ),
 .UNSPECIFIED., .F., .F. ) 
 B_SPLINE_CURVE_WITH_KNOTS ( ( 3, 2, 2, 2, 3 ),
 ( 0.2644151646385514143, 0.2764340426472410850, 0.2884529140666863833, 0.3004717854861316817, 0.3124906535273795916 ),
 .UNSPECIFIED. ) 
 CURVE ( )  GEOMETRIC_REPRESENTATION_ITEM ( )  RATIONAL_B_SPLINE_CURVE ( ( 1.000000000000000000, 0.9238795325112867385, 1.000000000000000000, 0.9238795325112867385, 1.000000000000000000, 0.9238795325112867385, 1.000000000000000000, 0.9238795325112867385, 1.000000000000000000 ) ) 
 REPRESENTATION_ITEM ( '' )  );
#1884 = CARTESIAN_POINT ( 'NONE',  ( 3.999999999999999112, 18.26562499658601624, 1.656854249492383024 ) ) ;
#1885 = CARTESIAN_POINT ( 'NONE',  ( 3.186972331462802011, 21.80099906460786130, 3.186972331462803343 ) ) ;
#1886 = CARTESIAN_POINT ( 'NONE',  ( 2.458186636887391252, 14.93205484135005001, -3.198667556678153723 ) ) ;
#1887 = CARTESIAN_POINT ( 'NONE',  ( -3.323417656250000185, 12.01562499829300812, -4.070012794956361332E-16 ) ) ;
#1888 = CARTESIAN_POINT ( 'NONE',  ( 1.046991612081957568, 11.98952373490934420, 3.895890686883709098 ) ) ;
#1889 = CARTESIAN_POINT ( 'NONE',  ( 2.018183975521358420, 11.08594464327313922, -3.705766563710341632 ) ) ;
#1890 = CARTESIAN_POINT ( 'NONE',  ( 3.323417656249998853, 24.12499999829300634, 1.376604666648957087 ) ) ;
#1891 = ORIENTED_EDGE ( 'NONE', *, *, #3719, .T. ) ;
#1892 = CARTESIAN_POINT ( 'NONE',  ( 3.999999999999999112, 23.42187500000000355, 1.656854249492383246 ) ) ;
#1893 = VERTEX_POINT ( 'NONE', #3201 ) ;
#1894 = AXIS2_PLACEMENT_3D ( 'NONE', #2243, #868, #2548 ) ;
#1895 = EDGE_CURVE ( 'NONE', #1153, #760, #2656, .T. ) ;
#1896 = CARTESIAN_POINT ( 'NONE',  ( -1.376604666648956865, 15.99999999829300812, 3.323417656249998853 ) ) ;
#1897 = CARTESIAN_POINT ( 'NONE',  ( -2.350011161449477193, 12.17187499829300812, -2.350011161449477637 ) ) ;
#1898 = CARTESIAN_POINT ( 'NONE',  ( 3.999999999999999112, 18.26562499658601624, 1.656854249492383246 ) ) ;
#1899 = CARTESIAN_POINT ( 'NONE',  ( -1.046992035790482278, 17.61418496491958408, -3.895890573015156733 ) ) ;
#1900 = DIRECTION ( 'NONE',  ( -0.000000000000000000, -1.000000000000000000, -0.000000000000000000 ) ) ;
#1901 = CARTESIAN_POINT ( 'NONE',  ( -3.495145476571081211, 12.97904746981864399, 2.014476055335947979 ) ) ;
#1902 = EDGE_CURVE ( 'NONE', #2747, #1399, #3143, .T. ) ;
#1903 = FACE_OUTER_BOUND ( 'NONE', #2397, .T. ) ;
#1904 = CARTESIAN_POINT ( 'NONE',  ( -4.507059494062498395, 21.33224906460785775, -5.519555982970327188E-16 ) ) ;
#1905 = DIRECTION ( 'NONE',  ( 0.000000000000000000, 0.000000000000000000, -1.000000000000000000 ) ) ;
#1906 = CARTESIAN_POINT ( 'NONE',  ( -1.376604666648954867, 11.78124999829301167, -3.323417656249999741 ) ) ;
#1907 = CARTESIAN_POINT ( 'NONE',  ( 4.000000000000000000, 14.67187499658601446, -1.656854249492380582 ) ) ;
#1908 = CARTESIAN_POINT ( 'NONE',  ( 0.3239359106429232082, 11.26339228066638931, -4.058920820533022500 ) ) ;
#1909 = CARTESIAN_POINT ( 'NONE',  ( 2.350011161449477193, 22.79687499829300634, 2.350011161449478081 ) ) ;
#1910 = AXIS2_PLACEMENT_3D ( 'NONE', #642, #1795, #2952 ) ;
#1911 = CARTESIAN_POINT ( 'NONE',  ( 2.449293598294706414E-16, 22.56250000000000000, -4.000000000000000000 ) ) ;
#1912 = EDGE_LOOP ( 'NONE', ( #1612, #2380, #2246, #3771 ) ) ;
#1913 = CARTESIAN_POINT ( 'NONE',  ( 3.323417656249999741, 23.96874999829300634, -1.376604666648954867 ) ) ;
#1914 = CARTESIAN_POINT ( 'NONE',  ( -1.376604666648954867, 17.09374999829300990, -3.323417656249999741 ) ) ;
#1915 = CARTESIAN_POINT ( 'NONE',  ( -1.656854249492380360, 24.98437499658601979, -4.000000000000000000 ) ) ;
#1916 = CARTESIAN_POINT ( 'NONE',  ( 2.828427124746190291, 22.24999999658601624, -2.828427124746190291 ) ) ;
#1917 = EDGE_LOOP ( 'NONE', ( #1460, #525, #3666, #3260 ) ) ;
#1918 = CARTESIAN_POINT ( 'NONE',  ( -1.256145371187187498, 23.87422550628822648, -3.849271947041183140 ) ) ;
#1919 = CARTESIAN_POINT ( 'NONE',  ( -2.350011161449477193, 19.67187499829300990, -2.350011161449477637 ) ) ;
#1920 = CARTESIAN_POINT ( 'NONE',  ( -2.350011161449477193, 15.92187499829300634, -2.350011161449477637 ) ) ;
#1921 = CARTESIAN_POINT ( 'NONE',  ( 4.507059494062498395, 21.95724906460785775, 0.000000000000000000 ) ) ;
#1922 = CARTESIAN_POINT ( 'NONE',  ( 0.5235989467960726618, 13.21340835440242500, 3.999999977853900823 ) ) ;
#1923 = CARTESIAN_POINT ( 'NONE',  ( -2.350011161449477193, 11.85937499829300812, -2.350011161449477637 ) ) ;
#1924 = EDGE_CURVE ( 'NONE', #614, #3480, #409, .T. ) ;
#1925 = CARTESIAN_POINT ( 'NONE',  ( 3.999999987345026486, 12.27596481606730272, -0.5235988742892471182 ) ) ;
#1926 = CARTESIAN_POINT ( 'NONE',  ( 1.594869928856885277, 11.01083484591083916, -4.098255895929393766 ) ) ;
#1927 = CARTESIAN_POINT ( 'NONE',  ( -2.350011161449477193, 11.85937499829300812, -2.350011161449477637 ) ) ;
#1928 = CARTESIAN_POINT ( 'NONE',  ( 2.759777991485163594E-16, 11.01974906460786308, -4.507059494062498395 ) ) ;
#1929 = ORIENTED_EDGE ( 'NONE', *, *, #2317, .F. ) ;
#1930 = CARTESIAN_POINT ( 'NONE',  ( 1.376604666648955755, 22.40624999829300634, 3.323417656249999297 ) ) ;
#1931 = CARTESIAN_POINT ( 'NONE',  ( 1.376604666648955089, 16.93749999829300634, -3.323417656249999741 ) ) ;
#1932 = CARTESIAN_POINT ( 'NONE',  ( -3.323417656250001517, 12.40624999829300990, 1.376604666648954201 ) ) ;
#1933 = CARTESIAN_POINT ( 'NONE',  ( 2.543949439716771899, 24.00000000000000000, -2.252739725023145123 ) ) ;
#1934 = ORIENTED_EDGE ( 'NONE', *, *, #1644, .F. ) ;
#1935 = CARTESIAN_POINT ( 'NONE',  ( -3.236434792260523885, 11.49962445920454179, -2.350636049051025189 ) ) ;
#1936 = AXIS2_PLACEMENT_3D ( 'NONE', #828, #1983, #3139 ) ;
#1937 = CARTESIAN_POINT ( 'NONE',  ( 3.323417656250000185, 20.45312499829300634, 0.000000000000000000 ) ) ;
#1938 = CARTESIAN_POINT ( 'NONE',  ( -2.350011161449478081, 16.23437499829300634, 2.350011161449477193 ) ) ;
#1939 = CARTESIAN_POINT ( 'NONE',  ( 2.759777991485163594E-16, 23.51974906460786130, -4.507059494062498395 ) ) ;
#1940 = CARTESIAN_POINT ( 'NONE',  ( 1.726830549122646996, 23.99999999999999645, 2.839570596497121624 ) ) ;
#1941 = CARTESIAN_POINT ( 'NONE',  ( 1.376604666648955755, 17.40624999829300990, 3.323417656249999741 ) ) ;
#1942 = EDGE_LOOP ( 'NONE', ( #3433, #3304, #2997, #1995 ) ) ;
#1943 = EDGE_CURVE ( 'NONE', #3765, #3554, #1993, .T. ) ;
#1944 = CARTESIAN_POINT ( 'NONE',  ( 2.458187487258264969, 20.81711705423037984, 3.198666903165111819 ) ) ;
#1945 = CARTESIAN_POINT ( 'NONE',  ( 2.027939339030293553, 11.08304929557158403, -3.705318210945715673 ) ) ;
#1946 = CARTESIAN_POINT ( 'NONE',  ( -3.323417656250000185, 14.51562499829300812, -4.070012794956361332E-16 ) ) ;
#1947 =( BOUNDED_CURVE ( )  B_SPLINE_CURVE ( 2, ( #832, #1355, #813, #1374, #3470, #3718, #3759, #3740, #2797 ),
 .UNSPECIFIED., .F., .F. ) 
 B_SPLINE_CURVE_WITH_KNOTS ( ( 3, 2, 2, 2, 3 ),
 ( 0.1201887193285108291, 0.1322075856138979211, 0.1442264570333431639, 0.1562453284527884623, 0.1682642103456859217 ),
 .UNSPECIFIED. ) 
 CURVE ( )  GEOMETRIC_REPRESENTATION_ITEM ( )  RATIONAL_B_SPLINE_CURVE ( ( 1.000000000000000000, 0.9238795325112867385, 1.000000000000000000, 0.9238795325112867385, 1.000000000000000000, 0.9238795325112867385, 1.000000000000000000, 0.9238795325112867385, 1.000000000000000000 ) ) 
 REPRESENTATION_ITEM ( '' )  );
#1948 = CARTESIAN_POINT ( 'NONE',  ( -3.198667096240832564, 16.75486172144587727, 2.458187236022377764 ) ) ;
#1949 = CARTESIAN_POINT ( 'NONE',  ( 4.000000000000000000, 22.25000000000000000, 0.000000000000000000 ) ) ;
#1950 = B_SPLINE_CURVE_WITH_KNOTS ( 'NONE', 3,
 ( #3035, #414, #3561, #1233, #3284, #672, #693, #2981, #1846, #2468, #1862, #1544, #2419, #1253, #3579, #3634, #111, #3017 ),
 .UNSPECIFIED., .F., .F.,
 ( 4, 2, 2, 2, 2, 2, 2, 2, 4 ),
 ( 0.6490383247596746008, 0.6550479388778186474, 0.6610575529959625829, 0.6670671671141066295, 0.6730767812322506760, 0.6790863953503947226, 0.6850960094685386581, 0.6911056235866827047, 0.6971152377048267512 ),
 .UNSPECIFIED. ) ;
#1951 = ORIENTED_EDGE ( 'NONE', *, *, #3764, .T. ) ;
#1952 = CARTESIAN_POINT ( 'NONE',  ( 2.828427124746190291, 11.15625000000000000, -2.828427124746190291 ) ) ;
#1953 = CARTESIAN_POINT ( 'NONE',  ( 3.323417656249998853, 15.37499999829300990, 1.376604666648957087 ) ) ;
#1954 = CARTESIAN_POINT ( 'NONE',  ( 2.828427124746190291, 23.49999999658601624, -2.828427124746190291 ) ) ;
#1955 = ORIENTED_EDGE ( 'NONE', *, *, #2901, .T. ) ;
#1956 = DIRECTION ( 'NONE',  ( -0.000000000000000000, -1.000000000000000000, -0.000000000000000000 ) ) ;
#1957 = AXIS2_PLACEMENT_3D ( 'NONE', #1296, #1314, #2475 ) ;
#1958 = CARTESIAN_POINT ( 'NONE',  ( 2.350011161449477193, 24.04687499829300634, 2.350011161449478081 ) ) ;
#1959 = CARTESIAN_POINT ( 'NONE',  ( 3.323417656249999741, 11.78124999829301167, -1.376604666648954867 ) ) ;
#1960 = FACE_OUTER_BOUND ( 'NONE', #161, .T. ) ;
#1961 = DIRECTION ( 'NONE',  ( 0.000000000000000000, 0.000000000000000000, 1.000000000000000000 ) ) ;
#1962 = CARTESIAN_POINT ( 'NONE',  ( 3.323417656250000185, 17.64062499829300634, 0.000000000000000000 ) ) ;
#1963 = ORIENTED_EDGE ( 'NONE', *, *, #2110, .T. ) ;
#1964 = ORIENTED_EDGE ( 'NONE', *, *, #951, .T. ) ;
#1965 = CYLINDRICAL_SURFACE ( 'NONE', #1242, 4.000000000000000000 ) ;
#1966 = CARTESIAN_POINT ( 'NONE',  ( -2.290148581540085403E-06, 16.78120015883094496, 3.999999999998629541 ) ) ;
#1967 = CARTESIAN_POINT ( 'NONE',  ( -3.323417656249999741, 14.43749999829300634, -1.376604666648955311 ) ) ;
#1968 = VERTEX_POINT ( 'NONE', #3637 ) ;
#1969 = DIRECTION ( 'NONE',  ( 0.000000000000000000, 1.000000000000000000, 0.000000000000000000 ) ) ;
#1970 = CARTESIAN_POINT ( 'NONE',  ( 4.507059494062498395, 11.95724906460786130, 0.000000000000000000 ) ) ;
#1971 =( BOUNDED_CURVE ( )  B_SPLINE_CURVE ( 2, ( #1060, #1959, #2224, #1428, #3115, #1079, #1637, #517, #3075, #541, #1982, #2587, #1693, #494, #3712, #2853, #806, #2262, #1673, #847, #3401, #3692, #2241, #1389, #2793, #2832, #2813, #247, #1712, #1407, #2546, #3138, #1096, #770, #2209, #1655, #3366, #208, #475, #2526, #2003, #186, #227, #3675, #3754, #3422, #3383, #2282, #2872, #787, #267, #1349, #827, #3733, #1920, #2510, #3158, #2566, #1938, #3443, #1119, #3094, #560, #3542, #903, #360, #3483, #3464, #2680, #2383, #305, #1504, #617, #3522, #2094, #2074, #634, #3179, #2365, #2626, #1768, #1214, #2927, #919, #938, #3250, #1523, #2326, #866, #2644, #652, #2607, #1467, #38, #21, #1447, #1733, #1195, #1137, #2961, #885, #2910, #2304, #2893, #322, #1179, #3231, #1486, #2023, #1787, #1805, #581, #286, #3, #2042, #1156, #3198, #2059, #600, #1751, #2944, #2348, #341, #2663, #3503, #3215, #57, #988, #1596, #452, #3327, #2751, #1562, #2400, #144, #2152, #3052, #379, #396, #1272, #730, #1307, #1824, #1878, #3614, #1613, #2999, #957, #2701, #3597, #94, #73, #3306, #2718, #3266, #711, #2112, #2169, #1005 ),
 .UNSPECIFIED., .F., .T. ) 
 B_SPLINE_CURVE_WITH_KNOTS ( ( 3, 2, 2, 2, 2, 2, 2, 2, 2, 2, 2, 2, 2, 2, 2, 2, 2, 2, 2, 2, 2, 2, 2, 2, 2, 2, 2, 2, 2, 2, 2, 2, 2, 2, 2, 2, 2, 2, 2, 2, 2, 2, 2, 2, 2, 2, 2, 2, 2, 2, 2, 2, 2, 2, 2, 2, 2, 2, 2, 2, 2, 2, 2, 2, 2, 2, 2, 2, 2, 2, 2, 2, 2, 2, 2, 2, 2, 2, 2, 3 ),
 ( 0.000000000000000000, 0.01201886963540685187, 0.02403773927081370373, 0.03605660890622055387, 0.04807547854162740747, 0.06009434817703425413, 0.07211321781244110773, 0.08413208744784794746, 0.09615095708325481494, 0.1081698267186616685, 0.1201886963540685083, 0.1322075659894753619, 0.1442264356248822155, 0.1562453052602890413, 0.1682641748956958949, 0.1802830445311027485, 0.1923019141665096299, 0.2043207838019164557, 0.2163396534373233371, 0.2283585230727301629, 0.2403773927081370165, 0.2523962623435438424, 0.2644151319789507237, 0.2764340016143575496, 0.2884528712497644309, 0.3004717408851713123, 0.3124906105205780826, 0.3245094801559849640, 0.3365283497913917898, 0.3485472194267986712, 0.3605660890622054970, 0.3725849586976123784, 0.3846038283330192598, 0.3966226979684260856, 0.4086415676038329114, 0.4206604372392397928, 0.4326793068746466742, 0.4446981765100534445, 0.4567170461454603259, 0.4687359157808671517, 0.4807547854162740331, 0.4927736550516808589, 0.5047925246870876848, 0.5168113943224945661, 0.5288302639579014475, 0.5408491335933082178, 0.5528680032287150992, 0.5648868728641219805, 0.5769057424995288619, 0.5889246121349356322, 0.6009434817703426246, 0.6129623514057495060, 0.6249812210411561653, 0.6370000906765630466, 0.6490189603119699280, 0.6610378299473768093, 0.6730566995827835797, 0.6850755692181904610, 0.6970944388535973424, 0.7091133084890041127, 0.7211321781244109941, 0.7331510477598179865, 0.7451699173952247568, 0.7571887870306316382, 0.7692076566660385195, 0.7812265263014452898, 0.7932453959368521712, 0.8052642655722590526, 0.8172831352076658229, 0.8293020048430727043, 0.8413208744784795856, 0.8533397441138862449, 0.8653586137492933483, 0.8773774833847002297, 0.8893963530201068890, 0.9014152226555137704, 0.9134340922909206517, 0.9254529619263274220, 0.9374718315617343034, 0.9458072583467732608 ),
 .UNSPECIFIED. ) 
 CURVE ( )  GEOMETRIC_REPRESENTATION_ITEM ( )  RATIONAL_B_SPLINE_CURVE ( ( 1.000000000000000000, 0.9238795325112867385, 1.000000000000000000, 0.9238795325112867385, 1.000000000000000000, 0.9238795325112867385, 1.000000000000000000, 0.9238795325112867385, 1.000000000000000000, 0.9238795325112867385, 1.000000000000000000, 0.9238795325112867385, 1.000000000000000000, 0.9238795325112867385, 1.000000000000000000, 0.9238795325112867385, 1.000000000000000000, 0.9238795325112867385, 1.000000000000000000, 0.9238795325112867385, 1.000000000000000000, 0.9238795325112867385, 1.000000000000000000, 0.9238795325112867385, 1.000000000000000000, 0.9238795325112867385, 1.000000000000000000, 0.9238795325112867385, 1.000000000000000000, 0.9238795325112867385, 1.000000000000000000, 0.9238795325112867385, 1.000000000000000000, 0.9238795325112867385, 1.000000000000000000, 0.9238795325112867385, 1.000000000000000000, 0.9238795325112867385, 1.000000000000000000, 0.9238795325112867385, 1.000000000000000000, 0.9238795325112867385, 1.000000000000000000, 0.9238795325112867385, 1.000000000000000000, 0.9238795325112867385, 1.000000000000000000, 0.9238795325112867385, 1.000000000000000000, 0.9238795325112867385, 1.000000000000000000, 0.9238795325112867385, 1.000000000000000000, 0.9238795325112867385, 1.000000000000000000, 0.9238795325112867385, 1.000000000000000000, 0.9238795325112867385, 1.000000000000000000, 0.9238795325112867385, 1.000000000000000000, 0.9238795325112867385, 1.000000000000000000, 0.9238795325112867385, 1.000000000000000000, 0.9238795325112867385, 1.000000000000000000, 0.9238795325112867385, 1.000000000000000000, 0.9238795325112867385, 1.000000000000000000, 0.9238795325112867385, 1.000000000000000000, 0.9238795325112867385, 1.000000000000000000, 0.9238795325112867385, 1.000000000000000000, 0.9238795325112867385, 1.000000000000000000, 0.9238795325112867385, 1.000000000000000000, 0.9238795325112867385, 1.000000000000000000, 0.9238795325112867385, 1.000000000000000000, 0.9238795325112867385, 1.000000000000000000, 0.9238795325112867385, 1.000000000000000000, 0.9238795325112867385, 1.000000000000000000, 0.9238795325112867385, 1.000000000000000000, 0.9238795325112867385, 1.000000000000000000, 0.9238795325112867385, 1.000000000000000000, 0.9238795325112867385, 1.000000000000000000, 0.9238795325112867385, 1.000000000000000000, 0.9238795325112867385, 1.000000000000000000, 0.9238795325112867385, 1.000000000000000000, 0.9238795325112867385, 1.000000000000000000, 0.9238795325112867385, 1.000000000000000000, 0.9238795325112867385, 1.000000000000000000, 0.9238795325112867385, 1.000000000000000000, 0.9238795325112867385, 1.000000000000000000, 0.9238795325112867385, 1.000000000000000000, 0.9238795325112867385, 1.000000000000000000, 0.9238795325112867385, 1.000000000000000000, 0.9238795325112867385, 1.000000000000000000, 0.9238795325112867385, 1.000000000000000000, 0.9238795325112867385, 1.000000000000000000, 0.9238795325112867385, 1.000000000000000000, 0.9238795325112867385, 1.000000000000000000, 0.9238795325112867385, 1.000000000000000000, 0.9238795325112867385, 1.000000000000000000, 0.9238795325112867385, 1.000000000000000000, 0.9238795325112867385, 1.000000000000000000, 0.9238795325112867385, 1.000000000000000000, 0.9238795325112867385, 1.000000000000000000, 0.9238795325112867385, 1.000000000000000000, 0.9238795325112867385, 1.000000000000000000, 0.9238795325112867385, 1.000000000000000000, 0.9238795325112867385, 1.000000000000000000, 0.9238795325112867385, 1.000000000000000000, 0.9238795325112867385, 1.000000000000000000, 0.9238795325112867385, 1.000000000000000000, 0.9472082980477707359, 0.9676416796232074624 ) ) 
 REPRESENTATION_ITEM ( '' )  );
#1972 = ORIENTED_EDGE ( 'NONE', *, *, #3624, .T. ) ;
#1973 = EDGE_CURVE ( 'NONE', #264, #3356, #749, .T. ) ;
#1974 = CARTESIAN_POINT ( 'NONE',  ( -2.828427124746189847, 11.46875000000000000, -2.828427124746190291 ) ) ;
#1975 = CIRCLE ( 'NONE', #1304, 0.5000000000000004441 ) ;
#1976 = CARTESIAN_POINT ( 'NONE',  ( 2.035006397478180666E-16, 14.51562499829300812, -3.323417656250000185 ) ) ;
#1977 = CARTESIAN_POINT ( 'NONE',  ( 1.656854249492381026, 24.82812499658601268, -4.000000000000000000 ) ) ;
#1978 = CARTESIAN_POINT ( 'NONE',  ( 0.000000000000000000, 24.00000000000000000, 0.000000000000000000 ) ) ;
#1979 = ORIENTED_EDGE ( 'NONE', *, *, #2417, .T. ) ;
#1980 = FACE_OUTER_BOUND ( 'NONE', #3708, .T. ) ;
#1981 = CARTESIAN_POINT ( 'NONE',  ( 3.323417656249999741, 24.28124999829301345, -1.376604666648954867 ) ) ;
#1982 = CARTESIAN_POINT ( 'NONE',  ( -2.350011161449478081, 12.48437499829300812, 2.350011161449477193 ) ) ;
#1983 = DIRECTION ( 'NONE',  ( -0.000000000000000000, -1.000000000000000000, -0.000000000000000000 ) ) ;
#1984 = DIRECTION ( 'NONE',  ( 0.000000000000000000, 0.000000000000000000, 1.000000000000000000 ) ) ;
#1985 = B_SPLINE_CURVE_WITH_KNOTS ( 'NONE', 3,
 ( #3144, #2009, #792, #1718, #2878, #272, #1434, #871, #2247, #1699, #3408, #522, #2029, #1676, #546, #191, #1792, #2388 ),
 .UNSPECIFIED., .F., .F.,
 ( 4, 2, 2, 2, 2, 2, 2, 2, 4 ),
 ( 0.5528844988693667473, 0.5588941129875111269, 0.5649037271056553955, 0.5709133412237997751, 0.5769229553419440437, 0.5829325694600884233, 0.5889421835782326919, 0.5949517976963769605, 0.6009614118145213402 ),
 .UNSPECIFIED. ) ;
#1986 = CARTESIAN_POINT ( 'NONE',  ( -2.350011161449478081, 18.42187499829300990, 2.350011161449477193 ) ) ;
#1987 = DIRECTION ( 'NONE',  ( 0.000000000000000000, 0.000000000000000000, -1.000000000000000000 ) ) ;
#1988 = B_SPLINE_CURVE_WITH_KNOTS ( 'NONE', 3,
 ( #2915, #1791, #3236, #1237, #2078, #1183, #345, #2404, #3565, #961, #620, #1772, #2932, #1490, #2648, #1328, #3655, #2437 ),
 .UNSPECIFIED., .F., .F.,
 ( 4, 2, 2, 2, 2, 2, 2, 2, 4 ),
 ( 0.4567306729790538422, 0.4627402870971984994, 0.4687499012153431566, 0.4747595153334878137, 0.4807691294516324154, 0.4867787435697770726, 0.4927883576879217298, 0.4987979718060663870, 0.5048075859242110441 ),
 .UNSPECIFIED. ) ;
#1989 = CARTESIAN_POINT ( 'NONE',  ( 6.123233995736766282E-16, 10.49999999999999822, 5.000000000000000000 ) ) ;
#1990 = DIRECTION ( 'NONE',  ( 0.000000000000000000, 0.000000000000000000, -1.000000000000000000 ) ) ;
#1991 = CARTESIAN_POINT ( 'NONE',  ( -1.376604666648954867, 18.03124999829300634, -3.323417656249999741 ) ) ;
#1992 = CARTESIAN_POINT ( 'NONE',  ( 0.000000000000000000, 0.5000000000000004441, 0.000000000000000000 ) ) ;
#1993 = CIRCLE ( 'NONE', #450, 0.1499999999999999667 ) ;
#1994 = CARTESIAN_POINT ( 'NONE',  ( 4.507059494062497507, 17.03537406460786485, -1.866885168863107181 ) ) ;
#1995 = ORIENTED_EDGE ( 'NONE', *, *, #1227, .F. ) ;
#1996 = EDGE_CURVE ( 'NONE', #2907, #2868, #2136, .T. ) ;
#1997 = CARTESIAN_POINT ( 'NONE',  ( 3.323417656249999741, 20.21874999829300634, -1.376604666648954867 ) ) ;
#1998 = CARTESIAN_POINT ( 'NONE',  ( 3.323417656250000185, 15.45312499829300812, 0.000000000000000000 ) ) ;
#1999 = CARTESIAN_POINT ( 'NONE',  ( 4.000000000000000000, 23.42187499658601979, -1.656854249492380804 ) ) ;
#2000 = ORIENTED_EDGE ( 'NONE', *, *, #155, .F. ) ;
#2001 = DIRECTION ( 'NONE',  ( -0.000000000000000000, -1.000000000000000000, -0.000000000000000000 ) ) ;
#2002 = CARTESIAN_POINT ( 'NONE',  ( -6.105019192434541011E-16, 22.64062499829300990, 3.323417656250000185 ) ) ;
#2003 = CARTESIAN_POINT ( 'NONE',  ( -3.323417656250000185, 14.82812499829300812, -4.070012794956361332E-16 ) ) ;
#2004 = DIRECTION ( 'NONE',  ( -0.000000000000000000, -1.000000000000000000, -0.000000000000000000 ) ) ;
#2005 = CYLINDRICAL_SURFACE ( 'NONE', #901, 7.625000000000000000 ) ;
#2006 = CARTESIAN_POINT ( 'NONE',  ( -1.376604666648957087, 18.49999999829300990, 3.323417656249999297 ) ) ;
#2007 = ORIENTED_EDGE ( 'NONE', *, *, #609, .T. ) ;
#2008 = ORIENTED_EDGE ( 'NONE', *, *, #2571, .T. ) ;
#2009 = CARTESIAN_POINT ( 'NONE',  ( 0.5235993334866926308, 18.21310722552244954, 3.999999927236166819 ) ) ;
#2010 = CARTESIAN_POINT ( 'NONE',  ( 4.000000000000000000, 17.09374999658601624, 0.000000000000000000 ) ) ;
#2011 = CARTESIAN_POINT ( 'NONE',  ( 2.350011161449477193, 14.98437499829300812, 2.350011161449478081 ) ) ;
#2012 = LINE ( 'NONE', #2616, #2995 ) ;
#2013 = CARTESIAN_POINT ( 'NONE',  ( 1.866885168863108069, 15.47287406460786130, 4.507059494062497507 ) ) ;
#2014 = ORIENTED_EDGE ( 'NONE', *, *, #1020, .F. ) ;
#2015 = CARTESIAN_POINT ( 'NONE',  ( 2.828427124746190291, 14.90625000000000000, -2.828427124746190291 ) ) ;
#2016 = CARTESIAN_POINT ( 'NONE',  ( 2.350011161449477637, 20.60937499829300990, -2.350011161449477637 ) ) ;
#2017 = CARTESIAN_POINT ( 'NONE',  ( 3.323417656250000185, 15.45312499829300812, 0.000000000000000000 ) ) ;
#2018 = CARTESIAN_POINT ( 'NONE',  ( 1.147171001554065484, 23.99999999999999289, -3.387110985411263542 ) ) ;
#2019 = ORIENTED_EDGE ( 'NONE', *, *, #1184, .F. ) ;
#2020 = EDGE_CURVE ( 'NONE', #556, #1226, #3127, .T. ) ;
#2021 = AXIS2_PLACEMENT_3D ( 'NONE', #1426, #1710, #825 ) ;
#2022 = CARTESIAN_POINT ( 'NONE',  ( 3.323417656249998853, 13.81249999829300634, 1.376604666648957087 ) ) ;
#2023 = CARTESIAN_POINT ( 'NONE',  ( -6.105019192434541011E-16, 20.14062499829300634, 3.323417656250000185 ) ) ;
#2024 = CARTESIAN_POINT ( 'NONE',  ( -3.646324872445831922, 23.70646886898422068, -2.649131972477360986 ) ) ;
#2025 = FACE_OUTER_BOUND ( 'NONE', #3559, .T. ) ;
#2026 = CARTESIAN_POINT ( 'NONE',  ( -2.350011161449477193, 19.35937499829300990, -2.350011161449477637 ) ) ;
#2027 = DIRECTION ( 'NONE',  ( 0.000000000000000000, -1.000000000000000000, 0.000000000000000000 ) ) ;
#2028 = EDGE_CURVE ( 'NONE', #2362, #2220, #1635, .T. ) ;
#2029 = CARTESIAN_POINT ( 'NONE',  ( 3.198667007127908857, 18.62974879811573814, -2.458187351978779578 ) ) ;
#2030 = CARTESIAN_POINT ( 'NONE',  ( 0.000000000000000000, 11.50000000000000000, 0.000000000000000000 ) ) ;
#2031 = CARTESIAN_POINT ( 'NONE',  ( 2.035006397478180666E-16, 14.20312499829300812, -3.323417656250000185 ) ) ;
#2032 = CIRCLE ( 'NONE', #698, 0.5000000000000004441 ) ;
#2033 = VECTOR ( 'NONE', #3147, 1000.000000000000000 ) ;
#2034 = CARTESIAN_POINT ( 'NONE',  ( -5.924722707952368161E-07, 18.65625002452301473, -3.999999999999956923 ) ) ;
#2035 = CARTESIAN_POINT ( 'NONE',  ( -1.866885168863109623, 16.56662406460786130, 4.507059494062497507 ) ) ;
#2036 = ORIENTED_EDGE ( 'NONE', *, *, #1996, .F. ) ;
#2037 = CARTESIAN_POINT ( 'NONE',  ( -2.828427124746190735, 14.28124999999999822, 2.828427124746189847 ) ) ;
#2038 = CARTESIAN_POINT ( 'NONE',  ( -1.376604666648954867, 17.09374999829300990, -3.323417656249999741 ) ) ;
#2039 = ORIENTED_EDGE ( 'NONE', *, *, #3646, .F. ) ;
#2040 = CARTESIAN_POINT ( 'NONE',  ( -1.046991188365250292, 15.63513749510131134, 3.895890800754384209 ) ) ;
#2041 = CARTESIAN_POINT ( 'NONE',  ( -1.376604666648954867, 15.53124999829300634, -3.323417656249999741 ) ) ;
#2042 = CARTESIAN_POINT ( 'NONE',  ( 2.350011161449477637, 20.60937499829300990, -2.350011161449477637 ) ) ;
#2043 = CARTESIAN_POINT ( 'NONE',  ( 1.656854249492381026, 13.57812499658601801, -4.000000000000000000 ) ) ;
#2044 = DIRECTION ( 'NONE',  ( 0.000000000000000000, 1.000000000000000000, 0.000000000000000000 ) ) ;
#2045 = CARTESIAN_POINT ( 'NONE',  ( 0.000000000000000000, 32.00000000000000000, 3.624999999999999556 ) ) ;
#2046 = LINE ( 'NONE', #78, #513 ) ;
#2047 = CARTESIAN_POINT ( 'NONE',  ( -6.278900822733064611E-06, 15.68735854122382811, 3.999999999989558574 ) ) ;
#2048 = ADVANCED_FACE ( 'NONE', ( #1598 ), #3455, .F. ) ;
#2049 = DIRECTION ( 'NONE',  ( 0.000000000000000000, -1.000000000000000000, 0.000000000000000000 ) ) ;
#2050 = CARTESIAN_POINT ( 'NONE',  ( 3.323417656249999741, 21.46874999829300279, -1.376604666648954867 ) ) ;
#2051 = DIRECTION ( 'NONE',  ( 0.000000000000000000, 1.000000000000000000, 0.000000000000000000 ) ) ;
#2052 = CARTESIAN_POINT ( 'NONE',  ( 3.186972331462802011, 18.05099906460785775, 3.186972331462803343 ) ) ;
#2053 = ORIENTED_EDGE ( 'NONE', *, *, #744, .F. ) ;
#2054 = CARTESIAN_POINT ( 'NONE',  ( 2.828427124746189403, 15.84375000000000000, 2.828427124746190735 ) ) ;
#2055 = CARTESIAN_POINT ( 'NONE',  ( 1.376604666648955755, 16.46874999829300634, 3.323417656249999297 ) ) ;
#2056 = ORIENTED_EDGE ( 'NONE', *, *, #744, .T. ) ;
#2057 = CARTESIAN_POINT ( 'NONE',  ( -1.046991282522480082, 14.38521277732127324, 3.895890775450344012 ) ) ;
#2058 = CARTESIAN_POINT ( 'NONE',  ( -1.376604666648954867, 13.03124999829300812, -3.323417656249999741 ) ) ;
#2059 = CARTESIAN_POINT ( 'NONE',  ( -1.376604666648954867, 20.84374999829300634, -3.323417656249999741 ) ) ;
#2060 = CARTESIAN_POINT ( 'NONE',  ( 4.000000000000000000, 13.42187499658601446, -1.656854249492380804 ) ) ;
#2061 = CARTESIAN_POINT ( 'NONE',  ( 3.431132419168424263, 11.00000000000000178, -2.463458785745566537 ) ) ;
#2062 = CARTESIAN_POINT ( 'NONE',  ( -2.835406765080745739, 11.46840593975213984, -2.840279587645514692 ) ) ;
#2063 = CYLINDRICAL_SURFACE ( 'NONE', #3448, 4.000000000000000000 ) ;
#2064 = CARTESIAN_POINT ( 'NONE',  ( 1.548802045462446282E-05, 22.56215106834825335, -3.999999999936468598 ) ) ;
#2065 = CARTESIAN_POINT ( 'NONE',  ( 3.323417656249998853, 23.81249999829300634, 1.376604666648957087 ) ) ;
#2066 = EDGE_CURVE ( 'NONE', #668, #2841, #2784, .T. ) ;
#2067 = CARTESIAN_POINT ( 'NONE',  ( -6.278900822733064611E-06, 15.68735854122382811, 3.999999999989558574 ) ) ;
#2068 = ORIENTED_EDGE ( 'NONE', *, *, #155, .T. ) ;
#2069 = CARTESIAN_POINT ( 'NONE',  ( 2.828427124746190291, 16.15625000000000000, -2.828427124746190291 ) ) ;
#2070 = CARTESIAN_POINT ( 'NONE',  ( -2.350011161449477193, 18.42187499829300990, -2.350011161449477637 ) ) ;
#2071 = VERTEX_POINT ( 'NONE', #1547 ) ;
#2072 = CARTESIAN_POINT ( 'NONE',  ( -2.458187139390266562, 15.19245582422088781, -3.198667170502961454 ) ) ;
#2073 = CARTESIAN_POINT ( 'NONE',  ( 2.035006397478180666E-16, 11.70312499829300812, -3.323417656250000185 ) ) ;
#2074 = CARTESIAN_POINT ( 'NONE',  ( -1.376604666648957087, 17.56249999829300990, 3.323417656249999297 ) ) ;
#2075 = CARTESIAN_POINT ( 'NONE',  ( 2.449293598294706414E-16, 13.65624999658601624, -4.000000000000000000 ) ) ;
#2076 = PLANE ( 'NONE',  #103 ) ;
#2077 = CARTESIAN_POINT ( 'NONE',  ( -2.350011161449478081, 20.92187499829300634, 2.350011161449477193 ) ) ;
#2078 = CARTESIAN_POINT ( 'NONE',  ( 2.458187255348613931, 17.06734290089086414, 3.198667081388546940 ) ) ;
#2079 = CARTESIAN_POINT ( 'NONE',  ( 4.000000000000000000, 13.42187499658601624, -1.656854249492380582 ) ) ;
#2080 = CARTESIAN_POINT ( 'NONE',  ( 6.735557395310442023E-16, 2.168404344971008868E-16, -5.500000000000000000 ) ) ;
#2081 = CARTESIAN_POINT ( 'NONE',  ( -2.350011161449477193, 20.60937499829300634, -2.350011161449477637 ) ) ;
#2082 = AXIS2_PLACEMENT_3D ( 'NONE', #1430, #2895, #2528 ) ;
#2083 = DIRECTION ( 'NONE',  ( 0.000000000000000000, -0.000000000000000000, 1.000000000000000000 ) ) ;
#2084 = DIRECTION ( 'NONE',  ( 0.000000000000000000, 0.000000000000000000, 1.000000000000000000 ) ) ;
#2085 = CARTESIAN_POINT ( 'NONE',  ( 3.323417656249998853, 20.37499999829300634, 1.376604666648957087 ) ) ;
#2086 = EDGE_LOOP ( 'NONE', ( #3323, #2579, #2416, #2622 ) ) ;
#2087 = CARTESIAN_POINT ( 'NONE',  ( 3.999999999999999112, 14.67187499999999822, 1.656854249492383246 ) ) ;
#2088 = CARTESIAN_POINT ( 'NONE',  ( -1.376604666648954867, 15.84374999829300634, -3.323417656249999741 ) ) ;
#2089 = ADVANCED_FACE ( 'NONE', ( #97 ), #2914, .T. ) ;
#2090 = VERTEX_POINT ( 'NONE', #1275 ) ;
#2091 = CARTESIAN_POINT ( 'NONE',  ( 1.381362927587294599E-05, 21.31218879068961058, -3.999999999949462204 ) ) ;
#2092 = CARTESIAN_POINT ( 'NONE',  ( 2.350011161449477637, 14.04687499829300812, -2.350011161449477637 ) ) ;
#2093 = CIRCLE ( 'NONE', #946, 16.00000000000000000 ) ;
#2094 = CARTESIAN_POINT ( 'NONE',  ( -2.350011161449478081, 17.48437499829300634, 2.350011161449477193 ) ) ;
#2095 = CARTESIAN_POINT ( 'NONE',  ( 4.000000000000000000, 17.09374999658601624, 0.000000000000000000 ) ) ;
#2096 = CARTESIAN_POINT ( 'NONE',  ( 3.289609585868761066, 10.99999999999999467, -2.682909796297688221 ) ) ;
#2097 = CARTESIAN_POINT ( 'NONE',  ( 0.000000000000000000, 10.00000000000000000, 0.000000000000000000 ) ) ;
#2098 = CARTESIAN_POINT ( 'NONE',  ( -1.297643473929754731E-05, 20.68720765186022348, 3.999999999955402785 ) ) ;
#2099 = CARTESIAN_POINT ( 'NONE',  ( -3.999999879784474910, 22.90032491719653152, 0.5235996959903065351 ) ) ;
#2100 = CARTESIAN_POINT ( 'NONE',  ( 2.458187100736967778, 14.56749346533086431, 3.198667200208161088 ) ) ;
#2101 = CARTESIAN_POINT ( 'NONE',  ( 3.323417656249998853, 21.31249999829301345, 1.376604666648957087 ) ) ;
#2102 = DIRECTION ( 'NONE',  ( 0.000000000000000000, -1.000000000000000000, 0.000000000000000000 ) ) ;
#2103 = DIRECTION ( 'NONE',  ( 0.000000000000000000, 1.000000000000000000, 0.000000000000000000 ) ) ;
#2104 = CARTESIAN_POINT ( 'NONE',  ( -1.376604666648956865, 21.31249999829301345, 3.323417656249998853 ) ) ;
#2105 = VERTEX_POINT ( 'NONE', #975 ) ;
#2106 = CARTESIAN_POINT ( 'NONE',  ( -2.828427124746190735, 16.78124999999999645, 2.828427124746189847 ) ) ;
#2107 = CARTESIAN_POINT ( 'NONE',  ( 2.350011161449477637, 19.35937499829300990, -2.350011161449477637 ) ) ;
#2108 = VECTOR ( 'NONE', #1615, 1000.000000000000000 ) ;
#2109 = VERTEX_POINT ( 'NONE', #399 ) ;
#2110 = EDGE_CURVE ( 'NONE', #3246, #1893, #1565, .T. ) ;
#2111 = CARTESIAN_POINT ( 'NONE',  ( -3.323417656249999741, 18.18749999829300634, -1.376604666648955311 ) ) ;
#2112 = CARTESIAN_POINT ( 'NONE',  ( -6.105019192434541011E-16, 23.89062499829300990, 3.323417656250000185 ) ) ;
#2113 = CARTESIAN_POINT ( 'NONE',  ( 1.656854249492381026, 14.82812499658601979, -4.000000000000000000 ) ) ;
#2114 = CARTESIAN_POINT ( 'NONE',  ( 3.912774888447720922, 11.00000000000000711, -1.278059323912334566 ) ) ;
#2115 = CARTESIAN_POINT ( 'NONE',  ( -3.323417656249999741, 21.93749999829300634, -1.376604666648955311 ) ) ;
#2116 = CYLINDRICAL_SURFACE ( 'NONE', #1177, 4.000000000000000000 ) ;
#2117 = CARTESIAN_POINT ( 'NONE',  ( -1.046992412398740857, 22.61388383603869556, -3.895890471804413835 ) ) ;
#2118 = CARTESIAN_POINT ( 'NONE',  ( -1.866885168863109623, 14.06662406460786130, 4.507059494062497507 ) ) ;
#2119 = CARTESIAN_POINT ( 'NONE',  ( 3.198667541825541250, 14.61957366190503649, 2.458186656214065735 ) ) ;
#2120 = CARTESIAN_POINT ( 'NONE',  ( -1.376604666648954867, 23.03124999829300990, -3.323417656249999741 ) ) ;
#2121 = CARTESIAN_POINT ( 'NONE',  ( 0.000000000000000000, 10.00000000000000000, 0.000000000000000000 ) ) ;
#2122 = CARTESIAN_POINT ( 'NONE',  ( 1.195989259963723346E-06, 23.03127589841479761, 3.999999999999630518 ) ) ;
#2123 = CARTESIAN_POINT ( 'NONE',  ( -3.323417656250001517, 18.65624999829300634, 1.376604666648954201 ) ) ;
#2124 = APPLICATION_PROTOCOL_DEFINITION ( 'draft international standard', 'automotive_design', 1998, #199 ) ;
#2125 = ORIENTED_EDGE ( 'NONE', *, *, #2500, .F. ) ;
#2126 = AXIS2_PLACEMENT_3D ( 'NONE', #2738, #2704, #3346 ) ;
#2127 = CARTESIAN_POINT ( 'NONE',  ( 4.000000000000000000, 19.75000000000000000, 0.000000000000000000 ) ) ;
#2128 = EDGE_LOOP ( 'NONE', ( #507, #724, #1076, #3447, #2551, #984 ) ) ;
#2129 = CARTESIAN_POINT ( 'NONE',  ( -2.350011161449477193, 16.85937499829300634, -2.350011161449477637 ) ) ;
#2130 = CARTESIAN_POINT ( 'NONE',  ( 1.376604666648955089, 11.93749999829300812, -3.323417656249999741 ) ) ;
#2131 = CARTESIAN_POINT ( 'NONE',  ( -1.656854249492380360, 21.23437499658601624, -4.000000000000000000 ) ) ;
#2132 = CARTESIAN_POINT ( 'NONE',  ( 8.605002368336230046E-07, 16.15624995601144676, -3.999999999999908074 ) ) ;
#2133 = DIRECTION ( 'NONE',  ( 1.000000000000000000, -0.000000000000000000, 1.224646799147353207E-16 ) ) ;
#2134 = EDGE_CURVE ( 'NONE', #585, #2071, #714, .T. ) ;
#2135 = DIRECTION ( 'NONE',  ( -0.000000000000000000, -1.000000000000000000, -0.000000000000000000 ) ) ;
#2136 = B_SPLINE_CURVE_WITH_KNOTS ( 'NONE', 3,
 ( #166, #732, #3600, #2206, #3582, #3616, #1865, #1881, #2454, #3362, #3330, #3055, #1327, #2489, #2190, #3002, #3037, #3654 ),
 .UNSPECIFIED., .F., .F.,
 ( 4, 2, 2, 2, 2, 2, 2, 2, 4 ),
 ( 0.6009614118145213402, 0.6069710259326654977, 0.6129806400508096553, 0.6189902541689538129, 0.6249998682870979705, 0.6310094824052421281, 0.6370190965233862856, 0.6430287106415304432, 0.6490383247596746008 ),
 .UNSPECIFIED. ) ;
#2137 = CARTESIAN_POINT ( 'NONE',  ( -1.307756106749755463E-06, 13.65625005825047822, -3.999999999999786837 ) ) ;
#2138 = CARTESIAN_POINT ( 'NONE',  ( -1.866885168863107181, 18.59787406460786485, -4.507059494062497507 ) ) ;
#2139 = CARTESIAN_POINT ( 'NONE',  ( 0.5235977867354222326, 23.78568825895709793, -4.000000129705336249 ) ) ;
#2140 = CARTESIAN_POINT ( 'NONE',  ( 2.350011161449477193, 12.48437499829300634, 2.350011161449478081 ) ) ;
#2141 = ADVANCED_FACE ( 'NONE', ( #417 ), #3593, .F. ) ;
#2142 = CIRCLE ( 'NONE', #2021, 4.500000000000000888 ) ;
#2143 = CARTESIAN_POINT ( 'NONE',  ( 3.198667423002830024, 12.11972422634477553, 2.458186810829808611 ) ) ;
#2144 = DIRECTION ( 'NONE',  ( 0.000000000000000000, 0.000000000000000000, 1.000000000000000000 ) ) ;
#2145 = CARTESIAN_POINT ( 'NONE',  ( -3.323417656250001517, 19.90624999829300634, 1.376604666648954201 ) ) ;
#2146 = ORIENTED_EDGE ( 'NONE', *, *, #1715, .F. ) ;
#2147 = CIRCLE ( 'NONE', #2260, 5.500000000000000000 ) ;
#2148 = CARTESIAN_POINT ( 'NONE',  ( -7.347880794884119736E-16, 16.93750000000000000, 4.000000000000000000 ) ) ;
#2149 = EDGE_LOOP ( 'NONE', ( #1818, #1056 ) ) ;
#2150 = AXIS2_PLACEMENT_3D ( 'NONE', #643, #3533, #1554 ) ;
#2151 = CARTESIAN_POINT ( 'NONE',  ( -6.105019192434541011E-16, 18.57812499829300990, 3.323417656250000185 ) ) ;
#2152 = CARTESIAN_POINT ( 'NONE',  ( -3.323417656249999741, 22.24999999829300990, -1.376604666648955311 ) ) ;
#2153 = CARTESIAN_POINT ( 'NONE',  ( 4.000000000000000000, 22.09374999658601624, 0.000000000000000000 ) ) ;
#2154 = CARTESIAN_POINT ( 'NONE',  ( -1.236316474672237931, 11.36328958293036351, -3.836595270974576088 ) ) ;
#2155 = CARTESIAN_POINT ( 'NONE',  ( 0.000000000000000000, 24.00000000000000000, 0.000000000000000000 ) ) ;
#2156 = CARTESIAN_POINT ( 'NONE',  ( 3.495145111432255813, 22.35348285316793238, -2.014476688856975173 ) ) ;
#2157 = CARTESIAN_POINT ( 'NONE',  ( -4.507059494062498395, 22.58224906460785775, -5.519555982970327188E-16 ) ) ;
#2158 = DIRECTION ( 'NONE',  ( 1.000000000000000000, -0.000000000000000000, 1.224646799147353207E-16 ) ) ;
#2159 = CARTESIAN_POINT ( 'NONE',  ( 2.350011161449477637, 14.04687499829300812, -2.350011161449477637 ) ) ;
#2160 = ADVANCED_FACE ( 'NONE', ( #2662 ), #3066, .F. ) ;
#2161 = AXIS2_PLACEMENT_3D ( 'NONE', #1009, #767, #3038 ) ;
#2162 = DIRECTION ( 'NONE',  ( 0.000000000000000000, -0.000000000000000000, 1.000000000000000000 ) ) ;
#2163 = CARTESIAN_POINT ( 'NONE',  ( -2.828427124746189847, 15.06249999658601446, -2.828427124746190291 ) ) ;
#2164 = CARTESIAN_POINT ( 'NONE',  ( -6.105019192434541011E-16, 22.64062499829300990, 3.323417656250000185 ) ) ;
#2165 = ORIENTED_EDGE ( 'NONE', *, *, #842, .F. ) ;
#2166 = CARTESIAN_POINT ( 'NONE',  ( 4.000000000000000000, 18.50000000000000000, 0.000000000000000000 ) ) ;
#2167 = ORIENTED_EDGE ( 'NONE', *, *, #503, .F. ) ;
#2168 = CARTESIAN_POINT ( 'NONE',  ( 2.350011161449477637, 19.04687499829300990, -2.350011161449477637 ) ) ;
#2169 = CARTESIAN_POINT ( 'NONE',  ( 0.9312007261707034855, 23.94347245587804096, 3.323417656250000629 ) ) ;
#2170 = CARTESIAN_POINT ( 'NONE',  ( -2.828427124746190735, 20.37499999658601624, 2.828427124746189847 ) ) ;
#2171 = CARTESIAN_POINT ( 'NONE',  ( -3.495145817381166697, 17.77042555464206686, -2.014475464025313300 ) ) ;
#2172 = CARTESIAN_POINT ( 'NONE',  ( 4.000000000000000000, 12.09374999658601624, 0.000000000000000000 ) ) ;
#2173 = CIRCLE ( 'NONE', #3512, 4.500000000000000888 ) ;
#2174 = FACE_OUTER_BOUND ( 'NONE', #611, .T. ) ;
#2175 = CARTESIAN_POINT ( 'NONE',  ( -4.507059494062497507, 21.25412406460786485, -1.866885168863107625 ) ) ;
#2176 = DIRECTION ( 'NONE',  ( 1.224646799147351482E-16, 0.000000000000000000, -1.000000000000000000 ) ) ;
#2177 = CARTESIAN_POINT ( 'NONE',  ( -1.376604666648957087, 12.24999999829300812, 3.323417656249999297 ) ) ;
#2178 = DIRECTION ( 'NONE',  ( 0.000000000000000000, 1.000000000000000000, 0.000000000000000000 ) ) ;
#2179 = PLANE ( 'NONE',  #384 ) ;
#2180 = CARTESIAN_POINT ( 'NONE',  ( 2.350011161449477637, 23.10937499829300634, -2.350011161449477637 ) ) ;
#2181 = ORIENTED_EDGE ( 'NONE', *, *, #566, .T. ) ;
#2182 = ADVANCED_FACE ( 'NONE', ( #3095 ), #1819, .T. ) ;
#2183 = CARTESIAN_POINT ( 'NONE',  ( 1.656854249492381026, 17.48437500000000000, -4.000000000000000000 ) ) ;
#2184 = EDGE_LOOP ( 'NONE', ( #1175, #2321, #1250, #798 ) ) ;
#2185 = EDGE_CURVE ( 'NONE', #51, #237, #3468, .T. ) ;
#2186 = CARTESIAN_POINT ( 'NONE',  ( 3.323417656249998853, 16.31249999829300634, 1.376604666648957087 ) ) ;
#2187 = CARTESIAN_POINT ( 'NONE',  ( -3.323417656250000185, 12.32812499829300812, -4.070012794956361332E-16 ) ) ;
#2188 = CARTESIAN_POINT ( 'NONE',  ( 2.449293598294706414E-16, 19.90624999658601624, -4.000000000000000000 ) ) ;
#2189 = CARTESIAN_POINT ( 'NONE',  ( 0.000000000000000000, 0.5000000000000004441, 0.000000000000000000 ) ) ;
#2190 = CARTESIAN_POINT ( 'NONE',  ( -2.014475358439498098, 19.33283145186689111, 3.495145878236999515 ) ) ;
#2191 = CARTESIAN_POINT ( 'NONE',  ( 5.441711982157496861E-06, 15.06237740239410350, -3.999999999992157385 ) ) ;
#2192 = DIRECTION ( 'NONE',  ( -0.000000000000000000, 1.000000000000000000, -0.000000000000000000 ) ) ;
#2193 = CARTESIAN_POINT ( 'NONE',  ( 4.507059494062498395, 19.45724906460786485, 0.000000000000000000 ) ) ;
#2194 = CARTESIAN_POINT ( 'NONE',  ( 6.735557395310442023E-16, 0.5000000000000004441, -5.500000000000000000 ) ) ;
#2195 = CARTESIAN_POINT ( 'NONE',  ( 2.350011161449477193, 14.98437499829300812, 2.350011161449478081 ) ) ;
#2196 = CARTESIAN_POINT ( 'NONE',  ( 1.656854249492381248, 14.35937499658601624, 3.999999999999999112 ) ) ;
#2197 = CARTESIAN_POINT ( 'NONE',  ( 2.350011161449477637, 12.79687499829300634, -2.350011161449477637 ) ) ;
#2198 = CARTESIAN_POINT ( 'NONE',  ( -3.186972331462802455, 11.17599906460786308, -3.186972331462802899 ) ) ;
#2199 = ORIENTED_EDGE ( 'NONE', *, *, #699, .T. ) ;
#2200 = CIRCLE ( 'NONE', #1776, 3.624999999999999556 ) ;
#2201 = EDGE_CURVE ( 'NONE', #2517, #1893, #3710, .T. ) ;
#2202 = CARTESIAN_POINT ( 'NONE',  ( 1.376604666648955089, 22.87499999829300634, -3.323417656249999741 ) ) ;
#2203 = CARTESIAN_POINT ( 'NONE',  ( 3.323417656249999741, 16.78124999829300990, -1.376604666648954867 ) ) ;
#2204 = CARTESIAN_POINT ( 'NONE',  ( 2.449293598294706414E-16, 17.40624999658601624, -4.000000000000000000 ) ) ;
#2205 = CARTESIAN_POINT ( 'NONE',  ( 5.510910596163089556E-16, 10.49999999999999822, 4.500000000000000888 ) ) ;
#2206 = CARTESIAN_POINT ( 'NONE',  ( -2.014476456573361496, 18.91618987927361317, -3.495145245312226034 ) ) ;
#2207 = CARTESIAN_POINT ( 'NONE',  ( -0.5235986084286607944, 13.16132815782825460, 4.000000022146093848 ) ) ;
#2208 = CIRCLE ( 'NONE', #2695, 3.150000000000000355 ) ;
#2209 = CARTESIAN_POINT ( 'NONE',  ( 2.350011161449477637, 14.35937499829300812, -2.350011161449477637 ) ) ;
#2210 = CARTESIAN_POINT ( 'NONE',  ( 4.507059494062497507, 19.37912406460786130, 1.866885168863110067 ) ) ;
#2211 = CARTESIAN_POINT ( 'NONE',  ( 2.811606231213828355, 24.00000000000000000, 1.785180817360944472 ) ) ;
#2212 = CARTESIAN_POINT ( 'NONE',  ( 2.350011161449477193, 13.73437499829300812, 2.350011161449478081 ) ) ;
#2213 = DIRECTION ( 'NONE',  ( 0.000000000000000000, -1.000000000000000000, 0.000000000000000000 ) ) ;
#2214 = CARTESIAN_POINT ( 'NONE',  ( 2.035006397478180666E-16, 23.26562499829300990, -3.323417656250000185 ) ) ;
#2215 = CARTESIAN_POINT ( 'NONE',  ( 2.449293598294706414E-16, 23.81250000000000000, -4.000000000000000000 ) ) ;
#2216 = VERTEX_POINT ( 'NONE', #2242 ) ;
#2217 = CARTESIAN_POINT ( 'NONE',  ( 3.323417656249998853, 23.81249999829300634, 1.376604666648957087 ) ) ;
#2218 = CARTESIAN_POINT ( 'NONE',  ( -6.105019192434541011E-16, 12.64062499829300634, 3.323417656250000185 ) ) ;
#2219 = CARTESIAN_POINT ( 'NONE',  ( 2.035006397478180666E-16, 12.01562499829300812, -3.323417656250000185 ) ) ;
#2220 = VERTEX_POINT ( 'NONE', #1656 ) ;
#2221 = FACE_OUTER_BOUND ( 'NONE', #1284, .T. ) ;
#2222 = EDGE_CURVE ( 'NONE', #3730, #204, #1145, .T. ) ;
#2223 = CARTESIAN_POINT ( 'NONE',  ( -1.376604666648954867, 19.59374999829300634, -3.323417656249999741 ) ) ;
#2224 = CARTESIAN_POINT ( 'NONE',  ( 2.350011161449477637, 11.85937499829300812, -2.350011161449477637 ) ) ;
#2225 = DIRECTION ( 'NONE',  ( 0.000000000000000000, 1.000000000000000000, 0.000000000000000000 ) ) ;
#2226 = CYLINDRICAL_SURFACE ( 'NONE', #315, 4.000000000000000000 ) ;
#2227 = CARTESIAN_POINT ( 'NONE',  ( -3.323417656249999741, 15.68749999829300812, -1.376604666648955311 ) ) ;
#2228 =( GEOMETRIC_REPRESENTATION_CONTEXT ( 3 ) GLOBAL_UNCERTAINTY_ASSIGNED_CONTEXT ( ( #1840 ) ) GLOBAL_UNIT_ASSIGNED_CONTEXT ( ( #1075, #3111, #221 ) ) REPRESENTATION_CONTEXT ( 'NONE', 'WORKASPACE' ) );
#2229 = CARTESIAN_POINT ( 'NONE',  ( 3.999999898764878381, 21.02543784052700460, -0.5235995509909924239 ) ) ;
#2230 = CARTESIAN_POINT ( 'NONE',  ( 2.060102638042542011, 11.05725056252801508, -3.737433865362624896 ) ) ;
#2231 = CARTESIAN_POINT ( 'NONE',  ( 1.376604666648955089, 11.62499999829300634, -3.323417656249999741 ) ) ;
#2232 = CARTESIAN_POINT ( 'NONE',  ( -3.495145330511158832, 16.72882162315879384, 2.014476308752012557 ) ) ;
#2233 = CARTESIAN_POINT ( 'NONE',  ( 1.866885168863107403, 10.94162406460786308, -4.507059494062497507 ) ) ;
#2234 = ORIENTED_EDGE ( 'NONE', *, *, #1298, .F. ) ;
#2235 = CARTESIAN_POINT ( 'NONE',  ( 2.350011161449477193, 23.73437499829300634, 2.350011161449478081 ) ) ;
#2236 = CARTESIAN_POINT ( 'NONE',  ( -1.376604666648954867, 13.34374999829300634, -3.323417656249999741 ) ) ;
#2237 = CARTESIAN_POINT ( 'NONE',  ( 1.376604666648955089, 13.18749999829300634, -3.323417656249999741 ) ) ;
#2238 = ORIENTED_EDGE ( 'NONE', *, *, #2020, .F. ) ;
#2239 = CARTESIAN_POINT ( 'NONE',  ( 0.000000000000000000, 31.85000000000000497, 0.000000000000000000 ) ) ;
#2240 = CARTESIAN_POINT ( 'NONE',  ( 2.350011161449477193, 21.54687499829300634, 2.350011161449478081 ) ) ;
#2241 = CARTESIAN_POINT ( 'NONE',  ( -2.350011161449477193, 13.42187499829300812, -2.350011161449477637 ) ) ;
#2242 = CARTESIAN_POINT ( 'NONE',  ( 4.753178382985364661E-06, 19.28135336538207412, 3.999999999994110489 ) ) ;
#2243 = CARTESIAN_POINT ( 'NONE',  ( 0.000000000000000000, 32.00000000000000000, 0.000000000000000000 ) ) ;
#2244 = CARTESIAN_POINT ( 'NONE',  ( -1.376604666648954867, 16.78124999829300990, -3.323417656249999741 ) ) ;
#2245 = EDGE_LOOP ( 'NONE', ( #3342, #427, #143, #2678 ) ) ;
#2246 = ORIENTED_EDGE ( 'NONE', *, *, #1270, .F. ) ;
#2247 = CARTESIAN_POINT ( 'NONE',  ( 4.000000075927266252, 18.47350820839325181, 0.5235981975703326574 ) ) ;
#2248 = EDGE_CURVE ( 'NONE', #2907, #1110, #3384, .T. ) ;
#2249 = CARTESIAN_POINT ( 'NONE',  ( 1.116780835043519993, 11.20114335550350937, -3.946991252625486002 ) ) ;
#2250 = CARTESIAN_POINT ( 'NONE',  ( -6.105019192434541011E-16, 18.57812499829300990, 3.323417656250000185 ) ) ;
#2251 = B_SPLINE_CURVE_WITH_KNOTS ( 'NONE', 3,
 ( #757, #1908, #3337, #2249, #483, #213, #1642, #3409, #2763, #3028, #463, #1889, #1945, #1625, #501, #192, #2230, #3082, #1375, #3044, #2781, #2533, #775, #425, #1926, #1590, #445, #2745 ),
 .UNSPECIFIED., .F., .F.,
 ( 4, 2, 2, 2, 2, 2, 2, 2, 2, 2, 2, 2, 2, 4 ),
 ( 0.003793950701455659109, 0.004761722234998591249, 0.005245608001770056886, 0.005487550885155789704, 0.005729493768541522522, 0.005850465210234389798, 0.005880708070657606618, 0.005910950931080822569, 0.005941193791504038521, 0.005971436651927254473, 0.006092408093620117412, 0.006213379535312978617, 0.006697265302084422570, 0.007665036835627308739 ),
 .UNSPECIFIED. ) ;
#2252 = CARTESIAN_POINT ( 'NONE',  ( -2.014475189505756436, 21.83268088742640245, 3.495145975604269317 ) ) ;
#2253 = CARTESIAN_POINT ( 'NONE',  ( 3.186972331462802899, 12.11349906460786308, -3.186972331462802899 ) ) ;
#2254 = ORIENTED_EDGE ( 'NONE', *, *, #1859, .T. ) ;
#2255 = CARTESIAN_POINT ( 'NONE',  ( 2.035006397478180666E-16, 22.95312499829300990, -3.323417656250000185 ) ) ;
#2256 = CARTESIAN_POINT ( 'NONE',  ( 2.035006397478180666E-16, 13.26562499829300812, -3.323417656250000185 ) ) ;
#2257 = CARTESIAN_POINT ( 'NONE',  ( 2.350011161449477637, 13.10937499829300812, -2.350011161449477637 ) ) ;
#2258 = EDGE_LOOP ( 'NONE', ( #766, #3050, #1440, #3683 ) ) ;
#2259 = PLANE ( 'NONE',  #2498 ) ;
#2260 = AXIS2_PLACEMENT_3D ( 'NONE', #3735, #1753, #519 ) ;
#2261 = CARTESIAN_POINT ( 'NONE',  ( -6.105019192434541011E-16, 23.89062499829300990, 3.323417656250000185 ) ) ;
#2262 = CARTESIAN_POINT ( 'NONE',  ( 3.323417656249999741, 13.03124999829300812, -1.376604666648954867 ) ) ;
#2263 = DIRECTION ( 'NONE',  ( 0.000000000000000000, 0.000000000000000000, 1.000000000000000000 ) ) ;
#2264 = CARTESIAN_POINT ( 'NONE',  ( 2.350011161449477193, 18.73437499829300990, 2.350011161449478081 ) ) ;
#2265 = CARTESIAN_POINT ( 'NONE',  ( -4.000000094908109816, 20.34839528506297412, -0.5235980525671453112 ) ) ;
#2266 = CARTESIAN_POINT ( 'NONE',  ( 2.014475231738823702, 21.20771852853654593, -3.495145951262665918 ) ) ;
#2267 = CARTESIAN_POINT ( 'NONE',  ( 4.000000000000000000, 17.17187499658601624, -1.656854249492380582 ) ) ;
#2268 = CARTESIAN_POINT ( 'NONE',  ( 2.035006397478180666E-16, 16.70312499829300634, -3.323417656250000185 ) ) ;
#2269 = EDGE_CURVE ( 'NONE', #1286, #645, #2308, .T. ) ;
#2270 = CIRCLE ( 'NONE', #2576, 11.00000000000000000 ) ;
#2271 = CARTESIAN_POINT ( 'NONE',  ( -1.046991094209294371, 16.88506221288128728, 3.895890826058080236 ) ) ;
#2272 = CARTESIAN_POINT ( 'NONE',  ( 2.828427124746190291, 23.65625000000000000, -2.828427124746190291 ) ) ;
#2273 = VERTEX_POINT ( 'NONE', #3402 ) ;
#2274 = CARTESIAN_POINT ( 'NONE',  ( 1.376604666648955089, 24.12499999829300634, -3.323417656249999741 ) ) ;
#2275 = CARTESIAN_POINT ( 'NONE',  ( 1.376604666648955755, 13.96874999829300634, 3.323417656249999297 ) ) ;
#2276 = B_SPLINE_CURVE_WITH_KNOTS ( 'NONE', 1,
 ( #3762, #2292 ),
 .UNSPECIFIED., .F., .F.,
 ( 2, 2 ),
 ( 0.000000000000000000, 1.000000000000000000 ),
 .UNSPECIFIED. ) ;
#2277 = CARTESIAN_POINT ( 'NONE',  ( 2.828427124746190291, 22.24999999658601624, -2.828427124746190291 ) ) ;
#2278 = CARTESIAN_POINT ( 'NONE',  ( -0.6188931528912354763, 23.99999999999998934, -3.691745686480608857 ) ) ;
#2279 = ORIENTED_EDGE ( 'NONE', *, *, #1684, .F. ) ;
#2280 = CARTESIAN_POINT ( 'NONE',  ( 0.000000000000000000, 24.00000000000000000, 0.000000000000000000 ) ) ;
#2281 = CARTESIAN_POINT ( 'NONE',  ( 3.323417656249999741, 20.53124999829300990, -1.376604666648954867 ) ) ;
#2282 = CARTESIAN_POINT ( 'NONE',  ( 3.323417656249999297, 15.37499999829301167, 1.376604666648957087 ) ) ;
#2283 = CARTESIAN_POINT ( 'NONE',  ( 0.000000000000000000, 9.500000000000000000, 0.000000000000000000 ) ) ;
#2284 = CARTESIAN_POINT ( 'NONE',  ( 3.192408228438131089E-06, 21.78131968032069565, 3.999999999997323474 ) ) ;
#2285 = CARTESIAN_POINT ( 'NONE',  ( 2.350011161449477637, 16.54687499829300634, -2.350011161449477637 ) ) ;
#2286 = CARTESIAN_POINT ( 'NONE',  ( -2.920750591392474488E-06, 23.65625013430674173, -3.999999999998934186 ) ) ;
#2287 = VERTEX_POINT ( 'NONE', #807 ) ;
#2288 = CARTESIAN_POINT ( 'NONE',  ( 3.895890503432206220, 21.05147793881408091, -1.046992294710779037 ) ) ;
#2289 = CARTESIAN_POINT ( 'NONE',  ( 3.999999999999999112, 17.01562499658601624, 1.656854249492383024 ) ) ;
#2290 = VECTOR ( 'NONE', #512, 1000.000000000000000 ) ;
#2291 = CARTESIAN_POINT ( 'NONE',  ( 1.376604666648955089, 16.62499999829300990, -3.323417656249999741 ) ) ;
#2292 = CARTESIAN_POINT ( 'NONE',  ( 4.000000000000000000, 11.00000000000000000, 0.000000000000000000 ) ) ;
#2293 = CARTESIAN_POINT ( 'NONE',  ( -8.279333974455491767E-16, 14.14474906460786308, 4.507059494062498395 ) ) ;
#2294 = ADVANCED_FACE ( 'NONE', ( #1960 ), #669, .T. ) ;
#2295 = ORIENTED_EDGE ( 'NONE', *, *, #2413, .F. ) ;
#2296 = CARTESIAN_POINT ( 'NONE',  ( -4.000000000000000000, 11.62500000000000000, -4.898587196589412829E-16 ) ) ;
#2297 = CARTESIAN_POINT ( 'NONE',  ( 1.376604666648955089, 20.68749999829300634, -3.323417656249999741 ) ) ;
#2298 = CARTESIAN_POINT ( 'NONE',  ( 3.999999999999999112, 24.51562499658601624, 1.656854249492383246 ) ) ;
#2299 = EDGE_CURVE ( 'NONE', #2090, #1822, #3766, .T. ) ;
#2300 = CARTESIAN_POINT ( 'NONE',  ( 0.000000000000000000, 31.85000000000000497, 3.150000000000000355 ) ) ;
#2301 = ORIENTED_EDGE ( 'NONE', *, *, #42, .T. ) ;
#2302 = CARTESIAN_POINT ( 'NONE',  ( -3.231069677565025611, 11.75517539655816179, 2.469303526065561805 ) ) ;
#2303 = CARTESIAN_POINT ( 'NONE',  ( -1.376604666648954867, 11.78124999829300990, -3.323417656249999741 ) ) ;
#2304 = CARTESIAN_POINT ( 'NONE',  ( -2.350011161449477193, 19.67187499829300990, -2.350011161449477637 ) ) ;
#2305 = CARTESIAN_POINT ( 'NONE',  ( 4.507059494062497507, 23.28537406460786485, -1.866885168863107181 ) ) ;
#2306 = CARTESIAN_POINT ( 'NONE',  ( -1.070423204903668245E-07, 12.40625017307097089, -3.999999999999998224 ) ) ;
#2307 = CARTESIAN_POINT ( 'NONE',  ( 2.350011161449477193, 17.48437499829300634, 2.350011161449478081 ) ) ;
#2308 = CIRCLE ( 'NONE', #2611, 8.125000000000000000 ) ;
#2309 = CARTESIAN_POINT ( 'NONE',  ( 4.000000000000000000, 12.09374999658601624, 0.000000000000000000 ) ) ;
#2310 = ORIENTED_EDGE ( 'NONE', *, *, #132, .T. ) ;
#2311 = DIRECTION ( 'NONE',  ( 0.000000000000000000, 1.000000000000000000, 0.000000000000000000 ) ) ;
#2312 = LINE ( 'NONE', #3204, #2391 ) ;
#2313 = CARTESIAN_POINT ( 'NONE',  ( 3.323417656249999741, 18.96874999829300634, -1.376604666648954867 ) ) ;
#2314 = CARTESIAN_POINT ( 'NONE',  ( 0.000000000000000000, 24.00000000000000000, 0.000000000000000000 ) ) ;
#2315 = CARTESIAN_POINT ( 'NONE',  ( 4.507059494062497507, 13.28537406460786130, -1.866885168863107181 ) ) ;
#2316 = VERTEX_POINT ( 'NONE', #3423 ) ;
#2317 = EDGE_CURVE ( 'NONE', #16, #2484, #3585, .T. ) ;
#2318 = CARTESIAN_POINT ( 'NONE',  ( 2.828427124746189403, 14.59374999999999822, 2.828427124746190735 ) ) ;
#2319 = CARTESIAN_POINT ( 'NONE',  ( -2.350011161449477193, 17.17187499829300634, -2.350011161449477637 ) ) ;
#2320 = LINE ( 'NONE', #861, #1316 ) ;
#2321 = ORIENTED_EDGE ( 'NONE', *, *, #293, .T. ) ;
#2322 = CARTESIAN_POINT ( 'NONE',  ( -2.014475696320454201, 14.33313258074709928, 3.495145683494661260 ) ) ;
#2323 = EDGE_CURVE ( 'NONE', #2530, #3746, #298, .T. ) ;
#2324 = CIRCLE ( 'NONE', #3170, 0.5000000000000004441 ) ;
#2325 = CARTESIAN_POINT ( 'NONE',  ( -2.688720293636731817, 24.70234394282609713, -1.953429829929973716 ) ) ;
#2326 = CARTESIAN_POINT ( 'NONE',  ( -3.323417656249999741, 18.49999999829300990, -1.376604666648955311 ) ) ;
#2327 = CARTESIAN_POINT ( 'NONE',  ( 2.828427124746189403, 13.18749999658601624, 2.828427124746190735 ) ) ;
#2328 = CYLINDRICAL_SURFACE ( 'NONE', #2082, 4.000000000000000000 ) ;
#2329 = CARTESIAN_POINT ( 'NONE',  ( 1.376604666648955089, 22.87499999829300634, -3.323417656249999741 ) ) ;
#2330 = AXIS2_PLACEMENT_3D ( 'NONE', #3510, #2970, #3238 ) ;
#2331 = CARTESIAN_POINT ( 'NONE',  ( -2.930149260134824437E-06, 13.18743398590471649, 3.999999999997725819 ) ) ;
#2332 = ORIENTED_EDGE ( 'NONE', *, *, #1149, .T. ) ;
#2333 = CARTESIAN_POINT ( 'NONE',  ( 1.046991141287092697, 16.26009985399131352, -3.895890813406281961 ) ) ;
#2334 = CARTESIAN_POINT ( 'NONE',  ( 0.000000000000000000, 24.00000000000000000, -4.000000000000000000 ) ) ;
#2335 = CARTESIAN_POINT ( 'NONE',  ( 2.350011161449477637, 21.54687499829300634, -2.350011161449477637 ) ) ;
#2336 = CIRCLE ( 'NONE', #878, 4.000000000000000000 ) ;
#2337 = AXIS2_PLACEMENT_3D ( 'NONE', #1205, #3258, #3277 ) ;
#2338 = LINE ( 'NONE', #3494, #196 ) ;
#2339 = CARTESIAN_POINT ( 'NONE',  ( 4.507059494062497507, 14.37912406460786130, 1.866885168863110067 ) ) ;
#2340 = ORIENTED_EDGE ( 'NONE', *, *, #1387, .T. ) ;
#2341 = AXIS2_PLACEMENT_3D ( 'NONE', #2369, #890, #638 ) ;
#2342 = CARTESIAN_POINT ( 'NONE',  ( 4.000000000000000000, 14.75000000000000000, 0.000000000000000000 ) ) ;
#2343 = CARTESIAN_POINT ( 'NONE',  ( 3.323417656249999741, 16.78124999829300990, -1.376604666648954867 ) ) ;
#2344 = ORIENTED_EDGE ( 'NONE', *, *, #2669, .F. ) ;
#2345 = CARTESIAN_POINT ( 'NONE',  ( -0.5235990918074923117, 15.08829543107254878, -3.999999958871934602 ) ) ;
#2346 =( BOUNDED_CURVE ( )  B_SPLINE_CURVE ( 2, ( #3004, #1549, #457, #1884, #1277, #678, #2423, #1294, #1868 ),
 .UNSPECIFIED., .F., .F. ) 
 B_SPLINE_CURVE_WITH_KNOTS ( ( 3, 2, 2, 2, 3 ),
 ( 0.4567171401801324304, 0.4687359853583653591, 0.4807548567778106574, 0.4927737281972559003, 0.5047926019426602906 ),
 .UNSPECIFIED. ) 
 CURVE ( )  GEOMETRIC_REPRESENTATION_ITEM ( )  RATIONAL_B_SPLINE_CURVE ( ( 1.000000000000000000, 0.9238795325112867385, 1.000000000000000000, 0.9238795325112867385, 1.000000000000000000, 0.9238795325112867385, 1.000000000000000000, 0.9238795325112867385, 1.000000000000000000 ) ) 
 REPRESENTATION_ITEM ( '' )  );
#2347 = CARTESIAN_POINT ( 'NONE',  ( -3.323417656250001517, 12.09374999829300812, 1.376604666648954201 ) ) ;
#2348 = CARTESIAN_POINT ( 'NONE',  ( -3.323417656250001517, 21.15624999829300634, 1.376604666648954645 ) ) ;
#2349 = CARTESIAN_POINT ( 'NONE',  ( -2.828427124746189847, 12.56249999658601624, -2.828427124746190291 ) ) ;
#2350 = CARTESIAN_POINT ( 'NONE',  ( 0.000000000000000000, 11.50000000000000000, 0.000000000000000000 ) ) ;
#2351 = CARTESIAN_POINT ( 'NONE',  ( -3.236434792260523885, 11.49962445920454179, -2.350636049051025189 ) ) ;
#2352 = EDGE_CURVE ( 'NONE', #2109, #1665, #3047, .T. ) ;
#2353 = DIRECTION ( 'NONE',  ( -0.000000000000000000, -1.000000000000000000, -0.000000000000000000 ) ) ;
#2354 = CARTESIAN_POINT ( 'NONE',  ( 8.825249662514453674E-06, 19.90624958045106396, -3.999999999990264676 ) ) ;
#2355 = CARTESIAN_POINT ( 'NONE',  ( 2.828427124746190291, 17.24999999658601624, -2.828427124746190291 ) ) ;
#2356 = CARTESIAN_POINT ( 'NONE',  ( -2.350011161449478081, 23.42187499829300634, 2.350011161449477193 ) ) ;
#2357 = CARTESIAN_POINT ( 'NONE',  ( -0.07223573913105675592, 24.00000000000003553, 3.522136594959894840 ) ) ;
#2358 = ORIENTED_EDGE ( 'NONE', *, *, #1107, .F. ) ;
#2359 = AXIS2_PLACEMENT_3D ( 'NONE', #1570, #981, #443 ) ;
#2360 = CARTESIAN_POINT ( 'NONE',  ( -4.000000000000000000, 14.04687500000000000, -1.656854249492381248 ) ) ;
#2361 = CARTESIAN_POINT ( 'NONE',  ( 3.323417656249999741, 18.03124999829300634, -1.376604666648954867 ) ) ;
#2362 = VERTEX_POINT ( 'NONE', #2444 ) ;
#2363 = DIRECTION ( 'NONE',  ( 1.224646799147349509E-16, 0.000000000000000000, -1.000000000000000000 ) ) ;
#2364 = CARTESIAN_POINT ( 'NONE',  ( 1.376604666648955755, 14.90624999829300634, 3.323417656249999297 ) ) ;
#2365 = CARTESIAN_POINT ( 'NONE',  ( 2.350011161449477193, 17.79687499829300634, 2.350011161449478081 ) ) ;
#2366 = CARTESIAN_POINT ( 'NONE',  ( 2.828427124746190291, 15.99999999658601624, -2.828427124746190291 ) ) ;
#2367 = CARTESIAN_POINT ( 'NONE',  ( 0.5542387243073033654, 10.99999999999999822, -4.465738397676043192 ) ) ;
#2368 = CARTESIAN_POINT ( 'NONE',  ( 3.323417656250000185, 21.39062499829300634, 0.000000000000000000 ) ) ;
#2369 = CARTESIAN_POINT ( 'NONE',  ( 0.000000000000000000, 24.00000000000000000, 0.000000000000000000 ) ) ;
#2370 = CARTESIAN_POINT ( 'NONE',  ( 0.000000000000000000, 24.00000000000000000, 0.000000000000000000 ) ) ;
#2371 = CARTESIAN_POINT ( 'NONE',  ( 3.895890958896914391, 23.44716698122510934, 1.046990599911099551 ) ) ;
#2372 = CARTESIAN_POINT ( 'NONE',  ( 1.376604666648955089, 19.12499999829300634, -3.323417656249999741 ) ) ;
#2373 = ADVANCED_FACE ( 'NONE', ( #721 ), #2992, .T. ) ;
#2374 = CARTESIAN_POINT ( 'NONE',  ( 0.000000000000000000, 29.50000000000000355, 0.000000000000000000 ) ) ;
#2375 = CARTESIAN_POINT ( 'NONE',  ( 0.000000000000000000, 29.50000000000000355, 0.000000000000000000 ) ) ;
#2376 = CARTESIAN_POINT ( 'NONE',  ( 2.350011161449477193, 17.79687499829300634, 2.350011161449478081 ) ) ;
#2377 = ORIENTED_EDGE ( 'NONE', *, *, #3271, .T. ) ;
#2378 = CARTESIAN_POINT ( 'NONE',  ( 2.828427124746189403, 12.09375000000000000, 2.828427124746190735 ) ) ;
#2379 = CARTESIAN_POINT ( 'NONE',  ( 3.323417656249998853, 15.37499999829300990, 1.376604666648957087 ) ) ;
#2380 = ORIENTED_EDGE ( 'NONE', *, *, #3743, .T. ) ;
#2381 = CARTESIAN_POINT ( 'NONE',  ( -2.458186675540797950, 14.30709248246001586, 3.198667526972883923 ) ) ;
#2382 = CARTESIAN_POINT ( 'NONE',  ( -3.323417656249999741, 13.18749999829300634, -1.376604666648955311 ) ) ;
#2383 = CARTESIAN_POINT ( 'NONE',  ( -1.376604666648954867, 17.09374999829300990, -3.323417656249999741 ) ) ;
#2384 = CARTESIAN_POINT ( 'NONE',  ( 3.999999999999999112, 17.01562499658601624, 1.656854249492383246 ) ) ;
#2385 = CARTESIAN_POINT ( 'NONE',  ( -4.000000000000000000, 17.71874999658601268, -4.898587196589412829E-16 ) ) ;
#2386 = CARTESIAN_POINT ( 'NONE',  ( -6.105019192434541011E-16, 21.07812499829300634, 3.323417656250000185 ) ) ;
#2387 = CARTESIAN_POINT ( 'NONE',  ( -0.5235980284002151874, 20.66087646450791127, 4.000000098071550880 ) ) ;
#2388 = CARTESIAN_POINT ( 'NONE',  ( 1.046485471303042363E-05, 18.81226423537186321, -3.999999999970995646 ) ) ;
#2389 = DIRECTION ( 'NONE',  ( 0.000000000000000000, 1.000000000000000000, 0.000000000000000000 ) ) ;
#2390 = CARTESIAN_POINT ( 'NONE',  ( -3.323417656250000185, 23.26562499829300990, -4.070012794956361332E-16 ) ) ;
#2391 = VECTOR ( 'NONE', #1395, 1000.000000000000000 ) ;
#2392 = CARTESIAN_POINT ( 'NONE',  ( 2.350011161449477637, 19.35937499829300990, -2.350011161449477637 ) ) ;
#2393 = ORIENTED_EDGE ( 'NONE', *, *, #2734, .T. ) ;
#2394 = EDGE_CURVE ( 'NONE', #857, #896, #2974, .T. ) ;
#2395 = CARTESIAN_POINT ( 'NONE',  ( -2.828427124746189847, 18.96875000000000000, -2.828427124746190291 ) ) ;
#2396 = CARTESIAN_POINT ( 'NONE',  ( -1.376604666648956865, 15.06249999829300634, 3.323417656249998853 ) ) ;
#2397 = EDGE_LOOP ( 'NONE', ( #2538, #3012, #1496, #2125, #2238, #2584 ) ) ;
#2398 = CARTESIAN_POINT ( 'NONE',  ( 2.350011161449477637, 16.54687499829300634, -2.350011161449477637 ) ) ;
#2399 = CIRCLE ( 'NONE', #3555, 4.000000000000000000 ) ;
#2400 = CARTESIAN_POINT ( 'NONE',  ( -1.376604666648954867, 22.09374999829300634, -3.323417656249999741 ) ) ;
#2401 = CARTESIAN_POINT ( 'NONE',  ( -1.656854249492382580, 14.20312499658601979, 3.999999999999999112 ) ) ;
#2402 = CARTESIAN_POINT ( 'NONE',  ( -2.828427124746190735, 17.87499999658601624, 2.828427124746189847 ) ) ;
#2403 = CARTESIAN_POINT ( 'NONE',  ( -1.376604666648957087, 22.24999999829300990, 3.323417656249999297 ) ) ;
#2404 = CARTESIAN_POINT ( 'NONE',  ( 3.895890832383951174, 17.19754339232627416, 1.046991070670502788 ) ) ;
#2405 = CARTESIAN_POINT ( 'NONE',  ( 2.458187178043303334, 15.81741818311089354, 3.198667140797961661 ) ) ;
#2406 = CARTESIAN_POINT ( 'NONE',  ( 1.866885168863107403, 13.44162406460786485, -4.507059494062497507 ) ) ;
#2407 = CARTESIAN_POINT ( 'NONE',  ( 3.895890452828005390, 23.55132737437341461, -1.046992483010518171 ) ) ;
#2408 = CARTESIAN_POINT ( 'NONE',  ( 1.376604666648955755, 19.90624999829300634, 3.323417656249999297 ) ) ;
#2409 = CARTESIAN_POINT ( 'NONE',  ( 1.485954799713655516, 24.00000000000000000, 3.023116799342982830 ) ) ;
#2410 = DIRECTION ( 'NONE',  ( -0.000000000000000000, -1.000000000000000000, -0.000000000000000000 ) ) ;
#2411 = CARTESIAN_POINT ( 'NONE',  ( 1.376604666648955089, 21.93749999829300634, -3.323417656249999741 ) ) ;
#2412 = VERTEX_POINT ( 'NONE', #333 ) ;
#2413 = EDGE_CURVE ( 'NONE', #3696, #51, #2653, .T. ) ;
#2414 = CARTESIAN_POINT ( 'NONE',  ( 4.000000000000000000, 19.82812500000000355, -1.656854249492380804 ) ) ;
#2415 = PRODUCT_DEFINITION_FORMATION_WITH_SPECIFIED_SOURCE ( 'ANY', '', #3613, .NOT_KNOWN. ) ;
#2416 = ORIENTED_EDGE ( 'NONE', *, *, #3407, .F. ) ;
#2417 = EDGE_CURVE ( 'NONE', #1822, #2090, #504, .T. ) ;
#2418 = CARTESIAN_POINT ( 'NONE',  ( 1.376604666648955755, 16.15624999829300634, 3.323417656249999297 ) ) ;
#2419 = CARTESIAN_POINT ( 'NONE',  ( 3.198666947720279374, 19.87967351589555420, -2.458187429281756042 ) ) ;
#2420 = CARTESIAN_POINT ( 'NONE',  ( -4.000000000000000000, 17.64062499658601624, -1.656854249492381248 ) ) ;
#2421 = CARTESIAN_POINT ( 'NONE',  ( 2.202242562736933973, 11.00000000000000000, -3.769281195356474878 ) ) ;
#2422 = DIRECTION ( 'NONE',  ( -0.000000000000000000, -1.000000000000000000, -0.000000000000000000 ) ) ;
#2423 = CARTESIAN_POINT ( 'NONE',  ( 2.828427124746190291, 18.49999999658601979, -2.828427124746190291 ) ) ;
#2424 = CARTESIAN_POINT ( 'NONE',  ( -8.279333974455491767E-16, 21.64474906460785775, 4.507059494062498395 ) ) ;
#2425 = CARTESIAN_POINT ( 'NONE',  ( 4.000000000000000000, 19.59374999658601624, 0.000000000000000000 ) ) ;
#2426 = CARTESIAN_POINT ( 'NONE',  ( 0.000000000000000000, 0.000000000000000000, 15.50000000000000000 ) ) ;
#2427 = FACE_OUTER_BOUND ( 'NONE', #2149, .T. ) ;
#2428 = DIRECTION ( 'NONE',  ( -0.000000000000000000, 1.000000000000000000, -0.000000000000000000 ) ) ;
#2429 = CARTESIAN_POINT ( 'NONE',  ( -3.323417656250000185, 22.32812499829300990, -4.070012794956361332E-16 ) ) ;
#2430 = ORIENTED_EDGE ( 'NONE', *, *, #2923, .T. ) ;
#2431 = AXIS2_PLACEMENT_3D ( 'NONE', #3287, #114, #696 ) ;
#2432 = CARTESIAN_POINT ( 'NONE',  ( -4.000000000000000888, 19.20312500000000355, 1.656854249492379694 ) ) ;
#2433 = EDGE_LOOP ( 'NONE', ( #2056, #2591, #1765, #1574 ) ) ;
#2434 = CARTESIAN_POINT ( 'NONE',  ( -6.105019192434541011E-16, 19.82812499829300634, 3.323417656250000185 ) ) ;
#2435 = CARTESIAN_POINT ( 'NONE',  ( -2.828427124746189847, 20.06249999658601624, -2.828427124746190291 ) ) ;
#2436 = DIRECTION ( 'NONE',  ( -0.000000000000000000, -1.000000000000000000, -0.000000000000000000 ) ) ;
#2437 = CARTESIAN_POINT ( 'NONE',  ( 8.790471182568895933E-06, 17.56230195771275859, -3.999999999979533705 ) ) ;
#2438 = ADVANCED_FACE ( 'NONE', ( #948 ), #105, .F. ) ;
#2439 = DIRECTION ( 'NONE',  ( -0.000000000000000000, -1.000000000000000000, -0.000000000000000000 ) ) ;
#2440 = CARTESIAN_POINT ( 'NONE',  ( -1.866885168863107181, 19.84787406460786485, -4.507059494062497507 ) ) ;
#2441 = CARTESIAN_POINT ( 'NONE',  ( 2.923760592812661763, 24.00000000000001066, 1.595018119259042244 ) ) ;
#2442 = CARTESIAN_POINT ( 'NONE',  ( -3.323417656249999741, 11.93749999829300812, -1.376604666648955311 ) ) ;
#2443 = DIRECTION ( 'NONE',  ( 0.000000000000000000, 0.000000000000000000, 1.000000000000000000 ) ) ;
#2444 = CARTESIAN_POINT ( 'NONE',  ( 0.000000000000000000, 28.00000000000000000, -7.625000000000000000 ) ) ;
#2445 = CARTESIAN_POINT ( 'NONE',  ( 1.376604666648955089, 24.43749999829300634, -3.323417656249999741 ) ) ;
#2446 = ORIENTED_EDGE ( 'NONE', *, *, #3509, .F. ) ;
#2447 = VECTOR ( 'NONE', #602, 1000.000000000000000 ) ;
#2448 = CARTESIAN_POINT ( 'NONE',  ( -7.347880794884119736E-16, 19.43750000000000000, 4.000000000000000000 ) ) ;
#2449 = ORIENTED_EDGE ( 'NONE', *, *, #955, .T. ) ;
#2450 = B_SPLINE_CURVE_WITH_KNOTS ( 'NONE', 1,
 ( #2460, #755 ),
 .UNSPECIFIED., .F., .F.,
 ( 2, 2 ),
 ( 0.000000000000000000, 1.000000000000000000 ),
 .UNSPECIFIED. ) ;
#2451 = CARTESIAN_POINT ( 'NONE',  ( 3.323417656250000185, 16.39062499829300634, 0.000000000000000000 ) ) ;
#2452 = CARTESIAN_POINT ( 'NONE',  ( -3.323417656249999741, 12.24999999829300634, -1.376604666648955311 ) ) ;
#2453 = CARTESIAN_POINT ( 'NONE',  ( 1.656854249492381026, 18.57812499658601624, -4.000000000000000000 ) ) ;
#2454 = CARTESIAN_POINT ( 'NONE',  ( -4.000000082254261180, 19.09847056728317582, -0.5235981492356056588 ) ) ;
#2455 = DIRECTION ( 'NONE',  ( 0.000000000000000000, 0.000000000000000000, 1.000000000000000000 ) ) ;
#2456 = CARTESIAN_POINT ( 'NONE',  ( 2.458187564559472627, 22.06704177201008932, 3.198666843758838141 ) ) ;
#2457 = CARTESIAN_POINT ( 'NONE',  ( -1.866885168863109623, 19.06662406460786485, 4.507059494062497507 ) ) ;
#2458 = EDGE_CURVE ( 'NONE', #3405, #68, #353, .T. ) ;
#2459 = DIRECTION ( 'NONE',  ( 0.000000000000000000, 1.000000000000000000, 0.000000000000000000 ) ) ;
#2460 = CARTESIAN_POINT ( 'NONE',  ( 3.323417656250000185, 11.70312499829300812, 0.000000000000000000 ) ) ;
#2461 = CARTESIAN_POINT ( 'NONE',  ( 0.000000000000000000, 10.00000000000000000, 0.000000000000000000 ) ) ;
#2462 = CARTESIAN_POINT ( 'NONE',  ( 1.213924071946562309E-05, 20.06222651303080795, -3.999999999960971220 ) ) ;
#2463 = CARTESIAN_POINT ( 'NONE',  ( -2.350011161449477193, 13.10937499829300812, -2.350011161449477637 ) ) ;
#2464 = VERTEX_POINT ( 'NONE', #1224 ) ;
#2465 = CARTESIAN_POINT ( 'NONE',  ( 1.656854249492381248, 20.76562500000000000, 3.999999999999999112 ) ) ;
#2466 = EDGE_LOOP ( 'NONE', ( #3475, #2749, #950, #2000 ) ) ;
#2467 = AXIS2_PLACEMENT_3D ( 'NONE', #2300, #535, #2603 ) ;
#2468 = CARTESIAN_POINT ( 'NONE',  ( 3.999999911418679943, 19.77551312274723117, -0.5235994543232161957 ) ) ;
#2469 = CARTESIAN_POINT ( 'NONE',  ( 1.656854249492381248, 18.10937499658601624, 3.999999999999999112 ) ) ;
#2470 = CARTESIAN_POINT ( 'NONE',  ( 3.857637417314163182E-16, 31.85000000000000497, -3.150000000000000355 ) ) ;
#2471 = CARTESIAN_POINT ( 'NONE',  ( -4.000000018982393435, 12.84884697838321266, -0.5235986325975479083 ) ) ;
#2472 = AXIS2_PLACEMENT_3D ( 'NONE', #2097, #1808, #1199 ) ;
#2473 = CARTESIAN_POINT ( 'NONE',  ( 3.198667898274498267, 22.11912196858424551, 2.458186192391691893 ) ) ;
#2474 = CARTESIAN_POINT ( 'NONE',  ( -3.186972331462803343, 22.73849906460786130, 3.186972331462802455 ) ) ;
#2475 = DIRECTION ( 'NONE',  ( 0.000000000000000000, 0.000000000000000000, 1.000000000000000000 ) ) ;
#2476 = CARTESIAN_POINT ( 'NONE',  ( 1.376604666648955089, 11.62499999829300812, -3.323417656249999741 ) ) ;
#2477 = PRODUCT_DEFINITION ( 'UNKNOWN', '', #2415, #565 ) ;
#2478 = B_SPLINE_CURVE_WITH_KNOTS ( 'NONE', 3,
 ( #2047, #2613, #1811, #1773, #2405, #79, #1756, #962, #1162, #2967, #1452, #291, #61, #8, #3203, #2333, #1219, #348 ),
 .UNSPECIFIED., .F., .F.,
 ( 4, 2, 2, 2, 2, 2, 2, 2, 4 ),
 ( 0.3605768470887360522, 0.3665864612068809869, 0.3725960753250259216, 0.3786056894431708564, 0.3846153035613157911, 0.3906249176794607814, 0.3966345317976057161, 0.4026441459157506508, 0.4086537600338955856 ),
 .UNSPECIFIED. ) ;
#2479 = CARTESIAN_POINT ( 'NONE',  ( -2.828427124746190735, 12.87499999658601624, 2.828427124746189847 ) ) ;
#2480 = DIRECTION ( 'NONE',  ( 0.000000000000000000, -1.000000000000000000, 0.000000000000000000 ) ) ;
#2481 = CARTESIAN_POINT ( 'NONE',  ( -1.376604666648954867, 11.78124999829300990, -3.323417656249999741 ) ) ;
#2482 = EDGE_CURVE ( 'NONE', #3751, #3554, #3110, .T. ) ;
#2483 = CARTESIAN_POINT ( 'NONE',  ( 1.866885168863108069, 11.72287406460786130, 4.507059494062497507 ) ) ;
#2484 = VERTEX_POINT ( 'NONE', #3590 ) ;
#2485 = CARTESIAN_POINT ( 'NONE',  ( 3.323417656249998853, 22.56249999829300634, 1.376604666648957087 ) ) ;
#2486 = CARTESIAN_POINT ( 'NONE',  ( -1.376604666648956865, 13.81249999829300634, 3.323417656249998853 ) ) ;
#2487 = CARTESIAN_POINT ( 'NONE',  ( -2.828427124746189847, 18.81249999658601624, -2.828427124746190291 ) ) ;
#2488 = CARTESIAN_POINT ( 'NONE',  ( 1.656854249492380804, 22.32812499658601624, -4.000000000000000000 ) ) ;
#2489 = CARTESIAN_POINT ( 'NONE',  ( -2.458186366320733729, 19.30679135357981124, 3.198667764609492981 ) ) ;
#2490 = DIRECTION ( 'NONE',  ( -0.000000000000000000, -1.000000000000000000, -0.000000000000000000 ) ) ;
#2491 = CARTESIAN_POINT ( 'NONE',  ( 0.000000000000000000, 11.00000000000000000, 0.000000000000000000 ) ) ;
#2492 = CARTESIAN_POINT ( 'NONE',  ( -3.186972331462802455, 19.92599906460786485, -3.186972331462802899 ) ) ;
#2493 = DIRECTION ( 'NONE',  ( 0.000000000000000000, 0.000000000000000000, -1.000000000000000000 ) ) ;
#2494 = CARTESIAN_POINT ( 'NONE',  ( 0.000000000000000000, 0.5000000000000004441, -16.00000000000000000 ) ) ;
#2495 = CARTESIAN_POINT ( 'NONE',  ( 0.5235986567664699942, 12.53636579893817604, -4.000000015818692134 ) ) ;
#2496 = DIRECTION ( 'NONE',  ( 0.000000000000000000, -0.000000000000000000, -1.000000000000000000 ) ) ;
#2497 = CARTESIAN_POINT ( 'NONE',  ( 3.323417656249998853, 22.87499999829300634, 1.376604666648957087 ) ) ;
#2498 = AXIS2_PLACEMENT_3D ( 'NONE', #3420, #883, #3519 ) ;
#2499 = CARTESIAN_POINT ( 'NONE',  ( -1.866885168863107181, 12.34787406460786130, -4.507059494062497507 ) ) ;
#2500 = EDGE_CURVE ( 'NONE', #1226, #3356, #1762, .T. ) ;
#2501 = ORIENTED_EDGE ( 'NONE', *, *, #1761, .T. ) ;
#2502 = CARTESIAN_POINT ( 'NONE',  ( -2.350011161449477193, 24.35937499829300634, -2.350011161449477637 ) ) ;
#2503 = CARTESIAN_POINT ( 'NONE',  ( -3.323417656250000185, 14.82812499829300812, -4.070012794956361332E-16 ) ) ;
#2504 = CARTESIAN_POINT ( 'NONE',  ( -7.347880794884119736E-16, 23.03124999658601979, 4.000000000000000000 ) ) ;
#2505 = VECTOR ( 'NONE', #66, 1000.000000000000000 ) ;
#2506 = DIRECTION ( 'NONE',  ( 1.000000000000000000, 0.000000000000000000, -1.224646799147353207E-16 ) ) ;
#2507 = ORIENTED_EDGE ( 'NONE', *, *, #392, .F. ) ;
#2508 = DIRECTION ( 'NONE',  ( -1.000000000000000000, 0.000000000000000000, 0.000000000000000000 ) ) ;
#2509 = CARTESIAN_POINT ( 'NONE',  ( 3.323417656250000185, 24.20312499829300990, 0.000000000000000000 ) ) ;
#2510 = CARTESIAN_POINT ( 'NONE',  ( -3.323417656249999741, 15.99999999829300812, -1.376604666648955311 ) ) ;
#2511 = CARTESIAN_POINT ( 'NONE',  ( -1.656854249492382580, 16.70312499658601624, 3.999999999999999112 ) ) ;
#2512 = CARTESIAN_POINT ( 'NONE',  ( 3.198667482414578433, 13.36964894412493798, 2.458186733521427580 ) ) ;
#2513 = CARTESIAN_POINT ( 'NONE',  ( -6.105019192434541011E-16, 19.82812499829300634, 3.323417656250000185 ) ) ;
#2514 = CARTESIAN_POINT ( 'NONE',  ( 0.000000000000000000, 24.00000000000000000, 0.000000000000000000 ) ) ;
#2515 = CARTESIAN_POINT ( 'NONE',  ( 3.323417656250000185, 11.39062499829300812, 0.000000000000000000 ) ) ;
#2516 = CARTESIAN_POINT ( 'NONE',  ( -3.236100945416337638, 23.99921980437635227, -2.351095632056571461 ) ) ;
#2517 = VERTEX_POINT ( 'NONE', #3572 ) ;
#2518 = CARTESIAN_POINT ( 'NONE',  ( -3.323417656249999741, 23.18749999829300634, -1.376604666648955311 ) ) ;
#2519 = CARTESIAN_POINT ( 'NONE',  ( -3.323417656250001517, 14.90624999829300634, 1.376604666648954201 ) ) ;
#2520 = CARTESIAN_POINT ( 'NONE',  ( 3.323417656250000185, 12.95312499829300634, 0.000000000000000000 ) ) ;
#2521 = CARTESIAN_POINT ( 'NONE',  ( -3.036061666003686099, 24.00000000000000000, -2.579859351033675363 ) ) ;
#2522 = ORIENTED_EDGE ( 'NONE', *, *, #2550, .F. ) ;
#2523 = CARTESIAN_POINT ( 'NONE',  ( 4.898587196589412829E-16, 24.00000000000000000, 4.000000000000000000 ) ) ;
#2524 = EDGE_CURVE ( 'NONE', #896, #51, #206, .T. ) ;
#2525 = CARTESIAN_POINT ( 'NONE',  ( -3.323417656249999741, 20.99999999829300634, -1.376604666648955311 ) ) ;
#2526 = CARTESIAN_POINT ( 'NONE',  ( -3.323417656249999741, 14.74999999829300812, -1.376604666648955311 ) ) ;
#2527 = CARTESIAN_POINT ( 'NONE',  ( 0.000000000000000000, 11.00000000000000000, 0.000000000000000000 ) ) ;
#2528 = DIRECTION ( 'NONE',  ( 0.000000000000000000, 0.000000000000000000, -1.000000000000000000 ) ) ;
#2529 = CARTESIAN_POINT ( 'NONE',  ( -1.376604666648957087, 19.74999999829300634, 3.323417656249999297 ) ) ;
#2530 = VERTEX_POINT ( 'NONE', #1300 ) ;
#2531 = AXIS2_PLACEMENT_3D ( 'NONE', #307, #1826, #674 ) ;
#2532 = FACE_OUTER_BOUND ( 'NONE', #1367, .T. ) ;
#2533 = CARTESIAN_POINT ( 'NONE',  ( 1.925622996775248064, 11.02918595241206923, -3.879993253490171767 ) ) ;
#2534 = CARTESIAN_POINT ( 'NONE',  ( 2.350011161449477193, 18.73437499829300990, 2.350011161449478081 ) ) ;
#2535 = CARTESIAN_POINT ( 'NONE',  ( 0.000000000000000000, 29.50000000000000355, 0.000000000000000000 ) ) ;
#2536 = CARTESIAN_POINT ( 'NONE',  ( 4.507059494062497507, 12.03537406460785952, -1.866885168863107181 ) ) ;
#2537 =( BOUNDED_CURVE ( )  B_SPLINE_CURVE ( 2, ( #416, #3636, #3671, #1055, #146, #3071, #1916, #2488, #1274 ),
 .UNSPECIFIED., .F., .F. ) 
 B_SPLINE_CURVE_WITH_KNOTS ( ( 3, 2, 2, 2, 3 ),
 ( 0.7451700536917514883, 0.7571888994250518534, 0.7692077708444970963, 0.7812266422639423391, 0.7932455127033285480 ),
 .UNSPECIFIED. ) 
 CURVE ( )  GEOMETRIC_REPRESENTATION_ITEM ( )  RATIONAL_B_SPLINE_CURVE ( ( 1.000000000000000000, 0.9238795325112867385, 1.000000000000000000, 0.9238795325112867385, 1.000000000000000000, 0.9238795325112867385, 1.000000000000000000, 0.9238795325112867385, 1.000000000000000000 ) ) 
 REPRESENTATION_ITEM ( '' )  );
#2538 = ORIENTED_EDGE ( 'NONE', *, *, #431, .F. ) ;
#2539 = AXIS2_PLACEMENT_3D ( 'NONE', #418, #1583, #2739 ) ;
#2540 = CARTESIAN_POINT ( 'NONE',  ( 3.323417656250000185, 21.39062499829300634, 0.000000000000000000 ) ) ;
#2541 = CARTESIAN_POINT ( 'NONE',  ( 1.376604666648955755, 16.46874999829300634, 3.323417656249999297 ) ) ;
#2542 = CARTESIAN_POINT ( 'NONE',  ( 1.656854249492381248, 23.10937499658601624, 3.999999999999999112 ) ) ;
#2543 = VERTEX_POINT ( 'NONE', #2462 ) ;
#2544 = CARTESIAN_POINT ( 'NONE',  ( 0.000000000000000000, 10.50000000000000000, 11.50000000000000000 ) ) ;
#2545 = CARTESIAN_POINT ( 'NONE',  ( -1.376604666648954867, 23.34374999829300634, -3.323417656249999741 ) ) ;
#2546 = CARTESIAN_POINT ( 'NONE',  ( 2.350011161449477193, 14.04687499829300812, 2.350011161449478081 ) ) ;
#2547 = DIRECTION ( 'NONE',  ( 0.000000000000000000, 0.000000000000000000, 1.000000000000000000 ) ) ;
#2548 = DIRECTION ( 'NONE',  ( 0.000000000000000000, 0.000000000000000000, 1.000000000000000000 ) ) ;
#2549 = CARTESIAN_POINT ( 'NONE',  ( 3.323417656250000185, 16.39062499829300634, 0.000000000000000000 ) ) ;
#2550 = EDGE_CURVE ( 'NONE', #2841, #2747, #2032, .T. ) ;
#2551 = ORIENTED_EDGE ( 'NONE', *, *, #2550, .T. ) ;
#2552 = CARTESIAN_POINT ( 'NONE',  ( 0.000000000000000000, 0.000000000000000000, 0.000000000000000000 ) ) ;
#2553 = DIRECTION ( 'NONE',  ( 0.000000000000000000, 0.000000000000000000, -1.000000000000000000 ) ) ;
#2554 = CARTESIAN_POINT ( 'NONE',  ( -1.376604666648956865, 14.74999999829300812, 3.323417656249998853 ) ) ;
#2555 = CARTESIAN_POINT ( 'NONE',  ( -2.014475527377730391, 16.83298201630712398, 3.495145780867130458 ) ) ;
#2556 = CARTESIAN_POINT ( 'NONE',  ( -2.828427124746189847, 22.71875000000000000, -2.828427124746190291 ) ) ;
#2557 = ORIENTED_EDGE ( 'NONE', *, *, #2020, .T. ) ;
#2558 = CARTESIAN_POINT ( 'NONE',  ( 1.376604666648955755, 23.65624999829300634, 3.323417656249999297 ) ) ;
#2559 = CARTESIAN_POINT ( 'NONE',  ( -3.323417656249999741, 15.99999999829300812, -1.376604666648955311 ) ) ;
#2560 = CARTESIAN_POINT ( 'NONE',  ( 3.323417656249998853, 12.87499999829300634, 1.376604666648957087 ) ) ;
#2561 = CARTESIAN_POINT ( 'NONE',  ( 4.916218135798153505E-07, 21.15624997340510305, -3.999999999999969802 ) ) ;
#2562 = ORIENTED_EDGE ( 'NONE', *, *, #842, .T. ) ;
#2563 = FACE_OUTER_BOUND ( 'NONE', #851, .T. ) ;
#2564 = CIRCLE ( 'NONE', #932, 0.5000000000000004441 ) ;
#2565 = CARTESIAN_POINT ( 'NONE',  ( 3.323417656249998853, 22.87499999829300634, 1.376604666648957087 ) ) ;
#2566 = CARTESIAN_POINT ( 'NONE',  ( -3.323417656250001517, 16.15624999829300990, 1.376604666648954645 ) ) ;
#2567 = DIRECTION ( 'NONE',  ( 0.000000000000000000, 0.000000000000000000, 1.000000000000000000 ) ) ;
#2568 = CARTESIAN_POINT ( 'NONE',  ( 0.000000000000000000, 32.00000000000000000, 0.000000000000000000 ) ) ;
#2569 = CARTESIAN_POINT ( 'NONE',  ( -1.376604666648954867, 19.28124999829300279, -3.323417656249999741 ) ) ;
#2570 = CARTESIAN_POINT ( 'NONE',  ( 0.000000000000000000, 24.00000000000000000, 0.000000000000000000 ) ) ;
#2571 = EDGE_CURVE ( 'NONE', #3480, #668, #2251, .T. ) ;
#2572 = DIRECTION ( 'NONE',  ( 0.000000000000000000, 0.000000000000000000, -1.000000000000000000 ) ) ;
#2573 = CARTESIAN_POINT ( 'NONE',  ( 0.000000000000000000, 24.00000000000000000, 0.000000000000000000 ) ) ;
#2574 = CARTESIAN_POINT ( 'NONE',  ( -2.350011161449477193, 18.10937499829300990, -2.350011161449477637 ) ) ;
#2575 = EDGE_CURVE ( 'NONE', #35, #896, #1251, .T. ) ;
#2576 = AXIS2_PLACEMENT_3D ( 'NONE', #253, #3098, #3679 ) ;
#2577 = CARTESIAN_POINT ( 'NONE',  ( -0.5235979317332659644, 21.91080118228763851, 4.000000110725202340 ) ) ;
#2578 = CARTESIAN_POINT ( 'NONE',  ( 4.507059494062498395, 15.70724906460786308, 0.000000000000000000 ) ) ;
#2579 = ORIENTED_EDGE ( 'NONE', *, *, #977, .T. ) ;
#2580 = CARTESIAN_POINT ( 'NONE',  ( -4.000000000000000888, 15.45312500000000178, 1.656854249492379694 ) ) ;
#2581 = CARTESIAN_POINT ( 'NONE',  ( 3.323417656249998853, 17.87499999829300634, 1.376604666648957087 ) ) ;
#2582 = CARTESIAN_POINT ( 'NONE',  ( -7.347880794884119736E-16, 24.28124999658601624, 4.000000000000000000 ) ) ;
#2583 = DIRECTION ( 'NONE',  ( -0.000000000000000000, -1.000000000000000000, -0.000000000000000000 ) ) ;
#2584 = ORIENTED_EDGE ( 'NONE', *, *, #1340, .T. ) ;
#2585 = DIRECTION ( 'NONE',  ( 0.000000000000000000, 0.000000000000000000, 1.000000000000000000 ) ) ;
#2586 = CARTESIAN_POINT ( 'NONE',  ( -6.105019192434541011E-16, 21.39062499829300634, 3.323417656250000185 ) ) ;
#2587 = CARTESIAN_POINT ( 'NONE',  ( -1.376604666648957087, 12.56249999829300812, 3.323417656249999297 ) ) ;
#2588 = CARTESIAN_POINT ( 'NONE',  ( -2.828427124746189847, 23.81249999658601624, -2.828427124746190291 ) ) ;
#2589 = CARTESIAN_POINT ( 'NONE',  ( -1.656854249492380138, 21.23437499658601624, -4.000000000000000000 ) ) ;
#2590 = CARTESIAN_POINT ( 'NONE',  ( -1.376604666648957087, 17.24999999829300634, 3.323417656249999297 ) ) ;
#2591 = ORIENTED_EDGE ( 'NONE', *, *, #3646, .T. ) ;
#2592 = CARTESIAN_POINT ( 'NONE',  ( 1.046992271172934474, 20.73899675936914733, 3.895890509757831577 ) ) ;
#2593 = FACE_OUTER_BOUND ( 'NONE', #1646, .T. ) ;
#2594 = AXIS2_PLACEMENT_3D ( 'NONE', #2350, #3217, #940 ) ;
#2595 = CARTESIAN_POINT ( 'NONE',  ( -3.323417656250001517, 18.34374999829300634, 1.376604666648954201 ) ) ;
#2596 = ADVANCED_FACE ( 'NONE', ( #1016 ), #2179, .T. ) ;
#2597 = CARTESIAN_POINT ( 'NONE',  ( -2.014476287634422658, 16.41634044371379986, -3.495145342682578260 ) ) ;
#2598 = CARTESIAN_POINT ( 'NONE',  ( 2.759777991485163594E-16, 16.01974906460786485, -4.507059494062498395 ) ) ;
#2599 = VERTEX_POINT ( 'NONE', #3644 ) ;
#2600 = EDGE_CURVE ( 'NONE', #3134, #614, #2336, .T. ) ;
#2601 = CARTESIAN_POINT ( 'NONE',  ( -4.000000000000000888, 11.70312500000000000, 1.656854249492379694 ) ) ;
#2602 = CARTESIAN_POINT ( 'NONE',  ( -2.350011161449478081, 13.73437499829300812, 2.350011161449477193 ) ) ;
#2603 = DIRECTION ( 'NONE',  ( 0.000000000000000000, 0.000000000000000000, 1.000000000000000000 ) ) ;
#2604 = ORIENTED_EDGE ( 'NONE', *, *, #864, .T. ) ;
#2605 = CARTESIAN_POINT ( 'NONE',  ( -3.895890642600690512, 14.17689199102458630, 1.046991776860507262 ) ) ;
#2606 = CARTESIAN_POINT ( 'NONE',  ( 2.035006397478180666E-16, 15.45312499829300812, -3.323417656250000185 ) ) ;
#2607 = CARTESIAN_POINT ( 'NONE',  ( -1.376604666648957087, 18.81249999829300990, 3.323417656249999297 ) ) ;
#2608 = CARTESIAN_POINT ( 'NONE',  ( -4.000000000000000000, 15.21874999658601446, -4.898587196589412829E-16 ) ) ;
#2609 = PLANE ( 'NONE',  #135 ) ;
#2610 = CARTESIAN_POINT ( 'NONE',  ( 1.376604666648955755, 22.40624999829300634, 3.323417656249999741 ) ) ;
#2611 = AXIS2_PLACEMENT_3D ( 'NONE', #2527, #518, #248 ) ;
#2612 = ORIENTED_EDGE ( 'NONE', *, *, #3243, .T. ) ;
#2613 = CARTESIAN_POINT ( 'NONE',  ( 0.5235991401439944459, 15.71325778996256517, 3.999999952544696313 ) ) ;
#2614 = CARTESIAN_POINT ( 'NONE',  ( 1.898202538678397557E-15, 0.5000000000000004441, -15.50000000000000000 ) ) ;
#2615 = CARTESIAN_POINT ( 'NONE',  ( -2.350011161449477193, 14.35937499829300812, -2.350011161449477637 ) ) ;
#2616 = CARTESIAN_POINT ( 'NONE',  ( 0.000000000000000000, 24.00000000000000000, -4.000000000000000000 ) ) ;
#2617 = CARTESIAN_POINT ( 'NONE',  ( -4.507059494062498395, 17.58224906460786130, -5.519555982970327188E-16 ) ) ;
#2618 = ORIENTED_EDGE ( 'NONE', *, *, #1058, .F. ) ;
#2619 = ADVANCED_FACE ( 'NONE', ( #234 ), #3471, .F. ) ;
#2620 = CARTESIAN_POINT ( 'NONE',  ( -7.347880794884119736E-16, 11.93750000000000000, 4.000000000000000000 ) ) ;
#2621 = CARTESIAN_POINT ( 'NONE',  ( 2.350011161449477193, 15.29687499829300812, 2.350011161449478081 ) ) ;
#2622 = ORIENTED_EDGE ( 'NONE', *, *, #2458, .F. ) ;
#2623 = CARTESIAN_POINT ( 'NONE',  ( -3.895890617296572600, 15.42681670880464395, 1.046991871017941778 ) ) ;
#2624 = CIRCLE ( 'NONE', #1649, 8.125000000000000000 ) ;
#2625 = CARTESIAN_POINT ( 'NONE',  ( 2.035006397478180666E-16, 12.95312499829300634, -3.323417656250000185 ) ) ;
#2626 = CARTESIAN_POINT ( 'NONE',  ( 3.323417656249999297, 17.87499999829300634, 1.376604666648957087 ) ) ;
#2627 = CARTESIAN_POINT ( 'NONE',  ( -2.828427124746189847, 16.31249999658601624, -2.828427124746190291 ) ) ;
#2628 = DIRECTION ( 'NONE',  ( 1.224646799147353454E-16, 0.000000000000000000, -1.000000000000000000 ) ) ;
#2629 = CARTESIAN_POINT ( 'NONE',  ( 2.350011161449477637, 22.79687499829300634, -2.350011161449477637 ) ) ;
#2630 = CIRCLE ( 'NONE', #3292, 15.50000000000000000 ) ;
#2631 = LINE ( 'NONE', #1548, #29 ) ;
#2632 = DIRECTION ( 'NONE',  ( 0.000000000000000000, 1.000000000000000000, 0.000000000000000000 ) ) ;
#2633 = FACE_OUTER_BOUND ( 'NONE', #3282, .T. ) ;
#2634 = CARTESIAN_POINT ( 'NONE',  ( 3.323417656250000185, 20.14062499829300634, 0.000000000000000000 ) ) ;
#2635 = VECTOR ( 'NONE', #2859, 1000.000000000000000 ) ;
#2636 = CARTESIAN_POINT ( 'NONE',  ( -1.412265236341550434, 24.00000000000000000, 3.378350497500367311 ) ) ;
#2637 = ORIENTED_EDGE ( 'NONE', *, *, #911, .F. ) ;
#2638 = AXIS2_PLACEMENT_3D ( 'NONE', #1257, #2422, #3202 ) ;
#2639 = CARTESIAN_POINT ( 'NONE',  ( -4.000000000000000000, 14.12499999999999822, -4.898587196589412829E-16 ) ) ;
#2640 = CARTESIAN_POINT ( 'NONE',  ( -6.105019192434541011E-16, 17.64062499829300634, 3.323417656250000185 ) ) ;
#2641 = ORIENTED_EDGE ( 'NONE', *, *, #2571, .F. ) ;
#2642 = CARTESIAN_POINT ( 'NONE',  ( -3.895890794428393811, 15.32265631565630315, -1.046991211904481078 ) ) ;
#2643 = CARTESIAN_POINT ( 'NONE',  ( -1.376604666648956865, 14.74999999829300812, 3.323417656249998853 ) ) ;
#2644 = CARTESIAN_POINT ( 'NONE',  ( -3.323417656250001517, 18.65624999829300634, 1.376604666648954645 ) ) ;
#2645 = CARTESIAN_POINT ( 'NONE',  ( 2.828427124746190291, 14.74999999658601624, -2.828427124746190291 ) ) ;
#2646 = CARTESIAN_POINT ( 'NONE',  ( 1.058058632218960904, 11.00000000000000711, -4.340504543624291500 ) ) ;
#2647 = DIRECTION ( 'NONE',  ( 1.000000000000000000, -0.000000000000000000, 1.224646799147353207E-16 ) ) ;
#2648 = CARTESIAN_POINT ( 'NONE',  ( 2.014475485142709132, 17.45794437519709419, -3.495145805209865841 ) ) ;
#2649 = EDGE_CURVE ( 'NONE', #314, #2109, #1700, .T. ) ;
#2650 = FACE_OUTER_BOUND ( 'NONE', #968, .T. ) ;
#2651 = CARTESIAN_POINT ( 'NONE',  ( 3.323417656249999741, 20.21874999829300634, -1.376604666648954867 ) ) ;
#2652 = DIRECTION ( 'NONE',  ( -1.000000000000000000, -0.000000000000000000, -0.000000000000000000 ) ) ;
#2653 = LINE ( 'NONE', #1816, #1541 ) ;
#2654 = CARTESIAN_POINT ( 'NONE',  ( -3.323417656250001517, 22.40624999829300634, 1.376604666648954201 ) ) ;
#2655 = ORIENTED_EDGE ( 'NONE', *, *, #2185, .T. ) ;
#2656 = CIRCLE ( 'NONE', #2472, 15.50000000000000000 ) ;
#2657 = CARTESIAN_POINT ( 'NONE',  ( 3.999999999999999112, 15.92187499999999645, 1.656854249492383246 ) ) ;
#2658 = CARTESIAN_POINT ( 'NONE',  ( -1.376604666648956865, 16.31249999829300634, 3.323417656249998853 ) ) ;
#2659 = EDGE_LOOP ( 'NONE', ( #125, #31, #3414, #3628 ) ) ;
#2660 = CARTESIAN_POINT ( 'NONE',  ( 3.767336188391461676E-06, 13.81241512473454947, -3.999999999996240785 ) ) ;
#2661 = B_SPLINE_CURVE_WITH_KNOTS ( 'NONE', 3,
 ( #2836, #447, #1610, #2765, #1393, #158, #3716, #3163, #2265, #564, #270, #3426, #2876, #3142, #545, #1697, #2387, #2098 ),
 .UNSPECIFIED., .F., .F.,
 ( 4, 2, 2, 2, 2, 2, 2, 2, 4 ),
 ( 0.6971152377048267512, 0.7031248518229705757, 0.7091344659411144002, 0.7151440800592582248, 0.7211536941774020493, 0.7271633082955458738, 0.7331729224136896983, 0.7391825365318335228, 0.7451921506499773473 ),
 .UNSPECIFIED. ) ;
#2662 = FACE_OUTER_BOUND ( 'NONE', #3195, .T. ) ;
#2663 = CARTESIAN_POINT ( 'NONE',  ( -1.376604666648957087, 21.31249999829301345, 3.323417656249999297 ) ) ;
#2664 = CARTESIAN_POINT ( 'NONE',  ( -4.000000000000000888, 15.29687499658601801, 1.656854249492379694 ) ) ;
#2665 = CARTESIAN_POINT ( 'NONE',  ( 0.000000000000000000, 0.5000000000000004441, 0.000000000000000000 ) ) ;
#2666 = CARTESIAN_POINT ( 'NONE',  ( -6.105019192434541011E-16, 23.57812499829300990, 3.323417656250000185 ) ) ;
#2667 = CARTESIAN_POINT ( 'NONE',  ( 0.000000000000000000, 29.50000000000000355, 3.000000000000000444 ) ) ;
#2668 = CARTESIAN_POINT ( 'NONE',  ( 4.000000000000000000, 13.34374999658601446, 0.000000000000000000 ) ) ;
#2669 = EDGE_CURVE ( 'NONE', #2090, #1858, #1843, .T. ) ;
#2670 = CARTESIAN_POINT ( 'NONE',  ( 0.000000000000000000, 11.00000000000000000, 0.000000000000000000 ) ) ;
#2671 = CARTESIAN_POINT ( 'NONE',  ( 2.350011161449477193, 21.23437499829300634, 2.350011161449478081 ) ) ;
#2672 = CARTESIAN_POINT ( 'NONE',  ( 0.000000000000000000, 29.50000000000000355, 0.000000000000000000 ) ) ;
#2673 = CARTESIAN_POINT ( 'NONE',  ( 0.000000000000000000, 24.00000000000000000, -4.000000000000000000 ) ) ;
#2674 = CARTESIAN_POINT ( 'NONE',  ( 2.350011161449477193, 21.54687499829300634, 2.350011161449478081 ) ) ;
#2675 = ORIENTED_EDGE ( 'NONE', *, *, #1359, .F. ) ;
#2676 = CARTESIAN_POINT ( 'NONE',  ( 3.999999999999999112, 20.92187500000000000, 1.656854249492383246 ) ) ;
#2677 = CARTESIAN_POINT ( 'NONE',  ( -3.323417656249999741, 17.24999999829300634, -1.376604666648955311 ) ) ;
#2678 = ORIENTED_EDGE ( 'NONE', *, *, #132, .F. ) ;
#2679 = CARTESIAN_POINT ( 'NONE',  ( -3.323417656250001517, 14.59374999829300457, 1.376604666648954201 ) ) ;
#2680 = CARTESIAN_POINT ( 'NONE',  ( 2.035006397478180666E-16, 17.01562499829300634, -3.323417656250000185 ) ) ;
#2681 = CARTESIAN_POINT ( 'NONE',  ( -2.828427124746190735, 14.12499999658601624, 2.828427124746189847 ) ) ;
#2682 = CARTESIAN_POINT ( 'NONE',  ( 4.000000000000000000, 15.92187499658601801, -1.656854249492380582 ) ) ;
#2683 = CARTESIAN_POINT ( 'NONE',  ( 3.323417656249999297, 22.56249999829300634, 1.376604666648957087 ) ) ;
#2684 = CARTESIAN_POINT ( 'NONE',  ( 3.323417656250000185, 11.70312499829300812, 0.000000000000000000 ) ) ;
#2685 = CARTESIAN_POINT ( 'NONE',  ( -3.495145087090945069, 22.97844521205775692, 2.014476731089485106 ) ) ;
#2686 = CARTESIAN_POINT ( 'NONE',  ( -8.279333974455491767E-16, 17.89474906460786130, 4.507059494062498395 ) ) ;
#2687 = CARTESIAN_POINT ( 'NONE',  ( 3.999999962035574175, 14.77581425162754236, -0.5235990676390976928 ) ) ;
#2688 = CARTESIAN_POINT ( 'NONE',  ( 3.323417656250000185, 22.64062499829300990, 0.000000000000000000 ) ) ;
#2689 = AXIS2_PLACEMENT_3D ( 'NONE', #1453, #1473, #1990 ) ;
#2690 = EDGE_CURVE ( 'NONE', #1893, #68, #608, .T. ) ;
#2691 = CARTESIAN_POINT ( 'NONE',  ( -3.768253792098097410, 23.99999999999999645, 1.213777569477249907 ) ) ;
#2692 = CARTESIAN_POINT ( 'NONE',  ( 4.000000000000000000, 12.17187499658601624, -1.656854249492380582 ) ) ;
#2693 = CARTESIAN_POINT ( 'NONE',  ( 1.376604666648955755, 18.96874999829300634, 3.323417656249999297 ) ) ;
#2694 = ORIENTED_EDGE ( 'NONE', *, *, #2575, .F. ) ;
#2695 = AXIS2_PLACEMENT_3D ( 'NONE', #2919, #370, #1477 ) ;
#2696 = EDGE_CURVE ( 'NONE', #109, #3301, #194, .T. ) ;
#2697 = CARTESIAN_POINT ( 'NONE',  ( -4.000000000000000000, 17.87500000000000000, -4.898587196589412829E-16 ) ) ;
#2698 = CARTESIAN_POINT ( 'NONE',  ( 3.323417656249999741, 19.28124999829300990, -1.376604666648954867 ) ) ;
#2699 = ORIENTED_EDGE ( 'NONE', *, *, #1859, .F. ) ;
#2700 = CARTESIAN_POINT ( 'NONE',  ( -1.376604666648956865, 17.24999999829300634, 3.323417656249998853 ) ) ;
#2701 = CARTESIAN_POINT ( 'NONE',  ( 2.035006397478180666E-16, 23.26562499829300990, -3.323417656250000185 ) ) ;
#2702 = CARTESIAN_POINT ( 'NONE',  ( 1.656854249492381248, 20.60937499658601268, 3.999999999999999112 ) ) ;
#2703 = CARTESIAN_POINT ( 'NONE',  ( 1.745556196749187375E-11, 11.28423955385216892, -4.048948528571197691 ) ) ;
#2704 = DIRECTION ( 'NONE',  ( 0.000000000000000000, 1.000000000000000000, 0.000000000000000000 ) ) ;
#2705 = CARTESIAN_POINT ( 'NONE',  ( 1.408343819019456373E-15, 10.00000000000000000, -11.50000000000000000 ) ) ;
#2706 = CARTESIAN_POINT ( 'NONE',  ( -4.507059494062498395, 16.41037406460786130, 1.866885168863106736 ) ) ;
#2707 = DIRECTION ( 'NONE',  ( 0.000000000000000000, 0.000000000000000000, 1.000000000000000000 ) ) ;
#2708 = CARTESIAN_POINT ( 'NONE',  ( -3.323417656250000185, 19.51562499829300634, -4.070012794956361332E-16 ) ) ;
#2709 = CARTESIAN_POINT ( 'NONE',  ( 0.000000000000000000, 9.500000000000000000, 0.000000000000000000 ) ) ;
#2710 = CARTESIAN_POINT ( 'NONE',  ( 4.898587196589412829E-16, 24.00000000000000000, 4.000000000000000000 ) ) ;
#2711 = CARTESIAN_POINT ( 'NONE',  ( -6.105019192434541011E-16, 18.89062499829300990, 3.323417656250000185 ) ) ;
#2712 = ADVANCED_FACE ( 'NONE', ( #872 ), #3297, .F. ) ;
#2713 = VERTEX_POINT ( 'NONE', #1124 ) ;
#2714 = CARTESIAN_POINT ( 'NONE',  ( 2.828427124746189403, 17.09374999999999645, 2.828427124746190735 ) ) ;
#2715 = ADVANCED_FACE ( 'NONE', ( #3450 ), #311, .F. ) ;
#2716 = ORIENTED_EDGE ( 'NONE', *, *, #1020, .T. ) ;
#2717 = CARTESIAN_POINT ( 'NONE',  ( -1.376604666648956865, 19.74999999829300634, 3.323417656249998853 ) ) ;
#2718 = CARTESIAN_POINT ( 'NONE',  ( -3.323417656250001517, 23.65624999829300634, 1.376604666648954645 ) ) ;
#2719 = CARTESIAN_POINT ( 'NONE',  ( 1.656854249492381248, 21.85937499658601624, 3.999999999999999112 ) ) ;
#2720 = CARTESIAN_POINT ( 'NONE',  ( -3.895890566689336421, 17.92666614436455674, 1.046992059329060476 ) ) ;
#2721 = CARTESIAN_POINT ( 'NONE',  ( 4.898587196589412829E-16, 24.00000000000000000, 4.000000000000000000 ) ) ;
#2722 = DIRECTION ( 'NONE',  ( 0.000000000000000000, 0.000000000000000000, -1.000000000000000000 ) ) ;
#2723 = CARTESIAN_POINT ( 'NONE',  ( 3.999999886111239800, 22.27536255830669631, -0.5235996476574815706 ) ) ;
#2724 = CARTESIAN_POINT ( 'NONE',  ( 2.759777991485163594E-16, 18.51974906460786130, -4.507059494062498395 ) ) ;
#2725 = CARTESIAN_POINT ( 'NONE',  ( 3.495145695666348917, 14.64561376019211814, 2.014475675202390459 ) ) ;
#2726 = CARTESIAN_POINT ( 'NONE',  ( -1.376604666648954867, 24.28124999829301345, -3.323417656249999741 ) ) ;
#2727 =( BOUNDED_CURVE ( )  B_SPLINE_CURVE ( 2, ( #138, #2196, #3370, #3296, #3351, #1907, #756, #104, #3336 ),
 .UNSPECIFIED., .F., .F. ) 
 B_SPLINE_CURVE_WITH_KNOTS ( ( 3, 2, 2, 2, 3 ),
 ( 0.1682642103456859217, 0.1802830712916789480, 0.1923019427111242463, 0.2043208141305694892, 0.2163397139238032452 ),
 .UNSPECIFIED. ) 
 CURVE ( )  GEOMETRIC_REPRESENTATION_ITEM ( )  RATIONAL_B_SPLINE_CURVE ( ( 1.000000000000000000, 0.9238795325112867385, 1.000000000000000000, 0.9238795325112867385, 1.000000000000000000, 0.9238795325112867385, 1.000000000000000000, 0.9238795325112867385, 1.000000000000000000 ) ) 
 REPRESENTATION_ITEM ( '' )  );
#2728 = CARTESIAN_POINT ( 'NONE',  ( -4.000000000000000000, 12.64062499658601624, -1.656854249492381248 ) ) ;
#2729 = CARTESIAN_POINT ( 'NONE',  ( 1.656854249492380804, 23.57812499658601268, -4.000000000000000000 ) ) ;
#2730 = CARTESIAN_POINT ( 'NONE',  ( -6.105019192434541011E-16, 12.32812499829300634, 3.323417656250000185 ) ) ;
#2731 = ORIENTED_EDGE ( 'NONE', *, *, #1103, .F. ) ;
#2732 = CARTESIAN_POINT ( 'NONE',  ( 3.999999999999999112, 18.42187500000000355, 1.656854249492383246 ) ) ;
#2733 = VERTEX_POINT ( 'NONE', #3165 ) ;
#2734 = EDGE_CURVE ( 'NONE', #1208, #2517, #590, .T. ) ;
#2735 = CARTESIAN_POINT ( 'NONE',  ( 3.323417656249998853, 20.06249999829301345, 1.376604666648957087 ) ) ;
#2736 = CARTESIAN_POINT ( 'NONE',  ( 3.323417656250000185, 11.70312499829300812, 0.000000000000000000 ) ) ;
#2737 = CARTESIAN_POINT ( 'NONE',  ( 2.828427124746190291, 17.24999999658601624, -2.828427124746190291 ) ) ;
#2738 = CARTESIAN_POINT ( 'NONE',  ( 0.000000000000000000, 10.50000000000000000, 0.000000000000000000 ) ) ;
#2739 = DIRECTION ( 'NONE',  ( 0.000000000000000000, 0.000000000000000000, 1.000000000000000000 ) ) ;
#2740 = CARTESIAN_POINT ( 'NONE',  ( 1.046990670523039402, 22.50972344289039029, -3.895890939920505058 ) ) ;
#2741 = CARTESIAN_POINT ( 'NONE',  ( 3.186972331462802899, 20.86349906460786485, -3.186972331462802899 ) ) ;
#2742 = CARTESIAN_POINT ( 'NONE',  ( 1.046991706241614972, 13.23944845268951021, 3.895890661578996550 ) ) ;
#2743 = CARTESIAN_POINT ( 'NONE',  ( -6.105019192434541011E-16, 14.82812499829300634, 3.323417656250000185 ) ) ;
#2744 = PLANE ( 'NONE',  #3058 ) ;
#2745 = CARTESIAN_POINT ( 'NONE',  ( 0.5542387243073033654, 10.99999999999999822, -4.465738397676043192 ) ) ;
#2746 = CARTESIAN_POINT ( 'NONE',  ( 3.323417656250000185, 13.89062499829300812, 0.000000000000000000 ) ) ;
#2747 = VERTEX_POINT ( 'NONE', #1739 ) ;
#2748 = CARTESIAN_POINT ( 'NONE',  ( -4.000000000000000888, 16.70312500000000000, 1.656854249492379694 ) ) ;
#2749 = ORIENTED_EDGE ( 'NONE', *, *, #2028, .T. ) ;
#2750 = CARTESIAN_POINT ( 'NONE',  ( 3.323417656249999741, 16.46874999829300634, -1.376604666648954867 ) ) ;
#2751 = CARTESIAN_POINT ( 'NONE',  ( 1.376604666648955089, 21.93749999829300634, -3.323417656249999741 ) ) ;
#2752 = CARTESIAN_POINT ( 'NONE',  ( -1.656854249492382580, 17.95312499658601624, 3.999999999999999112 ) ) ;
#2753 =( NAMED_UNIT ( * ) SI_UNIT ( $, .STERADIAN. ) SOLID_ANGLE_UNIT ( ) );
#2754 = CARTESIAN_POINT ( 'NONE',  ( -0.3174811493931235518, 11.30467142335474406, -4.039174944937985678 ) ) ;
#2755 = DIRECTION ( 'NONE',  ( -1.224646799147351482E-16, 0.000000000000000000, -1.000000000000000000 ) ) ;
#2756 = AXIS2_PLACEMENT_3D ( 'NONE', #621, #1238, #1491 ) ;
#2757 = CARTESIAN_POINT ( 'NONE',  ( 0.5235996234910643699, 21.96288137886178404, 3.999999889274620912 ) ) ;
#2758 = CARTESIAN_POINT ( 'NONE',  ( -3.186972331462802455, 18.67599906460785775, -3.186972331462802899 ) ) ;
#2759 = CARTESIAN_POINT ( 'NONE',  ( 2.014475738556859241, 13.70817022185705447, -3.495145659151126072 ) ) ;
#2760 = CARTESIAN_POINT ( 'NONE',  ( 1.376604666648955089, 24.12499999829300634, -3.323417656249999741 ) ) ;
#2761 = EDGE_CURVE ( 'NONE', #594, #232, #812, .T. ) ;
#2762 = FACE_OUTER_BOUND ( 'NONE', #1801, .T. ) ;
#2763 = CARTESIAN_POINT ( 'NONE',  ( 1.814892984158339218, 11.12561410599758283, -3.752874091446115390 ) ) ;
#2764 = CARTESIAN_POINT ( 'NONE',  ( -1.376604666648956865, 23.81249999829300634, 3.323417656249998853 ) ) ;
#2765 = CARTESIAN_POINT ( 'NONE',  ( -2.014476541041131163, 20.16611459705341858, -3.495145196628024475 ) ) ;
#2766 = CARTESIAN_POINT ( 'NONE',  ( -7.347880794884119736E-16, 23.18750000000000000, 4.000000000000000000 ) ) ;
#2767 = EDGE_LOOP ( 'NONE', ( #282, #1839, #2699, #1230 ) ) ;
#2768 = CARTESIAN_POINT ( 'NONE',  ( -1.376604666648954867, 18.03124999829300634, -3.323417656249999741 ) ) ;
#2769 =( GEOMETRIC_REPRESENTATION_CONTEXT ( 3 ) GLOBAL_UNCERTAINTY_ASSIGNED_CONTEXT ( ( #3186 ) ) GLOBAL_UNIT_ASSIGNED_CONTEXT ( ( #435, #471, #2753 ) ) REPRESENTATION_CONTEXT ( 'NONE', 'WORKASPACE' ) );
#2770 = CARTESIAN_POINT ( 'NONE',  ( 1.376604666648955755, 12.71874999829300812, 3.323417656249999297 ) ) ;
#2771 = CARTESIAN_POINT ( 'NONE',  ( 4.000000000000000000, 19.67187499658601268, -1.656854249492380804 ) ) ;
#2772 = CARTESIAN_POINT ( 'NONE',  ( -1.255777295866969370E-06, 11.93747170824493509, 3.999999999999582112 ) ) ;
#2773 = CARTESIAN_POINT ( 'NONE',  ( -2.092265611726451979, 11.41854688914160576, -3.430983126877741540 ) ) ;
#2774 = CARTESIAN_POINT ( 'NONE',  ( 1.716241413905481906E-05, 23.81211334600675045, -3.999999999921989513 ) ) ;
#2775 = CARTESIAN_POINT ( 'NONE',  ( 1.046992365323845098, 21.98892147714886747, 3.895890484455452718 ) ) ;
#2776 = CARTESIAN_POINT ( 'NONE',  ( -3.186972331462803343, 20.23849906460786485, 3.186972331462802455 ) ) ;
#2777 = CYLINDRICAL_SURFACE ( 'NONE', #3724, 4.000000000000000000 ) ;
#2778 = CARTESIAN_POINT ( 'NONE',  ( 3.323417656250000185, 15.14062499829300812, 0.000000000000000000 ) ) ;
#2779 = ADVANCED_FACE ( 'NONE', ( #2593 ), #3122, .T. ) ;
#2780 = DIRECTION ( 'NONE',  ( -0.000000000000000000, -1.000000000000000000, -0.000000000000000000 ) ) ;
#2781 = CARTESIAN_POINT ( 'NONE',  ( 1.985945847791279251, 11.03619639665393137, -3.828725513303743000 ) ) ;
#2782 = CARTESIAN_POINT ( 'NONE',  ( -2.350011161449477193, 24.67187499829300634, -2.350011161449477637 ) ) ;
#2783 = CARTESIAN_POINT ( 'NONE',  ( 1.656854249492381248, 23.26562499999999645, 3.999999999999999112 ) ) ;
#2784 = CIRCLE ( 'NONE', #3085, 4.500000000000000888 ) ;
#2785 = ORIENTED_EDGE ( 'NONE', *, *, #1509, .F. ) ;
#2786 = CARTESIAN_POINT ( 'NONE',  ( -1.376604666648954867, 23.03124999829300990, -3.323417656249999741 ) ) ;
#2787 = CARTESIAN_POINT ( 'NONE',  ( -2.350011161449477193, 17.17187499829300634, -2.350011161449477637 ) ) ;
#2788 = CARTESIAN_POINT ( 'NONE',  ( 1.376604666648955089, 11.93749999829300812, -3.323417656249999741 ) ) ;
#2789 = CARTESIAN_POINT ( 'NONE',  ( -4.000000069600231356, 17.84854584950331358, -0.5235982459053982740 ) ) ;
#2790 = ORIENTED_EDGE ( 'NONE', *, *, #3033, .F. ) ;
#2791 = DIRECTION ( 'NONE',  ( 0.000000000000000000, 0.000000000000000000, 1.000000000000000000 ) ) ;
#2792 = CARTESIAN_POINT ( 'NONE',  ( 3.323417656249998853, 21.62499999829300990, 1.376604666648957087 ) ) ;
#2793 = CARTESIAN_POINT ( 'NONE',  ( -3.323417656250000185, 13.57812499829300812, -4.070012794956361332E-16 ) ) ;
#2794 = CARTESIAN_POINT ( 'NONE',  ( 1.866885168863108069, 19.22287406460786485, 4.507059494062497507 ) ) ;
#2795 = CARTESIAN_POINT ( 'NONE',  ( 3.106781719601936498, 24.00000000000000711, 1.200152553468153860 ) ) ;
#2796 = CARTESIAN_POINT ( 'NONE',  ( -2.350011161449478081, 13.42187499829300812, 2.350011161449477193 ) ) ;
#2797 = CARTESIAN_POINT ( 'NONE',  ( 1.307662085567542559E-06, 14.28127841027536249, 3.999999999999554134 ) ) ;
#2798 = CARTESIAN_POINT ( 'NONE',  ( -3.323417656249999741, 13.18749999829300634, -1.376604666648955311 ) ) ;
#2799 = VECTOR ( 'NONE', #2508, 1000.000000000000000 ) ;
#2800 = CARTESIAN_POINT ( 'NONE',  ( 3.186972331462802899, 10.86349906460786308, -3.186972331462802899 ) ) ;
#2801 = AXIS2_PLACEMENT_3D ( 'NONE', #2030, #1435, #1105 ) ;
#2802 = ORIENTED_EDGE ( 'NONE', *, *, #2134, .T. ) ;
#2803 = ADVANCED_FACE ( 'NONE', ( #2633 ), #753, .T. ) ;
#2804 = CARTESIAN_POINT ( 'NONE',  ( -2.350011161449477193, 21.85937499829300990, -2.350011161449477637 ) ) ;
#2805 = CARTESIAN_POINT ( 'NONE',  ( -3.323417656249999741, 13.49999999829300634, -1.376604666648955311 ) ) ;
#2806 = CARTESIAN_POINT ( 'NONE',  ( 1.376604666648955755, 12.71874999829300812, 3.323417656249999297 ) ) ;
#2807 = AXIS2_PLACEMENT_3D ( 'NONE', #2953, #1206, #49 ) ;
#2808 = LINE ( 'NONE', #1708, #2290 ) ;
#2809 = EDGE_LOOP ( 'NONE', ( #3016, #3454, #1302, #1557 ) ) ;
#2810 = CARTESIAN_POINT ( 'NONE',  ( -3.667173509636164397, 11.53645362642575023, -1.757586303810637629 ) ) ;
#2811 = AXIS2_PLACEMENT_3D ( 'NONE', #2374, #2973, #683 ) ;
#2812 = CARTESIAN_POINT ( 'NONE',  ( 3.323417656249999741, 23.03124999829300990, -1.376604666648954867 ) ) ;
#2813 = CARTESIAN_POINT ( 'NONE',  ( -2.350011161449478081, 13.73437499829300812, 2.350011161449477193 ) ) ;
#2814 = CARTESIAN_POINT ( 'NONE',  ( 0.000000000000000000, 24.00000000000000000, -4.000000000000000000 ) ) ;
#2815 = DIRECTION ( 'NONE',  ( -0.000000000000000000, -1.000000000000000000, -0.000000000000000000 ) ) ;
#2816 = CARTESIAN_POINT ( 'NONE',  ( -6.105019192434541011E-16, 17.32812499829300634, 3.323417656250000185 ) ) ;
#2817 = AXIS2_PLACEMENT_3D ( 'NONE', #870, #2027, #810 ) ;
#2818 = FACE_BOUND ( 'NONE', #1361, .T. ) ;
#2819 = DIRECTION ( 'NONE',  ( 0.000000000000000000, 0.000000000000000000, 1.000000000000000000 ) ) ;
#2820 = CARTESIAN_POINT ( 'NONE',  ( 1.376604666648955755, 17.40624999829300990, 3.323417656249999297 ) ) ;
#2821 = AXIS2_PLACEMENT_3D ( 'NONE', #3617, #3601, #2755 ) ;
#2822 = DIRECTION ( 'NONE',  ( 0.000000000000000000, 0.000000000000000000, -1.000000000000000000 ) ) ;
#2823 = CARTESIAN_POINT ( 'NONE',  ( -1.656854249492382580, 21.85937500000000711, 3.999999999999999112 ) ) ;
#2824 = ORIENTED_EDGE ( 'NONE', *, *, #793, .T. ) ;
#2825 = ADVANCED_FACE ( 'NONE', ( #1757 ), #3145, .T. ) ;
#2826 = CARTESIAN_POINT ( 'NONE',  ( 1.656854249492381026, 11.23437500000000178, -4.000000000000000000 ) ) ;
#2827 = CARTESIAN_POINT ( 'NONE',  ( -1.376604666648956865, 16.31249999829300634, 3.323417656249998853 ) ) ;
#2828 = CARTESIAN_POINT ( 'NONE',  ( 3.323417656249999741, 11.78124999829300990, -1.376604666648954867 ) ) ;
#2829 = EDGE_LOOP ( 'NONE', ( #970, #3185, #1964, #1050 ) ) ;
#2830 = FACE_BOUND ( 'NONE', #935, .T. ) ;
#2831 = CARTESIAN_POINT ( 'NONE',  ( 3.323417656250000185, 21.70312499829300634, 0.000000000000000000 ) ) ;
#2832 = CARTESIAN_POINT ( 'NONE',  ( -3.323417656250001517, 13.65624999829300990, 1.376604666648954645 ) ) ;
#2833 = CARTESIAN_POINT ( 'NONE',  ( -3.437814976189300875, 23.69084435829337565, -2.936129686736304922 ) ) ;
#2834 = CARTESIAN_POINT ( 'NONE',  ( 8.825249662514453674E-06, 19.90624958045106396, -3.999999999990264676 ) ) ;
#2835 = CARTESIAN_POINT ( 'NONE',  ( 3.323417656249999741, 16.46874999829300990, -1.376604666648954867 ) ) ;
#2836 = CARTESIAN_POINT ( 'NONE',  ( 1.213924071946562309E-05, 20.06222651303080795, -3.999999999960971220 ) ) ;
#2837 = ORIENTED_EDGE ( 'NONE', *, *, #609, .F. ) ;
#2838 = CARTESIAN_POINT ( 'NONE',  ( 3.495145939091817144, 20.89523734909160879, 2.014475252855434828 ) ) ;
#2839 = CARTESIAN_POINT ( 'NONE',  ( 0.000000000000000000, 11.00000000000000000, -4.500000000000000888 ) ) ;
#2840 = CARTESIAN_POINT ( 'NONE',  ( 3.323417656249998853, 17.56249999829300990, 1.376604666648957087 ) ) ;
#2841 = VERTEX_POINT ( 'NONE', #2839 ) ;
#2842 = CARTESIAN_POINT ( 'NONE',  ( -3.895890490781023452, 21.67644029770393743, 1.046992341786207481 ) ) ;
#2843 = CARTESIAN_POINT ( 'NONE',  ( -3.186972331462802455, 12.42599906460786308, -3.186972331462802899 ) ) ;
#2844 = ORIENTED_EDGE ( 'NONE', *, *, #676, .T. ) ;
#2845 = CARTESIAN_POINT ( 'NONE',  ( 2.350011161449477193, 22.48437499829300634, 2.350011161449478081 ) ) ;
#2846 = CARTESIAN_POINT ( 'NONE',  ( 1.376604666648955089, 15.68749999829300634, -3.323417656249999741 ) ) ;
#2847 = CARTESIAN_POINT ( 'NONE',  ( 4.000000000000000000, 23.34374999658601624, 0.000000000000000000 ) ) ;
#2848 = CARTESIAN_POINT ( 'NONE',  ( 0.1325850749957677988, 24.00000000000000711, -3.664126928193153443 ) ) ;
#2849 = ORIENTED_EDGE ( 'NONE', *, *, #1810, .T. ) ;
#2850 = CARTESIAN_POINT ( 'NONE',  ( -4.045131540002081749, 11.64581451149195246, 0.4173511581394588887 ) ) ;
#2851 = EDGE_CURVE ( 'NONE', #16, #521, #2312, .T. ) ;
#2852 = CARTESIAN_POINT ( 'NONE',  ( 2.035006397478180666E-16, 20.76562499829300634, -3.323417656250000185 ) ) ;
#2853 = CARTESIAN_POINT ( 'NONE',  ( 3.323417656249999297, 12.87499999829300634, 1.376604666648957087 ) ) ;
#2854 = CARTESIAN_POINT ( 'NONE',  ( -1.656854249492382580, 21.70312499658601979, 3.999999999999999112 ) ) ;
#2855 = CARTESIAN_POINT ( 'NONE',  ( 3.323417656249999297, 17.56249999829300990, 1.376604666648957087 ) ) ;
#2856 = VERTEX_POINT ( 'NONE', #3720 ) ;
#2857 = ADVANCED_FACE ( 'NONE', ( #547 ), #77, .F. ) ;
#2858 = CARTESIAN_POINT ( 'NONE',  ( 1.381362927587294599E-05, 21.31218879068961058, -3.999999999949462204 ) ) ;
#2859 = DIRECTION ( 'NONE',  ( -0.000000000000000000, -1.000000000000000000, -0.000000000000000000 ) ) ;
#2860 = CARTESIAN_POINT ( 'NONE',  ( 1.376604666648955755, 14.90624999829300634, 3.323417656249999297 ) ) ;
#2861 = CYLINDRICAL_SURFACE ( 'NONE', #2337, 4.000000000000000000 ) ;
#2862 = CARTESIAN_POINT ( 'NONE',  ( -8.279333974455491767E-16, 16.64474906460786485, 4.507059494062498395 ) ) ;
#2863 = EDGE_LOOP ( 'NONE', ( #1689, #819, #2181 ) ) ;
#2864 = CARTESIAN_POINT ( 'NONE',  ( 4.000000000000000000, 13.50000000000000000, 0.000000000000000000 ) ) ;
#2865 = CARTESIAN_POINT ( 'NONE',  ( 1.376604666648955755, 17.71874999829300634, 3.323417656249999297 ) ) ;
#2866 = CARTESIAN_POINT ( 'NONE',  ( -1.656854249492382580, 22.95312499658602334, 3.999999999999999112 ) ) ;
#2867 = CARTESIAN_POINT ( 'NONE',  ( 0.000000000000000000, 31.85000000000000497, 3.000000000000000444 ) ) ;
#2868 = VERTEX_POINT ( 'NONE', #660 ) ;
#2869 = DIRECTION ( 'NONE',  ( 0.000000000000000000, 0.000000000000000000, 1.000000000000000000 ) ) ;
#2870 = AXIS2_PLACEMENT_3D ( 'NONE', #328, #387, #2707 ) ;
#2871 = CARTESIAN_POINT ( 'NONE',  ( 2.350011161449477193, 22.79687499829300634, 2.350011161449478081 ) ) ;
#2872 = CARTESIAN_POINT ( 'NONE',  ( 3.323417656250000185, 15.45312499829300812, 0.000000000000000000 ) ) ;
#2873 = CARTESIAN_POINT ( 'NONE',  ( -1.656854249492380138, 23.73437499658601624, -4.000000000000000000 ) ) ;
#2874 = DIRECTION ( 'NONE',  ( 0.000000000000000000, 0.000000000000000000, -1.000000000000000000 ) ) ;
#2875 = CARTESIAN_POINT ( 'NONE',  ( -2.350011161449478081, 17.17187499829300634, 2.350011161449477193 ) ) ;
#2876 = CARTESIAN_POINT ( 'NONE',  ( -3.198666918016810357, 20.50463587478544270, 2.458187467932793524 ) ) ;
#2877 = EDGE_LOOP ( 'NONE', ( #709, #3592, #2675, #3091 ) ) ;
#2878 = CARTESIAN_POINT ( 'NONE',  ( 2.458187332652878254, 18.31726761867076902, 3.198667021979932468 ) ) ;
#2879 = EDGE_CURVE ( 'NONE', #857, #3696, #670, .T. ) ;
#2880 = DIRECTION ( 'NONE',  ( 0.000000000000000000, 0.000000000000000000, 1.000000000000000000 ) ) ;
#2881 = CARTESIAN_POINT ( 'NONE',  ( 3.323417656249999741, 15.21874999829300634, -1.376604666648954867 ) ) ;
#2882 = AXIS2_PLACEMENT_3D ( 'NONE', #1281, #3607, #998 ) ;
#2883 = CARTESIAN_POINT ( 'NONE',  ( -2.828427124746189847, 18.81249999658601624, -2.828427124746190291 ) ) ;
#2884 = CARTESIAN_POINT ( 'NONE',  ( -3.186972331462802455, 17.42599906460785775, -3.186972331462802899 ) ) ;
#2885 = ORIENTED_EDGE ( 'NONE', *, *, #3764, .F. ) ;
#2886 = CARTESIAN_POINT ( 'NONE',  ( -7.347880794884119736E-16, 14.43749999999999822, 4.000000000000000000 ) ) ;
#2887 = CARTESIAN_POINT ( 'NONE',  ( -2.350011161449478081, 19.98437499829300990, 2.350011161449477193 ) ) ;
#2888 = CARTESIAN_POINT ( 'NONE',  ( -3.323417656250000185, 14.82812499829300812, -4.070012794956361332E-16 ) ) ;
#2889 = CARTESIAN_POINT ( 'NONE',  ( -3.235829688289682871, 23.99980829853339159, -2.350925020703792168 ) ) ;
#2890 = ORIENTED_EDGE ( 'NONE', *, *, #2394, .T. ) ;
#2891 = DIRECTION ( 'NONE',  ( -1.000000000000000000, 0.000000000000000000, 0.000000000000000000 ) ) ;
#2892 = CARTESIAN_POINT ( 'NONE',  ( -1.376604666648954867, 14.28124999829300634, -3.323417656249999741 ) ) ;
#2893 = CARTESIAN_POINT ( 'NONE',  ( -3.323417656249999741, 19.74999999829300634, -1.376604666648955311 ) ) ;
#2894 = CARTESIAN_POINT ( 'NONE',  ( -4.000000000000000888, 16.54687499658601979, 1.656854249492379694 ) ) ;
#2895 = DIRECTION ( 'NONE',  ( -0.000000000000000000, -1.000000000000000000, -0.000000000000000000 ) ) ;
#2896 = CARTESIAN_POINT ( 'NONE',  ( 1.376604666648955089, 20.37499999829300990, -3.323417656249999741 ) ) ;
#2897 = EDGE_LOOP ( 'NONE', ( #2039, #1089, #2393, #3339 ) ) ;
#2898 = CARTESIAN_POINT ( 'NONE',  ( -1.632521692180380278E-05, 23.18713220717752321, 3.999999999929414241 ) ) ;
#2899 = CARTESIAN_POINT ( 'NONE',  ( 0.000000000000000000, 11.50000000000000000, 0.000000000000000000 ) ) ;
#2900 = CARTESIAN_POINT ( 'NONE',  ( 3.323417656250000185, 16.39062499829300634, 0.000000000000000000 ) ) ;
#2901 = EDGE_CURVE ( 'NONE', #1399, #2747, #3048, .T. ) ;
#2902 = CARTESIAN_POINT ( 'NONE',  ( -1.632521692180380278E-05, 23.18713220717752321, 3.999999999929414241 ) ) ;
#2903 = CARTESIAN_POINT ( 'NONE',  ( 1.866885168863108069, 16.72287406460786130, 4.507059494062497507 ) ) ;
#2904 = ORIENTED_EDGE ( 'NONE', *, *, #1270, .T. ) ;
#2905 = CARTESIAN_POINT ( 'NONE',  ( -4.000000000000000000, 12.79687499999999822, -1.656854249492381248 ) ) ;
#2906 = CARTESIAN_POINT ( 'NONE',  ( 2.350011161449477193, 16.54687499829300634, 2.350011161449478081 ) ) ;
#2907 = VERTEX_POINT ( 'NONE', #3275 ) ;
#2908 = CARTESIAN_POINT ( 'NONE',  ( 5.441711982157496861E-06, 15.06237740239410350, -3.999999999992157385 ) ) ;
#2909 = CARTESIAN_POINT ( 'NONE',  ( 3.323417656249998853, 12.56249999829300634, 1.376604666648957087 ) ) ;
#2910 = CARTESIAN_POINT ( 'NONE',  ( -1.376604666648954867, 19.59374999829300634, -3.323417656249999741 ) ) ;
#2911 = CARTESIAN_POINT ( 'NONE',  ( 1.656854249492381248, 13.10937499658601624, 3.999999999999999112 ) ) ;
#2912 = CARTESIAN_POINT ( 'NONE',  ( -1.656854249492380138, 19.98437499658601268, -4.000000000000000000 ) ) ;
#2913 = CARTESIAN_POINT ( 'NONE',  ( -2.350011161449477193, 20.60937499829300634, -2.350011161449477637 ) ) ;
#2914 = TOROIDAL_SURFACE ( 'NONE', #2431, 5.500000000000000000, 0.5000000000000000000 ) ;
#2915 = CARTESIAN_POINT ( 'NONE',  ( -7.953280463050324461E-06, 16.93732081888315477, 3.999999999983246290 ) ) ;
#2916 = CARTESIAN_POINT ( 'NONE',  ( -2.014476709973274993, 22.66596403261284109, -3.495145099261573129 ) ) ;
#2917 = DIRECTION ( 'NONE',  ( 0.000000000000000000, -0.000000000000000000, -1.000000000000000000 ) ) ;
#2918 = CARTESIAN_POINT ( 'NONE',  ( 1.376604666648955755, 22.40624999829300634, 3.323417656249999297 ) ) ;
#2919 = CARTESIAN_POINT ( 'NONE',  ( 0.000000000000000000, 32.00000000000000000, 0.000000000000000000 ) ) ;
#2920 = ORIENTED_EDGE ( 'NONE', *, *, #2299, .F. ) ;
#2921 = CARTESIAN_POINT ( 'NONE',  ( 2.828427124746190291, 12.40624999999999822, -2.828427124746190291 ) ) ;
#2922 = CARTESIAN_POINT ( 'NONE',  ( -3.323417656249999741, 14.74999999829300812, -1.376604666648955311 ) ) ;
#2923 = EDGE_CURVE ( 'NONE', #2216, #1540, #88, .T. ) ;
#2924 = ORIENTED_EDGE ( 'NONE', *, *, #816, .F. ) ;
#2925 = CARTESIAN_POINT ( 'NONE',  ( -3.198667571530715126, 15.24453602079505465, -2.458186617560781162 ) ) ;
#2926 = CARTESIAN_POINT ( 'NONE',  ( 2.350011161449477193, 12.48437499829300634, 2.350011161449478081 ) ) ;
#2927 = CARTESIAN_POINT ( 'NONE',  ( 2.350011161449477637, 18.10937499829300990, -2.350011161449477637 ) ) ;
#2928 = CARTESIAN_POINT ( 'NONE',  ( 2.828427124746190291, 12.24999999658601624, -2.828427124746190291 ) ) ;
#2929 = CYLINDRICAL_SURFACE ( 'NONE', #2531, 4.000000000000000000 ) ;
#2930 = CARTESIAN_POINT ( 'NONE',  ( 3.323417656249999297, 21.31249999829301345, 1.376604666648957087 ) ) ;
#2931 = CIRCLE ( 'NONE', #572, 3.000000000000000444 ) ;
#2932 = CARTESIAN_POINT ( 'NONE',  ( 3.198667066536312831, 17.37982408033585102, -2.458187274674785705 ) ) ;
#2933 = DIRECTION ( 'NONE',  ( -0.000000000000000000, -1.000000000000000000, -0.000000000000000000 ) ) ;
#2934 = CARTESIAN_POINT ( 'NONE',  ( 2.828427124746190291, 19.74999999658601624, -2.828427124746190291 ) ) ;
#2935 = CARTESIAN_POINT ( 'NONE',  ( -2.350011161449478081, 20.92187499829300634, 2.350011161449477193 ) ) ;
#2936 = CARTESIAN_POINT ( 'NONE',  ( -2.227872023738985519, 24.00000000000001776, 3.011762129587290726 ) ) ;
#2937 = VERTEX_POINT ( 'NONE', #2064 ) ;
#2938 = CARTESIAN_POINT ( 'NONE',  ( 2.449293598294706414E-16, 13.81249999999999822, -4.000000000000000000 ) ) ;
#2939 = CARTESIAN_POINT ( 'NONE',  ( -3.323417656250001517, 14.90624999829300634, 1.376604666648954201 ) ) ;
#2940 = VERTEX_POINT ( 'NONE', #3294 ) ;
#2941 = CARTESIAN_POINT ( 'NONE',  ( -1.046991847478726090, 15.11433552935963931, -3.895890623622563442 ) ) ;
#2942 = EDGE_CURVE ( 'NONE', #3554, #3751, #2931, .T. ) ;
#2943 = CARTESIAN_POINT ( 'NONE',  ( -3.323417656249999741, 15.68749999829300634, -1.376604666648955311 ) ) ;
#2944 = CARTESIAN_POINT ( 'NONE',  ( -3.323417656250000185, 21.07812499829300634, -4.070012794956361332E-16 ) ) ;
#2945 = CARTESIAN_POINT ( 'NONE',  ( 4.000000000000000000, 13.34374999658601446, 0.000000000000000000 ) ) ;
#2946 = CARTESIAN_POINT ( 'NONE',  ( -2.828427124746189847, 17.56249999658601624, -2.828427124746190291 ) ) ;
#2947 = CARTESIAN_POINT ( 'NONE',  ( -1.376604666648957087, 23.49999999829300279, 3.323417656249999297 ) ) ;
#2948 = CARTESIAN_POINT ( 'NONE',  ( 0.000000000000000000, 28.00000000000000000, 3.624999999999999556 ) ) ;
#2949 = CARTESIAN_POINT ( 'NONE',  ( 1.656854249492380804, 13.57812499658601801, -4.000000000000000000 ) ) ;
#2950 = CARTESIAN_POINT ( 'NONE',  ( 2.014476160927245019, 14.54145336704378266, 3.495145415712050507 ) ) ;
#2951 = CARTESIAN_POINT ( 'NONE',  ( -3.323417656250001517, 20.84374999829300634, 1.376604666648954201 ) ) ;
#2952 = DIRECTION ( 'NONE',  ( 0.000000000000000000, 0.000000000000000000, 1.000000000000000000 ) ) ;
#2953 = CARTESIAN_POINT ( 'NONE',  ( 0.000000000000000000, 0.000000000000000000, 0.000000000000000000 ) ) ;
#2954 = CARTESIAN_POINT ( 'NONE',  ( -3.323417656250001517, 21.15624999829300279, 1.376604666648954201 ) ) ;
#2955 = EDGE_LOOP ( 'NONE', ( #1246, #92, #587, #2618 ) ) ;
#2956 = CIRCLE ( 'NONE', #1867, 0.5000000000000004441 ) ;
#2957 = CARTESIAN_POINT ( 'NONE',  ( 1.656854249492381248, 17.01562500000000000, 3.999999999999999112 ) ) ;
#2958 = CARTESIAN_POINT ( 'NONE',  ( 2.350011161449477637, 16.85937499829300634, -2.350011161449477637 ) ) ;
#2959 = ORIENTED_EDGE ( 'NONE', *, *, #2248, .T. ) ;
#2960 = CARTESIAN_POINT ( 'NONE',  ( -3.323417656250000185, 12.01562499829300812, -4.070012794956361332E-16 ) ) ;
#2961 = CARTESIAN_POINT ( 'NONE',  ( 1.376604666648955089, 19.43749999829300634, -3.323417656249999741 ) ) ;
#2962 = CARTESIAN_POINT ( 'NONE',  ( -1.656854249492382580, 12.95312499658601979, 3.999999999999999112 ) ) ;
#2963 = FILL_AREA_STYLE ('',( #1807 ) ) ;
#2964 = CARTESIAN_POINT ( 'NONE',  ( -3.323417656249999741, 20.68749999829300990, -1.376604666648955311 ) ) ;
#2965 = ADVANCED_FACE ( 'NONE', ( #2650 ), #622, .F. ) ;
#2966 = CARTESIAN_POINT ( 'NONE',  ( 4.000000000000000000, 20.92187499658601268, -1.656854249492380582 ) ) ;
#2967 = CARTESIAN_POINT ( 'NONE',  ( 3.999999949381098485, 16.02573896940755560, -0.5235991643120747607 ) ) ;
#2968 = AXIS2_PLACEMENT_3D ( 'NONE', #1408, #2225, #2567 ) ;
#2969 = CARTESIAN_POINT ( 'NONE',  ( 4.507059494062497507, 15.78537406460786130, -1.866885168863107181 ) ) ;
#2970 = DIRECTION ( 'NONE',  ( -0.000000000000000000, 1.000000000000000000, -0.000000000000000000 ) ) ;
#2971 = CARTESIAN_POINT ( 'NONE',  ( 1.376604666648955089, 20.37499999829300634, -3.323417656249999741 ) ) ;
#2972 = EDGE_CURVE ( 'NONE', #760, #1153, #2630, .T. ) ;
#2973 = DIRECTION ( 'NONE',  ( -0.000000000000000000, 1.000000000000000000, -0.000000000000000000 ) ) ;
#2974 = LINE ( 'NONE', #2710, #19 ) ;
#2975 = CARTESIAN_POINT ( 'NONE',  ( 3.323417656250000185, 19.20312499829300634, 0.000000000000000000 ) ) ;
#2976 = VERTEX_POINT ( 'NONE', #2080 ) ;
#2977 = CARTESIAN_POINT ( 'NONE',  ( -1.656854249492380360, 21.39062500000000355, -4.000000000000000000 ) ) ;
#2978 = CARTESIAN_POINT ( 'NONE',  ( 1.376604666648955089, 19.43749999829300634, -3.323417656249999741 ) ) ;
#2979 = EDGE_LOOP ( 'NONE', ( #3717, #1934, #2068, #376 ) ) ;
#2980 = CARTESIAN_POINT ( 'NONE',  ( 2.350011161449477637, 17.79687499829300634, -2.350011161449477637 ) ) ;
#2981 = CARTESIAN_POINT ( 'NONE',  ( 3.895890882990155291, 19.69739282788599866, 1.046990882362975439 ) ) ;
#2982 = CARTESIAN_POINT ( 'NONE',  ( 1.656854249492381026, 19.82812499658601624, -4.000000000000000000 ) ) ;
#2983 = DIRECTION ( 'NONE',  ( -0.000000000000000000, 1.000000000000000000, -0.000000000000000000 ) ) ;
#2984 = LINE ( 'NONE', #2667, #330 ) ;
#2985 = CIRCLE ( 'NONE', #1343, 5.000000000000000000 ) ;
#2986 = CARTESIAN_POINT ( 'NONE',  ( 4.000000113888572351, 22.22328236173255078, 0.5235979075668317773 ) ) ;
#2987 = CARTESIAN_POINT ( 'NONE',  ( 4.507059494062497507, 15.62912406460786130, 1.866885168863110067 ) ) ;
#2988 = DIRECTION ( 'NONE',  ( 0.000000000000000000, 0.000000000000000000, 1.000000000000000000 ) ) ;
#2989 = CARTESIAN_POINT ( 'NONE',  ( -6.105019192434541011E-16, 21.07812499829300634, 3.323417656250000185 ) ) ;
#2990 = EDGE_CURVE ( 'NONE', #1968, #314, #480, .T. ) ;
#2991 = CARTESIAN_POINT ( 'NONE',  ( -0.5242712578277864965, 23.99999999999998579, 3.526723363136099021 ) ) ;
#2992 = TOROIDAL_SURFACE ( 'NONE', #2150, 3.624999999999999556, 4.000000000000000000 ) ;
#2993 = CARTESIAN_POINT ( 'NONE',  ( -3.323417656249999741, 18.49999999829300279, -1.376604666648955311 ) ) ;
#2994 = EDGE_LOOP ( 'NONE', ( #467, #1022, #1628, #7 ) ) ;
#2995 = VECTOR ( 'NONE', #3103, 1000.000000000000000 ) ;
#2996 = CARTESIAN_POINT ( 'NONE',  ( 1.656854249492381248, 18.26562500000000000, 3.999999999999999112 ) ) ;
#2997 = ORIENTED_EDGE ( 'NONE', *, *, #2649, .T. ) ;
#2998 = CARTESIAN_POINT ( 'NONE',  ( -2.350011161449478081, 18.42187499829300990, 2.350011161449477193 ) ) ;
#2999 = CARTESIAN_POINT ( 'NONE',  ( 2.350011161449477637, 23.10937499829300634, -2.350011161449477637 ) ) ;
#3000 = CARTESIAN_POINT ( 'NONE',  ( 1.656854249492381026, 17.32812499658601624, -4.000000000000000000 ) ) ;
#3001 = CARTESIAN_POINT ( 'NONE',  ( 3.673940397442060361E-16, 31.85000000000000497, -3.000000000000000444 ) ) ;
#3002 = CARTESIAN_POINT ( 'NONE',  ( -1.046990905901115321, 19.38491164844104730, 3.895890876664461988 ) ) ;
#3003 = CARTESIAN_POINT ( 'NONE',  ( -3.198667452708806813, 12.74468658523486653, -2.458186772175483537 ) ) ;
#3004 = CARTESIAN_POINT ( 'NONE',  ( 3.291665326453186317E-06, 18.03132118774972881, 3.999999999997206235 ) ) ;
#3005 = CARTESIAN_POINT ( 'NONE',  ( 1.866885168863107403, 22.19162406460786485, -4.507059494062497507 ) ) ;
#3006 = CARTESIAN_POINT ( 'NONE',  ( 4.000000000000000000, 19.67187499658601268, -1.656854249492380582 ) ) ;
#3007 = CARTESIAN_POINT ( 'NONE',  ( -3.323417656250000185, 14.51562499829300812, -4.070012794956361332E-16 ) ) ;
#3008 = CARTESIAN_POINT ( 'NONE',  ( -1.656854249492382580, 12.95312499658601801, 3.999999999999999112 ) ) ;
#3009 = CARTESIAN_POINT ( 'NONE',  ( 4.000000000000000000, 23.34374999658601624, 0.000000000000000000 ) ) ;
#3010 = CARTESIAN_POINT ( 'NONE',  ( -3.323417656250001517, 23.65624999829300634, 1.376604666648954201 ) ) ;
#3011 = SHAPE_DEFINITION_REPRESENTATION ( #120, #3700 ) ;
#3012 = ORIENTED_EDGE ( 'NONE', *, *, #1337, .T. ) ;
#3013 = EDGE_CURVE ( 'NONE', #358, #2273, #530, .T. ) ;
#3014 = CARTESIAN_POINT ( 'NONE',  ( 2.449293598294706414E-16, 20.06249999999999645, -4.000000000000000000 ) ) ;
#3015 = AXIS2_PLACEMENT_3D ( 'NONE', #1546, #3544, #2628 ) ;
#3016 = ORIENTED_EDGE ( 'NONE', *, *, #2394, .F. ) ;
#3017 = CARTESIAN_POINT ( 'NONE',  ( 1.213924071946562309E-05, 20.06222651303080795, -3.999999999960971220 ) ) ;
#3018 = CARTESIAN_POINT ( 'NONE',  ( -4.000000000000000000, 18.96874999658601624, -4.898587196589412829E-16 ) ) ;
#3019 = CARTESIAN_POINT ( 'NONE',  ( 0.000000000000000000, 24.00000000000000000, -4.000000000000000000 ) ) ;
#3020 = CARTESIAN_POINT ( 'NONE',  ( 4.898587196589412829E-16, 24.00000000000000000, 4.000000000000000000 ) ) ;
#3021 = CARTESIAN_POINT ( 'NONE',  ( 0.000000000000000000, 24.00000000000000000, 0.000000000000000000 ) ) ;
#3022 = CARTESIAN_POINT ( 'NONE',  ( 3.198666828907441140, 22.37952295145500514, -2.458187583884552385 ) ) ;
#3023 = CARTESIAN_POINT ( 'NONE',  ( 4.507059494062497507, 18.28537406460786841, -1.866885168863107181 ) ) ;
#3024 = CARTESIAN_POINT ( 'NONE',  ( 3.250280661005422900, 24.00000000000001776, -0.7270699509006429695 ) ) ;
#3025 = CARTESIAN_POINT ( 'NONE',  ( -6.105019192434541011E-16, 13.57812499829300812, 3.323417656250000185 ) ) ;
#3026 = AXIS2_PLACEMENT_3D ( 'NONE', #115, #2135, #2791 ) ;
#3027 = CARTESIAN_POINT ( 'NONE',  ( 1.712140399943978828E-06, 13.03128729542876840, 3.999999999999233502 ) ) ;
#3028 = CARTESIAN_POINT ( 'NONE',  ( 1.930617889761333750, 11.10604113399462101, -3.721099952766470764 ) ) ;
#3029 = CARTESIAN_POINT ( 'NONE',  ( -3.323417656250001517, 13.34374999829300634, 1.376604666648954201 ) ) ;
#3030 = EDGE_LOOP ( 'NONE', ( #2449, #1972 ) ) ;
#3031 = CARTESIAN_POINT ( 'NONE',  ( -4.000000000000000888, 20.45312500000000000, 1.656854249492379694 ) ) ;
#3032 = ORIENTED_EDGE ( 'NONE', *, *, #3264, .T. ) ;
#3033 = EDGE_CURVE ( 'NONE', #54, #2940, #3618, .T. ) ;
#3034 = CARTESIAN_POINT ( 'NONE',  ( 2.035006397478180666E-16, 19.20312499829300634, -3.323417656250000185 ) ) ;
#3035 = CARTESIAN_POINT ( 'NONE',  ( -1.130204737739835682E-05, 19.43724537420135690, 3.999999999966169284 ) ) ;
#3036 = CARTESIAN_POINT ( 'NONE',  ( 2.828427124746190291, 18.49999999658601979, -2.828427124746190291 ) ) ;
#3037 = CARTESIAN_POINT ( 'NONE',  ( -0.5235981250683345856, 19.41095174672813073, 4.000000085417743101 ) ) ;
#3038 = DIRECTION ( 'NONE',  ( 0.000000000000000000, 0.000000000000000000, 1.000000000000000000 ) ) ;
#3039 = CYLINDRICAL_SURFACE ( 'NONE', #844, 4.000000000000000000 ) ;
#3040 = CARTESIAN_POINT ( 'NONE',  ( -3.186972331462802455, 22.42599906460786130, -3.186972331462802899 ) ) ;
#3041 = CARTESIAN_POINT ( 'NONE',  ( 2.953637476439971987, 24.00000000000000000, -1.539260924248656126 ) ) ;
#3042 = CARTESIAN_POINT ( 'NONE',  ( -1.376604666648954867, 13.03124999829300812, -3.323417656249999741 ) ) ;
#3043 = CARTESIAN_POINT ( 'NONE',  ( 0.000000000000000000, 24.00000000000000000, 0.000000000000000000 ) ) ;
#3044 = CARTESIAN_POINT ( 'NONE',  ( 2.015838159857860745, 11.04009829721369407, -3.801799392430746938 ) ) ;
#3045 = CARTESIAN_POINT ( 'NONE',  ( 2.350011161449477193, 12.48437499829300634, 2.350011161449478081 ) ) ;
#3046 = CARTESIAN_POINT ( 'NONE',  ( -7.662527544611138377E-06, 17.40625035789469877, -3.999999999992660538 ) ) ;
#3047 =( BOUNDED_CURVE ( )  B_SPLINE_CURVE ( 2, ( #3159, #561, #2163, #1516, #3552, #371, #3318, #1264, #1282 ),
 .UNSPECIFIED., .F., .T. ) 
 B_SPLINE_CURVE_WITH_KNOTS ( ( 3, 2, 2, 2, 3 ),
 ( 0.2163397139238032452, 0.2283585569694600304, 0.2403774283889053009, 0.2523962998083505993, 0.2644151646385514143 ),
 .UNSPECIFIED. ) 
 CURVE ( )  GEOMETRIC_REPRESENTATION_ITEM ( )  RATIONAL_B_SPLINE_CURVE ( ( 1.000000000000000000, 0.9238795325112867385, 1.000000000000000000, 0.9238795325112867385, 1.000000000000000000, 0.9238795325112867385, 1.000000000000000000, 0.9238795325112867385, 1.000000000000000000 ) ) 
 REPRESENTATION_ITEM ( '' )  );
#3048 = CIRCLE ( 'NONE', #2330, 5.000000000000000000 ) ;
#3049 = CARTESIAN_POINT ( 'NONE',  ( 4.507059494062497507, 10.78537406460786130, -1.866885168863107181 ) ) ;
#3050 = ORIENTED_EDGE ( 'NONE', *, *, #531, .T. ) ;
#3051 = CARTESIAN_POINT ( 'NONE',  ( -6.105019192434541011E-16, 16.07812499829300634, 3.323417656250000185 ) ) ;
#3052 = CARTESIAN_POINT ( 'NONE',  ( -3.323417656250000185, 22.32812499829300990, -4.070012794956361332E-16 ) ) ;
#3053 = CARTESIAN_POINT ( 'NONE',  ( -7.347880794884119736E-16, 19.28124999658601624, 4.000000000000000000 ) ) ;
#3054 = CARTESIAN_POINT ( 'NONE',  ( -2.014476372104481161, 17.66626516149374737, -3.495145293997062641 ) ) ;
#3055 = CARTESIAN_POINT ( 'NONE',  ( -3.495145233141113472, 19.22867105871857518, 2.014476477690416711 ) ) ;
#3056 = CARTESIAN_POINT ( 'NONE',  ( -3.235829688289682871, 23.99980829853339159, -2.350925020703792168 ) ) ;
#3057 = EDGE_CURVE ( 'NONE', #1211, #3765, #1653, .T. ) ;
#3058 = AXIS2_PLACEMENT_3D ( 'NONE', #3063, #720, #2162 ) ;
#3059 = CARTESIAN_POINT ( 'NONE',  ( 2.014475147273113276, 22.45764324631623765, -3.495145999945628912 ) ) ;
#3060 = CARTESIAN_POINT ( 'NONE',  ( -8.279333974455491767E-16, 22.89474906460786130, 4.507059494062498395 ) ) ;
#3061 = CARTESIAN_POINT ( 'NONE',  ( 3.047212355975594367, 23.99999999999999289, -1.343940011099398646 ) ) ;
#3062 = CARTESIAN_POINT ( 'NONE',  ( -3.323417656249999741, 13.18749999829300812, -1.376604666648955311 ) ) ;
#3063 = CARTESIAN_POINT ( 'NONE',  ( 0.000000000000000000, 11.00000000000000000, 0.000000000000000000 ) ) ;
#3064 = CARTESIAN_POINT ( 'NONE',  ( -2.350011161449478081, 13.42187499829300812, 2.350011161449477193 ) ) ;
#3065 = CARTESIAN_POINT ( 'NONE',  ( -3.186972331462803343, 12.73849906460786308, 3.186972331462802455 ) ) ;
#3066 =( BOUNDED_SURFACE ( )  B_SPLINE_SURFACE ( 1, 2, ( 
 ( #1213, #1804, #580, #599, #2073, #2303, #56, #902, #2960, #2347, #20, #3502, #1485, #1732, #2926, #2909, #633, #359, #3230, #2, #2625, #2058, #1466, #2382, #1155, #616, #1786, #3541, #1767, #1750, #3463, #2022, #321, #937, #2092, #3249, #3482, #2892, #651, #1194, #304, #2679, #285, #2643, #37, #2364, #3521, #865, #918, #1522, #3178, #1446, #2606, #2041, #884, #2943, #340, #1503, #745, #1896, #3051, #2418, #1288, #2186, #2451, #2750, #2398, #1271, #1252, #3560, #2129, #1877, #3283, #3305, #413, #2700, #1232, #1306, #1595, #692, #3633, #1023, #2980, #729, #1004, #2768, #395, #2111, #1845, #987, #2998, #451, #2151, #110, #671, #710, #3265, #3326, #2168, #956, #3034, #1823, #378, #1543, #1561, #3612, #1579, #2717, #2434, #3596, #432, #2735, #126, #1997, #3375, #780, #3107, #1112, #468, #3650, #509, #1323, #1072, #1666, #1647, #200, #1629, #552, #2540, #3726, #3704, #3150, #1052, #1705, #2804, #179, #241, #1363, #1685, #1090, #532, #1930, #2845, #2485, #3358, #1036, #762, #2202, #2255, #2786, #487, #2518, #3087, #1400, #1341, #3684, #3415, #2558, #2235, #2217, #162, #1913, #3394, #2274, #3435, #839, #2502, #3068, #3668 ),
 ( #799, #218, #1952, #2826, #1381, #820, #1974, #3130, #2296, #2601, #3457, #1209, #2620, #595, #2378, #3537, #933, #279, #2921, #52, #317, #628, #260, #2905, #1725, #1420, #3767, #3515, #1150, #1173, #3498, #575, #2864, #1781, #3226, #1441, #2938, #336, #858, #2360, #2639, #3244, #2037, #3747, #2886, #14, #2318, #2087, #2342, #1746, #2015, #897, #1130, #1190, #33, #646, #914, #2580, #1498, #3171, #3477, #1479, #2054, #2657, #299, #880, #2069, #1461, #3193, #3211, #612, #1763, #985, #2748, #2106, #1519, #2148, #2957, #2714, #3303, #3281, #1841, #3261, #2183, #410, #1593, #1575, #3630, #2697, #3340, #687, #1820, #1874, #2996, #3322, #2732, #2166, #3576, #726, #356, #108, #124, #2395, #1247, #393, #2432, #1285, #1267, #2448, #1559, #707, #969, #2127, #2414, #1860, #1303, #3014, #3610, #3594, #666, #1002, #3031, #428, #1798, #142, #2465, #1021, #2676, #69, #1228, #3556, #90, #952, #2977, #374, #1538, #1321, #1379, #3702, #2823, #741, #195, #466, #3084, #1949, #239, #216, #1398, #1911, #1360, #2556, #3723, #1645, #818, #3412, #1109, #2766, #2783, #506, #1892, #1088, #485, #2272, #778, #2215, #3373, #3682, #160, #2516 ),
 ( #1070, #3049, #2800, #2233, #1928, #3392, #2198, #448, #3104, #527, #1663, #1611, #1627, #2483, #797, #759, #1970, #2536, #2253, #3126, #1682, #2499, #2843, #3647, #1033, #3354, #3065, #177, #1049, #1338, #3664, #1239, #1127, #2315, #659, #2406, #3474, #1723, #1260, #3148, #1147, #963, #3567, #2118, #2293, #1703, #679, #2339, #1439, #100, #1418, #1458, #876, #3495, #571, #1743, #295, #3453, #3432, #3274, #80, #2013, #1830, #2987, #2578, #2969, #3209, #835, #2598, #550, #856, #3191, #3168, #2706, #593, #2035, #2862, #2903, #257, #1812, #366, #1994, #1529, #386, #1550, #3745, #2884, #895, #2617, #277, #11, #3763, #2686, #1168, #2052, #476, #1869, #3023, #1603, #3367, #2724, #2138, #2758, #3586, #3333, #150, #134, #2457, #117, #2794, #1028, #2210, #2193, #1638, #3313, #187, #1295, #2440, #2492, #3621, #169, #3349, #2776, #421, #1331, #979, #1852, #3291, #752, #1278, #2741, #1011, #1585, #3657, #3603, #2175, #1904, #1043, #735, #717, #2424, #700, #1885, #771, #1921, #3076, #994, #3005, #402, #1313, #3040, #1568, #2157, #440, #2474, #3640, #3060, #458, #1619, #1429, #3465, #2305, #788, #1080, #1939, #867, #1097, #2833, #2024 ) ),
 .UNSPECIFIED., .F., .F., .T. ) 
 B_SPLINE_SURFACE_WITH_KNOTS ( ( 2, 1, 2 ),
 ( 3, 2, 2, 2, 2, 2, 2, 2, 2, 2, 2, 2, 2, 2, 2, 2, 2, 2, 2, 2, 2, 2, 2, 2, 2, 2, 2, 2, 2, 2, 2, 2, 2, 2, 2, 2, 2, 2, 2, 2, 2, 2, 2, 2, 2, 2, 2, 2, 2, 2, 2, 2, 2, 2, 2, 2, 2, 2, 2, 2, 2, 2, 2, 2, 2, 2, 2, 2, 2, 2, 2, 2, 2, 2, 2, 2, 2, 2, 2, 2, 2, 2, 2, 2, 3 ),
 ( 0.000000000000000000, 1.000000000000000000, 1.749442397878858468 ),
 ( 0.000000000000000000, 0.01136363636363636395, 0.02272727272727272790, 0.03409090909090908839, 0.04545454545454545581, 0.05681818181818181629, 0.06818181818181817677, 0.07954545454545454419, 0.09090909090909091161, 0.1022727272727272790, 0.1136363636363636326, 0.1250000000000000000, 0.1363636363636363535, 0.1477272727272727348, 0.1590909090909090884, 0.1704545454545454419, 0.1818181818181818232, 0.1931818181818181768, 0.2045454545454545581, 0.2159090909090909116, 0.2272727272727272652, 0.2386363636363636465, 0.2500000000000000000, 0.2613636363636363535, 0.2727272727272727071, 0.2840909090909091161, 0.2954545454545454697, 0.3068181818181818232, 0.3181818181818181768, 0.3295454545454545303, 0.3409090909090908839, 0.3522727272727272929, 0.3636363636363636465, 0.3750000000000000000, 0.3863636363636363535, 0.3977272727272727071, 0.4090909090909091161, 0.4204545454545454697, 0.4318181818181818232, 0.4431818181818181768, 0.4545454545454545303, 0.4659090909090908839, 0.4772727272727272929, 0.4886363636363636465, 0.5000000000000000000, 0.5113636363636363535, 0.5227272727272727071, 0.5340909090909090606, 0.5454545454545454142, 0.5568181818181817677, 0.5681818181818182323, 0.5795454545454545858, 0.5909090909090909394, 0.6022727272727272929, 0.6136363636363636465, 0.6250000000000000000, 0.6363636363636363535, 0.6477272727272727071, 0.6590909090909090606, 0.6704545454545454142, 0.6818181818181817677, 0.6931818181818182323, 0.7045454545454545858, 0.7159090909090909394, 0.7272727272727272929, 0.7386363636363636465, 0.7500000000000000000, 0.7613636363636363535, 0.7727272727272727071, 0.7840909090909090606, 0.7954545454545454142, 0.8068181818181817677, 0.8181818181818182323, 0.8295454545454545858, 0.8409090909090909394, 0.8522727272727272929, 0.8636363636363636465, 0.8750000000000000000, 0.8863636363636363535, 0.8977272727272727071, 0.9090909090909090606, 0.9204545454545454142, 0.9318181818181817677, 0.9431818181818182323, 0.9454830164809566728 ),
 .UNSPECIFIED. ) 
 GEOMETRIC_REPRESENTATION_ITEM ( )  RATIONAL_B_SPLINE_SURFACE ( (
 ( 1.000000000000000000, 0.9238795325112867385, 1.000000000000000000, 0.9238795325112867385, 1.000000000000000000, 0.9238795325112867385, 1.000000000000000000, 0.9238795325112867385, 1.000000000000000000, 0.9238795325112867385, 1.000000000000000000, 0.9238795325112867385, 1.000000000000000000, 0.9238795325112867385, 1.000000000000000000, 0.9238795325112867385, 1.000000000000000000, 0.9238795325112867385, 1.000000000000000000, 0.9238795325112867385, 1.000000000000000000, 0.9238795325112867385, 1.000000000000000000, 0.9238795325112867385, 1.000000000000000000, 0.9238795325112867385, 1.000000000000000000, 0.9238795325112867385, 1.000000000000000000, 0.9238795325112867385, 1.000000000000000000, 0.9238795325112867385, 1.000000000000000000, 0.9238795325112867385, 1.000000000000000000, 0.9238795325112867385, 1.000000000000000000, 0.9238795325112867385, 1.000000000000000000, 0.9238795325112867385, 1.000000000000000000, 0.9238795325112867385, 1.000000000000000000, 0.9238795325112867385, 1.000000000000000000, 0.9238795325112867385, 1.000000000000000000, 0.9238795325112867385, 1.000000000000000000, 0.9238795325112867385, 1.000000000000000000, 0.9238795325112867385, 1.000000000000000000, 0.9238795325112867385, 1.000000000000000000, 0.9238795325112867385, 1.000000000000000000, 0.9238795325112867385, 1.000000000000000000, 0.9238795325112867385, 1.000000000000000000, 0.9238795325112867385, 1.000000000000000000, 0.9238795325112867385, 1.000000000000000000, 0.9238795325112867385, 1.000000000000000000, 0.9238795325112867385, 1.000000000000000000, 0.9238795325112867385, 1.000000000000000000, 0.9238795325112867385, 1.000000000000000000, 0.9238795325112867385, 1.000000000000000000, 0.9238795325112867385, 1.000000000000000000, 0.9238795325112867385, 1.000000000000000000, 0.9238795325112867385, 1.000000000000000000, 0.9238795325112867385, 1.000000000000000000, 0.9238795325112867385, 1.000000000000000000, 0.9238795325112867385, 1.000000000000000000, 0.9238795325112867385, 1.000000000000000000, 0.9238795325112867385, 1.000000000000000000, 0.9238795325112867385, 1.000000000000000000, 0.9238795325112867385, 1.000000000000000000, 0.9238795325112867385, 1.000000000000000000, 0.9238795325112867385, 1.000000000000000000, 0.9238795325112867385, 1.000000000000000000, 0.9238795325112867385, 1.000000000000000000, 0.9238795325112867385, 1.000000000000000000, 0.9238795325112867385, 1.000000000000000000, 0.9238795325112867385, 1.000000000000000000, 0.9238795325112867385, 1.000000000000000000, 0.9238795325112867385, 1.000000000000000000, 0.9238795325112867385, 1.000000000000000000, 0.9238795325112867385, 1.000000000000000000, 0.9238795325112867385, 1.000000000000000000, 0.9238795325112867385, 1.000000000000000000, 0.9238795325112867385, 1.000000000000000000, 0.9238795325112867385, 1.000000000000000000, 0.9238795325112867385, 1.000000000000000000, 0.9238795325112867385, 1.000000000000000000, 0.9238795325112867385, 1.000000000000000000, 0.9238795325112867385, 1.000000000000000000, 0.9238795325112867385, 1.000000000000000000, 0.9238795325112867385, 1.000000000000000000, 0.9238795325112867385, 1.000000000000000000, 0.9238795325112867385, 1.000000000000000000, 0.9238795325112867385, 1.000000000000000000, 0.9238795325112867385, 1.000000000000000000, 0.9238795325112867385, 1.000000000000000000, 0.9238795325112867385, 1.000000000000000000, 0.9238795325112867385, 1.000000000000000000, 0.9238795325112867385, 1.000000000000000000, 0.9238795325112867385, 1.000000000000000000, 0.9238795325112867385, 1.000000000000000000, 0.9238795325112867385, 1.000000000000000000, 0.9238795325112867385, 1.000000000000000000, 0.9238795325112867385, 1.000000000000000000, 0.9238795325112867385, 1.000000000000000000, 0.9238795325112867385, 1.000000000000000000, 0.9845851904523107434, 0.9754135468028541922),
 ( 1.000000000000000000, 0.9238795325112867385, 1.000000000000000000, 0.9238795325112867385, 1.000000000000000000, 0.9238795325112867385, 1.000000000000000000, 0.9238795325112867385, 1.000000000000000000, 0.9238795325112867385, 1.000000000000000000, 0.9238795325112867385, 1.000000000000000000, 0.9238795325112867385, 1.000000000000000000, 0.9238795325112867385, 1.000000000000000000, 0.9238795325112867385, 1.000000000000000000, 0.9238795325112867385, 1.000000000000000000, 0.9238795325112867385, 1.000000000000000000, 0.9238795325112867385, 1.000000000000000000, 0.9238795325112867385, 1.000000000000000000, 0.9238795325112867385, 1.000000000000000000, 0.9238795325112867385, 1.000000000000000000, 0.9238795325112867385, 1.000000000000000000, 0.9238795325112867385, 1.000000000000000000, 0.9238795325112867385, 1.000000000000000000, 0.9238795325112867385, 1.000000000000000000, 0.9238795325112867385, 1.000000000000000000, 0.9238795325112867385, 1.000000000000000000, 0.9238795325112867385, 1.000000000000000000, 0.9238795325112867385, 1.000000000000000000, 0.9238795325112867385, 1.000000000000000000, 0.9238795325112867385, 1.000000000000000000, 0.9238795325112867385, 1.000000000000000000, 0.9238795325112867385, 1.000000000000000000, 0.9238795325112867385, 1.000000000000000000, 0.9238795325112867385, 1.000000000000000000, 0.9238795325112867385, 1.000000000000000000, 0.9238795325112867385, 1.000000000000000000, 0.9238795325112867385, 1.000000000000000000, 0.9238795325112867385, 1.000000000000000000, 0.9238795325112867385, 1.000000000000000000, 0.9238795325112867385, 1.000000000000000000, 0.9238795325112867385, 1.000000000000000000, 0.9238795325112867385, 1.000000000000000000, 0.9238795325112867385, 1.000000000000000000, 0.9238795325112867385, 1.000000000000000000, 0.9238795325112867385, 1.000000000000000000, 0.9238795325112867385, 1.000000000000000000, 0.9238795325112867385, 1.000000000000000000, 0.9238795325112867385, 1.000000000000000000, 0.9238795325112867385, 1.000000000000000000, 0.9238795325112867385, 1.000000000000000000, 0.9238795325112867385, 1.000000000000000000, 0.9238795325112867385, 1.000000000000000000, 0.9238795325112867385, 1.000000000000000000, 0.9238795325112867385, 1.000000000000000000, 0.9238795325112867385, 1.000000000000000000, 0.9238795325112867385, 1.000000000000000000, 0.9238795325112867385, 1.000000000000000000, 0.9238795325112867385, 1.000000000000000000, 0.9238795325112867385, 1.000000000000000000, 0.9238795325112867385, 1.000000000000000000, 0.9238795325112867385, 1.000000000000000000, 0.9238795325112867385, 1.000000000000000000, 0.9238795325112867385, 1.000000000000000000, 0.9238795325112867385, 1.000000000000000000, 0.9238795325112867385, 1.000000000000000000, 0.9238795325112867385, 1.000000000000000000, 0.9238795325112867385, 1.000000000000000000, 0.9238795325112867385, 1.000000000000000000, 0.9238795325112867385, 1.000000000000000000, 0.9238795325112867385, 1.000000000000000000, 0.9238795325112867385, 1.000000000000000000, 0.9238795325112867385, 1.000000000000000000, 0.9238795325112867385, 1.000000000000000000, 0.9238795325112867385, 1.000000000000000000, 0.9238795325112867385, 1.000000000000000000, 0.9238795325112867385, 1.000000000000000000, 0.9238795325112867385, 1.000000000000000000, 0.9238795325112867385, 1.000000000000000000, 0.9238795325112867385, 1.000000000000000000, 0.9238795325112867385, 1.000000000000000000, 0.9238795325112867385, 1.000000000000000000, 0.9238795325112867385, 1.000000000000000000, 0.9238795325112867385, 1.000000000000000000, 0.9238795325112867385, 1.000000000000000000, 0.9238795325112867385, 1.000000000000000000, 0.9238795325112867385, 1.000000000000000000, 0.9238795325112867385, 1.000000000000000000, 0.9238795325112867385, 1.000000000000000000, 0.9845851904523107434, 0.9754135468028541922),
 ( 1.000000000000000000, 0.9238795325112867385, 1.000000000000000000, 0.9238795325112867385, 1.000000000000000000, 0.9238795325112867385, 1.000000000000000000, 0.9238795325112867385, 1.000000000000000000, 0.9238795325112867385, 1.000000000000000000, 0.9238795325112867385, 1.000000000000000000, 0.9238795325112867385, 1.000000000000000000, 0.9238795325112867385, 1.000000000000000000, 0.9238795325112867385, 1.000000000000000000, 0.9238795325112867385, 1.000000000000000000, 0.9238795325112867385, 1.000000000000000000, 0.9238795325112867385, 1.000000000000000000, 0.9238795325112867385, 1.000000000000000000, 0.9238795325112867385, 1.000000000000000000, 0.9238795325112867385, 1.000000000000000000, 0.9238795325112867385, 1.000000000000000000, 0.9238795325112867385, 1.000000000000000000, 0.9238795325112867385, 1.000000000000000000, 0.9238795325112867385, 1.000000000000000000, 0.9238795325112867385, 1.000000000000000000, 0.9238795325112867385, 1.000000000000000000, 0.9238795325112867385, 1.000000000000000000, 0.9238795325112867385, 1.000000000000000000, 0.9238795325112867385, 1.000000000000000000, 0.9238795325112867385, 1.000000000000000000, 0.9238795325112867385, 1.000000000000000000, 0.9238795325112867385, 1.000000000000000000, 0.9238795325112867385, 1.000000000000000000, 0.9238795325112867385, 1.000000000000000000, 0.9238795325112867385, 1.000000000000000000, 0.9238795325112867385, 1.000000000000000000, 0.9238795325112867385, 1.000000000000000000, 0.9238795325112867385, 1.000000000000000000, 0.9238795325112867385, 1.000000000000000000, 0.9238795325112867385, 1.000000000000000000, 0.9238795325112867385, 1.000000000000000000, 0.9238795325112867385, 1.000000000000000000, 0.9238795325112867385, 1.000000000000000000, 0.9238795325112867385, 1.000000000000000000, 0.9238795325112867385, 1.000000000000000000, 0.9238795325112867385, 1.000000000000000000, 0.9238795325112867385, 1.000000000000000000, 0.9238795325112867385, 1.000000000000000000, 0.9238795325112867385, 1.000000000000000000, 0.9238795325112867385, 1.000000000000000000, 0.9238795325112867385, 1.000000000000000000, 0.9238795325112867385, 1.000000000000000000, 0.9238795325112867385, 1.000000000000000000, 0.9238795325112867385, 1.000000000000000000, 0.9238795325112867385, 1.000000000000000000, 0.9238795325112867385, 1.000000000000000000, 0.9238795325112867385, 1.000000000000000000, 0.9238795325112867385, 1.000000000000000000, 0.9238795325112867385, 1.000000000000000000, 0.9238795325112867385, 1.000000000000000000, 0.9238795325112867385, 1.000000000000000000, 0.9238795325112867385, 1.000000000000000000, 0.9238795325112867385, 1.000000000000000000, 0.9238795325112867385, 1.000000000000000000, 0.9238795325112867385, 1.000000000000000000, 0.9238795325112867385, 1.000000000000000000, 0.9238795325112867385, 1.000000000000000000, 0.9238795325112867385, 1.000000000000000000, 0.9238795325112867385, 1.000000000000000000, 0.9238795325112867385, 1.000000000000000000, 0.9238795325112867385, 1.000000000000000000, 0.9238795325112867385, 1.000000000000000000, 0.9238795325112867385, 1.000000000000000000, 0.9238795325112867385, 1.000000000000000000, 0.9238795325112867385, 1.000000000000000000, 0.9238795325112867385, 1.000000000000000000, 0.9238795325112867385, 1.000000000000000000, 0.9238795325112867385, 1.000000000000000000, 0.9238795325112867385, 1.000000000000000000, 0.9238795325112867385, 1.000000000000000000, 0.9238795325112867385, 1.000000000000000000, 0.9238795325112867385, 1.000000000000000000, 0.9238795325112867385, 1.000000000000000000, 0.9238795325112867385, 1.000000000000000000, 0.9238795325112867385, 1.000000000000000000, 0.9238795325112867385, 1.000000000000000000, 0.9238795325112867385, 1.000000000000000000, 0.9238795325112867385, 1.000000000000000000, 0.9845851904523107434, 0.9754135468028541922) ) ) 
 REPRESENTATION_ITEM ( '' )  SURFACE ( )  );
#3067 = ORIENTED_EDGE ( 'NONE', *, *, #2323, .T. ) ;
#3068 = CARTESIAN_POINT ( 'NONE',  ( -2.534977629170334090, 24.37422029197851359, -2.165044693728621183 ) ) ;
#3069 = CARTESIAN_POINT ( 'NONE',  ( -3.323417656250001517, 13.65624999829300990, 1.376604666648954201 ) ) ;
#3070 = CARTESIAN_POINT ( 'NONE',  ( -1.656854249492380360, 22.48437499658601624, -4.000000000000000000 ) ) ;
#3071 = CARTESIAN_POINT ( 'NONE',  ( 4.000000000000000000, 22.17187499658600913, -1.656854249492380582 ) ) ;
#3072 = ORIENTED_EDGE ( 'NONE', *, *, #3558, .F. ) ;
#3073 = CARTESIAN_POINT ( 'NONE',  ( -2.458186984775501571, 12.69260638866069613, -3.198667289324962137 ) ) ;
#3074 = CARTESIAN_POINT ( 'NONE',  ( -3.323417656250000185, 23.57812499829300990, -4.070012794956361332E-16 ) ) ;
#3075 = CARTESIAN_POINT ( 'NONE',  ( -3.323417656250000185, 12.32812499829300812, -4.070012794956361332E-16 ) ) ;
#3076 = CARTESIAN_POINT ( 'NONE',  ( 4.507059494062497507, 22.03537406460786130, -1.866885168863107181 ) ) ;
#3077 = EDGE_CURVE ( 'NONE', #232, #594, #3105, .T. ) ;
#3078 = DIRECTION ( 'NONE',  ( 0.000000000000000000, 0.000000000000000000, 1.000000000000000000 ) ) ;
#3079 = CARTESIAN_POINT ( 'NONE',  ( -3.323417656250001517, 12.09374999829300812, 1.376604666648954645 ) ) ;
#3080 = CARTESIAN_POINT ( 'NONE',  ( 3.495145500914972114, 12.35408511092856010, -2.014476013098945195 ) ) ;
#3081 = ADVANCED_FACE ( 'NONE', ( #3622 ), #2226, .F. ) ;
#3082 = CARTESIAN_POINT ( 'NONE',  ( 2.051439947054306323, 11.05158832580953998, -3.754874447751948452 ) ) ;
#3083 = CARTESIAN_POINT ( 'NONE',  ( -3.323417656249999741, 11.93749999829300812, -1.376604666648955311 ) ) ;
#3084 = CARTESIAN_POINT ( 'NONE',  ( 3.999999999999999112, 22.17187500000000355, 1.656854249492383246 ) ) ;
#3085 = AXIS2_PLACEMENT_3D ( 'NONE', #1827, #2983, #382 ) ;
#3086 = EDGE_LOOP ( 'NONE', ( #2358, #1683, #2310, #528 ) ) ;
#3087 = CARTESIAN_POINT ( 'NONE',  ( -3.323417656250000185, 23.26562499829300990, -4.070012794956361332E-16 ) ) ;
#3088 = CARTESIAN_POINT ( 'NONE',  ( -2.350011161449478081, 17.48437499829300634, 2.350011161449477193 ) ) ;
#3089 = CARTESIAN_POINT ( 'NONE',  ( -1.376604666648954867, 12.09374999829300812, -3.323417656249999741 ) ) ;
#3090 = CARTESIAN_POINT ( 'NONE',  ( 0.5784759579950490282, 23.99999999999999289, -3.578140899284305121 ) ) ;
#3091 = ORIENTED_EDGE ( 'NONE', *, *, #3649, .F. ) ;
#3092 = DIRECTION ( 'NONE',  ( 0.000000000000000000, 0.000000000000000000, 1.000000000000000000 ) ) ;
#3093 = CARTESIAN_POINT ( 'NONE',  ( 3.323417656249998853, 24.12499999829300634, 1.376604666648957087 ) ) ;
#3094 = CARTESIAN_POINT ( 'NONE',  ( 1.376604666648955755, 16.46874999829300990, 3.323417656249999741 ) ) ;
#3095 = FACE_OUTER_BOUND ( 'NONE', #2979, .T. ) ;
#3096 = CARTESIAN_POINT ( 'NONE',  ( 3.280765086391423502, 24.00000000000000355, 0.5735059800420705400 ) ) ;
#3097 = CARTESIAN_POINT ( 'NONE',  ( 3.323417656249999741, 17.71874999829300634, -1.376604666648954867 ) ) ;
#3098 = DIRECTION ( 'NONE',  ( 0.000000000000000000, 1.000000000000000000, 0.000000000000000000 ) ) ;
#3099 = CARTESIAN_POINT ( 'NONE',  ( 0.000000000000000000, 10.49999999999999822, -4.500000000000000888 ) ) ;
#3100 = CARTESIAN_POINT ( 'NONE',  ( 2.350011161449477193, 16.23437499829300634, 2.350011161449478081 ) ) ;
#3101 = EDGE_CURVE ( 'NONE', #3746, #2976, #3413, .T. ) ;
#3102 = AXIS2_PLACEMENT_3D ( 'NONE', #2239, #845, #3092 ) ;
#3103 = DIRECTION ( 'NONE',  ( -0.000000000000000000, -1.000000000000000000, -0.000000000000000000 ) ) ;
#3104 = CARTESIAN_POINT ( 'NONE',  ( -4.507059494062498395, 11.33224906460786308, -5.519555982970327188E-16 ) ) ;
#3105 = CIRCLE ( 'NONE', #441, 7.625000000000000000 ) ;
#3106 = ORIENTED_EDGE ( 'NONE', *, *, #1387, .F. ) ;
#3107 = CARTESIAN_POINT ( 'NONE',  ( 2.035006397478180666E-16, 20.45312499829300634, -3.323417656250000185 ) ) ;
#3108 = CARTESIAN_POINT ( 'NONE',  ( -1.376604666648956865, 12.56249999829300812, 3.323417656249998853 ) ) ;
#3109 = CARTESIAN_POINT ( 'NONE',  ( 2.828427124746190291, 24.74999999658601624, -2.828427124746190291 ) ) ;
#3110 = CIRCLE ( 'NONE', #3663, 3.000000000000000444 ) ;
#3111 =( NAMED_UNIT ( * ) PLANE_ANGLE_UNIT ( ) SI_UNIT ( $, .RADIAN. ) );
#3112 = ORIENTED_EDGE ( 'NONE', *, *, #977, .F. ) ;
#3113 = CARTESIAN_POINT ( 'NONE',  ( -1.464875778727484645, 11.86453628162436402, 3.793601207035013800 ) ) ;
#3114 = CARTESIAN_POINT ( 'NONE',  ( -2.350011161449478081, 21.23437499829300634, 2.350011161449477193 ) ) ;
#3115 = CARTESIAN_POINT ( 'NONE',  ( 2.035006397478180666E-16, 12.01562499829300812, -3.323417656250000185 ) ) ;
#3116 = CARTESIAN_POINT ( 'NONE',  ( -2.828427124746190735, 16.62499999658601624, 2.828427124746189847 ) ) ;
#3117 = LINE ( 'NONE', #1449, #2447 ) ;
#3118 = CARTESIAN_POINT ( 'NONE',  ( 3.323417656249999297, 20.06249999829301345, 1.376604666648957087 ) ) ;
#3119 = FACE_OUTER_BOUND ( 'NONE', #3406, .T. ) ;
#3120 = AXIS2_PLACEMENT_3D ( 'NONE', #2948, #1471, #3254 ) ;
#3121 = CARTESIAN_POINT ( 'NONE',  ( 3.198667838868300528, 20.86919725080453247, 2.458186269692876014 ) ) ;
#3122 = CYLINDRICAL_SURFACE ( 'NONE', #627, 16.00000000000000000 ) ;
#3123 = CARTESIAN_POINT ( 'NONE',  ( -2.350011161449478081, 17.17187499829300634, 2.350011161449477193 ) ) ;
#3124 = ORIENTED_EDGE ( 'NONE', *, *, #1103, .T. ) ;
#3125 = LINE ( 'NONE', #834, #2033 ) ;
#3126 = CARTESIAN_POINT ( 'NONE',  ( 1.866885168863107403, 12.19162406460786130, -4.507059494062497507 ) ) ;
#3127 = B_SPLINE_CURVE_WITH_KNOTS ( 'NONE', 1,
 ( #455, #1040 ),
 .UNSPECIFIED., .F., .F.,
 ( 2, 2 ),
 ( 0.4571428585697632774, 1.000000000000000000 ),
 .UNSPECIFIED. ) ;
#3128 = ADVANCED_FACE ( 'NONE', ( #3334 ), #477, .F. ) ;
#3129 = EDGE_LOOP ( 'NONE', ( #1464, #3280 ) ) ;
#3130 = CARTESIAN_POINT ( 'NONE',  ( -4.000000000000000000, 11.54687500000000000, -1.656854249492381248 ) ) ;
#3131 = CARTESIAN_POINT ( 'NONE',  ( -1.376604666648954867, 14.59374999829300457, -3.323417656249999741 ) ) ;
#3132 = CARTESIAN_POINT ( 'NONE',  ( -2.350011161449477193, 12.17187499829300812, -2.350011161449477637 ) ) ;
#3133 = CARTESIAN_POINT ( 'NONE',  ( 1.716241413905481906E-05, 23.81211334600675045, -3.999999999921989513 ) ) ;
#3134 = VERTEX_POINT ( 'NONE', #1639 ) ;
#3135 = CARTESIAN_POINT ( 'NONE',  ( 0.000000000000000000, 31.85000000000000497, 0.000000000000000000 ) ) ;
#3136 = AXIS2_PLACEMENT_3D ( 'NONE', #2205, #2506, #1582 ) ;
#3137 = CARTESIAN_POINT ( 'NONE',  ( -1.376604666648954867, 20.84374999829300634, -3.323417656249999741 ) ) ;
#3138 = CARTESIAN_POINT ( 'NONE',  ( 3.323417656249999297, 14.12499999829300634, 1.376604666648957087 ) ) ;
#3139 = DIRECTION ( 'NONE',  ( 0.000000000000000000, 0.000000000000000000, 1.000000000000000000 ) ) ;
#3140 = CARTESIAN_POINT ( 'NONE',  ( -4.000000000000000000, 20.14062499658601624, -1.656854249492381248 ) ) ;
#3141 = CARTESIAN_POINT ( 'NONE',  ( 2.035006397478180666E-16, 15.45312499829300812, -3.323417656250000185 ) ) ;
#3142 = CARTESIAN_POINT ( 'NONE',  ( -2.458186289018343462, 20.55671607135960244, 3.198667824016622419 ) ) ;
#3143 = CIRCLE ( 'NONE', #3632, 5.000000000000000000 ) ;
#3144 = CARTESIAN_POINT ( 'NONE',  ( -9.627662652800102026E-06, 18.18728309654232689, 3.999999999975450304 ) ) ;
#3145 = PLANE ( 'NONE',  #1166 ) ;
#3146 = CARTESIAN_POINT ( 'NONE',  ( -1.376604666648954867, 14.28124999829300634, -3.323417656249999741 ) ) ;
#3147 = DIRECTION ( 'NONE',  ( -0.000000000000000000, -1.000000000000000000, -0.000000000000000000 ) ) ;
#3148 = CARTESIAN_POINT ( 'NONE',  ( -4.507059494062497507, 13.75412406460786485, -1.866885168863107625 ) ) ;
#3149 = ORIENTED_EDGE ( 'NONE', *, *, #1298, .T. ) ;
#3150 = CARTESIAN_POINT ( 'NONE',  ( 1.376604666648955089, 21.62499999829300990, -3.323417656249999741 ) ) ;
#3151 = CARTESIAN_POINT ( 'NONE',  ( 3.323417656249999741, 15.53124999829300634, -1.376604666648954867 ) ) ;
#3152 = CARTESIAN_POINT ( 'NONE',  ( -2.828427124746190735, 22.87499999658601624, 2.828427124746189847 ) ) ;
#3153 = CARTESIAN_POINT ( 'NONE',  ( 0.000000000000000000, 10.50000000000000000, 11.00000000000000000 ) ) ;
#3154 = ORIENTED_EDGE ( 'NONE', *, *, #1227, .T. ) ;
#3155 = CYLINDRICAL_SURFACE ( 'NONE', #1834, 4.000000000000000000 ) ;
#3156 = ADVANCED_FACE ( 'NONE', ( #1621 ), #2777, .F. ) ;
#3157 = CARTESIAN_POINT ( 'NONE',  ( 2.350011161449477637, 24.35937499829300634, -2.350011161449477637 ) ) ;
#3158 = CARTESIAN_POINT ( 'NONE',  ( -3.323417656250000185, 16.07812499829300990, -4.070012794956361332E-16 ) ) ;
#3159 = CARTESIAN_POINT ( 'NONE',  ( -7.227421135308288384E-06, 14.90625033737828709, -3.999999999993470556 ) ) ;
#3160 = CARTESIAN_POINT ( 'NONE',  ( -2.828427124746190735, 20.37499999658601624, 2.828427124746189847 ) ) ;
#3161 = B_SPLINE_CURVE_WITH_KNOTS ( 'NONE', 3,
 ( #1738, #943, #2117, #2916, #3255, #310, #3548, #365, #3490, #2099, #1528, #2685, #1511, #588, #26, #891, #605, #2898 ),
 .UNSPECIFIED., .F., .F.,
 ( 4, 2, 2, 2, 2, 2, 2, 2, 4 ),
 ( 0.8894228894854225853, 0.8954325036035658547, 0.9014421177217091241, 0.9074517318398523935, 0.9134613459579956629, 0.9194709600761388213, 0.9254805741942820907, 0.9314901883124253601, 0.9374998024305686295 ),
 .UNSPECIFIED. ) ;
#3162 = CARTESIAN_POINT ( 'NONE',  ( 1.376604666648955755, 18.65624999829300634, 3.323417656249999741 ) ) ;
#3163 = CARTESIAN_POINT ( 'NONE',  ( -3.895890895641485940, 20.32235518677589070, -1.046990835286909505 ) ) ;
#3164 = CARTESIAN_POINT ( 'NONE',  ( 0.000000000000000000, 11.00000000000000000, 0.000000000000000000 ) ) ;
#3165 = CARTESIAN_POINT ( 'NONE',  ( -1.307756106749755463E-06, 13.65625005825047822, -3.999999999999786837 ) ) ;
#3166 = CARTESIAN_POINT ( 'NONE',  ( -3.323417656250001517, 15.84374999829300634, 1.376604666648954201 ) ) ;
#3167 = CARTESIAN_POINT ( 'NONE',  ( -3.999999892438028670, 21.65040019941685401, 0.5235995993244640934 ) ) ;
#3168 = CARTESIAN_POINT ( 'NONE',  ( -4.507059494062498395, 16.33224906460786485, -5.519555982970327188E-16 ) ) ;
#3169 = ORIENTED_EDGE ( 'NONE', *, *, #2299, .T. ) ;
#3170 = AXIS2_PLACEMENT_3D ( 'NONE', #1135, #2891, #492 ) ;
#3171 = CARTESIAN_POINT ( 'NONE',  ( -1.656854249492382580, 15.60937499999999822, 3.999999999999999112 ) ) ;
#3172 = CARTESIAN_POINT ( 'NONE',  ( 2.350011161449477193, 20.29687499829300990, 2.350011161449478081 ) ) ;
#3173 = CARTESIAN_POINT ( 'NONE',  ( -2.350011161449478081, 17.48437499829300634, 2.350011161449477193 ) ) ;
#3174 = DIRECTION ( 'NONE',  ( -0.000000000000000000, -1.000000000000000000, -0.000000000000000000 ) ) ;
#3175 = ORIENTED_EDGE ( 'NONE', *, *, #1902, .F. ) ;
#3176 = CARTESIAN_POINT ( 'NONE',  ( 9.337931843498568852E-16, 11.50000000000000000, 7.625000000000000000 ) ) ;
#3177 = AXIS2_PLACEMENT_3D ( 'NONE', #542, #2004, #1694 ) ;
#3178 = CARTESIAN_POINT ( 'NONE',  ( 2.350011161449477637, 15.29687499829300812, -2.350011161449477637 ) ) ;
#3179 = CARTESIAN_POINT ( 'NONE',  ( 1.376604666648955755, 17.71874999829300634, 3.323417656249999741 ) ) ;
#3180 = CARTESIAN_POINT ( 'NONE',  ( -1.656854249492380138, 16.23437499658601624, -4.000000000000000000 ) ) ;
#3181 = CARTESIAN_POINT ( 'NONE',  ( -4.000000000000000000, 21.46874999658601624, -4.898587196589412829E-16 ) ) ;
#3182 = CARTESIAN_POINT ( 'NONE',  ( -3.323417656250000185, 19.51562499829300634, -4.070012794956361332E-16 ) ) ;
#3183 = CIRCLE ( 'NONE', #1542, 0.5000000000000004441 ) ;
#3184 = ADVANCED_FACE ( 'NONE', ( #1098 ), #2328, .F. ) ;
#3185 = ORIENTED_EDGE ( 'NONE', *, *, #1414, .T. ) ;
#3186 = UNCERTAINTY_MEASURE_WITH_UNIT (LENGTH_MEASURE( 1.000000000000000082E-05 ), #435, 'distance_accuracy_value', 'NONE');
#3187 = FACE_OUTER_BOUND ( 'NONE', #625, .T. ) ;
#3188 = CARTESIAN_POINT ( 'NONE',  ( 1.656854249492380804, 17.32812499658601624, -4.000000000000000000 ) ) ;
#3189 = CARTESIAN_POINT ( 'NONE',  ( -2.350011161449478081, 15.92187499829300634, 2.350011161449477193 ) ) ;
#3190 = CARTESIAN_POINT ( 'NONE',  ( 7.116090318405943259E-06, 16.31233968005350832, -3.999999999986588062 ) ) ;
#3191 = CARTESIAN_POINT ( 'NONE',  ( -4.507059494062497507, 16.25412406460786130, -1.866885168863107625 ) ) ;
#3192 = ORIENTED_EDGE ( 'NONE', *, *, #2323, .F. ) ;
#3193 = CARTESIAN_POINT ( 'NONE',  ( 2.449293598294706414E-16, 16.31250000000000000, -4.000000000000000000 ) ) ;
#3194 = CARTESIAN_POINT ( 'NONE',  ( -1.376604666648956865, 17.56249999829300990, 3.323417656249998853 ) ) ;
#3195 = EDGE_LOOP ( 'NONE', ( #2254, #355, #573, #3390, #3725, #1444, #2924, #3106, #141, #1346, #2036, #1633, #3577, #3575, #2637, #2785, #2053, #824, #3263, #2790, #929, #1100, #3379, #449, #2008, #2446, #2165 ) ) ;
#3196 = CARTESIAN_POINT ( 'NONE',  ( -3.198667155650439575, 15.50493700366589600, 2.458187158716814036 ) ) ;
#3197 = CARTESIAN_POINT ( 'NONE',  ( -1.376604666648954867, 24.59374999829300634, -3.323417656249999741 ) ) ;
#3198 = CARTESIAN_POINT ( 'NONE',  ( 2.035006397478180666E-16, 20.76562499829300634, -3.323417656250000185 ) ) ;
#3199 = CARTESIAN_POINT ( 'NONE',  ( 2.828427124746189403, 15.68749999658601624, 2.828427124746190735 ) ) ;
#3200 = DIRECTION ( 'NONE',  ( -1.000000000000000000, 0.000000000000000000, 0.000000000000000000 ) ) ;
#3201 = CARTESIAN_POINT ( 'NONE',  ( -2.290148581540085403E-06, 16.78120015883094496, 3.999999999998629541 ) ) ;
#3202 = DIRECTION ( 'NONE',  ( 0.000000000000000000, 0.000000000000000000, 1.000000000000000000 ) ) ;
#3203 = CARTESIAN_POINT ( 'NONE',  ( 2.014475569612964811, 16.20801965741714312, -3.495145756524271174 ) ) ;
#3204 = CARTESIAN_POINT ( 'NONE',  ( 1.959434878635765131E-15, 10.00000000000000000, 16.00000000000000000 ) ) ;
#3205 = STYLED_ITEM ( 'NONE', ( #3599 ), #3516 ) ;
#3206 = CARTESIAN_POINT ( 'NONE',  ( -2.350011161449477193, 21.85937499829300990, -2.350011161449477637 ) ) ;
#3207 = EDGE_CURVE ( 'NONE', #3672, #2071, #1497, .T. ) ;
#3208 = DIRECTION ( 'NONE',  ( -0.000000000000000000, -1.000000000000000000, -0.000000000000000000 ) ) ;
#3209 = CARTESIAN_POINT ( 'NONE',  ( 3.186972331462802899, 15.86349906460786308, -3.186972331462802899 ) ) ;
#3210 = ORIENTED_EDGE ( 'NONE', *, *, #3101, .T. ) ;
#3211 = CARTESIAN_POINT ( 'NONE',  ( -1.656854249492380360, 16.39062499999999645, -4.000000000000000000 ) ) ;
#3212 = CARTESIAN_POINT ( 'NONE',  ( -3.323417656250001517, 16.15624999829300634, 1.376604666648954201 ) ) ;
#3213 = EDGE_LOOP ( 'NONE', ( #2295, #514, #2234, #1419 ) ) ;
#3214 = CARTESIAN_POINT ( 'NONE',  ( -2.458187525909006244, 21.44207941312024701, -3.198666873461869731 ) ) ;
#3215 = CARTESIAN_POINT ( 'NONE',  ( 1.376604666648955755, 21.46874999829300634, 3.323417656249999741 ) ) ;
#3216 = CARTESIAN_POINT ( 'NONE',  ( -4.000000000000000888, 16.54687499658601979, 1.656854249492379694 ) ) ;
#3217 = DIRECTION ( 'NONE',  ( 0.000000000000000000, 1.000000000000000000, 0.000000000000000000 ) ) ;
#3218 = CARTESIAN_POINT ( 'NONE',  ( -3.323417656250001517, 20.84374999829300634, 1.376604666648954645 ) ) ;
#3219 = CARTESIAN_POINT ( 'NONE',  ( 1.656854249492380804, 21.07812499658601979, -4.000000000000000000 ) ) ;
#3220 = DIRECTION ( 'NONE',  ( -0.000000000000000000, -1.000000000000000000, -0.000000000000000000 ) ) ;
#3221 = CARTESIAN_POINT ( 'NONE',  ( 1.046992459473366166, 23.23884619492851655, 3.895890459153445562 ) ) ;
#3222 = CARTESIAN_POINT ( 'NONE',  ( 3.323417656250000185, 23.89062499829300990, 0.000000000000000000 ) ) ;
#3223 = FACE_OUTER_BOUND ( 'NONE', #3030, .T. ) ;
#3224 = ORIENTED_EDGE ( 'NONE', *, *, #3357, .F. ) ;
#3225 = EDGE_CURVE ( 'NONE', #2530, #2464, #2564, .T. ) ;
#3226 = CARTESIAN_POINT ( 'NONE',  ( 2.828427124746190291, 13.65625000000000000, -2.828427124746190291 ) ) ;
#3227 = CARTESIAN_POINT ( 'NONE',  ( -3.323417656249999741, 18.49999999829300279, -1.376604666648955311 ) ) ;
#3228 = ORIENTED_EDGE ( 'NONE', *, *, #197, .F. ) ;
#3229 = CARTESIAN_POINT ( 'NONE',  ( -4.000000044291655676, 15.34869641394338480, -0.5235984392488933770 ) ) ;
#3230 = CARTESIAN_POINT ( 'NONE',  ( 2.350011161449477637, 12.79687499829300634, -2.350011161449477637 ) ) ;
#3231 = CARTESIAN_POINT ( 'NONE',  ( -2.350011161449478081, 19.98437499829300990, 2.350011161449477193 ) ) ;
#3232 = CARTESIAN_POINT ( 'NONE',  ( 1.656854249492381026, 16.07812499658601624, -4.000000000000000000 ) ) ;
#3233 = CARTESIAN_POINT ( 'NONE',  ( 8.790471182568895933E-06, 17.56230195771275859, -3.999999999979533705 ) ) ;
#3234 = CARTESIAN_POINT ( 'NONE',  ( -3.323417656250001517, 23.34374999829300634, 1.376604666648954645 ) ) ;
#3235 = AXIS2_PLACEMENT_3D ( 'NONE', #2899, #523, #1163 ) ;
#3236 = CARTESIAN_POINT ( 'NONE',  ( 1.046991988713004584, 16.98922260602961742, 3.895890585666885730 ) ) ;
#3237 = LINE ( 'NONE', #3508, #1425 ) ;
#3238 = DIRECTION ( 'NONE',  ( 0.000000000000000000, 0.000000000000000000, -1.000000000000000000 ) ) ;
#3239 = CARTESIAN_POINT ( 'NONE',  ( -2.350011161449477193, 19.35937499829300990, -2.350011161449477637 ) ) ;
#3240 = DIRECTION ( 'NONE',  ( -0.000000000000000000, 1.000000000000000000, -0.000000000000000000 ) ) ;
#3241 = CARTESIAN_POINT ( 'NONE',  ( 3.323417656249999741, 19.28124999829300990, -1.376604666648954867 ) ) ;
#3242 = ORIENTED_EDGE ( 'NONE', *, *, #889, .F. ) ;
#3243 = EDGE_CURVE ( 'NONE', #1876, #2220, #2200, .T. ) ;
#3244 = CARTESIAN_POINT ( 'NONE',  ( -4.000000000000000888, 14.20312500000000178, 1.656854249492379694 ) ) ;
#3245 = CARTESIAN_POINT ( 'NONE',  ( -6.105019192434541011E-16, 16.39062499829300634, 3.323417656250000185 ) ) ;
#3246 = VERTEX_POINT ( 'NONE', #3403 ) ;
#3247 = CARTESIAN_POINT ( 'NONE',  ( -2.014476625507787944, 21.41603931483316714, -3.495145147944463293 ) ) ;
#3248 = ADVANCED_FACE ( 'NONE', ( #3424, #3445 ), #2609, .T. ) ;
#3249 = CARTESIAN_POINT ( 'NONE',  ( 1.376604666648955089, 14.12499999829300634, -3.323417656249999741 ) ) ;
#3250 = CARTESIAN_POINT ( 'NONE',  ( -1.376604666648954867, 18.34374999829300634, -3.323417656249999741 ) ) ;
#3251 = CARTESIAN_POINT ( 'NONE',  ( 4.000000000000000000, 17.17187499658601268, -1.656854249492380804 ) ) ;
#3252 = CARTESIAN_POINT ( 'NONE',  ( -8.249490433370778810E-07, 15.53123212034920719, 3.999999999999824141 ) ) ;
#3253 = DIRECTION ( 'NONE',  ( 0.000000000000000000, 0.000000000000000000, -1.000000000000000000 ) ) ;
#3254 = DIRECTION ( 'NONE',  ( 0.000000000000000000, 0.000000000000000000, 1.000000000000000000 ) ) ;
#3255 = CARTESIAN_POINT ( 'NONE',  ( -2.458187603209617045, 22.69200413089992097, -3.198666814056054353 ) ) ;
#3256 = CARTESIAN_POINT ( 'NONE',  ( 8.825249662514453674E-06, 19.90624958045106396, -3.999999999990264676 ) ) ;
#3257 = CARTESIAN_POINT ( 'NONE',  ( 2.035006397478180666E-16, 22.95312499829300990, -3.323417656250000185 ) ) ;
#3258 = DIRECTION ( 'NONE',  ( -0.000000000000000000, -1.000000000000000000, -0.000000000000000000 ) ) ;
#3259 = CARTESIAN_POINT ( 'NONE',  ( -6.105019192434541011E-16, 20.14062499829300634, 3.323417656250000185 ) ) ;
#3260 = ORIENTED_EDGE ( 'NONE', *, *, #367, .F. ) ;
#3261 = CARTESIAN_POINT ( 'NONE',  ( 2.828427124746190291, 17.40624999999999645, -2.828427124746190291 ) ) ;
#3262 = CARTESIAN_POINT ( 'NONE',  ( 2.350011161449477193, 19.04687499829300990, 2.350011161449478081 ) ) ;
#3263 = ORIENTED_EDGE ( 'NONE', *, *, #768, .F. ) ;
#3264 = EDGE_CURVE ( 'NONE', #2484, #1858, #3117, .T. ) ;
#3265 = CARTESIAN_POINT ( 'NONE',  ( 3.323417656250000185, 18.89062499829300634, 0.000000000000000000 ) ) ;
#3266 = CARTESIAN_POINT ( 'NONE',  ( -2.350011161449478081, 23.73437499829300634, 2.350011161449477193 ) ) ;
#3267 = CARTESIAN_POINT ( 'NONE',  ( 2.449293598294706414E-16, 14.90624999658601446, -4.000000000000000000 ) ) ;
#3268 = CARTESIAN_POINT ( 'NONE',  ( 1.765635048913257510, 11.00000000000000178, -4.037318736430287380 ) ) ;
#3269 = CARTESIAN_POINT ( 'NONE',  ( -3.323417656249999741, 23.18749999829300634, -1.376604666648955311 ) ) ;
#3270 = DIRECTION ( 'NONE',  ( -0.000000000000000000, -1.000000000000000000, -0.000000000000000000 ) ) ;
#3271 = EDGE_CURVE ( 'NONE', #2976, #2464, #2147, .T. ) ;
#3272 = DIRECTION ( 'NONE',  ( 1.224646799147353454E-16, 0.000000000000000000, -1.000000000000000000 ) ) ;
#3273 = AXIS2_PLACEMENT_3D ( 'NONE', #2283, #1390, #2547 ) ;
#3274 = CARTESIAN_POINT ( 'NONE',  ( -1.866885168863109623, 15.31662406460785952, 4.507059494062497507 ) ) ;
#3275 = CARTESIAN_POINT ( 'NONE',  ( 1.046485471303042363E-05, 18.81226423537186321, -3.999999999970995646 ) ) ;
#3276 = CARTESIAN_POINT ( 'NONE',  ( 1.376604666648955089, 22.87499999829300634, -3.323417656249999741 ) ) ;
#3277 = DIRECTION ( 'NONE',  ( 0.000000000000000000, 0.000000000000000000, -1.000000000000000000 ) ) ;
#3278 = CARTESIAN_POINT ( 'NONE',  ( 1.656854249492381248, 23.10937499658601624, 3.999999999999999112 ) ) ;
#3279 = CARTESIAN_POINT ( 'NONE',  ( -2.350011161449477193, 22.17187499829300990, -2.350011161449477637 ) ) ;
#3280 = ORIENTED_EDGE ( 'NONE', *, *, #1202, .T. ) ;
#3281 = CARTESIAN_POINT ( 'NONE',  ( 4.000000000000000000, 17.25000000000000000, 0.000000000000000000 ) ) ;
#3282 = EDGE_LOOP ( 'NONE', ( #2507, #2837, #1128, #217, #1698 ) ) ;
#3283 = CARTESIAN_POINT ( 'NONE',  ( -3.323417656250000185, 17.01562499829300634, -4.070012794956361332E-16 ) ) ;
#3284 = CARTESIAN_POINT ( 'NONE',  ( 2.458187409956083869, 19.56719233645060640, 3.198666962572129790 ) ) ;
#3285 = CARTESIAN_POINT ( 'NONE',  ( -7.347880794884119736E-16, 20.53124999658601624, 4.000000000000000000 ) ) ;
#3286 = CARTESIAN_POINT ( 'NONE',  ( -7.662527544611138377E-06, 17.40625035789469877, -3.999999999992660538 ) ) ;
#3287 = CARTESIAN_POINT ( 'NONE',  ( 0.000000000000000000, 0.5000000000000004441, 0.000000000000000000 ) ) ;
#3288 = DIRECTION ( 'NONE',  ( -0.000000000000000000, -1.000000000000000000, -0.000000000000000000 ) ) ;
#3289 = TOROIDAL_SURFACE ( 'NONE', #190, 3.150000000000000355, 0.1499999999999999944 ) ;
#3290 = DIRECTION ( 'NONE',  ( 0.000000000000000000, 0.000000000000000000, 1.000000000000000000 ) ) ;
#3291 = CARTESIAN_POINT ( 'NONE',  ( 4.507059494062497507, 20.62912406460786485, 1.866885168863110067 ) ) ;
#3292 = AXIS2_PLACEMENT_3D ( 'NONE', #925, #368, #349 ) ;
#3293 = ADVANCED_FACE ( 'NONE', ( #1371 ), #499, .F. ) ;
#3294 = CARTESIAN_POINT ( 'NONE',  ( 3.767336188391461676E-06, 13.81241512473454947, -3.999999999996240785 ) ) ;
#3295 = CARTESIAN_POINT ( 'NONE',  ( 3.323417656250000185, 13.89062499829300812, 0.000000000000000000 ) ) ;
#3296 = CARTESIAN_POINT ( 'NONE',  ( 3.999999999999999112, 14.51562499658601624, 1.656854249492383024 ) ) ;
#3297 = TOROIDAL_SURFACE ( 'NONE', #3353, 8.125000000000000000, 0.5000000000000000000 ) ;
#3298 = CARTESIAN_POINT ( 'NONE',  ( 4.000000000000000000, 12.09374999658601624, 0.000000000000000000 ) ) ;
#3299 = CARTESIAN_POINT ( 'NONE',  ( -2.350011161449477193, 18.42187499829300990, -2.350011161449477637 ) ) ;
#3300 = B_SPLINE_CURVE_WITH_KNOTS ( 'NONE', 3,
 ( #1015, #121, #1888, #444, #1606, #2143, #1855, #774, #405, #1925, #154, #3080, #482, #173, #3643, #1334, #2495, #1571 ),
 .UNSPECIFIED., .F., .F.,
 ( 4, 2, 2, 2, 2, 2, 2, 2, 4 ),
 ( 0.07211536941775277543, 0.07812498353589865385, 0.08413459765404451840, 0.09014421177219039683, 0.09615382589033627525, 0.1021634400084821398, 0.1081730541266280182, 0.1141826682447738828, 0.1201922823629197612 ),
 .UNSPECIFIED. ) ;
#3301 = VERTEX_POINT ( 'NONE', #5 ) ;
#3302 = AXIS2_PLACEMENT_3D ( 'NONE', #1702, #3473, #215 ) ;
#3303 = CARTESIAN_POINT ( 'NONE',  ( 3.999999999999999112, 17.17187500000000000, 1.656854249492383246 ) ) ;
#3304 = ORIENTED_EDGE ( 'NONE', *, *, #2990, .T. ) ;
#3305 = CARTESIAN_POINT ( 'NONE',  ( -3.323417656250001517, 17.09374999829300990, 1.376604666648954201 ) ) ;
#3306 = CARTESIAN_POINT ( 'NONE',  ( -3.323417656250000185, 23.57812499829300990, -4.070012794956361332E-16 ) ) ;
#3307 = CARTESIAN_POINT ( 'NONE',  ( 4.000000000000000000, 22.17187499658601624, -1.656854249492380804 ) ) ;
#3308 = SURFACE_SIDE_STYLE ('',( #362 ) ) ;
#3309 = DIRECTION ( 'NONE',  ( -0.000000000000000000, -1.000000000000000000, -0.000000000000000000 ) ) ;
#3310 = CARTESIAN_POINT ( 'NONE',  ( -2.014476034217491662, 12.66656629037360915, -3.495145488742998907 ) ) ;
#3311 = TOROIDAL_SURFACE ( 'NONE', #2161, 15.50000000000000000, 0.5000000000000000000 ) ;
#3312 = CARTESIAN_POINT ( 'NONE',  ( 9.950255243072246565E-16, 11.50000000000000000, -8.125000000000000000 ) ) ;
#3313 = CARTESIAN_POINT ( 'NONE',  ( 3.186972331462802899, 19.61349906460786130, -3.186972331462802899 ) ) ;
#3314 = CARTESIAN_POINT ( 'NONE',  ( 3.317538473602328342, 24.00000000000001066, -0.2947771445971474891 ) ) ;
#3315 = CARTESIAN_POINT ( 'NONE',  ( -3.323417656250001517, 13.34374999829300812, 1.376604666648954645 ) ) ;
#3316 = APPLICATION_CONTEXT ( 'automotive_design' ) ;
#3317 = CARTESIAN_POINT ( 'NONE',  ( 0.000000000000000000, 11.00000000000000000, 8.125000000000000000 ) ) ;
#3318 = CARTESIAN_POINT ( 'NONE',  ( -2.828427124746190735, 15.37499999658601624, 2.828427124746189847 ) ) ;
#3319 = CARTESIAN_POINT ( 'NONE',  ( 3.323417656249999741, 23.03124999829300990, -1.376604666648954867 ) ) ;
#3320 = ORIENTED_EDGE ( 'NONE', *, *, #346, .T. ) ;
#3321 = EDGE_CURVE ( 'NONE', #1540, #2856, #331, .T. ) ;
#3322 = CARTESIAN_POINT ( 'NONE',  ( 2.828427124746189403, 18.34375000000000000, 2.828427124746190735 ) ) ;
#3323 = ORIENTED_EDGE ( 'NONE', *, *, #3667, .T. ) ;
#3324 = B_SPLINE_CURVE_WITH_KNOTS ( 'NONE', 3,
 ( #2091, #917, #1465, #3247, #3214, #1802, #615, #1766, #1108, #3167, #2842, #526, #3744, #294, #2252, #3391, #2577, #1457 ),
 .UNSPECIFIED., .F., .F.,
 ( 4, 2, 2, 2, 2, 2, 2, 2, 4 ),
 ( 0.7932690635951272773, 0.7992786777132707687, 0.8052882918314143712, 0.8112979059495579737, 0.8173075200677014651, 0.8233171341858449566, 0.8293267483039885590, 0.8353363624221321615, 0.8413459765402756529 ),
 .UNSPECIFIED. ) ;
#3325 = CIRCLE ( 'NONE', #1681, 7.625000000000000000 ) ;
#3326 = CARTESIAN_POINT ( 'NONE',  ( 3.323417656249999741, 18.96874999829300634, -1.376604666648954867 ) ) ;
#3327 = CARTESIAN_POINT ( 'NONE',  ( 2.350011161449477637, 21.85937499829300990, -2.350011161449477637 ) ) ;
#3328 = CARTESIAN_POINT ( 'NONE',  ( 2.828427124746189403, 20.68749999658601624, 2.828427124746190735 ) ) ;
#3329 = DIRECTION ( 'NONE',  ( -0.000000000000000000, -1.000000000000000000, -0.000000000000000000 ) ) ;
#3330 = CARTESIAN_POINT ( 'NONE',  ( -3.895890541386227923, 19.17659086214441544, 1.046992153482708021 ) ) ;
#3331 = CARTESIAN_POINT ( 'NONE',  ( 0.000000000000000000, 11.50000000000000000, 8.125000000000000000 ) ) ;
#3332 = CARTESIAN_POINT ( 'NONE',  ( 0.000000000000000000, 24.00000000000000000, 0.000000000000000000 ) ) ;
#3333 = CARTESIAN_POINT ( 'NONE',  ( -4.507059494062498395, 18.83224906460786130, -5.519555982970327188E-16 ) ) ;
#3334 = FACE_OUTER_BOUND ( 'NONE', #2877, .T. ) ;
#3335 = CARTESIAN_POINT ( 'NONE',  ( 2.035006397478180666E-16, 12.95312499829300634, -3.323417656250000185 ) ) ;
#3336 = CARTESIAN_POINT ( 'NONE',  ( -7.227421135308288384E-06, 14.90625033737828709, -3.999999999993470556 ) ) ;
#3337 = CARTESIAN_POINT ( 'NONE',  ( 0.6438056885943949093, 11.24071186619438834, -4.032762598950431432 ) ) ;
#3338 = CARTESIAN_POINT ( 'NONE',  ( -3.323417656250000185, 23.57812499829300990, -4.070012794956361332E-16 ) ) ;
#3339 = ORIENTED_EDGE ( 'NONE', *, *, #3430, .F. ) ;
#3340 = CARTESIAN_POINT ( 'NONE',  ( -4.000000000000000888, 17.95312500000000355, 1.656854249492379694 ) ) ;
#3341 = EDGE_CURVE ( 'NONE', #2220, #1876, #3546, .T. ) ;
#3342 = ORIENTED_EDGE ( 'NONE', *, *, #3624, .F. ) ;
#3343 = CARTESIAN_POINT ( 'NONE',  ( -3.323417656250001517, 12.40624999829300990, 1.376604666648954201 ) ) ;
#3344 = CARTESIAN_POINT ( 'NONE',  ( -7.347880794884119736E-16, 21.78124999658601624, 4.000000000000000000 ) ) ;
#3345 = LINE ( 'NONE', #990, #2108 ) ;
#3346 = DIRECTION ( 'NONE',  ( 0.000000000000000000, 0.000000000000000000, 1.000000000000000000 ) ) ;
#3347 = CARTESIAN_POINT ( 'NONE',  ( -2.866786309607373351, 23.96797122985431727, -2.859428609159694545 ) ) ;
#3348 = DIRECTION ( 'NONE',  ( 0.000000000000000000, 0.000000000000000000, -1.000000000000000000 ) ) ;
#3349 = CARTESIAN_POINT ( 'NONE',  ( -4.507059494062498395, 20.16037406460786130, 1.866885168863106736 ) ) ;
#3350 = CARTESIAN_POINT ( 'NONE',  ( 0.000000000000000000, 11.50000000000000000, 0.000000000000000000 ) ) ;
#3351 = CARTESIAN_POINT ( 'NONE',  ( 4.000000000000000000, 14.59374999658601624, 0.000000000000000000 ) ) ;
#3352 = CARTESIAN_POINT ( 'NONE',  ( 1.376604666648955089, 12.87499999829300634, -3.323417656249999741 ) ) ;
#3353 = AXIS2_PLACEMENT_3D ( 'NONE', #3428, #3741, #568 ) ;
#3354 = CARTESIAN_POINT ( 'NONE',  ( -4.507059494062498395, 12.66037406460786130, 1.866885168863106736 ) ) ;
#3355 = VECTOR ( 'NONE', #3240, 1000.000000000000000 ) ;
#3356 = VERTEX_POINT ( 'NONE', #2306 ) ;
#3357 = EDGE_CURVE ( 'NONE', #2464, #2976, #258, .T. ) ;
#3358 = CARTESIAN_POINT ( 'NONE',  ( 3.323417656250000185, 22.64062499829300990, 0.000000000000000000 ) ) ;
#3359 = CARTESIAN_POINT ( 'NONE',  ( 3.323417656250000185, 12.95312499829300634, 0.000000000000000000 ) ) ;
#3360 = CARTESIAN_POINT ( 'NONE',  ( -7.347880794884119736E-16, 18.03124999658601268, 4.000000000000000000 ) ) ;
#3361 = CARTESIAN_POINT ( 'NONE',  ( -3.198667036832000488, 18.00478643922579991, 2.458187313326925860 ) ) ;
#3362 = CARTESIAN_POINT ( 'NONE',  ( -3.999999917745642453, 19.15055076385733557, 0.5235994059888574581 ) ) ;
#3363 = CARTESIAN_POINT ( 'NONE',  ( -2.930149260134824437E-06, 13.18743398590471649, 3.999999999997725819 ) ) ;
#3364 = ADVANCED_FACE ( 'NONE', ( #2025 ), #2005, .T. ) ;
#3365 = CARTESIAN_POINT ( 'NONE',  ( 1.376604666648955755, 20.21874999829300634, 3.323417656249999297 ) ) ;
#3366 = CARTESIAN_POINT ( 'NONE',  ( 2.035006397478180666E-16, 14.51562499829300812, -3.323417656250000185 ) ) ;
#3367 = CARTESIAN_POINT ( 'NONE',  ( 1.866885168863107403, 18.44162406460786130, -4.507059494062497507 ) ) ;
#3368 = DIRECTION ( 'NONE',  ( 0.000000000000000000, 0.000000000000000000, -1.000000000000000000 ) ) ;
#3369 = CARTESIAN_POINT ( 'NONE',  ( 2.035006397478180666E-16, 24.20312499829300990, -3.323417656250000185 ) ) ;
#3370 = CARTESIAN_POINT ( 'NONE',  ( 2.828427124746189403, 14.43749999658601624, 2.828427124746190735 ) ) ;
#3371 = DIRECTION ( 'NONE',  ( 0.000000000000000000, 0.000000000000000000, -1.000000000000000000 ) ) ;
#3372 = CARTESIAN_POINT ( 'NONE',  ( -3.323417656249999741, 23.49999999829300990, -1.376604666648955311 ) ) ;
#3373 = CARTESIAN_POINT ( 'NONE',  ( -1.656854249492380360, 23.89062500000000000, -4.000000000000000000 ) ) ;
#3374 = ORIENTED_EDGE ( 'NONE', *, *, #3387, .F. ) ;
#3375 = CARTESIAN_POINT ( 'NONE',  ( 2.350011161449477637, 20.29687499829300990, -2.350011161449477637 ) ) ;
#3376 = CARTESIAN_POINT ( 'NONE',  ( 3.323417656249999741, 13.03124999829300812, -1.376604666648954867 ) ) ;
#3377 = CARTESIAN_POINT ( 'NONE',  ( -3.323417656249999741, 12.24999999829300634, -1.376604666648955311 ) ) ;
#3378 = DIRECTION ( 'NONE',  ( 0.000000000000000000, 1.000000000000000000, 0.000000000000000000 ) ) ;
#3379 = ORIENTED_EDGE ( 'NONE', *, *, #682, .F. ) ;
#3380 = ADVANCED_FACE ( 'NONE', ( #583 ), #3441, .T. ) ;
#3381 = CARTESIAN_POINT ( 'NONE',  ( -0.7329877617159206160, 11.90098990997976358, 4.000000013286832967 ) ) ;
#3382 = CARTESIAN_POINT ( 'NONE',  ( -3.323417656250001517, 21.15624999829300279, 1.376604666648954201 ) ) ;
#3383 = CARTESIAN_POINT ( 'NONE',  ( 2.350011161449477193, 15.29687499829300812, 2.350011161449478081 ) ) ;
#3384 = LINE ( 'NONE', #2814, #479 ) ;
#3385 = CARTESIAN_POINT ( 'NONE',  ( 1.046991235443713419, 15.01017513621130028, -3.895890788102403857 ) ) ;
#3386 = CARTESIAN_POINT ( 'NONE',  ( 2.350011161449477637, 15.29687499829300812, -2.350011161449477637 ) ) ;
#3387 = EDGE_CURVE ( 'NONE', #1399, #2530, #343, .T. ) ;
#3388 = DIRECTION ( 'NONE',  ( 0.000000000000000000, -0.000000000000000000, 1.000000000000000000 ) ) ;
#3389 = CARTESIAN_POINT ( 'NONE',  ( -3.323417656250000185, 17.01562499829300634, -4.070012794956361332E-16 ) ) ;
#3390 = ORIENTED_EDGE ( 'NONE', *, *, #2879, .F. ) ;
#3391 = CARTESIAN_POINT ( 'NONE',  ( -1.046990717597944931, 21.88476108400055864, 3.895890927269487047 ) ) ;
#3392 = CARTESIAN_POINT ( 'NONE',  ( -1.866885168863107181, 11.09787406460786130, -4.507059494062497507 ) ) ;
#3393 = ORIENTED_EDGE ( 'NONE', *, *, #682, .T. ) ;
#3394 = CARTESIAN_POINT ( 'NONE',  ( 2.350011161449477637, 24.04687499829300634, -2.350011161449477637 ) ) ;
#3395 = CARTESIAN_POINT ( 'NONE',  ( 1.376604666648955089, 13.18749999829300634, -3.323417656249999741 ) ) ;
#3396 = CARTESIAN_POINT ( 'NONE',  ( -2.828427124746189847, 23.81249999658601624, -2.828427124746190291 ) ) ;
#3397 = DIRECTION ( 'NONE',  ( 0.000000000000000000, 0.000000000000000000, -1.000000000000000000 ) ) ;
#3398 = ORIENTED_EDGE ( 'NONE', *, *, #1202, .F. ) ;
#3399 = FACE_OUTER_BOUND ( 'NONE', #2829, .T. ) ;
#3400 = CARTESIAN_POINT ( 'NONE',  ( 3.323417656250000185, 22.95312499829300990, 0.000000000000000000 ) ) ;
#3401 = CARTESIAN_POINT ( 'NONE',  ( 2.035006397478180666E-16, 13.26562499829300812, -3.323417656250000185 ) ) ;
#3402 = CARTESIAN_POINT ( 'NONE',  ( 2.839570596497121180, 23.99999999999999289, -1.726830549122646774 ) ) ;
#3403 = CARTESIAN_POINT ( 'NONE',  ( -7.953280463050324461E-06, 16.93732081888315477, 3.999999999983246290 ) ) ;
#3404 = CARTESIAN_POINT ( 'NONE',  ( 1.376604666648955089, 17.87499999829300634, -3.323417656249999741 ) ) ;
#3405 = VERTEX_POINT ( 'NONE', #3233 ) ;
#3406 = EDGE_LOOP ( 'NONE', ( #2885, #491, #222, #3631 ) ) ;
#3407 = EDGE_CURVE ( 'NONE', #68, #123, #728, .T. ) ;
#3408 = CARTESIAN_POINT ( 'NONE',  ( 3.895890554037741982, 18.55162850325449142, -1.046992106406034795 ) ) ;
#3409 = CARTESIAN_POINT ( 'NONE',  ( 1.738233291562464533, 11.13567225745357803, -3.777310342693392275 ) ) ;
#3410 = CARTESIAN_POINT ( 'NONE',  ( -2.350011161449477193, 15.60937499829300812, -2.350011161449477637 ) ) ;
#3411 = DIRECTION ( 'NONE',  ( -0.000000000000000000, -1.000000000000000000, -0.000000000000000000 ) ) ;
#3412 = CARTESIAN_POINT ( 'NONE',  ( -2.828427124746190735, 23.03125000000000000, 2.828427124746189847 ) ) ;
#3413 = CIRCLE ( 'NONE', #1102, 0.5000000000000004441 ) ;
#3414 = ORIENTED_EDGE ( 'NONE', *, *, #2696, .F. ) ;
#3415 = CARTESIAN_POINT ( 'NONE',  ( -6.105019192434541011E-16, 23.57812499829300990, 3.323417656250000185 ) ) ;
#3416 = CARTESIAN_POINT ( 'NONE',  ( 1.376604666648955089, 14.43749999829300812, -3.323417656249999741 ) ) ;
#3417 = CARTESIAN_POINT ( 'NONE',  ( -2.828427124746189847, 25.06249999658601624, -2.828427124746190291 ) ) ;
#3418 = CARTESIAN_POINT ( 'NONE',  ( -0.5235982217378145620, 18.16102702894828269, 4.000000072763755909 ) ) ;
#3419 = VERTEX_POINT ( 'NONE', #921 ) ;
#3420 = CARTESIAN_POINT ( 'NONE',  ( 0.000000000000000000, 32.00000000000000000, 0.000000000000000000 ) ) ;
#3421 = CARTESIAN_POINT ( 'NONE',  ( -2.350011161449478081, 22.48437499829300990, 2.350011161449477193 ) ) ;
#3422 = CARTESIAN_POINT ( 'NONE',  ( 1.376604666648955755, 15.21874999829300812, 3.323417656249999741 ) ) ;
#3423 = CARTESIAN_POINT ( 'NONE',  ( 0.000000000000000000, 10.00000000000000000, 11.50000000000000000 ) ) ;
#3424 = FACE_BOUND ( 'NONE', #3129, .T. ) ;
#3425 = CARTESIAN_POINT ( 'NONE',  ( -2.350011161449478081, 15.92187499829300634, 2.350011161449477193 ) ) ;
#3426 = CARTESIAN_POINT ( 'NONE',  ( -3.495145184457111309, 20.47859577649835572, 2.014476562157839101 ) ) ;
#3427 = CYLINDRICAL_SURFACE ( 'NONE', #1730, 5.000000000000000000 ) ;
#3428 = CARTESIAN_POINT ( 'NONE',  ( 0.000000000000000000, 11.50000000000000000, 0.000000000000000000 ) ) ;
#3429 = CARTESIAN_POINT ( 'NONE',  ( 2.035006397478180666E-16, 17.95312499829300990, -3.323417656250000185 ) ) ;
#3430 = EDGE_CURVE ( 'NONE', #1665, #2517, #1883, .T. ) ;
#3431 = DIRECTION ( 'NONE',  ( -0.000000000000000000, -1.000000000000000000, -0.000000000000000000 ) ) ;
#3432 = CARTESIAN_POINT ( 'NONE',  ( -3.186972331462803343, 15.23849906460786308, 3.186972331462802455 ) ) ;
#3433 = ORIENTED_EDGE ( 'NONE', *, *, #271, .F. ) ;
#3434 = ADVANCED_FACE ( 'NONE', ( #1469 ), #2929, .F. ) ;
#3435 = CARTESIAN_POINT ( 'NONE',  ( 2.035006397478180666E-16, 24.20312499829300990, -3.323417656250000185 ) ) ;
#3436 = CARTESIAN_POINT ( 'NONE',  ( -1.376604666648956865, 15.06249999829300634, 3.323417656249998853 ) ) ;
#3437 = CARTESIAN_POINT ( 'NONE',  ( 2.449293598294706414E-16, 22.40624999658601979, -4.000000000000000000 ) ) ;
#3438 = CARTESIAN_POINT ( 'NONE',  ( 1.794413936642037077, 24.00000000000000711, -2.994894612170680315 ) ) ;
#3439 = EDGE_LOOP ( 'NONE', ( #986, #665, #1842, #837 ) ) ;
#3440 = DIRECTION ( 'NONE',  ( 0.000000000000000000, 0.000000000000000000, -1.000000000000000000 ) ) ;
#3441 = TOROIDAL_SURFACE ( 'NONE', #838, 15.50000000000000000, 0.5000000000000000000 ) ;
#3442 = CARTESIAN_POINT ( 'NONE',  ( 2.350011161449477637, 20.60937499829300990, -2.350011161449477637 ) ) ;
#3443 = CARTESIAN_POINT ( 'NONE',  ( -1.376604666648957087, 16.31249999829300990, 3.323417656249999297 ) ) ;
#3444 = DIRECTION ( 'NONE',  ( -0.000000000000000000, -1.000000000000000000, -0.000000000000000000 ) ) ;
#3445 = FACE_OUTER_BOUND ( 'NONE', #178, .T. ) ;
#3446 = CARTESIAN_POINT ( 'NONE',  ( -2.350011161449477193, 15.60937499829300812, -2.350011161449477637 ) ) ;
#3447 = ORIENTED_EDGE ( 'NONE', *, *, #2066, .T. ) ;
#3448 = AXIS2_PLACEMENT_3D ( 'NONE', #2370, #3220, #327 ) ;
#3449 = CARTESIAN_POINT ( 'NONE',  ( 3.198666888313471013, 21.12959823367531698, -2.458187506583664472 ) ) ;
#3450 = FACE_OUTER_BOUND ( 'NONE', #2086, .T. ) ;
#3451 = CARTESIAN_POINT ( 'NONE',  ( -3.323417656249999741, 16.93749999829300279, -1.376604666648955311 ) ) ;
#3452 = CARTESIAN_POINT ( 'NONE',  ( 1.195989259963723346E-06, 23.03127589841479761, 3.999999999999630518 ) ) ;
#3453 = CARTESIAN_POINT ( 'NONE',  ( -4.507059494062498395, 15.16037406460786308, 1.866885168863106736 ) ) ;
#3454 = ORIENTED_EDGE ( 'NONE', *, *, #2879, .T. ) ;
#3455 = TOROIDAL_SURFACE ( 'NONE', #2126, 11.50000000000000000, 0.5000000000000000000 ) ;
#3456 = EDGE_CURVE ( 'NONE', #204, #3301, #529, .T. ) ;
#3457 = CARTESIAN_POINT ( 'NONE',  ( -2.828427124746190735, 11.78125000000000000, 2.828427124746189847 ) ) ;
#3458 = CARTESIAN_POINT ( 'NONE',  ( -2.350011161449478081, 21.23437499829300634, 2.350011161449477193 ) ) ;
#3459 = CARTESIAN_POINT ( 'NONE',  ( 2.449293598294706414E-16, 23.65624999658601624, -4.000000000000000000 ) ) ;
#3460 = FACE_OUTER_BOUND ( 'NONE', #831, .T. ) ;
#3461 = ORIENTED_EDGE ( 'NONE', *, *, #703, .T. ) ;
#3462 = FACE_OUTER_BOUND ( 'NONE', #3213, .T. ) ;
#3463 = CARTESIAN_POINT ( 'NONE',  ( 2.350011161449477193, 13.73437499829300812, 2.350011161449478081 ) ) ;
#3464 = CARTESIAN_POINT ( 'NONE',  ( 1.376604666648955089, 16.93749999829300990, -3.323417656249999741 ) ) ;
#3465 = CARTESIAN_POINT ( 'NONE',  ( 4.507059494062498395, 23.20724906460786130, 0.000000000000000000 ) ) ;
#3466 = DIRECTION ( 'NONE',  ( 0.000000000000000000, 1.000000000000000000, 0.000000000000000000 ) ) ;
#3467 = CARTESIAN_POINT ( 'NONE',  ( 3.323417656249999741, 18.96874999829300634, -1.376604666648954867 ) ) ;
#3468 =( BOUNDED_CURVE ( )  B_SPLINE_CURVE ( 2, ( #1350, #2873, #2588, #3693, #3755, #1138, #495 ),
 .UNSPECIFIED., .F., .T. ) 
 B_SPLINE_CURVE_WITH_KNOTS ( ( 3, 2, 2, 3 ),
 ( 0.8893964965053865468, 0.9014153564583949896, 0.9134342278778402324, 0.9159282738831343584 ),
 .UNSPECIFIED. ) 
 CURVE ( )  GEOMETRIC_REPRESENTATION_ITEM ( )  RATIONAL_B_SPLINE_CURVE ( ( 1.000000000000000000, 0.9238795325112867385, 1.000000000000000000, 0.9238795325112867385, 1.000000000000000000, 0.9842041784760097167, 0.9749639650781716238 ) ) 
 REPRESENTATION_ITEM ( '' )  );
#3469 = ORIENTED_EDGE ( 'NONE', *, *, #3225, .F. ) ;
#3470 = CARTESIAN_POINT ( 'NONE',  ( -4.000000000000000000, 13.96874999658601624, -4.898587196589412829E-16 ) ) ;
#3471 = CYLINDRICAL_SURFACE ( 'NONE', #1659, 4.000000000000000000 ) ;
#3472 = CARTESIAN_POINT ( 'NONE',  ( -3.323417656249999741, 15.68749999829300634, -1.376604666648955311 ) ) ;
#3473 = DIRECTION ( 'NONE',  ( -1.000000000000000000, 0.000000000000000000, 0.000000000000000000 ) ) ;
#3474 = CARTESIAN_POINT ( 'NONE',  ( 2.759777991485163594E-16, 13.51974906460785952, -4.507059494062498395 ) ) ;
#3475 = ORIENTED_EDGE ( 'NONE', *, *, #275, .F. ) ;
#3476 = TOROIDAL_SURFACE ( 'NONE', #1165, 10.49999999999999822, 0.5000000000000000000 ) ;
#3477 = CARTESIAN_POINT ( 'NONE',  ( -7.347880794884119736E-16, 15.68750000000000000, 4.000000000000000000 ) ) ;
#3478 = CARTESIAN_POINT ( 'NONE',  ( 3.323417656250000185, 14.20312499829300812, 0.000000000000000000 ) ) ;
#3479 = CARTESIAN_POINT ( 'NONE',  ( 3.857637417314162689E-16, 32.00000000000000000, -3.150000000000000355 ) ) ;
#3480 = VERTEX_POINT ( 'NONE', #2703 ) ;
#3481 = CARTESIAN_POINT ( 'NONE',  ( -3.495145379197143409, 15.47889690537881080, 2.014476224281133376 ) ) ;
#3482 = CARTESIAN_POINT ( 'NONE',  ( 2.035006397478180666E-16, 14.20312499829300812, -3.323417656250000185 ) ) ;
#3483 = CARTESIAN_POINT ( 'NONE',  ( 2.350011161449477637, 16.85937499829300634, -2.350011161449477637 ) ) ;
#3484 = CARTESIAN_POINT ( 'NONE',  ( 1.656854249492381248, 14.35937499658601624, 3.999999999999999112 ) ) ;
#3485 = DIRECTION ( 'NONE',  ( 0.000000000000000000, 1.000000000000000000, 0.000000000000000000 ) ) ;
#3486 = CARTESIAN_POINT ( 'NONE',  ( 1.408343819019456176E-15, 10.50000000000000000, -11.50000000000000000 ) ) ;
#3487 = CIRCLE ( 'NONE', #3302, 0.5000000000000004441 ) ;
#3488 = FACE_OUTER_BOUND ( 'NONE', #1411, .T. ) ;
#3489 = ADVANCED_FACE ( 'NONE', ( #636 ), #1800, .F. ) ;
#3490 = CARTESIAN_POINT ( 'NONE',  ( -4.000000120215315036, 22.84824472062237888, -0.5235978592339850524 ) ) ;
#3491 = CARTESIAN_POINT ( 'NONE',  ( 0.000000000000000000, 24.00000000000000000, -4.000000000000000000 ) ) ;
#3492 = CARTESIAN_POINT ( 'NONE',  ( 2.035006397478180666E-16, 21.70312499829300634, -3.323417656250000185 ) ) ;
#3493 = CIRCLE ( 'NONE', #3120, 4.000000000000000000 ) ;
#3494 = CARTESIAN_POINT ( 'NONE',  ( 0.000000000000000000, 11.00000000000000000, -5.000000000000000000 ) ) ;
#3495 = CARTESIAN_POINT ( 'NONE',  ( -1.866885168863107181, 14.84787406460786308, -4.507059494062497507 ) ) ;
#3496 = ORIENTED_EDGE ( 'NONE', *, *, #251, .F. ) ;
#3497 = B_SPLINE_CURVE_WITH_KNOTS ( 'NONE', 3,
 ( #3602, #2757, #2775, #1312, #2456, #2473, #3620, #1829, #2986, #2723, #993, #2156, #3022, #1584, #3059, #2740, #133, #1010 ),
 .UNSPECIFIED., .F., .F.,
 ( 4, 2, 2, 2, 2, 2, 2, 2, 4 ),
 ( 0.8413459765402756529, 0.8473555906584190334, 0.8533652047765624138, 0.8593748188947057942, 0.8653844330128490636, 0.8713940471309924440, 0.8774036612491358245, 0.8834132753672792049, 0.8894228894854225853 ),
 .UNSPECIFIED. ) ;
#3498 = CARTESIAN_POINT ( 'NONE',  ( 2.828427124746189403, 13.34375000000000000, 2.828427124746190735 ) ) ;
#3499 = CARTESIAN_POINT ( 'NONE',  ( -1.376604666648954867, 14.59374999829300457, -3.323417656249999741 ) ) ;
#3500 = ORIENTED_EDGE ( 'NONE', *, *, #3271, .F. ) ;
#3501 = CARTESIAN_POINT ( 'NONE',  ( -3.495145720009631418, 15.27057611908214163, -2.014475632966425511 ) ) ;
#3502 = CARTESIAN_POINT ( 'NONE',  ( -1.376604666648956865, 12.24999999829300634, 3.323417656249998853 ) ) ;
#3503 = CARTESIAN_POINT ( 'NONE',  ( -6.105019192434541011E-16, 21.39062499829300634, 3.323417656250000185 ) ) ;
#3504 = CARTESIAN_POINT ( 'NONE',  ( 4.000000000000000000, 15.92187499658601979, -1.656854249492380804 ) ) ;
#3505 = CARTESIAN_POINT ( 'NONE',  ( -4.000000000000000000, 17.64062499658601624, -1.656854249492381248 ) ) ;
#3506 = CARTESIAN_POINT ( 'NONE',  ( -3.049476705893070960, 11.48344308793158675, -2.608090146480443128 ) ) ;
#3507 = CARTESIAN_POINT ( 'NONE',  ( 0.000000000000000000, 11.50000000000000000, -7.625000000000000000 ) ) ;
#3508 = CARTESIAN_POINT ( 'NONE',  ( 0.000000000000000000, 24.00000000000000000, -4.000000000000000000 ) ) ;
#3509 = EDGE_CURVE ( 'NONE', #2105, #668, #429, .T. ) ;
#3510 = CARTESIAN_POINT ( 'NONE',  ( 0.000000000000000000, 10.49999999999999822, 0.000000000000000000 ) ) ;
#3511 = CARTESIAN_POINT ( 'NONE',  ( 2.350011161449477193, 23.73437499829300634, 2.350011161449478081 ) ) ;
#3512 = AXIS2_PLACEMENT_3D ( 'NONE', #2491, #1851, #734 ) ;
#3513 = CARTESIAN_POINT ( 'NONE',  ( 1.726830549122646996, 23.99999999999999645, 2.839570596497121624 ) ) ;
#3514 = EDGE_LOOP ( 'NONE', ( #1268, #1001, #1071, #3739 ) ) ;
#3515 = CARTESIAN_POINT ( 'NONE',  ( -1.656854249492382580, 13.10937500000000178, 3.999999999999999112 ) ) ;
#3516 = MANIFOLD_SOLID_BREP ( 'Fillet5', #999 ) ;
#3517 = CARTESIAN_POINT ( 'NONE',  ( -3.323417656250000185, 17.32812499829300634, -4.070012794956361332E-16 ) ) ;
#3518 = ORIENTED_EDGE ( 'NONE', *, *, #3225, .T. ) ;
#3519 = DIRECTION ( 'NONE',  ( 0.000000000000000000, -0.000000000000000000, 1.000000000000000000 ) ) ;
#3520 = B_SPLINE_CURVE_WITH_KNOTS ( 'NONE', 3,
 ( #1564, #1291, #1899, #3054, #1632, #1007, #2171, #165, #2789, #1345, #2720, #1326, #3361, #1366, #281, #1688, #3418, #1443 ),
 .UNSPECIFIED., .F., .F.,
 ( 4, 2, 2, 2, 2, 2, 2, 2, 4 ),
 ( 0.5048075859242110441, 0.5108172000423555348, 0.5168268141604999144, 0.5228364282786444051, 0.5288460423967888957, 0.5348556565149333863, 0.5408652706330778770, 0.5468748847512222566, 0.5528844988693667473 ),
 .UNSPECIFIED. ) ;
#3521 = CARTESIAN_POINT ( 'NONE',  ( 2.350011161449477193, 14.98437499829300812, 2.350011161449478081 ) ) ;
#3522 = CARTESIAN_POINT ( 'NONE',  ( -3.323417656250001517, 17.40624999829300990, 1.376604666648954645 ) ) ;
#3523 = CARTESIAN_POINT ( 'NONE',  ( -1.656854249492382580, 16.70312499658601624, 3.999999999999999112 ) ) ;
#3524 = CARTESIAN_POINT ( 'NONE',  ( 6.123233995736766282E-16, 11.00000000000000000, 5.000000000000000000 ) ) ;
#3525 = CARTESIAN_POINT ( 'NONE',  ( 3.323417656249999741, 20.21874999829300990, -1.376604666648954867 ) ) ;
#3526 = CARTESIAN_POINT ( 'NONE',  ( 2.092962954411025058E-06, 12.56245284707484267, -3.999999999998839595 ) ) ;
#3527 = CARTESIAN_POINT ( 'NONE',  ( 2.828427124746189403, 13.18749999658601624, 2.828427124746190735 ) ) ;
#3528 = DIRECTION ( 'NONE',  ( 0.000000000000000000, 0.000000000000000000, -1.000000000000000000 ) ) ;
#3529 = CARTESIAN_POINT ( 'NONE',  ( 2.350011161449477637, 20.29687499829300990, -2.350011161449477637 ) ) ;
#3530 =( BOUNDED_SURFACE ( )  B_SPLINE_SURFACE ( 1, 2, ( 
 ( #2736, #1580, #972, #2130, #127, #1289, #1897, #2452, #2187, #3343, #746, #3108, #2218, #2770, #3686, #3705, #3359, #3376, #1364, #3395, #2256, #2236, #1091, #2805, #1668, #3069, #242, #2486, #469, #2275, #219, #821, #201, #1630, #488, #3416, #1976, #3131, #163, #800, #2503, #2519, #1382, #3436, #533, #840, #180, #1953, #1998, #3151, #1073, #2846, #1686, #1324, #781, #2559, #510, #3651, #1401, #2827, #553, #2541, #1648, #3727, #1113, #2203, #1037, #1931, #763, #1914, #2787, #1342, #3669, #1053, #3088, #1706, #1207, #2865, #2376, #2581, #3534, #390, #1517, #983, #334, #261, #3299, #2993, #928, #2123, #1225, #372, #2711, #2693, #1245, #3748, #2975, #3241, #2392, #1726, #1837, #3553, #1536, #1555, #106, #2145, #2887, #1421, #3259, #1265, #3172, #2085, #664, #644, #2016, #2297, #1817, #1131, #3591, #1495, #1796, #2954, #3458, #2104, #354, #859, #2674, #86, #576, #67, #949, #2411, #3573, #967, #3279, #685, #2429, #2654, #50, #407, #2164, #193, #1909, #2497, #739, #3319, #2180, #1608, #2214, #1066, #175, #3372, #3338, #3010, #776, #2764, #3681, #1000, #1017, #1890, #1336, #1357, #1283, #2445, #3662, #1048, #2782, #705, #157 ),
 ( #2515, #1872, #1320, #2231, #1857, #2481, #1927, #3083, #1573, #1301, #484, #446, #2730, #1643, #3045, #122, #3645, #1032, #2197, #3352, #3608, #758, #2463, #2798, #722, #3029, #3064, #464, #1626, #426, #1591, #140, #2746, #3627, #502, #235, #2031, #3146, #2615, #1967, #1946, #1164, #873, #2554, #3761, #2860, #2011, #591, #569, #2881, #1661, #854, #1106, #255, #3410, #3472, #1416, #3166, #3189, #1740, #9, #815, #3100, #1125, #2900, #1086, #3721, #2291, #2268, #3698, #214, #3451, #3389, #1454, #3123, #1396, #833, #2820, #3742, #2840, #795, #548, #1720, #1376, #3429, #1991, #2574, #274, #1436, #2595, #1701, #1144, #2250, #292, #2534, #524, #1678, #2313, #369, #2372, #1187, #46, #3239, #83, #2708, #1814, #1241, #1204, #893, #2408, #640, #1552, #2634, #2651, #3529, #2971, #1833, #926, #2081, #1513, #1758, #2951, #2935, #661, #2989, #1531, #2671, #2101, #63, #2050, #2335, #1775, #3492, #329, #3206, #1493, #965, #1794, #102, #910, #607, #2918, #3569, #350, #2688, #1221, #945, #3276, #3257, #2120, #312, #3550, #2390, #681, #2356, #388, #1474, #28, #3511, #2065, #3222, #623, #3588, #2760, #3369, #2726, #423, #153, #1588 ) ),
 .UNSPECIFIED., .F., .F., .T. ) 
 B_SPLINE_SURFACE_WITH_KNOTS ( ( 2, 2 ),
 ( 3, 2, 2, 2, 2, 2, 2, 2, 2, 2, 2, 2, 2, 2, 2, 2, 2, 2, 2, 2, 2, 2, 2, 2, 2, 2, 2, 2, 2, 2, 2, 2, 2, 2, 2, 2, 2, 2, 2, 2, 2, 2, 2, 2, 2, 2, 2, 2, 2, 2, 2, 2, 2, 2, 2, 2, 2, 2, 2, 2, 2, 2, 2, 2, 2, 2, 2, 2, 2, 2, 2, 2, 2, 2, 2, 2, 2, 2, 2, 2, 2, 2, 2, 2, 3 ),
 ( 0.000000000000000000, 1.000000000000000000 ),
 ( 0.000000000000000000, 0.01136363636363636395, 0.02272727272727272790, 0.03409090909090908839, 0.04545454545454545581, 0.05681818181818181629, 0.06818181818181817677, 0.07954545454545454419, 0.09090909090909091161, 0.1022727272727272790, 0.1136363636363636326, 0.1250000000000000000, 0.1363636363636363535, 0.1477272727272727348, 0.1590909090909090884, 0.1704545454545454419, 0.1818181818181818232, 0.1931818181818181768, 0.2045454545454545581, 0.2159090909090909116, 0.2272727272727272652, 0.2386363636363636465, 0.2500000000000000000, 0.2613636363636363535, 0.2727272727272727071, 0.2840909090909091161, 0.2954545454545454697, 0.3068181818181818232, 0.3181818181818181768, 0.3295454545454545303, 0.3409090909090908839, 0.3522727272727272929, 0.3636363636363636465, 0.3750000000000000000, 0.3863636363636363535, 0.3977272727272727071, 0.4090909090909091161, 0.4204545454545454697, 0.4318181818181818232, 0.4431818181818181768, 0.4545454545454545303, 0.4659090909090908839, 0.4772727272727272929, 0.4886363636363636465, 0.5000000000000000000, 0.5113636363636363535, 0.5227272727272727071, 0.5340909090909090606, 0.5454545454545454142, 0.5568181818181817677, 0.5681818181818182323, 0.5795454545454545858, 0.5909090909090909394, 0.6022727272727272929, 0.6136363636363636465, 0.6250000000000000000, 0.6363636363636363535, 0.6477272727272727071, 0.6590909090909090606, 0.6704545454545454142, 0.6818181818181817677, 0.6931818181818182323, 0.7045454545454545858, 0.7159090909090909394, 0.7272727272727272929, 0.7386363636363636465, 0.7500000000000000000, 0.7613636363636363535, 0.7727272727272727071, 0.7840909090909090606, 0.7954545454545454142, 0.8068181818181817677, 0.8181818181818182323, 0.8295454545454545858, 0.8409090909090909394, 0.8522727272727272929, 0.8636363636363636465, 0.8750000000000000000, 0.8863636363636363535, 0.8977272727272727071, 0.9090909090909090606, 0.9204545454545454142, 0.9318181818181817677, 0.9431818181818182323, 0.9454830164809567838 ),
 .UNSPECIFIED. ) 
 GEOMETRIC_REPRESENTATION_ITEM ( )  RATIONAL_B_SPLINE_SURFACE ( (
 ( 1.000000000000000000, 0.9238795325112867385, 1.000000000000000000, 0.9238795325112867385, 1.000000000000000000, 0.9238795325112867385, 1.000000000000000000, 0.9238795325112867385, 1.000000000000000000, 0.9238795325112867385, 1.000000000000000000, 0.9238795325112867385, 1.000000000000000000, 0.9238795325112867385, 1.000000000000000000, 0.9238795325112867385, 1.000000000000000000, 0.9238795325112867385, 1.000000000000000000, 0.9238795325112867385, 1.000000000000000000, 0.9238795325112867385, 1.000000000000000000, 0.9238795325112867385, 1.000000000000000000, 0.9238795325112867385, 1.000000000000000000, 0.9238795325112867385, 1.000000000000000000, 0.9238795325112867385, 1.000000000000000000, 0.9238795325112867385, 1.000000000000000000, 0.9238795325112867385, 1.000000000000000000, 0.9238795325112867385, 1.000000000000000000, 0.9238795325112867385, 1.000000000000000000, 0.9238795325112867385, 1.000000000000000000, 0.9238795325112867385, 1.000000000000000000, 0.9238795325112867385, 1.000000000000000000, 0.9238795325112867385, 1.000000000000000000, 0.9238795325112867385, 1.000000000000000000, 0.9238795325112867385, 1.000000000000000000, 0.9238795325112867385, 1.000000000000000000, 0.9238795325112867385, 1.000000000000000000, 0.9238795325112867385, 1.000000000000000000, 0.9238795325112867385, 1.000000000000000000, 0.9238795325112867385, 1.000000000000000000, 0.9238795325112867385, 1.000000000000000000, 0.9238795325112867385, 1.000000000000000000, 0.9238795325112867385, 1.000000000000000000, 0.9238795325112867385, 1.000000000000000000, 0.9238795325112867385, 1.000000000000000000, 0.9238795325112867385, 1.000000000000000000, 0.9238795325112867385, 1.000000000000000000, 0.9238795325112867385, 1.000000000000000000, 0.9238795325112867385, 1.000000000000000000, 0.9238795325112867385, 1.000000000000000000, 0.9238795325112867385, 1.000000000000000000, 0.9238795325112867385, 1.000000000000000000, 0.9238795325112867385, 1.000000000000000000, 0.9238795325112867385, 1.000000000000000000, 0.9238795325112867385, 1.000000000000000000, 0.9238795325112867385, 1.000000000000000000, 0.9238795325112867385, 1.000000000000000000, 0.9238795325112867385, 1.000000000000000000, 0.9238795325112867385, 1.000000000000000000, 0.9238795325112867385, 1.000000000000000000, 0.9238795325112867385, 1.000000000000000000, 0.9238795325112867385, 1.000000000000000000, 0.9238795325112867385, 1.000000000000000000, 0.9238795325112867385, 1.000000000000000000, 0.9238795325112867385, 1.000000000000000000, 0.9238795325112867385, 1.000000000000000000, 0.9238795325112867385, 1.000000000000000000, 0.9238795325112867385, 1.000000000000000000, 0.9238795325112867385, 1.000000000000000000, 0.9238795325112867385, 1.000000000000000000, 0.9238795325112867385, 1.000000000000000000, 0.9238795325112867385, 1.000000000000000000, 0.9238795325112867385, 1.000000000000000000, 0.9238795325112867385, 1.000000000000000000, 0.9238795325112867385, 1.000000000000000000, 0.9238795325112867385, 1.000000000000000000, 0.9238795325112867385, 1.000000000000000000, 0.9238795325112867385, 1.000000000000000000, 0.9238795325112867385, 1.000000000000000000, 0.9238795325112867385, 1.000000000000000000, 0.9238795325112867385, 1.000000000000000000, 0.9238795325112867385, 1.000000000000000000, 0.9238795325112867385, 1.000000000000000000, 0.9238795325112867385, 1.000000000000000000, 0.9238795325112867385, 1.000000000000000000, 0.9238795325112867385, 1.000000000000000000, 0.9238795325112867385, 1.000000000000000000, 0.9238795325112867385, 1.000000000000000000, 0.9238795325112867385, 1.000000000000000000, 0.9238795325112867385, 1.000000000000000000, 0.9238795325112867385, 1.000000000000000000, 0.9238795325112867385, 1.000000000000000000, 0.9238795325112867385, 1.000000000000000000, 0.9845851904523099662, 0.9754135468028533040),
 ( 1.000000000000000000, 0.9238795325112867385, 1.000000000000000000, 0.9238795325112867385, 1.000000000000000000, 0.9238795325112867385, 1.000000000000000000, 0.9238795325112867385, 1.000000000000000000, 0.9238795325112867385, 1.000000000000000000, 0.9238795325112867385, 1.000000000000000000, 0.9238795325112867385, 1.000000000000000000, 0.9238795325112867385, 1.000000000000000000, 0.9238795325112867385, 1.000000000000000000, 0.9238795325112867385, 1.000000000000000000, 0.9238795325112867385, 1.000000000000000000, 0.9238795325112867385, 1.000000000000000000, 0.9238795325112867385, 1.000000000000000000, 0.9238795325112867385, 1.000000000000000000, 0.9238795325112867385, 1.000000000000000000, 0.9238795325112867385, 1.000000000000000000, 0.9238795325112867385, 1.000000000000000000, 0.9238795325112867385, 1.000000000000000000, 0.9238795325112867385, 1.000000000000000000, 0.9238795325112867385, 1.000000000000000000, 0.9238795325112867385, 1.000000000000000000, 0.9238795325112867385, 1.000000000000000000, 0.9238795325112867385, 1.000000000000000000, 0.9238795325112867385, 1.000000000000000000, 0.9238795325112867385, 1.000000000000000000, 0.9238795325112867385, 1.000000000000000000, 0.9238795325112867385, 1.000000000000000000, 0.9238795325112867385, 1.000000000000000000, 0.9238795325112867385, 1.000000000000000000, 0.9238795325112867385, 1.000000000000000000, 0.9238795325112867385, 1.000000000000000000, 0.9238795325112867385, 1.000000000000000000, 0.9238795325112867385, 1.000000000000000000, 0.9238795325112867385, 1.000000000000000000, 0.9238795325112867385, 1.000000000000000000, 0.9238795325112867385, 1.000000000000000000, 0.9238795325112867385, 1.000000000000000000, 0.9238795325112867385, 1.000000000000000000, 0.9238795325112867385, 1.000000000000000000, 0.9238795325112867385, 1.000000000000000000, 0.9238795325112867385, 1.000000000000000000, 0.9238795325112867385, 1.000000000000000000, 0.9238795325112867385, 1.000000000000000000, 0.9238795325112867385, 1.000000000000000000, 0.9238795325112867385, 1.000000000000000000, 0.9238795325112867385, 1.000000000000000000, 0.9238795325112867385, 1.000000000000000000, 0.9238795325112867385, 1.000000000000000000, 0.9238795325112867385, 1.000000000000000000, 0.9238795325112867385, 1.000000000000000000, 0.9238795325112867385, 1.000000000000000000, 0.9238795325112867385, 1.000000000000000000, 0.9238795325112867385, 1.000000000000000000, 0.9238795325112867385, 1.000000000000000000, 0.9238795325112867385, 1.000000000000000000, 0.9238795325112867385, 1.000000000000000000, 0.9238795325112867385, 1.000000000000000000, 0.9238795325112867385, 1.000000000000000000, 0.9238795325112867385, 1.000000000000000000, 0.9238795325112867385, 1.000000000000000000, 0.9238795325112867385, 1.000000000000000000, 0.9238795325112867385, 1.000000000000000000, 0.9238795325112867385, 1.000000000000000000, 0.9238795325112867385, 1.000000000000000000, 0.9238795325112867385, 1.000000000000000000, 0.9238795325112867385, 1.000000000000000000, 0.9238795325112867385, 1.000000000000000000, 0.9238795325112867385, 1.000000000000000000, 0.9238795325112867385, 1.000000000000000000, 0.9238795325112867385, 1.000000000000000000, 0.9238795325112867385, 1.000000000000000000, 0.9238795325112867385, 1.000000000000000000, 0.9238795325112867385, 1.000000000000000000, 0.9238795325112867385, 1.000000000000000000, 0.9238795325112867385, 1.000000000000000000, 0.9238795325112867385, 1.000000000000000000, 0.9238795325112867385, 1.000000000000000000, 0.9238795325112867385, 1.000000000000000000, 0.9238795325112867385, 1.000000000000000000, 0.9238795325112867385, 1.000000000000000000, 0.9238795325112867385, 1.000000000000000000, 0.9238795325112867385, 1.000000000000000000, 0.9238795325112867385, 1.000000000000000000, 0.9845851904523099662, 0.9754135468028533040) ) ) 
 REPRESENTATION_ITEM ( '' )  SURFACE ( )  );
#3531 = ADVANCED_FACE ( 'NONE', ( #1880 ), #2076, .T. ) ;
#3532 = CARTESIAN_POINT ( 'NONE',  ( -1.116824398832875653, 23.99999999999996447, 3.456200291628025667 ) ) ;
#3533 = DIRECTION ( 'NONE',  ( 0.000000000000000000, 1.000000000000000000, 0.000000000000000000 ) ) ;
#3534 = CARTESIAN_POINT ( 'NONE',  ( 3.323417656250000185, 17.95312499829300990, 0.000000000000000000 ) ) ;
#3535 = VERTEX_POINT ( 'NONE', #2772 ) ;
#3536 = EDGE_CURVE ( 'NONE', #2071, #35, #2537, .T. ) ;
#3537 = CARTESIAN_POINT ( 'NONE',  ( 3.999999999999999112, 12.17187499999999822, 1.656854249492383246 ) ) ;
#3538 = CARTESIAN_POINT ( 'NONE',  ( -3.323417656250001517, 13.65624999829300990, 1.376604666648954201 ) ) ;
#3539 = ORIENTED_EDGE ( 'NONE', *, *, #1359, .T. ) ;
#3540 = CARTESIAN_POINT ( 'NONE',  ( -4.604523757462703834E-06, 14.43739626356434513, 3.999999999994384936 ) ) ;
#3541 = CARTESIAN_POINT ( 'NONE',  ( -1.376604666648956865, 13.49999999829300634, 3.323417656249998853 ) ) ;
#3542 = CARTESIAN_POINT ( 'NONE',  ( 3.323417656249999297, 16.62499999829300990, 1.376604666648957087 ) ) ;
#3543 = CARTESIAN_POINT ( 'NONE',  ( -7.347880794884119736E-16, 16.78124999658601624, 4.000000000000000000 ) ) ;
#3544 = DIRECTION ( 'NONE',  ( 1.000000000000000000, -0.000000000000000000, 1.224646799147353207E-16 ) ) ;
#3545 = CARTESIAN_POINT ( 'NONE',  ( 3.323417656250001073, 23.94347245587761464, -0.9312007261631828348 ) ) ;
#3546 = CIRCLE ( 'NONE', #1894, 3.624999999999999556 ) ;
#3547 = CARTESIAN_POINT ( 'NONE',  ( 2.828427124746189403, 20.68749999658601624, 2.828427124746190735 ) ) ;
#3548 = CARTESIAN_POINT ( 'NONE',  ( -3.495146012116264966, 22.77012442576114637, -2.014475126156864082 ) ) ;
#3549 = CARTESIAN_POINT ( 'NONE',  ( 1.046990576374027260, 23.75964816067001095, -3.895890965222322588 ) ) ;
#3550 = CARTESIAN_POINT ( 'NONE',  ( -3.323417656249999741, 23.18749999829300634, -1.376604666648955311 ) ) ;
#3551 = CARTESIAN_POINT ( 'NONE',  ( -2.935535148894471202, 23.99999999999998579, 2.451721163350621957 ) ) ;
#3552 = CARTESIAN_POINT ( 'NONE',  ( -4.000000000000000000, 15.21874999658601446, -4.898587196589412829E-16 ) ) ;
#3553 = CARTESIAN_POINT ( 'NONE',  ( -1.376604666648954867, 19.59374999829300634, -3.323417656249999741 ) ) ;
#3554 = VERTEX_POINT ( 'NONE', #3001 ) ;
#3555 = AXIS2_PLACEMENT_3D ( 'NONE', #3043, #1263, #3589 ) ;
#3556 = CARTESIAN_POINT ( 'NONE',  ( 2.828427124746190291, 21.15625000000000000, -2.828427124746190291 ) ) ;
#3557 = CARTESIAN_POINT ( 'NONE',  ( 1.376604666648955755, 18.96874999829300634, 3.323417656249999297 ) ) ;
#3558 = EDGE_CURVE ( 'NONE', #2937, #35, #182, .T. ) ;
#3559 = EDGE_LOOP ( 'NONE', ( #3228, #3611, #2501, #71 ) ) ;
#3560 = CARTESIAN_POINT ( 'NONE',  ( -1.376604666648954867, 16.78124999829300990, -3.323417656249999741 ) ) ;
#3561 = CARTESIAN_POINT ( 'NONE',  ( 1.046992177020923842, 19.48907204158937390, 3.895890535060502202 ) ) ;
#3562 = CARTESIAN_POINT ( 'NONE',  ( -7.347880794884119736E-16, 14.28124999658601624, 4.000000000000000000 ) ) ;
#3563 = CARTESIAN_POINT ( 'NONE',  ( 1.656854249492380804, 16.07812499658601268, -4.000000000000000000 ) ) ;
#3564 = CARTESIAN_POINT ( 'NONE',  ( 2.035006397478180666E-16, 22.95312499829300990, -3.323417656250000185 ) ) ;
#3565 = CARTESIAN_POINT ( 'NONE',  ( 4.000000063273149387, 17.22358349061335758, 0.5235982942407950702 ) ) ;
#3566 = FACE_OUTER_BOUND ( 'NONE', #1537, .T. ) ;
#3567 = CARTESIAN_POINT ( 'NONE',  ( -3.186972331462803343, 13.98849906460786130, 3.186972331462802455 ) ) ;
#3568 = CARTESIAN_POINT ( 'NONE',  ( 1.656854249492380804, 19.82812499658601624, -4.000000000000000000 ) ) ;
#3569 = CARTESIAN_POINT ( 'NONE',  ( 2.350011161449477193, 22.48437499829300634, 2.350011161449478081 ) ) ;
#3570 = VECTOR ( 'NONE', #75, 1000.000000000000000 ) ;
#3571 = DIRECTION ( 'NONE',  ( 0.000000000000000000, 0.000000000000000000, 1.000000000000000000 ) ) ;
#3572 = CARTESIAN_POINT ( 'NONE',  ( 8.605002368336230046E-07, 16.15624995601144676, -3.999999999999908074 ) ) ;
#3573 = CARTESIAN_POINT ( 'NONE',  ( 2.035006397478180666E-16, 22.01562499829300990, -3.323417656250000185 ) ) ;
#3574 = DIRECTION ( 'NONE',  ( 0.000000000000000000, 0.000000000000000000, 1.000000000000000000 ) ) ;
#3575 = ORIENTED_EDGE ( 'NONE', *, *, #293, .F. ) ;
#3576 = CARTESIAN_POINT ( 'NONE',  ( 4.000000000000000000, 18.57812500000000000, -1.656854249492380804 ) ) ;
#3577 = ORIENTED_EDGE ( 'NONE', *, *, #3667, .F. ) ;
#3578 = ADVANCED_FACE ( 'NONE', ( #1039 ), #3685, .T. ) ;
#3579 = CARTESIAN_POINT ( 'NONE',  ( 2.014475316205642130, 19.95779381075679026, -3.495145902579059882 ) ) ;
#3580 = CARTESIAN_POINT ( 'NONE',  ( 4.000000000000000000, 18.42187499658601624, -1.656854249492380804 ) ) ;
#3581 = DIRECTION ( 'NONE',  ( 0.000000000000000000, 0.000000000000000000, 1.000000000000000000 ) ) ;
#3582 = CARTESIAN_POINT ( 'NONE',  ( -2.458187371304642266, 18.94222997756069660, -3.198666992275908783 ) ) ;
#3583 = CARTESIAN_POINT ( 'NONE',  ( 1.307662085567542559E-06, 14.28127841027536249, 3.999999999999554134 ) ) ;
#3584 = DIRECTION ( 'NONE',  ( 0.000000000000000000, 0.000000000000000000, -1.000000000000000000 ) ) ;
#3585 = CIRCLE ( 'NONE', #1936, 16.00000000000000000 ) ;
#3586 = CARTESIAN_POINT ( 'NONE',  ( -4.507059494062497507, 18.75412406460786485, -1.866885168863107625 ) ) ;
#3587 = CARTESIAN_POINT ( 'NONE',  ( 3.495146036457452698, 23.39508678465096736, 2.014475083924517129 ) ) ;
#3588 = CARTESIAN_POINT ( 'NONE',  ( 2.350011161449477637, 24.04687499829300634, -2.350011161449477637 ) ) ;
#3589 = DIRECTION ( 'NONE',  ( 0.000000000000000000, 0.000000000000000000, -1.000000000000000000 ) ) ;
#3590 = CARTESIAN_POINT ( 'NONE',  ( 0.000000000000000000, 9.500000000000000000, -16.00000000000000000 ) ) ;
#3591 = CARTESIAN_POINT ( 'NONE',  ( -2.350011161449477193, 20.92187499829300634, -2.350011161449477637 ) ) ;
#3592 = ORIENTED_EDGE ( 'NONE', *, *, #271, .T. ) ;
#3593 =( BOUNDED_SURFACE ( )  B_SPLINE_SURFACE ( 1, 2, ( 
 ( #2172, #130, #2928, #1215, #1806, #323, #2349, #1825, #4, #1769, #1524, #2962, #361, #2911, #2327, #1234, #2945, #2060, #673, #2043, #2075, #1487, #342, #920, #287, #1788, #2681, #2401, #3562, #3484, #22, #886, #958, #39, #2645, #2113, #3267, #1448, #1468, #1505, #2608, #2664, #74, #1157, #1196, #306, #3199, #1180, #939, #3504, #2366, #3232, #1752, #601, #2627, #653, #904, #3216, #618, #3523, #3543, #58, #635, #2384, #2095, #3251, #2737, #3000, #2204, #128, #1863, #2420, #1290, #95, #1308, #2752, #3360, #2469, #164, #1898, #1325, #3580, #3036, #2453, #1614, #415, #2487, #1025, #3018, #1273, #1038, #3652, #3053, #764, #973, #434, #3615, #2771, #1581, #2982, #2188, #1006, #2435, #380, #3598, #989, #2170, #1545, #3285, #2702, #3328, #1254, #731, #1879, #712, #1597, #694, #2131, #145, #1847, #3635, #397, #112, #1563, #3344, #2719, #453, #747, #2153, #3307, #2277, #3687, #3437, #3070, #1344, #1707, #841, #181, #3152, #2866, #2504, #2542, #511, #801, #2847, #1999, #1954, #202, #3459, #1631, #3396, #554, #262, #1422, #782, #3670, #2582, #822, #1074, #2298, #1054, #3706, #3109, #1977, #1092, #1915, #3417, #3749, #1132 ),
 ( #1669, #2828, #470, #2788, #2219, #3089, #3132, #3377, #534, #1932, #489, #220, #1650, #2806, #1365, #2560, #2520, #1383, #2257, #2237, #1687, #243, #1402, #3728, #1114, #3538, #2602, #337, #629, #1229, #15, #1727, #3478, #613, #881, #70, #1764, #3499, #280, #2922, #2888, #2939, #1782, #2396, #1499, #1210, #2621, #2379, #2017, #1442, #647, #934, #3768, #2088, #1799, #1151, #1480, #3212, #898, #2658, #3245, #2055, #2906, #860, #577, #2343, #2958, #357, #1520, #2038, #2319, #2677, #3517, #1174, #3173, #3194, #2640, #318, #915, #34, #596, #2361, #1747, #300, #1462, #1191, #2070, #3227, #53, #1821, #667, #91, #1248, #3557, #3262, #1539, #953, #2698, #2107, #2978, #375, #2223, #1919, #493, #246, #1654, #1672, #226, #1059, #3365, #1118, #3732, #1937, #2281, #3442, #1348, #2852, #3137, #3753, #2525, #474, #3382, #3114, #786, #2586, #516, #2240, #2792, #2831, #1636, #1692, #540, #1136, #1406, #559, #846, #1711, #185, #3421, #1388, #2002, #805, #2871, #2565, #3400, #2812, #1427, #207, #1369, #2545, #266, #3674, #3074, #3711, #769, #1095, #2261, #1078, #1958, #3093, #2509, #1981, #3157, #3691, #826, #3197, #72, #1178, #2325 ) ),
 .UNSPECIFIED., .F., .F., .T. ) 
 B_SPLINE_SURFACE_WITH_KNOTS ( ( 2, 2 ),
 ( 3, 2, 2, 2, 2, 2, 2, 2, 2, 2, 2, 2, 2, 2, 2, 2, 2, 2, 2, 2, 2, 2, 2, 2, 2, 2, 2, 2, 2, 2, 2, 2, 2, 2, 2, 2, 2, 2, 2, 2, 2, 2, 2, 2, 2, 2, 2, 2, 2, 2, 2, 2, 2, 2, 2, 2, 2, 2, 2, 2, 2, 2, 2, 2, 2, 2, 2, 2, 2, 2, 2, 2, 2, 2, 2, 2, 2, 2, 2, 2, 2, 2, 2, 2, 3 ),
 ( 0.000000000000000000, 1.000000000000000000 ),
 ( 0.000000000000000000, 0.01136363636363636395, 0.02272727272727272790, 0.03409090909090908839, 0.04545454545454545581, 0.05681818181818181629, 0.06818181818181817677, 0.07954545454545454419, 0.09090909090909091161, 0.1022727272727272790, 0.1136363636363636326, 0.1250000000000000000, 0.1363636363636363535, 0.1477272727272727348, 0.1590909090909090884, 0.1704545454545454419, 0.1818181818181818232, 0.1931818181818181768, 0.2045454545454545581, 0.2159090909090909116, 0.2272727272727272652, 0.2386363636363636465, 0.2500000000000000000, 0.2613636363636363535, 0.2727272727272727071, 0.2840909090909091161, 0.2954545454545454697, 0.3068181818181818232, 0.3181818181818181768, 0.3295454545454545303, 0.3409090909090908839, 0.3522727272727272929, 0.3636363636363636465, 0.3750000000000000000, 0.3863636363636363535, 0.3977272727272727071, 0.4090909090909091161, 0.4204545454545454697, 0.4318181818181818232, 0.4431818181818181768, 0.4545454545454545303, 0.4659090909090908839, 0.4772727272727272929, 0.4886363636363636465, 0.5000000000000000000, 0.5113636363636363535, 0.5227272727272727071, 0.5340909090909090606, 0.5454545454545454142, 0.5568181818181817677, 0.5681818181818182323, 0.5795454545454545858, 0.5909090909090909394, 0.6022727272727272929, 0.6136363636363636465, 0.6250000000000000000, 0.6363636363636363535, 0.6477272727272727071, 0.6590909090909090606, 0.6704545454545454142, 0.6818181818181817677, 0.6931818181818182323, 0.7045454545454545858, 0.7159090909090909394, 0.7272727272727272929, 0.7386363636363636465, 0.7500000000000000000, 0.7613636363636363535, 0.7727272727272727071, 0.7840909090909090606, 0.7954545454545454142, 0.8068181818181817677, 0.8181818181818182323, 0.8295454545454545858, 0.8409090909090909394, 0.8522727272727272929, 0.8636363636363636465, 0.8750000000000000000, 0.8863636363636363535, 0.8977272727272727071, 0.9090909090909090606, 0.9204545454545454142, 0.9318181818181817677, 0.9431818181818182323, 0.9454829537513249615 ),
 .UNSPECIFIED. ) 
 GEOMETRIC_REPRESENTATION_ITEM ( )  RATIONAL_B_SPLINE_SURFACE ( (
 ( 1.000000000000000000, 0.9238795325112867385, 1.000000000000000000, 0.9238795325112867385, 1.000000000000000000, 0.9238795325112867385, 1.000000000000000000, 0.9238795325112867385, 1.000000000000000000, 0.9238795325112867385, 1.000000000000000000, 0.9238795325112867385, 1.000000000000000000, 0.9238795325112867385, 1.000000000000000000, 0.9238795325112867385, 1.000000000000000000, 0.9238795325112867385, 1.000000000000000000, 0.9238795325112867385, 1.000000000000000000, 0.9238795325112867385, 1.000000000000000000, 0.9238795325112867385, 1.000000000000000000, 0.9238795325112867385, 1.000000000000000000, 0.9238795325112867385, 1.000000000000000000, 0.9238795325112867385, 1.000000000000000000, 0.9238795325112867385, 1.000000000000000000, 0.9238795325112867385, 1.000000000000000000, 0.9238795325112867385, 1.000000000000000000, 0.9238795325112867385, 1.000000000000000000, 0.9238795325112867385, 1.000000000000000000, 0.9238795325112867385, 1.000000000000000000, 0.9238795325112867385, 1.000000000000000000, 0.9238795325112867385, 1.000000000000000000, 0.9238795325112867385, 1.000000000000000000, 0.9238795325112867385, 1.000000000000000000, 0.9238795325112867385, 1.000000000000000000, 0.9238795325112867385, 1.000000000000000000, 0.9238795325112867385, 1.000000000000000000, 0.9238795325112867385, 1.000000000000000000, 0.9238795325112867385, 1.000000000000000000, 0.9238795325112867385, 1.000000000000000000, 0.9238795325112867385, 1.000000000000000000, 0.9238795325112867385, 1.000000000000000000, 0.9238795325112867385, 1.000000000000000000, 0.9238795325112867385, 1.000000000000000000, 0.9238795325112867385, 1.000000000000000000, 0.9238795325112867385, 1.000000000000000000, 0.9238795325112867385, 1.000000000000000000, 0.9238795325112867385, 1.000000000000000000, 0.9238795325112867385, 1.000000000000000000, 0.9238795325112867385, 1.000000000000000000, 0.9238795325112867385, 1.000000000000000000, 0.9238795325112867385, 1.000000000000000000, 0.9238795325112867385, 1.000000000000000000, 0.9238795325112867385, 1.000000000000000000, 0.9238795325112867385, 1.000000000000000000, 0.9238795325112867385, 1.000000000000000000, 0.9238795325112867385, 1.000000000000000000, 0.9238795325112867385, 1.000000000000000000, 0.9238795325112867385, 1.000000000000000000, 0.9238795325112867385, 1.000000000000000000, 0.9238795325112867385, 1.000000000000000000, 0.9238795325112867385, 1.000000000000000000, 0.9238795325112867385, 1.000000000000000000, 0.9238795325112867385, 1.000000000000000000, 0.9238795325112867385, 1.000000000000000000, 0.9238795325112867385, 1.000000000000000000, 0.9238795325112867385, 1.000000000000000000, 0.9238795325112867385, 1.000000000000000000, 0.9238795325112867385, 1.000000000000000000, 0.9238795325112867385, 1.000000000000000000, 0.9238795325112867385, 1.000000000000000000, 0.9238795325112867385, 1.000000000000000000, 0.9238795325112867385, 1.000000000000000000, 0.9238795325112867385, 1.000000000000000000, 0.9238795325112867385, 1.000000000000000000, 0.9238795325112867385, 1.000000000000000000, 0.9238795325112867385, 1.000000000000000000, 0.9238795325112867385, 1.000000000000000000, 0.9238795325112867385, 1.000000000000000000, 0.9238795325112867385, 1.000000000000000000, 0.9238795325112867385, 1.000000000000000000, 0.9238795325112867385, 1.000000000000000000, 0.9238795325112867385, 1.000000000000000000, 0.9238795325112867385, 1.000000000000000000, 0.9238795325112867385, 1.000000000000000000, 0.9238795325112867385, 1.000000000000000000, 0.9238795325112867385, 1.000000000000000000, 0.9238795325112867385, 1.000000000000000000, 0.9238795325112867385, 1.000000000000000000, 0.9238795325112867385, 1.000000000000000000, 0.9238795325112867385, 1.000000000000000000, 0.9238795325112867385, 1.000000000000000000, 0.9845856106530931351, 0.9754140468372634043),
 ( 1.000000000000000000, 0.9238795325112867385, 1.000000000000000000, 0.9238795325112867385, 1.000000000000000000, 0.9238795325112867385, 1.000000000000000000, 0.9238795325112867385, 1.000000000000000000, 0.9238795325112867385, 1.000000000000000000, 0.9238795325112867385, 1.000000000000000000, 0.9238795325112867385, 1.000000000000000000, 0.9238795325112867385, 1.000000000000000000, 0.9238795325112867385, 1.000000000000000000, 0.9238795325112867385, 1.000000000000000000, 0.9238795325112867385, 1.000000000000000000, 0.9238795325112867385, 1.000000000000000000, 0.9238795325112867385, 1.000000000000000000, 0.9238795325112867385, 1.000000000000000000, 0.9238795325112867385, 1.000000000000000000, 0.9238795325112867385, 1.000000000000000000, 0.9238795325112867385, 1.000000000000000000, 0.9238795325112867385, 1.000000000000000000, 0.9238795325112867385, 1.000000000000000000, 0.9238795325112867385, 1.000000000000000000, 0.9238795325112867385, 1.000000000000000000, 0.9238795325112867385, 1.000000000000000000, 0.9238795325112867385, 1.000000000000000000, 0.9238795325112867385, 1.000000000000000000, 0.9238795325112867385, 1.000000000000000000, 0.9238795325112867385, 1.000000000000000000, 0.9238795325112867385, 1.000000000000000000, 0.9238795325112867385, 1.000000000000000000, 0.9238795325112867385, 1.000000000000000000, 0.9238795325112867385, 1.000000000000000000, 0.9238795325112867385, 1.000000000000000000, 0.9238795325112867385, 1.000000000000000000, 0.9238795325112867385, 1.000000000000000000, 0.9238795325112867385, 1.000000000000000000, 0.9238795325112867385, 1.000000000000000000, 0.9238795325112867385, 1.000000000000000000, 0.9238795325112867385, 1.000000000000000000, 0.9238795325112867385, 1.000000000000000000, 0.9238795325112867385, 1.000000000000000000, 0.9238795325112867385, 1.000000000000000000, 0.9238795325112867385, 1.000000000000000000, 0.9238795325112867385, 1.000000000000000000, 0.9238795325112867385, 1.000000000000000000, 0.9238795325112867385, 1.000000000000000000, 0.9238795325112867385, 1.000000000000000000, 0.9238795325112867385, 1.000000000000000000, 0.9238795325112867385, 1.000000000000000000, 0.9238795325112867385, 1.000000000000000000, 0.9238795325112867385, 1.000000000000000000, 0.9238795325112867385, 1.000000000000000000, 0.9238795325112867385, 1.000000000000000000, 0.9238795325112867385, 1.000000000000000000, 0.9238795325112867385, 1.000000000000000000, 0.9238795325112867385, 1.000000000000000000, 0.9238795325112867385, 1.000000000000000000, 0.9238795325112867385, 1.000000000000000000, 0.9238795325112867385, 1.000000000000000000, 0.9238795325112867385, 1.000000000000000000, 0.9238795325112867385, 1.000000000000000000, 0.9238795325112867385, 1.000000000000000000, 0.9238795325112867385, 1.000000000000000000, 0.9238795325112867385, 1.000000000000000000, 0.9238795325112867385, 1.000000000000000000, 0.9238795325112867385, 1.000000000000000000, 0.9238795325112867385, 1.000000000000000000, 0.9238795325112867385, 1.000000000000000000, 0.9238795325112867385, 1.000000000000000000, 0.9238795325112867385, 1.000000000000000000, 0.9238795325112867385, 1.000000000000000000, 0.9238795325112867385, 1.000000000000000000, 0.9238795325112867385, 1.000000000000000000, 0.9238795325112867385, 1.000000000000000000, 0.9238795325112867385, 1.000000000000000000, 0.9238795325112867385, 1.000000000000000000, 0.9238795325112867385, 1.000000000000000000, 0.9238795325112867385, 1.000000000000000000, 0.9238795325112867385, 1.000000000000000000, 0.9238795325112867385, 1.000000000000000000, 0.9238795325112867385, 1.000000000000000000, 0.9238795325112867385, 1.000000000000000000, 0.9238795325112867385, 1.000000000000000000, 0.9238795325112867385, 1.000000000000000000, 0.9238795325112867385, 1.000000000000000000, 0.9845856106530931351, 0.9754140468372634043) ) ) 
 REPRESENTATION_ITEM ( '' )  SURFACE ( )  );
#3594 = CARTESIAN_POINT ( 'NONE',  ( -2.828427124746189847, 20.21875000000000000, -2.828427124746190291 ) ) ;
#3595 = EDGE_LOOP ( 'NONE', ( #1481, #2802, #1134, #3242 ) ) ;
#3596 = CARTESIAN_POINT ( 'NONE',  ( 1.376604666648955755, 19.90624999829300634, 3.323417656249999297 ) ) ;
#3597 = CARTESIAN_POINT ( 'NONE',  ( -1.376604666648954867, 23.34374999829300634, -3.323417656249999741 ) ) ;
#3598 = CARTESIAN_POINT ( 'NONE',  ( -4.000000000000000000, 20.21874999658601624, -4.898587196589412829E-16 ) ) ;
#3599 = PRESENTATION_STYLE_ASSIGNMENT (( #765 ) ) ;
#3600 = CARTESIAN_POINT ( 'NONE',  ( -1.046992129944420036, 18.86410968269945343, -3.895890547711970520 ) ) ;
#3601 = DIRECTION ( 'NONE',  ( 1.000000000000000000, 0.000000000000000000, -1.224646799147353207E-16 ) ) ;
#3602 = CARTESIAN_POINT ( 'NONE',  ( -1.465082451937883558E-05, 21.93716992951895506, 3.999999999943151252 ) ) ;
#3603 = CARTESIAN_POINT ( 'NONE',  ( -3.186972331462802455, 21.17599906460786485, -3.186972331462802899 ) ) ;
#3604 = CARTESIAN_POINT ( 'NONE',  ( 3.895890756472074390, 13.44776923898620247, 1.046991353141280445 ) ) ;
#3605 = CARTESIAN_POINT ( 'NONE',  ( -1.376604666648957087, 14.74999999829300812, 3.323417656249999297 ) ) ;
#3606 = EDGE_CURVE ( 'NONE', #2599, #1399, #1014, .T. ) ;
#3607 = DIRECTION ( 'NONE',  ( 0.000000000000000000, -1.000000000000000000, 0.000000000000000000 ) ) ;
#3608 = CARTESIAN_POINT ( 'NONE',  ( 2.035006397478180666E-16, 12.95312499829300634, -3.323417656250000185 ) ) ;
#3609 = ORIENTED_EDGE ( 'NONE', *, *, #2972, .F. ) ;
#3610 = CARTESIAN_POINT ( 'NONE',  ( -1.656854249492380360, 20.14062500000000000, -4.000000000000000000 ) ) ;
#3611 = ORIENTED_EDGE ( 'NONE', *, *, #1644, .T. ) ;
#3612 = CARTESIAN_POINT ( 'NONE',  ( -3.323417656250001517, 19.59374999829300634, 1.376604666648954201 ) ) ;
#3613 = PRODUCT ( 'encoder-stand_magnet-holder_6x2.5-round', 'encoder-stand_magnet-holder_6x2.5-round', '', ( #1556 ) ) ;
#3614 = CARTESIAN_POINT ( 'NONE',  ( 3.323417656250000185, 22.95312499829300990, 0.000000000000000000 ) ) ;
#3615 = CARTESIAN_POINT ( 'NONE',  ( 4.000000000000000000, 19.59374999658601624, 0.000000000000000000 ) ) ;
#3616 = CARTESIAN_POINT ( 'NONE',  ( -3.198667749757596823, 18.99431017413485279, -2.458186385646478733 ) ) ;
#3617 = CARTESIAN_POINT ( 'NONE',  ( 5.510910596163089556E-16, 11.50000000000000000, 4.500000000000000888 ) ) ;
#3618 = B_SPLINE_CURVE_WITH_KNOTS ( 'NONE', 3,
 ( #496, #1922, #2742, #1351, #1012, #2512, #459, #3604, #442, #136, #1604, #188, #789, #1657, #2759, #996, #210, #1062 ),
 .UNSPECIFIED., .F., .F.,
 ( 4, 2, 2, 2, 2, 2, 2, 2, 4 ),
 ( 0.1682691953080854841, 0.1742788094262310572, 0.1802884235443766026, 0.1862980376625221757, 0.1923076517806677488, 0.1983172658988132941, 0.2043268800169588673, 0.2103364941351044126, 0.2163461082532499857 ),
 .UNSPECIFIED. ) ;
#3619 = AXIS2_PLACEMENT_3D ( 'NONE', #2155, #131, #1617 ) ;
#3620 = CARTESIAN_POINT ( 'NONE',  ( 3.495145987774966656, 22.14516206687131827, 2.014475168389402882 ) ) ;
#3621 = CARTESIAN_POINT ( 'NONE',  ( -4.507059494062497507, 20.00412406460786485, -1.866885168863107625 ) ) ;
#3622 = FACE_OUTER_BOUND ( 'NONE', #1709, .T. ) ;
#3623 = CARTESIAN_POINT ( 'NONE',  ( 2.350011161449477637, 11.54687499829300812, -2.350011161449477637 ) ) ;
#3624 = EDGE_CURVE ( 'NONE', #1433, #1651, #1258, .T. ) ;
#3625 = FACE_OUTER_BOUND ( 'NONE', #3514, .T. ) ;
#3626 = CARTESIAN_POINT ( 'NONE',  ( -1.656854249492382580, 22.95312499658601979, 3.999999999999999112 ) ) ;
#3627 = CARTESIAN_POINT ( 'NONE',  ( 3.323417656249999741, 13.96874999829300634, -1.376604666648954867 ) ) ;
#3628 = ORIENTED_EDGE ( 'NONE', *, *, #951, .F. ) ;
#3629 = COLOUR_RGB ( '',1.000000000000000000, 1.000000000000000000, 1.000000000000000000 ) ;
#3630 = CARTESIAN_POINT ( 'NONE',  ( -4.000000000000000000, 17.79687500000000000, -1.656854249492381248 ) ) ;
#3631 = ORIENTED_EDGE ( 'NONE', *, *, #2923, .F. ) ;
#3632 = AXIS2_PLACEMENT_3D ( 'NONE', #24, #1182, #3253 ) ;
#3633 = CARTESIAN_POINT ( 'NONE',  ( 3.323417656250000185, 17.64062499829300634, 0.000000000000000000 ) ) ;
#3634 = CARTESIAN_POINT ( 'NONE',  ( 1.046990858824851989, 20.00987400733095711, -3.895890889315846817 ) ) ;
#3635 = CARTESIAN_POINT ( 'NONE',  ( -4.000000000000000000, 21.46874999658601624, -4.898587196589412829E-16 ) ) ;
#3636 = CARTESIAN_POINT ( 'NONE',  ( 1.656854249492381248, 21.85937499658601624, 3.999999999999999112 ) ) ;
#3637 = CARTESIAN_POINT ( 'NONE',  ( -4.604523757462703834E-06, 14.43739626356434513, 3.999999999994384936 ) ) ;
#3638 = CARTESIAN_POINT ( 'NONE',  ( -2.014475780793539172, 13.08320786296698834, 3.495145634807431012 ) ) ;
#3639 = CARTESIAN_POINT ( 'NONE',  ( 0.000000000000000000, 11.00000000000000000, 0.000000000000000000 ) ) ;
#3640 = CARTESIAN_POINT ( 'NONE',  ( -1.866885168863109623, 22.81662406460786485, 4.507059494062497507 ) ) ;
#3641 = CARTESIAN_POINT ( 'NONE',  ( 0.000000000000000000, 24.00000000000000000, 0.000000000000000000 ) ) ;
#3642 = CARTESIAN_POINT ( 'NONE',  ( -2.350011161449477193, 14.35937499829300812, -2.350011161449477637 ) ) ;
#3643 = CARTESIAN_POINT ( 'NONE',  ( 2.014475823030503321, 12.45824550407691156, -3.495145610463570307 ) ) ;
#3644 = CARTESIAN_POINT ( 'NONE',  ( 5.510910596163088569E-16, 11.00000000000000000, 4.500000000000000888 ) ) ;
#3645 = CARTESIAN_POINT ( 'NONE',  ( 3.323417656250000185, 12.64062499829300634, 0.000000000000000000 ) ) ;
#3646 = EDGE_CURVE ( 'NONE', #1160, #1665, #3345, .T. ) ;
#3647 = CARTESIAN_POINT ( 'NONE',  ( -4.507059494062497507, 12.50412406460786130, -1.866885168863107625 ) ) ;
#3648 = ORIENTED_EDGE ( 'NONE', *, *, #911, .T. ) ;
#3649 = EDGE_CURVE ( 'NONE', #2940, #2733, #1864, .T. ) ;
#3650 = CARTESIAN_POINT ( 'NONE',  ( -3.323417656249999741, 20.68749999829300634, -1.376604666648955311 ) ) ;
#3651 = CARTESIAN_POINT ( 'NONE',  ( -3.323417656250001517, 16.15624999829300634, 1.376604666648954201 ) ) ;
#3652 = CARTESIAN_POINT ( 'NONE',  ( -1.656854249492382580, 19.20312499658601979, 3.999999999999999112 ) ) ;
#3653 = CARTESIAN_POINT ( 'NONE',  ( 3.661708828125000093, 11.19531249914650495, 0.000000000000000000 ) ) ;
#3654 = CARTESIAN_POINT ( 'NONE',  ( -1.130204737739835682E-05, 19.43724537420135690, 3.999999999966169284 ) ) ;
#3655 = CARTESIAN_POINT ( 'NONE',  ( 0.5235982700729839845, 17.53606467005833736, -4.000000066436707691 ) ) ;
#3656 = CARTESIAN_POINT ( 'NONE',  ( 0.000000000000000000, 24.00000000000000000, 0.000000000000000000 ) ) ;
#3657 = CARTESIAN_POINT ( 'NONE',  ( -1.866885168863107181, 21.09787406460786485, -4.507059494062497507 ) ) ;
#3658 = DIRECTION ( 'NONE',  ( -0.000000000000000000, -1.000000000000000000, -0.000000000000000000 ) ) ;
#3659 = CARTESIAN_POINT ( 'NONE',  ( -1.376604666648954867, 14.28124999829300634, -3.323417656249999741 ) ) ;
#3660 = FACE_BOUND ( 'NONE', #631, .T. ) ;
#3661 = CARTESIAN_POINT ( 'NONE',  ( 0.000000000000000000, 11.50000000000000000, 0.000000000000000000 ) ) ;
#3662 = CARTESIAN_POINT ( 'NONE',  ( 2.035006397478180666E-16, 24.51562499829300990, -3.323417656250000185 ) ) ;
#3663 = AXIS2_PLACEMENT_3D ( 'NONE', #1535, #2103, #2144 ) ;
#3664 = CARTESIAN_POINT ( 'NONE',  ( 3.186972331462802011, 13.05099906460786308, 3.186972331462803343 ) ) ;
#3665 = CIRCLE ( 'NONE', #1844, 3.000000000000000444 ) ;
#3666 = ORIENTED_EDGE ( 'NONE', *, *, #2269, .F. ) ;
#3667 = EDGE_CURVE ( 'NONE', #3405, #3419, #3520, .T. ) ;
#3668 = CARTESIAN_POINT ( 'NONE',  ( -2.688728754850992608, 24.38984480266935506, -1.953418183777266393 ) ) ;
#3669 = CARTESIAN_POINT ( 'NONE',  ( -3.323417656250000185, 17.32812499829300634, -4.070012794956361332E-16 ) ) ;
#3670 = CARTESIAN_POINT ( 'NONE',  ( -1.656854249492382580, 24.20312499658601979, 3.999999999999999112 ) ) ;
#3671 = CARTESIAN_POINT ( 'NONE',  ( 2.828427124746189403, 21.93749999658601268, 2.828427124746190735 ) ) ;
#3672 = VERTEX_POINT ( 'NONE', #2561 ) ;
#3673 = CARTESIAN_POINT ( 'NONE',  ( -3.930278340823502692, 11.57290725478115156, -1.044118445758725144 ) ) ;
#3674 = CARTESIAN_POINT ( 'NONE',  ( -3.323417656249999741, 23.49999999829300990, -1.376604666648955311 ) ) ;
#3675 = CARTESIAN_POINT ( 'NONE',  ( -1.376604666648957087, 15.06249999829300812, 3.323417656249999297 ) ) ;
#3676 = CARTESIAN_POINT ( 'NONE',  ( 2.014475654084350698, 14.95809493963713344, -3.495145707838024585 ) ) ;
#3677 = CARTESIAN_POINT ( 'NONE',  ( -3.323417656249999741, 16.93749999829300634, -1.376604666648955311 ) ) ;
#3678 = B_SPLINE_CURVE_WITH_KNOTS ( 'NONE', 3,
 ( #1935, #2810, #3673, #2850, #1652, #2302, #1057, #3113, #3381, #785 ),
 .UNSPECIFIED., .F., .F.,
 ( 4, 2, 2, 2, 4 ),
 ( 0.03846384672270995037, 0.04687672739647065490, 0.05528960807023135249, 0.06370248874399206396, 0.07211536941775277543 ),
 .UNSPECIFIED. ) ;
#3679 = DIRECTION ( 'NONE',  ( 0.000000000000000000, 0.000000000000000000, 1.000000000000000000 ) ) ;
#3680 = CARTESIAN_POINT ( 'NONE',  ( -4.000000000000000000, 22.64062499658601624, -1.656854249492381248 ) ) ;
#3681 = CARTESIAN_POINT ( 'NONE',  ( -6.105019192434541011E-16, 23.89062499829300990, 3.323417656250000185 ) ) ;
#3682 = CARTESIAN_POINT ( 'NONE',  ( -2.828427124746189847, 23.96875000000000000, -2.828427124746190291 ) ) ;
#3683 = ORIENTED_EDGE ( 'NONE', *, *, #1558, .F. ) ;
#3684 = CARTESIAN_POINT ( 'NONE',  ( -1.376604666648956865, 23.49999999829300990, 3.323417656249998853 ) ) ;
#3685 = TOROIDAL_SURFACE ( 'NONE', #404, 5.500000000000000000, 0.5000000000000000000 ) ;
#3686 = CARTESIAN_POINT ( 'NONE',  ( 2.350011161449477193, 12.79687499829300634, 2.350011161449478081 ) ) ;
#3687 = CARTESIAN_POINT ( 'NONE',  ( 1.656854249492381026, 22.32812499658601624, -4.000000000000000000 ) ) ;
#3688 = ORIENTED_EDGE ( 'NONE', *, *, #3207, .T. ) ;
#3689 = CYLINDRICAL_SURFACE ( 'NONE', #13, 4.000000000000000000 ) ;
#3690 = ADVANCED_FACE ( 'NONE', ( #3460 ), #3729, .F. ) ;
#3691 = CARTESIAN_POINT ( 'NONE',  ( 1.376604666648955089, 24.43749999829300634, -3.323417656249999741 ) ) ;
#3692 = CARTESIAN_POINT ( 'NONE',  ( -1.376604666648954867, 13.34374999829300812, -3.323417656249999741 ) ) ;
#3693 = CARTESIAN_POINT ( 'NONE',  ( -4.000000000000000000, 23.89062499658601268, -1.656854249492381248 ) ) ;
#3694 = CARTESIAN_POINT ( 'NONE',  ( 0.000000000000000000, 0.5000000000000004441, 5.500000000000000000 ) ) ;
#3695 = CARTESIAN_POINT ( 'NONE',  ( 3.323417656250000185, 20.14062499829300634, 0.000000000000000000 ) ) ;
#3696 = VERTEX_POINT ( 'NONE', #3133 ) ;
#3697 = CARTESIAN_POINT ( 'NONE',  ( 1.046990764673318974, 21.25979872511070923, -3.895890914618347356 ) ) ;
#3698 = CARTESIAN_POINT ( 'NONE',  ( -1.376604666648954867, 16.78124999829300990, -3.323417656249999741 ) ) ;
#3699 = CIRCLE ( 'NONE', #3026, 16.00000000000000000 ) ;
#3700 = ADVANCED_BREP_SHAPE_REPRESENTATION ( 'encoder-stand_magnet-holder_6x2.5-round', ( #3516, #657 ), #2228 ) ;
#3701 = FACE_OUTER_BOUND ( 'NONE', #2184, .T. ) ;
#3702 = CARTESIAN_POINT ( 'NONE',  ( -2.828427124746190735, 21.78125000000000355, 2.828427124746189847 ) ) ;
#3703 = ORIENTED_EDGE ( 'NONE', *, *, #1875, .F. ) ;
#3704 = CARTESIAN_POINT ( 'NONE',  ( 2.350011161449477637, 21.54687499829300634, -2.350011161449477637 ) ) ;
#3705 = CARTESIAN_POINT ( 'NONE',  ( 3.323417656249998853, 12.87499999829300634, 1.376604666648957087 ) ) ;
#3706 = CARTESIAN_POINT ( 'NONE',  ( 4.000000000000000000, 24.67187499658601979, -1.656854249492380804 ) ) ;
#3707 = CARTESIAN_POINT ( 'NONE',  ( -1.509050996133131317, 24.00000000000000711, -3.516845276637285522 ) ) ;
#3708 = EDGE_LOOP ( 'NONE', ( #3112, #1404, #2959, #2146 ) ) ;
#3709 = DIRECTION ( 'NONE',  ( 0.000000000000000000, 0.000000000000000000, 1.000000000000000000 ) ) ;
#3710 =( BOUNDED_CURVE ( )  B_SPLINE_CURVE ( 2, ( #1370, #3180, #228, #582, #3734, #2894, #3116, #2511, #1061 ),
 .UNSPECIFIED., .F., .F. ) 
 B_SPLINE_CURVE_WITH_KNOTS ( ( 3, 2, 2, 2, 3 ),
 ( 0.3124906535273795916, 0.3245095283250222229, 0.3365283997444674657, 0.3485472711639127086, 0.3605661242127815025 ),
 .UNSPECIFIED. ) 
 CURVE ( )  GEOMETRIC_REPRESENTATION_ITEM ( )  RATIONAL_B_SPLINE_CURVE ( ( 1.000000000000000000, 0.9238795325112867385, 1.000000000000000000, 0.9238795325112867385, 1.000000000000000000, 0.9238795325112867385, 1.000000000000000000, 0.9238795325112867385, 1.000000000000000000 ) ) 
 REPRESENTATION_ITEM ( '' )  );
#3711 = CARTESIAN_POINT ( 'NONE',  ( -3.323417656250001517, 23.65624999829300634, 1.376604666648954201 ) ) ;
#3712 = CARTESIAN_POINT ( 'NONE',  ( 2.350011161449477193, 12.79687499829300634, 2.350011161449478081 ) ) ;
#3713 = CARTESIAN_POINT ( 'NONE',  ( 0.000000000000000000, 0.000000000000000000, 0.000000000000000000 ) ) ;
#3714 = CARTESIAN_POINT ( 'NONE',  ( 0.000000000000000000, 0.000000000000000000, 0.000000000000000000 ) ) ;
#3715 = CARTESIAN_POINT ( 'NONE',  ( -3.323417656250001517, 18.34374999829300634, 1.376604666648954645 ) ) ;
#3716 = CARTESIAN_POINT ( 'NONE',  ( -3.495145914750002358, 20.27027499020173806, -2.014475295088866247 ) ) ;
#3717 = ORIENTED_EDGE ( 'NONE', *, *, #2028, .F. ) ;
#3718 = CARTESIAN_POINT ( 'NONE',  ( -4.000000000000000888, 14.04687499658601446, 1.656854249492379694 ) ) ;
#3719 = EDGE_CURVE ( 'NONE', #1211, #3751, #284, .T. ) ;
#3720 = CARTESIAN_POINT ( 'NONE',  ( -7.035532279229366845E-08, 20.53124849066422186, 3.999999999999998224 ) ) ;
#3721 = CARTESIAN_POINT ( 'NONE',  ( 2.350011161449477637, 16.54687499829300634, -2.350011161449477637 ) ) ;
#3722 = CARTESIAN_POINT ( 'NONE',  ( -0.5235991884801552976, 16.33822014885255669, -3.999999946217499769 ) ) ;
#3723 = CARTESIAN_POINT ( 'NONE',  ( -4.000000000000000000, 22.79687500000000000, -1.656854249492381248 ) ) ;
#3724 = AXIS2_PLACEMENT_3D ( 'NONE', #170, #3658, #3368 ) ;
#3725 = ORIENTED_EDGE ( 'NONE', *, *, #1514, .F. ) ;
#3726 = CARTESIAN_POINT ( 'NONE',  ( 3.323417656249999741, 21.46874999829300279, -1.376604666648954867 ) ) ;
#3727 = CARTESIAN_POINT ( 'NONE',  ( 3.323417656249998853, 16.62499999829300990, 1.376604666648957087 ) ) ;
#3728 = CARTESIAN_POINT ( 'NONE',  ( -3.323417656249999741, 13.49999999829300634, -1.376604666648955311 ) ) ;
#3729 = CYLINDRICAL_SURFACE ( 'NONE', #465, 4.000000000000000000 ) ;
#3730 = VERTEX_POINT ( 'NONE', #3153 ) ;
#3731 = LINE ( 'NONE', #2523, #1475 ) ;
#3732 = CARTESIAN_POINT ( 'NONE',  ( 3.323417656249998853, 20.37499999829300634, 1.376604666648957087 ) ) ;
#3733 = CARTESIAN_POINT ( 'NONE',  ( -1.376604666648954867, 15.84374999829300812, -3.323417656249999741 ) ) ;
#3734 = CARTESIAN_POINT ( 'NONE',  ( -4.000000000000000000, 16.46874999658601624, -4.898587196589412829E-16 ) ) ;
#3735 = CARTESIAN_POINT ( 'NONE',  ( 0.000000000000000000, 0.000000000000000000, 0.000000000000000000 ) ) ;
#3736 = CARTESIAN_POINT ( 'NONE',  ( -3.323417656249999741, 19.43749999829300634, -1.376604666648955311 ) ) ;
#3737 = CARTESIAN_POINT ( 'NONE',  ( 3.323417656250000185, 11.70312499829300812, 0.000000000000000000 ) ) ;
#3738 = AXIS2_PLACEMENT_3D ( 'NONE', #2552, #2311, #3388 ) ;
#3739 = ORIENTED_EDGE ( 'NONE', *, *, #3264, .F. ) ;
#3740 = CARTESIAN_POINT ( 'NONE',  ( -1.656854249492382580, 14.20312499658601801, 3.999999999999999112 ) ) ;
#3741 = DIRECTION ( 'NONE',  ( 0.000000000000000000, 1.000000000000000000, 0.000000000000000000 ) ) ;
#3742 = CARTESIAN_POINT ( 'NONE',  ( 2.350011161449477193, 17.48437499829300634, 2.350011161449478081 ) ) ;
#3743 = EDGE_CURVE ( 'NONE', #54, #1760, #2808, .T. ) ;
#3744 = CARTESIAN_POINT ( 'NONE',  ( -3.198666858610333730, 21.75456059256516994, 2.458187545234268079 ) ) ;
#3745 = CARTESIAN_POINT ( 'NONE',  ( -1.866885168863107181, 17.34787406460786485, -4.507059494062497507 ) ) ;
#3746 = VERTEX_POINT ( 'NONE', #3770 ) ;
#3747 = CARTESIAN_POINT ( 'NONE',  ( -1.656854249492382580, 14.35937499999999822, 3.999999999999999112 ) ) ;
#3748 = CARTESIAN_POINT ( 'NONE',  ( 3.323417656249998853, 19.12499999829300634, 1.376604666648957087 ) ) ;
#3749 = CARTESIAN_POINT ( 'NONE',  ( -3.051042956773803994, 25.07734487925999645, -2.605811292718577477 ) ) ;
#3750 = CARTESIAN_POINT ( 'NONE',  ( 2.246382801446950239, 24.00000000000000000, -2.594172917363848807 ) ) ;
#3751 = VERTEX_POINT ( 'NONE', #2867 ) ;
#3752 = CARTESIAN_POINT ( 'NONE',  ( 0.5542387243073033654, 10.99999999999999822, -4.465738397676043192 ) ) ;
#3753 = CARTESIAN_POINT ( 'NONE',  ( -2.350011161449477193, 20.92187499829300634, -2.350011161449477637 ) ) ;
#3754 = CARTESIAN_POINT ( 'NONE',  ( -6.105019192434541011E-16, 15.14062499829300812, 3.323417656250000185 ) ) ;
#3755 = CARTESIAN_POINT ( 'NONE',  ( -4.000000000000000000, 23.96874999658601624, -4.898587196589412829E-16 ) ) ;
#3756 = CARTESIAN_POINT ( 'NONE',  ( -4.000000000000000000, 21.39062499658601624, -1.656854249492381248 ) ) ;
#3757 = CARTESIAN_POINT ( 'NONE',  ( 1.376604666648955755, 16.15624999829300990, 3.323417656249999741 ) ) ;
#3758 = ORIENTED_EDGE ( 'NONE', *, *, #2269, .T. ) ;
#3759 = CARTESIAN_POINT ( 'NONE',  ( -2.828427124746190735, 14.12499999658601624, 2.828427124746189847 ) ) ;
#3760 = CARTESIAN_POINT ( 'NONE',  ( 2.828427124746189403, 16.93749999658601624, 2.828427124746190735 ) ) ;
#3761 = CARTESIAN_POINT ( 'NONE',  ( -6.105019192434541011E-16, 14.82812499829300634, 3.323417656250000185 ) ) ;
#3762 = CARTESIAN_POINT ( 'NONE',  ( 3.323417656250000185, 11.39062499829300812, 0.000000000000000000 ) ) ;
#3763 = CARTESIAN_POINT ( 'NONE',  ( -1.866885168863109623, 17.81662406460787551, 4.507059494062497507 ) ) ;
#3764 = EDGE_CURVE ( 'NONE', #2868, #2216, #2320, .T. ) ;
#3765 = VERTEX_POINT ( 'NONE', #3479 ) ;
#3766 = CIRCLE ( 'NONE', #971, 15.50000000000000000 ) ;
#3767 = CARTESIAN_POINT ( 'NONE',  ( -2.828427124746190735, 13.03125000000000000, 2.828427124746189847 ) ) ;
#3768 = CARTESIAN_POINT ( 'NONE',  ( 2.035006397478180666E-16, 15.76562499829300990, -3.323417656250000185 ) ) ;
#3769 = EDGE_CURVE ( 'NONE', #2273, #2713, #1745, .T. ) ;
#3770 = CARTESIAN_POINT ( 'NONE',  ( 0.000000000000000000, 0.5000000000000004441, -5.000000000000000000 ) ) ;
#3771 = ORIENTED_EDGE ( 'NONE', *, *, #1973, .F. ) ;
ENDSEC;
END-ISO-10303-21;
