ISO-10303-21;
HEADER;
FILE_DESCRIPTION (( 'STEP AP214' ),
    '1' );
FILE_NAME ('encoder-stand_motor-mount.STEP',
    '2026-01-07T21:45:51',
    ( '' ),
    ( '' ),
    'SwSTEP 2.0',
    'SolidWorks 2025',
    '' );
FILE_SCHEMA (( 'AUTOMOTIVE_DESIGN' ));
ENDSEC;

DATA;
#1 = AXIS2_PLACEMENT_3D ( 'NONE', #1579, #41, #734 ) ;
#2 = ORIENTED_EDGE ( 'NONE', *, *, #1922, .F. ) ;
#3 = VECTOR ( 'NONE', #587, 1000.000000000000000 ) ;
#4 = CYLINDRICAL_SURFACE ( 'NONE', #1059, 8.000000000000000000 ) ;
#5 = DIRECTION ( 'NONE',  ( -0.000000000000000000, -1.000000000000000000, -0.000000000000000000 ) ) ;
#6 = VERTEX_POINT ( 'NONE', #1819 ) ;
#7 = CARTESIAN_POINT ( 'NONE',  ( 15.49999999999999645, 11.20000000000000107, 15.50000000000000355 ) ) ;
#8 = CARTESIAN_POINT ( 'NONE',  ( 29.99999999999999289, 8.000000000000000000, 29.99999999999999289 ) ) ;
#9 = LINE ( 'NONE', #2015, #1858 ) ;
#10 = DIRECTION ( 'NONE',  ( 0.000000000000000000, 1.000000000000000000, -0.000000000000000000 ) ) ;
#11 = CIRCLE ( 'NONE', #299, 1.999999999999998224 ) ;
#12 = ORIENTED_EDGE ( 'NONE', *, *, #677, .T. ) ;
#13 = AXIS2_PLACEMENT_3D ( 'NONE', #2201, #674, #2037 ) ;
#14 = VERTEX_POINT ( 'NONE', #951 ) ;
#15 = ORIENTED_EDGE ( 'NONE', *, *, #849, .T. ) ;
#16 = AXIS2_PLACEMENT_3D ( 'NONE', #1661, #2166, #1288 ) ;
#17 = DIRECTION ( 'NONE',  ( 0.000000000000000000, 0.000000000000000000, -1.000000000000000000 ) ) ;
#18 = DIRECTION ( 'NONE',  ( 0.000000000000000000, -9.637352644315596475E-17, 1.000000000000000000 ) ) ;
#19 = ORIENTED_EDGE ( 'NONE', *, *, #44, .F. ) ;
#20 = DIRECTION ( 'NONE',  ( -1.000000000000000000, -0.000000000000000000, -8.211708762020388642E-17 ) ) ;
#21 = DIRECTION ( 'NONE',  ( 0.000000000000000000, 0.000000000000000000, 1.000000000000000000 ) ) ;
#22 = AXIS2_PLACEMENT_3D ( 'NONE', #2039, #2087, #1727 ) ;
#23 = ADVANCED_FACE ( 'NONE', ( #1290 ), #1133, .F. ) ;
#24 = LINE ( 'NONE', #498, #617 ) ;
#25 = FACE_OUTER_BOUND ( 'NONE', #1483, .T. ) ;
#26 = CIRCLE ( 'NONE', #637, 2.000000000000005329 ) ;
#27 = VERTEX_POINT ( 'NONE', #1142 ) ;
#28 = DIRECTION ( 'NONE',  ( -0.000000000000000000, -1.000000000000000000, -0.000000000000000000 ) ) ;
#29 = ORIENTED_EDGE ( 'NONE', *, *, #791, .T. ) ;
#30 = CARTESIAN_POINT ( 'NONE',  ( -21.12499999999999289, -34.00000000000000000, 21.12499999999998934 ) ) ;
#31 = DIRECTION ( 'NONE',  ( 0.000000000000000000, 0.000000000000000000, 1.000000000000000000 ) ) ;
#32 = AXIS2_PLACEMENT_3D ( 'NONE', #414, #1078, #235 ) ;
#33 = CARTESIAN_POINT ( 'NONE',  ( -15.50000000000000178, 0.000000000000000000, 15.50000000000000355 ) ) ;
#34 = CARTESIAN_POINT ( 'NONE',  ( -16.00000000000000711, 2.499999999999988454, -25.99999999999992539 ) ) ;
#35 = UNCERTAINTY_MEASURE_WITH_UNIT (LENGTH_MEASURE( 1.000000000000000082E-05 ), #1616, 'distance_accuracy_value', 'NONE');
#36 = VERTEX_POINT ( 'NONE', #1166 ) ;
#37 = AXIS2_PLACEMENT_3D ( 'NONE', #119, #90, #1114 ) ;
#38 = VERTEX_POINT ( 'NONE', #1831 ) ;
#39 = CIRCLE ( 'NONE', #1294, 1.499999999999997780 ) ;
#40 = ORIENTED_EDGE ( 'NONE', *, *, #211, .F. ) ;
#41 = DIRECTION ( 'NONE',  ( -2.312964634635743450E-16, 0.000000000000000000, -1.000000000000000000 ) ) ;
#42 = CARTESIAN_POINT ( 'NONE',  ( -15.50000000000000178, 5.000000000000000000, 12.50000000000000000 ) ) ;
#43 = LINE ( 'NONE', #1428, #1258 ) ;
#44 = EDGE_CURVE ( 'NONE', #1029, #956, #2141, .T. ) ;
#45 = DIRECTION ( 'NONE',  ( 0.000000000000000000, -1.000000000000000000, 0.000000000000000000 ) ) ;
#46 = ADVANCED_FACE ( 'NONE', ( #442, #2160 ), #117, .T. ) ;
#47 = VERTEX_POINT ( 'NONE', #1321 ) ;
#48 = CIRCLE ( 'NONE', #1979, 1.500000000000001332 ) ;
#49 = EDGE_CURVE ( 'NONE', #1361, #357, #1800, .T. ) ;
#50 = DIRECTION ( 'NONE',  ( 0.000000000000000000, 0.000000000000000000, 1.000000000000000000 ) ) ;
#51 = EDGE_LOOP ( 'NONE', ( #1838, #966, #1658, #875 ) ) ;
#52 = FACE_BOUND ( 'NONE', #146, .T. ) ;
#53 = DIRECTION ( 'NONE',  ( 0.000000000000000000, 0.000000000000000000, 1.000000000000000000 ) ) ;
#54 = CARTESIAN_POINT ( 'NONE',  ( -30.00000000000001066, -28.49999999999999645, -23.99999999999992539 ) ) ;
#55 = FACE_OUTER_BOUND ( 'NONE', #1013, .T. ) ;
#56 = ADVANCED_FACE ( 'NONE', ( #1155 ), #2001, .F. ) ;
#57 = AXIS2_PLACEMENT_3D ( 'NONE', #737, #1790, #1421 ) ;
#58 = ORIENTED_EDGE ( 'NONE', *, *, #489, .T. ) ;
#59 = ADVANCED_FACE ( 'NONE', ( #1810 ), #104, .F. ) ;
#60 = ORIENTED_EDGE ( 'NONE', *, *, #462, .F. ) ;
#61 = ORIENTED_EDGE ( 'NONE', *, *, #206, .F. ) ;
#62 = DIRECTION ( 'NONE',  ( -8.211708762020387409E-17, 0.000000000000000000, -1.000000000000000000 ) ) ;
#63 = CYLINDRICAL_SURFACE ( 'NONE', #914, 4.500000000000000000 ) ;
#64 = DIRECTION ( 'NONE',  ( 0.000000000000000000, 0.000000000000000000, 1.000000000000000000 ) ) ;
#65 = CARTESIAN_POINT ( 'NONE',  ( 1.347111479062088405E-15, 2.200000000000000178, 11.00000000000000000 ) ) ;
#66 = CARTESIAN_POINT ( 'NONE',  ( -30.00000000000004619, -3.000000000000000000, 9.999999999999994671 ) ) ;
#67 = CIRCLE ( 'NONE', #2177, 2.999999999999999112 ) ;
#68 = ORIENTED_EDGE ( 'NONE', *, *, #486, .T. ) ;
#69 = ORIENTED_EDGE ( 'NONE', *, *, #2050, .T. ) ;
#70 = ORIENTED_EDGE ( 'NONE', *, *, #215, .T. ) ;
#71 = LINE ( 'NONE', #1650, #1679 ) ;
#72 = DIRECTION ( 'NONE',  ( 0.000000000000000000, 1.000000000000000000, 0.000000000000000000 ) ) ;
#73 = CARTESIAN_POINT ( 'NONE',  ( -15.50000000000000355, 8.000000000000000000, -12.50000000000000000 ) ) ;
#74 = CARTESIAN_POINT ( 'NONE',  ( 15.99999999999999289, -28.49999999999997158, -25.99999999999991118 ) ) ;
#75 = CIRCLE ( 'NONE', #1475, 1.999999999999998224 ) ;
#76 = LINE ( 'NONE', #1499, #1516 ) ;
#77 = ORIENTED_EDGE ( 'NONE', *, *, #756, .T. ) ;
#78 = CARTESIAN_POINT ( 'NONE',  ( -30.00000000000004619, -2.999999999999997335, -18.00000000000000355 ) ) ;
#79 = AXIS2_PLACEMENT_3D ( 'NONE', #2022, #981, #481 ) ;
#80 = EDGE_CURVE ( 'NONE', #956, #122, #833, .T. ) ;
#81 = ORIENTED_EDGE ( 'NONE', *, *, #1796, .F. ) ;
#82 = AXIS2_PLACEMENT_3D ( 'NONE', #125, #630, #459 ) ;
#83 = CARTESIAN_POINT ( 'NONE',  ( 5.510910596163088569E-16, 0.000000000000000000, -4.500000000000000000 ) ) ;
#84 = VECTOR ( 'NONE', #1724, 1000.000000000000000 ) ;
#85 =( LENGTH_UNIT ( ) NAMED_UNIT ( * ) SI_UNIT ( .MILLI., .METRE. ) );
#86 = VECTOR ( 'NONE', #1480, 1000.000000000000000 ) ;
#87 = CARTESIAN_POINT ( 'NONE',  ( -21.12499999999999645, -14.99999999999999645, -18.00000000000000355 ) ) ;
#88 = CARTESIAN_POINT ( 'NONE',  ( -16.00000000000000711, -28.49999999999999645, -23.99999999999992539 ) ) ;
#89 = ADVANCED_FACE ( 'NONE', ( #1675 ), #1969, .F. ) ;
#90 = DIRECTION ( 'NONE',  ( 1.000000000000000000, -0.000000000000000000, 1.224646799147353207E-16 ) ) ;
#91 = EDGE_LOOP ( 'NONE', ( #866, #1984 ) ) ;
#92 = CIRCLE ( 'NONE', #1740, 1.500000000000001332 ) ;
#93 = EDGE_LOOP ( 'NONE', ( #1208, #1465 ) ) ;
#94 = CYLINDRICAL_SURFACE ( 'NONE', #902, 3.000000000000002665 ) ;
#95 = DIRECTION ( 'NONE',  ( 1.000000000000000000, 0.000000000000000000, -5.782411586589358625E-17 ) ) ;
#96 = DIRECTION ( 'NONE',  ( 0.000000000000000000, 0.000000000000000000, 1.000000000000000000 ) ) ;
#97 = CARTESIAN_POINT ( 'NONE',  ( -15.50000000000000178, 11.20000000000000107, 14.00000000000000355 ) ) ;
#98 = CARTESIAN_POINT ( 'NONE',  ( 15.49999999999999645, 5.000000000000000000, 15.50000000000000355 ) ) ;
#99 = ORIENTED_EDGE ( 'NONE', *, *, #257, .T. ) ;
#100 = CIRCLE ( 'NONE', #1994, 8.000000000000000000 ) ;
#101 = ORIENTED_EDGE ( 'NONE', *, *, #1007, .F. ) ;
#102 = CARTESIAN_POINT ( 'NONE',  ( 0.000000000000000000, 8.000000000000000000, 0.000000000000000000 ) ) ;
#103 = CARTESIAN_POINT ( 'NONE',  ( 15.49999999999999645, 0.000000000000000000, 15.50000000000000355 ) ) ;
#104 = PLANE ( 'NONE',  #485 ) ;
#105 = VECTOR ( 'NONE', #1787, 1000.000000000000000 ) ;
#106 = DIRECTION ( 'NONE',  ( 0.000000000000000000, 1.000000000000000000, 0.000000000000000000 ) ) ;
#107 = VECTOR ( 'NONE', #367, 1000.000000000000000 ) ;
#108 = ADVANCED_FACE ( 'NONE', ( #2150 ), #1654, .F. ) ;
#109 = ORIENTED_EDGE ( 'NONE', *, *, #903, .F. ) ;
#110 = EDGE_CURVE ( 'NONE', #2034, #1904, #232, .T. ) ;
#111 = VERTEX_POINT ( 'NONE', #314 ) ;
#112 = CARTESIAN_POINT ( 'NONE',  ( 5.510910596163088569E-16, 7.500000000000000000, -4.500000000000000000 ) ) ;
#113 = DIRECTION ( 'NONE',  ( 1.000000000000000000, 0.000000000000000000, 0.000000000000000000 ) ) ;
#114 = CARTESIAN_POINT ( 'NONE',  ( 15.49999999999999645, 5.000000000000000000, -12.50000000000000000 ) ) ;
#115 = CIRCLE ( 'NONE', #1267, 8.000000000000000000 ) ;
#116 = DIRECTION ( 'NONE',  ( 0.000000000000000000, 0.000000000000000000, -1.000000000000000000 ) ) ;
#117 = PLANE ( 'NONE',  #1204 ) ;
#118 = VECTOR ( 'NONE', #1459, 1000.000000000000000 ) ;
#119 = CARTESIAN_POINT ( 'NONE',  ( 6.123233995736765296E-16, 7.500000000000000000, -4.999999999999999112 ) ) ;
#120 = EDGE_CURVE ( 'NONE', #775, #502, #994, .T. ) ;
#121 = ORIENTED_EDGE ( 'NONE', *, *, #822, .F. ) ;
#122 = VERTEX_POINT ( 'NONE', #1299 ) ;
#123 = ORIENTED_EDGE ( 'NONE', *, *, #990, .T. ) ;
#124 = EDGE_CURVE ( 'NONE', #561, #1519, #804, .T. ) ;
#125 = CARTESIAN_POINT ( 'NONE',  ( -15.50000000000000178, 8.000000000000000000, 15.50000000000000355 ) ) ;
#126 = CIRCLE ( 'NONE', #311, 2.000000000000001776 ) ;
#127 = FACE_OUTER_BOUND ( 'NONE', #91, .T. ) ;
#128 = CARTESIAN_POINT ( 'NONE',  ( -21.12499999999999645, -22.99999999999999645, -21.12500000000001421 ) ) ;
#129 = DIRECTION ( 'NONE',  ( 0.000000000000000000, 0.000000000000000000, -1.000000000000000000 ) ) ;
#130 = DIRECTION ( 'NONE',  ( 0.000000000000000000, 1.000000000000000000, -0.000000000000000000 ) ) ;
#131 = ORIENTED_EDGE ( 'NONE', *, *, #366, .T. ) ;
#132 = ORIENTED_EDGE ( 'NONE', *, *, #962, .T. ) ;
#133 = ORIENTED_EDGE ( 'NONE', *, *, #602, .F. ) ;
#134 = CARTESIAN_POINT ( 'NONE',  ( 21.12500000000001066, -11.00000000000000178, 9.999999999999994671 ) ) ;
#135 = CARTESIAN_POINT ( 'NONE',  ( -15.50000000000000355, 5.000000000000000000, -15.50000000000000000 ) ) ;
#136 = ADVANCED_FACE ( 'NONE', ( #634 ), #1310, .T. ) ;
#137 = LINE ( 'NONE', #128, #1320 ) ;
#138 = DIRECTION ( 'NONE',  ( 1.000000000000000000, -0.000000000000000000, 1.642341752404077728E-16 ) ) ;
#139 = DIRECTION ( 'NONE',  ( 8.211708762020388642E-17, -0.000000000000000000, 1.000000000000000000 ) ) ;
#140 = AXIS2_PLACEMENT_3D ( 'NONE', #1619, #1108, #2148 ) ;
#141 = VERTEX_POINT ( 'NONE', #857 ) ;
#142 = CIRCLE ( 'NONE', #2118, 8.000000000000000000 ) ;
#143 = EDGE_LOOP ( 'NONE', ( #1012, #1846, #604, #743 ) ) ;
#144 = CARTESIAN_POINT ( 'NONE',  ( 15.49999999999999645, 5.000000000000000000, -16.99999999999999645 ) ) ;
#145 = LINE ( 'NONE', #2046, #1125 ) ;
#146 = EDGE_LOOP ( 'NONE', ( #1337, #374 ) ) ;
#147 = CARTESIAN_POINT ( 'NONE',  ( 21.12500000000000355, 0.000000000000000000, -21.12500000000000711 ) ) ;
#148 = LINE ( 'NONE', #2051, #810 ) ;
#149 = AXIS2_PLACEMENT_3D ( 'NONE', #347, #1708, #1017 ) ;
#150 = DIRECTION ( 'NONE',  ( 1.000000000000000000, 0.000000000000000000, -0.000000000000000000 ) ) ;
#151 = CARTESIAN_POINT ( 'NONE',  ( 8.499999999999994671, -24.00000000000000000, 21.11999999999999389 ) ) ;
#152 = AXIS2_PLACEMENT_3D ( 'NONE', #1991, #461, #1736 ) ;
#153 = ADVANCED_FACE ( 'NONE', ( #868 ), #1397, .F. ) ;
#154 = ORIENTED_EDGE ( 'NONE', *, *, #424, .F. ) ;
#155 = ORIENTED_EDGE ( 'NONE', *, *, #1115, .T. ) ;
#156 = ORIENTED_EDGE ( 'NONE', *, *, #704, .F. ) ;
#157 = CARTESIAN_POINT ( 'NONE',  ( -8.500000000000007105, -34.00000000000000000, 29.99999999999999289 ) ) ;
#158 = CARTESIAN_POINT ( 'NONE',  ( -15.50000000000000178, 11.20000000000000107, 15.50000000000000355 ) ) ;
#159 = EDGE_LOOP ( 'NONE', ( #305, #132 ) ) ;
#160 = DIRECTION ( 'NONE',  ( 0.000000000000000000, 0.000000000000000000, -1.000000000000000000 ) ) ;
#161 = LINE ( 'NONE', #1511, #1419 ) ;
#162 = CARTESIAN_POINT ( 'NONE',  ( -21.12499999999999289, -34.00000000000000000, 21.12499999999998934 ) ) ;
#163 = EDGE_CURVE ( 'NONE', #27, #2199, #664, .T. ) ;
#164 = DIRECTION ( 'NONE',  ( 0.000000000000000000, 0.000000000000000000, 1.000000000000000000 ) ) ;
#165 = ORIENTED_EDGE ( 'NONE', *, *, #2050, .F. ) ;
#166 = EDGE_CURVE ( 'NONE', #410, #1424, #189, .T. ) ;
#167 = APPLICATION_CONTEXT ( 'automotive_design' ) ;
#168 = ORIENTED_EDGE ( 'NONE', *, *, #2019, .F. ) ;
#169 = ORIENTED_EDGE ( 'NONE', *, *, #756, .F. ) ;
#170 = CARTESIAN_POINT ( 'NONE',  ( -30.00000000000001066, -10.99999999999999822, -10.00000000000000178 ) ) ;
#171 = CIRCLE ( 'NONE', #500, 2.000000000000005329 ) ;
#172 = CARTESIAN_POINT ( 'NONE',  ( 21.12500000000000355, -10.99999999999999822, -18.00000000000000355 ) ) ;
#173 = ORIENTED_EDGE ( 'NONE', *, *, #551, .F. ) ;
#174 = DIRECTION ( 'NONE',  ( -0.000000000000000000, -1.000000000000000000, -0.000000000000000000 ) ) ;
#175 = DIRECTION ( 'NONE',  ( -1.000000000000000000, 0.000000000000000000, 0.000000000000000000 ) ) ;
#176 = CARTESIAN_POINT ( 'NONE',  ( -15.50000000000000355, 11.20000000000000107, -15.50000000000000000 ) ) ;
#177 = CARTESIAN_POINT ( 'NONE',  ( 29.99999999999999289, -2.999999999999998224, -10.00000000000000178 ) ) ;
#178 = EDGE_CURVE ( 'NONE', #1901, #435, #2212, .T. ) ;
#179 = ORIENTED_EDGE ( 'NONE', *, *, #456, .T. ) ;
#180 = AXIS2_PLACEMENT_3D ( 'NONE', #98, #2161, #280 ) ;
#181 = ORIENTED_EDGE ( 'NONE', *, *, #874, .T. ) ;
#182 = ORIENTED_EDGE ( 'NONE', *, *, #2098, .T. ) ;
#183 = AXIS2_PLACEMENT_3D ( 'NONE', #397, #416, #576 ) ;
#184 = CARTESIAN_POINT ( 'NONE',  ( -21.12499999999999289, -34.00000000000000000, 21.12499999999998934 ) ) ;
#185 = EDGE_CURVE ( 'NONE', #1372, #1117, #161, .T. ) ;
#186 = LINE ( 'NONE', #2033, #446 ) ;
#187 = ORIENTED_EDGE ( 'NONE', *, *, #1821, .T. ) ;
#188 = CARTESIAN_POINT ( 'NONE',  ( 29.99999999999999289, -14.99999999999999645, -18.00000000000000355 ) ) ;
#189 = LINE ( 'NONE', #365, #1945 ) ;
#190 = CARTESIAN_POINT ( 'NONE',  ( 15.49999999999999645, 5.000000000000000000, -15.49999999999999822 ) ) ;
#191 = DIRECTION ( 'NONE',  ( -1.000000000000000000, -0.000000000000000000, 5.782411586589358625E-17 ) ) ;
#192 = ADVANCED_FACE ( 'NONE', ( #687 ), #2063, .F. ) ;
#193 = VECTOR ( 'NONE', #1925, 1000.000000000000000 ) ;
#194 = EDGE_LOOP ( 'NONE', ( #1706, #1793, #1486, #765 ) ) ;
#195 = CARTESIAN_POINT ( 'NONE',  ( 29.99999999999999289, -22.99999999999999645, 9.999999999999994671 ) ) ;
#196 = CARTESIAN_POINT ( 'NONE',  ( -8.500000000000005329, -34.00000000000000000, 21.12499999999998934 ) ) ;
#197 = ORIENTED_EDGE ( 'NONE', *, *, #1900, .T. ) ;
#198 = ORIENTED_EDGE ( 'NONE', *, *, #1647, .F. ) ;
#199 = CARTESIAN_POINT ( 'NONE',  ( -15.50000000000000355, 5.000000000000000000, -15.50000000000000000 ) ) ;
#200 = EDGE_CURVE ( 'NONE', #1117, #564, #497, .T. ) ;
#201 = CARTESIAN_POINT ( 'NONE',  ( 21.12500000000000355, -3.000000000000000000, 9.999999999999994671 ) ) ;
#202 = LINE ( 'NONE', #725, #3 ) ;
#203 = CIRCLE ( 'NONE', #243, 8.000000000000000000 ) ;
#204 = VERTEX_POINT ( 'NONE', #1895 ) ;
#205 = DIRECTION ( 'NONE',  ( 0.000000000000000000, -9.637352644315595243E-17, 1.000000000000000000 ) ) ;
#206 = EDGE_CURVE ( 'NONE', #956, #1962, #701, .T. ) ;
#207 = ORIENTED_EDGE ( 'NONE', *, *, #2098, .F. ) ;
#208 = ORIENTED_EDGE ( 'NONE', *, *, #2104, .T. ) ;
#209 = DIRECTION ( 'NONE',  ( 0.000000000000000000, 0.000000000000000000, -1.000000000000000000 ) ) ;
#210 = DIRECTION ( 'NONE',  ( -0.000000000000000000, -1.000000000000000000, -0.000000000000000000 ) ) ;
#211 = EDGE_CURVE ( 'NONE', #204, #14, #1549, .T. ) ;
#212 = CIRCLE ( 'NONE', #1713, 2.999999999999999112 ) ;
#213 = DIRECTION ( 'NONE',  ( -0.000000000000000000, -1.000000000000000000, 0.000000000000000000 ) ) ;
#214 = DIRECTION ( 'NONE',  ( -1.000000000000000000, 0.000000000000000000, 0.000000000000000000 ) ) ;
#215 = EDGE_CURVE ( 'NONE', #499, #1901, #2018, .T. ) ;
#216 = UNCERTAINTY_MEASURE_WITH_UNIT (LENGTH_MEASURE( 1.000000000000000082E-05 ), #85, 'distance_accuracy_value', 'NONE');
#217 = VERTEX_POINT ( 'NONE', #325 ) ;
#218 = VECTOR ( 'NONE', #20, 1000.000000000000000 ) ;
#219 = LINE ( 'NONE', #78, #1229 ) ;
#220 = ORIENTED_EDGE ( 'NONE', *, *, #925, .T. ) ;
#221 = CIRCLE ( 'NONE', #1550, 1.499999999999999556 ) ;
#222 = EDGE_LOOP ( 'NONE', ( #455, #1995, #1315, #1709 ) ) ;
#223 = FACE_OUTER_BOUND ( 'NONE', #1607, .T. ) ;
#224 = EDGE_CURVE ( 'NONE', #255, #1505, #520, .T. ) ;
#225 = CARTESIAN_POINT ( 'NONE',  ( 29.99999999999999289, -14.99999999999999645, -10.00000000000000178 ) ) ;
#226 = DIRECTION ( 'NONE',  ( 0.000000000000000000, 1.000000000000000000, 0.000000000000000000 ) ) ;
#227 = CARTESIAN_POINT ( 'NONE',  ( 29.99999999999999289, -10.99999999999999822, -10.00000000000000178 ) ) ;
#228 = EDGE_CURVE ( 'NONE', #38, #27, #148, .T. ) ;
#229 = CIRCLE ( 'NONE', #445, 8.000000000000000000 ) ;
#230 = ORIENTED_EDGE ( 'NONE', *, *, #1769, .T. ) ;
#231 = AXIS2_PLACEMENT_3D ( 'NONE', #2168, #1662, #589 ) ;
#232 = CIRCLE ( 'NONE', #776, 3.000000000000002665 ) ;
#233 = ORIENTED_EDGE ( 'NONE', *, *, #2171, .T. ) ;
#234 = STYLED_ITEM ( 'NONE', ( #940 ), #538 ) ;
#235 = DIRECTION ( 'NONE',  ( 0.000000000000000000, 0.000000000000000000, 1.000000000000000000 ) ) ;
#236 = VECTOR ( 'NONE', #609, 1000.000000000000000 ) ;
#237 = CARTESIAN_POINT ( 'NONE',  ( 15.49999999999999645, 5.000000000000000000, 14.00000000000000178 ) ) ;
#238 = DIRECTION ( 'NONE',  ( -1.000000000000000000, 0.000000000000000000, 0.000000000000000000 ) ) ;
#239 = DIRECTION ( 'NONE',  ( -0.000000000000000000, -1.000000000000000000, -0.000000000000000000 ) ) ;
#240 = CIRCLE ( 'NONE', #306, 1.499999999999999556 ) ;
#241 = DIRECTION ( 'NONE',  ( 0.000000000000000000, 0.000000000000000000, 1.000000000000000000 ) ) ;
#242 = VECTOR ( 'NONE', #542, 1000.000000000000000 ) ;
#243 = AXIS2_PLACEMENT_3D ( 'NONE', #227, #214, #407 ) ;
#244 = EDGE_CURVE ( 'NONE', #1432, #1334, #739, .T. ) ;
#245 = ORIENTED_EDGE ( 'NONE', *, *, #959, .F. ) ;
#246 = ORIENTED_EDGE ( 'NONE', *, *, #396, .F. ) ;
#247 = CYLINDRICAL_SURFACE ( 'NONE', #2005, 1.499999999999999556 ) ;
#248 = DIRECTION ( 'NONE',  ( 0.000000000000000000, 0.000000000000000000, 1.000000000000000000 ) ) ;
#249 = LINE ( 'NONE', #1779, #512 ) ;
#250 = CARTESIAN_POINT ( 'NONE',  ( -25.00000000000000000, -34.00000000000000000, 30.00000000000000711 ) ) ;
#251 = CARTESIAN_POINT ( 'NONE',  ( -16.00000000000000711, -28.49999999999999645, -25.99999999999992895 ) ) ;
#252 = VECTOR ( 'NONE', #880, 1000.000000000000000 ) ;
#253 = EDGE_LOOP ( 'NONE', ( #2137, #2017, #1637, #423 ) ) ;
#254 = CARTESIAN_POINT ( 'NONE',  ( 29.99999999999999289, 8.000000000000000000, -30.00000000000000000 ) ) ;
#255 = VERTEX_POINT ( 'NONE', #1058 ) ;
#256 = DIRECTION ( 'NONE',  ( 0.000000000000000000, 0.000000000000000000, 1.000000000000000000 ) ) ;
#257 = EDGE_CURVE ( 'NONE', #767, #1904, #2025, .T. ) ;
#258 = SURFACE_STYLE_USAGE ( .BOTH. , #451 ) ;
#259 = PLANE ( 'NONE',  #1245 ) ;
#260 = DIRECTION ( 'NONE',  ( 1.000000000000000000, -0.000000000000000000, -0.000000000000000000 ) ) ;
#261 = DIRECTION ( 'NONE',  ( 0.000000000000000000, -1.000000000000000000, 0.000000000000000000 ) ) ;
#262 = DIRECTION ( 'NONE',  ( -0.000000000000000000, 1.000000000000000000, -0.000000000000000000 ) ) ;
#263 = ORIENTED_EDGE ( 'NONE', *, *, #849, .F. ) ;
#264 = VECTOR ( 'NONE', #1394, 1000.000000000000000 ) ;
#265 = EDGE_LOOP ( 'NONE', ( #220, #528, #60, #1231 ) ) ;
#266 = FACE_OUTER_BOUND ( 'NONE', #1295, .T. ) ;
#267 = AXIS2_PLACEMENT_3D ( 'NONE', #415, #1572, #31 ) ;
#268 = DIRECTION ( 'NONE',  ( 0.000000000000000000, 0.000000000000000000, -1.000000000000000000 ) ) ;
#269 = DIRECTION ( 'NONE',  ( 0.000000000000000000, -1.000000000000000000, 0.000000000000000000 ) ) ;
#270 = DIRECTION ( 'NONE',  ( 0.000000000000000000, -9.637352644315596475E-17, 1.000000000000000000 ) ) ;
#271 = LINE ( 'NONE', #2173, #870 ) ;
#272 = EDGE_LOOP ( 'NONE', ( #917, #1077, #1366, #1964 ) ) ;
#273 = AXIS2_PLACEMENT_3D ( 'NONE', #1112, #1593, #1583 ) ;
#274 = ORIENTED_EDGE ( 'NONE', *, *, #282, .T. ) ;
#275 = DIRECTION ( 'NONE',  ( 0.000000000000000000, -0.000000000000000000, 1.000000000000000000 ) ) ;
#276 =( NAMED_UNIT ( * ) PLANE_ANGLE_UNIT ( ) SI_UNIT ( $, .RADIAN. ) );
#277 = CARTESIAN_POINT ( 'NONE',  ( -15.50000000000000355, 8.000000000000000000, -15.50000000000000000 ) ) ;
#278 = CARTESIAN_POINT ( 'NONE',  ( 15.99999999999999289, -28.49999999999997158, -25.99999999999991118 ) ) ;
#279 = EDGE_CURVE ( 'NONE', #490, #1705, #380, .T. ) ;
#280 = DIRECTION ( 'NONE',  ( 0.000000000000000000, -0.000000000000000000, 1.000000000000000000 ) ) ;
#281 = EDGE_CURVE ( 'NONE', #1180, #2068, #507, .T. ) ;
#282 = EDGE_CURVE ( 'NONE', #2061, #2054, #338, .T. ) ;
#283 = ORIENTED_EDGE ( 'NONE', *, *, #916, .F. ) ;
#284 = PRODUCT_DEFINITION ( 'UNKNOWN', '', #837, #1411 ) ;
#285 = ORIENTED_EDGE ( 'NONE', *, *, #1585, .F. ) ;
#286 = DIRECTION ( 'NONE',  ( -0.000000000000000000, -1.000000000000000000, -0.000000000000000000 ) ) ;
#287 = LINE ( 'NONE', #1817, #1163 ) ;
#288 = DIRECTION ( 'NONE',  ( 0.000000000000000000, -1.000000000000000000, 0.000000000000000000 ) ) ;
#289 = ADVANCED_FACE ( 'NONE', ( #352 ), #1034, .F. ) ;
#290 = DIRECTION ( 'NONE',  ( 0.000000000000000000, 0.000000000000000000, 1.000000000000000000 ) ) ;
#291 = AXIS2_PLACEMENT_3D ( 'NONE', #1458, #618, #256 ) ;
#292 = CARTESIAN_POINT ( 'NONE',  ( 0.000000000000000000, 0.000000000000000000, 0.000000000000000000 ) ) ;
#293 = AXIS2_PLACEMENT_3D ( 'NONE', #1737, #1407, #893 ) ;
#294 = ORIENTED_EDGE ( 'NONE', *, *, #1016, .T. ) ;
#295 = ORIENTED_EDGE ( 'NONE', *, *, #762, .T. ) ;
#296 = EDGE_LOOP ( 'NONE', ( #2056, #1542, #842, #165 ) ) ;
#297 = CARTESIAN_POINT ( 'NONE',  ( 5.510910596163088569E-16, 2.200000000000000178, -4.500000000000000000 ) ) ;
#298 = DIRECTION ( 'NONE',  ( -1.000000000000000000, -0.000000000000000000, 8.211708762020387409E-17 ) ) ;
#299 = AXIS2_PLACEMENT_3D ( 'NONE', #1651, #113, #2030 ) ;
#300 = DIRECTION ( 'NONE',  ( 1.000000000000000000, 0.000000000000000000, 0.000000000000000000 ) ) ;
#301 = VERTEX_POINT ( 'NONE', #575 ) ;
#302 = CIRCLE ( 'NONE', #1835, 2.999999999999999112 ) ;
#303 = CIRCLE ( 'NONE', #16, 4.500000000000000000 ) ;
#304 = LINE ( 'NONE', #354, #1721 ) ;
#305 = ORIENTED_EDGE ( 'NONE', *, *, #324, .T. ) ;
#306 = AXIS2_PLACEMENT_3D ( 'NONE', #1538, #1387, #341 ) ;
#307 = ADVANCED_FACE ( 'NONE', ( #1079 ), #2085, .F. ) ;
#308 = VERTEX_POINT ( 'NONE', #1277 ) ;
#309 = ORIENTED_EDGE ( 'NONE', *, *, #613, .F. ) ;
#310 = DIRECTION ( 'NONE',  ( -0.000000000000000000, 1.000000000000000000, -0.000000000000000000 ) ) ;
#311 = AXIS2_PLACEMENT_3D ( 'NONE', #74, #933, #1266 ) ;
#312 = FACE_OUTER_BOUND ( 'NONE', #861, .T. ) ;
#313 = CARTESIAN_POINT ( 'NONE',  ( -8.500000000000007105, -24.00000000000000000, 29.99999999999999289 ) ) ;
#314 = CARTESIAN_POINT ( 'NONE',  ( 15.49999999999999645, 5.000000000000000000, 17.00000000000000355 ) ) ;
#315 = CARTESIAN_POINT ( 'NONE',  ( 8.499999999999996447, -34.00000000000000000, 21.12499999999999289 ) ) ;
#316 = EDGE_LOOP ( 'NONE', ( #657, #667, #1444, #668 ) ) ;
#317 = CIRCLE ( 'NONE', #2036, 11.00000000000000000 ) ;
#318 = ORIENTED_EDGE ( 'NONE', *, *, #946, .T. ) ;
#319 = ORIENTED_EDGE ( 'NONE', *, *, #1268, .F. ) ;
#320 = DIRECTION ( 'NONE',  ( 1.000000000000000000, 0.000000000000000000, -5.782411586589358625E-17 ) ) ;
#321 = CYLINDRICAL_SURFACE ( 'NONE', #149, 8.000000000000000000 ) ;
#322 = EDGE_LOOP ( 'NONE', ( #1032, #1615, #294, #1783 ) ) ;
#323 = DIRECTION ( 'NONE',  ( -1.953517427901809960E-16, 0.000000000000000000, 1.000000000000000000 ) ) ;
#324 = EDGE_CURVE ( 'NONE', #410, #111, #1691, .T. ) ;
#325 = CARTESIAN_POINT ( 'NONE',  ( 15.49999999999999645, 8.000000000000000000, 18.50000000000000355 ) ) ;
#326 = CARTESIAN_POINT ( 'NONE',  ( 15.49999999999999645, 5.000000000000000000, -15.49999999999999822 ) ) ;
#327 = VECTOR ( 'NONE', #331, 1000.000000000000000 ) ;
#328 = CARTESIAN_POINT ( 'NONE',  ( -21.12499999999999289, -24.00000000000000000, 21.12499999999998934 ) ) ;
#329 = ORIENTED_EDGE ( 'NONE', *, *, #2132, .T. ) ;
#330 = CIRCLE ( 'NONE', #371, 2.999999999999997335 ) ;
#331 = DIRECTION ( 'NONE',  ( -1.000000000000000000, -0.000000000000000000, 5.782411586589358625E-17 ) ) ;
#332 = EDGE_LOOP ( 'NONE', ( #1126, #274, #123, #1027 ) ) ;
#333 = VERTEX_POINT ( 'NONE', #735 ) ;
#334 = DIRECTION ( 'NONE',  ( 0.000000000000000000, 0.000000000000000000, 1.000000000000000000 ) ) ;
#335 = DIRECTION ( 'NONE',  ( 8.211708762020388642E-17, -0.000000000000000000, 1.000000000000000000 ) ) ;
#336 = ORIENTED_EDGE ( 'NONE', *, *, #530, .T. ) ;
#337 = DIRECTION ( 'NONE',  ( 0.000000000000000000, -1.000000000000000000, 0.000000000000000000 ) ) ;
#338 = LINE ( 'NONE', #1021, #1484 ) ;
#339 = EDGE_CURVE ( 'NONE', #1814, #1273, #302, .T. ) ;
#340 = DIRECTION ( 'NONE',  ( -1.000000000000000000, 0.000000000000000000, 8.211708762020389874E-17 ) ) ;
#341 = DIRECTION ( 'NONE',  ( 0.000000000000000000, 0.000000000000000000, -1.000000000000000000 ) ) ;
#342 = VECTOR ( 'NONE', #1564, 1000.000000000000000 ) ;
#343 = VERTEX_POINT ( 'NONE', #1581 ) ;
#344 = ORIENTED_EDGE ( 'NONE', *, *, #1517, .T. ) ;
#345 = AXIS2_PLACEMENT_3D ( 'NONE', #34, #191, #1738 ) ;
#346 = DIRECTION ( 'NONE',  ( -0.000000000000000000, -1.000000000000000000, -0.000000000000000000 ) ) ;
#347 = CARTESIAN_POINT ( 'NONE',  ( -30.00000000000004619, -10.99999999999999822, -10.00000000000000178 ) ) ;
#348 = VERTEX_POINT ( 'NONE', #757 ) ;
#349 = AXIS2_PLACEMENT_3D ( 'NONE', #151, #2053, #1371 ) ;
#350 = DIRECTION ( 'NONE',  ( 0.000000000000000000, 0.000000000000000000, -1.000000000000000000 ) ) ;
#351 = ADVANCED_FACE ( 'NONE', ( #908 ), #63, .F. ) ;
#352 = FACE_OUTER_BOUND ( 'NONE', #222, .T. ) ;
#353 = AXIS2_PLACEMENT_3D ( 'NONE', #452, #1958, #1319 ) ;
#354 = CARTESIAN_POINT ( 'NONE',  ( 29.99999999999999289, -11.00000000000000178, 17.99999999999999645 ) ) ;
#355 = ADVANCED_FACE ( 'NONE', ( #1234 ), #1436, .F. ) ;
#356 = DIRECTION ( 'NONE',  ( -0.000000000000000000, 1.000000000000000000, -0.000000000000000000 ) ) ;
#357 = VERTEX_POINT ( 'NONE', #1110 ) ;
#358 = ADVANCED_FACE ( 'NONE', ( #1244 ), #1944, .F. ) ;
#359 = ORIENTED_EDGE ( 'NONE', *, *, #1104, .T. ) ;
#360 = DIRECTION ( 'NONE',  ( 0.000000000000000000, 0.000000000000000000, -1.000000000000000000 ) ) ;
#361 = AXIS2_PLACEMENT_3D ( 'NONE', #1710, #1381, #1523 ) ;
#362 = CYLINDRICAL_SURFACE ( 'NONE', #738, 1.499999999999999556 ) ;
#363 = ORIENTED_EDGE ( 'NONE', *, *, #2163, .T. ) ;
#364 = DIRECTION ( 'NONE',  ( 0.000000000000000000, 0.000000000000000000, -1.000000000000000000 ) ) ;
#365 = CARTESIAN_POINT ( 'NONE',  ( 15.49999999999999645, 11.20000000000000107, 14.00000000000000178 ) ) ;
#366 = EDGE_CURVE ( 'NONE', #672, #850, #1562, .T. ) ;
#367 = DIRECTION ( 'NONE',  ( 0.000000000000000000, 1.000000000000000000, 0.000000000000000000 ) ) ;
#368 = CARTESIAN_POINT ( 'NONE',  ( 15.49999999999999645, 0.000000000000000000, -16.99999999999999645 ) ) ;
#369 = EDGE_CURVE ( 'NONE', #1324, #897, #1764, .T. ) ;
#370 = EDGE_LOOP ( 'NONE', ( #2097, #1570, #1352, #29 ) ) ;
#371 = AXIS2_PLACEMENT_3D ( 'NONE', #1855, #406, #1100 ) ;
#372 = LINE ( 'NONE', #195, #1026 ) ;
#373 = CARTESIAN_POINT ( 'NONE',  ( 15.99999999999999289, 2.500000000000016431, -23.99999999999991473 ) ) ;
#374 = ORIENTED_EDGE ( 'NONE', *, *, #1938, .T. ) ;
#375 = FACE_OUTER_BOUND ( 'NONE', #1218, .T. ) ;
#376 = DIRECTION ( 'NONE',  ( -1.000000000000000000, -0.000000000000000000, -0.000000000000000000 ) ) ;
#377 = DIRECTION ( 'NONE',  ( 0.000000000000000000, 0.000000000000000000, -1.000000000000000000 ) ) ;
#378 = CARTESIAN_POINT ( 'NONE',  ( -16.00000000000000711, -28.49999999999999645, -23.99999999999992539 ) ) ;
#379 = AXIS2_PLACEMENT_3D ( 'NONE', #1281, #298, #1318 ) ;
#380 = CIRCLE ( 'NONE', #13, 4.500000000000000000 ) ;
#381 = ORIENTED_EDGE ( 'NONE', *, *, #1393, .F. ) ;
#382 = EDGE_CURVE ( 'NONE', #947, #2079, #405, .T. ) ;
#383 = ORIENTED_EDGE ( 'NONE', *, *, #1080, .T. ) ;
#384 = ORIENTED_EDGE ( 'NONE', *, *, #1544, .F. ) ;
#385 = FACE_BOUND ( 'NONE', #1732, .T. ) ;
#386 = CARTESIAN_POINT ( 'NONE',  ( -30.00000000000001066, 2.499999999999988454, -23.99999999999992895 ) ) ;
#387 = CARTESIAN_POINT ( 'NONE',  ( 15.49999999999999645, 8.000000000000000000, 15.50000000000000355 ) ) ;
#388 = DIRECTION ( 'NONE',  ( 0.000000000000000000, 0.000000000000000000, 1.000000000000000000 ) ) ;
#389 = AXIS2_PLACEMENT_3D ( 'NONE', #103, #288, #116 ) ;
#390 = ORIENTED_EDGE ( 'NONE', *, *, #2032, .F. ) ;
#391 = EDGE_CURVE ( 'NONE', #897, #1200, #2103, .T. ) ;
#392 = PRODUCT_CONTEXT ( 'NONE', #749, 'mechanical' ) ;
#393 = ORIENTED_EDGE ( 'NONE', *, *, #990, .F. ) ;
#394 = FACE_BOUND ( 'NONE', #636, .T. ) ;
#395 = CARTESIAN_POINT ( 'NONE',  ( 15.49999999999999645, 5.000000000000000000, 15.50000000000000355 ) ) ;
#396 = EDGE_CURVE ( 'NONE', #1223, #1909, #663, .T. ) ;
#397 = CARTESIAN_POINT ( 'NONE',  ( -21.12499999999999645, -14.99999999999999645, -10.00000000000000178 ) ) ;
#398 = CARTESIAN_POINT ( 'NONE',  ( 15.99999999999999289, 2.500000000000015987, -25.99999999999991118 ) ) ;
#399 = ORIENTED_EDGE ( 'NONE', *, *, #1977, .F. ) ;
#400 = VECTOR ( 'NONE', #438, 1000.000000000000000 ) ;
#401 = ORIENTED_EDGE ( 'NONE', *, *, #916, .T. ) ;
#402 = AXIS2_PLACEMENT_3D ( 'NONE', #2204, #859, #1537 ) ;
#403 = ORIENTED_EDGE ( 'NONE', *, *, #751, .F. ) ;
#404 = DIRECTION ( 'NONE',  ( 0.000000000000000000, -0.000000000000000000, 1.000000000000000000 ) ) ;
#405 = LINE ( 'NONE', #2114, #1161 ) ;
#406 = DIRECTION ( 'NONE',  ( 0.000000000000000000, 1.000000000000000000, 0.000000000000000000 ) ) ;
#407 = DIRECTION ( 'NONE',  ( 0.000000000000000000, 0.000000000000000000, 1.000000000000000000 ) ) ;
#408 = EDGE_CURVE ( 'NONE', #1983, #879, #1454, .T. ) ;
#409 = AXIS2_PLACEMENT_3D ( 'NONE', #184, #2197, #710 ) ;
#410 = VERTEX_POINT ( 'NONE', #237 ) ;
#411 = AXIS2_PLACEMENT_3D ( 'NONE', #278, #1632, #2183 ) ;
#412 = ORIENTED_EDGE ( 'NONE', *, *, #1314, .T. ) ;
#413 = AXIS2_PLACEMENT_3D ( 'NONE', #2139, #1976, #2180 ) ;
#414 = CARTESIAN_POINT ( 'NONE',  ( 0.000000000000000000, 7.500000000000000000, 0.000000000000000000 ) ) ;
#415 = CARTESIAN_POINT ( 'NONE',  ( -16.00000000000000711, -28.49999999999999645, -25.99999999999992895 ) ) ;
#416 = DIRECTION ( 'NONE',  ( -1.000000000000000000, -0.000000000000000000, 8.211708762020387409E-17 ) ) ;
#417 = EDGE_CURVE ( 'NONE', #1117, #1055, #724, .T. ) ;
#418 = DIRECTION ( 'NONE',  ( -0.000000000000000000, 1.000000000000000000, -0.000000000000000000 ) ) ;
#419 = VECTOR ( 'NONE', #2077, 1000.000000000000000 ) ;
#420 = DIRECTION ( 'NONE',  ( 5.782411586589358625E-17, 0.000000000000000000, 1.000000000000000000 ) ) ;
#421 = CIRCLE ( 'NONE', #986, 3.000000000000002665 ) ;
#422 = AXIS2_PLACEMENT_3D ( 'NONE', #398, #260, #1429 ) ;
#423 = ORIENTED_EDGE ( 'NONE', *, *, #1878, .T. ) ;
#424 = EDGE_CURVE ( 'NONE', #2178, #2054, #560, .T. ) ;
#425 = EDGE_LOOP ( 'NONE', ( #1955, #753, #2040, #1617 ) ) ;
#426 = VERTEX_POINT ( 'NONE', #42 ) ;
#427 = FACE_BOUND ( 'NONE', #478, .T. ) ;
#428 = DIRECTION ( 'NONE',  ( -1.000000000000000000, 0.000000000000000000, 0.000000000000000000 ) ) ;
#429 = CARTESIAN_POINT ( 'NONE',  ( 21.12500000000000355, -34.00000000000000000, -21.12500000000000711 ) ) ;
#430 = DIRECTION ( 'NONE',  ( 0.000000000000000000, 0.000000000000000000, 1.000000000000000000 ) ) ;
#431 = FACE_OUTER_BOUND ( 'NONE', #1684, .T. ) ;
#432 = AXIS2_PLACEMENT_3D ( 'NONE', #496, #337, #1510 ) ;
#433 = CARTESIAN_POINT ( 'NONE',  ( 8.499999999999992895, -34.00000000000000000, 29.99999999999999289 ) ) ;
#434 = EDGE_LOOP ( 'NONE', ( #1065, #329, #835, #1920 ) ) ;
#435 = VERTEX_POINT ( 'NONE', #386 ) ;
#436 = AXIS2_PLACEMENT_3D ( 'NONE', #635, #443, #1124 ) ;
#437 = VERTEX_POINT ( 'NONE', #2094 ) ;
#438 = DIRECTION ( 'NONE',  ( -0.000000000000000000, 1.000000000000000000, -0.000000000000000000 ) ) ;
#439 = CARTESIAN_POINT ( 'NONE',  ( 21.12500000000000711, -22.99999999999999645, 9.999999999999994671 ) ) ;
#440 = VECTOR ( 'NONE', #1398, 1000.000000000000000 ) ;
#441 = CYLINDRICAL_SURFACE ( 'NONE', #1141, 8.000000000000000000 ) ;
#442 = FACE_OUTER_BOUND ( 'NONE', #488, .T. ) ;
#443 = DIRECTION ( 'NONE',  ( 0.000000000000000000, 1.000000000000000000, 0.000000000000000000 ) ) ;
#444 = VERTEX_POINT ( 'NONE', #1069 ) ;
#445 = AXIS2_PLACEMENT_3D ( 'NONE', #696, #841, #2209 ) ;
#446 = VECTOR ( 'NONE', #1043, 1000.000000000000000 ) ;
#447 = ORIENTED_EDGE ( 'NONE', *, *, #1322, .F. ) ;
#448 = CARTESIAN_POINT ( 'NONE',  ( -21.12499999999999645, -11.00000000000000178, 17.99999999999999645 ) ) ;
#449 = EDGE_CURVE ( 'NONE', #1000, #707, #844, .T. ) ;
#450 = AXIS2_PLACEMENT_3D ( 'NONE', #1177, #1882, #21 ) ;
#451 = SURFACE_SIDE_STYLE ('',( #1629 ) ) ;
#452 = CARTESIAN_POINT ( 'NONE',  ( -30.00000000000004619, -11.00000000000000178, 9.999999999999994671 ) ) ;
#453 = CARTESIAN_POINT ( 'NONE',  ( -16.00000000000000711, 2.499999999999988454, -25.99999999999992539 ) ) ;
#454 = DIRECTION ( 'NONE',  ( 1.000000000000000000, 0.000000000000000000, 0.000000000000000000 ) ) ;
#455 = ORIENTED_EDGE ( 'NONE', *, *, #642, .F. ) ;
#456 = EDGE_CURVE ( 'NONE', #1128, #918, #1162, .T. ) ;
#457 = ORIENTED_EDGE ( 'NONE', *, *, #1609, .F. ) ;
#458 = FACE_BOUND ( 'NONE', #987, .T. ) ;
#459 = DIRECTION ( 'NONE',  ( 0.000000000000000000, 0.000000000000000000, 1.000000000000000000 ) ) ;
#460 = DIRECTION ( 'NONE',  ( 1.000000000000000000, 0.000000000000000000, 0.000000000000000000 ) ) ;
#461 = DIRECTION ( 'NONE',  ( -1.000000000000000000, 0.000000000000000000, 5.782411586589358625E-17 ) ) ;
#462 = EDGE_CURVE ( 'NONE', #614, #685, #640, .T. ) ;
#463 = DIRECTION ( 'NONE',  ( -0.000000000000000000, -1.000000000000000000, -0.000000000000000000 ) ) ;
#464 = AXIS2_PLACEMENT_3D ( 'NONE', #7, #174, #160 ) ;
#465 = EDGE_CURVE ( 'NONE', #1200, #1137, #1094, .T. ) ;
#466 = ORIENTED_EDGE ( 'NONE', *, *, #2194, .F. ) ;
#467 = VERTEX_POINT ( 'NONE', #439 ) ;
#468 = DIRECTION ( 'NONE',  ( 1.953517427901809960E-16, -0.000000000000000000, -1.000000000000000000 ) ) ;
#469 = CARTESIAN_POINT ( 'NONE',  ( -30.00000000000004619, -22.99999999999999645, 17.99999999999999645 ) ) ;
#470 = DIRECTION ( 'NONE',  ( 0.000000000000000000, 0.000000000000000000, 1.000000000000000000 ) ) ;
#471 = DIRECTION ( 'NONE',  ( 1.000000000000000000, 0.000000000000000000, 0.000000000000000000 ) ) ;
#472 = DIRECTION ( 'NONE',  ( -1.000000000000000000, -0.000000000000000000, 5.782411586589358625E-17 ) ) ;
#473 = VECTOR ( 'NONE', #1156, 1000.000000000000000 ) ;
#474 = DIRECTION ( 'NONE',  ( 1.000000000000000000, -0.000000000000000000, -5.782411586589357392E-17 ) ) ;
#475 = VECTOR ( 'NONE', #1437, 1000.000000000000000 ) ;
#476 = ADVANCED_FACE ( 'NONE', ( #1317, #1327, #1297, #1150 ), #1828, .F. ) ;
#477 = EDGE_LOOP ( 'NONE', ( #693, #1722, #1040, #81 ) ) ;
#478 = EDGE_LOOP ( 'NONE', ( #691, #295 ) ) ;
#479 = VERTEX_POINT ( 'NONE', #1989 ) ;
#480 = FILL_AREA_STYLE ('',( #819 ) ) ;
#481 = DIRECTION ( 'NONE',  ( 0.000000000000000000, 0.000000000000000000, -1.000000000000000000 ) ) ;
#482 = AXIS2_PLACEMENT_3D ( 'NONE', #1532, #1184, #1197 ) ;
#483 = FACE_OUTER_BOUND ( 'NONE', #786, .T. ) ;
#484 = DIRECTION ( 'NONE',  ( 0.000000000000000000, 1.000000000000000000, 0.000000000000000000 ) ) ;
#485 = AXIS2_PLACEMENT_3D ( 'NONE', #1843, #1503, #270 ) ;
#486 = EDGE_CURVE ( 'NONE', #906, #14, #1947, .T. ) ;
#487 = CARTESIAN_POINT ( 'NONE',  ( -21.12499999999999645, -10.99999999999999645, -18.00000000000000355 ) ) ;
#488 = EDGE_LOOP ( 'NONE', ( #412, #1373 ) ) ;
#489 = EDGE_CURVE ( 'NONE', #437, #1962, #607, .T. ) ;
#490 = VERTEX_POINT ( 'NONE', #297 ) ;
#491 = ORIENTED_EDGE ( 'NONE', *, *, #1744, .F. ) ;
#492 = LINE ( 'NONE', #1671, #1493 ) ;
#493 = DIRECTION ( 'NONE',  ( -1.000000000000000000, 0.000000000000000000, -0.000000000000000000 ) ) ;
#494 = EDGE_CURVE ( 'NONE', #426, #2034, #287, .T. ) ;
#495 = ORIENTED_EDGE ( 'NONE', *, *, #2163, .F. ) ;
#496 = CARTESIAN_POINT ( 'NONE',  ( 15.49999999999999645, 0.000000000000000000, 15.50000000000000355 ) ) ;
#497 = LINE ( 'NONE', #1368, #1335 ) ;
#498 = CARTESIAN_POINT ( 'NONE',  ( -21.12499999999999645, -2.999999999999995559, -21.12500000000001066 ) ) ;
#499 = VERTEX_POINT ( 'NONE', #2010 ) ;
#500 = AXIS2_PLACEMENT_3D ( 'NONE', #1341, #832, #1673 ) ;
#501 = ORIENTED_EDGE ( 'NONE', *, *, #1129, .T. ) ;
#502 = VERTEX_POINT ( 'NONE', #979 ) ;
#503 = FACE_OUTER_BOUND ( 'NONE', #265, .T. ) ;
#504 = CARTESIAN_POINT ( 'NONE',  ( 29.99999999999999289, 2.500000000000016431, -23.99999999999991473 ) ) ;
#505 = ORIENTED_EDGE ( 'NONE', *, *, #417, .T. ) ;
#506 = CARTESIAN_POINT ( 'NONE',  ( -16.00000000000000711, 2.499999999999988454, -25.99999999999992539 ) ) ;
#507 = LINE ( 'NONE', #1190, #628 ) ;
#508 = FACE_OUTER_BOUND ( 'NONE', #532, .T. ) ;
#509 = AXIS2_PLACEMENT_3D ( 'NONE', #1098, #967, #938 ) ;
#510 = LINE ( 'NONE', #1193, #784 ) ;
#511 = EDGE_LOOP ( 'NONE', ( #1183, #1175 ) ) ;
#512 = VECTOR ( 'NONE', #2095, 1000.000000000000000 ) ;
#513 = ORIENTED_EDGE ( 'NONE', *, *, #1634, .T. ) ;
#514 = EDGE_LOOP ( 'NONE', ( #1168, #1145, #581, #997 ) ) ;
#515 = DIRECTION ( 'NONE',  ( 1.000000000000000000, 0.000000000000000000, -0.000000000000000000 ) ) ;
#516 = LINE ( 'NONE', #1199, #2159 ) ;
#517 = EDGE_LOOP ( 'NONE', ( #2146, #1567, #1670, #1474 ) ) ;
#518 = ADVANCED_FACE ( 'NONE', ( #789 ), #1468, .T. ) ;
#519 = CARTESIAN_POINT ( 'NONE',  ( 8.499999999999994671, -24.00000000000000000, 21.11999999999999389 ) ) ;
#520 = LINE ( 'NONE', #8, #1591 ) ;
#521 = CYLINDRICAL_SURFACE ( 'NONE', #2080, 1.500000000000001332 ) ;
#522 = DIRECTION ( 'NONE',  ( 1.000000000000000000, 0.000000000000000000, 0.000000000000000000 ) ) ;
#523 = AXIS2_PLACEMENT_3D ( 'NONE', #1225, #1906, #1382 ) ;
#524 =( GEOMETRIC_REPRESENTATION_CONTEXT ( 3 ) GLOBAL_UNCERTAINTY_ASSIGNED_CONTEXT ( ( #216 ) ) GLOBAL_UNIT_ASSIGNED_CONTEXT ( ( #85, #276, #1640 ) ) REPRESENTATION_CONTEXT ( 'NONE', 'WORKASPACE' ) );
#525 = ORIENTED_EDGE ( 'NONE', *, *, #1878, .F. ) ;
#526 = AXIS2_PLACEMENT_3D ( 'NONE', #453, #472, #290 ) ;
#527 = EDGE_LOOP ( 'NONE', ( #390, #1445, #1888, #1051, #1507, #401, #1293, #816 ) ) ;
#528 = ORIENTED_EDGE ( 'NONE', *, *, #1513, .T. ) ;
#529 = CARTESIAN_POINT ( 'NONE',  ( -30.00000000000004619, -11.00000000000000178, 17.99999999999999645 ) ) ;
#530 = EDGE_CURVE ( 'NONE', #1993, #1464, #303, .T. ) ;
#531 = DIRECTION ( 'NONE',  ( 0.000000000000000000, 1.000000000000000000, 9.637352644315596475E-17 ) ) ;
#532 = EDGE_LOOP ( 'NONE', ( #1194, #2047, #1044, #680 ) ) ;
#533 = CIRCLE ( 'NONE', #1772, 8.000000000000000000 ) ;
#534 = DIRECTION ( 'NONE',  ( -1.000000000000000000, 0.000000000000000000, 5.782411586589358625E-17 ) ) ;
#535 = CARTESIAN_POINT ( 'NONE',  ( -15.50000000000000355, 5.000000000000000000, -15.50000000000000000 ) ) ;
#536 = CIRCLE ( 'NONE', #1666, 2.999999999999997335 ) ;
#537 = LINE ( 'NONE', #1216, #766 ) ;
#538 = MANIFOLD_SOLID_BREP ( 'Cut-Extrude8', #2093 ) ;
#539 = CARTESIAN_POINT ( 'NONE',  ( -21.12499999999999645, -34.00000000000000000, -21.12500000000001421 ) ) ;
#540 = EDGE_LOOP ( 'NONE', ( #1556, #648, #1041, #1865 ) ) ;
#541 = ORIENTED_EDGE ( 'NONE', *, *, #462, .T. ) ;
#542 = DIRECTION ( 'NONE',  ( -0.000000000000000000, -1.000000000000000000, -0.000000000000000000 ) ) ;
#543 = VECTOR ( 'NONE', #1045, 1000.000000000000000 ) ;
#544 = PLANE ( 'NONE',  #659 ) ;
#545 = ORIENTED_EDGE ( 'NONE', *, *, #1642, .T. ) ;
#546 = DIRECTION ( 'NONE',  ( 1.000000000000000000, -0.000000000000000000, 1.642341752404077728E-16 ) ) ;
#547 = DIRECTION ( 'NONE',  ( 1.000000000000000000, -0.000000000000000000, -0.000000000000000000 ) ) ;
#548 = DIRECTION ( 'NONE',  ( -0.000000000000000000, 1.000000000000000000, -0.000000000000000000 ) ) ;
#549 = DIRECTION ( 'NONE',  ( 0.000000000000000000, 0.000000000000000000, 1.000000000000000000 ) ) ;
#550 = VECTOR ( 'NONE', #883, 1000.000000000000000 ) ;
#551 = EDGE_CURVE ( 'NONE', #1904, #2034, #975, .T. ) ;
#552 = EDGE_LOOP ( 'NONE', ( #1534, #233, #1660, #655, #2112, #741, #1018, #808 ) ) ;
#553 = CARTESIAN_POINT ( 'NONE',  ( -30.00000000000001066, -22.99999999999999645, -10.00000000000000178 ) ) ;
#554 = ORIENTED_EDGE ( 'NONE', *, *, #913, .T. ) ;
#555 = DIRECTION ( 'NONE',  ( -1.000000000000000000, 0.000000000000000000, 0.000000000000000000 ) ) ;
#556 = DIRECTION ( 'NONE',  ( 1.000000000000000000, 0.000000000000000000, 0.000000000000000000 ) ) ;
#557 = CARTESIAN_POINT ( 'NONE',  ( 15.99999999999999289, -28.49999999999997158, -25.99999999999991118 ) ) ;
#558 = LINE ( 'NONE', #1948, #2167 ) ;
#559 = CIRCLE ( 'NONE', #379, 8.000000000000000000 ) ;
#560 = CIRCLE ( 'NONE', #1801, 1.999999999999998224 ) ;
#561 = VERTEX_POINT ( 'NONE', #1139 ) ;
#562 = EDGE_CURVE ( 'NONE', #343, #2061, #11, .T. ) ;
#563 = APPLICATION_PROTOCOL_DEFINITION ( 'draft international standard', 'automotive_design', 1998, #167 ) ;
#564 = VERTEX_POINT ( 'NONE', #157 ) ;
#565 = VERTEX_POINT ( 'NONE', #144 ) ;
#566 = FACE_OUTER_BOUND ( 'NONE', #93, .T. ) ;
#567 = DIRECTION ( 'NONE',  ( 0.000000000000000000, 0.000000000000000000, 1.000000000000000000 ) ) ;
#568 = DIRECTION ( 'NONE',  ( 0.000000000000000000, -1.000000000000000000, 0.000000000000000000 ) ) ;
#569 = PLANE ( 'NONE',  #1461 ) ;
#570 = VERTEX_POINT ( 'NONE', #864 ) ;
#571 = EDGE_CURVE ( 'NONE', #767, #426, #2016, .T. ) ;
#572 = ORIENTED_EDGE ( 'NONE', *, *, #279, .T. ) ;
#573 = EDGE_LOOP ( 'NONE', ( #708, #1403, #1345, #336 ) ) ;
#574 = FACE_OUTER_BOUND ( 'NONE', #540, .T. ) ;
#575 = CARTESIAN_POINT ( 'NONE',  ( 21.12500000000000355, -10.99999999999999645, -18.00000000000000000 ) ) ;
#576 = DIRECTION ( 'NONE',  ( 0.000000000000000000, 0.000000000000000000, -1.000000000000000000 ) ) ;
#577 = DIRECTION ( 'NONE',  ( 1.000000000000000000, -0.000000000000000000, -0.000000000000000000 ) ) ;
#578 = ORIENTED_EDGE ( 'NONE', *, *, #163, .F. ) ;
#579 = CIRCLE ( 'NONE', #37, 0.5000000000000004441 ) ;
#580 = ADVANCED_FACE ( 'NONE', ( #503 ), #1558, .F. ) ;
#581 = ORIENTED_EDGE ( 'NONE', *, *, #1860, .T. ) ;
#582 = AXIS2_PLACEMENT_3D ( 'NONE', #33, #1582, #932 ) ;
#583 = EDGE_LOOP ( 'NONE', ( #1815, #732 ) ) ;
#584 = CARTESIAN_POINT ( 'NONE',  ( -21.12499999999999645, -34.00000000000000000, -21.12500000000001421 ) ) ;
#585 = CARTESIAN_POINT ( 'NONE',  ( -15.50000000000000355, 8.000000000000000000, -15.50000000000000000 ) ) ;
#586 = ADVANCED_FACE ( 'NONE', ( #839 ), #658, .F. ) ;
#587 = DIRECTION ( 'NONE',  ( -1.000000000000000000, -0.000000000000000000, -8.211708762020388642E-17 ) ) ;
#588 = LINE ( 'NONE', #2117, #2026 ) ;
#589 = DIRECTION ( 'NONE',  ( 0.000000000000000000, 0.000000000000000000, 1.000000000000000000 ) ) ;
#590 = ADVANCED_FACE ( 'NONE', ( #2059 ), #4, .F. ) ;
#591 = AXIS2_PLACEMENT_3D ( 'NONE', #1378, #1877, #1520 ) ;
#592 = EDGE_LOOP ( 'NONE', ( #1136, #1638 ) ) ;
#593 = DIRECTION ( 'NONE',  ( 0.000000000000000000, 0.000000000000000000, 1.000000000000000000 ) ) ;
#594 = EDGE_LOOP ( 'NONE', ( #1259, #344 ) ) ;
#595 = COLOUR_RGB ( '',0.2509803921568627416, 0.2509803921568627416, 0.2509803921568627416 ) ;
#596 = CARTESIAN_POINT ( 'NONE',  ( -15.50000000000000355, 0.000000000000000000, -13.99999999999999822 ) ) ;
#597 = EDGE_CURVE ( 'NONE', #1160, #1349, #829, .T. ) ;
#598 = DIRECTION ( 'NONE',  ( -0.000000000000000000, 1.000000000000000000, -0.000000000000000000 ) ) ;
#599 = CARTESIAN_POINT ( 'NONE',  ( 0.000000000000000000, 0.000000000000000000, 0.000000000000000000 ) ) ;
#600 = LINE ( 'NONE', #923, #1070 ) ;
#601 = CARTESIAN_POINT ( 'NONE',  ( -30.00000000000004619, -11.00000000000000178, 9.999999999999994671 ) ) ;
#602 = EDGE_CURVE ( 'NONE', #2079, #1180, #115, .T. ) ;
#603 = AXIS2_PLACEMENT_3D ( 'NONE', #1048, #1856, #1688 ) ;
#604 = ORIENTED_EDGE ( 'NONE', *, *, #2171, .F. ) ;
#605 = ORIENTED_EDGE ( 'NONE', *, *, #791, .F. ) ;
#606 = DIRECTION ( 'NONE',  ( 0.000000000000000000, 1.000000000000000000, 0.000000000000000000 ) ) ;
#607 = LINE ( 'NONE', #1797, #980 ) ;
#608 = FACE_OUTER_BOUND ( 'NONE', #143, .T. ) ;
#609 = DIRECTION ( 'NONE',  ( -0.000000000000000000, -1.000000000000000000, -0.000000000000000000 ) ) ;
#610 = AXIS2_PLACEMENT_3D ( 'NONE', #1201, #2035, #1535 ) ;
#611 = EDGE_CURVE ( 'NONE', #775, #1606, #1338, .T. ) ;
#612 = CARTESIAN_POINT ( 'NONE',  ( 0.000000000000000000, 8.000000000000000000, 0.000000000000000000 ) ) ;
#613 = EDGE_CURVE ( 'NONE', #1760, #479, #882, .T. ) ;
#614 = VERTEX_POINT ( 'NONE', #529 ) ;
#615 = EDGE_CURVE ( 'NONE', #838, #2009, #1363, .T. ) ;
#616 = ORIENTED_EDGE ( 'NONE', *, *, #215, .F. ) ;
#617 = VECTOR ( 'NONE', #995, 1000.000000000000000 ) ;
#618 = DIRECTION ( 'NONE',  ( -1.000000000000000000, 0.000000000000000000, 0.000000000000000000 ) ) ;
#619 = AXIS2_PLACEMENT_3D ( 'NONE', #1386, #340, #2065 ) ;
#620 = DIRECTION ( 'NONE',  ( 0.000000000000000000, 0.000000000000000000, 1.000000000000000000 ) ) ;
#621 = CARTESIAN_POINT ( 'NONE',  ( 21.12500000000000355, -34.00000000000000000, -21.12500000000000711 ) ) ;
#622 = DIRECTION ( 'NONE',  ( 0.000000000000000000, 0.000000000000000000, 1.000000000000000000 ) ) ;
#623 = EDGE_CURVE ( 'NONE', #1951, #614, #2124, .T. ) ;
#624 = ORIENTED_EDGE ( 'NONE', *, *, #782, .F. ) ;
#625 = AXIS2_PLACEMENT_3D ( 'NONE', #1328, #1113, #470 ) ;
#626 = ORIENTED_EDGE ( 'NONE', *, *, #80, .F. ) ;
#627 = LINE ( 'NONE', #1119, #798 ) ;
#628 = VECTOR ( 'NONE', #1868, 1000.000000000000000 ) ;
#629 = ADVANCED_FACE ( 'NONE', ( #1042 ), #1719, .T. ) ;
#630 = DIRECTION ( 'NONE',  ( 0.000000000000000000, 1.000000000000000000, 0.000000000000000000 ) ) ;
#631 = EDGE_CURVE ( 'NONE', #565, #836, #1392, .T. ) ;
#632 = VECTOR ( 'NONE', #644, 1000.000000000000000 ) ;
#633 = DIRECTION ( 'NONE',  ( 0.000000000000000000, 1.000000000000000000, 0.000000000000000000 ) ) ;
#634 = FACE_OUTER_BOUND ( 'NONE', #1741, .T. ) ;
#635 = CARTESIAN_POINT ( 'NONE',  ( 15.49999999999999645, 5.000000000000000000, -15.49999999999999822 ) ) ;
#636 = EDGE_LOOP ( 'NONE', ( #1554, #1415 ) ) ;
#637 = AXIS2_PLACEMENT_3D ( 'NONE', #2214, #690, #705 ) ;
#638 = ORIENTED_EDGE ( 'NONE', *, *, #1024, .T. ) ;
#639 = DIRECTION ( 'NONE',  ( -8.211708762020389874E-17, 9.637352644315596475E-17, -1.000000000000000000 ) ) ;
#640 = LINE ( 'NONE', #469, #1383 ) ;
#641 = LINE ( 'NONE', #969, #1910 ) ;
#642 = EDGE_CURVE ( 'NONE', #1401, #467, #1885, .T. ) ;
#643 = DIRECTION ( 'NONE',  ( 0.000000000000000000, 0.000000000000000000, -1.000000000000000000 ) ) ;
#644 = DIRECTION ( 'NONE',  ( -1.000000000000000000, 0.000000000000000000, 5.782411586589357392E-17 ) ) ;
#645 = FACE_BOUND ( 'NONE', #1703, .T. ) ;
#646 = AXIS2_PLACEMENT_3D ( 'NONE', #199, #1426, #404 ) ;
#647 = ORIENTED_EDGE ( 'NONE', *, *, #2102, .T. ) ;
#648 = ORIENTED_EDGE ( 'NONE', *, *, #1757, .F. ) ;
#649 = DIRECTION ( 'NONE',  ( 1.000000000000000000, 0.000000000000000000, 0.000000000000000000 ) ) ;
#650 = CARTESIAN_POINT ( 'NONE',  ( -30.00000000000001066, -34.00000000000000000, -29.99999999999999645 ) ) ;
#651 = CARTESIAN_POINT ( 'NONE',  ( -21.12499999999999645, 0.000000000000000000, -21.12500000000001421 ) ) ;
#652 = CARTESIAN_POINT ( 'NONE',  ( -8.500000000000005329, -24.00000000000000000, 21.11999999999999389 ) ) ;
#653 = FACE_BOUND ( 'NONE', #511, .T. ) ;
#654 = EDGE_CURVE ( 'NONE', #928, #752, #2070, .T. ) ;
#655 = ORIENTED_EDGE ( 'NONE', *, *, #770, .T. ) ;
#656 = ORIENTED_EDGE ( 'NONE', *, *, #807, .F. ) ;
#657 = ORIENTED_EDGE ( 'NONE', *, *, #2132, .F. ) ;
#658 = PLANE ( 'NONE',  #482 ) ;
#659 = AXIS2_PLACEMENT_3D ( 'NONE', #1379, #531, #18 ) ;
#660 = CARTESIAN_POINT ( 'NONE',  ( -16.00000000000000711, -28.49999999999999645, -27.99999999999993605 ) ) ;
#661 = ORIENTED_EDGE ( 'NONE', *, *, #1322, .T. ) ;
#662 = DIRECTION ( 'NONE',  ( -0.000000000000000000, -1.000000000000000000, -0.000000000000000000 ) ) ;
#663 = CIRCLE ( 'NONE', #1093, 5.000000000000000888 ) ;
#664 = LINE ( 'NONE', #201, #84 ) ;
#665 = DIRECTION ( 'NONE',  ( 0.000000000000000000, 0.000000000000000000, 1.000000000000000000 ) ) ;
#666 = EDGE_LOOP ( 'NONE', ( #1056, #896, #1880, #1336 ) ) ;
#667 = ORIENTED_EDGE ( 'NONE', *, *, #939, .F. ) ;
#668 = ORIENTED_EDGE ( 'NONE', *, *, #1154, .T. ) ;
#669 = CARTESIAN_POINT ( 'NONE',  ( -15.50000000000000355, 11.20000000000000107, -17.00000000000000000 ) ) ;
#670 = AXIS2_PLACEMENT_3D ( 'NONE', #1121, #1968, #2149 ) ;
#671 = CARTESIAN_POINT ( 'NONE',  ( -15.50000000000000178, 8.000000000000000000, 12.50000000000000000 ) ) ;
#672 = VERTEX_POINT ( 'NONE', #1840 ) ;
#673 = CARTESIAN_POINT ( 'NONE',  ( -15.50000000000000178, 11.20000000000000107, 15.50000000000000355 ) ) ;
#674 = DIRECTION ( 'NONE',  ( -0.000000000000000000, 1.000000000000000000, -0.000000000000000000 ) ) ;
#675 = FACE_BOUND ( 'NONE', #2108, .T. ) ;
#676 = CARTESIAN_POINT ( 'NONE',  ( 0.000000000000000000, -24.00000000000000000, 0.000000000000000000 ) ) ;
#677 = EDGE_CURVE ( 'NONE', #918, #1401, #492, .T. ) ;
#678 = ORIENTED_EDGE ( 'NONE', *, *, #946, .F. ) ;
#679 = EDGE_CURVE ( 'NONE', #2199, #1872, #533, .T. ) ;
#680 = ORIENTED_EDGE ( 'NONE', *, *, #597, .T. ) ;
#681 = DIRECTION ( 'NONE',  ( -0.000000000000000000, 1.000000000000000000, -0.000000000000000000 ) ) ;
#682 = EDGE_CURVE ( 'NONE', #426, #767, #421, .T. ) ;
#683 = EDGE_CURVE ( 'NONE', #467, #1986, #372, .T. ) ;
#684 = LINE ( 'NONE', #553, #910 ) ;
#685 = VERTEX_POINT ( 'NONE', #1221 ) ;
#686 = CARTESIAN_POINT ( 'NONE',  ( -25.00000000000000000, 8.000000000000000000, 25.00000000000000355 ) ) ;
#687 = FACE_OUTER_BOUND ( 'NONE', #1241, .T. ) ;
#688 = DIRECTION ( 'NONE',  ( -1.000000000000000000, 0.000000000000000000, 5.782411586589358625E-17 ) ) ;
#689 = CIRCLE ( 'NONE', #1440, 4.999999999999999112 ) ;
#690 = DIRECTION ( 'NONE',  ( -1.000000000000000000, 0.000000000000000000, 5.782411586589358625E-17 ) ) ;
#691 = ORIENTED_EDGE ( 'NONE', *, *, #1928, .T. ) ;
#692 = ADVANCED_FACE ( 'NONE', ( #1052 ), #1023, .F. ) ;
#693 = ORIENTED_EDGE ( 'NONE', *, *, #279, .F. ) ;
#694 = EDGE_LOOP ( 'NONE', ( #1212, #886, #513, #2020 ) ) ;
#695 = CARTESIAN_POINT ( 'NONE',  ( -21.12499999999999645, -34.00000000000000000, -21.12500000000001421 ) ) ;
#696 = CARTESIAN_POINT ( 'NONE',  ( -21.12499999999999645, -11.00000000000000178, 9.999999999999994671 ) ) ;
#697 = VERTEX_POINT ( 'NONE', #1702 ) ;
#698 = CARTESIAN_POINT ( 'NONE',  ( 29.99999999999999289, -34.00000000000000000, 24.99999999999999289 ) ) ;
#699 = ADVANCED_FACE ( 'NONE', ( #25 ), #1217, .F. ) ;
#700 =( GEOMETRIC_REPRESENTATION_CONTEXT ( 3 ) GLOBAL_UNCERTAINTY_ASSIGNED_CONTEXT ( ( #35 ) ) GLOBAL_UNIT_ASSIGNED_CONTEXT ( ( #1616, #1064, #2121 ) ) REPRESENTATION_CONTEXT ( 'NONE', 'WORKASPACE' ) );
#701 = LINE ( 'NONE', #1342, #342 ) ;
#702 = AXIS2_PLACEMENT_3D ( 'NONE', #1210, #2188, #1543 ) ;
#703 = DIRECTION ( 'NONE',  ( 1.000000000000000000, -0.000000000000000000, -0.000000000000000000 ) ) ;
#704 = EDGE_CURVE ( 'NONE', #14, #906, #1388, .T. ) ;
#705 = DIRECTION ( 'NONE',  ( 0.000000000000000000, 0.000000000000000000, 1.000000000000000000 ) ) ;
#706 = AXIS2_PLACEMENT_3D ( 'NONE', #535, #1215, #1203 ) ;
#707 = VERTEX_POINT ( 'NONE', #726 ) ;
#708 = ORIENTED_EDGE ( 'NONE', *, *, #1412, .F. ) ;
#709 = ORIENTED_EDGE ( 'NONE', *, *, #1309, .T. ) ;
#710 = DIRECTION ( 'NONE',  ( -1.000000000000000000, 0.000000000000000000, -8.211708762020389874E-17 ) ) ;
#711 = FACE_OUTER_BOUND ( 'NONE', #977, .T. ) ;
#712 = ORIENTED_EDGE ( 'NONE', *, *, #1712, .T. ) ;
#713 = CARTESIAN_POINT ( 'NONE',  ( -21.12499999999999289, -14.99999999999999645, 17.99999999999999289 ) ) ;
#714 = DIRECTION ( 'NONE',  ( 1.000000000000000000, -0.000000000000000000, -2.312964634635742957E-16 ) ) ;
#715 = AXIS2_PLACEMENT_3D ( 'NONE', #1908, #1527, #894 ) ;
#716 = EDGE_CURVE ( 'NONE', #1055, #697, #718, .T. ) ;
#717 = DIRECTION ( 'NONE',  ( 0.000000000000000000, 0.000000000000000000, 1.000000000000000000 ) ) ;
#718 = LINE ( 'NONE', #328, #419 ) ;
#719 = ORIENTED_EDGE ( 'NONE', *, *, #1541, .F. ) ;
#720 = DIRECTION ( 'NONE',  ( -1.000000000000000000, -0.000000000000000000, -0.000000000000000000 ) ) ;
#721 = ORIENTED_EDGE ( 'NONE', *, *, #1134, .F. ) ;
#722 = ORIENTED_EDGE ( 'NONE', *, *, #1343, .T. ) ;
#723 = FACE_BOUND ( 'NONE', #527, .T. ) ;
#724 = LINE ( 'NONE', #899, #1518 ) ;
#725 = CARTESIAN_POINT ( 'NONE',  ( -21.12499999999999289, 0.000000000000000000, 21.12499999999998934 ) ) ;
#726 = CARTESIAN_POINT ( 'NONE',  ( 0.000000000000000000, 8.000000000000000000, 4.999999999999999112 ) ) ;
#727 = VECTOR ( 'NONE', #1463, 1000.000000000000000 ) ;
#728 = ADVANCED_FACE ( 'NONE', ( #2066 ), #1663, .T. ) ;
#729 = AXIS2_PLACEMENT_3D ( 'NONE', #1060, #1071, #921 ) ;
#730 = ORIENTED_EDGE ( 'NONE', *, *, #185, .T. ) ;
#731 = ADVANCED_FACE ( 'NONE', ( #1399 ), #847, .F. ) ;
#732 = ORIENTED_EDGE ( 'NONE', *, *, #1860, .F. ) ;
#733 = ORIENTED_EDGE ( 'NONE', *, *, #1134, .T. ) ;
#734 = DIRECTION ( 'NONE',  ( -1.000000000000000000, 0.000000000000000000, 2.312964634635743450E-16 ) ) ;
#735 = CARTESIAN_POINT ( 'NONE',  ( -15.50000000000000178, 0.000000000000000000, 17.00000000000000000 ) ) ;
#736 = LINE ( 'NONE', #1745, #440 ) ;
#737 = CARTESIAN_POINT ( 'NONE',  ( 15.49999999999999645, 5.000000000000000000, 15.50000000000000355 ) ) ;
#738 = AXIS2_PLACEMENT_3D ( 'NONE', #158, #5, #1533 ) ;
#739 = CIRCLE ( 'NONE', #523, 2.999999999999999112 ) ;
#740 = EDGE_CURVE ( 'NONE', #1423, #836, #240, .T. ) ;
#741 = ORIENTED_EDGE ( 'NONE', *, *, #1866, .T. ) ;
#742 = EDGE_LOOP ( 'NONE', ( #1037, #545, #1899, #624 ) ) ;
#743 = ORIENTED_EDGE ( 'NONE', *, *, #1435, .F. ) ;
#744 = DIRECTION ( 'NONE',  ( 1.000000000000000000, 0.000000000000000000, -8.211708762020387409E-17 ) ) ;
#745 = CIRCLE ( 'NONE', #1953, 1.499999999999997780 ) ;
#746 = DIRECTION ( 'NONE',  ( -0.000000000000000000, 1.000000000000000000, -0.000000000000000000 ) ) ;
#747 = CARTESIAN_POINT ( 'NONE',  ( -30.00000000000004619, -14.99999999999999645, -10.00000000000000178 ) ) ;
#748 = CARTESIAN_POINT ( 'NONE',  ( 0.000000000000000000, 2.200000000000000178, 0.000000000000000000 ) ) ;
#749 = APPLICATION_CONTEXT ( 'automotive_design' ) ;
#750 = ORIENTED_EDGE ( 'NONE', *, *, #530, .F. ) ;
#751 = EDGE_CURVE ( 'NONE', #1010, #775, #1179, .T. ) ;
#752 = VERTEX_POINT ( 'NONE', #1036 ) ;
#753 = ORIENTED_EDGE ( 'NONE', *, *, #1769, .F. ) ;
#754 = DIRECTION ( 'NONE',  ( 0.000000000000000000, 0.000000000000000000, -1.000000000000000000 ) ) ;
#755 = VECTOR ( 'NONE', #546, 1000.000000000000000 ) ;
#756 = EDGE_CURVE ( 'NONE', #1974, #38, #1715, .T. ) ;
#757 = CARTESIAN_POINT ( 'NONE',  ( -21.12499999999999289, 0.000000000000000000, 21.12499999999998934 ) ) ;
#758 = FACE_OUTER_BOUND ( 'NONE', #1557, .T. ) ;
#759 = CARTESIAN_POINT ( 'NONE',  ( 29.99999999999999289, -22.99999999999999645, -10.00000000000000178 ) ) ;
#760 = FACE_OUTER_BOUND ( 'NONE', #1096, .T. ) ;
#761 = EDGE_LOOP ( 'NONE', ( #1107, #1913, #207, #1442 ) ) ;
#762 = EDGE_CURVE ( 'NONE', #1588, #1361, #745, .T. ) ;
#763 = VECTOR ( 'NONE', #468, 1000.000000000000000 ) ;
#764 = DIRECTION ( 'NONE',  ( 1.000000000000000000, 0.000000000000000000, 0.000000000000000000 ) ) ;
#765 = ORIENTED_EDGE ( 'NONE', *, *, #1500, .T. ) ;
#766 = VECTOR ( 'NONE', #139, 1000.000000000000000 ) ;
#767 = VERTEX_POINT ( 'NONE', #1898 ) ;
#768 = DIRECTION ( 'NONE',  ( -0.000000000000000000, -1.000000000000000000, -0.000000000000000000 ) ) ;
#769 = CARTESIAN_POINT ( 'NONE',  ( 0.000000000000000000, 0.000000000000000000, 0.000000000000000000 ) ) ;
#770 = EDGE_CURVE ( 'NONE', #2068, #1649, #953, .T. ) ;
#771 = CARTESIAN_POINT ( 'NONE',  ( -30.00000000000004619, -10.99999999999999822, -10.00000000000000178 ) ) ;
#772 = CARTESIAN_POINT ( 'NONE',  ( 29.99999999999999289, -28.49999999999997158, -23.99999999999991118 ) ) ;
#773 = DIRECTION ( 'NONE',  ( 0.000000000000000000, 0.000000000000000000, -1.000000000000000000 ) ) ;
#774 = VECTOR ( 'NONE', #681, 1000.000000000000000 ) ;
#775 = VERTEX_POINT ( 'NONE', #1227 ) ;
#776 = AXIS2_PLACEMENT_3D ( 'NONE', #2014, #484, #792 ) ;
#777 = CARTESIAN_POINT ( 'NONE',  ( 0.000000000000000000, 0.000000000000000000, 0.000000000000000000 ) ) ;
#778 = ORIENTED_EDGE ( 'NONE', *, *, #1782, .T. ) ;
#779 = DIRECTION ( 'NONE',  ( -1.000000000000000000, -0.000000000000000000, 2.312964634635742957E-16 ) ) ;
#780 = CYLINDRICAL_SURFACE ( 'NONE', #353, 8.000000000000000000 ) ;
#781 = CARTESIAN_POINT ( 'NONE',  ( -30.00000000000001066, 8.000000000000000000, -29.99999999999999645 ) ) ;
#782 = EDGE_CURVE ( 'NONE', #879, #1889, #1566, .T. ) ;
#783 = CARTESIAN_POINT ( 'NONE',  ( 24.99999999999998934, 8.000000000000000000, 29.99999999999999289 ) ) ;
#784 = VECTOR ( 'NONE', #1871, 1000.000000000000000 ) ;
#785 = ORIENTED_EDGE ( 'NONE', *, *, #391, .T. ) ;
#786 = EDGE_LOOP ( 'NONE', ( #309, #318, #1063, #1251 ) ) ;
#787 = VERTEX_POINT ( 'NONE', #860 ) ;
#788 = FACE_OUTER_BOUND ( 'NONE', #1805, .T. ) ;
#789 = FACE_OUTER_BOUND ( 'NONE', #594, .T. ) ;
#790 = LINE ( 'NONE', #803, #1028 ) ;
#791 = EDGE_CURVE ( 'NONE', #357, #333, #1101, .T. ) ;
#792 = DIRECTION ( 'NONE',  ( 0.000000000000000000, 0.000000000000000000, 1.000000000000000000 ) ) ;
#793 = CIRCLE ( 'NONE', #1963, 1.999999999999998224 ) ;
#794 = FACE_OUTER_BOUND ( 'NONE', #573, .T. ) ;
#795 = EDGE_LOOP ( 'NONE', ( #1540, #1728, #1923, #155 ) ) ;
#796 = ADVANCED_FACE ( 'NONE', ( #2205 ), #1553, .F. ) ;
#797 = ORIENTED_EDGE ( 'NONE', *, *, #1603, .T. ) ;
#798 = VECTOR ( 'NONE', #639, 1000.000000000000000 ) ;
#799 = EDGE_LOOP ( 'NONE', ( #1890, #1739, #181, #1477 ) ) ;
#800 = CARTESIAN_POINT ( 'NONE',  ( 15.49999999999999645, 8.000000000000000000, -12.50000000000000000 ) ) ;
#801 = DIRECTION ( 'NONE',  ( 0.000000000000000000, 0.000000000000000000, -1.000000000000000000 ) ) ;
#802 = VECTOR ( 'NONE', #2052, 1000.000000000000000 ) ;
#803 = CARTESIAN_POINT ( 'NONE',  ( -15.50000000000000178, 11.20000000000000107, 17.00000000000000000 ) ) ;
#804 = LINE ( 'NONE', #960, #86 ) ;
#805 = CARTESIAN_POINT ( 'NONE',  ( 15.99999999999999289, 2.500000000000015987, -25.99999999999991118 ) ) ;
#806 = ORIENTED_EDGE ( 'NONE', *, *, #1473, .T. ) ;
#807 = EDGE_CURVE ( 'NONE', #47, #1223, #510, .T. ) ;
#808 = ORIENTED_EDGE ( 'NONE', *, *, #1961, .T. ) ;
#809 = DIRECTION ( 'NONE',  ( 0.000000000000000000, 1.000000000000000000, 0.000000000000000000 ) ) ;
#810 = VECTOR ( 'NONE', #845, 1000.000000000000000 ) ;
#811 = DIRECTION ( 'NONE',  ( -0.000000000000000000, -1.000000000000000000, -0.000000000000000000 ) ) ;
#812 = CARTESIAN_POINT ( 'NONE',  ( 21.12500000000000355, -2.999999999999996003, -10.00000000000000178 ) ) ;
#813 = FACE_OUTER_BOUND ( 'NONE', #2175, .T. ) ;
#814 = CARTESIAN_POINT ( 'NONE',  ( 29.99999999999999289, 8.000000000000000000, -30.00000000000000000 ) ) ;
#815 = CARTESIAN_POINT ( 'NONE',  ( -30.00000000000004619, -22.99999999999999645, -18.00000000000000355 ) ) ;
#816 = ORIENTED_EDGE ( 'NONE', *, *, #369, .T. ) ;
#817 = CIRCLE ( 'NONE', #57, 1.500000000000001332 ) ;
#818 = ORIENTED_EDGE ( 'NONE', *, *, #1268, .T. ) ;
#819 = FILL_AREA_STYLE_COLOUR ( '', #595 ) ;
#820 = DIRECTION ( 'NONE',  ( -1.000000000000000000, 0.000000000000000000, 5.782411586589358625E-17 ) ) ;
#821 = CARTESIAN_POINT ( 'NONE',  ( -30.00000000000004619, -2.999999999999998224, -10.00000000000000178 ) ) ;
#822 = EDGE_CURVE ( 'NONE', #879, #1983, #26, .T. ) ;
#823 = CARTESIAN_POINT ( 'NONE',  ( -30.00000000000000711, 8.000000000000000000, 30.00000000000000711 ) ) ;
#824 = CARTESIAN_POINT ( 'NONE',  ( 15.49999999999999645, 11.20000000000000107, -13.99999999999999822 ) ) ;
#825 = VECTOR ( 'NONE', #2113, 1000.000000000000000 ) ;
#826 = ORIENTED_EDGE ( 'NONE', *, *, #1314, .F. ) ;
#827 = EDGE_LOOP ( 'NONE', ( #154, #393 ) ) ;
#828 = ORIENTED_EDGE ( 'NONE', *, *, #782, .T. ) ;
#829 = LINE ( 'NONE', #2021, #774 ) ;
#830 = CYLINDRICAL_SURFACE ( 'NONE', #1762, 8.000000000000000000 ) ;
#831 = CIRCLE ( 'NONE', #1116, 2.999999999999999112 ) ;
#832 = DIRECTION ( 'NONE',  ( -1.000000000000000000, 0.000000000000000000, 5.782411586589358625E-17 ) ) ;
#833 = LINE ( 'NONE', #823, #1735 ) ;
#834 = DIRECTION ( 'NONE',  ( 0.000000000000000000, 1.000000000000000000, 0.000000000000000000 ) ) ;
#835 = ORIENTED_EDGE ( 'NONE', *, *, #903, .T. ) ;
#836 = VERTEX_POINT ( 'NONE', #368 ) ;
#837 = PRODUCT_DEFINITION_FORMATION_WITH_SPECIFIED_SOURCE ( 'ANY', '', #853, .NOT_KNOWN. ) ;
#838 = VERTEX_POINT ( 'NONE', #1601 ) ;
#839 = FACE_OUTER_BOUND ( 'NONE', #253, .T. ) ;
#840 = VECTOR ( 'NONE', #924, 1000.000000000000000 ) ;
#841 = DIRECTION ( 'NONE',  ( -1.000000000000000000, -0.000000000000000000, 8.211708762020387409E-17 ) ) ;
#842 = ORIENTED_EDGE ( 'NONE', *, *, #369, .F. ) ;
#843 = FACE_OUTER_BOUND ( 'NONE', #2100, .T. ) ;
#844 = CIRCLE ( 'NONE', #2058, 4.999999999999999112 ) ;
#845 = DIRECTION ( 'NONE',  ( 0.000000000000000000, -9.637352644315595243E-17, 1.000000000000000000 ) ) ;
#846 = LINE ( 'NONE', #1022, #107 ) ;
#847 = CYLINDRICAL_SURFACE ( 'NONE', #1274, 3.000000000000002665 ) ;
#848 = ORIENTED_EDGE ( 'NONE', *, *, #1154, .F. ) ;
#849 = EDGE_CURVE ( 'NONE', #255, #954, #588, .T. ) ;
#850 = VERTEX_POINT ( 'NONE', #1959 ) ;
#851 = ORIENTED_EDGE ( 'NONE', *, *, #716, .T. ) ;
#852 = DIRECTION ( 'NONE',  ( 1.000000000000000000, 0.000000000000000000, -0.000000000000000000 ) ) ;
#853 = PRODUCT ( 'encoder-stand_motor-mount', 'encoder-stand_motor-mount', '', ( #392 ) ) ;
#854 = CARTESIAN_POINT ( 'NONE',  ( -21.12499999999999645, -22.99999999999999645, -10.00000000000000178 ) ) ;
#855 = EDGE_LOOP ( 'NONE', ( #2028, #905 ) ) ;
#856 = DIRECTION ( 'NONE',  ( 0.000000000000000000, 0.000000000000000000, -1.000000000000000000 ) ) ;
#857 = CARTESIAN_POINT ( 'NONE',  ( 1.347111479062088405E-15, 0.000000000000000000, 11.00000000000000000 ) ) ;
#858 = EDGE_CURVE ( 'NONE', #872, #204, #126, .T. ) ;
#859 = DIRECTION ( 'NONE',  ( -1.000000000000000000, 0.000000000000000000, 0.000000000000000000 ) ) ;
#860 = CARTESIAN_POINT ( 'NONE',  ( 15.49999999999999645, 0.000000000000000000, 17.00000000000000355 ) ) ;
#861 = EDGE_LOOP ( 'NONE', ( #1680, #2057, #1497, #263 ) ) ;
#862 = ADVANCED_FACE ( 'NONE', ( #1091 ), #1919, .F. ) ;
#863 = ORIENTED_EDGE ( 'NONE', *, *, #1375, .T. ) ;
#864 = CARTESIAN_POINT ( 'NONE',  ( -21.12499999999999289, -11.00000000000000355, 17.99999999999999289 ) ) ;
#865 = CARTESIAN_POINT ( 'NONE',  ( -21.12499999999999645, -2.999999999999996447, -10.00000000000000178 ) ) ;
#866 = ORIENTED_EDGE ( 'NONE', *, *, #822, .T. ) ;
#867 = DIRECTION ( 'NONE',  ( -0.000000000000000000, -1.000000000000000000, -0.000000000000000000 ) ) ;
#868 = FACE_OUTER_BOUND ( 'NONE', #666, .T. ) ;
#869 = DIRECTION ( 'NONE',  ( 0.000000000000000000, 0.000000000000000000, 1.000000000000000000 ) ) ;
#870 = VECTOR ( 'NONE', #474, 1000.000000000000000 ) ;
#871 = DIRECTION ( 'NONE',  ( -0.000000000000000000, -1.000000000000000000, -0.000000000000000000 ) ) ;
#872 = VERTEX_POINT ( 'NONE', #1082 ) ;
#873 = VECTOR ( 'NONE', #1370, 1000.000000000000000 ) ;
#874 = EDGE_CURVE ( 'NONE', #343, #2178, #558, .T. ) ;
#875 = ORIENTED_EDGE ( 'NONE', *, *, #49, .F. ) ;
#876 = EDGE_CURVE ( 'NONE', #1705, #490, #988, .T. ) ;
#877 = CARTESIAN_POINT ( 'NONE',  ( -30.00000000000004619, -14.99999999999999645, -10.00000000000000178 ) ) ;
#878 = DIRECTION ( 'NONE',  ( -0.000000000000000000, 1.000000000000000000, -0.000000000000000000 ) ) ;
#879 = VERTEX_POINT ( 'NONE', #88 ) ;
#880 = DIRECTION ( 'NONE',  ( -0.000000000000000000, -1.000000000000000000, -0.000000000000000000 ) ) ;
#881 = DIRECTION ( 'NONE',  ( -0.000000000000000000, -1.000000000000000000, -0.000000000000000000 ) ) ;
#882 = CIRCLE ( 'NONE', #1092, 11.00000000000000000 ) ;
#883 = DIRECTION ( 'NONE',  ( -0.000000000000000000, 1.000000000000000000, -0.000000000000000000 ) ) ;
#884 = DIRECTION ( 'NONE',  ( 1.000000000000000000, -0.000000000000000000, 0.000000000000000000 ) ) ;
#885 = PRESENTATION_LAYER_ASSIGNMENT (  '', '', ( #234 ) ) ;
#886 = ORIENTED_EDGE ( 'NONE', *, *, #281, .T. ) ;
#887 = DIRECTION ( 'NONE',  ( 0.000000000000000000, 1.000000000000000000, 0.000000000000000000 ) ) ;
#888 = VERTEX_POINT ( 'NONE', #2106 ) ;
#889 = CARTESIAN_POINT ( 'NONE',  ( 15.49999999999999645, 8.000000000000000000, 12.50000000000000533 ) ) ;
#890 = CARTESIAN_POINT ( 'NONE',  ( 21.12500000000000355, -22.99999999999999645, -10.00000000000000178 ) ) ;
#891 = CIRCLE ( 'NONE', #273, 2.000000000000005329 ) ;
#892 = EDGE_CURVE ( 'NONE', #47, #1029, #1936, .T. ) ;
#893 = DIRECTION ( 'NONE',  ( 0.000000000000000000, 0.000000000000000000, 1.000000000000000000 ) ) ;
#894 = DIRECTION ( 'NONE',  ( 0.000000000000000000, -8.673617379884035472E-16, -1.000000000000000000 ) ) ;
#895 = ORIENTED_EDGE ( 'NONE', *, *, #1698, .F. ) ;
#896 = ORIENTED_EDGE ( 'NONE', *, *, #1985, .T. ) ;
#897 = VERTEX_POINT ( 'NONE', #759 ) ;
#898 = PLANE ( 'NONE',  #1 ) ;
#899 = CARTESIAN_POINT ( 'NONE',  ( -8.500000000000005329, -24.00000000000000000, 21.11999999999999389 ) ) ;
#900 = CARTESIAN_POINT ( 'NONE',  ( 21.12500000000000711, -11.00000000000000355, 17.99999999999999645 ) ) ;
#901 = LINE ( 'NONE', #1438, #1494 ) ;
#902 = AXIS2_PLACEMENT_3D ( 'NONE', #1296, #1316, #1987 ) ;
#903 = EDGE_CURVE ( 'NONE', #1390, #752, #1844, .T. ) ;
#904 = ORIENTED_EDGE ( 'NONE', *, *, #704, .T. ) ;
#905 = ORIENTED_EDGE ( 'NONE', *, *, #1016, .F. ) ;
#906 = VERTEX_POINT ( 'NONE', #772 ) ;
#907 = CARTESIAN_POINT ( 'NONE',  ( 15.49999999999999645, 5.000000000000000000, -13.99999999999999645 ) ) ;
#908 = FACE_OUTER_BOUND ( 'NONE', #477, .T. ) ;
#909 = CARTESIAN_POINT ( 'NONE',  ( -25.00000000000000000, -34.00000000000000000, 25.00000000000000355 ) ) ;
#910 = VECTOR ( 'NONE', #1075, 1000.000000000000000 ) ;
#911 = DIRECTION ( 'NONE',  ( -0.000000000000000000, -1.000000000000000000, -0.000000000000000000 ) ) ;
#912 = VECTOR ( 'NONE', #28, 1000.000000000000000 ) ;
#913 = EDGE_CURVE ( 'NONE', #872, #906, #600, .T. ) ;
#914 = AXIS2_PLACEMENT_3D ( 'NONE', #769, #746, #931 ) ;
#915 = ORIENTED_EDGE ( 'NONE', *, *, #1712, .F. ) ;
#916 = EDGE_CURVE ( 'NONE', #38, #1159, #203, .T. ) ;
#917 = ORIENTED_EDGE ( 'NONE', *, *, #1491, .F. ) ;
#918 = VERTEX_POINT ( 'NONE', #1450 ) ;
#919 = CARTESIAN_POINT ( 'NONE',  ( 15.49999999999999645, 0.000000000000000000, -15.49999999999999822 ) ) ;
#920 = DIRECTION ( 'NONE',  ( 1.953517427901809960E-16, -0.000000000000000000, -1.000000000000000000 ) ) ;
#921 = DIRECTION ( 'NONE',  ( 0.000000000000000000, 0.000000000000000000, 1.000000000000000000 ) ) ;
#922 = AXIS2_PLACEMENT_3D ( 'NONE', #1449, #1630, #96 ) ;
#923 = CARTESIAN_POINT ( 'NONE',  ( 15.99999999999999289, -28.49999999999997158, -23.99999999999991118 ) ) ;
#924 = DIRECTION ( 'NONE',  ( -0.000000000000000000, 1.000000000000000000, -0.000000000000000000 ) ) ;
#925 = EDGE_CURVE ( 'NONE', #570, #1285, #901, .T. ) ;
#926 = ORIENTED_EDGE ( 'NONE', *, *, #163, .T. ) ;
#927 = EDGE_CURVE ( 'NONE', #850, #672, #536, .T. ) ;
#928 = VERTEX_POINT ( 'NONE', #1767 ) ;
#929 = CARTESIAN_POINT ( 'NONE',  ( 15.49999999999999645, 11.20000000000000107, -15.49999999999999822 ) ) ;
#930 = TOROIDAL_SURFACE ( 'NONE', #32, 4.999999999999999112, 0.5000000000000000000 ) ;
#931 = DIRECTION ( 'NONE',  ( 0.000000000000000000, 0.000000000000000000, 1.000000000000000000 ) ) ;
#932 = DIRECTION ( 'NONE',  ( 0.000000000000000000, 0.000000000000000000, -1.000000000000000000 ) ) ;
#933 = DIRECTION ( 'NONE',  ( 1.000000000000000000, 0.000000000000000000, 0.000000000000000000 ) ) ;
#934 = LINE ( 'NONE', #114, #840 ) ;
#935 = ORIENTED_EDGE ( 'NONE', *, *, #206, .T. ) ;
#936 = ORIENTED_EDGE ( 'NONE', *, *, #1832, .T. ) ;
#937 = ORIENTED_EDGE ( 'NONE', *, *, #602, .T. ) ;
#938 = DIRECTION ( 'NONE',  ( 0.000000000000000000, 0.000000000000000000, 1.000000000000000000 ) ) ;
#939 = EDGE_CURVE ( 'NONE', #928, #888, #92, .T. ) ;
#940 = PRESENTATION_STYLE_ASSIGNMENT (( #258 ) ) ;
#941 = DIRECTION ( 'NONE',  ( 0.000000000000000000, 1.000000000000000000, 0.000000000000000000 ) ) ;
#942 = DIRECTION ( 'NONE',  ( 1.000000000000000000, -0.000000000000000000, -0.000000000000000000 ) ) ;
#943 = DIRECTION ( 'NONE',  ( 0.000000000000000000, 0.000000000000000000, 1.000000000000000000 ) ) ;
#944 = AXIS2_PLACEMENT_3D ( 'NONE', #2060, #1211, #2071 ) ;
#945 = EDGE_LOOP ( 'NONE', ( #1859, #785, #778, #1646 ) ) ;
#946 = EDGE_CURVE ( 'NONE', #1760, #141, #1237, .T. ) ;
#947 = VERTEX_POINT ( 'NONE', #1072 ) ;
#948 = FACE_BOUND ( 'NONE', #1696, .T. ) ;
#949 = DIRECTION ( 'NONE',  ( -5.782411586589358625E-17, 0.000000000000000000, -1.000000000000000000 ) ) ;
#950 = LINE ( 'NONE', #429, #1357 ) ;
#951 = CARTESIAN_POINT ( 'NONE',  ( 29.99999999999999289, -28.49999999999997158, -27.99999999999991473 ) ) ;
#952 = FACE_BOUND ( 'NONE', #2082, .T. ) ;
#953 = CIRCLE ( 'NONE', #715, 8.000000000000000000 ) ;
#954 = VERTEX_POINT ( 'NONE', #250 ) ;
#955 = VERTEX_POINT ( 'NONE', #1612 ) ;
#956 = VERTEX_POINT ( 'NONE', #781 ) ;
#957 = LINE ( 'NONE', #83, #400 ) ;
#958 = CARTESIAN_POINT ( 'NONE',  ( 21.12500000000001066, -10.99999999999999822, -10.00000000000000178 ) ) ;
#959 = EDGE_CURVE ( 'NONE', #1889, #1834, #891, .T. ) ;
#960 = CARTESIAN_POINT ( 'NONE',  ( 8.499999999999994671, -34.00000000000000000, 21.11999999999999389 ) ) ;
#961 = PLANE ( 'NONE',  #180 ) ;
#962 = EDGE_CURVE ( 'NONE', #111, #410, #817, .T. ) ;
#963 = ORIENTED_EDGE ( 'NONE', *, *, #1922, .T. ) ;
#964 = ORIENTED_EDGE ( 'NONE', *, *, #486, .F. ) ;
#965 = VECTOR ( 'NONE', #1304, 1000.000000000000000 ) ;
#966 = ORIENTED_EDGE ( 'NONE', *, *, #976, .T. ) ;
#967 = DIRECTION ( 'NONE',  ( -1.000000000000000000, 0.000000000000000000, 0.000000000000000000 ) ) ;
#968 = DIRECTION ( 'NONE',  ( -5.782411586589357392E-17, -0.000000000000000000, -1.000000000000000000 ) ) ;
#969 = CARTESIAN_POINT ( 'NONE',  ( -30.00000000000000711, 8.000000000000000000, 25.00000000000000355 ) ) ;
#970 = FACE_OUTER_BOUND ( 'NONE', #761, .T. ) ;
#971 = CARTESIAN_POINT ( 'NONE',  ( 0.000000000000000000, 2.200000000000000178, 0.000000000000000000 ) ) ;
#972 = LINE ( 'NONE', #824, #473 ) ;
#973 = ADVANCED_FACE ( 'NONE', ( #55 ), #569, .T. ) ;
#974 = ORIENTED_EDGE ( 'NONE', *, *, #1309, .F. ) ;
#975 = CIRCLE ( 'NONE', #82, 3.000000000000002665 ) ;
#976 = EDGE_CURVE ( 'NONE', #1588, #333, #790, .T. ) ;
#977 = EDGE_LOOP ( 'NONE', ( #915, #1560, #2072, #1692 ) ) ;
#978 = VECTOR ( 'NONE', #1686, 1000.000000000000000 ) ;
#979 = CARTESIAN_POINT ( 'NONE',  ( 21.12500000000000355, -34.00000000000000000, -21.12500000000000711 ) ) ;
#980 = VECTOR ( 'NONE', #968, 1000.000000000000000 ) ;
#981 = DIRECTION ( 'NONE',  ( 0.000000000000000000, -1.000000000000000000, 0.000000000000000000 ) ) ;
#982 = CARTESIAN_POINT ( 'NONE',  ( 29.99999999999999289, 8.000000000000000000, -30.00000000000000000 ) ) ;
#983 = CARTESIAN_POINT ( 'NONE',  ( -15.50000000000000355, 11.20000000000000107, -15.50000000000000000 ) ) ;
#984 = CARTESIAN_POINT ( 'NONE',  ( -30.00000000000004619, -14.99999999999999645, 17.99999999999999645 ) ) ;
#985 = ADVANCED_FACE ( 'NONE', ( #970 ), #1460, .F. ) ;
#987 = EDGE_LOOP ( 'NONE', ( #173, #989 ) ) ;
#986 = AXIS2_PLACEMENT_3D ( 'NONE', #1849, #1350, #1730 ) ;
#988 = CIRCLE ( 'NONE', #1209, 4.500000000000000000 ) ;
#989 = ORIENTED_EDGE ( 'NONE', *, *, #110, .F. ) ;
#990 = EDGE_CURVE ( 'NONE', #2054, #2178, #2067, .T. ) ;
#991 = CARTESIAN_POINT ( 'NONE',  ( 15.49999999999999645, 11.20000000000000107, -16.99999999999999645 ) ) ;
#992 = LINE ( 'NONE', #66, #1015 ) ;
#993 = DIRECTION ( 'NONE',  ( -8.211708762020387409E-17, 0.000000000000000000, -1.000000000000000000 ) ) ;
#994 = LINE ( 'NONE', #621, #1020 ) ;
#995 = DIRECTION ( 'NONE',  ( 8.211708762020387409E-17, -9.637352644315596475E-17, 1.000000000000000000 ) ) ;
#996 = AXIS2_PLACEMENT_3D ( 'NONE', #1867, #662, #364 ) ;
#997 = ORIENTED_EDGE ( 'NONE', *, *, #2049, .F. ) ;
#998 = ORIENTED_EDGE ( 'NONE', *, *, #200, .F. ) ;
#999 = ADVANCED_FACE ( 'NONE', ( #608 ), #780, .F. ) ;
#1000 = VERTEX_POINT ( 'NONE', #1990 ) ;
#1001 = CARTESIAN_POINT ( 'NONE',  ( 0.000000000000000000, 2.200000000000000178, 0.000000000000000000 ) ) ;
#1002 = CARTESIAN_POINT ( 'NONE',  ( 0.000000000000000000, 2.200000000000000178, 0.000000000000000000 ) ) ;
#1003 = ORIENTED_EDGE ( 'NONE', *, *, #2174, .F. ) ;
#1004 = CARTESIAN_POINT ( 'NONE',  ( 21.12500000000000355, -14.99999999999999645, -18.00000000000000000 ) ) ;
#1005 = DIRECTION ( 'NONE',  ( -1.000000000000000000, -0.000000000000000000, 5.782411586589358625E-17 ) ) ;
#1006 = AXIS2_PLACEMENT_3D ( 'NONE', #557, #1672, #1452 ) ;
#1007 = EDGE_CURVE ( 'NONE', #947, #1929, #2000, .T. ) ;
#1008 = DIRECTION ( 'NONE',  ( 0.000000000000000000, 0.000000000000000000, 1.000000000000000000 ) ) ;
#1009 = DIRECTION ( 'NONE',  ( -8.211708762020387409E-17, -0.000000000000000000, -1.000000000000000000 ) ) ;
#1010 = VERTEX_POINT ( 'NONE', #1140 ) ;
#1011 = LINE ( 'NONE', #1149, #763 ) ;
#1012 = ORIENTED_EDGE ( 'NONE', *, *, #623, .F. ) ;
#1013 = EDGE_LOOP ( 'NONE', ( #2088, #1857, #1954, #383 ) ) ;
#1014 = CARTESIAN_POINT ( 'NONE',  ( -30.00000000000004619, -22.99999999999999645, 17.99999999999999645 ) ) ;
#1015 = VECTOR ( 'NONE', #493, 1000.000000000000000 ) ;
#1016 = EDGE_CURVE ( 'NONE', #787, #1424, #1596, .T. ) ;
#1017 = DIRECTION ( 'NONE',  ( 0.000000000000000000, 0.000000000000000000, 1.000000000000000000 ) ) ;
#1018 = ORIENTED_EDGE ( 'NONE', *, *, #1238, .F. ) ;
#1019 = CARTESIAN_POINT ( 'NONE',  ( 21.12500000000000355, -22.99999999999999645, -10.00000000000000178 ) ) ;
#1020 = VECTOR ( 'NONE', #138, 1000.000000000000000 ) ;
#1021 = CARTESIAN_POINT ( 'NONE',  ( 15.99999999999999289, 2.500000000000016431, -23.99999999999991473 ) ) ;
#1022 = CARTESIAN_POINT ( 'NONE',  ( 21.12500000000000711, -34.00000000000000000, 17.99999999999999645 ) ) ;
#1023 = PLANE ( 'NONE',  #349 ) ;
#1024 = EDGE_CURVE ( 'NONE', #217, #1340, #1631, .T. ) ;
#1025 = ORIENTED_EDGE ( 'NONE', *, *, #228, .T. ) ;
#1026 = VECTOR ( 'NONE', #1902, 1000.000000000000000 ) ;
#1027 = ORIENTED_EDGE ( 'NONE', *, *, #874, .F. ) ;
#1028 = VECTOR ( 'NONE', #1818, 1000.000000000000000 ) ;
#1029 = VERTEX_POINT ( 'NONE', #982 ) ;
#1030 = DIRECTION ( 'NONE',  ( -1.000000000000000000, -0.000000000000000000, 0.000000000000000000 ) ) ;
#1031 = LINE ( 'NONE', #1720, #1198 ) ;
#1032 = ORIENTED_EDGE ( 'NONE', *, *, #962, .F. ) ;
#1033 = CARTESIAN_POINT ( 'NONE',  ( 21.12500000000000711, -34.00000000000000000, 21.12499999999999289 ) ) ;
#1034 = CYLINDRICAL_SURFACE ( 'NONE', #1270, 8.000000000000000000 ) ;
#1035 = DIRECTION ( 'NONE',  ( 0.000000000000000000, 0.000000000000000000, -1.000000000000000000 ) ) ;
#1036 = CARTESIAN_POINT ( 'NONE',  ( -15.50000000000000355, 0.000000000000000000, -17.00000000000000000 ) ) ;
#1037 = ORIENTED_EDGE ( 'NONE', *, *, #408, .F. ) ;
#1038 = ADVANCED_FACE ( 'NONE', ( #1809 ), #1479, .F. ) ;
#1039 = AXIS2_PLACEMENT_3D ( 'NONE', #919, #2073, #209 ) ;
#1040 = ORIENTED_EDGE ( 'NONE', *, *, #1886, .T. ) ;
#1041 = ORIENTED_EDGE ( 'NONE', *, *, #751, .T. ) ;
#1042 = FACE_OUTER_BOUND ( 'NONE', #1228, .T. ) ;
#1043 = DIRECTION ( 'NONE',  ( -0.000000000000000000, 1.000000000000000000, -0.000000000000000000 ) ) ;
#1044 = ORIENTED_EDGE ( 'NONE', *, *, #1698, .T. ) ;
#1045 = DIRECTION ( 'NONE',  ( -8.211708762020387409E-17, -0.000000000000000000, -1.000000000000000000 ) ) ;
#1046 = CARTESIAN_POINT ( 'NONE',  ( 15.99999999999999289, -28.49999999999997158, -27.99999999999991473 ) ) ;
#1047 = DIRECTION ( 'NONE',  ( 0.000000000000000000, 1.000000000000000000, 0.000000000000000000 ) ) ;
#1048 = CARTESIAN_POINT ( 'NONE',  ( -15.50000000000000178, 0.000000000000000000, 15.50000000000000355 ) ) ;
#1049 = CIRCLE ( 'NONE', #402, 8.000000000000000000 ) ;
#1050 = ADVANCED_FACE ( 'NONE', ( #813 ), #259, .T. ) ;
#1051 = ORIENTED_EDGE ( 'NONE', *, *, #1744, .T. ) ;
#1052 = FACE_OUTER_BOUND ( 'NONE', #517, .T. ) ;
#1053 = EDGE_CURVE ( 'NONE', #1376, #444, #1887, .T. ) ;
#1054 = LINE ( 'NONE', #2198, #1873 ) ;
#1055 = VERTEX_POINT ( 'NONE', #1978 ) ;
#1056 = ORIENTED_EDGE ( 'NONE', *, *, #1635, .F. ) ;
#1057 = CARTESIAN_POINT ( 'NONE',  ( -21.12499999999999289, -34.00000000000000000, 21.12499999999998934 ) ) ;
#1058 = CARTESIAN_POINT ( 'NONE',  ( -25.00000000000000000, 8.000000000000000000, 30.00000000000000711 ) ) ;
#1059 = AXIS2_PLACEMENT_3D ( 'NONE', #877, #1891, #2208 ) ;
#1060 = CARTESIAN_POINT ( 'NONE',  ( 0.000000000000000000, 7.500000000000000000, 0.000000000000000000 ) ) ;
#1061 = CARTESIAN_POINT ( 'NONE',  ( -15.50000000000000178, 5.000000000000000000, 15.50000000000000355 ) ) ;
#1062 = AXIS2_PLACEMENT_3D ( 'NONE', #652, #1492, #1331 ) ;
#1063 = ORIENTED_EDGE ( 'NONE', *, *, #1076, .T. ) ;
#1064 =( NAMED_UNIT ( * ) PLANE_ANGLE_UNIT ( ) SI_UNIT ( $, .RADIAN. ) );
#1065 = ORIENTED_EDGE ( 'NONE', *, *, #1938, .F. ) ;
#1066 = ORIENTED_EDGE ( 'NONE', *, *, #682, .T. ) ;
#1067 = CARTESIAN_POINT ( 'NONE',  ( 21.12500000000001066, 0.000000000000000000, 21.12499999999999289 ) ) ;
#1068 = ADVANCED_FACE ( 'NONE', ( #1641 ), #441, .F. ) ;
#1069 = CARTESIAN_POINT ( 'NONE',  ( 15.49999999999999645, 8.000000000000000000, -18.49999999999999645 ) ) ;
#1070 = VECTOR ( 'NONE', #942, 1000.000000000000000 ) ;
#1071 = DIRECTION ( 'NONE',  ( 0.000000000000000000, 1.000000000000000000, 0.000000000000000000 ) ) ;
#1072 = CARTESIAN_POINT ( 'NONE',  ( -30.00000000000004619, -14.99999999999999645, -18.00000000000000355 ) ) ;
#1073 = ORIENTED_EDGE ( 'NONE', *, *, #858, .T. ) ;
#1074 = VECTOR ( 'NONE', #2048, 1000.000000000000000 ) ;
#1075 = DIRECTION ( 'NONE',  ( -1.000000000000000000, -0.000000000000000000, 0.000000000000000000 ) ) ;
#1076 = EDGE_CURVE ( 'NONE', #141, #36, #317, .T. ) ;
#1077 = ORIENTED_EDGE ( 'NONE', *, *, #1170, .F. ) ;
#1078 = DIRECTION ( 'NONE',  ( 0.000000000000000000, 1.000000000000000000, 0.000000000000000000 ) ) ;
#1079 = FACE_OUTER_BOUND ( 'NONE', #514, .T. ) ;
#1080 = EDGE_CURVE ( 'NONE', #502, #1171, #950, .T. ) ;
#1081 = DIRECTION ( 'NONE',  ( 0.000000000000000000, 0.000000000000000000, 1.000000000000000000 ) ) ;
#1082 = CARTESIAN_POINT ( 'NONE',  ( 15.99999999999999289, -28.49999999999997158, -23.99999999999991118 ) ) ;
#1083 = EDGE_CURVE ( 'NONE', #1273, #1814, #67, .T. ) ;
#1084 = CIRCLE ( 'NONE', #183, 8.000000000000000000 ) ;
#1085 = ORIENTED_EDGE ( 'NONE', *, *, #2049, .T. ) ;
#1086 = VERTEX_POINT ( 'NONE', #2140 ) ;
#1087 = EDGE_CURVE ( 'NONE', #301, #1974, #100, .T. ) ;
#1088 = DIRECTION ( 'NONE',  ( -0.000000000000000000, -1.000000000000000000, 0.000000000000000000 ) ) ;
#1089 = DIRECTION ( 'NONE',  ( 1.000000000000000000, 0.000000000000000000, -5.782411586589358625E-17 ) ) ;
#1090 = AXIS2_PLACEMENT_3D ( 'NONE', #254, #1749, #1456 ) ;
#1091 = FACE_OUTER_BOUND ( 'NONE', #799, .T. ) ;
#1092 = AXIS2_PLACEMENT_3D ( 'NONE', #1001, #1682, #360 ) ;
#1093 = AXIS2_PLACEMENT_3D ( 'NONE', #1599, #1088, #1763 ) ;
#1094 = CIRCLE ( 'NONE', #413, 8.000000000000000000 ) ;
#1095 = ORIENTED_EDGE ( 'NONE', *, *, #642, .T. ) ;
#1096 = EDGE_LOOP ( 'NONE', ( #1775, #578, #491, #2143 ) ) ;
#1097 = ORIENTED_EDGE ( 'NONE', *, *, #1704, .F. ) ;
#1098 = CARTESIAN_POINT ( 'NONE',  ( 29.99999999999999289, -14.99999999999999645, 9.999999999999994671 ) ) ;
#1099 = CARTESIAN_POINT ( 'NONE',  ( 15.49999999999999645, 5.000000000000000000, -15.49999999999999822 ) ) ;
#1100 = DIRECTION ( 'NONE',  ( 0.000000000000000000, 0.000000000000000000, 1.000000000000000000 ) ) ;
#1101 = CIRCLE ( 'NONE', #603, 1.499999999999999556 ) ;
#1102 = DIRECTION ( 'NONE',  ( 0.000000000000000000, 1.000000000000000000, 0.000000000000000000 ) ) ;
#1103 = DIRECTION ( 'NONE',  ( 0.000000000000000000, 0.000000000000000000, 1.000000000000000000 ) ) ;
#1104 = EDGE_CURVE ( 'NONE', #1324, #1159, #1298, .T. ) ;
#1105 = ORIENTED_EDGE ( 'NONE', *, *, #716, .F. ) ;
#1106 = ORIENTED_EDGE ( 'NONE', *, *, #1701, .F. ) ;
#1107 = ORIENTED_EDGE ( 'NONE', *, *, #1238, .T. ) ;
#1108 = DIRECTION ( 'NONE',  ( 0.000000000000000000, 1.000000000000000000, 0.000000000000000000 ) ) ;
#1109 = AXIS2_PLACEMENT_3D ( 'NONE', #686, #2024, #1176 ) ;
#1110 = CARTESIAN_POINT ( 'NONE',  ( -15.50000000000000178, 0.000000000000000000, 14.00000000000000355 ) ) ;
#1111 = DIRECTION ( 'NONE',  ( -0.000000000000000000, 1.000000000000000000, -0.000000000000000000 ) ) ;
#1112 = CARTESIAN_POINT ( 'NONE',  ( -30.00000000000001066, -28.49999999999999645, -25.99999999999992895 ) ) ;
#1113 = DIRECTION ( 'NONE',  ( -1.000000000000000000, 0.000000000000000000, 5.782411586589358625E-17 ) ) ;
#1114 = DIRECTION ( 'NONE',  ( 1.224646799147351482E-16, 0.000000000000000000, -1.000000000000000000 ) ) ;
#1115 = EDGE_CURVE ( 'NONE', #1424, #787, #2107, .T. ) ;
#1116 = AXIS2_PLACEMENT_3D ( 'NONE', #1344, #834, #717 ) ;
#1117 = VERTEX_POINT ( 'NONE', #313 ) ;
#1118 = ORIENTED_EDGE ( 'NONE', *, *, #1782, .F. ) ;
#1119 = CARTESIAN_POINT ( 'NONE',  ( 21.12500000000000711, -2.999999999999999112, 21.12499999999999645 ) ) ;
#1120 = CARTESIAN_POINT ( 'NONE',  ( 29.99999999999999289, -28.49999999999997158, -25.99999999999991118 ) ) ;
#1121 = CARTESIAN_POINT ( 'NONE',  ( 15.49999999999999645, 8.000000000000000000, 15.50000000000000355 ) ) ;
#1122 = ADVANCED_FACE ( 'NONE', ( #2200 ), #1894, .F. ) ;
#1123 = DIRECTION ( 'NONE',  ( 0.000000000000000000, -1.000000000000000000, 0.000000000000000000 ) ) ;
#1124 = DIRECTION ( 'NONE',  ( 0.000000000000000000, -0.000000000000000000, 1.000000000000000000 ) ) ;
#1125 = VECTOR ( 'NONE', #1364, 1000.000000000000000 ) ;
#1126 = ORIENTED_EDGE ( 'NONE', *, *, #1517, .F. ) ;
#1127 = AXIS2_PLACEMENT_3D ( 'NONE', #1099, #1610, #567 ) ;
#1128 = VERTEX_POINT ( 'NONE', #2062 ) ;
#1129 = EDGE_CURVE ( 'NONE', #697, #1372, #1881, .T. ) ;
#1130 = CARTESIAN_POINT ( 'NONE',  ( -15.50000000000000178, 5.000000000000000000, 15.50000000000000355 ) ) ;
#1131 = EDGE_CURVE ( 'NONE', #348, #1606, #1353, .T. ) ;
#1132 = CARTESIAN_POINT ( 'NONE',  ( 29.99999999999999289, -22.99999999999999645, -18.00000000000000355 ) ) ;
#1133 = CYLINDRICAL_SURFACE ( 'NONE', #526, 1.999999999999998224 ) ;
#1134 = EDGE_CURVE ( 'NONE', #1759, #1223, #1548, .T. ) ;
#1135 = FACE_OUTER_BOUND ( 'NONE', #1433, .T. ) ;
#1136 = ORIENTED_EDGE ( 'NONE', *, *, #1541, .T. ) ;
#1137 = VERTEX_POINT ( 'NONE', #1004 ) ;
#1138 = CARTESIAN_POINT ( 'NONE',  ( 15.49999999999999645, 0.000000000000000000, 14.00000000000000178 ) ) ;
#1139 = CARTESIAN_POINT ( 'NONE',  ( 8.499999999999994671, -34.00000000000000000, 21.12499999999998934 ) ) ;
#1140 = CARTESIAN_POINT ( 'NONE',  ( -21.12499999999999289, -34.00000000000000000, 21.12499999999998934 ) ) ;
#1141 = AXIS2_PLACEMENT_3D ( 'NONE', #771, #1798, #2129 ) ;
#1142 = CARTESIAN_POINT ( 'NONE',  ( 29.99999999999999289, -3.000000000000000000, 9.999999999999994671 ) ) ;
#1143 = EDGE_CURVE ( 'NONE', #1834, #1889, #171, .T. ) ;
#1144 = DIRECTION ( 'NONE',  ( -1.000000000000000000, 0.000000000000000000, -0.000000000000000000 ) ) ;
#1145 = ORIENTED_EDGE ( 'NONE', *, *, #1609, .T. ) ;
#1146 = PRODUCT_RELATED_PRODUCT_CATEGORY ( 'part', '', ( #853 ) ) ;
#1147 = ORIENTED_EDGE ( 'NONE', *, *, #597, .F. ) ;
#1148 = AXIS2_PLACEMENT_3D ( 'NONE', #1656, #130, #2152 ) ;
#1149 = CARTESIAN_POINT ( 'NONE',  ( -8.500000000000005329, -34.00000000000000000, 21.11999999999999389 ) ) ;
#1150 = FACE_OUTER_BOUND ( 'NONE', #1848, .T. ) ;
#1151 = LINE ( 'NONE', #1652, #1301 ) ;
#1152 = CIRCLE ( 'NONE', #1725, 11.00000000000000000 ) ;
#1153 = DIRECTION ( 'NONE',  ( 0.000000000000000000, 0.000000000000000000, -1.000000000000000000 ) ) ;
#1154 = EDGE_CURVE ( 'NONE', #752, #1390, #1431, .T. ) ;
#1155 = FACE_OUTER_BOUND ( 'NONE', #434, .T. ) ;
#1156 = DIRECTION ( 'NONE',  ( -0.000000000000000000, -1.000000000000000000, -0.000000000000000000 ) ) ;
#1157 = ORIENTED_EDGE ( 'NONE', *, *, #1821, .F. ) ;
#1158 = ADVANCED_FACE ( 'NONE', ( #483 ), #1188, .F. ) ;
#1159 = VERTEX_POINT ( 'NONE', #1501 ) ;
#1160 = VERTEX_POINT ( 'NONE', #1033 ) ;
#1161 = VECTOR ( 'NONE', #72, 1000.000000000000000 ) ;
#1162 = LINE ( 'NONE', #1306, #118 ) ;
#1163 = VECTOR ( 'NONE', #1498, 1000.000000000000000 ) ;
#1164 = CARTESIAN_POINT ( 'NONE',  ( -21.12499999999999645, -14.99999999999999645, -18.00000000000000355 ) ) ;
#1165 = CYLINDRICAL_SURFACE ( 'NONE', #361, 2.000000000000001776 ) ;
#1166 = CARTESIAN_POINT ( 'NONE',  ( 0.000000000000000000, 0.000000000000000000, -11.00000000000000000 ) ) ;
#1167 = CYLINDRICAL_SURFACE ( 'NONE', #1825, 1.999999999999998224 ) ;
#1168 = ORIENTED_EDGE ( 'NONE', *, *, #1243, .F. ) ;
#1169 = AXIS2_PLACEMENT_3D ( 'NONE', #1789, #300, #643 ) ;
#1170 = EDGE_CURVE ( 'NONE', #1901, #499, #793, .T. ) ;
#1171 = VERTEX_POINT ( 'NONE', #147 ) ;
#1172 = EDGE_LOOP ( 'NONE', ( #1531, #121, #828, #1914 ) ) ;
#1173 = DIRECTION ( 'NONE',  ( 1.000000000000000000, -0.000000000000000000, -8.211708762020389874E-17 ) ) ;
#1174 = CYLINDRICAL_SURFACE ( 'NONE', #1655, 11.00000000000000000 ) ;
#1175 = ORIENTED_EDGE ( 'NONE', *, *, #1076, .F. ) ;
#1176 = DIRECTION ( 'NONE',  ( 0.000000000000000000, 0.000000000000000000, 1.000000000000000000 ) ) ;
#1177 = CARTESIAN_POINT ( 'NONE',  ( -16.00000000000000711, 2.499999999999988454, -25.99999999999992539 ) ) ;
#1178 = DIRECTION ( 'NONE',  ( 0.000000000000000000, 0.000000000000000000, 1.000000000000000000 ) ) ;
#1179 = LINE ( 'NONE', #539, #1799 ) ;
#1180 = VERTEX_POINT ( 'NONE', #821 ) ;
#1181 = ADVANCED_FACE ( 'NONE', ( #843 ), #1165, .F. ) ;
#1182 = EDGE_LOOP ( 'NONE', ( #1207, #2, #2006, #904 ) ) ;
#1183 = ORIENTED_EDGE ( 'NONE', *, *, #1837, .F. ) ;
#1184 = DIRECTION ( 'NONE',  ( 0.000000000000000000, 0.000000000000000000, -1.000000000000000000 ) ) ;
#1185 = CARTESIAN_POINT ( 'NONE',  ( -30.00000000000004619, -22.99999999999999645, -18.00000000000000355 ) ) ;
#1186 = AXIS2_PLACEMENT_3D ( 'NONE', #1130, #606, #275 ) ;
#1187 = ORIENTED_EDGE ( 'NONE', *, *, #1131, .T. ) ;
#1188 = CYLINDRICAL_SURFACE ( 'NONE', #2144, 11.00000000000000000 ) ;
#1189 = ADVANCED_FACE ( 'NONE', ( #1213 ), #1852, .F. ) ;
#1190 = CARTESIAN_POINT ( 'NONE',  ( -21.12499999999999645, -2.999999999999998224, -10.00000000000000178 ) ) ;
#1191 = CIRCLE ( 'NONE', #1441, 5.000000000000000888 ) ;
#1192 = DIRECTION ( 'NONE',  ( -1.000000000000000000, -0.000000000000000000, 5.782411586589358625E-17 ) ) ;
#1193 = CARTESIAN_POINT ( 'NONE',  ( 29.99999999999999289, 8.000000000000000000, 24.99999999999998934 ) ) ;
#1194 = ORIENTED_EDGE ( 'NONE', *, *, #2104, .F. ) ;
#1195 = ORIENTED_EDGE ( 'NONE', *, *, #1886, .F. ) ;
#1196 = ORIENTED_EDGE ( 'NONE', *, *, #1384, .F. ) ;
#1197 = DIRECTION ( 'NONE',  ( -1.000000000000000000, 0.000000000000000000, -0.000000000000000000 ) ) ;
#1198 = VECTOR ( 'NONE', #878, 1000.000000000000000 ) ;
#1199 = CARTESIAN_POINT ( 'NONE',  ( -15.50000000000000355, 5.000000000000000000, -12.50000000000000000 ) ) ;
#1200 = VERTEX_POINT ( 'NONE', #1019 ) ;
#1201 = CARTESIAN_POINT ( 'NONE',  ( -15.50000000000000355, 0.000000000000000000, -15.50000000000000000 ) ) ;
#1202 = AXIS2_PLACEMENT_3D ( 'NONE', #1788, #1447, #1957 ) ;
#1203 = DIRECTION ( 'NONE',  ( 0.000000000000000000, 0.000000000000000000, 1.000000000000000000 ) ) ;
#1204 = AXIS2_PLACEMENT_3D ( 'NONE', #971, #1123, #1643 ) ;
#1205 = CARTESIAN_POINT ( 'NONE',  ( -30.00000000000001066, 2.499999999999988454, -25.99999999999992539 ) ) ;
#1206 = CARTESIAN_POINT ( 'NONE',  ( -15.50000000000000178, 5.000000000000000000, 15.50000000000000355 ) ) ;
#1207 = ORIENTED_EDGE ( 'NONE', *, *, #913, .F. ) ;
#1208 = ORIENTED_EDGE ( 'NONE', *, *, #244, .T. ) ;
#1209 = AXIS2_PLACEMENT_3D ( 'NONE', #748, #418, #1755 ) ;
#1210 = CARTESIAN_POINT ( 'NONE',  ( -15.50000000000000178, 5.000000000000000000, 15.50000000000000355 ) ) ;
#1211 = DIRECTION ( 'NONE',  ( -0.000000000000000000, -1.000000000000000000, -0.000000000000000000 ) ) ;
#1212 = ORIENTED_EDGE ( 'NONE', *, *, #2176, .F. ) ;
#1213 = FACE_OUTER_BOUND ( 'NONE', #322, .T. ) ;
#1214 = ADVANCED_FACE ( 'NONE', ( #2012 ), #1697, .F. ) ;
#1215 = DIRECTION ( 'NONE',  ( -0.000000000000000000, 1.000000000000000000, -0.000000000000000000 ) ) ;
#1216 = CARTESIAN_POINT ( 'NONE',  ( 21.12500000000000711, -34.00000000000000000, 21.12499999999999289 ) ) ;
#1217 = CYLINDRICAL_SURFACE ( 'NONE', #345, 1.999999999999998224 ) ;
#1218 = EDGE_LOOP ( 'NONE', ( #1522, #1576, #721, #974 ) ) ;
#1219 = CIRCLE ( 'NONE', #1896, 8.000000000000000000 ) ;
#1220 = ORIENTED_EDGE ( 'NONE', *, *, #1473, .F. ) ;
#1221 = CARTESIAN_POINT ( 'NONE',  ( -30.00000000000004619, -14.99999999999999645, 17.99999999999999645 ) ) ;
#1222 = CYLINDRICAL_SURFACE ( 'NONE', #944, 1.499999999999999556 ) ;
#1223 = VERTEX_POINT ( 'NONE', #698 ) ;
#1224 = CARTESIAN_POINT ( 'NONE',  ( -15.50000000000000355, 5.000000000000000000, -18.50000000000000000 ) ) ;
#1225 = CARTESIAN_POINT ( 'NONE',  ( -15.50000000000000355, 5.000000000000000000, -15.50000000000000000 ) ) ;
#1226 = DIRECTION ( 'NONE',  ( 0.000000000000000000, 0.000000000000000000, 1.000000000000000000 ) ) ;
#1227 = CARTESIAN_POINT ( 'NONE',  ( -21.12499999999999645, -34.00000000000000000, -21.12500000000001421 ) ) ;
#1228 = EDGE_LOOP ( 'NONE', ( #1106, #1105, #1578, #661, #2215, #2187, #1147, #722 ) ) ;
#1229 = VECTOR ( 'NONE', #205, 1000.000000000000000 ) ;
#1230 = ORIENTED_EDGE ( 'NONE', *, *, #1729, .F. ) ;
#1231 = ORIENTED_EDGE ( 'NONE', *, *, #1435, .T. ) ;
#1232 = DIRECTION ( 'NONE',  ( 0.000000000000000000, 0.000000000000000000, 1.000000000000000000 ) ) ;
#1233 = VECTOR ( 'NONE', #720, 1000.000000000000000 ) ;
#1234 = FACE_OUTER_BOUND ( 'NONE', #1239, .T. ) ;
#1235 = VECTOR ( 'NONE', #547, 1000.000000000000000 ) ;
#1236 = CARTESIAN_POINT ( 'NONE',  ( 21.12500000000000711, -22.99999999999999645, 21.12499999999999289 ) ) ;
#1237 = LINE ( 'NONE', #65, #1568 ) ;
#1238 = EDGE_CURVE ( 'NONE', #2009, #2134, #137, .T. ) ;
#1239 = EDGE_LOOP ( 'NONE', ( #381, #1380, #1839, #1748 ) ) ;
#1240 = ORIENTED_EDGE ( 'NONE', *, *, #281, .F. ) ;
#1241 = EDGE_LOOP ( 'NONE', ( #1716, #1395, #2069, #168 ) ) ;
#1242 = CARTESIAN_POINT ( 'NONE',  ( -15.50000000000000178, 5.000000000000000000, 14.00000000000000355 ) ) ;
#1243 = EDGE_CURVE ( 'NONE', #308, #1086, #212, .T. ) ;
#1244 = FACE_OUTER_BOUND ( 'NONE', #1261, .T. ) ;
#1245 = AXIS2_PLACEMENT_3D ( 'NONE', #1490, #471, #1153 ) ;
#1246 = DIRECTION ( 'NONE',  ( 0.000000000000000000, 0.000000000000000000, 1.000000000000000000 ) ) ;
#1247 = CARTESIAN_POINT ( 'NONE',  ( 21.12500000000000355, -34.00000000000000000, -21.12500000000000711 ) ) ;
#1248 = EDGE_CURVE ( 'NONE', #122, #255, #1747, .T. ) ;
#1249 = ORIENTED_EDGE ( 'NONE', *, *, #339, .T. ) ;
#1250 = ADVANCED_FACE ( 'NONE', ( #1761, #574 ), #1751, .T. ) ;
#1251 = ORIENTED_EDGE ( 'NONE', *, *, #1832, .F. ) ;
#1252 = CARTESIAN_POINT ( 'NONE',  ( -30.00000000000001066, -14.99999999999999645, -10.00000000000000178 ) ) ;
#1253 = DIRECTION ( 'NONE',  ( 0.000000000000000000, 0.000000000000000000, 1.000000000000000000 ) ) ;
#1254 = ADVANCED_FACE ( 'NONE', ( #566, #52 ), #1571, .T. ) ;
#1255 = CARTESIAN_POINT ( 'NONE',  ( -16.00000000000000711, 2.499999999999988454, -23.99999999999992895 ) ) ;
#1256 = CARTESIAN_POINT ( 'NONE',  ( 29.99999999999999289, 8.000000000000000000, 29.99999999999999289 ) ) ;
#1257 = VECTOR ( 'NONE', #779, 1000.000000000000000 ) ;
#1258 = VECTOR ( 'NONE', #1765, 1000.000000000000000 ) ;
#1259 = ORIENTED_EDGE ( 'NONE', *, *, #562, .T. ) ;
#1260 = CARTESIAN_POINT ( 'NONE',  ( 29.99999999999999289, 2.500000000000015987, -27.99999999999991118 ) ) ;
#1261 = EDGE_LOOP ( 'NONE', ( #179, #12, #1718, #797 ) ) ;
#1262 = DIRECTION ( 'NONE',  ( 0.000000000000000000, 0.000000000000000000, -1.000000000000000000 ) ) ;
#1263 = DIRECTION ( 'NONE',  ( 0.000000000000000000, 0.000000000000000000, 1.000000000000000000 ) ) ;
#1264 = EDGE_CURVE ( 'NONE', #1606, #1171, #2101, .T. ) ;
#1265 = CYLINDRICAL_SURFACE ( 'NONE', #1937, 2.999999999999999112 ) ;
#1266 = DIRECTION ( 'NONE',  ( 0.000000000000000000, 0.000000000000000000, -1.000000000000000000 ) ) ;
#1267 = AXIS2_PLACEMENT_3D ( 'NONE', #170, #320, #17 ) ;
#1268 = EDGE_CURVE ( 'NONE', #955, #947, #1219, .T. ) ;
#1269 = LINE ( 'NONE', #1949, #264 ) ;
#1270 = AXIS2_PLACEMENT_3D ( 'NONE', #1711, #175, #1253 ) ;
#1271 = AXIS2_PLACEMENT_3D ( 'NONE', #1120, #649, #801 ) ;
#1272 = ORIENTED_EDGE ( 'NONE', *, *, #1869, .T. ) ;
#1273 = VERTEX_POINT ( 'NONE', #1942 ) ;
#1274 = AXIS2_PLACEMENT_3D ( 'NONE', #1206, #356, #549 ) ;
#1275 = EDGE_LOOP ( 'NONE', ( #806, #1272, #58, #1528, #733, #2210, #2185, #1668, #1770, #895, #1758, #403, #447, #1733 ) ) ;
#1276 = LINE ( 'NONE', #1966, #965 ) ;
#1277 = CARTESIAN_POINT ( 'NONE',  ( 15.49999999999999645, 5.000000000000000000, 12.50000000000000533 ) ) ;
#1278 = DIRECTION ( 'NONE',  ( 0.000000000000000000, 0.000000000000000000, -1.000000000000000000 ) ) ;
#1279 = AXIS2_PLACEMENT_3D ( 'NONE', #1623, #1280, #1746 ) ;
#1280 = DIRECTION ( 'NONE',  ( 0.000000000000000000, -1.000000000000000000, 0.000000000000000000 ) ) ;
#1281 = CARTESIAN_POINT ( 'NONE',  ( -21.12499999999999645, -14.99999999999999645, 9.999999999999994671 ) ) ;
#1282 = ORIENTED_EDGE ( 'NONE', *, *, #770, .F. ) ;
#1283 = ADVANCED_FACE ( 'NONE', ( #223 ), #930, .T. ) ;
#1284 = ORIENTED_EDGE ( 'NONE', *, *, #571, .F. ) ;
#1285 = VERTEX_POINT ( 'NONE', #713 ) ;
#1286 = DIRECTION ( 'NONE',  ( -0.000000000000000000, 1.000000000000000000, -0.000000000000000000 ) ) ;
#1287 = CIRCLE ( 'NONE', #1039, 1.499999999999999556 ) ;
#1288 = DIRECTION ( 'NONE',  ( 0.000000000000000000, 0.000000000000000000, 1.000000000000000000 ) ) ;
#1289 = DIRECTION ( 'NONE',  ( 1.000000000000000000, -0.000000000000000000, -8.211708762020389874E-17 ) ) ;
#1290 = FACE_OUTER_BOUND ( 'NONE', #272, .T. ) ;
#1291 = FACE_OUTER_BOUND ( 'NONE', #1930, .T. ) ;
#1292 = VECTOR ( 'NONE', #1286, 1000.000000000000000 ) ;
#1293 = ORIENTED_EDGE ( 'NONE', *, *, #1104, .F. ) ;
#1294 = AXIS2_PLACEMENT_3D ( 'NONE', #1999, #1960, #2189 ) ;
#1295 = EDGE_LOOP ( 'NONE', ( #1157, #1965, #1348, #1455 ) ) ;
#1296 = CARTESIAN_POINT ( 'NONE',  ( -15.50000000000000178, 5.000000000000000000, 15.50000000000000355 ) ) ;
#1297 = FACE_BOUND ( 'NONE', #1717, .T. ) ;
#1298 = LINE ( 'NONE', #1132, #1400 ) ;
#1299 = CARTESIAN_POINT ( 'NONE',  ( -30.00000000000000711, 8.000000000000000000, 25.00000000000000355 ) ) ;
#1300 = DIRECTION ( 'NONE',  ( 0.000000000000000000, 0.000000000000000000, 1.000000000000000000 ) ) ;
#1301 = VECTOR ( 'NONE', #1841, 1000.000000000000000 ) ;
#1302 = ORIENTED_EDGE ( 'NONE', *, *, #1414, .T. ) ;
#1303 = VERTEX_POINT ( 'NONE', #907 ) ;
#1304 = DIRECTION ( 'NONE',  ( -0.000000000000000000, -1.000000000000000000, -0.000000000000000000 ) ) ;
#1305 = EDGE_CURVE ( 'NONE', #836, #1423, #1287, .T. ) ;
#1306 = CARTESIAN_POINT ( 'NONE',  ( 29.99999999999999289, -22.99999999999999645, 17.99999999999999645 ) ) ;
#1307 = AXIS2_PLACEMENT_3D ( 'NONE', #1575, #522, #1884 ) ;
#1308 = DIRECTION ( 'NONE',  ( 0.000000000000000000, -0.000000000000000000, -1.000000000000000000 ) ) ;
#1309 = EDGE_CURVE ( 'NONE', #1029, #1759, #1723, .T. ) ;
#1310 = PLANE ( 'NONE',  #152 ) ;
#1311 = AXIS2_PLACEMENT_3D ( 'NONE', #676, #10, #1356 ) ;
#1312 = DIRECTION ( 'NONE',  ( 0.000000000000000000, 0.000000000000000000, -1.000000000000000000 ) ) ;
#1313 = ORIENTED_EDGE ( 'NONE', *, *, #682, .F. ) ;
#1314 = EDGE_CURVE ( 'NONE', #479, #1760, #1502, .T. ) ;
#1315 = ORIENTED_EDGE ( 'NONE', *, *, #1453, .F. ) ;
#1316 = DIRECTION ( 'NONE',  ( -0.000000000000000000, 1.000000000000000000, -0.000000000000000000 ) ) ;
#1317 = FACE_BOUND ( 'NONE', #1876, .T. ) ;
#1318 = DIRECTION ( 'NONE',  ( 0.000000000000000000, 0.000000000000000000, -1.000000000000000000 ) ) ;
#1319 = DIRECTION ( 'NONE',  ( 0.000000000000000000, 0.000000000000000000, 1.000000000000000000 ) ) ;
#1320 = VECTOR ( 'NONE', #993, 1000.000000000000000 ) ;
#1321 = CARTESIAN_POINT ( 'NONE',  ( 29.99999999999999289, 8.000000000000000000, 24.99999999999999289 ) ) ;
#1322 = EDGE_CURVE ( 'NONE', #1678, #1010, #1434, .T. ) ;
#1323 = FACE_OUTER_BOUND ( 'NONE', #1786, .T. ) ;
#1324 = VERTEX_POINT ( 'NONE', #188 ) ;
#1325 = ORIENTED_EDGE ( 'NONE', *, *, #257, .F. ) ;
#1326 = ORIENTED_EDGE ( 'NONE', *, *, #1943, .T. ) ;
#1327 = FACE_BOUND ( 'NONE', #1594, .T. ) ;
#1328 = CARTESIAN_POINT ( 'NONE',  ( -30.00000000000001066, 2.499999999999988454, -25.99999999999992539 ) ) ;
#1329 = AXIS2_PLACEMENT_3D ( 'NONE', #387, #226, #1246 ) ;
#1330 = DIRECTION ( 'NONE',  ( 0.000000000000000000, 1.000000000000000000, 0.000000000000000000 ) ) ;
#1331 = DIRECTION ( 'NONE',  ( -1.953517427901809960E-16, 0.000000000000000000, 1.000000000000000000 ) ) ;
#1332 = DIRECTION ( 'NONE',  ( 0.000000000000000000, 0.000000000000000000, -1.000000000000000000 ) ) ;
#1333 = EDGE_CURVE ( 'NONE', #1929, #1649, #1905, .T. ) ;
#1334 = VERTEX_POINT ( 'NONE', #1224 ) ;
#1335 = VECTOR ( 'NONE', #881, 1000.000000000000000 ) ;
#1336 = ORIENTED_EDGE ( 'NONE', *, *, #2102, .F. ) ;
#1337 = ORIENTED_EDGE ( 'NONE', *, *, #939, .T. ) ;
#1338 = LINE ( 'NONE', #695, #1941 ) ;
#1339 = CARTESIAN_POINT ( 'NONE',  ( 29.99999999999999289, -22.99999999999999645, 9.999999999999994671 ) ) ;
#1340 = VERTEX_POINT ( 'NONE', #889 ) ;
#1341 = CARTESIAN_POINT ( 'NONE',  ( -30.00000000000001066, -28.49999999999999645, -25.99999999999992895 ) ) ;
#1342 = CARTESIAN_POINT ( 'NONE',  ( -30.00000000000001066, 8.000000000000000000, -29.99999999999999645 ) ) ;
#1343 = EDGE_CURVE ( 'NONE', #1160, #561, #1561, .T. ) ;
#1344 = CARTESIAN_POINT ( 'NONE',  ( -15.50000000000000355, 5.000000000000000000, -15.50000000000000000 ) ) ;
#1345 = ORIENTED_EDGE ( 'NONE', *, *, #1796, .T. ) ;
#1346 = VECTOR ( 'NONE', #460, 1000.000000000000000 ) ;
#1347 = ADVANCED_FACE ( 'NONE', ( #385, #1396, #723, #375 ), #1404, .F. ) ;
#1348 = ORIENTED_EDGE ( 'NONE', *, *, #1961, .F. ) ;
#1349 = VERTEX_POINT ( 'NONE', #1067 ) ;
#1350 = DIRECTION ( 'NONE',  ( 0.000000000000000000, 1.000000000000000000, 0.000000000000000000 ) ) ;
#1351 = DIRECTION ( 'NONE',  ( 0.000000000000000000, 0.000000000000000000, -1.000000000000000000 ) ) ;
#1352 = ORIENTED_EDGE ( 'NONE', *, *, #49, .T. ) ;
#1353 = LINE ( 'NONE', #651, #543 ) ;
#1354 = CARTESIAN_POINT ( 'NONE',  ( -16.00000000000000711, 2.499999999999988454, -23.99999999999992895 ) ) ;
#1355 = LINE ( 'NONE', #1565, #550 ) ;
#1356 = DIRECTION ( 'NONE',  ( 0.000000000000000000, 0.000000000000000000, 1.000000000000000000 ) ) ;
#1357 = VECTOR ( 'NONE', #1111, 1000.000000000000000 ) ;
#1358 = ORIENTED_EDGE ( 'NONE', *, *, #465, .T. ) ;
#1359 = ADVANCED_FACE ( 'NONE', ( #1742 ), #898, .F. ) ;
#1360 = ORIENTED_EDGE ( 'NONE', *, *, #178, .F. ) ;
#1361 = VERTEX_POINT ( 'NONE', #1242 ) ;
#1362 = ADVANCED_FACE ( 'NONE', ( #1924, #394, #458, #1777, #948, #788 ), #1467, .T. ) ;
#1363 = LINE ( 'NONE', #2045, #1377 ) ;
#1364 = DIRECTION ( 'NONE',  ( 1.000000000000000000, 0.000000000000000000, 0.000000000000000000 ) ) ;
#1365 = CIRCLE ( 'NONE', #1406, 1.999999999999998224 ) ;
#1366 = ORIENTED_EDGE ( 'NONE', *, *, #178, .T. ) ;
#1367 = CARTESIAN_POINT ( 'NONE',  ( 29.99999999999999289, -34.00000000000000000, 29.99999999999999289 ) ) ;
#1368 = CARTESIAN_POINT ( 'NONE',  ( -8.500000000000007105, -24.00000000000000000, 29.99999999999999289 ) ) ;
#1369 = CIRCLE ( 'NONE', #1329, 2.999999999999999112 ) ;
#1370 = DIRECTION ( 'NONE',  ( -0.000000000000000000, 1.000000000000000000, -0.000000000000000000 ) ) ;
#1371 = DIRECTION ( 'NONE',  ( 1.953517427901809960E-16, 0.000000000000000000, -1.000000000000000000 ) ) ;
#1372 = VERTEX_POINT ( 'NONE', #1639 ) ;
#1373 = ORIENTED_EDGE ( 'NONE', *, *, #613, .T. ) ;
#1374 = CIRCLE ( 'NONE', #2122, 0.5000000000000004441 ) ;
#1375 = EDGE_CURVE ( 'NONE', #1372, #1519, #1276, .T. ) ;
#1376 = VERTEX_POINT ( 'NONE', #800 ) ;
#1377 = VECTOR ( 'NONE', #515, 1000.000000000000000 ) ;
#1378 = CARTESIAN_POINT ( 'NONE',  ( -30.00000000000000711, -11.00000000000000178, 9.999999999999994671 ) ) ;
#1379 = CARTESIAN_POINT ( 'NONE',  ( -30.00000000000004619, -2.999999999999997335, -18.00000000000000355 ) ) ;
#1380 = ORIENTED_EDGE ( 'NONE', *, *, #927, .F. ) ;
#1381 = DIRECTION ( 'NONE',  ( 1.000000000000000000, -0.000000000000000000, -0.000000000000000000 ) ) ;
#1382 = DIRECTION ( 'NONE',  ( 0.000000000000000000, 0.000000000000000000, 1.000000000000000000 ) ) ;
#1383 = VECTOR ( 'NONE', #811, 1000.000000000000000 ) ;
#1384 = EDGE_CURVE ( 'NONE', #1086, #308, #1753, .T. ) ;
#1385 = ADVANCED_FACE ( 'NONE', ( #1807, #427 ), #1478, .T. ) ;
#1386 = CARTESIAN_POINT ( 'NONE',  ( 21.12500000000000711, -34.00000000000000000, 21.12499999999999289 ) ) ;
#1387 = DIRECTION ( 'NONE',  ( 0.000000000000000000, -1.000000000000000000, 0.000000000000000000 ) ) ;
#1388 = CIRCLE ( 'NONE', #1307, 2.000000000000001776 ) ;
#1389 = ORIENTED_EDGE ( 'NONE', *, *, #679, .T. ) ;
#1390 = VERTEX_POINT ( 'NONE', #596 ) ;
#1391 = VECTOR ( 'NONE', #884, 1000.000000000000000 ) ;
#1392 = LINE ( 'NONE', #991, #1657 ) ;
#1393 = EDGE_CURVE ( 'NONE', #672, #444, #2165, .T. ) ;
#1394 = DIRECTION ( 'NONE',  ( -0.000000000000000000, -0.000000000000000000, -1.000000000000000000 ) ) ;
#1395 = ORIENTED_EDGE ( 'NONE', *, *, #1393, .T. ) ;
#1396 = FACE_BOUND ( 'NONE', #827, .T. ) ;
#1397 = CYLINDRICAL_SURFACE ( 'NONE', #706, 2.999999999999999112 ) ;
#1398 = DIRECTION ( 'NONE',  ( -1.000000000000000000, -0.000000000000000000, -0.000000000000000000 ) ) ;
#1399 = FACE_OUTER_BOUND ( 'NONE', #1826, .T. ) ;
#1400 = VECTOR ( 'NONE', #633, 1000.000000000000000 ) ;
#1401 = VERTEX_POINT ( 'NONE', #1996 ) ;
#1402 = FACE_OUTER_BOUND ( 'NONE', #2172, .T. ) ;
#1403 = ORIENTED_EDGE ( 'NONE', *, *, #876, .F. ) ;
#1404 = PLANE ( 'NONE',  #2042 ) ;
#1405 = CARTESIAN_POINT ( 'NONE',  ( 29.99999999999999289, 2.500000000000015987, -25.99999999999991118 ) ) ;
#1406 = AXIS2_PLACEMENT_3D ( 'NONE', #805, #454, #1332 ) ;
#1407 = DIRECTION ( 'NONE',  ( -0.000000000000000000, 1.000000000000000000, -0.000000000000000000 ) ) ;
#1408 = ADVANCED_FACE ( 'NONE', ( #266 ), #2157, .F. ) ;
#1409 = DIRECTION ( 'NONE',  ( -1.000000000000000000, -0.000000000000000000, 5.782411586589358625E-17 ) ) ;
#1410 = AXIS2_PLACEMENT_3D ( 'NONE', #909, #213, #64 ) ;
#1411 = PRODUCT_DEFINITION_CONTEXT ( 'detailed design', #167, 'design' ) ;
#1412 = EDGE_CURVE ( 'NONE', #490, #1464, #957, .T. ) ;
#1413 = EDGE_LOOP ( 'NONE', ( #605, #2125 ) ) ;
#1414 = EDGE_CURVE ( 'NONE', #2199, #1974, #627, .T. ) ;
#1415 = ORIENTED_EDGE ( 'NONE', *, *, #1771, .F. ) ;
#1416 = DIRECTION ( 'NONE',  ( 0.000000000000000000, -1.000000000000000000, 0.000000000000000000 ) ) ;
#1417 = CIRCLE ( 'NONE', #625, 1.999999999999998224 ) ;
#1418 = DIRECTION ( 'NONE',  ( 1.000000000000000000, 0.000000000000000000, -0.000000000000000000 ) ) ;
#1419 = VECTOR ( 'NONE', #376, 1000.000000000000000 ) ;
#1420 = CARTESIAN_POINT ( 'NONE',  ( 0.000000000000000000, 2.200000000000000178, -11.00000000000000000 ) ) ;
#1421 = DIRECTION ( 'NONE',  ( 0.000000000000000000, 0.000000000000000000, 1.000000000000000000 ) ) ;
#1422 = ADVANCED_FACE ( 'NONE', ( #1795 ), #94, .F. ) ;
#1423 = VERTEX_POINT ( 'NONE', #1975 ) ;
#1424 = VERTEX_POINT ( 'NONE', #1138 ) ;
#1425 = ORIENTED_EDGE ( 'NONE', *, *, #2176, .T. ) ;
#1426 = DIRECTION ( 'NONE',  ( 0.000000000000000000, 1.000000000000000000, 0.000000000000000000 ) ) ;
#1427 = DIRECTION ( 'NONE',  ( 0.000000000000000000, -0.000000000000000000, 1.000000000000000000 ) ) ;
#1428 = CARTESIAN_POINT ( 'NONE',  ( -30.00000000000000711, -34.00000000000000000, 30.00000000000000711 ) ) ;
#1429 = DIRECTION ( 'NONE',  ( 0.000000000000000000, 0.000000000000000000, -1.000000000000000000 ) ) ;
#1430 = ORIENTED_EDGE ( 'NONE', *, *, #2041, .T. ) ;
#1431 = CIRCLE ( 'NONE', #610, 1.500000000000001332 ) ;
#1432 = VERTEX_POINT ( 'NONE', #1816 ) ;
#1433 = EDGE_LOOP ( 'NONE', ( #2044, #208, #197, #1187 ) ) ;
#1434 = LINE ( 'NONE', #1057, #825 ) ;
#1435 = EDGE_CURVE ( 'NONE', #614, #570, #1956, .T. ) ;
#1436 = CYLINDRICAL_SURFACE ( 'NONE', #1127, 2.999999999999997335 ) ;
#1437 = DIRECTION ( 'NONE',  ( -0.000000000000000000, -1.000000000000000000, -0.000000000000000000 ) ) ;
#1438 = CARTESIAN_POINT ( 'NONE',  ( -21.12499999999999289, -34.00000000000000000, 17.99999999999999289 ) ) ;
#1439 = FACE_OUTER_BOUND ( 'NONE', #742, .T. ) ;
#1440 = AXIS2_PLACEMENT_3D ( 'NONE', #612, #463, #1300 ) ;
#1441 = AXIS2_PLACEMENT_3D ( 'NONE', #1687, #1047, #665 ) ;
#1442 = ORIENTED_EDGE ( 'NONE', *, *, #615, .T. ) ;
#1443 = EDGE_CURVE ( 'NONE', #111, #787, #71, .T. ) ;
#1444 = ORIENTED_EDGE ( 'NONE', *, *, #654, .T. ) ;
#1445 = ORIENTED_EDGE ( 'NONE', *, *, #1453, .T. ) ;
#1446 = FACE_OUTER_BOUND ( 'NONE', #425, .T. ) ;
#1447 = DIRECTION ( 'NONE',  ( 0.000000000000000000, 1.000000000000000000, 0.000000000000000000 ) ) ;
#1448 = ADVANCED_BREP_SHAPE_REPRESENTATION ( 'encoder-stand_motor-mount', ( #538, #1514 ), #700 ) ;
#1449 = CARTESIAN_POINT ( 'NONE',  ( 15.49999999999999645, 8.000000000000000000, -15.49999999999999822 ) ) ;
#1450 = CARTESIAN_POINT ( 'NONE',  ( 29.99999999999999289, -14.99999999999999645, 17.99999999999999645 ) ) ;
#1451 = AXIS2_PLACEMENT_3D ( 'NONE', #1014, #1707, #852 ) ;
#1452 = DIRECTION ( 'NONE',  ( 0.000000000000000000, 0.000000000000000000, -1.000000000000000000 ) ) ;
#1453 = EDGE_CURVE ( 'NONE', #1986, #918, #2151, .T. ) ;
#1454 = CIRCLE ( 'NONE', #267, 2.000000000000005329 ) ;
#1455 = ORIENTED_EDGE ( 'NONE', *, *, #615, .F. ) ;
#1456 = DIRECTION ( 'NONE',  ( 1.000000000000000000, 0.000000000000000000, -5.782411586589358625E-17 ) ) ;
#1457 = ORIENTED_EDGE ( 'NONE', *, *, #1384, .T. ) ;
#1458 = CARTESIAN_POINT ( 'NONE',  ( -30.00000000000004619, -14.99999999999999645, 9.999999999999994671 ) ) ;
#1459 = DIRECTION ( 'NONE',  ( -0.000000000000000000, -1.000000000000000000, -0.000000000000000000 ) ) ;
#1460 = PLANE ( 'NONE',  #2135 ) ;
#1461 = AXIS2_PLACEMENT_3D ( 'NONE', #1247, #1927, #2169 ) ;
#1462 = CARTESIAN_POINT ( 'NONE',  ( 15.49999999999999645, 5.000000000000000000, -15.49999999999999822 ) ) ;
#1463 = DIRECTION ( 'NONE',  ( -1.000000000000000000, -0.000000000000000000, 0.000000000000000000 ) ) ;
#1464 = VERTEX_POINT ( 'NONE', #112 ) ;
#1465 = ORIENTED_EDGE ( 'NONE', *, *, #1635, .T. ) ;
#1466 = ORIENTED_EDGE ( 'NONE', *, *, #858, .F. ) ;
#1467 = PLANE ( 'NONE',  #2115 ) ;
#1468 = PLANE ( 'NONE',  #2130 ) ;
#1469 = DIRECTION ( 'NONE',  ( 0.000000000000000000, 0.000000000000000000, 1.000000000000000000 ) ) ;
#1470 = DIRECTION ( 'NONE',  ( 5.782411586589357392E-17, -0.000000000000000000, 1.000000000000000000 ) ) ;
#1471 = ADVANCED_FACE ( 'NONE', ( #1446 ), #247, .F. ) ;
#1472 = CYLINDRICAL_SURFACE ( 'NONE', #1645, 2.000000000000005329 ) ;
#1473 = EDGE_CURVE ( 'NONE', #564, #954, #1608, .T. ) ;
#1474 = ORIENTED_EDGE ( 'NONE', *, *, #1129, .F. ) ;
#1475 = AXIS2_PLACEMENT_3D ( 'NONE', #1205, #688, #869 ) ;
#1476 = EDGE_LOOP ( 'NONE', ( #1636, #15, #1220, #998, #1972, #863, #1806, #1430 ) ) ;
#1477 = ORIENTED_EDGE ( 'NONE', *, *, #424, .T. ) ;
#1478 = PLANE ( 'NONE',  #1186 ) ;
#1479 = PLANE ( 'NONE',  #1921 ) ;
#1480 = DIRECTION ( 'NONE',  ( -1.953517427901809960E-16, 0.000000000000000000, 1.000000000000000000 ) ) ;
#1481 = PLANE ( 'NONE',  #1148 ) ;
#1482 = VECTOR ( 'NONE', #887, 1000.000000000000000 ) ;
#1483 = EDGE_LOOP ( 'NONE', ( #616, #1627, #1813, #1360 ) ) ;
#1484 = VECTOR ( 'NONE', #1699, 1000.000000000000000 ) ;
#1485 = EDGE_LOOP ( 'NONE', ( #230, #712 ) ) ;
#1486 = ORIENTED_EDGE ( 'NONE', *, *, #200, .T. ) ;
#1487 = DIRECTION ( 'NONE',  ( 0.000000000000000000, 0.000000000000000000, -1.000000000000000000 ) ) ;
#1488 = CARTESIAN_POINT ( 'NONE',  ( 15.99999999999999289, 2.500000000000015987, -25.99999999999991118 ) ) ;
#1489 = CYLINDRICAL_SURFACE ( 'NONE', #79, 5.000000000000000888 ) ;
#1490 = CARTESIAN_POINT ( 'NONE',  ( 15.99999999999999289, -28.49999999999997158, -25.99999999999991118 ) ) ;
#1491 = EDGE_CURVE ( 'NONE', #499, #6, #1690, .T. ) ;
#1492 = DIRECTION ( 'NONE',  ( -1.000000000000000000, 0.000000000000000000, -1.953517427901809960E-16 ) ) ;
#1493 = VECTOR ( 'NONE', #1030, 1000.000000000000000 ) ;
#1494 = VECTOR ( 'NONE', #45, 1000.000000000000000 ) ;
#1495 = CARTESIAN_POINT ( 'NONE',  ( 0.000000000000000000, 0.000000000000000000, 0.000000000000000000 ) ) ;
#1496 = EDGE_LOOP ( 'NONE', ( #1861, #572 ) ) ;
#1497 = ORIENTED_EDGE ( 'NONE', *, *, #1869, .F. ) ;
#1498 = DIRECTION ( 'NONE',  ( -0.000000000000000000, 1.000000000000000000, -0.000000000000000000 ) ) ;
#1499 = CARTESIAN_POINT ( 'NONE',  ( 21.12500000000000355, -34.00000000000000000, -18.00000000000000000 ) ) ;
#1500 = EDGE_CURVE ( 'NONE', #564, #1678, #1011, .T. ) ;
#1501 = CARTESIAN_POINT ( 'NONE',  ( 29.99999999999999289, -10.99999999999999822, -18.00000000000000355 ) ) ;
#1502 = CIRCLE ( 'NONE', #1784, 11.00000000000000000 ) ;
#1503 = DIRECTION ( 'NONE',  ( 0.000000000000000000, 1.000000000000000000, 9.637352644315596475E-17 ) ) ;
#1504 = CARTESIAN_POINT ( 'NONE',  ( -16.00000000000000711, -28.49999999999999645, -25.99999999999992895 ) ) ;
#1505 = VERTEX_POINT ( 'NONE', #783 ) ;
#1506 = EDGE_LOOP ( 'NONE', ( #2120, #1066 ) ) ;
#1507 = ORIENTED_EDGE ( 'NONE', *, *, #228, .F. ) ;
#1508 = CARTESIAN_POINT ( 'NONE',  ( 21.12500000000001066, -14.99999999999999645, 9.999999999999994671 ) ) ;
#1509 = DIRECTION ( 'NONE',  ( 0.000000000000000000, -1.000000000000000000, 0.000000000000000000 ) ) ;
#1510 = DIRECTION ( 'NONE',  ( 0.000000000000000000, 0.000000000000000000, -1.000000000000000000 ) ) ;
#1511 = CARTESIAN_POINT ( 'NONE',  ( -8.500000000000007105, -24.00000000000000000, 29.99999999999999289 ) ) ;
#1512 = LINE ( 'NONE', #162, #873 ) ;
#1513 = EDGE_CURVE ( 'NONE', #1285, #685, #1970, .T. ) ;
#1514 = AXIS2_PLACEMENT_3D ( 'NONE', #777, #50, #764 ) ;
#1515 = EDGE_LOOP ( 'NONE', ( #1669, #131 ) ) ;
#1516 = VECTOR ( 'NONE', #1509, 1000.000000000000000 ) ;
#1517 = EDGE_CURVE ( 'NONE', #2061, #343, #1365, .T. ) ;
#1518 = VECTOR ( 'NONE', #920, 1000.000000000000000 ) ;
#1519 = VERTEX_POINT ( 'NONE', #433 ) ;
#1520 = DIRECTION ( 'NONE',  ( 0.000000000000000000, 0.000000000000000000, -1.000000000000000000 ) ) ;
#1521 = FACE_OUTER_BOUND ( 'NONE', #694, .T. ) ;
#1522 = ORIENTED_EDGE ( 'NONE', *, *, #892, .F. ) ;
#1523 = DIRECTION ( 'NONE',  ( 0.000000000000000000, 0.000000000000000000, -1.000000000000000000 ) ) ;
#1524 = CARTESIAN_POINT ( 'NONE',  ( -15.50000000000000178, 5.000000000000000000, 18.50000000000000711 ) ) ;
#1525 = DIRECTION ( 'NONE',  ( -0.000000000000000000, -1.000000000000000000, -0.000000000000000000 ) ) ;
#1526 = ADVANCED_FACE ( 'NONE', ( #1135, #2184, #645, #952, #1812, #653 ), #1992, .F. ) ;
#1527 = DIRECTION ( 'NONE',  ( -1.000000000000000000, -0.000000000000000000, 8.211708762020387409E-17 ) ) ;
#1528 = ORIENTED_EDGE ( 'NONE', *, *, #1585, .T. ) ;
#1529 = ADVANCED_FACE ( 'NONE', ( #1667 ), #1472, .F. ) ;
#1530 = ORIENTED_EDGE ( 'NONE', *, *, #1087, .T. ) ;
#1531 = ORIENTED_EDGE ( 'NONE', *, *, #1642, .F. ) ;
#1532 = CARTESIAN_POINT ( 'NONE',  ( -30.00000000000004619, -22.99999999999999645, -18.00000000000000355 ) ) ;
#1533 = DIRECTION ( 'NONE',  ( 0.000000000000000000, 0.000000000000000000, -1.000000000000000000 ) ) ;
#1534 = ORIENTED_EDGE ( 'NONE', *, *, #925, .F. ) ;
#1535 = DIRECTION ( 'NONE',  ( 0.000000000000000000, 0.000000000000000000, -1.000000000000000000 ) ) ;
#1536 = DIRECTION ( 'NONE',  ( -0.000000000000000000, -1.000000000000000000, -0.000000000000000000 ) ) ;
#1537 = DIRECTION ( 'NONE',  ( 0.000000000000000000, 0.000000000000000000, 1.000000000000000000 ) ) ;
#1538 = CARTESIAN_POINT ( 'NONE',  ( 15.49999999999999645, 0.000000000000000000, -15.49999999999999822 ) ) ;
#1539 = ADVANCED_FACE ( 'NONE', ( #1625 ), #1481, .F. ) ;
#1540 = ORIENTED_EDGE ( 'NONE', *, *, #1443, .F. ) ;
#1541 = EDGE_CURVE ( 'NONE', #707, #1000, #689, .T. ) ;
#1542 = ORIENTED_EDGE ( 'NONE', *, *, #391, .F. ) ;
#1543 = DIRECTION ( 'NONE',  ( 0.000000000000000000, 0.000000000000000000, 1.000000000000000000 ) ) ;
#1544 = EDGE_CURVE ( 'NONE', #1000, #1464, #579, .T. ) ;
#1545 = CARTESIAN_POINT ( 'NONE',  ( -30.00000000000004619, -10.99999999999999822, -18.00000000000000355 ) ) ;
#1546 = AXIS2_PLACEMENT_3D ( 'NONE', #1495, #106, #1820 ) ;
#1547 = ORIENTED_EDGE ( 'NONE', *, *, #1305, .F. ) ;
#1548 = LINE ( 'NONE', #1367, #1074 ) ;
#1549 = LINE ( 'NONE', #1046, #1235 ) ;
#1550 = AXIS2_PLACEMENT_3D ( 'NONE', #190, #2193, #1178 ) ;
#1551 = PRODUCT_DEFINITION_SHAPE ( 'NONE', 'NONE',  #284 ) ;
#1552 = FACE_OUTER_BOUND ( 'NONE', #332, .T. ) ;
#1553 = PLANE ( 'NONE',  #1311 ) ;
#1554 = ORIENTED_EDGE ( 'NONE', *, *, #1053, .F. ) ;
#1555 = ADVANCED_FACE ( 'NONE', ( #1291, #1633 ), #961, .T. ) ;
#1556 = ORIENTED_EDGE ( 'NONE', *, *, #1131, .F. ) ;
#1557 = EDGE_LOOP ( 'NONE', ( #2156, #2136, #647, #1249 ) ) ;
#1558 = PLANE ( 'NONE',  #1451 ) ;
#1559 = LINE ( 'NONE', #1185, #2192 ) ;
#1560 = ORIENTED_EDGE ( 'NONE', *, *, #1586, .T. ) ;
#1561 = LINE ( 'NONE', #30, #218 ) ;
#1562 = CIRCLE ( 'NONE', #1202, 2.999999999999997335 ) ;
#1563 = ADVANCED_FACE ( 'NONE', ( #2142, #1644 ), #1792, .T. ) ;
#1564 = DIRECTION ( 'NONE',  ( -0.000000000000000000, -1.000000000000000000, -0.000000000000000000 ) ) ;
#1565 = CARTESIAN_POINT ( 'NONE',  ( 15.49999999999999645, 5.000000000000000000, 12.50000000000000533 ) ) ;
#1566 = LINE ( 'NONE', #378, #2203 ) ;
#1567 = ORIENTED_EDGE ( 'NONE', *, *, #124, .T. ) ;
#1568 = VECTOR ( 'NONE', #911, 1000.000000000000000 ) ;
#1569 = CARTESIAN_POINT ( 'NONE',  ( -21.12499999999999289, -2.999999999999998668, 9.999999999999994671 ) ) ;
#1570 = ORIENTED_EDGE ( 'NONE', *, *, #1928, .F. ) ;
#1571 = PLANE ( 'NONE',  #646 ) ;
#1572 = DIRECTION ( 'NONE',  ( -1.000000000000000000, 0.000000000000000000, 5.782411586589358625E-17 ) ) ;
#1573 = ADVANCED_FACE ( 'NONE', ( #1323 ), #1802, .F. ) ;
#1574 = CYLINDRICAL_SURFACE ( 'NONE', #293, 2.999999999999999112 ) ;
#1575 = CARTESIAN_POINT ( 'NONE',  ( 29.99999999999999289, -28.49999999999997158, -25.99999999999991118 ) ) ;
#1576 = ORIENTED_EDGE ( 'NONE', *, *, #807, .T. ) ;
#1577 = CARTESIAN_POINT ( 'NONE',  ( 0.000000000000000000, 7.500000000000000000, 4.999999999999999112 ) ) ;
#1578 = ORIENTED_EDGE ( 'NONE', *, *, #2145, .F. ) ;
#1579 = CARTESIAN_POINT ( 'NONE',  ( 29.99999999999999289, 8.000000000000000000, 29.99999999999999289 ) ) ;
#1580 = ADVANCED_FACE ( 'NONE', ( #794 ), #1982, .F. ) ;
#1581 = CARTESIAN_POINT ( 'NONE',  ( 15.99999999999999289, 2.500000000000015987, -27.99999999999991118 ) ) ;
#1582 = DIRECTION ( 'NONE',  ( 0.000000000000000000, -1.000000000000000000, 0.000000000000000000 ) ) ;
#1583 = DIRECTION ( 'NONE',  ( 0.000000000000000000, 0.000000000000000000, 1.000000000000000000 ) ) ;
#1584 = CIRCLE ( 'NONE', #582, 1.499999999999999556 ) ;
#1585 = EDGE_CURVE ( 'NONE', #1962, #1759, #271, .T. ) ;
#1586 = EDGE_CURVE ( 'NONE', #1303, #1423, #972, .T. ) ;
#1587 = ORIENTED_EDGE ( 'NONE', *, *, #339, .F. ) ;
#1588 = VERTEX_POINT ( 'NONE', #1833 ) ;
#1589 = CARTESIAN_POINT ( 'NONE',  ( 29.99999999999999289, 8.000000000000000000, -30.00000000000000000 ) ) ;
#1590 = CARTESIAN_POINT ( 'NONE',  ( -30.00000000000004619, -22.99999999999999645, 17.99999999999999645 ) ) ;
#1591 = VECTOR ( 'NONE', #714, 1000.000000000000000 ) ;
#1592 = CYLINDRICAL_SURFACE ( 'NONE', #1756, 8.000000000000000000 ) ;
#1593 = DIRECTION ( 'NONE',  ( -1.000000000000000000, 0.000000000000000000, 5.782411586589358625E-17 ) ) ;
#1594 = EDGE_LOOP ( 'NONE', ( #245, #2091 ) ) ;
#1595 = PLANE ( 'NONE',  #1090 ) ;
#1596 = CIRCLE ( 'NONE', #389, 1.500000000000001332 ) ;
#1597 = ORIENTED_EDGE ( 'NONE', *, *, #2013, .T. ) ;
#1598 = CARTESIAN_POINT ( 'NONE',  ( 0.000000000000000000, 2.200000000000000178, 0.000000000000000000 ) ) ;
#1599 = CARTESIAN_POINT ( 'NONE',  ( 24.99999999999998934, -34.00000000000000000, 24.99999999999998934 ) ) ;
#1600 = FACE_OUTER_BOUND ( 'NONE', #2164, .T. ) ;
#1601 = CARTESIAN_POINT ( 'NONE',  ( -30.00000000000004619, -22.99999999999999645, 9.999999999999994671 ) ) ;
#1602 = CARTESIAN_POINT ( 'NONE',  ( 24.99999999999998934, 8.000000000000000000, 24.99999999999998934 ) ) ;
#1603 = EDGE_CURVE ( 'NONE', #1872, #1128, #304, .T. ) ;
#1604 = ORIENTED_EDGE ( 'NONE', *, *, #551, .T. ) ;
#1605 = AXIS2_PLACEMENT_3D ( 'NONE', #584, #744, #62 ) ;
#1606 = VERTEX_POINT ( 'NONE', #2038 ) ;
#1607 = EDGE_LOOP ( 'NONE', ( #384, #719, #1893, #1195 ) ) ;
#1608 = LINE ( 'NONE', #2126, #1257 ) ;
#1609 = EDGE_CURVE ( 'NONE', #308, #1340, #1355, .T. ) ;
#1610 = DIRECTION ( 'NONE',  ( -0.000000000000000000, 1.000000000000000000, -0.000000000000000000 ) ) ;
#1611 = CARTESIAN_POINT ( 'NONE',  ( -30.00000000000000711, -14.99999999999999645, 9.999999999999994671 ) ) ;
#1612 = CARTESIAN_POINT ( 'NONE',  ( -30.00000000000004619, -22.99999999999999645, -10.00000000000000178 ) ) ;
#1613 = PLANE ( 'NONE',  #1862 ) ;
#1614 = CIRCLE ( 'NONE', #1648, 1.499999999999999556 ) ;
#1615 = ORIENTED_EDGE ( 'NONE', *, *, #1443, .T. ) ;
#1616 =( LENGTH_UNIT ( ) NAMED_UNIT ( * ) SI_UNIT ( .MILLI., .METRE. ) );
#1617 = ORIENTED_EDGE ( 'NONE', *, *, #1305, .T. ) ;
#1618 = ORIENTED_EDGE ( 'NONE', *, *, #224, .T. ) ;
#1619 = CARTESIAN_POINT ( 'NONE',  ( 15.49999999999999645, 5.000000000000000000, 15.50000000000000355 ) ) ;
#1620 = ADVANCED_FACE ( 'NONE', ( #1870 ), #521, .F. ) ;
#1621 = CARTESIAN_POINT ( 'NONE',  ( -30.00000000000004619, -22.99999999999999645, -18.00000000000000355 ) ) ;
#1622 = AXIS2_PLACEMENT_3D ( 'NONE', #1602, #261, #773 ) ;
#1623 = CARTESIAN_POINT ( 'NONE',  ( -15.50000000000000355, 0.000000000000000000, -15.50000000000000000 ) ) ;
#1624 = AXIS2_PLACEMENT_3D ( 'NONE', #1778, #2127, #1752 ) ;
#1625 = FACE_OUTER_BOUND ( 'NONE', #1275, .T. ) ;
#1626 = ORIENTED_EDGE ( 'NONE', *, *, #1866, .F. ) ;
#1627 = ORIENTED_EDGE ( 'NONE', *, *, #1491, .T. ) ;
#1628 = CARTESIAN_POINT ( 'NONE',  ( 15.49999999999999645, 5.000000000000000000, -18.49999999999999645 ) ) ;
#1629 = SURFACE_STYLE_FILL_AREA ( #480 ) ;
#1630 = DIRECTION ( 'NONE',  ( 0.000000000000000000, 1.000000000000000000, 0.000000000000000000 ) ) ;
#1631 = CIRCLE ( 'NONE', #670, 2.999999999999999112 ) ;
#1632 = DIRECTION ( 'NONE',  ( 1.000000000000000000, -0.000000000000000000, -0.000000000000000000 ) ) ;
#1633 = FACE_BOUND ( 'NONE', #159, .T. ) ;
#1634 = EDGE_CURVE ( 'NONE', #2068, #2154, #24, .T. ) ;
#1635 = EDGE_CURVE ( 'NONE', #1334, #1432, #831, .T. ) ;
#1636 = ORIENTED_EDGE ( 'NONE', *, *, #224, .F. ) ;
#1637 = ORIENTED_EDGE ( 'NONE', *, *, #1333, .T. ) ;
#1638 = ORIENTED_EDGE ( 'NONE', *, *, #449, .T. ) ;
#1639 = CARTESIAN_POINT ( 'NONE',  ( 8.499999999999992895, -24.00000000000000000, 29.99999999999999289 ) ) ;
#1640 =( NAMED_UNIT ( * ) SI_UNIT ( $, .STERADIAN. ) SOLID_ANGLE_UNIT ( ) );
#1641 = FACE_OUTER_BOUND ( 'NONE', #1851, .T. ) ;
#1642 = EDGE_CURVE ( 'NONE', #1983, #1834, #9, .T. ) ;
#1643 = DIRECTION ( 'NONE',  ( 0.000000000000000000, -0.000000000000000000, -1.000000000000000000 ) ) ;
#1644 = FACE_BOUND ( 'NONE', #1485, .T. ) ;
#1645 = AXIS2_PLACEMENT_3D ( 'NONE', #1504, #2002, #622 ) ;
#1646 = ORIENTED_EDGE ( 'NONE', *, *, #683, .T. ) ;
#1647 = EDGE_CURVE ( 'NONE', #435, #6, #75, .T. ) ;
#1648 = AXIS2_PLACEMENT_3D ( 'NONE', #326, #1525, #1008 ) ;
#1649 = VERTEX_POINT ( 'NONE', #487 ) ;
#1650 = CARTESIAN_POINT ( 'NONE',  ( 15.49999999999999645, 11.20000000000000107, 17.00000000000000355 ) ) ;
#1651 = CARTESIAN_POINT ( 'NONE',  ( 15.99999999999999289, 2.500000000000015987, -25.99999999999991118 ) ) ;
#1652 = CARTESIAN_POINT ( 'NONE',  ( -15.50000000000000355, 5.000000000000000000, -18.50000000000000000 ) ) ;
#1653 = DIRECTION ( 'NONE',  ( 0.000000000000000000, -0.000000000000000000, -1.000000000000000000 ) ) ;
#1654 = PLANE ( 'NONE',  #1062 ) ;
#1655 = AXIS2_PLACEMENT_3D ( 'NONE', #1002, #1683, #1351 ) ;
#1656 = CARTESIAN_POINT ( 'NONE',  ( 0.000000000000000000, -34.00000000000000000, 0.000000000000000000 ) ) ;
#1657 = VECTOR ( 'NONE', #346, 1000.000000000000000 ) ;
#1658 = ORIENTED_EDGE ( 'NONE', *, *, #1811, .T. ) ;
#1659 = ADVANCED_FACE ( 'NONE', ( #1552 ), #1167, .F. ) ;
#1660 = ORIENTED_EDGE ( 'NONE', *, *, #1634, .F. ) ;
#1661 = CARTESIAN_POINT ( 'NONE',  ( 0.000000000000000000, 7.500000000000000000, 0.000000000000000000 ) ) ;
#1662 = DIRECTION ( 'NONE',  ( -1.000000000000000000, -0.000000000000000000, 5.782411586589358625E-17 ) ) ;
#1663 = TOROIDAL_SURFACE ( 'NONE', #22, 4.999999999999999112, 0.5000000000000000000 ) ;
#1664 = DIRECTION ( 'NONE',  ( 0.000000000000000000, -1.000000000000000000, 0.000000000000000000 ) ) ;
#1665 = ORIENTED_EDGE ( 'NONE', *, *, #1544, .T. ) ;
#1666 = AXIS2_PLACEMENT_3D ( 'NONE', #1462, #1102, #388 ) ;
#1667 = FACE_OUTER_BOUND ( 'NONE', #1172, .T. ) ;
#1668 = ORIENTED_EDGE ( 'NONE', *, *, #124, .F. ) ;
#1669 = ORIENTED_EDGE ( 'NONE', *, *, #927, .T. ) ;
#1670 = ORIENTED_EDGE ( 'NONE', *, *, #1375, .F. ) ;
#1671 = CARTESIAN_POINT ( 'NONE',  ( 21.12500000000000355, -14.99999999999999645, 17.99999999999999645 ) ) ;
#1672 = DIRECTION ( 'NONE',  ( 1.000000000000000000, 0.000000000000000000, 0.000000000000000000 ) ) ;
#1673 = DIRECTION ( 'NONE',  ( 0.000000000000000000, 0.000000000000000000, 1.000000000000000000 ) ) ;
#1674 = AXIS2_PLACEMENT_3D ( 'NONE', #673, #1842, #856 ) ;
#1675 = FACE_OUTER_BOUND ( 'NONE', #1182, .T. ) ;
#1676 = DIRECTION ( 'NONE',  ( 0.000000000000000000, 0.000000000000000000, -1.000000000000000000 ) ) ;
#1677 = ADVANCED_FACE ( 'NONE', ( #675, #508 ), #1845, .T. ) ;
#1678 = VERTEX_POINT ( 'NONE', #2027 ) ;
#1679 = VECTOR ( 'NONE', #286, 1000.000000000000000 ) ;
#1680 = ORIENTED_EDGE ( 'NONE', *, *, #1248, .F. ) ;
#1681 = CIRCLE ( 'NONE', #729, 4.500000000000000000 ) ;
#1682 = DIRECTION ( 'NONE',  ( 0.000000000000000000, -1.000000000000000000, 0.000000000000000000 ) ) ;
#1683 = DIRECTION ( 'NONE',  ( -0.000000000000000000, -1.000000000000000000, -0.000000000000000000 ) ) ;
#1684 = EDGE_LOOP ( 'NONE', ( #1230, #2083, #246, #656 ) ) ;
#1685 = DIRECTION ( 'NONE',  ( 0.000000000000000000, 0.000000000000000000, 1.000000000000000000 ) ) ;
#1686 = DIRECTION ( 'NONE',  ( -0.000000000000000000, 1.000000000000000000, -0.000000000000000000 ) ) ;
#1687 = CARTESIAN_POINT ( 'NONE',  ( 24.99999999999998934, 8.000000000000000000, 24.99999999999998934 ) ) ;
#1688 = DIRECTION ( 'NONE',  ( 0.000000000000000000, 0.000000000000000000, -1.000000000000000000 ) ) ;
#1689 = ORIENTED_EDGE ( 'NONE', *, *, #623, .T. ) ;
#1690 = LINE ( 'NONE', #1827, #327 ) ;
#1691 = CIRCLE ( 'NONE', #1624, 1.500000000000001332 ) ;
#1692 = ORIENTED_EDGE ( 'NONE', *, *, #631, .F. ) ;
#1693 = ORIENTED_EDGE ( 'NONE', *, *, #494, .T. ) ;
#1694 = DIRECTION ( 'NONE',  ( 0.000000000000000000, 0.000000000000000000, 1.000000000000000000 ) ) ;
#1695 = FACE_OUTER_BOUND ( 'NONE', #370, .T. ) ;
#1696 = EDGE_LOOP ( 'NONE', ( #1587, #1776 ) ) ;
#1697 = CYLINDRICAL_SURFACE ( 'NONE', #464, 1.500000000000001332 ) ;
#1698 = EDGE_CURVE ( 'NONE', #502, #1160, #537, .T. ) ;
#1699 = DIRECTION ( 'NONE',  ( 1.000000000000000000, -0.000000000000000000, -0.000000000000000000 ) ) ;
#1700 = CARTESIAN_POINT ( 'NONE',  ( 0.000000000000000000, 2.200000000000000178, 4.500000000000000000 ) ) ;
#1701 = EDGE_CURVE ( 'NONE', #697, #561, #1897, .T. ) ;
#1702 = CARTESIAN_POINT ( 'NONE',  ( 8.499999999999994671, -24.00000000000000000, 21.12499999999998934 ) ) ;
#1703 = EDGE_LOOP ( 'NONE', ( #1547, #2196 ) ) ;
#1704 = EDGE_CURVE ( 'NONE', #1401, #1872, #846, .T. ) ;
#1705 = VERTEX_POINT ( 'NONE', #1700 ) ;
#1706 = ORIENTED_EDGE ( 'NONE', *, *, #2145, .T. ) ;
#1707 = DIRECTION ( 'NONE',  ( 0.000000000000000000, -0.000000000000000000, 1.000000000000000000 ) ) ;
#1708 = DIRECTION ( 'NONE',  ( -1.000000000000000000, 0.000000000000000000, 0.000000000000000000 ) ) ;
#1709 = ORIENTED_EDGE ( 'NONE', *, *, #683, .F. ) ;
#1710 = CARTESIAN_POINT ( 'NONE',  ( 15.99999999999999289, -28.49999999999997158, -25.99999999999991118 ) ) ;
#1711 = CARTESIAN_POINT ( 'NONE',  ( -30.00000000000004619, -14.99999999999999645, 9.999999999999994671 ) ) ;
#1712 = EDGE_CURVE ( 'NONE', #1303, #565, #1614, .T. ) ;
#1713 = AXIS2_PLACEMENT_3D ( 'NONE', #2182, #1330, #2211 ) ;
#1714 = DIRECTION ( 'NONE',  ( -0.000000000000000000, -1.000000000000000000, -0.000000000000000000 ) ) ;
#1715 = LINE ( 'NONE', #177, #1391 ) ;
#1716 = ORIENTED_EDGE ( 'NONE', *, *, #366, .F. ) ;
#1717 = EDGE_LOOP ( 'NONE', ( #1823, #937, #1425, #1689, #541, #187, #182, #818 ) ) ;
#1718 = ORIENTED_EDGE ( 'NONE', *, *, #1704, .T. ) ;
#1719 = PLANE ( 'NONE',  #409 ) ;
#1720 = CARTESIAN_POINT ( 'NONE',  ( 15.49999999999999645, 5.000000000000000000, 18.50000000000000355 ) ) ;
#1721 = VECTOR ( 'NONE', #150, 1000.000000000000000 ) ;
#1722 = ORIENTED_EDGE ( 'NONE', *, *, #1412, .T. ) ;
#1723 = LINE ( 'NONE', #1589, #252 ) ;
#1724 = DIRECTION ( 'NONE',  ( -1.000000000000000000, 0.000000000000000000, -0.000000000000000000 ) ) ;
#1725 = AXIS2_PLACEMENT_3D ( 'NONE', #2116, #568, #1935 ) ;
#1726 = CARTESIAN_POINT ( 'NONE',  ( 15.99999999999999289, 2.500000000000015987, -25.99999999999991118 ) ) ;
#1727 = DIRECTION ( 'NONE',  ( 0.000000000000000000, 0.000000000000000000, 1.000000000000000000 ) ) ;
#1728 = ORIENTED_EDGE ( 'NONE', *, *, #324, .F. ) ;
#1729 = EDGE_CURVE ( 'NONE', #1505, #47, #1191, .T. ) ;
#1730 = DIRECTION ( 'NONE',  ( 0.000000000000000000, 0.000000000000000000, 1.000000000000000000 ) ) ;
#1731 = FACE_OUTER_BOUND ( 'NONE', #2147, .T. ) ;
#1732 = EDGE_LOOP ( 'NONE', ( #156, #964 ) ) ;
#1733 = ORIENTED_EDGE ( 'NONE', *, *, #1500, .F. ) ;
#1734 = DIRECTION ( 'NONE',  ( 0.000000000000000000, 1.000000000000000000, 0.000000000000000000 ) ) ;
#1735 = VECTOR ( 'NONE', #1470, 1000.000000000000000 ) ;
#1736 = DIRECTION ( 'NONE',  ( 5.782411586589358625E-17, 0.000000000000000000, 1.000000000000000000 ) ) ;
#1737 = CARTESIAN_POINT ( 'NONE',  ( 15.49999999999999645, 5.000000000000000000, 15.50000000000000355 ) ) ;
#1738 = DIRECTION ( 'NONE',  ( 0.000000000000000000, 0.000000000000000000, 1.000000000000000000 ) ) ;
#1739 = ORIENTED_EDGE ( 'NONE', *, *, #562, .F. ) ;
#1740 = AXIS2_PLACEMENT_3D ( 'NONE', #2131, #239, #430 ) ;
#1741 = EDGE_LOOP ( 'NONE', ( #2195, #70 ) ) ;
#1742 = FACE_OUTER_BOUND ( 'NONE', #1476, .T. ) ;
#1743 = CARTESIAN_POINT ( 'NONE',  ( 0.000000000000000000, 8.000000000000000000, 0.000000000000000000 ) ) ;
#1744 = EDGE_CURVE ( 'NONE', #1128, #27, #1049, .T. ) ;
#1745 = CARTESIAN_POINT ( 'NONE',  ( -30.00000000000004619, -10.99999999999999822, -18.00000000000000355 ) ) ;
#1746 = DIRECTION ( 'NONE',  ( 0.000000000000000000, 0.000000000000000000, -1.000000000000000000 ) ) ;
#1747 = CIRCLE ( 'NONE', #1109, 5.000000000000000888 ) ;
#1748 = ORIENTED_EDGE ( 'NONE', *, *, #1053, .T. ) ;
#1749 = DIRECTION ( 'NONE',  ( 5.782411586589358625E-17, -0.000000000000000000, 1.000000000000000000 ) ) ;
#1750 = ORIENTED_EDGE ( 'NONE', *, *, #110, .T. ) ;
#1751 = PLANE ( 'NONE',  #1605 ) ;
#1752 = DIRECTION ( 'NONE',  ( 0.000000000000000000, 0.000000000000000000, 1.000000000000000000 ) ) ;
#1753 = CIRCLE ( 'NONE', #140, 2.999999999999999112 ) ;
#1754 = CARTESIAN_POINT ( 'NONE',  ( -30.00000000000001066, -28.49999999999999645, -27.99999999999993605 ) ) ;
#1755 = DIRECTION ( 'NONE',  ( 0.000000000000000000, 0.000000000000000000, -1.000000000000000000 ) ) ;
#1756 = AXIS2_PLACEMENT_3D ( 'NONE', #747, #238, #1081 ) ;
#1757 = EDGE_CURVE ( 'NONE', #1010, #348, #1512, .T. ) ;
#1758 = ORIENTED_EDGE ( 'NONE', *, *, #120, .F. ) ;
#1759 = VERTEX_POINT ( 'NONE', #2213 ) ;
#1760 = VERTEX_POINT ( 'NONE', #1883 ) ;
#1761 = FACE_BOUND ( 'NONE', #552, .T. ) ;
#1762 = AXIS2_PLACEMENT_3D ( 'NONE', #601, #1781, #241 ) ;
#1763 = DIRECTION ( 'NONE',  ( 3.469446951953613400E-15, 0.000000000000000000, 1.000000000000000000 ) ) ;
#1764 = CIRCLE ( 'NONE', #2128, 8.000000000000000000 ) ;
#1765 = DIRECTION ( 'NONE',  ( -1.000000000000000000, -0.000000000000000000, 2.312964634635742957E-16 ) ) ;
#1766 = MECHANICAL_DESIGN_GEOMETRIC_PRESENTATION_REPRESENTATION (  '', ( #234 ), #524 ) ;
#1767 = CARTESIAN_POINT ( 'NONE',  ( -15.50000000000000355, 5.000000000000000000, -17.00000000000000000 ) ) ;
#1768 = CARTESIAN_POINT ( 'NONE',  ( -21.12499999999999289, -22.99999999999999645, 9.999999999999994671 ) ) ;
#1769 = EDGE_CURVE ( 'NONE', #565, #1303, #221, .T. ) ;
#1770 = ORIENTED_EDGE ( 'NONE', *, *, #1343, .F. ) ;
#1771 = EDGE_CURVE ( 'NONE', #444, #1376, #330, .T. ) ;
#1772 = AXIS2_PLACEMENT_3D ( 'NONE', #134, #1173, #1694 ) ;
#1773 = CARTESIAN_POINT ( 'NONE',  ( 21.12500000000000711, -2.999999999999998224, 9.999999999999994671 ) ) ;
#1774 = VECTOR ( 'NONE', #2096, 1000.000000000000000 ) ;
#1775 = ORIENTED_EDGE ( 'NONE', *, *, #679, .F. ) ;
#1776 = ORIENTED_EDGE ( 'NONE', *, *, #1083, .F. ) ;
#1777 = FACE_BOUND ( 'NONE', #583, .T. ) ;
#1778 = CARTESIAN_POINT ( 'NONE',  ( 15.49999999999999645, 5.000000000000000000, 15.50000000000000355 ) ) ;
#1779 = CARTESIAN_POINT ( 'NONE',  ( 0.000000000000000000, 0.000000000000000000, 4.500000000000000000 ) ) ;
#1780 = DIRECTION ( 'NONE',  ( 0.000000000000000000, -1.000000000000000000, 0.000000000000000000 ) ) ;
#1781 = DIRECTION ( 'NONE',  ( -1.000000000000000000, 0.000000000000000000, 0.000000000000000000 ) ) ;
#1782 = EDGE_CURVE ( 'NONE', #1200, #467, #1926, .T. ) ;
#1783 = ORIENTED_EDGE ( 'NONE', *, *, #166, .F. ) ;
#1784 = AXIS2_PLACEMENT_3D ( 'NONE', #1598, #1416, #754 ) ;
#1785 = FACE_OUTER_BOUND ( 'NONE', #2008, .T. ) ;
#1786 = EDGE_LOOP ( 'NONE', ( #1326, #69, #359, #363 ) ) ;
#1787 = DIRECTION ( 'NONE',  ( 1.000000000000000000, 0.000000000000000000, -0.000000000000000000 ) ) ;
#1788 = CARTESIAN_POINT ( 'NONE',  ( 15.49999999999999645, 5.000000000000000000, -15.49999999999999822 ) ) ;
#1789 = CARTESIAN_POINT ( 'NONE',  ( 29.99999999999999289, 2.500000000000015987, -25.99999999999991118 ) ) ;
#1790 = DIRECTION ( 'NONE',  ( -0.000000000000000000, -1.000000000000000000, -0.000000000000000000 ) ) ;
#1791 = CYLINDRICAL_SURFACE ( 'NONE', #1622, 5.000000000000000888 ) ;
#1792 = PLANE ( 'NONE',  #436 ) ;
#1793 = ORIENTED_EDGE ( 'NONE', *, *, #417, .F. ) ;
#1794 = ORIENTED_EDGE ( 'NONE', *, *, #44, .T. ) ;
#1795 = FACE_OUTER_BOUND ( 'NONE', #2207, .T. ) ;
#1796 = EDGE_CURVE ( 'NONE', #1705, #1993, #249, .T. ) ;
#1797 = CARTESIAN_POINT ( 'NONE',  ( -30.00000000000001066, -34.00000000000000000, -29.99999999999999645 ) ) ;
#1798 = DIRECTION ( 'NONE',  ( -1.000000000000000000, 0.000000000000000000, 0.000000000000000000 ) ) ;
#1799 = VECTOR ( 'NONE', #1009, 1000.000000000000000 ) ;
#1800 = LINE ( 'NONE', #97, #236 ) ;
#1801 = AXIS2_PLACEMENT_3D ( 'NONE', #1405, #556, #1916 ) ;
#1802 = PLANE ( 'NONE',  #1822 ) ;
#1803 = ORIENTED_EDGE ( 'NONE', *, *, #1837, .T. ) ;
#1804 = EDGE_CURVE ( 'NONE', #1909, #1519, #43, .T. ) ;
#1805 = EDGE_LOOP ( 'NONE', ( #1940, #1875, #1618, #2099, #2111, #1794 ) ) ;
#1806 = ORIENTED_EDGE ( 'NONE', *, *, #1804, .F. ) ;
#1807 = FACE_OUTER_BOUND ( 'NONE', #1506, .T. ) ;
#1808 = DIRECTION ( 'NONE',  ( 1.000000000000000000, 0.000000000000000000, 0.000000000000000000 ) ) ;
#1809 = FACE_OUTER_BOUND ( 'NONE', #945, .T. ) ;
#1810 = FACE_OUTER_BOUND ( 'NONE', #2179, .T. ) ;
#1811 = EDGE_CURVE ( 'NONE', #333, #357, #1584, .T. ) ;
#1812 = FACE_BOUND ( 'NONE', #1413, .T. ) ;
#1813 = ORIENTED_EDGE ( 'NONE', *, *, #1977, .T. ) ;
#1814 = VERTEX_POINT ( 'NONE', #73 ) ;
#1815 = ORIENTED_EDGE ( 'NONE', *, *, #1024, .F. ) ;
#1816 = CARTESIAN_POINT ( 'NONE',  ( -15.50000000000000355, 5.000000000000000000, -12.50000000000000000 ) ) ;
#1817 = CARTESIAN_POINT ( 'NONE',  ( -15.50000000000000178, 5.000000000000000000, 12.50000000000000178 ) ) ;
#1818 = DIRECTION ( 'NONE',  ( -0.000000000000000000, -1.000000000000000000, -0.000000000000000000 ) ) ;
#1819 = CARTESIAN_POINT ( 'NONE',  ( -30.00000000000001066, 2.499999999999988898, -27.99999999999992539 ) ) ;
#1820 = DIRECTION ( 'NONE',  ( 0.000000000000000000, -0.000000000000000000, 1.000000000000000000 ) ) ;
#1821 = EDGE_CURVE ( 'NONE', #685, #838, #142, .T. ) ;
#1822 = AXIS2_PLACEMENT_3D ( 'NONE', #815, #1312, #1144 ) ;
#1823 = ORIENTED_EDGE ( 'NONE', *, *, #382, .T. ) ;
#1824 = ADVANCED_FACE ( 'NONE', ( #1600 ), #1592, .F. ) ;
#1825 = AXIS2_PLACEMENT_3D ( 'NONE', #1726, #703, #1676 ) ;
#1826 = EDGE_LOOP ( 'NONE', ( #1313, #1693, #1750, #1325 ) ) ;
#1827 = CARTESIAN_POINT ( 'NONE',  ( -16.00000000000000711, 2.499999999999988898, -27.99999999999992539 ) ) ;
#1828 = PLANE ( 'NONE',  #1836 ) ;
#1829 = DIRECTION ( 'NONE',  ( -0.000000000000000000, 1.000000000000000000, -0.000000000000000000 ) ) ;
#1830 = DIRECTION ( 'NONE',  ( 0.000000000000000000, -1.000000000000000000, 0.000000000000000000 ) ) ;
#1831 = CARTESIAN_POINT ( 'NONE',  ( 29.99999999999999289, -2.999999999999998224, -10.00000000000000178 ) ) ;
#1832 = EDGE_CURVE ( 'NONE', #479, #36, #2105, .T. ) ;
#1833 = CARTESIAN_POINT ( 'NONE',  ( -15.50000000000000178, 5.000000000000000000, 17.00000000000000000 ) ) ;
#1834 = VERTEX_POINT ( 'NONE', #1754 ) ;
#1835 = AXIS2_PLACEMENT_3D ( 'NONE', #585, #1932, #1263 ) ;
#1836 = AXIS2_PLACEMENT_3D ( 'NONE', #1967, #95, #949 ) ;
#1837 = EDGE_CURVE ( 'NONE', #36, #141, #1152, .T. ) ;
#1838 = ORIENTED_EDGE ( 'NONE', *, *, #762, .F. ) ;
#1839 = ORIENTED_EDGE ( 'NONE', *, *, #2019, .T. ) ;
#1840 = CARTESIAN_POINT ( 'NONE',  ( 15.49999999999999645, 5.000000000000000000, -18.49999999999999645 ) ) ;
#1841 = DIRECTION ( 'NONE',  ( -0.000000000000000000, 1.000000000000000000, -0.000000000000000000 ) ) ;
#1842 = DIRECTION ( 'NONE',  ( -0.000000000000000000, -1.000000000000000000, -0.000000000000000000 ) ) ;
#1843 = CARTESIAN_POINT ( 'NONE',  ( -30.00000000000004619, -2.999999999999997335, -18.00000000000000355 ) ) ;
#1844 = CIRCLE ( 'NONE', #1279, 1.500000000000001332 ) ;
#1845 = PLANE ( 'NONE',  #619 ) ;
#1846 = ORIENTED_EDGE ( 'NONE', *, *, #2003, .F. ) ;
#1847 = EDGE_LOOP ( 'NONE', ( #457, #1196, #1085, #638 ) ) ;
#1848 = EDGE_LOOP ( 'NONE', ( #2029, #1597, #626, #935 ) ) ;
#1849 = CARTESIAN_POINT ( 'NONE',  ( -15.50000000000000178, 5.000000000000000000, 15.50000000000000355 ) ) ;
#1850 = LINE ( 'NONE', #172, #1233 ) ;
#1851 = EDGE_LOOP ( 'NONE', ( #2186, #495, #283, #169 ) ) ;
#1852 = CYLINDRICAL_SURFACE ( 'NONE', #996, 1.500000000000001332 ) ;
#1853 = VECTOR ( 'NONE', #323, 1000.000000000000000 ) ;
#1854 = CARTESIAN_POINT ( 'NONE',  ( 15.49999999999999645, 5.000000000000000000, -15.49999999999999822 ) ) ;
#1855 = CARTESIAN_POINT ( 'NONE',  ( 15.49999999999999645, 8.000000000000000000, -15.49999999999999822 ) ) ;
#1856 = DIRECTION ( 'NONE',  ( 0.000000000000000000, -1.000000000000000000, 0.000000000000000000 ) ) ;
#1857 = ORIENTED_EDGE ( 'NONE', *, *, #611, .F. ) ;
#1858 = VECTOR ( 'NONE', #1192, 1000.000000000000000 ) ;
#1859 = ORIENTED_EDGE ( 'NONE', *, *, #2032, .T. ) ;
#1860 = EDGE_CURVE ( 'NONE', #1340, #217, #1369, .T. ) ;
#1861 = ORIENTED_EDGE ( 'NONE', *, *, #876, .T. ) ;
#1862 = AXIS2_PLACEMENT_3D ( 'NONE', #251, #820, #420 ) ;
#1863 = DIRECTION ( 'NONE',  ( 1.000000000000000000, -0.000000000000000000, -8.211708762020389874E-17 ) ) ;
#1864 = DIRECTION ( 'NONE',  ( -0.000000000000000000, -0.000000000000000000, -1.000000000000000000 ) ) ;
#1865 = ORIENTED_EDGE ( 'NONE', *, *, #611, .T. ) ;
#1866 = EDGE_CURVE ( 'NONE', #1929, #2134, #1084, .T. ) ;
#1867 = CARTESIAN_POINT ( 'NONE',  ( 15.49999999999999645, 11.20000000000000107, 15.50000000000000355 ) ) ;
#1868 = DIRECTION ( 'NONE',  ( 1.000000000000000000, -0.000000000000000000, 0.000000000000000000 ) ) ;
#1869 = EDGE_CURVE ( 'NONE', #954, #437, #2007, .T. ) ;
#1870 = FACE_OUTER_BOUND ( 'NONE', #316, .T. ) ;
#1871 = DIRECTION ( 'NONE',  ( 0.000000000000000000, -1.000000000000000000, 0.000000000000000000 ) ) ;
#1872 = VERTEX_POINT ( 'NONE', #900 ) ;
#1873 = VECTOR ( 'NONE', #335, 1000.000000000000000 ) ;
#1874 = AXIS2_PLACEMENT_3D ( 'NONE', #395, #598, #248 ) ;
#1875 = ORIENTED_EDGE ( 'NONE', *, *, #1248, .T. ) ;
#1876 = EDGE_LOOP ( 'NONE', ( #198, #399 ) ) ;
#1877 = DIRECTION ( 'NONE',  ( 1.000000000000000000, 0.000000000000000000, -5.782411586589358625E-17 ) ) ;
#1878 = EDGE_CURVE ( 'NONE', #1649, #2079, #736, .T. ) ;
#1879 = LINE ( 'NONE', #1892, #912 ) ;
#1880 = ORIENTED_EDGE ( 'NONE', *, *, #1083, .T. ) ;
#1881 = LINE ( 'NONE', #519, #1853 ) ;
#1882 = DIRECTION ( 'NONE',  ( -1.000000000000000000, 0.000000000000000000, 5.782411586589358625E-17 ) ) ;
#1883 = CARTESIAN_POINT ( 'NONE',  ( 1.347111479062088405E-15, 2.200000000000000178, 11.00000000000000000 ) ) ;
#1884 = DIRECTION ( 'NONE',  ( 0.000000000000000000, 0.000000000000000000, -1.000000000000000000 ) ) ;
#1885 = CIRCLE ( 'NONE', #1988, 8.000000000000000000 ) ;
#1886 = EDGE_CURVE ( 'NONE', #1464, #1993, #1681, .T. ) ;
#1887 = CIRCLE ( 'NONE', #922, 2.999999999999997335 ) ;
#1888 = ORIENTED_EDGE ( 'NONE', *, *, #456, .F. ) ;
#1889 = VERTEX_POINT ( 'NONE', #54 ) ;
#1890 = ORIENTED_EDGE ( 'NONE', *, *, #282, .F. ) ;
#1891 = DIRECTION ( 'NONE',  ( -1.000000000000000000, 0.000000000000000000, 0.000000000000000000 ) ) ;
#1892 = CARTESIAN_POINT ( 'NONE',  ( -15.50000000000000355, 11.20000000000000107, -13.99999999999999822 ) ) ;
#1893 = ORIENTED_EDGE ( 'NONE', *, *, #2194, .T. ) ;
#1894 = CYLINDRICAL_SURFACE ( 'NONE', #1674, 1.499999999999999556 ) ;
#1895 = CARTESIAN_POINT ( 'NONE',  ( 15.99999999999999289, -28.49999999999997158, -27.99999999999991473 ) ) ;
#1896 = AXIS2_PLACEMENT_3D ( 'NONE', #1252, #1931, #1262 ) ;
#1897 = LINE ( 'NONE', #315, #802 ) ;
#1898 = CARTESIAN_POINT ( 'NONE',  ( -15.50000000000000178, 5.000000000000000000, 18.50000000000000711 ) ) ;
#1899 = ORIENTED_EDGE ( 'NONE', *, *, #1143, .T. ) ;
#1900 = EDGE_CURVE ( 'NONE', #1349, #348, #202, .T. ) ;
#1901 = VERTEX_POINT ( 'NONE', #1255 ) ;
#1902 = DIRECTION ( 'NONE',  ( 1.000000000000000000, 0.000000000000000000, -0.000000000000000000 ) ) ;
#1903 = DIRECTION ( 'NONE',  ( -0.000000000000000000, 1.000000000000000000, -0.000000000000000000 ) ) ;
#1904 = VERTEX_POINT ( 'NONE', #1918 ) ;
#1905 = LINE ( 'NONE', #2092, #2075 ) ;
#1906 = DIRECTION ( 'NONE',  ( 0.000000000000000000, 1.000000000000000000, 0.000000000000000000 ) ) ;
#1907 = FACE_OUTER_BOUND ( 'NONE', #1847, .T. ) ;
#1908 = CARTESIAN_POINT ( 'NONE',  ( -21.12499999999999645, -10.99999999999999822, -10.00000000000000178 ) ) ;
#1909 = VERTEX_POINT ( 'NONE', #2076 ) ;
#1910 = VECTOR ( 'NONE', #1829, 1000.000000000000000 ) ;
#1911 = AXIS2_PLACEMENT_3D ( 'NONE', #1854, #2074, #2191 ) ;
#1912 = ADVANCED_FACE ( 'NONE', ( #758 ), #1265, .F. ) ;
#1913 = ORIENTED_EDGE ( 'NONE', *, *, #2174, .T. ) ;
#1914 = ORIENTED_EDGE ( 'NONE', *, *, #959, .T. ) ;
#1915 = CARTESIAN_POINT ( 'NONE',  ( 21.12500000000000355, 0.000000000000000000, -21.12500000000000711 ) ) ;
#1916 = DIRECTION ( 'NONE',  ( 0.000000000000000000, 0.000000000000000000, -1.000000000000000000 ) ) ;
#1917 = ADVANCED_FACE ( 'NONE', ( #1907 ), #1574, .F. ) ;
#1918 = CARTESIAN_POINT ( 'NONE',  ( -15.50000000000000178, 8.000000000000000000, 18.50000000000000711 ) ) ;
#1919 = CYLINDRICAL_SURFACE ( 'NONE', #422, 1.999999999999998224 ) ;
#1920 = ORIENTED_EDGE ( 'NONE', *, *, #654, .F. ) ;
#1921 = AXIS2_PLACEMENT_3D ( 'NONE', #2158, #1830, #1653 ) ;
#1922 = EDGE_CURVE ( 'NONE', #204, #872, #1971, .T. ) ;
#1923 = ORIENTED_EDGE ( 'NONE', *, *, #166, .T. ) ;
#1924 = FACE_BOUND ( 'NONE', #592, .T. ) ;
#1925 = DIRECTION ( 'NONE',  ( -1.000000000000000000, -0.000000000000000000, 0.000000000000000000 ) ) ;
#1926 = LINE ( 'NONE', #1236, #2153 ) ;
#1927 = DIRECTION ( 'NONE',  ( -1.642341752404077975E-16, 0.000000000000000000, 1.000000000000000000 ) ) ;
#1928 = EDGE_CURVE ( 'NONE', #1361, #1588, #39, .T. ) ;
#1929 = VERTEX_POINT ( 'NONE', #1164 ) ;
#1930 = EDGE_LOOP ( 'NONE', ( #1457, #1939 ) ) ;
#1931 = DIRECTION ( 'NONE',  ( 1.000000000000000000, 0.000000000000000000, -5.782411586589358625E-17 ) ) ;
#1932 = DIRECTION ( 'NONE',  ( 0.000000000000000000, 1.000000000000000000, 0.000000000000000000 ) ) ;
#1933 = AXIS2_PLACEMENT_3D ( 'NONE', #292, #262, #943 ) ;
#1934 = ADVANCED_FACE ( 'NONE', ( #127 ), #1613, .T. ) ;
#1935 = DIRECTION ( 'NONE',  ( 0.000000000000000000, 0.000000000000000000, -1.000000000000000000 ) ) ;
#1936 = LINE ( 'NONE', #1256, #1774 ) ;
#1937 = AXIS2_PLACEMENT_3D ( 'NONE', #1946, #548, #1226 ) ;
#1938 = EDGE_CURVE ( 'NONE', #888, #928, #48, .T. ) ;
#1939 = ORIENTED_EDGE ( 'NONE', *, *, #1243, .T. ) ;
#1940 = ORIENTED_EDGE ( 'NONE', *, *, #80, .T. ) ;
#1941 = VECTOR ( 'NONE', #310, 1000.000000000000000 ) ;
#1942 = CARTESIAN_POINT ( 'NONE',  ( -15.50000000000000355, 8.000000000000000000, -18.50000000000000000 ) ) ;
#1943 = EDGE_CURVE ( 'NONE', #301, #1137, #76, .T. ) ;
#1944 = PLANE ( 'NONE',  #1981 ) ;
#1945 = VECTOR ( 'NONE', #1536, 1000.000000000000000 ) ;
#1946 = CARTESIAN_POINT ( 'NONE',  ( -15.50000000000000355, 5.000000000000000000, -15.50000000000000000 ) ) ;
#1947 = CIRCLE ( 'NONE', #1271, 2.000000000000001776 ) ;
#1948 = CARTESIAN_POINT ( 'NONE',  ( 15.99999999999999289, 2.500000000000015987, -27.99999999999991118 ) ) ;
#1949 = CARTESIAN_POINT ( 'NONE',  ( 29.99999999999999289, -22.99999999999999645, -18.00000000000000355 ) ) ;
#1950 = ADVANCED_FACE ( 'NONE', ( #760 ), #830, .F. ) ;
#1951 = VERTEX_POINT ( 'NONE', #2181 ) ;
#1952 = DIRECTION ( 'NONE',  ( -1.000000000000000000, 0.000000000000000000, 0.000000000000000000 ) ) ;
#1953 = AXIS2_PLACEMENT_3D ( 'NONE', #1061, #871, #164 ) ;
#1954 = ORIENTED_EDGE ( 'NONE', *, *, #120, .T. ) ;
#1955 = ORIENTED_EDGE ( 'NONE', *, *, #1586, .F. ) ;
#1956 = LINE ( 'NONE', #448, #105 ) ;
#1957 = DIRECTION ( 'NONE',  ( 0.000000000000000000, 0.000000000000000000, 1.000000000000000000 ) ) ;
#1958 = DIRECTION ( 'NONE',  ( -1.000000000000000000, 0.000000000000000000, 0.000000000000000000 ) ) ;
#1959 = CARTESIAN_POINT ( 'NONE',  ( 15.49999999999999645, 5.000000000000000000, -12.50000000000000000 ) ) ;
#1960 = DIRECTION ( 'NONE',  ( -0.000000000000000000, -1.000000000000000000, -0.000000000000000000 ) ) ;
#1961 = EDGE_CURVE ( 'NONE', #2009, #1285, #559, .T. ) ;
#1962 = VERTEX_POINT ( 'NONE', #650 ) ;
#1963 = AXIS2_PLACEMENT_3D ( 'NONE', #506, #534, #1685 ) ;
#1964 = ORIENTED_EDGE ( 'NONE', *, *, #1647, .T. ) ;
#1965 = ORIENTED_EDGE ( 'NONE', *, *, #1513, .F. ) ;
#1966 = CARTESIAN_POINT ( 'NONE',  ( 8.499999999999992895, -24.00000000000000000, 29.99999999999999289 ) ) ;
#1967 = CARTESIAN_POINT ( 'NONE',  ( -30.00000000000000711, 8.000000000000000000, 30.00000000000000711 ) ) ;
#1968 = DIRECTION ( 'NONE',  ( 0.000000000000000000, 1.000000000000000000, 0.000000000000000000 ) ) ;
#1969 = CYLINDRICAL_SURFACE ( 'NONE', #411, 2.000000000000001776 ) ;
#1970 = LINE ( 'NONE', #984, #727 ) ;
#1971 = CIRCLE ( 'NONE', #1006, 2.000000000000001776 ) ;
#1972 = ORIENTED_EDGE ( 'NONE', *, *, #185, .F. ) ;
#1973 = ORIENTED_EDGE ( 'NONE', *, *, #1943, .F. ) ;
#1974 = VERTEX_POINT ( 'NONE', #812 ) ;
#1975 = CARTESIAN_POINT ( 'NONE',  ( 15.49999999999999645, 0.000000000000000000, -13.99999999999999645 ) ) ;
#1976 = DIRECTION ( 'NONE',  ( 1.000000000000000000, -0.000000000000000000, -8.211708762020389874E-17 ) ) ;
#1977 = EDGE_CURVE ( 'NONE', #6, #435, #1417, .T. ) ;
#1978 = CARTESIAN_POINT ( 'NONE',  ( -8.500000000000007105, -24.00000000000000000, 21.12499999999998934 ) ) ;
#1979 = AXIS2_PLACEMENT_3D ( 'NONE', #135, #2133, #1103 ) ;
#1980 = DIRECTION ( 'NONE',  ( -0.000000000000000000, -1.000000000000000000, -0.000000000000000000 ) ) ;
#1981 = AXIS2_PLACEMENT_3D ( 'NONE', #1590, #1427, #1418 ) ;
#1982 = CYLINDRICAL_SURFACE ( 'NONE', #1933, 4.500000000000000000 ) ;
#1983 = VERTEX_POINT ( 'NONE', #660 ) ;
#1984 = ORIENTED_EDGE ( 'NONE', *, *, #408, .T. ) ;
#1985 = EDGE_CURVE ( 'NONE', #1334, #1273, #1151, .T. ) ;
#1986 = VERTEX_POINT ( 'NONE', #1339 ) ;
#1987 = DIRECTION ( 'NONE',  ( 0.000000000000000000, 0.000000000000000000, 1.000000000000000000 ) ) ;
#1988 = AXIS2_PLACEMENT_3D ( 'NONE', #1508, #1863, #334 ) ;
#1989 = CARTESIAN_POINT ( 'NONE',  ( 0.000000000000000000, 2.200000000000000178, -11.00000000000000000 ) ) ;
#1990 = CARTESIAN_POINT ( 'NONE',  ( 6.123233995736765296E-16, 8.000000000000000000, -4.999999999999999112 ) ) ;
#1991 = CARTESIAN_POINT ( 'NONE',  ( -16.00000000000000711, 2.499999999999988454, -25.99999999999992539 ) ) ;
#1992 = PLANE ( 'NONE',  #1546 ) ;
#1993 = VERTEX_POINT ( 'NONE', #2011 ) ;
#1994 = AXIS2_PLACEMENT_3D ( 'NONE', #958, #1289, #620 ) ;
#1995 = ORIENTED_EDGE ( 'NONE', *, *, #677, .F. ) ;
#1996 = CARTESIAN_POINT ( 'NONE',  ( 21.12500000000000711, -14.99999999999999645, 17.99999999999999645 ) ) ;
#1997 = DIRECTION ( 'NONE',  ( 0.000000000000000000, 0.000000000000000000, 1.000000000000000000 ) ) ;
#1998 = ADVANCED_FACE ( 'NONE', ( #312 ), #1489, .T. ) ;
#1999 = CARTESIAN_POINT ( 'NONE',  ( -15.50000000000000178, 5.000000000000000000, 15.50000000000000355 ) ) ;
#2000 = LINE ( 'NONE', #87, #1346 ) ;
#2001 = CYLINDRICAL_SURFACE ( 'NONE', #2055, 1.500000000000001332 ) ;
#2002 = DIRECTION ( 'NONE',  ( -1.000000000000000000, -0.000000000000000000, 5.782411586589358625E-17 ) ) ;
#2003 = EDGE_CURVE ( 'NONE', #2154, #1951, #992, .T. ) ;
#2004 = ADVANCED_FACE ( 'NONE', ( #431 ), #1791, .T. ) ;
#2005 = AXIS2_PLACEMENT_3D ( 'NONE', #929, #768, #1487 ) ;
#2006 = ORIENTED_EDGE ( 'NONE', *, *, #211, .T. ) ;
#2007 = CIRCLE ( 'NONE', #1410, 5.000000000000000888 ) ;
#2008 = EDGE_LOOP ( 'NONE', ( #709, #285, #61, #19 ) ) ;
#2009 = VERTEX_POINT ( 'NONE', #1768 ) ;
#2010 = CARTESIAN_POINT ( 'NONE',  ( -16.00000000000000711, 2.499999999999988898, -27.99999999999992539 ) ) ;
#2011 = CARTESIAN_POINT ( 'NONE',  ( 0.000000000000000000, 7.500000000000000000, 4.500000000000000000 ) ) ;
#2012 = FACE_OUTER_BOUND ( 'NONE', #795, .T. ) ;
#2013 = EDGE_CURVE ( 'NONE', #437, #122, #641, .T. ) ;
#2014 = CARTESIAN_POINT ( 'NONE',  ( -15.50000000000000178, 8.000000000000000000, 15.50000000000000355 ) ) ;
#2015 = CARTESIAN_POINT ( 'NONE',  ( -16.00000000000000711, -28.49999999999999645, -27.99999999999993605 ) ) ;
#2016 = CIRCLE ( 'NONE', #702, 3.000000000000002665 ) ;
#2017 = ORIENTED_EDGE ( 'NONE', *, *, #1007, .T. ) ;
#2018 = CIRCLE ( 'NONE', #450, 1.999999999999998224 ) ;
#2019 = EDGE_CURVE ( 'NONE', #850, #1376, #934, .T. ) ;
#2020 = ORIENTED_EDGE ( 'NONE', *, *, #2003, .T. ) ;
#2021 = CARTESIAN_POINT ( 'NONE',  ( 21.12500000000000711, -34.00000000000000000, 21.12499999999999289 ) ) ;
#2022 = CARTESIAN_POINT ( 'NONE',  ( -25.00000000000000000, 8.000000000000000000, 25.00000000000000355 ) ) ;
#2023 = ORIENTED_EDGE ( 'NONE', *, *, #449, .F. ) ;
#2024 = DIRECTION ( 'NONE',  ( 0.000000000000000000, 1.000000000000000000, 0.000000000000000000 ) ) ;
#2025 = LINE ( 'NONE', #1524, #978 ) ;
#2026 = VECTOR ( 'NONE', #1780, 1000.000000000000000 ) ;
#2027 = CARTESIAN_POINT ( 'NONE',  ( -8.500000000000005329, -34.00000000000000000, 21.12499999999998934 ) ) ;
#2028 = ORIENTED_EDGE ( 'NONE', *, *, #1115, .F. ) ;
#2029 = ORIENTED_EDGE ( 'NONE', *, *, #489, .F. ) ;
#2030 = DIRECTION ( 'NONE',  ( 0.000000000000000000, 0.000000000000000000, -1.000000000000000000 ) ) ;
#2031 = ADVANCED_FACE ( 'NONE', ( #1439 ), #2119, .F. ) ;
#2032 = EDGE_CURVE ( 'NONE', #1986, #897, #1269, .T. ) ;
#2033 = CARTESIAN_POINT ( 'NONE',  ( 24.99999999999998934, 8.000000000000000000, 29.99999999999999289 ) ) ;
#2034 = VERTEX_POINT ( 'NONE', #671 ) ;
#2035 = DIRECTION ( 'NONE',  ( 0.000000000000000000, -1.000000000000000000, 0.000000000000000000 ) ) ;
#2036 = AXIS2_PLACEMENT_3D ( 'NONE', #599, #269, #1278 ) ;
#2037 = DIRECTION ( 'NONE',  ( 0.000000000000000000, 0.000000000000000000, -1.000000000000000000 ) ) ;
#2038 = CARTESIAN_POINT ( 'NONE',  ( -21.12499999999999645, 0.000000000000000000, -21.12500000000001421 ) ) ;
#2039 = CARTESIAN_POINT ( 'NONE',  ( 0.000000000000000000, 7.500000000000000000, 0.000000000000000000 ) ) ;
#2040 = ORIENTED_EDGE ( 'NONE', *, *, #631, .T. ) ;
#2041 = EDGE_CURVE ( 'NONE', #1909, #1505, #186, .T. ) ;
#2042 = AXIS2_PLACEMENT_3D ( 'NONE', #2084, #555, #1232 ) ;
#2043 = EDGE_LOOP ( 'NONE', ( #851, #501, #730, #505 ) ) ;
#2044 = ORIENTED_EDGE ( 'NONE', *, *, #1264, .T. ) ;
#2045 = CARTESIAN_POINT ( 'NONE',  ( -21.12499999999999289, -22.99999999999999645, 9.999999999999994671 ) ) ;
#2046 = CARTESIAN_POINT ( 'NONE',  ( 29.99999999999999289, -14.99999999999999645, -18.00000000000000355 ) ) ;
#2047 = ORIENTED_EDGE ( 'NONE', *, *, #1080, .F. ) ;
#2048 = DIRECTION ( 'NONE',  ( -0.000000000000000000, -0.000000000000000000, 1.000000000000000000 ) ) ;
#2049 = EDGE_CURVE ( 'NONE', #1086, #217, #1031, .T. ) ;
#2050 = EDGE_CURVE ( 'NONE', #1137, #1324, #145, .T. ) ;
#2051 = CARTESIAN_POINT ( 'NONE',  ( 29.99999999999999289, -2.999999999999997335, -18.00000000000000355 ) ) ;
#2052 = DIRECTION ( 'NONE',  ( 0.000000000000000000, -1.000000000000000000, 0.000000000000000000 ) ) ;
#2053 = DIRECTION ( 'NONE',  ( 1.000000000000000000, -0.000000000000000000, 1.953517427901809960E-16 ) ) ;
#2054 = VERTEX_POINT ( 'NONE', #504 ) ;
#2055 = AXIS2_PLACEMENT_3D ( 'NONE', #983, #1980, #129 ) ;
#2056 = ORIENTED_EDGE ( 'NONE', *, *, #465, .F. ) ;
#2057 = ORIENTED_EDGE ( 'NONE', *, *, #2013, .F. ) ;
#2058 = AXIS2_PLACEMENT_3D ( 'NONE', #1743, #210, #1997 ) ;
#2059 = FACE_OUTER_BOUND ( 'NONE', #296, .T. ) ;
#2060 = CARTESIAN_POINT ( 'NONE',  ( 15.49999999999999645, 11.20000000000000107, -15.49999999999999822 ) ) ;
#2061 = VERTEX_POINT ( 'NONE', #373 ) ;
#2062 = CARTESIAN_POINT ( 'NONE',  ( 29.99999999999999289, -11.00000000000000178, 17.99999999999999645 ) ) ;
#2063 = CYLINDRICAL_SURFACE ( 'NONE', #1911, 2.999999999999997335 ) ;
#2064 = ADVANCED_FACE ( 'NONE', ( #1521 ), #544, .F. ) ;
#2065 = DIRECTION ( 'NONE',  ( 8.211708762020389874E-17, 0.000000000000000000, 1.000000000000000000 ) ) ;
#2066 = FACE_OUTER_BOUND ( 'NONE', #2123, .T. ) ;
#2067 = CIRCLE ( 'NONE', #1169, 1.999999999999998224 ) ;
#2068 = VERTEX_POINT ( 'NONE', #865 ) ;
#2069 = ORIENTED_EDGE ( 'NONE', *, *, #1771, .T. ) ;
#2070 = LINE ( 'NONE', #669, #242 ) ;
#2071 = DIRECTION ( 'NONE',  ( 0.000000000000000000, 0.000000000000000000, -1.000000000000000000 ) ) ;
#2072 = ORIENTED_EDGE ( 'NONE', *, *, #740, .T. ) ;
#2073 = DIRECTION ( 'NONE',  ( 0.000000000000000000, -1.000000000000000000, 0.000000000000000000 ) ) ;
#2074 = DIRECTION ( 'NONE',  ( -0.000000000000000000, 1.000000000000000000, -0.000000000000000000 ) ) ;
#2075 = VECTOR ( 'NONE', #1734, 1000.000000000000000 ) ;
#2076 = CARTESIAN_POINT ( 'NONE',  ( 24.99999999999998579, -34.00000000000000000, 29.99999999999999289 ) ) ;
#2077 = DIRECTION ( 'NONE',  ( 1.000000000000000000, 0.000000000000000000, 8.211708762020389874E-17 ) ) ;
#2078 = ADVANCED_FACE ( 'NONE', ( #711 ), #1222, .F. ) ;
#2079 = VERTEX_POINT ( 'NONE', #1545 ) ;
#2080 = AXIS2_PLACEMENT_3D ( 'NONE', #176, #1714, #1035 ) ;
#2081 = LINE ( 'NONE', #196, #1482 ) ;
#2082 = EDGE_LOOP ( 'NONE', ( #848, #109 ) ) ;
#2083 = ORIENTED_EDGE ( 'NONE', *, *, #2041, .F. ) ;
#2084 = CARTESIAN_POINT ( 'NONE',  ( 29.99999999999999289, 8.000000000000000000, 29.99999999999999289 ) ) ;
#2085 = CYLINDRICAL_SURFACE ( 'NONE', #1874, 2.999999999999999112 ) ;
#2086 = DIRECTION ( 'NONE',  ( 8.211708762020389874E-17, 0.000000000000000000, 1.000000000000000000 ) ) ;
#2087 = DIRECTION ( 'NONE',  ( 0.000000000000000000, 1.000000000000000000, 0.000000000000000000 ) ) ;
#2088 = ORIENTED_EDGE ( 'NONE', *, *, #1264, .F. ) ;
#2089 = VECTOR ( 'NONE', #1005, 1000.000000000000000 ) ;
#2090 = APPLICATION_PROTOCOL_DEFINITION ( 'draft international standard', 'automotive_design', 1998, #749 ) ;
#2091 = ORIENTED_EDGE ( 'NONE', *, *, #1143, .F. ) ;
#2092 = CARTESIAN_POINT ( 'NONE',  ( -21.12499999999999645, -34.00000000000000000, -18.00000000000000355 ) ) ;
#2093 = CLOSED_SHELL ( 'NONE', ( #699, #2031, #1181, #1659, #728, #731, #153, #192, #307, #1158, #351, #1189, #2078, #56, #1122, #2155, #1620, #1471, #1214, #1580, #476, #1359, #1347, #2202, #1362, #1526, #46, #2170, #1555, #1917, #1563, #355, #1254, #1912, #1385, #1422, #1539, #629, #1250, #973, #1677, #692, #108, #796, #1038, #1573, #59, #358, #580, #2064, #586, #985, #1283, #1824, #2109, #1408, #999, #590, #1068, #289, #1950, #1998, #2004, #862, #518, #89, #1050, #1529, #1934, #23, #136 ) ) ;
#2094 = CARTESIAN_POINT ( 'NONE',  ( -30.00000000000000711, -34.00000000000000000, 25.00000000000000355 ) ) ;
#2095 = DIRECTION ( 'NONE',  ( -0.000000000000000000, 1.000000000000000000, -0.000000000000000000 ) ) ;
#2096 = DIRECTION ( 'NONE',  ( 0.000000000000000000, 0.000000000000000000, -1.000000000000000000 ) ) ;
#2097 = ORIENTED_EDGE ( 'NONE', *, *, #976, .F. ) ;
#2098 = EDGE_CURVE ( 'NONE', #838, #955, #1559, .T. ) ;
#2099 = ORIENTED_EDGE ( 'NONE', *, *, #1729, .T. ) ;
#2100 = EDGE_LOOP ( 'NONE', ( #1466, #554, #68, #40 ) ) ;
#2101 = LINE ( 'NONE', #1915, #755 ) ;
#2102 = EDGE_CURVE ( 'NONE', #1432, #1814, #516, .T. ) ;
#2103 = LINE ( 'NONE', #890, #193 ) ;
#2104 = EDGE_CURVE ( 'NONE', #1171, #1349, #1054, .T. ) ;
#2105 = LINE ( 'NONE', #1420, #475 ) ;
#2106 = CARTESIAN_POINT ( 'NONE',  ( -15.50000000000000355, 5.000000000000000000, -13.99999999999999822 ) ) ;
#2107 = CIRCLE ( 'NONE', #432, 1.500000000000001332 ) ;
#2108 = EDGE_LOOP ( 'NONE', ( #1097, #1095, #1118, #1358, #1973, #1530, #2162, #1389 ) ) ;
#2109 = ADVANCED_FACE ( 'NONE', ( #1731 ), #321, .F. ) ;
#2110 = SHAPE_DEFINITION_REPRESENTATION ( #1551, #1448 ) ;
#2111 = ORIENTED_EDGE ( 'NONE', *, *, #892, .T. ) ;
#2112 = ORIENTED_EDGE ( 'NONE', *, *, #1333, .F. ) ;
#2113 = DIRECTION ( 'NONE',  ( -1.000000000000000000, -0.000000000000000000, -8.211708762020388642E-17 ) ) ;
#2114 = CARTESIAN_POINT ( 'NONE',  ( -30.00000000000004619, -22.99999999999999645, -18.00000000000000355 ) ) ;
#2115 = AXIS2_PLACEMENT_3D ( 'NONE', #102, #809, #2138 ) ;
#2116 = CARTESIAN_POINT ( 'NONE',  ( 0.000000000000000000, 0.000000000000000000, 0.000000000000000000 ) ) ;
#2117 = CARTESIAN_POINT ( 'NONE',  ( -25.00000000000000000, 8.000000000000000000, 30.00000000000000711 ) ) ;
#2118 = AXIS2_PLACEMENT_3D ( 'NONE', #1611, #1089, #377 ) ;
#2119 = CYLINDRICAL_SURFACE ( 'NONE', #231, 2.000000000000005329 ) ;
#2120 = ORIENTED_EDGE ( 'NONE', *, *, #571, .T. ) ;
#2121 =( NAMED_UNIT ( * ) SI_UNIT ( $, .STERADIAN. ) SOLID_ANGLE_UNIT ( ) );
#2122 = AXIS2_PLACEMENT_3D ( 'NONE', #1577, #1952, #593 ) ;
#2123 = EDGE_LOOP ( 'NONE', ( #2023, #1665, #750, #466 ) ) ;
#2124 = CIRCLE ( 'NONE', #591, 8.000000000000000000 ) ;
#2125 = ORIENTED_EDGE ( 'NONE', *, *, #1811, .F. ) ;
#2126 = CARTESIAN_POINT ( 'NONE',  ( -30.00000000000000711, -34.00000000000000000, 30.00000000000000711 ) ) ;
#2127 = DIRECTION ( 'NONE',  ( -0.000000000000000000, -1.000000000000000000, -0.000000000000000000 ) ) ;
#2128 = AXIS2_PLACEMENT_3D ( 'NONE', #225, #428, #53 ) ;
#2129 = DIRECTION ( 'NONE',  ( 0.000000000000000000, 0.000000000000000000, 1.000000000000000000 ) ) ;
#2130 = AXIS2_PLACEMENT_3D ( 'NONE', #1488, #1808, #268 ) ;
#2131 = CARTESIAN_POINT ( 'NONE',  ( -15.50000000000000355, 5.000000000000000000, -15.50000000000000000 ) ) ;
#2132 = EDGE_CURVE ( 'NONE', #888, #1390, #1879, .T. ) ;
#2133 = DIRECTION ( 'NONE',  ( -0.000000000000000000, -1.000000000000000000, -0.000000000000000000 ) ) ;
#2134 = VERTEX_POINT ( 'NONE', #854 ) ;
#2135 = AXIS2_PLACEMENT_3D ( 'NONE', #1621, #1664, #1308 ) ;
#2136 = ORIENTED_EDGE ( 'NONE', *, *, #244, .F. ) ;
#2137 = ORIENTED_EDGE ( 'NONE', *, *, #382, .F. ) ;
#2138 = DIRECTION ( 'NONE',  ( 0.000000000000000000, -0.000000000000000000, 1.000000000000000000 ) ) ;
#2139 = CARTESIAN_POINT ( 'NONE',  ( 21.12500000000001066, -14.99999999999999645, -10.00000000000000178 ) ) ;
#2140 = CARTESIAN_POINT ( 'NONE',  ( 15.49999999999999645, 5.000000000000000000, 18.50000000000000355 ) ) ;
#2141 = LINE ( 'NONE', #814, #632 ) ;
#2142 = FACE_OUTER_BOUND ( 'NONE', #1515, .T. ) ;
#2143 = ORIENTED_EDGE ( 'NONE', *, *, #1603, .F. ) ;
#2144 = AXIS2_PLACEMENT_3D ( 'NONE', #2190, #867, #350 ) ;
#2145 = EDGE_CURVE ( 'NONE', #1678, #1055, #2081, .T. ) ;
#2146 = ORIENTED_EDGE ( 'NONE', *, *, #1701, .T. ) ;
#2147 = EDGE_LOOP ( 'NONE', ( #133, #525, #1282, #1240 ) ) ;
#2148 = DIRECTION ( 'NONE',  ( 0.000000000000000000, 0.000000000000000000, 1.000000000000000000 ) ) ;
#2149 = DIRECTION ( 'NONE',  ( 0.000000000000000000, 0.000000000000000000, 1.000000000000000000 ) ) ;
#2150 = FACE_OUTER_BOUND ( 'NONE', #194, .T. ) ;
#2151 = CIRCLE ( 'NONE', #509, 8.000000000000000000 ) ;
#2152 = DIRECTION ( 'NONE',  ( 0.000000000000000000, 0.000000000000000000, 1.000000000000000000 ) ) ;
#2153 = VECTOR ( 'NONE', #2086, 1000.000000000000000 ) ;
#2154 = VERTEX_POINT ( 'NONE', #1569 ) ;
#2155 = ADVANCED_FACE ( 'NONE', ( #1695 ), #362, .F. ) ;
#2156 = ORIENTED_EDGE ( 'NONE', *, *, #1985, .F. ) ;
#2157 = CYLINDRICAL_SURFACE ( 'NONE', #291, 8.000000000000000000 ) ;
#2158 = CARTESIAN_POINT ( 'NONE',  ( -30.00000000000004619, -22.99999999999999645, -18.00000000000000355 ) ) ;
#2159 = VECTOR ( 'NONE', #1903, 1000.000000000000000 ) ;
#2160 = FACE_BOUND ( 'NONE', #1496, .T. ) ;
#2161 = DIRECTION ( 'NONE',  ( 0.000000000000000000, 1.000000000000000000, 0.000000000000000000 ) ) ;
#2162 = ORIENTED_EDGE ( 'NONE', *, *, #1414, .F. ) ;
#2163 = EDGE_CURVE ( 'NONE', #1159, #301, #1850, .T. ) ;
#2164 = EDGE_LOOP ( 'NONE', ( #319, #1003, #1626, #101 ) ) ;
#2165 = LINE ( 'NONE', #1628, #1292 ) ;
#2166 = DIRECTION ( 'NONE',  ( 0.000000000000000000, 1.000000000000000000, 0.000000000000000000 ) ) ;
#2167 = VECTOR ( 'NONE', #577, 1000.000000000000000 ) ;
#2168 = CARTESIAN_POINT ( 'NONE',  ( -16.00000000000000711, -28.49999999999999645, -25.99999999999992895 ) ) ;
#2169 = DIRECTION ( 'NONE',  ( 1.000000000000000000, 0.000000000000000000, 1.642341752404077975E-16 ) ) ;
#2170 = ADVANCED_FACE ( 'NONE', ( #1402 ), #1174, .F. ) ;
#2171 = EDGE_CURVE ( 'NONE', #570, #2154, #229, .T. ) ;
#2172 = EDGE_LOOP ( 'NONE', ( #678, #826, #936, #1803 ) ) ;
#2173 = CARTESIAN_POINT ( 'NONE',  ( 29.99999999999999289, -34.00000000000000000, -30.00000000000000000 ) ) ;
#2174 = EDGE_CURVE ( 'NONE', #2134, #955, #684, .T. ) ;
#2175 = EDGE_LOOP ( 'NONE', ( #963, #1073 ) ) ;
#2176 = EDGE_CURVE ( 'NONE', #1180, #1951, #219, .T. ) ;
#2177 = AXIS2_PLACEMENT_3D ( 'NONE', #277, #941, #1469 ) ;
#2178 = VERTEX_POINT ( 'NONE', #1260 ) ;
#2179 = EDGE_LOOP ( 'NONE', ( #1302, #77, #1025, #926 ) ) ;
#2180 = DIRECTION ( 'NONE',  ( 0.000000000000000000, 0.000000000000000000, 1.000000000000000000 ) ) ;
#2181 = CARTESIAN_POINT ( 'NONE',  ( -30.00000000000004619, -3.000000000000000000, 9.999999999999994671 ) ) ;
#2182 = CARTESIAN_POINT ( 'NONE',  ( 15.49999999999999645, 5.000000000000000000, 15.50000000000000355 ) ) ;
#2183 = DIRECTION ( 'NONE',  ( 0.000000000000000000, 0.000000000000000000, -1.000000000000000000 ) ) ;
#2184 = FACE_BOUND ( 'NONE', #855, .T. ) ;
#2185 = ORIENTED_EDGE ( 'NONE', *, *, #1804, .T. ) ;
#2186 = ORIENTED_EDGE ( 'NONE', *, *, #1087, .F. ) ;
#2187 = ORIENTED_EDGE ( 'NONE', *, *, #1900, .F. ) ;
#2188 = DIRECTION ( 'NONE',  ( 0.000000000000000000, 1.000000000000000000, 0.000000000000000000 ) ) ;
#2189 = DIRECTION ( 'NONE',  ( 0.000000000000000000, 0.000000000000000000, 1.000000000000000000 ) ) ;
#2190 = CARTESIAN_POINT ( 'NONE',  ( 0.000000000000000000, 2.200000000000000178, 0.000000000000000000 ) ) ;
#2191 = DIRECTION ( 'NONE',  ( 0.000000000000000000, 0.000000000000000000, 1.000000000000000000 ) ) ;
#2192 = VECTOR ( 'NONE', #1864, 1000.000000000000000 ) ;
#2193 = DIRECTION ( 'NONE',  ( -0.000000000000000000, -1.000000000000000000, -0.000000000000000000 ) ) ;
#2194 = EDGE_CURVE ( 'NONE', #707, #1993, #1374, .T. ) ;
#2195 = ORIENTED_EDGE ( 'NONE', *, *, #1170, .T. ) ;
#2196 = ORIENTED_EDGE ( 'NONE', *, *, #740, .F. ) ;
#2197 = DIRECTION ( 'NONE',  ( 8.211708762020389874E-17, 0.000000000000000000, -1.000000000000000000 ) ) ;
#2198 = CARTESIAN_POINT ( 'NONE',  ( 21.12500000000000711, 0.000000000000000000, 21.12499999999999289 ) ) ;
#2199 = VERTEX_POINT ( 'NONE', #1773 ) ;
#2200 = FACE_OUTER_BOUND ( 'NONE', #51, .T. ) ;
#2201 = CARTESIAN_POINT ( 'NONE',  ( 0.000000000000000000, 2.200000000000000178, 0.000000000000000000 ) ) ;
#2202 = ADVANCED_FACE ( 'NONE', ( #1785 ), #1595, .F. ) ;
#2203 = VECTOR ( 'NONE', #1409, 1000.000000000000000 ) ;
#2204 = CARTESIAN_POINT ( 'NONE',  ( 29.99999999999999289, -11.00000000000000178, 9.999999999999994671 ) ) ;
#2205 = FACE_OUTER_BOUND ( 'NONE', #2043, .T. ) ;
#2206 = ORIENTED_EDGE ( 'NONE', *, *, #494, .F. ) ;
#2207 = EDGE_LOOP ( 'NONE', ( #2206, #1284, #99, #1604 ) ) ;
#2208 = DIRECTION ( 'NONE',  ( 0.000000000000000000, 0.000000000000000000, 1.000000000000000000 ) ) ;
#2209 = DIRECTION ( 'NONE',  ( 0.000000000000000000, 0.000000000000000000, -1.000000000000000000 ) ) ;
#2210 = ORIENTED_EDGE ( 'NONE', *, *, #396, .T. ) ;
#2211 = DIRECTION ( 'NONE',  ( 0.000000000000000000, 0.000000000000000000, 1.000000000000000000 ) ) ;
#2212 = LINE ( 'NONE', #1354, #2089 ) ;
#2213 = CARTESIAN_POINT ( 'NONE',  ( 29.99999999999999289, -34.00000000000000000, -30.00000000000000000 ) ) ;
#2214 = CARTESIAN_POINT ( 'NONE',  ( -16.00000000000000711, -28.49999999999999645, -25.99999999999992895 ) ) ;
#2215 = ORIENTED_EDGE ( 'NONE', *, *, #1757, .T. ) ;
ENDSEC;
END-ISO-10303-21;
