ISO-10303-21;
HEADER;
FILE_DESCRIPTION (( 'STEP AP214' ),
    '1' );
FILE_NAME ('encoder-stand_motor-mount.STEP',
    '2026-01-08T13:34:26',
    ( '' ),
    ( '' ),
    'SwSTEP 2.0',
    'SolidWorks 2025',
    '' );
FILE_SCHEMA (( 'AUTOMOTIVE_DESIGN' ));
ENDSEC;

DATA;
#1 = VERTEX_POINT ( 'NONE', #1802 ) ;
#2 = ORIENTED_EDGE ( 'NONE', *, *, #538, .F. ) ;
#3 = LINE ( 'NONE', #690, #1060 ) ;
#4 = ORIENTED_EDGE ( 'NONE', *, *, #2176, .T. ) ;
#5 = DIRECTION ( 'NONE',  ( 0.000000000000000000, 0.000000000000000000, 1.000000000000000000 ) ) ;
#6 = CARTESIAN_POINT ( 'NONE',  ( -15.50000000000000355, 5.000000000000000000, -12.50000000000000000 ) ) ;
#7 = EDGE_CURVE ( 'NONE', #635, #1659, #427, .T. ) ;
#8 = DIRECTION ( 'NONE',  ( 0.000000000000000000, 0.000000000000000000, -1.000000000000000000 ) ) ;
#9 = ORIENTED_EDGE ( 'NONE', *, *, #1155, .T. ) ;
#10 = ORIENTED_EDGE ( 'NONE', *, *, #7, .T. ) ;
#11 = PLANE ( 'NONE',  #2040 ) ;
#12 = ORIENTED_EDGE ( 'NONE', *, *, #1998, .T. ) ;
#13 = FACE_OUTER_BOUND ( 'NONE', #495, .T. ) ;
#14 = CARTESIAN_POINT ( 'NONE',  ( -30.00000000000004619, -22.99999999999999645, -10.00000000000000178 ) ) ;
#15 = CARTESIAN_POINT ( 'NONE',  ( 29.99999999999999289, -11.00000000000000178, 17.99999999999999645 ) ) ;
#16 = ORIENTED_EDGE ( 'NONE', *, *, #258, .F. ) ;
#17 = DIRECTION ( 'NONE',  ( 0.000000000000000000, 0.000000000000000000, -1.000000000000000000 ) ) ;
#18 = ORIENTED_EDGE ( 'NONE', *, *, #1441, .F. ) ;
#19 = ADVANCED_FACE ( 'NONE', ( #1299 ), #1502, .F. ) ;
#20 = VERTEX_POINT ( 'NONE', #1644 ) ;
#21 = EDGE_CURVE ( 'NONE', #184, #1264, #938, .T. ) ;
#22 = CARTESIAN_POINT ( 'NONE',  ( 29.99999999999999289, -22.99999999999999645, -18.00000000000000355 ) ) ;
#23 = AXIS2_PLACEMENT_3D ( 'NONE', #1198, #1032, #325 ) ;
#24 = AXIS2_PLACEMENT_3D ( 'NONE', #769, #1957, #410 ) ;
#25 = DIRECTION ( 'NONE',  ( -1.000000000000000000, 0.000000000000000000, -0.000000000000000000 ) ) ;
#26 = DIRECTION ( 'NONE',  ( 0.000000000000000000, 0.000000000000000000, 1.000000000000000000 ) ) ;
#27 = AXIS2_PLACEMENT_3D ( 'NONE', #767, #71, #2134 ) ;
#28 = CIRCLE ( 'NONE', #1864, 8.000000000000000000 ) ;
#29 = ORIENTED_EDGE ( 'NONE', *, *, #1413, .T. ) ;
#30 = LINE ( 'NONE', #1908, #385 ) ;
#31 = CIRCLE ( 'NONE', #2111, 1.500000000000001332 ) ;
#32 = ORIENTED_EDGE ( 'NONE', *, *, #2149, .T. ) ;
#33 = CARTESIAN_POINT ( 'NONE',  ( 15.49999999999999645, 5.000000000000000000, 14.00000000000000178 ) ) ;
#34 = ADVANCED_FACE ( 'NONE', ( #1628 ), #977, .F. ) ;
#35 = CARTESIAN_POINT ( 'NONE',  ( 15.49999999999999645, 8.000000000000000000, -15.49999999999999822 ) ) ;
#36 = LINE ( 'NONE', #168, #91 ) ;
#37 = CARTESIAN_POINT ( 'NONE',  ( -30.00000000000001066, -10.99999999999999822, -10.00000000000000178 ) ) ;
#38 = CARTESIAN_POINT ( 'NONE',  ( -15.50000000000000355, 11.20000000000000107, -15.50000000000000000 ) ) ;
#39 = ORIENTED_EDGE ( 'NONE', *, *, #2225, .F. ) ;
#40 = DIRECTION ( 'NONE',  ( 0.000000000000000000, 0.000000000000000000, 1.000000000000000000 ) ) ;
#41 = EDGE_CURVE ( 'NONE', #1833, #20, #1270, .T. ) ;
#42 = DIRECTION ( 'NONE',  ( 0.000000000000000000, 0.000000000000000000, 1.000000000000000000 ) ) ;
#43 = FACE_OUTER_BOUND ( 'NONE', #455, .T. ) ;
#44 = ADVANCED_FACE ( 'NONE', ( #74 ), #293, .F. ) ;
#45 = DIRECTION ( 'NONE',  ( 8.211708762020389874E-17, 0.000000000000000000, 1.000000000000000000 ) ) ;
#46 = ORIENTED_EDGE ( 'NONE', *, *, #1707, .T. ) ;
#47 = CARTESIAN_POINT ( 'NONE',  ( 29.99999999999999289, -3.000000000000000000, 9.999999999999994671 ) ) ;
#48 = FACE_OUTER_BOUND ( 'NONE', #1170, .T. ) ;
#49 = DIRECTION ( 'NONE',  ( -0.000000000000000000, 1.000000000000000000, -0.000000000000000000 ) ) ;
#50 = CIRCLE ( 'NONE', #1169, 11.00000000000000000 ) ;
#51 = VECTOR ( 'NONE', #966, 1000.000000000000000 ) ;
#52 = CARTESIAN_POINT ( 'NONE',  ( -30.00000000000001066, 8.000000000000000000, -29.99999999999999645 ) ) ;
#53 = ADVANCED_FACE ( 'NONE', ( #788 ), #2193, .T. ) ;
#54 = CIRCLE ( 'NONE', #2038, 2.000000000000001776 ) ;
#55 = ORIENTED_EDGE ( 'NONE', *, *, #952, .T. ) ;
#56 = VECTOR ( 'NONE', #1416, 1000.000000000000000 ) ;
#57 = CARTESIAN_POINT ( 'NONE',  ( 0.000000000000000000, 2.200000000000000178, 0.000000000000000000 ) ) ;
#58 = AXIS2_PLACEMENT_3D ( 'NONE', #2104, #748, #1939 ) ;
#59 = CARTESIAN_POINT ( 'NONE',  ( 29.99999999999999289, 8.000000000000000000, -30.00000000000000000 ) ) ;
#60 = VERTEX_POINT ( 'NONE', #2154 ) ;
#61 = DIRECTION ( 'NONE',  ( 0.000000000000000000, 0.000000000000000000, -1.000000000000000000 ) ) ;
#62 = CARTESIAN_POINT ( 'NONE',  ( 15.99999999999999289, -28.49999999999997158, -25.99999999999991118 ) ) ;
#63 = FACE_OUTER_BOUND ( 'NONE', #1612, .T. ) ;
#64 = CARTESIAN_POINT ( 'NONE',  ( -21.12499999999999289, -34.00000000000000000, 21.12499999999998934 ) ) ;
#65 = ADVANCED_FACE ( 'NONE', ( #1290 ), #639, .F. ) ;
#66 = VERTEX_POINT ( 'NONE', #1098 ) ;
#67 = DIRECTION ( 'NONE',  ( 0.000000000000000000, 1.000000000000000000, 0.000000000000000000 ) ) ;
#68 = FACE_BOUND ( 'NONE', #869, .T. ) ;
#69 = VERTEX_POINT ( 'NONE', #759 ) ;
#70 = DIRECTION ( 'NONE',  ( -1.000000000000000000, -0.000000000000000000, 5.782411586589358625E-17 ) ) ;
#71 = DIRECTION ( 'NONE',  ( -1.000000000000000000, 0.000000000000000000, 0.000000000000000000 ) ) ;
#72 = CARTESIAN_POINT ( 'NONE',  ( -30.00000000000004619, -11.00000000000000178, 9.999999999999994671 ) ) ;
#73 = DIRECTION ( 'NONE',  ( 0.000000000000000000, 1.000000000000000000, 0.000000000000000000 ) ) ;
#74 = FACE_OUTER_BOUND ( 'NONE', #2077, .T. ) ;
#75 = ORIENTED_EDGE ( 'NONE', *, *, #302, .F. ) ;
#76 = DIRECTION ( 'NONE',  ( 0.000000000000000000, 0.000000000000000000, 1.000000000000000000 ) ) ;
#77 = EDGE_CURVE ( 'NONE', #1389, #153, #1449, .T. ) ;
#78 = ORIENTED_EDGE ( 'NONE', *, *, #632, .F. ) ;
#79 = DIRECTION ( 'NONE',  ( 0.000000000000000000, 0.000000000000000000, -1.000000000000000000 ) ) ;
#80 = ORIENTED_EDGE ( 'NONE', *, *, #724, .F. ) ;
#81 =( NAMED_UNIT ( * ) SI_UNIT ( $, .STERADIAN. ) SOLID_ANGLE_UNIT ( ) );
#82 = EDGE_CURVE ( 'NONE', #69, #333, #2139, .T. ) ;
#83 = LINE ( 'NONE', #1436, #1859 ) ;
#84 = CYLINDRICAL_SURFACE ( 'NONE', #24, 1.500000000000001332 ) ;
#85 = CARTESIAN_POINT ( 'NONE',  ( 0.000000000000000000, 8.000000000000000000, 0.000000000000000000 ) ) ;
#86 = EDGE_CURVE ( 'NONE', #2213, #749, #1165, .T. ) ;
#87 = CARTESIAN_POINT ( 'NONE',  ( 29.99999999999999289, 8.000000000000000000, -30.00000000000000000 ) ) ;
#88 = AXIS2_PLACEMENT_3D ( 'NONE', #1231, #1736, #888 ) ;
#89 = ORIENTED_EDGE ( 'NONE', *, *, #2207, .T. ) ;
#90 = CARTESIAN_POINT ( 'NONE',  ( -30.00000000000004619, -14.99999999999999645, -18.00000000000000355 ) ) ;
#91 = VECTOR ( 'NONE', #349, 1000.000000000000000 ) ;
#92 = VECTOR ( 'NONE', #747, 1000.000000000000000 ) ;
#93 = ORIENTED_EDGE ( 'NONE', *, *, #972, .F. ) ;
#94 = DIRECTION ( 'NONE',  ( -8.211708762020387409E-17, 0.000000000000000000, -1.000000000000000000 ) ) ;
#95 = VECTOR ( 'NONE', #1186, 1000.000000000000000 ) ;
#96 = AXIS2_PLACEMENT_3D ( 'NONE', #456, #1151, #1480 ) ;
#97 = ORIENTED_EDGE ( 'NONE', *, *, #677, .F. ) ;
#98 = CARTESIAN_POINT ( 'NONE',  ( 0.000000000000000000, 0.000000000000000000, 0.000000000000000000 ) ) ;
#99 = AXIS2_PLACEMENT_3D ( 'NONE', #1670, #147, #2195 ) ;
#100 = ADVANCED_FACE ( 'NONE', ( #1337, #1693 ), #855, .T. ) ;
#101 = CARTESIAN_POINT ( 'NONE',  ( -15.50000000000000355, 0.000000000000000000, -13.99999999999999822 ) ) ;
#102 = DIRECTION ( 'NONE',  ( 1.000000000000000000, 0.000000000000000000, 0.000000000000000000 ) ) ;
#103 = LINE ( 'NONE', #2009, #128 ) ;
#104 = DIRECTION ( 'NONE',  ( 0.000000000000000000, -0.000000000000000000, 1.000000000000000000 ) ) ;
#105 = VERTEX_POINT ( 'NONE', #1033 ) ;
#106 = CARTESIAN_POINT ( 'NONE',  ( -30.00000000000004619, -2.999999999999997335, -18.00000000000000355 ) ) ;
#107 = ORIENTED_EDGE ( 'NONE', *, *, #482, .F. ) ;
#108 = FACE_OUTER_BOUND ( 'NONE', #1770, .T. ) ;
#109 = ORIENTED_EDGE ( 'NONE', *, *, #1955, .T. ) ;
#110 = DIRECTION ( 'NONE',  ( 1.000000000000000000, -0.000000000000000000, -0.000000000000000000 ) ) ;
#111 = ADVANCED_FACE ( 'NONE', ( #145 ), #1726, .F. ) ;
#112 = CARTESIAN_POINT ( 'NONE',  ( 15.99999999999999289, -28.49999999999997158, -25.99999999999991118 ) ) ;
#113 = DIRECTION ( 'NONE',  ( 0.000000000000000000, -1.000000000000000000, 0.000000000000000000 ) ) ;
#114 = EDGE_CURVE ( 'NONE', #2080, #184, #844, .T. ) ;
#115 = ORIENTED_EDGE ( 'NONE', *, *, #437, .T. ) ;
#116 = DIRECTION ( 'NONE',  ( 0.000000000000000000, 1.000000000000000000, 0.000000000000000000 ) ) ;
#117 = ORIENTED_EDGE ( 'NONE', *, *, #1834, .T. ) ;
#118 = CARTESIAN_POINT ( 'NONE',  ( 21.12500000000000355, 0.000000000000000000, -21.12500000000000711 ) ) ;
#119 = EDGE_LOOP ( 'NONE', ( #981, #2046 ) ) ;
#120 = VERTEX_POINT ( 'NONE', #2211 ) ;
#121 = FACE_BOUND ( 'NONE', #823, .T. ) ;
#122 = ADVANCED_FACE ( 'NONE', ( #1200 ), #316, .T. ) ;
#123 = LINE ( 'NONE', #295, #553 ) ;
#124 = AXIS2_PLACEMENT_3D ( 'NONE', #693, #829, #473 ) ;
#125 = ORIENTED_EDGE ( 'NONE', *, *, #258, .T. ) ;
#126 = DIRECTION ( 'NONE',  ( 0.000000000000000000, 0.000000000000000000, 1.000000000000000000 ) ) ;
#127 = ORIENTED_EDGE ( 'NONE', *, *, #388, .F. ) ;
#128 = VECTOR ( 'NONE', #951, 1000.000000000000000 ) ;
#129 = LINE ( 'NONE', #2160, #1199 ) ;
#130 = VECTOR ( 'NONE', #2199, 1000.000000000000000 ) ;
#131 = AXIS2_PLACEMENT_3D ( 'NONE', #1371, #1533, #1215 ) ;
#132 = MANIFOLD_SOLID_BREP ( 'Cut-Extrude8', #806 ) ;
#133 = AXIS2_PLACEMENT_3D ( 'NONE', #2116, #1761, #1801 ) ;
#134 = CARTESIAN_POINT ( 'NONE',  ( 0.000000000000000000, 8.000000000000000000, 4.999999999999999112 ) ) ;
#135 = ORIENTED_EDGE ( 'NONE', *, *, #1459, .F. ) ;
#136 = DIRECTION ( 'NONE',  ( 1.000000000000000000, 0.000000000000000000, -0.000000000000000000 ) ) ;
#137 = ORIENTED_EDGE ( 'NONE', *, *, #1889, .T. ) ;
#138 = DIRECTION ( 'NONE',  ( -1.000000000000000000, 0.000000000000000000, 0.000000000000000000 ) ) ;
#139 = ORIENTED_EDGE ( 'NONE', *, *, #2059, .F. ) ;
#140 = EDGE_CURVE ( 'NONE', #1977, #333, #1872, .T. ) ;
#141 = ORIENTED_EDGE ( 'NONE', *, *, #193, .F. ) ;
#142 = FACE_OUTER_BOUND ( 'NONE', #296, .T. ) ;
#143 = ORIENTED_EDGE ( 'NONE', *, *, #216, .T. ) ;
#144 = DIRECTION ( 'NONE',  ( 0.000000000000000000, 0.000000000000000000, 1.000000000000000000 ) ) ;
#145 = FACE_OUTER_BOUND ( 'NONE', #1247, .T. ) ;
#146 = ORIENTED_EDGE ( 'NONE', *, *, #632, .T. ) ;
#147 = DIRECTION ( 'NONE',  ( -0.000000000000000000, -1.000000000000000000, -0.000000000000000000 ) ) ;
#148 = ORIENTED_EDGE ( 'NONE', *, *, #2198, .T. ) ;
#149 = ORIENTED_EDGE ( 'NONE', *, *, #1955, .F. ) ;
#150 = ADVANCED_FACE ( 'NONE', ( #1370 ), #1702, .F. ) ;
#151 = ADVANCED_FACE ( 'NONE', ( #155 ), #2202, .F. ) ;
#152 = CARTESIAN_POINT ( 'NONE',  ( 0.000000000000000000, -34.00000000000000000, 0.000000000000000000 ) ) ;
#153 = VERTEX_POINT ( 'NONE', #14 ) ;
#154 = DIRECTION ( 'NONE',  ( -1.000000000000000000, 0.000000000000000000, 0.000000000000000000 ) ) ;
#155 = FACE_OUTER_BOUND ( 'NONE', #1119, .T. ) ;
#156 = EDGE_LOOP ( 'NONE', ( #75, #675 ) ) ;
#157 = DIRECTION ( 'NONE',  ( 0.000000000000000000, 0.000000000000000000, 1.000000000000000000 ) ) ;
#158 = EDGE_LOOP ( 'NONE', ( #1194, #1844 ) ) ;
#159 = EDGE_LOOP ( 'NONE', ( #1624, #678, #1688, #655, #1848, #364 ) ) ;
#160 = STYLED_ITEM ( 'NONE', ( #803 ), #1689 ) ;
#161 = VECTOR ( 'NONE', #136, 1000.000000000000000 ) ;
#162 = DIRECTION ( 'NONE',  ( 0.000000000000000000, 0.000000000000000000, -1.000000000000000000 ) ) ;
#163 = CIRCLE ( 'NONE', #555, 1.999999999999998224 ) ;
#164 = AXIS2_PLACEMENT_3D ( 'NONE', #1123, #1268, #1952 ) ;
#165 = EDGE_LOOP ( 'NONE', ( #1831, #1913, #125, #1295 ) ) ;
#166 = EDGE_CURVE ( 'NONE', #2183, #533, #231, .T. ) ;
#167 = CIRCLE ( 'NONE', #96, 2.999999999999999112 ) ;
#168 = CARTESIAN_POINT ( 'NONE',  ( -30.00000000000000711, 8.000000000000000000, 30.00000000000000711 ) ) ;
#169 =( NAMED_UNIT ( * ) PLANE_ANGLE_UNIT ( ) SI_UNIT ( $, .RADIAN. ) );
#170 = DIRECTION ( 'NONE',  ( -1.000000000000000000, 0.000000000000000000, 0.000000000000000000 ) ) ;
#171 = EDGE_LOOP ( 'NONE', ( #2118, #1900, #1135, #474, #222, #1332, #1269, #1432 ) ) ;
#172 = LINE ( 'NONE', #204, #668 ) ;
#173 = VERTEX_POINT ( 'NONE', #1189 ) ;
#174 = ORIENTED_EDGE ( 'NONE', *, *, #1667, .F. ) ;
#175 = DIRECTION ( 'NONE',  ( 0.000000000000000000, 0.000000000000000000, 1.000000000000000000 ) ) ;
#176 = DIRECTION ( 'NONE',  ( 8.211708762020388642E-17, -0.000000000000000000, 1.000000000000000000 ) ) ;
#177 = LINE ( 'NONE', #1893, #2105 ) ;
#178 = EDGE_CURVE ( 'NONE', #66, #432, #1882, .T. ) ;
#179 = PRESENTATION_STYLE_ASSIGNMENT (( #518 ) ) ;
#180 = CARTESIAN_POINT ( 'NONE',  ( -8.500000000000007105, -24.00000000000000000, 29.99999999999999289 ) ) ;
#181 = ORIENTED_EDGE ( 'NONE', *, *, #1048, .T. ) ;
#182 = CARTESIAN_POINT ( 'NONE',  ( 29.99999999999999289, -11.00000000000000178, 17.99999999999999645 ) ) ;
#183 = ADVANCED_FACE ( 'NONE', ( #43 ), #361, .F. ) ;
#184 = VERTEX_POINT ( 'NONE', #1044 ) ;
#185 = ORIENTED_EDGE ( 'NONE', *, *, #1606, .T. ) ;
#186 = DIRECTION ( 'NONE',  ( 1.000000000000000000, 0.000000000000000000, -0.000000000000000000 ) ) ;
#187 = EDGE_CURVE ( 'NONE', #1703, #2177, #201, .T. ) ;
#188 = DIRECTION ( 'NONE',  ( -1.000000000000000000, -0.000000000000000000, -0.000000000000000000 ) ) ;
#189 = CYLINDRICAL_SURFACE ( 'NONE', #590, 2.000000000000005329 ) ;
#190 = LINE ( 'NONE', #1404, #1344 ) ;
#191 = ORIENTED_EDGE ( 'NONE', *, *, #1138, .F. ) ;
#192 = CYLINDRICAL_SURFACE ( 'NONE', #2226, 1.499999999999999556 ) ;
#193 = EDGE_CURVE ( 'NONE', #1452, #1037, #768, .T. ) ;
#194 = ORIENTED_EDGE ( 'NONE', *, *, #736, .T. ) ;
#195 = CARTESIAN_POINT ( 'NONE',  ( -30.00000000000004619, -11.00000000000000178, 17.99999999999999645 ) ) ;
#196 = PLANE ( 'NONE',  #551 ) ;
#197 = COLOUR_RGB ( '',0.2509803921568627416, 0.2509803921568627416, 0.2509803921568627416 ) ;
#198 = VECTOR ( 'NONE', #1007, 1000.000000000000000 ) ;
#199 = AXIS2_PLACEMENT_3D ( 'NONE', #873, #895, #26 ) ;
#200 = PLANE ( 'NONE',  #1417 ) ;
#201 = LINE ( 'NONE', #1564, #486 ) ;
#202 = VECTOR ( 'NONE', #2161, 1000.000000000000000 ) ;
#203 = AXIS2_PLACEMENT_3D ( 'NONE', #2140, #1610, #740 ) ;
#204 = CARTESIAN_POINT ( 'NONE',  ( 29.99999999999999289, 8.000000000000000000, 24.99999999999998934 ) ) ;
#205 = AXIS2_PLACEMENT_3D ( 'NONE', #500, #1171, #1182 ) ;
#206 = ORIENTED_EDGE ( 'NONE', *, *, #745, .F. ) ;
#207 = EDGE_CURVE ( 'NONE', #1443, #1541, #1927, .T. ) ;
#208 = CARTESIAN_POINT ( 'NONE',  ( 15.99999999999999289, -28.49999999999997158, -23.99999999999991118 ) ) ;
#209 = DIRECTION ( 'NONE',  ( 0.000000000000000000, 0.000000000000000000, 1.000000000000000000 ) ) ;
#210 = FACE_OUTER_BOUND ( 'NONE', #345, .T. ) ;
#211 = CARTESIAN_POINT ( 'NONE',  ( 15.49999999999999645, 11.20000000000000107, -15.49999999999999822 ) ) ;
#212 = ORIENTED_EDGE ( 'NONE', *, *, #371, .T. ) ;
#213 = VERTEX_POINT ( 'NONE', #1768 ) ;
#214 = EDGE_CURVE ( 'NONE', #1910, #2097, #190, .T. ) ;
#215 = CARTESIAN_POINT ( 'NONE',  ( 15.49999999999999645, 0.000000000000000000, -16.99999999999999645 ) ) ;
#216 = EDGE_CURVE ( 'NONE', #120, #173, #547, .T. ) ;
#217 = CARTESIAN_POINT ( 'NONE',  ( 24.99999999999998579, -34.00000000000000000, 29.99999999999999289 ) ) ;
#218 = CARTESIAN_POINT ( 'NONE',  ( 29.99999999999999289, -28.49999999999997158, -27.99999999999991473 ) ) ;
#219 = PLANE ( 'NONE',  #1826 ) ;
#220 = EDGE_LOOP ( 'NONE', ( #287, #2157, #2209, #1174 ) ) ;
#221 = CARTESIAN_POINT ( 'NONE',  ( -15.50000000000000178, 5.000000000000000000, 15.50000000000000355 ) ) ;
#222 = ORIENTED_EDGE ( 'NONE', *, *, #1987, .F. ) ;
#223 = DIRECTION ( 'NONE',  ( 0.000000000000000000, 0.000000000000000000, -1.000000000000000000 ) ) ;
#224 = VERTEX_POINT ( 'NONE', #381 ) ;
#225 = DIRECTION ( 'NONE',  ( -1.000000000000000000, 0.000000000000000000, 2.312964634635743450E-16 ) ) ;
#226 = DIRECTION ( 'NONE',  ( -0.000000000000000000, -0.000000000000000000, 1.000000000000000000 ) ) ;
#227 = AXIS2_PLACEMENT_3D ( 'NONE', #1476, #615, #775 ) ;
#228 = EDGE_CURVE ( 'NONE', #1311, #60, #1411, .T. ) ;
#229 = CARTESIAN_POINT ( 'NONE',  ( -30.00000000000001066, -28.49999999999999645, -25.99999999999992895 ) ) ;
#230 = CIRCLE ( 'NONE', #525, 8.000000000000000000 ) ;
#231 = CIRCLE ( 'NONE', #266, 1.500000000000001332 ) ;
#232 = DIRECTION ( 'NONE',  ( -0.000000000000000000, 1.000000000000000000, -0.000000000000000000 ) ) ;
#233 = AXIS2_PLACEMENT_3D ( 'NONE', #756, #1230, #42 ) ;
#234 = CIRCLE ( 'NONE', #270, 8.000000000000000000 ) ;
#235 = EDGE_LOOP ( 'NONE', ( #652, #2107, #1046, #598 ) ) ;
#236 = VECTOR ( 'NONE', #1361, 1000.000000000000000 ) ;
#237 = CARTESIAN_POINT ( 'NONE',  ( -21.12499999999999289, -24.00000000000000000, 21.12499999999998934 ) ) ;
#238 = CARTESIAN_POINT ( 'NONE',  ( 21.12500000000001066, -14.99999999999999645, 9.999999999999994671 ) ) ;
#239 = ORIENTED_EDGE ( 'NONE', *, *, #854, .F. ) ;
#240 = CARTESIAN_POINT ( 'NONE',  ( 21.12500000000000711, -34.00000000000000000, 17.99999999999999645 ) ) ;
#241 = DIRECTION ( 'NONE',  ( -1.000000000000000000, -0.000000000000000000, 5.782411586589358625E-17 ) ) ;
#242 = DIRECTION ( 'NONE',  ( -0.000000000000000000, -1.000000000000000000, -0.000000000000000000 ) ) ;
#243 = ADVANCED_FACE ( 'NONE', ( #1746 ), #400, .F. ) ;
#244 = PLANE ( 'NONE',  #1029 ) ;
#245 = CARTESIAN_POINT ( 'NONE',  ( -30.00000000000000711, 8.000000000000000000, 25.00000000000000355 ) ) ;
#246 = VERTEX_POINT ( 'NONE', #532 ) ;
#247 = ADVANCED_FACE ( 'NONE', ( #1064, #1916, #1760, #210 ), #558, .F. ) ;
#248 = CARTESIAN_POINT ( 'NONE',  ( 0.000000000000000000, 0.000000000000000000, 0.000000000000000000 ) ) ;
#249 = CARTESIAN_POINT ( 'NONE',  ( 21.12500000000000355, -14.99999999999999645, 17.99999999999999645 ) ) ;
#250 = ORIENTED_EDGE ( 'NONE', *, *, #275, .F. ) ;
#251 = SURFACE_STYLE_FILL_AREA ( #982 ) ;
#252 = CARTESIAN_POINT ( 'NONE',  ( -16.00000000000000711, 2.499999999999988898, -27.99999999999992539 ) ) ;
#253 = FACE_OUTER_BOUND ( 'NONE', #1302, .T. ) ;
#254 = FACE_OUTER_BOUND ( 'NONE', #165, .T. ) ;
#255 = ORIENTED_EDGE ( 'NONE', *, *, #713, .F. ) ;
#256 = DIRECTION ( 'NONE',  ( 0.000000000000000000, -1.000000000000000000, 0.000000000000000000 ) ) ;
#257 = VERTEX_POINT ( 'NONE', #1224 ) ;
#258 = EDGE_CURVE ( 'NONE', #1142, #2097, #1781, .T. ) ;
#259 = DIRECTION ( 'NONE',  ( -0.000000000000000000, -1.000000000000000000, -0.000000000000000000 ) ) ;
#260 = EDGE_LOOP ( 'NONE', ( #274, #1673, #1812, #1991 ) ) ;
#261 = CARTESIAN_POINT ( 'NONE',  ( -15.50000000000000178, 8.000000000000000000, 15.50000000000000355 ) ) ;
#262 = DIRECTION ( 'NONE',  ( 0.000000000000000000, 0.000000000000000000, -1.000000000000000000 ) ) ;
#263 = VECTOR ( 'NONE', #422, 1000.000000000000000 ) ;
#264 = FACE_OUTER_BOUND ( 'NONE', #1009, .T. ) ;
#265 = VECTOR ( 'NONE', #1748, 1000.000000000000000 ) ;
#266 = AXIS2_PLACEMENT_3D ( 'NONE', #649, #2053, #506 ) ;
#267 = EDGE_LOOP ( 'NONE', ( #800, #754 ) ) ;
#268 = CARTESIAN_POINT ( 'NONE',  ( 0.000000000000000000, 2.200000000000000178, -11.00000000000000000 ) ) ;
#269 = AXIS2_PLACEMENT_3D ( 'NONE', #1604, #241, #2124 ) ;
#270 = AXIS2_PLACEMENT_3D ( 'NONE', #238, #1086, #1419 ) ;
#271 = VERTEX_POINT ( 'NONE', #1583 ) ;
#272 = DIRECTION ( 'NONE',  ( 0.000000000000000000, 0.000000000000000000, 1.000000000000000000 ) ) ;
#273 = CIRCLE ( 'NONE', #774, 1.500000000000001332 ) ;
#274 = ORIENTED_EDGE ( 'NONE', *, *, #1259, .F. ) ;
#275 = EDGE_CURVE ( 'NONE', #2122, #1227, #1496, .T. ) ;
#276 =( LENGTH_UNIT ( ) NAMED_UNIT ( * ) SI_UNIT ( .MILLI., .METRE. ) );
#277 = VECTOR ( 'NONE', #1065, 1000.000000000000000 ) ;
#278 = EDGE_CURVE ( 'NONE', #1578, #2080, #1244, .T. ) ;
#279 = CARTESIAN_POINT ( 'NONE',  ( -30.00000000000001066, 2.499999999999988454, -23.99999999999992895 ) ) ;
#280 = DIRECTION ( 'NONE',  ( -0.000000000000000000, -1.000000000000000000, -0.000000000000000000 ) ) ;
#281 = CARTESIAN_POINT ( 'NONE',  ( 8.499999999999996447, -34.00000000000000000, 21.12499999999999289 ) ) ;
#282 = DIRECTION ( 'NONE',  ( 1.000000000000000000, 0.000000000000000000, -0.000000000000000000 ) ) ;
#283 = VERTEX_POINT ( 'NONE', #218 ) ;
#284 = CARTESIAN_POINT ( 'NONE',  ( -30.00000000000004619, -22.99999999999999645, -18.00000000000000355 ) ) ;
#285 = VERTEX_POINT ( 'NONE', #903 ) ;
#286 = DIRECTION ( 'NONE',  ( -1.000000000000000000, 0.000000000000000000, 0.000000000000000000 ) ) ;
#287 = ORIENTED_EDGE ( 'NONE', *, *, #1105, .F. ) ;
#288 = LINE ( 'NONE', #1162, #704 ) ;
#289 = ORIENTED_EDGE ( 'NONE', *, *, #2014, .T. ) ;
#290 = DIRECTION ( 'NONE',  ( -1.000000000000000000, 0.000000000000000000, 5.782411586589358625E-17 ) ) ;
#291 = ADVANCED_FACE ( 'NONE', ( #708 ), #1395, .T. ) ;
#292 = CARTESIAN_POINT ( 'NONE',  ( -16.00000000000000711, 2.499999999999988898, -27.99999999999992539 ) ) ;
#293 = PLANE ( 'NONE',  #628 ) ;
#294 = ORIENTED_EDGE ( 'NONE', *, *, #166, .T. ) ;
#295 = CARTESIAN_POINT ( 'NONE',  ( 21.12500000000000355, -34.00000000000000000, -21.12500000000000711 ) ) ;
#296 = EDGE_LOOP ( 'NONE', ( #1522, #1056 ) ) ;
#297 = DIRECTION ( 'NONE',  ( -0.000000000000000000, -1.000000000000000000, -0.000000000000000000 ) ) ;
#298 = ORIENTED_EDGE ( 'NONE', *, *, #2182, .F. ) ;
#299 = DIRECTION ( 'NONE',  ( 0.000000000000000000, 0.000000000000000000, -1.000000000000000000 ) ) ;
#300 = ORIENTED_EDGE ( 'NONE', *, *, #1851, .F. ) ;
#301 = CARTESIAN_POINT ( 'NONE',  ( 15.49999999999999645, 11.20000000000000107, -15.49999999999999822 ) ) ;
#302 = EDGE_CURVE ( 'NONE', #827, #897, #2142, .T. ) ;
#303 = DIRECTION ( 'NONE',  ( 0.000000000000000000, 1.000000000000000000, 0.000000000000000000 ) ) ;
#304 = AXIS2_PLACEMENT_3D ( 'NONE', #1177, #1524, #654 ) ;
#305 = DIRECTION ( 'NONE',  ( 0.000000000000000000, 0.000000000000000000, -1.000000000000000000 ) ) ;
#306 = EDGE_LOOP ( 'NONE', ( #212, #294 ) ) ;
#307 = EDGE_LOOP ( 'NONE', ( #10, #685, #1545, #791 ) ) ;
#308 = AXIS2_PLACEMENT_3D ( 'NONE', #796, #828, #1144 ) ;
#309 = AXIS2_PLACEMENT_3D ( 'NONE', #1888, #1028, #721 ) ;
#310 = VECTOR ( 'NONE', #1775, 1000.000000000000000 ) ;
#311 = VECTOR ( 'NONE', #1451, 1000.000000000000000 ) ;
#312 = VECTOR ( 'NONE', #1984, 1000.000000000000000 ) ;
#313 = CARTESIAN_POINT ( 'NONE',  ( 21.12500000000000355, -10.99999999999999645, -18.00000000000000000 ) ) ;
#314 = ORIENTED_EDGE ( 'NONE', *, *, #442, .F. ) ;
#315 = CARTESIAN_POINT ( 'NONE',  ( -30.00000000000001066, 2.499999999999988454, -25.99999999999992539 ) ) ;
#316 = PLANE ( 'NONE',  #1384 ) ;
#317 = ADVANCED_FACE ( 'NONE', ( #63 ), #1277, .F. ) ;
#318 = VERTEX_POINT ( 'NONE', #2135 ) ;
#319 = DIRECTION ( 'NONE',  ( 1.000000000000000000, 0.000000000000000000, 0.000000000000000000 ) ) ;
#320 = ORIENTED_EDGE ( 'NONE', *, *, #1921, .F. ) ;
#321 = EDGE_CURVE ( 'NONE', #487, #1815, #927, .T. ) ;
#322 = ORIENTED_EDGE ( 'NONE', *, *, #1055, .T. ) ;
#323 = DIRECTION ( 'NONE',  ( 1.000000000000000000, 0.000000000000000000, 0.000000000000000000 ) ) ;
#324 = EDGE_LOOP ( 'NONE', ( #833, #697, #1181, #1951 ) ) ;
#325 = DIRECTION ( 'NONE',  ( 0.000000000000000000, 0.000000000000000000, 1.000000000000000000 ) ) ;
#326 = DIRECTION ( 'NONE',  ( -1.000000000000000000, 0.000000000000000000, -8.211708762020389874E-17 ) ) ;
#327 = ORIENTED_EDGE ( 'NONE', *, *, #527, .T. ) ;
#328 = DIRECTION ( 'NONE',  ( 0.000000000000000000, -0.000000000000000000, -1.000000000000000000 ) ) ;
#329 = ORIENTED_EDGE ( 'NONE', *, *, #887, .T. ) ;
#330 = ORIENTED_EDGE ( 'NONE', *, *, #815, .T. ) ;
#331 = ADVANCED_FACE ( 'NONE', ( #1810 ), #2173, .F. ) ;
#332 = DIRECTION ( 'NONE',  ( 0.000000000000000000, 0.000000000000000000, 1.000000000000000000 ) ) ;
#333 = VERTEX_POINT ( 'NONE', #1262 ) ;
#334 = CARTESIAN_POINT ( 'NONE',  ( 29.99999999999999289, -34.00000000000000000, 24.99999999999999289 ) ) ;
#335 = FILL_AREA_STYLE ('',( #1157 ) ) ;
#336 = FACE_OUTER_BOUND ( 'NONE', #1205, .T. ) ;
#337 = EDGE_LOOP ( 'NONE', ( #802, #1191, #1374, #1206 ) ) ;
#338 = CARTESIAN_POINT ( 'NONE',  ( 15.49999999999999645, 0.000000000000000000, -13.99999999999999645 ) ) ;
#339 = EDGE_LOOP ( 'NONE', ( #1537, #117, #1855, #1806 ) ) ;
#340 = VERTEX_POINT ( 'NONE', #424 ) ;
#341 = DIRECTION ( 'NONE',  ( 1.000000000000000000, -0.000000000000000000, -0.000000000000000000 ) ) ;
#342 = EDGE_CURVE ( 'NONE', #1085, #2080, #1473, .T. ) ;
#343 = FACE_OUTER_BOUND ( 'NONE', #958, .T. ) ;
#344 = AXIS2_PLACEMENT_3D ( 'NONE', #72, #1287, #603 ) ;
#345 = EDGE_LOOP ( 'NONE', ( #2229, #9, #536, #428 ) ) ;
#346 = CARTESIAN_POINT ( 'NONE',  ( 29.99999999999999289, -10.99999999999999822, -18.00000000000000355 ) ) ;
#347 = ADVANCED_FACE ( 'NONE', ( #1104 ), #1800, .F. ) ;
#348 = CIRCLE ( 'NONE', #1602, 8.000000000000000000 ) ;
#349 = DIRECTION ( 'NONE',  ( 5.782411586589357392E-17, -0.000000000000000000, 1.000000000000000000 ) ) ;
#350 = VECTOR ( 'NONE', #363, 1000.000000000000000 ) ;
#351 = CARTESIAN_POINT ( 'NONE',  ( 15.49999999999999645, 8.000000000000000000, -15.49999999999999822 ) ) ;
#352 = DIRECTION ( 'NONE',  ( 1.000000000000000000, 0.000000000000000000, -0.000000000000000000 ) ) ;
#353 = ORIENTED_EDGE ( 'NONE', *, *, #579, .F. ) ;
#354 = CARTESIAN_POINT ( 'NONE',  ( -15.50000000000000178, 11.20000000000000107, 15.50000000000000355 ) ) ;
#355 = ORIENTED_EDGE ( 'NONE', *, *, #1526, .F. ) ;
#356 = EDGE_LOOP ( 'NONE', ( #416, #906 ) ) ;
#357 = DIRECTION ( 'NONE',  ( 0.000000000000000000, 0.000000000000000000, -1.000000000000000000 ) ) ;
#358 = ORIENTED_EDGE ( 'NONE', *, *, #140, .T. ) ;
#359 = CARTESIAN_POINT ( 'NONE',  ( 21.12500000000000711, -34.00000000000000000, 21.12499999999999289 ) ) ;
#360 = ADVANCED_FACE ( 'NONE', ( #253 ), #84, .F. ) ;
#361 = CYLINDRICAL_SURFACE ( 'NONE', #1747, 8.000000000000000000 ) ;
#362 = VERTEX_POINT ( 'NONE', #2151 ) ;
#363 = DIRECTION ( 'NONE',  ( -1.953517427901809960E-16, 0.000000000000000000, 1.000000000000000000 ) ) ;
#364 = ORIENTED_EDGE ( 'NONE', *, *, #1803, .T. ) ;
#365 = EDGE_LOOP ( 'NONE', ( #1979, #1961, #1779, #1221, #1041, #620, #1101, #1415 ) ) ;
#366 = CARTESIAN_POINT ( 'NONE',  ( 21.12500000000000711, -34.00000000000000000, 21.12499999999999289 ) ) ;
#367 = ORIENTED_EDGE ( 'NONE', *, *, #1140, .F. ) ;
#368 = DIRECTION ( 'NONE',  ( 0.000000000000000000, 1.000000000000000000, 0.000000000000000000 ) ) ;
#369 = DIRECTION ( 'NONE',  ( 0.000000000000000000, 0.000000000000000000, 1.000000000000000000 ) ) ;
#370 = EDGE_LOOP ( 'NONE', ( #1255, #1678, #846, #1552 ) ) ;
#371 = EDGE_CURVE ( 'NONE', #533, #2183, #1387, .T. ) ;
#372 = DIRECTION ( 'NONE',  ( -1.000000000000000000, 0.000000000000000000, -0.000000000000000000 ) ) ;
#373 = ORIENTED_EDGE ( 'NONE', *, *, #892, .F. ) ;
#374 = CARTESIAN_POINT ( 'NONE',  ( 15.49999999999999645, 11.20000000000000107, -13.99999999999999822 ) ) ;
#375 = AXIS2_PLACEMENT_3D ( 'NONE', #1743, #1005, #1050 ) ;
#376 = FACE_OUTER_BOUND ( 'NONE', #220, .T. ) ;
#377 = VECTOR ( 'NONE', #49, 1000.000000000000000 ) ;
#378 = VECTOR ( 'NONE', #463, 1000.000000000000000 ) ;
#379 = AXIS2_PLACEMENT_3D ( 'NONE', #1447, #242, #1982 ) ;
#380 = DIRECTION ( 'NONE',  ( 1.953517427901809960E-16, -0.000000000000000000, -1.000000000000000000 ) ) ;
#381 = CARTESIAN_POINT ( 'NONE',  ( 21.12500000000000355, 0.000000000000000000, -21.12500000000000711 ) ) ;
#382 = AXIS2_PLACEMENT_3D ( 'NONE', #1015, #537, #528 ) ;
#383 = CIRCLE ( 'NONE', #1241, 8.000000000000000000 ) ;
#384 = CARTESIAN_POINT ( 'NONE',  ( 29.99999999999999289, -2.999999999999998224, -10.00000000000000178 ) ) ;
#385 = VECTOR ( 'NONE', #372, 1000.000000000000000 ) ;
#386 = ADVANCED_FACE ( 'NONE', ( #462 ), #795, .T. ) ;
#387 = ORIENTED_EDGE ( 'NONE', *, *, #851, .F. ) ;
#388 = EDGE_CURVE ( 'NONE', #1886, #153, #435, .T. ) ;
#389 = LINE ( 'NONE', #374, #1860 ) ;
#390 = FACE_OUTER_BOUND ( 'NONE', #171, .T. ) ;
#391 = DIRECTION ( 'NONE',  ( -1.000000000000000000, -0.000000000000000000, 0.000000000000000000 ) ) ;
#392 = CARTESIAN_POINT ( 'NONE',  ( -15.50000000000000178, 5.000000000000000000, 15.50000000000000355 ) ) ;
#393 = DIRECTION ( 'NONE',  ( 0.000000000000000000, 0.000000000000000000, 1.000000000000000000 ) ) ;
#394 = ORIENTED_EDGE ( 'NONE', *, *, #512, .F. ) ;
#395 = LINE ( 'NONE', #2110, #2005 ) ;
#396 = DIRECTION ( 'NONE',  ( 0.000000000000000000, 1.000000000000000000, 0.000000000000000000 ) ) ;
#397 = EDGE_CURVE ( 'NONE', #542, #105, #1896, .T. ) ;
#398 = DIRECTION ( 'NONE',  ( 1.000000000000000000, 0.000000000000000000, 0.000000000000000000 ) ) ;
#399 = DIRECTION ( 'NONE',  ( 0.000000000000000000, 0.000000000000000000, -1.000000000000000000 ) ) ;
#400 = CYLINDRICAL_SURFACE ( 'NONE', #1421, 3.000000000000002665 ) ;
#401 = CARTESIAN_POINT ( 'NONE',  ( 0.000000000000000000, 2.200000000000000178, -11.00000000000000000 ) ) ;
#402 = ORIENTED_EDGE ( 'NONE', *, *, #2191, .T. ) ;
#403 = CARTESIAN_POINT ( 'NONE',  ( 29.99999999999999289, -2.999999999999997335, -18.00000000000000355 ) ) ;
#404 = VERTEX_POINT ( 'NONE', #1837 ) ;
#405 = DIRECTION ( 'NONE',  ( -1.000000000000000000, -0.000000000000000000, -0.000000000000000000 ) ) ;
#406 = EDGE_LOOP ( 'NONE', ( #1218, #762, #320, #298 ) ) ;
#407 = CARTESIAN_POINT ( 'NONE',  ( -21.12499999999999645, -11.00000000000000178, 9.999999999999994671 ) ) ;
#408 = EDGE_CURVE ( 'NONE', #749, #1443, #963, .T. ) ;
#409 = DIRECTION ( 'NONE',  ( 1.000000000000000000, -0.000000000000000000, -0.000000000000000000 ) ) ;
#410 = DIRECTION ( 'NONE',  ( 0.000000000000000000, 0.000000000000000000, -1.000000000000000000 ) ) ;
#411 = EDGE_CURVE ( 'NONE', #897, #827, #413, .T. ) ;
#412 = AXIS2_PLACEMENT_3D ( 'NONE', #1881, #1563, #5 ) ;
#413 = CIRCLE ( 'NONE', #1677, 2.000000000000005329 ) ;
#414 = FACE_BOUND ( 'NONE', #365, .T. ) ;
#415 = AXIS2_PLACEMENT_3D ( 'NONE', #261, #1992, #962 ) ;
#416 = ORIENTED_EDGE ( 'NONE', *, *, #82, .F. ) ;
#417 = ORIENTED_EDGE ( 'NONE', *, *, #1636, .T. ) ;
#418 = AXIS2_PLACEMENT_3D ( 'NONE', #1036, #1729, #17 ) ;
#419 = CARTESIAN_POINT ( 'NONE',  ( 29.99999999999999289, -14.99999999999999645, -10.00000000000000178 ) ) ;
#420 = DIRECTION ( 'NONE',  ( 0.000000000000000000, 0.000000000000000000, 1.000000000000000000 ) ) ;
#421 = ORIENTED_EDGE ( 'NONE', *, *, #388, .T. ) ;
#422 = DIRECTION ( 'NONE',  ( -0.000000000000000000, -1.000000000000000000, -0.000000000000000000 ) ) ;
#423 = CARTESIAN_POINT ( 'NONE',  ( 8.499999999999994671, -34.00000000000000000, 21.11999999999999389 ) ) ;
#424 = CARTESIAN_POINT ( 'NONE',  ( 29.99999999999999289, -22.99999999999999645, -10.00000000000000178 ) ) ;
#425 = FACE_OUTER_BOUND ( 'NONE', #1649, .T. ) ;
#426 = EDGE_CURVE ( 'NONE', #1694, #2214, #54, .T. ) ;
#427 = LINE ( 'NONE', #605, #51 ) ;
#428 = ORIENTED_EDGE ( 'NONE', *, *, #7, .F. ) ;
#429 = PLANE ( 'NONE',  #705 ) ;
#430 = ORIENTED_EDGE ( 'NONE', *, *, #1865, .T. ) ;
#431 = PLANE ( 'NONE',  #1092 ) ;
#432 = VERTEX_POINT ( 'NONE', #1297 ) ;
#433 = FILL_AREA_STYLE_COLOUR ( '', #1307 ) ;
#434 = PLANE ( 'NONE',  #1025 ) ;
#435 = LINE ( 'NONE', #785, #1750 ) ;
#436 = CYLINDRICAL_SURFACE ( 'NONE', #133, 1.999999999999998224 ) ;
#437 = EDGE_CURVE ( 'NONE', #811, #679, #732, .T. ) ;
#438 = ORIENTED_EDGE ( 'NONE', *, *, #713, .T. ) ;
#439 = LINE ( 'NONE', #1120, #1788 ) ;
#440 = ORIENTED_EDGE ( 'NONE', *, *, #1375, .F. ) ;
#441 = CARTESIAN_POINT ( 'NONE',  ( 15.99999999999999289, 2.500000000000015987, -27.99999999999991118 ) ) ;
#442 = EDGE_CURVE ( 'NONE', #1450, #487, #1058, .T. ) ;
#443 = ORIENTED_EDGE ( 'NONE', *, *, #892, .T. ) ;
#444 = SURFACE_STYLE_USAGE ( .BOTH. , #1482 ) ;
#445 = DIRECTION ( 'NONE',  ( -1.000000000000000000, -0.000000000000000000, 8.211708762020387409E-17 ) ) ;
#446 = CARTESIAN_POINT ( 'NONE',  ( -30.00000000000000711, -34.00000000000000000, 30.00000000000000711 ) ) ;
#447 = CARTESIAN_POINT ( 'NONE',  ( -30.00000000000004619, -22.99999999999999645, -18.00000000000000355 ) ) ;
#448 = DIRECTION ( 'NONE',  ( 0.000000000000000000, 1.000000000000000000, 0.000000000000000000 ) ) ;
#449 = AXIS2_PLACEMENT_3D ( 'NONE', #1575, #692, #682 ) ;
#450 = PRESENTATION_LAYER_ASSIGNMENT (  '', '', ( #2217 ) ) ;
#451 = DIRECTION ( 'NONE',  ( 8.211708762020389874E-17, 0.000000000000000000, 1.000000000000000000 ) ) ;
#452 = VECTOR ( 'NONE', #391, 1000.000000000000000 ) ;
#453 = AXIS2_PLACEMENT_3D ( 'NONE', #2088, #1947, #1080 ) ;
#454 = EDGE_CURVE ( 'NONE', #502, #520, #974, .T. ) ;
#455 = EDGE_LOOP ( 'NONE', ( #141, #78, #2197, #631 ) ) ;
#456 = CARTESIAN_POINT ( 'NONE',  ( 15.49999999999999645, 8.000000000000000000, 15.50000000000000355 ) ) ;
#457 = ORIENTED_EDGE ( 'NONE', *, *, #2068, .T. ) ;
#458 = EDGE_CURVE ( 'NONE', #20, #1833, #702, .T. ) ;
#459 = CIRCLE ( 'NONE', #2148, 8.000000000000000000 ) ;
#460 = DIRECTION ( 'NONE',  ( 0.000000000000000000, 0.000000000000000000, 1.000000000000000000 ) ) ;
#461 = ORIENTED_EDGE ( 'NONE', *, *, #1847, .F. ) ;
#462 = FACE_OUTER_BOUND ( 'NONE', #1406, .T. ) ;
#463 = DIRECTION ( 'NONE',  ( -0.000000000000000000, 1.000000000000000000, -0.000000000000000000 ) ) ;
#464 = DIRECTION ( 'NONE',  ( 0.000000000000000000, 0.000000000000000000, 1.000000000000000000 ) ) ;
#465 = VERTEX_POINT ( 'NONE', #346 ) ;
#466 = DIRECTION ( 'NONE',  ( 0.000000000000000000, 0.000000000000000000, 1.000000000000000000 ) ) ;
#467 = ORIENTED_EDGE ( 'NONE', *, *, #1180, .T. ) ;
#468 = PRODUCT ( 'encoder-stand_motor-mount', 'encoder-stand_motor-mount', '', ( #1323 ) ) ;
#469 = EDGE_CURVE ( 'NONE', #2222, #1267, #1849, .T. ) ;
#470 = CARTESIAN_POINT ( 'NONE',  ( 15.49999999999999645, 0.000000000000000000, 15.50000000000000355 ) ) ;
#471 = VERTEX_POINT ( 'NONE', #1586 ) ;
#472 = CARTESIAN_POINT ( 'NONE',  ( 8.499999999999994671, -24.00000000000000000, 21.11999999999999389 ) ) ;
#473 = DIRECTION ( 'NONE',  ( 0.000000000000000000, 0.000000000000000000, 1.000000000000000000 ) ) ;
#474 = ORIENTED_EDGE ( 'NONE', *, *, #1289, .F. ) ;
#475 = CARTESIAN_POINT ( 'NONE',  ( 21.12500000000000355, -14.99999999999999645, -18.00000000000000000 ) ) ;
#476 = ORIENTED_EDGE ( 'NONE', *, *, #187, .T. ) ;
#477 = ORIENTED_EDGE ( 'NONE', *, *, #1514, .T. ) ;
#478 = PLANE ( 'NONE',  #1172 ) ;
#479 = EDGE_CURVE ( 'NONE', #1669, #105, #1911, .T. ) ;
#480 = ORIENTED_EDGE ( 'NONE', *, *, #1721, .T. ) ;
#481 = CARTESIAN_POINT ( 'NONE',  ( -30.00000000000001066, -34.00000000000000000, -29.99999999999999645 ) ) ;
#482 = EDGE_CURVE ( 'NONE', #318, #1142, #389, .T. ) ;
#483 = DIRECTION ( 'NONE',  ( 8.211708762020389874E-17, 0.000000000000000000, -1.000000000000000000 ) ) ;
#484 = ORIENTED_EDGE ( 'NONE', *, *, #408, .F. ) ;
#485 = DIRECTION ( 'NONE',  ( 0.000000000000000000, -0.000000000000000000, 1.000000000000000000 ) ) ;
#486 = VECTOR ( 'NONE', #1382, 1000.000000000000000 ) ;
#487 = VERTEX_POINT ( 'NONE', #1742 ) ;
#488 = EDGE_LOOP ( 'NONE', ( #1920, #239, #1193, #1322 ) ) ;
#489 = CIRCLE ( 'NONE', #808, 2.999999999999997335 ) ;
#490 = AXIS2_PLACEMENT_3D ( 'NONE', #757, #1463, #589 ) ;
#491 = AXIS2_PLACEMENT_3D ( 'NONE', #917, #545, #209 ) ;
#492 = AXIS2_PLACEMENT_3D ( 'NONE', #1772, #780, #223 ) ;
#493 = AXIS2_PLACEMENT_3D ( 'NONE', #1192, #875, #1740 ) ;
#494 = CYLINDRICAL_SURFACE ( 'NONE', #304, 2.999999999999999112 ) ;
#495 = EDGE_LOOP ( 'NONE', ( #387, #2085, #1517, #1700 ) ) ;
#496 = FACE_OUTER_BOUND ( 'NONE', #1197, .T. ) ;
#497 = SURFACE_SIDE_STYLE ('',( #673 ) ) ;
#498 = ORIENTED_EDGE ( 'NONE', *, *, #990, .T. ) ;
#499 = EDGE_CURVE ( 'NONE', #1037, #404, #1068, .T. ) ;
#500 = CARTESIAN_POINT ( 'NONE',  ( 15.49999999999999645, 0.000000000000000000, -15.49999999999999822 ) ) ;
#501 = ORIENTED_EDGE ( 'NONE', *, *, #961, .F. ) ;
#502 = VERTEX_POINT ( 'NONE', #1732 ) ;
#503 = PLANE ( 'NONE',  #2145 ) ;
#504 = ORIENTED_EDGE ( 'NONE', *, *, #736, .F. ) ;
#505 = DIRECTION ( 'NONE',  ( 0.000000000000000000, -0.000000000000000000, -1.000000000000000000 ) ) ;
#506 = DIRECTION ( 'NONE',  ( 0.000000000000000000, 0.000000000000000000, 1.000000000000000000 ) ) ;
#507 = CYLINDRICAL_SURFACE ( 'NONE', #1173, 11.00000000000000000 ) ;
#508 = CARTESIAN_POINT ( 'NONE',  ( -15.50000000000000178, 0.000000000000000000, 14.00000000000000355 ) ) ;
#509 = EDGE_LOOP ( 'NONE', ( #2205, #727, #1178, #1793 ) ) ;
#510 = EDGE_CURVE ( 'NONE', #173, #2194, #1637, .T. ) ;
#511 = EDGE_LOOP ( 'NONE', ( #1110, #1877, #1004, #842 ) ) ;
#512 = EDGE_CURVE ( 'NONE', #283, #1074, #1930, .T. ) ;
#513 = DIRECTION ( 'NONE',  ( 0.000000000000000000, 0.000000000000000000, 1.000000000000000000 ) ) ;
#514 = PLANE ( 'NONE',  #1674 ) ;
#515 = EDGE_LOOP ( 'NONE', ( #300, #1293 ) ) ;
#516 = DIRECTION ( 'NONE',  ( 0.000000000000000000, 1.000000000000000000, 0.000000000000000000 ) ) ;
#517 = CARTESIAN_POINT ( 'NONE',  ( -25.00000000000000000, 8.000000000000000000, 30.00000000000000711 ) ) ;
#518 = SURFACE_STYLE_USAGE ( .BOTH. , #497 ) ;
#519 = DIRECTION ( 'NONE',  ( -0.000000000000000000, 1.000000000000000000, -0.000000000000000000 ) ) ;
#520 = VERTEX_POINT ( 'NONE', #543 ) ;
#521 = LINE ( 'NONE', #2078, #1682 ) ;
#522 = VERTEX_POINT ( 'NONE', #195 ) ;
#523 = CIRCLE ( 'NONE', #624, 1.500000000000001332 ) ;
#524 = ORIENTED_EDGE ( 'NONE', *, *, #1698, .T. ) ;
#525 = AXIS2_PLACEMENT_3D ( 'NONE', #614, #1681, #1327 ) ;
#526 = VECTOR ( 'NONE', #1993, 1000.000000000000000 ) ;
#527 = EDGE_CURVE ( 'NONE', #1886, #569, #1722, .T. ) ;
#528 = DIRECTION ( 'NONE',  ( 0.000000000000000000, 0.000000000000000000, 1.000000000000000000 ) ) ;
#529 = VECTOR ( 'NONE', #1663, 1000.000000000000000 ) ;
#530 = AXIS2_PLACEMENT_3D ( 'NONE', #856, #519, #126 ) ;
#531 = DIRECTION ( 'NONE',  ( -1.000000000000000000, -0.000000000000000000, 5.782411586589358625E-17 ) ) ;
#532 = CARTESIAN_POINT ( 'NONE',  ( -8.500000000000007105, -24.00000000000000000, 21.12499999999998934 ) ) ;
#533 = VERTEX_POINT ( 'NONE', #33 ) ;
#534 = DIRECTION ( 'NONE',  ( -0.000000000000000000, 1.000000000000000000, -0.000000000000000000 ) ) ;
#535 = EDGE_LOOP ( 'NONE', ( #819, #1870, #1352, #477 ) ) ;
#536 = ORIENTED_EDGE ( 'NONE', *, *, #1765, .F. ) ;
#537 = DIRECTION ( 'NONE',  ( -1.000000000000000000, 0.000000000000000000, 0.000000000000000000 ) ) ;
#538 = EDGE_CURVE ( 'NONE', #562, #1669, #2220, .T. ) ;
#539 = DIRECTION ( 'NONE',  ( 0.000000000000000000, 0.000000000000000000, 1.000000000000000000 ) ) ;
#540 = DIRECTION ( 'NONE',  ( 0.000000000000000000, 1.000000000000000000, 0.000000000000000000 ) ) ;
#541 = FACE_OUTER_BOUND ( 'NONE', #370, .T. ) ;
#542 = VERTEX_POINT ( 'NONE', #1399 ) ;
#543 = CARTESIAN_POINT ( 'NONE',  ( -21.12499999999999289, -2.999999999999998668, 9.999999999999994671 ) ) ;
#544 = DIRECTION ( 'NONE',  ( 1.000000000000000000, -0.000000000000000000, -0.000000000000000000 ) ) ;
#545 = DIRECTION ( 'NONE',  ( -0.000000000000000000, 1.000000000000000000, -0.000000000000000000 ) ) ;
#546 = ADVANCED_FACE ( 'NONE', ( #870 ), #591, .T. ) ;
#547 = LINE ( 'NONE', #717, #377 ) ;
#548 = CARTESIAN_POINT ( 'NONE',  ( 29.99999999999999289, 8.000000000000000000, 24.99999999999999289 ) ) ;
#549 = EDGE_CURVE ( 'NONE', #1541, #1443, #1129, .T. ) ;
#550 = VERTEX_POINT ( 'NONE', #1257 ) ;
#551 = AXIS2_PLACEMENT_3D ( 'NONE', #722, #1922, #552 ) ;
#552 = DIRECTION ( 'NONE',  ( 0.000000000000000000, -0.000000000000000000, 1.000000000000000000 ) ) ;
#553 = VECTOR ( 'NONE', #641, 1000.000000000000000 ) ;
#554 = AXIS2_PLACEMENT_3D ( 'NONE', #1618, #448, #1839 ) ;
#555 = AXIS2_PLACEMENT_3D ( 'NONE', #315, #1827, #1838 ) ;
#556 = AXIS2_PLACEMENT_3D ( 'NONE', #753, #259, #583 ) ;
#557 = CARTESIAN_POINT ( 'NONE',  ( 15.99999999999999289, -28.49999999999997158, -27.99999999999991473 ) ) ;
#558 = PLANE ( 'NONE',  #199 ) ;
#559 = VECTOR ( 'NONE', #1780, 1000.000000000000000 ) ;
#560 = LINE ( 'NONE', #1974, #1527 ) ;
#561 = EDGE_CURVE ( 'NONE', #1038, #1836, #234, .T. ) ;
#562 = VERTEX_POINT ( 'NONE', #441 ) ;
#563 = DIRECTION ( 'NONE',  ( -1.000000000000000000, -0.000000000000000000, 8.211708762020387409E-17 ) ) ;
#564 = LINE ( 'NONE', #572, #848 ) ;
#565 = LINE ( 'NONE', #1260, #1745 ) ;
#566 = DIRECTION ( 'NONE',  ( -0.000000000000000000, -1.000000000000000000, -0.000000000000000000 ) ) ;
#567 = CARTESIAN_POINT ( 'NONE',  ( -30.00000000000004619, -10.99999999999999822, -10.00000000000000178 ) ) ;
#568 = FACE_BOUND ( 'NONE', #606, .T. ) ;
#569 = VERTEX_POINT ( 'NONE', #1442 ) ;
#570 = PLANE ( 'NONE',  #735 ) ;
#571 = ADVANCED_FACE ( 'NONE', ( #599, #2130, #1978, #68, #1807, #1433 ), #1100, .T. ) ;
#572 = CARTESIAN_POINT ( 'NONE',  ( -21.12499999999999645, -34.00000000000000000, -21.12500000000001421 ) ) ;
#573 = ORIENTED_EDGE ( 'NONE', *, *, #1441, .T. ) ;
#574 = CARTESIAN_POINT ( 'NONE',  ( 15.49999999999999645, 5.000000000000000000, 17.00000000000000355 ) ) ;
#575 = EDGE_CURVE ( 'NONE', #1910, #318, #1499, .T. ) ;
#576 = DIRECTION ( 'NONE',  ( 0.000000000000000000, 0.000000000000000000, 1.000000000000000000 ) ) ;
#577 = CARTESIAN_POINT ( 'NONE',  ( -16.00000000000000711, 2.499999999999988454, -23.99999999999992895 ) ) ;
#578 = FACE_BOUND ( 'NONE', #878, .T. ) ;
#579 = EDGE_CURVE ( 'NONE', #60, #1082, #564, .T. ) ;
#580 = ORIENTED_EDGE ( 'NONE', *, *, #2152, .T. ) ;
#581 = FACE_OUTER_BOUND ( 'NONE', #337, .T. ) ;
#582 = EDGE_LOOP ( 'NONE', ( #1709, #2033 ) ) ;
#583 = DIRECTION ( 'NONE',  ( 0.000000000000000000, 0.000000000000000000, 1.000000000000000000 ) ) ;
#584 = EDGE_LOOP ( 'NONE', ( #1691, #2025, #2127, #874 ) ) ;
#585 = LINE ( 'NONE', #1613, #698 ) ;
#586 = VECTOR ( 'NONE', #176, 1000.000000000000000 ) ;
#587 = ADVANCED_FACE ( 'NONE', ( #108 ), #1784, .F. ) ;
#588 = LINE ( 'NONE', #252, #1238 ) ;
#589 = DIRECTION ( 'NONE',  ( -1.000000000000000000, 0.000000000000000000, -0.000000000000000000 ) ) ;
#590 = AXIS2_PLACEMENT_3D ( 'NONE', #2072, #531, #1213 ) ;
#591 = TOROIDAL_SURFACE ( 'NONE', #1239, 4.999999999999999112, 0.5000000000000000000 ) ;
#592 = LINE ( 'NONE', #1073, #1391 ) ;
#593 = VECTOR ( 'NONE', #746, 1000.000000000000000 ) ;
#594 = VECTOR ( 'NONE', #297, 1000.000000000000000 ) ;
#595 = DIRECTION ( 'NONE',  ( -1.000000000000000000, -0.000000000000000000, 0.000000000000000000 ) ) ;
#596 = EDGE_LOOP ( 'NONE', ( #610, #1647 ) ) ;
#597 = CARTESIAN_POINT ( 'NONE',  ( -16.00000000000000711, 2.499999999999988454, -25.99999999999992539 ) ) ;
#598 = ORIENTED_EDGE ( 'NONE', *, *, #1410, .F. ) ;
#599 = FACE_BOUND ( 'NONE', #2027, .T. ) ;
#600 = ORIENTED_EDGE ( 'NONE', *, *, #1707, .F. ) ;
#601 = FACE_OUTER_BOUND ( 'NONE', #1686, .T. ) ;
#602 = EDGE_CURVE ( 'NONE', #1, #285, #1966, .T. ) ;
#603 = DIRECTION ( 'NONE',  ( 0.000000000000000000, 0.000000000000000000, 1.000000000000000000 ) ) ;
#604 = CYLINDRICAL_SURFACE ( 'NONE', #1603, 1.500000000000001332 ) ;
#605 = CARTESIAN_POINT ( 'NONE',  ( 29.99999999999999289, 8.000000000000000000, -30.00000000000000000 ) ) ;
#606 = EDGE_LOOP ( 'NONE', ( #1840, #16 ) ) ;
#607 = FACE_OUTER_BOUND ( 'NONE', #2011, .T. ) ;
#608 = EDGE_LOOP ( 'NONE', ( #1596, #1388, #1305, #457 ) ) ;
#609 = DIRECTION ( 'NONE',  ( 0.000000000000000000, 0.000000000000000000, 1.000000000000000000 ) ) ;
#610 = ORIENTED_EDGE ( 'NONE', *, *, #1526, .T. ) ;
#611 = CARTESIAN_POINT ( 'NONE',  ( 0.000000000000000000, 7.500000000000000000, 0.000000000000000000 ) ) ;
#612 = DIRECTION ( 'NONE',  ( 0.000000000000000000, 0.000000000000000000, -1.000000000000000000 ) ) ;
#613 = EDGE_CURVE ( 'NONE', #647, #1038, #1611, .T. ) ;
#614 = CARTESIAN_POINT ( 'NONE',  ( 21.12500000000001066, -11.00000000000000178, 9.999999999999994671 ) ) ;
#615 = DIRECTION ( 'NONE',  ( 1.000000000000000000, 0.000000000000000000, 0.000000000000000000 ) ) ;
#616 = EDGE_CURVE ( 'NONE', #642, #1738, #273, .T. ) ;
#617 = DIRECTION ( 'NONE',  ( -1.000000000000000000, -0.000000000000000000, -8.211708762020388642E-17 ) ) ;
#618 = ORIENTED_EDGE ( 'NONE', *, *, #1410, .T. ) ;
#619 = CARTESIAN_POINT ( 'NONE',  ( -30.00000000000004619, -14.99999999999999645, -10.00000000000000178 ) ) ;
#620 = ORIENTED_EDGE ( 'NONE', *, *, #1304, .T. ) ;
#621 = DIRECTION ( 'NONE',  ( 0.000000000000000000, 0.000000000000000000, 1.000000000000000000 ) ) ;
#622 = APPLICATION_CONTEXT ( 'automotive_design' ) ;
#623 = DIRECTION ( 'NONE',  ( 0.000000000000000000, 0.000000000000000000, 1.000000000000000000 ) ) ;
#624 = AXIS2_PLACEMENT_3D ( 'NONE', #1723, #2070, #357 ) ;
#625 = DIRECTION ( 'NONE',  ( 1.000000000000000000, 0.000000000000000000, -5.782411586589358625E-17 ) ) ;
#626 = CARTESIAN_POINT ( 'NONE',  ( 15.49999999999999645, 5.000000000000000000, -15.49999999999999822 ) ) ;
#627 = AXIS2_PLACEMENT_3D ( 'NONE', #1380, #886, #1017 ) ;
#628 = AXIS2_PLACEMENT_3D ( 'NONE', #1828, #104, #282 ) ;
#629 = FACE_OUTER_BOUND ( 'NONE', #1006, .T. ) ;
#630 = CIRCLE ( 'NONE', #1713, 1.500000000000001332 ) ;
#631 = ORIENTED_EDGE ( 'NONE', *, *, #1212, .F. ) ;
#632 = EDGE_CURVE ( 'NONE', #432, #1452, #2144, .T. ) ;
#633 = DIRECTION ( 'NONE',  ( -0.000000000000000000, 1.000000000000000000, -0.000000000000000000 ) ) ;
#634 = VECTOR ( 'NONE', #1490, 1000.000000000000000 ) ;
#635 = VERTEX_POINT ( 'NONE', #59 ) ;
#636 = CARTESIAN_POINT ( 'NONE',  ( 0.000000000000000000, 7.500000000000000000, 4.500000000000000000 ) ) ;
#637 = ORIENTED_EDGE ( 'NONE', *, *, #2055, .T. ) ;
#638 = DIRECTION ( 'NONE',  ( -0.000000000000000000, -1.000000000000000000, -0.000000000000000000 ) ) ;
#639 = CYLINDRICAL_SURFACE ( 'NONE', #1493, 4.500000000000000000 ) ;
#640 = ORIENTED_EDGE ( 'NONE', *, *, #1333, .F. ) ;
#641 = DIRECTION ( 'NONE',  ( 1.000000000000000000, -0.000000000000000000, 1.642341752404077728E-16 ) ) ;
#642 = VERTEX_POINT ( 'NONE', #763 ) ;
#643 = ORIENTED_EDGE ( 'NONE', *, *, #2059, .T. ) ;
#644 = EDGE_CURVE ( 'NONE', #318, #1910, #1027, .T. ) ;
#645 = ADVANCED_FACE ( 'NONE', ( #1250, #1111 ), #431, .T. ) ;
#646 = DIRECTION ( 'NONE',  ( 3.469446951953613400E-15, 0.000000000000000000, 1.000000000000000000 ) ) ;
#647 = VERTEX_POINT ( 'NONE', #1076 ) ;
#648 = CARTESIAN_POINT ( 'NONE',  ( 21.12500000000001066, -14.99999999999999645, -10.00000000000000178 ) ) ;
#649 = CARTESIAN_POINT ( 'NONE',  ( 15.49999999999999645, 5.000000000000000000, 15.50000000000000355 ) ) ;
#650 = ORIENTED_EDGE ( 'NONE', *, *, #193, .T. ) ;
#651 = LINE ( 'NONE', #991, #777 ) ;
#652 = ORIENTED_EDGE ( 'NONE', *, *, #990, .F. ) ;
#653 = ORIENTED_EDGE ( 'NONE', *, *, #909, .T. ) ;
#654 = DIRECTION ( 'NONE',  ( 0.000000000000000000, 0.000000000000000000, 1.000000000000000000 ) ) ;
#655 = ORIENTED_EDGE ( 'NONE', *, *, #275, .T. ) ;
#656 = EDGE_CURVE ( 'NONE', #1112, #979, #2109, .T. ) ;
#657 = CARTESIAN_POINT ( 'NONE',  ( -15.50000000000000355, 5.000000000000000000, -13.99999999999999822 ) ) ;
#658 = AXIS2_PLACEMENT_3D ( 'NONE', #2099, #900, #225 ) ;
#659 = ORIENTED_EDGE ( 'NONE', *, *, #86, .T. ) ;
#660 = DIRECTION ( 'NONE',  ( -0.000000000000000000, -1.000000000000000000, -0.000000000000000000 ) ) ;
#661 = CIRCLE ( 'NONE', #2216, 1.499999999999997780 ) ;
#662 = ORIENTED_EDGE ( 'NONE', *, *, #930, .T. ) ;
#663 = EDGE_LOOP ( 'NONE', ( #467, #659 ) ) ;
#664 = CIRCLE ( 'NONE', #308, 5.000000000000000888 ) ;
#665 = AXIS2_PLACEMENT_3D ( 'NONE', #899, #1561, #513 ) ;
#666 = AXIS2_PLACEMENT_3D ( 'NONE', #1220, #1708, #162 ) ;
#667 = CIRCLE ( 'NONE', #1423, 2.999999999999997335 ) ;
#668 = VECTOR ( 'NONE', #1386, 1000.000000000000000 ) ;
#669 = CARTESIAN_POINT ( 'NONE',  ( -21.12499999999999289, -34.00000000000000000, 21.12499999999998934 ) ) ;
#670 = ORIENTED_EDGE ( 'NONE', *, *, #371, .F. ) ;
#671 = CARTESIAN_POINT ( 'NONE',  ( -8.500000000000005329, -24.00000000000000000, 21.11999999999999389 ) ) ;
#672 = EDGE_CURVE ( 'NONE', #1285, #1372, #1754, .T. ) ;
#673 = SURFACE_STYLE_FILL_AREA ( #335 ) ;
#674 = CARTESIAN_POINT ( 'NONE',  ( 21.12500000000000355, -34.00000000000000000, -18.00000000000000000 ) ) ;
#675 = ORIENTED_EDGE ( 'NONE', *, *, #411, .F. ) ;
#676 = LINE ( 'NONE', #1566, #1127 ) ;
#677 = EDGE_CURVE ( 'NONE', #1124, #647, #1294, .T. ) ;
#678 = ORIENTED_EDGE ( 'NONE', *, *, #1402, .T. ) ;
#679 = VERTEX_POINT ( 'NONE', #910 ) ;
#680 = FACE_OUTER_BOUND ( 'NONE', #1585, .T. ) ;
#681 = ORIENTED_EDGE ( 'NONE', *, *, #437, .F. ) ;
#682 = DIRECTION ( 'NONE',  ( 0.000000000000000000, 0.000000000000000000, -1.000000000000000000 ) ) ;
#683 =( LENGTH_UNIT ( ) NAMED_UNIT ( * ) SI_UNIT ( .MILLI., .METRE. ) );
#684 = CARTESIAN_POINT ( 'NONE',  ( -15.50000000000000178, 5.000000000000000000, 15.50000000000000355 ) ) ;
#685 = ORIENTED_EDGE ( 'NONE', *, *, #1377, .F. ) ;
#686 = LINE ( 'NONE', #1364, #948 ) ;
#687 = VERTEX_POINT ( 'NONE', #1597 ) ;
#688 = ADVANCED_FACE ( 'NONE', ( #2121 ), #801, .F. ) ;
#689 = ORIENTED_EDGE ( 'NONE', *, *, #1543, .F. ) ;
#690 = CARTESIAN_POINT ( 'NONE',  ( 29.99999999999999289, -14.99999999999999645, -18.00000000000000355 ) ) ;
#691 = ORIENTED_EDGE ( 'NONE', *, *, #1289, .T. ) ;
#692 = DIRECTION ( 'NONE',  ( 1.000000000000000000, 0.000000000000000000, 0.000000000000000000 ) ) ;
#693 = CARTESIAN_POINT ( 'NONE',  ( -25.00000000000000000, -34.00000000000000000, 25.00000000000000355 ) ) ;
#694 = CARTESIAN_POINT ( 'NONE',  ( -15.50000000000000355, 5.000000000000000000, -18.50000000000000000 ) ) ;
#695 = VERTEX_POINT ( 'NONE', #1136 ) ;
#696 = DIRECTION ( 'NONE',  ( 1.000000000000000000, 0.000000000000000000, -5.782411586589358625E-17 ) ) ;
#697 = ORIENTED_EDGE ( 'NONE', *, *, #1180, .F. ) ;
#698 = VECTOR ( 'NONE', #398, 1000.000000000000000 ) ;
#699 = ORIENTED_EDGE ( 'NONE', *, *, #397, .T. ) ;
#700 = ADVANCED_FACE ( 'NONE', ( #1897 ), #1555, .F. ) ;
#701 = CIRCLE ( 'NONE', #23, 0.5000000000000004441 ) ;
#702 = CIRCLE ( 'NONE', #1964, 4.500000000000000000 ) ;
#703 = DIRECTION ( 'NONE',  ( 0.000000000000000000, 1.000000000000000000, 0.000000000000000000 ) ) ;
#704 = VECTOR ( 'NONE', #1462, 1000.000000000000000 ) ;
#705 = AXIS2_PLACEMENT_3D ( 'NONE', #106, #907, #750 ) ;
#706 = CIRCLE ( 'NONE', #418, 11.00000000000000000 ) ;
#707 = CARTESIAN_POINT ( 'NONE',  ( -15.50000000000000178, 0.000000000000000000, 15.50000000000000355 ) ) ;
#708 = FACE_OUTER_BOUND ( 'NONE', #1354, .T. ) ;
#709 = ORIENTED_EDGE ( 'NONE', *, *, #178, .T. ) ;
#710 = DIRECTION ( 'NONE',  ( -0.000000000000000000, 1.000000000000000000, -0.000000000000000000 ) ) ;
#711 = ORIENTED_EDGE ( 'NONE', *, *, #510, .T. ) ;
#712 = CARTESIAN_POINT ( 'NONE',  ( 15.99999999999999289, 2.500000000000015987, -25.99999999999991118 ) ) ;
#713 = EDGE_CURVE ( 'NONE', #257, #2131, #2146, .T. ) ;
#714 = DIRECTION ( 'NONE',  ( 0.000000000000000000, 0.000000000000000000, -1.000000000000000000 ) ) ;
#715 = EDGE_CURVE ( 'NONE', #1124, #2143, #383, .T. ) ;
#716 = CARTESIAN_POINT ( 'NONE',  ( -30.00000000000004619, -22.99999999999999645, -18.00000000000000355 ) ) ;
#717 = CARTESIAN_POINT ( 'NONE',  ( 15.49999999999999645, 5.000000000000000000, 18.50000000000000355 ) ) ;
#718 = DIRECTION ( 'NONE',  ( 0.000000000000000000, 0.000000000000000000, -1.000000000000000000 ) ) ;
#719 = ORIENTED_EDGE ( 'NONE', *, *, #21, .F. ) ;
#720 = ADVANCED_FACE ( 'NONE', ( #336 ), #507, .F. ) ;
#721 = DIRECTION ( 'NONE',  ( 0.000000000000000000, 0.000000000000000000, -1.000000000000000000 ) ) ;
#722 = CARTESIAN_POINT ( 'NONE',  ( 15.49999999999999645, 5.000000000000000000, -15.49999999999999822 ) ) ;
#723 = CARTESIAN_POINT ( 'NONE',  ( 21.12500000000000711, -11.00000000000000355, 17.99999999999999645 ) ) ;
#724 = EDGE_CURVE ( 'NONE', #1176, #213, #1131, .T. ) ;
#725 = CARTESIAN_POINT ( 'NONE',  ( -21.12499999999999645, -34.00000000000000000, -21.12500000000001421 ) ) ;
#726 = DIRECTION ( 'NONE',  ( 0.000000000000000000, 0.000000000000000000, -1.000000000000000000 ) ) ;
#727 = ORIENTED_EDGE ( 'NONE', *, *, #479, .T. ) ;
#728 = CARTESIAN_POINT ( 'NONE',  ( 0.000000000000000000, 0.000000000000000000, -11.00000000000000000 ) ) ;
#729 = AXIS2_PLACEMENT_3D ( 'NONE', #301, #638, #1336 ) ;
#730 = MECHANICAL_DESIGN_GEOMETRIC_PRESENTATION_REPRESENTATION (  '', ( #2217 ), #1310 ) ;
#731 = CIRCLE ( 'NONE', #1862, 5.000000000000000888 ) ;
#732 = CIRCLE ( 'NONE', #1273, 1.499999999999997780 ) ;
#733 = CARTESIAN_POINT ( 'NONE',  ( 0.000000000000000000, 2.200000000000000178, 0.000000000000000000 ) ) ;
#734 = DIRECTION ( 'NONE',  ( 0.000000000000000000, -1.000000000000000000, 0.000000000000000000 ) ) ;
#735 = AXIS2_PLACEMENT_3D ( 'NONE', #221, #1950, #1083 ) ;
#736 = EDGE_CURVE ( 'NONE', #2194, #173, #167, .T. ) ;
#737 = DIRECTION ( 'NONE',  ( -1.642341752404077975E-16, 0.000000000000000000, 1.000000000000000000 ) ) ;
#738 = AXIS2_PLACEMENT_3D ( 'NONE', #85, #1591, #1097 ) ;
#739 = EDGE_CURVE ( 'NONE', #1715, #1124, #2228, .T. ) ;
#740 = DIRECTION ( 'NONE',  ( 0.000000000000000000, 0.000000000000000000, 1.000000000000000000 ) ) ;
#741 = ORIENTED_EDGE ( 'NONE', *, *, #1710, .F. ) ;
#742 = CARTESIAN_POINT ( 'NONE',  ( -21.12499999999999645, -34.00000000000000000, -21.12500000000001421 ) ) ;
#743 = ORIENTED_EDGE ( 'NONE', *, *, #1324, .T. ) ;
#744 = CARTESIAN_POINT ( 'NONE',  ( 29.99999999999999289, -22.99999999999999645, 9.999999999999994671 ) ) ;
#745 = EDGE_CURVE ( 'NONE', #679, #1176, #1303, .T. ) ;
#746 = DIRECTION ( 'NONE',  ( -1.953517427901809960E-16, 0.000000000000000000, 1.000000000000000000 ) ) ;
#747 = DIRECTION ( 'NONE',  ( 8.211708762020387409E-17, -9.637352644315596475E-17, 1.000000000000000000 ) ) ;
#748 = DIRECTION ( 'NONE',  ( 1.000000000000000000, -0.000000000000000000, -8.211708762020389874E-17 ) ) ;
#749 = VERTEX_POINT ( 'NONE', #6 ) ;
#750 = DIRECTION ( 'NONE',  ( 0.000000000000000000, -9.637352644315596475E-17, 1.000000000000000000 ) ) ;
#751 = EDGE_LOOP ( 'NONE', ( #998, #1505, #643, #2021 ) ) ;
#752 = EDGE_CURVE ( 'NONE', #1873, #1035, #969, .T. ) ;
#753 = CARTESIAN_POINT ( 'NONE',  ( 15.49999999999999645, 5.000000000000000000, -15.49999999999999822 ) ) ;
#754 = ORIENTED_EDGE ( 'NONE', *, *, #1105, .T. ) ;
#755 = DIRECTION ( 'NONE',  ( 0.000000000000000000, 1.000000000000000000, 0.000000000000000000 ) ) ;
#756 = CARTESIAN_POINT ( 'NONE',  ( 15.49999999999999645, 5.000000000000000000, 15.50000000000000355 ) ) ;
#757 = CARTESIAN_POINT ( 'NONE',  ( -30.00000000000004619, -22.99999999999999645, -18.00000000000000355 ) ) ;
#758 = DIRECTION ( 'NONE',  ( 0.000000000000000000, -0.000000000000000000, 1.000000000000000000 ) ) ;
#759 = CARTESIAN_POINT ( 'NONE',  ( 15.49999999999999645, 8.000000000000000000, -12.50000000000000000 ) ) ;
#760 = EDGE_LOOP ( 'NONE', ( #39, #670, #55, #845 ) ) ;
#761 = FACE_BOUND ( 'NONE', #1520, .T. ) ;
#762 = ORIENTED_EDGE ( 'NONE', *, *, #77, .F. ) ;
#763 = CARTESIAN_POINT ( 'NONE',  ( 15.49999999999999645, 0.000000000000000000, 14.00000000000000178 ) ) ;
#764 = ORIENTED_EDGE ( 'NONE', *, *, #2068, .F. ) ;
#765 = EDGE_CURVE ( 'NONE', #1082, #224, #1321, .T. ) ;
#766 = DIRECTION ( 'NONE',  ( 0.000000000000000000, 0.000000000000000000, -1.000000000000000000 ) ) ;
#767 = CARTESIAN_POINT ( 'NONE',  ( -30.00000000000004619, -11.00000000000000178, 9.999999999999994671 ) ) ;
#768 = CIRCLE ( 'NONE', #2035, 8.000000000000000000 ) ;
#769 = CARTESIAN_POINT ( 'NONE',  ( 15.49999999999999645, 11.20000000000000107, 15.50000000000000355 ) ) ;
#770 = AXIS2_PLACEMENT_3D ( 'NONE', #1850, #1692, #965 ) ;
#771 = AXIS2_PLACEMENT_3D ( 'NONE', #1312, #102, #262 ) ;
#772 = DIRECTION ( 'NONE',  ( -0.000000000000000000, -1.000000000000000000, -0.000000000000000000 ) ) ;
#773 = CIRCLE ( 'NONE', #233, 2.999999999999999112 ) ;
#774 = AXIS2_PLACEMENT_3D ( 'NONE', #1623, #1943, #79 ) ;
#775 = DIRECTION ( 'NONE',  ( 0.000000000000000000, 0.000000000000000000, -1.000000000000000000 ) ) ;
#776 = ORIENTED_EDGE ( 'NONE', *, *, #1108, .T. ) ;
#777 = VECTOR ( 'NONE', #1349, 1000.000000000000000 ) ;
#778 = LINE ( 'NONE', #268, #2188 ) ;
#779 = ORIENTED_EDGE ( 'NONE', *, *, #983, .T. ) ;
#780 = DIRECTION ( 'NONE',  ( -0.000000000000000000, 1.000000000000000000, -0.000000000000000000 ) ) ;
#781 = ORIENTED_EDGE ( 'NONE', *, *, #321, .F. ) ;
#782 = CARTESIAN_POINT ( 'NONE',  ( -15.50000000000000355, 11.20000000000000107, -15.50000000000000000 ) ) ;
#783 = EDGE_CURVE ( 'NONE', #1267, #1082, #1672, .T. ) ;
#784 = FACE_OUTER_BOUND ( 'NONE', #852, .T. ) ;
#785 = CARTESIAN_POINT ( 'NONE',  ( -30.00000000000004619, -22.99999999999999645, -18.00000000000000355 ) ) ;
#786 = EDGE_CURVE ( 'NONE', #1112, #20, #1190, .T. ) ;
#787 = FACE_OUTER_BOUND ( 'NONE', #535, .T. ) ;
#788 = FACE_OUTER_BOUND ( 'NONE', #924, .T. ) ;
#789 = ORIENTED_EDGE ( 'NONE', *, *, #1475, .T. ) ;
#790 = CARTESIAN_POINT ( 'NONE',  ( 29.99999999999999289, -2.999999999999998224, -10.00000000000000178 ) ) ;
#791 = ORIENTED_EDGE ( 'NONE', *, *, #1803, .F. ) ;
#792 = DIRECTION ( 'NONE',  ( 0.000000000000000000, 0.000000000000000000, -1.000000000000000000 ) ) ;
#793 = ORIENTED_EDGE ( 'NONE', *, *, #783, .F. ) ;
#794 = CYLINDRICAL_SURFACE ( 'NONE', #883, 8.000000000000000000 ) ;
#795 = CYLINDRICAL_SURFACE ( 'NONE', #881, 5.000000000000000888 ) ;
#796 = CARTESIAN_POINT ( 'NONE',  ( -25.00000000000000000, 8.000000000000000000, 25.00000000000000355 ) ) ;
#797 = ADVANCED_FACE ( 'NONE', ( #2012 ), #1034, .F. ) ;
#798 = ORIENTED_EDGE ( 'NONE', *, *, #216, .F. ) ;
#799 = DIRECTION ( 'NONE',  ( 0.000000000000000000, 0.000000000000000000, 1.000000000000000000 ) ) ;
#800 = ORIENTED_EDGE ( 'NONE', *, *, #972, .T. ) ;
#801 = CYLINDRICAL_SURFACE ( 'NONE', #1061, 2.999999999999999112 ) ;
#802 = ORIENTED_EDGE ( 'NONE', *, *, #499, .F. ) ;
#803 = PRESENTATION_STYLE_ASSIGNMENT (( #444 ) ) ;
#804 = DIRECTION ( 'NONE',  ( 0.000000000000000000, 1.000000000000000000, 0.000000000000000000 ) ) ;
#805 = ORIENTED_EDGE ( 'NONE', *, *, #1043, .F. ) ;
#806 = CLOSED_SHELL ( 'NONE', ( #347, #1684, #1114, #2103, #1919, #243, #901, #587, #2028, #720, #797, #360, #1249, #2221, #151, #1210, #1223, #1472, #1278, #65, #1429, #2108, #247, #34, #571, #1342, #1660, #1013, #100, #1755, #2132, #19, #1067, #688, #879, #111, #2022, #122, #645, #1300, #1274, #1483, #1547, #1972, #1014, #1031, #150, #1903, #44, #904, #331, #1515, #546, #1572, #183, #2094, #1777, #700, #810, #1931, #317, #291, #386, #1246, #1878, #1774, #53, #1651, #1945, #2016, #2043 ) ) ;
#807 = DIRECTION ( 'NONE',  ( 0.000000000000000000, -1.000000000000000000, 0.000000000000000000 ) ) ;
#808 = AXIS2_PLACEMENT_3D ( 'NONE', #1701, #368, #539 ) ;
#809 = AXIS2_PLACEMENT_3D ( 'NONE', #2115, #540, #369 ) ;
#810 = ADVANCED_FACE ( 'NONE', ( #840 ), #1019, .F. ) ;
#811 = VERTEX_POINT ( 'NONE', #1727 ) ;
#812 = LINE ( 'NONE', #1478, #1464 ) ;
#813 = CIRCLE ( 'NONE', #2074, 8.000000000000000000 ) ;
#814 = VERTEX_POINT ( 'NONE', #180 ) ;
#815 = EDGE_CURVE ( 'NONE', #2213, #1541, #865, .T. ) ;
#816 = VECTOR ( 'NONE', #1201, 1000.000000000000000 ) ;
#817 = EDGE_LOOP ( 'NONE', ( #438, #498 ) ) ;
#818 = CARTESIAN_POINT ( 'NONE',  ( -21.12499999999999645, -14.99999999999999645, -10.00000000000000178 ) ) ;
#819 = ORIENTED_EDGE ( 'NONE', *, *, #1739, .F. ) ;
#820 = DIRECTION ( 'NONE',  ( 1.953517427901809960E-16, 0.000000000000000000, -1.000000000000000000 ) ) ;
#821 = ORIENTED_EDGE ( 'NONE', *, *, #512, .T. ) ;
#822 = PLANE ( 'NONE',  #1926 ) ;
#823 = EDGE_LOOP ( 'NONE', ( #789, #650, #859, #1662, #1696, #1160, #421, #185 ) ) ;
#824 = EDGE_LOOP ( 'NONE', ( #1497, #12, #97, #2058, #373, #1697, #1137, #1258 ) ) ;
#825 = EDGE_CURVE ( 'NONE', #979, #1833, #2076, .T. ) ;
#826 = LINE ( 'NONE', #366, #586 ) ;
#827 = VERTEX_POINT ( 'NONE', #1941 ) ;
#828 = DIRECTION ( 'NONE',  ( 0.000000000000000000, 1.000000000000000000, 0.000000000000000000 ) ) ;
#829 = DIRECTION ( 'NONE',  ( -0.000000000000000000, -1.000000000000000000, 0.000000000000000000 ) ) ;
#830 = ORIENTED_EDGE ( 'NONE', *, *, #976, .T. ) ;
#831 = CARTESIAN_POINT ( 'NONE',  ( -15.50000000000000178, 5.000000000000000000, 15.50000000000000355 ) ) ;
#832 = ORIENTED_EDGE ( 'NONE', *, *, #2191, .F. ) ;
#833 = ORIENTED_EDGE ( 'NONE', *, *, #815, .F. ) ;
#834 = EDGE_CURVE ( 'NONE', #1977, #471, #667, .T. ) ;
#835 = CARTESIAN_POINT ( 'NONE',  ( 15.49999999999999645, 5.000000000000000000, -18.49999999999999645 ) ) ;
#836 = ORIENTED_EDGE ( 'NONE', *, *, #114, .T. ) ;
#837 = EDGE_CURVE ( 'NONE', #2049, #340, #2156, .T. ) ;
#838 = DIRECTION ( 'NONE',  ( -0.000000000000000000, -1.000000000000000000, -0.000000000000000000 ) ) ;
#839 = DIRECTION ( 'NONE',  ( 0.000000000000000000, 1.000000000000000000, 0.000000000000000000 ) ) ;
#840 = FACE_OUTER_BOUND ( 'NONE', #1376, .T. ) ;
#841 =( GEOMETRIC_REPRESENTATION_CONTEXT ( 3 ) GLOBAL_UNCERTAINTY_ASSIGNED_CONTEXT ( ( #1117 ) ) GLOBAL_UNIT_ASSIGNED_CONTEXT ( ( #276, #2015, #81 ) ) REPRESENTATION_CONTEXT ( 'NONE', 'WORKASPACE' ) );
#842 = ORIENTED_EDGE ( 'NONE', *, *, #458, .F. ) ;
#843 = CARTESIAN_POINT ( 'NONE',  ( 5.510910596163088569E-16, 2.200000000000000178, -4.500000000000000000 ) ) ;
#844 = CIRCLE ( 'NONE', #124, 5.000000000000000888 ) ;
#845 = ORIENTED_EDGE ( 'NONE', *, *, #616, .T. ) ;
#846 = ORIENTED_EDGE ( 'NONE', *, *, #745, .T. ) ;
#847 = CIRCLE ( 'NONE', #2141, 8.000000000000000000 ) ;
#848 = VECTOR ( 'NONE', #923, 1000.000000000000000 ) ;
#849 = VECTOR ( 'NONE', #405, 1000.000000000000000 ) ;
#850 = CARTESIAN_POINT ( 'NONE',  ( -16.00000000000000711, -28.49999999999999645, -25.99999999999992895 ) ) ;
#851 = EDGE_CURVE ( 'NONE', #1163, #897, #395, .T. ) ;
#852 = EDGE_LOOP ( 'NONE', ( #1016, #1645, #148, #1664 ) ) ;
#853 = CYLINDRICAL_SURFACE ( 'NONE', #1272, 8.000000000000000000 ) ;
#854 = EDGE_CURVE ( 'NONE', #979, #1112, #1351, .T. ) ;
#855 = PLANE ( 'NONE',  #1088 ) ;
#856 = CARTESIAN_POINT ( 'NONE',  ( 0.000000000000000000, 0.000000000000000000, 0.000000000000000000 ) ) ;
#857 = ORIENTED_EDGE ( 'NONE', *, *, #1122, .F. ) ;
#858 = DIRECTION ( 'NONE',  ( 0.000000000000000000, 0.000000000000000000, -1.000000000000000000 ) ) ;
#859 = ORIENTED_EDGE ( 'NONE', *, *, #499, .T. ) ;
#860 = ORIENTED_EDGE ( 'NONE', *, *, #1475, .F. ) ;
#861 = CARTESIAN_POINT ( 'NONE',  ( -15.50000000000000355, 8.000000000000000000, -15.50000000000000000 ) ) ;
#862 = DIRECTION ( 'NONE',  ( -1.000000000000000000, 0.000000000000000000, 5.782411586589358625E-17 ) ) ;
#863 = DIRECTION ( 'NONE',  ( -1.000000000000000000, 0.000000000000000000, 5.782411586589358625E-17 ) ) ;
#864 = DIRECTION ( 'NONE',  ( 0.000000000000000000, 1.000000000000000000, 9.637352644315596475E-17 ) ) ;
#865 = LINE ( 'NONE', #694, #1680 ) ;
#866 = EDGE_CURVE ( 'NONE', #569, #1953, #1823, .T. ) ;
#867 = DIRECTION ( 'NONE',  ( 1.000000000000000000, -0.000000000000000000, -0.000000000000000000 ) ) ;
#868 = ORIENTED_EDGE ( 'NONE', *, *, #2086, .F. ) ;
#869 = EDGE_LOOP ( 'NONE', ( #1121, #504 ) ) ;
#870 = FACE_OUTER_BOUND ( 'NONE', #511, .T. ) ;
#871 = CARTESIAN_POINT ( 'NONE',  ( -25.00000000000000000, -34.00000000000000000, 30.00000000000000711 ) ) ;
#872 = FACE_OUTER_BOUND ( 'NONE', #1335, .T. ) ;
#873 = CARTESIAN_POINT ( 'NONE',  ( 29.99999999999999289, 8.000000000000000000, 29.99999999999999289 ) ) ;
#874 = ORIENTED_EDGE ( 'NONE', *, *, #825, .F. ) ;
#875 = DIRECTION ( 'NONE',  ( 0.000000000000000000, 1.000000000000000000, 0.000000000000000000 ) ) ;
#876 = EDGE_CURVE ( 'NONE', #487, #1450, #1717, .T. ) ;
#877 = AXIS2_PLACEMENT_3D ( 'NONE', #407, #1240, #61 ) ;
#878 = EDGE_LOOP ( 'NONE', ( #1600, #1901 ) ) ;
#879 = ADVANCED_FACE ( 'NONE', ( #1431, #761 ), #570, .T. ) ;
#880 = CARTESIAN_POINT ( 'NONE',  ( -21.12499999999999289, -22.99999999999999645, 9.999999999999994671 ) ) ;
#881 = AXIS2_PLACEMENT_3D ( 'NONE', #1653, #2125, #1616 ) ;
#882 = FACE_BOUND ( 'NONE', #2007, .T. ) ;
#883 = AXIS2_PLACEMENT_3D ( 'NONE', #1115, #1484, #621 ) ;
#884 = CIRCLE ( 'NONE', #1899, 11.00000000000000000 ) ;
#885 = CIRCLE ( 'NONE', #770, 1.500000000000001332 ) ;
#886 = DIRECTION ( 'NONE',  ( 1.000000000000000000, 0.000000000000000000, 0.000000000000000000 ) ) ;
#887 = EDGE_CURVE ( 'NONE', #246, #2170, #1265, .T. ) ;
#888 = DIRECTION ( 'NONE',  ( 0.000000000000000000, 0.000000000000000000, 1.000000000000000000 ) ) ;
#889 = FACE_OUTER_BOUND ( 'NONE', #1853, .T. ) ;
#890 = ORIENTED_EDGE ( 'NONE', *, *, #86, .F. ) ;
#891 = DIRECTION ( 'NONE',  ( 0.000000000000000000, 0.000000000000000000, -1.000000000000000000 ) ) ;
#892 = EDGE_CURVE ( 'NONE', #960, #2143, #1771, .T. ) ;
#893 = PLANE ( 'NONE',  #658 ) ;
#894 = CARTESIAN_POINT ( 'NONE',  ( 15.99999999999999289, 2.500000000000016431, -23.99999999999991473 ) ) ;
#895 = DIRECTION ( 'NONE',  ( -1.000000000000000000, 0.000000000000000000, 0.000000000000000000 ) ) ;
#896 = DIRECTION ( 'NONE',  ( -0.000000000000000000, -1.000000000000000000, -0.000000000000000000 ) ) ;
#897 = VERTEX_POINT ( 'NONE', #2128 ) ;
#898 = ORIENTED_EDGE ( 'NONE', *, *, #1195, .T. ) ;
#899 = CARTESIAN_POINT ( 'NONE',  ( 15.49999999999999645, 8.000000000000000000, 15.50000000000000355 ) ) ;
#900 = DIRECTION ( 'NONE',  ( -2.312964634635743450E-16, 0.000000000000000000, -1.000000000000000000 ) ) ;
#901 = ADVANCED_FACE ( 'NONE', ( #607 ), #922, .F. ) ;
#902 = CARTESIAN_POINT ( 'NONE',  ( 0.000000000000000000, 8.000000000000000000, 0.000000000000000000 ) ) ;
#903 = CARTESIAN_POINT ( 'NONE',  ( 21.12500000000000355, -2.999999999999996003, -10.00000000000000178 ) ) ;
#904 = ADVANCED_FACE ( 'NONE', ( #581 ), #429, .F. ) ;
#905 = FACE_BOUND ( 'NONE', #158, .T. ) ;
#906 = ORIENTED_EDGE ( 'NONE', *, *, #2152, .F. ) ;
#907 = DIRECTION ( 'NONE',  ( 0.000000000000000000, 1.000000000000000000, 9.637352644315596475E-17 ) ) ;
#908 = VECTOR ( 'NONE', #703, 1000.000000000000000 ) ;
#909 = EDGE_CURVE ( 'NONE', #502, #432, #348, .T. ) ;
#910 = CARTESIAN_POINT ( 'NONE',  ( -15.50000000000000178, 5.000000000000000000, 14.00000000000000355 ) ) ;
#911 = ORIENTED_EDGE ( 'NONE', *, *, #1487, .F. ) ;
#912 = CARTESIAN_POINT ( 'NONE',  ( -21.12499999999999289, -11.00000000000000355, 17.99999999999999289 ) ) ;
#913 = VECTOR ( 'NONE', #1529, 1000.000000000000000 ) ;
#914 = VECTOR ( 'NONE', #595, 1000.000000000000000 ) ;
#915 = CIRCLE ( 'NONE', #1275, 4.999999999999999112 ) ;
#916 = VECTOR ( 'NONE', #1128, 1000.000000000000000 ) ;
#917 = CARTESIAN_POINT ( 'NONE',  ( 15.49999999999999645, 5.000000000000000000, 15.50000000000000355 ) ) ;
#918 = DIRECTION ( 'NONE',  ( -1.000000000000000000, 0.000000000000000000, 5.782411586589358625E-17 ) ) ;
#919 = VECTOR ( 'NONE', #256, 1000.000000000000000 ) ;
#920 = FACE_BOUND ( 'NONE', #1731, .T. ) ;
#921 = EDGE_CURVE ( 'NONE', #1051, #340, #1209, .T. ) ;
#922 = CYLINDRICAL_SURFACE ( 'NONE', #203, 2.999999999999999112 ) ;
#923 = DIRECTION ( 'NONE',  ( -0.000000000000000000, 1.000000000000000000, -0.000000000000000000 ) ) ;
#924 = EDGE_LOOP ( 'NONE', ( #1489, #1202 ) ) ;
#925 = FACE_OUTER_BOUND ( 'NONE', #1385, .T. ) ;
#926 = CARTESIAN_POINT ( 'NONE',  ( 8.499999999999994671, -34.00000000000000000, 21.12499999999998934 ) ) ;
#927 = LINE ( 'NONE', #577, #526 ) ;
#928 = DIRECTION ( 'NONE',  ( -1.000000000000000000, 0.000000000000000000, 8.211708762020389874E-17 ) ) ;
#929 = DIRECTION ( 'NONE',  ( -0.000000000000000000, 1.000000000000000000, -0.000000000000000000 ) ) ;
#930 = EDGE_CURVE ( 'NONE', #2066, #2175, #884, .T. ) ;
#931 = ORIENTED_EDGE ( 'NONE', *, *, #1751, .F. ) ;
#932 = DIRECTION ( 'NONE',  ( 0.000000000000000000, 0.000000000000000000, -1.000000000000000000 ) ) ;
#933 = DIRECTION ( 'NONE',  ( -1.000000000000000000, -0.000000000000000000, 0.000000000000000000 ) ) ;
#934 = VERTEX_POINT ( 'NONE', #90 ) ;
#935 = CYLINDRICAL_SURFACE ( 'NONE', #269, 2.000000000000005329 ) ;
#936 = DIRECTION ( 'NONE',  ( -1.000000000000000000, -0.000000000000000000, 5.782411586589358625E-17 ) ) ;
#937 = CARTESIAN_POINT ( 'NONE',  ( -21.12499999999999289, 0.000000000000000000, 21.12499999999998934 ) ) ;
#938 = LINE ( 'NONE', #245, #1528 ) ;
#939 = ORIENTED_EDGE ( 'NONE', *, *, #1094, .T. ) ;
#940 = DIRECTION ( 'NONE',  ( 0.000000000000000000, 0.000000000000000000, -1.000000000000000000 ) ) ;
#941 = EDGE_CURVE ( 'NONE', #2159, #1953, #1620, .T. ) ;
#942 = ORIENTED_EDGE ( 'NONE', *, *, #228, .F. ) ;
#943 = DIRECTION ( 'NONE',  ( -8.211708762020389874E-17, 9.637352644315596475E-17, -1.000000000000000000 ) ) ;
#944 = ORIENTED_EDGE ( 'NONE', *, *, #575, .T. ) ;
#945 = EDGE_CURVE ( 'NONE', #1235, #2175, #778, .T. ) ;
#946 = VECTOR ( 'NONE', #1773, 1000.000000000000000 ) ;
#947 = LINE ( 'NONE', #1835, #529 ) ;
#948 = VECTOR ( 'NONE', #1716, 1000.000000000000000 ) ;
#949 = CARTESIAN_POINT ( 'NONE',  ( -15.50000000000000355, 5.000000000000000000, -12.50000000000000000 ) ) ;
#950 = AXIS2_PLACEMENT_3D ( 'NONE', #1166, #999, #144 ) ;
#951 = DIRECTION ( 'NONE',  ( 1.000000000000000000, -0.000000000000000000, -5.782411586589357392E-17 ) ) ;
#952 = EDGE_CURVE ( 'NONE', #533, #642, #439, .T. ) ;
#953 = AXIS2_PLACEMENT_3D ( 'NONE', #57, #1976, #1109 ) ;
#954 = DIRECTION ( 'NONE',  ( 0.000000000000000000, 0.000000000000000000, 1.000000000000000000 ) ) ;
#955 = VERTEX_POINT ( 'NONE', #957 ) ;
#956 = VECTOR ( 'NONE', #534, 1000.000000000000000 ) ;
#957 = CARTESIAN_POINT ( 'NONE',  ( -15.50000000000000355, 5.000000000000000000, -17.00000000000000000 ) ) ;
#958 = EDGE_LOOP ( 'NONE', ( #741, #898, #194, #798 ) ) ;
#959 = DIRECTION ( 'NONE',  ( -0.000000000000000000, -1.000000000000000000, -0.000000000000000000 ) ) ;
#960 = VERTEX_POINT ( 'NONE', #790 ) ;
#961 = EDGE_CURVE ( 'NONE', #960, #465, #28, .T. ) ;
#962 = DIRECTION ( 'NONE',  ( 0.000000000000000000, 0.000000000000000000, 1.000000000000000000 ) ) ;
#963 = LINE ( 'NONE', #949, #916 ) ;
#964 = UNCERTAINTY_MEASURE_WITH_UNIT (LENGTH_MEASURE( 1.000000000000000082E-05 ), #683, 'distance_accuracy_value', 'NONE');
#965 = DIRECTION ( 'NONE',  ( 0.000000000000000000, 0.000000000000000000, -1.000000000000000000 ) ) ;
#966 = DIRECTION ( 'NONE',  ( -0.000000000000000000, -1.000000000000000000, -0.000000000000000000 ) ) ;
#967 = FACE_OUTER_BOUND ( 'NONE', #663, .T. ) ;
#968 = ORIENTED_EDGE ( 'NONE', *, *, #2176, .F. ) ;
#969 = LINE ( 'NONE', #674, #816 ) ;
#970 = EDGE_LOOP ( 'NONE', ( #1619, #1907 ) ) ;
#971 = CARTESIAN_POINT ( 'NONE',  ( 15.99999999999999289, 2.500000000000015987, -27.99999999999991118 ) ) ;
#972 = EDGE_CURVE ( 'NONE', #955, #1509, #31, .T. ) ;
#973 = EDGE_LOOP ( 'NONE', ( #18, #1752, #857, #109, #4, #1569, #689, #779 ) ) ;
#974 = LINE ( 'NONE', #1665, #92 ) ;
#975 = CARTESIAN_POINT ( 'NONE',  ( -30.00000000000004619, -10.99999999999999822, -18.00000000000000355 ) ) ;
#976 = EDGE_CURVE ( 'NONE', #1989, #1836, #812, .T. ) ;
#977 = PLANE ( 'NONE',  #1022 ) ;
#978 = CARTESIAN_POINT ( 'NONE',  ( -15.50000000000000355, 5.000000000000000000, -15.50000000000000000 ) ) ;
#979 = VERTEX_POINT ( 'NONE', #2167 ) ;
#980 = CARTESIAN_POINT ( 'NONE',  ( -21.12499999999999645, 0.000000000000000000, -21.12500000000001421 ) ) ;
#981 = ORIENTED_EDGE ( 'NONE', *, *, #1814, .T. ) ;
#982 = FILL_AREA_STYLE ('',( #433 ) ) ;
#983 = EDGE_CURVE ( 'NONE', #550, #1762, #2031, .T. ) ;
#984 = FACE_OUTER_BOUND ( 'NONE', #260, .T. ) ;
#985 = ORIENTED_EDGE ( 'NONE', *, *, #1147, .F. ) ;
#986 = LINE ( 'NONE', #447, #1821 ) ;
#987 = DIRECTION ( 'NONE',  ( 0.000000000000000000, 0.000000000000000000, 1.000000000000000000 ) ) ;
#988 = VECTOR ( 'NONE', #341, 1000.000000000000000 ) ;
#989 = ORIENTED_EDGE ( 'NONE', *, *, #1876, .F. ) ;
#990 = EDGE_CURVE ( 'NONE', #2131, #257, #1642, .T. ) ;
#991 = CARTESIAN_POINT ( 'NONE',  ( 21.12500000000000355, -34.00000000000000000, -21.12500000000000711 ) ) ;
#992 = CIRCLE ( 'NONE', #1933, 0.5000000000000004441 ) ;
#993 = AXIS2_PLACEMENT_3D ( 'NONE', #1248, #563, #940 ) ;
#994 = ORIENTED_EDGE ( 'NONE', *, *, #278, .F. ) ;
#995 = AXIS2_PLACEMENT_3D ( 'NONE', #211, #896, #1769 ) ;
#996 = VERTEX_POINT ( 'NONE', #1996 ) ;
#997 = DIRECTION ( 'NONE',  ( 1.000000000000000000, 0.000000000000000000, -0.000000000000000000 ) ) ;
#998 = ORIENTED_EDGE ( 'NONE', *, *, #1834, .F. ) ;
#999 = DIRECTION ( 'NONE',  ( -1.000000000000000000, 0.000000000000000000, 5.782411586589358625E-17 ) ) ;
#1000 = DIRECTION ( 'NONE',  ( 0.000000000000000000, -0.000000000000000000, 1.000000000000000000 ) ) ;
#1001 = CYLINDRICAL_SURFACE ( 'NONE', #99, 11.00000000000000000 ) ;
#1002 = ORIENTED_EDGE ( 'NONE', *, *, #2149, .F. ) ;
#1003 = EDGE_CURVE ( 'NONE', #105, #542, #1353, .T. ) ;
#1004 = ORIENTED_EDGE ( 'NONE', *, *, #1614, .T. ) ;
#1005 = DIRECTION ( 'NONE',  ( -1.000000000000000000, 0.000000000000000000, 5.782411586589358625E-17 ) ) ;
#1006 = EDGE_LOOP ( 'NONE', ( #1185, #1326, #1949, #1154 ) ) ;
#1007 = DIRECTION ( 'NONE',  ( -0.000000000000000000, -1.000000000000000000, -0.000000000000000000 ) ) ;
#1008 = DIRECTION ( 'NONE',  ( -0.000000000000000000, 1.000000000000000000, -0.000000000000000000 ) ) ;
#1009 = EDGE_LOOP ( 'NONE', ( #107, #1428, #1523, #1608 ) ) ;
#1010 = CARTESIAN_POINT ( 'NONE',  ( -15.50000000000000355, 5.000000000000000000, -15.50000000000000000 ) ) ;
#1011 = ORIENTED_EDGE ( 'NONE', *, *, #549, .T. ) ;
#1012 = ORIENTED_EDGE ( 'NONE', *, *, #1622, .F. ) ;
#1013 = ADVANCED_FACE ( 'NONE', ( #629 ), #1001, .F. ) ;
#1014 = ADVANCED_FACE ( 'NONE', ( #1521 ), #1854, .F. ) ;
#1015 = CARTESIAN_POINT ( 'NONE',  ( 29.99999999999999289, -14.99999999999999645, 9.999999999999994671 ) ) ;
#1016 = ORIENTED_EDGE ( 'NONE', *, *, #677, .T. ) ;
#1017 = DIRECTION ( 'NONE',  ( 0.000000000000000000, 0.000000000000000000, -1.000000000000000000 ) ) ;
#1018 = CARTESIAN_POINT ( 'NONE',  ( 15.49999999999999645, 5.000000000000000000, 15.50000000000000355 ) ) ;
#1019 = CYLINDRICAL_SURFACE ( 'NONE', #1639, 8.000000000000000000 ) ;
#1020 = EDGE_LOOP ( 'NONE', ( #573, #1986, #1012, #985 ) ) ;
#1021 = CYLINDRICAL_SURFACE ( 'NONE', #1573, 2.000000000000001776 ) ;
#1022 = AXIS2_PLACEMENT_3D ( 'NONE', #87, #1995, #1145 ) ;
#1023 = EDGE_LOOP ( 'NONE', ( #80, #1525 ) ) ;
#1024 = ORIENTED_EDGE ( 'NONE', *, *, #837, .T. ) ;
#1025 = AXIS2_PLACEMENT_3D ( 'NONE', #1675, #2017, #997 ) ;
#1026 = VECTOR ( 'NONE', #1757, 1000.000000000000000 ) ;
#1027 = CIRCLE ( 'NONE', #2223, 1.499999999999999556 ) ;
#1028 = DIRECTION ( 'NONE',  ( 1.000000000000000000, 0.000000000000000000, 0.000000000000000000 ) ) ;
#1029 = AXIS2_PLACEMENT_3D ( 'NONE', #1948, #928, #45 ) ;
#1030 = PLANE ( 'NONE',  #375 ) ;
#1031 = ADVANCED_FACE ( 'NONE', ( #1319 ), #1830, .F. ) ;
#1032 = DIRECTION ( 'NONE',  ( -1.000000000000000000, 0.000000000000000000, 0.000000000000000000 ) ) ;
#1033 = CARTESIAN_POINT ( 'NONE',  ( 29.99999999999999289, 2.500000000000016431, -23.99999999999991473 ) ) ;
#1034 = CYLINDRICAL_SURFACE ( 'NONE', #530, 4.500000000000000000 ) ;
#1035 = VERTEX_POINT ( 'NONE', #475 ) ;
#1036 = CARTESIAN_POINT ( 'NONE',  ( 0.000000000000000000, 2.200000000000000178, 0.000000000000000000 ) ) ;
#1037 = VERTEX_POINT ( 'NONE', #2010 ) ;
#1038 = VERTEX_POINT ( 'NONE', #1511 ) ;
#1039 = CARTESIAN_POINT ( 'NONE',  ( 15.99999999999999289, 2.500000000000016431, -23.99999999999991473 ) ) ;
#1040 = LINE ( 'NONE', #2208, #2215 ) ;
#1041 = ORIENTED_EDGE ( 'NONE', *, *, #752, .F. ) ;
#1042 = DIRECTION ( 'NONE',  ( 0.000000000000000000, 0.000000000000000000, -1.000000000000000000 ) ) ;
#1043 = EDGE_CURVE ( 'NONE', #522, #1343, #2178, .T. ) ;
#1044 = CARTESIAN_POINT ( 'NONE',  ( -30.00000000000000711, -34.00000000000000000, 25.00000000000000355 ) ) ;
#1045 = DIRECTION ( 'NONE',  ( 0.000000000000000000, 0.000000000000000000, 1.000000000000000000 ) ) ;
#1046 = ORIENTED_EDGE ( 'NONE', *, *, #672, .T. ) ;
#1047 = LINE ( 'NONE', #2057, #350 ) ;
#1048 = EDGE_CURVE ( 'NONE', #996, #224, #651, .T. ) ;
#1049 = ORIENTED_EDGE ( 'NONE', *, *, #1377, .T. ) ;
#1050 = DIRECTION ( 'NONE',  ( 5.782411586589358625E-17, 0.000000000000000000, 1.000000000000000000 ) ) ;
#1051 = VERTEX_POINT ( 'NONE', #1134 ) ;
#1052 = CARTESIAN_POINT ( 'NONE',  ( 29.99999999999999289, -34.00000000000000000, -30.00000000000000000 ) ) ;
#1053 = DIRECTION ( 'NONE',  ( -0.000000000000000000, -1.000000000000000000, -0.000000000000000000 ) ) ;
#1054 = CARTESIAN_POINT ( 'NONE',  ( -21.12499999999999645, -2.999999999999998224, -10.00000000000000178 ) ) ;
#1055 = EDGE_CURVE ( 'NONE', #60, #996, #123, .T. ) ;
#1056 = ORIENTED_EDGE ( 'NONE', *, *, #1506, .T. ) ;
#1057 = VECTOR ( 'NONE', #1008, 1000.000000000000000 ) ;
#1058 = CIRCLE ( 'NONE', #2004, 1.999999999999998224 ) ;
#1059 = DIRECTION ( 'NONE',  ( 1.000000000000000000, -0.000000000000000000, -0.000000000000000000 ) ) ;
#1060 = VECTOR ( 'NONE', #323, 1000.000000000000000 ) ;
#1061 = AXIS2_PLACEMENT_3D ( 'NONE', #1832, #633, #466 ) ;
#1062 = VECTOR ( 'NONE', #2023, 1000.000000000000000 ) ;
#1063 = CARTESIAN_POINT ( 'NONE',  ( 0.000000000000000000, 2.200000000000000178, 0.000000000000000000 ) ) ;
#1064 = FACE_BOUND ( 'NONE', #1808, .T. ) ;
#1065 = DIRECTION ( 'NONE',  ( 1.000000000000000000, -0.000000000000000000, 0.000000000000000000 ) ) ;
#1066 = ORIENTED_EDGE ( 'NONE', *, *, #1055, .F. ) ;
#1067 = ADVANCED_FACE ( 'NONE', ( #967, #1338 ), #822, .T. ) ;
#1068 = LINE ( 'NONE', #2091, #1348 ) ;
#1069 = CARTESIAN_POINT ( 'NONE',  ( -15.50000000000000178, 11.20000000000000107, 17.00000000000000000 ) ) ;
#1070 = EDGE_CURVE ( 'NONE', #1578, #2122, #1488, .T. ) ;
#1071 = CYLINDRICAL_SURFACE ( 'NONE', #1598, 2.000000000000001776 ) ;
#1072 = CARTESIAN_POINT ( 'NONE',  ( -25.00000000000000000, 8.000000000000000000, 30.00000000000000711 ) ) ;
#1073 = CARTESIAN_POINT ( 'NONE',  ( 24.99999999999998934, 8.000000000000000000, 29.99999999999999289 ) ) ;
#1074 = VERTEX_POINT ( 'NONE', #1159 ) ;
#1075 = DIRECTION ( 'NONE',  ( 0.000000000000000000, 0.000000000000000000, 1.000000000000000000 ) ) ;
#1076 = CARTESIAN_POINT ( 'NONE',  ( 29.99999999999999289, -14.99999999999999645, 17.99999999999999645 ) ) ;
#1077 = CYLINDRICAL_SURFACE ( 'NONE', #1125, 8.000000000000000000 ) ;
#1078 = EDGE_CURVE ( 'NONE', #2097, #1142, #1424, .T. ) ;
#1079 = CARTESIAN_POINT ( 'NONE',  ( 15.49999999999999645, 0.000000000000000000, 17.00000000000000355 ) ) ;
#1080 = DIRECTION ( 'NONE',  ( 0.000000000000000000, 0.000000000000000000, -1.000000000000000000 ) ) ;
#1081 = FACE_OUTER_BOUND ( 'NONE', #751, .T. ) ;
#1082 = VERTEX_POINT ( 'NONE', #1874 ) ;
#1083 = DIRECTION ( 'NONE',  ( 0.000000000000000000, -0.000000000000000000, 1.000000000000000000 ) ) ;
#1084 = VECTOR ( 'NONE', #1059, 1000.000000000000000 ) ;
#1085 = VERTEX_POINT ( 'NONE', #1704 ) ;
#1086 = DIRECTION ( 'NONE',  ( 1.000000000000000000, -0.000000000000000000, -8.211708762020389874E-17 ) ) ;
#1087 = ORIENTED_EDGE ( 'NONE', *, *, #1346, .F. ) ;
#1088 = AXIS2_PLACEMENT_3D ( 'NONE', #1018, #1347, #1000 ) ;
#1089 = CARTESIAN_POINT ( 'NONE',  ( 24.99999999999998934, 8.000000000000000000, 29.99999999999999289 ) ) ;
#1090 = CIRCLE ( 'NONE', #1676, 1.499999999999999556 ) ;
#1091 = AXIS2_PLACEMENT_3D ( 'NONE', #1626, #936, #623 ) ;
#1092 = AXIS2_PLACEMENT_3D ( 'NONE', #742, #1633, #94 ) ;
#1093 = DIRECTION ( 'NONE',  ( 0.000000000000000000, 0.000000000000000000, -1.000000000000000000 ) ) ;
#1094 = EDGE_CURVE ( 'NONE', #814, #246, #676, .T. ) ;
#1095 = DIRECTION ( 'NONE',  ( 1.000000000000000000, 0.000000000000000000, 0.000000000000000000 ) ) ;
#1096 = CIRCLE ( 'NONE', #58, 8.000000000000000000 ) ;
#1097 = DIRECTION ( 'NONE',  ( 0.000000000000000000, 0.000000000000000000, 1.000000000000000000 ) ) ;
#1098 = CARTESIAN_POINT ( 'NONE',  ( -21.12499999999999645, -14.99999999999999645, -18.00000000000000355 ) ) ;
#1099 = DIRECTION ( 'NONE',  ( -1.000000000000000000, 0.000000000000000000, 0.000000000000000000 ) ) ;
#1100 = PLANE ( 'NONE',  #1532 ) ;
#1101 = ORIENTED_EDGE ( 'NONE', *, *, #602, .F. ) ;
#1102 = CARTESIAN_POINT ( 'NONE',  ( -15.50000000000000355, 5.000000000000000000, -18.50000000000000000 ) ) ;
#1103 = DIRECTION ( 'NONE',  ( 0.000000000000000000, 0.000000000000000000, -1.000000000000000000 ) ) ;
#1104 = FACE_OUTER_BOUND ( 'NONE', #2024, .T. ) ;
#1105 = EDGE_CURVE ( 'NONE', #1509, #955, #1538, .T. ) ;
#1106 = CARTESIAN_POINT ( 'NONE',  ( -15.50000000000000178, 5.000000000000000000, 12.50000000000000178 ) ) ;
#1107 = VERTEX_POINT ( 'NONE', #1885 ) ;
#1108 = EDGE_CURVE ( 'NONE', #1235, #1396, #706, .T. ) ;
#1109 = DIRECTION ( 'NONE',  ( 0.000000000000000000, 0.000000000000000000, -1.000000000000000000 ) ) ;
#1110 = ORIENTED_EDGE ( 'NONE', *, *, #1942, .F. ) ;
#1111 = FACE_OUTER_BOUND ( 'NONE', #2060, .T. ) ;
#1112 = VERTEX_POINT ( 'NONE', #843 ) ;
#1113 = DIRECTION ( 'NONE',  ( 0.000000000000000000, 0.000000000000000000, 1.000000000000000000 ) ) ;
#1114 = ADVANCED_FACE ( 'NONE', ( #2230 ), #1021, .F. ) ;
#1115 = CARTESIAN_POINT ( 'NONE',  ( -30.00000000000004619, -14.99999999999999645, 9.999999999999994671 ) ) ;
#1116 = DIRECTION ( 'NONE',  ( -0.000000000000000000, -0.000000000000000000, -1.000000000000000000 ) ) ;
#1117 = UNCERTAINTY_MEASURE_WITH_UNIT (LENGTH_MEASURE( 1.000000000000000082E-05 ), #276, 'distance_accuracy_value', 'NONE');
#1118 = DIRECTION ( 'NONE',  ( -5.782411586589358625E-17, 0.000000000000000000, -1.000000000000000000 ) ) ;
#1119 = EDGE_LOOP ( 'NONE', ( #681, #1856, #1320, #206 ) ) ;
#1120 = CARTESIAN_POINT ( 'NONE',  ( 15.49999999999999645, 11.20000000000000107, 14.00000000000000178 ) ) ;
#1121 = ORIENTED_EDGE ( 'NONE', *, *, #510, .F. ) ;
#1122 = EDGE_CURVE ( 'NONE', #1975, #246, #686, .T. ) ;
#1123 = CARTESIAN_POINT ( 'NONE',  ( 15.49999999999999645, 5.000000000000000000, -15.49999999999999822 ) ) ;
#1124 = VERTEX_POINT ( 'NONE', #182 ) ;
#1125 = AXIS2_PLACEMENT_3D ( 'NONE', #1766, #1229, #40 ) ;
#1126 = CARTESIAN_POINT ( 'NONE',  ( 29.99999999999999289, 8.000000000000000000, -30.00000000000000000 ) ) ;
#1127 = VECTOR ( 'NONE', #1535, 1000.000000000000000 ) ;
#1128 = DIRECTION ( 'NONE',  ( -0.000000000000000000, 1.000000000000000000, -0.000000000000000000 ) ) ;
#1129 = CIRCLE ( 'NONE', #2187, 2.999999999999999112 ) ;
#1130 = CARTESIAN_POINT ( 'NONE',  ( -15.50000000000000178, 8.000000000000000000, 18.50000000000000711 ) ) ;
#1131 = CIRCLE ( 'NONE', #131, 1.499999999999999556 ) ;
#1132 = ORIENTED_EDGE ( 'NONE', *, *, #715, .F. ) ;
#1133 = VECTOR ( 'NONE', #660, 1000.000000000000000 ) ;
#1134 = CARTESIAN_POINT ( 'NONE',  ( 29.99999999999999289, -14.99999999999999645, -18.00000000000000355 ) ) ;
#1135 = ORIENTED_EDGE ( 'NONE', *, *, #342, .F. ) ;
#1136 = CARTESIAN_POINT ( 'NONE',  ( 6.123233995736765296E-16, 8.000000000000000000, -4.999999999999999112 ) ) ;
#1137 = ORIENTED_EDGE ( 'NONE', *, *, #2083, .F. ) ;
#1138 = EDGE_CURVE ( 'NONE', #2143, #1, #30, .T. ) ;
#1139 = SHAPE_DEFINITION_REPRESENTATION ( #1150, #1689 ) ;
#1140 = EDGE_CURVE ( 'NONE', #404, #522, #459, .T. ) ;
#1141 = DIRECTION ( 'NONE',  ( 0.000000000000000000, 1.000000000000000000, 0.000000000000000000 ) ) ;
#1142 = VERTEX_POINT ( 'NONE', #338 ) ;
#1143 = CARTESIAN_POINT ( 'NONE',  ( -16.00000000000000711, 2.499999999999988454, -25.99999999999992539 ) ) ;
#1144 = DIRECTION ( 'NONE',  ( 0.000000000000000000, 0.000000000000000000, 1.000000000000000000 ) ) ;
#1145 = DIRECTION ( 'NONE',  ( 1.000000000000000000, 0.000000000000000000, -5.782411586589358625E-17 ) ) ;
#1146 = ORIENTED_EDGE ( 'NONE', *, *, #854, .T. ) ;
#1147 = EDGE_CURVE ( 'NONE', #2170, #1734, #1047, .T. ) ;
#1148 = DIRECTION ( 'NONE',  ( 0.000000000000000000, -1.000000000000000000, 0.000000000000000000 ) ) ;
#1149 = ORIENTED_EDGE ( 'NONE', *, *, #739, .F. ) ;
#1150 = PRODUCT_DEFINITION_SHAPE ( 'NONE', 'NONE',  #1355 ) ;
#1151 = DIRECTION ( 'NONE',  ( 0.000000000000000000, 1.000000000000000000, 0.000000000000000000 ) ) ;
#1152 = EDGE_LOOP ( 'NONE', ( #911, #1430, #1730, #1481 ) ) ;
#1153 = DIRECTION ( 'NONE',  ( 0.000000000000000000, 0.000000000000000000, 1.000000000000000000 ) ) ;
#1154 = ORIENTED_EDGE ( 'NONE', *, *, #1445, .T. ) ;
#1155 = EDGE_CURVE ( 'NONE', #1227, #1549, #172, .T. ) ;
#1156 = DIRECTION ( 'NONE',  ( 1.000000000000000000, -0.000000000000000000, 1.953517427901809960E-16 ) ) ;
#1157 = FILL_AREA_STYLE_COLOUR ( '', #197 ) ;
#1158 = ORIENTED_EDGE ( 'NONE', *, *, #1581, .F. ) ;
#1159 = CARTESIAN_POINT ( 'NONE',  ( 29.99999999999999289, -28.49999999999997158, -23.99999999999991118 ) ) ;
#1160 = ORIENTED_EDGE ( 'NONE', *, *, #1792, .T. ) ;
#1161 = EDGE_LOOP ( 'NONE', ( #2190, #2013, #1548, #832 ) ) ;
#1162 = CARTESIAN_POINT ( 'NONE',  ( -15.50000000000000355, 11.20000000000000107, -13.99999999999999822 ) ) ;
#1163 = VERTEX_POINT ( 'NONE', #1397 ) ;
#1164 = PRODUCT_DEFINITION_FORMATION_WITH_SPECIFIED_SOURCE ( 'Symmetric', '', #468, .NOT_KNOWN. ) ;
#1165 = CIRCLE ( 'NONE', #2185, 2.999999999999999112 ) ;
#1166 = CARTESIAN_POINT ( 'NONE',  ( -16.00000000000000711, -28.49999999999999645, -25.99999999999992895 ) ) ;
#1167 = EDGE_CURVE ( 'NONE', #471, #69, #521, .T. ) ;
#1168 =( NAMED_UNIT ( * ) SI_UNIT ( $, .STERADIAN. ) SOLID_ANGLE_UNIT ( ) );
#1169 = AXIS2_PLACEMENT_3D ( 'NONE', #1315, #807, #2192 ) ;
#1170 = EDGE_LOOP ( 'NONE', ( #1329, #2067, #1909, #868 ) ) ;
#1171 = DIRECTION ( 'NONE',  ( 0.000000000000000000, -1.000000000000000000, 0.000000000000000000 ) ) ;
#1172 = AXIS2_PLACEMENT_3D ( 'NONE', #1471, #1640, #1308 ) ;
#1173 = AXIS2_PLACEMENT_3D ( 'NONE', #2054, #1999, #792 ) ;
#1174 = ORIENTED_EDGE ( 'NONE', *, *, #2207, .F. ) ;
#1175 = CIRCLE ( 'NONE', #493, 2.999999999999999112 ) ;
#1176 = VERTEX_POINT ( 'NONE', #508 ) ;
#1177 = CARTESIAN_POINT ( 'NONE',  ( 15.49999999999999645, 5.000000000000000000, 15.50000000000000355 ) ) ;
#1178 = ORIENTED_EDGE ( 'NONE', *, *, #1003, .T. ) ;
#1179 = FACE_OUTER_BOUND ( 'NONE', #406, .T. ) ;
#1180 = EDGE_CURVE ( 'NONE', #749, #2213, #1175, .T. ) ;
#1181 = ORIENTED_EDGE ( 'NONE', *, *, #408, .T. ) ;
#1182 = DIRECTION ( 'NONE',  ( 0.000000000000000000, 0.000000000000000000, -1.000000000000000000 ) ) ;
#1183 = ORIENTED_EDGE ( 'NONE', *, *, #1915, .T. ) ;
#1184 = EDGE_CURVE ( 'NONE', #1227, #635, #1546, .T. ) ;
#1185 = ORIENTED_EDGE ( 'NONE', *, *, #1363, .F. ) ;
#1186 = DIRECTION ( 'NONE',  ( -1.000000000000000000, -0.000000000000000000, -0.000000000000000000 ) ) ;
#1187 = ORIENTED_EDGE ( 'NONE', *, *, #1765, .T. ) ;
#1188 = PLANE ( 'NONE',  #1567 ) ;
#1189 = CARTESIAN_POINT ( 'NONE',  ( 15.49999999999999645, 8.000000000000000000, 18.50000000000000355 ) ) ;
#1190 = LINE ( 'NONE', #1883, #1934 ) ;
#1191 = ORIENTED_EDGE ( 'NONE', *, *, #1212, .T. ) ;
#1192 = CARTESIAN_POINT ( 'NONE',  ( -15.50000000000000355, 5.000000000000000000, -15.50000000000000000 ) ) ;
#1193 = ORIENTED_EDGE ( 'NONE', *, *, #825, .T. ) ;
#1194 = ORIENTED_EDGE ( 'NONE', *, *, #616, .F. ) ;
#1195 = EDGE_CURVE ( 'NONE', #1107, #2194, #1918, .T. ) ;
#1196 = DIRECTION ( 'NONE',  ( 0.000000000000000000, 1.000000000000000000, -0.000000000000000000 ) ) ;
#1197 = EDGE_LOOP ( 'NONE', ( #1861, #1507, #691, #1940 ) ) ;
#1198 = CARTESIAN_POINT ( 'NONE',  ( 0.000000000000000000, 7.500000000000000000, 4.999999999999999112 ) ) ;
#1199 = VECTOR ( 'NONE', #1819, 1000.000000000000000 ) ;
#1200 = FACE_OUTER_BOUND ( 'NONE', #973, .T. ) ;
#1201 = DIRECTION ( 'NONE',  ( 0.000000000000000000, -1.000000000000000000, 0.000000000000000000 ) ) ;
#1202 = ORIENTED_EDGE ( 'NONE', *, *, #426, .T. ) ;
#1203 = CARTESIAN_POINT ( 'NONE',  ( 15.49999999999999645, 5.000000000000000000, 12.50000000000000533 ) ) ;
#1204 = CIRCLE ( 'NONE', #2003, 11.00000000000000000 ) ;
#1205 = EDGE_LOOP ( 'NONE', ( #600, #1565, #662, #1965 ) ) ;
#1206 = ORIENTED_EDGE ( 'NONE', *, *, #1654, .T. ) ;
#1207 = AXIS2_PLACEMENT_3D ( 'NONE', #611, #804, #1153 ) ;
#1208 = AXIS2_PLACEMENT_3D ( 'NONE', #1590, #1938, #1776 ) ;
#1209 = CIRCLE ( 'NONE', #1968, 8.000000000000000000 ) ;
#1210 = ADVANCED_FACE ( 'NONE', ( #541 ), #192, .F. ) ;
#1211 = DIRECTION ( 'NONE',  ( -1.000000000000000000, -0.000000000000000000, -8.211708762020388642E-17 ) ) ;
#1212 = EDGE_CURVE ( 'NONE', #1037, #502, #1405, .T. ) ;
#1213 = DIRECTION ( 'NONE',  ( 0.000000000000000000, 0.000000000000000000, 1.000000000000000000 ) ) ;
#1214 = DIRECTION ( 'NONE',  ( 0.000000000000000000, 0.000000000000000000, 1.000000000000000000 ) ) ;
#1215 = DIRECTION ( 'NONE',  ( 0.000000000000000000, 0.000000000000000000, -1.000000000000000000 ) ) ;
#1216 = ORIENTED_EDGE ( 'NONE', *, *, #1889, .F. ) ;
#1217 = DIRECTION ( 'NONE',  ( -0.000000000000000000, -1.000000000000000000, -0.000000000000000000 ) ) ;
#1218 = ORIENTED_EDGE ( 'NONE', *, *, #1606, .F. ) ;
#1219 = ORIENTED_EDGE ( 'NONE', *, *, #1392, .F. ) ;
#1220 = CARTESIAN_POINT ( 'NONE',  ( 15.99999999999999289, 2.500000000000015987, -25.99999999999991118 ) ) ;
#1221 = ORIENTED_EDGE ( 'NONE', *, *, #1487, .T. ) ;
#1222 = DIRECTION ( 'NONE',  ( 0.000000000000000000, 0.000000000000000000, -1.000000000000000000 ) ) ;
#1223 = ADVANCED_FACE ( 'NONE', ( #889 ), #1577, .F. ) ;
#1224 = CARTESIAN_POINT ( 'NONE',  ( -15.50000000000000178, 5.000000000000000000, 18.50000000000000711 ) ) ;
#1225 = ORIENTED_EDGE ( 'NONE', *, *, #82, .T. ) ;
#1226 = DIRECTION ( 'NONE',  ( -0.000000000000000000, -1.000000000000000000, -0.000000000000000000 ) ) ;
#1227 = VERTEX_POINT ( 'NONE', #548 ) ;
#1228 = DIRECTION ( 'NONE',  ( 0.000000000000000000, 1.000000000000000000, 0.000000000000000000 ) ) ;
#1229 = DIRECTION ( 'NONE',  ( -1.000000000000000000, 0.000000000000000000, 0.000000000000000000 ) ) ;
#1230 = DIRECTION ( 'NONE',  ( 0.000000000000000000, 1.000000000000000000, 0.000000000000000000 ) ) ;
#1231 = CARTESIAN_POINT ( 'NONE',  ( -15.50000000000000355, 8.000000000000000000, -15.50000000000000000 ) ) ;
#1232 = EDGE_CURVE ( 'NONE', #285, #960, #1233, .T. ) ;
#1233 = LINE ( 'NONE', #384, #277 ) ;
#1234 = VECTOR ( 'NONE', #1435, 1000.000000000000000 ) ;
#1235 = VERTEX_POINT ( 'NONE', #401 ) ;
#1236 = AXIS2_PLACEMENT_3D ( 'NONE', #1617, #73, #758 ) ;
#1237 = VECTOR ( 'NONE', #1905, 1000.000000000000000 ) ;
#1238 = VECTOR ( 'NONE', #1425, 1000.000000000000000 ) ;
#1239 = AXIS2_PLACEMENT_3D ( 'NONE', #1407, #2098, #175 ) ;
#1240 = DIRECTION ( 'NONE',  ( -1.000000000000000000, -0.000000000000000000, 8.211708762020387409E-17 ) ) ;
#1241 = AXIS2_PLACEMENT_3D ( 'NONE', #1737, #286, #1045 ) ;
#1242 = AXIS2_PLACEMENT_3D ( 'NONE', #38, #1928, #2096 ) ;
#1243 = FACE_OUTER_BOUND ( 'NONE', #1786, .T. ) ;
#1244 = LINE ( 'NONE', #1072, #1458 ) ;
#1245 = CARTESIAN_POINT ( 'NONE',  ( 21.12500000000000355, -34.00000000000000000, -21.12500000000000711 ) ) ;
#1246 = ADVANCED_FACE ( 'NONE', ( #425 ), #436, .F. ) ;
#1247 = EDGE_LOOP ( 'NONE', ( #1087, #255, #618, #1891 ) ) ;
#1248 = CARTESIAN_POINT ( 'NONE',  ( -21.12499999999999645, -14.99999999999999645, 9.999999999999994671 ) ) ;
#1249 = ADVANCED_FACE ( 'NONE', ( #254 ), #1791, .F. ) ;
#1250 = FACE_BOUND ( 'NONE', #1558, .T. ) ;
#1251 = DIRECTION ( 'NONE',  ( -0.000000000000000000, 1.000000000000000000, -0.000000000000000000 ) ) ;
#1252 = CARTESIAN_POINT ( 'NONE',  ( 8.499999999999992895, -24.00000000000000000, 29.99999999999999289 ) ) ;
#1253 = DIRECTION ( 'NONE',  ( 0.000000000000000000, 0.000000000000000000, -1.000000000000000000 ) ) ;
#1254 = DIRECTION ( 'NONE',  ( -0.000000000000000000, -1.000000000000000000, -0.000000000000000000 ) ) ;
#1255 = ORIENTED_EDGE ( 'NONE', *, *, #2165, .F. ) ;
#1256 = CARTESIAN_POINT ( 'NONE',  ( 29.99999999999999289, -22.99999999999999645, -18.00000000000000355 ) ) ;
#1257 = CARTESIAN_POINT ( 'NONE',  ( 21.12500000000000711, -34.00000000000000000, 21.12499999999999289 ) ) ;
#1258 = ORIENTED_EDGE ( 'NONE', *, *, #921, .T. ) ;
#1259 = EDGE_CURVE ( 'NONE', #695, #1842, #1719, .T. ) ;
#1260 = CARTESIAN_POINT ( 'NONE',  ( -21.12499999999999289, -34.00000000000000000, 21.12499999999998934 ) ) ;
#1261 = LINE ( 'NONE', #1923, #310 ) ;
#1262 = CARTESIAN_POINT ( 'NONE',  ( 15.49999999999999645, 8.000000000000000000, -18.49999999999999645 ) ) ;
#1263 = PLANE ( 'NONE',  #1236 ) ;
#1264 = VERTEX_POINT ( 'NONE', #1584 ) ;
#1265 = LINE ( 'NONE', #237, #1316 ) ;
#1266 = VECTOR ( 'NONE', #755, 1000.000000000000000 ) ;
#1267 = VERTEX_POINT ( 'NONE', #937 ) ;
#1268 = DIRECTION ( 'NONE',  ( -0.000000000000000000, 1.000000000000000000, -0.000000000000000000 ) ) ;
#1269 = ORIENTED_EDGE ( 'NONE', *, *, #187, .F. ) ;
#1270 = CIRCLE ( 'NONE', #554, 4.500000000000000000 ) ;
#1271 = LINE ( 'NONE', #1970, #263 ) ;
#1272 = AXIS2_PLACEMENT_3D ( 'NONE', #1403, #154, #1359 ) ;
#1273 = AXIS2_PLACEMENT_3D ( 'NONE', #1825, #280, #2008 ) ;
#1274 = ADVANCED_FACE ( 'NONE', ( #414, #1081 ), #244, .T. ) ;
#1275 = AXIS2_PLACEMENT_3D ( 'NONE', #902, #566, #576 ) ;
#1276 = CARTESIAN_POINT ( 'NONE',  ( -30.00000000000000711, -14.99999999999999645, 9.999999999999994671 ) ) ;
#1277 = CYLINDRICAL_SURFACE ( 'NONE', #344, 8.000000000000000000 ) ;
#1278 = ADVANCED_FACE ( 'NONE', ( #1778 ), #604, .F. ) ;
#1279 = VECTOR ( 'NONE', #1627, 1000.000000000000000 ) ;
#1280 = LINE ( 'NONE', #1106, #1279 ) ;
#1281 = ORIENTED_EDGE ( 'NONE', *, *, #527, .F. ) ;
#1282 = DIRECTION ( 'NONE',  ( 1.000000000000000000, 0.000000000000000000, 8.211708762020389874E-17 ) ) ;
#1283 = EDGE_LOOP ( 'NONE', ( #1340, #1513 ) ) ;
#1284 = DIRECTION ( 'NONE',  ( -0.000000000000000000, -1.000000000000000000, -0.000000000000000000 ) ) ;
#1285 = VERTEX_POINT ( 'NONE', #1412 ) ;
#1286 = CARTESIAN_POINT ( 'NONE',  ( -21.12499999999999645, -22.99999999999999645, -21.12500000000001421 ) ) ;
#1287 = DIRECTION ( 'NONE',  ( -1.000000000000000000, 0.000000000000000000, 0.000000000000000000 ) ) ;
#1288 = CARTESIAN_POINT ( 'NONE',  ( 1.347111479062088405E-15, 2.200000000000000178, 11.00000000000000000 ) ) ;
#1289 = EDGE_CURVE ( 'NONE', #814, #1085, #560, .T. ) ;
#1290 = FACE_OUTER_BOUND ( 'NONE', #488, .T. ) ;
#1291 = VERTEX_POINT ( 'NONE', #52 ) ;
#1292 = DIRECTION ( 'NONE',  ( 0.000000000000000000, -1.000000000000000000, 0.000000000000000000 ) ) ;
#1293 = ORIENTED_EDGE ( 'NONE', *, *, #672, .F. ) ;
#1294 = LINE ( 'NONE', #1816, #2041 ) ;
#1295 = ORIENTED_EDGE ( 'NONE', *, *, #214, .F. ) ;
#1296 = CARTESIAN_POINT ( 'NONE',  ( 21.12500000000000711, 0.000000000000000000, 21.12499999999999289 ) ) ;
#1297 = CARTESIAN_POINT ( 'NONE',  ( -21.12499999999999645, -10.99999999999999645, -18.00000000000000355 ) ) ;
#1298 = LINE ( 'NONE', #1474, #161 ) ;
#1299 = FACE_OUTER_BOUND ( 'NONE', #1868, .T. ) ;
#1300 = ADVANCED_FACE ( 'NONE', ( #1607 ), #219, .T. ) ;
#1301 = DIRECTION ( 'NONE',  ( 0.000000000000000000, 0.000000000000000000, 1.000000000000000000 ) ) ;
#1302 = EDGE_LOOP ( 'NONE', ( #1434, #2056, #2196, #1932 ) ) ;
#1303 = LINE ( 'NONE', #1843, #594 ) ;
#1304 = EDGE_CURVE ( 'NONE', #1873, #285, #1096, .T. ) ;
#1305 = ORIENTED_EDGE ( 'NONE', *, *, #2083, .T. ) ;
#1306 = APPLICATION_PROTOCOL_DEFINITION ( 'draft international standard', 'automotive_design', 1998, #622 ) ;
#1307 = COLOUR_RGB ( '',0.2509803921568627416, 0.2509803921568627416, 0.2509803921568627416 ) ;
#1308 = DIRECTION ( 'NONE',  ( 0.000000000000000000, 0.000000000000000000, -1.000000000000000000 ) ) ;
#1309 = CIRCLE ( 'NONE', #412, 2.000000000000005329 ) ;
#1310 =( GEOMETRIC_REPRESENTATION_CONTEXT ( 3 ) GLOBAL_UNCERTAINTY_ASSIGNED_CONTEXT ( ( #964 ) ) GLOBAL_UNIT_ASSIGNED_CONTEXT ( ( #683, #169, #1168 ) ) REPRESENTATION_CONTEXT ( 'NONE', 'WORKASPACE' ) );
#1311 = VERTEX_POINT ( 'NONE', #64 ) ;
#1312 = CARTESIAN_POINT ( 'NONE',  ( 29.99999999999999289, 2.500000000000015987, -25.99999999999991118 ) ) ;
#1313 = CIRCLE ( 'NONE', #1570, 2.999999999999999112 ) ;
#1314 = VECTOR ( 'NONE', #1973, 1000.000000000000000 ) ;
#1315 = CARTESIAN_POINT ( 'NONE',  ( 0.000000000000000000, 0.000000000000000000, 0.000000000000000000 ) ) ;
#1316 = VECTOR ( 'NONE', #1282, 1000.000000000000000 ) ;
#1317 = DIRECTION ( 'NONE',  ( -0.000000000000000000, 1.000000000000000000, -0.000000000000000000 ) ) ;
#1318 = AXIS2_PLACEMENT_3D ( 'NONE', #284, #305, #2047 ) ;
#1319 = FACE_OUTER_BOUND ( 'NONE', #608, .T. ) ;
#1320 = ORIENTED_EDGE ( 'NONE', *, *, #1609, .T. ) ;
#1321 = LINE ( 'NONE', #118, #634 ) ;
#1322 = ORIENTED_EDGE ( 'NONE', *, *, #41, .T. ) ;
#1323 = PRODUCT_CONTEXT ( 'NONE', #622, 'mechanical' ) ;
#1324 = EDGE_CURVE ( 'NONE', #679, #811, #661, .T. ) ;
#1325 = CARTESIAN_POINT ( 'NONE',  ( 15.49999999999999645, 5.000000000000000000, -16.99999999999999645 ) ) ;
#1326 = ORIENTED_EDGE ( 'NONE', *, *, #1108, .F. ) ;
#1327 = DIRECTION ( 'NONE',  ( 0.000000000000000000, 0.000000000000000000, 1.000000000000000000 ) ) ;
#1328 = DIRECTION ( 'NONE',  ( 0.000000000000000000, 0.000000000000000000, 1.000000000000000000 ) ) ;
#1329 = ORIENTED_EDGE ( 'NONE', *, *, #1506, .F. ) ;
#1330 = CARTESIAN_POINT ( 'NONE',  ( 29.99999999999999289, 8.000000000000000000, 29.99999999999999289 ) ) ;
#1331 = ORIENTED_EDGE ( 'NONE', *, *, #834, .F. ) ;
#1332 = ORIENTED_EDGE ( 'NONE', *, *, #1622, .T. ) ;
#1333 = EDGE_CURVE ( 'NONE', #1703, #2122, #592, .T. ) ;
#1334 = DIRECTION ( 'NONE',  ( 1.224646799147351482E-16, 0.000000000000000000, -1.000000000000000000 ) ) ;
#1335 = EDGE_LOOP ( 'NONE', ( #137, #1368, #127, #327 ) ) ;
#1336 = DIRECTION ( 'NONE',  ( 0.000000000000000000, 0.000000000000000000, -1.000000000000000000 ) ) ;
#1337 = FACE_OUTER_BOUND ( 'NONE', #119, .T. ) ;
#1338 = FACE_BOUND ( 'NONE', #267, .T. ) ;
#1339 = ORIENTED_EDGE ( 'NONE', *, *, #1232, .T. ) ;
#1340 = ORIENTED_EDGE ( 'NONE', *, *, #876, .T. ) ;
#1341 = CARTESIAN_POINT ( 'NONE',  ( 21.12500000000000355, -22.99999999999999645, -10.00000000000000178 ) ) ;
#1342 = ADVANCED_FACE ( 'NONE', ( #1438, #905, #568, #920, #2126, #578 ), #1263, .F. ) ;
#1343 = VERTEX_POINT ( 'NONE', #2137 ) ;
#1344 = VECTOR ( 'NONE', #1053, 1000.000000000000000 ) ;
#1345 = LINE ( 'NONE', #2042, #198 ) ;
#1346 = EDGE_CURVE ( 'NONE', #2131, #1285, #1280, .T. ) ;
#1347 = DIRECTION ( 'NONE',  ( 0.000000000000000000, 1.000000000000000000, 0.000000000000000000 ) ) ;
#1348 = VECTOR ( 'NONE', #1550, 1000.000000000000000 ) ;
#1349 = DIRECTION ( 'NONE',  ( -0.000000000000000000, 1.000000000000000000, -0.000000000000000000 ) ) ;
#1350 = CIRCLE ( 'NONE', #382, 8.000000000000000000 ) ;
#1351 = CIRCLE ( 'NONE', #953, 4.500000000000000000 ) ;
#1352 = ORIENTED_EDGE ( 'NONE', *, *, #1559, .F. ) ;
#1353 = CIRCLE ( 'NONE', #1818, 1.999999999999998224 ) ;
#1354 = EDGE_LOOP ( 'NONE', ( #2166, #719, #2039, #994 ) ) ;
#1355 = PRODUCT_DEFINITION ( 'General', '', #1164, #2163 ) ;
#1356 = CARTESIAN_POINT ( 'NONE',  ( 29.99999999999999289, -22.99999999999999645, 9.999999999999994671 ) ) ;
#1357 = EDGE_LOOP ( 'NONE', ( #367, #1797, #1002, #135 ) ) ;
#1358 = DIRECTION ( 'NONE',  ( 0.000000000000000000, 0.000000000000000000, 1.000000000000000000 ) ) ;
#1359 = DIRECTION ( 'NONE',  ( 0.000000000000000000, 0.000000000000000000, 1.000000000000000000 ) ) ;
#1360 = CARTESIAN_POINT ( 'NONE',  ( 15.49999999999999645, 5.000000000000000000, -18.49999999999999645 ) ) ;
#1361 = DIRECTION ( 'NONE',  ( -8.211708762020387409E-17, -0.000000000000000000, -1.000000000000000000 ) ) ;
#1362 = ORIENTED_EDGE ( 'NONE', *, *, #1195, .F. ) ;
#1363 = EDGE_CURVE ( 'NONE', #1396, #2066, #2153, .T. ) ;
#1364 = CARTESIAN_POINT ( 'NONE',  ( -8.500000000000005329, -34.00000000000000000, 21.12499999999998934 ) ) ;
#1365 = ORIENTED_EDGE ( 'NONE', *, *, #1459, .T. ) ;
#1366 = EDGE_LOOP ( 'NONE', ( #1479, #1503, #524, #821 ) ) ;
#1367 = CARTESIAN_POINT ( 'NONE',  ( -8.500000000000007105, -24.00000000000000000, 29.99999999999999289 ) ) ;
#1368 = ORIENTED_EDGE ( 'NONE', *, *, #77, .T. ) ;
#1369 = DIRECTION ( 'NONE',  ( -1.953517427901809960E-16, 0.000000000000000000, 1.000000000000000000 ) ) ;
#1370 = FACE_OUTER_BOUND ( 'NONE', #1556, .T. ) ;
#1371 = CARTESIAN_POINT ( 'NONE',  ( -15.50000000000000178, 0.000000000000000000, 15.50000000000000355 ) ) ;
#1372 = VERTEX_POINT ( 'NONE', #1130 ) ;
#1373 = CARTESIAN_POINT ( 'NONE',  ( -30.00000000000000711, -11.00000000000000178, 9.999999999999994671 ) ) ;
#1374 = ORIENTED_EDGE ( 'NONE', *, *, #454, .T. ) ;
#1375 = EDGE_CURVE ( 'NONE', #1884, #362, #885, .T. ) ;
#1376 = EDGE_LOOP ( 'NONE', ( #1706, #764, #501, #1829 ) ) ;
#1377 = EDGE_CURVE ( 'NONE', #1491, #1659, #103, .T. ) ;
#1378 = DIRECTION ( 'NONE',  ( 1.000000000000000000, 0.000000000000000000, 0.000000000000000000 ) ) ;
#1379 = DIRECTION ( 'NONE',  ( -1.000000000000000000, -0.000000000000000000, 5.782411586589358625E-17 ) ) ;
#1380 = CARTESIAN_POINT ( 'NONE',  ( 29.99999999999999289, -28.49999999999997158, -25.99999999999991118 ) ) ;
#1381 =( GEOMETRIC_REPRESENTATION_CONTEXT ( 3 ) GLOBAL_UNCERTAINTY_ASSIGNED_CONTEXT ( ( #2082 ) ) GLOBAL_UNIT_ASSIGNED_CONTEXT ( ( #1845, #1980, #1650 ) ) REPRESENTATION_CONTEXT ( 'NONE', 'WORKASPACE' ) );
#1382 = DIRECTION ( 'NONE',  ( -1.000000000000000000, -0.000000000000000000, 2.312964634635742957E-16 ) ) ;
#1383 = DIRECTION ( 'NONE',  ( -0.000000000000000000, 1.000000000000000000, -0.000000000000000000 ) ) ;
#1384 = AXIS2_PLACEMENT_3D ( 'NONE', #1519, #483, #326 ) ;
#1385 = EDGE_LOOP ( 'NONE', ( #1782, #931, #1969, #1281 ) ) ;
#1386 = DIRECTION ( 'NONE',  ( 0.000000000000000000, -1.000000000000000000, 0.000000000000000000 ) ) ;
#1387 = CIRCLE ( 'NONE', #379, 1.500000000000001332 ) ;
#1388 = ORIENTED_EDGE ( 'NONE', *, *, #1983, .T. ) ;
#1389 = VERTEX_POINT ( 'NONE', #1486 ) ;
#1390 = AXIS2_PLACEMENT_3D ( 'NONE', #1990, #1469, #609 ) ;
#1391 = VECTOR ( 'NONE', #232, 1000.000000000000000 ) ;
#1392 = EDGE_CURVE ( 'NONE', #1, #1715, #230, .T. ) ;
#1393 = LINE ( 'NONE', #1936, #1492 ) ;
#1394 = FACE_OUTER_BOUND ( 'NONE', #1634, .T. ) ;
#1395 = CYLINDRICAL_SURFACE ( 'NONE', #453, 5.000000000000000888 ) ;
#1396 = VERTEX_POINT ( 'NONE', #1643 ) ;
#1397 = CARTESIAN_POINT ( 'NONE',  ( -16.00000000000000711, -28.49999999999999645, -27.99999999999993605 ) ) ;
#1398 = ORIENTED_EDGE ( 'NONE', *, *, #1259, .T. ) ;
#1399 = CARTESIAN_POINT ( 'NONE',  ( 29.99999999999999289, 2.500000000000015987, -27.99999999999991118 ) ) ;
#1400 = CARTESIAN_POINT ( 'NONE',  ( 8.499999999999994671, -24.00000000000000000, 21.12499999999998934 ) ) ;
#1401 = APPLICATION_CONTEXT ( 'automotive_design' ) ;
#1402 = EDGE_CURVE ( 'NONE', #1264, #1578, #664, .T. ) ;
#1403 = CARTESIAN_POINT ( 'NONE',  ( -30.00000000000004619, -14.99999999999999645, -10.00000000000000178 ) ) ;
#1404 = CARTESIAN_POINT ( 'NONE',  ( 15.49999999999999645, 11.20000000000000107, -16.99999999999999645 ) ) ;
#1405 = LINE ( 'NONE', #1054, #265 ) ;
#1406 = EDGE_LOOP ( 'NONE', ( #250, #640, #461, #2032 ) ) ;
#1407 = CARTESIAN_POINT ( 'NONE',  ( 0.000000000000000000, 7.500000000000000000, 0.000000000000000000 ) ) ;
#1408 = FACE_OUTER_BOUND ( 'NONE', #509, .T. ) ;
#1409 = FACE_OUTER_BOUND ( 'NONE', #1366, .T. ) ;
#1410 = EDGE_CURVE ( 'NONE', #257, #1372, #1863, .T. ) ;
#1411 = LINE ( 'NONE', #725, #1635 ) ;
#1412 = CARTESIAN_POINT ( 'NONE',  ( -15.50000000000000178, 8.000000000000000000, 12.50000000000000000 ) ) ;
#1413 = EDGE_CURVE ( 'NONE', #1815, #271, #163, .T. ) ;
#1414 = PRESENTATION_LAYER_ASSIGNMENT (  '', '', ( #160 ) ) ;
#1415 = ORIENTED_EDGE ( 'NONE', *, *, #1392, .T. ) ;
#1416 = DIRECTION ( 'NONE',  ( -0.000000000000000000, 1.000000000000000000, -0.000000000000000000 ) ) ;
#1417 = AXIS2_PLACEMENT_3D ( 'NONE', #1063, #2093, #1767 ) ;
#1418 = AXIS2_PLACEMENT_3D ( 'NONE', #1712, #2020, #987 ) ;
#1419 = DIRECTION ( 'NONE',  ( 0.000000000000000000, 0.000000000000000000, 1.000000000000000000 ) ) ;
#1420 = CIRCLE ( 'NONE', #1594, 8.000000000000000000 ) ;
#1421 = AXIS2_PLACEMENT_3D ( 'NONE', #392, #2073, #1214 ) ;
#1422 = LINE ( 'NONE', #208, #1084 ) ;
#1423 = AXIS2_PLACEMENT_3D ( 'NONE', #2119, #67, #1075 ) ;
#1424 = CIRCLE ( 'NONE', #205, 1.499999999999999556 ) ;
#1425 = DIRECTION ( 'NONE',  ( -1.000000000000000000, -0.000000000000000000, 5.782411586589358625E-17 ) ) ;
#1426 = DIRECTION ( 'NONE',  ( -1.000000000000000000, 0.000000000000000000, 0.000000000000000000 ) ) ;
#1427 = DIRECTION ( 'NONE',  ( 1.000000000000000000, 0.000000000000000000, 1.642341752404077975E-16 ) ) ;
#1428 = ORIENTED_EDGE ( 'NONE', *, *, #575, .F. ) ;
#1429 = ADVANCED_FACE ( 'NONE', ( #1994, #1655, #121, #787 ), #2201, .F. ) ;
#1430 = ORIENTED_EDGE ( 'NONE', *, *, #1865, .F. ) ;
#1431 = FACE_OUTER_BOUND ( 'NONE', #817, .T. ) ;
#1432 = ORIENTED_EDGE ( 'NONE', *, *, #1333, .T. ) ;
#1433 = FACE_OUTER_BOUND ( 'NONE', #159, .T. ) ;
#1434 = ORIENTED_EDGE ( 'NONE', *, *, #166, .F. ) ;
#1435 = DIRECTION ( 'NONE',  ( 1.000000000000000000, 0.000000000000000000, -0.000000000000000000 ) ) ;
#1436 = CARTESIAN_POINT ( 'NONE',  ( -8.500000000000005329, -34.00000000000000000, 21.11999999999999389 ) ) ;
#1437 = CARTESIAN_POINT ( 'NONE',  ( 0.000000000000000000, 7.500000000000000000, 0.000000000000000000 ) ) ;
#1438 = FACE_OUTER_BOUND ( 'NONE', #339, .T. ) ;
#1439 = EDGE_LOOP ( 'NONE', ( #174, #1454, #1468, #29 ) ) ;
#1440 = CARTESIAN_POINT ( 'NONE',  ( -21.12499999999999645, -10.99999999999999822, -10.00000000000000178 ) ) ;
#1441 = EDGE_CURVE ( 'NONE', #2170, #1762, #1811, .T. ) ;
#1442 = CARTESIAN_POINT ( 'NONE',  ( -21.12499999999999289, -22.99999999999999645, 9.999999999999994671 ) ) ;
#1443 = VERTEX_POINT ( 'NONE', #1500 ) ;
#1444 = CYLINDRICAL_SURFACE ( 'NONE', #1924, 1.999999999999998224 ) ;
#1445 = EDGE_CURVE ( 'NONE', #2175, #2066, #50, .T. ) ;
#1446 = LINE ( 'NONE', #423, #593 ) ;
#1447 = CARTESIAN_POINT ( 'NONE',  ( 15.49999999999999645, 5.000000000000000000, 15.50000000000000355 ) ) ;
#1448 = DIRECTION ( 'NONE',  ( -0.000000000000000000, -1.000000000000000000, -0.000000000000000000 ) ) ;
#1449 = LINE ( 'NONE', #2138, #914 ) ;
#1450 = VERTEX_POINT ( 'NONE', #292 ) ;
#1451 = DIRECTION ( 'NONE',  ( 0.000000000000000000, -9.637352644315595243E-17, 1.000000000000000000 ) ) ;
#1452 = VERTEX_POINT ( 'NONE', #975 ) ;
#1453 = CARTESIAN_POINT ( 'NONE',  ( 15.49999999999999645, 5.000000000000000000, -15.49999999999999822 ) ) ;
#1454 = ORIENTED_EDGE ( 'NONE', *, *, #876, .F. ) ;
#1455 = AXIS2_PLACEMENT_3D ( 'NONE', #1530, #1554, #2227 ) ;
#1456 = DIRECTION ( 'NONE',  ( -0.000000000000000000, -1.000000000000000000, -0.000000000000000000 ) ) ;
#1457 = AXIS2_PLACEMENT_3D ( 'NONE', #716, #1914, #505 ) ;
#1458 = VECTOR ( 'NONE', #734, 1000.000000000000000 ) ;
#1459 = EDGE_CURVE ( 'NONE', #522, #2159, #1298, .T. ) ;
#1460 = VECTOR ( 'NONE', #1211, 1000.000000000000000 ) ;
#1461 = AXIS2_PLACEMENT_3D ( 'NONE', #619, #2181, #2169 ) ;
#1462 = DIRECTION ( 'NONE',  ( -0.000000000000000000, -1.000000000000000000, -0.000000000000000000 ) ) ;
#1463 = DIRECTION ( 'NONE',  ( 0.000000000000000000, 0.000000000000000000, -1.000000000000000000 ) ) ;
#1464 = VECTOR ( 'NONE', #451, 1000.000000000000000 ) ;
#1465 = CARTESIAN_POINT ( 'NONE',  ( -15.50000000000000178, 5.000000000000000000, 15.50000000000000355 ) ) ;
#1466 = ORIENTED_EDGE ( 'NONE', *, *, #1138, .T. ) ;
#1467 = CARTESIAN_POINT ( 'NONE',  ( 0.000000000000000000, 0.000000000000000000, 4.500000000000000000 ) ) ;
#1468 = ORIENTED_EDGE ( 'NONE', *, *, #321, .T. ) ;
#1469 = DIRECTION ( 'NONE',  ( 0.000000000000000000, 1.000000000000000000, 0.000000000000000000 ) ) ;
#1470 = ORIENTED_EDGE ( 'NONE', *, *, #426, .F. ) ;
#1471 = CARTESIAN_POINT ( 'NONE',  ( 15.99999999999999289, 2.500000000000015987, -25.99999999999991118 ) ) ;
#1472 = ADVANCED_FACE ( 'NONE', ( #264 ), #1666, .F. ) ;
#1473 = LINE ( 'NONE', #446, #1314 ) ;
#1474 = CARTESIAN_POINT ( 'NONE',  ( -21.12499999999999645, -11.00000000000000178, 17.99999999999999645 ) ) ;
#1475 = EDGE_CURVE ( 'NONE', #934, #1452, #986, .T. ) ;
#1476 = CARTESIAN_POINT ( 'NONE',  ( 15.99999999999999289, -28.49999999999997158, -25.99999999999991118 ) ) ;
#1477 = ORIENTED_EDGE ( 'NONE', *, *, #602, .T. ) ;
#1478 = CARTESIAN_POINT ( 'NONE',  ( 21.12500000000000711, -22.99999999999999645, 21.12499999999999289 ) ) ;
#1479 = ORIENTED_EDGE ( 'NONE', *, *, #2120, .F. ) ;
#1480 = DIRECTION ( 'NONE',  ( 0.000000000000000000, 0.000000000000000000, 1.000000000000000000 ) ) ;
#1481 = ORIENTED_EDGE ( 'NONE', *, *, #1983, .F. ) ;
#1482 = SURFACE_SIDE_STYLE ('',( #251 ) ) ;
#1483 = ADVANCED_FACE ( 'NONE', ( #2164 ), #2210, .F. ) ;
#1484 = DIRECTION ( 'NONE',  ( -1.000000000000000000, 0.000000000000000000, 0.000000000000000000 ) ) ;
#1485 = CARTESIAN_POINT ( 'NONE',  ( -30.00000000000001066, -28.49999999999999645, -25.99999999999992895 ) ) ;
#1486 = CARTESIAN_POINT ( 'NONE',  ( -21.12499999999999645, -22.99999999999999645, -10.00000000000000178 ) ) ;
#1487 = EDGE_CURVE ( 'NONE', #1989, #1035, #847, .T. ) ;
#1488 = LINE ( 'NONE', #1330, #1062 ) ;
#1489 = ORIENTED_EDGE ( 'NONE', *, *, #1589, .T. ) ;
#1490 = DIRECTION ( 'NONE',  ( 1.000000000000000000, -0.000000000000000000, 1.642341752404077728E-16 ) ) ;
#1491 = VERTEX_POINT ( 'NONE', #481 ) ;
#1492 = VECTOR ( 'NONE', #70, 1000.000000000000000 ) ;
#1493 = AXIS2_PLACEMENT_3D ( 'NONE', #1656, #1985, #1328 ) ;
#1494 = LINE ( 'NONE', #1296, #1895 ) ;
#1495 = VECTOR ( 'NONE', #113, 1000.000000000000000 ) ;
#1496 = CIRCLE ( 'NONE', #809, 5.000000000000000888 ) ;
#1497 = ORIENTED_EDGE ( 'NONE', *, *, #837, .F. ) ;
#1498 = CIRCLE ( 'NONE', #415, 3.000000000000002665 ) ;
#1499 = CIRCLE ( 'NONE', #556, 1.499999999999999556 ) ;
#1500 = CARTESIAN_POINT ( 'NONE',  ( -15.50000000000000355, 8.000000000000000000, -12.50000000000000000 ) ) ;
#1501 = AXIS2_PLACEMENT_3D ( 'NONE', #597, #1630, #76 ) ;
#1502 = CYLINDRICAL_SURFACE ( 'NONE', #1595, 2.999999999999997335 ) ;
#1503 = ORIENTED_EDGE ( 'NONE', *, *, #1589, .F. ) ;
#1504 = CARTESIAN_POINT ( 'NONE',  ( -30.00000000000004619, -22.99999999999999645, -18.00000000000000355 ) ) ;
#1505 = ORIENTED_EDGE ( 'NONE', *, *, #1048, .F. ) ;
#1506 = EDGE_CURVE ( 'NONE', #1163, #687, #1929, .T. ) ;
#1507 = ORIENTED_EDGE ( 'NONE', *, *, #1094, .F. ) ;
#1508 = CARTESIAN_POINT ( 'NONE',  ( 6.123233995736765296E-16, 7.500000000000000000, -4.999999999999999112 ) ) ;
#1509 = VERTEX_POINT ( 'NONE', #657 ) ;
#1510 = DIRECTION ( 'NONE',  ( 1.000000000000000000, -0.000000000000000000, -8.211708762020389874E-17 ) ) ;
#1511 = CARTESIAN_POINT ( 'NONE',  ( 21.12500000000000711, -14.99999999999999645, 17.99999999999999645 ) ) ;
#1512 = ORIENTED_EDGE ( 'NONE', *, *, #2055, .F. ) ;
#1513 = ORIENTED_EDGE ( 'NONE', *, *, #442, .T. ) ;
#1514 = EDGE_CURVE ( 'NONE', #1291, #1491, #1345, .T. ) ;
#1515 = ADVANCED_FACE ( 'NONE', ( #872 ), #2224, .F. ) ;
#1516 = CARTESIAN_POINT ( 'NONE',  ( 1.347111479062088405E-15, 0.000000000000000000, 11.00000000000000000 ) ) ;
#1517 = ORIENTED_EDGE ( 'NONE', *, *, #2086, .T. ) ;
#1518 = CARTESIAN_POINT ( 'NONE',  ( -15.50000000000000178, 5.000000000000000000, 18.50000000000000711 ) ) ;
#1519 = CARTESIAN_POINT ( 'NONE',  ( -21.12499999999999289, -34.00000000000000000, 21.12499999999998934 ) ) ;
#1520 = EDGE_LOOP ( 'NONE', ( #743, #115 ) ) ;
#1521 = FACE_OUTER_BOUND ( 'NONE', #2018, .T. ) ;
#1522 = ORIENTED_EDGE ( 'NONE', *, *, #1579, .T. ) ;
#1523 = ORIENTED_EDGE ( 'NONE', *, *, #214, .T. ) ;
#1524 = DIRECTION ( 'NONE',  ( -0.000000000000000000, 1.000000000000000000, -0.000000000000000000 ) ) ;
#1525 = ORIENTED_EDGE ( 'NONE', *, *, #1609, .F. ) ;
#1526 = EDGE_CURVE ( 'NONE', #471, #1977, #489, .T. ) ;
#1527 = VECTOR ( 'NONE', #772, 1000.000000000000000 ) ;
#1528 = VECTOR ( 'NONE', #929, 1000.000000000000000 ) ;
#1529 = DIRECTION ( 'NONE',  ( -0.000000000000000000, 1.000000000000000000, -0.000000000000000000 ) ) ;
#1530 = CARTESIAN_POINT ( 'NONE',  ( -15.50000000000000178, 11.20000000000000107, 15.50000000000000355 ) ) ;
#1531 = VECTOR ( 'NONE', #1946, 1000.000000000000000 ) ;
#1532 = AXIS2_PLACEMENT_3D ( 'NONE', #1796, #396, #2112 ) ;
#1533 = DIRECTION ( 'NONE',  ( 0.000000000000000000, -1.000000000000000000, 0.000000000000000000 ) ) ;
#1534 = ORIENTED_EDGE ( 'NONE', *, *, #2182, .T. ) ;
#1535 = DIRECTION ( 'NONE',  ( 1.953517427901809960E-16, -0.000000000000000000, -1.000000000000000000 ) ) ;
#1536 = VECTOR ( 'NONE', #352, 1000.000000000000000 ) ;
#1537 = ORIENTED_EDGE ( 'NONE', *, *, #765, .T. ) ;
#1538 = CIRCLE ( 'NONE', #2044, 1.500000000000001332 ) ;
#1539 = ORIENTED_EDGE ( 'NONE', *, *, #1167, .F. ) ;
#1540 = CARTESIAN_POINT ( 'NONE',  ( -16.00000000000000711, 2.499999999999988454, -25.99999999999992539 ) ) ;
#1541 = VERTEX_POINT ( 'NONE', #1542 ) ;
#1542 = CARTESIAN_POINT ( 'NONE',  ( -15.50000000000000355, 8.000000000000000000, -18.50000000000000000 ) ) ;
#1543 = EDGE_CURVE ( 'NONE', #550, #2222, #1744, .T. ) ;
#1544 = DIRECTION ( 'NONE',  ( 0.000000000000000000, 0.000000000000000000, 1.000000000000000000 ) ) ;
#1545 = ORIENTED_EDGE ( 'NONE', *, *, #1514, .F. ) ;
#1546 = LINE ( 'NONE', #2089, #2102 ) ;
#1547 = ADVANCED_FACE ( 'NONE', ( #496 ), #1188, .F. ) ;
#1548 = ORIENTED_EDGE ( 'NONE', *, *, #1998, .F. ) ;
#1549 = VERTEX_POINT ( 'NONE', #334 ) ;
#1550 = DIRECTION ( 'NONE',  ( 0.000000000000000000, -9.637352644315595243E-17, 1.000000000000000000 ) ) ;
#1551 = LINE ( 'NONE', #669, #1460 ) ;
#1552 = ORIENTED_EDGE ( 'NONE', *, *, #724, .T. ) ;
#1553 = DIRECTION ( 'NONE',  ( 0.000000000000000000, 0.000000000000000000, 1.000000000000000000 ) ) ;
#1554 = DIRECTION ( 'NONE',  ( -0.000000000000000000, -1.000000000000000000, -0.000000000000000000 ) ) ;
#1555 = CYLINDRICAL_SURFACE ( 'NONE', #1461, 8.000000000000000000 ) ;
#1556 = EDGE_LOOP ( 'NONE', ( #1477, #1339, #443, #1466 ) ) ;
#1557 = DIRECTION ( 'NONE',  ( 0.000000000000000000, 0.000000000000000000, -1.000000000000000000 ) ) ;
#1558 = EDGE_LOOP ( 'NONE', ( #1875, #32, #2168, #653, #2090, #1917, #1216, #2147 ) ) ;
#1559 = EDGE_CURVE ( 'NONE', #1291, #1264, #36, .T. ) ;
#1560 = ORIENTED_EDGE ( 'NONE', *, *, #1751, .T. ) ;
#1561 = DIRECTION ( 'NONE',  ( 0.000000000000000000, 1.000000000000000000, 0.000000000000000000 ) ) ;
#1562 = LINE ( 'NONE', #22, #908 ) ;
#1563 = DIRECTION ( 'NONE',  ( -1.000000000000000000, 0.000000000000000000, 5.782411586589358625E-17 ) ) ;
#1564 = CARTESIAN_POINT ( 'NONE',  ( -30.00000000000000711, -34.00000000000000000, 30.00000000000000711 ) ) ;
#1565 = ORIENTED_EDGE ( 'NONE', *, *, #1363, .T. ) ;
#1566 = CARTESIAN_POINT ( 'NONE',  ( -8.500000000000005329, -24.00000000000000000, 21.11999999999999389 ) ) ;
#1567 = AXIS2_PLACEMENT_3D ( 'NONE', #671, #2052, #1369 ) ;
#1568 = AXIS2_PLACEMENT_3D ( 'NONE', #712, #1378, #891 ) ;
#1569 = ORIENTED_EDGE ( 'NONE', *, *, #469, .F. ) ;
#1570 = AXIS2_PLACEMENT_3D ( 'NONE', #1824, #1141, #460 ) ;
#1571 = VECTOR ( 'NONE', #933, 1000.000000000000000 ) ;
#1572 = ADVANCED_FACE ( 'NONE', ( #1179 ), #853, .F. ) ;
#1573 = AXIS2_PLACEMENT_3D ( 'NONE', #2065, #867, #718 ) ;
#1574 = CARTESIAN_POINT ( 'NONE',  ( 15.99999999999999289, -28.49999999999997158, -27.99999999999991473 ) ) ;
#1575 = CARTESIAN_POINT ( 'NONE',  ( 15.99999999999999289, -28.49999999999997158, -25.99999999999991118 ) ) ;
#1576 = DIRECTION ( 'NONE',  ( 1.000000000000000000, 0.000000000000000000, -5.782411586589358625E-17 ) ) ;
#1577 = CYLINDRICAL_SURFACE ( 'NONE', #1242, 1.500000000000001332 ) ;
#1578 = VERTEX_POINT ( 'NONE', #517 ) ;
#1579 = EDGE_CURVE ( 'NONE', #687, #1163, #1309, .T. ) ;
#1580 = CARTESIAN_POINT ( 'NONE',  ( -15.50000000000000178, 5.000000000000000000, 12.50000000000000000 ) ) ;
#1581 = EDGE_CURVE ( 'NONE', #1074, #283, #2184, .T. ) ;
#1582 = CARTESIAN_POINT ( 'NONE',  ( 15.99999999999999289, -28.49999999999997158, -23.99999999999991118 ) ) ;
#1583 = CARTESIAN_POINT ( 'NONE',  ( -30.00000000000001066, 2.499999999999988898, -27.99999999999992539 ) ) ;
#1584 = CARTESIAN_POINT ( 'NONE',  ( -30.00000000000000711, 8.000000000000000000, 25.00000000000000355 ) ) ;
#1585 = EDGE_LOOP ( 'NONE', ( #329, #1718, #2081, #939 ) ) ;
#1586 = CARTESIAN_POINT ( 'NONE',  ( 15.49999999999999645, 5.000000000000000000, -12.50000000000000000 ) ) ;
#1587 = DIRECTION ( 'NONE',  ( 0.000000000000000000, 0.000000000000000000, 1.000000000000000000 ) ) ;
#1588 = CYLINDRICAL_SURFACE ( 'NONE', #491, 2.999999999999999112 ) ;
#1589 = EDGE_CURVE ( 'NONE', #2214, #1694, #1749, .T. ) ;
#1590 = CARTESIAN_POINT ( 'NONE',  ( 15.49999999999999645, 0.000000000000000000, -15.49999999999999822 ) ) ;
#1591 = DIRECTION ( 'NONE',  ( -0.000000000000000000, -1.000000000000000000, -0.000000000000000000 ) ) ;
#1592 = ORIENTED_EDGE ( 'NONE', *, *, #1725, .F. ) ;
#1593 = DIRECTION ( 'NONE',  ( 0.000000000000000000, -8.673617379884035472E-16, -1.000000000000000000 ) ) ;
#1594 = AXIS2_PLACEMENT_3D ( 'NONE', #2063, #1871, #1222 ) ;
#1595 = AXIS2_PLACEMENT_3D ( 'NONE', #626, #1317, #954 ) ;
#1596 = ORIENTED_EDGE ( 'NONE', *, *, #752, .T. ) ;
#1597 = CARTESIAN_POINT ( 'NONE',  ( -16.00000000000000711, -28.49999999999999645, -23.99999999999992539 ) ) ;
#1598 = AXIS2_PLACEMENT_3D ( 'NONE', #62, #409, #1093 ) ;
#1599 = AXIS2_PLACEMENT_3D ( 'NONE', #229, #918, #1605 ) ;
#1600 = ORIENTED_EDGE ( 'NONE', *, *, #1445, .F. ) ;
#1601 = LINE ( 'NONE', #744, #1234 ) ;
#1602 = AXIS2_PLACEMENT_3D ( 'NONE', #1440, #1962, #1593 ) ;
#1603 = AXIS2_PLACEMENT_3D ( 'NONE', #1959, #1254, #726 ) ;
#1604 = CARTESIAN_POINT ( 'NONE',  ( -16.00000000000000711, -28.49999999999999645, -25.99999999999992895 ) ) ;
#1605 = DIRECTION ( 'NONE',  ( 0.000000000000000000, 0.000000000000000000, 1.000000000000000000 ) ) ;
#1606 = EDGE_CURVE ( 'NONE', #153, #934, #1420, .T. ) ;
#1607 = FACE_OUTER_BOUND ( 'NONE', #2048, .T. ) ;
#1608 = ORIENTED_EDGE ( 'NONE', *, *, #1078, .T. ) ;
#1609 = EDGE_CURVE ( 'NONE', #213, #1176, #1090, .T. ) ;
#1610 = DIRECTION ( 'NONE',  ( -0.000000000000000000, 1.000000000000000000, -0.000000000000000000 ) ) ;
#1611 = LINE ( 'NONE', #249, #1571 ) ;
#1612 = EDGE_LOOP ( 'NONE', ( #1219, #191, #1132, #1149 ) ) ;
#1613 = CARTESIAN_POINT ( 'NONE',  ( -21.12499999999999645, -14.99999999999999645, -18.00000000000000355 ) ) ;
#1614 = EDGE_CURVE ( 'NONE', #1842, #1833, #701, .T. ) ;
#1615 = CYLINDRICAL_SURFACE ( 'NONE', #27, 8.000000000000000000 ) ;
#1616 = DIRECTION ( 'NONE',  ( 0.000000000000000000, 0.000000000000000000, -1.000000000000000000 ) ) ;
#1617 = CARTESIAN_POINT ( 'NONE',  ( 0.000000000000000000, 0.000000000000000000, 0.000000000000000000 ) ) ;
#1618 = CARTESIAN_POINT ( 'NONE',  ( 0.000000000000000000, 7.500000000000000000, 0.000000000000000000 ) ) ;
#1619 = ORIENTED_EDGE ( 'NONE', *, *, #1413, .F. ) ;
#1620 = LINE ( 'NONE', #1805, #919 ) ;
#1621 = EDGE_LOOP ( 'NONE', ( #1470, #1763, #1880, #2203 ) ) ;
#1622 = EDGE_CURVE ( 'NONE', #1734, #2177, #177, .T. ) ;
#1623 = CARTESIAN_POINT ( 'NONE',  ( 15.49999999999999645, 0.000000000000000000, 15.50000000000000355 ) ) ;
#1624 = ORIENTED_EDGE ( 'NONE', *, *, #1559, .T. ) ;
#1625 = LINE ( 'NONE', #1126, #130 ) ;
#1626 = CARTESIAN_POINT ( 'NONE',  ( -16.00000000000000711, 2.499999999999988454, -25.99999999999992539 ) ) ;
#1627 = DIRECTION ( 'NONE',  ( -0.000000000000000000, 1.000000000000000000, -0.000000000000000000 ) ) ;
#1628 = FACE_OUTER_BOUND ( 'NONE', #307, .T. ) ;
#1629 = EDGE_LOOP ( 'NONE', ( #2206, #2000 ) ) ;
#1630 = DIRECTION ( 'NONE',  ( -1.000000000000000000, 0.000000000000000000, 5.782411586589358625E-17 ) ) ;
#1631 = AXIS2_PLACEMENT_3D ( 'NONE', #35, #1944, #1587 ) ;
#1632 = ORIENTED_EDGE ( 'NONE', *, *, #479, .F. ) ;
#1633 = DIRECTION ( 'NONE',  ( 1.000000000000000000, 0.000000000000000000, -8.211708762020387409E-17 ) ) ;
#1634 = EDGE_LOOP ( 'NONE', ( #776, #46 ) ) ;
#1635 = VECTOR ( 'NONE', #2101, 1000.000000000000000 ) ;
#1636 = EDGE_CURVE ( 'NONE', #271, #1815, #2037, .T. ) ;
#1637 = CIRCLE ( 'NONE', #665, 2.999999999999999112 ) ;
#1638 = CIRCLE ( 'NONE', #666, 1.999999999999998224 ) ;
#1639 = AXIS2_PLACEMENT_3D ( 'NONE', #1714, #170, #1544 ) ;
#1640 = DIRECTION ( 'NONE',  ( 1.000000000000000000, 0.000000000000000000, 0.000000000000000000 ) ) ;
#1641 = DIRECTION ( 'NONE',  ( -1.000000000000000000, 0.000000000000000000, 5.782411586589358625E-17 ) ) ;
#1642 = CIRCLE ( 'NONE', #1756, 3.000000000000002665 ) ;
#1643 = CARTESIAN_POINT ( 'NONE',  ( 1.347111479062088405E-15, 2.200000000000000178, 11.00000000000000000 ) ) ;
#1644 = CARTESIAN_POINT ( 'NONE',  ( 5.510910596163088569E-16, 7.500000000000000000, -4.500000000000000000 ) ) ;
#1645 = ORIENTED_EDGE ( 'NONE', *, *, #613, .T. ) ;
#1646 = DIRECTION ( 'NONE',  ( -1.000000000000000000, -0.000000000000000000, 5.782411586589358625E-17 ) ) ;
#1647 = ORIENTED_EDGE ( 'NONE', *, *, #834, .T. ) ;
#1648 = CARTESIAN_POINT ( 'NONE',  ( -30.00000000000004619, -10.99999999999999822, -18.00000000000000355 ) ) ;
#1649 = EDGE_LOOP ( 'NONE', ( #1632, #2, #1183, #699 ) ) ;
#1650 =( NAMED_UNIT ( * ) SI_UNIT ( $, .STERADIAN. ) SOLID_ANGLE_UNIT ( ) );
#1651 = ADVANCED_FACE ( 'NONE', ( #13 ), #189, .F. ) ;
#1652 = LINE ( 'NONE', #1286, #202 ) ;
#1653 = CARTESIAN_POINT ( 'NONE',  ( 24.99999999999998934, 8.000000000000000000, 24.99999999999998934 ) ) ;
#1654 = EDGE_CURVE ( 'NONE', #520, #404, #1904, .T. ) ;
#1655 = FACE_BOUND ( 'NONE', #156, .T. ) ;
#1656 = CARTESIAN_POINT ( 'NONE',  ( 0.000000000000000000, 0.000000000000000000, 0.000000000000000000 ) ) ;
#1657 = ORIENTED_EDGE ( 'NONE', *, *, #228, .T. ) ;
#1658 = CARTESIAN_POINT ( 'NONE',  ( 29.99999999999999289, -10.99999999999999822, -10.00000000000000178 ) ) ;
#1659 = VERTEX_POINT ( 'NONE', #1052 ) ;
#1660 = ADVANCED_FACE ( 'NONE', ( #1394, #2087 ), #200, .T. ) ;
#1661 = DIRECTION ( 'NONE',  ( 0.000000000000000000, 0.000000000000000000, 1.000000000000000000 ) ) ;
#1662 = ORIENTED_EDGE ( 'NONE', *, *, #1140, .T. ) ;
#1663 = DIRECTION ( 'NONE',  ( -1.000000000000000000, -0.000000000000000000, 0.000000000000000000 ) ) ;
#1664 = ORIENTED_EDGE ( 'NONE', *, *, #739, .T. ) ;
#1665 = CARTESIAN_POINT ( 'NONE',  ( -21.12499999999999645, -2.999999999999995559, -21.12500000000001066 ) ) ;
#1666 = CYLINDRICAL_SURFACE ( 'NONE', #729, 1.499999999999999556 ) ;
#1667 = EDGE_CURVE ( 'NONE', #1450, #271, #588, .T. ) ;
#1668 = ORIENTED_EDGE ( 'NONE', *, *, #1814, .F. ) ;
#1669 = VERTEX_POINT ( 'NONE', #894 ) ;
#1670 = CARTESIAN_POINT ( 'NONE',  ( 0.000000000000000000, 2.200000000000000178, 0.000000000000000000 ) ) ;
#1671 = ORIENTED_EDGE ( 'NONE', *, *, #983, .F. ) ;
#1672 = LINE ( 'NONE', #980, #236 ) ;
#1673 = ORIENTED_EDGE ( 'NONE', *, *, #1942, .T. ) ;
#1674 = AXIS2_PLACEMENT_3D ( 'NONE', #152, #1196, #1890 ) ;
#1675 = CARTESIAN_POINT ( 'NONE',  ( -30.00000000000004619, -22.99999999999999645, 17.99999999999999645 ) ) ;
#1676 = AXIS2_PLACEMENT_3D ( 'NONE', #707, #1711, #1042 ) ;
#1677 = AXIS2_PLACEMENT_3D ( 'NONE', #1485, #1641, #2162 ) ;
#1678 = ORIENTED_EDGE ( 'NONE', *, *, #1324, .F. ) ;
#1679 = VECTOR ( 'NONE', #226, 1000.000000000000000 ) ;
#1680 = VECTOR ( 'NONE', #1383, 1000.000000000000000 ) ;
#1681 = DIRECTION ( 'NONE',  ( 1.000000000000000000, -0.000000000000000000, -8.211708762020389874E-17 ) ) ;
#1682 = VECTOR ( 'NONE', #710, 1000.000000000000000 ) ;
#1683 = DIRECTION ( 'NONE',  ( 0.000000000000000000, -9.637352644315596475E-17, 1.000000000000000000 ) ) ;
#1684 = ADVANCED_FACE ( 'NONE', ( #48 ), #935, .F. ) ;
#1685 = DIRECTION ( 'NONE',  ( 0.000000000000000000, 0.000000000000000000, -1.000000000000000000 ) ) ;
#1686 = EDGE_LOOP ( 'NONE', ( #1728, #289 ) ) ;
#1687 = EDGE_CURVE ( 'NONE', #1085, #1975, #83, .T. ) ;
#1688 = ORIENTED_EDGE ( 'NONE', *, *, #1070, .T. ) ;
#1689 = ADVANCED_BREP_SHAPE_REPRESENTATION ( 'encoder-stand_motor-mount', ( #132, #2034 ), #841 ) ;
#1690 = DIRECTION ( 'NONE',  ( 0.000000000000000000, -1.000000000000000000, 0.000000000000000000 ) ) ;
#1691 = ORIENTED_EDGE ( 'NONE', *, *, #656, .F. ) ;
#1692 = DIRECTION ( 'NONE',  ( 0.000000000000000000, -1.000000000000000000, 0.000000000000000000 ) ) ;
#1693 = FACE_BOUND ( 'NONE', #306, .T. ) ;
#1694 = VERTEX_POINT ( 'NONE', #1582 ) ;
#1695 = DIRECTION ( 'NONE',  ( 0.000000000000000000, 1.000000000000000000, 0.000000000000000000 ) ) ;
#1696 = ORIENTED_EDGE ( 'NONE', *, *, #1043, .T. ) ;
#1697 = ORIENTED_EDGE ( 'NONE', *, *, #961, .T. ) ;
#1698 = EDGE_CURVE ( 'NONE', #2214, #283, #2100, .T. ) ;
#1699 = CARTESIAN_POINT ( 'NONE',  ( -8.500000000000005329, -34.00000000000000000, 21.12499999999998934 ) ) ;
#1700 = ORIENTED_EDGE ( 'NONE', *, *, #302, .T. ) ;
#1701 = CARTESIAN_POINT ( 'NONE',  ( 15.49999999999999645, 5.000000000000000000, -15.49999999999999822 ) ) ;
#1702 = PLANE ( 'NONE',  #1960 ) ;
#1703 = VERTEX_POINT ( 'NONE', #217 ) ;
#1704 = CARTESIAN_POINT ( 'NONE',  ( -8.500000000000007105, -34.00000000000000000, 29.99999999999999289 ) ) ;
#1705 = EDGE_LOOP ( 'NONE', ( #1817, #836, #2180, #1049, #1187, #1720, #476, #1592, #1671, #139, #1066, #942, #149, #2051 ) ) ;
#1706 = ORIENTED_EDGE ( 'NONE', *, *, #1304, .F. ) ;
#1707 = EDGE_CURVE ( 'NONE', #1396, #1235, #1204, .T. ) ;
#1708 = DIRECTION ( 'NONE',  ( 1.000000000000000000, 0.000000000000000000, 0.000000000000000000 ) ) ;
#1709 = ORIENTED_EDGE ( 'NONE', *, *, #397, .F. ) ;
#1710 = EDGE_CURVE ( 'NONE', #1107, #120, #773, .T. ) ;
#1711 = DIRECTION ( 'NONE',  ( 0.000000000000000000, -1.000000000000000000, 0.000000000000000000 ) ) ;
#1712 = CARTESIAN_POINT ( 'NONE',  ( -15.50000000000000178, 5.000000000000000000, 15.50000000000000355 ) ) ;
#1713 = AXIS2_PLACEMENT_3D ( 'NONE', #470, #1690, #299 ) ;
#1714 = CARTESIAN_POINT ( 'NONE',  ( -30.00000000000004619, -10.99999999999999822, -10.00000000000000178 ) ) ;
#1715 = VERTEX_POINT ( 'NONE', #723 ) ;
#1716 = DIRECTION ( 'NONE',  ( 0.000000000000000000, 1.000000000000000000, 0.000000000000000000 ) ) ;
#1717 = CIRCLE ( 'NONE', #1501, 1.999999999999998224 ) ;
#1718 = ORIENTED_EDGE ( 'NONE', *, *, #1147, .T. ) ;
#1719 = CIRCLE ( 'NONE', #738, 4.999999999999999112 ) ;
#1720 = ORIENTED_EDGE ( 'NONE', *, *, #1847, .T. ) ;
#1721 = EDGE_CURVE ( 'NONE', #1842, #695, #915, .T. ) ;
#1722 = LINE ( 'NONE', #880, #1822 ) ;
#1723 = CARTESIAN_POINT ( 'NONE',  ( -15.50000000000000355, 0.000000000000000000, -15.50000000000000000 ) ) ;
#1724 = CARTESIAN_POINT ( 'NONE',  ( -30.00000000000001066, 2.499999999999988454, -25.99999999999992539 ) ) ;
#1725 = EDGE_CURVE ( 'NONE', #1762, #2177, #1446, .T. ) ;
#1726 = CYLINDRICAL_SURFACE ( 'NONE', #1418, 3.000000000000002665 ) ;
#1727 = CARTESIAN_POINT ( 'NONE',  ( -15.50000000000000178, 5.000000000000000000, 17.00000000000000000 ) ) ;
#1728 = ORIENTED_EDGE ( 'NONE', *, *, #538, .T. ) ;
#1729 = DIRECTION ( 'NONE',  ( 0.000000000000000000, -1.000000000000000000, 0.000000000000000000 ) ) ;
#1730 = ORIENTED_EDGE ( 'NONE', *, *, #921, .F. ) ;
#1731 = EDGE_LOOP ( 'NONE', ( #1512, #440 ) ) ;
#1732 = CARTESIAN_POINT ( 'NONE',  ( -21.12499999999999645, -2.999999999999996447, -10.00000000000000178 ) ) ;
#1733 = FACE_OUTER_BOUND ( 'NONE', #1705, .T. ) ;
#1734 = VERTEX_POINT ( 'NONE', #1252 ) ;
#1735 = CARTESIAN_POINT ( 'NONE',  ( -30.00000000000004619, -3.000000000000000000, 9.999999999999994671 ) ) ;
#1736 = DIRECTION ( 'NONE',  ( 0.000000000000000000, 1.000000000000000000, 0.000000000000000000 ) ) ;
#1737 = CARTESIAN_POINT ( 'NONE',  ( 29.99999999999999289, -11.00000000000000178, 9.999999999999994671 ) ) ;
#1738 = VERTEX_POINT ( 'NONE', #1079 ) ;
#1739 = EDGE_CURVE ( 'NONE', #184, #1491, #1261, .T. ) ;
#1740 = DIRECTION ( 'NONE',  ( 0.000000000000000000, 0.000000000000000000, 1.000000000000000000 ) ) ;
#1741 = EDGE_LOOP ( 'NONE', ( #1146, #1997 ) ) ;
#1742 = CARTESIAN_POINT ( 'NONE',  ( -16.00000000000000711, 2.499999999999988454, -23.99999999999992895 ) ) ;
#1743 = CARTESIAN_POINT ( 'NONE',  ( -16.00000000000000711, 2.499999999999988454, -25.99999999999992539 ) ) ;
#1744 = LINE ( 'NONE', #359, #913 ) ;
#1745 = VECTOR ( 'NONE', #1251, 1000.000000000000000 ) ;
#1746 = FACE_OUTER_BOUND ( 'NONE', #235, .T. ) ;
#1747 = AXIS2_PLACEMENT_3D ( 'NONE', #567, #1426, #2095 ) ;
#1748 = DIRECTION ( 'NONE',  ( 1.000000000000000000, -0.000000000000000000, 0.000000000000000000 ) ) ;
#1749 = CIRCLE ( 'NONE', #449, 2.000000000000001776 ) ;
#1750 = VECTOR ( 'NONE', #1116, 1000.000000000000000 ) ;
#1751 = EDGE_CURVE ( 'NONE', #1953, #1343, #1799, .T. ) ;
#1752 = ORIENTED_EDGE ( 'NONE', *, *, #887, .F. ) ;
#1753 = AXIS2_PLACEMENT_3D ( 'NONE', #1276, #1971, #1103 ) ;
#1754 = CIRCLE ( 'NONE', #1390, 3.000000000000002665 ) ;
#1755 = ADVANCED_FACE ( 'NONE', ( #1243 ), #1588, .F. ) ;
#1756 = AXIS2_PLACEMENT_3D ( 'NONE', #831, #1695, #1301 ) ;
#1757 = DIRECTION ( 'NONE',  ( -1.000000000000000000, -0.000000000000000000, -8.211708762020388642E-17 ) ) ;
#1758 = CYLINDRICAL_SURFACE ( 'NONE', #2069, 1.500000000000001332 ) ;
#1759 = CARTESIAN_POINT ( 'NONE',  ( -30.00000000000004619, -14.99999999999999645, 17.99999999999999645 ) ) ;
#1760 = FACE_BOUND ( 'NONE', #824, .T. ) ;
#1761 = DIRECTION ( 'NONE',  ( 1.000000000000000000, -0.000000000000000000, -0.000000000000000000 ) ) ;
#1762 = VERTEX_POINT ( 'NONE', #926 ) ;
#1763 = ORIENTED_EDGE ( 'NONE', *, *, #2120, .T. ) ;
#1764 = CARTESIAN_POINT ( 'NONE',  ( -21.12499999999999289, 0.000000000000000000, 21.12499999999998934 ) ) ;
#1765 = EDGE_CURVE ( 'NONE', #1659, #1549, #1937, .T. ) ;
#1766 = CARTESIAN_POINT ( 'NONE',  ( -30.00000000000004619, -14.99999999999999645, 9.999999999999994671 ) ) ;
#1767 = DIRECTION ( 'NONE',  ( 0.000000000000000000, -0.000000000000000000, -1.000000000000000000 ) ) ;
#1768 = CARTESIAN_POINT ( 'NONE',  ( -15.50000000000000178, 0.000000000000000000, 17.00000000000000000 ) ) ;
#1769 = DIRECTION ( 'NONE',  ( 0.000000000000000000, 0.000000000000000000, -1.000000000000000000 ) ) ;
#1770 = EDGE_LOOP ( 'NONE', ( #1331, #358, #580, #1539 ) ) ;
#1771 = LINE ( 'NONE', #403, #311 ) ;
#1772 = CARTESIAN_POINT ( 'NONE',  ( 0.000000000000000000, 2.200000000000000178, 0.000000000000000000 ) ) ;
#1773 = DIRECTION ( 'NONE',  ( -0.000000000000000000, -1.000000000000000000, -0.000000000000000000 ) ) ;
#1774 = ADVANCED_FACE ( 'NONE', ( #1409 ), #1071, .F. ) ;
#1775 = DIRECTION ( 'NONE',  ( -5.782411586589357392E-17, -0.000000000000000000, -1.000000000000000000 ) ) ;
#1776 = DIRECTION ( 'NONE',  ( 0.000000000000000000, 0.000000000000000000, -1.000000000000000000 ) ) ;
#1777 = ADVANCED_FACE ( 'NONE', ( #1789 ), #1615, .F. ) ;
#1778 = FACE_OUTER_BOUND ( 'NONE', #760, .T. ) ;
#1779 = ORIENTED_EDGE ( 'NONE', *, *, #976, .F. ) ;
#1780 = DIRECTION ( 'NONE',  ( -0.000000000000000000, -0.000000000000000000, -1.000000000000000000 ) ) ;
#1781 = CIRCLE ( 'NONE', #1208, 1.499999999999999556 ) ;
#1782 = ORIENTED_EDGE ( 'NONE', *, *, #1792, .F. ) ;
#1783 = PRODUCT_RELATED_PRODUCT_CATEGORY ( 'part', '', ( #468 ) ) ;
#1784 = CYLINDRICAL_SURFACE ( 'NONE', #164, 2.999999999999997335 ) ;
#1785 = CIRCLE ( 'NONE', #1753, 8.000000000000000000 ) ;
#1786 = EDGE_LOOP ( 'NONE', ( #1362, #1668, #143, #711 ) ) ;
#1787 = LINE ( 'NONE', #240, #1266 ) ;
#1788 = VECTOR ( 'NONE', #1813, 1000.000000000000000 ) ;
#1789 = FACE_OUTER_BOUND ( 'NONE', #1357, .T. ) ;
#1790 = DIRECTION ( 'NONE',  ( 0.000000000000000000, 0.000000000000000000, 1.000000000000000000 ) ) ;
#1791 = CYLINDRICAL_SURFACE ( 'NONE', #995, 1.499999999999999556 ) ;
#1792 = EDGE_CURVE ( 'NONE', #1343, #1886, #1785, .T. ) ;
#1793 = ORIENTED_EDGE ( 'NONE', *, *, #1915, .F. ) ;
#1794 = DIRECTION ( 'NONE',  ( 0.000000000000000000, 0.000000000000000000, 1.000000000000000000 ) ) ;
#1795 = ORIENTED_EDGE ( 'NONE', *, *, #765, .F. ) ;
#1796 = CARTESIAN_POINT ( 'NONE',  ( 0.000000000000000000, 8.000000000000000000, 0.000000000000000000 ) ) ;
#1797 = ORIENTED_EDGE ( 'NONE', *, *, #1654, .F. ) ;
#1798 = CARTESIAN_POINT ( 'NONE',  ( 21.12500000000001066, 0.000000000000000000, 21.12499999999999289 ) ) ;
#1799 = LINE ( 'NONE', #1759, #452 ) ;
#1800 = CYLINDRICAL_SURFACE ( 'NONE', #1091, 1.999999999999998224 ) ;
#1801 = DIRECTION ( 'NONE',  ( 0.000000000000000000, 0.000000000000000000, -1.000000000000000000 ) ) ;
#1802 = CARTESIAN_POINT ( 'NONE',  ( 21.12500000000000711, -2.999999999999998224, 9.999999999999994671 ) ) ;
#1803 = EDGE_CURVE ( 'NONE', #635, #1291, #1625, .T. ) ;
#1804 = ORIENTED_EDGE ( 'NONE', *, *, #644, .T. ) ;
#1805 = CARTESIAN_POINT ( 'NONE',  ( -21.12499999999999289, -34.00000000000000000, 17.99999999999999289 ) ) ;
#1806 = ORIENTED_EDGE ( 'NONE', *, *, #783, .T. ) ;
#1807 = FACE_BOUND ( 'NONE', #1629, .T. ) ;
#1808 = EDGE_LOOP ( 'NONE', ( #394, #1158 ) ) ;
#1809 = DIRECTION ( 'NONE',  ( 1.000000000000000000, -0.000000000000000000, 1.224646799147353207E-16 ) ) ;
#1810 = FACE_OUTER_BOUND ( 'NONE', #2117, .T. ) ;
#1811 = LINE ( 'NONE', #281, #1495 ) ;
#1812 = ORIENTED_EDGE ( 'NONE', *, *, #41, .F. ) ;
#1813 = DIRECTION ( 'NONE',  ( -0.000000000000000000, -1.000000000000000000, -0.000000000000000000 ) ) ;
#1814 = EDGE_CURVE ( 'NONE', #120, #1107, #1313, .T. ) ;
#1815 = VERTEX_POINT ( 'NONE', #279 ) ;
#1816 = CARTESIAN_POINT ( 'NONE',  ( 29.99999999999999289, -22.99999999999999645, 17.99999999999999645 ) ) ;
#1817 = ORIENTED_EDGE ( 'NONE', *, *, #342, .T. ) ;
#1818 = AXIS2_PLACEMENT_3D ( 'NONE', #2204, #319, #1685 ) ;
#1819 = DIRECTION ( 'NONE',  ( -0.000000000000000000, -1.000000000000000000, -0.000000000000000000 ) ) ;
#1820 = EDGE_CURVE ( 'NONE', #1738, #642, #630, .T. ) ;
#1821 = VECTOR ( 'NONE', #2019, 1000.000000000000000 ) ;
#1822 = VECTOR ( 'NONE', #186, 1000.000000000000000 ) ;
#1823 = CIRCLE ( 'NONE', #993, 8.000000000000000000 ) ;
#1824 = CARTESIAN_POINT ( 'NONE',  ( 15.49999999999999645, 5.000000000000000000, 15.50000000000000355 ) ) ;
#1825 = CARTESIAN_POINT ( 'NONE',  ( -15.50000000000000178, 5.000000000000000000, 15.50000000000000355 ) ) ;
#1826 = AXIS2_PLACEMENT_3D ( 'NONE', #1245, #737, #1427 ) ;
#1827 = DIRECTION ( 'NONE',  ( -1.000000000000000000, 0.000000000000000000, 5.782411586589358625E-17 ) ) ;
#1828 = CARTESIAN_POINT ( 'NONE',  ( -30.00000000000004619, -22.99999999999999645, 17.99999999999999645 ) ) ;
#1829 = ORIENTED_EDGE ( 'NONE', *, *, #1232, .F. ) ;
#1830 = PLANE ( 'NONE',  #1318 ) ;
#1831 = ORIENTED_EDGE ( 'NONE', *, *, #644, .F. ) ;
#1832 = CARTESIAN_POINT ( 'NONE',  ( -15.50000000000000355, 5.000000000000000000, -15.50000000000000000 ) ) ;
#1833 = VERTEX_POINT ( 'NONE', #636 ) ;
#1834 = EDGE_CURVE ( 'NONE', #224, #2222, #1494, .T. ) ;
#1835 = CARTESIAN_POINT ( 'NONE',  ( 21.12500000000000355, -22.99999999999999645, -10.00000000000000178 ) ) ;
#1836 = VERTEX_POINT ( 'NONE', #1858 ) ;
#1837 = CARTESIAN_POINT ( 'NONE',  ( -30.00000000000004619, -3.000000000000000000, 9.999999999999994671 ) ) ;
#1838 = DIRECTION ( 'NONE',  ( 0.000000000000000000, 0.000000000000000000, 1.000000000000000000 ) ) ;
#1839 = DIRECTION ( 'NONE',  ( 0.000000000000000000, 0.000000000000000000, 1.000000000000000000 ) ) ;
#1840 = ORIENTED_EDGE ( 'NONE', *, *, #1078, .F. ) ;
#1841 = CARTESIAN_POINT ( 'NONE',  ( -30.00000000000004619, -22.99999999999999645, 17.99999999999999645 ) ) ;
#1842 = VERTEX_POINT ( 'NONE', #134 ) ;
#1843 = CARTESIAN_POINT ( 'NONE',  ( -15.50000000000000178, 11.20000000000000107, 14.00000000000000355 ) ) ;
#1844 = ORIENTED_EDGE ( 'NONE', *, *, #1820, .F. ) ;
#1845 =( LENGTH_UNIT ( ) NAMED_UNIT ( * ) SI_UNIT ( .MILLI., .METRE. ) );
#1846 = FACE_OUTER_BOUND ( 'NONE', #1161, .T. ) ;
#1847 = EDGE_CURVE ( 'NONE', #1549, #1703, #731, .T. ) ;
#1848 = ORIENTED_EDGE ( 'NONE', *, *, #1184, .T. ) ;
#1849 = LINE ( 'NONE', #1764, #1026 ) ;
#1850 = CARTESIAN_POINT ( 'NONE',  ( -15.50000000000000355, 0.000000000000000000, -15.50000000000000000 ) ) ;
#1851 = EDGE_CURVE ( 'NONE', #1372, #1285, #1498, .T. ) ;
#1852 = CARTESIAN_POINT ( 'NONE',  ( -15.50000000000000355, 5.000000000000000000, -15.50000000000000000 ) ) ;
#1853 = EDGE_LOOP ( 'NONE', ( #989, #93, #89, #637 ) ) ;
#1854 = PLANE ( 'NONE',  #2079 ) ;
#1855 = ORIENTED_EDGE ( 'NONE', *, *, #469, .T. ) ;
#1856 = ORIENTED_EDGE ( 'NONE', *, *, #2165, .T. ) ;
#1857 = CIRCLE ( 'NONE', #877, 8.000000000000000000 ) ;
#1858 = CARTESIAN_POINT ( 'NONE',  ( 21.12500000000000711, -22.99999999999999645, 9.999999999999994671 ) ) ;
#1859 = VECTOR ( 'NONE', #380, 1000.000000000000000 ) ;
#1860 = VECTOR ( 'NONE', #2061, 1000.000000000000000 ) ;
#1861 = ORIENTED_EDGE ( 'NONE', *, *, #1122, .T. ) ;
#1862 = AXIS2_PLACEMENT_3D ( 'NONE', #2189, #1981, #646 ) ;
#1863 = LINE ( 'NONE', #1518, #378 ) ;
#1864 = AXIS2_PLACEMENT_3D ( 'NONE', #1658, #138, #464 ) ;
#1865 = EDGE_CURVE ( 'NONE', #340, #1989, #947, .T. ) ;
#1866 = CARTESIAN_POINT ( 'NONE',  ( -21.12499999999999289, -34.00000000000000000, 21.12499999999998934 ) ) ;
#1867 = ORIENTED_EDGE ( 'NONE', *, *, #579, .T. ) ;
#1868 = EDGE_LOOP ( 'NONE', ( #2200, #355, #1887, #1225 ) ) ;
#1869 = FACE_OUTER_BOUND ( 'NONE', #1439, .T. ) ;
#1870 = ORIENTED_EDGE ( 'NONE', *, *, #21, .T. ) ;
#1871 = DIRECTION ( 'NONE',  ( 1.000000000000000000, 0.000000000000000000, -5.782411586589358625E-17 ) ) ;
#1872 = LINE ( 'NONE', #1360, #1057 ) ;
#1873 = VERTEX_POINT ( 'NONE', #313 ) ;
#1874 = CARTESIAN_POINT ( 'NONE',  ( -21.12499999999999645, 0.000000000000000000, -21.12500000000001421 ) ) ;
#1875 = ORIENTED_EDGE ( 'NONE', *, *, #941, .F. ) ;
#1876 = EDGE_CURVE ( 'NONE', #1509, #1884, #288, .T. ) ;
#1877 = ORIENTED_EDGE ( 'NONE', *, *, #1721, .F. ) ;
#1878 = ADVANCED_FACE ( 'NONE', ( #601 ), #478, .T. ) ;
#1879 = DIRECTION ( 'NONE',  ( 0.000000000000000000, 1.000000000000000000, -0.000000000000000000 ) ) ;
#1880 = ORIENTED_EDGE ( 'NONE', *, *, #1581, .T. ) ;
#1881 = CARTESIAN_POINT ( 'NONE',  ( -16.00000000000000711, -28.49999999999999645, -25.99999999999992895 ) ) ;
#1882 = LINE ( 'NONE', #1925, #1237 ) ;
#1883 = CARTESIAN_POINT ( 'NONE',  ( 5.510910596163088569E-16, 0.000000000000000000, -4.500000000000000000 ) ) ;
#1884 = VERTEX_POINT ( 'NONE', #101 ) ;
#1885 = CARTESIAN_POINT ( 'NONE',  ( 15.49999999999999645, 5.000000000000000000, 12.50000000000000533 ) ) ;
#1886 = VERTEX_POINT ( 'NONE', #2026 ) ;
#1887 = ORIENTED_EDGE ( 'NONE', *, *, #1167, .T. ) ;
#1888 = CARTESIAN_POINT ( 'NONE',  ( 29.99999999999999289, -28.49999999999997158, -25.99999999999991118 ) ) ;
#1889 = EDGE_CURVE ( 'NONE', #569, #1389, #1652, .T. ) ;
#1890 = DIRECTION ( 'NONE',  ( 0.000000000000000000, 0.000000000000000000, 1.000000000000000000 ) ) ;
#1891 = ORIENTED_EDGE ( 'NONE', *, *, #1851, .T. ) ;
#1892 = AXIS2_PLACEMENT_3D ( 'NONE', #1724, #863, #1553 ) ;
#1893 = CARTESIAN_POINT ( 'NONE',  ( 8.499999999999992895, -24.00000000000000000, 29.99999999999999289 ) ) ;
#1894 = CARTESIAN_POINT ( 'NONE',  ( -30.00000000000004619, -2.999999999999997335, -18.00000000000000355 ) ) ;
#1895 = VECTOR ( 'NONE', #2006, 1000.000000000000000 ) ;
#1896 = CIRCLE ( 'NONE', #771, 1.999999999999998224 ) ;
#1897 = FACE_OUTER_BOUND ( 'NONE', #1152, .T. ) ;
#1898 = CARTESIAN_POINT ( 'NONE',  ( -15.50000000000000355, 5.000000000000000000, -15.50000000000000000 ) ) ;
#1899 = AXIS2_PLACEMENT_3D ( 'NONE', #248, #1292, #932 ) ;
#1900 = ORIENTED_EDGE ( 'NONE', *, *, #278, .T. ) ;
#1901 = ORIENTED_EDGE ( 'NONE', *, *, #930, .F. ) ;
#1902 = LINE ( 'NONE', #1367, #95 ) ;
#1903 = ADVANCED_FACE ( 'NONE', ( #784 ), #434, .F. ) ;
#1904 = LINE ( 'NONE', #1735, #2219 ) ;
#1905 = DIRECTION ( 'NONE',  ( 0.000000000000000000, 1.000000000000000000, 0.000000000000000000 ) ) ;
#1906 = DIRECTION ( 'NONE',  ( 0.000000000000000000, 1.000000000000000000, 0.000000000000000000 ) ) ;
#1907 = ORIENTED_EDGE ( 'NONE', *, *, #1636, .F. ) ;
#1908 = CARTESIAN_POINT ( 'NONE',  ( 21.12500000000000355, -3.000000000000000000, 9.999999999999994671 ) ) ;
#1909 = ORIENTED_EDGE ( 'NONE', *, *, #411, .T. ) ;
#1910 = VERTEX_POINT ( 'NONE', #1325 ) ;
#1911 = LINE ( 'NONE', #1039, #988 ) ;
#1912 = CARTESIAN_POINT ( 'NONE',  ( -21.12499999999999289, -14.99999999999999645, 17.99999999999999289 ) ) ;
#1913 = ORIENTED_EDGE ( 'NONE', *, *, #482, .T. ) ;
#1914 = DIRECTION ( 'NONE',  ( 0.000000000000000000, -1.000000000000000000, 0.000000000000000000 ) ) ;
#1915 = EDGE_CURVE ( 'NONE', #562, #542, #2172, .T. ) ;
#1916 = FACE_BOUND ( 'NONE', #582, .T. ) ;
#1917 = ORIENTED_EDGE ( 'NONE', *, *, #1921, .T. ) ;
#1918 = LINE ( 'NONE', #1203, #956 ) ;
#1919 = ADVANCED_FACE ( 'NONE', ( #984 ), #1967, .T. ) ;
#1920 = ORIENTED_EDGE ( 'NONE', *, *, #786, .F. ) ;
#1921 = EDGE_CURVE ( 'NONE', #66, #1389, #813, .T. ) ;
#1922 = DIRECTION ( 'NONE',  ( 0.000000000000000000, 1.000000000000000000, 0.000000000000000000 ) ) ;
#1923 = CARTESIAN_POINT ( 'NONE',  ( -30.00000000000001066, -34.00000000000000000, -29.99999999999999645 ) ) ;
#1924 = AXIS2_PLACEMENT_3D ( 'NONE', #2123, #544, #714 ) ;
#1925 = CARTESIAN_POINT ( 'NONE',  ( -21.12499999999999645, -34.00000000000000000, -18.00000000000000355 ) ) ;
#1926 = AXIS2_PLACEMENT_3D ( 'NONE', #978, #116, #485 ) ;
#1927 = CIRCLE ( 'NONE', #88, 2.999999999999999112 ) ;
#1928 = DIRECTION ( 'NONE',  ( -0.000000000000000000, -1.000000000000000000, -0.000000000000000000 ) ) ;
#1929 = CIRCLE ( 'NONE', #950, 2.000000000000005329 ) ;
#1930 = CIRCLE ( 'NONE', #309, 2.000000000000001776 ) ;
#1931 = ADVANCED_FACE ( 'NONE', ( #1846 ), #794, .F. ) ;
#1932 = ORIENTED_EDGE ( 'NONE', *, *, #952, .F. ) ;
#1933 = AXIS2_PLACEMENT_3D ( 'NONE', #1508, #1809, #1334 ) ;
#1934 = VECTOR ( 'NONE', #2064, 1000.000000000000000 ) ;
#1935 = VECTOR ( 'NONE', #617, 1000.000000000000000 ) ;
#1936 = CARTESIAN_POINT ( 'NONE',  ( -16.00000000000000711, -28.49999999999999645, -23.99999999999992539 ) ) ;
#1937 = LINE ( 'NONE', #1956, #1679 ) ;
#1938 = DIRECTION ( 'NONE',  ( 0.000000000000000000, -1.000000000000000000, 0.000000000000000000 ) ) ;
#1939 = DIRECTION ( 'NONE',  ( 0.000000000000000000, 0.000000000000000000, 1.000000000000000000 ) ) ;
#1940 = ORIENTED_EDGE ( 'NONE', *, *, #1687, .T. ) ;
#1941 = CARTESIAN_POINT ( 'NONE',  ( -30.00000000000001066, -28.49999999999999645, -23.99999999999992539 ) ) ;
#1942 = EDGE_CURVE ( 'NONE', #695, #20, #992, .T. ) ;
#1943 = DIRECTION ( 'NONE',  ( 0.000000000000000000, -1.000000000000000000, 0.000000000000000000 ) ) ;
#1944 = DIRECTION ( 'NONE',  ( 0.000000000000000000, 1.000000000000000000, 0.000000000000000000 ) ) ;
#1945 = ADVANCED_FACE ( 'NONE', ( #142 ), #503, .T. ) ;
#1946 = DIRECTION ( 'NONE',  ( 1.000000000000000000, -0.000000000000000000, -0.000000000000000000 ) ) ;
#1947 = DIRECTION ( 'NONE',  ( 0.000000000000000000, -1.000000000000000000, 0.000000000000000000 ) ) ;
#1948 = CARTESIAN_POINT ( 'NONE',  ( 21.12500000000000711, -34.00000000000000000, 21.12499999999999289 ) ) ;
#1949 = ORIENTED_EDGE ( 'NONE', *, *, #945, .T. ) ;
#1950 = DIRECTION ( 'NONE',  ( 0.000000000000000000, 1.000000000000000000, 0.000000000000000000 ) ) ;
#1951 = ORIENTED_EDGE ( 'NONE', *, *, #207, .T. ) ;
#1952 = DIRECTION ( 'NONE',  ( 0.000000000000000000, 0.000000000000000000, 1.000000000000000000 ) ) ;
#1953 = VERTEX_POINT ( 'NONE', #1912 ) ;
#1954 = CARTESIAN_POINT ( 'NONE',  ( 8.499999999999992895, -34.00000000000000000, 29.99999999999999289 ) ) ;
#1955 = EDGE_CURVE ( 'NONE', #1975, #1311, #1551, .T. ) ;
#1956 = CARTESIAN_POINT ( 'NONE',  ( 29.99999999999999289, -34.00000000000000000, 29.99999999999999289 ) ) ;
#1957 = DIRECTION ( 'NONE',  ( -0.000000000000000000, -1.000000000000000000, -0.000000000000000000 ) ) ;
#1958 = AXIS2_PLACEMENT_3D ( 'NONE', #1540, #1379, #2062 ) ;
#1959 = CARTESIAN_POINT ( 'NONE',  ( 15.49999999999999645, 11.20000000000000107, 15.50000000000000355 ) ) ;
#1960 = AXIS2_PLACEMENT_3D ( 'NONE', #1894, #864, #1683 ) ;
#1961 = ORIENTED_EDGE ( 'NONE', *, *, #561, .T. ) ;
#1962 = DIRECTION ( 'NONE',  ( -1.000000000000000000, -0.000000000000000000, 8.211708762020387409E-17 ) ) ;
#1963 = AXIS2_PLACEMENT_3D ( 'NONE', #2174, #625, #1118 ) ;
#1964 = AXIS2_PLACEMENT_3D ( 'NONE', #1437, #516, #1358 ) ;
#1965 = ORIENTED_EDGE ( 'NONE', *, *, #945, .F. ) ;
#1966 = LINE ( 'NONE', #2158, #2106 ) ;
#1967 = TOROIDAL_SURFACE ( 'NONE', #1207, 4.999999999999999112, 0.5000000000000000000 ) ;
#1968 = AXIS2_PLACEMENT_3D ( 'NONE', #419, #1099, #1794 ) ;
#1969 = ORIENTED_EDGE ( 'NONE', *, *, #866, .F. ) ;
#1970 = CARTESIAN_POINT ( 'NONE',  ( -15.50000000000000355, 11.20000000000000107, -17.00000000000000000 ) ) ;
#1971 = DIRECTION ( 'NONE',  ( 1.000000000000000000, 0.000000000000000000, -5.782411586589358625E-17 ) ) ;
#1972 = ADVANCED_FACE ( 'NONE', ( #680 ), #11, .F. ) ;
#1973 = DIRECTION ( 'NONE',  ( -1.000000000000000000, -0.000000000000000000, 2.312964634635742957E-16 ) ) ;
#1974 = CARTESIAN_POINT ( 'NONE',  ( -8.500000000000007105, -24.00000000000000000, 29.99999999999999289 ) ) ;
#1975 = VERTEX_POINT ( 'NONE', #1699 ) ;
#1976 = DIRECTION ( 'NONE',  ( -0.000000000000000000, 1.000000000000000000, -0.000000000000000000 ) ) ;
#1977 = VERTEX_POINT ( 'NONE', #835 ) ;
#1978 = FACE_BOUND ( 'NONE', #515, .T. ) ;
#1979 = ORIENTED_EDGE ( 'NONE', *, *, #2198, .F. ) ;
#1980 =( NAMED_UNIT ( * ) PLANE_ANGLE_UNIT ( ) SI_UNIT ( $, .RADIAN. ) );
#1981 = DIRECTION ( 'NONE',  ( -0.000000000000000000, -1.000000000000000000, 0.000000000000000000 ) ) ;
#1982 = DIRECTION ( 'NONE',  ( 0.000000000000000000, 0.000000000000000000, 1.000000000000000000 ) ) ;
#1983 = EDGE_CURVE ( 'NONE', #1035, #1051, #3, .T. ) ;
#1984 = DIRECTION ( 'NONE',  ( -0.000000000000000000, -1.000000000000000000, -0.000000000000000000 ) ) ;
#1985 = DIRECTION ( 'NONE',  ( -0.000000000000000000, 1.000000000000000000, -0.000000000000000000 ) ) ;
#1986 = ORIENTED_EDGE ( 'NONE', *, *, #1725, .T. ) ;
#1987 = EDGE_CURVE ( 'NONE', #1734, #814, #1902, .T. ) ;
#1988 = DIRECTION ( 'NONE',  ( -0.000000000000000000, -1.000000000000000000, -0.000000000000000000 ) ) ;
#1989 = VERTEX_POINT ( 'NONE', #1341 ) ;
#1990 = CARTESIAN_POINT ( 'NONE',  ( -15.50000000000000178, 8.000000000000000000, 15.50000000000000355 ) ) ;
#1991 = ORIENTED_EDGE ( 'NONE', *, *, #1614, .F. ) ;
#1992 = DIRECTION ( 'NONE',  ( 0.000000000000000000, 1.000000000000000000, 0.000000000000000000 ) ) ;
#1993 = DIRECTION ( 'NONE',  ( -1.000000000000000000, -0.000000000000000000, 5.782411586589358625E-17 ) ) ;
#1994 = FACE_BOUND ( 'NONE', #970, .T. ) ;
#1995 = DIRECTION ( 'NONE',  ( 5.782411586589358625E-17, -0.000000000000000000, 1.000000000000000000 ) ) ;
#1996 = CARTESIAN_POINT ( 'NONE',  ( 21.12500000000000355, -34.00000000000000000, -21.12500000000000711 ) ) ;
#1997 = ORIENTED_EDGE ( 'NONE', *, *, #656, .T. ) ;
#1998 = EDGE_CURVE ( 'NONE', #2049, #647, #1350, .T. ) ;
#1999 = DIRECTION ( 'NONE',  ( -0.000000000000000000, -1.000000000000000000, -0.000000000000000000 ) ) ;
#2000 = ORIENTED_EDGE ( 'NONE', *, *, #549, .F. ) ;
#2001 = AXIS2_PLACEMENT_3D ( 'NONE', #472, #1156, #820 ) ;
#2002 = APPLICATION_PROTOCOL_DEFINITION ( 'draft international standard', 'automotive_design', 1998, #1401 ) ;
#2003 = AXIS2_PLACEMENT_3D ( 'NONE', #733, #2114, #399 ) ;
#2004 = AXIS2_PLACEMENT_3D ( 'NONE', #1143, #290, #1790 ) ;
#2005 = VECTOR ( 'NONE', #1646, 1000.000000000000000 ) ;
#2006 = DIRECTION ( 'NONE',  ( 8.211708762020388642E-17, -0.000000000000000000, 1.000000000000000000 ) ) ;
#2007 = EDGE_LOOP ( 'NONE', ( #944, #1804 ) ) ;
#2008 = DIRECTION ( 'NONE',  ( 0.000000000000000000, 0.000000000000000000, 1.000000000000000000 ) ) ;
#2009 = CARTESIAN_POINT ( 'NONE',  ( 29.99999999999999289, -34.00000000000000000, -30.00000000000000000 ) ) ;
#2010 = CARTESIAN_POINT ( 'NONE',  ( -30.00000000000004619, -2.999999999999998224, -10.00000000000000178 ) ) ;
#2011 = EDGE_LOOP ( 'NONE', ( #890, #330, #1011, #484 ) ) ;
#2012 = FACE_OUTER_BOUND ( 'NONE', #584, .T. ) ;
#2013 = ORIENTED_EDGE ( 'NONE', *, *, #613, .F. ) ;
#2014 = EDGE_CURVE ( 'NONE', #1669, #562, #1638, .T. ) ;
#2015 =( NAMED_UNIT ( * ) PLANE_ANGLE_UNIT ( ) SI_UNIT ( $, .RADIAN. ) );
#2016 = ADVANCED_FACE ( 'NONE', ( #1869 ), #2036, .F. ) ;
#2017 = DIRECTION ( 'NONE',  ( 0.000000000000000000, -0.000000000000000000, 1.000000000000000000 ) ) ;
#2018 = EDGE_LOOP ( 'NONE', ( #1024, #430, #830, #402 ) ) ;
#2019 = DIRECTION ( 'NONE',  ( 0.000000000000000000, 1.000000000000000000, 0.000000000000000000 ) ) ;
#2020 = DIRECTION ( 'NONE',  ( -0.000000000000000000, 1.000000000000000000, -0.000000000000000000 ) ) ;
#2021 = ORIENTED_EDGE ( 'NONE', *, *, #1543, .T. ) ;
#2022 = ADVANCED_FACE ( 'NONE', ( #1733 ), #514, .F. ) ;
#2023 = DIRECTION ( 'NONE',  ( 1.000000000000000000, -0.000000000000000000, -2.312964634635742957E-16 ) ) ;
#2024 = EDGE_LOOP ( 'NONE', ( #314, #2129, #417, #781 ) ) ;
#2025 = ORIENTED_EDGE ( 'NONE', *, *, #786, .T. ) ;
#2026 = CARTESIAN_POINT ( 'NONE',  ( -30.00000000000004619, -22.99999999999999645, 9.999999999999994671 ) ) ;
#2027 = EDGE_LOOP ( 'NONE', ( #480, #1398 ) ) ;
#2028 = ADVANCED_FACE ( 'NONE', ( #343 ), #494, .F. ) ;
#2029 = DIRECTION ( 'NONE',  ( 0.000000000000000000, 0.000000000000000000, 1.000000000000000000 ) ) ;
#2030 = DIRECTION ( 'NONE',  ( 0.000000000000000000, 0.000000000000000000, 1.000000000000000000 ) ) ;
#2031 = LINE ( 'NONE', #1866, #1935 ) ;
#2032 = ORIENTED_EDGE ( 'NONE', *, *, #1155, .F. ) ;
#2033 = ORIENTED_EDGE ( 'NONE', *, *, #1003, .F. ) ;
#2034 = AXIS2_PLACEMENT_3D ( 'NONE', #98, #1113, #2171 ) ;
#2035 = AXIS2_PLACEMENT_3D ( 'NONE', #37, #1576, #1253 ) ;
#2036 = CYLINDRICAL_SURFACE ( 'NONE', #1958, 1.999999999999998224 ) ;
#2037 = CIRCLE ( 'NONE', #1892, 1.999999999999998224 ) ;
#2038 = AXIS2_PLACEMENT_3D ( 'NONE', #112, #1095, #612 ) ;
#2039 = ORIENTED_EDGE ( 'NONE', *, *, #114, .F. ) ;
#2040 = AXIS2_PLACEMENT_3D ( 'NONE', #2084, #1879, #332 ) ;
#2041 = VECTOR ( 'NONE', #959, 1000.000000000000000 ) ;
#2042 = CARTESIAN_POINT ( 'NONE',  ( -30.00000000000001066, 8.000000000000000000, -29.99999999999999645 ) ) ;
#2043 = ADVANCED_FACE ( 'NONE', ( #2218 ), #1030, .T. ) ;
#2044 = AXIS2_PLACEMENT_3D ( 'NONE', #1898, #1217, #157 ) ;
#2045 = DIRECTION ( 'NONE',  ( 0.000000000000000000, 0.000000000000000000, 1.000000000000000000 ) ) ;
#2046 = ORIENTED_EDGE ( 'NONE', *, *, #1710, .T. ) ;
#2047 = DIRECTION ( 'NONE',  ( -1.000000000000000000, 0.000000000000000000, -0.000000000000000000 ) ) ;
#2048 = EDGE_LOOP ( 'NONE', ( #1795, #353, #322, #181 ) ) ;
#2049 = VERTEX_POINT ( 'NONE', #1356 ) ;
#2050 = DIRECTION ( 'NONE',  ( 5.782411586589358625E-17, 0.000000000000000000, 1.000000000000000000 ) ) ;
#2051 = ORIENTED_EDGE ( 'NONE', *, *, #1687, .F. ) ;
#2052 = DIRECTION ( 'NONE',  ( -1.000000000000000000, 0.000000000000000000, -1.953517427901809960E-16 ) ) ;
#2053 = DIRECTION ( 'NONE',  ( -0.000000000000000000, -1.000000000000000000, -0.000000000000000000 ) ) ;
#2054 = CARTESIAN_POINT ( 'NONE',  ( 0.000000000000000000, 2.200000000000000178, 0.000000000000000000 ) ) ;
#2055 = EDGE_CURVE ( 'NONE', #362, #1884, #523, .T. ) ;
#2056 = ORIENTED_EDGE ( 'NONE', *, *, #2225, .T. ) ;
#2057 = CARTESIAN_POINT ( 'NONE',  ( 8.499999999999994671, -24.00000000000000000, 21.11999999999999389 ) ) ;
#2058 = ORIENTED_EDGE ( 'NONE', *, *, #715, .T. ) ;
#2059 = EDGE_CURVE ( 'NONE', #996, #550, #826, .T. ) ;
#2060 = EDGE_LOOP ( 'NONE', ( #793, #968, #1657, #1867 ) ) ;
#2061 = DIRECTION ( 'NONE',  ( -0.000000000000000000, -1.000000000000000000, -0.000000000000000000 ) ) ;
#2062 = DIRECTION ( 'NONE',  ( 0.000000000000000000, 0.000000000000000000, 1.000000000000000000 ) ) ;
#2063 = CARTESIAN_POINT ( 'NONE',  ( -30.00000000000001066, -14.99999999999999645, -10.00000000000000178 ) ) ;
#2064 = DIRECTION ( 'NONE',  ( -0.000000000000000000, 1.000000000000000000, -0.000000000000000000 ) ) ;
#2065 = CARTESIAN_POINT ( 'NONE',  ( 15.99999999999999289, -28.49999999999997158, -25.99999999999991118 ) ) ;
#2066 = VERTEX_POINT ( 'NONE', #1516 ) ;
#2067 = ORIENTED_EDGE ( 'NONE', *, *, #851, .T. ) ;
#2068 = EDGE_CURVE ( 'NONE', #465, #1873, #1040, .T. ) ;
#2069 = AXIS2_PLACEMENT_3D ( 'NONE', #782, #1456, #766 ) ;
#2070 = DIRECTION ( 'NONE',  ( 0.000000000000000000, -1.000000000000000000, 0.000000000000000000 ) ) ;
#2071 = AXIS2_PLACEMENT_3D ( 'NONE', #351, #839, #2045 ) ;
#2072 = CARTESIAN_POINT ( 'NONE',  ( -16.00000000000000711, -28.49999999999999645, -25.99999999999992895 ) ) ;
#2073 = DIRECTION ( 'NONE',  ( -0.000000000000000000, 1.000000000000000000, -0.000000000000000000 ) ) ;
#2074 = AXIS2_PLACEMENT_3D ( 'NONE', #818, #445, #2150 ) ;
#2075 = AXIS2_PLACEMENT_3D ( 'NONE', #684, #1906, #1661 ) ;
#2076 = LINE ( 'NONE', #1467, #56 ) ;
#2077 = EDGE_LOOP ( 'NONE', ( #2155, #1560, #805, #1365 ) ) ;
#2078 = CARTESIAN_POINT ( 'NONE',  ( 15.49999999999999645, 5.000000000000000000, -12.50000000000000000 ) ) ;
#2079 = AXIS2_PLACEMENT_3D ( 'NONE', #1504, #1148, #328 ) ;
#2080 = VERTEX_POINT ( 'NONE', #871 ) ;
#2081 = ORIENTED_EDGE ( 'NONE', *, *, #1987, .T. ) ;
#2082 = UNCERTAINTY_MEASURE_WITH_UNIT (LENGTH_MEASURE( 1.000000000000000082E-05 ), #1845, 'distance_accuracy_value', 'NONE');
#2083 = EDGE_CURVE ( 'NONE', #1051, #465, #1562, .T. ) ;
#2084 = CARTESIAN_POINT ( 'NONE',  ( 0.000000000000000000, -24.00000000000000000, 0.000000000000000000 ) ) ;
#2085 = ORIENTED_EDGE ( 'NONE', *, *, #1579, .F. ) ;
#2086 = EDGE_CURVE ( 'NONE', #687, #827, #1393, .T. ) ;
#2087 = FACE_BOUND ( 'NONE', #1741, .T. ) ;
#2088 = CARTESIAN_POINT ( 'NONE',  ( -25.00000000000000000, 8.000000000000000000, 25.00000000000000355 ) ) ;
#2089 = CARTESIAN_POINT ( 'NONE',  ( 29.99999999999999289, 8.000000000000000000, 29.99999999999999289 ) ) ;
#2090 = ORIENTED_EDGE ( 'NONE', *, *, #178, .F. ) ;
#2091 = CARTESIAN_POINT ( 'NONE',  ( -30.00000000000004619, -2.999999999999997335, -18.00000000000000355 ) ) ;
#2092 = CARTESIAN_POINT ( 'NONE',  ( 15.49999999999999645, 8.000000000000000000, 12.50000000000000533 ) ) ;
#2093 = DIRECTION ( 'NONE',  ( 0.000000000000000000, -1.000000000000000000, 0.000000000000000000 ) ) ;
#2094 = ADVANCED_FACE ( 'NONE', ( #925 ), #1077, .F. ) ;
#2095 = DIRECTION ( 'NONE',  ( 0.000000000000000000, 0.000000000000000000, 1.000000000000000000 ) ) ;
#2096 = DIRECTION ( 'NONE',  ( 0.000000000000000000, 0.000000000000000000, -1.000000000000000000 ) ) ;
#2097 = VERTEX_POINT ( 'NONE', #215 ) ;
#2098 = DIRECTION ( 'NONE',  ( 0.000000000000000000, 1.000000000000000000, 0.000000000000000000 ) ) ;
#2099 = CARTESIAN_POINT ( 'NONE',  ( 29.99999999999999289, 8.000000000000000000, 29.99999999999999289 ) ) ;
#2100 = LINE ( 'NONE', #557, #1531 ) ;
#2101 = DIRECTION ( 'NONE',  ( -8.211708762020387409E-17, -0.000000000000000000, -1.000000000000000000 ) ) ;
#2102 = VECTOR ( 'NONE', #8, 1000.000000000000000 ) ;
#2103 = ADVANCED_FACE ( 'NONE', ( #1408 ), #1444, .F. ) ;
#2104 = CARTESIAN_POINT ( 'NONE',  ( 21.12500000000001066, -10.99999999999999822, -10.00000000000000178 ) ) ;
#2105 = VECTOR ( 'NONE', #838, 1000.000000000000000 ) ;
#2106 = VECTOR ( 'NONE', #943, 1000.000000000000000 ) ;
#2107 = ORIENTED_EDGE ( 'NONE', *, *, #1346, .T. ) ;
#2108 = ADVANCED_FACE ( 'NONE', ( #390 ), #893, .F. ) ;
#2109 = CIRCLE ( 'NONE', #492, 4.500000000000000000 ) ;
#2110 = CARTESIAN_POINT ( 'NONE',  ( -16.00000000000000711, -28.49999999999999645, -27.99999999999993605 ) ) ;
#2111 = AXIS2_PLACEMENT_3D ( 'NONE', #1010, #2212, #799 ) ;
#2112 = DIRECTION ( 'NONE',  ( 0.000000000000000000, -0.000000000000000000, 1.000000000000000000 ) ) ;
#2113 = LINE ( 'NONE', #1069, #946 ) ;
#2114 = DIRECTION ( 'NONE',  ( 0.000000000000000000, -1.000000000000000000, 0.000000000000000000 ) ) ;
#2115 = CARTESIAN_POINT ( 'NONE',  ( 24.99999999999998934, 8.000000000000000000, 24.99999999999998934 ) ) ;
#2116 = CARTESIAN_POINT ( 'NONE',  ( 15.99999999999999289, 2.500000000000015987, -25.99999999999991118 ) ) ;
#2117 = EDGE_LOOP ( 'NONE', ( #860, #1534, #709, #146 ) ) ;
#2118 = ORIENTED_EDGE ( 'NONE', *, *, #1070, .F. ) ;
#2119 = CARTESIAN_POINT ( 'NONE',  ( 15.49999999999999645, 5.000000000000000000, -15.49999999999999822 ) ) ;
#2120 = EDGE_CURVE ( 'NONE', #1694, #1074, #1422, .T. ) ;
#2121 = FACE_OUTER_BOUND ( 'NONE', #324, .T. ) ;
#2122 = VERTEX_POINT ( 'NONE', #1089 ) ;
#2123 = CARTESIAN_POINT ( 'NONE',  ( 15.99999999999999289, 2.500000000000015987, -25.99999999999991118 ) ) ;
#2124 = DIRECTION ( 'NONE',  ( 0.000000000000000000, 0.000000000000000000, 1.000000000000000000 ) ) ;
#2125 = DIRECTION ( 'NONE',  ( 0.000000000000000000, -1.000000000000000000, 0.000000000000000000 ) ) ;
#2126 = FACE_BOUND ( 'NONE', #1023, .T. ) ;
#2127 = ORIENTED_EDGE ( 'NONE', *, *, #458, .T. ) ;
#2128 = CARTESIAN_POINT ( 'NONE',  ( -30.00000000000001066, -28.49999999999999645, -27.99999999999993605 ) ) ;
#2129 = ORIENTED_EDGE ( 'NONE', *, *, #1667, .T. ) ;
#2130 = FACE_BOUND ( 'NONE', #356, .T. ) ;
#2131 = VERTEX_POINT ( 'NONE', #1580 ) ;
#2132 = ADVANCED_FACE ( 'NONE', ( #2133, #882 ), #196, .T. ) ;
#2133 = FACE_OUTER_BOUND ( 'NONE', #596, .T. ) ;
#2134 = DIRECTION ( 'NONE',  ( 0.000000000000000000, 0.000000000000000000, 1.000000000000000000 ) ) ;
#2135 = CARTESIAN_POINT ( 'NONE',  ( 15.49999999999999645, 5.000000000000000000, -13.99999999999999645 ) ) ;
#2136 = CIRCLE ( 'NONE', #1631, 2.999999999999997335 ) ;
#2137 = CARTESIAN_POINT ( 'NONE',  ( -30.00000000000004619, -14.99999999999999645, 17.99999999999999645 ) ) ;
#2138 = CARTESIAN_POINT ( 'NONE',  ( -30.00000000000001066, -22.99999999999999645, -10.00000000000000178 ) ) ;
#2139 = CIRCLE ( 'NONE', #2071, 2.999999999999997335 ) ;
#2140 = CARTESIAN_POINT ( 'NONE',  ( -15.50000000000000355, 5.000000000000000000, -15.50000000000000000 ) ) ;
#2141 = AXIS2_PLACEMENT_3D ( 'NONE', #648, #1510, #2029 ) ;
#2142 = CIRCLE ( 'NONE', #1599, 2.000000000000005329 ) ;
#2143 = VERTEX_POINT ( 'NONE', #47 ) ;
#2144 = LINE ( 'NONE', #1648, #849 ) ;
#2145 = AXIS2_PLACEMENT_3D ( 'NONE', #850, #862, #2050 ) ;
#2146 = CIRCLE ( 'NONE', #2075, 3.000000000000002665 ) ;
#2147 = ORIENTED_EDGE ( 'NONE', *, *, #866, .T. ) ;
#2148 = AXIS2_PLACEMENT_3D ( 'NONE', #1373, #696, #858 ) ;
#2149 = EDGE_CURVE ( 'NONE', #2159, #520, #1857, .T. ) ;
#2150 = DIRECTION ( 'NONE',  ( 0.000000000000000000, 0.000000000000000000, -1.000000000000000000 ) ) ;
#2151 = CARTESIAN_POINT ( 'NONE',  ( -15.50000000000000355, 0.000000000000000000, -17.00000000000000000 ) ) ;
#2152 = EDGE_CURVE ( 'NONE', #333, #69, #2136, .T. ) ;
#2153 = LINE ( 'NONE', #1288, #312 ) ;
#2154 = CARTESIAN_POINT ( 'NONE',  ( -21.12499999999999645, -34.00000000000000000, -21.12500000000001421 ) ) ;
#2155 = ORIENTED_EDGE ( 'NONE', *, *, #941, .T. ) ;
#2156 = LINE ( 'NONE', #1256, #559 ) ;
#2157 = ORIENTED_EDGE ( 'NONE', *, *, #1876, .T. ) ;
#2158 = CARTESIAN_POINT ( 'NONE',  ( 21.12500000000000711, -2.999999999999999112, 21.12499999999999645 ) ) ;
#2159 = VERTEX_POINT ( 'NONE', #912 ) ;
#2160 = CARTESIAN_POINT ( 'NONE',  ( 15.49999999999999645, 11.20000000000000107, 17.00000000000000355 ) ) ;
#2161 = DIRECTION ( 'NONE',  ( -8.211708762020387409E-17, 0.000000000000000000, -1.000000000000000000 ) ) ;
#2162 = DIRECTION ( 'NONE',  ( 0.000000000000000000, 0.000000000000000000, 1.000000000000000000 ) ) ;
#2163 = PRODUCT_DEFINITION_CONTEXT ( 'detailed design', #1401, 'design' ) ;
#2164 = FACE_OUTER_BOUND ( 'NONE', #1020, .T. ) ;
#2165 = EDGE_CURVE ( 'NONE', #811, #213, #2113, .T. ) ;
#2166 = ORIENTED_EDGE ( 'NONE', *, *, #1402, .F. ) ;
#2167 = CARTESIAN_POINT ( 'NONE',  ( 0.000000000000000000, 2.200000000000000178, 4.500000000000000000 ) ) ;
#2168 = ORIENTED_EDGE ( 'NONE', *, *, #454, .F. ) ;
#2169 = DIRECTION ( 'NONE',  ( 0.000000000000000000, 0.000000000000000000, 1.000000000000000000 ) ) ;
#2170 = VERTEX_POINT ( 'NONE', #1400 ) ;
#2171 = DIRECTION ( 'NONE',  ( 1.000000000000000000, 0.000000000000000000, 0.000000000000000000 ) ) ;
#2172 = LINE ( 'NONE', #971, #2186 ) ;
#2173 = PLANE ( 'NONE',  #490 ) ;
#2174 = CARTESIAN_POINT ( 'NONE',  ( -30.00000000000000711, 8.000000000000000000, 30.00000000000000711 ) ) ;
#2175 = VERTEX_POINT ( 'NONE', #728 ) ;
#2176 = EDGE_CURVE ( 'NONE', #1311, #1267, #565, .T. ) ;
#2177 = VERTEX_POINT ( 'NONE', #1954 ) ;
#2178 = LINE ( 'NONE', #1841, #1133 ) ;
#2179 = MECHANICAL_DESIGN_GEOMETRIC_PRESENTATION_REPRESENTATION (  '', ( #160 ), #1381 ) ;
#2180 = ORIENTED_EDGE ( 'NONE', *, *, #1739, .T. ) ;
#2181 = DIRECTION ( 'NONE',  ( -1.000000000000000000, 0.000000000000000000, 0.000000000000000000 ) ) ;
#2182 = EDGE_CURVE ( 'NONE', #934, #66, #585, .T. ) ;
#2183 = VERTEX_POINT ( 'NONE', #574 ) ;
#2184 = CIRCLE ( 'NONE', #627, 2.000000000000001776 ) ;
#2185 = AXIS2_PLACEMENT_3D ( 'NONE', #1852, #303, #2030 ) ;
#2186 = VECTOR ( 'NONE', #110, 1000.000000000000000 ) ;
#2187 = AXIS2_PLACEMENT_3D ( 'NONE', #861, #1228, #420 ) ;
#2188 = VECTOR ( 'NONE', #1988, 1000.000000000000000 ) ;
#2189 = CARTESIAN_POINT ( 'NONE',  ( 24.99999999999998934, -34.00000000000000000, 24.99999999999998934 ) ) ;
#2190 = ORIENTED_EDGE ( 'NONE', *, *, #561, .F. ) ;
#2191 = EDGE_CURVE ( 'NONE', #1836, #2049, #1601, .T. ) ;
#2192 = DIRECTION ( 'NONE',  ( 0.000000000000000000, 0.000000000000000000, -1.000000000000000000 ) ) ;
#2193 = PLANE ( 'NONE',  #227 ) ;
#2194 = VERTEX_POINT ( 'NONE', #2092 ) ;
#2195 = DIRECTION ( 'NONE',  ( 0.000000000000000000, 0.000000000000000000, -1.000000000000000000 ) ) ;
#2196 = ORIENTED_EDGE ( 'NONE', *, *, #1820, .T. ) ;
#2197 = ORIENTED_EDGE ( 'NONE', *, *, #909, .F. ) ;
#2198 = EDGE_CURVE ( 'NONE', #1038, #1715, #1787, .T. ) ;
#2199 = DIRECTION ( 'NONE',  ( -1.000000000000000000, 0.000000000000000000, 5.782411586589357392E-17 ) ) ;
#2200 = ORIENTED_EDGE ( 'NONE', *, *, #140, .F. ) ;
#2201 = PLANE ( 'NONE',  #1963 ) ;
#2202 = CYLINDRICAL_SURFACE ( 'NONE', #1455, 1.499999999999999556 ) ;
#2203 = ORIENTED_EDGE ( 'NONE', *, *, #1698, .F. ) ;
#2204 = CARTESIAN_POINT ( 'NONE',  ( 29.99999999999999289, 2.500000000000015987, -25.99999999999991118 ) ) ;
#2205 = ORIENTED_EDGE ( 'NONE', *, *, #2014, .F. ) ;
#2206 = ORIENTED_EDGE ( 'NONE', *, *, #207, .F. ) ;
#2207 = EDGE_CURVE ( 'NONE', #955, #362, #1271, .T. ) ;
#2208 = CARTESIAN_POINT ( 'NONE',  ( 21.12500000000000355, -10.99999999999999822, -18.00000000000000355 ) ) ;
#2209 = ORIENTED_EDGE ( 'NONE', *, *, #1375, .T. ) ;
#2210 = PLANE ( 'NONE',  #2001 ) ;
#2211 = CARTESIAN_POINT ( 'NONE',  ( 15.49999999999999645, 5.000000000000000000, 18.50000000000000355 ) ) ;
#2212 = DIRECTION ( 'NONE',  ( -0.000000000000000000, -1.000000000000000000, -0.000000000000000000 ) ) ;
#2213 = VERTEX_POINT ( 'NONE', #1102 ) ;
#2214 = VERTEX_POINT ( 'NONE', #1574 ) ;
#2215 = VECTOR ( 'NONE', #188, 1000.000000000000000 ) ;
#2216 = AXIS2_PLACEMENT_3D ( 'NONE', #1465, #1448, #393 ) ;
#2217 = STYLED_ITEM ( 'NONE', ( #179 ), #132 ) ;
#2218 = FACE_OUTER_BOUND ( 'NONE', #1283, .T. ) ;
#2219 = VECTOR ( 'NONE', #25, 1000.000000000000000 ) ;
#2220 = CIRCLE ( 'NONE', #1568, 1.999999999999998224 ) ;
#2221 = ADVANCED_FACE ( 'NONE', ( #376 ), #1758, .F. ) ;
#2222 = VERTEX_POINT ( 'NONE', #1798 ) ;
#2223 = AXIS2_PLACEMENT_3D ( 'NONE', #1453, #1284, #272 ) ;
#2224 = PLANE ( 'NONE',  #1457 ) ;
#2225 = EDGE_CURVE ( 'NONE', #2183, #1738, #129, .T. ) ;
#2226 = AXIS2_PLACEMENT_3D ( 'NONE', #354, #1226, #1557 ) ;
#2227 = DIRECTION ( 'NONE',  ( 0.000000000000000000, 0.000000000000000000, -1.000000000000000000 ) ) ;
#2228 = LINE ( 'NONE', #15, #1536 ) ;
#2229 = ORIENTED_EDGE ( 'NONE', *, *, #1184, .F. ) ;
#2230 = FACE_OUTER_BOUND ( 'NONE', #1621, .T. ) ;
ENDSEC;
END-ISO-10303-21;
