ISO-10303-21;
HEADER;
FILE_DESCRIPTION (( 'STEP AP214' ),
    '1' );
FILE_NAME ('5mm to 8mm rigid shaft coupler v2.STEP',
    '2026-01-08T13:34:26',
    ( '' ),
    ( '' ),
    'SwSTEP 2.0',
    'SolidWorks 2025',
    '' );
FILE_SCHEMA (( 'AUTOMOTIVE_DESIGN' ));
ENDSEC;

DATA;
#1 = CARTESIAN_POINT ( 'NONE',  ( 6.000000000000000000, 6.129804491996769578, -6.125000000000000000 ) ) ;
#2 = FACE_OUTER_BOUND ( 'NONE', #1834, .T. ) ;
#3 = CARTESIAN_POINT ( 'NONE',  ( 4.536500000000000199, 6.129804491996769578, 5.361500000000000377 ) ) ;
#4 = ORIENTED_EDGE ( 'NONE', *, *, #2605, .F. ) ;
#5 = ORIENTED_EDGE ( 'NONE', *, *, #4345, .T. ) ;
#6 = EDGE_CURVE ( 'NONE', #120, #1475, #3704, .T. ) ;
#7 = CARTESIAN_POINT ( 'NONE',  ( 5.822295620539624572, 9.374723086841756370, -8.037826761946817555 ) ) ;
#8 = FACE_OUTER_BOUND ( 'NONE', #2218, .T. ) ;
#9 = ORIENTED_EDGE ( 'NONE', *, *, #1159, .F. ) ;
#10 = AXIS2_PLACEMENT_3D ( 'NONE', #2029, #1599, #4500 ) ;
#11 = AXIS2_PLACEMENT_3D ( 'NONE', #1954, #73, #3269 ) ;
#12 = FILL_AREA_STYLE_COLOUR ( '', #2969 ) ;
#13 = FILL_AREA_STYLE ('',( #803 ) ) ;
#14 =( LENGTH_UNIT ( ) NAMED_UNIT ( * ) SI_UNIT ( .MILLI., .METRE. ) );
#15 = CARTESIAN_POINT ( 'NONE',  ( 6.000000000000000000, -6.870195508003229534, -7.424999999999999822 ) ) ;
#16 = ORIENTED_EDGE ( 'NONE', *, *, #2622, .T. ) ;
#17 = DIRECTION ( 'NONE',  ( 0.000000000000000000, -1.000000000000000000, 0.000000000000000000 ) ) ;
#18 = SURFACE_STYLE_FILL_AREA ( #3823 ) ;
#19 = CIRCLE ( 'NONE', #1657, 2.500000000000000000 ) ;
#20 = CARTESIAN_POINT ( 'NONE',  ( 7.264500000000031932, 6.129804491996706517, 6.762593049267385581 ) ) ;
#21 = EDGE_CURVE ( 'NONE', #3906, #1740, #3206, .T. ) ;
#22 = VERTEX_POINT ( 'NONE', #2944 ) ;
#23 = SURFACE_SIDE_STYLE ('',( #1782 ) ) ;
#24 = CIRCLE ( 'NONE', #3620, 2.750000000000000000 ) ;
#25 = DIRECTION ( 'NONE',  ( 0.000000000000000000, 0.000000000000000000, -1.000000000000000000 ) ) ;
#26 =( BOUNDED_CURVE ( )  B_SPLINE_CURVE ( 2, ( #2583, #389, #1916 ),
 .UNSPECIFIED., .F., .F. ) 
 B_SPLINE_CURVE_WITH_KNOTS ( ( 3, 3 ),
 ( 0.000000000000000000, 0.03568735437828109841 ),
 .UNSPECIFIED. ) 
 CURVE ( )  GEOMETRIC_REPRESENTATION_ITEM ( )  RATIONAL_B_SPLINE_CURVE ( ( 1.000000000000000000, 1.001178655635339920, 1.000000000000000000 ) ) 
 REPRESENTATION_ITEM ( '' )  );
#27 = ORIENTED_EDGE ( 'NONE', *, *, #366, .T. ) ;
#28 = ORIENTED_EDGE ( 'NONE', *, *, #1276, .T. ) ;
#29 = AXIS2_PLACEMENT_3D ( 'NONE', #4336, #42, #1461 ) ;
#30 = ADVANCED_FACE ( 'NONE', ( #3016 ), #3346, .F. ) ;
#31 = CARTESIAN_POINT ( 'NONE',  ( 7.729412254339377064, 8.881510001388420505, -6.225951149301041987 ) ) ;
#32 = DIRECTION ( 'NONE',  ( 0.4999999999999998890, -0.8660254037844387076, 0.000000000000000000 ) ) ;
#33 = ORIENTED_EDGE ( 'NONE', *, *, #3372, .T. ) ;
#34 = STYLED_ITEM ( 'NONE', ( #3521 ), #4011 ) ;
#35 = CARTESIAN_POINT ( 'NONE',  ( 0.000000000000000000, 6.000000000000000000, 0.000000000000000000 ) ) ;
#36 = AXIS2_PLACEMENT_3D ( 'NONE', #1942, #4153, #1324 ) ;
#37 = SURFACE_STYLE_USAGE ( .BOTH. , #79 ) ;
#38 = FILL_AREA_STYLE ('',( #1180 ) ) ;
#39 = VECTOR ( 'NONE', #4102, 1000.000000000000000 ) ;
#40 = ORIENTED_EDGE ( 'NONE', *, *, #1075, .T. ) ;
#41 =( NAMED_UNIT ( * ) SI_UNIT ( $, .STERADIAN. ) SOLID_ANGLE_UNIT ( ) );
#42 = DIRECTION ( 'NONE',  ( 0.000000000000000000, 0.000000000000000000, 1.000000000000000000 ) ) ;
#43 = EDGE_LOOP ( 'NONE', ( #757, #4547, #4371, #81 ) ) ;
#44 = CARTESIAN_POINT ( 'NONE',  ( -2.449489742783180102, -12.25000000000000000, 0.5000000000000000000 ) ) ;
#45 = EDGE_CURVE ( 'NONE', #49, #2023, #273, .T. ) ;
#46 = CARTESIAN_POINT ( 'NONE',  ( 0.000000000000000000, -0.5000000000000000000, 2.750000000000000444 ) ) ;
#47 = DIRECTION ( 'NONE',  ( 1.000000000000000000, 0.000000000000000000, 0.000000000000000000 ) ) ;
#48 = DIRECTION ( 'NONE',  ( 0.000000000000000000, 1.000000000000000000, 0.000000000000000000 ) ) ;
#49 = VERTEX_POINT ( 'NONE', #4077 ) ;
#50 = PRESENTATION_LAYER_ASSIGNMENT (  '', '', ( #3041 ) ) ;
#51 = ORIENTED_EDGE ( 'NONE', *, *, #1087, .T. ) ;
#52 = EDGE_CURVE ( 'NONE', #489, #3152, #2760, .T. ) ;
#53 = PRESENTATION_LAYER_ASSIGNMENT (  '', '', ( #2453 ) ) ;
#54 = CARTESIAN_POINT ( 'NONE',  ( 4.353590732038903788, 8.938965278977764939, -8.921079647726974926 ) ) ;
#55 = DIRECTION ( 'NONE',  ( 1.000000000000000000, 0.000000000000000000, 0.000000000000000000 ) ) ;
#56 = ORIENTED_EDGE ( 'NONE', *, *, #4279, .T. ) ;
#57 = PRESENTATION_LAYER_ASSIGNMENT (  '', '', ( #2460 ) ) ;
#58 = COLOUR_RGB ( '',0.9607843137254902244, 0.9607843137254902244, 0.9647058823529411908 ) ;
#59 = DIRECTION ( 'NONE',  ( -8.659560562354932858E-17, -0.7071067811865455743, -0.7071067811865495711 ) ) ;
#60 = DIRECTION ( 'NONE',  ( -1.000000000000000000, 0.000000000000000000, 0.000000000000000000 ) ) ;
#61 = AXIS2_PLACEMENT_3D ( 'NONE', #1318, #620, #2379 ) ;
#62 = LINE ( 'NONE', #478, #4597 ) ;
#63 = ORIENTED_EDGE ( 'NONE', *, *, #644, .F. ) ;
#64 = EDGE_CURVE ( 'NONE', #3710, #1590, #2458, .T. ) ;
#65 = STYLED_ITEM ( 'NONE', ( #4216 ), #1650 ) ;
#66 = AXIS2_PLACEMENT_3D ( 'NONE', #4168, #1621, #2026 ) ;
#67 = FILL_AREA_STYLE_COLOUR ( '', #2657 ) ;
#68 = ORIENTED_EDGE ( 'NONE', *, *, #4478, .F. ) ;
#69 = STYLED_ITEM ( 'NONE', ( #1731 ), #1175 ) ;
#70 = CARTESIAN_POINT ( 'NONE',  ( -9.799999999999998934, 12.37500000000000000, 1.200153863164402993E-15 ) ) ;
#71 = CARTESIAN_POINT ( 'NONE',  ( 4.757243078933041325, -3.867094385335547280, -8.710618487128751752 ) ) ;
#72 = ORIENTED_EDGE ( 'NONE', *, *, #4044, .F. ) ;
#73 = DIRECTION ( 'NONE',  ( 0.000000000000000000, 1.000000000000000000, 0.000000000000000000 ) ) ;
#74 = CARTESIAN_POINT ( 'NONE',  ( 4.103598355345661197, 8.770911042887973963, -9.037397461315961777 ) ) ;
#75 = EDGE_CURVE ( 'NONE', #1538, #577, #4409, .T. ) ;
#76 = DIRECTION ( 'NONE',  ( -0.8660254037844387076, -0.4999999999999998890, 0.000000000000000000 ) ) ;
#77 = ORIENTED_EDGE ( 'NONE', *, *, #2863, .T. ) ;
#78 = ORIENTED_EDGE ( 'NONE', *, *, #6, .F. ) ;
#79 = SURFACE_SIDE_STYLE ('',( #2891 ) ) ;
#80 = DIRECTION ( 'NONE',  ( 0.000000000000000000, 0.000000000000000000, 1.000000000000000000 ) ) ;
#81 = ORIENTED_EDGE ( 'NONE', *, *, #2961, .T. ) ;
#82 =( GEOMETRIC_REPRESENTATION_CONTEXT ( 3 ) GLOBAL_UNCERTAINTY_ASSIGNED_CONTEXT ( ( #1945 ) ) GLOBAL_UNIT_ASSIGNED_CONTEXT ( ( #2164, #4300, #4366 ) ) REPRESENTATION_CONTEXT ( 'NONE', 'WORKASPACE' ) );
#83 = CARTESIAN_POINT ( 'NONE',  ( 7.082531754730550411, -6.245195508003230422, -7.231624327025939714 ) ) ;
#84 = CARTESIAN_POINT ( 'NONE',  ( 3.250000000000000444, -6.870195508003229534, -4.675000000000000711 ) ) ;
#85 = ORIENTED_EDGE ( 'NONE', *, *, #2590, .T. ) ;
#86 = EDGE_CURVE ( 'NONE', #3152, #3624, #2157, .T. ) ;
#87 = VECTOR ( 'NONE', #4099, 1000.000000000000000 ) ;
#88 = AXIS2_PLACEMENT_3D ( 'NONE', #2436, #4596, #2132 ) ;
#89 = DIRECTION ( 'NONE',  ( 0.000000000000000000, 0.000000000000000000, 1.000000000000000000 ) ) ;
#90 = EDGE_LOOP ( 'NONE', ( #4343, #2801, #875, #2533 ) ) ;
#91 = AXIS2_PLACEMENT_3D ( 'NONE', #3278, #1530, #3629 ) ;
#92 = CARTESIAN_POINT ( 'NONE',  ( 8.261741516061125168, 8.468518591012562879, -5.503261077954859637 ) ) ;
#93 = CARTESIAN_POINT ( 'NONE',  ( 9.912397540454078282, 0.000000000000000000, 0.5000000000000000000 ) ) ;
#94 = ORIENTED_EDGE ( 'NONE', *, *, #3354, .T. ) ;
#95 = VECTOR ( 'NONE', #1205, 1000.000000000000000 ) ;
#96 = ORIENTED_EDGE ( 'NONE', *, *, #1994, .F. ) ;
#97 = MECHANICAL_DESIGN_GEOMETRIC_PRESENTATION_REPRESENTATION (  '', ( #4002 ), #2343 ) ;
#98 = EDGE_CURVE ( 'NONE', #49, #1595, #1695, .T. ) ;
#99 =( NAMED_UNIT ( * ) SI_UNIT ( $, .STERADIAN. ) SOLID_ANGLE_UNIT ( ) );
#100 =( LENGTH_UNIT ( ) NAMED_UNIT ( * ) SI_UNIT ( .MILLI., .METRE. ) );
#101 = LINE ( 'NONE', #2598, #1285 ) ;
#102 = TOROIDAL_SURFACE ( 'NONE', #1522, 2.500000000000000000, 0.2500000000000000000 ) ;
#103 = EDGE_LOOP ( 'NONE', ( #4602, #124 ) ) ;
#104 = CARTESIAN_POINT ( 'NONE',  ( 4.556624327025930121, -6.870195508003229534, -6.125000000000000000 ) ) ;
#105 = ADVANCED_FACE ( 'NONE', ( #4384 ), #1534, .F. ) ;
#106 = FILL_AREA_STYLE_COLOUR ( '', #155 ) ;
#107 = DIRECTION ( 'NONE',  ( -0.7075674703283409972, 0.7066457917041270020, 0.000000000000000000 ) ) ;
#108 = CARTESIAN_POINT ( 'NONE',  ( 3.250000000000000444, 6.129804491996769578, -5.924999999999999822 ) ) ;
#109 = EDGE_CURVE ( 'NONE', #2910, #4560, #459, .T. ) ;
#110 = SURFACE_STYLE_FILL_AREA ( #4034 ) ;
#111 = CARTESIAN_POINT ( 'NONE',  ( 6.000000000000000000, 6.129804491996769578, -4.675000000000000711 ) ) ;
#112 = CARTESIAN_POINT ( 'NONE',  ( 6.721687836487029166, 7.379804491996769578, -7.424999999999999822 ) ) ;
#113 = EDGE_LOOP ( 'NONE', ( #3374, #1616, #4004, #402 ) ) ;
#114 = EDGE_CURVE ( 'NONE', #3096, #164, #4027, .T. ) ;
#115 = EDGE_CURVE ( 'NONE', #845, #1590, #1694, .T. ) ;
#116 = UNCERTAINTY_MEASURE_WITH_UNIT (LENGTH_MEASURE( 1.000000000000000082E-05 ), #3476, 'distance_accuracy_value', 'NONE');
#117 = CARTESIAN_POINT ( 'NONE',  ( 4.787411859191376351, 5.759239652487226024, 8.694070782729031777 ) ) ;
#118 = CARTESIAN_POINT ( 'NONE',  ( 7.443375672974060109, -6.870195508003229534, -7.424999999999999822 ) ) ;
#119 = VERTEX_POINT ( 'NONE', #2739 ) ;
#120 = VERTEX_POINT ( 'NONE', #3490 ) ;
#121 =( GEOMETRIC_REPRESENTATION_CONTEXT ( 3 ) GLOBAL_UNCERTAINTY_ASSIGNED_CONTEXT ( ( #583 ) ) GLOBAL_UNIT_ASSIGNED_CONTEXT ( ( #4022, #3758, #499 ) ) REPRESENTATION_CONTEXT ( 'NONE', 'WORKASPACE' ) );
#122 = DIRECTION ( 'NONE',  ( 0.000000000000000000, 0.000000000000000000, 1.000000000000000000 ) ) ;
#123 = AXIS2_PLACEMENT_3D ( 'NONE', #3074, #4510, #2724 ) ;
#124 = ORIENTED_EDGE ( 'NONE', *, *, #4178, .T. ) ;
#125 = PRESENTATION_STYLE_ASSIGNMENT (( #1490 ) ) ;
#126 = AXIS2_PLACEMENT_3D ( 'NONE', #2183, #2207, #2515 ) ;
#127 = DIRECTION ( 'NONE',  ( -1.000000000000000000, 0.000000000000000000, 0.000000000000000000 ) ) ;
#128 = DIRECTION ( 'NONE',  ( 1.000000000000000000, 0.000000000000000000, 0.000000000000000000 ) ) ;
#129 = DIRECTION ( 'NONE',  ( 0.000000000000000000, -1.000000000000000000, 0.000000000000000000 ) ) ;
#130 = EDGE_CURVE ( 'NONE', #2807, #2800, #4624, .T. ) ;
#131 = STYLED_ITEM ( 'NONE', ( #2006 ), #1532 ) ;
#132 = MECHANICAL_DESIGN_GEOMETRIC_PRESENTATION_REPRESENTATION (  '', ( #4631 ), #1111 ) ;
#133 = CARTESIAN_POINT ( 'NONE',  ( 6.000000000000000000, -6.870195508003229534, -6.125000000000000000 ) ) ;
#134 = ORIENTED_EDGE ( 'NONE', *, *, #1081, .T. ) ;
#135 = CARTESIAN_POINT ( 'NONE',  ( 6.000000000000000000, 6.129804491996769578, -6.125000000000000000 ) ) ;
#136 = PRESENTATION_STYLE_ASSIGNMENT (( #471 ) ) ;
#137 = EDGE_CURVE ( 'NONE', #2812, #3152, #2787, .T. ) ;
#138 = CARTESIAN_POINT ( 'NONE',  ( 6.721687836487029166, -8.120195508003229534, -6.125000000000000000 ) ) ;
#139 = ORIENTED_EDGE ( 'NONE', *, *, #2780, .T. ) ;
#140 = ORIENTED_EDGE ( 'NONE', *, *, #3594, .F. ) ;
#141 = CARTESIAN_POINT ( 'NONE',  ( 3.536168263226623143, 4.009105326903816824, -9.273749828561355102 ) ) ;
#142 = CARTESIAN_POINT ( 'NONE',  ( -4.220485754033539649, 12.50000000000000000, 0.5000000000000000000 ) ) ;
#143 = ORIENTED_EDGE ( 'NONE', *, *, #86, .F. ) ;
#144 = PLANE ( 'NONE',  #2496 ) ;
#145 = FACE_OUTER_BOUND ( 'NONE', #337, .T. ) ;
#146 = CARTESIAN_POINT ( 'NONE',  ( -6.774999999999999467, 12.50000000000000000, 0.5000000000000000000 ) ) ;
#147 = DIRECTION ( 'NONE',  ( 0.000000000000000000, -1.000000000000000000, 0.000000000000000000 ) ) ;
#148 = DIRECTION ( 'NONE',  ( 0.000000000000000000, 0.000000000000000000, 1.000000000000000000 ) ) ;
#149 = ADVANCED_FACE ( 'NONE', ( #265 ), #2898, .F. ) ;
#150 = CARTESIAN_POINT ( 'NONE',  ( 6.000000000000000000, -6.870195508003229534, -7.174999999999999822 ) ) ;
#151 = DIRECTION ( 'NONE',  ( 1.000000000000000000, -1.922962686383559872E-16, 0.000000000000000000 ) ) ;
#152 = VERTEX_POINT ( 'NONE', #243 ) ;
#153 = SURFACE_STYLE_FILL_AREA ( #3023 ) ;
#154 = UNCERTAINTY_MEASURE_WITH_UNIT (LENGTH_MEASURE( 1.000000000000000082E-05 ), #3938, 'distance_accuracy_value', 'NONE');
#155 = COLOUR_RGB ( '',0.9607843137254902244, 0.9607843137254902244, 0.9647058823529411908 ) ;
#156 = VECTOR ( 'NONE', #4223, 1000.000000000000000 ) ;
#157 = CARTESIAN_POINT ( 'NONE',  ( 4.735500000000000043, 6.034395108705479238, 8.722423100836151022 ) ) ;
#158 = LINE ( 'NONE', #3051, #2385 ) ;
#159 = ORIENTED_EDGE ( 'NONE', *, *, #4092, .F. ) ;
#160 = STYLED_ITEM ( 'NONE', ( #362 ), #3571 ) ;
#161 = CARTESIAN_POINT ( 'NONE',  ( 5.719341652898372708, 2.892219981927344197, -8.111486311100501112 ) ) ;
#162 = AXIS2_PLACEMENT_3D ( 'NONE', #574, #2009, #552 ) ;
#163 = CARTESIAN_POINT ( 'NONE',  ( 6.000000000000000000, 6.129804491996769578, -4.424999999999999822 ) ) ;
#164 = VERTEX_POINT ( 'NONE', #1672 ) ;
#165 = DIRECTION ( 'NONE',  ( 0.000000000000000000, -1.000000000000000000, 0.000000000000000000 ) ) ;
#166 = DIRECTION ( 'NONE',  ( -1.000000000000000000, 0.000000000000000000, 0.000000000000000000 ) ) ;
#167 = MECHANICAL_DESIGN_GEOMETRIC_PRESENTATION_REPRESENTATION (  '', ( #1440 ), #3256 ) ;
#168 = CARTESIAN_POINT ( 'NONE',  ( 6.000000000000000000, -6.870195508003229534, -7.328312163512970656 ) ) ;
#169 = CARTESIAN_POINT ( 'NONE',  ( 6.000000000000000000, 6.129804491996769578, -7.424999999999999822 ) ) ;
#170 = DIRECTION ( 'NONE',  ( 1.000000000000000000, 0.000000000000000000, 0.000000000000000000 ) ) ;
#171 = FACE_OUTER_BOUND ( 'NONE', #2599, .T. ) ;
#172 = AXIS2_PLACEMENT_3D ( 'NONE', #1049, #2835, #649 ) ;
#173 =( LENGTH_UNIT ( ) NAMED_UNIT ( * ) SI_UNIT ( .MILLI., .METRE. ) );
#174 = CIRCLE ( 'NONE', #1158, 1.250000000000000222 ) ;
#175 = LINE ( 'NONE', #4084, #3133 ) ;
#176 = ADVANCED_FACE ( 'NONE', ( #3139 ), #874, .T. ) ;
#177 = FILL_AREA_STYLE_COLOUR ( '', #3395 ) ;
#178 = DIRECTION ( 'NONE',  ( 0.000000000000000000, 0.000000000000000000, 1.000000000000000000 ) ) ;
#179 = SURFACE_STYLE_USAGE ( .BOTH. , #1304 ) ;
#180 = CARTESIAN_POINT ( 'NONE',  ( 4.917468245269450478, -6.245195508003230422, -6.125000000000000000 ) ) ;
#181 = DIRECTION ( 'NONE',  ( 0.000000000000000000, -1.000000000000000000, 0.000000000000000000 ) ) ;
#182 = ORIENTED_EDGE ( 'NONE', *, *, #3085, .T. ) ;
#183 = ADVANCED_FACE ( 'NONE', ( #3089 ), #3886, .F. ) ;
#184 = ORIENTED_EDGE ( 'NONE', *, *, #2156, .T. ) ;
#185 = CARTESIAN_POINT ( 'NONE',  ( 2.749911274450633769, 5.688209237901313386, -9.536436073878759245 ) ) ;
#186 = CARTESIAN_POINT ( 'NONE',  ( 7.500000000000000000, -6.870195508003229534, -4.424999999999999822 ) ) ;
#187 = CARTESIAN_POINT ( 'NONE',  ( -9.912397540454078282, 0.000000000000000000, 0.5000000000000000000 ) ) ;
#188 = ORIENTED_EDGE ( 'NONE', *, *, #2125, .F. ) ;
#189 =( GEOMETRIC_REPRESENTATION_CONTEXT ( 3 ) GLOBAL_UNCERTAINTY_ASSIGNED_CONTEXT ( ( #1989 ) ) GLOBAL_UNIT_ASSIGNED_CONTEXT ( ( #2339, #2999, #4443 ) ) REPRESENTATION_CONTEXT ( 'NONE', 'WORKASPACE' ) );
#190 = CARTESIAN_POINT ( 'NONE',  ( 9.912397540454078282, -1.240391016006469949, -0.5000000000000000000 ) ) ;
#191 = DIRECTION ( 'NONE',  ( 0.000000000000000000, 0.000000000000000000, -1.000000000000000000 ) ) ;
#192 = STYLED_ITEM ( 'NONE', ( #3706 ), #3022 ) ;
#193 = CARTESIAN_POINT ( 'NONE',  ( 5.456417621891584524, -8.022798335586283969, 8.292545891016045445 ) ) ;
#194 = SURFACE_SIDE_STYLE ('',( #2033 ) ) ;
#195 = AXIS2_PLACEMENT_3D ( 'NONE', #1089, #3276, #2523 ) ;
#196 = MECHANICAL_DESIGN_GEOMETRIC_PRESENTATION_REPRESENTATION (  '', ( #1540 ), #3856 ) ;
#197 = CARTESIAN_POINT ( 'NONE',  ( 5.278312163512969946, 7.379804491996769578, -7.424999999999999822 ) ) ;
#198 = EDGE_CURVE ( 'NONE', #3514, #2997, #4412, .T. ) ;
#199 = CARTESIAN_POINT ( 'NONE',  ( 7.443375672974060109, -6.870195508003229534, -7.424999999999999822 ) ) ;
#200 = AXIS2_PLACEMENT_3D ( 'NONE', #219, #3791, #597 ) ;
#201 = AXIS2_PLACEMENT_3D ( 'NONE', #1045, #312, #690 ) ;
#202 = CARTESIAN_POINT ( 'NONE',  ( 5.278312163512969946, 4.879804491996770466, -6.125000000000000000 ) ) ;
#203 = CARTESIAN_POINT ( 'NONE',  ( 4.735500000000000931, -6.774751212247046794, 8.722423100836151022 ) ) ;
#204 = CARTESIAN_POINT ( 'NONE',  ( 6.721687836487029166, -8.120195508003229534, -7.424999999999999822 ) ) ;
#205 = CIRCLE ( 'NONE', #1037, 0.2500000000000002220 ) ;
#206 = COLOUR_RGB ( '',0.9607843137254902244, 0.9607843137254902244, 0.9647058823529411908 ) ;
#207 = DIRECTION ( 'NONE',  ( 0.000000000000000000, 0.000000000000000000, -1.000000000000000000 ) ) ;
#208 = DIRECTION ( 'NONE',  ( 0.000000000000000000, 0.000000000000000000, 1.000000000000000000 ) ) ;
#209 = ORIENTED_EDGE ( 'NONE', *, *, #198, .F. ) ;
#210 = VECTOR ( 'NONE', #3778, 1000.000000000000000 ) ;
#211 = VERTEX_POINT ( 'NONE', #4546 ) ;
#212 = EDGE_CURVE ( 'NONE', #1519, #895, #1477, .T. ) ;
#213 = DIRECTION ( 'NONE',  ( -1.000000000000000000, 0.000000000000000000, 0.000000000000000000 ) ) ;
#214 = DIRECTION ( 'NONE',  ( 1.000000000000000000, 0.000000000000000000, 0.000000000000000000 ) ) ;
#215 = DIRECTION ( 'NONE',  ( 1.000000000000000000, 0.000000000000000000, 0.000000000000000000 ) ) ;
#216 = VERTEX_POINT ( 'NONE', #2432 ) ;
#217 = FILL_AREA_STYLE_COLOUR ( '', #2638 ) ;
#218 = CARTESIAN_POINT ( 'NONE',  ( 2.704163456597989956, -12.50000000000000000, -0.5000000000000000000 ) ) ;
#219 = CARTESIAN_POINT ( 'NONE',  ( 6.000000000000000000, -6.870195508003229534, -7.174999999999999822 ) ) ;
#220 = CARTESIAN_POINT ( 'NONE',  ( 4.286500000000000199, 6.129804491996769578, -4.174999999999999822 ) ) ;
#221 = LINE ( 'NONE', #1635, #1901 ) ;
#222 = EDGE_CURVE ( 'NONE', #4423, #541, #3866, .T. ) ;
#223 = DIRECTION ( 'NONE',  ( 0.000000000000000000, 0.000000000000000000, 1.000000000000000000 ) ) ;
#224 = ORIENTED_EDGE ( 'NONE', *, *, #3527, .T. ) ;
#225 = CARTESIAN_POINT ( 'NONE',  ( 6.941639071028004260, -9.984329041885638745, -7.096768364778704097 ) ) ;
#226 = CARTESIAN_POINT ( 'NONE',  ( 0.000000000000000000, 12.25000000000000000, 0.000000000000000000 ) ) ;
#227 = AXIS2_PLACEMENT_3D ( 'NONE', #3670, #3944, #372 ) ;
#228 = CARTESIAN_POINT ( 'NONE',  ( -9.799999999999998934, -12.37500000000000000, 1.200153863164402993E-15 ) ) ;
#229 = SURFACE_SIDE_STYLE ('',( #1967 ) ) ;
#230 = DIRECTION ( 'NONE',  ( 0.000000000000000000, 0.000000000000000000, -1.000000000000000000 ) ) ;
#231 = ORIENTED_EDGE ( 'NONE', *, *, #115, .T. ) ;
#232 = ORIENTED_EDGE ( 'NONE', *, *, #3099, .F. ) ;
#233 = AXIS2_PLACEMENT_3D ( 'NONE', #4554, #3849, #3258 ) ;
#234 = FACE_OUTER_BOUND ( 'NONE', #2540, .T. ) ;
#235 = PLANE ( 'NONE',  #2903 ) ;
#236 = CIRCLE ( 'NONE', #2862, 0.2499999999999997780 ) ;
#237 = VERTEX_POINT ( 'NONE', #2107 ) ;
#238 = EDGE_CURVE ( 'NONE', #2800, #3126, #3807, .T. ) ;
#239 = DIRECTION ( 'NONE',  ( 0.000000000000000000, 0.000000000000000000, 1.000000000000000000 ) ) ;
#240 = CIRCLE ( 'NONE', #2798, 1.463499999999999579 ) ;
#241 = DIRECTION ( 'NONE',  ( -1.000000000000000000, 0.000000000000000000, 1.224646799147350002E-16 ) ) ;
#242 = CARTESIAN_POINT ( 'NONE',  ( 6.000000000000000000, -6.870195508003229534, 0.5000000000000000000 ) ) ;
#243 = CARTESIAN_POINT ( 'NONE',  ( 7.500000000000000000, 6.129804491996769578, -0.5000000000000000000 ) ) ;
#244 = ORIENTED_EDGE ( 'NONE', *, *, #2282, .F. ) ;
#245 = ADVANCED_FACE ( 'NONE', ( #1271, #4148, #921 ), #778, .F. ) ;
#246 = DIRECTION ( 'NONE',  ( 0.000000000000000000, 1.000000000000000000, 0.000000000000000000 ) ) ;
#247 = EDGE_LOOP ( 'NONE', ( #3690, #797, #4225 ) ) ;
#248 = CARTESIAN_POINT ( 'NONE',  ( 3.193870836601914398, -8.524376790400857828, -9.397905606219623564 ) ) ;
#249 = ADVANCED_FACE ( 'NONE', ( #2849 ), #3955, .F. ) ;
#250 = CARTESIAN_POINT ( 'NONE',  ( -6.774999999999999467, -12.50000000000000000, 0.5000000000000000000 ) ) ;
#251 = CARTESIAN_POINT ( 'NONE',  ( 5.278312163512969946, 4.879804491996770466, -7.424999999999999822 ) ) ;
#252 = CARTESIAN_POINT ( 'NONE',  ( 7.082531754730550411, -6.245195508003230422, -6.125000000000000000 ) ) ;
#253 = AXIS2_PLACEMENT_3D ( 'NONE', #2604, #2555, #2177 ) ;
#254 = DIRECTION ( 'NONE',  ( 0.000000000000000000, -1.000000000000000000, 0.000000000000000000 ) ) ;
#255 = CARTESIAN_POINT ( 'NONE',  ( 0.000000000000000000, 0.000000000000000000, 0.000000000000000000 ) ) ;
#256 = ORIENTED_EDGE ( 'NONE', *, *, #2238, .T. ) ;
#257 = ORIENTED_EDGE ( 'NONE', *, *, #1836, .F. ) ;
#258 = EDGE_CURVE ( 'NONE', #2846, #3479, #1767, .T. ) ;
#259 = CARTESIAN_POINT ( 'NONE',  ( 7.595531190007534406, 3.298361155793391841, -6.388603866965397060 ) ) ;
#260 = CARTESIAN_POINT ( 'NONE',  ( 8.883974335847669934, 0.000000000000000000, -4.424999999999999822 ) ) ;
#261 = EDGE_LOOP ( 'NONE', ( #1713, #588, #1664, #1136 ) ) ;
#262 = CARTESIAN_POINT ( 'NONE',  ( 7.082531754730550411, -7.495195508003230422, -7.231624327025939714 ) ) ;
#263 = B_SPLINE_CURVE_WITH_KNOTS ( 'NONE', 3,
 ( #4464, #1588, #4062, #842, #3025, #2253, #865, #518, #909, #3423, #4421, #3737, #2617, #1174, #3713, #4040, #820, #493, #1236, #1926, #117, #3691, #157, #4489 ),
 .UNSPECIFIED., .F., .F.,
 ( 4, 2, 2, 2, 2, 2, 2, 2, 2, 2, 2, 4 ),
 ( 0.004494052720678981885, 0.005055603826433209720, 0.005336379379310324071, 0.005617154932187438422, 0.006178706037941667124, 0.006740257143695896694, 0.007301808249450125396, 0.007863359355204354098, 0.008144134908081468449, 0.008424910460958581065, 0.008705686013835697151, 0.008986461566712809768 ),
 .UNSPECIFIED. ) ;
#264 = CARTESIAN_POINT ( 'NONE',  ( 7.082531754730550411, 5.504804491996769578, -7.231624327025939714 ) ) ;
#265 = FACE_OUTER_BOUND ( 'NONE', #3468, .T. ) ;
#266 = CARTESIAN_POINT ( 'NONE',  ( -2.704163456597989956, -0.5000000000000000000, 0.5000000000000000000 ) ) ;
#267 =( GEOMETRIC_REPRESENTATION_CONTEXT ( 3 ) GLOBAL_UNCERTAINTY_ASSIGNED_CONTEXT ( ( #4488 ) ) GLOBAL_UNIT_ASSIGNED_CONTEXT ( ( #1310, #2756, #2396 ) ) REPRESENTATION_CONTEXT ( 'NONE', 'WORKASPACE' ) );
#268 = ORIENTED_EDGE ( 'NONE', *, *, #2694, .F. ) ;
#269 = TOROIDAL_SURFACE ( 'NONE', #418, 1.713500000000000023, 0.2500000000000000000 ) ;
#270 = ADVANCED_FACE ( 'NONE', ( #3579 ), #2376, .T. ) ;
#271 = ORIENTED_EDGE ( 'NONE', *, *, #2099, .T. ) ;
#272 = CARTESIAN_POINT ( 'NONE',  ( 3.091788410268079268, -8.336897292888052036, -9.431565267410290332 ) ) ;
#273 = CIRCLE ( 'NONE', #4481, 0.2499999999999997780 ) ;
#274 = CARTESIAN_POINT ( 'NONE',  ( 7.219476179687499773, -6.493946117967144716, 6.811442002593391720 ) ) ;
#275 = CARTESIAN_POINT ( 'NONE',  ( 4.917468245269450478, 5.504804491996769578, -7.231624327025939714 ) ) ;
#276 = AXIS2_PLACEMENT_3D ( 'NONE', #2294, #1582, #3352 ) ;
#277 = FILL_AREA_STYLE_COLOUR ( '', #3793 ) ;
#278 = VECTOR ( 'NONE', #3699, 1000.000000000000000 ) ;
#279 = CARTESIAN_POINT ( 'NONE',  ( 0.000000000000000000, 12.50000000000000000, 0.000000000000000000 ) ) ;
#280 = EDGE_LOOP ( 'NONE', ( #2729, #444, #725, #4526 ) ) ;
#281 = ORIENTED_EDGE ( 'NONE', *, *, #4628, .F. ) ;
#282 = COLOUR_RGB ( '',0.9607843137254902244, 0.9607843137254902244, 0.9647058823529411908 ) ;
#283 =( GEOMETRIC_REPRESENTATION_CONTEXT ( 3 ) GLOBAL_UNCERTAINTY_ASSIGNED_CONTEXT ( ( #1426 ) ) GLOBAL_UNIT_ASSIGNED_CONTEXT ( ( #1518, #1934, #2347 ) ) REPRESENTATION_CONTEXT ( 'NONE', 'WORKASPACE' ) );
#284 = ADVANCED_FACE ( 'NONE', ( #3255 ), #1745, .F. ) ;
#285 = CARTESIAN_POINT ( 'NONE',  ( 6.864113831980546365, -3.737664998645373604, -7.168700684832393755 ) ) ;
#286 = CIRCLE ( 'NONE', #2984, 9.924999999999998934 ) ;
#287 = EDGE_LOOP ( 'NONE', ( #4538, #638, #2686, #3403, #3854, #664 ) ) ;
#288 = CARTESIAN_POINT ( 'NONE',  ( 5.375000000000000000, 6.129804491996769578, -5.846149949594810380 ) ) ;
#289 = CARTESIAN_POINT ( 'NONE',  ( 0.000000000000000000, 6.000000000000000000, 0.000000000000000000 ) ) ;
#290 = CARTESIAN_POINT ( 'NONE',  ( 7.443375672974060109, -6.870195508003229534, -6.125000000000000000 ) ) ;
#291 = CARTESIAN_POINT ( 'NONE',  ( 7.082531754730550411, 6.754804491996770466, -7.231624327025939714 ) ) ;
#292 = ORIENTED_EDGE ( 'NONE', *, *, #619, .T. ) ;
#293 = CIRCLE ( 'NONE', #2916, 3.250000000000000000 ) ;
#294 = DIRECTION ( 'NONE',  ( 0.000000000000000000, -1.000000000000000000, 0.000000000000000000 ) ) ;
#295 = VERTEX_POINT ( 'NONE', #4448 ) ;
#296 = CARTESIAN_POINT ( 'NONE',  ( 3.371695561361010451, -8.785975742483902451, -9.334947668175548330 ) ) ;
#297 = CARTESIAN_POINT ( 'NONE',  ( 6.000000000000000000, 4.879804491996770466, -7.231624327025939714 ) ) ;
#298 = EDGE_CURVE ( 'NONE', #657, #4355, #1156, .T. ) ;
#299 = FACE_OUTER_BOUND ( 'NONE', #2178, .T. ) ;
#300 = CYLINDRICAL_SURFACE ( 'NONE', #3502, 9.924999999999998934 ) ;
#301 = DIRECTION ( 'NONE',  ( -0.9132291307658646495, -1.118383131880535949E-16, -0.4074463826328849070 ) ) ;
#302 = ORIENTED_EDGE ( 'NONE', *, *, #1293, .T. ) ;
#303 = EDGE_LOOP ( 'NONE', ( #3638, #1591, #2167, #2595 ) ) ;
#304 = PLANE ( 'NONE',  #1099 ) ;
#305 = CARTESIAN_POINT ( 'NONE',  ( -2.449489742783180102, -1.240391016006469949, -0.5000000000000000000 ) ) ;
#306 = EDGE_LOOP ( 'NONE', ( #4318, #2467, #4096 ) ) ;
#307 = SURFACE_STYLE_USAGE ( .BOTH. , #3515 ) ;
#308 = ADVANCED_FACE ( 'NONE', ( #4427 ), #3741, .F. ) ;
#309 =( BOUNDED_CURVE ( )  B_SPLINE_CURVE ( 2, ( #275, #3586, #251 ),
 .UNSPECIFIED., .F., .F. ) 
 B_SPLINE_CURVE_WITH_KNOTS ( ( 3, 3 ),
 ( 0.07523701006122331114, 0.1504740201224469831 ),
 .UNSPECIFIED. ) 
 CURVE ( )  GEOMETRIC_REPRESENTATION_ITEM ( )  RATIONAL_B_SPLINE_CURVE ( ( 1.000000000000000000, 1.037954849302039850, 1.000000000000000000 ) ) 
 REPRESENTATION_ITEM ( '' )  );
#310 = VECTOR ( 'NONE', #1638, 1000.000000000000000 ) ;
#311 = DIRECTION ( 'NONE',  ( 0.000000000000000000, 1.000000000000000000, 0.000000000000000000 ) ) ;
#312 = DIRECTION ( 'NONE',  ( 0.000000000000000000, 0.000000000000000000, -1.000000000000000000 ) ) ;
#313 = VECTOR ( 'NONE', #456, 1000.000000000000000 ) ;
#314 = CYLINDRICAL_SURFACE ( 'NONE', #2498, 2.750000000000000888 ) ;
#315 = ORIENTED_EDGE ( 'NONE', *, *, #2010, .F. ) ;
#316 = PRESENTATION_STYLE_ASSIGNMENT (( #2463 ) ) ;
#317 = AXIS2_PLACEMENT_3D ( 'NONE', #756, #80, #1844 ) ;
#318 = ORIENTED_EDGE ( 'NONE', *, *, #2138, .F. ) ;
#319 = VECTOR ( 'NONE', #3683, 1000.000000000000000 ) ;
#320 = SURFACE_STYLE_USAGE ( .BOTH. , #23 ) ;
#321 = LINE ( 'NONE', #677, #2602 ) ;
#322 = CIRCLE ( 'NONE', #475, 9.924999999999998934 ) ;
#323 = EDGE_CURVE ( 'NONE', #1320, #1014, #2269, .T. ) ;
#324 =( LENGTH_UNIT ( ) NAMED_UNIT ( * ) SI_UNIT ( .MILLI., .METRE. ) );
#325 = ORIENTED_EDGE ( 'NONE', *, *, #45, .T. ) ;
#326 = EDGE_LOOP ( 'NONE', ( #4621, #143, #1354, #1367, #4299, #2707 ) ) ;
#327 = STYLED_ITEM ( 'NONE', ( #4008 ), #2261 ) ;
#328 = DIRECTION ( 'NONE',  ( 0.000000000000000000, 0.000000000000000000, 1.000000000000000000 ) ) ;
#329 = EDGE_CURVE ( 'NONE', #2665, #295, #798, .T. ) ;
#330 =( NAMED_UNIT ( * ) SI_UNIT ( $, .STERADIAN. ) SOLID_ANGLE_UNIT ( ) );
#331 = VERTEX_POINT ( 'NONE', #1570 ) ;
#332 = AXIS2_PLACEMENT_3D ( 'NONE', #3539, #640, #2083 ) ;
#333 = CARTESIAN_POINT ( 'NONE',  ( 7.219476179687502437, 6.506053882032856173, 6.811442002593391720 ) ) ;
#334 = CARTESIAN_POINT ( 'NONE',  ( 6.334936490538901843, 7.379804491996775795, -7.231624327025945043 ) ) ;
#335 = FILL_AREA_STYLE ('',( #2172 ) ) ;
#336 = SURFACE_STYLE_FILL_AREA ( #2128 ) ;
#337 = EDGE_LOOP ( 'NONE', ( #1993, #1842, #3835, #1453 ) ) ;
#338 = DIRECTION ( 'NONE',  ( 0.000000000000000000, 0.000000000000000000, -1.000000000000000000 ) ) ;
#339 = ORIENTED_EDGE ( 'NONE', *, *, #1870, .F. ) ;
#340 = EDGE_CURVE ( 'NONE', #2812, #3935, #500, .T. ) ;
#341 = AXIS2_PLACEMENT_3D ( 'NONE', #1090, #4328, #1820 ) ;
#342 =( BOUNDED_CURVE ( )  B_SPLINE_CURVE ( 2, ( #1898, #3330, #112 ),
 .UNSPECIFIED., .F., .F. ) 
 B_SPLINE_CURVE_WITH_KNOTS ( ( 3, 3 ),
 ( 0.07523701006122331114, 0.1504740201224469831 ),
 .UNSPECIFIED. ) 
 CURVE ( )  GEOMETRIC_REPRESENTATION_ITEM ( )  RATIONAL_B_SPLINE_CURVE ( ( 1.000000000000000000, 1.037954849302039850, 1.000000000000000000 ) ) 
 REPRESENTATION_ITEM ( '' )  );
#343 = CARTESIAN_POINT ( 'NONE',  ( 6.000000000000000000, 6.129804491996769578, -7.424999999999999822 ) ) ;
#344 = EDGE_LOOP ( 'NONE', ( #1334, #752, #1678, #2770 ) ) ;
#345 = ORIENTED_EDGE ( 'NONE', *, *, #390, .T. ) ;
#346 = PRESENTATION_LAYER_ASSIGNMENT (  '', '', ( #2534 ) ) ;
#347 = CARTESIAN_POINT ( 'NONE',  ( 8.457030245858746298, 8.257849390124642142, -5.195040386905477980 ) ) ;
#348 = CARTESIAN_POINT ( 'NONE',  ( 0.000000000000000000, 6.000000000000000000, 0.000000000000000000 ) ) ;
#349 =( GEOMETRIC_REPRESENTATION_CONTEXT ( 3 ) GLOBAL_UNCERTAINTY_ASSIGNED_CONTEXT ( ( #898 ) ) GLOBAL_UNIT_ASSIGNED_CONTEXT ( ( #680, #4184, #1054 ) ) REPRESENTATION_CONTEXT ( 'NONE', 'WORKASPACE' ) );
#350 = STYLED_ITEM ( 'NONE', ( #2525 ), #245 ) ;
#351 = ORIENTED_EDGE ( 'NONE', *, *, #3264, .F. ) ;
#352 = CARTESIAN_POINT ( 'NONE',  ( 7.264500000000011504, 6.318841271139497451, 6.762593049267410450 ) ) ;
#353 = EDGE_CURVE ( 'NONE', #3829, #2243, #2669, .T. ) ;
#354 = STYLED_ITEM ( 'NONE', ( #2908 ), #568 ) ;
#355 = PRESENTATION_STYLE_ASSIGNMENT (( #802 ) ) ;
#356 = DIRECTION ( 'NONE',  ( -1.000000000000000000, 0.000000000000000000, 0.000000000000000000 ) ) ;
#357 = DIRECTION ( 'NONE',  ( 1.000000000000000000, 0.000000000000000000, 0.000000000000000000 ) ) ;
#358 = EDGE_LOOP ( 'NONE', ( #2038, #1734, #4428, #1810, #2196, #2708 ) ) ;
#359 = AXIS2_PLACEMENT_3D ( 'NONE', #1107, #3249, #751 ) ;
#360 = DIRECTION ( 'NONE',  ( 0.000000000000000000, 0.000000000000000000, -1.000000000000000000 ) ) ;
#361 = SURFACE_SIDE_STYLE ('',( #18 ) ) ;
#362 = PRESENTATION_STYLE_ASSIGNMENT (( #783 ) ) ;
#363 = FILL_AREA_STYLE_COLOUR ( '', #1445 ) ;
#364 = VERTEX_POINT ( 'NONE', #523 ) ;
#365 = CARTESIAN_POINT ( 'NONE',  ( 5.665063509461099045, 4.879804491996775795, -7.231624327025945043 ) ) ;
#366 = EDGE_CURVE ( 'NONE', #4423, #2918, #733, .T. ) ;
#367 = CARTESIAN_POINT ( 'NONE',  ( 6.721687836487029166, 7.379804491996769578, -7.424999999999999822 ) ) ;
#368 = DIRECTION ( 'NONE',  ( 1.000000000000000000, 0.000000000000000000, 0.000000000000000000 ) ) ;
#369 =( NAMED_UNIT ( * ) PLANE_ANGLE_UNIT ( ) SI_UNIT ( $, .RADIAN. ) );
#370 = EDGE_LOOP ( 'NONE', ( #724, #3570, #16 ) ) ;
#371 = ORIENTED_EDGE ( 'NONE', *, *, #1428, .T. ) ;
#372 = DIRECTION ( 'NONE',  ( 0.000000000000000000, 0.000000000000000000, 1.000000000000000000 ) ) ;
#373 = CARTESIAN_POINT ( 'NONE',  ( 8.612550068428198813, 8.064852340091695382, -4.933287412270140671 ) ) ;
#374 = CARTESIAN_POINT ( 'NONE',  ( -2.570762939835378624, -0.6311770190984521411, 0.5000000000000000000 ) ) ;
#375 = ORIENTED_EDGE ( 'NONE', *, *, #1636, .T. ) ;
#376 = PRESENTATION_LAYER_ASSIGNMENT (  '', '', ( #3235 ) ) ;
#377 =( NAMED_UNIT ( * ) SI_UNIT ( $, .STERADIAN. ) SOLID_ANGLE_UNIT ( ) );
#378 = LINE ( 'NONE', #2171, #567 ) ;
#379 = DIRECTION ( 'NONE',  ( 0.000000000000000000, 0.000000000000000000, 1.000000000000000000 ) ) ;
#380 = DIRECTION ( 'NONE',  ( -0.7075674703283409972, -0.7066457917041270020, 0.000000000000000000 ) ) ;
#381 = EDGE_CURVE ( 'NONE', #1320, #3900, #1327, .T. ) ;
#382 = VERTEX_POINT ( 'NONE', #1865 ) ;
#383 =( NAMED_UNIT ( * ) PLANE_ANGLE_UNIT ( ) SI_UNIT ( $, .RADIAN. ) );
#384 = DIRECTION ( 'NONE',  ( -1.000000000000000000, 0.000000000000000000, 0.000000000000000000 ) ) ;
#385 =( GEOMETRIC_REPRESENTATION_CONTEXT ( 3 ) GLOBAL_UNCERTAINTY_ASSIGNED_CONTEXT ( ( #154 ) ) GLOBAL_UNIT_ASSIGNED_CONTEXT ( ( #3938, #630, #4204 ) ) REPRESENTATION_CONTEXT ( 'NONE', 'WORKASPACE' ) );
#386 =( NAMED_UNIT ( * ) SI_UNIT ( $, .STERADIAN. ) SOLID_ANGLE_UNIT ( ) );
#387 = DIRECTION ( 'NONE',  ( 1.000000000000000000, 0.000000000000000000, 0.000000000000000000 ) ) ;
#388 = VERTEX_POINT ( 'NONE', #3300 ) ;
#389 = CARTESIAN_POINT ( 'NONE',  ( -2.570762939837112793, -12.36882298090319665, 0.5000000000000000000 ) ) ;
#390 = EDGE_CURVE ( 'NONE', #895, #1519, #4562, .T. ) ;
#391 = VECTOR ( 'NONE', #1722, 1000.000000000000000 ) ;
#392 = AXIS2_PLACEMENT_3D ( 'NONE', #3815, #1958, #170 ) ;
#393 = CARTESIAN_POINT ( 'NONE',  ( 0.000000000000000000, -12.25000000000000000, 0.000000000000000000 ) ) ;
#394 = CARTESIAN_POINT ( 'NONE',  ( 6.000000000000000000, -6.870195508003229534, -7.328312163512970656 ) ) ;
#395 = ORIENTED_EDGE ( 'NONE', *, *, #3092, .F. ) ;
#396 = EDGE_LOOP ( 'NONE', ( #1120, #3550, #4072, #28, #1503, #2518 ) ) ;
#397 = SURFACE_STYLE_FILL_AREA ( #3645 ) ;
#398 = CIRCLE ( 'NONE', #1972, 1.250000000000000222 ) ;
#399 = CARTESIAN_POINT ( 'NONE',  ( 7.977223804466656354, 8.710445530544355108, -5.905877551534988612 ) ) ;
#400 = EDGE_CURVE ( 'NONE', #1795, #1759, #3730, .T. ) ;
#401 = DIRECTION ( 'NONE',  ( 0.000000000000000000, 0.000000000000000000, 1.000000000000000000 ) ) ;
#402 = ORIENTED_EDGE ( 'NONE', *, *, #1986, .F. ) ;
#403 = CIRCLE ( 'NONE', #3024, 1.463499999999999579 ) ;
#404 =( LENGTH_UNIT ( ) NAMED_UNIT ( * ) SI_UNIT ( .MILLI., .METRE. ) );
#405 = CIRCLE ( 'NONE', #3029, 1.463499999999999579 ) ;
#406 = CARTESIAN_POINT ( 'NONE',  ( 5.278312163512969946, -8.120195508003229534, -6.125000000000000000 ) ) ;
#407 = AXIS2_PLACEMENT_3D ( 'NONE', #1495, #1469, #4056 ) ;
#408 = ORIENTED_EDGE ( 'NONE', *, *, #1057, .F. ) ;
#409 = FACE_OUTER_BOUND ( 'NONE', #868, .T. ) ;
#410 = FACE_OUTER_BOUND ( 'NONE', #1995, .T. ) ;
#411 = DIRECTION ( 'NONE',  ( -1.224646799147350002E-16, 0.000000000000000000, -1.000000000000000000 ) ) ;
#412 = ORIENTED_EDGE ( 'NONE', *, *, #3327, .T. ) ;
#413 = ADVANCED_FACE ( 'NONE', ( #1975, #3457 ), #235, .T. ) ;
#414 = CARTESIAN_POINT ( 'NONE',  ( 4.737208033232761295, -3.875475999209006428, -8.721534898532391722 ) ) ;
#415 = FACE_OUTER_BOUND ( 'NONE', #4471, .T. ) ;
#416 = CONICAL_SURFACE ( 'NONE', #3040, 1.346687836487029832, 0.7853981633974476129 ) ;
#417 = ORIENTED_EDGE ( 'NONE', *, *, #2953, .F. ) ;
#418 = AXIS2_PLACEMENT_3D ( 'NONE', #3178, #4259, #4211 ) ;
#419 = SURFACE_SIDE_STYLE ('',( #397 ) ) ;
#420 =( GEOMETRIC_REPRESENTATION_CONTEXT ( 3 ) GLOBAL_UNCERTAINTY_ASSIGNED_CONTEXT ( ( #1709 ) ) GLOBAL_UNIT_ASSIGNED_CONTEXT ( ( #2443, #3075, #2019 ) ) REPRESENTATION_CONTEXT ( 'NONE', 'WORKASPACE' ) );
#421 = STYLED_ITEM ( 'NONE', ( #3226 ), #1707 ) ;
#422 = CARTESIAN_POINT ( 'NONE',  ( 4.529780756532461261, 9.034842017094897315, -8.833493715972787541 ) ) ;
#423 = DIRECTION ( 'NONE',  ( 0.000000000000000000, 0.000000000000000000, 1.000000000000000000 ) ) ;
#424 = EDGE_LOOP ( 'NONE', ( #1176, #1448, #2022, #2986 ) ) ;
#425 = ORIENTED_EDGE ( 'NONE', *, *, #381, .T. ) ;
#426 = CLOSED_SHELL ( 'NONE', ( #2292, #986, #3932, #910, #843, #2131, #270, #1015, #4548, #3798, #149, #461, #1358, #2441, #1854, #542, #1385, #1230, #877, #453, #714, #2947, #1940, #2815, #2398, #3964, #4241, #1036, #3230, #176, #3976, #4414, #2559, #413, #4451 ) ) ;
#427 = EDGE_CURVE ( 'NONE', #541, #152, #3513, .T. ) ;
#428 = LINE ( 'NONE', #1863, #4552 ) ;
#429 = VECTOR ( 'NONE', #3219, 1000.000000000000000 ) ;
#430 = DIRECTION ( 'NONE',  ( 1.000000000000000000, 0.000000000000000000, 0.000000000000000000 ) ) ;
#431 = COLOUR_RGB ( '',0.9607843137254902244, 0.9607843137254902244, 0.9647058823529411908 ) ;
#432 = ORIENTED_EDGE ( 'NONE', *, *, #1094, .F. ) ;
#433 = CARTESIAN_POINT ( 'NONE',  ( 6.000000000000000000, 6.129804491996769578, -7.174999999999999822 ) ) ;
#434 = STYLED_ITEM ( 'NONE', ( #3137 ), #1683 ) ;
#435 = STYLED_ITEM ( 'NONE', ( #2080 ), #814 ) ;
#436 =( LENGTH_UNIT ( ) NAMED_UNIT ( * ) SI_UNIT ( .MILLI., .METRE. ) );
#437 = PLANE ( 'NONE',  #253 ) ;
#438 = ORIENTED_EDGE ( 'NONE', *, *, #3926, .T. ) ;
#439 =( NAMED_UNIT ( * ) PLANE_ANGLE_UNIT ( ) SI_UNIT ( $, .RADIAN. ) );
#440 = AXIS2_PLACEMENT_3D ( 'NONE', #1260, #2706, #3026 ) ;
#441 = CARTESIAN_POINT ( 'NONE',  ( 6.000000000000000000, -6.870195508003229534, -6.125000000000000000 ) ) ;
#442 = CARTESIAN_POINT ( 'NONE',  ( 4.865826088751219913, -3.823788669332602197, -8.650648868773295419 ) ) ;
#443 = LINE ( 'NONE', #3266, #4626 ) ;
#444 = ORIENTED_EDGE ( 'NONE', *, *, #98, .T. ) ;
#445 = EDGE_CURVE ( 'NONE', #120, #657, #2091, .T. ) ;
#446 = CARTESIAN_POINT ( 'NONE',  ( 2.750088725549410196, 6.571399746092128069, -9.536384902578801004 ) ) ;
#447 = CARTESIAN_POINT ( 'NONE',  ( 6.000000000000000000, 6.129804491996769578, -4.675000000000000711 ) ) ;
#448 = ORIENTED_EDGE ( 'NONE', *, *, #2010, .T. ) ;
#449 = ORIENTED_EDGE ( 'NONE', *, *, #2879, .F. ) ;
#450 = FACE_OUTER_BOUND ( 'NONE', #261, .T. ) ;
#451 = PRESENTATION_STYLE_ASSIGNMENT (( #3627 ) ) ;
#452 = CARTESIAN_POINT ( 'NONE',  ( -3.968626966596889627, 12.25000000000000000, -0.5000000000000000000 ) ) ;
#453 = ADVANCED_FACE ( 'NONE', ( #3058 ), #1999, .F. ) ;
#454 = ORIENTED_EDGE ( 'NONE', *, *, #1733, .F. ) ;
#455 = AXIS2_PLACEMENT_3D ( 'NONE', #135, #1564, #4111 ) ;
#456 = DIRECTION ( 'NONE',  ( 1.000000000000000000, 0.000000000000000000, 0.000000000000000000 ) ) ;
#457 = LINE ( 'NONE', #1226, #2567 ) ;
#458 = FACE_OUTER_BOUND ( 'NONE', #4042, .T. ) ;
#459 = LINE ( 'NONE', #1892, #2683 ) ;
#460 = CARTESIAN_POINT ( 'NONE',  ( 6.000000000000000000, -6.870195508003229534, -6.125000000000000000 ) ) ;
#461 = ADVANCED_FACE ( 'NONE', ( #2370 ), #4264, .F. ) ;
#462 = CYLINDRICAL_SURFACE ( 'NONE', #2874, 9.924999999999998934 ) ;
#463 =( BOUNDED_CURVE ( )  B_SPLINE_CURVE ( 2, ( #3321, #2988, #83 ),
 .UNSPECIFIED., .F., .F. ) 
 B_SPLINE_CURVE_WITH_KNOTS ( ( 3, 3 ),
 ( 0.000000000000000000, 0.07523701006122331114 ),
 .UNSPECIFIED. ) 
 CURVE ( )  GEOMETRIC_REPRESENTATION_ITEM ( )  RATIONAL_B_SPLINE_CURVE ( ( 1.000000000000000000, 1.037954849302039850, 1.000000000000000000 ) ) 
 REPRESENTATION_ITEM ( '' )  );
#464 = DIRECTION ( 'NONE',  ( 0.000000000000000000, 1.000000000000000000, 0.000000000000000000 ) ) ;
#465 = CARTESIAN_POINT ( 'NONE',  ( 6.212586886896545479, -3.626142843338461930, -7.740847139368641550 ) ) ;
#466 = STYLED_ITEM ( 'NONE', ( #3680 ), #4569 ) ;
#467 = DIRECTION ( 'NONE',  ( 1.000000000000000000, 0.000000000000000000, 0.000000000000000000 ) ) ;
#468 = ORIENTED_EDGE ( 'NONE', *, *, #3987, .F. ) ;
#469 = AXIS2_PLACEMENT_3D ( 'NONE', #1410, #996, #3842 ) ;
#470 = EDGE_CURVE ( 'NONE', #119, #3843, #2323, .T. ) ;
#471 = SURFACE_STYLE_USAGE ( .BOTH. , #3359 ) ;
#472 = DIRECTION ( 'NONE',  ( 0.000000000000000000, 0.000000000000000000, 1.000000000000000000 ) ) ;
#473 = ORIENTED_EDGE ( 'NONE', *, *, #1659, .F. ) ;
#474 = ORIENTED_EDGE ( 'NONE', *, *, #1132, .F. ) ;
#475 = AXIS2_PLACEMENT_3D ( 'NONE', #226, #4177, #2415 ) ;
#476 = ADVANCED_FACE ( 'NONE', ( #3154 ), #988, .F. ) ;
#477 = CARTESIAN_POINT ( 'NONE',  ( 7.311922869448939544, 3.155369903428115297, -6.712142445415110181 ) ) ;
#478 = CARTESIAN_POINT ( 'NONE',  ( 9.787234502862430574, -12.37500000000000000, -0.5000000000000000000 ) ) ;
#479 = COLOUR_RGB ( '',0.9607843137254902244, 0.9607843137254902244, 0.9647058823529411908 ) ;
#480 = VERTEX_POINT ( 'NONE', #3430 ) ;
#481 = FILL_AREA_STYLE ('',( #1117 ) ) ;
#482 = CARTESIAN_POINT ( 'NONE',  ( 0.000000000000000000, -0.7500000000000000000, 0.000000000000000000 ) ) ;
#483 = CARTESIAN_POINT ( 'NONE',  ( 6.721687836487029166, -5.620195508003230422, -6.125000000000000000 ) ) ;
#484 = FACE_OUTER_BOUND ( 'NONE', #2511, .T. ) ;
#485 = CARTESIAN_POINT ( 'NONE',  ( 5.278312163512969946, 4.879804491996770466, -6.125000000000000000 ) ) ;
#486 = EDGE_CURVE ( 'NONE', #3843, #22, #3584, .T. ) ;
#487 = LINE ( 'NONE', #1517, #3971 ) ;
#488 = DIRECTION ( 'NONE',  ( -1.000000000000000000, 0.000000000000000000, 0.000000000000000000 ) ) ;
#489 = VERTEX_POINT ( 'NONE', #2925 ) ;
#490 = SURFACE_SIDE_STYLE ('',( #4086 ) ) ;
#491 = CARTESIAN_POINT ( 'NONE',  ( 6.000000000000000000, 6.129804491996769578, -5.846149949594810380 ) ) ;
#492 = UNCERTAINTY_MEASURE_WITH_UNIT (LENGTH_MEASURE( 1.000000000000000082E-05 ), #3999, 'distance_accuracy_value', 'NONE');
#493 = CARTESIAN_POINT ( 'NONE',  ( 4.944932488449249597, 5.427167554421716389, 8.605650851137996327 ) ) ;
#494 = DIRECTION ( 'NONE',  ( 0.000000000000000000, 0.000000000000000000, 1.000000000000000000 ) ) ;
#495 = ORIENTED_EDGE ( 'NONE', *, *, #1796, .T. ) ;
#496 = ORIENTED_EDGE ( 'NONE', *, *, #2491, .F. ) ;
#497 = COLOUR_RGB ( '',0.9607843137254902244, 0.9607843137254902244, 0.9647058823529411908 ) ;
#498 = CIRCLE ( 'NONE', #1539, 1.250000000000000222 ) ;
#499 =( NAMED_UNIT ( * ) SI_UNIT ( $, .STERADIAN. ) SOLID_ANGLE_UNIT ( ) );
#500 = LINE ( 'NONE', #1933, #1786 ) ;
#501 =( BOUNDED_CURVE ( )  B_SPLINE_CURVE ( 2, ( #2291, #762, #859 ),
 .UNSPECIFIED., .F., .F. ) 
 B_SPLINE_CURVE_WITH_KNOTS ( ( 3, 3 ),
 ( 0.000000000000000000, 0.03548701881254619911 ),
 .UNSPECIFIED. ) 
 CURVE ( )  GEOMETRIC_REPRESENTATION_ITEM ( )  RATIONAL_B_SPLINE_CURVE ( ( 1.000000000000000000, 1.000466315667470019, 1.000000000000000000 ) ) 
 REPRESENTATION_ITEM ( '' )  );
#502 = DIRECTION ( 'NONE',  ( 1.000000000000000000, 0.000000000000000000, 0.000000000000000000 ) ) ;
#503 = ORIENTED_EDGE ( 'NONE', *, *, #598, .T. ) ;
#504 = ADVANCED_FACE ( 'NONE', ( #3688 ), #4361, .F. ) ;
#505 = LINE ( 'NONE', #104, #3919 ) ;
#506 = AXIS2_PLACEMENT_3D ( 'NONE', #1232, #1985, #2678 ) ;
#507 = MECHANICAL_DESIGN_GEOMETRIC_PRESENTATION_REPRESENTATION (  '', ( #1546 ), #2971 ) ;
#508 = CARTESIAN_POINT ( 'NONE',  ( 3.250000000000000444, 6.129804491996769578, -4.675000000000000711 ) ) ;
#509 = PRESENTATION_STYLE_ASSIGNMENT (( #3437 ) ) ;
#510 = DIRECTION ( 'NONE',  ( 0.000000000000000000, -1.000000000000000000, 0.000000000000000000 ) ) ;
#511 = CARTESIAN_POINT ( 'NONE',  ( -10.00000000000000000, -0.2403910160064700041, 0.5000000000000000000 ) ) ;
#512 = PRESENTATION_LAYER_ASSIGNMENT (  '', '', ( #65 ) ) ;
#513 = DIRECTION ( 'NONE',  ( 0.000000000000000000, 0.000000000000000000, -1.000000000000000000 ) ) ;
#514 = VECTOR ( 'NONE', #3083, 1000.000000000000000 ) ;
#515 = DIRECTION ( 'NONE',  ( -1.000000000000000000, 0.000000000000000000, 0.000000000000000000 ) ) ;
#516 = ORIENTED_EDGE ( 'NONE', *, *, #3816, .F. ) ;
#517 = FACE_OUTER_BOUND ( 'NONE', #4622, .T. ) ;
#518 = CARTESIAN_POINT ( 'NONE',  ( 6.749453953164507247, 5.099568432428587705, 7.278404874038990613 ) ) ;
#519 = DIRECTION ( 'NONE',  ( 0.000000000000000000, 0.000000000000000000, -1.000000000000000000 ) ) ;
#520 = EDGE_LOOP ( 'NONE', ( #2097, #2940, #3566, #3127, #2301, #231 ) ) ;
#521 = ORIENTED_EDGE ( 'NONE', *, *, #973, .F. ) ;
#522 = CARTESIAN_POINT ( 'NONE',  ( 6.000000000000000000, -6.870195508003229534, -7.174999999999999822 ) ) ;
#523 = CARTESIAN_POINT ( 'NONE',  ( 7.082531754730550411, 5.504804491996769578, -7.231624327025939714 ) ) ;
#524 = DIRECTION ( 'NONE',  ( 0.000000000000000000, 0.000000000000000000, 1.000000000000000000 ) ) ;
#525 = ORIENTED_EDGE ( 'NONE', *, *, #3129, .T. ) ;
#526 = CARTESIAN_POINT ( 'NONE',  ( 3.500000000000000000, 6.129804491996769578, -4.675000000000000711 ) ) ;
#527 = APPLICATION_PROTOCOL_DEFINITION ( 'draft international standard', 'automotive_design', 1998, #1028 ) ;
#528 =( LENGTH_UNIT ( ) NAMED_UNIT ( * ) SI_UNIT ( .MILLI., .METRE. ) );
#529 = DIRECTION ( 'NONE',  ( 0.000000000000000000, 0.000000000000000000, 1.000000000000000000 ) ) ;
#530 = ADVANCED_FACE ( 'NONE', ( #3532 ), #1634, .T. ) ;
#531 = DIRECTION ( 'NONE',  ( 0.000000000000000000, 0.000000000000000000, 1.000000000000000000 ) ) ;
#532 = CARTESIAN_POINT ( 'NONE',  ( 6.334936490538901843, -5.620195508003235751, -7.231624327025945043 ) ) ;
#533 = CARTESIAN_POINT ( 'NONE',  ( 8.500000000000000000, -6.870195508003229534, -7.424999999999999822 ) ) ;
#534 = CARTESIAN_POINT ( 'NONE',  ( 7.249999999999991118, 6.129804491996769578, -6.125000000000000000 ) ) ;
#535 = EDGE_CURVE ( 'NONE', #1283, #761, #3289, .T. ) ;
#536 = CARTESIAN_POINT ( 'NONE',  ( 6.000000000000000000, -6.870195508003229534, -4.424999999999999822 ) ) ;
#537 = LINE ( 'NONE', #204, #310 ) ;
#538 = DIRECTION ( 'NONE',  ( 0.000000000000000000, 0.000000000000000000, 1.000000000000000000 ) ) ;
#539 = CARTESIAN_POINT ( 'NONE',  ( 9.912397540454078282, 12.25000000000000000, 0.5000000000000000000 ) ) ;
#540 = ORIENTED_EDGE ( 'NONE', *, *, #2202, .F. ) ;
#541 = VERTEX_POINT ( 'NONE', #2205 ) ;
#542 = ADVANCED_FACE ( 'NONE', ( #1496 ), #582, .F. ) ;
#543 = STYLED_ITEM ( 'NONE', ( #1272 ), #3275 ) ;
#544 = CARTESIAN_POINT ( 'NONE',  ( 6.921537162466082194, -3.753644036875510182, -7.113570225058173158 ) ) ;
#545 = DIRECTION ( 'NONE',  ( 0.000000000000000000, 0.000000000000000000, 1.000000000000000000 ) ) ;
#546 = ORIENTED_EDGE ( 'NONE', *, *, #1560, .F. ) ;
#547 = CARTESIAN_POINT ( 'NONE',  ( 7.443375672974060109, -6.870195508003229534, -6.125000000000000000 ) ) ;
#548 = FILL_AREA_STYLE_COLOUR ( '', #1326 ) ;
#549 = MECHANICAL_DESIGN_GEOMETRIC_PRESENTATION_REPRESENTATION (  '', ( #4601 ), #917 ) ;
#550 = CARTESIAN_POINT ( 'NONE',  ( 6.000000000000000000, -6.870195508003229534, -6.125000000000000000 ) ) ;
#551 = CARTESIAN_POINT ( 'NONE',  ( 3.500000000000000000, 6.129804491996769578, -7.174999999999999822 ) ) ;
#552 = DIRECTION ( 'NONE',  ( 1.000000000000000000, 0.000000000000000000, 0.000000000000000000 ) ) ;
#553 =( GEOMETRIC_REPRESENTATION_CONTEXT ( 3 ) GLOBAL_UNCERTAINTY_ASSIGNED_CONTEXT ( ( #3169 ) ) GLOBAL_UNIT_ASSIGNED_CONTEXT ( ( #2921, #4357, #2943 ) ) REPRESENTATION_CONTEXT ( 'NONE', 'WORKASPACE' ) );
#554 = LINE ( 'NONE', #1274, #3686 ) ;
#555 = CONICAL_SURFACE ( 'NONE', #1377, 1.346687836487029832, 0.7853981633974476129 ) ;
#556 = CARTESIAN_POINT ( 'NONE',  ( -6.774999999999999467, 12.50000000000000000, -0.5000000000000000000 ) ) ;
#557 = SURFACE_STYLE_USAGE ( .BOTH. , #2335 ) ;
#558 = EDGE_CURVE ( 'NONE', #3208, #120, #4236, .T. ) ;
#559 =( LENGTH_UNIT ( ) NAMED_UNIT ( * ) SI_UNIT ( .MILLI., .METRE. ) );
#560 = FACE_OUTER_BOUND ( 'NONE', #2135, .T. ) ;
#561 = ORIENTED_EDGE ( 'NONE', *, *, #785, .T. ) ;
#562 = ORIENTED_EDGE ( 'NONE', *, *, #2411, .F. ) ;
#563 = CARTESIAN_POINT ( 'NONE',  ( 6.643964367052610953, 2.944321832430364605, -7.373514711728954119 ) ) ;
#564 = CARTESIAN_POINT ( 'NONE',  ( 8.741521118861843576, -5.117910518586382906, -4.703435661457981531 ) ) ;
#565 = LINE ( 'NONE', #187, #514 ) ;
#566 = ORIENTED_EDGE ( 'NONE', *, *, #1351, .F. ) ;
#567 = VECTOR ( 'NONE', #356, 1000.000000000000000 ) ;
#568 = ADVANCED_FACE ( 'NONE', ( #4014 ), #894, .F. ) ;
#569 = DIRECTION ( 'NONE',  ( 0.4999999999999998890, 0.8660254037844387076, 0.000000000000000000 ) ) ;
#570 = SURFACE_STYLE_FILL_AREA ( #1270 ) ;
#571 = FILL_AREA_STYLE ('',( #1019 ) ) ;
#572 = MECHANICAL_DESIGN_GEOMETRIC_PRESENTATION_REPRESENTATION (  '', ( #1172 ), #2528 ) ;
#573 = AXIS2_PLACEMENT_3D ( 'NONE', #1420, #4297, #3595 ) ;
#574 = CARTESIAN_POINT ( 'NONE',  ( 0.000000000000000000, 12.50000000000000000, 0.000000000000000000 ) ) ;
#575 = VECTOR ( 'NONE', #3425, 1000.000000000000000 ) ;
#576 = PRESENTATION_STYLE_ASSIGNMENT (( #860 ) ) ;
#577 = VERTEX_POINT ( 'NONE', #1222 ) ;
#578 = VECTOR ( 'NONE', #3160, 1000.000000000000000 ) ;
#579 = CARTESIAN_POINT ( 'NONE',  ( 5.778216418993338266, -10.11231139183825434, -8.069575550154189258 ) ) ;
#580 = CARTESIAN_POINT ( 'NONE',  ( 0.000000000000000000, 12.25000000000000000, 0.000000000000000000 ) ) ;
#581 = CARTESIAN_POINT ( 'NONE',  ( 4.500000000000000888, 6.129804491996769578, -4.424999999999999822 ) ) ;
#582 = CONICAL_SURFACE ( 'NONE', #3431, 1.346687836487029832, 0.7853981633974476129 ) ;
#583 = UNCERTAINTY_MEASURE_WITH_UNIT (LENGTH_MEASURE( 1.000000000000000082E-05 ), #4022, 'distance_accuracy_value', 'NONE');
#584 = FILL_AREA_STYLE_COLOUR ( '', #4401 ) ;
#585 = DIRECTION ( 'NONE',  ( 0.000000000000000000, 1.000000000000000000, 0.000000000000000000 ) ) ;
#586 = EDGE_CURVE ( 'NONE', #4123, #2846, #1404, .T. ) ;
#587 = CARTESIAN_POINT ( 'NONE',  ( 6.000000000000000000, 6.129804491996769578, 2.575000000000000178 ) ) ;
#588 = ORIENTED_EDGE ( 'NONE', *, *, #4525, .F. ) ;
#589 = AXIS2_PLACEMENT_3D ( 'NONE', #4041, #3313, #4019 ) ;
#590 = VERTEX_POINT ( 'NONE', #4141 ) ;
#591 = CARTESIAN_POINT ( 'NONE',  ( 0.000000000000000000, -12.37500000000000000, 0.000000000000000000 ) ) ;
#592 = CARTESIAN_POINT ( 'NONE',  ( 8.566965403501447085, -4.875077097956656225, -5.012147419829650730 ) ) ;
#593 = EDGE_CURVE ( 'NONE', #734, #890, #1038, .T. ) ;
#594 = EDGE_LOOP ( 'NONE', ( #2118, #997, #2200 ) ) ;
#595 =( NAMED_UNIT ( * ) PLANE_ANGLE_UNIT ( ) SI_UNIT ( $, .RADIAN. ) );
#596 = CARTESIAN_POINT ( 'NONE',  ( 6.353124182729301239, -8.093276405146156094, 7.627294339515770183 ) ) ;
#597 = DIRECTION ( 'NONE',  ( 1.000000000000000000, 0.000000000000000000, 0.000000000000000000 ) ) ;
#598 = EDGE_CURVE ( 'NONE', #2594, #2321, #2382, .T. ) ;
#599 = CARTESIAN_POINT ( 'NONE',  ( 0.000000000000000000, -0.5000000000000000000, 4.000000000000000000 ) ) ;
#600 = ORIENTED_EDGE ( 'NONE', *, *, #4345, .F. ) ;
#601 = CARTESIAN_POINT ( 'NONE',  ( 4.556624327025939891, 6.129804491996769578, -7.424999999999999822 ) ) ;
#602 = DIRECTION ( 'NONE',  ( 0.000000000000000000, 0.000000000000000000, -1.000000000000000000 ) ) ;
#603 = VERTEX_POINT ( 'NONE', #2691 ) ;
#604 = EDGE_CURVE ( 'NONE', #2918, #4423, #2542, .T. ) ;
#605 = CARTESIAN_POINT ( 'NONE',  ( 3.536168263226402875, -8.990894673095668921, -9.273749828561438591 ) ) ;
#606 = CARTESIAN_POINT ( 'NONE',  ( 4.935976749231742566, -6.162970113635426017, 8.611029185879276682 ) ) ;
#607 =( GEOMETRIC_REPRESENTATION_CONTEXT ( 3 ) GLOBAL_UNCERTAINTY_ASSIGNED_CONTEXT ( ( #864 ) ) GLOBAL_UNIT_ASSIGNED_CONTEXT ( ( #4542, #595, #1088 ) ) REPRESENTATION_CONTEXT ( 'NONE', 'WORKASPACE' ) );
#608 = FACE_OUTER_BOUND ( 'NONE', #3262, .T. ) ;
#609 =( NAMED_UNIT ( * ) PLANE_ANGLE_UNIT ( ) SI_UNIT ( $, .RADIAN. ) );
#610 = EDGE_LOOP ( 'NONE', ( #33, #1504, #4639 ) ) ;
#611 = ORIENTED_EDGE ( 'NONE', *, *, #4147, .F. ) ;
#612 =( GEOMETRIC_REPRESENTATION_CONTEXT ( 3 ) GLOBAL_UNCERTAINTY_ASSIGNED_CONTEXT ( ( #3824 ) ) GLOBAL_UNIT_ASSIGNED_CONTEXT ( ( #3420, #2658, #888 ) ) REPRESENTATION_CONTEXT ( 'NONE', 'WORKASPACE' ) );
#613 = AXIS2_PLACEMENT_3D ( 'NONE', #671, #2507, #294 ) ;
#614 = CARTESIAN_POINT ( 'NONE',  ( 7.165635523946138896, -3.835585641564955406, -6.868095790994380501 ) ) ;
#615 = DIRECTION ( 'NONE',  ( 0.000000000000000000, 0.000000000000000000, 1.000000000000000000 ) ) ;
#616 = VERTEX_POINT ( 'NONE', #4095 ) ;
#617 = DIRECTION ( 'NONE',  ( -0.9132291307658646495, -1.118383131880535949E-16, -0.4074463826328849070 ) ) ;
#618 = CARTESIAN_POINT ( 'NONE',  ( 0.000000000000000000, -12.50000000000000000, 2.750000000000001332 ) ) ;
#619 = EDGE_CURVE ( 'NONE', #4199, #3648, #3007, .T. ) ;
#620 = DIRECTION ( 'NONE',  ( 0.000000000000000000, 0.000000000000000000, 1.000000000000000000 ) ) ;
#621 = CARTESIAN_POINT ( 'NONE',  ( 10.00000000000000000, -1.240391016006469949, 0.5000000000000000000 ) ) ;
#622 = ORIENTED_EDGE ( 'NONE', *, *, #598, .F. ) ;
#623 = CARTESIAN_POINT ( 'NONE',  ( 6.000000000000000000, -6.870195508003229534, -5.924999999999999822 ) ) ;
#624 = AXIS2_PLACEMENT_3D ( 'NONE', #580, #2093, #3119 ) ;
#625 = FACE_OUTER_BOUND ( 'NONE', #4348, .T. ) ;
#626 = VERTEX_POINT ( 'NONE', #3785 ) ;
#627 = CARTESIAN_POINT ( 'NONE',  ( 6.130184887644703373, -10.12184513461113866, -7.808441540572283124 ) ) ;
#628 = DIRECTION ( 'NONE',  ( 0.000000000000000000, 0.000000000000000000, -1.000000000000000000 ) ) ;
#629 = EDGE_CURVE ( 'NONE', #3674, #761, #4122, .T. ) ;
#630 =( NAMED_UNIT ( * ) PLANE_ANGLE_UNIT ( ) SI_UNIT ( $, .RADIAN. ) );
#631 =( LENGTH_UNIT ( ) NAMED_UNIT ( * ) SI_UNIT ( .MILLI., .METRE. ) );
#632 = FACE_OUTER_BOUND ( 'NONE', #3114, .T. ) ;
#633 = EDGE_LOOP ( 'NONE', ( #4588, #1567, #3109 ) ) ;
#634 = ORIENTED_EDGE ( 'NONE', *, *, #4003, .F. ) ;
#635 = DIRECTION ( 'NONE',  ( 0.000000000000000000, -1.000000000000000000, 0.000000000000000000 ) ) ;
#636 = DIRECTION ( 'NONE',  ( -1.000000000000000000, 0.000000000000000000, 0.000000000000000000 ) ) ;
#637 = FACE_OUTER_BOUND ( 'NONE', #3677, .T. ) ;
#638 = ORIENTED_EDGE ( 'NONE', *, *, #3617, .T. ) ;
#639 = DIRECTION ( 'NONE',  ( -1.224646799147350002E-16, 0.000000000000000000, 1.000000000000000000 ) ) ;
#640 = DIRECTION ( 'NONE',  ( 0.000000000000000000, 0.000000000000000000, 1.000000000000000000 ) ) ;
#641 = DIRECTION ( 'NONE',  ( -1.000000000000000000, 0.000000000000000000, 0.000000000000000000 ) ) ;
#642 = VECTOR ( 'NONE', #3501, 1000.000000000000000 ) ;
#643 = STYLED_ITEM ( 'NONE', ( #2782 ), #2855 ) ;
#644 = EDGE_CURVE ( 'NONE', #3314, #3624, #4070, .T. ) ;
#645 = ORIENTED_EDGE ( 'NONE', *, *, #1396, .T. ) ;
#646 = CARTESIAN_POINT ( 'NONE',  ( -6.774999999999999467, 12.50000000000000000, -0.5000000000000000000 ) ) ;
#647 =( GEOMETRIC_REPRESENTATION_CONTEXT ( 3 ) GLOBAL_UNCERTAINTY_ASSIGNED_CONTEXT ( ( #4251 ) ) GLOBAL_UNIT_ASSIGNED_CONTEXT ( ( #3503, #2072, #1682 ) ) REPRESENTATION_CONTEXT ( 'NONE', 'WORKASPACE' ) );
#648 = AXIS2_PLACEMENT_3D ( 'NONE', #3399, #1639, #4181 ) ;
#649 = DIRECTION ( 'NONE',  ( 1.000000000000000000, 0.000000000000000000, 0.000000000000000000 ) ) ;
#650 = EDGE_LOOP ( 'NONE', ( #4529, #2150, #1617, #768, #2053, #1899 ) ) ;
#651 = CARTESIAN_POINT ( 'NONE',  ( 7.311922869434069661, -9.844630096579752632, -6.712142445431304338 ) ) ;
#652 = CARTESIAN_POINT ( 'NONE',  ( 7.264500000000031932, -6.870195508003292595, 6.762593049267385581 ) ) ;
#653 = CIRCLE ( 'NONE', #3806, 2.750000000000000000 ) ;
#654 =( GEOMETRIC_REPRESENTATION_CONTEXT ( 3 ) GLOBAL_UNCERTAINTY_ASSIGNED_CONTEXT ( ( #4520 ) ) GLOBAL_UNIT_ASSIGNED_CONTEXT ( ( #14, #3277, #4267 ) ) REPRESENTATION_CONTEXT ( 'NONE', 'WORKASPACE' ) );
#655 = EDGE_CURVE ( 'NONE', #1027, #3194, #565, .T. ) ;
#656 = ORIENTED_EDGE ( 'NONE', *, *, #1923, .F. ) ;
#657 = VERTEX_POINT ( 'NONE', #3760 ) ;
#658 =( GEOMETRIC_REPRESENTATION_CONTEXT ( 3 ) GLOBAL_UNCERTAINTY_ASSIGNED_CONTEXT ( ( #2887 ) ) GLOBAL_UNIT_ASSIGNED_CONTEXT ( ( #528, #1955, #3343 ) ) REPRESENTATION_CONTEXT ( 'NONE', 'WORKASPACE' ) );
#659 = AXIS2_PLACEMENT_3D ( 'NONE', #2710, #1688, #1264 ) ;
#660 = CARTESIAN_POINT ( 'NONE',  ( 8.883974335847669934, 4.631408005691489471, -4.424999999999999822 ) ) ;
#661 = CARTESIAN_POINT ( 'NONE',  ( 5.822295620539263084, -3.625276913158130832, -8.037826761947076903 ) ) ;
#662 = AXIS2_PLACEMENT_3D ( 'NONE', #1479, #2930, #3622 ) ;
#663 = DIRECTION ( 'NONE',  ( -1.000000000000000000, 0.000000000000000000, 0.000000000000000000 ) ) ;
#664 = ORIENTED_EDGE ( 'NONE', *, *, #3907, .F. ) ;
#665 = CARTESIAN_POINT ( 'NONE',  ( 4.935976749231741678, 6.837029886364571318, 8.611029185879276682 ) ) ;
#666 = DIRECTION ( 'NONE',  ( 0.000000000000000000, 0.000000000000000000, 1.000000000000000000 ) ) ;
#667 = CARTESIAN_POINT ( 'NONE',  ( 0.000000000000000000, 6.000000000000000000, 4.000000000000000000 ) ) ;
#668 = DIRECTION ( 'NONE',  ( 0.000000000000000000, 0.000000000000000000, -1.000000000000000000 ) ) ;
#669 = ORIENTED_EDGE ( 'NONE', *, *, #1803, .F. ) ;
#670 = CIRCLE ( 'NONE', #2169, 2.500000000000000000 ) ;
#671 = CARTESIAN_POINT ( 'NONE',  ( -6.774999999999999467, 12.50000000000000000, -0.5000000000000000000 ) ) ;
#672 = EDGE_CURVE ( 'NONE', #3363, #2621, #2982, .T. ) ;
#673 = ORIENTED_EDGE ( 'NONE', *, *, #4269, .T. ) ;
#674 = B_SPLINE_CURVE_WITH_KNOTS ( 'NONE', 3,
 ( #3848, #203, #3775, #3419, #3100, #606, #1987, #1637, #955, #2387, #1680, #2440, #1706, #2042, #4507, #2070, #3498, #4578, #1609, #274, #1277, #652 ),
 .UNSPECIFIED., .F., .F.,
 ( 4, 2, 2, 2, 2, 2, 2, 2, 2, 2, 4 ),
 ( 0.000000000000000000, 0.0002808782950424359884, 0.0005617565900848719767, 0.001123513180169744821, 0.001685269770254617773, 0.002247026360339490943, 0.002808782950424363895, 0.003370539540509236414, 0.003651417835551673107, 0.003932296130594109367, 0.004494052720678984487 ),
 .UNSPECIFIED. ) ;
#675 = ADVANCED_FACE ( 'NONE', ( #4497 ), #1647, .F. ) ;
#676 = UNCERTAINTY_MEASURE_WITH_UNIT (LENGTH_MEASURE( 1.000000000000000082E-05 ), #3592, 'distance_accuracy_value', 'NONE');
#677 = CARTESIAN_POINT ( 'NONE',  ( 4.735500000000000043, 6.129804491996769578, 2.575000000000000178 ) ) ;
#678 =( BOUNDED_CURVE ( )  B_SPLINE_CURVE ( 2, ( #4354, #2573, #452 ),
 .UNSPECIFIED., .F., .F. ) 
 B_SPLINE_CURVE_WITH_KNOTS ( ( 3, 3 ),
 ( 0.000000000000000000, 0.03548701881254619911 ),
 .UNSPECIFIED. ) 
 CURVE ( )  GEOMETRIC_REPRESENTATION_ITEM ( )  RATIONAL_B_SPLINE_CURVE ( ( 1.000000000000000000, 1.000466315667470019, 1.000000000000000000 ) ) 
 REPRESENTATION_ITEM ( '' )  );
#679 = DIRECTION ( 'NONE',  ( -1.000000000000000000, 0.000000000000000000, -1.224646799147350249E-16 ) ) ;
#680 =( LENGTH_UNIT ( ) NAMED_UNIT ( * ) SI_UNIT ( .MILLI., .METRE. ) );
#681 = VERTEX_POINT ( 'NONE', #3108 ) ;
#682 = PRESENTATION_LAYER_ASSIGNMENT (  '', '', ( #2488 ) ) ;
#683 = VERTEX_POINT ( 'NONE', #2145 ) ;
#684 = CARTESIAN_POINT ( 'NONE',  ( 8.093727181021362682, 3.642739146028190156, -5.745177943238178209 ) ) ;
#685 = DIRECTION ( 'NONE',  ( 0.000000000000000000, 0.000000000000000000, -1.000000000000000000 ) ) ;
#686 = ORIENTED_EDGE ( 'NONE', *, *, #4306, .F. ) ;
#687 = CARTESIAN_POINT ( 'NONE',  ( 7.066855921164355792, 6.813429796969633578, 6.969202177588756264 ) ) ;
#688 = EDGE_CURVE ( 'NONE', #681, #3117, #825, .T. ) ;
#689 = FILL_AREA_STYLE ('',( #2082 ) ) ;
#690 = DIRECTION ( 'NONE',  ( 1.000000000000000000, 0.000000000000000000, 0.000000000000000000 ) ) ;
#691 = CYLINDRICAL_SURFACE ( 'NONE', #91, 1.264499999999999957 ) ;
#692 = VERTEX_POINT ( 'NONE', #2399 ) ;
#693 = CARTESIAN_POINT ( 'NONE',  ( 6.000000000000000000, 6.129804491996769578, -5.924999999999999822 ) ) ;
#694 = VECTOR ( 'NONE', #4400, 1000.000000000000000 ) ;
#695 = LINE ( 'NONE', #4638, #3481 ) ;
#696 = ORIENTED_EDGE ( 'NONE', *, *, #4494, .F. ) ;
#697 = CIRCLE ( 'NONE', #4599, 1.499999999999999556 ) ;
#698 =( NAMED_UNIT ( * ) PLANE_ANGLE_UNIT ( ) SI_UNIT ( $, .RADIAN. ) );
#699 = CIRCLE ( 'NONE', #847, 9.924999999999998934 ) ;
#700 = CARTESIAN_POINT ( 'NONE',  ( 4.536500000000000199, 6.129804491996769578, -4.174999999999999822 ) ) ;
#701 =( GEOMETRIC_REPRESENTATION_CONTEXT ( 3 ) GLOBAL_UNCERTAINTY_ASSIGNED_CONTEXT ( ( #676 ) ) GLOBAL_UNIT_ASSIGNED_CONTEXT ( ( #3592, #3920, #763 ) ) REPRESENTATION_CONTEXT ( 'NONE', 'WORKASPACE' ) );
#702 = CARTESIAN_POINT ( 'NONE',  ( 0.000000000000000000, 12.50000000000000000, 0.000000000000000000 ) ) ;
#703 = ORIENTED_EDGE ( 'NONE', *, *, #939, .T. ) ;
#704 = EDGE_CURVE ( 'NONE', #4355, #2393, #708, .T. ) ;
#705 = EDGE_LOOP ( 'NONE', ( #3828, #1572, #4277, #3615 ) ) ;
#706 = CIRCLE ( 'NONE', #1527, 1.463499999999999579 ) ;
#707 = CARTESIAN_POINT ( 'NONE',  ( 7.697163495739792971, 8.901505021189164424, -6.265776538535786422 ) ) ;
#708 = LINE ( 'NONE', #4566, #3591 ) ;
#709 = ORIENTED_EDGE ( 'NONE', *, *, #2333, .T. ) ;
#710 = CARTESIAN_POINT ( 'NONE',  ( 9.662071465270789972, -12.50000000000000000, 0.5000000000000000000 ) ) ;
#711 = CARTESIAN_POINT ( 'NONE',  ( 6.000000000000000000, 6.129804491996769578, 5.361500000000000377 ) ) ;
#712 = DIRECTION ( 'NONE',  ( 0.4999999999999998890, -0.8660254037844387076, 0.000000000000000000 ) ) ;
#713 = DIRECTION ( 'NONE',  ( 0.000000000000000000, 0.000000000000000000, 1.000000000000000000 ) ) ;
#714 = ADVANCED_FACE ( 'NONE', ( #2121 ), #989, .F. ) ;
#715 = EDGE_LOOP ( 'NONE', ( #4287, #540, #1812, #1833, #976, #1687, #2027, #2851, #1035, #2494, #4603 ) ) ;
#716 = DIRECTION ( 'NONE',  ( 0.000000000000000000, 0.000000000000000000, 1.000000000000000000 ) ) ;
#717 = DIRECTION ( 'NONE',  ( 0.000000000000000000, 0.000000000000000000, 1.000000000000000000 ) ) ;
#718 =( NAMED_UNIT ( * ) SI_UNIT ( $, .STERADIAN. ) SOLID_ANGLE_UNIT ( ) );
#719 = ORIENTED_EDGE ( 'NONE', *, *, #2575, .T. ) ;
#720 = AXIS2_PLACEMENT_3D ( 'NONE', #1031, #1730, #3171 ) ;
#721 = CIRCLE ( 'NONE', #3945, 2.750000000000000000 ) ;
#722 = CARTESIAN_POINT ( 'NONE',  ( 9.924999999999998934, 12.50000000000000000, 0.5000000000000000000 ) ) ;
#723 = STYLED_ITEM ( 'NONE', ( #4534 ), #1825 ) ;
#724 = ORIENTED_EDGE ( 'NONE', *, *, #4494, .T. ) ;
#725 = ORIENTED_EDGE ( 'NONE', *, *, #1674, .T. ) ;
#726 = DIRECTION ( 'NONE',  ( 0.000000000000000000, 0.000000000000000000, 1.000000000000000000 ) ) ;
#727 = CIRCLE ( 'NONE', #3350, 2.750000000000000000 ) ;
#728 = UNCERTAINTY_MEASURE_WITH_UNIT (LENGTH_MEASURE( 1.000000000000000082E-05 ), #324, 'distance_accuracy_value', 'NONE');
#729 = EDGE_CURVE ( 'NONE', #4560, #2446, #4540, .T. ) ;
#730 = CARTESIAN_POINT ( 'NONE',  ( -9.924999999999998934, -0.2403910160064700041, -1.215461948153744886E-15 ) ) ;
#731 = FACE_OUTER_BOUND ( 'NONE', #3910, .T. ) ;
#732 = VECTOR ( 'NONE', #4454, 1000.000000000000000 ) ;
#733 = CIRCLE ( 'NONE', #3357, 1.499999999999999556 ) ;
#734 = VERTEX_POINT ( 'NONE', #2450 ) ;
#735 =( NAMED_UNIT ( * ) SI_UNIT ( $, .STERADIAN. ) SOLID_ANGLE_UNIT ( ) );
#736 = EDGE_CURVE ( 'NONE', #3935, #2446, #737, .T. ) ;
#737 = CIRCLE ( 'NONE', #1860, 4.250000000000000000 ) ;
#738 = FACE_OUTER_BOUND ( 'NONE', #3251, .T. ) ;
#739 = FACE_OUTER_BOUND ( 'NONE', #247, .T. ) ;
#740 = EDGE_LOOP ( 'NONE', ( #495, #2546, #2064 ) ) ;
#741 = FACE_BOUND ( 'NONE', #3658, .T. ) ;
#742 = CARTESIAN_POINT ( 'NONE',  ( 6.000000000000000000, -6.870195508003229534, 2.575000000000000178 ) ) ;
#743 = DIRECTION ( 'NONE',  ( 0.000000000000000000, 0.000000000000000000, 1.000000000000000000 ) ) ;
#744 = ORIENTED_EDGE ( 'NONE', *, *, #3409, .F. ) ;
#745 = PRODUCT_RELATED_PRODUCT_CATEGORY ( 'part', '', ( #3958 ) ) ;
#746 = CARTESIAN_POINT ( 'NONE',  ( 2.836398107249962219, -6.006018897205389173, -9.512751433605847851 ) ) ;
#747 = CARTESIAN_POINT ( 'NONE',  ( 2.449489742783180102, -1.250000000000000000, 0.5000000000000000000 ) ) ;
#748 = VERTEX_POINT ( 'NONE', #1716 ) ;
#749 = ORIENTED_EDGE ( 'NONE', *, *, #3055, .T. ) ;
#750 = CARTESIAN_POINT ( 'NONE',  ( 4.757243078932431146, 9.132905614664725391, -8.710618487129085707 ) ) ;
#751 = DIRECTION ( 'NONE',  ( 1.000000000000000000, 0.000000000000000000, 0.000000000000000000 ) ) ;
#752 = ORIENTED_EDGE ( 'NONE', *, *, #3987, .T. ) ;
#753 = CYLINDRICAL_SURFACE ( 'NONE', #2203, 4.000000000000000000 ) ;
#754 = DIRECTION ( 'NONE',  ( 0.000000000000000000, -1.000000000000000000, 0.000000000000000000 ) ) ;
#755 = SURFACE_STYLE_FILL_AREA ( #1114 ) ;
#756 = CARTESIAN_POINT ( 'NONE',  ( 6.000000000000000000, 6.129804491996769578, -6.125000000000000000 ) ) ;
#757 = ORIENTED_EDGE ( 'NONE', *, *, #794, .F. ) ;
#758 = EDGE_CURVE ( 'NONE', #4085, #331, #1312, .T. ) ;
#759 = AXIS2_PLACEMENT_3D ( 'NONE', #1924, #2275, #2017 ) ;
#760 = FACE_OUTER_BOUND ( 'NONE', #3694, .T. ) ;
#761 = VERTEX_POINT ( 'NONE', #4587 ) ;
#762 = CARTESIAN_POINT ( 'NONE',  ( 4.090740318108180062, 12.37115558494728873, 0.5000000000000000000 ) ) ;
#763 =( NAMED_UNIT ( * ) SI_UNIT ( $, .STERADIAN. ) SOLID_ANGLE_UNIT ( ) );
#764 = VECTOR ( 'NONE', #3413, 1000.000000000000000 ) ;
#765 = DIRECTION ( 'NONE',  ( -0.7071067811865470176, -8.659560562354926695E-17, -0.7071067811865480168 ) ) ;
#766 = CARTESIAN_POINT ( 'NONE',  ( 4.353590732033914001, -4.061034721020766902, -8.921079647729404982 ) ) ;
#767 = DIRECTION ( 'NONE',  ( 1.000000000000000000, 0.000000000000000000, 0.000000000000000000 ) ) ;
#768 = ORIENTED_EDGE ( 'NONE', *, *, #758, .F. ) ;
#769 = EDGE_CURVE ( 'NONE', #2023, #1531, #4113, .T. ) ;
#770 = VECTOR ( 'NONE', #1349, 1000.000000000000000 ) ;
#771 = CARTESIAN_POINT ( 'NONE',  ( 6.807527998726856211, 9.277366688588088550, -7.222462865904491380 ) ) ;
#772 = CARTESIAN_POINT ( 'NONE',  ( 3.500000000000000000, -6.870195508003229534, -4.424999999999999822 ) ) ;
#773 = ORIENTED_EDGE ( 'NONE', *, *, #4092, .T. ) ;
#774 =( NAMED_UNIT ( * ) PLANE_ANGLE_UNIT ( ) SI_UNIT ( $, .RADIAN. ) );
#775 = CONICAL_SURFACE ( 'NONE', #1297, 1.346687836487029832, 0.7853981633974476129 ) ;
#776 =( NAMED_UNIT ( * ) PLANE_ANGLE_UNIT ( ) SI_UNIT ( $, .RADIAN. ) );
#777 = DIRECTION ( 'NONE',  ( -0.4999999999999998890, -0.8660254037844387076, 0.000000000000000000 ) ) ;
#778 = PLANE ( 'NONE',  #4330 ) ;
#779 = AXIS2_PLACEMENT_3D ( 'NONE', #3892, #666, #2596 ) ;
#780 = FILL_AREA_STYLE_COLOUR ( '', #1360 ) ;
#781 = VERTEX_POINT ( 'NONE', #305 ) ;
#782 =( NAMED_UNIT ( * ) PLANE_ANGLE_UNIT ( ) SI_UNIT ( $, .RADIAN. ) );
#783 = SURFACE_STYLE_USAGE ( .BOTH. , #2509 ) ;
#784 = CARTESIAN_POINT ( 'NONE',  ( -6.774999999999999467, 12.50000000000000000, -0.5000000000000000000 ) ) ;
#785 = EDGE_CURVE ( 'NONE', #1822, #1642, #3834, .T. ) ;
#786 = ORIENTED_EDGE ( 'NONE', *, *, #64, .T. ) ;
#787 = CARTESIAN_POINT ( 'NONE',  ( 5.154469126736473505, -3.730747185022330381, -8.482247826025739457 ) ) ;
#788 = SURFACE_SIDE_STYLE ('',( #2859 ) ) ;
#789 = MECHANICAL_DESIGN_GEOMETRIC_PRESENTATION_REPRESENTATION (  '', ( #3873 ), #4617 ) ;
#790 = ORIENTED_EDGE ( 'NONE', *, *, #3238, .F. ) ;
#791 = AXIS2_PLACEMENT_3D ( 'NONE', #3531, #328, #2120 ) ;
#792 = SURFACE_STYLE_USAGE ( .BOTH. , #419 ) ;
#793 = STYLED_ITEM ( 'NONE', ( #3548 ), #2968 ) ;
#794 = EDGE_CURVE ( 'NONE', #3739, #2856, #3909, .T. ) ;
#795 = CARTESIAN_POINT ( 'NONE',  ( 5.873532684425426531, 9.377314343626192539, -8.000522965931645913 ) ) ;
#796 = CARTESIAN_POINT ( 'NONE',  ( 6.000000000000000000, -6.870195508003229534, -4.424999999999999822 ) ) ;
#797 = ORIENTED_EDGE ( 'NONE', *, *, #2843, .F. ) ;
#798 =( BOUNDED_CURVE ( )  B_SPLINE_CURVE ( 2, ( #849, #2284, #142 ),
 .UNSPECIFIED., .F., .F. ) 
 B_SPLINE_CURVE_WITH_KNOTS ( ( 3, 3 ),
 ( 0.000000000000000000, 0.03548701881254619911 ),
 .UNSPECIFIED. ) 
 CURVE ( )  GEOMETRIC_REPRESENTATION_ITEM ( )  RATIONAL_B_SPLINE_CURVE ( ( 1.000000000000000000, 1.000466315667470019, 1.000000000000000000 ) ) 
 REPRESENTATION_ITEM ( '' )  );
#799 = ORIENTED_EDGE ( 'NONE', *, *, #64, .F. ) ;
#800 =( GEOMETRIC_REPRESENTATION_CONTEXT ( 3 ) GLOBAL_UNCERTAINTY_ASSIGNED_CONTEXT ( ( #1380 ) ) GLOBAL_UNIT_ASSIGNED_CONTEXT ( ( #4171, #3466, #4571 ) ) REPRESENTATION_CONTEXT ( 'NONE', 'WORKASPACE' ) );
#801 = EDGE_CURVE ( 'NONE', #3117, #3597, #2451, .T. ) ;
#802 = SURFACE_STYLE_USAGE ( .BOTH. , #3977 ) ;
#803 = FILL_AREA_STYLE_COLOUR ( '', #1845 ) ;
#804 =( NAMED_UNIT ( * ) SI_UNIT ( $, .STERADIAN. ) SOLID_ANGLE_UNIT ( ) );
#805 = DIRECTION ( 'NONE',  ( 0.000000000000000000, 0.000000000000000000, 1.000000000000000000 ) ) ;
#806 = ORIENTED_EDGE ( 'NONE', *, *, #2704, .T. ) ;
#807 = FACE_OUTER_BOUND ( 'NONE', #4315, .T. ) ;
#808 =( GEOMETRIC_REPRESENTATION_CONTEXT ( 3 ) GLOBAL_UNCERTAINTY_ASSIGNED_CONTEXT ( ( #2563 ) ) GLOBAL_UNIT_ASSIGNED_CONTEXT ( ( #2403, #3158, #3864 ) ) REPRESENTATION_CONTEXT ( 'NONE', 'WORKASPACE' ) );
#809 = AXIS2_PLACEMENT_3D ( 'NONE', #1571, #3742, #3059 ) ;
#810 = DIRECTION ( 'NONE',  ( 0.000000000000000000, 0.000000000000000000, 1.000000000000000000 ) ) ;
#811 = CARTESIAN_POINT ( 'NONE',  ( 6.000000000000000000, -6.870195508003229534, -6.125000000000000000 ) ) ;
#812 = DIRECTION ( 'NONE',  ( 1.000000000000000000, 0.000000000000000000, 0.000000000000000000 ) ) ;
#813 = PRESENTATION_LAYER_ASSIGNMENT (  '', '', ( #435 ) ) ;
#814 = ADVANCED_FACE ( 'NONE', ( #637 ), #1337, .F. ) ;
#815 = FACE_OUTER_BOUND ( 'NONE', #2047, .T. ) ;
#816 = DIRECTION ( 'NONE',  ( 0.000000000000000000, 0.000000000000000000, 1.000000000000000000 ) ) ;
#817 = ORIENTED_EDGE ( 'NONE', *, *, #586, .T. ) ;
#818 = ADVANCED_FACE ( 'NONE', ( #1858 ), #2545, .F. ) ;
#819 = UNCERTAINTY_MEASURE_WITH_UNIT (LENGTH_MEASURE( 1.000000000000000082E-05 ), #2936, 'distance_accuracy_value', 'NONE');
#820 = CARTESIAN_POINT ( 'NONE',  ( 5.053641957567795551, 5.286434718114271014, 8.542264737862167223 ) ) ;
#821 = DIRECTION ( 'NONE',  ( 0.000000000000000000, 1.000000000000000000, 0.000000000000000000 ) ) ;
#822 = ORIENTED_EDGE ( 'NONE', *, *, #3831, .T. ) ;
#823 = PLANE ( 'NONE',  #3344 ) ;
#824 = CARTESIAN_POINT ( 'NONE',  ( 6.000000000000000000, -8.120195508003229534, -7.231624327025939714 ) ) ;
#825 =( BOUNDED_CURVE ( )  B_SPLINE_CURVE ( 2, ( #4214, #2806, #3929 ),
 .UNSPECIFIED., .F., .F. ) 
 B_SPLINE_CURVE_WITH_KNOTS ( ( 3, 3 ),
 ( 0.07523701006122331114, 0.1504740201224469831 ),
 .UNSPECIFIED. ) 
 CURVE ( )  GEOMETRIC_REPRESENTATION_ITEM ( )  RATIONAL_B_SPLINE_CURVE ( ( 1.000000000000000000, 1.037954849302039850, 1.000000000000000000 ) ) 
 REPRESENTATION_ITEM ( '' )  );
#826 = CARTESIAN_POINT ( 'NONE',  ( 6.000000000000000000, 6.129804491996769578, 5.450000000000000178 ) ) ;
#827 = ORIENTED_EDGE ( 'NONE', *, *, #2089, .F. ) ;
#828 = COLOUR_RGB ( '',0.9607843137254902244, 0.9607843137254902244, 0.9647058823529411908 ) ;
#829 = EDGE_CURVE ( 'NONE', #3739, #748, #3974, .T. ) ;
#830 = DIRECTION ( 'NONE',  ( 0.000000000000000000, 0.000000000000000000, 1.000000000000000000 ) ) ;
#831 = CARTESIAN_POINT ( 'NONE',  ( 2.570762939837112793, -12.36882298090319665, -0.5000000000000000000 ) ) ;
#832 = CARTESIAN_POINT ( 'NONE',  ( 6.000000000000000000, -6.870195508003229534, -4.424999999999999822 ) ) ;
#833 = SURFACE_STYLE_USAGE ( .BOTH. , #2290 ) ;
#834 = FACE_OUTER_BOUND ( 'NONE', #1148, .T. ) ;
#835 = AXIS2_PLACEMENT_3D ( 'NONE', #927, #2359, #3355 ) ;
#836 = LINE ( 'NONE', #70, #2368 ) ;
#837 = VECTOR ( 'NONE', #569, 1000.000000000000000 ) ;
#838 = CARTESIAN_POINT ( 'NONE',  ( 6.721687836487029166, -5.620195508003230422, -7.424999999999999822 ) ) ;
#839 = EDGE_LOOP ( 'NONE', ( #1697, #1971, #4185 ) ) ;
#840 = LINE ( 'NONE', #1191, #1811 ) ;
#841 = COLOUR_RGB ( '',0.9607843137254902244, 0.9607843137254902244, 0.9647058823529411908 ) ;
#842 = CARTESIAN_POINT ( 'NONE',  ( 7.111463248606777476, 5.520624616552702868, 6.923543578221742045 ) ) ;
#843 = ADVANCED_FACE ( 'NONE', ( #2233 ), #1406, .T. ) ;
#844 = FACE_OUTER_BOUND ( 'NONE', #3757, .T. ) ;
#845 = VERTEX_POINT ( 'NONE', #4347 ) ;
#846 = ORIENTED_EDGE ( 'NONE', *, *, #3668, .T. ) ;
#847 = AXIS2_PLACEMENT_3D ( 'NONE', #1233, #2681, #3396 ) ;
#848 = DIRECTION ( 'NONE',  ( 0.000000000000000000, 1.000000000000000000, 0.000000000000000000 ) ) ;
#849 = CARTESIAN_POINT ( 'NONE',  ( -3.968626966596889627, 12.25000000000000000, 0.5000000000000000000 ) ) ;
#850 = FILL_AREA_STYLE_COLOUR ( '', #1481 ) ;
#851 = ORIENTED_EDGE ( 'NONE', *, *, #3733, .T. ) ;
#852 = CARTESIAN_POINT ( 'NONE',  ( 4.750000000000009770, -6.870195508003229534, -6.125000000000000000 ) ) ;
#853 = LINE ( 'NONE', #2942, #87 ) ;
#854 = CARTESIAN_POINT ( 'NONE',  ( 4.286500000000000199, -6.870195508003229534, -4.174999999999999822 ) ) ;
#855 = CIRCLE ( 'NONE', #2062, 9.674999999999998934 ) ;
#856 = CARTESIAN_POINT ( 'NONE',  ( 5.113824816160414066, -7.776298112528217565, 8.506484521904347673 ) ) ;
#857 = CARTESIAN_POINT ( 'NONE',  ( 0.000000000000000000, -0.5000000000000000000, 0.000000000000000000 ) ) ;
#858 = EDGE_CURVE ( 'NONE', #1690, #2860, #4324, .T. ) ;
#859 = CARTESIAN_POINT ( 'NONE',  ( 3.968626966596889627, 12.25000000000000000, 0.5000000000000000000 ) ) ;
#860 = SURFACE_STYLE_USAGE ( .BOTH. , #3393 ) ;
#861 = FACE_OUTER_BOUND ( 'NONE', #594, .T. ) ;
#862 = ORIENTED_EDGE ( 'NONE', *, *, #2089, .T. ) ;
#863 = CARTESIAN_POINT ( 'NONE',  ( 6.721687836487029166, 4.879804491996770466, -6.125000000000000000 ) ) ;
#864 = UNCERTAINTY_MEASURE_WITH_UNIT (LENGTH_MEASURE( 1.000000000000000082E-05 ), #4542, 'distance_accuracy_value', 'NONE');
#865 = CARTESIAN_POINT ( 'NONE',  ( 6.919689006836668987, 5.258507062991653491, 7.115454963861720827 ) ) ;
#866 = FACE_OUTER_BOUND ( 'NONE', #1497, .T. ) ;
#867 = ORIENTED_EDGE ( 'NONE', *, *, #4420, .F. ) ;
#868 = EDGE_LOOP ( 'NONE', ( #3134, #2400, #1789, #2365 ) ) ;
#869 = AXIS2_PLACEMENT_3D ( 'NONE', #4232, #254, #4183 ) ;
#870 = EDGE_CURVE ( 'NONE', #2506, #913, #3217, .T. ) ;
#871 = VECTOR ( 'NONE', #1456, 1000.000000000000000 ) ;
#872 = CARTESIAN_POINT ( 'NONE',  ( 5.427987524533339325, 2.929556417145785741, -8.309937150921765436 ) ) ;
#873 = DIRECTION ( 'NONE',  ( -1.000000000000000000, 0.000000000000000000, 0.000000000000000000 ) ) ;
#874 = TOROIDAL_SURFACE ( 'NONE', #200, 2.500000000000000000, 0.2500000000000000000 ) ;
#875 = ORIENTED_EDGE ( 'NONE', *, *, #962, .T. ) ;
#876 = CARTESIAN_POINT ( 'NONE',  ( 2.704163456597989956, -12.50000000000000000, 0.5000000000000000000 ) ) ;
#877 = ADVANCED_FACE ( 'NONE', ( #1152 ), #3223, .F. ) ;
#878 = VECTOR ( 'NONE', #3731, 1000.000000000000000 ) ;
#879 = AXIS2_PLACEMENT_3D ( 'NONE', #4121, #3652, #430 ) ;
#880 = CARTESIAN_POINT ( 'NONE',  ( 7.082531754730550411, -7.495195508003230422, -6.125000000000000000 ) ) ;
#881 = CARTESIAN_POINT ( 'NONE',  ( 7.067974311266563170, -7.552053654791834880, 6.968065188088482742 ) ) ;
#882 = SURFACE_STYLE_FILL_AREA ( #2629 ) ;
#883 = CARTESIAN_POINT ( 'NONE',  ( 6.000000000000000000, -6.870195508003229534, -0.5000000000000000000 ) ) ;
#884 = CIRCLE ( 'NONE', #1547, 2.750000000000000000 ) ;
#885 = VECTOR ( 'NONE', #1059, 1000.000000000000000 ) ;
#886 = CIRCLE ( 'NONE', #440, 1.250000000000000222 ) ;
#887 = DIRECTION ( 'NONE',  ( 0.000000000000000000, 0.000000000000000000, 1.000000000000000000 ) ) ;
#888 =( NAMED_UNIT ( * ) SI_UNIT ( $, .STERADIAN. ) SOLID_ANGLE_UNIT ( ) );
#889 = CARTESIAN_POINT ( 'NONE',  ( 5.278312163512969946, -8.120195508003229534, -7.424999999999999822 ) ) ;
#890 = VERTEX_POINT ( 'NONE', #2254 ) ;
#891 = EDGE_LOOP ( 'NONE', ( #3984, #3940 ) ) ;
#892 = CARTESIAN_POINT ( 'NONE',  ( 3.570863844898860329, 3.969593062845505393, -9.260454802020884557 ) ) ;
#893 = DIRECTION ( 'NONE',  ( 0.000000000000000000, 0.000000000000000000, 1.000000000000000000 ) ) ;
#894 = CYLINDRICAL_SURFACE ( 'NONE', #2771, 3.250000000000000000 ) ;
#895 = VERTEX_POINT ( 'NONE', #3672 ) ;
#896 = SURFACE_SIDE_STYLE ('',( #1246 ) ) ;
#897 =( NAMED_UNIT ( * ) SI_UNIT ( $, .STERADIAN. ) SOLID_ANGLE_UNIT ( ) );
#898 = UNCERTAINTY_MEASURE_WITH_UNIT (LENGTH_MEASURE( 1.000000000000000082E-05 ), #680, 'distance_accuracy_value', 'NONE');
#899 = FACE_OUTER_BOUND ( 'NONE', #43, .T. ) ;
#900 = CARTESIAN_POINT ( 'NONE',  ( 6.000000000000000000, -5.620195508003230422, -7.231624327025939714 ) ) ;
#901 = EDGE_CURVE ( 'NONE', #3268, #3993, #3811, .T. ) ;
#902 = LINE ( 'NONE', #2791, #3480 ) ;
#903 = DIRECTION ( 'NONE',  ( 0.000000000000000000, 0.000000000000000000, -1.000000000000000000 ) ) ;
#904 = CARTESIAN_POINT ( 'NONE',  ( 5.084936490538901843, -7.785259017464334796, -7.231624327025945043 ) ) ;
#905 = FILL_AREA_STYLE ('',( #177 ) ) ;
#906 = DIRECTION ( 'NONE',  ( 1.000000000000000000, 0.000000000000000000, 0.000000000000000000 ) ) ;
#907 = DIRECTION ( 'NONE',  ( 0.000000000000000000, 0.000000000000000000, 1.000000000000000000 ) ) ;
#908 = AXIS2_PLACEMENT_3D ( 'NONE', #2600, #2576, #4026 ) ;
#909 = CARTESIAN_POINT ( 'NONE',  ( 6.624604669041989524, 5.020528792815033725, 7.392727426443928884 ) ) ;
#910 = ADVANCED_FACE ( 'NONE', ( #731 ), #3693, .T. ) ;
#911 = LINE ( 'NONE', #2340, #210 ) ;
#912 = VERTEX_POINT ( 'NONE', #2187 ) ;
#913 = VERTEX_POINT ( 'NONE', #772 ) ;
#914 = CARTESIAN_POINT ( 'NONE',  ( 0.000000000000000000, -12.50000000000000000, 0.000000000000000000 ) ) ;
#915 = CARTESIAN_POINT ( 'NONE',  ( 8.883974335847669934, -5.371799021697960086, -4.424999999999999822 ) ) ;
#916 = ORIENTED_EDGE ( 'NONE', *, *, #3146, .T. ) ;
#917 =( GEOMETRIC_REPRESENTATION_CONTEXT ( 3 ) GLOBAL_UNCERTAINTY_ASSIGNED_CONTEXT ( ( #2838 ) ) GLOBAL_UNIT_ASSIGNED_CONTEXT ( ( #3567, #698, #2158 ) ) REPRESENTATION_CONTEXT ( 'NONE', 'WORKASPACE' ) );
#918 = DIRECTION ( 'NONE',  ( 0.000000000000000000, 0.000000000000000000, -1.000000000000000000 ) ) ;
#919 = CARTESIAN_POINT ( 'NONE',  ( 6.000000000000000000, -6.870195508003229534, -7.424999999999999822 ) ) ;
#920 = CARTESIAN_POINT ( 'NONE',  ( 7.220416531793516057, -7.243699769714513792, 6.810445724816930557 ) ) ;
#921 = FACE_OUTER_BOUND ( 'NONE', #715, .T. ) ;
#922 = ADVANCED_FACE ( 'NONE', ( #8 ), #1483, .T. ) ;
#923 = CARTESIAN_POINT ( 'NONE',  ( 6.334936490538901843, -8.120195508003236640, -7.231624327025945043 ) ) ;
#924 = EDGE_LOOP ( 'NONE', ( #936, #3426, #1544, #2473 ) ) ;
#925 = CARTESIAN_POINT ( 'NONE',  ( 5.063468399988933832, -9.988035969961535088, -8.538895326955653786 ) ) ;
#926 = CARTESIAN_POINT ( 'NONE',  ( 8.883974335847669934, -5.371799021697960086, -4.424999999999999822 ) ) ;
#927 = CARTESIAN_POINT ( 'NONE',  ( 6.000000000000000000, -6.870195508003229534, -4.174999999999999822 ) ) ;
#928 = EDGE_CURVE ( 'NONE', #1416, #2552, #3294, .T. ) ;
#929 = CARTESIAN_POINT ( 'NONE',  ( 0.000000000000000000, -0.5000000000000000000, 0.000000000000000000 ) ) ;
#930 = CARTESIAN_POINT ( 'NONE',  ( 6.721687836487029166, 4.879804491996770466, -6.125000000000000000 ) ) ;
#931 = ORIENTED_EDGE ( 'NONE', *, *, #323, .T. ) ;
#932 = ORIENTED_EDGE ( 'NONE', *, *, #114, .F. ) ;
#933 = EDGE_CURVE ( 'NONE', #2109, #2910, #1883, .T. ) ;
#934 = CARTESIAN_POINT ( 'NONE',  ( 8.273122972871902903, 3.806420662625170426, -5.483168951827313009 ) ) ;
#935 = DIRECTION ( 'NONE',  ( -1.000000000000000000, 0.000000000000000000, 0.000000000000000000 ) ) ;
#936 = ORIENTED_EDGE ( 'NONE', *, *, #3564, .T. ) ;
#937 = VECTOR ( 'NONE', #4398, 1000.000000000000000 ) ;
#938 = DIRECTION ( 'NONE',  ( 0.000000000000000000, 0.000000000000000000, 1.000000000000000000 ) ) ;
#939 = EDGE_CURVE ( 'NONE', #3541, #2846, #2520, .T. ) ;
#940 = UNCERTAINTY_MEASURE_WITH_UNIT (LENGTH_MEASURE( 1.000000000000000082E-05 ), #3205, 'distance_accuracy_value', 'NONE');
#941 = CARTESIAN_POINT ( 'NONE',  ( 0.000000000000000000, -12.37500000000000000, 0.000000000000000000 ) ) ;
#942 =( NAMED_UNIT ( * ) SI_UNIT ( $, .STERADIAN. ) SOLID_ANGLE_UNIT ( ) );
#943 = CARTESIAN_POINT ( 'NONE',  ( 6.000000000000000000, -6.870195508003229534, -7.424999999999999822 ) ) ;
#944 = CIRCLE ( 'NONE', #648, 1.713499999999999801 ) ;
#945 = COLOUR_RGB ( '',0.9607843137254902244, 0.9607843137254902244, 0.9647058823529411908 ) ;
#946 = DIRECTION ( 'NONE',  ( -1.000000000000000000, 0.000000000000000000, 0.000000000000000000 ) ) ;
#947 = EDGE_LOOP ( 'NONE', ( #4424, #4634, #3530, #4233, #4584, #51 ) ) ;
#948 = SURFACE_STYLE_USAGE ( .BOTH. , #1984 ) ;
#949 = STYLED_ITEM ( 'NONE', ( #2472 ), #1218 ) ;
#950 = VECTOR ( 'NONE', #3814, 1000.000000000000000 ) ;
#951 = ORIENTED_EDGE ( 'NONE', *, *, #535, .T. ) ;
#952 = PRESENTATION_LAYER_ASSIGNMENT (  '', '', ( #350 ) ) ;
#953 = CARTESIAN_POINT ( 'NONE',  ( 7.543361689803577796, -9.730834076187994341, -6.450457920335872508 ) ) ;
#954 = EDGE_CURVE ( 'NONE', #1663, #2556, #2956, .T. ) ;
#955 = CARTESIAN_POINT ( 'NONE',  ( 5.455589819687532760, -5.718102402403117068, 8.293066161675557879 ) ) ;
#956 = AXIS2_PLACEMENT_3D ( 'NONE', #3432, #1622, #215 ) ;
#957 = UNCERTAINTY_MEASURE_WITH_UNIT (LENGTH_MEASURE( 1.000000000000000082E-05 ), #404, 'distance_accuracy_value', 'NONE');
#958 = CARTESIAN_POINT ( 'NONE',  ( 6.000000000000000000, 7.379804491996769578, -6.125000000000000000 ) ) ;
#959 = DIRECTION ( 'NONE',  ( -1.000000000000000000, 0.000000000000000000, 0.000000000000000000 ) ) ;
#960 = SURFACE_SIDE_STYLE ('',( #3193 ) ) ;
#961 = VERTEX_POINT ( 'NONE', #4395 ) ;
#962 = EDGE_CURVE ( 'NONE', #3221, #3314, #3196, .T. ) ;
#963 = VECTOR ( 'NONE', #2319, 1000.000000000000000 ) ;
#964 = ORIENTED_EDGE ( 'NONE', *, *, #3424, .T. ) ;
#965 = CARTESIAN_POINT ( 'NONE',  ( 8.457030245854291195, -4.742150609868048150, -5.195040386912690877 ) ) ;
#966 = CARTESIAN_POINT ( 'NONE',  ( 0.000000000000000000, 12.50000000000000000, 0.000000000000000000 ) ) ;
#967 = EDGE_LOOP ( 'NONE', ( #1950, #1752, #3943, #3377, #496, #4143, #4573, #3523 ) ) ;
#968 = DIRECTION ( 'NONE',  ( -1.000000000000000000, 0.000000000000000000, 0.000000000000000000 ) ) ;
#969 = CARTESIAN_POINT ( 'NONE',  ( -6.774999999999999467, 12.50000000000000000, 0.5000000000000000000 ) ) ;
#970 =( LENGTH_UNIT ( ) NAMED_UNIT ( * ) SI_UNIT ( .MILLI., .METRE. ) );
#971 = CARTESIAN_POINT ( 'NONE',  ( 4.750000000000000000, -6.870195508003229534, 5.575000000000000178 ) ) ;
#972 = DIRECTION ( 'NONE',  ( 0.000000000000000000, 0.000000000000000000, 1.000000000000000000 ) ) ;
#973 = EDGE_CURVE ( 'NONE', #781, #3519, #2618, .T. ) ;
#974 = ORIENTED_EDGE ( 'NONE', *, *, #75, .T. ) ;
#975 =( LENGTH_UNIT ( ) NAMED_UNIT ( * ) SI_UNIT ( .MILLI., .METRE. ) );
#976 = ORIENTED_EDGE ( 'NONE', *, *, #1267, .F. ) ;
#977 =( BOUNDED_CURVE ( )  B_SPLINE_CURVE ( 2, ( #4593, #4286, #291 ),
 .UNSPECIFIED., .F., .T. ) 
 B_SPLINE_CURVE_WITH_KNOTS ( ( 3, 3 ),
 ( 0.000000000000000000, 0.07523701006122331114 ),
 .UNSPECIFIED. ) 
 CURVE ( )  GEOMETRIC_REPRESENTATION_ITEM ( )  RATIONAL_B_SPLINE_CURVE ( ( 1.000000000000000000, 1.037954849302039850, 1.000000000000000000 ) ) 
 REPRESENTATION_ITEM ( '' )  );
#978 = CARTESIAN_POINT ( 'NONE',  ( 8.351199715161529369, -9.114019446415220216, -5.363182125831919222 ) ) ;
#979 = DIRECTION ( 'NONE',  ( 1.000000000000000000, 0.000000000000000000, 0.000000000000000000 ) ) ;
#980 = FILL_AREA_STYLE ('',( #3449 ) ) ;
#981 = SURFACE_STYLE_FILL_AREA ( #1305 ) ;
#982 = VERTEX_POINT ( 'NONE', #4466 ) ;
#983 = ORIENTED_EDGE ( 'NONE', *, *, #6, .T. ) ;
#984 =( GEOMETRIC_REPRESENTATION_CONTEXT ( 3 ) GLOBAL_UNCERTAINTY_ASSIGNED_CONTEXT ( ( #1234 ) ) GLOBAL_UNIT_ASSIGNED_CONTEXT ( ( #1414, #3633, #41 ) ) REPRESENTATION_CONTEXT ( 'NONE', 'WORKASPACE' ) );
#985 = AXIS2_PLACEMENT_3D ( 'NONE', #693, #716, #1048 ) ;
#986 = ADVANCED_FACE ( 'NONE', ( #4116 ), #1565, .T. ) ;
#987 = SURFACE_STYLE_USAGE ( .BOTH. , #1039 ) ;
#988 = PLANE ( 'NONE',  #2620 ) ;
#989 = PLANE ( 'NONE',  #3516 ) ;
#990 = EDGE_LOOP ( 'NONE', ( #2957, #2692, #78 ) ) ;
#991 = DIRECTION ( 'NONE',  ( 0.000000000000000000, 0.000000000000000000, 1.000000000000000000 ) ) ;
#992 = SURFACE_STYLE_FILL_AREA ( #2737 ) ;
#993 = AXIS2_PLACEMENT_3D ( 'NONE', #220, #3017, #3066 ) ;
#994 = SURFACE_STYLE_USAGE ( .BOTH. , #4265 ) ;
#995 = CARTESIAN_POINT ( 'NONE',  ( 8.883974335847669934, 0.000000000000000000, -4.424999999999999822 ) ) ;
#996 = DIRECTION ( 'NONE',  ( 0.8660254037844387076, -0.4999999999999998890, 0.000000000000000000 ) ) ;
#997 = ORIENTED_EDGE ( 'NONE', *, *, #4226, .T. ) ;
#998 =( NAMED_UNIT ( * ) SI_UNIT ( $, .STERADIAN. ) SOLID_ANGLE_UNIT ( ) );
#999 = CONICAL_SURFACE ( 'NONE', #2946, 4.125000000000000000, 0.7853981633974511656 ) ;
#1000 = ADVANCED_FACE ( 'NONE', ( #844 ), #1793, .F. ) ;
#1001 = DIRECTION ( 'NONE',  ( 0.7075674703283409972, 0.7066457917041270020, 0.000000000000000000 ) ) ;
#1002 = ORIENTED_EDGE ( 'NONE', *, *, #1351, .T. ) ;
#1003 = CARTESIAN_POINT ( 'NONE',  ( 5.637195596227976502, -10.09998641147998377, -8.169048779815268446 ) ) ;
#1004 = AXIS2_PLACEMENT_3D ( 'NONE', #832, #2900, #2628 ) ;
#1005 = DIRECTION ( 'NONE',  ( 1.000000000000000000, 0.000000000000000000, 0.000000000000000000 ) ) ;
#1006 =( NAMED_UNIT ( * ) PLANE_ANGLE_UNIT ( ) SI_UNIT ( $, .RADIAN. ) );
#1007 = DIRECTION ( 'NONE',  ( 0.000000000000000000, -1.000000000000000000, 0.000000000000000000 ) ) ;
#1008 = FILL_AREA_STYLE_COLOUR ( '', #1780 ) ;
#1009 = ORIENTED_EDGE ( 'NONE', *, *, #1733, .T. ) ;
#1010 = ORIENTED_EDGE ( 'NONE', *, *, #2543, .F. ) ;
#1011 = CARTESIAN_POINT ( 'NONE',  ( 7.443375672974060109, -6.870195508003229534, -7.424999999999999822 ) ) ;
#1012 = CARTESIAN_POINT ( 'NONE',  ( 5.278312163512969946, 4.879804491996770466, -6.125000000000000000 ) ) ;
#1013 = DIRECTION ( 'NONE',  ( 0.000000000000000000, -1.000000000000000000, 0.000000000000000000 ) ) ;
#1014 = VERTEX_POINT ( 'NONE', #4089 ) ;
#1015 = ADVANCED_FACE ( 'NONE', ( #1927 ), #1992, .T. ) ;
#1016 = CARTESIAN_POINT ( 'NONE',  ( 4.746165677770342484, 6.318291952023419533, 8.716655664799684899 ) ) ;
#1017 = DIRECTION ( 'NONE',  ( 0.000000000000000000, 0.000000000000000000, 1.000000000000000000 ) ) ;
#1018 = CARTESIAN_POINT ( 'NONE',  ( 4.749999999999998224, 5.794868001457861517, -7.231624327025946819 ) ) ;
#1019 = FILL_AREA_STYLE_COLOUR ( '', #1471 ) ;
#1020 = CARTESIAN_POINT ( 'NONE',  ( -6.774999999999999467, -12.50000000000000000, 0.2500000000000000000 ) ) ;
#1021 = CIRCLE ( 'NONE', #2527, 3.250000000000000000 ) ;
#1022 = EDGE_LOOP ( 'NONE', ( #315, #3470, #2915, #1093 ) ) ;
#1023 = EDGE_CURVE ( 'NONE', #4537, #4199, #1130, .T. ) ;
#1024 = SURFACE_SIDE_STYLE ('',( #2813 ) ) ;
#1025 = PRESENTATION_LAYER_ASSIGNMENT (  '', '', ( #793 ) ) ;
#1026 = CARTESIAN_POINT ( 'NONE',  ( 6.000000000000000000, -6.870195508003229534, -7.174999999999999822 ) ) ;
#1027 = VERTEX_POINT ( 'NONE', #3714 ) ;
#1028 = APPLICATION_CONTEXT ( 'automotive_design' ) ;
#1029 = VECTOR ( 'NONE', #1957, 1000.000000000000114 ) ;
#1030 = DIRECTION ( 'NONE',  ( 1.000000000000000000, 0.000000000000000000, 0.000000000000000000 ) ) ;
#1031 = CARTESIAN_POINT ( 'NONE',  ( 6.000000000000000000, 6.129804491996769578, -6.125000000000000000 ) ) ;
#1032 = SURFACE_STYLE_USAGE ( .BOTH. , #3826 ) ;
#1033 = DIRECTION ( 'NONE',  ( -1.000000000000000000, 0.000000000000000000, 0.000000000000000000 ) ) ;
#1034 = EDGE_LOOP ( 'NONE', ( #454, #448, #85, #408 ) ) ;
#1035 = ORIENTED_EDGE ( 'NONE', *, *, #3085, .F. ) ;
#1036 = ADVANCED_FACE ( 'NONE', ( #560 ), #2728, .F. ) ;
#1037 = AXIS2_PLACEMENT_3D ( 'NONE', #4075, #3789, #1291 ) ;
#1038 = CIRCLE ( 'NONE', #2163, 1.250000000000000222 ) ;
#1039 = SURFACE_SIDE_STYLE ('',( #4235 ) ) ;
#1040 = DIRECTION ( 'NONE',  ( 0.000000000000000000, -1.000000000000000000, 0.000000000000000000 ) ) ;
#1041 = ORIENTED_EDGE ( 'NONE', *, *, #672, .T. ) ;
#1042 = CARTESIAN_POINT ( 'NONE',  ( 5.049013300552760874, 6.980434972144508698, 8.546116482875003584 ) ) ;
#1043 = DIRECTION ( 'NONE',  ( 0.000000000000000000, 0.000000000000000000, -1.000000000000000000 ) ) ;
#1044 = CARTESIAN_POINT ( 'NONE',  ( 6.721687836487029166, 7.379804491996769578, -7.424999999999999822 ) ) ;
#1045 = CARTESIAN_POINT ( 'NONE',  ( 6.000000000000000000, -6.870195508003229534, 5.450000000000000178 ) ) ;
#1046 = FACE_OUTER_BOUND ( 'NONE', #4541, .T. ) ;
#1047 = ORIENTED_EDGE ( 'NONE', *, *, #4439, .F. ) ;
#1048 = DIRECTION ( 'NONE',  ( 1.000000000000000000, 0.000000000000000000, 0.000000000000000000 ) ) ;
#1049 = CARTESIAN_POINT ( 'NONE',  ( 6.000000000000000000, 6.129804491996769578, -7.328312163512970656 ) ) ;
#1050 = EDGE_CURVE ( 'NONE', #692, #120, #4418, .T. ) ;
#1051 = ORIENTED_EDGE ( 'NONE', *, *, #1515, .F. ) ;
#1052 = CARTESIAN_POINT ( 'NONE',  ( 2.750000000000000444, 6.129804491996769578, -7.174999999999999822 ) ) ;
#1053 = UNCERTAINTY_MEASURE_WITH_UNIT (LENGTH_MEASURE( 1.000000000000000082E-05 ), #2742, 'distance_accuracy_value', 'NONE');
#1054 =( NAMED_UNIT ( * ) SI_UNIT ( $, .STERADIAN. ) SOLID_ANGLE_UNIT ( ) );
#1055 = ORIENTED_EDGE ( 'NONE', *, *, #3055, .F. ) ;
#1056 = ORIENTED_EDGE ( 'NONE', *, *, #829, .F. ) ;
#1057 = EDGE_CURVE ( 'NONE', #734, #2325, #158, .T. ) ;
#1058 = CARTESIAN_POINT ( 'NONE',  ( 6.089126436040222856, 9.380446667577116315, -7.838807877286791737 ) ) ;
#1059 = DIRECTION ( 'NONE',  ( -0.4999999999999998890, 0.8660254037844387076, 0.000000000000000000 ) ) ;
#1060 = VERTEX_POINT ( 'NONE', #2639 ) ;
#1061 = CARTESIAN_POINT ( 'NONE',  ( 8.750000000000000000, -6.870195508003229534, -5.924999999999999822 ) ) ;
#1062 = DIRECTION ( 'NONE',  ( -0.4999999999999998890, -0.8660254037844387076, 0.000000000000000000 ) ) ;
#1063 =( GEOMETRIC_REPRESENTATION_CONTEXT ( 3 ) GLOBAL_UNCERTAINTY_ASSIGNED_CONTEXT ( ( #2270 ) ) GLOBAL_UNIT_ASSIGNED_CONTEXT ( ( #3342, #1202, #4074 ) ) REPRESENTATION_CONTEXT ( 'NONE', 'WORKASPACE' ) );
#1064 = DIRECTION ( 'NONE',  ( 0.000000000000000000, 0.000000000000000000, 1.000000000000000000 ) ) ;
#1065 = PRESENTATION_STYLE_ASSIGNMENT (( #3228 ) ) ;
#1066 = AXIS2_PLACEMENT_3D ( 'NONE', #3341, #830, #2648 ) ;
#1067 = CARTESIAN_POINT ( 'NONE',  ( -6.774999999999999467, -0.2403910160064690049, -0.5000000000000000000 ) ) ;
#1068 = ORIENTED_EDGE ( 'NONE', *, *, #4525, .T. ) ;
#1069 = CIRCLE ( 'NONE', #4519, 2.500000000000000000 ) ;
#1070 = SURFACE_STYLE_USAGE ( .BOTH. , #3475 ) ;
#1071 = DIRECTION ( 'NONE',  ( -1.000000000000000000, 0.000000000000000000, 0.000000000000000000 ) ) ;
#1072 = ORIENTED_EDGE ( 'NONE', *, *, #2224, .T. ) ;
#1073 = DIRECTION ( 'NONE',  ( 0.000000000000000000, 0.000000000000000000, 1.000000000000000000 ) ) ;
#1074 = VECTOR ( 'NONE', #3260, 1000.000000000000114 ) ;
#1075 = EDGE_CURVE ( 'NONE', #3710, #845, #3402, .T. ) ;
#1076 = LINE ( 'NONE', #2799, #642 ) ;
#1077 = CIRCLE ( 'NONE', #3557, 1.250000000000000222 ) ;
#1078 = CARTESIAN_POINT ( 'NONE',  ( 4.536500000000000199, -6.870195508003229534, 5.361500000000000377 ) ) ;
#1079 = EDGE_LOOP ( 'NONE', ( #2671, #2952, #3604, #2280 ) ) ;
#1080 = ORIENTED_EDGE ( 'NONE', *, *, #1719, .T. ) ;
#1081 = EDGE_CURVE ( 'NONE', #657, #2393, #886, .T. ) ;
#1082 = AXIS2_PLACEMENT_3D ( 'NONE', #1026, #2489, #1071 ) ;
#1083 = CARTESIAN_POINT ( 'NONE',  ( -9.924999999999998934, -1.240391016006469949, -1.215461948153744886E-15 ) ) ;
#1084 = CARTESIAN_POINT ( 'NONE',  ( -2.449489742783180102, -0.7500000000000000000, 0.5000000000000000000 ) ) ;
#1085 = ORIENTED_EDGE ( 'NONE', *, *, #2780, .F. ) ;
#1086 = CARTESIAN_POINT ( 'NONE',  ( -6.774999999999999467, -1.240391016006469949, -0.5000000000000000000 ) ) ;
#1087 = EDGE_CURVE ( 'NONE', #1475, #657, #3001, .T. ) ;
#1088 =( NAMED_UNIT ( * ) SI_UNIT ( $, .STERADIAN. ) SOLID_ANGLE_UNIT ( ) );
#1089 = CARTESIAN_POINT ( 'NONE',  ( 6.000000000000000000, 6.129804491996769578, 5.575000000000000178 ) ) ;
#1090 = CARTESIAN_POINT ( 'NONE',  ( 6.000000000000000000, 6.129804491996769578, 0.4500000000000000111 ) ) ;
#1091 =( LENGTH_UNIT ( ) NAMED_UNIT ( * ) SI_UNIT ( .MILLI., .METRE. ) );
#1092 = DIRECTION ( 'NONE',  ( 1.000000000000000000, 0.000000000000000000, 0.000000000000000000 ) ) ;
#1093 = ORIENTED_EDGE ( 'NONE', *, *, #3293, .T. ) ;
#1094 = EDGE_CURVE ( 'NONE', #2812, #2665, #2614, .T. ) ;
#1095 = DIRECTION ( 'NONE',  ( 0.000000000000000000, -1.000000000000000000, 0.000000000000000000 ) ) ;
#1096 =( LENGTH_UNIT ( ) NAMED_UNIT ( * ) SI_UNIT ( .MILLI., .METRE. ) );
#1097 = FILL_AREA_STYLE ('',( #3305 ) ) ;
#1098 = ORIENTED_EDGE ( 'NONE', *, *, #400, .T. ) ;
#1099 = AXIS2_PLACEMENT_3D ( 'NONE', #2823, #3130, #3832 ) ;
#1100 = CYLINDRICAL_SURFACE ( 'NONE', #2133, 2.500000000000000000 ) ;
#1101 = CARTESIAN_POINT ( 'NONE',  ( 4.103598355340605686, -4.229088957110556102, -9.037397461318260383 ) ) ;
#1102 = ORIENTED_EDGE ( 'NONE', *, *, #954, .F. ) ;
#1103 = ORIENTED_EDGE ( 'NONE', *, *, #939, .F. ) ;
#1104 = CIRCLE ( 'NONE', #1698, 2.500000000000000000 ) ;
#1105 = CARTESIAN_POINT ( 'NONE',  ( 5.945331606290118032, 9.379755019996084187, -7.947529758491313601 ) ) ;
#1106 = ADVANCED_FACE ( 'NONE', ( #866 ), #3669, .F. ) ;
#1107 = CARTESIAN_POINT ( 'NONE',  ( 6.000000000000000000, -6.870195508003229534, -5.924999999999999822 ) ) ;
#1108 = CIRCLE ( 'NONE', #2905, 1.250000000000000222 ) ;
#1109 =( GEOMETRIC_REPRESENTATION_CONTEXT ( 3 ) GLOBAL_UNCERTAINTY_ASSIGNED_CONTEXT ( ( #2351 ) ) GLOBAL_UNIT_ASSIGNED_CONTEXT ( ( #100, #1529, #804 ) ) REPRESENTATION_CONTEXT ( 'NONE', 'WORKASPACE' ) );
#1110 = ORIENTED_EDGE ( 'NONE', *, *, #2477, .T. ) ;
#1111 =( GEOMETRIC_REPRESENTATION_CONTEXT ( 3 ) GLOBAL_UNCERTAINTY_ASSIGNED_CONTEXT ( ( #2697 ) ) GLOBAL_UNIT_ASSIGNED_CONTEXT ( ( #3382, #4470, #3458 ) ) REPRESENTATION_CONTEXT ( 'NONE', 'WORKASPACE' ) );
#1112 = SURFACE_STYLE_FILL_AREA ( #1765 ) ;
#1113 = PRESENTATION_STYLE_ASSIGNMENT (( #4375 ) ) ;
#1114 = FILL_AREA_STYLE ('',( #4329 ) ) ;
#1115 = DIRECTION ( 'NONE',  ( 0.000000000000000000, 0.000000000000000000, 1.000000000000000000 ) ) ;
#1116 = ORIENTED_EDGE ( 'NONE', *, *, #238, .T. ) ;
#1117 = FILL_AREA_STYLE_COLOUR ( '', #2265 ) ;
#1118 = DIRECTION ( 'NONE',  ( 0.000000000000000000, 1.000000000000000000, 0.000000000000000000 ) ) ;
#1119 = LINE ( 'NONE', #784, #4007 ) ;
#1120 = ORIENTED_EDGE ( 'NONE', *, *, #4359, .T. ) ;
#1121 = EDGE_CURVE ( 'NONE', #2860, #4270, #286, .T. ) ;
#1122 = DIRECTION ( 'NONE',  ( 0.000000000000000000, 0.000000000000000000, 1.000000000000000000 ) ) ;
#1123 = LINE ( 'NONE', #2535, #4531 ) ;
#1124 = LINE ( 'NONE', #2613, #3902 ) ;
#1125 = CARTESIAN_POINT ( 'NONE',  ( 3.415593136892397297, -4.853954490228919560, -9.324412799248204209 ) ) ;
#1126 = LINE ( 'NONE', #747, #429 ) ;
#1127 = ORIENTED_EDGE ( 'NONE', *, *, #445, .F. ) ;
#1128 = CARTESIAN_POINT ( 'NONE',  ( 8.817135576663554630, 7.756846011768572247, -4.559190694063625315 ) ) ;
#1129 = DIRECTION ( 'NONE',  ( 1.000000000000000000, 0.000000000000000000, 0.000000000000000000 ) ) ;
#1130 =( BOUNDED_CURVE ( )  B_SPLINE_CURVE ( 2, ( #1193, #4444, #3360 ),
 .UNSPECIFIED., .F., .F. ) 
 B_SPLINE_CURVE_WITH_KNOTS ( ( 3, 3 ),
 ( 0.000000000000000000, 0.03568735437828109841 ),
 .UNSPECIFIED. ) 
 CURVE ( )  GEOMETRIC_REPRESENTATION_ITEM ( )  RATIONAL_B_SPLINE_CURVE ( ( 1.000000000000000000, 1.001178655635339920, 1.000000000000000000 ) ) 
 REPRESENTATION_ITEM ( '' )  );
#1131 = ORIENTED_EDGE ( 'NONE', *, *, #1614, .T. ) ;
#1132 = EDGE_CURVE ( 'NONE', #3803, #3853, #3376, .T. ) ;
#1133 = CARTESIAN_POINT ( 'NONE',  ( 4.917468245269450478, 6.754804491996770466, -7.231624327025939714 ) ) ;
#1134 = SURFACE_STYLE_USAGE ( .BOTH. , #4353 ) ;
#1135 = CARTESIAN_POINT ( 'NONE',  ( 7.443375672974069879, 6.129804491996769578, -6.125000000000000000 ) ) ;
#1136 = ORIENTED_EDGE ( 'NONE', *, *, #2430, .F. ) ;
#1137 = CARTESIAN_POINT ( 'NONE',  ( 9.662071465270789972, -12.50000000000000000, -0.5000000000000000000 ) ) ;
#1138 = COLOUR_RGB ( '',0.9607843137254902244, 0.9607843137254902244, 0.9647058823529411908 ) ;
#1139 =( GEOMETRIC_REPRESENTATION_CONTEXT ( 3 ) GLOBAL_UNCERTAINTY_ASSIGNED_CONTEXT ( ( #3922 ) ) GLOBAL_UNIT_ASSIGNED_CONTEXT ( ( #2174, #2852, #4312 ) ) REPRESENTATION_CONTEXT ( 'NONE', 'WORKASPACE' ) );
#1140 = ORIENTED_EDGE ( 'NONE', *, *, #212, .F. ) ;
#1141 =( NAMED_UNIT ( * ) SI_UNIT ( $, .STERADIAN. ) SOLID_ANGLE_UNIT ( ) );
#1142 =( GEOMETRIC_REPRESENTATION_CONTEXT ( 3 ) GLOBAL_UNCERTAINTY_ASSIGNED_CONTEXT ( ( #2977 ) ) GLOBAL_UNIT_ASSIGNED_CONTEXT ( ( #3653, #4331, #1866 ) ) REPRESENTATION_CONTEXT ( 'NONE', 'WORKASPACE' ) );
#1143 = EDGE_CURVE ( 'NONE', #2807, #4245, #1542, .T. ) ;
#1144 = MECHANICAL_DESIGN_GEOMETRIC_PRESENTATION_REPRESENTATION (  '', ( #543 ), #2192 ) ;
#1145 = DIRECTION ( 'NONE',  ( -1.000000000000000000, 1.922962686383559872E-16, 0.000000000000000000 ) ) ;
#1146 = DIRECTION ( 'NONE',  ( 0.000000000000000000, 0.000000000000000000, -1.000000000000000000 ) ) ;
#1147 = LINE ( 'NONE', #4317, #1476 ) ;
#1148 = EDGE_LOOP ( 'NONE', ( #134, #1361, #1266 ) ) ;
#1149 = PRESENTATION_STYLE_ASSIGNMENT (( #792 ) ) ;
#1150 = CIRCLE ( 'NONE', #1242, 0.2499999999999997780 ) ;
#1151 = CARTESIAN_POINT ( 'NONE',  ( 6.825708802911902850, 9.272649050689738104, -7.205277756266861289 ) ) ;
#1152 = FACE_OUTER_BOUND ( 'NONE', #1525, .T. ) ;
#1153 = ORIENTED_EDGE ( 'NONE', *, *, #1299, .F. ) ;
#1154 = ORIENTED_EDGE ( 'NONE', *, *, #1515, .T. ) ;
#1155 = AXIS2_PLACEMENT_3D ( 'NONE', #4314, #1824, #3261 ) ;
#1156 = LINE ( 'NONE', #3364, #278 ) ;
#1157 =( BOUNDED_CURVE ( )  B_SPLINE_CURVE ( 2, ( #1384, #1718, #262 ),
 .UNSPECIFIED., .F., .F. ) 
 B_SPLINE_CURVE_WITH_KNOTS ( ( 3, 3 ),
 ( 0.000000000000000000, 0.07523701006122331114 ),
 .UNSPECIFIED. ) 
 CURVE ( )  GEOMETRIC_REPRESENTATION_ITEM ( )  RATIONAL_B_SPLINE_CURVE ( ( 1.000000000000000000, 1.037954849302019866, 1.000000000000000000 ) ) 
 REPRESENTATION_ITEM ( '' )  );
#1158 = AXIS2_PLACEMENT_3D ( 'NONE', #4591, #1064, #1317 ) ;
#1159 = EDGE_CURVE ( 'NONE', #3199, #164, #911, .T. ) ;
#1160 = ORIENTED_EDGE ( 'NONE', *, *, #3444, .F. ) ;
#1161 = DIRECTION ( 'NONE',  ( 0.000000000000000000, 1.000000000000000000, 0.000000000000000000 ) ) ;
#1162 = CARTESIAN_POINT ( 'NONE',  ( 6.000000000000000000, -6.870195508003229534, -4.174999999999999822 ) ) ;
#1163 = DIRECTION ( 'NONE',  ( -0.8660254037844387076, -0.4999999999999998890, 0.000000000000000000 ) ) ;
#1164 = EDGE_CURVE ( 'NONE', #3141, #603, #1641, .T. ) ;
#1165 = CARTESIAN_POINT ( 'NONE',  ( 4.735500000000000043, -6.870195508003229534, 0.5000000000000000000 ) ) ;
#1166 = CARTESIAN_POINT ( 'NONE',  ( 2.750088725549407975, -6.428600253907872819, -9.536384902578799228 ) ) ;
#1167 = CARTESIAN_POINT ( 'NONE',  ( 7.082531754730550411, 6.754804491996770466, -6.125000000000000000 ) ) ;
#1168 = STYLED_ITEM ( 'NONE', ( #2442 ), #1882 ) ;
#1169 = ORIENTED_EDGE ( 'NONE', *, *, #2863, .F. ) ;
#1170 = PRESENTATION_LAYER_ASSIGNMENT (  '', '', ( #1613 ) ) ;
#1171 = COLOUR_RGB ( '',0.9607843137254902244, 0.9607843137254902244, 0.9647058823529411908 ) ;
#1172 = STYLED_ITEM ( 'NONE', ( #1506 ), #1776 ) ;
#1173 = CONICAL_SURFACE ( 'NONE', #1777, 1.374999999999999556, 0.7853981633974476129 ) ;
#1174 = CARTESIAN_POINT ( 'NONE',  ( 5.456417621891584524, 4.977201664413718696, 8.292545891016045445 ) ) ;
#1175 = ADVANCED_FACE ( 'NONE', ( #3174, #3549 ), #2095, .T. ) ;
#1176 = ORIENTED_EDGE ( 'NONE', *, *, #3379, .T. ) ;
#1177 = AXIS2_PLACEMENT_3D ( 'NONE', #4063, #472, #4163 ) ;
#1178 =( NAMED_UNIT ( * ) SI_UNIT ( $, .STERADIAN. ) SOLID_ANGLE_UNIT ( ) );
#1179 = AXIS2_PLACEMENT_3D ( 'NONE', #587, #2392, #1033 ) ;
#1180 = FILL_AREA_STYLE_COLOUR ( '', #1314 ) ;
#1181 = FILL_AREA_STYLE_COLOUR ( '', #1699 ) ;
#1182 = PRESENTATION_LAYER_ASSIGNMENT (  '', '', ( #3211 ) ) ;
#1183 = SURFACE_STYLE_USAGE ( .BOTH. , #4377 ) ;
#1184 = VERTEX_POINT ( 'NONE', #4208 ) ;
#1185 = CARTESIAN_POINT ( 'NONE',  ( 0.000000000000000000, -12.25000000000000000, 0.000000000000000000 ) ) ;
#1186 = DIRECTION ( 'NONE',  ( 0.000000000000000000, 0.7071067811865470176, 0.7071067811865480168 ) ) ;
#1187 = EDGE_CURVE ( 'NONE', #1779, #2800, #1487, .T. ) ;
#1188 = DIRECTION ( 'NONE',  ( 0.000000000000000000, -0.7071067811865455743, 0.7071067811865495711 ) ) ;
#1189 = CARTESIAN_POINT ( 'NONE',  ( 6.000000000000000000, 6.129804491996769578, -7.424999999999999822 ) ) ;
#1190 = ORIENTED_EDGE ( 'NONE', *, *, #2529, .F. ) ;
#1191 = CARTESIAN_POINT ( 'NONE',  ( 5.278312163512969946, 7.379804491996769578, -6.125000000000000000 ) ) ;
#1192 = DIRECTION ( 'NONE',  ( 1.000000000000000000, 0.000000000000000000, 0.000000000000000000 ) ) ;
#1193 = CARTESIAN_POINT ( 'NONE',  ( 2.449489742783180102, -12.25000000000000000, 0.5000000000000000000 ) ) ;
#1194 = ORIENTED_EDGE ( 'NONE', *, *, #704, .T. ) ;
#1195 = ORIENTED_EDGE ( 'NONE', *, *, #1803, .T. ) ;
#1196 = EDGE_CURVE ( 'NONE', #1538, #4123, #4581, .T. ) ;
#1197 = CARTESIAN_POINT ( 'NONE',  ( 7.420110812540586132, 3.204604378292754685, -6.593014289391998517 ) ) ;
#1198 = DIRECTION ( 'NONE',  ( 0.000000000000000000, 0.000000000000000000, 1.000000000000000000 ) ) ;
#1199 = ORIENTED_EDGE ( 'NONE', *, *, #1597, .F. ) ;
#1200 = AXIS2_PLACEMENT_3D ( 'NONE', #491, #2336, #906 ) ;
#1201 = SURFACE_STYLE_USAGE ( .BOTH. , #4073 ) ;
#1202 =( NAMED_UNIT ( * ) PLANE_ANGLE_UNIT ( ) SI_UNIT ( $, .RADIAN. ) );
#1203 = CARTESIAN_POINT ( 'NONE',  ( 5.278312163512969946, 7.379804491996769578, -7.424999999999999822 ) ) ;
#1204 = ORIENTED_EDGE ( 'NONE', *, *, #1143, .T. ) ;
#1205 = DIRECTION ( 'NONE',  ( -0.4999999999999998890, 0.8660254037844387076, 0.000000000000000000 ) ) ;
#1206 = CIRCLE ( 'NONE', #4217, 1.264499999999999957 ) ;
#1207 =( GEOMETRIC_REPRESENTATION_CONTEXT ( 3 ) GLOBAL_UNCERTAINTY_ASSIGNED_CONTEXT ( ( #3358 ) ) GLOBAL_UNIT_ASSIGNED_CONTEXT ( ( #2872, #383, #998 ) ) REPRESENTATION_CONTEXT ( 'NONE', 'WORKASPACE' ) );
#1208 = DIRECTION ( 'NONE',  ( 0.000000000000000000, 0.000000000000000000, 1.000000000000000000 ) ) ;
#1209 = PRODUCT_DEFINITION_FORMATION_WITH_SPECIFIED_SOURCE ( 'Symmetric', '', #3958, .NOT_KNOWN. ) ;
#1210 = LINE ( 'NONE', #4484, #878 ) ;
#1211 = EDGE_LOOP ( 'NONE', ( #3979, #4446, #1439, #3320 ) ) ;
#1212 = EDGE_CURVE ( 'NONE', #1740, #2958, #1662, .T. ) ;
#1213 = DIRECTION ( 'NONE',  ( 0.000000000000000000, 0.000000000000000000, 1.000000000000000000 ) ) ;
#1214 = STYLED_ITEM ( 'NONE', ( #2504 ), #3454 ) ;
#1215 = DIRECTION ( 'NONE',  ( 0.000000000000000000, -1.000000000000000000, 0.000000000000000000 ) ) ;
#1216 = DIRECTION ( 'NONE',  ( 0.000000000000000000, -1.000000000000000000, 0.000000000000000000 ) ) ;
#1217 = ORIENTED_EDGE ( 'NONE', *, *, #353, .T. ) ;
#1218 = ADVANCED_FACE ( 'NONE', ( #1352 ), #2778, .F. ) ;
#1219 = ORIENTED_EDGE ( 'NONE', *, *, #1912, .F. ) ;
#1220 = AXIS2_PLACEMENT_3D ( 'NONE', #2147, #4282, #4240 ) ;
#1221 = CARTESIAN_POINT ( 'NONE',  ( 3.863041515903542500, 3.672969841959728310, -9.143713973714113763 ) ) ;
#1222 = CARTESIAN_POINT ( 'NONE',  ( 7.249999999999991118, -6.870195508003229534, -6.125000000000000000 ) ) ;
#1223 = ORIENTED_EDGE ( 'NONE', *, *, #3926, .F. ) ;
#1224 = AXIS2_PLACEMENT_3D ( 'NONE', #3657, #1873, #387 ) ;
#1225 = CARTESIAN_POINT ( 'NONE',  ( 4.220485754033539649, 12.50000000000000000, -0.5000000000000000000 ) ) ;
#1226 = CARTESIAN_POINT ( 'NONE',  ( 7.264499999999999957, -6.870195508003229534, 2.575000000000000178 ) ) ;
#1227 = SURFACE_STYLE_FILL_AREA ( #2313 ) ;
#1228 = CARTESIAN_POINT ( 'NONE',  ( 4.746118989250245335, -7.058532202228285257, 8.716681342374922536 ) ) ;
#1229 = CYLINDRICAL_SURFACE ( 'NONE', #3547, 1.499999999999999556 ) ;
#1230 = ADVANCED_FACE ( 'NONE', ( #2073 ), #3451, .F. ) ;
#1231 = CARTESIAN_POINT ( 'NONE',  ( 0.000000000000000000, 12.50000000000000000, 0.000000000000000000 ) ) ;
#1232 = CARTESIAN_POINT ( 'NONE',  ( 6.000000000000000000, -6.870195508003229534, -0.5000000000000000000 ) ) ;
#1233 = CARTESIAN_POINT ( 'NONE',  ( 0.000000000000000000, -12.25000000000000000, 0.000000000000000000 ) ) ;
#1234 = UNCERTAINTY_MEASURE_WITH_UNIT (LENGTH_MEASURE( 1.000000000000000082E-05 ), #1414, 'distance_accuracy_value', 'NONE');
#1235 = MECHANICAL_DESIGN_GEOMETRIC_PRESENTATION_REPRESENTATION (  '', ( #3041 ), #2965 ) ;
#1236 = CARTESIAN_POINT ( 'NONE',  ( 4.896822962455066097, 5.505066156808199551, 8.633004459776332240 ) ) ;
#1237 = DIRECTION ( 'NONE',  ( 1.000000000000000000, 0.000000000000000000, 0.000000000000000000 ) ) ;
#1238 = ORIENTED_EDGE ( 'NONE', *, *, #2461, .F. ) ;
#1239 = ORIENTED_EDGE ( 'NONE', *, *, #1417, .T. ) ;
#1240 = AXIS2_PLACEMENT_3D ( 'NONE', #929, #585, #2777 ) ;
#1241 = ADVANCED_FACE ( 'NONE', ( #415 ), #3666, .T. ) ;
#1242 = AXIS2_PLACEMENT_3D ( 'NONE', #4130, #2383, #3751 ) ;
#1243 = DIRECTION ( 'NONE',  ( 0.000000000000000000, 0.000000000000000000, 1.000000000000000000 ) ) ;
#1244 = CLOSED_SHELL ( 'NONE', ( #1000, #2689, #530, #3369, #4132, #4350, #1893, #2517, #3505, #3717, #3678, #3788, #1106, #2195, #1585, #2180, #504, #476, #105, #2675, #2268, #818, #2789, #3039, #4391, #4079, #3311, #3397, #4583, #1411, #4018, #922, #4594, #4065, #2826 ) ) ;
#1245 = ORIENTED_EDGE ( 'NONE', *, *, #3754, .T. ) ;
#1246 = SURFACE_STYLE_FILL_AREA ( #4472 ) ;
#1247 = AXIS2_PLACEMENT_3D ( 'NONE', #1549, #3719, #3381 ) ;
#1248 = DIRECTION ( 'NONE',  ( -1.000000000000000000, 0.000000000000000000, 0.000000000000000000 ) ) ;
#1249 = CARTESIAN_POINT ( 'NONE',  ( 4.735500000000000931, -6.965604891294522538, 8.722423100836151022 ) ) ;
#1250 = PLANE ( 'NONE',  #3623 ) ;
#1251 =( NAMED_UNIT ( * ) SI_UNIT ( $, .STERADIAN. ) SOLID_ANGLE_UNIT ( ) );
#1252 = EDGE_CURVE ( 'NONE', #3096, #3221, #1147, .T. ) ;
#1253 = CARTESIAN_POINT ( 'NONE',  ( 2.449489742783180102, -1.250000000000000000, -0.5000000000000000000 ) ) ;
#1254 = VECTOR ( 'NONE', #32, 1000.000000000000000 ) ;
#1255 = CARTESIAN_POINT ( 'NONE',  ( 8.750000000000000000, -6.870195508003229534, -7.174999999999999822 ) ) ;
#1256 = CARTESIAN_POINT ( 'NONE',  ( 6.334936490538901843, 4.879804491996775795, -7.231624327025945043 ) ) ;
#1257 = APPLICATION_CONTEXT ( 'automotive_design' ) ;
#1258 = SURFACE_SIDE_STYLE ('',( #153 ) ) ;
#1259 = CARTESIAN_POINT ( 'NONE',  ( 5.665063509461089275, -5.620195508003235751, -7.231624327025945043 ) ) ;
#1260 = CARTESIAN_POINT ( 'NONE',  ( 6.000000000000000000, 6.129804491996769578, -6.125000000000000000 ) ) ;
#1261 = ORIENTED_EDGE ( 'NONE', *, *, #427, .F. ) ;
#1262 = VERTEX_POINT ( 'NONE', #2493 ) ;
#1263 = CARTESIAN_POINT ( 'NONE',  ( 5.965557619818198987, 2.875757096240584954, -7.934637837574197050 ) ) ;
#1264 = DIRECTION ( 'NONE',  ( 1.000000000000000000, 0.000000000000000000, 0.000000000000000000 ) ) ;
#1265 = SURFACE_SIDE_STYLE ('',( #1288 ) ) ;
#1266 = ORIENTED_EDGE ( 'NONE', *, *, #298, .F. ) ;
#1267 = EDGE_CURVE ( 'NONE', #3569, #4537, #1126, .T. ) ;
#1268 = PLANE ( 'NONE',  #4293 ) ;
#1269 = CARTESIAN_POINT ( 'NONE',  ( 0.000000000000000000, 12.50000000000000000, 0.000000000000000000 ) ) ;
#1270 = FILL_AREA_STYLE ('',( #2378 ) ) ;
#1271 = FACE_BOUND ( 'NONE', #4292, .T. ) ;
#1272 = PRESENTATION_STYLE_ASSIGNMENT (( #4504 ) ) ;
#1273 = FACE_OUTER_BOUND ( 'NONE', #3164, .T. ) ;
#1274 = CARTESIAN_POINT ( 'NONE',  ( 4.962499999999999467, 12.50000000000000000, 0.5000000000000000000 ) ) ;
#1275 = CARTESIAN_POINT ( 'NONE',  ( 5.719341652895798767, -10.10778001807220861, -8.111486311102321878 ) ) ;
#1276 = EDGE_CURVE ( 'NONE', #3993, #4164, #2975, .T. ) ;
#1277 = CARTESIAN_POINT ( 'NONE',  ( 7.264500000000007063, -6.681158728860500773, 6.762593049267406897 ) ) ;
#1278 = FACE_OUTER_BOUND ( 'NONE', #1771, .T. ) ;
#1279 = UNCERTAINTY_MEASURE_WITH_UNIT (LENGTH_MEASURE( 1.000000000000000082E-05 ), #975, 'distance_accuracy_value', 'NONE');
#1280 = PRESENTATION_STYLE_ASSIGNMENT (( #179 ) ) ;
#1281 = CARTESIAN_POINT ( 'NONE',  ( -3.061616997868375253E-16, -12.25000000000000000, -2.500000000000000000 ) ) ;
#1282 = CARTESIAN_POINT ( 'NONE',  ( 0.000000000000000000, -1.240391016006469949, 0.000000000000000000 ) ) ;
#1283 = VERTEX_POINT ( 'NONE', #1078 ) ;
#1284 = EDGE_LOOP ( 'NONE', ( #4304, #3596 ) ) ;
#1285 = VECTOR ( 'NONE', #805, 1000.000000000000000 ) ;
#1286 = CARTESIAN_POINT ( 'NONE',  ( 5.063468399998811265, 3.011964030036918594, -8.538895326949797138 ) ) ;
#1287 = CARTESIAN_POINT ( 'NONE',  ( 7.054216768510001678, -3.794484209006306230, -6.983084943327201977 ) ) ;
#1288 = SURFACE_STYLE_FILL_AREA ( #4516 ) ;
#1289 = ORIENTED_EDGE ( 'NONE', *, *, #2411, .T. ) ;
#1290 = AXIS2_PLACEMENT_3D ( 'NONE', #2776, #1658, #1005 ) ;
#1291 = DIRECTION ( 'NONE',  ( 0.000000000000000000, 0.000000000000000000, -1.000000000000000000 ) ) ;
#1292 =( NAMED_UNIT ( * ) PLANE_ANGLE_UNIT ( ) SI_UNIT ( $, .RADIAN. ) );
#1293 = EDGE_CURVE ( 'NONE', #3117, #1320, #2004, .T. ) ;
#1294 = DIRECTION ( 'NONE',  ( 0.000000000000000000, -1.000000000000000000, 0.000000000000000000 ) ) ;
#1295 = VERTEX_POINT ( 'NONE', #3 ) ;
#1296 = SURFACE_STYLE_FILL_AREA ( #3093 ) ;
#1297 = AXIS2_PLACEMENT_3D ( 'NONE', #1751, #4200, #2067 ) ;
#1298 = FILL_AREA_STYLE ('',( #4482 ) ) ;
#1299 = EDGE_CURVE ( 'NONE', #2552, #1283, #443, .T. ) ;
#1300 = ORIENTED_EDGE ( 'NONE', *, *, #558, .T. ) ;
#1301 = CARTESIAN_POINT ( 'NONE',  ( 7.918837888265941594, -9.497731241887072073, -5.986408657990330617 ) ) ;
#1302 = CARTESIAN_POINT ( 'NONE',  ( 6.000000000000000000, -6.870195508003229534, -6.125000000000000000 ) ) ;
#1303 = DIRECTION ( 'NONE',  ( 0.000000000000000000, 0.000000000000000000, -1.000000000000000000 ) ) ;
#1304 = SURFACE_SIDE_STYLE ('',( #2338 ) ) ;
#1305 = FILL_AREA_STYLE ('',( #4162 ) ) ;
#1306 = FILL_AREA_STYLE_COLOUR ( '', #4492 ) ;
#1307 = ORIENTED_EDGE ( 'NONE', *, *, #1396, .F. ) ;
#1308 = ORIENTED_EDGE ( 'NONE', *, *, #4166, .F. ) ;
#1309 = EDGE_CURVE ( 'NONE', #3314, #1920, #653, .T. ) ;
#1310 =( LENGTH_UNIT ( ) NAMED_UNIT ( * ) SI_UNIT ( .MILLI., .METRE. ) );
#1311 = CARTESIAN_POINT ( 'NONE',  ( 8.817135576658595042, -5.243153988221886941, -4.559190694073588901 ) ) ;
#1312 = LINE ( 'NONE', #2758, #3362 ) ;
#1313 = VERTEX_POINT ( 'NONE', #3243 ) ;
#1314 = COLOUR_RGB ( '',0.9607843137254902244, 0.9607843137254902244, 0.9647058823529411908 ) ;
#1315 = PRODUCT_CONTEXT ( 'NONE', #1028, 'mechanical' ) ;
#1316 = SURFACE_STYLE_USAGE ( .BOTH. , #1692 ) ;
#1317 = DIRECTION ( 'NONE',  ( 1.000000000000000000, 0.000000000000000000, 0.000000000000000000 ) ) ;
#1318 = CARTESIAN_POINT ( 'NONE',  ( 6.000000000000000000, 6.129804491996769578, -7.424999999999999822 ) ) ;
#1319 = DIRECTION ( 'NONE',  ( -1.000000000000000000, 0.000000000000000000, 0.000000000000000000 ) ) ;
#1320 = VERTEX_POINT ( 'NONE', #2951 ) ;
#1321 = DIRECTION ( 'NONE',  ( 0.000000000000000000, 0.000000000000000000, 1.000000000000000000 ) ) ;
#1322 = TOROIDAL_SURFACE ( 'NONE', #3953, 2.500000000000000000, 0.2500000000000000000 ) ;
#1323 = AXIS2_PLACEMENT_3D ( 'NONE', #943, #4243, #4592 ) ;
#1324 = DIRECTION ( 'NONE',  ( 1.000000000000000000, 0.000000000000000000, 0.000000000000000000 ) ) ;
#1325 = ORIENTED_EDGE ( 'NONE', *, *, #4166, .T. ) ;
#1326 = COLOUR_RGB ( '',0.9607843137254902244, 0.9607843137254902244, 0.9647058823529411908 ) ;
#1327 = CIRCLE ( 'NONE', #879, 1.443375672974060331 ) ;
#1328 = CARTESIAN_POINT ( 'NONE',  ( 8.338884484744397696, -9.126849449264282654, -5.382305162114343844 ) ) ;
#1329 = ADVANCED_FACE ( 'NONE', ( #2909 ), #4015, .F. ) ;
#1330 = CARTESIAN_POINT ( 'NONE',  ( 6.000000000000000000, -6.870195508003229534, 0.5000000000000000000 ) ) ;
#1331 = AXIS2_PLACEMENT_3D ( 'NONE', #4280, #1359, #663 ) ;
#1332 = DIRECTION ( 'NONE',  ( -1.000000000000000000, 0.000000000000000000, 0.000000000000000000 ) ) ;
#1333 = FACE_BOUND ( 'NONE', #3493, .T. ) ;
#1334 = ORIENTED_EDGE ( 'NONE', *, *, #2344, .F. ) ;
#1335 = EDGE_LOOP ( 'NONE', ( #1562, #2817, #1379, #2373 ) ) ;
#1336 = CARTESIAN_POINT ( 'NONE',  ( 6.000000000000000000, 6.129804491996769578, -4.675000000000000711 ) ) ;
#1337 = PLANE ( 'NONE',  #662 ) ;
#1338 = VERTEX_POINT ( 'NONE', #1255 ) ;
#1339 =( LENGTH_UNIT ( ) NAMED_UNIT ( * ) SI_UNIT ( .MILLI., .METRE. ) );
#1340 = EDGE_CURVE ( 'NONE', #3843, #1184, #3512, .T. ) ;
#1341 = DIRECTION ( 'NONE',  ( 0.000000000000000000, 1.000000000000000000, 0.000000000000000000 ) ) ;
#1342 = DIRECTION ( 'NONE',  ( -1.000000000000000000, 0.000000000000000000, 0.000000000000000000 ) ) ;
#1343 = DIRECTION ( 'NONE',  ( -1.000000000000000000, 0.000000000000000000, 0.000000000000000000 ) ) ;
#1344 = EDGE_LOOP ( 'NONE', ( #4261, #3143, #3963, #503 ) ) ;
#1345 = DIRECTION ( 'NONE',  ( 0.000000000000000000, 0.000000000000000000, 1.000000000000000000 ) ) ;
#1346 = FACE_BOUND ( 'NONE', #4090, .T. ) ;
#1347 = ORIENTED_EDGE ( 'NONE', *, *, #1760, .F. ) ;
#1348 = CARTESIAN_POINT ( 'NONE',  ( 3.435082769373501765, -8.869905344147223758, -9.311875151757833535 ) ) ;
#1349 = DIRECTION ( 'NONE',  ( 1.000000000000000000, 0.000000000000000000, 0.000000000000000000 ) ) ;
#1350 =( NAMED_UNIT ( * ) PLANE_ANGLE_UNIT ( ) SI_UNIT ( $, .RADIAN. ) );
#1351 = EDGE_CURVE ( 'NONE', #2309, #216, #727, .T. ) ;
#1352 = FACE_OUTER_BOUND ( 'NONE', #1436, .T. ) ;
#1353 = ORIENTED_EDGE ( 'NONE', *, *, #2961, .F. ) ;
#1354 = ORIENTED_EDGE ( 'NONE', *, *, #52, .F. ) ;
#1355 = COLOUR_RGB ( '',0.9607843137254902244, 0.9607843137254902244, 0.9647058823529411908 ) ;
#1356 = CARTESIAN_POINT ( 'NONE',  ( 8.581625496521233742, 4.130372848300976507, -5.002367775447450704 ) ) ;
#1357 = CARTESIAN_POINT ( 'NONE',  ( 6.623860058861950506, -3.676837286531834170, -7.394604134168165643 ) ) ;
#1358 = ADVANCED_FACE ( 'NONE', ( #861 ), #1855, .F. ) ;
#1359 = DIRECTION ( 'NONE',  ( 0.000000000000000000, 0.000000000000000000, -1.000000000000000000 ) ) ;
#1360 = COLOUR_RGB ( '',0.9607843137254902244, 0.9607843137254902244, 0.9647058823529411908 ) ;
#1361 = ORIENTED_EDGE ( 'NONE', *, *, #704, .F. ) ;
#1362 = CARTESIAN_POINT ( 'NONE',  ( 4.735500000000000043, 6.129804491996769578, 8.722423100836151022 ) ) ;
#1363 =( NAMED_UNIT ( * ) SI_UNIT ( $, .STERADIAN. ) SOLID_ANGLE_UNIT ( ) );
#1364 = DIRECTION ( 'NONE',  ( -1.000000000000000000, 0.000000000000000000, 0.000000000000000000 ) ) ;
#1365 = DIRECTION ( 'NONE',  ( 0.000000000000000000, -1.000000000000000000, 0.000000000000000000 ) ) ;
#1366 = DIRECTION ( 'NONE',  ( 0.000000000000000000, -1.000000000000000000, 0.000000000000000000 ) ) ;
#1367 = ORIENTED_EDGE ( 'NONE', *, *, #2391, .T. ) ;
#1368 = COLOUR_RGB ( '',0.9607843137254902244, 0.9607843137254902244, 0.9647058823529411908 ) ;
#1369 = SURFACE_STYLE_USAGE ( .BOTH. , #2816 ) ;
#1370 = ORIENTED_EDGE ( 'NONE', *, *, #3782, .T. ) ;
#1371 = EDGE_CURVE ( 'NONE', #388, #3569, #4630, .T. ) ;
#1372 = CARTESIAN_POINT ( 'NONE',  ( 3.679889085352656242, -9.146659219969999199, -9.217678771994084030 ) ) ;
#1373 = PRESENTATION_LAYER_ASSIGNMENT (  '', '', ( #3400 ) ) ;
#1374 = DIRECTION ( 'NONE',  ( 0.000000000000000000, 0.000000000000000000, 1.000000000000000000 ) ) ;
#1375 = CONICAL_SURFACE ( 'NONE', #4310, 4.125000000000000000, 0.7853981633974511656 ) ;
#1376 = SURFACE_STYLE_FILL_AREA ( #2880 ) ;
#1377 = AXIS2_PLACEMENT_3D ( 'NONE', #168, #3036, #4475 ) ;
#1378 = ORIENTED_EDGE ( 'NONE', *, *, #3316, .F. ) ;
#1379 = ORIENTED_EDGE ( 'NONE', *, *, #1417, .F. ) ;
#1380 = UNCERTAINTY_MEASURE_WITH_UNIT (LENGTH_MEASURE( 1.000000000000000082E-05 ), #4171, 'distance_accuracy_value', 'NONE');
#1381 = CARTESIAN_POINT ( 'NONE',  ( 6.000000000000000000, 6.129804491996769578, -4.424999999999999822 ) ) ;
#1382 =( NAMED_UNIT ( * ) PLANE_ANGLE_UNIT ( ) SI_UNIT ( $, .RADIAN. ) );
#1383 = ORIENTED_EDGE ( 'NONE', *, *, #1962, .F. ) ;
#1384 = CARTESIAN_POINT ( 'NONE',  ( 6.721687836487029166, -8.120195508003229534, -7.424999999999999822 ) ) ;
#1385 = ADVANCED_FACE ( 'NONE', ( #1943 ), #4131, .F. ) ;
#1386 = CARTESIAN_POINT ( 'NONE',  ( 4.556624327025939891, 6.129804491996769578, -7.424999999999999822 ) ) ;
#1387 = CARTESIAN_POINT ( 'NONE',  ( 6.000000000000000000, 4.879804491996770466, -7.231624327025939714 ) ) ;
#1388 = DIRECTION ( 'NONE',  ( 0.000000000000000000, 0.000000000000000000, 1.000000000000000000 ) ) ;
#1389 = VECTOR ( 'NONE', #754, 1000.000000000000000 ) ;
#1390 = VERTEX_POINT ( 'NONE', #3689 ) ;
#1391 = SURFACE_SIDE_STYLE ('',( #1296 ) ) ;
#1392 = FILL_AREA_STYLE ('',( #363 ) ) ;
#1393 = VERTEX_POINT ( 'NONE', #556 ) ;
#1394 =( GEOMETRIC_REPRESENTATION_CONTEXT ( 3 ) GLOBAL_UNCERTAINTY_ASSIGNED_CONTEXT ( ( #728 ) ) GLOBAL_UNIT_ASSIGNED_CONTEXT ( ( #324, #609, #1712 ) ) REPRESENTATION_CONTEXT ( 'NONE', 'WORKASPACE' ) );
#1395 = PRESENTATION_STYLE_ASSIGNMENT (( #557 ) ) ;
#1396 = EDGE_CURVE ( 'NONE', #3597, #1320, #3079, .T. ) ;
#1397 = AXIS2_PLACEMENT_3D ( 'NONE', #343, #89, #767 ) ;
#1398 = SURFACE_STYLE_USAGE ( .BOTH. , #1755 ) ;
#1399 = PRESENTATION_LAYER_ASSIGNMENT (  '', '', ( #2976 ) ) ;
#1400 = CARTESIAN_POINT ( 'NONE',  ( -3.061616997868375253E-16, -1.250000000000000000, -2.500000000000000000 ) ) ;
#1401 = ORIENTED_EDGE ( 'NONE', *, *, #1252, .F. ) ;
#1402 = ORIENTED_EDGE ( 'NONE', *, *, #3705, .F. ) ;
#1403 = AXIS2_PLACEMENT_3D ( 'NONE', #2031, #4610, #1043 ) ;
#1404 = CIRCLE ( 'NONE', #4035, 1.250000000000000222 ) ;
#1405 = CARTESIAN_POINT ( 'NONE',  ( 7.648233537403051230, 3.328727496218777837, -6.325409902878692314 ) ) ;
#1406 = TOROIDAL_SURFACE ( 'NONE', #4038, 2.500000000000000000, 0.2500000000000000000 ) ;
#1407 = ORIENTED_EDGE ( 'NONE', *, *, #1252, .T. ) ;
#1408 = CARTESIAN_POINT ( 'NONE',  ( 6.000000000000000000, -6.870195508003229534, -4.424999999999999822 ) ) ;
#1409 = CYLINDRICAL_SURFACE ( 'NONE', #3486, 1.463499999999999579 ) ;
#1410 = CARTESIAN_POINT ( 'NONE',  ( 6.721687836487029166, 4.879804491996770466, -7.424999999999999822 ) ) ;
#1411 = ADVANCED_FACE ( 'NONE', ( #2655 ), #1322, .T. ) ;
#1412 = VERTEX_POINT ( 'NONE', #3071 ) ;
#1413 = FACE_OUTER_BOUND ( 'NONE', #650, .T. ) ;
#1414 =( LENGTH_UNIT ( ) NAMED_UNIT ( * ) SI_UNIT ( .MILLI., .METRE. ) );
#1415 = DIRECTION ( 'NONE',  ( -1.000000000000000000, 1.922962686383559872E-16, 0.000000000000000000 ) ) ;
#1416 = VERTEX_POINT ( 'NONE', #1919 ) ;
#1417 = EDGE_CURVE ( 'NONE', #603, #4091, #4556, .T. ) ;
#1418 = DIRECTION ( 'NONE',  ( 0.000000000000000000, -1.000000000000000000, 0.000000000000000000 ) ) ;
#1419 = PRODUCT_DEFINITION_CONTEXT ( 'detailed design', #1257, 'design' ) ;
#1420 = CARTESIAN_POINT ( 'NONE',  ( 10.00000000000000000, -0.2403910160064700041, -9.924999999999998934 ) ) ;
#1421 = EDGE_CURVE ( 'NONE', #2594, #2185, #175, .T. ) ;
#1422 = CARTESIAN_POINT ( 'NONE',  ( 0.000000000000000000, -0.5000000000000000000, 0.000000000000000000 ) ) ;
#1423 = ORIENTED_EDGE ( 'NONE', *, *, #4059, .F. ) ;
#1424 = VECTOR ( 'NONE', #2682, 1000.000000000000000 ) ;
#1425 = EDGE_LOOP ( 'NONE', ( #4, #2366, #516, #3267 ) ) ;
#1426 = UNCERTAINTY_MEASURE_WITH_UNIT (LENGTH_MEASURE( 1.000000000000000082E-05 ), #1518, 'distance_accuracy_value', 'NONE');
#1427 = CARTESIAN_POINT ( 'NONE',  ( 5.154469126732843520, 9.269252814979402899, -8.482247826027949245 ) ) ;
#1428 = EDGE_CURVE ( 'NONE', #1595, #49, #1104, .T. ) ;
#1429 = CARTESIAN_POINT ( 'NONE',  ( 3.968626966596889627, 6.000000000000000000, -0.5000000000000000000 ) ) ;
#1430 = EDGE_LOOP ( 'NONE', ( #412, #1583, #2014, #1289 ) ) ;
#1431 = AXIS2_PLACEMENT_3D ( 'NONE', #742, #2175, #2043 ) ;
#1432 = CARTESIAN_POINT ( 'NONE',  ( 0.000000000000000000, 12.25000000000000000, -4.000000000000000000 ) ) ;
#1433 = B_SPLINE_CURVE_WITH_KNOTS ( 'NONE', 3,
 ( #1645, #185, #2690, #1951, #3337, #1620, #4067, #141, #892, #2322, #3081, #1221, #2668, #1932, #4120, #3005, #2283, #4093, #3718, #3057, #1548, #1286, #2305, #872, #3380, #2732, #161, #3030, #4495, #4468, #1263, #4426, #2345, #3783, #563, #1998, #4167, #2258, #3697, #2641, #477, #1197, #1908, #259, #4563, #1405, #2448, #2025, #684, #2100, #934, #3510, #2844, #3198, #1356, #3883, #660 ),
 .UNSPECIFIED., .F., .F.,
 ( 4, 2, 2, 2, 2, 2, 2, 2, 1, 2, 2, 2, 2, 1, 1, 2, 2, 2, 1, 1, 2, 2, 2, 1, 1, 2, 2, 2, 1, 1, 2, 2, 4 ),
 ( 0.5000000000000000000, 0.5625000000000002220, 0.5937500000000003331, 0.6093750000000003331, 0.6171875000000003331, 0.6250000000000003331, 0.6562500000000006661, 0.6718750000000009992, 0.6796875000000011102, 0.6835937500000013323, 0.6875000000000013323, 0.7187500000000021094, 0.7343750000000024425, 0.7421875000000027756, 0.7460937500000028866, 0.7480468750000028866, 0.7500000000000028866, 0.7812500000000026645, 0.7968750000000024425, 0.8046875000000022204, 0.8085937500000022204, 0.8125000000000023315, 0.8437500000000026645, 0.8593750000000028866, 0.8671875000000031086, 0.8710937500000031086, 0.8750000000000031086, 0.9062500000000025535, 0.9218750000000023315, 0.9296875000000022204, 0.9335937500000021094, 0.9375000000000021094, 1.000000000000000000 ),
 .UNSPECIFIED. ) ;
#1434 = CARTESIAN_POINT ( 'NONE',  ( -3.214697847761794188E-16, -12.37500000000000000, -2.625000000000000000 ) ) ;
#1435 = DIRECTION ( 'NONE',  ( 0.000000000000000000, 0.000000000000000000, 1.000000000000000000 ) ) ;
#1436 = EDGE_LOOP ( 'NONE', ( #159, #1217, #1874, #339 ) ) ;
#1437 = MECHANICAL_DESIGN_GEOMETRIC_PRESENTATION_REPRESENTATION (  '', ( #160 ), #2122 ) ;
#1438 = CARTESIAN_POINT ( 'NONE',  ( -6.774999999999999467, -12.50000000000000000, -0.5000000000000000000 ) ) ;
#1439 = ORIENTED_EDGE ( 'NONE', *, *, #3804, .T. ) ;
#1440 = STYLED_ITEM ( 'NONE', ( #2762 ), #3605 ) ;
#1441 = EDGE_CURVE ( 'NONE', #1590, #577, #2302, .T. ) ;
#1442 = PRESENTATION_STYLE_ASSIGNMENT (( #4579 ) ) ;
#1443 = FILL_AREA_STYLE_COLOUR ( '', #206 ) ;
#1444 = MECHANICAL_DESIGN_GEOMETRIC_PRESENTATION_REPRESENTATION (  '', ( #3106 ), #701 ) ;
#1445 = COLOUR_RGB ( '',0.9607843137254902244, 0.9607843137254902244, 0.9647058823529411908 ) ;
#1446 =( NAMED_UNIT ( * ) SI_UNIT ( $, .STERADIAN. ) SOLID_ANGLE_UNIT ( ) );
#1447 = ORIENTED_EDGE ( 'NONE', *, *, #688, .F. ) ;
#1448 = ORIENTED_EDGE ( 'NONE', *, *, #2635, .T. ) ;
#1449 = COLOUR_RGB ( '',0.9607843137254902244, 0.9607843137254902244, 0.9647058823529411908 ) ;
#1450 = CARTESIAN_POINT ( 'NONE',  ( 7.527292507144806244, 9.003027300311103431, -6.472417288760214937 ) ) ;
#1451 = CARTESIAN_POINT ( 'NONE',  ( -2.449489742783180102, -1.250000000000000000, -0.5000000000000000000 ) ) ;
#1452 =( BOUNDED_CURVE ( )  B_SPLINE_CURVE ( 2, ( #3610, #365, #297 ),
 .UNSPECIFIED., .F., .F. ) 
 B_SPLINE_CURVE_WITH_KNOTS ( ( 3, 3 ),
 ( 0.000000000000000000, 0.07523701006122340829 ),
 .UNSPECIFIED. ) 
 CURVE ( )  GEOMETRIC_REPRESENTATION_ITEM ( )  RATIONAL_B_SPLINE_CURVE ( ( 1.000000000000000000, 1.037954849302039850, 1.000000000000000000 ) ) 
 REPRESENTATION_ITEM ( '' )  );
#1453 = ORIENTED_EDGE ( 'NONE', *, *, #3492, .T. ) ;
#1454 = DIRECTION ( 'NONE',  ( -1.224646799147350002E-16, 0.000000000000000000, -1.000000000000000000 ) ) ;
#1455 = EDGE_CURVE ( 'NONE', #3103, #1686, #1210, .T. ) ;
#1456 = DIRECTION ( 'NONE',  ( 1.000000000000000000, 0.000000000000000000, 0.000000000000000000 ) ) ;
#1457 = CARTESIAN_POINT ( 'NONE',  ( 9.787234502862430574, 12.37500000000000000, -0.5000000000000000000 ) ) ;
#1458 = CARTESIAN_POINT ( 'NONE',  ( 6.000000000000000000, 6.129804491996769578, -4.424999999999999822 ) ) ;
#1459 = ORIENTED_EDGE ( 'NONE', *, *, #4044, .T. ) ;
#1460 = LINE ( 'NONE', #4636, #3241 ) ;
#1461 = DIRECTION ( 'NONE',  ( 1.000000000000000000, 0.000000000000000000, 0.000000000000000000 ) ) ;
#1462 = CONICAL_SURFACE ( 'NONE', #4097, 2.625000000000000000, 0.7853981633974511656 ) ;
#1463 = SURFACE_STYLE_USAGE ( .BOTH. , #4028 ) ;
#1464 = VERTEX_POINT ( 'NONE', #1167 ) ;
#1465 = DIRECTION ( 'NONE',  ( 0.000000000000000000, 0.000000000000000000, 1.000000000000000000 ) ) ;
#1466 = CIRCLE ( 'NONE', #2367, 9.924999999999998934 ) ;
#1467 = FILL_AREA_STYLE_COLOUR ( '', #3259 ) ;
#1468 = VECTOR ( 'NONE', #3675, 1000.000000000000000 ) ;
#1469 = DIRECTION ( 'NONE',  ( 0.000000000000000000, 0.000000000000000000, -1.000000000000000000 ) ) ;
#1470 = CARTESIAN_POINT ( 'NONE',  ( 6.089126436036558232, -3.619553332421646896, -7.838807877289617032 ) ) ;
#1471 = COLOUR_RGB ( '',0.9607843137254902244, 0.9607843137254902244, 0.9647058823529411908 ) ;
#1472 = DIRECTION ( 'NONE',  ( 0.000000000000000000, 0.000000000000000000, 1.000000000000000000 ) ) ;
#1473 = ORIENTED_EDGE ( 'NONE', *, *, #381, .F. ) ;
#1474 = EDGE_CURVE ( 'NONE', #2846, #3710, #1108, .T. ) ;
#1475 = VERTEX_POINT ( 'NONE', #202 ) ;
#1476 = VECTOR ( 'NONE', #3568, 1000.000000000000000 ) ;
#1477 = CIRCLE ( 'NONE', #2834, 2.750000000000000000 ) ;
#1478 = CARTESIAN_POINT ( 'NONE',  ( 6.864113831980063196, 9.262335001354887964, -7.168700684832858272 ) ) ;
#1479 = CARTESIAN_POINT ( 'NONE',  ( -6.774999999999999467, 12.50000000000000000, 0.5000000000000000000 ) ) ;
#1480 = CIRCLE ( 'NONE', #4561, 4.250000000000000000 ) ;
#1481 = COLOUR_RGB ( '',0.9607843137254902244, 0.9607843137254902244, 0.9647058823529411908 ) ;
#1482 = ORIENTED_EDGE ( 'NONE', *, *, #1441, .F. ) ;
#1483 = TOROIDAL_SURFACE ( 'NONE', #4271, 2.500000000000000000, 0.2500000000000000000 ) ;
#1484 = DIRECTION ( 'NONE',  ( 0.000000000000000000, 0.000000000000000000, 1.000000000000000000 ) ) ;
#1485 =( NAMED_UNIT ( * ) PLANE_ANGLE_UNIT ( ) SI_UNIT ( $, .RADIAN. ) );
#1486 = SURFACE_SIDE_STYLE ('',( #4612 ) ) ;
#1487 =( BOUNDED_CURVE ( )  B_SPLINE_CURVE ( 2, ( #2819, #3150, #3852 ),
 .UNSPECIFIED., .F., .T. ) 
 B_SPLINE_CURVE_WITH_KNOTS ( ( 3, 3 ),
 ( 0.07523701006122331114, 0.1504740201224469831 ),
 .UNSPECIFIED. ) 
 CURVE ( )  GEOMETRIC_REPRESENTATION_ITEM ( )  RATIONAL_B_SPLINE_CURVE ( ( 1.000000000000000000, 1.037954849302039850, 1.000000000000000000 ) ) 
 REPRESENTATION_ITEM ( '' )  );
#1488 = CARTESIAN_POINT ( 'NONE',  ( 0.000000000000000000, -12.25000000000000000, 0.000000000000000000 ) ) ;
#1489 = ORIENTED_EDGE ( 'NONE', *, *, #340, .T. ) ;
#1490 = SURFACE_STYLE_USAGE ( .BOTH. , #3367 ) ;
#1491 = SURFACE_STYLE_FILL_AREA ( #4356 ) ;
#1492 = DIRECTION ( 'NONE',  ( 0.000000000000000000, -1.000000000000000000, 0.000000000000000000 ) ) ;
#1493 = ORIENTED_EDGE ( 'NONE', *, *, #736, .F. ) ;
#1494 = CARTESIAN_POINT ( 'NONE',  ( 6.000000000000000000, 6.129804491996769578, -7.174999999999999822 ) ) ;
#1495 = CARTESIAN_POINT ( 'NONE',  ( 6.000000000000000000, -6.870195508003229534, -4.174999999999999822 ) ) ;
#1496 = FACE_OUTER_BOUND ( 'NONE', #2221, .T. ) ;
#1497 = EDGE_LOOP ( 'NONE', ( #3895, #3957, #209 ) ) ;
#1498 = LINE ( 'NONE', #2927, #1881 ) ;
#1499 = EDGE_CURVE ( 'NONE', #2824, #1884, #342, .T. ) ;
#1500 = CARTESIAN_POINT ( 'NONE',  ( 3.904978787156980324, 8.614706426870430533, -9.124614650536765126 ) ) ;
#1501 = VECTOR ( 'NONE', #3034, 1000.000000000000000 ) ;
#1502 = DIRECTION ( 'NONE',  ( 1.000000000000000000, 0.000000000000000000, 0.000000000000000000 ) ) ;
#1503 = ORIENTED_EDGE ( 'NONE', *, *, #2631, .T. ) ;
#1504 = ORIENTED_EDGE ( 'NONE', *, *, #1499, .T. ) ;
#1505 = EDGE_CURVE ( 'NONE', #22, #119, #3972, .T. ) ;
#1506 = PRESENTATION_STYLE_ASSIGNMENT (( #37 ) ) ;
#1507 = LINE ( 'NONE', #3227, #3122 ) ;
#1508 = ORIENTED_EDGE ( 'NONE', *, *, #3921, .T. ) ;
#1509 =( NAMED_UNIT ( * ) SI_UNIT ( $, .STERADIAN. ) SOLID_ANGLE_UNIT ( ) );
#1510 = CARTESIAN_POINT ( 'NONE',  ( 9.662071465270789972, 12.50000000000000000, 0.5000000000000000000 ) ) ;
#1511 = AXIS2_PLACEMENT_3D ( 'NONE', #646, #1750, #3188 ) ;
#1512 = CARTESIAN_POINT ( 'NONE',  ( 6.000000000000000000, -6.870195508003229534, -4.174999999999999822 ) ) ;
#1513 = DIRECTION ( 'NONE',  ( -1.000000000000000000, 0.000000000000000000, 0.000000000000000000 ) ) ;
#1514 = SURFACE_STYLE_USAGE ( .BOTH. , #2652 ) ;
#1515 = EDGE_CURVE ( 'NONE', #895, #3738, #205, .T. ) ;
#1516 = AXIS2_PLACEMENT_3D ( 'NONE', #3307, #2945, #4385 ) ;
#1517 = CARTESIAN_POINT ( 'NONE',  ( 8.750000000000000000, 6.129804491996769578, -5.924999999999999822 ) ) ;
#1518 =( LENGTH_UNIT ( ) NAMED_UNIT ( * ) SI_UNIT ( .MILLI., .METRE. ) );
#1519 = VERTEX_POINT ( 'NONE', #508 ) ;
#1520 = CIRCLE ( 'NONE', #3927, 9.674999999999998934 ) ;
#1521 = LINE ( 'NONE', #3618, #3080 ) ;
#1522 = AXIS2_PLACEMENT_3D ( 'NONE', #3168, #1374, #3901 ) ;
#1523 = DIRECTION ( 'NONE',  ( 0.000000000000000000, 0.000000000000000000, -1.000000000000000000 ) ) ;
#1524 = DIRECTION ( 'NONE',  ( 0.000000000000000000, 1.000000000000000000, 0.000000000000000000 ) ) ;
#1525 = EDGE_LOOP ( 'NONE', ( #1307, #1763, #3427, #703, #3918, #600 ) ) ;
#1526 = ORIENTED_EDGE ( 'NONE', *, *, #4332, .T. ) ;
#1527 = AXIS2_PLACEMENT_3D ( 'NONE', #4224, #338, #3236 ) ;
#1528 = SURFACE_STYLE_FILL_AREA ( #13 ) ;
#1529 =( NAMED_UNIT ( * ) PLANE_ANGLE_UNIT ( ) SI_UNIT ( $, .RADIAN. ) );
#1530 = DIRECTION ( 'NONE',  ( 0.000000000000000000, 0.000000000000000000, 1.000000000000000000 ) ) ;
#1531 = VERTEX_POINT ( 'NONE', #4100 ) ;
#1532 = ADVANCED_FACE ( 'NONE', ( #2266 ), #2288, .F. ) ;
#1533 = CARTESIAN_POINT ( 'NONE',  ( 7.500000000000000000, -6.870195508003229534, -4.424999999999999822 ) ) ;
#1534 = PLANE ( 'NONE',  #1623 ) ;
#1535 = PLANE ( 'NONE',  #2394 ) ;
#1536 = DIRECTION ( 'NONE',  ( 1.000000000000000000, 0.000000000000000000, 0.000000000000000000 ) ) ;
#1537 = CARTESIAN_POINT ( 'NONE',  ( 2.750000000000010658, -6.870195508003255291, -9.536410488228785454 ) ) ;
#1538 = VERTEX_POINT ( 'NONE', #1600 ) ;
#1539 = AXIS2_PLACEMENT_3D ( 'NONE', #3850, #538, #2018 ) ;
#1540 = STYLED_ITEM ( 'NONE', ( #3349 ), #1917 ) ;
#1541 = FACE_OUTER_BOUND ( 'NONE', #2779, .T. ) ;
#1542 = LINE ( 'NONE', #118, #3593 ) ;
#1543 = ORIENTED_EDGE ( 'NONE', *, *, #2547, .F. ) ;
#1544 = ORIENTED_EDGE ( 'NONE', *, *, #558, .F. ) ;
#1545 = AXIS2_PLACEMENT_3D ( 'NONE', #3709, #2633, #488 ) ;
#1546 = STYLED_ITEM ( 'NONE', ( #4128 ), #30 ) ;
#1547 = AXIS2_PLACEMENT_3D ( 'NONE', #1979, #3063, #1248 ) ;
#1548 = CARTESIAN_POINT ( 'NONE',  ( 4.886054500445074389, 3.070710222873461070, -8.641195057435464122 ) ) ;
#1549 = CARTESIAN_POINT ( 'NONE',  ( -6.774999999999999467, 12.50000000000000000, -0.5000000000000000000 ) ) ;
#1550 = PRESENTATION_LAYER_ASSIGNMENT (  '', '', ( #1856 ) ) ;
#1551 = DIRECTION ( 'NONE',  ( 0.4999999999999998890, 0.8660254037844387076, 0.000000000000000000 ) ) ;
#1552 = EDGE_LOOP ( 'NONE', ( #2410, #3306, #951, #1977 ) ) ;
#1553 =( NAMED_UNIT ( * ) PLANE_ANGLE_UNIT ( ) SI_UNIT ( $, .RADIAN. ) );
#1554 = AXIS2_PLACEMENT_3D ( 'NONE', #3407, #524, #3032 ) ;
#1555 = CARTESIAN_POINT ( 'NONE',  ( 5.309699358886170728, -7.943469853358614330, 8.386665034764943627 ) ) ;
#1556 = EDGE_CURVE ( 'NONE', #331, #3310, #2753, .T. ) ;
#1557 =( LENGTH_UNIT ( ) NAMED_UNIT ( * ) SI_UNIT ( .MILLI., .METRE. ) );
#1558 = LINE ( 'NONE', #2967, #3553 ) ;
#1559 = AXIS2_PLACEMENT_3D ( 'NONE', #796, #3997, #1838 ) ;
#1560 = EDGE_CURVE ( 'NONE', #3126, #3117, #4033, .T. ) ;
#1561 = DIRECTION ( 'NONE',  ( 1.000000000000000000, 0.000000000000000000, 0.000000000000000000 ) ) ;
#1562 = ORIENTED_EDGE ( 'NONE', *, *, #1719, .F. ) ;
#1563 = FILL_AREA_STYLE_COLOUR ( '', #1368 ) ;
#1564 = DIRECTION ( 'NONE',  ( 0.000000000000000000, 0.000000000000000000, 1.000000000000000000 ) ) ;
#1565 = CYLINDRICAL_SURFACE ( 'NONE', #3062, 1.463499999999999579 ) ;
#1566 = ORIENTED_EDGE ( 'NONE', *, *, #130, .F. ) ;
#1567 = ORIENTED_EDGE ( 'NONE', *, *, #486, .F. ) ;
#1568 = PRODUCT_DEFINITION ( 'General', '', #1209, #1419 ) ;
#1569 = EDGE_CURVE ( 'NONE', #1531, #2023, #884, .T. ) ;
#1570 = CARTESIAN_POINT ( 'NONE',  ( 2.704163456597989956, -12.50000000000000000, -0.5000000000000000000 ) ) ;
#1571 = CARTESIAN_POINT ( 'NONE',  ( 0.000000000000000000, -12.50000000000000000, 0.000000000000000000 ) ) ;
#1572 = ORIENTED_EDGE ( 'NONE', *, *, #3907, .T. ) ;
#1573 = MECHANICAL_DESIGN_GEOMETRIC_PRESENTATION_REPRESENTATION (  '', ( #2488 ), #607 ) ;
#1574 = CARTESIAN_POINT ( 'NONE',  ( 7.250000000000000888, -7.205131998542138483, -7.231624327025945043 ) ) ;
#1575 = DIRECTION ( 'NONE',  ( -1.000000000000000000, 0.000000000000000000, 1.224646799147350002E-16 ) ) ;
#1576 = CARTESIAN_POINT ( 'NONE',  ( -6.774999999999999467, 12.50000000000000000, 0.5000000000000000000 ) ) ;
#1577 = DIRECTION ( 'NONE',  ( 1.000000000000000000, 0.000000000000000000, 0.000000000000000000 ) ) ;
#1578 = CARTESIAN_POINT ( 'NONE',  ( 6.000000000000000000, -6.870195508003229534, -4.424999999999999822 ) ) ;
#1579 = AXIS2_PLACEMENT_3D ( 'NONE', #3800, #1095, #4313 ) ;
#1580 = MECHANICAL_DESIGN_GEOMETRIC_PRESENTATION_REPRESENTATION (  '', ( #2041 ), #3841 ) ;
#1581 = PRESENTATION_LAYER_ASSIGNMENT (  '', '', ( #1739 ) ) ;
#1582 = DIRECTION ( 'NONE',  ( 0.000000000000000000, 0.000000000000000000, 1.000000000000000000 ) ) ;
#1583 = ORIENTED_EDGE ( 'NONE', *, *, #2328, .F. ) ;
#1584 = DIRECTION ( 'NONE',  ( 1.000000000000000000, 0.000000000000000000, 0.000000000000000000 ) ) ;
#1585 = ADVANCED_FACE ( 'NONE', ( #4473 ), #1931, .F. ) ;
#1586 = DIRECTION ( 'NONE',  ( 1.000000000000000000, 0.000000000000000000, 0.000000000000000000 ) ) ;
#1587 = AXIS2_PLACEMENT_3D ( 'NONE', #1494, #1122, #4433 ) ;
#1588 = CARTESIAN_POINT ( 'NONE',  ( 7.264499999999991964, 5.940836860411280007, 6.762593049267425549 ) ) ;
#1589 = CARTESIAN_POINT ( 'NONE',  ( 6.000000000000000000, 6.129804491996769578, -6.125000000000000000 ) ) ;
#1590 = VERTEX_POINT ( 'NONE', #880 ) ;
#1591 = ORIENTED_EDGE ( 'NONE', *, *, #794, .T. ) ;
#1592 = CONICAL_SURFACE ( 'NONE', #1290, 1.346687836487029832, 0.7853981633974476129 ) ;
#1593 = DIRECTION ( 'NONE',  ( 0.000000000000000000, 0.000000000000000000, 1.000000000000000000 ) ) ;
#1594 = DIRECTION ( 'NONE',  ( 0.000000000000000000, 0.000000000000000000, 1.000000000000000000 ) ) ;
#1595 = VERTEX_POINT ( 'NONE', #4501 ) ;
#1596 = CIRCLE ( 'NONE', #1978, 2.750000000000000000 ) ;
#1597 = EDGE_CURVE ( 'NONE', #748, #2962, #1480, .T. ) ;
#1598 = LINE ( 'NONE', #2002, #1501 ) ;
#1599 = DIRECTION ( 'NONE',  ( 0.000000000000000000, 0.000000000000000000, 1.000000000000000000 ) ) ;
#1600 = CARTESIAN_POINT ( 'NONE',  ( 6.000000000000000000, -6.870195508003229534, -5.567299899189620760 ) ) ;
#1601 = AXIS2_PLACEMENT_3D ( 'NONE', #3112, #1693, #4242 ) ;
#1602 = DIRECTION ( 'NONE',  ( -1.000000000000000000, 0.000000000000000000, 0.000000000000000000 ) ) ;
#1603 =( NAMED_UNIT ( * ) PLANE_ANGLE_UNIT ( ) SI_UNIT ( $, .RADIAN. ) );
#1604 = FACE_OUTER_BOUND ( 'NONE', #2711, .T. ) ;
#1605 =( BOUNDED_CURVE ( )  B_SPLINE_CURVE ( 2, ( #2989, #4430, #1203 ),
 .UNSPECIFIED., .F., .T. ) 
 B_SPLINE_CURVE_WITH_KNOTS ( ( 3, 3 ),
 ( 0.07523701006122340829, 0.1504740201224469831 ),
 .UNSPECIFIED. ) 
 CURVE ( )  GEOMETRIC_REPRESENTATION_ITEM ( )  RATIONAL_B_SPLINE_CURVE ( ( 1.000000000000000000, 1.037954849302039850, 1.000000000000000000 ) ) 
 REPRESENTATION_ITEM ( '' )  );
#1606 = PLANE ( 'NONE',  #613 ) ;
#1607 =( NAMED_UNIT ( * ) SI_UNIT ( $, .STERADIAN. ) SOLID_ANGLE_UNIT ( ) );
#1608 = DIRECTION ( 'NONE',  ( 0.000000000000000000, 0.000000000000000000, 1.000000000000000000 ) ) ;
#1609 = CARTESIAN_POINT ( 'NONE',  ( 7.110544477514536332, -6.259390637325285667, 6.924487027876483403 ) ) ;
#1610 = CARTESIAN_POINT ( 'NONE',  ( -6.774999999999999467, -0.2403910160064690049, 0.5000000000000000000 ) ) ;
#1611 = UNCERTAINTY_MEASURE_WITH_UNIT (LENGTH_MEASURE( 1.000000000000000082E-05 ), #3192, 'distance_accuracy_value', 'NONE');
#1612 = SURFACE_STYLE_USAGE ( .BOTH. , #229 ) ;
#1613 = STYLED_ITEM ( 'NONE', ( #136 ), #2896 ) ;
#1614 = EDGE_CURVE ( 'NONE', #2381, #3363, #4112, .T. ) ;
#1615 = DIRECTION ( 'NONE',  ( 1.000000000000000000, 0.000000000000000000, 0.000000000000000000 ) ) ;
#1616 = ORIENTED_EDGE ( 'NONE', *, *, #3661, .T. ) ;
#1617 = ORIENTED_EDGE ( 'NONE', *, *, #1556, .F. ) ;
#1618 = CIRCLE ( 'NONE', #3797, 2.500000000000000000 ) ;
#1619 = CIRCLE ( 'NONE', #4176, 4.250000000000000000 ) ;
#1620 = CARTESIAN_POINT ( 'NONE',  ( 3.371695561361333304, 4.214024257515323058, -9.334947668175432867 ) ) ;
#1621 = DIRECTION ( 'NONE',  ( 0.000000000000000000, 0.000000000000000000, 1.000000000000000000 ) ) ;
#1622 = DIRECTION ( 'NONE',  ( 0.000000000000000000, 0.000000000000000000, 1.000000000000000000 ) ) ;
#1623 = AXIS2_PLACEMENT_3D ( 'NONE', #3682, #1163, #4029 ) ;
#1624 = EDGE_LOOP ( 'NONE', ( #345, #4595, #3366, #1051 ) ) ;
#1625 = LINE ( 'NONE', #547, #837 ) ;
#1626 = PRESENTATION_LAYER_ASSIGNMENT (  '', '', ( #949 ) ) ;
#1627 = MECHANICAL_DESIGN_GEOMETRIC_PRESENTATION_REPRESENTATION (  '', ( #350 ), #654 ) ;
#1628 = DIRECTION ( 'NONE',  ( 0.000000000000000000, 0.000000000000000000, 1.000000000000000000 ) ) ;
#1629 = CARTESIAN_POINT ( 'NONE',  ( 4.944932488449249597, -7.572832445578280058, 8.605650851137998103 ) ) ;
#1630 = CARTESIAN_POINT ( 'NONE',  ( 6.000000000000000000, -6.870195508003229534, -7.424999999999999822 ) ) ;
#1631 = EDGE_CURVE ( 'NONE', #3194, #2860, #3889, .T. ) ;
#1632 = CARTESIAN_POINT ( 'NONE',  ( -2.449489742783180102, -0.7500000000000000000, 0.5000000000000000000 ) ) ;
#1633 = PRESENTATION_LAYER_ASSIGNMENT (  '', '', ( #131 ) ) ;
#1634 = TOROIDAL_SURFACE ( 'NONE', #3736, 2.500000000000000000, 0.2500000000000000000 ) ;
#1635 = CARTESIAN_POINT ( 'NONE',  ( -8.387500000000001066, -1.240391016006469949, -0.5000000000000000000 ) ) ;
#1636 = EDGE_CURVE ( 'NONE', #3126, #590, #2352, .T. ) ;
#1637 = CARTESIAN_POINT ( 'NONE',  ( 5.307866541164115937, -5.798328356047445453, 8.387800368941606521 ) ) ;
#1638 = DIRECTION ( 'NONE',  ( 0.000000000000000000, 0.000000000000000000, 1.000000000000000000 ) ) ;
#1639 = DIRECTION ( 'NONE',  ( 0.000000000000000000, 0.000000000000000000, 1.000000000000000000 ) ) ;
#1640 = DIRECTION ( 'NONE',  ( 0.000000000000000000, 0.000000000000000000, -1.000000000000000000 ) ) ;
#1641 = LINE ( 'NONE', #2839, #2094 ) ;
#1642 = VERTEX_POINT ( 'NONE', #483 ) ;
#1643 = ORIENTED_EDGE ( 'NONE', *, *, #4279, .F. ) ;
#1644 = EDGE_CURVE ( 'NONE', #1667, #3268, #1605, .T. ) ;
#1645 = CARTESIAN_POINT ( 'NONE',  ( 2.750000000000010658, 6.129804491996744709, -9.536410488228785454 ) ) ;
#1646 = CARTESIAN_POINT ( 'NONE',  ( 8.612550068419912108, -4.935147659893981853, -4.933287412284613538 ) ) ;
#1647 = CYLINDRICAL_SURFACE ( 'NONE', #3890, 4.000000000000000000 ) ;
#1648 = ORIENTED_EDGE ( 'NONE', *, *, #1796, .F. ) ;
#1649 = DIRECTION ( 'NONE',  ( -1.000000000000000000, 0.000000000000000000, 0.000000000000000000 ) ) ;
#1650 = ADVANCED_FACE ( 'NONE', ( #3911 ), #1703, .T. ) ;
#1651 = DIRECTION ( 'NONE',  ( 1.000000000000000000, 0.000000000000000000, 0.000000000000000000 ) ) ;
#1652 = CARTESIAN_POINT ( 'NONE',  ( 6.000000000000000000, 6.129804491996769578, 2.575000000000000178 ) ) ;
#1653 = VECTOR ( 'NONE', #726, 1000.000000000000000 ) ;
#1654 = DIRECTION ( 'NONE',  ( 0.000000000000000000, 1.000000000000000000, 0.000000000000000000 ) ) ;
#1655 = EDGE_LOOP ( 'NONE', ( #3887, #2895, #257, #3412, #1127, #1758 ) ) ;
#1656 = CARTESIAN_POINT ( 'NONE',  ( 7.420110812527861199, -9.795395621714133583, -6.593014289406434969 ) ) ;
#1657 = AXIS2_PLACEMENT_3D ( 'NONE', #482, #1913, #4453 ) ;
#1658 = DIRECTION ( 'NONE',  ( 0.000000000000000000, 0.000000000000000000, -1.000000000000000000 ) ) ;
#1659 = EDGE_CURVE ( 'NONE', #2666, #982, #2377, .T. ) ;
#1660 = CARTESIAN_POINT ( 'NONE',  ( 2.449489742783180102, -12.25000000000000000, 0.5000000000000000000 ) ) ;
#1661 = CYLINDRICAL_SURFACE ( 'NONE', #1587, 3.250000000000000000 ) ;
#1662 = LINE ( 'NONE', #1400, #1862 ) ;
#1663 = VERTEX_POINT ( 'NONE', #3813 ) ;
#1664 = ORIENTED_EDGE ( 'NONE', *, *, #4555, .T. ) ;
#1665 = FILL_AREA_STYLE ('',( #4625 ) ) ;
#1666 = DIRECTION ( 'NONE',  ( 0.000000000000000000, 0.000000000000000000, -1.000000000000000000 ) ) ;
#1667 = VERTEX_POINT ( 'NONE', #1669 ) ;
#1668 = CARTESIAN_POINT ( 'NONE',  ( 3.968626966596889627, 12.25000000000000000, -0.5000000000000000000 ) ) ;
#1669 = CARTESIAN_POINT ( 'NONE',  ( 6.000000000000000000, 7.379804491996769578, -7.231624327025939714 ) ) ;
#1670 = PRESENTATION_LAYER_ASSIGNMENT (  '', '', ( #3106 ) ) ;
#1671 = DIRECTION ( 'NONE',  ( 0.000000000000000000, 0.000000000000000000, 1.000000000000000000 ) ) ;
#1672 = CARTESIAN_POINT ( 'NONE',  ( 0.000000000000000000, -12.25000000000000000, 2.500000000000000000 ) ) ;
#1673 =( NAMED_UNIT ( * ) SI_UNIT ( $, .STERADIAN. ) SOLID_ANGLE_UNIT ( ) );
#1674 = EDGE_CURVE ( 'NONE', #1595, #1531, #4335, .T. ) ;
#1675 = ORIENTED_EDGE ( 'NONE', *, *, #4306, .T. ) ;
#1676 = MECHANICAL_DESIGN_GEOMETRIC_PRESENTATION_REPRESENTATION (  '', ( #327 ), #553 ) ;
#1677 = CARTESIAN_POINT ( 'NONE',  ( 6.000000000000000000, -8.120195508003229534, -7.231624327025939714 ) ) ;
#1678 = ORIENTED_EDGE ( 'NONE', *, *, #3588, .F. ) ;
#1679 = CARTESIAN_POINT ( 'NONE',  ( 7.092327850982447224, -9.934960389340046660, -6.946243566089005839 ) ) ;
#1680 = CARTESIAN_POINT ( 'NONE',  ( 5.909096884900478130, -5.600292551361881976, 7.976409948618668366 ) ) ;
#1681 = CARTESIAN_POINT ( 'NONE',  ( 0.000000000000000000, -12.37500000000000000, 0.000000000000000000 ) ) ;
#1682 =( NAMED_UNIT ( * ) SI_UNIT ( $, .STERADIAN. ) SOLID_ANGLE_UNIT ( ) );
#1683 = ADVANCED_FACE ( 'NONE', ( #3891 ), #3111, .F. ) ;
#1684 = VECTOR ( 'NONE', #4505, 1000.000000000000000 ) ;
#1685 = DIRECTION ( 'NONE',  ( 0.000000000000000000, 1.000000000000000000, 0.000000000000000000 ) ) ;
#1686 = VERTEX_POINT ( 'NONE', #2105 ) ;
#1687 = ORIENTED_EDGE ( 'NONE', *, *, #1371, .F. ) ;
#1688 = DIRECTION ( 'NONE',  ( 0.000000000000000000, 0.000000000000000000, -1.000000000000000000 ) ) ;
#1689 = CARTESIAN_POINT ( 'NONE',  ( 4.749999999999998224, -7.205131998542140259, -7.231624327025946819 ) ) ;
#1690 = VERTEX_POINT ( 'NONE', #3538 ) ;
#1691 = DIRECTION ( 'NONE',  ( 0.000000000000000000, 0.000000000000000000, -1.000000000000000000 ) ) ;
#1692 = SURFACE_SIDE_STYLE ('',( #3838 ) ) ;
#1693 = DIRECTION ( 'NONE',  ( 0.000000000000000000, -1.000000000000000000, 0.000000000000000000 ) ) ;
#1694 = LINE ( 'NONE', #290, #950 ) ;
#1695 = CIRCLE ( 'NONE', #1781, 2.500000000000000000 ) ;
#1696 = FACE_OUTER_BOUND ( 'NONE', #2842, .T. ) ;
#1697 = ORIENTED_EDGE ( 'NONE', *, *, #3899, .T. ) ;
#1698 = AXIS2_PLACEMENT_3D ( 'NONE', #1189, #1608, #3043 ) ;
#1699 = COLOUR_RGB ( '',0.9607843137254902244, 0.9607843137254902244, 0.9647058823529411908 ) ;
#1700 = EDGE_CURVE ( 'NONE', #2634, #3993, #1941, .T. ) ;
#1701 = PRESENTATION_STYLE_ASSIGNMENT (( #1369 ) ) ;
#1702 = VERTEX_POINT ( 'NONE', #2829 ) ;
#1703 = CONICAL_SURFACE ( 'NONE', #2235, 9.799999999999998934, 0.7853981633974511656 ) ;
#1704 = VECTOR ( 'NONE', #502, 1000.000000000000000 ) ;
#1705 = CARTESIAN_POINT ( 'NONE',  ( 3.863041515899524381, -9.327030158036613727, -9.143713973715737353 ) ) ;
#1706 = CARTESIAN_POINT ( 'NONE',  ( 6.351268479847945514, -5.646658196421585174, 7.628823495300480317 ) ) ;
#1707 = ADVANCED_FACE ( 'NONE', ( #2127 ), #3559, .F. ) ;
#1708 = AXIS2_PLACEMENT_3D ( 'NONE', #2051, #1666, #935 ) ;
#1709 = UNCERTAINTY_MEASURE_WITH_UNIT (LENGTH_MEASURE( 1.000000000000000082E-05 ), #2443, 'distance_accuracy_value', 'NONE');
#1710 = FILL_AREA_STYLE_COLOUR ( '', #1769 ) ;
#1711 = SURFACE_STYLE_USAGE ( .BOTH. , #2419 ) ;
#1712 =( NAMED_UNIT ( * ) SI_UNIT ( $, .STERADIAN. ) SOLID_ANGLE_UNIT ( ) );
#1713 = ORIENTED_EDGE ( 'NONE', *, *, #4605, .F. ) ;
#1714 = ORIENTED_EDGE ( 'NONE', *, *, #2935, .T. ) ;
#1715 = CARTESIAN_POINT ( 'NONE',  ( 6.825708802912158646, -3.727350949310408001, -7.205277756266619704 ) ) ;
#1716 = CARTESIAN_POINT ( 'NONE',  ( 0.000000000000000000, 12.50000000000000000, -4.250000000000000888 ) ) ;
#1717 = ORIENTED_EDGE ( 'NONE', *, *, #137, .F. ) ;
#1718 = CARTESIAN_POINT ( 'NONE',  ( 6.915063509461097269, -7.785259017464332132, -7.231624327025939714 ) ) ;
#1719 = EDGE_CURVE ( 'NONE', #4582, #3141, #2828, .T. ) ;
#1720 = CARTESIAN_POINT ( 'NONE',  ( 6.721687836487029166, 4.879804491996770466, -7.424999999999999822 ) ) ;
#1721 = CARTESIAN_POINT ( 'NONE',  ( 6.000000000000000000, -6.870195508003229534, -5.846149949594810380 ) ) ;
#1722 = DIRECTION ( 'NONE',  ( 1.000000000000000000, 0.000000000000000000, 0.000000000000000000 ) ) ;
#1723 = ORIENTED_EDGE ( 'NONE', *, *, #2168, .F. ) ;
#1724 = FACE_BOUND ( 'NONE', #2773, .T. ) ;
#1725 = CYLINDRICAL_SURFACE ( 'NONE', #1082, 3.250000000000000000 ) ;
#1726 = ORIENTED_EDGE ( 'NONE', *, *, #2803, .F. ) ;
#1727 = CARTESIAN_POINT ( 'NONE',  ( 5.427987524524537477, -10.07044358285278385, -8.309937150927538596 ) ) ;
#1728 = STYLED_ITEM ( 'NONE', ( #3812 ), #1736 ) ;
#1729 = DIRECTION ( 'NONE',  ( -0.4999999999999998890, 0.8660254037844387076, 0.000000000000000000 ) ) ;
#1730 = DIRECTION ( 'NONE',  ( 0.000000000000000000, 0.000000000000000000, 1.000000000000000000 ) ) ;
#1731 = PRESENTATION_STYLE_ASSIGNMENT (( #2444 ) ) ;
#1732 = EDGE_LOOP ( 'NONE', ( #27, #3529 ) ) ;
#1733 = EDGE_CURVE ( 'NONE', #890, #734, #4253, .T. ) ;
#1734 = ORIENTED_EDGE ( 'NONE', *, *, #2501, .F. ) ;
#1735 =( GEOMETRIC_REPRESENTATION_CONTEXT ( 3 ) GLOBAL_UNCERTAINTY_ASSIGNED_CONTEXT ( ( #2659 ) ) GLOBAL_UNIT_ASSIGNED_CONTEXT ( ( #4380, #1553, #1509 ) ) REPRESENTATION_CONTEXT ( 'NONE', 'WORKASPACE' ) );
#1736 = ADVANCED_BREP_SHAPE_REPRESENTATION ( '5mm to 8mm rigid shaft coupler v2', ( #1791, #1747, #1867, #10 ), #1063 ) ;
#1737 = CARTESIAN_POINT ( 'NONE',  ( 7.082531754730550411, 6.754804491996770466, -7.231624327025939714 ) ) ;
#1738 = DIRECTION ( 'NONE',  ( 0.4999999999999998890, 0.8660254037844387076, 0.000000000000000000 ) ) ;
#1739 = STYLED_ITEM ( 'NONE', ( #2217 ), #3551 ) ;
#1740 = VERTEX_POINT ( 'NONE', #2214 ) ;
#1741 = CARTESIAN_POINT ( 'NONE',  ( 5.909096884900475466, 7.399707448638115359, 7.976409948618668366 ) ) ;
#1742 = AXIS2_PLACEMENT_3D ( 'NONE', #4410, #129, #3263 ) ;
#1743 = CARTESIAN_POINT ( 'NONE',  ( 4.917468245269450478, 6.754804491996770466, -7.231624327025939714 ) ) ;
#1744 = PLANE ( 'NONE',  #332 ) ;
#1745 = PLANE ( 'NONE',  #1247 ) ;
#1746 = CARTESIAN_POINT ( 'NONE',  ( 6.000000000000000000, 6.129804491996769578, -5.924999999999999822 ) ) ;
#1747 = MANIFOLD_SOLID_BREP ( 'M3x10[1]', #1244 ) ;
#1748 = EDGE_CURVE ( 'NONE', #1642, #2117, #3650, .T. ) ;
#1749 = ORIENTED_EDGE ( 'NONE', *, *, #3027, .F. ) ;
#1750 = DIRECTION ( 'NONE',  ( 0.000000000000000000, 0.000000000000000000, -1.000000000000000000 ) ) ;
#1751 = CARTESIAN_POINT ( 'NONE',  ( 6.000000000000000000, 6.129804491996769578, -7.328312163512970656 ) ) ;
#1752 = ORIENTED_EDGE ( 'NONE', *, *, #3492, .F. ) ;
#1753 = AXIS2_PLACEMENT_3D ( 'NONE', #150, #3019, #4460 ) ;
#1754 = CARTESIAN_POINT ( 'NONE',  ( 2.449489742783180102, -1.240391016006469949, -0.5000000000000000000 ) ) ;
#1755 = SURFACE_SIDE_STYLE ('',( #2514 ) ) ;
#1756 = CIRCLE ( 'NONE', #2667, 2.500000000000000000 ) ;
#1757 = DIRECTION ( 'NONE',  ( -1.000000000000000000, 0.000000000000000000, -1.224646799147350249E-16 ) ) ;
#1758 = ORIENTED_EDGE ( 'NONE', *, *, #1050, .F. ) ;
#1759 = VERTEX_POINT ( 'NONE', #3626 ) ;
#1760 = EDGE_CURVE ( 'NONE', #3479, #3710, #2548, .T. ) ;
#1761 = CONICAL_SURFACE ( 'NONE', #4392, 4.125000000000000000, 0.7853981633974511656 ) ;
#1762 = SURFACE_STYLE_USAGE ( .BOTH. , #3180 ) ;
#1763 = ORIENTED_EDGE ( 'NONE', *, *, #801, .F. ) ;
#1764 = EDGE_CURVE ( 'NONE', #1759, #3208, #428, .T. ) ;
#1765 = FILL_AREA_STYLE ('',( #2481 ) ) ;
#1766 = DIRECTION ( 'NONE',  ( -1.000000000000000000, 0.000000000000000000, 0.000000000000000000 ) ) ;
#1767 = LINE ( 'NONE', #3913, #3428 ) ;
#1768 = CARTESIAN_POINT ( 'NONE',  ( 0.000000000000000000, -12.25000000000000000, 0.000000000000000000 ) ) ;
#1769 = COLOUR_RGB ( '',0.9607843137254902244, 0.9607843137254902244, 0.9647058823529411908 ) ;
#1770 = AXIS2_PLACEMENT_3D ( 'NONE', #3777, #1215, #4088 ) ;
#1771 = EDGE_LOOP ( 'NONE', ( #4338, #4513, #2761, #1929 ) ) ;
#1772 = DIRECTION ( 'NONE',  ( 0.000000000000000000, 1.000000000000000000, 0.000000000000000000 ) ) ;
#1773 = SURFACE_STYLE_USAGE ( .BOTH. , #361 ) ;
#1774 = COLOUR_RGB ( '',0.9607843137254902244, 0.9607843137254902244, 0.9647058823529411908 ) ;
#1775 = MECHANICAL_DESIGN_GEOMETRIC_PRESENTATION_REPRESENTATION (  '', ( #1997 ), #4104 ) ;
#1776 = ADVANCED_FACE ( 'NONE', ( #450 ), #3298, .F. ) ;
#1777 = AXIS2_PLACEMENT_3D ( 'NONE', #3641, #2948, #1828 ) ;
#1778 = FACE_OUTER_BOUND ( 'NONE', #3297, .T. ) ;
#1779 = VERTEX_POINT ( 'NONE', #3802 ) ;
#1780 = COLOUR_RGB ( '',0.9607843137254902244, 0.9607843137254902244, 0.9647058823529411908 ) ;
#1781 = AXIS2_PLACEMENT_3D ( 'NONE', #169, #3037, #4476 ) ;
#1782 = SURFACE_STYLE_FILL_AREA ( #2904 ) ;
#1783 = EDGE_CURVE ( 'NONE', #3795, #480, #944, .T. ) ;
#1784 = MECHANICAL_DESIGN_GEOMETRIC_PRESENTATION_REPRESENTATION (  '', ( #949 ), #349 ) ;
#1785 = PLANE ( 'NONE',  #573 ) ;
#1786 = VECTOR ( 'NONE', #3006, 1000.000000000000114 ) ;
#1787 = FILL_AREA_STYLE ('',( #2882 ) ) ;
#1788 = VERTEX_POINT ( 'NONE', #3121 ) ;
#1789 = ORIENTED_EDGE ( 'NONE', *, *, #1023, .T. ) ;
#1790 = AXIS2_PLACEMENT_3D ( 'NONE', #2182, #3612, #4036 ) ;
#1791 = MANIFOLD_SOLID_BREP ( 'Coupler[1]', #3509 ) ;
#1792 = CARTESIAN_POINT ( 'NONE',  ( 6.921537162465279280, 9.246355963124919697, -7.113570225058948537 ) ) ;
#1793 = TOROIDAL_SURFACE ( 'NONE', #1177, 1.713500000000000023, 0.2500000000000000000 ) ;
#1794 = CARTESIAN_POINT ( 'NONE',  ( -9.924999999999998934, 0.000000000000000000, -1.215461948153744886E-15 ) ) ;
#1795 = VERTEX_POINT ( 'NONE', #958 ) ;
#1796 = EDGE_CURVE ( 'NONE', #1822, #2117, #498, .T. ) ;
#1797 = CARTESIAN_POINT ( 'NONE',  ( 7.463499999999999801, -6.870195508003229534, -4.174999999999999822 ) ) ;
#1798 =( NAMED_UNIT ( * ) SI_UNIT ( $, .STERADIAN. ) SOLID_ANGLE_UNIT ( ) );
#1799 = FACE_OUTER_BOUND ( 'NONE', #2619, .T. ) ;
#1800 = SURFACE_SIDE_STYLE ('',( #3561 ) ) ;
#1801 = CARTESIAN_POINT ( 'NONE',  ( 4.286500000000000199, -6.870195508003229534, -4.424999999999999822 ) ) ;
#1802 = EDGE_LOOP ( 'NONE', ( #2615, #1347, #3925 ) ) ;
#1803 = EDGE_CURVE ( 'NONE', #295, #3935, #1619, .T. ) ;
#1804 = FILL_AREA_STYLE_COLOUR ( '', #4142 ) ;
#1805 = CARTESIAN_POINT ( 'NONE',  ( 9.787234502862430574, -12.37500000000000000, 0.5000000000000000000 ) ) ;
#1806 = ORIENTED_EDGE ( 'NONE', *, *, #1973, .T. ) ;
#1807 = DIRECTION ( 'NONE',  ( 1.000000000000000000, 0.000000000000000000, 0.000000000000000000 ) ) ;
#1808 = FACE_OUTER_BOUND ( 'NONE', #1034, .T. ) ;
#1809 = DIRECTION ( 'NONE',  ( 0.000000000000000000, 0.000000000000000000, 1.000000000000000000 ) ) ;
#1810 = ORIENTED_EDGE ( 'NONE', *, *, #2694, .T. ) ;
#1811 = VECTOR ( 'NONE', #3447, 1000.000000000000000 ) ;
#1812 = ORIENTED_EDGE ( 'NONE', *, *, #619, .F. ) ;
#1813 = EDGE_CURVE ( 'NONE', #2621, #3363, #2151, .T. ) ;
#1814 = CYLINDRICAL_SURFACE ( 'NONE', #227, 4.000000000000000000 ) ;
#1815 = CARTESIAN_POINT ( 'NONE',  ( 8.566965403509190224, 8.124922902030217386, -5.012147419816471938 ) ) ;
#1816 = CARTESIAN_POINT ( 'NONE',  ( -2.704163456597989956, -0.5000000000000000000, 0.5000000000000000000 ) ) ;
#1817 = ORIENTED_EDGE ( 'NONE', *, *, #3340, .F. ) ;
#1818 = MECHANICAL_DESIGN_GEOMETRIC_PRESENTATION_REPRESENTATION (  '', ( #3000 ), #612 ) ;
#1819 = AXIS2_PLACEMENT_3D ( 'NONE', #2219, #2963, #3631 ) ;
#1820 = DIRECTION ( 'NONE',  ( 1.000000000000000000, 0.000000000000000000, 0.000000000000000000 ) ) ;
#1821 = PRESENTATION_LAYER_ASSIGNMENT (  '', '', ( #34 ) ) ;
#1822 = VERTEX_POINT ( 'NONE', #252 ) ;
#1823 = CIRCLE ( 'NONE', #392, 1.443375672974060331 ) ;
#1824 = DIRECTION ( 'NONE',  ( 0.000000000000000000, -1.000000000000000000, 0.000000000000000000 ) ) ;
#1825 = ADVANCED_FACE ( 'NONE', ( #608 ), #2297, .F. ) ;
#1826 = ORIENTED_EDGE ( 'NONE', *, *, #4408, .T. ) ;
#1827 = CARTESIAN_POINT ( 'NONE',  ( -3.387499999999999734, 12.50000000000000000, -0.5000000000000000000 ) ) ;
#1828 = DIRECTION ( 'NONE',  ( 1.000000000000000000, 0.000000000000000000, 0.000000000000000000 ) ) ;
#1829 = SURFACE_STYLE_USAGE ( .BOTH. , #3967 ) ;
#1830 = CIRCLE ( 'NONE', #3707, 0.2500000000000002220 ) ;
#1831 = AXIS2_PLACEMENT_3D ( 'NONE', #1162, #743, #1915 ) ;
#1832 =( NAMED_UNIT ( * ) SI_UNIT ( $, .STERADIAN. ) SOLID_ANGLE_UNIT ( ) );
#1833 = ORIENTED_EDGE ( 'NONE', *, *, #1023, .F. ) ;
#1834 = EDGE_LOOP ( 'NONE', ( #4117, #2821, #1566 ) ) ;
#1835 = MECHANICAL_DESIGN_GEOMETRIC_PRESENTATION_REPRESENTATION (  '', ( #4608 ), #2209 ) ;
#1836 = EDGE_CURVE ( 'NONE', #2393, #2141, #3280, .T. ) ;
#1837 = CARTESIAN_POINT ( 'NONE',  ( 8.391678625541402425, 8.330439569105882569, -5.299619715398393716 ) ) ;
#1838 = DIRECTION ( 'NONE',  ( -1.000000000000000000, 0.000000000000000000, 0.000000000000000000 ) ) ;
#1839 = ORIENTED_EDGE ( 'NONE', *, *, #470, .F. ) ;
#1840 = SURFACE_SIDE_STYLE ('',( #1112 ) ) ;
#1841 =( NAMED_UNIT ( * ) SI_UNIT ( $, .STERADIAN. ) SOLID_ANGLE_UNIT ( ) );
#1842 = ORIENTED_EDGE ( 'NONE', *, *, #3594, .T. ) ;
#1843 = DIRECTION ( 'NONE',  ( 0.000000000000000000, -1.000000000000000000, 0.000000000000000000 ) ) ;
#1844 = DIRECTION ( 'NONE',  ( 1.000000000000000000, 0.000000000000000000, 0.000000000000000000 ) ) ;
#1845 = COLOUR_RGB ( '',0.9607843137254902244, 0.9607843137254902244, 0.9647058823529411908 ) ;
#1846 = VERTEX_POINT ( 'NONE', #700 ) ;
#1847 = SURFACE_STYLE_FILL_AREA ( #2902 ) ;
#1848 = MECHANICAL_DESIGN_GEOMETRIC_PRESENTATION_REPRESENTATION (  '', ( #192 ), #2197 ) ;
#1849 = EDGE_CURVE ( 'NONE', #3514, #4355, #1076, .T. ) ;
#1850 = AXIS2_PLACEMENT_3D ( 'NONE', #1681, #2492, #3218 ) ;
#1851 = LINE ( 'NONE', #4413, #4403 ) ;
#1852 = CARTESIAN_POINT ( 'NONE',  ( 5.427050685130488716, -3.666017744288815550, -8.312554751904869477 ) ) ;
#1853 = EDGE_LOOP ( 'NONE', ( #3003, #449, #1806 ) ) ;
#1854 = ADVANCED_FACE ( 'NONE', ( #2 ), #416, .F. ) ;
#1855 = CONICAL_SURFACE ( 'NONE', #1930, 1.346687836487029832, 0.7853981633974476129 ) ;
#1856 = STYLED_ITEM ( 'NONE', ( #2572 ), #284 ) ;
#1857 = CARTESIAN_POINT ( 'NONE',  ( 4.022643812682263231, 8.710853109372365566, -9.073657980772347642 ) ) ;
#1858 = FACE_OUTER_BOUND ( 'NONE', #924, .T. ) ;
#1859 = ORIENTED_EDGE ( 'NONE', *, *, #3302, .F. ) ;
#1860 = AXIS2_PLACEMENT_3D ( 'NONE', #966, #2478, #685 ) ;
#1861 = EDGE_LOOP ( 'NONE', ( #846, #773 ) ) ;
#1862 = VECTOR ( 'NONE', #3528, 1000.000000000000000 ) ;
#1863 = CARTESIAN_POINT ( 'NONE',  ( 4.556624327025939891, 6.129804491996769578, -6.125000000000000000 ) ) ;
#1864 = CARTESIAN_POINT ( 'NONE',  ( 6.000000000000000000, 6.129804491996769578, -6.125000000000000000 ) ) ;
#1865 = CARTESIAN_POINT ( 'NONE',  ( 7.463499999999999801, 6.129804491996769578, -4.174999999999999822 ) ) ;
#1866 =( NAMED_UNIT ( * ) SI_UNIT ( $, .STERADIAN. ) SOLID_ANGLE_UNIT ( ) );
#1867 = MANIFOLD_SOLID_BREP ( 'M3x10 (1)[1]', #426 ) ;
#1868 = ORIENTED_EDGE ( 'NONE', *, *, #2590, .F. ) ;
#1869 = CIRCLE ( 'NONE', #2840, 2.500000000000000000 ) ;
#1870 = EDGE_CURVE ( 'NONE', #2562, #683, #321, .T. ) ;
#1871 = CARTESIAN_POINT ( 'NONE',  ( 7.500000000000000000, -6.870195508003229534, -0.5000000000000000000 ) ) ;
#1872 = FACE_BOUND ( 'NONE', #396, .T. ) ;
#1873 = DIRECTION ( 'NONE',  ( 0.000000000000000000, 0.000000000000000000, -1.000000000000000000 ) ) ;
#1874 = ORIENTED_EDGE ( 'NONE', *, *, #3692, .F. ) ;
#1875 = DIRECTION ( 'NONE',  ( 1.000000000000000000, 0.000000000000000000, 0.000000000000000000 ) ) ;
#1876 = CARTESIAN_POINT ( 'NONE',  ( 3.177191010031064522, -5.202087936305428428, -9.404416587229595947 ) ) ;
#1877 = PRESENTATION_STYLE_ASSIGNMENT (( #2228 ) ) ;
#1878 = ORIENTED_EDGE ( 'NONE', *, *, #2743, .T. ) ;
#1879 = LINE ( 'NONE', #3332, #1653 ) ;
#1880 = CARTESIAN_POINT ( 'NONE',  ( 3.177191010031091611, 7.797912063721291531, -9.404416587229587066 ) ) ;
#1881 = VECTOR ( 'NONE', #2252, 1000.000000000000000 ) ;
#1882 = ADVANCED_FACE ( 'NONE', ( #299 ), #1785, .F. ) ;
#1883 = LINE ( 'NONE', #93, #2239 ) ;
#1884 = VERTEX_POINT ( 'NONE', #367 ) ;
#1885 = PRESENTATION_STYLE_ASSIGNMENT (( #2642 ) ) ;
#1886 = DIRECTION ( 'NONE',  ( 1.000000000000000000, 0.000000000000000000, 0.000000000000000000 ) ) ;
#1887 = ORIENTED_EDGE ( 'NONE', *, *, #2099, .F. ) ;
#1888 = DIRECTION ( 'NONE',  ( 0.000000000000000000, 0.000000000000000000, -1.000000000000000000 ) ) ;
#1889 = DIRECTION ( 'NONE',  ( 0.000000000000000000, 0.000000000000000000, -1.000000000000000000 ) ) ;
#1890 = CIRCLE ( 'NONE', #4442, 9.924999999999998934 ) ;
#1891 = DIRECTION ( 'NONE',  ( 0.000000000000000000, 0.000000000000000000, -1.000000000000000000 ) ) ;
#1892 = CARTESIAN_POINT ( 'NONE',  ( 9.787234502862430574, 12.37500000000000000, 0.5000000000000000000 ) ) ;
#1893 = ADVANCED_FACE ( 'NONE', ( #1808 ), #1173, .T. ) ;
#1894 = CARTESIAN_POINT ( 'NONE',  ( 5.278312163512969946, -5.620195508003230422, -7.424999999999999822 ) ) ;
#1895 = VECTOR ( 'NONE', #2063, 1000.000000000000000 ) ;
#1896 = FILL_AREA_STYLE_COLOUR ( '', #479 ) ;
#1897 = CARTESIAN_POINT ( 'NONE',  ( 3.866384595117754230, -4.418352431000812430, -9.141027691774635144 ) ) ;
#1898 = CARTESIAN_POINT ( 'NONE',  ( 7.082531754730550411, 6.754804491996770466, -7.231624327025939714 ) ) ;
#1899 = ORIENTED_EDGE ( 'NONE', *, *, #2704, .F. ) ;
#1900 = VECTOR ( 'NONE', #2500, 1000.000000000000000 ) ;
#1901 = VECTOR ( 'NONE', #2035, 1000.000000000000000 ) ;
#1902 = CARTESIAN_POINT ( 'NONE',  ( 0.000000000000000000, -0.2403910160064700041, 0.000000000000000000 ) ) ;
#1903 = DIRECTION ( 'NONE',  ( 1.000000000000000000, 0.000000000000000000, 0.000000000000000000 ) ) ;
#1904 = EDGE_LOOP ( 'NONE', ( #786, #2479, #3485 ) ) ;
#1905 = EDGE_LOOP ( 'NONE', ( #4025, #3601 ) ) ;
#1906 = COLOUR_RGB ( '',0.9607843137254902244, 0.9607843137254902244, 0.9647058823529411908 ) ;
#1907 = EDGE_CURVE ( 'NONE', #164, #4215, #1851, .T. ) ;
#1908 = CARTESIAN_POINT ( 'NONE',  ( 7.543361689810848425, 3.269165923816020669, -6.450457920327330896 ) ) ;
#1909 = SURFACE_STYLE_FILL_AREA ( #3700 ) ;
#1910 = VERTEX_POINT ( 'NONE', #4436 ) ;
#1911 = SURFACE_STYLE_FILL_AREA ( #481 ) ;
#1912 = EDGE_CURVE ( 'NONE', #4320, #1390, #836, .T. ) ;
#1913 = DIRECTION ( 'NONE',  ( 0.000000000000000000, -1.000000000000000000, 0.000000000000000000 ) ) ;
#1914 = DIRECTION ( 'NONE',  ( 0.000000000000000000, 0.000000000000000000, 1.000000000000000000 ) ) ;
#1915 = DIRECTION ( 'NONE',  ( 1.000000000000000000, 0.000000000000000000, 0.000000000000000000 ) ) ;
#1916 = CARTESIAN_POINT ( 'NONE',  ( -2.449489742783180102, -12.25000000000000000, 0.5000000000000000000 ) ) ;
#1917 = ADVANCED_FACE ( 'NONE', ( #4082 ), #1375, .F. ) ;
#1918 = SURFACE_STYLE_USAGE ( .BOTH. , #2181 ) ;
#1919 = CARTESIAN_POINT ( 'NONE',  ( 7.250000000000000000, -6.870195508003229534, 5.575000000000000178 ) ) ;
#1920 = VERTEX_POINT ( 'NONE', #46 ) ;
#1921 = AXIS2_PLACEMENT_3D ( 'NONE', #3482, #635, #2050 ) ;
#1922 = PRESENTATION_LAYER_ASSIGNMENT (  '', '', ( #3654 ) ) ;
#1923 = EDGE_CURVE ( 'NONE', #3674, #2381, #4459, .T. ) ;
#1924 = CARTESIAN_POINT ( 'NONE',  ( 0.000000000000000000, -12.50000000000000000, 0.000000000000000000 ) ) ;
#1925 = MECHANICAL_DESIGN_GEOMETRIC_PRESENTATION_REPRESENTATION (  '', ( #723 ), #4322 ) ;
#1926 = CARTESIAN_POINT ( 'NONE',  ( 4.818511622037553899, 5.670040665276715686, 8.676957236061172196 ) ) ;
#1927 = FACE_OUTER_BOUND ( 'NONE', #3630, .T. ) ;
#1928 = ORIENTED_EDGE ( 'NONE', *, *, #4032, .F. ) ;
#1929 = ORIENTED_EDGE ( 'NONE', *, *, #1813, .T. ) ;
#1930 = AXIS2_PLACEMENT_3D ( 'NONE', #4057, #2318, #467 ) ;
#1931 = CONICAL_SURFACE ( 'NONE', #4187, 1.346687836487029832, 0.7853981633974476129 ) ;
#1932 = CARTESIAN_POINT ( 'NONE',  ( 4.270130612692983441, 3.376749151944879124, -8.959913888332751597 ) ) ;
#1933 = CARTESIAN_POINT ( 'NONE',  ( -5.051668046482818945E-16, 12.37500000000000000, 4.125000000000000000 ) ) ;
#1934 =( NAMED_UNIT ( * ) PLANE_ANGLE_UNIT ( ) SI_UNIT ( $, .RADIAN. ) );
#1935 = ORIENTED_EDGE ( 'NONE', *, *, #2114, .T. ) ;
#1936 = CARTESIAN_POINT ( 'NONE',  ( 7.443375672974069879, 6.129804491996769578, -7.424999999999999822 ) ) ;
#1937 = VECTOR ( 'NONE', #3240, 1000.000000000000000 ) ;
#1938 = CARTESIAN_POINT ( 'NONE',  ( 6.625000000000000000, -6.870195508003229534, -5.846149949594810380 ) ) ;
#1939 = DIRECTION ( 'NONE',  ( 0.000000000000000000, 0.000000000000000000, -1.000000000000000000 ) ) ;
#1940 = ADVANCED_FACE ( 'NONE', ( #4360 ), #1535, .F. ) ;
#1941 =( BOUNDED_CURVE ( )  B_SPLINE_CURVE ( 2, ( #1743, #3183, #1386 ),
 .UNSPECIFIED., .F., .F. ) 
 B_SPLINE_CURVE_WITH_KNOTS ( ( 3, 3 ),
 ( 0.07523701006122331114, 0.1504740201224469831 ),
 .UNSPECIFIED. ) 
 CURVE ( )  GEOMETRIC_REPRESENTATION_ITEM ( )  RATIONAL_B_SPLINE_CURVE ( ( 1.000000000000000000, 1.037954849302039850, 1.000000000000000000 ) ) 
 REPRESENTATION_ITEM ( '' )  );
#1942 = CARTESIAN_POINT ( 'NONE',  ( 6.000000000000000000, -6.870195508003229534, -5.846149949594810380 ) ) ;
#1943 = FACE_OUTER_BOUND ( 'NONE', #3871, .T. ) ;
#1944 = ORIENTED_EDGE ( 'NONE', *, *, #1267, .T. ) ;
#1945 = UNCERTAINTY_MEASURE_WITH_UNIT (LENGTH_MEASURE( 1.000000000000000082E-05 ), #2164, 'distance_accuracy_value', 'NONE');
#1946 = FILL_AREA_STYLE ('',( #2637 ) ) ;
#1947 = EDGE_CURVE ( 'NONE', #2117, #590, #2247, .T. ) ;
#1948 = CARTESIAN_POINT ( 'NONE',  ( 6.000000000000000000, -6.870195508003229534, 5.575000000000000178 ) ) ;
#1949 = ORIENTED_EDGE ( 'NONE', *, *, #629, .T. ) ;
#1950 = ORIENTED_EDGE ( 'NONE', *, *, #858, .F. ) ;
#1951 = CARTESIAN_POINT ( 'NONE',  ( 3.091788410268300868, 4.663102707111431933, -9.431565267410221054 ) ) ;
#1952 = PRESENTATION_STYLE_ASSIGNMENT (( #3365 ) ) ;
#1953 = ORIENTED_EDGE ( 'NONE', *, *, #3293, .F. ) ;
#1954 = CARTESIAN_POINT ( 'NONE',  ( 0.000000000000000000, 12.37500000000000000, 0.000000000000000000 ) ) ;
#1955 =( NAMED_UNIT ( * ) PLANE_ANGLE_UNIT ( ) SI_UNIT ( $, .RADIAN. ) );
#1956 = CARTESIAN_POINT ( 'NONE',  ( 5.757052299988463240, -8.121175721676312520, 8.086727362431210153 ) ) ;
#1957 = DIRECTION ( 'NONE',  ( 0.9132291307658646495, 0.000000000000000000, -0.4074463826328849070 ) ) ;
#1958 = DIRECTION ( 'NONE',  ( 0.000000000000000000, 0.000000000000000000, 1.000000000000000000 ) ) ;
#1959 = PLANE ( 'NONE',  #4157 ) ;
#1960 = PRESENTATION_LAYER_ASSIGNMENT (  '', '', ( #2119 ) ) ;
#1961 = STYLED_ITEM ( 'NONE', ( #316 ), #4071 ) ;
#1962 = EDGE_CURVE ( 'NONE', #1531, #895, #487, .T. ) ;
#1963 = DIRECTION ( 'NONE',  ( 0.000000000000000000, -1.000000000000000000, 0.000000000000000000 ) ) ;
#1964 = VECTOR ( 'NONE', #1551, 1000.000000000000000 ) ;
#1965 =( BOUNDED_CURVE ( )  B_SPLINE_CURVE ( 2, ( #1668, #4452, #1225 ),
 .UNSPECIFIED., .F., .T. ) 
 B_SPLINE_CURVE_WITH_KNOTS ( ( 3, 3 ),
 ( 0.000000000000000000, 0.03548701881254619911 ),
 .UNSPECIFIED. ) 
 CURVE ( )  GEOMETRIC_REPRESENTATION_ITEM ( )  RATIONAL_B_SPLINE_CURVE ( ( 1.000000000000000000, 1.000466315667470019, 1.000000000000000000 ) ) 
 REPRESENTATION_ITEM ( '' )  );
#1966 = LINE ( 'NONE', #228, #2854 ) ;
#1967 = SURFACE_STYLE_FILL_AREA ( #980 ) ;
#1968 = DIRECTION ( 'NONE',  ( 0.000000000000000000, 1.000000000000000000, 0.000000000000000000 ) ) ;
#1969 = DIRECTION ( 'NONE',  ( 0.000000000000000000, 0.000000000000000000, 1.000000000000000000 ) ) ;
#1970 = ORIENTED_EDGE ( 'NONE', *, *, #3327, .F. ) ;
#1971 = ORIENTED_EDGE ( 'NONE', *, *, #3772, .T. ) ;
#1972 = AXIS2_PLACEMENT_3D ( 'NONE', #1302, #3072, #4229 ) ;
#1973 = EDGE_CURVE ( 'NONE', #3582, #1910, #293, .T. ) ;
#1974 = CARTESIAN_POINT ( 'NONE',  ( 6.000000000000000000, 6.129804491996769578, -4.424999999999999822 ) ) ;
#1975 = FACE_BOUND ( 'NONE', #1905, .T. ) ;
#1976 = CARTESIAN_POINT ( 'NONE',  ( 6.000000000000000000, 6.129804491996769578, 5.575000000000000178 ) ) ;
#1977 = ORIENTED_EDGE ( 'NONE', *, *, #4332, .F. ) ;
#1978 = AXIS2_PLACEMENT_3D ( 'NONE', #3323, #2876, #4407 ) ;
#1979 = CARTESIAN_POINT ( 'NONE',  ( 6.000000000000000000, 6.129804491996769578, -7.174999999999999822 ) ) ;
#1980 = CIRCLE ( 'NONE', #3640, 1.264499999999999957 ) ;
#1981 = CARTESIAN_POINT ( 'NONE',  ( 4.536500000000000199, -6.870195508003229534, -4.174999999999999822 ) ) ;
#1982 = DIRECTION ( 'NONE',  ( 0.000000000000000000, 0.000000000000000000, -1.000000000000000000 ) ) ;
#1983 = FILL_AREA_STYLE_COLOUR ( '', #3391 ) ;
#1984 = SURFACE_SIDE_STYLE ('',( #4434 ) ) ;
#1985 = DIRECTION ( 'NONE',  ( 0.000000000000000000, 0.000000000000000000, -1.000000000000000000 ) ) ;
#1986 = EDGE_CURVE ( 'NONE', #2958, #3519, #670, .T. ) ;
#1987 = CARTESIAN_POINT ( 'NONE',  ( 5.049013300552761763, -6.019565027855491302, 8.546116482875005360 ) ) ;
#1988 = PLANE ( 'NONE',  #759 ) ;
#1989 = UNCERTAINTY_MEASURE_WITH_UNIT (LENGTH_MEASURE( 1.000000000000000082E-05 ), #2339, 'distance_accuracy_value', 'NONE');
#1990 = MECHANICAL_DESIGN_GEOMETRIC_PRESENTATION_REPRESENTATION (  '', ( #1613 ), #189 ) ;
#1991 = PLANE ( 'NONE',  #4101 ) ;
#1992 = PLANE ( 'NONE',  #3435 ) ;
#1993 = ORIENTED_EDGE ( 'NONE', *, *, #4408, .F. ) ;
#1994 = EDGE_CURVE ( 'NONE', #3126, #681, #3233, .T. ) ;
#1995 = EDGE_LOOP ( 'NONE', ( #822, #1489, #3868, #182 ) ) ;
#1996 = CIRCLE ( 'NONE', #869, 4.000000000000000000 ) ;
#1997 = STYLED_ITEM ( 'NONE', ( #1280 ), #1791 ) ;
#1998 = CARTESIAN_POINT ( 'NONE',  ( 6.705365579950184340, 2.957793982672508815, -7.317408754002244109 ) ) ;
#1999 = PLANE ( 'NONE',  #4565 ) ;
#2000 = AXIS2_PLACEMENT_3D ( 'NONE', #255, #1685, #1757 ) ;
#2001 = VERTEX_POINT ( 'NONE', #1165 ) ;
#2002 = CARTESIAN_POINT ( 'NONE',  ( 6.721687836487029166, -5.620195508003230422, -7.424999999999999822 ) ) ;
#2003 = B_SPLINE_CURVE_WITH_KNOTS ( 'NONE', 3,
 ( #3572, #1128, #2912, #373, #1815, #4346, #347, #3621, #1837, #2232, #92, #2519, #399, #3928, #2497, #31, #707, #2143, #1450, #2564, #2888, #3946, #1792, #1478, #1151, #771, #4323, #3222, #2210, #1058, #1105, #795, #2544, #7, #4278, #3295, #2864, #1427, #4302, #3973, #3646, #3312, #750, #3271, #422, #54, #74, #1857, #1500, #2929, #4369, #2592, #4017, #1880, #3671, #446, #2277 ),
 .UNSPECIFIED., .F., .F.,
 ( 4, 2, 2, 1, 2, 2, 2, 1, 1, 2, 2, 2, 1, 1, 2, 2, 2, 1, 1, 1, 2, 2, 2, 2, 1, 2, 2, 2, 2, 2, 2, 2, 4 ),
 ( 0.000000000000000000, 0.03124999999999759914, 0.04687499999999639871, 0.05468749999999574646, 0.05859374999999551054, 0.06249999999999528155, 0.09374999999999358846, 0.1093749999999928529, 0.1171874999999923950, 0.1210937499999922146, 0.1249999999999920341, 0.1562499999999903133, 0.1718749999999894529, 0.1796874999999890365, 0.1835937499999887867, 0.1874999999999885369, 0.2187499999999874267, 0.2343749999999868716, 0.2421874999999866218, 0.2460937499999865108, 0.2480468749999865108, 0.2499999999999865663, 0.2812499999999881761, 0.2968749999999889533, 0.3046874999999893419, 0.3085937499999895639, 0.3124999999999897304, 0.3437499999999915068, 0.3593749999999923950, 0.3671874999999927836, 0.3749999999999931721, 0.4374999999999965583, 0.5000000000000000000 ),
 .UNSPECIFIED. ) ;
#2004 = CIRCLE ( 'NONE', #126, 1.443375672974060331 ) ;
#2005 = AXIS2_PLACEMENT_3D ( 'NONE', #1630, #3065, #4503 ) ;
#2006 = PRESENTATION_STYLE_ASSIGNMENT (( #3387 ) ) ;
#2007 = CARTESIAN_POINT ( 'NONE',  ( 6.749453953164508135, -7.900431567571416736, 7.278404874038990613 ) ) ;
#2008 = DIRECTION ( 'NONE',  ( 0.000000000000000000, 0.000000000000000000, 1.000000000000000000 ) ) ;
#2009 = DIRECTION ( 'NONE',  ( 0.000000000000000000, -1.000000000000000000, 0.000000000000000000 ) ) ;
#2010 = EDGE_CURVE ( 'NONE', #890, #1295, #1124, .T. ) ;
#2011 = VECTOR ( 'NONE', #1594, 1000.000000000000000 ) ;
#2012 = DIRECTION ( 'NONE',  ( 1.000000000000000000, 0.000000000000000000, 0.000000000000000000 ) ) ;
#2013 = LINE ( 'NONE', #4108, #1684 ) ;
#2014 = ORIENTED_EDGE ( 'NONE', *, *, #3537, .F. ) ;
#2015 = CARTESIAN_POINT ( 'NONE',  ( 7.795315469811414211, -9.583544796605648841, -6.146627480175770764 ) ) ;
#2016 = LINE ( 'NONE', #4532, #3322 ) ;
#2017 = DIRECTION ( 'NONE',  ( 1.000000000000000000, 0.000000000000000000, 0.000000000000000000 ) ) ;
#2018 = DIRECTION ( 'NONE',  ( 1.000000000000000000, 0.000000000000000000, 0.000000000000000000 ) ) ;
#2019 =( NAMED_UNIT ( * ) SI_UNIT ( $, .STERADIAN. ) SOLID_ANGLE_UNIT ( ) );
#2020 = VECTOR ( 'NONE', #4549, 1000.000000000000000 ) ;
#2021 = DIRECTION ( 'NONE',  ( 0.000000000000000000, 0.000000000000000000, 1.000000000000000000 ) ) ;
#2022 = ORIENTED_EDGE ( 'NONE', *, *, #2358, .T. ) ;
#2023 = VERTEX_POINT ( 'NONE', #2204 ) ;
#2024 = ADVANCED_FACE ( 'NONE', ( #815 ), #1761, .F. ) ;
#2025 = CARTESIAN_POINT ( 'NONE',  ( 7.918837888256107682, 3.502268758107181412, -5.986408658003342431 ) ) ;
#2026 = DIRECTION ( 'NONE',  ( 1.000000000000000000, 0.000000000000000000, 0.000000000000000000 ) ) ;
#2027 = ORIENTED_EDGE ( 'NONE', *, *, #2391, .F. ) ;
#2028 = DIRECTION ( 'NONE',  ( -0.4999999999999998890, -0.8660254037844387076, 0.000000000000000000 ) ) ;
#2029 = CARTESIAN_POINT ( 'NONE',  ( 0.000000000000000000, 0.000000000000000000, 0.000000000000000000 ) ) ;
#2030 = UNCERTAINTY_MEASURE_WITH_UNIT (LENGTH_MEASURE( 1.000000000000000082E-05 ), #4389, 'distance_accuracy_value', 'NONE');
#2031 = CARTESIAN_POINT ( 'NONE',  ( 8.500000000000000000, 6.129804491996769578, -7.174999999999999822 ) ) ;
#2032 = LINE ( 'NONE', #4127, #2066 ) ;
#2033 = SURFACE_STYLE_FILL_AREA ( #571 ) ;
#2034 = EDGE_LOOP ( 'NONE', ( #1717, #4037, #2734, #3244 ) ) ;
#2035 = DIRECTION ( 'NONE',  ( -1.000000000000000000, 0.000000000000000000, 0.000000000000000000 ) ) ;
#2036 = EDGE_CURVE ( 'NONE', #912, #489, #2013, .T. ) ;
#2037 = CARTESIAN_POINT ( 'NONE',  ( 6.000000000000000000, 6.129804491996769578, -4.424999999999999822 ) ) ;
#2038 = ORIENTED_EDGE ( 'NONE', *, *, #1700, .F. ) ;
#2039 = CARTESIAN_POINT ( 'NONE',  ( 4.692673815244163826, -9.845657923794590261, -8.745572230849301576 ) ) ;
#2040 = AXIS2_PLACEMENT_3D ( 'NONE', #4533, #1303, #2264 ) ;
#2041 = STYLED_ITEM ( 'NONE', ( #4429 ), #4107 ) ;
#2042 = CARTESIAN_POINT ( 'NONE',  ( 6.621779602767339235, -5.759419552488520999, 7.395241315733594334 ) ) ;
#2043 = DIRECTION ( 'NONE',  ( -1.000000000000000000, 0.000000000000000000, 0.000000000000000000 ) ) ;
#2044 = UNCERTAINTY_MEASURE_WITH_UNIT (LENGTH_MEASURE( 1.000000000000000082E-05 ), #3440, 'distance_accuracy_value', 'NONE');
#2045 = DIRECTION ( 'NONE',  ( 0.000000000000000000, 1.000000000000000000, 0.000000000000000000 ) ) ;
#2046 = SURFACE_STYLE_USAGE ( .BOTH. , #960 ) ;
#2047 = EDGE_LOOP ( 'NONE', ( #3969, #2086, #3552, #224 ) ) ;
#2048 = ORIENTED_EDGE ( 'NONE', *, *, #2138, .T. ) ;
#2049 = AXIS2_PLACEMENT_3D ( 'NONE', #1458, #1115, #1886 ) ;
#2050 = DIRECTION ( 'NONE',  ( 0.000000000000000000, 0.000000000000000000, -1.000000000000000000 ) ) ;
#2051 = CARTESIAN_POINT ( 'NONE',  ( 6.000000000000000000, 6.129804491996769578, -0.5000000000000000000 ) ) ;
#2052 = CARTESIAN_POINT ( 'NONE',  ( 6.721687836487029166, -5.620195508003230422, -6.125000000000000000 ) ) ;
#2053 = ORIENTED_EDGE ( 'NONE', *, *, #3461, .F. ) ;
#2054 = CIRCLE ( 'NONE', #624, 4.000000000000000000 ) ;
#2055 = EDGE_CURVE ( 'NONE', #2666, #3739, #3147, .T. ) ;
#2056 =( NAMED_UNIT ( * ) PLANE_ANGLE_UNIT ( ) SI_UNIT ( $, .RADIAN. ) );
#2057 = DIRECTION ( 'NONE',  ( 0.000000000000000000, 0.000000000000000000, -1.000000000000000000 ) ) ;
#2058 = CARTESIAN_POINT ( 'NONE',  ( -3.968626966596889627, 6.000000000000000000, -0.5000000000000000000 ) ) ;
#2059 = COLOUR_RGB ( '',0.9607843137254902244, 0.9607843137254902244, 0.9647058823529411908 ) ;
#2060 = CARTESIAN_POINT ( 'NONE',  ( 6.000000000000000000, 7.379804491996769578, -7.231624327025939714 ) ) ;
#2061 = DIRECTION ( 'NONE',  ( 0.000000000000000000, 0.000000000000000000, 1.000000000000000000 ) ) ;
#2062 = AXIS2_PLACEMENT_3D ( 'NONE', #1231, #2677, #4247 ) ;
#2063 = DIRECTION ( 'NONE',  ( -0.4999999999999998890, -0.8660254037844387076, 0.000000000000000000 ) ) ;
#2064 = ORIENTED_EDGE ( 'NONE', *, *, #785, .F. ) ;
#2065 = EDGE_CURVE ( 'NONE', #3310, #3906, #2744, .T. ) ;
#2066 = VECTOR ( 'NONE', #1602, 1000.000000000000000 ) ;
#2067 = DIRECTION ( 'NONE',  ( 1.000000000000000000, 0.000000000000000000, 0.000000000000000000 ) ) ;
#2068 = ORIENTED_EDGE ( 'NONE', *, *, #2224, .F. ) ;
#2069 = CARTESIAN_POINT ( 'NONE',  ( 8.581625496530584485, -8.869627151684118971, -5.002367775432812635 ) ) ;
#2070 = CARTESIAN_POINT ( 'NONE',  ( 6.918454224901223526, -5.997639930116307028, 7.116650819066212108 ) ) ;
#2071 = LINE ( 'NONE', #4179, #3008 ) ;
#2072 =( NAMED_UNIT ( * ) PLANE_ANGLE_UNIT ( ) SI_UNIT ( $, .RADIAN. ) );
#2073 = FACE_OUTER_BOUND ( 'NONE', #3285, .T. ) ;
#2074 = EDGE_LOOP ( 'NONE', ( #2146, #2452, #2867, #1195 ) ) ;
#2075 = EDGE_LOOP ( 'NONE', ( #3245, #1009 ) ) ;
#2076 = EDGE_CURVE ( 'NONE', #3738, #616, #3526, .T. ) ;
#2077 = CIRCLE ( 'NONE', #3274, 0.2500000000000002220 ) ;
#2078 = DIRECTION ( 'NONE',  ( -1.000000000000000000, 0.000000000000000000, 0.000000000000000000 ) ) ;
#2079 = CARTESIAN_POINT ( 'NONE',  ( 7.729412254334803833, -4.118489998608811042, -6.225951149306713894 ) ) ;
#2080 = PRESENTATION_STYLE_ASSIGNMENT (( #1762 ) ) ;
#2081 = ORIENTED_EDGE ( 'NONE', *, *, #870, .T. ) ;
#2082 = FILL_AREA_STYLE_COLOUR ( '', #2536 ) ;
#2083 = DIRECTION ( 'NONE',  ( 1.000000000000000000, 0.000000000000000000, 0.000000000000000000 ) ) ;
#2084 = CARTESIAN_POINT ( 'NONE',  ( 4.500000000000000888, 6.129804491996769578, 2.575000000000000178 ) ) ;
#2085 = CARTESIAN_POINT ( 'NONE',  ( 6.000000000000000000, 6.129804491996769578, -6.125000000000000000 ) ) ;
#2086 = ORIENTED_EDGE ( 'NONE', *, *, #829, .T. ) ;
#2087 = FACE_OUTER_BOUND ( 'NONE', #2130, .T. ) ;
#2088 = AXIS2_PLACEMENT_3D ( 'NONE', #3113, #1294, #3840 ) ;
#2089 = EDGE_CURVE ( 'NONE', #3949, #4390, #1869, .T. ) ;
#2090 = ORIENTED_EDGE ( 'NONE', *, *, #4269, .F. ) ;
#2091 = CIRCLE ( 'NONE', #66, 1.250000000000000222 ) ;
#2092 = CARTESIAN_POINT ( 'NONE',  ( 5.567235533404316428, -10.09111337895927107, -8.216728866786969121 ) ) ;
#2093 = DIRECTION ( 'NONE',  ( 0.000000000000000000, -1.000000000000000000, 0.000000000000000000 ) ) ;
#2094 = VECTOR ( 'NONE', #2021, 1000.000000000000000 ) ;
#2095 = CYLINDRICAL_SURFACE ( 'NONE', #2000, 9.924999999999998934 ) ;
#2096 = EDGE_LOOP ( 'NONE', ( #4274, #4238, #4298, #4209, #1648, #2499 ) ) ;
#2097 = ORIENTED_EDGE ( 'NONE', *, *, #4275, .T. ) ;
#2098 =( BOUNDED_CURVE ( )  B_SPLINE_CURVE ( 2, ( #1044, #334, #2060 ),
 .UNSPECIFIED., .F., .T. ) 
 B_SPLINE_CURVE_WITH_KNOTS ( ( 3, 3 ),
 ( 0.000000000000000000, 0.07523701006122340829 ),
 .UNSPECIFIED. ) 
 CURVE ( )  GEOMETRIC_REPRESENTATION_ITEM ( )  RATIONAL_B_SPLINE_CURVE ( ( 1.000000000000000000, 1.037954849302039850, 1.000000000000000000 ) ) 
 REPRESENTATION_ITEM ( '' )  );
#2099 = EDGE_CURVE ( 'NONE', #2309, #913, #1150, .T. ) ;
#2100 = CARTESIAN_POINT ( 'NONE',  ( 8.178574412275819938, 3.715911853950196964, -5.624335478394579368 ) ) ;
#2101 = CARTESIAN_POINT ( 'NONE',  ( 3.904978787153579933, -4.385293573128596023, -9.124614650538218186 ) ) ;
#2102 = DIRECTION ( 'NONE',  ( -1.000000000000000000, 0.000000000000000000, 0.000000000000000000 ) ) ;
#2103 = ORIENTED_EDGE ( 'NONE', *, *, #2803, .T. ) ;
#2104 = CARTESIAN_POINT ( 'NONE',  ( 5.307866541164115937, 7.201671643952551882, 8.387800368941606521 ) ) ;
#2105 = CARTESIAN_POINT ( 'NONE',  ( 9.912397540454078282, -0.2403910160064700041, -0.5000000000000000000 ) ) ;
#2106 = FACE_OUTER_BOUND ( 'NONE', #2075, .T. ) ;
#2107 = CARTESIAN_POINT ( 'NONE',  ( 2.750000000000010658, 6.129804491996744709, -9.536410488228785454 ) ) ;
#2108 = DIRECTION ( 'NONE',  ( -1.000000000000000000, 0.000000000000000000, 0.000000000000000000 ) ) ;
#2109 = VERTEX_POINT ( 'NONE', #3416 ) ;
#2110 = VECTOR ( 'NONE', #239, 1000.000000000000000 ) ;
#2111 =( NAMED_UNIT ( * ) PLANE_ANGLE_UNIT ( ) SI_UNIT ( $, .RADIAN. ) );
#2112 = ORIENTED_EDGE ( 'NONE', *, *, #2616, .T. ) ;
#2113 = CARTESIAN_POINT ( 'NONE',  ( 6.721687836487029166, -8.120195508003229534, -7.424999999999999822 ) ) ;
#2114 = EDGE_CURVE ( 'NONE', #295, #211, #554, .T. ) ;
#2115 = DIRECTION ( 'NONE',  ( 1.000000000000000000, 0.000000000000000000, 0.000000000000000000 ) ) ;
#2116 = CARTESIAN_POINT ( 'NONE',  ( 7.443375672974069879, 6.129804491996769578, -7.424999999999999822 ) ) ;
#2117 = VERTEX_POINT ( 'NONE', #3773 ) ;
#2118 = ORIENTED_EDGE ( 'NONE', *, *, #3637, .T. ) ;
#2119 = STYLED_ITEM ( 'NONE', ( #4637 ), #4508 ) ;
#2120 = DIRECTION ( 'NONE',  ( 1.000000000000000000, 0.000000000000000000, 0.000000000000000000 ) ) ;
#2121 = FACE_OUTER_BOUND ( 'NONE', #306, .T. ) ;
#2122 =( GEOMETRIC_REPRESENTATION_CONTEXT ( 3 ) GLOBAL_UNCERTAINTY_ASSIGNED_CONTEXT ( ( #3448 ) ) GLOBAL_UNIT_ASSIGNED_CONTEXT ( ( #1096, #2580, #386 ) ) REPRESENTATION_CONTEXT ( 'NONE', 'WORKASPACE' ) );
#2123 = EDGE_LOOP ( 'NONE', ( #3053, #244 ) ) ;
#2124 = CARTESIAN_POINT ( 'NONE',  ( 6.351268479847944626, 7.353341803578415714, 7.628823495300485646 ) ) ;
#2125 = EDGE_CURVE ( 'NONE', #4164, #1475, #2293, .T. ) ;
#2126 = CIRCLE ( 'NONE', #2802, 1.250000000000000222 ) ;
#2127 = FACE_OUTER_BOUND ( 'NONE', #4119, .T. ) ;
#2128 = FILL_AREA_STYLE ('',( #2788 ) ) ;
#2129 = PRESENTATION_LAYER_ASSIGNMENT (  '', '', ( #1440 ) ) ;
#2130 = EDGE_LOOP ( 'NONE', ( #232, #4493, #2931, #1140 ) ) ;
#2131 = ADVANCED_FACE ( 'NONE', ( #2719 ), #4161, .F. ) ;
#2132 = DIRECTION ( 'NONE',  ( 1.000000000000000000, 0.000000000000000000, 0.000000000000000000 ) ) ;
#2133 = AXIS2_PLACEMENT_3D ( 'NONE', #3525, #1418, #3986 ) ;
#2134 =( NAMED_UNIT ( * ) SI_UNIT ( $, .STERADIAN. ) SOLID_ANGLE_UNIT ( ) );
#2135 = EDGE_LOOP ( 'NONE', ( #40, #1047, #318, #3433, #5, #3780 ) ) ;
#2136 = DIRECTION ( 'NONE',  ( 0.000000000000000000, 0.000000000000000000, 1.000000000000000000 ) ) ;
#2137 = FILL_AREA_STYLE ('',( #1710 ) ) ;
#2138 = EDGE_CURVE ( 'NONE', #1014, #3900, #2578, .T. ) ;
#2139 = SURFACE_STYLE_USAGE ( .BOTH. , #3923 ) ;
#2140 = ORIENTED_EDGE ( 'NONE', *, *, #2065, .T. ) ;
#2141 = VERTEX_POINT ( 'NONE', #534 ) ;
#2142 = UNCERTAINTY_MEASURE_WITH_UNIT (LENGTH_MEASURE( 1.000000000000000082E-05 ), #1091, 'distance_accuracy_value', 'NONE');
#2143 = CARTESIAN_POINT ( 'NONE',  ( 7.681736407735482608, 8.910897297811253281, -6.284686176806729918 ) ) ;
#2144 = EDGE_CURVE ( 'NONE', #2856, #1663, #3329, .T. ) ;
#2145 = CARTESIAN_POINT ( 'NONE',  ( 4.735500000000000043, 6.129804491996769578, 8.722423100836151022 ) ) ;
#2146 = ORIENTED_EDGE ( 'NONE', *, *, #340, .F. ) ;
#2147 = CARTESIAN_POINT ( 'NONE',  ( 0.000000000000000000, -1.240391016006469949, 0.000000000000000000 ) ) ;
#2148 = DIRECTION ( 'NONE',  ( 1.000000000000000000, 0.000000000000000000, 0.000000000000000000 ) ) ;
#2149 = DIRECTION ( 'NONE',  ( 0.000000000000000000, 1.000000000000000000, 0.000000000000000000 ) ) ;
#2150 = ORIENTED_EDGE ( 'NONE', *, *, #2065, .F. ) ;
#2151 = CIRCLE ( 'NONE', #123, 1.713499999999999801 ) ;
#2152 = CARTESIAN_POINT ( 'NONE',  ( 0.000000000000000000, -1.250000000000000000, 0.000000000000000000 ) ) ;
#2153 = PRESENTATION_LAYER_ASSIGNMENT (  '', '', ( #1540 ) ) ;
#2154 = LINE ( 'NONE', #1805, #4382 ) ;
#2155 = ORIENTED_EDGE ( 'NONE', *, *, #535, .F. ) ;
#2156 = EDGE_CURVE ( 'NONE', #4311, #1338, #2206, .T. ) ;
#2157 = CIRCLE ( 'NONE', #3656, 4.000000000000000000 ) ;
#2158 =( NAMED_UNIT ( * ) SI_UNIT ( $, .STERADIAN. ) SOLID_ANGLE_UNIT ( ) );
#2159 = VECTOR ( 'NONE', #2306, 1000.000000000000000 ) ;
#2160 =( LENGTH_UNIT ( ) NAMED_UNIT ( * ) SI_UNIT ( .MILLI., .METRE. ) );
#2161 = EDGE_LOOP ( 'NONE', ( #862, #3496, #184, #1169 ) ) ;
#2162 = ORIENTED_EDGE ( 'NONE', *, *, #1121, .T. ) ;
#2163 = AXIS2_PLACEMENT_3D ( 'NONE', #1976, #1198, #2285 ) ;
#2164 =( LENGTH_UNIT ( ) NAMED_UNIT ( * ) SI_UNIT ( .MILLI., .METRE. ) );
#2165 = DIRECTION ( 'NONE',  ( -1.224646799147350249E-16, 0.000000000000000000, -1.000000000000000000 ) ) ;
#2166 = CARTESIAN_POINT ( 'NONE',  ( 5.278312163512969946, -8.120195508003229534, -6.125000000000000000 ) ) ;
#2167 = ORIENTED_EDGE ( 'NONE', *, *, #2144, .T. ) ;
#2168 = EDGE_CURVE ( 'NONE', #4560, #4320, #855, .T. ) ;
#2169 = AXIS2_PLACEMENT_3D ( 'NONE', #393, #464, #2970 ) ;
#2170 = FILL_AREA_STYLE ('',( #12 ) ) ;
#2171 = CARTESIAN_POINT ( 'NONE',  ( -8.387500000000001066, -1.240391016006469949, -0.5000000000000000000 ) ) ;
#2172 = FILL_AREA_STYLE_COLOUR ( '', #3660 ) ;
#2173 = ORIENTED_EDGE ( 'NONE', *, *, #604, .F. ) ;
#2174 =( LENGTH_UNIT ( ) NAMED_UNIT ( * ) SI_UNIT ( .MILLI., .METRE. ) );
#2175 = DIRECTION ( 'NONE',  ( 0.000000000000000000, 0.000000000000000000, 1.000000000000000000 ) ) ;
#2176 = CARTESIAN_POINT ( 'NONE',  ( 6.625000000000000000, 6.129804491996769578, -5.846149949594810380 ) ) ;
#2177 = DIRECTION ( 'NONE',  ( 1.000000000000000000, 0.000000000000000000, 0.000000000000000000 ) ) ;
#2178 = EDGE_LOOP ( 'NONE', ( #1970, #2901, #3339, #3353, #611, #2820, #1353, #3176 ) ) ;
#2179 = DIRECTION ( 'NONE',  ( 0.000000000000000000, -1.000000000000000000, 0.000000000000000000 ) ) ;
#2180 = ADVANCED_FACE ( 'NONE', ( #1778 ), #2661, .F. ) ;
#2181 = SURFACE_SIDE_STYLE ('',( #110 ) ) ;
#2182 = CARTESIAN_POINT ( 'NONE',  ( 6.721687836487029166, 7.379804491996769578, -7.424999999999999822 ) ) ;
#2183 = CARTESIAN_POINT ( 'NONE',  ( 6.000000000000000000, -6.870195508003229534, -7.424999999999999822 ) ) ;
#2184 = EDGE_LOOP ( 'NONE', ( #3930, #525, #4598, #2329 ) ) ;
#2185 = VERTEX_POINT ( 'NONE', #1438 ) ;
#2186 = CARTESIAN_POINT ( 'NONE',  ( 8.500000000000000000, -6.870195508003229534, -7.174999999999999822 ) ) ;
#2187 = CARTESIAN_POINT ( 'NONE',  ( 3.968626966596889627, 12.25000000000000000, 0.5000000000000000000 ) ) ;
#2188 = ORIENTED_EDGE ( 'NONE', *, *, #1196, .F. ) ;
#2189 = CIRCLE ( 'NONE', #3166, 9.924999999999998934 ) ;
#2190 =( NAMED_UNIT ( * ) PLANE_ANGLE_UNIT ( ) SI_UNIT ( $, .RADIAN. ) );
#2191 = FACE_OUTER_BOUND ( 'NONE', #90, .T. ) ;
#2192 =( GEOMETRIC_REPRESENTATION_CONTEXT ( 3 ) GLOBAL_UNCERTAINTY_ASSIGNED_CONTEXT ( ( #2044 ) ) GLOBAL_UNIT_ASSIGNED_CONTEXT ( ( #3440, #2380, #1673 ) ) REPRESENTATION_CONTEXT ( 'NONE', 'WORKASPACE' ) );
#2193 = FILL_AREA_STYLE_COLOUR ( '', #431 ) ;
#2194 = FACE_OUTER_BOUND ( 'NONE', #1022, .T. ) ;
#2195 = ADVANCED_FACE ( 'NONE', ( #2437 ), #775, .F. ) ;
#2196 = ORIENTED_EDGE ( 'NONE', *, *, #1764, .T. ) ;
#2197 =( GEOMETRIC_REPRESENTATION_CONTEXT ( 3 ) GLOBAL_UNCERTAINTY_ASSIGNED_CONTEXT ( ( #3876 ) ) GLOBAL_UNIT_ASSIGNED_CONTEXT ( ( #3639, #439, #1141 ) ) REPRESENTATION_CONTEXT ( 'NONE', 'WORKASPACE' ) );
#2198 = DIRECTION ( 'NONE',  ( 1.000000000000000000, 0.000000000000000000, 0.000000000000000000 ) ) ;
#2199 = CARTESIAN_POINT ( 'NONE',  ( 6.000000000000000000, 6.129804491996769578, -4.424999999999999822 ) ) ;
#2200 = ORIENTED_EDGE ( 'NONE', *, *, #3173, .F. ) ;
#2201 = CARTESIAN_POINT ( 'NONE',  ( 4.556624327025930121, -6.870195508003229534, -7.424999999999999822 ) ) ;
#2202 = EDGE_CURVE ( 'NONE', #3648, #2109, #2154, .T. ) ;
#2203 = AXIS2_PLACEMENT_3D ( 'NONE', #35, #4463, #1454 ) ;
#2204 = CARTESIAN_POINT ( 'NONE',  ( 3.250000000000000444, 6.129804491996768689, -7.174999999999999822 ) ) ;
#2205 = CARTESIAN_POINT ( 'NONE',  ( 4.500000000000000888, 6.129804491996769578, -0.5000000000000000000 ) ) ;
#2206 = CIRCLE ( 'NONE', #1753, 2.750000000000000000 ) ;
#2207 = DIRECTION ( 'NONE',  ( 0.000000000000000000, 0.000000000000000000, 1.000000000000000000 ) ) ;
#2208 = ORIENTED_EDGE ( 'NONE', *, *, #688, .T. ) ;
#2209 =( GEOMETRIC_REPRESENTATION_CONTEXT ( 3 ) GLOBAL_UNCERTAINTY_ASSIGNED_CONTEXT ( ( #2360 ) ) GLOBAL_UNIT_ASSIGNED_CONTEXT ( ( #2289, #1292, #942 ) ) REPRESENTATION_CONTEXT ( 'NONE', 'WORKASPACE' ) );
#2210 = CARTESIAN_POINT ( 'NONE',  ( 6.212586886900671068, 9.373857156660125867, -7.740847139365330420 ) ) ;
#2211 = EDGE_CURVE ( 'NONE', #1795, #3010, #695, .T. ) ;
#2212 = DIRECTION ( 'NONE',  ( 1.000000000000000000, 0.000000000000000000, 0.000000000000000000 ) ) ;
#2213 = ORIENTED_EDGE ( 'NONE', *, *, #2885, .T. ) ;
#2214 = CARTESIAN_POINT ( 'NONE',  ( -3.061616997868375253E-16, -1.240391016006469949, -2.500000000000000000 ) ) ;
#2215 = LINE ( 'NONE', #3651, #1389 ) ;
#2216 = CARTESIAN_POINT ( 'NONE',  ( 5.665063509461089275, -8.120195508003236640, -7.231624327025945043 ) ) ;
#2217 = PRESENTATION_STYLE_ASSIGNMENT (( #1183 ) ) ;
#2218 = EDGE_LOOP ( 'NONE', ( #4567, #3565, #1154, #3231 ) ) ;
#2219 = CARTESIAN_POINT ( 'NONE',  ( 0.000000000000000000, -0.6250000000000000000, 0.000000000000000000 ) ) ;
#2220 = CYLINDRICAL_SURFACE ( 'NONE', #4362, 1.463499999999999579 ) ;
#2221 = EDGE_LOOP ( 'NONE', ( #1714, #4576, #2574 ) ) ;
#2222 = LINE ( 'NONE', #108, #319 ) ;
#2223 = AXIS2_PLACEMENT_3D ( 'NONE', #279, #2045, #230 ) ;
#2224 = EDGE_CURVE ( 'NONE', #1846, #382, #706, .T. ) ;
#2225 =( NAMED_UNIT ( * ) SI_UNIT ( $, .STERADIAN. ) SOLID_ANGLE_UNIT ( ) );
#2226 = SURFACE_STYLE_FILL_AREA ( #2538 ) ;
#2227 = COLOUR_RGB ( '',0.9607843137254902244, 0.9607843137254902244, 0.9647058823529411908 ) ;
#2228 = SURFACE_STYLE_USAGE ( .BOTH. , #788 ) ;
#2229 = ORIENTED_EDGE ( 'NONE', *, *, #1783, .T. ) ;
#2230 = PRESENTATION_LAYER_ASSIGNMENT (  '', '', ( #4411 ) ) ;
#2231 = UNCERTAINTY_MEASURE_WITH_UNIT (LENGTH_MEASURE( 1.000000000000000082E-05 ), #631, 'distance_accuracy_value', 'NONE');
#2232 = CARTESIAN_POINT ( 'NONE',  ( 8.377630754992589246, 8.345594140829039276, -5.321794836569600839 ) ) ;
#2233 = FACE_OUTER_BOUND ( 'NONE', #2161, .T. ) ;
#2234 = ORIENTED_EDGE ( 'NONE', *, *, #137, .T. ) ;
#2235 = AXIS2_PLACEMENT_3D ( 'NONE', #941, #2766, #241 ) ;
#2236 = VECTOR ( 'NONE', #4496, 1000.000000000000000 ) ;
#2237 = ORIENTED_EDGE ( 'NONE', *, *, #1441, .T. ) ;
#2238 = EDGE_CURVE ( 'NONE', #3361, #982, #3543, .T. ) ;
#2239 = VECTOR ( 'NONE', #1524, 1000.000000000000000 ) ;
#2240 = SURFACE_STYLE_USAGE ( .BOTH. , #1840 ) ;
#2241 = SURFACE_SIDE_STYLE ('',( #1528 ) ) ;
#2242 = DIRECTION ( 'NONE',  ( 0.000000000000000000, 0.000000000000000000, -1.000000000000000000 ) ) ;
#2243 = VERTEX_POINT ( 'NONE', #20 ) ;
#2244 = SURFACE_SIDE_STYLE ('',( #1491 ) ) ;
#2245 = CYLINDRICAL_SURFACE ( 'NONE', #3562, 2.500000000000000000 ) ;
#2246 = CARTESIAN_POINT ( 'NONE',  ( 0.000000000000000000, -0.5000000000000000000, 0.000000000000000000 ) ) ;
#2247 = LINE ( 'NONE', #2906, #2476 ) ;
#2248 = CARTESIAN_POINT ( 'NONE',  ( 5.945331606287943771, -3.620244980003191948, -7.947529758492921204 ) ) ;
#2249 = DIRECTION ( 'NONE',  ( -1.000000000000000000, 0.000000000000000000, 0.000000000000000000 ) ) ;
#2250 = EDGE_LOOP ( 'NONE', ( #1219, #3915, #4512, #1325 ) ) ;
#2251 = ADVANCED_FACE ( 'NONE', ( #3870 ), #1725, .F. ) ;
#2252 = DIRECTION ( 'NONE',  ( 0.7071067811865470176, 0.000000000000000000, -0.7071067811865480168 ) ) ;
#2253 = CARTESIAN_POINT ( 'NONE',  ( 6.972417877752517867, 5.317460271303001029, 7.063680504395116522 ) ) ;
#2254 = CARTESIAN_POINT ( 'NONE',  ( 4.750000000000000000, 6.129804491996769578, 5.575000000000000178 ) ) ;
#2255 = ORIENTED_EDGE ( 'NONE', *, *, #2913, .T. ) ;
#2256 = ADVANCED_FACE ( 'NONE', ( #1346, #625 ), #3163, .F. ) ;
#2257 = ORIENTED_EDGE ( 'NONE', *, *, #3409, .T. ) ;
#2258 = CARTESIAN_POINT ( 'NONE',  ( 6.767805622205085747, 2.972339209456294373, -7.259692337079125757 ) ) ;
#2259 = CARTESIAN_POINT ( 'NONE',  ( -6.774999999999999467, 12.50000000000000000, 0.2500000000000000000 ) ) ;
#2260 = PRESENTATION_LAYER_ASSIGNMENT (  '', '', ( #3000 ) ) ;
#2261 = ADVANCED_FACE ( 'NONE', ( #4052 ), #2245, .F. ) ;
#2262 = ORIENTED_EDGE ( 'NONE', *, *, #1700, .T. ) ;
#2263 = SURFACE_STYLE_FILL_AREA ( #4404 ) ;
#2264 = DIRECTION ( 'NONE',  ( 1.000000000000000000, 0.000000000000000000, 0.000000000000000000 ) ) ;
#2265 = COLOUR_RGB ( '',0.9607843137254902244, 0.9607843137254902244, 0.9647058823529411908 ) ;
#2266 = FACE_OUTER_BOUND ( 'NONE', #1430, .T. ) ;
#2267 = LINE ( 'NONE', #4078, #2423 ) ;
#2268 = ADVANCED_FACE ( 'NONE', ( #484 ), #437, .F. ) ;
#2269 =( BOUNDED_CURVE ( )  B_SPLINE_CURVE ( 2, ( #2597, #2216, #824 ),
 .UNSPECIFIED., .F., .F. ) 
 B_SPLINE_CURVE_WITH_KNOTS ( ( 3, 3 ),
 ( 0.000000000000000000, 0.07523701006122340829 ),
 .UNSPECIFIED. ) 
 CURVE ( )  GEOMETRIC_REPRESENTATION_ITEM ( )  RATIONAL_B_SPLINE_CURVE ( ( 1.000000000000000000, 1.037954849302039850, 1.000000000000000000 ) ) 
 REPRESENTATION_ITEM ( '' )  );
#2270 = UNCERTAINTY_MEASURE_WITH_UNIT (LENGTH_MEASURE( 1.000000000000000082E-05 ), #3342, 'distance_accuracy_value', 'NONE');
#2271 =( NAMED_UNIT ( * ) PLANE_ANGLE_UNIT ( ) SI_UNIT ( $, .RADIAN. ) );
#2272 = CARTESIAN_POINT ( 'NONE',  ( 6.000000000000000000, 6.129804491996769578, -7.174999999999999822 ) ) ;
#2273 = ORIENTED_EDGE ( 'NONE', *, *, #2358, .F. ) ;
#2274 = AXIS2_PLACEMENT_3D ( 'NONE', #2401, #991, #968 ) ;
#2275 = DIRECTION ( 'NONE',  ( -0.000000000000000000, 1.000000000000000000, 0.000000000000000000 ) ) ;
#2276 =( GEOMETRIC_REPRESENTATION_CONTEXT ( 3 ) GLOBAL_UNCERTAINTY_ASSIGNED_CONTEXT ( ( #1053 ) ) GLOBAL_UNIT_ASSIGNED_CONTEXT ( ( #2742, #2317, #1251 ) ) REPRESENTATION_CONTEXT ( 'NONE', 'WORKASPACE' ) );
#2277 = CARTESIAN_POINT ( 'NONE',  ( 2.750000000000010658, 6.129804491996744709, -9.536410488228785454 ) ) ;
#2278 = DIRECTION ( 'NONE',  ( 0.000000000000000000, 0.000000000000000000, 1.000000000000000000 ) ) ;
#2279 = EDGE_LOOP ( 'NONE', ( #1110, #3805, #139 ) ) ;
#2280 = ORIENTED_EDGE ( 'NONE', *, *, #4178, .F. ) ;
#2281 = VECTOR ( 'NONE', #3819, 1000.000000000000000 ) ;
#2282 = EDGE_CURVE ( 'NONE', #616, #3738, #2587, .T. ) ;
#2283 = CARTESIAN_POINT ( 'NONE',  ( 4.554571589560014289, 3.218381769212142807, -8.818505379729304039 ) ) ;
#2284 = CARTESIAN_POINT ( 'NONE',  ( -4.090740318108180062, 12.37115558494728873, 0.5000000000000000000 ) ) ;
#2285 = DIRECTION ( 'NONE',  ( 1.000000000000000000, 0.000000000000000000, 0.000000000000000000 ) ) ;
#2286 = ORIENTED_EDGE ( 'NONE', *, *, #4192, .T. ) ;
#2287 = DIRECTION ( 'NONE',  ( 1.000000000000000000, 0.000000000000000000, 0.000000000000000000 ) ) ;
#2288 = PLANE ( 'NONE',  #3960 ) ;
#2289 =( LENGTH_UNIT ( ) NAMED_UNIT ( * ) SI_UNIT ( .MILLI., .METRE. ) );
#2290 = SURFACE_SIDE_STYLE ('',( #882 ) ) ;
#2291 = CARTESIAN_POINT ( 'NONE',  ( 4.220485754033539649, 12.50000000000000000, 0.5000000000000000000 ) ) ;
#2292 = ADVANCED_FACE ( 'NONE', ( #458 ), #3185, .F. ) ;
#2293 = LINE ( 'NONE', #3469, #2281 ) ;
#2294 = CARTESIAN_POINT ( 'NONE',  ( 6.000000000000000000, -6.870195508003229534, -6.125000000000000000 ) ) ;
#2295 = ORIENTED_EDGE ( 'NONE', *, *, #114, .T. ) ;
#2296 = MECHANICAL_DESIGN_GEOMETRIC_PRESENTATION_REPRESENTATION (  '', ( #643 ), #267 ) ;
#2297 = CONICAL_SURFACE ( 'NONE', #1850, 2.625000000000000000, 0.7853981633974511656 ) ;
#2298 = LINE ( 'NONE', #4419, #1424 ) ;
#2299 = VECTOR ( 'NONE', #1365, 1000.000000000000000 ) ;
#2300 = DIRECTION ( 'NONE',  ( 0.000000000000000000, -1.000000000000000000, 0.000000000000000000 ) ) ;
#2301 = ORIENTED_EDGE ( 'NONE', *, *, #4439, .T. ) ;
#2302 = CIRCLE ( 'NONE', #276, 1.250000000000000222 ) ;
#2303 = AXIS2_PLACEMENT_3D ( 'NONE', #2346, #3833, #3406 ) ;
#2304 = AXIS2_PLACEMENT_3D ( 'NONE', #854, #4145, #127 ) ;
#2305 = CARTESIAN_POINT ( 'NONE',  ( 5.336052744702330486, 2.947234589303405983, -8.369206728618467039 ) ) ;
#2306 = DIRECTION ( 'NONE',  ( 0.000000000000000000, 0.000000000000000000, 1.000000000000000000 ) ) ;
#2307 = MECHANICAL_DESIGN_GEOMETRIC_PRESENTATION_REPRESENTATION (  '', ( #354 ), #283 ) ;
#2308 = CARTESIAN_POINT ( 'NONE',  ( 6.000000000000000000, 6.129804491996769578, -7.174999999999999822 ) ) ;
#2309 = VERTEX_POINT ( 'NONE', #84 ) ;
#2310 = EDGE_CURVE ( 'NONE', #3519, #2594, #3712, .T. ) ;
#2311 = CARTESIAN_POINT ( 'NONE',  ( 6.000000000000000000, 6.129804491996769578, -7.424999999999999822 ) ) ;
#2312 = AXIS2_PLACEMENT_3D ( 'NONE', #2685, #3076, #3334 ) ;
#2313 = FILL_AREA_STYLE ('',( #548 ) ) ;
#2314 = CARTESIAN_POINT ( 'NONE',  ( 6.972417877752518756, -7.682539728696997194, 7.063680504395116522 ) ) ;
#2315 = DIRECTION ( 'NONE',  ( 0.000000000000000000, 0.000000000000000000, 1.000000000000000000 ) ) ;
#2316 = LINE ( 'NONE', #197, #2577 ) ;
#2317 =( NAMED_UNIT ( * ) PLANE_ANGLE_UNIT ( ) SI_UNIT ( $, .RADIAN. ) );
#2318 = DIRECTION ( 'NONE',  ( 0.000000000000000000, 0.000000000000000000, -1.000000000000000000 ) ) ;
#2319 = DIRECTION ( 'NONE',  ( 1.000000000000000000, 0.000000000000000000, 0.000000000000000000 ) ) ;
#2320 = ORIENTED_EDGE ( 'NONE', *, *, #130, .T. ) ;
#2321 = VERTEX_POINT ( 'NONE', #3345 ) ;
#2322 = CARTESIAN_POINT ( 'NONE',  ( 3.642223883110781824, 3.892203559244430622, -9.232621346311944421 ) ) ;
#2323 = LINE ( 'NONE', #260, #2236 ) ;
#2324 = CARTESIAN_POINT ( 'NONE',  ( 7.463499999999999801, -6.870195508003229534, 0.4500000000000000111 ) ) ;
#2325 = VERTEX_POINT ( 'NONE', #4383 ) ;
#2326 = SURFACE_STYLE_USAGE ( .BOTH. , #896 ) ;
#2327 = SURFACE_SIDE_STYLE ('',( #570 ) ) ;
#2328 = EDGE_CURVE ( 'NONE', #1393, #3361, #1119, .T. ) ;
#2329 = ORIENTED_EDGE ( 'NONE', *, *, #1371, .T. ) ;
#2330 = CARTESIAN_POINT ( 'NONE',  ( 0.000000000000000000, -0.7500000000000000000, 2.500000000000000000 ) ) ;
#2331 = AXIS2_PLACEMENT_3D ( 'NONE', #433, #2987, #2287 ) ;
#2332 = DIRECTION ( 'NONE',  ( -1.000000000000000000, 0.000000000000000000, 0.000000000000000000 ) ) ;
#2333 = EDGE_CURVE ( 'NONE', #382, #1846, #4081, .T. ) ;
#2334 = CIRCLE ( 'NONE', #3698, 1.250000000000000222 ) ;
#2335 = SURFACE_SIDE_STYLE ('',( #3046 ) ) ;
#2336 = DIRECTION ( 'NONE',  ( 0.000000000000000000, 0.000000000000000000, -1.000000000000000000 ) ) ;
#2337 = CIRCLE ( 'NONE', #1742, 2.750000000000000000 ) ;
#2338 = SURFACE_STYLE_FILL_AREA ( #2959 ) ;
#2339 =( LENGTH_UNIT ( ) NAMED_UNIT ( * ) SI_UNIT ( .MILLI., .METRE. ) );
#2340 = CARTESIAN_POINT ( 'NONE',  ( 0.000000000000000000, -1.250000000000000000, 2.500000000000000000 ) ) ;
#2341 = EDGE_LOOP ( 'NONE', ( #2435, #3556, #4248, #1383 ) ) ;
#2342 = ORIENTED_EDGE ( 'NONE', *, *, #1923, .T. ) ;
#2343 =( GEOMETRIC_REPRESENTATION_CONTEXT ( 3 ) GLOBAL_UNCERTAINTY_ASSIGNED_CONTEXT ( ( #492 ) ) GLOBAL_UNIT_ASSIGNED_CONTEXT ( ( #3999, #774, #735 ) ) REPRESENTATION_CONTEXT ( 'NONE', 'WORKASPACE' ) );
#2344 = EDGE_CURVE ( 'NONE', #2381, #3674, #403, .T. ) ;
#2345 = CARTESIAN_POINT ( 'NONE',  ( 6.377019256940276826, 2.900910356156853442, -7.605956590654687766 ) ) ;
#2346 = CARTESIAN_POINT ( 'NONE',  ( 6.000000000000000000, 6.129804491996769578, -6.125000000000000000 ) ) ;
#2347 =( NAMED_UNIT ( * ) SI_UNIT ( $, .STERADIAN. ) SOLID_ANGLE_UNIT ( ) );
#2348 = ORIENTED_EDGE ( 'NONE', *, *, #3947, .T. ) ;
#2349 = PRESENTATION_LAYER_ASSIGNMENT (  '', '', ( #3934 ) ) ;
#2350 = CARTESIAN_POINT ( 'NONE',  ( 7.443375672974060109, -6.870195508003229534, -6.125000000000000000 ) ) ;
#2351 = UNCERTAINTY_MEASURE_WITH_UNIT (LENGTH_MEASURE( 1.000000000000000082E-05 ), #100, 'distance_accuracy_value', 'NONE');
#2352 = LINE ( 'NONE', #4522, #732 ) ;
#2353 = CYLINDRICAL_SURFACE ( 'NONE', #3781, 4.000000000000000000 ) ;
#2354 = CARTESIAN_POINT ( 'NONE',  ( 0.000000000000000000, -0.2403910160064690049, 0.000000000000000000 ) ) ;
#2355 = ORIENTED_EDGE ( 'NONE', *, *, #3354, .F. ) ;
#2356 = CARTESIAN_POINT ( 'NONE',  ( 4.554571589557081523, -9.781618230785065649, -8.818505379730826377 ) ) ;
#2357 = CARTESIAN_POINT ( 'NONE',  ( -2.704163456597989956, -12.50000000000000000, 0.5000000000000000000 ) ) ;
#2358 = EDGE_CURVE ( 'NONE', #2321, #331, #1596, .T. ) ;
#2359 = DIRECTION ( 'NONE',  ( 0.000000000000000000, 0.000000000000000000, 1.000000000000000000 ) ) ;
#2360 = UNCERTAINTY_MEASURE_WITH_UNIT (LENGTH_MEASURE( 1.000000000000000082E-05 ), #2289, 'distance_accuracy_value', 'NONE');
#2361 = PRESENTATION_LAYER_ASSIGNMENT (  '', '', ( #1168 ) ) ;
#2362 = AXIS2_PLACEMENT_3D ( 'NONE', #1864, #4307, #3318 ) ;
#2363 = CARTESIAN_POINT ( 'NONE',  ( -4.220485754033539649, 12.50000000000000000, -0.5000000000000000000 ) ) ;
#2364 = CARTESIAN_POINT ( 'NONE',  ( 0.000000000000000000, 12.25000000000000000, 0.000000000000000000 ) ) ;
#2365 = ORIENTED_EDGE ( 'NONE', *, *, #2374, .T. ) ;
#2366 = ORIENTED_EDGE ( 'NONE', *, *, #4605, .T. ) ;
#2367 = AXIS2_PLACEMENT_3D ( 'NONE', #1902, #1968, #3333 ) ;
#2368 = VECTOR ( 'NONE', #3663, 1000.000000000000114 ) ;
#2369 = FACE_OUTER_BOUND ( 'NONE', #1904, .T. ) ;
#2370 = FACE_OUTER_BOUND ( 'NONE', #4607, .T. ) ;
#2371 = DIRECTION ( 'NONE',  ( 1.000000000000000000, 0.000000000000000000, 0.000000000000000000 ) ) ;
#2372 = AXIS2_PLACEMENT_3D ( 'NONE', #1589, #494, #1903 ) ;
#2373 = ORIENTED_EDGE ( 'NONE', *, *, #1164, .F. ) ;
#2374 = EDGE_CURVE ( 'NONE', #4199, #4215, #4604, .T. ) ;
#2375 = CARTESIAN_POINT ( 'NONE',  ( 6.721687836487029166, -8.120195508003229534, -7.424999999999999822 ) ) ;
#2376 = CONICAL_SURFACE ( 'NONE', #201, 1.374999999999999556, 0.7853981633974476129 ) ;
#2377 = LINE ( 'NONE', #2058, #3735 ) ;
#2378 = FILL_AREA_STYLE_COLOUR ( '', #1449 ) ;
#2379 = DIRECTION ( 'NONE',  ( 1.000000000000000000, 0.000000000000000000, 0.000000000000000000 ) ) ;
#2380 =( NAMED_UNIT ( * ) PLANE_ANGLE_UNIT ( ) SI_UNIT ( $, .RADIAN. ) );
#2381 = VERTEX_POINT ( 'NONE', #1981 ) ;
#2382 = CIRCLE ( 'NONE', #809, 2.750000000000000000 ) ;
#2383 = DIRECTION ( 'NONE',  ( 1.224646799147353207E-16, 1.000000000000000000, -0.000000000000000000 ) ) ;
#2384 = ORIENTED_EDGE ( 'NONE', *, *, #3750, .T. ) ;
#2385 = VECTOR ( 'NONE', #4490, 1000.000000000000000 ) ;
#2386 = CARTESIAN_POINT ( 'NONE',  ( 8.273122972876485903, -9.193579337371891924, -5.483168951820371007 ) ) ;
#2387 = CARTESIAN_POINT ( 'NONE',  ( 5.754432098512237026, -5.619836609863156696, 8.088567108346106593 ) ) ;
#2388 = FACE_OUTER_BOUND ( 'NONE', #1335, .T. ) ;
#2389 = CARTESIAN_POINT ( 'NONE',  ( 0.000000000000000000, 12.50000000000000000, 0.000000000000000000 ) ) ;
#2390 = FACE_OUTER_BOUND ( 'NONE', #1211, .T. ) ;
#2391 = EDGE_CURVE ( 'NONE', #489, #388, #2032, .T. ) ;
#2392 = DIRECTION ( 'NONE',  ( 0.000000000000000000, 0.000000000000000000, 1.000000000000000000 ) ) ;
#2393 = VERTEX_POINT ( 'NONE', #4431 ) ;
#2394 = AXIS2_PLACEMENT_3D ( 'NONE', #441, #1208, #3708 ) ;
#2395 = ORIENTED_EDGE ( 'NONE', *, *, #86, .T. ) ;
#2396 =( NAMED_UNIT ( * ) SI_UNIT ( $, .STERADIAN. ) SOLID_ANGLE_UNIT ( ) );
#2397 = CARTESIAN_POINT ( 'NONE',  ( 7.681736407735365368, -4.089102702188678329, -6.284686176806868474 ) ) ;
#2398 = ADVANCED_FACE ( 'NONE', ( #3747 ), #2650, .F. ) ;
#2399 = CARTESIAN_POINT ( 'NONE',  ( 4.750000000000009770, 6.129804491996769578, -6.125000000000000000 ) ) ;
#2400 = ORIENTED_EDGE ( 'NONE', *, *, #2461, .T. ) ;
#2401 = CARTESIAN_POINT ( 'NONE',  ( 6.000000000000000000, 6.129804491996769578, 0.5000000000000000000 ) ) ;
#2402 = DIRECTION ( 'NONE',  ( 1.000000000000000000, 0.000000000000000000, 0.000000000000000000 ) ) ;
#2403 =( LENGTH_UNIT ( ) NAMED_UNIT ( * ) SI_UNIT ( .MILLI., .METRE. ) );
#2404 = DIRECTION ( 'NONE',  ( 1.000000000000000000, 0.000000000000000000, 0.000000000000000000 ) ) ;
#2405 = PLANE ( 'NONE',  #469 ) ;
#2406 = COLOUR_RGB ( '',0.9607843137254902244, 0.9607843137254902244, 0.9647058823529411908 ) ;
#2407 = ORIENTED_EDGE ( 'NONE', *, *, #2885, .F. ) ;
#2408 = PRESENTATION_STYLE_ASSIGNMENT (( #948 ) ) ;
#2409 =( NAMED_UNIT ( * ) PLANE_ANGLE_UNIT ( ) SI_UNIT ( $, .RADIAN. ) );
#2410 = ORIENTED_EDGE ( 'NONE', *, *, #2575, .F. ) ;
#2411 = EDGE_CURVE ( 'NONE', #211, #4396, #4146, .T. ) ;
#2412 = CARTESIAN_POINT ( 'NONE',  ( 7.648233537402190585, -9.671272503781692009, -6.325409902879741253 ) ) ;
#2413 = TOROIDAL_SURFACE ( 'NONE', #835, 1.713500000000000023, 0.2500000000000000000 ) ;
#2414 = CIRCLE ( 'NONE', #3009, 1.443375672974060331 ) ;
#2415 = DIRECTION ( 'NONE',  ( 1.000000000000000000, 0.000000000000000000, 0.000000000000000000 ) ) ;
#2416 = UNCERTAINTY_MEASURE_WITH_UNIT (LENGTH_MEASURE( 1.000000000000000082E-05 ), #3988, 'distance_accuracy_value', 'NONE');
#2417 = CONICAL_SURFACE ( 'NONE', #3765, 1.374999999999999556, 0.7853981633974476129 ) ;
#2418 =( NAMED_UNIT ( * ) SI_UNIT ( $, .STERADIAN. ) SOLID_ANGLE_UNIT ( ) );
#2419 = SURFACE_SIDE_STYLE ('',( #981 ) ) ;
#2420 = FILL_AREA_STYLE ('',( #1306 ) ) ;
#2421 = ORIENTED_EDGE ( 'NONE', *, *, #4290, .T. ) ;
#2422 = ORIENTED_EDGE ( 'NONE', *, *, #353, .F. ) ;
#2423 = VECTOR ( 'NONE', #3325, 1000.000000000000000 ) ;
#2424 = LINE ( 'NONE', #2475, #4397 ) ;
#2425 = CARTESIAN_POINT ( 'NONE',  ( 8.391678625539983116, -4.669560430891807279, -5.299619715400627484 ) ) ;
#2426 = FILL_AREA_STYLE ('',( #2784 ) ) ;
#2427 = ORIENTED_EDGE ( 'NONE', *, *, #2491, .T. ) ;
#2428 = AXIS2_PLACEMENT_3D ( 'NONE', #4349, #3752, #1584 ) ;
#2429 = CARTESIAN_POINT ( 'NONE',  ( 4.735500000000000043, 6.225248787752951429, 8.722423100836151022 ) ) ;
#2430 = EDGE_CURVE ( 'NONE', #4049, #3970, #3632, .T. ) ;
#2431 = FILL_AREA_STYLE_COLOUR ( '', #282 ) ;
#2432 = CARTESIAN_POINT ( 'NONE',  ( 8.750000000000000000, -6.870195508003229534, -4.675000000000000711 ) ) ;
#2433 = AXIS2_PLACEMENT_3D ( 'NONE', #2354, #3371, #223 ) ;
#2434 = CARTESIAN_POINT ( 'NONE',  ( -6.774999999999999467, -0.2403910160064690049, -4.712499999999999467 ) ) ;
#2435 = ORIENTED_EDGE ( 'NONE', *, *, #769, .F. ) ;
#2436 = CARTESIAN_POINT ( 'NONE',  ( 7.500000000000000000, 6.129804491996769578, -4.424999999999999822 ) ) ;
#2437 = FACE_OUTER_BOUND ( 'NONE', #4155, .T. ) ;
#2438 = ORIENTED_EDGE ( 'NONE', *, *, #329, .F. ) ;
#2439 = CARTESIAN_POINT ( 'NONE',  ( 6.705365579945398835, -10.04220601732737528, -7.317408754006640592 ) ) ;
#2440 = CARTESIAN_POINT ( 'NONE',  ( 6.205149836877184910, -5.613680311099311204, 7.748332540970763738 ) ) ;
#2441 = ADVANCED_FACE ( 'NONE', ( #4502 ), #555, .F. ) ;
#2442 = PRESENTATION_STYLE_ASSIGNMENT (( #1398 ) ) ;
#2443 =( LENGTH_UNIT ( ) NAMED_UNIT ( * ) SI_UNIT ( .MILLI., .METRE. ) );
#2444 = SURFACE_STYLE_USAGE ( .BOTH. , #4254 ) ;
#2445 = ORIENTED_EDGE ( 'NONE', *, *, #222, .F. ) ;
#2446 = VERTEX_POINT ( 'NONE', #3790 ) ;
#2447 = CIRCLE ( 'NONE', #3197, 1.713499999999999801 ) ;
#2448 = CARTESIAN_POINT ( 'NONE',  ( 7.795315469804511288, 3.416455203390516449, -6.146627480184166714 ) ) ;
#2449 = CARTESIAN_POINT ( 'NONE',  ( 5.842786833557423343, -3.624180557513407397, -8.022943809203161081 ) ) ;
#2450 = CARTESIAN_POINT ( 'NONE',  ( 7.250000000000000000, 6.129804491996769578, 5.575000000000000178 ) ) ;
#2451 =( BOUNDED_CURVE ( )  B_SPLINE_CURVE ( 2, ( #4260, #1689, #3132 ),
 .UNSPECIFIED., .F., .F. ) 
 B_SPLINE_CURVE_WITH_KNOTS ( ( 3, 3 ),
 ( 0.000000000000000000, 0.07523701006122331114 ),
 .UNSPECIFIED. ) 
 CURVE ( )  GEOMETRIC_REPRESENTATION_ITEM ( )  RATIONAL_B_SPLINE_CURVE ( ( 1.000000000000000000, 1.037954849302029858, 1.000000000000000000 ) ) 
 REPRESENTATION_ITEM ( '' )  );
#2452 = ORIENTED_EDGE ( 'NONE', *, *, #1094, .T. ) ;
#2453 = STYLED_ITEM ( 'NONE', ( #3172 ), #2994 ) ;
#2454 = CARTESIAN_POINT ( 'NONE',  ( 4.787291926293235633, 6.499895235132597371, 8.694136566213877870 ) ) ;
#2455 = DIRECTION ( 'NONE',  ( -1.000000000000000000, 0.000000000000000000, 0.000000000000000000 ) ) ;
#2456 = CARTESIAN_POINT ( 'NONE',  ( 4.917468245269450478, 5.504804491996769578, -7.231624327025939714 ) ) ;
#2457 = SURFACE_STYLE_USAGE ( .BOTH. , #194 ) ;
#2458 = CIRCLE ( 'NONE', #3049, 1.250000000000000222 ) ;
#2459 = DIRECTION ( 'NONE',  ( 0.000000000000000000, 0.000000000000000000, -1.000000000000000000 ) ) ;
#2460 = STYLED_ITEM ( 'NONE', ( #576 ), #2024 ) ;
#2461 = EDGE_CURVE ( 'NONE', #164, #4537, #1756, .T. ) ;
#2462 = ORIENTED_EDGE ( 'NONE', *, *, #1560, .T. ) ;
#2463 = SURFACE_STYLE_USAGE ( .BOTH. , #1024 ) ;
#2464 =( GEOMETRIC_REPRESENTATION_CONTEXT ( 3 ) GLOBAL_UNCERTAINTY_ASSIGNED_CONTEXT ( ( #2030 ) ) GLOBAL_UNIT_ASSIGNED_CONTEXT ( ( #4389, #3291, #1832 ) ) REPRESENTATION_CONTEXT ( 'NONE', 'WORKASPACE' ) );
#2465 = MECHANICAL_DESIGN_GEOMETRIC_PRESENTATION_REPRESENTATION (  '', ( #3211 ), #1109 ) ;
#2466 = DIRECTION ( 'NONE',  ( 1.000000000000000000, 0.000000000000000000, 0.000000000000000000 ) ) ;
#2467 = ORIENTED_EDGE ( 'NONE', *, *, #4154, .F. ) ;
#2468 = COLOUR_RGB ( '',0.9607843137254902244, 0.9607843137254902244, 0.9647058823529411908 ) ;
#2469 =( GEOMETRIC_REPRESENTATION_CONTEXT ( 3 ) GLOBAL_UNCERTAINTY_ASSIGNED_CONTEXT ( ( #4344 ) ) GLOBAL_UNIT_ASSIGNED_CONTEXT ( ( #2845, #1382, #330 ) ) REPRESENTATION_CONTEXT ( 'NONE', 'WORKASPACE' ) );
#2470 = UNCERTAINTY_MEASURE_WITH_UNIT (LENGTH_MEASURE( 1.000000000000000082E-05 ), #3229, 'distance_accuracy_value', 'NONE');
#2471 = ADVANCED_FACE ( 'NONE', ( #899 ), #2353, .F. ) ;
#2472 = PRESENTATION_STYLE_ASSIGNMENT (( #2046 ) ) ;
#2473 = ORIENTED_EDGE ( 'NONE', *, *, #1764, .F. ) ;
#2474 = ORIENTED_EDGE ( 'NONE', *, *, #1474, .F. ) ;
#2475 = CARTESIAN_POINT ( 'NONE',  ( 7.443375672974069879, 6.129804491996769578, -7.424999999999999822 ) ) ;
#2476 = VECTOR ( 'NONE', #1145, 1000.000000000000000 ) ;
#2477 = EDGE_CURVE ( 'NONE', #3078, #3582, #2848, .T. ) ;
#2478 = DIRECTION ( 'NONE',  ( 0.000000000000000000, 1.000000000000000000, 0.000000000000000000 ) ) ;
#2479 = ORIENTED_EDGE ( 'NONE', *, *, #115, .F. ) ;
#2480 = CARTESIAN_POINT ( 'NONE',  ( 6.970881887812899969, 6.943999477267217557, 7.065199028248644986 ) ) ;
#2481 = FILL_AREA_STYLE_COLOUR ( '', #3124 ) ;
#2482 = CARTESIAN_POINT ( 'NONE',  ( 6.915063509461097269, 5.214740982535672309, -7.231624327025939714 ) ) ;
#2483 = DIRECTION ( 'NONE',  ( 1.000000000000000000, 0.000000000000000000, 0.000000000000000000 ) ) ;
#2484 = CARTESIAN_POINT ( 'NONE',  ( 2.449489742783180102, -12.25000000000000000, -0.5000000000000000000 ) ) ;
#2485 = ORIENTED_EDGE ( 'NONE', *, *, #2833, .T. ) ;
#2486 = PLANE ( 'NONE',  #88 ) ;
#2487 = EDGE_CURVE ( 'NONE', #1184, #119, #3189, .T. ) ;
#2488 = STYLED_ITEM ( 'NONE', ( #3086 ), #4295 ) ;
#2489 = DIRECTION ( 'NONE',  ( 0.000000000000000000, 0.000000000000000000, 1.000000000000000000 ) ) ;
#2490 = VERTEX_POINT ( 'NONE', #1387 ) ;
#2491 = EDGE_CURVE ( 'NONE', #2877, #1390, #2767, .T. ) ;
#2492 = DIRECTION ( 'NONE',  ( 0.000000000000000000, -1.000000000000000000, 0.000000000000000000 ) ) ;
#2493 = CARTESIAN_POINT ( 'NONE',  ( -6.774999999999999467, -1.240391016006469949, 0.5000000000000000000 ) ) ;
#2494 = ORIENTED_EDGE ( 'NONE', *, *, #729, .F. ) ;
#2495 = ORIENTED_EDGE ( 'NONE', *, *, #3340, .T. ) ;
#2496 = AXIS2_PLACEMENT_3D ( 'NONE', #1936, #3980, #1888 ) ;
#2497 = CARTESIAN_POINT ( 'NONE',  ( 7.777447167920564119, 8.851151395453086934, -6.166157752002953352 ) ) ;
#2498 = AXIS2_PLACEMENT_3D ( 'NONE', #1746, #3914, #357 ) ;
#2499 = ORIENTED_EDGE ( 'NONE', *, *, #3754, .F. ) ;
#2500 = DIRECTION ( 'NONE',  ( 0.000000000000000000, 0.000000000000000000, 1.000000000000000000 ) ) ;
#2501 = EDGE_CURVE ( 'NONE', #3268, #2634, #2924, .T. ) ;
#2502 =( LENGTH_UNIT ( ) NAMED_UNIT ( * ) SI_UNIT ( .MILLI., .METRE. ) );
#2503 = CARTESIAN_POINT ( 'NONE',  ( -9.924999999999998934, 0.000000000000000000, -1.215461948153744886E-15 ) ) ;
#2504 = PRESENTATION_STYLE_ASSIGNMENT (( #4633 ) ) ;
#2505 = CONICAL_SURFACE ( 'NONE', #2808, 1.346687836487029832, 0.7853981633974476129 ) ;
#2506 = VERTEX_POINT ( 'NONE', #4570 ) ;
#2507 = DIRECTION ( 'NONE',  ( 0.000000000000000000, 0.000000000000000000, -1.000000000000000000 ) ) ;
#2508 = AXIS2_PLACEMENT_3D ( 'NONE', #623, #1345, #2012 ) ;
#2509 = SURFACE_SIDE_STYLE ('',( #3982 ) ) ;
#2510 = SURFACE_STYLE_FILL_AREA ( #3898 ) ;
#2511 = EDGE_LOOP ( 'NONE', ( #1098, #268, #3331 ) ) ;
#2512 = VECTOR ( 'NONE', #2466, 1000.000000000000000 ) ;
#2513 = LINE ( 'NONE', #1052, #2660 ) ;
#2514 = SURFACE_STYLE_FILL_AREA ( #2137 ) ;
#2515 = DIRECTION ( 'NONE',  ( 1.000000000000000000, 0.000000000000000000, 0.000000000000000000 ) ) ;
#2516 = ORIENTED_EDGE ( 'NONE', *, *, #1674, .F. ) ;
#2517 = ADVANCED_FACE ( 'NONE', ( #2106 ), #1744, .T. ) ;
#2518 = ORIENTED_EDGE ( 'NONE', *, *, #198, .T. ) ;
#2519 = CARTESIAN_POINT ( 'NONE',  ( 8.152109442144654494, 8.569975142623352582, -5.664644186918881275 ) ) ;
#2520 = LINE ( 'NONE', #2166, #1254 ) ;
#2521 = ORIENTED_EDGE ( 'NONE', *, *, #3705, .T. ) ;
#2522 = FILL_AREA_STYLE ('',( #1563 ) ) ;
#2523 = DIRECTION ( 'NONE',  ( 1.000000000000000000, 0.000000000000000000, 0.000000000000000000 ) ) ;
#2524 = CARTESIAN_POINT ( 'NONE',  ( 0.000000000000000000, -0.6250000000000000000, 0.000000000000000000 ) ) ;
#2525 = PRESENTATION_STYLE_ASSIGNMENT (( #3628 ) ) ;
#2526 = FACE_BOUND ( 'NONE', #1732, .T. ) ;
#2527 = AXIS2_PLACEMENT_3D ( 'NONE', #1381, #3456, #2078 ) ;
#2528 =( GEOMETRIC_REPRESENTATION_CONTEXT ( 3 ) GLOBAL_UNCERTAINTY_ASSIGNED_CONTEXT ( ( #2231 ) ) GLOBAL_UNIT_ASSIGNED_CONTEXT ( ( #631, #4045, #1178 ) ) REPRESENTATION_CONTEXT ( 'NONE', 'WORKASPACE' ) );
#2529 = EDGE_CURVE ( 'NONE', #3514, #364, #4039, .T. ) ;
#2530 = EDGE_LOOP ( 'NONE', ( #2752, #4325, #3033, #2140 ) ) ;
#2531 = LINE ( 'NONE', #3583, #156 ) ;
#2532 = CARTESIAN_POINT ( 'NONE',  ( -2.449489742783180102, -12.25000000000000000, -0.5000000000000000000 ) ) ;
#2533 = ORIENTED_EDGE ( 'NONE', *, *, #1309, .T. ) ;
#2534 = STYLED_ITEM ( 'NONE', ( #1877 ), #1329 ) ;
#2535 = CARTESIAN_POINT ( 'NONE',  ( 6.721687836487029166, 7.379804491996769578, -6.125000000000000000 ) ) ;
#2536 = COLOUR_RGB ( '',0.9607843137254902244, 0.9607843137254902244, 0.9647058823529411908 ) ;
#2537 = DIRECTION ( 'NONE',  ( 0.000000000000000000, 0.000000000000000000, 1.000000000000000000 ) ) ;
#2538 = FILL_AREA_STYLE ('',( #1443 ) ) ;
#2539 = PRESENTATION_STYLE_ASSIGNMENT (( #2139 ) ) ;
#2540 = EDGE_LOOP ( 'NONE', ( #2582, #1072, #438, #2229 ) ) ;
#2541 = ORIENTED_EDGE ( 'NONE', *, *, #3216, .T. ) ;
#2542 = CIRCLE ( 'NONE', #1554, 1.499999999999999556 ) ;
#2543 = EDGE_CURVE ( 'NONE', #3117, #3541, #4611, .T. ) ;
#2544 = CARTESIAN_POINT ( 'NONE',  ( 5.842786833558116122, 9.375819442486365674, -8.022943809202656595 ) ) ;
#2545 = PLANE ( 'NONE',  #589 ) ;
#2546 = ORIENTED_EDGE ( 'NONE', *, *, #1748, .F. ) ;
#2547 = EDGE_CURVE ( 'NONE', #1884, #1667, #2098, .T. ) ;
#2548 = LINE ( 'NONE', #4351, #871 ) ;
#2549 = LINE ( 'NONE', #1434, #4012 ) ;
#2550 =( NAMED_UNIT ( * ) PLANE_ANGLE_UNIT ( ) SI_UNIT ( $, .RADIAN. ) );
#2551 =( NAMED_UNIT ( * ) PLANE_ANGLE_UNIT ( ) SI_UNIT ( $, .RADIAN. ) );
#2552 = VERTEX_POINT ( 'NONE', #971 ) ;
#2553 = COLOUR_RGB ( '',0.9607843137254902244, 0.9607843137254902244, 0.9647058823529411908 ) ;
#2554 = DIRECTION ( 'NONE',  ( 0.000000000000000000, 1.000000000000000000, 0.000000000000000000 ) ) ;
#2555 = DIRECTION ( 'NONE',  ( 0.000000000000000000, 0.000000000000000000, 1.000000000000000000 ) ) ;
#2556 = VERTEX_POINT ( 'NONE', #3204 ) ;
#2557 = PLANE ( 'NONE',  #1516 ) ;
#2558 = CARTESIAN_POINT ( 'NONE',  ( -5.204748896376238866E-16, 12.50000000000000000, 4.250000000000000888 ) ) ;
#2559 = ADVANCED_FACE ( 'NONE', ( #4632 ), #1409, .T. ) ;
#2560 = FILL_AREA_STYLE_COLOUR ( '', #3286 ) ;
#2561 = PRESENTATION_LAYER_ASSIGNMENT (  '', '', ( #1728 ) ) ;
#2562 = VERTEX_POINT ( 'NONE', #3489 ) ;
#2563 = UNCERTAINTY_MEASURE_WITH_UNIT (LENGTH_MEASURE( 1.000000000000000082E-05 ), #2403, 'distance_accuracy_value', 'NONE');
#2564 = CARTESIAN_POINT ( 'NONE',  ( 7.385226815734713846, 9.074084065675581456, -6.633991174655498924 ) ) ;
#2565 = DIRECTION ( 'NONE',  ( 0.000000000000000000, 0.7071067811865455743, -0.7071067811865495711 ) ) ;
#2566 = ORIENTED_EDGE ( 'NONE', *, *, #4275, .F. ) ;
#2567 = VECTOR ( 'NONE', #3282, 1000.000000000000000 ) ;
#2568 = PRESENTATION_STYLE_ASSIGNMENT (( #3625 ) ) ;
#2569 = MECHANICAL_DESIGN_GEOMETRIC_PRESENTATION_REPRESENTATION (  '', ( #1961 ), #1207 ) ;
#2570 = DIRECTION ( 'NONE',  ( 0.000000000000000000, -1.000000000000000000, 0.000000000000000000 ) ) ;
#2571 = VECTOR ( 'NONE', #1388, 1000.000000000000000 ) ;
#2572 = PRESENTATION_STYLE_ASSIGNMENT (( #1134 ) ) ;
#2573 = CARTESIAN_POINT ( 'NONE',  ( -4.090740318108180062, 12.37115558494728873, -0.5000000000000000000 ) ) ;
#2574 = ORIENTED_EDGE ( 'NONE', *, *, #3248, .T. ) ;
#2575 = EDGE_CURVE ( 'NONE', #2552, #1416, #174, .T. ) ;
#2576 = DIRECTION ( 'NONE',  ( 0.000000000000000000, -1.000000000000000000, 0.000000000000000000 ) ) ;
#2577 = VECTOR ( 'NONE', #3749, 1000.000000000000000 ) ;
#2578 =( BOUNDED_CURVE ( )  B_SPLINE_CURVE ( 2, ( #1677, #923, #3115 ),
 .UNSPECIFIED., .F., .T. ) 
 B_SPLINE_CURVE_WITH_KNOTS ( ( 3, 3 ),
 ( 0.07523701006122340829, 0.1504740201224469831 ),
 .UNSPECIFIED. ) 
 CURVE ( )  GEOMETRIC_REPRESENTATION_ITEM ( )  RATIONAL_B_SPLINE_CURVE ( ( 1.000000000000000000, 1.037954849302039850, 1.000000000000000000 ) ) 
 REPRESENTATION_ITEM ( '' )  );
#2579 = DIRECTION ( 'NONE',  ( 1.000000000000000000, 0.000000000000000000, 0.000000000000000000 ) ) ;
#2580 =( NAMED_UNIT ( * ) PLANE_ANGLE_UNIT ( ) SI_UNIT ( $, .RADIAN. ) );
#2581 = DIRECTION ( 'NONE',  ( 0.000000000000000000, 0.000000000000000000, -1.000000000000000000 ) ) ;
#2582 = ORIENTED_EDGE ( 'NONE', *, *, #3242, .F. ) ;
#2583 = CARTESIAN_POINT ( 'NONE',  ( -2.704163456597989956, -12.50000000000000000, 0.5000000000000000000 ) ) ;
#2584 = CIRCLE ( 'NONE', #2274, 1.264499999999999957 ) ;
#2585 = CARTESIAN_POINT ( 'NONE',  ( 6.000000000000000000, 6.129804491996769578, -4.424999999999999822 ) ) ;
#2586 = CARTESIAN_POINT ( 'NONE',  ( 4.022643812677606512, -4.289146890626288844, -9.073657980774402887 ) ) ;
#2587 = CIRCLE ( 'NONE', #4309, 2.500000000000000000 ) ;
#2588 = DIRECTION ( 'NONE',  ( -0.7071067811865470176, -8.659560562354926695E-17, -0.7071067811865480168 ) ) ;
#2589 = ORIENTED_EDGE ( 'NONE', *, *, #3242, .T. ) ;
#2590 = EDGE_CURVE ( 'NONE', #1295, #2325, #405, .T. ) ;
#2591 = CIRCLE ( 'NONE', #1601, 4.000000000000000000 ) ;
#2592 = CARTESIAN_POINT ( 'NONE',  ( 3.754135375784715567, 8.479379501802933206, -9.187694938974091841 ) ) ;
#2593 = DIRECTION ( 'NONE',  ( -0.4999999999999998890, 0.8660254037844387076, 0.000000000000000000 ) ) ;
#2594 = VERTEX_POINT ( 'NONE', #4545 ) ;
#2595 = ORIENTED_EDGE ( 'NONE', *, *, #954, .T. ) ;
#2596 = DIRECTION ( 'NONE',  ( 1.000000000000000000, 0.000000000000000000, 0.000000000000000000 ) ) ;
#2597 = CARTESIAN_POINT ( 'NONE',  ( 5.278312163512969946, -8.120195508003229534, -7.424999999999999822 ) ) ;
#2598 = CARTESIAN_POINT ( 'NONE',  ( 2.750000000000000444, -6.870195508003229534, -7.174999999999999822 ) ) ;
#2599 = EDGE_LOOP ( 'NONE', ( #256, #473, #3220, #1055, #4445 ) ) ;
#2600 = CARTESIAN_POINT ( 'NONE',  ( 0.000000000000000000, -12.37500000000000000, 0.000000000000000000 ) ) ;
#2601 = SURFACE_STYLE_USAGE ( .BOTH. , #2244 ) ;
#2602 = VECTOR ( 'NONE', #2537, 1000.000000000000000 ) ;
#2603 = CIRCLE ( 'NONE', #1921, 0.2500000000000002220 ) ;
#2604 = CARTESIAN_POINT ( 'NONE',  ( 6.000000000000000000, 6.129804491996769578, -6.125000000000000000 ) ) ;
#2605 = EDGE_CURVE ( 'NONE', #1313, #2001, #1980, .T. ) ;
#2606 = DIRECTION ( 'NONE',  ( 1.224646799147353207E-16, 1.000000000000000000, -0.000000000000000000 ) ) ;
#2607 = CARTESIAN_POINT ( 'NONE',  ( 6.000000000000000000, -6.870195508003229534, -6.125000000000000000 ) ) ;
#2608 =( BOUNDED_CURVE ( )  B_SPLINE_CURVE ( 2, ( #4193, #3110, #3061 ),
 .UNSPECIFIED., .F., .F. ) 
 B_SPLINE_CURVE_WITH_KNOTS ( ( 3, 3 ),
 ( 0.07523701006122331114, 0.1504740201224469831 ),
 .UNSPECIFIED. ) 
 CURVE ( )  GEOMETRIC_REPRESENTATION_ITEM ( )  RATIONAL_B_SPLINE_CURVE ( ( 1.000000000000000000, 1.037954849302039850, 1.000000000000000000 ) ) 
 REPRESENTATION_ITEM ( '' )  );
#2609 = MECHANICAL_DESIGN_GEOMETRIC_PRESENTATION_REPRESENTATION (  '', ( #793 ), #647 ) ;
#2610 = AXIS2_PLACEMENT_3D ( 'NONE', #4589, #1017, #2455 ) ;
#2611 =( GEOMETRIC_REPRESENTATION_CONTEXT ( 3 ) GLOBAL_UNCERTAINTY_ASSIGNED_CONTEXT ( ( #3073 ) ) GLOBAL_UNIT_ASSIGNED_CONTEXT ( ( #3148, #1350, #3877 ) ) REPRESENTATION_CONTEXT ( 'NONE', 'WORKASPACE' ) );
#2612 = UNCERTAINTY_MEASURE_WITH_UNIT (LENGTH_MEASURE( 1.000000000000000082E-05 ), #3462, 'distance_accuracy_value', 'NONE');
#2613 = CARTESIAN_POINT ( 'NONE',  ( 4.625000000000000888, 6.129804491996769578, 5.450000000000000178 ) ) ;
#2614 = CIRCLE ( 'NONE', #2837, 4.000000000000000000 ) ;
#2615 = ORIENTED_EDGE ( 'NONE', *, *, #1474, .T. ) ;
#2616 = EDGE_CURVE ( 'NONE', #3739, #2556, #2591, .T. ) ;
#2617 = CARTESIAN_POINT ( 'NONE',  ( 5.757052299988463240, 4.878824278323688368, 8.086727362431208377 ) ) ;
#2618 = LINE ( 'NONE', #1451, #4339 ) ;
#2619 = EDGE_LOOP ( 'NONE', ( #2068, #2384, #1953, #68 ) ) ;
#2620 = AXIS2_PLACEMENT_3D ( 'NONE', #3131, #4539, #3784 ) ;
#2621 = VERTEX_POINT ( 'NONE', #3839 ) ;
#2622 = EDGE_CURVE ( 'NONE', #3993, #4255, #3897, .T. ) ;
#2623 = MECHANICAL_DESIGN_GEOMETRIC_PRESENTATION_REPRESENTATION (  '', ( #435 ), #2469 ) ;
#2624 =( NAMED_UNIT ( * ) PLANE_ANGLE_UNIT ( ) SI_UNIT ( $, .RADIAN. ) );
#2625 = CARTESIAN_POINT ( 'NONE',  ( -6.774999999999999467, 12.50000000000000000, -0.5000000000000000000 ) ) ;
#2626 = ORIENTED_EDGE ( 'NONE', *, *, #4499, .F. ) ;
#2627 = FACE_OUTER_BOUND ( 'NONE', #1284, .T. ) ;
#2628 = DIRECTION ( 'NONE',  ( 1.000000000000000000, 0.000000000000000000, 0.000000000000000000 ) ) ;
#2629 = FILL_AREA_STYLE ('',( #4432 ) ) ;
#2630 = CARTESIAN_POINT ( 'NONE',  ( 4.500000000000000888, -6.870195508003229534, -4.424999999999999822 ) ) ;
#2631 = EDGE_CURVE ( 'NONE', #4164, #3514, #4239, .T. ) ;
#2632 = FILL_AREA_STYLE_COLOUR ( '', #945 ) ;
#2633 = DIRECTION ( 'NONE',  ( 0.000000000000000000, 0.000000000000000000, 1.000000000000000000 ) ) ;
#2634 = VERTEX_POINT ( 'NONE', #1133 ) ;
#2635 = EDGE_CURVE ( 'NONE', #2958, #2321, #2549, .T. ) ;
#2636 = SURFACE_STYLE_USAGE ( .BOTH. , #1258 ) ;
#2637 = FILL_AREA_STYLE_COLOUR ( '', #3649 ) ;
#2638 = COLOUR_RGB ( '',0.9607843137254902244, 0.9607843137254902244, 0.9647058823529411908 ) ;
#2639 = CARTESIAN_POINT ( 'NONE',  ( 9.912397540454078282, -12.25000000000000000, -0.5000000000000000000 ) ) ;
#2640 = ORIENTED_EDGE ( 'NONE', *, *, #3439, .T. ) ;
#2641 = CARTESIAN_POINT ( 'NONE',  ( 7.092327850997834027, 3.065039610667814607, -6.946243566073299291 ) ) ;
#2642 = SURFACE_STYLE_USAGE ( .BOTH. , #2938 ) ;
#2643 = DIRECTION ( 'NONE',  ( -1.000000000000000000, 0.000000000000000000, 0.000000000000000000 ) ) ;
#2644 = CONICAL_SURFACE ( 'NONE', #1579, 9.799999999999998934, 0.7853981633974511656 ) ;
#2645 = CIRCLE ( 'NONE', #4517, 1.499999999999999556 ) ;
#2646 = ORIENTED_EDGE ( 'NONE', *, *, #486, .T. ) ;
#2647 = ADVANCED_FACE ( 'NONE', ( #3602, #738 ), #823, .F. ) ;
#2648 = DIRECTION ( 'NONE',  ( -1.000000000000000000, 0.000000000000000000, 0.000000000000000000 ) ) ;
#2649 = DIRECTION ( 'NONE',  ( 1.000000000000000000, 0.000000000000000000, 0.000000000000000000 ) ) ;
#2650 = PLANE ( 'NONE',  #3405 ) ;
#2651 =( NAMED_UNIT ( * ) SI_UNIT ( $, .STERADIAN. ) SOLID_ANGLE_UNIT ( ) );
#2652 = SURFACE_SIDE_STYLE ('',( #1847 ) ) ;
#2653 =( GEOMETRIC_REPRESENTATION_CONTEXT ( 3 ) GLOBAL_UNCERTAINTY_ASSIGNED_CONTEXT ( ( #2470 ) ) GLOBAL_UNIT_ASSIGNED_CONTEXT ( ( #3229, #2551, #1841 ) ) REPRESENTATION_CONTEXT ( 'NONE', 'WORKASPACE' ) );
#2654 = DIRECTION ( 'NONE',  ( 0.000000000000000000, 0.000000000000000000, 1.000000000000000000 ) ) ;
#2655 = FACE_OUTER_BOUND ( 'NONE', #280, .T. ) ;
#2656 = ORIENTED_EDGE ( 'NONE', *, *, #2487, .T. ) ;
#2657 = COLOUR_RGB ( '',0.9607843137254902244, 0.9607843137254902244, 0.9647058823529411908 ) ;
#2658 =( NAMED_UNIT ( * ) PLANE_ANGLE_UNIT ( ) SI_UNIT ( $, .RADIAN. ) );
#2659 = UNCERTAINTY_MEASURE_WITH_UNIT (LENGTH_MEASURE( 1.000000000000000082E-05 ), #4380, 'distance_accuracy_value', 'NONE');
#2660 = VECTOR ( 'NONE', #1073, 1000.000000000000000 ) ;
#2661 = CONICAL_SURFACE ( 'NONE', #172, 1.346687836487029832, 0.7853981633974476129 ) ;
#2662 = PLANE ( 'NONE',  #1770 ) ;
#2663 = EDGE_CURVE ( 'NONE', #4270, #3906, #378, .T. ) ;
#2664 = DIRECTION ( 'NONE',  ( 0.000000000000000000, 0.000000000000000000, -1.000000000000000000 ) ) ;
#2665 = VERTEX_POINT ( 'NONE', #3676 ) ;
#2666 = VERTEX_POINT ( 'NONE', #4352 ) ;
#2667 = AXIS2_PLACEMENT_3D ( 'NONE', #3088, #2699, #3368 ) ;
#2668 = CARTESIAN_POINT ( 'NONE',  ( 4.020136557092350849, 3.544803388034663438, -9.076228093515126716 ) ) ;
#2669 = LINE ( 'NONE', #4094, #2159 ) ;
#2670 = CARTESIAN_POINT ( 'NONE',  ( 6.000000000000000000, -6.870195508003229534, -6.125000000000000000 ) ) ;
#2671 = ORIENTED_EDGE ( 'NONE', *, *, #3947, .F. ) ;
#2672 = CARTESIAN_POINT ( 'NONE',  ( 0.000000000000000000, 12.25000000000000000, 0.000000000000000000 ) ) ;
#2673 = CARTESIAN_POINT ( 'NONE',  ( 4.735500000000000043, -6.870195508003229534, 8.722423100836151022 ) ) ;
#2674 = CARTESIAN_POINT ( 'NONE',  ( 0.000000000000000000, -1.240391016006469949, 0.000000000000000000 ) ) ;
#2675 = ADVANCED_FACE ( 'NONE', ( #4000 ), #4046, .F. ) ;
#2676 = DIRECTION ( 'NONE',  ( 0.000000000000000000, 0.000000000000000000, 1.000000000000000000 ) ) ;
#2677 = DIRECTION ( 'NONE',  ( 0.000000000000000000, -1.000000000000000000, 0.000000000000000000 ) ) ;
#2678 = DIRECTION ( 'NONE',  ( -1.000000000000000000, 0.000000000000000000, 0.000000000000000000 ) ) ;
#2679 = MECHANICAL_DESIGN_GEOMETRIC_PRESENTATION_REPRESENTATION (  '', ( #2453 ), #420 ) ;
#2680 = AXIS2_PLACEMENT_3D ( 'NONE', #1408, #3578, #2868 ) ;
#2681 = DIRECTION ( 'NONE',  ( 0.000000000000000000, -1.000000000000000000, 0.000000000000000000 ) ) ;
#2682 = DIRECTION ( 'NONE',  ( 0.000000000000000000, 0.000000000000000000, 1.000000000000000000 ) ) ;
#2683 = VECTOR ( 'NONE', #107, 1000.000000000000000 ) ;
#2684 = FACE_OUTER_BOUND ( 'NONE', #326, .T. ) ;
#2685 = CARTESIAN_POINT ( 'NONE',  ( 6.000000000000000000, 6.129804491996769578, -7.328312163512970656 ) ) ;
#2686 = ORIENTED_EDGE ( 'NONE', *, *, #3564, .F. ) ;
#2687 = AXIS2_PLACEMENT_3D ( 'NONE', #702, #4364, #3614 ) ;
#2688 = MECHANICAL_DESIGN_GEOMETRIC_PRESENTATION_REPRESENTATION (  '', ( #2976 ), #3961 ) ;
#2689 = ADVANCED_FACE ( 'NONE', ( #1799 ), #2892, .T. ) ;
#2690 = CARTESIAN_POINT ( 'NONE',  ( 2.836806855385086923, 5.264781788023717546, -9.512621496432679180 ) ) ;
#2691 = CARTESIAN_POINT ( 'NONE',  ( 4.500000000000000888, -6.870195508003229534, -0.5000000000000000000 ) ) ;
#2692 = ORIENTED_EDGE ( 'NONE', *, *, #1087, .F. ) ;
#2693 = LINE ( 'NONE', #969, #3536 ) ;
#2694 = EDGE_CURVE ( 'NONE', #3010, #1759, #1507, .T. ) ;
#2695 = VECTOR ( 'NONE', #301, 1000.000000000000114 ) ;
#2696 = SURFACE_STYLE_USAGE ( .BOTH. , #4543 ) ;
#2697 = UNCERTAINTY_MEASURE_WITH_UNIT (LENGTH_MEASURE( 1.000000000000000082E-05 ), #3382, 'distance_accuracy_value', 'NONE');
#2698 = CARTESIAN_POINT ( 'NONE',  ( 6.000000000000000000, 6.129804491996769578, -7.328312163512970656 ) ) ;
#2699 = DIRECTION ( 'NONE',  ( 0.000000000000000000, 1.000000000000000000, 0.000000000000000000 ) ) ;
#2700 = FACE_BOUND ( 'NONE', #2781, .T. ) ;
#2701 = DIRECTION ( 'NONE',  ( 0.000000000000000000, 0.000000000000000000, 1.000000000000000000 ) ) ;
#2702 = CARTESIAN_POINT ( 'NONE',  ( 2.704163456597989956, -0.5000000000000000000, 0.5000000000000000000 ) ) ;
#2703 = CARTESIAN_POINT ( 'NONE',  ( -3.387499999999999734, 12.50000000000000000, -0.5000000000000000000 ) ) ;
#2704 = EDGE_CURVE ( 'NONE', #4270, #1060, #2215, .T. ) ;
#2705 = PRESENTATION_STYLE_ASSIGNMENT (( #2636 ) ) ;
#2706 = DIRECTION ( 'NONE',  ( 0.000000000000000000, 0.000000000000000000, 1.000000000000000000 ) ) ;
#2707 = ORIENTED_EDGE ( 'NONE', *, *, #1309, .F. ) ;
#2708 = ORIENTED_EDGE ( 'NONE', *, *, #4379, .F. ) ;
#2709 = CARTESIAN_POINT ( 'NONE',  ( 6.000000000000000000, -5.620195508003230422, -7.231624327025939714 ) ) ;
#2710 = CARTESIAN_POINT ( 'NONE',  ( 6.000000000000000000, -6.870195508003229534, -7.328312163512970656 ) ) ;
#2711 = EDGE_LOOP ( 'NONE', ( #827, #744 ) ) ;
#2712 = CARTESIAN_POINT ( 'NONE',  ( 4.917468245269450478, 5.504804491996769578, -7.231624327025939714 ) ) ;
#2713 = DIRECTION ( 'NONE',  ( 0.000000000000000000, 0.000000000000000000, -1.000000000000000000 ) ) ;
#2714 = CARTESIAN_POINT ( 'NONE',  ( 7.111463248606776588, -7.479375383447297132, 6.923543578221742045 ) ) ;
#2715 = EDGE_CURVE ( 'NONE', #1702, #3103, #3254, .T. ) ;
#2716 = DIRECTION ( 'NONE',  ( 0.000000000000000000, 0.000000000000000000, -1.000000000000000000 ) ) ;
#2717 = CIRCLE ( 'NONE', #233, 0.2499999999999997780 ) ;
#2718 = PRESENTATION_LAYER_ASSIGNMENT (  '', '', ( #2041 ) ) ;
#2719 = FACE_OUTER_BOUND ( 'NONE', #2096, .T. ) ;
#2720 = AXIS2_PLACEMENT_3D ( 'NONE', #883, #2459, #2108 ) ;
#2721 = CARTESIAN_POINT ( 'NONE',  ( 5.754652877108568099, -10.11057193560846201, -8.086396280689967853 ) ) ;
#2722 = FACE_OUTER_BOUND ( 'NONE', #3453, .T. ) ;
#2723 = AXIS2_PLACEMENT_3D ( 'NONE', #4129, #3792, #972 ) ;
#2724 = DIRECTION ( 'NONE',  ( 1.000000000000000000, 0.000000000000000000, 0.000000000000000000 ) ) ;
#2725 = CIRCLE ( 'NONE', #29, 1.463499999999999579 ) ;
#2726 = DIRECTION ( 'NONE',  ( 0.000000000000000000, 1.000000000000000000, 0.000000000000000000 ) ) ;
#2727 = ADVANCED_FACE ( 'NONE', ( #2191 ), #2749, .F. ) ;
#2728 = PLANE ( 'NONE',  #4406 ) ;
#2729 = ORIENTED_EDGE ( 'NONE', *, *, #45, .F. ) ;
#2730 = VERTEX_POINT ( 'NONE', #2709 ) ;
#2731 = PRESENTATION_LAYER_ASSIGNMENT (  '', '', ( #4305 ) ) ;
#2732 = CARTESIAN_POINT ( 'NONE',  ( 5.637195596232783323, 2.900013588519208874, -8.169048779811930672 ) ) ;
#2733 = CARTESIAN_POINT ( 'NONE',  ( 7.697163495737372685, -4.098494978809383404, -6.265776538538752938 ) ) ;
#2734 = ORIENTED_EDGE ( 'NONE', *, *, #2036, .T. ) ;
#2735 = MECHANICAL_DESIGN_GEOMETRIC_PRESENTATION_REPRESENTATION (  '', ( #3400 ), #2810 ) ;
#2736 = LINE ( 'NONE', #3460, #2110 ) ;
#2737 = FILL_AREA_STYLE ('',( #3436 ) ) ;
#2738 =( NAMED_UNIT ( * ) PLANE_ANGLE_UNIT ( ) SI_UNIT ( $, .RADIAN. ) );
#2739 = CARTESIAN_POINT ( 'NONE',  ( 8.883974335847669934, -8.368591994308509641, -4.424999999999999822 ) ) ;
#2740 = DIRECTION ( 'NONE',  ( 0.000000000000000000, -1.000000000000000000, 0.000000000000000000 ) ) ;
#2741 = EDGE_LOOP ( 'NONE', ( #2640, #867, #3616 ) ) ;
#2742 =( LENGTH_UNIT ( ) NAMED_UNIT ( * ) SI_UNIT ( .MILLI., .METRE. ) );
#2743 = EDGE_CURVE ( 'NONE', #4085, #1412, #4321, .T. ) ;
#2744 = LINE ( 'NONE', #1253, #2020 ) ;
#2745 = ORIENTED_EDGE ( 'NONE', *, *, #1631, .F. ) ;
#2746 = CARTESIAN_POINT ( 'NONE',  ( 4.886054500438335779, -9.929289777125513083, -8.641195057439100324 ) ) ;
#2747 = FACE_OUTER_BOUND ( 'NONE', #839, .T. ) ;
#2748 = EDGE_CURVE ( 'NONE', #480, #3795, #2447, .T. ) ;
#2749 = CONICAL_SURFACE ( 'NONE', #2890, 2.625000000000000000, 0.7853981633974490562 ) ;
#2750 = DIRECTION ( 'NONE',  ( -1.000000000000000000, 0.000000000000000000, 1.224646799147350002E-16 ) ) ;
#2751 = ORIENTED_EDGE ( 'NONE', *, *, #3202, .F. ) ;
#2752 = ORIENTED_EDGE ( 'NONE', *, *, #21, .T. ) ;
#2753 =( BOUNDED_CURVE ( )  B_SPLINE_CURVE ( 2, ( #218, #831, #3035 ),
 .UNSPECIFIED., .F., .T. ) 
 B_SPLINE_CURVE_WITH_KNOTS ( ( 3, 3 ),
 ( 0.000000000000000000, 0.03568735437828109841 ),
 .UNSPECIFIED. ) 
 CURVE ( )  GEOMETRIC_REPRESENTATION_ITEM ( )  RATIONAL_B_SPLINE_CURVE ( ( 1.000000000000000000, 1.001178655635339920, 1.000000000000000000 ) ) 
 REPRESENTATION_ITEM ( '' )  );
#2754 = COLOUR_RGB ( '',0.9607843137254902244, 0.9607843137254902244, 0.9647058823529411908 ) ;
#2755 = EDGE_CURVE ( 'NONE', #1338, #4311, #721, .T. ) ;
#2756 =( NAMED_UNIT ( * ) PLANE_ANGLE_UNIT ( ) SI_UNIT ( $, .RADIAN. ) );
#2757 = CARTESIAN_POINT ( 'NONE',  ( 8.377630754993683482, -4.654405859171713011, -5.321794836567889320 ) ) ;
#2758 = CARTESIAN_POINT ( 'NONE',  ( -3.387499999999999734, -12.50000000000000000, -0.5000000000000000000 ) ) ;
#2759 = MECHANICAL_DESIGN_GEOMETRIC_PRESENTATION_REPRESENTATION (  '', ( #2534 ), #3210 ) ;
#2760 = CIRCLE ( 'NONE', #3351, 4.000000000000000000 ) ;
#2761 = ORIENTED_EDGE ( 'NONE', *, *, #4059, .T. ) ;
#2762 = PRESENTATION_STYLE_ASSIGNMENT (( #307 ) ) ;
#2763 =( NAMED_UNIT ( * ) PLANE_ANGLE_UNIT ( ) SI_UNIT ( $, .RADIAN. ) );
#2764 = PRESENTATION_LAYER_ASSIGNMENT (  '', '', ( #434 ) ) ;
#2765 = MECHANICAL_DESIGN_GEOMETRIC_PRESENTATION_REPRESENTATION (  '', ( #1856 ), #3287 ) ;
#2766 = DIRECTION ( 'NONE',  ( 0.000000000000000000, 1.000000000000000000, 0.000000000000000000 ) ) ;
#2767 = LINE ( 'NONE', #2503, #4461 ) ;
#2768 = DIRECTION ( 'NONE',  ( 1.000000000000000000, 0.000000000000000000, 0.000000000000000000 ) ) ;
#2769 = CARTESIAN_POINT ( 'NONE',  ( 6.000000000000000000, 6.129804491996769578, 5.361500000000000377 ) ) ;
#2770 = ORIENTED_EDGE ( 'NONE', *, *, #629, .F. ) ;
#2771 = AXIS2_PLACEMENT_3D ( 'NONE', #2308, #1243, #873 ) ;
#2772 = CYLINDRICAL_SURFACE ( 'NONE', #2508, 2.750000000000000888 ) ;
#2773 = EDGE_LOOP ( 'NONE', ( #1239, #4020 ) ) ;
#2774 = AXIS2_PLACEMENT_3D ( 'NONE', #3272, #3948, #1502 ) ;
#2775 = CARTESIAN_POINT ( 'NONE',  ( 4.270130612687109029, -9.623250848049645256, -8.959913888335547583 ) ) ;
#2776 = CARTESIAN_POINT ( 'NONE',  ( 6.000000000000000000, 6.129804491996769578, -7.328312163512970656 ) ) ;
#2777 = DIRECTION ( 'NONE',  ( 0.000000000000000000, 0.000000000000000000, 1.000000000000000000 ) ) ;
#2778 = CYLINDRICAL_SURFACE ( 'NONE', #1179, 1.264499999999999957 ) ;
#2779 = EDGE_LOOP ( 'NONE', ( #3756, #817, #1103, #1817 ) ) ;
#2780 = EDGE_CURVE ( 'NONE', #237, #3078, #1433, .T. ) ;
#2781 = EDGE_LOOP ( 'NONE', ( #2320, #1116, #2462, #302, #425, #3507 ) ) ;
#2782 = PRESENTATION_STYLE_ASSIGNMENT (( #987 ) ) ;
#2783 = CARTESIAN_POINT ( 'NONE',  ( 7.977223804452553857, -4.289554469446645868, -5.905877551554044480 ) ) ;
#2784 = FILL_AREA_STYLE_COLOUR ( '', #2468 ) ;
#2785 = EDGE_LOOP ( 'NONE', ( #1401, #1749, #474, #1643, #1378, #3763, #2751, #562, #3810, #2438, #1928, #63, #2932 ) ) ;
#2786 = SHAPE_DEFINITION_REPRESENTATION ( #4031, #1736 ) ;
#2787 = LINE ( 'NONE', #667, #2299 ) ;
#2788 = FILL_AREA_STYLE_COLOUR ( '', #3386 ) ;
#2789 = ADVANCED_FACE ( 'NONE', ( #3908 ), #304, .F. ) ;
#2790 = ORIENTED_EDGE ( 'NONE', *, *, #1870, .T. ) ;
#2791 = CARTESIAN_POINT ( 'NONE',  ( 7.500000000000000000, 6.129804491996769578, 2.575000000000000178 ) ) ;
#2792 = ORIENTED_EDGE ( 'NONE', *, *, #3474, .T. ) ;
#2793 = CARTESIAN_POINT ( 'NONE',  ( 4.622575015748480176, -9.813802390359517958, -8.782829317635101773 ) ) ;
#2794 = PRESENTATION_LAYER_ASSIGNMENT (  '', '', ( #466 ) ) ;
#2795 = CIRCLE ( 'NONE', #1066, 1.264499999999999957 ) ;
#2796 = LINE ( 'NONE', #3145, #4527 ) ;
#2797 =( GEOMETRIC_REPRESENTATION_CONTEXT ( 3 ) GLOBAL_UNCERTAINTY_ASSIGNED_CONTEXT ( ( #2612 ) ) GLOBAL_UNIT_ASSIGNED_CONTEXT ( ( #3462, #2763, #897 ) ) REPRESENTATION_CONTEXT ( 'NONE', 'WORKASPACE' ) );
#2798 = AXIS2_PLACEMENT_3D ( 'NONE', #2769, #2676, #4105 ) ;
#2799 = CARTESIAN_POINT ( 'NONE',  ( 6.721687836487029166, 4.879804491996770466, -7.424999999999999822 ) ) ;
#2800 = VERTEX_POINT ( 'NONE', #3555 ) ;
#2801 = ORIENTED_EDGE ( 'NONE', *, *, #4628, .T. ) ;
#2802 = AXIS2_PLACEMENT_3D ( 'NONE', #2607, #4030, #812 ) ;
#2803 = EDGE_CURVE ( 'NONE', #2997, #2861, #2424, .T. ) ;
#2804 = FACE_OUTER_BOUND ( 'NONE', #1344, .T. ) ;
#2805 = CARTESIAN_POINT ( 'NONE',  ( 6.459418015814635261, -3.648898334106753794, -7.538358239445219766 ) ) ;
#2806 = CARTESIAN_POINT ( 'NONE',  ( 4.750000000000000888, -6.535259017464335685, -7.231624327025945043 ) ) ;
#2807 = VERTEX_POINT ( 'NONE', #1011 ) ;
#2808 = AXIS2_PLACEMENT_3D ( 'NONE', #4158, #628, #979 ) ;
#2809 = CARTESIAN_POINT ( 'NONE',  ( 4.556624327025939891, 6.129804491996769578, -7.424999999999999822 ) ) ;
#2810 =( GEOMETRIC_REPRESENTATION_CONTEXT ( 3 ) GLOBAL_UNCERTAINTY_ASSIGNED_CONTEXT ( ( #3500 ) ) GLOBAL_UNIT_ASSIGNED_CONTEXT ( ( #4575, #2111, #2134 ) ) REPRESENTATION_CONTEXT ( 'NONE', 'WORKASPACE' ) );
#2811 = DIRECTION ( 'NONE',  ( 0.000000000000000000, 0.000000000000000000, -1.000000000000000000 ) ) ;
#2812 = VERTEX_POINT ( 'NONE', #3153 ) ;
#2813 = SURFACE_STYLE_FILL_AREA ( #3937 ) ;
#2814 = PRESENTATION_LAYER_ASSIGNMENT (  '', '', ( #4608 ) ) ;
#2815 = ADVANCED_FACE ( 'NONE', ( #2369 ), #3857, .F. ) ;
#2816 = SURFACE_SIDE_STYLE ('',( #3214 ) ) ;
#2817 = ORIENTED_EDGE ( 'NONE', *, *, #3067, .T. ) ;
#2818 =( NAMED_UNIT ( * ) SI_UNIT ( $, .STERADIAN. ) SOLID_ANGLE_UNIT ( ) );
#2819 = CARTESIAN_POINT ( 'NONE',  ( 7.082531754730550411, -6.245195508003230422, -7.231624327025939714 ) ) ;
#2820 = ORIENTED_EDGE ( 'NONE', *, *, #2144, .F. ) ;
#2821 = ORIENTED_EDGE ( 'NONE', *, *, #1187, .T. ) ;
#2822 = PRESENTATION_LAYER_ASSIGNMENT (  '', '', ( #3873 ) ) ;
#2823 = CARTESIAN_POINT ( 'NONE',  ( 6.000000000000000000, 6.129804491996769578, -6.125000000000000000 ) ) ;
#2824 = VERTEX_POINT ( 'NONE', #1737 ) ;
#2825 = PRESENTATION_LAYER_ASSIGNMENT (  '', '', ( #192 ) ) ;
#2826 = ADVANCED_FACE ( 'NONE', ( #234 ), #269, .F. ) ;
#2827 = CARTESIAN_POINT ( 'NONE',  ( 6.621779602767338346, 7.240580447511479889, 7.395241315733593446 ) ) ;
#2828 = CIRCLE ( 'NONE', #2680, 1.499999999999999556 ) ;
#2829 = CARTESIAN_POINT ( 'NONE',  ( 9.662071465270789972, 12.50000000000000000, -0.5000000000000000000 ) ) ;
#2830 = CARTESIAN_POINT ( 'NONE',  ( 4.556624327025930121, -6.870195508003229534, -7.424999999999999822 ) ) ;
#2831 = DIRECTION ( 'NONE',  ( 0.000000000000000000, 0.000000000000000000, 1.000000000000000000 ) ) ;
#2832 = ORIENTED_EDGE ( 'NONE', *, *, #2843, .T. ) ;
#2833 = EDGE_CURVE ( 'NONE', #216, #2506, #2603, .T. ) ;
#2834 = AXIS2_PLACEMENT_3D ( 'NONE', #4197, #2008, #1342 ) ;
#2835 = DIRECTION ( 'NONE',  ( 0.000000000000000000, 0.000000000000000000, -1.000000000000000000 ) ) ;
#2836 = ORIENTED_EDGE ( 'NONE', *, *, #3027, .T. ) ;
#2837 = AXIS2_PLACEMENT_3D ( 'NONE', #2364, #1216, #2664 ) ;
#2838 = UNCERTAINTY_MEASURE_WITH_UNIT (LENGTH_MEASURE( 1.000000000000000082E-05 ), #3567, 'distance_accuracy_value', 'NONE');
#2839 = CARTESIAN_POINT ( 'NONE',  ( 4.500000000000000888, -6.870195508003229534, 2.575000000000000178 ) ) ;
#2840 = AXIS2_PLACEMENT_3D ( 'NONE', #4528, #2701, #3095 ) ;
#2841 = EDGE_LOOP ( 'NONE', ( #3257, #3408, #3508, #1859 ) ) ;
#2842 = EDGE_LOOP ( 'NONE', ( #2792, #1726, #3052, #1190, #3060, #1194 ) ) ;
#2843 = EDGE_CURVE ( 'NONE', #1910, #3078, #1021, .T. ) ;
#2844 = CARTESIAN_POINT ( 'NONE',  ( 8.338884484742971281, 3.873150550734786979, -5.382305162116562514 ) ) ;
#2845 =( LENGTH_UNIT ( ) NAMED_UNIT ( * ) SI_UNIT ( .MILLI., .METRE. ) );
#2846 = VERTEX_POINT ( 'NONE', #3808 ) ;
#2847 = CARTESIAN_POINT ( 'NONE',  ( 6.749132565589603061, 7.160127377368800339, 7.278684330452540152 ) ) ;
#2848 = LINE ( 'NONE', #995, #4386 ) ;
#2849 = FACE_OUTER_BOUND ( 'NONE', #2841, .T. ) ;
#2850 = FACE_OUTER_BOUND ( 'NONE', #2341, .T. ) ;
#2851 = ORIENTED_EDGE ( 'NONE', *, *, #2036, .F. ) ;
#2852 =( NAMED_UNIT ( * ) PLANE_ANGLE_UNIT ( ) SI_UNIT ( $, .RADIAN. ) );
#2853 = SURFACE_STYLE_FILL_AREA ( #2920 ) ;
#2854 = VECTOR ( 'NONE', #3047, 1000.000000000000114 ) ;
#2855 = ADVANCED_FACE ( 'NONE', ( #2804 ), #1462, .F. ) ;
#2856 = VERTEX_POINT ( 'NONE', #3996 ) ;
#2857 = DIRECTION ( 'NONE',  ( 0.000000000000000000, 0.000000000000000000, -1.000000000000000000 ) ) ;
#2858 = MECHANICAL_DESIGN_GEOMETRIC_PRESENTATION_REPRESENTATION (  '', ( #2119 ), #984 ) ;
#2859 = SURFACE_STYLE_FILL_AREA ( #3992 ) ;
#2860 = VERTEX_POINT ( 'NONE', #1083 ) ;
#2861 = VERTEX_POINT ( 'NONE', #3247 ) ;
#2862 = AXIS2_PLACEMENT_3D ( 'NONE', #526, #4125, #1649 ) ;
#2863 = EDGE_CURVE ( 'NONE', #3949, #1338, #2077, .T. ) ;
#2864 = CARTESIAN_POINT ( 'NONE',  ( 5.427050685126930674, 9.333982255712914622, -8.312554751907194728 ) ) ;
#2865 = DIRECTION ( 'NONE',  ( 0.000000000000000000, 1.000000000000000000, 0.000000000000000000 ) ) ;
#2866 = CIRCLE ( 'NONE', #317, 1.250000000000000222 ) ;
#2867 = ORIENTED_EDGE ( 'NONE', *, *, #329, .T. ) ;
#2868 = DIRECTION ( 'NONE',  ( -1.000000000000000000, 0.000000000000000000, 0.000000000000000000 ) ) ;
#2869 = DIRECTION ( 'NONE',  ( 0.000000000000000000, 0.000000000000000000, -1.000000000000000000 ) ) ;
#2870 = LINE ( 'NONE', #1020, #2571 ) ;
#2871 = ORIENTED_EDGE ( 'NONE', *, *, #2935, .F. ) ;
#2872 =( LENGTH_UNIT ( ) NAMED_UNIT ( * ) SI_UNIT ( .MILLI., .METRE. ) );
#2873 = PRESENTATION_STYLE_ASSIGNMENT (( #1070 ) ) ;
#2874 = AXIS2_PLACEMENT_3D ( 'NONE', #3414, #1654, #3494 ) ;
#2875 = CARTESIAN_POINT ( 'NONE',  ( 8.883974335847669934, 7.628200978302050572, -4.424999999999999822 ) ) ;
#2876 = DIRECTION ( 'NONE',  ( 0.000000000000000000, -1.000000000000000000, 0.000000000000000000 ) ) ;
#2877 = VERTEX_POINT ( 'NONE', #730 ) ;
#2878 = FACE_OUTER_BOUND ( 'NONE', #2530, .T. ) ;
#2879 = EDGE_CURVE ( 'NONE', #3582, #237, #2003, .T. ) ;
#2880 = FILL_AREA_STYLE ('',( #277 ) ) ;
#2881 = CARTESIAN_POINT ( 'NONE',  ( 3.754135375783178130, -4.520620498197462034, -9.187694938974711789 ) ) ;
#2882 = FILL_AREA_STYLE_COLOUR ( '', #58 ) ;
#2883 = ORIENTED_EDGE ( 'NONE', *, *, #2622, .F. ) ;
#2884 = EDGE_LOOP ( 'NONE', ( #2626, #2257, #77, #4333 ) ) ;
#2885 = EDGE_CURVE ( 'NONE', #2243, #683, #263, .T. ) ;
#2886 = CARTESIAN_POINT ( 'NONE',  ( 3.250000000000000444, -6.870195508003230422, -7.174999999999999822 ) ) ;
#2887 = UNCERTAINTY_MEASURE_WITH_UNIT (LENGTH_MEASURE( 1.000000000000000082E-05 ), #528, 'distance_accuracy_value', 'NONE');
#2888 = CARTESIAN_POINT ( 'NONE',  ( 7.165635523944623664, 9.164414358435882590, -6.868095790995958794 ) ) ;
#2889 = ORIENTED_EDGE ( 'NONE', *, *, #2211, .T. ) ;
#2890 = AXIS2_PLACEMENT_3D ( 'NONE', #2524, #2985, #3429 ) ;
#2891 = SURFACE_STYLE_FILL_AREA ( #4327 ) ;
#2892 = CYLINDRICAL_SURFACE ( 'NONE', #341, 1.463499999999999579 ) ;
#2893 =( NAMED_UNIT ( * ) SI_UNIT ( $, .STERADIAN. ) SOLID_ANGLE_UNIT ( ) );
#2894 = PRESENTATION_LAYER_ASSIGNMENT (  '', '', ( #421 ) ) ;
#2895 = ORIENTED_EDGE ( 'NONE', *, *, #3577, .T. ) ;
#2896 = ADVANCED_FACE ( 'NONE', ( #2684 ), #2662, .F. ) ;
#2897 = CARTESIAN_POINT ( 'NONE',  ( 0.000000000000000000, -0.2403910160064700041, 0.000000000000000000 ) ) ;
#2898 = CONICAL_SURFACE ( 'NONE', #4557, 0.6249999999999996669, 1.151140265157619913 ) ;
#2899 = CARTESIAN_POINT ( 'NONE',  ( 0.000000000000000000, -12.50000000000000000, 0.000000000000000000 ) ) ;
#2900 = DIRECTION ( 'NONE',  ( 0.000000000000000000, 0.000000000000000000, 1.000000000000000000 ) ) ;
#2901 = ORIENTED_EDGE ( 'NONE', *, *, #3202, .T. ) ;
#2902 = FILL_AREA_STYLE ('',( #4010 ) ) ;
#2903 = AXIS2_PLACEMENT_3D ( 'NONE', #186, #893, #214 ) ;
#2904 = FILL_AREA_STYLE ('',( #1467 ) ) ;
#2905 = AXIS2_PLACEMENT_3D ( 'NONE', #133, #3373, #1561 ) ;
#2906 = CARTESIAN_POINT ( 'NONE',  ( 5.278312163512969946, -5.620195508003230422, -6.125000000000000000 ) ) ;
#2907 = VECTOR ( 'NONE', #3885, 1000.000000000000000 ) ;
#2908 = PRESENTATION_STYLE_ASSIGNMENT (( #1829 ) ) ;
#2909 = FACE_OUTER_BOUND ( 'NONE', #1425, .T. ) ;
#2910 = VERTEX_POINT ( 'NONE', #539 ) ;
#2911 = AXIS2_PLACEMENT_3D ( 'NONE', #3600, #76, #2593 ) ;
#2912 = CARTESIAN_POINT ( 'NONE',  ( 8.741521118869753693, 7.882089481399298769, -4.703435661443279514 ) ) ;
#2913 = EDGE_CURVE ( 'NONE', #1686, #2877, #1466, .T. ) ;
#2914 = CARTESIAN_POINT ( 'NONE',  ( 0.000000000000000000, 12.37500000000000000, -4.125000000000000000 ) ) ;
#2915 = ORIENTED_EDGE ( 'NONE', *, *, #1057, .T. ) ;
#2916 = AXIS2_PLACEMENT_3D ( 'NONE', #2585, #2654, #3687 ) ;
#2917 = DIRECTION ( 'NONE',  ( 1.000000000000000000, 0.000000000000000000, 0.000000000000000000 ) ) ;
#2918 = VERTEX_POINT ( 'NONE', #3401 ) ;
#2919 = FACE_OUTER_BOUND ( 'NONE', #2184, .T. ) ;
#2920 = FILL_AREA_STYLE ('',( #67 ) ) ;
#2921 =( LENGTH_UNIT ( ) NAMED_UNIT ( * ) SI_UNIT ( .MILLI., .METRE. ) );
#2922 = VERTEX_POINT ( 'NONE', #180 ) ;
#2923 = LINE ( 'NONE', #1827, #4150 ) ;
#2924 =( BOUNDED_CURVE ( )  B_SPLINE_CURVE ( 2, ( #4266, #3865, #3560 ),
 .UNSPECIFIED., .F., .F. ) 
 B_SPLINE_CURVE_WITH_KNOTS ( ( 3, 3 ),
 ( 0.000000000000000000, 0.07523701006122331114 ),
 .UNSPECIFIED. ) 
 CURVE ( )  GEOMETRIC_REPRESENTATION_ITEM ( )  RATIONAL_B_SPLINE_CURVE ( ( 1.000000000000000000, 1.037954849302039850, 1.000000000000000000 ) ) 
 REPRESENTATION_ITEM ( '' )  );
#2925 = CARTESIAN_POINT ( 'NONE',  ( 3.968626966596889627, -0.5000000000000000000, 0.5000000000000000000 ) ) ;
#2926 = ORIENTED_EDGE ( 'NONE', *, *, #3316, .T. ) ;
#2927 = CARTESIAN_POINT ( 'NONE',  ( 7.375000000000000000, -6.870195508003229534, 5.450000000000000178 ) ) ;
#2928 = UNCERTAINTY_MEASURE_WITH_UNIT (LENGTH_MEASURE( 1.000000000000000082E-05 ), #2502, 'distance_accuracy_value', 'NONE');
#2929 = CARTESIAN_POINT ( 'NONE',  ( 3.866384595120643919, 8.581647568998363340, -9.141027691773420116 ) ) ;
#2930 = DIRECTION ( 'NONE',  ( -1.000000000000000000, 0.000000000000000000, 0.000000000000000000 ) ) ;
#2931 = ORIENTED_EDGE ( 'NONE', *, *, #1962, .T. ) ;
#2932 = ORIENTED_EDGE ( 'NONE', *, *, #962, .F. ) ;
#2933 = PRESENTATION_LAYER_ASSIGNMENT (  '', '', ( #3761 ) ) ;
#2934 = MECHANICAL_DESIGN_GEOMETRIC_PRESENTATION_REPRESENTATION (  '', ( #34 ), #1139 ) ;
#2935 = EDGE_CURVE ( 'NONE', #2730, #3126, #4368, .T. ) ;
#2936 =( LENGTH_UNIT ( ) NAMED_UNIT ( * ) SI_UNIT ( .MILLI., .METRE. ) );
#2937 = CIRCLE ( 'NONE', #2720, 1.499999999999999556 ) ;
#2938 = SURFACE_SIDE_STYLE ('',( #3338 ) ) ;
#2939 = CARTESIAN_POINT ( 'NONE',  ( -2.449489742783180102, -12.25000000000000000, -0.5000000000000000000 ) ) ;
#2940 = ORIENTED_EDGE ( 'NONE', *, *, #1143, .F. ) ;
#2941 = AXIS2_PLACEMENT_3D ( 'NONE', #460, #1465, #1875 ) ;
#2942 = CARTESIAN_POINT ( 'NONE',  ( 4.735500000000000043, -6.870195508003229534, 2.575000000000000178 ) ) ;
#2943 =( NAMED_UNIT ( * ) SI_UNIT ( $, .STERADIAN. ) SOLID_ANGLE_UNIT ( ) );
#2944 = CARTESIAN_POINT ( 'NONE',  ( 2.750000000000010658, -6.870195508003255291, -9.536410488228785454 ) ) ;
#2945 = DIRECTION ( 'NONE',  ( 0.000000000000000000, 0.000000000000000000, 1.000000000000000000 ) ) ;
#2946 = AXIS2_PLACEMENT_3D ( 'NONE', #3283, #3863, #639 ) ;
#2947 = ADVANCED_FACE ( 'NONE', ( #1541 ), #1991, .F. ) ;
#2948 = DIRECTION ( 'NONE',  ( 0.000000000000000000, 0.000000000000000000, -1.000000000000000000 ) ) ;
#2949 = CARTESIAN_POINT ( 'NONE',  ( 3.790481301901840183, -4.486490074154819929, -9.172762321083387960 ) ) ;
#2950 = PRESENTATION_LAYER_ASSIGNMENT (  '', '', ( #327 ) ) ;
#2951 = CARTESIAN_POINT ( 'NONE',  ( 5.278312163512969946, -8.120195508003229534, -7.424999999999999822 ) ) ;
#2952 = ORIENTED_EDGE ( 'NONE', *, *, #366, .F. ) ;
#2953 = EDGE_CURVE ( 'NONE', #913, #2506, #1618, .T. ) ;
#2954 = FACE_OUTER_BOUND ( 'NONE', #2034, .T. ) ;
#2955 = DIRECTION ( 'NONE',  ( 0.000000000000000000, 0.000000000000000000, 1.000000000000000000 ) ) ;
#2956 = LINE ( 'NONE', #1429, #3801 ) ;
#2957 = ORIENTED_EDGE ( 'NONE', *, *, #445, .T. ) ;
#2958 = VERTEX_POINT ( 'NONE', #1281 ) ;
#2959 = FILL_AREA_STYLE ('',( #584 ) ) ;
#2960 = LINE ( 'NONE', #1135, #1964 ) ;
#2961 = EDGE_CURVE ( 'NONE', #982, #2856, #1996, .T. ) ;
#2962 = VERTEX_POINT ( 'NONE', #2363 ) ;
#2963 = DIRECTION ( 'NONE',  ( 0.000000000000000000, 1.000000000000000000, 0.000000000000000000 ) ) ;
#2964 =( NAMED_UNIT ( * ) SI_UNIT ( $, .STERADIAN. ) SOLID_ANGLE_UNIT ( ) );
#2965 =( GEOMETRIC_REPRESENTATION_CONTEXT ( 3 ) GLOBAL_UNCERTAINTY_ASSIGNED_CONTEXT ( ( #957 ) ) GLOBAL_UNIT_ASSIGNED_CONTEXT ( ( #404, #1485, #99 ) ) REPRESENTATION_CONTEXT ( 'NONE', 'WORKASPACE' ) );
#2966 = DIRECTION ( 'NONE',  ( 0.000000000000000000, -1.000000000000000000, 0.000000000000000000 ) ) ;
#2967 = CARTESIAN_POINT ( 'NONE',  ( 0.000000000000000000, -0.6250000000000000000, 2.625000000000000000 ) ) ;
#2968 = ADVANCED_FACE ( 'NONE', ( #2390 ), #3279, .T. ) ;
#2969 = COLOUR_RGB ( '',0.1725490196078431349, 0.1725490196078431349, 0.1725490196078431349 ) ;
#2970 = DIRECTION ( 'NONE',  ( 0.000000000000000000, 0.000000000000000000, 1.000000000000000000 ) ) ;
#2971 =( GEOMETRIC_REPRESENTATION_CONTEXT ( 3 ) GLOBAL_UNCERTAINTY_ASSIGNED_CONTEXT ( ( #3270 ) ) GLOBAL_UNIT_ASSIGNED_CONTEXT ( ( #1557, #1603, #2651 ) ) REPRESENTATION_CONTEXT ( 'NONE', 'WORKASPACE' ) );
#2972 = DIRECTION ( 'NONE',  ( -1.000000000000000000, 0.000000000000000000, 0.000000000000000000 ) ) ;
#2973 = ORIENTED_EDGE ( 'NONE', *, *, #3444, .T. ) ;
#2974 = CARTESIAN_POINT ( 'NONE',  ( 6.000000000000000000, -6.870195508003229534, -4.675000000000000711 ) ) ;
#2975 = CIRCLE ( 'NONE', #1397, 1.443375672974060331 ) ;
#2976 = STYLED_ITEM ( 'NONE', ( #1065 ), #249 ) ;
#2977 = UNCERTAINTY_MEASURE_WITH_UNIT (LENGTH_MEASURE( 1.000000000000000082E-05 ), #3653, 'distance_accuracy_value', 'NONE');
#2978 = CARTESIAN_POINT ( 'NONE',  ( 6.000000000000000000, -6.870195508003229534, -6.125000000000000000 ) ) ;
#2979 = EDGE_CURVE ( 'NONE', #1788, #748, #3878, .T. ) ;
#2980 = DIRECTION ( 'NONE',  ( 0.000000000000000000, -1.000000000000000000, 0.000000000000000000 ) ) ;
#2981 = ORIENTED_EDGE ( 'NONE', *, *, #3461, .T. ) ;
#2982 = CIRCLE ( 'NONE', #956, 1.713499999999999801 ) ;
#2983 = ORIENTED_EDGE ( 'NONE', *, *, #2755, .F. ) ;
#2984 = AXIS2_PLACEMENT_3D ( 'NONE', #1282, #2300, #4511 ) ;
#2985 = DIRECTION ( 'NONE',  ( 0.000000000000000000, 1.000000000000000000, 0.000000000000000000 ) ) ;
#2986 = ORIENTED_EDGE ( 'NONE', *, *, #1556, .T. ) ;
#2987 = DIRECTION ( 'NONE',  ( 0.000000000000000000, 0.000000000000000000, 1.000000000000000000 ) ) ;
#2988 = CARTESIAN_POINT ( 'NONE',  ( 7.250000000000000888, -6.535259017464335685, -7.231624327025945043 ) ) ;
#2989 = CARTESIAN_POINT ( 'NONE',  ( 6.000000000000000000, 7.379804491996769578, -7.231624327025939714 ) ) ;
#2990 = CARTESIAN_POINT ( 'NONE',  ( 4.787411859191376351, -7.240760347512773087, 8.694070782729035329 ) ) ;
#2991 = DIRECTION ( 'NONE',  ( 0.000000000000000000, 1.000000000000000000, 0.000000000000000000 ) ) ;
#2992 = CARTESIAN_POINT ( 'NONE',  ( 6.721687836487029166, 7.379804491996769578, -6.125000000000000000 ) ) ;
#2993 = FILL_AREA_STYLE ('',( #1896 ) ) ;
#2994 = ADVANCED_FACE ( 'NONE', ( #4535, #4558, #1333 ), #300, .T. ) ;
#2995 = CARTESIAN_POINT ( 'NONE',  ( 0.000000000000000000, 12.37500000000000000, 0.000000000000000000 ) ) ;
#2996 = CARTESIAN_POINT ( 'NONE',  ( 6.000000000000000000, -6.870195508003229534, -4.675000000000000711 ) ) ;
#2997 = VERTEX_POINT ( 'NONE', #2116 ) ;
#2998 = FILL_AREA_STYLE_COLOUR ( '', #2406 ) ;
#2999 =( NAMED_UNIT ( * ) PLANE_ANGLE_UNIT ( ) SI_UNIT ( $, .RADIAN. ) );
#3000 = STYLED_ITEM ( 'NONE', ( #2705 ), #4425 ) ;
#3001 = LINE ( 'NONE', #930, #4118 ) ;
#3002 = ORIENTED_EDGE ( 'NONE', *, *, #3179, .F. ) ;
#3003 = ORIENTED_EDGE ( 'NONE', *, *, #3869, .F. ) ;
#3004 = EDGE_CURVE ( 'NONE', #1920, #388, #3044, .T. ) ;
#3005 = CARTESIAN_POINT ( 'NONE',  ( 4.487773426171108859, 3.252834251735269522, -8.852566481855154379 ) ) ;
#3006 = DIRECTION ( 'NONE',  ( -8.659560562354932858E-17, 0.7071067811865455743, 0.7071067811865495711 ) ) ;
#3007 = LINE ( 'NONE', #4169, #1704 ) ;
#3008 = VECTOR ( 'NONE', #717, 1000.000000000000000 ) ;
#3009 = AXIS2_PLACEMENT_3D ( 'NONE', #2311, #938, #3487 ) ;
#3010 = VERTEX_POINT ( 'NONE', #3450 ) ;
#3011 = FACE_OUTER_BOUND ( 'NONE', #520, .T. ) ;
#3012 = PLANE ( 'NONE',  #4590 ) ;
#3013 = CIRCLE ( 'NONE', #4367, 2.500000000000000000 ) ;
#3014 = DIRECTION ( 'NONE',  ( 1.000000000000000000, 0.000000000000000000, 0.000000000000000000 ) ) ;
#3015 = CARTESIAN_POINT ( 'NONE',  ( 7.264500000000031932, -6.870195508003292595, 6.762593049267385581 ) ) ;
#3016 = FACE_OUTER_BOUND ( 'NONE', #3720, .T. ) ;
#3017 = DIRECTION ( 'NONE',  ( 1.224646799147353207E-16, 1.000000000000000000, -0.000000000000000000 ) ) ;
#3018 = CIRCLE ( 'NONE', #2941, 1.250000000000000222 ) ;
#3019 = DIRECTION ( 'NONE',  ( 0.000000000000000000, 0.000000000000000000, -1.000000000000000000 ) ) ;
#3020 = CARTESIAN_POINT ( 'NONE',  ( 2.570762939835378624, -0.6311770190984521411, 0.5000000000000000000 ) ) ;
#3021 = CIRCLE ( 'NONE', #1220, 2.500000000000000000 ) ;
#3022 = ADVANCED_FACE ( 'NONE', ( #632 ), #1661, .F. ) ;
#3023 = FILL_AREA_STYLE ('',( #2998 ) ) ;
#3024 = AXIS2_PLACEMENT_3D ( 'NONE', #1512, #1891, #128 ) ;
#3025 = CARTESIAN_POINT ( 'NONE',  ( 7.067974311266562282, 5.447946345208160679, 6.968065188088482742 ) ) ;
#3026 = DIRECTION ( 'NONE',  ( 1.000000000000000000, 0.000000000000000000, 0.000000000000000000 ) ) ;
#3027 = EDGE_CURVE ( 'NONE', #3853, #3096, #26, .T. ) ;
#3028 = ORIENTED_EDGE ( 'NONE', *, *, #2979, .F. ) ;
#3029 = AXIS2_PLACEMENT_3D ( 'NONE', #711, #4196, #2148 ) ;
#3030 = CARTESIAN_POINT ( 'NONE',  ( 5.754652877110068232, 2.889428064391263540, -8.086396280688902038 ) ) ;
#3031 = DIRECTION ( 'NONE',  ( -1.000000000000000000, 0.000000000000000000, 0.000000000000000000 ) ) ;
#3032 = DIRECTION ( 'NONE',  ( -1.000000000000000000, 0.000000000000000000, 0.000000000000000000 ) ) ;
#3033 = ORIENTED_EDGE ( 'NONE', *, *, #3379, .F. ) ;
#3034 = DIRECTION ( 'NONE',  ( 0.000000000000000000, 0.000000000000000000, 1.000000000000000000 ) ) ;
#3035 = CARTESIAN_POINT ( 'NONE',  ( 2.449489742783180102, -12.25000000000000000, -0.5000000000000000000 ) ) ;
#3036 = DIRECTION ( 'NONE',  ( 0.000000000000000000, 0.000000000000000000, -1.000000000000000000 ) ) ;
#3037 = DIRECTION ( 'NONE',  ( 0.000000000000000000, 0.000000000000000000, 1.000000000000000000 ) ) ;
#3038 = LINE ( 'NONE', #511, #764 ) ;
#3039 = ADVANCED_FACE ( 'NONE', ( #834 ), #2557, .F. ) ;
#3040 = AXIS2_PLACEMENT_3D ( 'NONE', #4230, #25, #2115 ) ;
#3041 = STYLED_ITEM ( 'NONE', ( #451 ), #2647 ) ;
#3042 = CARTESIAN_POINT ( 'NONE',  ( 0.000000000000000000, 12.37500000000000000, 0.000000000000000000 ) ) ;
#3043 = DIRECTION ( 'NONE',  ( -1.000000000000000000, 0.000000000000000000, 0.000000000000000000 ) ) ;
#3044 = CIRCLE ( 'NONE', #1240, 2.750000000000000000 ) ;
#3045 = MECHANICAL_DESIGN_GEOMETRIC_PRESENTATION_REPRESENTATION (  '', ( #421 ), #3201 ) ;
#3046 = SURFACE_STYLE_FILL_AREA ( #905 ) ;
#3047 = DIRECTION ( 'NONE',  ( -0.7071067811865495711, 0.7071067811865455743, 8.659560562354932858E-17 ) ) ;
#3048 =( BOUNDED_CURVE ( )  B_SPLINE_CURVE ( 2, ( #3787, #1574, #3745 ),
 .UNSPECIFIED., .F., .F. ) 
 B_SPLINE_CURVE_WITH_KNOTS ( ( 3, 3 ),
 ( 0.07523701006122331114, 0.1504740201224469831 ),
 .UNSPECIFIED. ) 
 CURVE ( )  GEOMETRIC_REPRESENTATION_ITEM ( )  RATIONAL_B_SPLINE_CURVE ( ( 1.000000000000000000, 1.037954849302039850, 1.000000000000000000 ) ) 
 REPRESENTATION_ITEM ( '' )  );
#3049 = AXIS2_PLACEMENT_3D ( 'NONE', #811, #2315, #1577 ) ;
#3050 = CARTESIAN_POINT ( 'NONE',  ( 6.000000000000000000, -5.620195508003230422, -7.231624327025939714 ) ) ;
#3051 = CARTESIAN_POINT ( 'NONE',  ( 7.375000000000000000, 6.129804491996769578, 5.450000000000000178 ) ) ;
#3052 = ORIENTED_EDGE ( 'NONE', *, *, #4207, .F. ) ;
#3053 = ORIENTED_EDGE ( 'NONE', *, *, #2076, .F. ) ;
#3054 = AXIS2_PLACEMENT_3D ( 'NONE', #838, #3774, #151 ) ;
#3055 = EDGE_CURVE ( 'NONE', #1393, #2962, #2923, .T. ) ;
#3056 =( GEOMETRIC_REPRESENTATION_CONTEXT ( 3 ) GLOBAL_UNCERTAINTY_ASSIGNED_CONTEXT ( ( #4258 ) ) GLOBAL_UNIT_ASSIGNED_CONTEXT ( ( #970, #2738, #1363 ) ) REPRESENTATION_CONTEXT ( 'NONE', 'WORKASPACE' ) );
#3057 = CARTESIAN_POINT ( 'NONE',  ( 4.692673815243320945, 3.154342076205550072, -8.745572230849756323 ) ) ;
#3058 = FACE_OUTER_BOUND ( 'NONE', #740, .T. ) ;
#3059 = DIRECTION ( 'NONE',  ( 0.000000000000000000, 0.000000000000000000, 1.000000000000000000 ) ) ;
#3060 = ORIENTED_EDGE ( 'NONE', *, *, #1849, .T. ) ;
#3061 = CARTESIAN_POINT ( 'NONE',  ( 7.443375672974069879, 6.129804491996769578, -7.424999999999999822 ) ) ;
#3062 = AXIS2_PLACEMENT_3D ( 'NONE', #4422, #1969, #3755 ) ;
#3063 = DIRECTION ( 'NONE',  ( 0.000000000000000000, 0.000000000000000000, -1.000000000000000000 ) ) ;
#3064 = CARTESIAN_POINT ( 'NONE',  ( 4.818511622037553899, -7.329959334723282538, 8.676957236061173973 ) ) ;
#3065 = DIRECTION ( 'NONE',  ( 0.000000000000000000, 0.000000000000000000, 1.000000000000000000 ) ) ;
#3066 = DIRECTION ( 'NONE',  ( -1.000000000000000000, 0.000000000000000000, 0.000000000000000000 ) ) ;
#3067 = EDGE_CURVE ( 'NONE', #4582, #4091, #2267, .T. ) ;
#3068 = UNCERTAINTY_MEASURE_WITH_UNIT (LENGTH_MEASURE( 1.000000000000000082E-05 ), #436, 'distance_accuracy_value', 'NONE');
#3069 = SURFACE_STYLE_FILL_AREA ( #1298 ) ;
#3070 = B_SPLINE_CURVE_WITH_KNOTS ( 'NONE', 3,
 ( #1362, #2429, #1016, #2454, #3888, #665, #1042, #2104, #3535, #4191, #1741, #3182, #2124, #2827, #2847, #4262, #2480, #687, #3558, #333, #352, #3200 ),
 .UNSPECIFIED., .F., .F.,
 ( 4, 2, 2, 2, 2, 2, 2, 2, 2, 2, 4 ),
 ( 0.000000000000000000, 0.0002808782950424357173, 0.0005617565900848714346, 0.001123513180169743953, 0.001685269770254616472, 0.002247026360339488774, 0.002808782950424361293, 0.003370539540509233812, 0.003651417835551671372, 0.003932296130594108499, 0.004494052720678981885 ),
 .UNSPECIFIED. ) ;
#3071 = CARTESIAN_POINT ( 'NONE',  ( -9.674999999999998934, -12.50000000000000000, 1.200153863164403387E-15 ) ) ;
#3072 = DIRECTION ( 'NONE',  ( 0.000000000000000000, 0.000000000000000000, 1.000000000000000000 ) ) ;
#3073 = UNCERTAINTY_MEASURE_WITH_UNIT (LENGTH_MEASURE( 1.000000000000000082E-05 ), #3148, 'distance_accuracy_value', 'NONE');
#3074 = CARTESIAN_POINT ( 'NONE',  ( 6.000000000000000000, -6.870195508003229534, -4.424999999999999822 ) ) ;
#3075 =( NAMED_UNIT ( * ) PLANE_ANGLE_UNIT ( ) SI_UNIT ( $, .RADIAN. ) );
#3076 = DIRECTION ( 'NONE',  ( 0.000000000000000000, 0.000000000000000000, -1.000000000000000000 ) ) ;
#3077 = ORIENTED_EDGE ( 'NONE', *, *, #4147, .T. ) ;
#3078 = VERTEX_POINT ( 'NONE', #3347 ) ;
#3079 =( BOUNDED_CURVE ( )  B_SPLINE_CURVE ( 2, ( #3417, #904, #3394 ),
 .UNSPECIFIED., .F., .F. ) 
 B_SPLINE_CURVE_WITH_KNOTS ( ( 3, 3 ),
 ( 0.07523701006122331114, 0.1504740201224469831 ),
 .UNSPECIFIED. ) 
 CURVE ( )  GEOMETRIC_REPRESENTATION_ITEM ( )  RATIONAL_B_SPLINE_CURVE ( ( 1.000000000000000000, 1.037954849302039850, 1.000000000000000000 ) ) 
 REPRESENTATION_ITEM ( '' )  );
#3080 = VECTOR ( 'NONE', #4393, 1000.000000000000000 ) ;
#3081 = CARTESIAN_POINT ( 'NONE',  ( 3.679889085351651712, 3.853340780030911628, -9.217678771994492593 ) ) ;
#3082 = CARTESIAN_POINT ( 'NONE',  ( 8.261741516052628853, -4.531481408981441028, -5.503261077968158332 ) ) ;
#3083 = DIRECTION ( 'NONE',  ( 0.000000000000000000, -1.000000000000000000, 0.000000000000000000 ) ) ;
#3084 = ORIENTED_EDGE ( 'NONE', *, *, #4379, .T. ) ;
#3085 = EDGE_CURVE ( 'NONE', #2446, #912, #501, .T. ) ;
#3086 = PRESENTATION_STYLE_ASSIGNMENT (( #2326 ) ) ;
#3087 = CARTESIAN_POINT ( 'NONE',  ( 0.000000000000000000, -1.240391016006469949, 0.000000000000000000 ) ) ;
#3088 = CARTESIAN_POINT ( 'NONE',  ( 0.000000000000000000, -12.25000000000000000, 0.000000000000000000 ) ) ;
#3089 = FACE_OUTER_BOUND ( 'NONE', #424, .T. ) ;
#3090 = CARTESIAN_POINT ( 'NONE',  ( 5.278312163512969946, 7.379804491996769578, -7.424999999999999822 ) ) ;
#3091 = ORIENTED_EDGE ( 'NONE', *, *, #2501, .T. ) ;
#3092 = EDGE_CURVE ( 'NONE', #4215, #3853, #2337, .T. ) ;
#3093 = FILL_AREA_STYLE ('',( #4480 ) ) ;
#3094 = AXIS2_PLACEMENT_3D ( 'NONE', #4381, #1161, #1575 ) ;
#3095 = DIRECTION ( 'NONE',  ( -1.000000000000000000, 0.000000000000000000, 0.000000000000000000 ) ) ;
#3096 = VERTEX_POINT ( 'NONE', #44 ) ;
#3097 = VECTOR ( 'NONE', #668, 1000.000000000000000 ) ;
#3098 = CARTESIAN_POINT ( 'NONE',  ( 6.500406979504115945, -10.08292218919714855, -7.501417744637810969 ) ) ;
#3099 = EDGE_CURVE ( 'NONE', #2023, #1519, #2222, .T. ) ;
#3100 = CARTESIAN_POINT ( 'NONE',  ( 4.818505358245477765, -6.410446763405830417, 8.676960723076657445 ) ) ;
#3101 = FACE_OUTER_BOUND ( 'NONE', #4498, .T. ) ;
#3102 = DIRECTION ( 'NONE',  ( -0.8660254037844387076, 0.4999999999999998890, 0.000000000000000000 ) ) ;
#3103 = VERTEX_POINT ( 'NONE', #3659 ) ;
#3104 = EDGE_LOOP ( 'NONE', ( #2255, #2427, #1308, #4172 ) ) ;
#3105 = EDGE_CURVE ( 'NONE', #2922, #4123, #3018, .T. ) ;
#3106 = STYLED_ITEM ( 'NONE', ( #3941 ), #3882 ) ;
#3107 = DIRECTION ( 'NONE',  ( 1.000000000000000000, 0.000000000000000000, 0.000000000000000000 ) ) ;
#3108 = CARTESIAN_POINT ( 'NONE',  ( 4.917468245269450478, -6.245195508003230422, -7.231624327025939714 ) ) ;
#3109 = ORIENTED_EDGE ( 'NONE', *, *, #1340, .T. ) ;
#3110 = CARTESIAN_POINT ( 'NONE',  ( 7.250000000000000888, 5.794868001457863294, -7.231624327025945043 ) ) ;
#3111 = CYLINDRICAL_SURFACE ( 'NONE', #2610, 3.250000000000000000 ) ;
#3112 = CARTESIAN_POINT ( 'NONE',  ( 0.000000000000000000, 12.25000000000000000, 0.000000000000000000 ) ) ;
#3113 = CARTESIAN_POINT ( 'NONE',  ( 0.000000000000000000, -12.37500000000000000, 0.000000000000000000 ) ) ;
#3114 = EDGE_LOOP ( 'NONE', ( #1085, #3478, #2832 ) ) ;
#3115 = CARTESIAN_POINT ( 'NONE',  ( 6.721687836487029166, -8.120195508003229534, -7.424999999999999822 ) ) ;
#3116 = EDGE_CURVE ( 'NONE', #2117, #2922, #2126, .T. ) ;
#3117 = VERTEX_POINT ( 'NONE', #2201 ) ;
#3118 = CARTESIAN_POINT ( 'NONE',  ( 3.642223883110674354, -9.107796440755324241, -9.232621346311987054 ) ) ;
#3119 = DIRECTION ( 'NONE',  ( 0.000000000000000000, 0.000000000000000000, -1.000000000000000000 ) ) ;
#3120 = UNCERTAINTY_MEASURE_WITH_UNIT (LENGTH_MEASURE( 1.000000000000000082E-05 ), #1339, 'distance_accuracy_value', 'NONE');
#3121 = CARTESIAN_POINT ( 'NONE',  ( 4.220485754033539649, 12.50000000000000000, -0.5000000000000000000 ) ) ;
#3122 = VECTOR ( 'NONE', #777, 1000.000000000000000 ) ;
#3123 = CARTESIAN_POINT ( 'NONE',  ( 0.000000000000000000, 12.37500000000000000, 0.000000000000000000 ) ) ;
#3124 = COLOUR_RGB ( '',0.9607843137254902244, 0.9607843137254902244, 0.9647058823529411908 ) ;
#3125 = FILL_AREA_STYLE ('',( #1008 ) ) ;
#3126 = VERTEX_POINT ( 'NONE', #1894 ) ;
#3127 = ORIENTED_EDGE ( 'NONE', *, *, #3637, .F. ) ;
#3128 = AXIS2_PLACEMENT_3D ( 'NONE', #2674, #2991, #3769 ) ;
#3129 = EDGE_CURVE ( 'NONE', #3199, #1920, #1558, .T. ) ;
#3130 = DIRECTION ( 'NONE',  ( 0.000000000000000000, 0.000000000000000000, 1.000000000000000000 ) ) ;
#3131 = CARTESIAN_POINT ( 'NONE',  ( 5.278312163512969946, 7.379804491996769578, -7.424999999999999822 ) ) ;
#3132 = CARTESIAN_POINT ( 'NONE',  ( 4.917468245269450478, -7.495195508003230422, -7.231624327025939714 ) ) ;
#3133 = VECTOR ( 'NONE', #515, 1000.000000000000000 ) ;
#3134 = ORIENTED_EDGE ( 'NONE', *, *, #1907, .F. ) ;
#3135 = DIRECTION ( 'NONE',  ( 1.000000000000000000, 0.000000000000000000, 0.000000000000000000 ) ) ;
#3136 = AXIS2_PLACEMENT_3D ( 'NONE', #1336, #3483, #636 ) ;
#3137 = PRESENTATION_STYLE_ASSIGNMENT (( #1316 ) ) ;
#3138 = CARTESIAN_POINT ( 'NONE',  ( 6.000000000000000000, -6.870195508003229534, -4.424999999999999822 ) ) ;
#3139 = FACE_OUTER_BOUND ( 'NONE', #2884, .T. ) ;
#3140 = CARTESIAN_POINT ( 'NONE',  ( 4.556624327025930121, -6.870195508003229534, -6.125000000000000000 ) ) ;
#3141 = VERTEX_POINT ( 'NONE', #2630 ) ;
#3142 = PRESENTATION_LAYER_ASSIGNMENT (  '', '', ( #4631 ) ) ;
#3143 = ORIENTED_EDGE ( 'NONE', *, *, #1986, .T. ) ;
#3144 = CARTESIAN_POINT ( 'NONE',  ( 4.355849220032991020, -9.675236352613721280, -8.918625293933477138 ) ) ;
#3145 = CARTESIAN_POINT ( 'NONE',  ( 3.250000000000000444, -6.870195508003229534, -5.924999999999999822 ) ) ;
#3146 = EDGE_CURVE ( 'NONE', #1464, #961, #4054, .T. ) ;
#3147 = CIRCLE ( 'NONE', #3744, 4.000000000000000000 ) ;
#3148 =( LENGTH_UNIT ( ) NAMED_UNIT ( * ) SI_UNIT ( .MILLI., .METRE. ) );
#3149 = SURFACE_STYLE_FILL_AREA ( #4206 ) ;
#3150 = CARTESIAN_POINT ( 'NONE',  ( 6.915063509461099045, -5.955131998542138483, -7.231624327025945043 ) ) ;
#3151 = EDGE_LOOP ( 'NONE', ( #432, #2234, #2395, #3296 ) ) ;
#3152 = VERTEX_POINT ( 'NONE', #599 ) ;
#3153 = CARTESIAN_POINT ( 'NONE',  ( -5.051668046482823875E-16, 12.25000000000000000, 4.000000000000000000 ) ) ;
#3154 = FACE_OUTER_BOUND ( 'NONE', #358, .T. ) ;
#3155 = DIRECTION ( 'NONE',  ( 1.000000000000000000, 0.000000000000000000, 0.000000000000000000 ) ) ;
#3156 = ORIENTED_EDGE ( 'NONE', *, *, #4154, .T. ) ;
#3157 = CARTESIAN_POINT ( 'NONE',  ( 6.000000000000000000, 6.129804491996769578, -5.846149949594810380 ) ) ;
#3158 =( NAMED_UNIT ( * ) PLANE_ANGLE_UNIT ( ) SI_UNIT ( $, .RADIAN. ) );
#3159 = DIRECTION ( 'NONE',  ( 0.000000000000000000, 0.000000000000000000, 1.000000000000000000 ) ) ;
#3160 = DIRECTION ( 'NONE',  ( 0.000000000000000000, 0.000000000000000000, 1.000000000000000000 ) ) ;
#3161 = LINE ( 'NONE', #3540, #3170 ) ;
#3162 = ORIENTED_EDGE ( 'NONE', *, *, #3845, .T. ) ;
#3163 = PLANE ( 'NONE',  #1004 ) ;
#3164 = EDGE_LOOP ( 'NONE', ( #3443, #3942, #1204, #1459, #561, #3644 ) ) ;
#3165 = CARTESIAN_POINT ( 'NONE',  ( 7.630164099830870406, -9.681836245515917483, -6.347200110051259614 ) ) ;
#3166 = AXIS2_PLACEMENT_3D ( 'NONE', #2897, #2554, #3981 ) ;
#3167 = PRESENTATION_LAYER_ASSIGNMENT (  '', '', ( #1961 ) ) ;
#3168 = CARTESIAN_POINT ( 'NONE',  ( 6.000000000000000000, -6.870195508003229534, -4.675000000000000711 ) ) ;
#3169 = UNCERTAINTY_MEASURE_WITH_UNIT (LENGTH_MEASURE( 1.000000000000000082E-05 ), #2921, 'distance_accuracy_value', 'NONE');
#3170 = VECTOR ( 'NONE', #713, 1000.000000000000000 ) ;
#3171 = DIRECTION ( 'NONE',  ( 1.000000000000000000, 0.000000000000000000, 0.000000000000000000 ) ) ;
#3172 = PRESENTATION_STYLE_ASSIGNMENT (( #1711 ) ) ;
#3173 = EDGE_CURVE ( 'NONE', #3900, #2807, #1823, .T. ) ;
#3174 = FACE_BOUND ( 'NONE', #2279, .T. ) ;
#3175 = ORIENTED_EDGE ( 'NONE', *, *, #3372, .F. ) ;
#3176 = ORIENTED_EDGE ( 'NONE', *, *, #2238, .F. ) ;
#3177 = PRESENTATION_LAYER_ASSIGNMENT (  '', '', ( #543 ) ) ;
#3178 = CARTESIAN_POINT ( 'NONE',  ( 6.000000000000000000, 6.129804491996769578, -4.174999999999999822 ) ) ;
#3179 = EDGE_CURVE ( 'NONE', #3569, #3199, #4372, .T. ) ;
#3180 = SURFACE_SIDE_STYLE ('',( #3859 ) ) ;
#3181 = ORIENTED_EDGE ( 'NONE', *, *, #858, .T. ) ;
#3182 = CARTESIAN_POINT ( 'NONE',  ( 6.205149836877182246, 7.386319688900689684, 7.748332540970765514 ) ) ;
#3183 = CARTESIAN_POINT ( 'NONE',  ( 4.750000000000000888, 6.464740982535668756, -7.231624327025945043 ) ) ;
#3184 = DIRECTION ( 'NONE',  ( 0.000000000000000000, -1.000000000000000000, 0.000000000000000000 ) ) ;
#3185 = TOROIDAL_SURFACE ( 'NONE', #1831, 1.713500000000000023, 0.2500000000000000000 ) ;
#3186 = FACE_OUTER_BOUND ( 'NONE', #947, .T. ) ;
#3187 = ORIENTED_EDGE ( 'NONE', *, *, #2748, .F. ) ;
#3188 = DIRECTION ( 'NONE',  ( 0.000000000000000000, -1.000000000000000000, 0.000000000000000000 ) ) ;
#3189 = CIRCLE ( 'NONE', #3861, 3.250000000000000000 ) ;
#3190 = EDGE_LOOP ( 'NONE', ( #4402, #3181, #2162, #806 ) ) ;
#3191 = FACE_BOUND ( 'NONE', #3292, .T. ) ;
#3192 =( LENGTH_UNIT ( ) NAMED_UNIT ( * ) SI_UNIT ( .MILLI., .METRE. ) );
#3193 = SURFACE_STYLE_FILL_AREA ( #2420 ) ;
#3194 = VERTEX_POINT ( 'NONE', #3727 ) ;
#3195 = ORIENTED_EDGE ( 'NONE', *, *, #2663, .F. ) ;
#3196 =( BOUNDED_CURVE ( )  B_SPLINE_CURVE ( 2, ( #1084, #374, #1816 ),
 .UNSPECIFIED., .F., .F. ) 
 B_SPLINE_CURVE_WITH_KNOTS ( ( 3, 3 ),
 ( 0.000000000000000000, 0.03568735437828080004 ),
 .UNSPECIFIED. ) 
 CURVE ( )  GEOMETRIC_REPRESENTATION_ITEM ( )  RATIONAL_B_SPLINE_CURVE ( ( 1.000000000000000000, 1.001178655645039939, 1.000000000000000000 ) ) 
 REPRESENTATION_ITEM ( '' )  );
#3197 = AXIS2_PLACEMENT_3D ( 'NONE', #1974, #122, #4514 ) ;
#3198 = CARTESIAN_POINT ( 'NONE',  ( 8.351199715162113790, 3.885980553585701713, -5.363182125831004399 ) ) ;
#3199 = VERTEX_POINT ( 'NONE', #2330 ) ;
#3200 = CARTESIAN_POINT ( 'NONE',  ( 7.264500000000031932, 6.129804491996706517, 6.762593049267385581 ) ) ;
#3201 =( GEOMETRIC_REPRESENTATION_CONTEXT ( 3 ) GLOBAL_UNCERTAINTY_ASSIGNED_CONTEXT ( ( #819 ) ) GLOBAL_UNIT_ASSIGNED_CONTEXT ( ( #2936, #776, #1798 ) ) REPRESENTATION_CONTEXT ( 'NONE', 'WORKASPACE' ) );
#3202 = EDGE_CURVE ( 'NONE', #4396, #1027, #3038, .T. ) ;
#3203 = PRESENTATION_LAYER_ASSIGNMENT (  '', '', ( #69 ) ) ;
#3204 = CARTESIAN_POINT ( 'NONE',  ( 3.968626966596889627, 12.25000000000000000, -0.5000000000000000000 ) ) ;
#3205 =( LENGTH_UNIT ( ) NAMED_UNIT ( * ) SI_UNIT ( .MILLI., .METRE. ) );
#3206 = CIRCLE ( 'NONE', #3128, 2.500000000000000000 ) ;
#3207 = PLANE ( 'NONE',  #4068 ) ;
#3208 = VERTEX_POINT ( 'NONE', #3467 ) ;
#3209 = CARTESIAN_POINT ( 'NONE',  ( 7.264500000000031932, -6.870195508003292595, 6.762593049267385581 ) ) ;
#3210 =( GEOMETRIC_REPRESENTATION_CONTEXT ( 3 ) GLOBAL_UNCERTAINTY_ASSIGNED_CONTEXT ( ( #3598 ) ) GLOBAL_UNIT_ASSIGNED_CONTEXT ( ( #2160, #369, #1446 ) ) REPRESENTATION_CONTEXT ( 'NONE', 'WORKASPACE' ) );
#3211 = STYLED_ITEM ( 'NONE', ( #1885 ), #308 ) ;
#3212 = FILL_AREA_STYLE ('',( #4087 ) ) ;
#3213 = FILL_AREA_STYLE ('',( #3234 ) ) ;
#3214 = SURFACE_STYLE_FILL_AREA ( #1392 ) ;
#3215 = ORIENTED_EDGE ( 'NONE', *, *, #1421, .T. ) ;
#3216 = EDGE_CURVE ( 'NONE', #3141, #4582, #697, .T. ) ;
#3217 = CIRCLE ( 'NONE', #1559, 2.500000000000000000 ) ;
#3218 = DIRECTION ( 'NONE',  ( 0.000000000000000000, 0.000000000000000000, 1.000000000000000000 ) ) ;
#3219 = DIRECTION ( 'NONE',  ( 0.000000000000000000, -1.000000000000000000, 0.000000000000000000 ) ) ;
#3220 = ORIENTED_EDGE ( 'NONE', *, *, #3527, .F. ) ;
#3221 = VERTEX_POINT ( 'NONE', #1632 ) ;
#3222 = CARTESIAN_POINT ( 'NONE',  ( 6.459418015818651604, 9.351101665891837555, -7.538358239441778075 ) ) ;
#3223 = PLANE ( 'NONE',  #2911 ) ;
#3224 = ORIENTED_EDGE ( 'NONE', *, *, #3668, .F. ) ;
#3225 = FACE_OUTER_BOUND ( 'NONE', #370, .T. ) ;
#3226 = PRESENTATION_STYLE_ASSIGNMENT (( #2240 ) ) ;
#3227 = CARTESIAN_POINT ( 'NONE',  ( 4.556624327025939891, 6.129804491996769578, -6.125000000000000000 ) ) ;
#3228 = SURFACE_STYLE_USAGE ( .BOTH. , #1800 ) ;
#3229 =( LENGTH_UNIT ( ) NAMED_UNIT ( * ) SI_UNIT ( .MILLI., .METRE. ) );
#3230 = ADVANCED_FACE ( 'NONE', ( #2700, #1604 ), #1250, .T. ) ;
#3231 = ORIENTED_EDGE ( 'NONE', *, *, #2076, .T. ) ;
#3232 = PLANE ( 'NONE',  #1511 ) ;
#3233 =( BOUNDED_CURVE ( )  B_SPLINE_CURVE ( 2, ( #4341, #3308, #4387 ),
 .UNSPECIFIED., .F., .F. ) 
 B_SPLINE_CURVE_WITH_KNOTS ( ( 3, 3 ),
 ( 0.000000000000000000, 0.07523701006122331114 ),
 .UNSPECIFIED. ) 
 CURVE ( )  GEOMETRIC_REPRESENTATION_ITEM ( )  RATIONAL_B_SPLINE_CURVE ( ( 1.000000000000000000, 1.037954849302039850, 1.000000000000000000 ) ) 
 REPRESENTATION_ITEM ( '' )  );
#3234 = FILL_AREA_STYLE_COLOUR ( '', #841 ) ;
#3235 = STYLED_ITEM ( 'NONE', ( #1149 ), #4319 ) ;
#3236 = DIRECTION ( 'NONE',  ( 1.000000000000000000, 0.000000000000000000, 0.000000000000000000 ) ) ;
#3237 = ORIENTED_EDGE ( 'NONE', *, *, #1636, .F. ) ;
#3238 = EDGE_CURVE ( 'NONE', #3268, #3010, #2316, .T. ) ;
#3239 = SURFACE_SIDE_STYLE ('',( #1376 ) ) ;
#3240 = DIRECTION ( 'NONE',  ( 0.4999999999999998890, -0.8660254037844387076, 0.000000000000000000 ) ) ;
#3241 = VECTOR ( 'NONE', #1772, 1000.000000000000000 ) ;
#3242 = EDGE_CURVE ( 'NONE', #1846, #480, #4447, .T. ) ;
#3243 = CARTESIAN_POINT ( 'NONE',  ( 7.264499999999999957, -6.870195508003229534, 0.5000000000000000000 ) ) ;
#3244 = ORIENTED_EDGE ( 'NONE', *, *, #52, .T. ) ;
#3245 = ORIENTED_EDGE ( 'NONE', *, *, #593, .T. ) ;
#3246 = CARTESIAN_POINT ( 'NONE',  ( -9.674999999999998934, 12.50000000000000000, 1.200153863164403387E-15 ) ) ;
#3247 = CARTESIAN_POINT ( 'NONE',  ( 7.443375672974069879, 6.129804491996769578, -6.125000000000000000 ) ) ;
#3248 = EDGE_CURVE ( 'NONE', #2800, #2730, #4521, .T. ) ;
#3249 = DIRECTION ( 'NONE',  ( 0.000000000000000000, 0.000000000000000000, 1.000000000000000000 ) ) ;
#3250 = CIRCLE ( 'NONE', #4296, 9.924999999999998934 ) ;
#3251 = EDGE_LOOP ( 'NONE', ( #3077, #3609, #3732, #4518, #2090, #1102 ) ) ;
#3252 = CARTESIAN_POINT ( 'NONE',  ( 8.500000000000000000, 6.129804491996769578, -4.424999999999999822 ) ) ;
#3253 = CARTESIAN_POINT ( 'NONE',  ( 5.278312163512969946, -5.620195508003230422, -6.125000000000000000 ) ) ;
#3254 = LINE ( 'NONE', #1457, #937 ) ;
#3255 = FACE_OUTER_BOUND ( 'NONE', #3336, .T. ) ;
#3256 =( GEOMETRIC_REPRESENTATION_CONTEXT ( 3 ) GLOBAL_UNCERTAINTY_ASSIGNED_CONTEXT ( ( #3120 ) ) GLOBAL_UNIT_ASSIGNED_CONTEXT ( ( #1339, #2056, #4609 ) ) REPRESENTATION_CONTEXT ( 'NONE', 'WORKASPACE' ) );
#3257 = ORIENTED_EDGE ( 'NONE', *, *, #3067, .F. ) ;
#3258 = DIRECTION ( 'NONE',  ( -1.000000000000000000, 0.000000000000000000, 0.000000000000000000 ) ) ;
#3259 = COLOUR_RGB ( '',0.9607843137254902244, 0.9607843137254902244, 0.9647058823529411908 ) ;
#3260 = DIRECTION ( 'NONE',  ( 0.9132291307658646495, 0.000000000000000000, -0.4074463826328849070 ) ) ;
#3261 = DIRECTION ( 'NONE',  ( 0.000000000000000000, 0.000000000000000000, 1.000000000000000000 ) ) ;
#3262 = EDGE_LOOP ( 'NONE', ( #2295, #4358, #3303, #2836 ) ) ;
#3263 = DIRECTION ( 'NONE',  ( 0.000000000000000000, 0.000000000000000000, 1.000000000000000000 ) ) ;
#3264 = EDGE_CURVE ( 'NONE', #4320, #1702, #4227, .T. ) ;
#3265 = CARTESIAN_POINT ( 'NONE',  ( 5.613036138620631554, -3.638468476406193641, -8.188625435324311752 ) ) ;
#3266 = CARTESIAN_POINT ( 'NONE',  ( 4.625000000000000888, -6.870195508003229534, 5.450000000000000178 ) ) ;
#3267 = ORIENTED_EDGE ( 'NONE', *, *, #4555, .F. ) ;
#3268 = VERTEX_POINT ( 'NONE', #3090 ) ;
#3269 = DIRECTION ( 'NONE',  ( -1.224646799147350002E-16, 0.000000000000000000, 1.000000000000000000 ) ) ;
#3270 = UNCERTAINTY_MEASURE_WITH_UNIT (LENGTH_MEASURE( 1.000000000000000082E-05 ), #1557, 'distance_accuracy_value', 'NONE');
#3271 = CARTESIAN_POINT ( 'NONE',  ( 4.737208033232354509, 9.124524000791105038, -8.721534898532611990 ) ) ;
#3272 = CARTESIAN_POINT ( 'NONE',  ( 6.000000000000000000, 6.129804491996769578, -7.424999999999999822 ) ) ;
#3273 = EDGE_LOOP ( 'NONE', ( #3544, #1543, #94, #3817, #2889, #790 ) ) ;
#3274 = AXIS2_PLACEMENT_3D ( 'NONE', #2186, #3599, #1523 ) ;
#3275 = ADVANCED_FACE ( 'NONE', ( #4479 ), #1229, .F. ) ;
#3276 = DIRECTION ( 'NONE',  ( 0.000000000000000000, 0.000000000000000000, 1.000000000000000000 ) ) ;
#3277 =( NAMED_UNIT ( * ) PLANE_ANGLE_UNIT ( ) SI_UNIT ( $, .RADIAN. ) );
#3278 = CARTESIAN_POINT ( 'NONE',  ( 6.000000000000000000, 6.129804491996769578, 2.575000000000000178 ) ) ;
#3279 = CONICAL_SURFACE ( 'NONE', #4252, 9.799999999999998934, 0.7853981633974511656 ) ;
#3280 = CIRCLE ( 'NONE', #720, 1.250000000000000222 ) ;
#3281 = ORIENTED_EDGE ( 'NONE', *, *, #2374, .F. ) ;
#3282 = DIRECTION ( 'NONE',  ( 0.000000000000000000, 0.000000000000000000, 1.000000000000000000 ) ) ;
#3283 = CARTESIAN_POINT ( 'NONE',  ( 0.000000000000000000, 12.37500000000000000, 0.000000000000000000 ) ) ;
#3284 = CARTESIAN_POINT ( 'NONE',  ( -2.570762939837112793, -12.36882298090319665, -0.5000000000000000000 ) ) ;
#3285 = EDGE_LOOP ( 'NONE', ( #1447, #96, #375, #3156, #2495, #1010 ) ) ;
#3286 = COLOUR_RGB ( '',0.9607843137254902244, 0.9607843137254902244, 0.9647058823529411908 ) ;
#3287 =( GEOMETRIC_REPRESENTATION_CONTEXT ( 3 ) GLOBAL_UNCERTAINTY_ASSIGNED_CONTEXT ( ( #940 ) ) GLOBAL_UNIT_ASSIGNED_CONTEXT ( ( #3205, #4399, #4469 ) ) REPRESENTATION_CONTEXT ( 'NONE', 'WORKASPACE' ) );
#3288 = AXIS2_PLACEMENT_3D ( 'NONE', #3087, #3703, #3014 ) ;
#3289 = CIRCLE ( 'NONE', #3965, 1.463499999999999579 ) ;
#3290 = CARTESIAN_POINT ( 'NONE',  ( 5.813612252745436138, -3.625776302675194795, -8.044112694655146001 ) ) ;
#3291 =( NAMED_UNIT ( * ) PLANE_ANGLE_UNIT ( ) SI_UNIT ( $, .RADIAN. ) );
#3292 = EDGE_LOOP ( 'NONE', ( #3335, #2646, #4174 ) ) ;
#3293 = EDGE_CURVE ( 'NONE', #2325, #1295, #240, .T. ) ;
#3294 = CIRCLE ( 'NONE', #4623, 1.250000000000000222 ) ;
#3295 = CARTESIAN_POINT ( 'NONE',  ( 5.613036138618332949, 9.361531523594962323, -8.188625435325965540 ) ) ;
#3296 = ORIENTED_EDGE ( 'NONE', *, *, #4032, .T. ) ;
#3297 = EDGE_LOOP ( 'NONE', ( #3695, #4170, #4467 ) ) ;
#3298 = CYLINDRICAL_SURFACE ( 'NONE', #3504, 1.264499999999999957 ) ;
#3299 = SURFACE_SIDE_STYLE ('',( #3954 ) ) ;
#3300 = CARTESIAN_POINT ( 'NONE',  ( 2.704163456597989956, -0.5000000000000000000, 0.5000000000000000000 ) ) ;
#3301 = PLANE ( 'NONE',  #2049 ) ;
#3302 = EDGE_CURVE ( 'NONE', #4091, #603, #2937, .T. ) ;
#3303 = ORIENTED_EDGE ( 'NONE', *, *, #3092, .T. ) ;
#3304 = CARTESIAN_POINT ( 'NONE',  ( 8.750000000000000000, 6.129804491996769578, -7.424999999999999822 ) ) ;
#3305 = FILL_AREA_STYLE_COLOUR ( '', #1906 ) ;
#3306 = ORIENTED_EDGE ( 'NONE', *, *, #1299, .T. ) ;
#3307 = CARTESIAN_POINT ( 'NONE',  ( 6.000000000000000000, 6.129804491996769578, -6.125000000000000000 ) ) ;
#3308 = CARTESIAN_POINT ( 'NONE',  ( 5.084936490538901843, -5.955131998542138483, -7.231624327025945043 ) ) ;
#3309 = DIRECTION ( 'NONE',  ( 0.000000000000000000, 0.000000000000000000, 1.000000000000000000 ) ) ;
#3310 = VERTEX_POINT ( 'NONE', #2484 ) ;
#3311 = ADVANCED_FACE ( 'NONE', ( #1696 ), #2405, .F. ) ;
#3312 = CARTESIAN_POINT ( 'NONE',  ( 4.800576709299935629, 9.150520470302524245, -8.686811808626483611 ) ) ;
#3313 = DIRECTION ( 'NONE',  ( 0.000000000000000000, 0.000000000000000000, 1.000000000000000000 ) ) ;
#3314 = VERTEX_POINT ( 'NONE', #266 ) ;
#3315 = PRESENTATION_LAYER_ASSIGNMENT (  '', '', ( #4061 ) ) ;
#3316 = EDGE_CURVE ( 'NONE', #3194, #1262, #4613, .T. ) ;
#3317 = SURFACE_STYLE_FILL_AREA ( #2170 ) ;
#3318 = DIRECTION ( 'NONE',  ( 1.000000000000000000, 0.000000000000000000, 0.000000000000000000 ) ) ;
#3319 = PRESENTATION_LAYER_ASSIGNMENT (  '', '', ( #1214 ) ) ;
#3320 = ORIENTED_EDGE ( 'NONE', *, *, #109, .T. ) ;
#3321 = CARTESIAN_POINT ( 'NONE',  ( 7.443375672974060109, -6.870195508003229534, -7.424999999999999822 ) ) ;
#3322 = VECTOR ( 'NONE', #3446, 1000.000000000000000 ) ;
#3323 = CARTESIAN_POINT ( 'NONE',  ( 0.000000000000000000, -12.50000000000000000, 0.000000000000000000 ) ) ;
#3324 = DIRECTION ( 'NONE',  ( 0.000000000000000000, 0.000000000000000000, 1.000000000000000000 ) ) ;
#3325 = DIRECTION ( 'NONE',  ( 0.000000000000000000, 0.000000000000000000, 1.000000000000000000 ) ) ;
#3326 = MECHANICAL_DESIGN_GEOMETRIC_PRESENTATION_REPRESENTATION (  '', ( #4305 ), #2276 ) ;
#3327 = EDGE_CURVE ( 'NONE', #4396, #3361, #3894, .T. ) ;
#3328 = DIRECTION ( 'NONE',  ( 0.000000000000000000, 1.000000000000000000, 0.000000000000000000 ) ) ;
#3329 = CIRCLE ( 'NONE', #2433, 4.000000000000000000 ) ;
#3330 = CARTESIAN_POINT ( 'NONE',  ( 6.915063509461099045, 7.044868001457864182, -7.231624327025945043 ) ) ;
#3331 = ORIENTED_EDGE ( 'NONE', *, *, #2211, .F. ) ;
#3332 = CARTESIAN_POINT ( 'NONE',  ( 5.278312163512969946, -8.120195508003229534, -7.424999999999999822 ) ) ;
#3333 = DIRECTION ( 'NONE',  ( 1.000000000000000000, 0.000000000000000000, 0.000000000000000000 ) ) ;
#3334 = DIRECTION ( 'NONE',  ( 1.000000000000000000, 0.000000000000000000, 0.000000000000000000 ) ) ;
#3335 = ORIENTED_EDGE ( 'NONE', *, *, #470, .T. ) ;
#3336 = EDGE_LOOP ( 'NONE', ( #3998, #1675, #4614, #4009, #521 ) ) ;
#3337 = CARTESIAN_POINT ( 'NONE',  ( 3.193870836602239915, 4.475623209598368568, -9.397905606219513430 ) ) ;
#3338 = SURFACE_STYLE_FILL_AREA ( #4047 ) ;
#3339 = ORIENTED_EDGE ( 'NONE', *, *, #4536, .F. ) ;
#3340 = EDGE_CURVE ( 'NONE', #2922, #3541, #3867, .T. ) ;
#3341 = CARTESIAN_POINT ( 'NONE',  ( 6.000000000000000000, 6.129804491996769578, 0.5000000000000000000 ) ) ;
#3342 =( LENGTH_UNIT ( ) NAMED_UNIT ( * ) SI_UNIT ( .MILLI., .METRE. ) );
#3343 =( NAMED_UNIT ( * ) SI_UNIT ( $, .STERADIAN. ) SOLID_ANGLE_UNIT ( ) );
#3344 = AXIS2_PLACEMENT_3D ( 'NONE', #2625, #2869, #2570 ) ;
#3345 = CARTESIAN_POINT ( 'NONE',  ( -3.367778697655213616E-16, -12.50000000000000000, -2.750000000000001332 ) ) ;
#3346 = PLANE ( 'NONE',  #3728 ) ;
#3347 = CARTESIAN_POINT ( 'NONE',  ( 8.883974335847669934, 4.631408005691489471, -4.424999999999999822 ) ) ;
#3348 = PRESENTATION_LAYER_ASSIGNMENT (  '', '', ( #723 ) ) ;
#3349 = PRESENTATION_STYLE_ASSIGNMENT (( #1918 ) ) ;
#3350 = AXIS2_PLACEMENT_3D ( 'NONE', #2996, #887, #2972 ) ;
#3351 = AXIS2_PLACEMENT_3D ( 'NONE', #857, #510, #531 ) ;
#3352 = DIRECTION ( 'NONE',  ( 1.000000000000000000, 0.000000000000000000, 0.000000000000000000 ) ) ;
#3353 = ORIENTED_EDGE ( 'NONE', *, *, #2913, .F. ) ;
#3354 = EDGE_CURVE ( 'NONE', #1884, #961, #3161, .T. ) ;
#3355 = DIRECTION ( 'NONE',  ( 1.000000000000000000, 0.000000000000000000, 0.000000000000000000 ) ) ;
#3356 = MECHANICAL_DESIGN_GEOMETRIC_PRESENTATION_REPRESENTATION (  '', ( #131 ), #658 ) ;
#3357 = AXIS2_PLACEMENT_3D ( 'NONE', #163, #1593, #3031 ) ;
#3358 = UNCERTAINTY_MEASURE_WITH_UNIT (LENGTH_MEASURE( 1.000000000000000082E-05 ), #2872, 'distance_accuracy_value', 'NONE');
#3359 = SURFACE_SIDE_STYLE ('',( #4115 ) ) ;
#3360 = CARTESIAN_POINT ( 'NONE',  ( 2.704163456597989956, -12.50000000000000000, 0.5000000000000000000 ) ) ;
#3361 = VERTEX_POINT ( 'NONE', #1067 ) ;
#3362 = VECTOR ( 'NONE', #2102, 1000.000000000000000 ) ;
#3363 = VERTEX_POINT ( 'NONE', #1801 ) ;
#3364 = CARTESIAN_POINT ( 'NONE',  ( 6.721687836487029166, 4.879804491996770466, -6.125000000000000000 ) ) ;
#3365 = SURFACE_STYLE_USAGE ( .BOTH. , #1265 ) ;
#3366 = ORIENTED_EDGE ( 'NONE', *, *, #2282, .T. ) ;
#3367 = SURFACE_SIDE_STYLE ('',( #1911 ) ) ;
#3368 = DIRECTION ( 'NONE',  ( 0.000000000000000000, 0.000000000000000000, 1.000000000000000000 ) ) ;
#3369 = ADVANCED_FACE ( 'NONE', ( #2850 ), #314, .T. ) ;
#3370 = CARTESIAN_POINT ( 'NONE',  ( 8.750000000000000000, -6.870195508003229534, -7.424999999999999822 ) ) ;
#3371 = DIRECTION ( 'NONE',  ( 0.000000000000000000, -1.000000000000000000, 0.000000000000000000 ) ) ;
#3372 = EDGE_CURVE ( 'NONE', #2997, #2824, #977, .T. ) ;
#3373 = DIRECTION ( 'NONE',  ( 0.000000000000000000, 0.000000000000000000, 1.000000000000000000 ) ) ;
#3374 = ORIENTED_EDGE ( 'NONE', *, *, #1212, .F. ) ;
#3375 =( BOUNDED_CURVE ( )  B_SPLINE_CURVE ( 2, ( #3875, #1256, #3822 ),
 .UNSPECIFIED., .F., .F. ) 
 B_SPLINE_CURVE_WITH_KNOTS ( ( 3, 3 ),
 ( 0.07523701006122340829, 0.1504740201224469831 ),
 .UNSPECIFIED. ) 
 CURVE ( )  GEOMETRIC_REPRESENTATION_ITEM ( )  RATIONAL_B_SPLINE_CURVE ( ( 1.000000000000000000, 1.037954849302039850, 1.000000000000000000 ) ) 
 REPRESENTATION_ITEM ( '' )  );
#3376 = LINE ( 'NONE', #4136, #963 ) ;
#3377 = ORIENTED_EDGE ( 'NONE', *, *, #3804, .F. ) ;
#3378 = ORIENTED_EDGE ( 'NONE', *, *, #3782, .F. ) ;
#3379 = EDGE_CURVE ( 'NONE', #3310, #2958, #1069, .T. ) ;
#3380 = CARTESIAN_POINT ( 'NONE',  ( 5.567235533410649140, 2.908886621039680431, -8.216728866782670337 ) ) ;
#3381 = DIRECTION ( 'NONE',  ( 0.000000000000000000, -1.000000000000000000, 0.000000000000000000 ) ) ;
#3382 =( LENGTH_UNIT ( ) NAMED_UNIT ( * ) SI_UNIT ( .MILLI., .METRE. ) );
#3383 = CONICAL_SURFACE ( 'NONE', #1819, 2.625000000000000000, 0.7853981633974490562 ) ;
#3384 = ORIENTED_EDGE ( 'NONE', *, *, #4192, .F. ) ;
#3385 = CARTESIAN_POINT ( 'NONE',  ( 7.082531754730550411, -7.495195508003230422, -7.231624327025939714 ) ) ;
#3386 = COLOUR_RGB ( '',0.9607843137254902244, 0.9607843137254902244, 0.9647058823529411908 ) ;
#3387 = SURFACE_STYLE_USAGE ( .BOTH. , #4126 ) ;
#3388 = CARTESIAN_POINT ( 'NONE',  ( 4.896822962455065209, -7.494933843191797784, 8.633004459776335793 ) ) ;
#3389 = DIRECTION ( 'NONE',  ( 0.000000000000000000, -1.000000000000000000, 0.000000000000000000 ) ) ;
#3390 = SURFACE_STYLE_FILL_AREA ( #4524 ) ;
#3391 = COLOUR_RGB ( '',0.9607843137254902244, 0.9607843137254902244, 0.9647058823529411908 ) ;
#3392 = LINE ( 'NONE', #3771, #4080 ) ;
#3393 = SURFACE_SIDE_STYLE ('',( #3069 ) ) ;
#3394 = CARTESIAN_POINT ( 'NONE',  ( 5.278312163512969946, -8.120195508003229534, -7.424999999999999822 ) ) ;
#3395 = COLOUR_RGB ( '',0.9607843137254902244, 0.9607843137254902244, 0.9647058823529411908 ) ;
#3396 = DIRECTION ( 'NONE',  ( 1.000000000000000000, 0.000000000000000000, 0.000000000000000000 ) ) ;
#3397 = ADVANCED_FACE ( 'NONE', ( #3186 ), #3207, .F. ) ;
#3398 = PLANE ( 'NONE',  #455 ) ;
#3399 = CARTESIAN_POINT ( 'NONE',  ( 6.000000000000000000, 6.129804491996769578, -4.424999999999999822 ) ) ;
#3400 = STYLED_ITEM ( 'NONE', ( #3939 ), #2256 ) ;
#3401 = CARTESIAN_POINT ( 'NONE',  ( 7.500000000000000000, 6.129804491996769578, -4.424999999999999822 ) ) ;
#3402 = LINE ( 'NONE', #138, #575 ) ;
#3403 = ORIENTED_EDGE ( 'NONE', *, *, #400, .F. ) ;
#3404 = ORIENTED_EDGE ( 'NONE', *, *, #758, .T. ) ;
#3405 = AXIS2_PLACEMENT_3D ( 'NONE', #550, #529, #3768 ) ;
#3406 = DIRECTION ( 'NONE',  ( 1.000000000000000000, 0.000000000000000000, 0.000000000000000000 ) ) ;
#3407 = CARTESIAN_POINT ( 'NONE',  ( 6.000000000000000000, 6.129804491996769578, -4.424999999999999822 ) ) ;
#3408 = ORIENTED_EDGE ( 'NONE', *, *, #3216, .F. ) ;
#3409 = EDGE_CURVE ( 'NONE', #4390, #3949, #3013, .T. ) ;
#3410 = DIRECTION ( 'NONE',  ( 0.8660254037844387076, -0.4999999999999998890, 0.000000000000000000 ) ) ;
#3411 = CARTESIAN_POINT ( 'NONE',  ( 5.910598274765643367, -8.140306882685738543, 7.975323899731301402 ) ) ;
#3412 = ORIENTED_EDGE ( 'NONE', *, *, #1081, .F. ) ;
#3413 = DIRECTION ( 'NONE',  ( -1.000000000000000000, 0.000000000000000000, 0.000000000000000000 ) ) ;
#3414 = CARTESIAN_POINT ( 'NONE',  ( 0.000000000000000000, 0.000000000000000000, 0.000000000000000000 ) ) ;
#3415 = PRESENTATION_LAYER_ASSIGNMENT (  '', '', ( #3874 ) ) ;
#3416 = CARTESIAN_POINT ( 'NONE',  ( 9.912397540454078282, -12.25000000000000000, 0.5000000000000000000 ) ) ;
#3417 = CARTESIAN_POINT ( 'NONE',  ( 4.917468245269450478, -7.495195508003230422, -7.231624327025939714 ) ) ;
#3418 = PRESENTATION_LAYER_ASSIGNMENT (  '', '', ( #1997 ) ) ;
#3419 = CARTESIAN_POINT ( 'NONE',  ( 4.787291926293234745, -6.500104764867398188, 8.694136566213877870 ) ) ;
#3420 =( LENGTH_UNIT ( ) NAMED_UNIT ( * ) SI_UNIT ( .MILLI., .METRE. ) );
#3421 = CARTESIAN_POINT ( 'NONE',  ( 6.000000000000000000, -6.870195508003229534, 2.575000000000000178 ) ) ;
#3422 = VECTOR ( 'NONE', #4053, 1000.000000000000000 ) ;
#3423 = CARTESIAN_POINT ( 'NONE',  ( 6.353124182729301239, 4.906723594853842130, 7.627294339515772847 ) ) ;
#3424 = EDGE_CURVE ( 'NONE', #2185, #3803, #2870, .T. ) ;
#3425 = DIRECTION ( 'NONE',  ( 1.000000000000000000, 0.000000000000000000, 0.000000000000000000 ) ) ;
#3426 = ORIENTED_EDGE ( 'NONE', *, *, #1050, .T. ) ;
#3427 = ORIENTED_EDGE ( 'NONE', *, *, #2543, .T. ) ;
#3428 = VECTOR ( 'NONE', #712, 1000.000000000000000 ) ;
#3429 = DIRECTION ( 'NONE',  ( 0.000000000000000000, 0.000000000000000000, 1.000000000000000000 ) ) ;
#3430 = CARTESIAN_POINT ( 'NONE',  ( 4.286500000000000199, 6.129804491996769578, -4.424999999999999822 ) ) ;
#3431 = AXIS2_PLACEMENT_3D ( 'NONE', #394, #1146, #1536 ) ;
#3432 = CARTESIAN_POINT ( 'NONE',  ( 6.000000000000000000, -6.870195508003229534, -4.424999999999999822 ) ) ;
#3433 = ORIENTED_EDGE ( 'NONE', *, *, #323, .F. ) ;
#3434 = FACE_OUTER_BOUND ( 'NONE', #2074, .T. ) ;
#3435 = AXIS2_PLACEMENT_3D ( 'NONE', #1948, #2278, #1615 ) ;
#3436 = FILL_AREA_STYLE_COLOUR ( '', #3696 ) ;
#3437 = SURFACE_STYLE_USAGE ( .BOTH. , #2327 ) ;
#3438 = DIRECTION ( 'NONE',  ( 0.000000000000000000, 1.000000000000000000, 0.000000000000000000 ) ) ;
#3439 = EDGE_CURVE ( 'NONE', #1464, #1795, #2334, .T. ) ;
#3440 =( LENGTH_UNIT ( ) NAMED_UNIT ( * ) SI_UNIT ( .MILLI., .METRE. ) );
#3441 = DIRECTION ( 'NONE',  ( 0.000000000000000000, 0.000000000000000000, 1.000000000000000000 ) ) ;
#3442 = DIRECTION ( 'NONE',  ( -1.000000000000000000, 0.000000000000000000, 0.000000000000000000 ) ) ;
#3443 = ORIENTED_EDGE ( 'NONE', *, *, #1187, .F. ) ;
#3444 = EDGE_CURVE ( 'NONE', #216, #2309, #24, .T. ) ;
#3445 = CARTESIAN_POINT ( 'NONE',  ( 2.749911274450633325, -7.311790762098688390, -9.536436073878757469 ) ) ;
#3446 = DIRECTION ( 'NONE',  ( 0.000000000000000000, 0.000000000000000000, 1.000000000000000000 ) ) ;
#3447 = DIRECTION ( 'NONE',  ( -1.000000000000000000, 1.922962686383559872E-16, 0.000000000000000000 ) ) ;
#3448 = UNCERTAINTY_MEASURE_WITH_UNIT (LENGTH_MEASURE( 1.000000000000000082E-05 ), #1096, 'distance_accuracy_value', 'NONE');
#3449 = FILL_AREA_STYLE_COLOUR ( '', #2754 ) ;
#3450 = CARTESIAN_POINT ( 'NONE',  ( 5.278312163512969946, 7.379804491996769578, -6.125000000000000000 ) ) ;
#3451 = PLANE ( 'NONE',  #4109 ) ;
#3452 = ORIENTED_EDGE ( 'NONE', *, *, #769, .T. ) ;
#3453 = EDGE_LOOP ( 'NONE', ( #645, #3860, #3924 ) ) ;
#3454 = ADVANCED_FACE ( 'NONE', ( #1046 ), #691, .F. ) ;
#3455 = CONICAL_SURFACE ( 'NONE', #1200, 0.6249999999999996669, 1.151140265157619913 ) ;
#3456 = DIRECTION ( 'NONE',  ( 0.000000000000000000, 0.000000000000000000, 1.000000000000000000 ) ) ;
#3457 = FACE_OUTER_BOUND ( 'NONE', #4378, .T. ) ;
#3458 =( NAMED_UNIT ( * ) SI_UNIT ( $, .STERADIAN. ) SOLID_ANGLE_UNIT ( ) );
#3459 = ORIENTED_EDGE ( 'NONE', *, *, #21, .F. ) ;
#3460 = CARTESIAN_POINT ( 'NONE',  ( -6.774999999999999467, -1.240391016006469949, -4.712499999999999467 ) ) ;
#3461 = EDGE_CURVE ( 'NONE', #1060, #4085, #62, .T. ) ;
#3462 =( LENGTH_UNIT ( ) NAMED_UNIT ( * ) SI_UNIT ( .MILLI., .METRE. ) );
#3463 = SURFACE_STYLE_FILL_AREA ( #689 ) ;
#3464 = MECHANICAL_DESIGN_GEOMETRIC_PRESENTATION_REPRESENTATION (  '', ( #3761 ), #385 ) ;
#3465 = CARTESIAN_POINT ( 'NONE',  ( 6.624604669041988636, -7.979471207184967163, 7.392727426443927996 ) ) ;
#3466 =( NAMED_UNIT ( * ) PLANE_ANGLE_UNIT ( ) SI_UNIT ( $, .RADIAN. ) );
#3467 = CARTESIAN_POINT ( 'NONE',  ( 4.556624327025939891, 6.129804491996769578, -6.125000000000000000 ) ) ;
#3468 = EDGE_LOOP ( 'NONE', ( #2188, #974, #1482, #799, #2474, #3786 ) ) ;
#3469 = CARTESIAN_POINT ( 'NONE',  ( 5.278312163512969946, 4.879804491996770466, -7.424999999999999822 ) ) ;
#3470 = ORIENTED_EDGE ( 'NONE', *, *, #593, .F. ) ;
#3471 = PRESENTATION_LAYER_ASSIGNMENT (  '', '', ( #160 ) ) ;
#3472 = CARTESIAN_POINT ( 'NONE',  ( 5.965557619806764578, -10.12424290375920855, -7.934637837582430464 ) ) ;
#3473 = CARTESIAN_POINT ( 'NONE',  ( 7.264499999999999957, 6.129804491996769578, 0.5000000000000000000 ) ) ;
#3474 = EDGE_CURVE ( 'NONE', #2393, #2861, #2960, .T. ) ;
#3475 = SURFACE_SIDE_STYLE ('',( #4288 ) ) ;
#3476 =( LENGTH_UNIT ( ) NAMED_UNIT ( * ) SI_UNIT ( .MILLI., .METRE. ) );
#3477 = AXIS2_PLACEMENT_3D ( 'NONE', #2152, #1492, #4006 ) ;
#3478 = ORIENTED_EDGE ( 'NONE', *, *, #3869, .T. ) ;
#3479 = VERTEX_POINT ( 'NONE', #406 ) ;
#3480 = VECTOR ( 'NONE', #1321, 1000.000000000000000 ) ;
#3481 = VECTOR ( 'NONE', #1415, 1000.000000000000000 ) ;
#3482 = CARTESIAN_POINT ( 'NONE',  ( 8.500000000000000000, -6.870195508003229534, -4.675000000000000711 ) ) ;
#3483 = DIRECTION ( 'NONE',  ( 0.000000000000000000, 0.000000000000000000, 1.000000000000000000 ) ) ;
#3484 = CARTESIAN_POINT ( 'NONE',  ( -4.898587196589400010E-16, 6.000000000000000000, -4.000000000000000000 ) ) ;
#3485 = ORIENTED_EDGE ( 'NONE', *, *, #1075, .F. ) ;
#3486 = AXIS2_PLACEMENT_3D ( 'NONE', #4284, #3159, #2404 ) ;
#3487 = DIRECTION ( 'NONE',  ( 1.000000000000000000, 0.000000000000000000, 0.000000000000000000 ) ) ;
#3488 = DIRECTION ( 'NONE',  ( 0.000000000000000000, -1.000000000000000000, 0.000000000000000000 ) ) ;
#3489 = CARTESIAN_POINT ( 'NONE',  ( 4.735500000000000043, 6.129804491996769578, 0.5000000000000000000 ) ) ;
#3490 = CARTESIAN_POINT ( 'NONE',  ( 4.917468245269450478, 5.504804491996769578, -6.125000000000000000 ) ) ;
#3491 = DIRECTION ( 'NONE',  ( 0.000000000000000000, 0.000000000000000000, 1.000000000000000000 ) ) ;
#3492 = EDGE_CURVE ( 'NONE', #2109, #1690, #3250, .T. ) ;
#3493 = EDGE_LOOP ( 'NONE', ( #4438, #2213 ) ) ;
#3494 = DIRECTION ( 'NONE',  ( -1.000000000000000000, 0.000000000000000000, -1.224646799147350249E-16 ) ) ;
#3495 = SURFACE_SIDE_STYLE ('',( #2510 ) ) ;
#3496 = ORIENTED_EDGE ( 'NONE', *, *, #4499, .T. ) ;
#3497 = CARTESIAN_POINT ( 'NONE',  ( 2.836806855385529236, -7.735218211977313629, -9.512621496432538848 ) ) ;
#3498 = CARTESIAN_POINT ( 'NONE',  ( 6.970881887812903521, -6.056000522732783331, 7.065199028248644098 ) ) ;
#3499 = CYLINDRICAL_SURFACE ( 'NONE', #1431, 1.499999999999999556 ) ;
#3500 = UNCERTAINTY_MEASURE_WITH_UNIT (LENGTH_MEASURE( 1.000000000000000082E-05 ), #4575, 'distance_accuracy_value', 'NONE');
#3501 = DIRECTION ( 'NONE',  ( 0.000000000000000000, 0.000000000000000000, 1.000000000000000000 ) ) ;
#3502 = AXIS2_PLACEMENT_3D ( 'NONE', #3903, #2726, #679 ) ;
#3503 =( LENGTH_UNIT ( ) NAMED_UNIT ( * ) SI_UNIT ( .MILLI., .METRE. ) );
#3504 = AXIS2_PLACEMENT_3D ( 'NONE', #3421, #907, #1332 ) ;
#3505 = ADVANCED_FACE ( 'NONE', ( #2194 ), #2417, .T. ) ;
#3506 = CARTESIAN_POINT ( 'NONE',  ( 5.278312163512969946, -5.620195508003230422, -7.424999999999999822 ) ) ;
#3507 = ORIENTED_EDGE ( 'NONE', *, *, #3173, .T. ) ;
#3508 = ORIENTED_EDGE ( 'NONE', *, *, #1164, .T. ) ;
#3509 = CLOSED_SHELL ( 'NONE', ( #3022, #308, #1218, #2251, #4508, #1329, #3936, #1175, #3722, #1650, #183, #3882, #3571, #2968, #4107, #675, #2024, #3605, #1825, #4425, #4124, #4295, #1917, #4319, #2896, #1241, #2727, #4465, #1707, #2261, #2855, #4569, #4071, #3862, #2647, #2471, #284, #4011, #814, #1532, #2994, #245, #30, #1882, #1776, #2256, #249, #1683, #3454, #3551, #3275, #568 ) ) ;
#3510 = CARTESIAN_POINT ( 'NONE',  ( 8.312704334835260056, 3.846311719792865791, -5.422651560781378777 ) ) ;
#3511 = CARTESIAN_POINT ( 'NONE',  ( 8.418042228345266054, -4.698532723160291802, -5.257642468255476764 ) ) ;
#3512 = CIRCLE ( 'NONE', #4180, 3.250000000000000000 ) ;
#3513 = CIRCLE ( 'NONE', #1708, 1.499999999999999556 ) ;
#3514 = VERTEX_POINT ( 'NONE', #4024 ) ;
#3515 = SURFACE_SIDE_STYLE ('',( #2853 ) ) ;
#3516 = AXIS2_PLACEMENT_3D ( 'NONE', #4237, #3573, #3155 ) ;
#3517 = DIRECTION ( 'NONE',  ( 0.000000000000000000, 0.000000000000000000, 1.000000000000000000 ) ) ;
#3518 = DIRECTION ( 'NONE',  ( 0.000000000000000000, 0.000000000000000000, 1.000000000000000000 ) ) ;
#3519 = VERTEX_POINT ( 'NONE', #2939 ) ;
#3520 = VECTOR ( 'NONE', #821, 1000.000000000000000 ) ;
#3521 = PRESENTATION_STYLE_ASSIGNMENT (( #3916 ) ) ;
#3522 = EDGE_CURVE ( 'NONE', #22, #1184, #101, .T. ) ;
#3523 = ORIENTED_EDGE ( 'NONE', *, *, #1631, .T. ) ;
#3524 = CARTESIAN_POINT ( 'NONE',  ( 7.595531190003188549, -9.701638844209023560, -6.388603866970569811 ) ) ;
#3525 = CARTESIAN_POINT ( 'NONE',  ( 0.000000000000000000, -1.250000000000000000, 0.000000000000000000 ) ) ;
#3526 = CIRCLE ( 'NONE', #4340, 2.500000000000000000 ) ;
#3527 = EDGE_CURVE ( 'NONE', #2962, #2666, #678, .T. ) ;
#3528 = DIRECTION ( 'NONE',  ( 0.000000000000000000, -1.000000000000000000, 0.000000000000000000 ) ) ;
#3529 = ORIENTED_EDGE ( 'NONE', *, *, #604, .T. ) ;
#3530 = ORIENTED_EDGE ( 'NONE', *, *, #3772, .F. ) ;
#3531 = CARTESIAN_POINT ( 'NONE',  ( 6.000000000000000000, -6.870195508003229534, -6.125000000000000000 ) ) ;
#3532 = FACE_OUTER_BOUND ( 'NONE', #1624, .T. ) ;
#3533 = CARTESIAN_POINT ( 'NONE',  ( 4.962499999999999467, 12.50000000000000000, 0.5000000000000000000 ) ) ;
#3534 = ORIENTED_EDGE ( 'NONE', *, *, #928, .T. ) ;
#3535 = CARTESIAN_POINT ( 'NONE',  ( 5.455589819687530984, 7.281897597596879379, 8.293066161675557879 ) ) ;
#3536 = VECTOR ( 'NONE', #165, 1000.000000000000000 ) ;
#3537 = EDGE_CURVE ( 'NONE', #211, #1393, #4048, .T. ) ;
#3538 = CARTESIAN_POINT ( 'NONE',  ( -9.924999999999998934, -12.25000000000000000, 1.215461948153744886E-15 ) ) ;
#3539 = CARTESIAN_POINT ( 'NONE',  ( 6.000000000000000000, 6.129804491996769578, 5.575000000000000178 ) ) ;
#3540 = CARTESIAN_POINT ( 'NONE',  ( 6.721687836487029166, 7.379804491996769578, -7.424999999999999822 ) ) ;
#3541 = VERTEX_POINT ( 'NONE', #4001 ) ;
#3542 = CARTESIAN_POINT ( 'NONE',  ( 7.713499999999999801, -6.870195508003229534, -4.174999999999999822 ) ) ;
#3543 = LINE ( 'NONE', #3589, #2512 ) ;
#3544 = ORIENTED_EDGE ( 'NONE', *, *, #1644, .F. ) ;
#3545 = CONICAL_SURFACE ( 'NONE', #3094, 9.799999999999998934, 0.7853981633974511656 ) ;
#3546 = AXIS2_PLACEMENT_3D ( 'NONE', #3542, #17, #360 ) ;
#3547 = AXIS2_PLACEMENT_3D ( 'NONE', #1652, #4198, #1319 ) ;
#3548 = PRESENTATION_STYLE_ASSIGNMENT (( #1032 ) ) ;
#3549 = FACE_OUTER_BOUND ( 'NONE', #3104, .T. ) ;
#3550 = ORIENTED_EDGE ( 'NONE', *, *, #4213, .T. ) ;
#3551 = ADVANCED_FACE ( 'NONE', ( #2526, #739 ), #3301, .F. ) ;
#3552 = ORIENTED_EDGE ( 'NONE', *, *, #1597, .T. ) ;
#3553 = VECTOR ( 'NONE', #1186, 1000.000000000000000 ) ;
#3554 = CONICAL_SURFACE ( 'NONE', #4301, 0.6249999999999996669, 1.151140265157619913 ) ;
#3555 = CARTESIAN_POINT ( 'NONE',  ( 6.721687836487029166, -5.620195508003230422, -7.424999999999999822 ) ) ;
#3556 = ORIENTED_EDGE ( 'NONE', *, *, #3099, .T. ) ;
#3557 = AXIS2_PLACEMENT_3D ( 'NONE', #1, #4249, #1807 ) ;
#3558 = CARTESIAN_POINT ( 'NONE',  ( 7.110544477514536332, 6.740609362674715221, 6.924487027876485179 ) ) ;
#3559 = CYLINDRICAL_SURFACE ( 'NONE', #3576, 2.500000000000000000 ) ;
#3560 = CARTESIAN_POINT ( 'NONE',  ( 4.917468245269450478, 6.754804491996770466, -7.231624327025939714 ) ) ;
#3561 = SURFACE_STYLE_FILL_AREA ( #4285 ) ;
#3562 = AXIS2_PLACEMENT_3D ( 'NONE', #3681, #2966, #411 ) ;
#3563 = CARTESIAN_POINT ( 'NONE',  ( 5.278312163512969946, 4.879804491996770466, -7.424999999999999822 ) ) ;
#3564 = EDGE_CURVE ( 'NONE', #1759, #692, #2866, .T. ) ;
#3565 = ORIENTED_EDGE ( 'NONE', *, *, #212, .T. ) ;
#3566 = ORIENTED_EDGE ( 'NONE', *, *, #4226, .F. ) ;
#3567 =( LENGTH_UNIT ( ) NAMED_UNIT ( * ) SI_UNIT ( .MILLI., .METRE. ) );
#3568 = DIRECTION ( 'NONE',  ( 0.000000000000000000, 1.000000000000000000, 0.000000000000000000 ) ) ;
#3569 = VERTEX_POINT ( 'NONE', #4291 ) ;
#3570 = ORIENTED_EDGE ( 'NONE', *, *, #1276, .F. ) ;
#3571 = ADVANCED_FACE ( 'NONE', ( #760 ), #3607, .F. ) ;
#3572 = CARTESIAN_POINT ( 'NONE',  ( 8.883974335847669934, 7.628200978302050572, -4.424999999999999822 ) ) ;
#3573 = DIRECTION ( 'NONE',  ( 0.000000000000000000, 0.000000000000000000, 1.000000000000000000 ) ) ;
#3574 = EDGE_LOOP ( 'NONE', ( #4066, #3590, #2656 ) ) ;
#3575 = CARTESIAN_POINT ( 'NONE',  ( 6.000000000000000000, -8.120195508003229534, -6.125000000000000000 ) ) ;
#3576 = AXIS2_PLACEMENT_3D ( 'NONE', #3933, #3952, #1484 ) ;
#3577 = EDGE_CURVE ( 'NONE', #626, #2141, #3587, .T. ) ;
#3578 = DIRECTION ( 'NONE',  ( 0.000000000000000000, 0.000000000000000000, 1.000000000000000000 ) ) ;
#3579 = FACE_OUTER_BOUND ( 'NONE', #1552, .T. ) ;
#3580 = STYLED_ITEM ( 'NONE', ( #3893 ), #183 ) ;
#3581 =( GEOMETRIC_REPRESENTATION_CONTEXT ( 3 ) GLOBAL_UNCERTAINTY_ASSIGNED_CONTEXT ( ( #4114 ) ) GLOBAL_UNIT_ASSIGNED_CONTEXT ( ( #173, #3794, #1607 ) ) REPRESENTATION_CONTEXT ( 'NONE', 'WORKASPACE' ) );
#3582 = VERTEX_POINT ( 'NONE', #2875 ) ;
#3583 = CARTESIAN_POINT ( 'NONE',  ( 6.721687836487029166, -5.620195508003230422, -6.125000000000000000 ) ) ;
#3584 = B_SPLINE_CURVE_WITH_KNOTS ( 'NONE', 3,
 ( #915, #1311, #564, #1646, #592, #3809, #965, #3511, #2425, #2757, #3082, #4564, #2783, #4189, #3858, #2079, #2733, #2397, #4515, #3759, #614, #1287, #544, #285, #1715, #4586, #1357, #2805, #465, #1470, #2248, #3665, #2449, #661, #3290, #3265, #1852, #787, #3884, #4388, #442, #3989, #71, #414, #4342, #766, #1101, #2586, #2101, #1897, #2949, #2881, #1125, #1876, #746, #1166, #4316 ),
 .UNSPECIFIED., .F., .F.,
 ( 4, 2, 2, 1, 2, 2, 2, 1, 1, 2, 2, 2, 1, 1, 2, 2, 2, 1, 1, 1, 2, 2, 2, 2, 1, 2, 2, 2, 2, 2, 2, 2, 4 ),
 ( 0.000000000000000000, 0.03125000000000253270, 0.04687500000000380251, 0.05468750000000448946, 0.05859375000000485029, 0.06250000000000521805, 0.09375000000000807687, 0.1093750000000094785, 0.1171875000000101030, 0.1210937500000103667, 0.1250000000000106304, 0.1562500000000127398, 0.1718750000000137668, 0.1796875000000142941, 0.1835937500000145439, 0.1875000000000147937, 0.2187500000000165978, 0.2343750000000174305, 0.2421875000000178191, 0.2460937500000179023, 0.2480468750000179023, 0.2500000000000179301, 0.2812500000000161537, 0.2968750000000151545, 0.3046875000000147660, 0.3085937500000145439, 0.3125000000000142664, 0.3437500000000121014, 0.3593750000000109912, 0.3671875000000103806, 0.3750000000000097700, 0.4375000000000049405, 0.5000000000000000000 ),
 .UNSPECIFIED. ) ;
#3585 = COLOUR_RGB ( '',0.9607843137254902244, 0.9607843137254902244, 0.9647058823529411908 ) ;
#3586 = CARTESIAN_POINT ( 'NONE',  ( 5.084936490538901843, 5.214740982535667868, -7.231624327025945043 ) ) ;
#3587 = LINE ( 'NONE', #2176, #1074 ) ;
#3588 = EDGE_CURVE ( 'NONE', #761, #1283, #2725, .T. ) ;
#3589 = CARTESIAN_POINT ( 'NONE',  ( 1.612500000000000044, -0.2403910160064690049, -0.5000000000000000000 ) ) ;
#3590 = ORIENTED_EDGE ( 'NONE', *, *, #3522, .T. ) ;
#3591 = VECTOR ( 'NONE', #1738, 1000.000000000000000 ) ;
#3592 =( LENGTH_UNIT ( ) NAMED_UNIT ( * ) SI_UNIT ( .MILLI., .METRE. ) );
#3593 = VECTOR ( 'NONE', #208, 1000.000000000000000 ) ;
#3594 = EDGE_CURVE ( 'NONE', #1412, #3648, #1520, .T. ) ;
#3595 = DIRECTION ( 'NONE',  ( 1.000000000000000000, 0.000000000000000000, 0.000000000000000000 ) ) ;
#3596 = ORIENTED_EDGE ( 'NONE', *, *, #98, .F. ) ;
#3597 = VERTEX_POINT ( 'NONE', #3634 ) ;
#3598 = UNCERTAINTY_MEASURE_WITH_UNIT (LENGTH_MEASURE( 1.000000000000000082E-05 ), #2160, 'distance_accuracy_value', 'NONE');
#3599 = DIRECTION ( 'NONE',  ( 0.000000000000000000, -1.000000000000000000, 0.000000000000000000 ) ) ;
#3600 = CARTESIAN_POINT ( 'NONE',  ( 4.556624327025930121, -6.870195508003229534, -7.424999999999999822 ) ) ;
#3601 = ORIENTED_EDGE ( 'NONE', *, *, #672, .F. ) ;
#3602 = FACE_BOUND ( 'NONE', #103, .T. ) ;
#3603 = CARTESIAN_POINT ( 'NONE',  ( 6.000000000000000000, -6.870195508003229534, 2.575000000000000178 ) ) ;
#3604 = ORIENTED_EDGE ( 'NONE', *, *, #222, .T. ) ;
#3605 = ADVANCED_FACE ( 'NONE', ( #410 ), #999, .F. ) ;
#3606 = DIRECTION ( 'NONE',  ( 0.000000000000000000, 0.000000000000000000, 1.000000000000000000 ) ) ;
#3607 = CYLINDRICAL_SURFACE ( 'NONE', #3477, 2.500000000000000000 ) ;
#3608 = CONICAL_SURFACE ( 'NONE', #11, 4.125000000000000000, 0.7853981633974511656 ) ;
#3609 = ORIENTED_EDGE ( 'NONE', *, *, #1455, .F. ) ;
#3610 = CARTESIAN_POINT ( 'NONE',  ( 5.278312163512969946, 4.879804491996770466, -7.424999999999999822 ) ) ;
#3611 = DIRECTION ( 'NONE',  ( 0.000000000000000000, 0.000000000000000000, -1.000000000000000000 ) ) ;
#3612 = DIRECTION ( 'NONE',  ( 1.922962686383559872E-16, 1.000000000000000000, 0.000000000000000000 ) ) ;
#3613 = CIRCLE ( 'NONE', #3546, 0.2500000000000002220 ) ;
#3614 = DIRECTION ( 'NONE',  ( 1.000000000000000000, 0.000000000000000000, 0.000000000000000000 ) ) ;
#3615 = ORIENTED_EDGE ( 'NONE', *, *, #3474, .F. ) ;
#3616 = ORIENTED_EDGE ( 'NONE', *, *, #3146, .F. ) ;
#3617 = EDGE_CURVE ( 'NONE', #626, #692, #3931, .T. ) ;
#3618 = CARTESIAN_POINT ( 'NONE',  ( -6.774999999999999467, 12.50000000000000000, -0.5000000000000000000 ) ) ;
#3619 = MECHANICAL_DESIGN_GEOMETRIC_PRESENTATION_REPRESENTATION (  '', ( #1728 ), #2797 ) ;
#3620 = AXIS2_PLACEMENT_3D ( 'NONE', #4268, #3518, #1343 ) ;
#3621 = CARTESIAN_POINT ( 'NONE',  ( 8.418042228347962563, 8.301467276835305498, -5.257642468251166434 ) ) ;
#3622 = DIRECTION ( 'NONE',  ( 0.000000000000000000, 0.000000000000000000, 1.000000000000000000 ) ) ;
#3623 = AXIS2_PLACEMENT_3D ( 'NONE', #3370, #1939, #2740 ) ;
#3624 = VERTEX_POINT ( 'NONE', #4568 ) ;
#3625 = SURFACE_STYLE_USAGE ( .BOTH. , #490 ) ;
#3626 = CARTESIAN_POINT ( 'NONE',  ( 4.917468245269450478, 6.754804491996770466, -6.125000000000000000 ) ) ;
#3627 = SURFACE_STYLE_USAGE ( .BOTH. , #2241 ) ;
#3628 = SURFACE_STYLE_USAGE ( .BOTH. , #1486 ) ;
#3629 = DIRECTION ( 'NONE',  ( -1.000000000000000000, 0.000000000000000000, 0.000000000000000000 ) ) ;
#3630 = EDGE_LOOP ( 'NONE', ( #3534, #719 ) ) ;
#3631 = DIRECTION ( 'NONE',  ( 0.000000000000000000, 0.000000000000000000, 1.000000000000000000 ) ) ;
#3632 = B_SPLINE_CURVE_WITH_KNOTS ( 'NONE', 3,
 ( #3015, #3725, #920, #2714, #881, #2314, #4523, #2007, #3465, #596, #4076, #3411, #1956, #193, #1555, #856, #4456, #1629, #3388, #3064, #2990, #1228, #1249, #2673 ),
 .UNSPECIFIED., .F., .F.,
 ( 4, 2, 2, 2, 2, 2, 2, 2, 2, 2, 2, 4 ),
 ( 0.004494052720678984487, 0.005055603826433211455, 0.005336379379310325806, 0.005617154932187441024, 0.006178706037941669726, 0.006740257143695900163, 0.007301808249450129733, 0.007863359355204359302, 0.008144134908081473653, 0.008424910460958588004, 0.008705686013835704090, 0.008986461566712818441 ),
 .UNSPECIFIED. ) ;
#3633 =( NAMED_UNIT ( * ) PLANE_ANGLE_UNIT ( ) SI_UNIT ( $, .RADIAN. ) );
#3634 = CARTESIAN_POINT ( 'NONE',  ( 4.917468245269450478, -7.495195508003230422, -7.231624327025939714 ) ) ;
#3635 = MECHANICAL_DESIGN_GEOMETRIC_PRESENTATION_REPRESENTATION (  '', ( #3934 ), #3776 ) ;
#3636 = DIRECTION ( 'NONE',  ( -1.000000000000000000, 0.000000000000000000, 0.000000000000000000 ) ) ;
#3637 = EDGE_CURVE ( 'NONE', #3900, #4276, #1157, .T. ) ;
#3638 = ORIENTED_EDGE ( 'NONE', *, *, #2616, .F. ) ;
#3639 =( LENGTH_UNIT ( ) NAMED_UNIT ( * ) SI_UNIT ( .MILLI., .METRE. ) );
#3640 = AXIS2_PLACEMENT_3D ( 'NONE', #242, #1671, #1364 ) ;
#3641 = CARTESIAN_POINT ( 'NONE',  ( 6.000000000000000000, 6.129804491996769578, 5.450000000000000178 ) ) ;
#3642 = CARTESIAN_POINT ( 'NONE',  ( 6.000000000000000000, -6.870195508003229534, 5.361500000000000377 ) ) ;
#3643 = DIRECTION ( 'NONE',  ( 0.000000000000000000, 0.000000000000000000, 1.000000000000000000 ) ) ;
#3644 = ORIENTED_EDGE ( 'NONE', *, *, #4290, .F. ) ;
#3645 = FILL_AREA_STYLE ('',( #3994 ) ) ;
#3646 = CARTESIAN_POINT ( 'NONE',  ( 4.865826088749340528, 9.176211330668269994, -8.650648868774348799 ) ) ;
#3647 = CARTESIAN_POINT ( 'NONE',  ( 6.000000000000000000, -6.870195508003229534, 5.575000000000000178 ) ) ;
#3648 = VERTEX_POINT ( 'NONE', #710 ) ;
#3649 = COLOUR_RGB ( '',0.9607843137254902244, 0.9607843137254902244, 0.9647058823529411908 ) ;
#3650 = LINE ( 'NONE', #3253, #1468 ) ;
#3651 = CARTESIAN_POINT ( 'NONE',  ( 9.912397540454078282, 0.000000000000000000, -0.5000000000000000000 ) ) ;
#3652 = DIRECTION ( 'NONE',  ( 0.000000000000000000, 0.000000000000000000, 1.000000000000000000 ) ) ;
#3653 =( LENGTH_UNIT ( ) NAMED_UNIT ( * ) SI_UNIT ( .MILLI., .METRE. ) );
#3654 = STYLED_ITEM ( 'NONE', ( #355 ), #1747 ) ;
#3655 = ORIENTED_EDGE ( 'NONE', *, *, #1947, .T. ) ;
#3656 = AXIS2_PLACEMENT_3D ( 'NONE', #2246, #3389, #3324 ) ;
#3657 = CARTESIAN_POINT ( 'NONE',  ( 6.000000000000000000, 6.129804491996769578, -4.174999999999999822 ) ) ;
#3658 = EDGE_LOOP ( 'NONE', ( #4190, #3187 ) ) ;
#3659 = CARTESIAN_POINT ( 'NONE',  ( 9.912397540454078282, 12.25000000000000000, -0.5000000000000000000 ) ) ;
#3660 = COLOUR_RGB ( '',0.9607843137254902244, 0.9607843137254902244, 0.9647058823529411908 ) ;
#3661 = EDGE_CURVE ( 'NONE', #1740, #781, #3021, .T. ) ;
#3662 = MECHANICAL_DESIGN_GEOMETRIC_PRESENTATION_REPRESENTATION (  '', ( #65 ), #3056 ) ;
#3663 = DIRECTION ( 'NONE',  ( -0.7071067811865495711, -0.7071067811865455743, 8.659560562354932858E-17 ) ) ;
#3664 = PRESENTATION_LAYER_ASSIGNMENT (  '', '', ( #354 ) ) ;
#3665 = CARTESIAN_POINT ( 'NONE',  ( 5.873532684424260353, -3.622685656373423768, -8.000522965932507446 ) ) ;
#3666 = PLANE ( 'NONE',  #2687 ) ;
#3667 = EDGE_LOOP ( 'NONE', ( #4064, #3715, #4165, #1868 ) ) ;
#3668 = EDGE_CURVE ( 'NONE', #2562, #3829, #2584, .T. ) ;
#3669 = CONICAL_SURFACE ( 'NONE', #2312, 1.346687836487029832, 0.7853981633974476129 ) ;
#3670 = CARTESIAN_POINT ( 'NONE',  ( 0.000000000000000000, 6.000000000000000000, 0.000000000000000000 ) ) ;
#3671 = CARTESIAN_POINT ( 'NONE',  ( 2.836398107249935130, 6.993981102767867775, -9.512751433605863838 ) ) ;
#3672 = CARTESIAN_POINT ( 'NONE',  ( 8.750000000000000000, 6.129804491996769578, -4.675000000000000711 ) ) ;
#3673 = ORIENTED_EDGE ( 'NONE', *, *, #1121, .F. ) ;
#3674 = VERTEX_POINT ( 'NONE', #1797 ) ;
#3675 = DIRECTION ( 'NONE',  ( -1.000000000000000000, 1.922962686383559872E-16, 0.000000000000000000 ) ) ;
#3676 = CARTESIAN_POINT ( 'NONE',  ( -3.968626966596889627, 12.25000000000000000, 0.5000000000000000000 ) ) ;
#3677 = EDGE_LOOP ( 'NONE', ( #2286, #56, #4417, #686 ) ) ;
#3678 = ADVANCED_FACE ( 'NONE', ( #3836 ), #3554, .F. ) ;
#3679 = CARTESIAN_POINT ( 'NONE',  ( 1.612500000000000044, -0.2403910160064690049, -0.5000000000000000000 ) ) ;
#3680 = PRESENTATION_STYLE_ASSIGNMENT (( #2601 ) ) ;
#3681 = CARTESIAN_POINT ( 'NONE',  ( 0.000000000000000000, -1.250000000000000000, 0.000000000000000000 ) ) ;
#3682 = CARTESIAN_POINT ( 'NONE',  ( 4.556624327025939891, 6.129804491996769578, -7.424999999999999822 ) ) ;
#3683 = DIRECTION ( 'NONE',  ( 0.000000000000000000, 0.000000000000000000, 1.000000000000000000 ) ) ;
#3684 = FACE_OUTER_BOUND ( 'NONE', #3190, .T. ) ;
#3685 = TOROIDAL_SURFACE ( 'NONE', #4283, 2.500000000000000000, 0.2500000000000000000 ) ;
#3686 = VECTOR ( 'NONE', #2332, 1000.000000000000000 ) ;
#3687 = DIRECTION ( 'NONE',  ( -1.000000000000000000, 0.000000000000000000, 0.000000000000000000 ) ) ;
#3688 = FACE_OUTER_BOUND ( 'NONE', #3273, .T. ) ;
#3689 = CARTESIAN_POINT ( 'NONE',  ( -9.924999999999998934, 12.25000000000000000, 1.215461948153744886E-15 ) ) ;
#3690 = ORIENTED_EDGE ( 'NONE', *, *, #2477, .F. ) ;
#3691 = CARTESIAN_POINT ( 'NONE',  ( 4.746118989250244447, 5.941467797771710302, 8.716681342374922536 ) ) ;
#3692 = EDGE_CURVE ( 'NONE', #683, #2243, #3070, .T. ) ;
#3693 = CYLINDRICAL_SURFACE ( 'NONE', #359, 2.750000000000000888 ) ;
#3694 = EDGE_LOOP ( 'NONE', ( #281, #4627, #932, #1407 ) ) ;
#3695 = ORIENTED_EDGE ( 'NONE', *, *, #1644, .T. ) ;
#3696 = COLOUR_RGB ( '',0.1725490196078431349, 0.1725490196078431349, 0.1725490196078431349 ) ;
#3697 = CARTESIAN_POINT ( 'NONE',  ( 6.941639071038698816, 3.015670958119585965, -7.096768364768682780 ) ) ;
#3698 = AXIS2_PLACEMENT_3D ( 'NONE', #2085, #2831, #4572 ) ;
#3699 = DIRECTION ( 'NONE',  ( 1.000000000000000000, 0.000000000000000000, 0.000000000000000000 ) ) ;
#3700 = FILL_AREA_STYLE ('',( #780 ) ) ;
#3701 = EDGE_LOOP ( 'NONE', ( #1878, #1826, #851, #2981 ) ) ;
#3702 = CARTESIAN_POINT ( 'NONE',  ( 6.000000000000000000, 6.129804491996769578, 0.4500000000000000111 ) ) ;
#3703 = DIRECTION ( 'NONE',  ( 0.000000000000000000, -1.000000000000000000, 0.000000000000000000 ) ) ;
#3704 = LINE ( 'NONE', #485, #3422 ) ;
#3705 = EDGE_CURVE ( 'NONE', #1338, #216, #4629, .T. ) ;
#3706 = PRESENTATION_STYLE_ASSIGNMENT (( #1514 ) ) ;
#3707 = AXIS2_PLACEMENT_3D ( 'NONE', #3966, #2179, #2857 ) ;
#3708 = DIRECTION ( 'NONE',  ( 1.000000000000000000, 0.000000000000000000, 0.000000000000000000 ) ) ;
#3709 = CARTESIAN_POINT ( 'NONE',  ( 6.000000000000000000, -6.870195508003229534, 2.575000000000000178 ) ) ;
#3710 = VERTEX_POINT ( 'NONE', #3575 ) ;
#3711 = FACE_OUTER_BOUND ( 'NONE', #4616, .T. ) ;
#3712 =( BOUNDED_CURVE ( )  B_SPLINE_CURVE ( 2, ( #2532, #3284, #3962 ),
 .UNSPECIFIED., .F., .F. ) 
 B_SPLINE_CURVE_WITH_KNOTS ( ( 3, 3 ),
 ( 0.000000000000000000, 0.03568735437828109841 ),
 .UNSPECIFIED. ) 
 CURVE ( )  GEOMETRIC_REPRESENTATION_ITEM ( )  RATIONAL_B_SPLINE_CURVE ( ( 1.000000000000000000, 1.001178655635339920, 1.000000000000000000 ) ) 
 REPRESENTATION_ITEM ( '' )  );
#3713 = CARTESIAN_POINT ( 'NONE',  ( 5.309699358886172504, 5.056530146641381229, 8.386665034764941851 ) ) ;
#3714 = CARTESIAN_POINT ( 'NONE',  ( -9.912397540454078282, -0.2403910160064700041, 0.5000000000000000000 ) ) ;
#3715 = ORIENTED_EDGE ( 'NONE', *, *, #2333, .F. ) ;
#3716 = EDGE_LOOP ( 'NONE', ( #696, #2883, #3084, #1300, #983, #188 ) ) ;
#3717 = ADVANCED_FACE ( 'NONE', ( #3225 ), #4231, .F. ) ;
#3718 = CARTESIAN_POINT ( 'NONE',  ( 4.668172693159053033, 3.165245575023207802, -8.758678799098458256 ) ) ;
#3719 = DIRECTION ( 'NONE',  ( 0.000000000000000000, 0.000000000000000000, -1.000000000000000000 ) ) ;
#3720 = EDGE_LOOP ( 'NONE', ( #3384, #634, #4210, #3459, #3195, #3673, #2745, #2926 ) ) ;
#3721 = LINE ( 'NONE', #3679, #313 ) ;
#3722 = ADVANCED_FACE ( 'NONE', ( #3950 ), #753, .F. ) ;
#3723 = CARTESIAN_POINT ( 'NONE',  ( 8.883974335847669934, -8.368591994308509641, -4.424999999999999822 ) ) ;
#3724 = PRESENTATION_LAYER_ASSIGNMENT (  '', '', ( #643 ) ) ;
#3725 = CARTESIAN_POINT ( 'NONE',  ( 7.264499999999990187, -7.059163139588717328, 6.762593049267424661 ) ) ;
#3726 = CARTESIAN_POINT ( 'NONE',  ( -10.00000000000000000, -1.240391016006469949, -9.924999999999998934 ) ) ;
#3727 = CARTESIAN_POINT ( 'NONE',  ( -9.912397540454078282, -1.240391016006469949, 0.5000000000000000000 ) ) ;
#3728 = AXIS2_PLACEMENT_3D ( 'NONE', #3726, #147, #1982 ) ;
#3729 = CARTESIAN_POINT ( 'NONE',  ( 0.000000000000000000, 12.25000000000000000, 0.000000000000000000 ) ) ;
#3730 = CIRCLE ( 'NONE', #2303, 1.250000000000000222 ) ;
#3731 = DIRECTION ( 'NONE',  ( 0.000000000000000000, -1.000000000000000000, 0.000000000000000000 ) ) ;
#3732 = ORIENTED_EDGE ( 'NONE', *, *, #2715, .F. ) ;
#3733 = EDGE_CURVE ( 'NONE', #1690, #1060, #699, .T. ) ;
#3734 = FACE_OUTER_BOUND ( 'NONE', #705, .T. ) ;
#3735 = VECTOR ( 'NONE', #3488, 1000.000000000000000 ) ;
#3736 = AXIS2_PLACEMENT_3D ( 'NONE', #111, #3309, #368 ) ;
#3737 = CARTESIAN_POINT ( 'NONE',  ( 5.910598274765646032, 4.859693117314261457, 7.975323899731297850 ) ) ;
#3738 = VERTEX_POINT ( 'NONE', #3252 ) ;
#3739 = VERTEX_POINT ( 'NONE', #1432 ) ;
#3740 = DIRECTION ( 'NONE',  ( 1.000000000000000000, 0.000000000000000000, 0.000000000000000000 ) ) ;
#3741 = CYLINDRICAL_SURFACE ( 'NONE', #4188, 1.499999999999999556 ) ;
#3742 = DIRECTION ( 'NONE',  ( 0.000000000000000000, -1.000000000000000000, 0.000000000000000000 ) ) ;
#3743 = ORIENTED_EDGE ( 'NONE', *, *, #2156, .F. ) ;
#3744 = AXIS2_PLACEMENT_3D ( 'NONE', #3729, #1963, #513 ) ;
#3745 = CARTESIAN_POINT ( 'NONE',  ( 7.443375672974060109, -6.870195508003229534, -7.424999999999999822 ) ) ;
#3746 = DIRECTION ( 'NONE',  ( 0.000000000000000000, 1.000000000000000000, 0.000000000000000000 ) ) ;
#3747 = FACE_OUTER_BOUND ( 'NONE', #3881, .T. ) ;
#3748 = VERTEX_POINT ( 'NONE', #1086 ) ;
#3749 = DIRECTION ( 'NONE',  ( 0.000000000000000000, 0.000000000000000000, 1.000000000000000000 ) ) ;
#3750 = EDGE_CURVE ( 'NONE', #1846, #1295, #2016, .T. ) ;
#3751 = DIRECTION ( 'NONE',  ( -1.000000000000000000, 0.000000000000000000, 0.000000000000000000 ) ) ;
#3752 = DIRECTION ( 'NONE',  ( 0.000000000000000000, 0.000000000000000000, -1.000000000000000000 ) ) ;
#3753 = DIRECTION ( 'NONE',  ( 1.000000000000000000, 0.000000000000000000, 0.000000000000000000 ) ) ;
#3754 = EDGE_CURVE ( 'NONE', #577, #1822, #398, .T. ) ;
#3755 = DIRECTION ( 'NONE',  ( 1.000000000000000000, 0.000000000000000000, 0.000000000000000000 ) ) ;
#3756 = ORIENTED_EDGE ( 'NONE', *, *, #3105, .T. ) ;
#3757 = EDGE_LOOP ( 'NONE', ( #709, #2589, #4281, #1223 ) ) ;
#3758 =( NAMED_UNIT ( * ) PLANE_ANGLE_UNIT ( ) SI_UNIT ( $, .RADIAN. ) );
#3759 = CARTESIAN_POINT ( 'NONE',  ( 7.385226815736178452, -3.925915934325252099, -6.633991174653873557 ) ) ;
#3760 = CARTESIAN_POINT ( 'NONE',  ( 6.000000000000000000, 4.879804491996770466, -6.125000000000000000 ) ) ;
#3761 = STYLED_ITEM ( 'NONE', ( #2873 ), #4465 ) ;
#3762 = COLOUR_RGB ( '',0.9607843137254902244, 0.9607843137254902244, 0.9647058823529411908 ) ;
#3763 = ORIENTED_EDGE ( 'NONE', *, *, #655, .F. ) ;
#3764 = DIRECTION ( 'NONE',  ( 0.000000000000000000, 1.000000000000000000, 0.000000000000000000 ) ) ;
#3765 = AXIS2_PLACEMENT_3D ( 'NONE', #826, #2242, #1092 ) ;
#3766 = UNCERTAINTY_MEASURE_WITH_UNIT (LENGTH_MEASURE( 1.000000000000000082E-05 ), #559, 'distance_accuracy_value', 'NONE');
#3767 = CARTESIAN_POINT ( 'NONE',  ( 8.750264979464652981, -8.625943340094256229, -4.693445308603248378 ) ) ;
#3768 = DIRECTION ( 'NONE',  ( 1.000000000000000000, 0.000000000000000000, 0.000000000000000000 ) ) ;
#3769 = DIRECTION ( 'NONE',  ( 0.000000000000000000, 0.000000000000000000, 1.000000000000000000 ) ) ;
#3770 = CARTESIAN_POINT ( 'NONE',  ( 6.721687836487029166, -5.620195508003230422, -7.424999999999999822 ) ) ;
#3771 = CARTESIAN_POINT ( 'NONE',  ( 4.536500000000000199, -6.870195508003229534, 0.4500000000000000111 ) ) ;
#3772 = EDGE_CURVE ( 'NONE', #2490, #3514, #3375, .T. ) ;
#3773 = CARTESIAN_POINT ( 'NONE',  ( 6.000000000000000000, -5.620195508003230422, -6.125000000000000000 ) ) ;
#3774 = DIRECTION ( 'NONE',  ( 1.922962686383559872E-16, 1.000000000000000000, 0.000000000000000000 ) ) ;
#3775 = CARTESIAN_POINT ( 'NONE',  ( 4.746165677770342484, -6.681708047976582243, 8.716655664799684899 ) ) ;
#3776 =( GEOMETRIC_REPRESENTATION_CONTEXT ( 3 ) GLOBAL_UNCERTAINTY_ASSIGNED_CONTEXT ( ( #1279 ) ) GLOBAL_UNIT_ASSIGNED_CONTEXT ( ( #975, #2409, #718 ) ) REPRESENTATION_CONTEXT ( 'NONE', 'WORKASPACE' ) );
#3777 = CARTESIAN_POINT ( 'NONE',  ( 0.000000000000000000, -0.5000000000000000000, 0.000000000000000000 ) ) ;
#3778 = DIRECTION ( 'NONE',  ( 0.000000000000000000, -1.000000000000000000, 0.000000000000000000 ) ) ;
#3779 = ORIENTED_EDGE ( 'NONE', *, *, #1499, .F. ) ;
#3780 = ORIENTED_EDGE ( 'NONE', *, *, #1760, .T. ) ;
#3781 = AXIS2_PLACEMENT_3D ( 'NONE', #289, #3184, #3912 ) ;
#3782 = EDGE_CURVE ( 'NONE', #4311, #2309, #2796, .T. ) ;
#3783 = CARTESIAN_POINT ( 'NONE',  ( 6.500406979518044359, 2.917077810802580995, -7.501417744625648254 ) ) ;
#3784 = DIRECTION ( 'NONE',  ( 0.000000000000000000, 0.000000000000000000, 1.000000000000000000 ) ) ;
#3785 = CARTESIAN_POINT ( 'NONE',  ( 6.000000000000000000, 6.129804491996769578, -5.567299899189620760 ) ) ;
#3786 = ORIENTED_EDGE ( 'NONE', *, *, #586, .F. ) ;
#3787 = CARTESIAN_POINT ( 'NONE',  ( 7.082531754730550411, -7.495195508003230422, -7.231624327025939714 ) ) ;
#3788 = ADVANCED_FACE ( 'NONE', ( #2747 ), #1592, .F. ) ;
#3789 = DIRECTION ( 'NONE',  ( 0.000000000000000000, -1.000000000000000000, 0.000000000000000000 ) ) ;
#3790 = CARTESIAN_POINT ( 'NONE',  ( 4.220485754033539649, 12.50000000000000000, 0.5000000000000000000 ) ) ;
#3791 = DIRECTION ( 'NONE',  ( 0.000000000000000000, 0.000000000000000000, 1.000000000000000000 ) ) ;
#3792 = DIRECTION ( 'NONE',  ( 0.000000000000000000, -1.000000000000000000, 0.000000000000000000 ) ) ;
#3793 = COLOUR_RGB ( '',0.1725490196078431349, 0.1725490196078431349, 0.1725490196078431349 ) ;
#3794 =( NAMED_UNIT ( * ) PLANE_ANGLE_UNIT ( ) SI_UNIT ( $, .RADIAN. ) );
#3795 = VERTEX_POINT ( 'NONE', #4203 ) ;
#3796 = CARTESIAN_POINT ( 'NONE',  ( 4.020136557086400053, -9.455196611959856057, -9.076228093517755724 ) ) ;
#3797 = AXIS2_PLACEMENT_3D ( 'NONE', #4394, #1640, #959 ) ;
#3798 = ADVANCED_FACE ( 'NONE', ( #2722 ), #2505, .F. ) ;
#3799 = DIRECTION ( 'NONE',  ( 0.000000000000000000, 0.000000000000000000, 1.000000000000000000 ) ) ;
#3800 = CARTESIAN_POINT ( 'NONE',  ( 0.000000000000000000, 12.37500000000000000, 0.000000000000000000 ) ) ;
#3801 = VECTOR ( 'NONE', #2865, 1000.000000000000000 ) ;
#3802 = CARTESIAN_POINT ( 'NONE',  ( 7.082531754730550411, -6.245195508003230422, -7.231624327025939714 ) ) ;
#3803 = VERTEX_POINT ( 'NONE', #250 ) ;
#3804 = EDGE_CURVE ( 'NONE', #1390, #2910, #322, .T. ) ;
#3805 = ORIENTED_EDGE ( 'NONE', *, *, #2879, .T. ) ;
#3806 = AXIS2_PLACEMENT_3D ( 'NONE', #1422, #48, #1472 ) ;
#3807 = CIRCLE ( 'NONE', #2005, 1.443375672974060331 ) ;
#3808 = CARTESIAN_POINT ( 'NONE',  ( 4.917468245269450478, -7.495195508003230422, -6.125000000000000000 ) ) ;
#3809 = CARTESIAN_POINT ( 'NONE',  ( 8.494377282722114231, -4.786246841490878978, -5.133556547316723950 ) ) ;
#3810 = ORIENTED_EDGE ( 'NONE', *, *, #2114, .F. ) ;
#3811 = CIRCLE ( 'NONE', #2774, 1.443375672974060331 ) ;
#3812 = PRESENTATION_STYLE_ASSIGNMENT (( #2696 ) ) ;
#3813 = CARTESIAN_POINT ( 'NONE',  ( 3.968626966596889627, -0.2403910160064690049, -0.5000000000000000000 ) ) ;
#3814 = DIRECTION ( 'NONE',  ( 0.4999999999999998890, 0.8660254037844387076, 0.000000000000000000 ) ) ;
#3815 = CARTESIAN_POINT ( 'NONE',  ( 6.000000000000000000, -6.870195508003229534, -7.424999999999999822 ) ) ;
#3816 = EDGE_CURVE ( 'NONE', #3970, #4049, #674, .T. ) ;
#3817 = ORIENTED_EDGE ( 'NONE', *, *, #4420, .T. ) ;
#3818 = FACE_OUTER_BOUND ( 'NONE', #4021, .T. ) ;
#3819 = DIRECTION ( 'NONE',  ( 0.000000000000000000, 0.000000000000000000, 1.000000000000000000 ) ) ;
#3820 = ORIENTED_EDGE ( 'NONE', *, *, #901, .F. ) ;
#3821 = CARTESIAN_POINT ( 'NONE',  ( 6.643964367044607577, -10.05567816756946264, -7.373514711736198990 ) ) ;
#3822 = CARTESIAN_POINT ( 'NONE',  ( 6.721687836487029166, 4.879804491996770466, -7.424999999999999822 ) ) ;
#3823 = FILL_AREA_STYLE ('',( #1804 ) ) ;
#3824 = UNCERTAINTY_MEASURE_WITH_UNIT (LENGTH_MEASURE( 1.000000000000000082E-05 ), #3420, 'distance_accuracy_value', 'NONE');
#3825 = DIRECTION ( 'NONE',  ( 0.000000000000000000, 1.000000000000000000, 0.000000000000000000 ) ) ;
#3826 = SURFACE_SIDE_STYLE ('',( #3149 ) ) ;
#3827 = CARTESIAN_POINT ( 'NONE',  ( 5.375000000000000000, -6.870195508003229534, -5.846149949594810380 ) ) ;
#3828 = ORIENTED_EDGE ( 'NONE', *, *, #1836, .T. ) ;
#3829 = VERTEX_POINT ( 'NONE', #3473 ) ;
#3830 = AXIS2_PLACEMENT_3D ( 'NONE', #4509, #178, #1586 ) ;
#3831 = EDGE_CURVE ( 'NONE', #912, #2812, #2054, .T. ) ;
#3832 = DIRECTION ( 'NONE',  ( 1.000000000000000000, 0.000000000000000000, 0.000000000000000000 ) ) ;
#3833 = DIRECTION ( 'NONE',  ( 0.000000000000000000, 0.000000000000000000, 1.000000000000000000 ) ) ;
#3834 = LINE ( 'NONE', #2052, #885 ) ;
#3835 = ORIENTED_EDGE ( 'NONE', *, *, #2202, .T. ) ;
#3836 = FACE_OUTER_BOUND ( 'NONE', #1655, .T. ) ;
#3837 = DIRECTION ( 'NONE',  ( -1.000000000000000000, 0.000000000000000000, 0.000000000000000000 ) ) ;
#3838 = SURFACE_STYLE_FILL_AREA ( #4544 ) ;
#3839 = CARTESIAN_POINT ( 'NONE',  ( 7.713499999999999801, -6.870195508003229534, -4.424999999999999822 ) ) ;
#3840 = DIRECTION ( 'NONE',  ( -1.224646799147350249E-16, 0.000000000000000000, -1.000000000000000000 ) ) ;
#3841 =( GEOMETRIC_REPRESENTATION_CONTEXT ( 3 ) GLOBAL_UNCERTAINTY_ASSIGNED_CONTEXT ( ( #4441 ) ) GLOBAL_UNIT_ASSIGNED_CONTEXT ( ( #4005, #782, #4334 ) ) REPRESENTATION_CONTEXT ( 'NONE', 'WORKASPACE' ) );
#3842 = DIRECTION ( 'NONE',  ( 0.000000000000000000, 0.000000000000000000, -1.000000000000000000 ) ) ;
#3843 = VERTEX_POINT ( 'NONE', #926 ) ;
#3844 = MECHANICAL_DESIGN_GEOMETRIC_PRESENTATION_REPRESENTATION (  '', ( #1739 ), #1142 ) ;
#3845 = EDGE_CURVE ( 'NONE', #1788, #1702, #4485, .T. ) ;
#3846 = ORIENTED_EDGE ( 'NONE', *, *, #2487, .F. ) ;
#3847 = CARTESIAN_POINT ( 'NONE',  ( 5.791579660171302102, -10.11321969057130588, -8.059986919514015469 ) ) ;
#3848 = CARTESIAN_POINT ( 'NONE',  ( 4.735500000000000043, -6.870195508003229534, 8.722423100836151022 ) ) ;
#3849 = DIRECTION ( 'NONE',  ( 1.224646799147353207E-16, 1.000000000000000000, -0.000000000000000000 ) ) ;
#3850 = CARTESIAN_POINT ( 'NONE',  ( 6.000000000000000000, -6.870195508003229534, -6.125000000000000000 ) ) ;
#3851 = PRESENTATION_LAYER_ASSIGNMENT (  '', '', ( #4002 ) ) ;
#3852 = CARTESIAN_POINT ( 'NONE',  ( 6.721687836487029166, -5.620195508003230422, -7.424999999999999822 ) ) ;
#3853 = VERTEX_POINT ( 'NONE', #2357 ) ;
#3854 = ORIENTED_EDGE ( 'NONE', *, *, #3439, .F. ) ;
#3855 = COLOUR_RGB ( '',0.9607843137254902244, 0.9607843137254902244, 0.9647058823529411908 ) ;
#3856 =( GEOMETRIC_REPRESENTATION_CONTEXT ( 3 ) GLOBAL_UNCERTAINTY_ASSIGNED_CONTEXT ( ( #2416 ) ) GLOBAL_UNIT_ASSIGNED_CONTEXT ( ( #3988, #2271, #2225 ) ) REPRESENTATION_CONTEXT ( 'NONE', 'WORKASPACE' ) );
#3857 = PLANE ( 'NONE',  #791 ) ;
#3858 = CARTESIAN_POINT ( 'NONE',  ( 7.777447167913023485, -4.148848604542322072, -6.166157752012420445 ) ) ;
#3859 = SURFACE_STYLE_FILL_AREA ( #2426 ) ;
#3860 = ORIENTED_EDGE ( 'NONE', *, *, #1293, .F. ) ;
#3861 = AXIS2_PLACEMENT_3D ( 'NONE', #3138, #4218, #1766 ) ;
#3862 = ADVANCED_FACE ( 'NONE', ( #4553 ), #4133, .F. ) ;
#3863 = DIRECTION ( 'NONE',  ( 0.000000000000000000, 1.000000000000000000, 0.000000000000000000 ) ) ;
#3864 =( NAMED_UNIT ( * ) SI_UNIT ( $, .STERADIAN. ) SOLID_ANGLE_UNIT ( ) );
#3865 = CARTESIAN_POINT ( 'NONE',  ( 5.084936490538901843, 7.044868001457864182, -7.231624327025945043 ) ) ;
#3866 = LINE ( 'NONE', #2084, #578 ) ;
#3867 = LINE ( 'NONE', #3140, #1895 ) ;
#3868 = ORIENTED_EDGE ( 'NONE', *, *, #736, .T. ) ;
#3869 = EDGE_CURVE ( 'NONE', #237, #1910, #2513, .T. ) ;
#3870 = FACE_OUTER_BOUND ( 'NONE', #3574, .T. ) ;
#3871 = EDGE_LOOP ( 'NONE', ( #2871, #4043, #2421, #4222, #3655, #3237 ) ) ;
#3872 = CARTESIAN_POINT ( 'NONE',  ( 6.767805622206422456, -10.02766079054301152, -7.259692337077873425 ) ) ;
#3873 = STYLED_ITEM ( 'NONE', ( #1442 ), #1867 ) ;
#3874 = STYLED_ITEM ( 'NONE', ( #1113 ), #2727 ) ;
#3875 = CARTESIAN_POINT ( 'NONE',  ( 6.000000000000000000, 4.879804491996770466, -7.231624327025939714 ) ) ;
#3876 = UNCERTAINTY_MEASURE_WITH_UNIT (LENGTH_MEASURE( 1.000000000000000082E-05 ), #3639, 'distance_accuracy_value', 'NONE');
#3877 =( NAMED_UNIT ( * ) SI_UNIT ( $, .STERADIAN. ) SOLID_ANGLE_UNIT ( ) );
#3878 = CIRCLE ( 'NONE', #2223, 4.250000000000000000 ) ;
#3879 = MECHANICAL_DESIGN_GEOMETRIC_PRESENTATION_REPRESENTATION (  '', ( #3654 ), #3951 ) ;
#3880 = ORIENTED_EDGE ( 'NONE', *, *, #2953, .T. ) ;
#3881 = EDGE_LOOP ( 'NONE', ( #2237, #1245, #72, #2566 ) ) ;
#3882 = ADVANCED_FACE ( 'NONE', ( #2878 ), #1100, .F. ) ;
#3883 = CARTESIAN_POINT ( 'NONE',  ( 8.750264979456909842, 4.374056659890838361, -4.693445308618795941 ) ) ;
#3884 = CARTESIAN_POINT ( 'NONE',  ( 5.064670295040740733, -3.756224588418433541, -8.536112726777485449 ) ) ;
#3885 = DIRECTION ( 'NONE',  ( -1.000000000000000000, 0.000000000000000000, 0.000000000000000000 ) ) ;
#3886 = CONICAL_SURFACE ( 'NONE', #2088, 2.625000000000000000, 0.7853981633974511656 ) ;
#3887 = ORIENTED_EDGE ( 'NONE', *, *, #3617, .F. ) ;
#3888 = CARTESIAN_POINT ( 'NONE',  ( 4.818505358245476877, 6.589553236594170471, 8.676960723076655668 ) ) ;
#3889 = CIRCLE ( 'NONE', #3288, 9.924999999999998934 ) ;
#3890 = AXIS2_PLACEMENT_3D ( 'NONE', #348, #1040, #615 ) ;
#3891 = FACE_OUTER_BOUND ( 'NONE', #633, .T. ) ;
#3892 = CARTESIAN_POINT ( 'NONE',  ( 6.000000000000000000, 6.129804491996769578, -7.424999999999999822 ) ) ;
#3893 = PRESENTATION_STYLE_ASSIGNMENT (( #2457 ) ) ;
#3894 = LINE ( 'NONE', #2434, #3097 ) ;
#3895 = ORIENTED_EDGE ( 'NONE', *, *, #2529, .T. ) ;
#3896 = VECTOR ( 'NONE', #2565, 1000.000000000000114 ) ;
#3897 =( BOUNDED_CURVE ( )  B_SPLINE_CURVE ( 2, ( #2809, #1018, #2456 ),
 .UNSPECIFIED., .F., .F. ) 
 B_SPLINE_CURVE_WITH_KNOTS ( ( 3, 3 ),
 ( 0.000000000000000000, 0.07523701006122331114 ),
 .UNSPECIFIED. ) 
 CURVE ( )  GEOMETRIC_REPRESENTATION_ITEM ( )  RATIONAL_B_SPLINE_CURVE ( ( 1.000000000000000000, 1.037954849302029858, 1.000000000000000000 ) ) 
 REPRESENTATION_ITEM ( '' )  );
#3898 = FILL_AREA_STYLE ('',( #4273 ) ) ;
#3899 = EDGE_CURVE ( 'NONE', #4164, #2490, #1452, .T. ) ;
#3900 = VERTEX_POINT ( 'NONE', #2113 ) ;
#3901 = DIRECTION ( 'NONE',  ( 1.000000000000000000, 0.000000000000000000, 0.000000000000000000 ) ) ;
#3902 = VECTOR ( 'NONE', #765, 1000.000000000000000 ) ;
#3903 = CARTESIAN_POINT ( 'NONE',  ( 0.000000000000000000, 0.000000000000000000, 0.000000000000000000 ) ) ;
#3904 = SURFACE_STYLE_FILL_AREA ( #3125 ) ;
#3905 = EDGE_LOOP ( 'NONE', ( #2173, #2348, #1261, #2445 ) ) ;
#3906 = VERTEX_POINT ( 'NONE', #1754 ) ;
#3907 = EDGE_CURVE ( 'NONE', #2141, #1464, #1077, .T. ) ;
#3908 = FACE_OUTER_BOUND ( 'NONE', #990, .T. ) ;
#3909 = LINE ( 'NONE', #3484, #4487 ) ;
#3910 = EDGE_LOOP ( 'NONE', ( #3743, #1370, #1160, #1402 ) ) ;
#3911 = FACE_OUTER_BOUND ( 'NONE', #3701, .T. ) ;
#3912 = DIRECTION ( 'NONE',  ( -1.224646799147350002E-16, 0.000000000000000000, -1.000000000000000000 ) ) ;
#3913 = CARTESIAN_POINT ( 'NONE',  ( 5.278312163512969946, -8.120195508003229534, -6.125000000000000000 ) ) ;
#3914 = DIRECTION ( 'NONE',  ( 0.000000000000000000, 0.000000000000000000, 1.000000000000000000 ) ) ;
#3915 = ORIENTED_EDGE ( 'NONE', *, *, #3264, .T. ) ;
#3916 = SURFACE_STYLE_USAGE ( .BOTH. , #1391 ) ;
#3917 = SURFACE_STYLE_USAGE ( .BOTH. , #3495 ) ;
#3918 = ORIENTED_EDGE ( 'NONE', *, *, #258, .T. ) ;
#3919 = VECTOR ( 'NONE', #2028, 1000.000000000000000 ) ;
#3920 =( NAMED_UNIT ( * ) PLANE_ANGLE_UNIT ( ) SI_UNIT ( $, .RADIAN. ) );
#3921 = EDGE_CURVE ( 'NONE', #2861, #1464, #1123, .T. ) ;
#3922 = UNCERTAINTY_MEASURE_WITH_UNIT (LENGTH_MEASURE( 1.000000000000000082E-05 ), #2174, 'distance_accuracy_value', 'NONE');
#3923 = SURFACE_SIDE_STYLE ('',( #3968 ) ) ;
#3924 = ORIENTED_EDGE ( 'NONE', *, *, #801, .T. ) ;
#3925 = ORIENTED_EDGE ( 'NONE', *, *, #258, .F. ) ;
#3926 = EDGE_CURVE ( 'NONE', #382, #3795, #1830, .T. ) ;
#3927 = AXIS2_PLACEMENT_3D ( 'NONE', #2899, #1118, #2198 ) ;
#3928 = CARTESIAN_POINT ( 'NONE',  ( 7.887172502697382903, 8.777752114631065083, -6.026282394893962113 ) ) ;
#3929 = CARTESIAN_POINT ( 'NONE',  ( 4.556624327025930121, -6.870195508003229534, -7.424999999999999822 ) ) ;
#3930 = ORIENTED_EDGE ( 'NONE', *, *, #3179, .T. ) ;
#3931 = LINE ( 'NONE', #288, #4152 ) ;
#3932 = ADVANCED_FACE ( 'NONE', ( #4294 ), #102, .T. ) ;
#3933 = CARTESIAN_POINT ( 'NONE',  ( 0.000000000000000000, -1.250000000000000000, 0.000000000000000000 ) ) ;
#3934 = STYLED_ITEM ( 'NONE', ( #1701 ), #2251 ) ;
#3935 = VERTEX_POINT ( 'NONE', #2558 ) ;
#3936 = ADVANCED_FACE ( 'NONE', ( #3191, #3684 ), #462, .T. ) ;
#3937 = FILL_AREA_STYLE ('',( #4246 ) ) ;
#3938 =( LENGTH_UNIT ( ) NAMED_UNIT ( * ) SI_UNIT ( .MILLI., .METRE. ) );
#3939 = PRESENTATION_STYLE_ASSIGNMENT (( #3917 ) ) ;
#3940 = ORIENTED_EDGE ( 'NONE', *, *, #2430, .T. ) ;
#3941 = PRESENTATION_STYLE_ASSIGNMENT (( #320 ) ) ;
#3942 = ORIENTED_EDGE ( 'NONE', *, *, #4635, .F. ) ;
#3943 = ORIENTED_EDGE ( 'NONE', *, *, #933, .T. ) ;
#3944 = DIRECTION ( 'NONE',  ( 0.000000000000000000, -1.000000000000000000, 0.000000000000000000 ) ) ;
#3945 = AXIS2_PLACEMENT_3D ( 'NONE', #522, #4139, #213 ) ;
#3946 = CARTESIAN_POINT ( 'NONE',  ( 7.054216768508652535, 9.205515790994427405, -6.983084943328552896 ) ) ;
#3947 = EDGE_CURVE ( 'NONE', #2918, #152, #902, .T. ) ;
#3948 = DIRECTION ( 'NONE',  ( 0.000000000000000000, 0.000000000000000000, 1.000000000000000000 ) ) ;
#3949 = VERTEX_POINT ( 'NONE', #533 ) ;
#3950 = FACE_OUTER_BOUND ( 'NONE', #303, .T. ) ;
#3951 =( GEOMETRIC_REPRESENTATION_CONTEXT ( 3 ) GLOBAL_UNCERTAINTY_ASSIGNED_CONTEXT ( ( #2928 ) ) GLOBAL_UNIT_ASSIGNED_CONTEXT ( ( #2502, #2190, #377 ) ) REPRESENTATION_CONTEXT ( 'NONE', 'WORKASPACE' ) );
#3952 = DIRECTION ( 'NONE',  ( 0.000000000000000000, -1.000000000000000000, 0.000000000000000000 ) ) ;
#3953 = AXIS2_PLACEMENT_3D ( 'NONE', #2272, #4416, #4462 ) ;
#3954 = SURFACE_STYLE_FILL_AREA ( #38 ) ;
#3955 = CYLINDRICAL_SURFACE ( 'NONE', #4110, 1.499999999999999556 ) ;
#3956 = MECHANICAL_DESIGN_GEOMETRIC_PRESENTATION_REPRESENTATION (  '', ( #2460 ), #3581 ) ;
#3957 = ORIENTED_EDGE ( 'NONE', *, *, #4207, .T. ) ;
#3958 = PRODUCT ( '5mm to 8mm rigid shaft coupler v2', '5mm to 8mm rigid shaft coupler v2', '', ( #1315 ) ) ;
#3959 = FACE_OUTER_BOUND ( 'NONE', #2123, .T. ) ;
#3960 = AXIS2_PLACEMENT_3D ( 'NONE', #146, #166, #1914 ) ;
#3961 =( GEOMETRIC_REPRESENTATION_CONTEXT ( 3 ) GLOBAL_UNCERTAINTY_ASSIGNED_CONTEXT ( ( #2142 ) ) GLOBAL_UNIT_ASSIGNED_CONTEXT ( ( #1091, #2550, #2893 ) ) REPRESENTATION_CONTEXT ( 'NONE', 'WORKASPACE' ) );
#3962 = CARTESIAN_POINT ( 'NONE',  ( -2.704163456597989956, -12.50000000000000000, -0.5000000000000000000 ) ) ;
#3963 = ORIENTED_EDGE ( 'NONE', *, *, #2310, .T. ) ;
#3964 = ADVANCED_FACE ( 'NONE', ( #1273 ), #1959, .F. ) ;
#3965 = AXIS2_PLACEMENT_3D ( 'NONE', #3642, #1809, #47 ) ;
#3966 = CARTESIAN_POINT ( 'NONE',  ( 7.713499999999999801, 6.129804491996769578, -4.174999999999999822 ) ) ;
#3967 = SURFACE_SIDE_STYLE ('',( #2226 ) ) ;
#3968 = SURFACE_STYLE_FILL_AREA ( #1787 ) ;
#3969 = ORIENTED_EDGE ( 'NONE', *, *, #2055, .T. ) ;
#3970 = VERTEX_POINT ( 'NONE', #4151 ) ;
#3971 = VECTOR ( 'NONE', #4013, 1000.000000000000000 ) ;
#3972 = B_SPLINE_CURVE_WITH_KNOTS ( 'NONE', 3,
 ( #1537, #3445, #3497, #272, #248, #296, #1348, #605, #4577, #3118, #1372, #1705, #3796, #2775, #3144, #4530, #2356, #2793, #4228, #2039, #2746, #925, #4506, #1727, #2092, #1003, #1275, #2721, #579, #3847, #3472, #627, #4156, #3098, #3821, #2439, #4202, #3872, #225, #1679, #651, #1656, #953, #3524, #3165, #2412, #2015, #1301, #4600, #4175, #2386, #4551, #1328, #978, #2069, #3767, #3723 ),
 .UNSPECIFIED., .F., .F.,
 ( 4, 2, 2, 2, 2, 2, 2, 2, 1, 2, 2, 2, 2, 1, 1, 2, 2, 2, 1, 1, 2, 2, 2, 1, 1, 2, 2, 2, 1, 1, 2, 2, 4 ),
 ( 0.5000000000000000000, 0.5625000000000008882, 0.5937500000000013323, 0.6093750000000014433, 0.6171875000000015543, 0.6250000000000016653, 0.6562500000000023315, 0.6718750000000027756, 0.6796875000000028866, 0.6835937500000031086, 0.6875000000000033307, 0.7187500000000042188, 0.7343750000000047740, 0.7421875000000049960, 0.7460937500000051070, 0.7480468750000051070, 0.7500000000000051070, 0.7812500000000051070, 0.7968750000000051070, 0.8046875000000051070, 0.8085937500000051070, 0.8125000000000051070, 0.8437500000000039968, 0.8593750000000035527, 0.8671875000000031086, 0.8710937500000028866, 0.8750000000000027756, 0.9062500000000013323, 0.9218750000000007772, 0.9296875000000004441, 0.9335937500000004441, 0.9375000000000002220, 1.000000000000000000 ),
 .UNSPECIFIED. ) ;
#3973 = CARTESIAN_POINT ( 'NONE',  ( 4.931802645557294973, 9.199707921761168805, -8.613104424985465357 ) ) ;
#3974 = LINE ( 'NONE', #2914, #3896 ) ;
#3975 = ORIENTED_EDGE ( 'NONE', *, *, #870, .F. ) ;
#3976 = ADVANCED_FACE ( 'NONE', ( #3818 ), #2772, .T. ) ;
#3977 = SURFACE_SIDE_STYLE ('',( #3317 ) ) ;
#3978 = DIRECTION ( 'NONE',  ( 0.000000000000000000, -1.000000000000000000, 0.000000000000000000 ) ) ;
#3979 = ORIENTED_EDGE ( 'NONE', *, *, #2168, .T. ) ;
#3980 = DIRECTION ( 'NONE',  ( 0.8660254037844387076, 0.4999999999999998890, 0.000000000000000000 ) ) ;
#3981 = DIRECTION ( 'NONE',  ( 1.000000000000000000, 0.000000000000000000, 0.000000000000000000 ) ) ;
#3982 = SURFACE_STYLE_FILL_AREA ( #3213 ) ;
#3983 = SURFACE_STYLE_FILL_AREA ( #1097 ) ;
#3984 = ORIENTED_EDGE ( 'NONE', *, *, #3816, .T. ) ;
#3985 = DIRECTION ( 'NONE',  ( 1.000000000000000000, 0.000000000000000000, 0.000000000000000000 ) ) ;
#3986 = DIRECTION ( 'NONE',  ( -1.224646799147350002E-16, 0.000000000000000000, -1.000000000000000000 ) ) ;
#3987 = EDGE_CURVE ( 'NONE', #2381, #1283, #3392, .T. ) ;
#3988 =( LENGTH_UNIT ( ) NAMED_UNIT ( * ) SI_UNIT ( .MILLI., .METRE. ) );
#3989 = CARTESIAN_POINT ( 'NONE',  ( 4.800576709301086709, -3.849479529698002001, -8.686811808625851228 ) ) ;
#3990 =( GEOMETRIC_REPRESENTATION_CONTEXT ( 3 ) GLOBAL_UNCERTAINTY_ASSIGNED_CONTEXT ( ( #3068 ) ) GLOBAL_UNIT_ASSIGNED_CONTEXT ( ( #436, #4405, #2964 ) ) REPRESENTATION_CONTEXT ( 'NONE', 'WORKASPACE' ) );
#3991 = MECHANICAL_DESIGN_GEOMETRIC_PRESENTATION_REPRESENTATION (  '', ( #4061 ), #1735 ) ;
#3992 = FILL_AREA_STYLE ('',( #2560 ) ) ;
#3993 = VERTEX_POINT ( 'NONE', #601 ) ;
#3994 = FILL_AREA_STYLE_COLOUR ( '', #828 ) ;
#3995 = MECHANICAL_DESIGN_GEOMETRIC_PRESENTATION_REPRESENTATION (  '', ( #1214 ), #2653 ) ;
#3996 = CARTESIAN_POINT ( 'NONE',  ( -4.898587196589400010E-16, -0.2403910160064690049, -4.000000000000000000 ) ) ;
#3997 = DIRECTION ( 'NONE',  ( 0.000000000000000000, 0.000000000000000000, -1.000000000000000000 ) ) ;
#3998 = ORIENTED_EDGE ( 'NONE', *, *, #4003, .T. ) ;
#3999 =( LENGTH_UNIT ( ) NAMED_UNIT ( * ) SI_UNIT ( .MILLI., .METRE. ) );
#4000 = FACE_OUTER_BOUND ( 'NONE', #2741, .T. ) ;
#4001 = CARTESIAN_POINT ( 'NONE',  ( 4.556624327025930121, -6.870195508003229534, -6.125000000000000000 ) ) ;
#4002 = STYLED_ITEM ( 'NONE', ( #2568 ), #3722 ) ;
#4003 = EDGE_CURVE ( 'NONE', #781, #3748, #221, .T. ) ;
#4004 = ORIENTED_EDGE ( 'NONE', *, *, #973, .T. ) ;
#4005 =( LENGTH_UNIT ( ) NAMED_UNIT ( * ) SI_UNIT ( .MILLI., .METRE. ) );
#4006 = DIRECTION ( 'NONE',  ( 0.000000000000000000, 0.000000000000000000, 1.000000000000000000 ) ) ;
#4007 = VECTOR ( 'NONE', #4337, 1000.000000000000000 ) ;
#4008 = PRESENTATION_STYLE_ASSIGNMENT (( #1463 ) ) ;
#4009 = ORIENTED_EDGE ( 'NONE', *, *, #2310, .F. ) ;
#4010 = FILL_AREA_STYLE_COLOUR ( '', #1171 ) ;
#4011 = ADVANCED_FACE ( 'NONE', ( #171 ), #1606, .F. ) ;
#4012 = VECTOR ( 'NONE', #59, 1000.000000000000114 ) ;
#4013 = DIRECTION ( 'NONE',  ( 0.000000000000000000, 0.000000000000000000, 1.000000000000000000 ) ) ;
#4014 = FACE_OUTER_BOUND ( 'NONE', #1853, .T. ) ;
#4015 = CYLINDRICAL_SURFACE ( 'NONE', #1545, 1.264499999999999957 ) ;
#4016 = ORIENTED_EDGE ( 'NONE', *, *, #1132, .T. ) ;
#4017 = CARTESIAN_POINT ( 'NONE',  ( 3.415593136880096470, 8.146045509767924742, -9.324412799253170903 ) ) ;
#4018 = ADVANCED_FACE ( 'NONE', ( #2087 ), #4272, .T. ) ;
#4019 = DIRECTION ( 'NONE',  ( 1.000000000000000000, 0.000000000000000000, 0.000000000000000000 ) ) ;
#4020 = ORIENTED_EDGE ( 'NONE', *, *, #3302, .T. ) ;
#4021 = EDGE_LOOP ( 'NONE', ( #3378, #2983, #2521, #566 ) ) ;
#4022 =( LENGTH_UNIT ( ) NAMED_UNIT ( * ) SI_UNIT ( .MILLI., .METRE. ) );
#4023 = DIRECTION ( 'NONE',  ( -1.000000000000000000, 0.000000000000000000, 0.000000000000000000 ) ) ;
#4024 = CARTESIAN_POINT ( 'NONE',  ( 6.721687836487029166, 4.879804491996770466, -7.424999999999999822 ) ) ;
#4025 = ORIENTED_EDGE ( 'NONE', *, *, #1813, .F. ) ;
#4026 = DIRECTION ( 'NONE',  ( 0.000000000000000000, 0.000000000000000000, 1.000000000000000000 ) ) ;
#4027 = CIRCLE ( 'NONE', #4326, 2.500000000000000000 ) ;
#4028 = SURFACE_SIDE_STYLE ('',( #3983 ) ) ;
#4029 = DIRECTION ( 'NONE',  ( -0.4999999999999998890, 0.8660254037844387076, 0.000000000000000000 ) ) ;
#4030 = DIRECTION ( 'NONE',  ( 0.000000000000000000, 0.000000000000000000, 1.000000000000000000 ) ) ;
#4031 = PRODUCT_DEFINITION_SHAPE ( 'NONE', 'NONE',  #1568 ) ;
#4032 = EDGE_CURVE ( 'NONE', #3624, #2665, #1460, .T. ) ;
#4033 = CIRCLE ( 'NONE', #4486, 1.443375672974060331 ) ;
#4034 = FILL_AREA_STYLE ('',( #2632 ) ) ;
#4035 = AXIS2_PLACEMENT_3D ( 'NONE', #2670, #545, #2371 ) ;
#4036 = DIRECTION ( 'NONE',  ( 1.000000000000000000, -1.922962686383559872E-16, 0.000000000000000000 ) ) ;
#4037 = ORIENTED_EDGE ( 'NONE', *, *, #3831, .F. ) ;
#4038 = AXIS2_PLACEMENT_3D ( 'NONE', #4370, #401, #1129 ) ;
#4039 =( BOUNDED_CURVE ( )  B_SPLINE_CURVE ( 2, ( #1720, #2482, #264 ),
 .UNSPECIFIED., .F., .F. ) 
 B_SPLINE_CURVE_WITH_KNOTS ( ( 3, 3 ),
 ( 0.000000000000000000, 0.07523701006122331114 ),
 .UNSPECIFIED. ) 
 CURVE ( )  GEOMETRIC_REPRESENTATION_ITEM ( )  RATIONAL_B_SPLINE_CURVE ( ( 1.000000000000000000, 1.037954849302019866, 1.000000000000000000 ) ) 
 REPRESENTATION_ITEM ( '' )  );
#4040 = CARTESIAN_POINT ( 'NONE',  ( 5.113824816160415843, 5.223701887471774441, 8.506484521904344120 ) ) ;
#4041 = CARTESIAN_POINT ( 'NONE',  ( 6.000000000000000000, 6.129804491996769578, -6.125000000000000000 ) ) ;
#4042 = EDGE_LOOP ( 'NONE', ( #2342, #1131, #1041, #1423 ) ) ;
#4043 = ORIENTED_EDGE ( 'NONE', *, *, #3248, .F. ) ;
#4044 = EDGE_CURVE ( 'NONE', #4245, #1822, #2531, .T. ) ;
#4045 =( NAMED_UNIT ( * ) PLANE_ANGLE_UNIT ( ) SI_UNIT ( $, .RADIAN. ) );
#4046 = PLANE ( 'NONE',  #2362 ) ;
#4047 = FILL_AREA_STYLE ('',( #1181 ) ) ;
#4048 = LINE ( 'NONE', #2259, #694 ) ;
#4049 = VERTEX_POINT ( 'NONE', #3209 ) ;
#4050 = FILL_AREA_STYLE_COLOUR ( '', #3762 ) ;
#4051 = FACE_OUTER_BOUND ( 'NONE', #3667, .T. ) ;
#4052 = FACE_OUTER_BOUND ( 'NONE', #113, .T. ) ;
#4053 = DIRECTION ( 'NONE',  ( 0.4999999999999998890, -0.8660254037844387076, 0.000000000000000000 ) ) ;
#4054 = LINE ( 'NONE', #2992, #95 ) ;
#4055 = MECHANICAL_DESIGN_GEOMETRIC_PRESENTATION_REPRESENTATION (  '', ( #3235 ), #82 ) ;
#4056 = DIRECTION ( 'NONE',  ( 1.000000000000000000, 0.000000000000000000, 0.000000000000000000 ) ) ;
#4057 = CARTESIAN_POINT ( 'NONE',  ( 6.000000000000000000, -6.870195508003229534, -7.328312163512970656 ) ) ;
#4058 = EDGE_LOOP ( 'NONE', ( #2208, #546, #4450 ) ) ;
#4059 = EDGE_CURVE ( 'NONE', #3674, #2621, #3613, .T. ) ;
#4060 = MECHANICAL_DESIGN_GEOMETRIC_PRESENTATION_REPRESENTATION (  '', ( #466 ), #3990 ) ;
#4061 = STYLED_ITEM ( 'NONE', ( #125 ), #4124 ) ;
#4062 = CARTESIAN_POINT ( 'NONE',  ( 7.220416531793516945, 5.756300230285483543, 6.810445724816933222 ) ) ;
#4063 = CARTESIAN_POINT ( 'NONE',  ( 6.000000000000000000, 6.129804491996769578, -4.174999999999999822 ) ) ;
#4064 = ORIENTED_EDGE ( 'NONE', *, *, #3750, .F. ) ;
#4065 = ADVANCED_FACE ( 'NONE', ( #741, #3959 ), #2486, .T. ) ;
#4066 = ORIENTED_EDGE ( 'NONE', *, *, #1505, .F. ) ;
#4067 = CARTESIAN_POINT ( 'NONE',  ( 3.435082769373804634, 4.130094655852067476, -9.311875151757725178 ) ) ;
#4068 = AXIS2_PLACEMENT_3D ( 'NONE', #3563, #1366, #2811 ) ;
#4069 = DIRECTION ( 'NONE',  ( 0.000000000000000000, 0.000000000000000000, 1.000000000000000000 ) ) ;
#4070 = LINE ( 'NONE', #4449, #4415 ) ;
#4071 = ADVANCED_FACE ( 'NONE', ( #1724, #1413 ), #3232, .F. ) ;
#4072 = ORIENTED_EDGE ( 'NONE', *, *, #901, .T. ) ;
#4073 = SURFACE_SIDE_STYLE ('',( #2263 ) ) ;
#4074 =( NAMED_UNIT ( * ) SI_UNIT ( $, .STERADIAN. ) SOLID_ANGLE_UNIT ( ) );
#4075 = CARTESIAN_POINT ( 'NONE',  ( 8.500000000000000000, 6.129804491996769578, -4.675000000000000711 ) ) ;
#4076 = CARTESIAN_POINT ( 'NONE',  ( 6.208364401690914747, -8.126284616578235642, 7.745784319686733532 ) ) ;
#4077 = CARTESIAN_POINT ( 'NONE',  ( 3.500000000000000000, 6.129804491996769578, -7.424999999999999822 ) ) ;
#4078 = CARTESIAN_POINT ( 'NONE',  ( 7.500000000000000000, -6.870195508003229534, 2.575000000000000178 ) ) ;
#4079 = ADVANCED_FACE ( 'NONE', ( #4615 ), #144, .F. ) ;
#4080 = VECTOR ( 'NONE', #3441, 1000.000000000000000 ) ;
#4081 = CIRCLE ( 'NONE', #1224, 1.463499999999999579 ) ;
#4082 = FACE_OUTER_BOUND ( 'NONE', #4234, .T. ) ;
#4083 = VECTOR ( 'NONE', #3517, 1000.000000000000000 ) ;
#4084 = CARTESIAN_POINT ( 'NONE',  ( -3.387499999999999734, -12.50000000000000000, -0.5000000000000000000 ) ) ;
#4085 = VERTEX_POINT ( 'NONE', #1137 ) ;
#4086 = SURFACE_STYLE_FILL_AREA ( #2522 ) ;
#4087 = FILL_AREA_STYLE_COLOUR ( '', #1138 ) ;
#4088 = DIRECTION ( 'NONE',  ( 0.000000000000000000, 0.000000000000000000, -1.000000000000000000 ) ) ;
#4089 = CARTESIAN_POINT ( 'NONE',  ( 6.000000000000000000, -8.120195508003229534, -7.231624327025939714 ) ) ;
#4090 = EDGE_LOOP ( 'NONE', ( #2541, #1080 ) ) ;
#4091 = VERTEX_POINT ( 'NONE', #1871 ) ;
#4092 = EDGE_CURVE ( 'NONE', #3829, #2562, #2795, .T. ) ;
#4093 = CARTESIAN_POINT ( 'NONE',  ( 4.622575015750248539, 3.186197609638809158, -8.782829317634167410 ) ) ;
#4094 = CARTESIAN_POINT ( 'NONE',  ( 7.264499999999999957, 6.129804491996769578, 2.575000000000000178 ) ) ;
#4095 = CARTESIAN_POINT ( 'NONE',  ( 3.500000000000000000, 6.129804491996769578, -4.424999999999999822 ) ) ;
#4096 = ORIENTED_EDGE ( 'NONE', *, *, #1947, .F. ) ;
#4097 = AXIS2_PLACEMENT_3D ( 'NONE', #591, #4585, #2165 ) ;
#4098 = CARTESIAN_POINT ( 'NONE',  ( 5.278312163512969946, 4.879804491996770466, -7.424999999999999822 ) ) ;
#4099 = DIRECTION ( 'NONE',  ( 0.000000000000000000, 0.000000000000000000, 1.000000000000000000 ) ) ;
#4100 = CARTESIAN_POINT ( 'NONE',  ( 8.750000000000000000, 6.129804491996769578, -7.174999999999999822 ) ) ;
#4101 = AXIS2_PLACEMENT_3D ( 'NONE', #2978, #2955, #1192 ) ;
#4102 = DIRECTION ( 'NONE',  ( 0.000000000000000000, -1.000000000000000000, 0.000000000000000000 ) ) ;
#4103 = ORIENTED_EDGE ( 'NONE', *, *, #729, .T. ) ;
#4104 =( GEOMETRIC_REPRESENTATION_CONTEXT ( 3 ) GLOBAL_UNCERTAINTY_ASSIGNED_CONTEXT ( ( #3766 ) ) GLOBAL_UNIT_ASSIGNED_CONTEXT ( ( #559, #2624, #4160 ) ) REPRESENTATION_CONTEXT ( 'NONE', 'WORKASPACE' ) );
#4105 = DIRECTION ( 'NONE',  ( 1.000000000000000000, 0.000000000000000000, 0.000000000000000000 ) ) ;
#4106 = PRESENTATION_LAYER_ASSIGNMENT (  '', '', ( #1546 ) ) ;
#4107 = ADVANCED_FACE ( 'NONE', ( #2919 ), #3383, .F. ) ;
#4108 = CARTESIAN_POINT ( 'NONE',  ( 3.968626966596889627, 6.000000000000000000, 0.5000000000000000000 ) ) ;
#4109 = AXIS2_PLACEMENT_3D ( 'NONE', #3506, #3102, #3643 ) ;
#4110 = AXIS2_PLACEMENT_3D ( 'NONE', #3603, #379, #60 ) ;
#4111 = DIRECTION ( 'NONE',  ( 1.000000000000000000, 0.000000000000000000, 0.000000000000000000 ) ) ;
#4112 = CIRCLE ( 'NONE', #2304, 0.2500000000000002220 ) ;
#4113 = CIRCLE ( 'NONE', #1331, 2.750000000000000000 ) ;
#4114 = UNCERTAINTY_MEASURE_WITH_UNIT (LENGTH_MEASURE( 1.000000000000000082E-05 ), #173, 'distance_accuracy_value', 'NONE');
#4115 = SURFACE_STYLE_FILL_AREA ( #1946 ) ;
#4116 = FACE_OUTER_BOUND ( 'NONE', #344, .T. ) ;
#4117 = ORIENTED_EDGE ( 'NONE', *, *, #4635, .T. ) ;
#4118 = VECTOR ( 'NONE', #1237, 1000.000000000000000 ) ;
#4119 = EDGE_LOOP ( 'NONE', ( #9, #3002, #1944, #1238 ) ) ;
#4120 = CARTESIAN_POINT ( 'NONE',  ( 4.355849220038346736, 3.324763647381254295, -8.918625293930848130 ) ) ;
#4121 = CARTESIAN_POINT ( 'NONE',  ( 6.000000000000000000, -6.870195508003229534, -7.424999999999999822 ) ) ;
#4122 = LINE ( 'NONE', #2324, #2011 ) ;
#4123 = VERTEX_POINT ( 'NONE', #852 ) ;
#4124 = ADVANCED_FACE ( 'NONE', ( #409 ), #4220, .F. ) ;
#4125 = DIRECTION ( 'NONE',  ( 1.224646799147353207E-16, 1.000000000000000000, -0.000000000000000000 ) ) ;
#4126 = SURFACE_SIDE_STYLE ('',( #1227 ) ) ;
#4127 = CARTESIAN_POINT ( 'NONE',  ( 4.962499999999999467, -0.5000000000000000000, 0.5000000000000000000 ) ) ;
#4128 = PRESENTATION_STYLE_ASSIGNMENT (( #833 ) ) ;
#4129 = CARTESIAN_POINT ( 'NONE',  ( 0.000000000000000000, -0.7500000000000000000, 0.000000000000000000 ) ) ;
#4130 = CARTESIAN_POINT ( 'NONE',  ( 3.500000000000000000, -6.870195508003229534, -4.675000000000000711 ) ) ;
#4131 = PLANE ( 'NONE',  #3054 ) ;
#4132 = ADVANCED_FACE ( 'NONE', ( #807 ), #4363, .T. ) ;
#4133 = PLANE ( 'NONE',  #4458 ) ;
#4134 = FACE_OUTER_BOUND ( 'NONE', #287, .T. ) ;
#4135 = CARTESIAN_POINT ( 'NONE',  ( 5.278312163512969946, -5.620195508003230422, -7.424999999999999822 ) ) ;
#4136 = CARTESIAN_POINT ( 'NONE',  ( 4.962499999999999467, -12.50000000000000000, 0.5000000000000000000 ) ) ;
#4137 = EDGE_LOOP ( 'NONE', ( #468, #656, #1949, #2155 ) ) ;
#4138 = ORIENTED_EDGE ( 'NONE', *, *, #2833, .F. ) ;
#4139 = DIRECTION ( 'NONE',  ( 0.000000000000000000, 0.000000000000000000, -1.000000000000000000 ) ) ;
#4140 = DIRECTION ( 'NONE',  ( 0.000000000000000000, 0.000000000000000000, 1.000000000000000000 ) ) ;
#4141 = CARTESIAN_POINT ( 'NONE',  ( 5.278312163512969946, -5.620195508003230422, -6.125000000000000000 ) ) ;
#4142 = COLOUR_RGB ( '',0.9607843137254902244, 0.9607843137254902244, 0.9647058823529411908 ) ;
#4143 = ORIENTED_EDGE ( 'NONE', *, *, #4536, .T. ) ;
#4144 = CARTESIAN_POINT ( 'NONE',  ( 6.000000000000000000, 6.129804491996769578, -0.5000000000000000000 ) ) ;
#4145 = DIRECTION ( 'NONE',  ( 1.224646799147353207E-16, 1.000000000000000000, -0.000000000000000000 ) ) ;
#4146 = LINE ( 'NONE', #1576, #39 ) ;
#4147 = EDGE_CURVE ( 'NONE', #1663, #1686, #3721, .T. ) ;
#4148 = FACE_BOUND ( 'NONE', #1861, .T. ) ;
#4149 = SURFACE_SIDE_STYLE ('',( #3390 ) ) ;
#4150 = VECTOR ( 'NONE', #3985, 1000.000000000000000 ) ;
#4151 = CARTESIAN_POINT ( 'NONE',  ( 4.735500000000000043, -6.870195508003229534, 8.722423100836151022 ) ) ;
#4152 = VECTOR ( 'NONE', #617, 1000.000000000000114 ) ;
#4153 = DIRECTION ( 'NONE',  ( 0.000000000000000000, 0.000000000000000000, -1.000000000000000000 ) ) ;
#4154 = EDGE_CURVE ( 'NONE', #590, #2922, #505, .T. ) ;
#4155 = EDGE_LOOP ( 'NONE', ( #2262, #3820, #3091 ) ) ;
#4156 = CARTESIAN_POINT ( 'NONE',  ( 6.377019256924076451, -10.09908964384284324, -7.605956590668268014 ) ) ;
#4157 = AXIS2_PLACEMENT_3D ( 'NONE', #199, #4574, #2716 ) ;
#4158 = CARTESIAN_POINT ( 'NONE',  ( 6.000000000000000000, -6.870195508003229534, -7.328312163512970656 ) ) ;
#4159 = FACE_OUTER_BOUND ( 'NONE', #2250, .T. ) ;
#4160 =( NAMED_UNIT ( * ) SI_UNIT ( $, .STERADIAN. ) SOLID_ANGLE_UNIT ( ) );
#4161 = CONICAL_SURFACE ( 'NONE', #36, 0.6249999999999996669, 1.151140265157619913 ) ;
#4162 = FILL_AREA_STYLE_COLOUR ( '', #4474 ) ;
#4163 = DIRECTION ( 'NONE',  ( 1.000000000000000000, 0.000000000000000000, 0.000000000000000000 ) ) ;
#4164 = VERTEX_POINT ( 'NONE', #4098 ) ;
#4165 = ORIENTED_EDGE ( 'NONE', *, *, #4478, .T. ) ;
#4166 = EDGE_CURVE ( 'NONE', #3103, #1390, #1890, .T. ) ;
#4167 = CARTESIAN_POINT ( 'NONE',  ( 6.746267944845969922, 2.967174558605734980, -7.279716151765335042 ) ) ;
#4168 = CARTESIAN_POINT ( 'NONE',  ( 6.000000000000000000, 6.129804491996769578, -6.125000000000000000 ) ) ;
#4169 = CARTESIAN_POINT ( 'NONE',  ( 4.962499999999999467, -12.50000000000000000, 0.5000000000000000000 ) ) ;
#4170 = ORIENTED_EDGE ( 'NONE', *, *, #4213, .F. ) ;
#4171 =( LENGTH_UNIT ( ) NAMED_UNIT ( * ) SI_UNIT ( .MILLI., .METRE. ) );
#4172 = ORIENTED_EDGE ( 'NONE', *, *, #1455, .T. ) ;
#4173 = MECHANICAL_DESIGN_GEOMETRIC_PRESENTATION_REPRESENTATION (  '', ( #3874 ), #121 ) ;
#4174 = ORIENTED_EDGE ( 'NONE', *, *, #1505, .T. ) ;
#4175 = CARTESIAN_POINT ( 'NONE',  ( 8.178574412283865058, -9.284088146044773282, -5.624335478382798570 ) ) ;
#4176 = AXIS2_PLACEMENT_3D ( 'NONE', #2389, #3825, #207 ) ;
#4177 = DIRECTION ( 'NONE',  ( 0.000000000000000000, 1.000000000000000000, 0.000000000000000000 ) ) ;
#4178 = EDGE_CURVE ( 'NONE', #152, #541, #2645, .T. ) ;
#4179 = CARTESIAN_POINT ( 'NONE',  ( 7.463499999999999801, 6.129804491996769578, 0.4500000000000000111 ) ) ;
#4180 = AXIS2_PLACEMENT_3D ( 'NONE', #536, #816, #2249 ) ;
#4181 = DIRECTION ( 'NONE',  ( 1.000000000000000000, 0.000000000000000000, 0.000000000000000000 ) ) ;
#4182 = MECHANICAL_DESIGN_GEOMETRIC_PRESENTATION_REPRESENTATION (  '', ( #3580 ), #800 ) ;
#4183 = DIRECTION ( 'NONE',  ( 0.000000000000000000, 0.000000000000000000, 1.000000000000000000 ) ) ;
#4184 =( NAMED_UNIT ( * ) PLANE_ANGLE_UNIT ( ) SI_UNIT ( $, .RADIAN. ) );
#4185 = ORIENTED_EDGE ( 'NONE', *, *, #2631, .F. ) ;
#4186 = ORIENTED_EDGE ( 'NONE', *, *, #3588, .T. ) ;
#4187 = AXIS2_PLACEMENT_3D ( 'NONE', #2698, #191, #1651 ) ;
#4188 = AXIS2_PLACEMENT_3D ( 'NONE', #4376, #4069, #4023 ) ;
#4189 = CARTESIAN_POINT ( 'NONE',  ( 7.887172502684723696, -4.222247885361059438, -6.026282394910412954 ) ) ;
#4190 = ORIENTED_EDGE ( 'NONE', *, *, #1783, .F. ) ;
#4191 = CARTESIAN_POINT ( 'NONE',  ( 5.754432098512232585, 7.380163390136843304, 8.088567108346104817 ) ) ;
#4192 = EDGE_CURVE ( 'NONE', #3748, #1262, #2736, .T. ) ;
#4193 = CARTESIAN_POINT ( 'NONE',  ( 7.082531754730550411, 5.504804491996769578, -7.231624327025939714 ) ) ;
#4194 = MECHANICAL_DESIGN_GEOMETRIC_PRESENTATION_REPRESENTATION (  '', ( #69 ), #1394 ) ;
#4195 = APPLICATION_PROTOCOL_DEFINITION ( 'draft international standard', 'automotive_design', 1998, #1257 ) ;
#4196 = DIRECTION ( 'NONE',  ( 0.000000000000000000, 0.000000000000000000, 1.000000000000000000 ) ) ;
#4197 = CARTESIAN_POINT ( 'NONE',  ( 6.000000000000000000, 6.129804491996769578, -4.675000000000000711 ) ) ;
#4198 = DIRECTION ( 'NONE',  ( 0.000000000000000000, 0.000000000000000000, 1.000000000000000000 ) ) ;
#4199 = VERTEX_POINT ( 'NONE', #876 ) ;
#4200 = DIRECTION ( 'NONE',  ( 0.000000000000000000, 0.000000000000000000, -1.000000000000000000 ) ) ;
#4201 = ORIENTED_EDGE ( 'NONE', *, *, #3537, .T. ) ;
#4202 = CARTESIAN_POINT ( 'NONE',  ( 6.746267944843472364, -10.03282544139418775, -7.279716151767659404 ) ) ;
#4203 = CARTESIAN_POINT ( 'NONE',  ( 7.713499999999999801, 6.129804491996769578, -4.424999999999999822 ) ) ;
#4204 =( NAMED_UNIT ( * ) SI_UNIT ( $, .STERADIAN. ) SOLID_ANGLE_UNIT ( ) );
#4205 =( NAMED_UNIT ( * ) PLANE_ANGLE_UNIT ( ) SI_UNIT ( $, .RADIAN. ) );
#4206 = FILL_AREA_STYLE ('',( #4580 ) ) ;
#4207 = EDGE_CURVE ( 'NONE', #364, #2997, #2608, .T. ) ;
#4208 = CARTESIAN_POINT ( 'NONE',  ( 2.750000000000000444, -6.870195508003229534, -4.424999999999999822 ) ) ;
#4209 = ORIENTED_EDGE ( 'NONE', *, *, #3116, .F. ) ;
#4210 = ORIENTED_EDGE ( 'NONE', *, *, #3661, .F. ) ;
#4211 = DIRECTION ( 'NONE',  ( 1.000000000000000000, 0.000000000000000000, 0.000000000000000000 ) ) ;
#4212 = CARTESIAN_POINT ( 'NONE',  ( 6.000000000000000000, -6.870195508003229534, -6.125000000000000000 ) ) ;
#4213 = EDGE_CURVE ( 'NONE', #1884, #3268, #2414, .T. ) ;
#4214 = CARTESIAN_POINT ( 'NONE',  ( 4.917468245269450478, -6.245195508003230422, -7.231624327025939714 ) ) ;
#4215 = VERTEX_POINT ( 'NONE', #618 ) ;
#4216 = PRESENTATION_STYLE_ASSIGNMENT (( #994 ) ) ;
#4217 = AXIS2_PLACEMENT_3D ( 'NONE', #1330, #3606, #384 ) ;
#4218 = DIRECTION ( 'NONE',  ( 0.000000000000000000, 0.000000000000000000, 1.000000000000000000 ) ) ;
#4219 = DIRECTION ( 'NONE',  ( 0.000000000000000000, 0.000000000000000000, -1.000000000000000000 ) ) ;
#4220 = CONICAL_SURFACE ( 'NONE', #908, 2.625000000000000000, 0.7853981633974511656 ) ;
#4221 = SURFACE_SIDE_STYLE ('',( #336 ) ) ;
#4222 = ORIENTED_EDGE ( 'NONE', *, *, #1748, .T. ) ;
#4223 = DIRECTION ( 'NONE',  ( -0.4999999999999998890, 0.8660254037844387076, 0.000000000000000000 ) ) ;
#4224 = CARTESIAN_POINT ( 'NONE',  ( 6.000000000000000000, 6.129804491996769578, -4.174999999999999822 ) ) ;
#4225 = ORIENTED_EDGE ( 'NONE', *, *, #1973, .F. ) ;
#4226 = EDGE_CURVE ( 'NONE', #4276, #2807, #3048, .T. ) ;
#4227 = CIRCLE ( 'NONE', #162, 9.674999999999998934 ) ;
#4228 = CARTESIAN_POINT ( 'NONE',  ( 4.668172693158127551, -9.834754424975914233, -8.758678799098952084 ) ) ;
#4229 = DIRECTION ( 'NONE',  ( 1.000000000000000000, 0.000000000000000000, 0.000000000000000000 ) ) ;
#4230 = CARTESIAN_POINT ( 'NONE',  ( 6.000000000000000000, -6.870195508003229534, -7.328312163512970656 ) ) ;
#4231 = CONICAL_SURFACE ( 'NONE', #2428, 1.346687836487029832, 0.7853981633974476129 ) ;
#4232 = CARTESIAN_POINT ( 'NONE',  ( 0.000000000000000000, -0.2403910160064690049, 0.000000000000000000 ) ) ;
#4233 = ORIENTED_EDGE ( 'NONE', *, *, #3899, .F. ) ;
#4234 = EDGE_LOOP ( 'NONE', ( #1056, #2112, #673, #4256 ) ) ;
#4235 = SURFACE_STYLE_FILL_AREA ( #1665 ) ;
#4236 = LINE ( 'NONE', #1012, #1937 ) ;
#4237 = CARTESIAN_POINT ( 'NONE',  ( 6.000000000000000000, -6.870195508003229534, -6.125000000000000000 ) ) ;
#4238 = ORIENTED_EDGE ( 'NONE', *, *, #1196, .T. ) ;
#4239 = CIRCLE ( 'NONE', #779, 1.443375672974060331 ) ;
#4240 = DIRECTION ( 'NONE',  ( 0.000000000000000000, 0.000000000000000000, 1.000000000000000000 ) ) ;
#4241 = ADVANCED_FACE ( 'NONE', ( #3011 ), #1268, .F. ) ;
#4242 = DIRECTION ( 'NONE',  ( 0.000000000000000000, 0.000000000000000000, -1.000000000000000000 ) ) ;
#4243 = DIRECTION ( 'NONE',  ( 0.000000000000000000, 0.000000000000000000, 1.000000000000000000 ) ) ;
#4244 = DIRECTION ( 'NONE',  ( 0.000000000000000000, 0.000000000000000000, 1.000000000000000000 ) ) ;
#4245 = VERTEX_POINT ( 'NONE', #2350 ) ;
#4246 = FILL_AREA_STYLE_COLOUR ( '', #1355 ) ;
#4247 = DIRECTION ( 'NONE',  ( 1.000000000000000000, 0.000000000000000000, 0.000000000000000000 ) ) ;
#4248 = ORIENTED_EDGE ( 'NONE', *, *, #390, .F. ) ;
#4249 = DIRECTION ( 'NONE',  ( 0.000000000000000000, 0.000000000000000000, 1.000000000000000000 ) ) ;
#4250 = EDGE_CURVE ( 'NONE', #1519, #616, #236, .T. ) ;
#4251 = UNCERTAINTY_MEASURE_WITH_UNIT (LENGTH_MEASURE( 1.000000000000000082E-05 ), #3503, 'distance_accuracy_value', 'NONE');
#4252 = AXIS2_PLACEMENT_3D ( 'NONE', #3123, #1007, #2750 ) ;
#4253 = CIRCLE ( 'NONE', #195, 1.250000000000000222 ) ;
#4254 = SURFACE_SIDE_STYLE ('',( #3904 ) ) ;
#4255 = VERTEX_POINT ( 'NONE', #2712 ) ;
#4256 = ORIENTED_EDGE ( 'NONE', *, *, #2979, .T. ) ;
#4257 = PRESENTATION_LAYER_ASSIGNMENT (  '', '', ( #3580 ) ) ;
#4258 = UNCERTAINTY_MEASURE_WITH_UNIT (LENGTH_MEASURE( 1.000000000000000082E-05 ), #970, 'distance_accuracy_value', 'NONE');
#4259 = DIRECTION ( 'NONE',  ( 0.000000000000000000, 0.000000000000000000, 1.000000000000000000 ) ) ;
#4260 = CARTESIAN_POINT ( 'NONE',  ( 4.556624327025930121, -6.870195508003229534, -7.424999999999999822 ) ) ;
#4261 = ORIENTED_EDGE ( 'NONE', *, *, #2635, .F. ) ;
#4262 = CARTESIAN_POINT ( 'NONE',  ( 6.918454224901223526, 7.002360069883694749, 7.116650819066211220 ) ) ;
#4263 = MECHANICAL_DESIGN_GEOMETRIC_PRESENTATION_REPRESENTATION (  '', ( #434 ), #808 ) ;
#4264 = CONICAL_SURFACE ( 'NONE', #659, 1.346687836487029832, 0.7853981633974476129 ) ;
#4265 = SURFACE_SIDE_STYLE ('',( #3463 ) ) ;
#4266 = CARTESIAN_POINT ( 'NONE',  ( 5.278312163512969946, 7.379804491996769578, -7.424999999999999822 ) ) ;
#4267 =( NAMED_UNIT ( * ) SI_UNIT ( $, .STERADIAN. ) SOLID_ANGLE_UNIT ( ) );
#4268 = CARTESIAN_POINT ( 'NONE',  ( 6.000000000000000000, -6.870195508003229534, -4.675000000000000711 ) ) ;
#4269 = EDGE_CURVE ( 'NONE', #2556, #1788, #1965, .T. ) ;
#4270 = VERTEX_POINT ( 'NONE', #190 ) ;
#4271 = AXIS2_PLACEMENT_3D ( 'NONE', #447, #423, #2212 ) ;
#4272 = CYLINDRICAL_SURFACE ( 'NONE', #985, 2.750000000000000888 ) ;
#4273 = FILL_AREA_STYLE_COLOUR ( '', #3855 ) ;
#4274 = ORIENTED_EDGE ( 'NONE', *, *, #75, .F. ) ;
#4275 = EDGE_CURVE ( 'NONE', #1590, #4245, #1625, .T. ) ;
#4276 = VERTEX_POINT ( 'NONE', #3385 ) ;
#4277 = ORIENTED_EDGE ( 'NONE', *, *, #3921, .F. ) ;
#4278 = CARTESIAN_POINT ( 'NONE',  ( 5.813612252745580911, 9.374223697324733706, -8.044112694655048301 ) ) ;
#4279 = EDGE_CURVE ( 'NONE', #1262, #3803, #2693, .T. ) ;
#4280 = CARTESIAN_POINT ( 'NONE',  ( 6.000000000000000000, 6.129804491996769578, -7.174999999999999822 ) ) ;
#4281 = ORIENTED_EDGE ( 'NONE', *, *, #2748, .T. ) ;
#4282 = DIRECTION ( 'NONE',  ( 0.000000000000000000, 1.000000000000000000, 0.000000000000000000 ) ) ;
#4283 = AXIS2_PLACEMENT_3D ( 'NONE', #2974, #1213, #3753 ) ;
#4284 = CARTESIAN_POINT ( 'NONE',  ( 6.000000000000000000, -6.870195508003229534, 0.4500000000000000111 ) ) ;
#4285 = FILL_AREA_STYLE ('',( #2193 ) ) ;
#4286 = CARTESIAN_POINT ( 'NONE',  ( 7.250000000000000888, 6.464740982535668756, -7.231624327025945043 ) ) ;
#4287 = ORIENTED_EDGE ( 'NONE', *, *, #933, .F. ) ;
#4288 = SURFACE_STYLE_FILL_AREA ( #3212 ) ;
#4289 = CONICAL_SURFACE ( 'NONE', #2040, 1.374999999999999556, 0.7853981633974476129 ) ;
#4290 = EDGE_CURVE ( 'NONE', #2800, #1642, #1598, .T. ) ;
#4291 = CARTESIAN_POINT ( 'NONE',  ( 2.449489742783180102, -0.7500000000000000000, 0.5000000000000000000 ) ) ;
#4292 = EDGE_LOOP ( 'NONE', ( #1068, #4491 ) ) ;
#4293 = AXIS2_PLACEMENT_3D ( 'NONE', #2375, #3410, #918 ) ;
#4294 = FACE_OUTER_BOUND ( 'NONE', #4373, .T. ) ;
#4295 = ADVANCED_FACE ( 'NONE', ( #3434 ), #3608, .F. ) ;
#4296 = AXIS2_PLACEMENT_3D ( 'NONE', #1488, #3978, #2917 ) ;
#4297 = DIRECTION ( 'NONE',  ( -0.000000000000000000, 1.000000000000000000, 0.000000000000000000 ) ) ;
#4298 = ORIENTED_EDGE ( 'NONE', *, *, #3105, .F. ) ;
#4299 = ORIENTED_EDGE ( 'NONE', *, *, #3004, .F. ) ;
#4300 =( NAMED_UNIT ( * ) PLANE_ANGLE_UNIT ( ) SI_UNIT ( $, .RADIAN. ) );
#4301 = AXIS2_PLACEMENT_3D ( 'NONE', #3157, #1691, #3135 ) ;
#4302 = CARTESIAN_POINT ( 'NONE',  ( 5.064670295037383418, 9.243775411583152746, -8.536112726779469639 ) ) ;
#4303 = DIRECTION ( 'NONE',  ( 0.000000000000000000, 0.000000000000000000, 1.000000000000000000 ) ) ;
#4304 = ORIENTED_EDGE ( 'NONE', *, *, #1428, .F. ) ;
#4305 = STYLED_ITEM ( 'NONE', ( #2408 ), #3936 ) ;
#4306 = EDGE_CURVE ( 'NONE', #3748, #2185, #1521, .T. ) ;
#4307 = DIRECTION ( 'NONE',  ( 0.000000000000000000, 0.000000000000000000, 1.000000000000000000 ) ) ;
#4308 = CARTESIAN_POINT ( 'NONE',  ( 9.924999999999998934, 12.50000000000000000, 0.5000000000000000000 ) ) ;
#4309 = AXIS2_PLACEMENT_3D ( 'NONE', #2199, #2581, #3636 ) ;
#4310 = AXIS2_PLACEMENT_3D ( 'NONE', #2995, #3328, #3611 ) ;
#4311 = VERTEX_POINT ( 'NONE', #2886 ) ;
#4312 =( NAMED_UNIT ( * ) SI_UNIT ( $, .STERADIAN. ) SOLID_ANGLE_UNIT ( ) );
#4313 = DIRECTION ( 'NONE',  ( -1.000000000000000000, 0.000000000000000000, 1.224646799147350002E-16 ) ) ;
#4314 = CARTESIAN_POINT ( 'NONE',  ( 0.000000000000000000, -12.50000000000000000, 0.000000000000000000 ) ) ;
#4315 = EDGE_LOOP ( 'NONE', ( #371, #325, #3452, #2516 ) ) ;
#4316 = CARTESIAN_POINT ( 'NONE',  ( 2.750000000000010658, -6.870195508003255291, -9.536410488228785454 ) ) ;
#4317 = CARTESIAN_POINT ( 'NONE',  ( -2.449489742783180102, -1.250000000000000000, 0.5000000000000000000 ) ) ;
#4318 = ORIENTED_EDGE ( 'NONE', *, *, #3116, .T. ) ;
#4319 = ADVANCED_FACE ( 'NONE', ( #2954 ), #1814, .F. ) ;
#4320 = VERTEX_POINT ( 'NONE', #3246 ) ;
#4321 = CIRCLE ( 'NONE', #4618, 9.674999999999998934 ) ;
#4322 =( GEOMETRIC_REPRESENTATION_CONTEXT ( 3 ) GLOBAL_UNCERTAINTY_ASSIGNED_CONTEXT ( ( #116 ) ) GLOBAL_UNIT_ASSIGNED_CONTEXT ( ( #3476, #4205, #2418 ) ) REPRESENTATION_CONTEXT ( 'NONE', 'WORKASPACE' ) );
#4323 = CARTESIAN_POINT ( 'NONE',  ( 6.623860058864520894, 9.323162713467230134, -7.394604134165756015 ) ) ;
#4324 = LINE ( 'NONE', #1794, #3520 ) ;
#4325 = ORIENTED_EDGE ( 'NONE', *, *, #1212, .T. ) ;
#4326 = AXIS2_PLACEMENT_3D ( 'NONE', #1185, #3438, #2061 ) ;
#4327 = FILL_AREA_STYLE ('',( #4374 ) ) ;
#4328 = DIRECTION ( 'NONE',  ( 0.000000000000000000, 0.000000000000000000, 1.000000000000000000 ) ) ;
#4329 = FILL_AREA_STYLE_COLOUR ( '', #3585 ) ;
#4330 = AXIS2_PLACEMENT_3D ( 'NONE', #4308, #1435, #2483 ) ;
#4331 =( NAMED_UNIT ( * ) PLANE_ANGLE_UNIT ( ) SI_UNIT ( $, .RADIAN. ) );
#4332 = EDGE_CURVE ( 'NONE', #1416, #761, #1498, .T. ) ;
#4333 = ORIENTED_EDGE ( 'NONE', *, *, #2755, .T. ) ;
#4334 =( NAMED_UNIT ( * ) SI_UNIT ( $, .STERADIAN. ) SOLID_ANGLE_UNIT ( ) );
#4335 = CIRCLE ( 'NONE', #1403, 0.2500000000000002220 ) ;
#4336 = CARTESIAN_POINT ( 'NONE',  ( 6.000000000000000000, -6.870195508003229534, 5.361500000000000377 ) ) ;
#4337 = DIRECTION ( 'NONE',  ( 0.000000000000000000, -1.000000000000000000, 0.000000000000000000 ) ) ;
#4338 = ORIENTED_EDGE ( 'NONE', *, *, #1614, .F. ) ;
#4339 = VECTOR ( 'NONE', #181, 1000.000000000000000 ) ;
#4340 = AXIS2_PLACEMENT_3D ( 'NONE', #2037, #903, #3442 ) ;
#4341 = CARTESIAN_POINT ( 'NONE',  ( 5.278312163512969946, -5.620195508003230422, -7.424999999999999822 ) ) ;
#4342 = CARTESIAN_POINT ( 'NONE',  ( 4.529780756529201646, -3.965157982904119471, -8.833493715974549687 ) ) ;
#4343 = ORIENTED_EDGE ( 'NONE', *, *, #3129, .F. ) ;
#4344 = UNCERTAINTY_MEASURE_WITH_UNIT (LENGTH_MEASURE( 1.000000000000000082E-05 ), #2845, 'distance_accuracy_value', 'NONE');
#4345 = EDGE_CURVE ( 'NONE', #1320, #3479, #1879, .T. ) ;
#4346 = CARTESIAN_POINT ( 'NONE',  ( 8.494377282727866074, 8.213753158499571327, -5.133556547307227547 ) ) ;
#4347 = CARTESIAN_POINT ( 'NONE',  ( 6.721687836487029166, -8.120195508003229534, -6.125000000000000000 ) ) ;
#4348 = EDGE_LOOP ( 'NONE', ( #1839, #3846, #4457 ) ) ;
#4349 = CARTESIAN_POINT ( 'NONE',  ( 6.000000000000000000, 6.129804491996769578, -7.328312163512970656 ) ) ;
#4350 = ADVANCED_FACE ( 'NONE', ( #4134 ), #3455, .F. ) ;
#4351 = CARTESIAN_POINT ( 'NONE',  ( 6.721687836487029166, -8.120195508003229534, -6.125000000000000000 ) ) ;
#4352 = CARTESIAN_POINT ( 'NONE',  ( -3.968626966596889627, 12.25000000000000000, -0.5000000000000000000 ) ) ;
#4353 = SURFACE_SIDE_STYLE ('',( #755 ) ) ;
#4354 = CARTESIAN_POINT ( 'NONE',  ( -4.220485754033539649, 12.50000000000000000, -0.5000000000000000000 ) ) ;
#4355 = VERTEX_POINT ( 'NONE', #863 ) ;
#4356 = FILL_AREA_STYLE ('',( #106 ) ) ;
#4357 =( NAMED_UNIT ( * ) PLANE_ANGLE_UNIT ( ) SI_UNIT ( $, .RADIAN. ) );
#4358 = ORIENTED_EDGE ( 'NONE', *, *, #1907, .T. ) ;
#4359 = EDGE_CURVE ( 'NONE', #2997, #1884, #4435, .T. ) ;
#4360 = FACE_OUTER_BOUND ( 'NONE', #1802, .T. ) ;
#4361 = PLANE ( 'NONE',  #1790 ) ;
#4362 = AXIS2_PLACEMENT_3D ( 'NONE', #3702, #810, #2579 ) ;
#4363 = TOROIDAL_SURFACE ( 'NONE', #2331, 2.500000000000000000, 0.2500000000000000000 ) ;
#4364 = DIRECTION ( 'NONE',  ( -0.000000000000000000, 1.000000000000000000, 0.000000000000000000 ) ) ;
#4365 = ORIENTED_EDGE ( 'NONE', *, *, #928, .F. ) ;
#4366 =( NAMED_UNIT ( * ) SI_UNIT ( $, .STERADIAN. ) SOLID_ANGLE_UNIT ( ) );
#4367 = AXIS2_PLACEMENT_3D ( 'NONE', #15, #4244, #641 ) ;
#4368 =( BOUNDED_CURVE ( )  B_SPLINE_CURVE ( 2, ( #3050, #1259, #4135 ),
 .UNSPECIFIED., .F., .F. ) 
 B_SPLINE_CURVE_WITH_KNOTS ( ( 3, 3 ),
 ( 0.07523701006122340829, 0.1504740201224469831 ),
 .UNSPECIFIED. ) 
 CURVE ( )  GEOMETRIC_REPRESENTATION_ITEM ( )  RATIONAL_B_SPLINE_CURVE ( ( 1.000000000000000000, 1.037954849302039850, 1.000000000000000000 ) ) 
 REPRESENTATION_ITEM ( '' )  );
#4369 = CARTESIAN_POINT ( 'NONE',  ( 3.790481301903457112, 8.513509925844722659, -9.172762321082723602 ) ) ;
#4370 = CARTESIAN_POINT ( 'NONE',  ( 6.000000000000000000, -6.870195508003229534, -7.174999999999999822 ) ) ;
#4371 = ORIENTED_EDGE ( 'NONE', *, *, #1659, .T. ) ;
#4372 = CIRCLE ( 'NONE', #2723, 2.500000000000000000 ) ;
#4373 = EDGE_LOOP ( 'NONE', ( #2973, #271, #3880, #4138 ) ) ;
#4374 = FILL_AREA_STYLE_COLOUR ( '', #4477 ) ;
#4375 = SURFACE_STYLE_USAGE ( .BOTH. , #3299 ) ;
#4376 = CARTESIAN_POINT ( 'NONE',  ( 6.000000000000000000, 6.129804491996769578, 2.575000000000000178 ) ) ;
#4377 = SURFACE_SIDE_STYLE ('',( #1909 ) ) ;
#4378 = EDGE_LOOP ( 'NONE', ( #3975, #417 ) ) ;
#4379 = EDGE_CURVE ( 'NONE', #3993, #3208, #2298, .T. ) ;
#4380 =( LENGTH_UNIT ( ) NAMED_UNIT ( * ) SI_UNIT ( .MILLI., .METRE. ) );
#4381 = CARTESIAN_POINT ( 'NONE',  ( 0.000000000000000000, -12.37500000000000000, 0.000000000000000000 ) ) ;
#4382 = VECTOR ( 'NONE', #1001, 1000.000000000000000 ) ;
#4383 = CARTESIAN_POINT ( 'NONE',  ( 7.463499999999999801, 6.129804491996769578, 5.361500000000000377 ) ) ;
#4384 = FACE_OUTER_BOUND ( 'NONE', #3716, .T. ) ;
#4385 = DIRECTION ( 'NONE',  ( 1.000000000000000000, 0.000000000000000000, 0.000000000000000000 ) ) ;
#4386 = VECTOR ( 'NONE', #1341, 1000.000000000000000 ) ;
#4387 = CARTESIAN_POINT ( 'NONE',  ( 4.917468245269450478, -6.245195508003230422, -7.231624327025939714 ) ) ;
#4388 = CARTESIAN_POINT ( 'NONE',  ( 4.931802645559757003, -3.800292078239980498, -8.613104424984054930 ) ) ;
#4389 =( LENGTH_UNIT ( ) NAMED_UNIT ( * ) SI_UNIT ( .MILLI., .METRE. ) );
#4390 = VERTEX_POINT ( 'NONE', #4440 ) ;
#4391 = ADVANCED_FACE ( 'NONE', ( #3734 ), #3398, .F. ) ;
#4392 = AXIS2_PLACEMENT_3D ( 'NONE', #3042, #246, #602 ) ;
#4393 = DIRECTION ( 'NONE',  ( 0.000000000000000000, -1.000000000000000000, 0.000000000000000000 ) ) ;
#4394 = CARTESIAN_POINT ( 'NONE',  ( 6.000000000000000000, -6.870195508003229534, -4.424999999999999822 ) ) ;
#4395 = CARTESIAN_POINT ( 'NONE',  ( 6.721687836487029166, 7.379804491996769578, -6.125000000000000000 ) ) ;
#4396 = VERTEX_POINT ( 'NONE', #1610 ) ;
#4397 = VECTOR ( 'NONE', #4606, 1000.000000000000000 ) ;
#4398 = DIRECTION ( 'NONE',  ( 0.7075674703283409972, -0.7066457917041270020, 0.000000000000000000 ) ) ;
#4399 =( NAMED_UNIT ( * ) PLANE_ANGLE_UNIT ( ) SI_UNIT ( $, .RADIAN. ) );
#4400 = DIRECTION ( 'NONE',  ( 0.000000000000000000, 0.000000000000000000, -1.000000000000000000 ) ) ;
#4401 = COLOUR_RGB ( '',0.9607843137254902244, 0.9607843137254902244, 0.9647058823529411908 ) ;
#4402 = ORIENTED_EDGE ( 'NONE', *, *, #3733, .F. ) ;
#4403 = VECTOR ( 'NONE', #1188, 1000.000000000000114 ) ;
#4404 = FILL_AREA_STYLE ('',( #4050 ) ) ;
#4405 =( NAMED_UNIT ( * ) PLANE_ANGLE_UNIT ( ) SI_UNIT ( $, .RADIAN. ) );
#4406 = AXIS2_PLACEMENT_3D ( 'NONE', #889, #2980, #519 ) ;
#4407 = DIRECTION ( 'NONE',  ( 0.000000000000000000, 0.000000000000000000, 1.000000000000000000 ) ) ;
#4408 = EDGE_CURVE ( 'NONE', #1412, #1690, #1966, .T. ) ;
#4409 = LINE ( 'NONE', #1938, #1029 ) ;
#4410 = CARTESIAN_POINT ( 'NONE',  ( 0.000000000000000000, -12.50000000000000000, 0.000000000000000000 ) ) ;
#4411 = STYLED_ITEM ( 'NONE', ( #2539 ), #1241 ) ;
#4412 = CIRCLE ( 'NONE', #61, 1.443375672974060331 ) ;
#4413 = CARTESIAN_POINT ( 'NONE',  ( 0.000000000000000000, -12.37500000000000000, 2.625000000000000000 ) ) ;
#4414 = ADVANCED_FACE ( 'NONE', ( #517 ), #3685, .T. ) ;
#4415 = VECTOR ( 'NONE', #2643, 1000.000000000000000 ) ;
#4416 = DIRECTION ( 'NONE',  ( 0.000000000000000000, 0.000000000000000000, 1.000000000000000000 ) ) ;
#4417 = ORIENTED_EDGE ( 'NONE', *, *, #3424, .F. ) ;
#4418 = CIRCLE ( 'NONE', #2372, 1.250000000000000222 ) ;
#4419 = CARTESIAN_POINT ( 'NONE',  ( 4.556624327025939891, 6.129804491996769578, -7.424999999999999822 ) ) ;
#4420 = EDGE_CURVE ( 'NONE', #961, #1795, #840, .T. ) ;
#4421 = CARTESIAN_POINT ( 'NONE',  ( 6.208364401690914747, 4.873715383421760805, 7.745784319686730868 ) ) ;
#4422 = CARTESIAN_POINT ( 'NONE',  ( 6.000000000000000000, -6.870195508003229534, 0.4500000000000000111 ) ) ;
#4423 = VERTEX_POINT ( 'NONE', #581 ) ;
#4424 = ORIENTED_EDGE ( 'NONE', *, *, #298, .T. ) ;
#4425 = ADVANCED_FACE ( 'NONE', ( #3711 ), #1988, .F. ) ;
#4426 = CARTESIAN_POINT ( 'NONE',  ( 6.130184887661331850, 2.878154865388561134, -7.808441540559225125 ) ) ;
#4427 = FACE_OUTER_BOUND ( 'NONE', #3905, .T. ) ;
#4428 = ORIENTED_EDGE ( 'NONE', *, *, #3238, .T. ) ;
#4429 = PRESENTATION_STYLE_ASSIGNMENT (( #1201 ) ) ;
#4430 = CARTESIAN_POINT ( 'NONE',  ( 5.665063509461099045, 7.379804491996775795, -7.231624327025945043 ) ) ;
#4431 = CARTESIAN_POINT ( 'NONE',  ( 7.082531754730550411, 5.504804491996769578, -6.125000000000000000 ) ) ;
#4432 = FILL_AREA_STYLE_COLOUR ( '', #2227 ) ;
#4433 = DIRECTION ( 'NONE',  ( -1.000000000000000000, 0.000000000000000000, 0.000000000000000000 ) ) ;
#4434 = SURFACE_STYLE_FILL_AREA ( #2993 ) ;
#4435 = CIRCLE ( 'NONE', #3830, 1.443375672974060331 ) ;
#4436 = CARTESIAN_POINT ( 'NONE',  ( 2.750000000000000444, 6.129804491996769578, -4.424999999999999822 ) ) ;
#4437 = CARTESIAN_POINT ( 'NONE',  ( 2.449489742783180102, -0.7500000000000000000, 0.5000000000000000000 ) ) ;
#4438 = ORIENTED_EDGE ( 'NONE', *, *, #3692, .T. ) ;
#4439 = EDGE_CURVE ( 'NONE', #3900, #845, #537, .T. ) ;
#4440 = CARTESIAN_POINT ( 'NONE',  ( 3.500000000000000000, -6.870195508003229534, -7.424999999999999822 ) ) ;
#4441 = UNCERTAINTY_MEASURE_WITH_UNIT (LENGTH_MEASURE( 1.000000000000000082E-05 ), #4005, 'distance_accuracy_value', 'NONE');
#4442 = AXIS2_PLACEMENT_3D ( 'NONE', #2672, #3764, #2402 ) ;
#4443 =( NAMED_UNIT ( * ) SI_UNIT ( $, .STERADIAN. ) SOLID_ANGLE_UNIT ( ) );
#4444 = CARTESIAN_POINT ( 'NONE',  ( 2.570762939837112793, -12.36882298090319665, 0.5000000000000000000 ) ) ;
#4445 = ORIENTED_EDGE ( 'NONE', *, *, #2328, .T. ) ;
#4446 = ORIENTED_EDGE ( 'NONE', *, *, #1912, .T. ) ;
#4447 = CIRCLE ( 'NONE', #993, 0.2500000000000002220 ) ;
#4448 = CARTESIAN_POINT ( 'NONE',  ( -4.220485754033539649, 12.50000000000000000, 0.5000000000000000000 ) ) ;
#4449 = CARTESIAN_POINT ( 'NONE',  ( 4.962499999999999467, -0.5000000000000000000, 0.5000000000000000000 ) ) ;
#4450 = ORIENTED_EDGE ( 'NONE', *, *, #1994, .T. ) ;
#4451 = ADVANCED_FACE ( 'NONE', ( #1278 ), #2413, .F. ) ;
#4452 = CARTESIAN_POINT ( 'NONE',  ( 4.090740318108180062, 12.37115558494728873, -0.5000000000000000000 ) ) ;
#4453 = DIRECTION ( 'NONE',  ( 0.000000000000000000, 0.000000000000000000, 1.000000000000000000 ) ) ;
#4454 = DIRECTION ( 'NONE',  ( 0.000000000000000000, 0.000000000000000000, 1.000000000000000000 ) ) ;
#4455 = PRESENTATION_LAYER_ASSIGNMENT (  '', '', ( #4601 ) ) ;
#4456 = CARTESIAN_POINT ( 'NONE',  ( 5.053641957567789333, -7.713565281885727209, 8.542264737862169000 ) ) ;
#4457 = ORIENTED_EDGE ( 'NONE', *, *, #1340, .F. ) ;
#4458 = AXIS2_PLACEMENT_3D ( 'NONE', #722, #2136, #1030 ) ;
#4459 = CIRCLE ( 'NONE', #407, 1.463499999999999579 ) ;
#4460 = DIRECTION ( 'NONE',  ( -1.000000000000000000, 0.000000000000000000, 0.000000000000000000 ) ) ;
#4461 = VECTOR ( 'NONE', #311, 1000.000000000000000 ) ;
#4462 = DIRECTION ( 'NONE',  ( 1.000000000000000000, 0.000000000000000000, 0.000000000000000000 ) ) ;
#4463 = DIRECTION ( 'NONE',  ( 0.000000000000000000, -1.000000000000000000, 0.000000000000000000 ) ) ;
#4464 = CARTESIAN_POINT ( 'NONE',  ( 7.264500000000031932, 6.129804491996706517, 6.762593049267385581 ) ) ;
#4465 = ADVANCED_FACE ( 'NONE', ( #4159 ), #2644, .T. ) ;
#4466 = CARTESIAN_POINT ( 'NONE',  ( -3.968626966596889627, -0.2403910160064690049, -0.5000000000000000000 ) ) ;
#4467 = ORIENTED_EDGE ( 'NONE', *, *, #2547, .T. ) ;
#4468 = CARTESIAN_POINT ( 'NONE',  ( 5.791579660170588006, 2.886780309428672808, -8.059986919514534165 ) ) ;
#4469 =( NAMED_UNIT ( * ) SI_UNIT ( $, .STERADIAN. ) SOLID_ANGLE_UNIT ( ) );
#4470 =( NAMED_UNIT ( * ) PLANE_ANGLE_UNIT ( ) SI_UNIT ( $, .RADIAN. ) );
#4471 = EDGE_LOOP ( 'NONE', ( #1935, #4201, #749, #1199, #3028, #3162, #351, #1723, #4103, #1493, #669 ) ) ;
#4472 = FILL_AREA_STYLE ('',( #217 ) ) ;
#4473 = FACE_OUTER_BOUND ( 'NONE', #610, .T. ) ;
#4474 = COLOUR_RGB ( '',0.9607843137254902244, 0.9607843137254902244, 0.9647058823529411908 ) ;
#4475 = DIRECTION ( 'NONE',  ( 1.000000000000000000, 0.000000000000000000, 0.000000000000000000 ) ) ;
#4476 = DIRECTION ( 'NONE',  ( -1.000000000000000000, 0.000000000000000000, 0.000000000000000000 ) ) ;
#4477 = COLOUR_RGB ( '',0.9607843137254902244, 0.9607843137254902244, 0.9647058823529411908 ) ;
#4478 = EDGE_CURVE ( 'NONE', #382, #2325, #2071, .T. ) ;
#4479 = FACE_OUTER_BOUND ( 'NONE', #1079, .T. ) ;
#4480 = FILL_AREA_STYLE_COLOUR ( '', #2059 ) ;
#4481 = AXIS2_PLACEMENT_3D ( 'NONE', #551, #2606, #1513 ) ;
#4482 = FILL_AREA_STYLE_COLOUR ( '', #2553 ) ;
#4483 = MECHANICAL_DESIGN_GEOMETRIC_PRESENTATION_REPRESENTATION (  '', ( #4411 ), #2464 ) ;
#4484 = CARTESIAN_POINT ( 'NONE',  ( 9.912397540454078282, 0.000000000000000000, -0.5000000000000000000 ) ) ;
#4485 = LINE ( 'NONE', #2703, #770 ) ;
#4486 = AXIS2_PLACEMENT_3D ( 'NONE', #919, #1628, #2649 ) ;
#4487 = VECTOR ( 'NONE', #1013, 1000.000000000000000 ) ;
#4488 = UNCERTAINTY_MEASURE_WITH_UNIT (LENGTH_MEASURE( 1.000000000000000082E-05 ), #1310, 'distance_accuracy_value', 'NONE');
#4489 = CARTESIAN_POINT ( 'NONE',  ( 4.735500000000000043, 6.129804491996769578, 8.722423100836151022 ) ) ;
#4490 = DIRECTION ( 'NONE',  ( 0.7071067811865470176, 0.000000000000000000, -0.7071067811865480168 ) ) ;
#4491 = ORIENTED_EDGE ( 'NONE', *, *, #2605, .T. ) ;
#4492 = COLOUR_RGB ( '',0.9607843137254902244, 0.9607843137254902244, 0.9647058823529411908 ) ;
#4493 = ORIENTED_EDGE ( 'NONE', *, *, #1569, .F. ) ;
#4494 = EDGE_CURVE ( 'NONE', #4255, #4164, #309, .T. ) ;
#4495 = CARTESIAN_POINT ( 'NONE',  ( 5.778216418994102987, 2.887688608161592008, -8.069575550153638588 ) ) ;
#4496 = DIRECTION ( 'NONE',  ( 0.000000000000000000, 1.000000000000000000, 0.000000000000000000 ) ) ;
#4497 = FACE_OUTER_BOUND ( 'NONE', #3151, .T. ) ;
#4498 = EDGE_LOOP ( 'NONE', ( #1153, #4365, #1526, #4186 ) ) ;
#4499 = EDGE_CURVE ( 'NONE', #4390, #4311, #2717, .T. ) ;
#4500 = DIRECTION ( 'NONE',  ( 1.000000000000000000, 0.000000000000000000, 0.000000000000000000 ) ) ;
#4501 = CARTESIAN_POINT ( 'NONE',  ( 8.500000000000000000, 6.129804491996769578, -7.424999999999999822 ) ) ;
#4502 = FACE_OUTER_BOUND ( 'NONE', #4058, .T. ) ;
#4503 = DIRECTION ( 'NONE',  ( 1.000000000000000000, 0.000000000000000000, 0.000000000000000000 ) ) ;
#4504 = SURFACE_STYLE_USAGE ( .BOTH. , #4149 ) ;
#4505 = DIRECTION ( 'NONE',  ( 0.000000000000000000, -1.000000000000000000, 0.000000000000000000 ) ) ;
#4506 = CARTESIAN_POINT ( 'NONE',  ( 5.336052744692641348, -10.05276541069503971, -8.369206728624646985 ) ) ;
#4507 = CARTESIAN_POINT ( 'NONE',  ( 6.749132565589604837, -5.839872622631201438, 7.278684330452541928 ) ) ;
#4508 = ADVANCED_FACE ( 'NONE', ( #2388 ), #3499, .F. ) ;
#4509 = CARTESIAN_POINT ( 'NONE',  ( 6.000000000000000000, 6.129804491996769578, -7.424999999999999822 ) ) ;
#4510 = DIRECTION ( 'NONE',  ( 0.000000000000000000, 0.000000000000000000, 1.000000000000000000 ) ) ;
#4511 = DIRECTION ( 'NONE',  ( 1.000000000000000000, 0.000000000000000000, 0.000000000000000000 ) ) ;
#4512 = ORIENTED_EDGE ( 'NONE', *, *, #2715, .T. ) ;
#4513 = ORIENTED_EDGE ( 'NONE', *, *, #2344, .T. ) ;
#4514 = DIRECTION ( 'NONE',  ( 1.000000000000000000, 0.000000000000000000, 0.000000000000000000 ) ) ;
#4515 = CARTESIAN_POINT ( 'NONE',  ( 7.527292507145728173, -3.996972699689450348, -6.472417288759090503 ) ) ;
#4516 = FILL_AREA_STYLE ('',( #850 ) ) ;
#4517 = AXIS2_PLACEMENT_3D ( 'NONE', #4144, #2057, #3837 ) ;
#4518 = ORIENTED_EDGE ( 'NONE', *, *, #3845, .F. ) ;
#4519 = AXIS2_PLACEMENT_3D ( 'NONE', #1768, #2149, #3491 ) ;
#4520 = UNCERTAINTY_MEASURE_WITH_UNIT (LENGTH_MEASURE( 1.000000000000000082E-05 ), #14, 'distance_accuracy_value', 'NONE');
#4521 =( BOUNDED_CURVE ( )  B_SPLINE_CURVE ( 2, ( #3770, #532, #900 ),
 .UNSPECIFIED., .F., .F. ) 
 B_SPLINE_CURVE_WITH_KNOTS ( ( 3, 3 ),
 ( 0.000000000000000000, 0.07523701006122340829 ),
 .UNSPECIFIED. ) 
 CURVE ( )  GEOMETRIC_REPRESENTATION_ITEM ( )  RATIONAL_B_SPLINE_CURVE ( ( 1.000000000000000000, 1.037954849302039850, 1.000000000000000000 ) ) 
 REPRESENTATION_ITEM ( '' )  );
#4522 = CARTESIAN_POINT ( 'NONE',  ( 5.278312163512969946, -5.620195508003230422, -7.424999999999999822 ) ) ;
#4523 = CARTESIAN_POINT ( 'NONE',  ( 6.919689006836668987, -7.741492937008343844, 7.115454963861720827 ) ) ;
#4524 = FILL_AREA_STYLE ('',( #1983 ) ) ;
#4525 = EDGE_CURVE ( 'NONE', #2001, #1313, #1206, .T. ) ;
#4526 = ORIENTED_EDGE ( 'NONE', *, *, #1569, .T. ) ;
#4527 = VECTOR ( 'NONE', #3799, 1000.000000000000000 ) ;
#4528 = CARTESIAN_POINT ( 'NONE',  ( 6.000000000000000000, -6.870195508003229534, -7.424999999999999822 ) ) ;
#4529 = ORIENTED_EDGE ( 'NONE', *, *, #2663, .T. ) ;
#4530 = CARTESIAN_POINT ( 'NONE',  ( 4.487773426167236401, -9.747165748261084062, -8.852566481857120806 ) ) ;
#4531 = VECTOR ( 'NONE', #1729, 1000.000000000000000 ) ;
#4532 = CARTESIAN_POINT ( 'NONE',  ( 4.536500000000000199, 6.129804491996769578, 0.4500000000000000111 ) ) ;
#4533 = CARTESIAN_POINT ( 'NONE',  ( 6.000000000000000000, -6.870195508003229534, 5.450000000000000178 ) ) ;
#4534 = PRESENTATION_STYLE_ASSIGNMENT (( #1612 ) ) ;
#4535 = FACE_OUTER_BOUND ( 'NONE', #967, .T. ) ;
#4536 = EDGE_CURVE ( 'NONE', #2877, #1027, #2189, .T. ) ;
#4537 = VERTEX_POINT ( 'NONE', #1660 ) ;
#4538 = ORIENTED_EDGE ( 'NONE', *, *, #3577, .F. ) ;
#4539 = DIRECTION ( 'NONE',  ( -0.8660254037844387076, 0.4999999999999998890, 0.000000000000000000 ) ) ;
#4540 = LINE ( 'NONE', #3533, #2907 ) ;
#4541 = EDGE_LOOP ( 'NONE', ( #2422, #3224, #2790, #2407 ) ) ;
#4542 =( LENGTH_UNIT ( ) NAMED_UNIT ( * ) SI_UNIT ( .MILLI., .METRE. ) );
#4543 = SURFACE_SIDE_STYLE ('',( #992 ) ) ;
#4544 = FILL_AREA_STYLE ('',( #2431 ) ) ;
#4545 = CARTESIAN_POINT ( 'NONE',  ( -2.704163456597989956, -12.50000000000000000, -0.5000000000000000000 ) ) ;
#4546 = CARTESIAN_POINT ( 'NONE',  ( -6.774999999999999467, 12.50000000000000000, 0.5000000000000000000 ) ) ;
#4547 = ORIENTED_EDGE ( 'NONE', *, *, #2055, .F. ) ;
#4548 = ADVANCED_FACE ( 'NONE', ( #3101 ), #4289, .T. ) ;
#4549 = DIRECTION ( 'NONE',  ( 0.000000000000000000, 1.000000000000000000, 0.000000000000000000 ) ) ;
#4550 = ORIENTED_EDGE ( 'NONE', *, *, #2743, .F. ) ;
#4551 = CARTESIAN_POINT ( 'NONE',  ( 8.312704334837992093, -9.153688280205367178, -5.422651560777179469 ) ) ;
#4552 = VECTOR ( 'NONE', #1062, 1000.000000000000000 ) ;
#4553 = FACE_OUTER_BOUND ( 'NONE', #2785, .T. ) ;
#4554 = CARTESIAN_POINT ( 'NONE',  ( 3.500000000000000000, -6.870195508003229534, -7.174999999999999822 ) ) ;
#4555 = EDGE_CURVE ( 'NONE', #2001, #3970, #853, .T. ) ;
#4556 = CIRCLE ( 'NONE', #506, 1.499999999999999556 ) ;
#4557 = AXIS2_PLACEMENT_3D ( 'NONE', #1721, #4219, #2768 ) ;
#4558 = FACE_BOUND ( 'NONE', #891, .T. ) ;
#4559 = EDGE_LOOP ( 'NONE', ( #3779, #3175, #2103, #1508, #916, #2355 ) ) ;
#4560 = VERTEX_POINT ( 'NONE', #1510 ) ;
#4561 = AXIS2_PLACEMENT_3D ( 'NONE', #1269, #3746, #2713 ) ;
#4562 = CIRCLE ( 'NONE', #3136, 2.750000000000000000 ) ;
#4563 = CARTESIAN_POINT ( 'NONE',  ( 7.630164099833139701, 3.318163754485344619, -6.347200110048527577 ) ) ;
#4564 = CARTESIAN_POINT ( 'NONE',  ( 8.152109442131125761, -4.430024857367651059, -5.664644186938344816 ) ) ;
#4565 = AXIS2_PLACEMENT_3D ( 'NONE', #4212, #4140, #3107 ) ;
#4566 = CARTESIAN_POINT ( 'NONE',  ( 7.443375672974069879, 6.129804491996769578, -6.125000000000000000 ) ) ;
#4567 = ORIENTED_EDGE ( 'NONE', *, *, #4250, .F. ) ;
#4568 = CARTESIAN_POINT ( 'NONE',  ( -3.968626966596889627, -0.5000000000000000000, 0.5000000000000000000 ) ) ;
#4569 = ADVANCED_FACE ( 'NONE', ( #145 ), #3545, .T. ) ;
#4570 = CARTESIAN_POINT ( 'NONE',  ( 8.500000000000000000, -6.870195508003229534, -4.424999999999999822 ) ) ;
#4571 =( NAMED_UNIT ( * ) SI_UNIT ( $, .STERADIAN. ) SOLID_ANGLE_UNIT ( ) );
#4572 = DIRECTION ( 'NONE',  ( 1.000000000000000000, 0.000000000000000000, 0.000000000000000000 ) ) ;
#4573 = ORIENTED_EDGE ( 'NONE', *, *, #655, .T. ) ;
#4574 = DIRECTION ( 'NONE',  ( 0.8660254037844387076, 0.4999999999999998890, 0.000000000000000000 ) ) ;
#4575 =( LENGTH_UNIT ( ) NAMED_UNIT ( * ) SI_UNIT ( .MILLI., .METRE. ) );
#4576 = ORIENTED_EDGE ( 'NONE', *, *, #238, .F. ) ;
#4577 = CARTESIAN_POINT ( 'NONE',  ( 3.570863844898673367, -9.030406937154056735, -9.260454802020960940 ) ) ;
#4578 = CARTESIAN_POINT ( 'NONE',  ( 7.066855921164359344, -6.186570203030368198, 6.969202177588754488 ) ) ;
#4579 = SURFACE_STYLE_USAGE ( .BOTH. , #3239 ) ;
#4580 = FILL_AREA_STYLE_COLOUR ( '', #1774 ) ;
#4581 = LINE ( 'NONE', #3827, #2695 ) ;
#4582 = VERTEX_POINT ( 'NONE', #1533 ) ;
#4583 = ADVANCED_FACE ( 'NONE', ( #1872, #2627 ), #3012, .T. ) ;
#4584 = ORIENTED_EDGE ( 'NONE', *, *, #2125, .T. ) ;
#4585 = DIRECTION ( 'NONE',  ( 0.000000000000000000, -1.000000000000000000, 0.000000000000000000 ) ) ;
#4586 = CARTESIAN_POINT ( 'NONE',  ( 6.807527998727179508, -3.722633311412043344, -7.222462865904190288 ) ) ;
#4587 = CARTESIAN_POINT ( 'NONE',  ( 7.463499999999999801, -6.870195508003229534, 5.361500000000000377 ) ) ;
#4588 = ORIENTED_EDGE ( 'NONE', *, *, #3522, .F. ) ;
#4589 = CARTESIAN_POINT ( 'NONE',  ( 6.000000000000000000, -6.870195508003229534, -7.174999999999999822 ) ) ;
#4590 = AXIS2_PLACEMENT_3D ( 'NONE', #3304, #1889, #1843 ) ;
#4591 = CARTESIAN_POINT ( 'NONE',  ( 6.000000000000000000, -6.870195508003229534, 5.575000000000000178 ) ) ;
#4592 = DIRECTION ( 'NONE',  ( 1.000000000000000000, 0.000000000000000000, 0.000000000000000000 ) ) ;
#4593 = CARTESIAN_POINT ( 'NONE',  ( 7.443375672974069879, 6.129804491996769578, -7.424999999999999822 ) ) ;
#4594 = ADVANCED_FACE ( 'NONE', ( #4051 ), #2220, .T. ) ;
#4595 = ORIENTED_EDGE ( 'NONE', *, *, #4250, .T. ) ;
#4596 = DIRECTION ( 'NONE',  ( 0.000000000000000000, 0.000000000000000000, 1.000000000000000000 ) ) ;
#4597 = VECTOR ( 'NONE', #380, 1000.000000000000000 ) ;
#4598 = ORIENTED_EDGE ( 'NONE', *, *, #3004, .T. ) ;
#4599 = AXIS2_PLACEMENT_3D ( 'NONE', #1578, #148, #946 ) ;
#4600 = CARTESIAN_POINT ( 'NONE',  ( 8.093727181030802242, -9.357260853966060665, -5.745177943224875072 ) ) ;
#4601 = STYLED_ITEM ( 'NONE', ( #1395 ), #3862 ) ;
#4602 = ORIENTED_EDGE ( 'NONE', *, *, #427, .T. ) ;
#4603 = ORIENTED_EDGE ( 'NONE', *, *, #109, .F. ) ;
#4604 = CIRCLE ( 'NONE', #1155, 2.750000000000000000 ) ;
#4605 = EDGE_CURVE ( 'NONE', #1313, #4049, #457, .T. ) ;
#4606 = DIRECTION ( 'NONE',  ( 0.000000000000000000, 0.000000000000000000, 1.000000000000000000 ) ) ;
#4607 = EDGE_LOOP ( 'NONE', ( #931, #2048, #1473 ) ) ;
#4608 = STYLED_ITEM ( 'NONE', ( #509 ), #2471 ) ;
#4609 =( NAMED_UNIT ( * ) SI_UNIT ( $, .STERADIAN. ) SOLID_ANGLE_UNIT ( ) );
#4610 = DIRECTION ( 'NONE',  ( 0.000000000000000000, -1.000000000000000000, 0.000000000000000000 ) ) ;
#4611 = LINE ( 'NONE', #2830, #4083 ) ;
#4612 = SURFACE_STYLE_FILL_AREA ( #335 ) ;
#4613 = LINE ( 'NONE', #621, #391 ) ;
#4614 = ORIENTED_EDGE ( 'NONE', *, *, #1421, .F. ) ;
#4615 = FACE_OUTER_BOUND ( 'NONE', #4559, .T. ) ;
#4616 = EDGE_LOOP ( 'NONE', ( #4016, #395, #3281, #292, #140, #4550, #3404, #2273, #622, #3215, #964 ) ) ;
#4617 =( GEOMETRIC_REPRESENTATION_CONTEXT ( 3 ) GLOBAL_UNCERTAINTY_ASSIGNED_CONTEXT ( ( #1611 ) ) GLOBAL_UNIT_ASSIGNED_CONTEXT ( ( #3192, #1006, #2818 ) ) REPRESENTATION_CONTEXT ( 'NONE', 'WORKASPACE' ) );
#4618 = AXIS2_PLACEMENT_3D ( 'NONE', #914, #848, #3740 ) ;
#4619 = PRESENTATION_LAYER_ASSIGNMENT (  '', '', ( #1172 ) ) ;
#4620 = MECHANICAL_DESIGN_GEOMETRIC_PRESENTATION_REPRESENTATION (  '', ( #1168 ), #2611 ) ;
#4621 = ORIENTED_EDGE ( 'NONE', *, *, #644, .T. ) ;
#4622 = EDGE_LOOP ( 'NONE', ( #1887, #1002, #2485, #2081 ) ) ;
#4623 = AXIS2_PLACEMENT_3D ( 'NONE', #3647, #4303, #55 ) ;
#4624 = CIRCLE ( 'NONE', #1323, 1.443375672974060331 ) ;
#4625 = FILL_AREA_STYLE_COLOUR ( '', #497 ) ;
#4626 = VECTOR ( 'NONE', #2588, 1000.000000000000000 ) ;
#4627 = ORIENTED_EDGE ( 'NONE', *, *, #1159, .T. ) ;
#4628 = EDGE_CURVE ( 'NONE', #3199, #3221, #19, .T. ) ;
#4629 = LINE ( 'NONE', #1061, #1900 ) ;
#4630 =( BOUNDED_CURVE ( )  B_SPLINE_CURVE ( 2, ( #2702, #3020, #4437 ),
 .UNSPECIFIED., .F., .F. ) 
 B_SPLINE_CURVE_WITH_KNOTS ( ( 3, 3 ),
 ( 0.000000000000000000, 0.03568735437828080004 ),
 .UNSPECIFIED. ) 
 CURVE ( )  GEOMETRIC_REPRESENTATION_ITEM ( )  RATIONAL_B_SPLINE_CURVE ( ( 1.000000000000000000, 1.001178655645039939, 1.000000000000000000 ) ) 
 REPRESENTATION_ITEM ( '' )  );
#4631 = STYLED_ITEM ( 'NONE', ( #1952 ), #675 ) ;
#4632 = FACE_OUTER_BOUND ( 'NONE', #4137, .T. ) ;
#4633 = SURFACE_STYLE_USAGE ( .BOTH. , #4221 ) ;
#4634 = ORIENTED_EDGE ( 'NONE', *, *, #1849, .F. ) ;
#4635 = EDGE_CURVE ( 'NONE', #2807, #1779, #463, .T. ) ;
#4636 = CARTESIAN_POINT ( 'NONE',  ( -3.968626966596889627, 6.000000000000000000, 0.5000000000000000000 ) ) ;
#4637 = PRESENTATION_STYLE_ASSIGNMENT (( #1773 ) ) ;
#4638 = CARTESIAN_POINT ( 'NONE',  ( 5.278312163512969946, 7.379804491996769578, -6.125000000000000000 ) ) ;
#4639 = ORIENTED_EDGE ( 'NONE', *, *, #4359, .F. ) ;
ENDSEC;
END-ISO-10303-21;
