ISO-10303-21;
HEADER;
FILE_DESCRIPTION (( 'STEP AP214' ),
    '1' );
FILE_NAME ('6002-2z.STEP',
    '2026-01-08T13:34:34',
    ( '' ),
    ( '' ),
    'SwSTEP 2.0',
    'SolidWorks 2025',
    '' );
FILE_SCHEMA (( 'AUTOMOTIVE_DESIGN' ));
ENDSEC;

DATA;
#1 = CARTESIAN_POINT ( 'NONE',  ( 0.5200000000000001288, -10.29143073051771040, -2.207975672686289581 ) ) ;
#2 = CARTESIAN_POINT ( 'NONE',  ( -0.000000000000000000, -2.812244571405091431, 7.275455186494423465 ) ) ;
#3 = SURFACE_SIDE_STYLE ('',( #4328 ) ) ;
#4 = PRESENTATION_STYLE_ASSIGNMENT (( #3698 ) ) ;
#5 = CARTESIAN_POINT ( 'NONE',  ( 7.580000000000000071, 1.644700712487235395E-15, -13.43000050000000023 ) ) ;
#6 = CARTESIAN_POINT ( 'NONE',  ( 8.480000000000003979, 10.37411989833995385, 1.776543663427819997 ) ) ;
#7 = CARTESIAN_POINT ( 'NONE',  ( 7.779999999999997584, -3.323687055036457227, -13.60314345160471028 ) ) ;
#8 = LINE ( 'NONE', #66, #2210 ) ;
#9 = ORIENTED_EDGE ( 'NONE', *, *, #1914, .T. ) ;
#10 = EDGE_CURVE ( 'NONE', #4419, #3870, #6146, .T. ) ;
#11 = DIRECTION ( 'NONE',  ( 0.000000000000000000, -1.000000000000000000, -3.061556329880954347E-16 ) ) ;
#12 = CARTESIAN_POINT ( 'NONE',  ( 8.921312790920131519, 14.51483715649648687, 6.221354043751115718E-15 ) ) ;
#13 = CARTESIAN_POINT ( 'NONE',  ( 7.580000000000000071, 8.566121598063320204E-16, 13.99000025000000136 ) ) ;
#14 = CIRCLE ( 'NONE', #1590, 14.51483715649648687 ) ;
#15 = SURFACE_STYLE_FILL_AREA ( #536 ) ;
#16 = STYLED_ITEM ( 'NONE', ( #1539 ), #3807 ) ;
#17 = DIRECTION ( 'NONE',  ( 0.000000000000000000, 0.000000000000000000, -1.000000000000000000 ) ) ;
#18 = CARTESIAN_POINT ( 'NONE',  ( 0.3199999999999925682, 8.062546764663860444, -6.782617995816563550 ) ) ;
#19 = CARTESIAN_POINT ( 'NONE',  ( 4.772466733280667839, -3.092977555072540241, 10.28235385631395360 ) ) ;
#20 = CARTESIAN_POINT ( 'NONE',  ( 1.219999999999999973, 14.00000000000000000, -2.163335699814639529E-15 ) ) ;
#21 =( GEOMETRIC_REPRESENTATION_CONTEXT ( 3 ) GLOBAL_UNCERTAINTY_ASSIGNED_CONTEXT ( ( #250 ) ) GLOBAL_UNIT_ASSIGNED_CONTEXT ( ( #4283, #4382, #4411 ) ) REPRESENTATION_CONTEXT ( 'NONE', 'WORKASPACE' ) );
#22 = CARTESIAN_POINT ( 'NONE',  ( 8.680000000000003268, -10.37411989834016701, 1.776543663425860453 ) ) ;
#23 = SURFACE_STYLE_USAGE ( .BOTH. , #6502 ) ;
#24 = FILL_AREA_STYLE ('',( #3154 ) ) ;
#25 = CARTESIAN_POINT ( 'NONE',  ( 8.999999999999998224, -15.69999999999999929, 3.176729207182762738E-15 ) ) ;
#26 = CARTESIAN_POINT ( 'NONE',  ( 8.680000000000001492, 8.905734099170866003, -5.609946153526800927 ) ) ;
#27 = COLOUR_RGB ( '',0.6941176470588235059, 0.7529411764705882248, 0.8392156862745098200 ) ;
#28 = FILL_AREA_STYLE ('',( #3328 ) ) ;
#29 = B_SPLINE_CURVE_WITH_KNOTS ( 'NONE', 3,
 ( #125, #2258, #4420, #3214, #2680, #22, #2158, #4321, #5510, #5107, #4489, #6567, #723, #5076, #2285, #6642, #6126, #5576, #3923, #4447, #1840, #2419, #2850, #3361, #6091, #159, #3884, #1277, #5003, #5544, #3999, #6024, #6058, #1775, #760, #688, #5612, #1352, #243, #198, #1210, #2317, #3426, #828, #1316, #275, #2890, #2815, #5045, #2926, #3498, #6612, #1740, #1248, #4971, #6672, #3392, #1814, #3459, #1877, #2360, #4549, #3962, #4525, #796, #5642, #2959, #2387, #4039, #6160, #300, #4586, #4138, #6856, #1415, #3066, #4104, #5225, #5147, #413, #6265, #6711, #2606, #5751, #932, #4073, #1456, #3564, #5302, #6303, #1912, #6229, #6781, #2533 ),
 .UNSPECIFIED., .F., .F.,
 ( 4, 1, 1, 1, 1, 2, 2, 1, 1, 1, 2, 2, 1, 1, 2, 2, 2, 1, 1, 2, 2, 1, 1, 1, 2, 2, 1, 1, 1, 1, 2, 2, 2, 1, 1, 1, 1, 2, 2, 1, 1, 1, 2, 2, 1, 1, 2, 2, 2, 1, 1, 2, 2, 1, 1, 1, 2, 2, 1, 1, 1, 1, 2, 2, 4 ),
 ( 0.2500000000000000000, 0.2656249999999998890, 0.2734374999999998890, 0.2773437499999998335, 0.2792968749999998335, 0.2802734374999998335, 0.2812499999999997780, 0.2968749999999994449, 0.3046874999999993339, 0.3085937499999992228, 0.3105468749999991673, 0.3124999999999991118, 0.3281249999999988343, 0.3359374999999986677, 0.3398437499999985567, 0.3437499999999985012, 0.3749999999999980016, 0.3906249999999977240, 0.3984374999999975575, 0.4023437499999975575, 0.4062499999999974465, 0.4218749999999973355, 0.4296874999999972244, 0.4335937499999971689, 0.4355468749999971689, 0.4374999999999971689, 0.4531249999999970024, 0.4609374999999968914, 0.4648437499999968359, 0.4667968749999967804, 0.4677734374999967804, 0.4687499999999967804, 0.4999999999999972244, 0.5156249999999975575, 0.5234374999999975575, 0.5273437499999977796, 0.5292968749999977796, 0.5302734374999977796, 0.5312499999999977796, 0.5468749999999980016, 0.5546874999999980016, 0.5585937499999980016, 0.5605468749999980016, 0.5624999999999981126, 0.5781249999999981126, 0.5859374999999980016, 0.5898437499999980016, 0.5937499999999981126, 0.6249999999999984457, 0.6406249999999986677, 0.6484374999999988898, 0.6523437499999988898, 0.6562499999999990008, 0.6718749999999992228, 0.6796874999999994449, 0.6835937499999995559, 0.6855468749999995559, 0.6874999999999995559, 0.7031249999999997780, 0.7109374999999997780, 0.7148437499999998890, 0.7167968750000000000, 0.7177734374999998890, 0.7187499999999998890, 0.7500000000000000000 ),
 .UNSPECIFIED. ) ;
#30 = CARTESIAN_POINT ( 'NONE',  ( 8.480000000000005755, 0.3217940396547679938, -10.52496807042946791 ) ) ;
#31 = FACE_OUTER_BOUND ( 'NONE', #4194, .T. ) ;
#32 = CARTESIAN_POINT ( 'NONE',  ( 0.5199999999999999067, -9.542869178940964758, -4.445906607416869605 ) ) ;
#33 = CARTESIAN_POINT ( 'NONE',  ( -0.000000000000000000, 0.4767332645922996992, 7.799967585498504441 ) ) ;
#34 = CARTESIAN_POINT ( 'NONE',  ( 0.000000000000000000, -15.69999999999999929, 2.884011462411910892E-15 ) ) ;
#35 = UNCERTAINTY_MEASURE_WITH_UNIT (LENGTH_MEASURE( 1.000000000000000082E-05 ), #6674, 'distance_accuracy_value', 'NONE');
#36 = SURFACE_STYLE_FILL_AREA ( #4853 ) ;
#37 = CARTESIAN_POINT ( 'NONE',  ( 8.480000000000002203, 1.934931853067103802, 10.34562986253569150 ) ) ;
#38 = ORIENTED_EDGE ( 'NONE', *, *, #3139, .F. ) ;
#39 = CARTESIAN_POINT ( 'NONE',  ( 7.780000000000000249, -5.179700289998727669, -13.00659372260859037 ) ) ;
#40 = CARTESIAN_POINT ( 'NONE',  ( 12.62915602390792991, 15.73755961827027328, 4.727959011098313624 ) ) ;
#41 = FILL_AREA_STYLE ('',( #4861 ) ) ;
#42 = CARTESIAN_POINT ( 'NONE',  ( 0.6199999999999998845, 1.252201413360509056E-15, -10.22500050000000371 ) ) ;
#43 = VERTEX_POINT ( 'NONE', #3389 ) ;
#44 = EDGE_CURVE ( 'NONE', #43, #6334, #3895, .T. ) ;
#45 = PRESENTATION_STYLE_ASSIGNMENT (( #4867 ) ) ;
#46 = CARTESIAN_POINT ( 'NONE',  ( -0.000000000000000000, 2.035791052247222233, -7.537135264591616313 ) ) ;
#47 = CARTESIAN_POINT ( 'NONE',  ( 0.2999999999999999889, -7.799999999999999822, 1.432820981325662903E-15 ) ) ;
#48 = DIRECTION ( 'NONE',  ( -0.7071067811865536790, 0.7071067811865414665, 8.659560562354858902E-17 ) ) ;
#49 =( LENGTH_UNIT ( ) NAMED_UNIT ( * ) SI_UNIT ( .MILLI., .METRE. ) );
#50 = CARTESIAN_POINT ( 'NONE',  ( 0.8699999999999992184, 1.671642880836137099E-15, 13.65000000000000036 ) ) ;
#51 = CARTESIAN_POINT ( 'NONE',  ( 0.5200000000000000178, -10.52500049999999909, 21.05000100000000884 ) ) ;
#52 =( GEOMETRIC_REPRESENTATION_CONTEXT ( 3 ) GLOBAL_UNCERTAINTY_ASSIGNED_CONTEXT ( ( #662 ) ) GLOBAL_UNIT_ASSIGNED_CONTEXT ( ( #3470, #2932, #3931 ) ) REPRESENTATION_CONTEXT ( 'NONE', 'WORKASPACE' ) );
#53 = DIRECTION ( 'NONE',  ( 0.000000000000000000, 1.000000000000000000, -6.123031769111889989E-17 ) ) ;
#54 = FILL_AREA_STYLE_COLOUR ( '', #1432 ) ;
#55 = CARTESIAN_POINT ( 'NONE',  ( 8.680000000000003268, 10.28722710540882979, -2.250632742213539039 ) ) ;
#56 = PRESENTATION_LAYER_ASSIGNMENT (  '', '', ( #3997 ) ) ;
#57 = DIRECTION ( 'NONE',  ( -1.000000000000000000, 0.000000000000000000, 0.000000000000000000 ) ) ;
#58 = CARTESIAN_POINT ( 'NONE',  ( -3.701202102153918982, -0.5702332932532531151, -15.05786338850776396 ) ) ;
#59 = CARTESIAN_POINT ( 'NONE',  ( 0.5200000000000001288, -9.667920872249114339, -4.161873780652014965 ) ) ;
#60 = CARTESIAN_POINT ( 'NONE',  ( -0.000000000000000000, -6.377776128813317236, 4.490973237980925958 ) ) ;
#61 = DIRECTION ( 'NONE',  ( -1.000000000000000000, 0.000000000000000000, 0.000000000000000000 ) ) ;
#62 = ADVANCED_FACE ( 'NONE', ( #5072 ), #3504, .T. ) ;
#63 = CARTESIAN_POINT ( 'NONE',  ( 8.480000000000003979, -10.34145760591787599, 1.957119027923273302 ) ) ;
#64 = ORIENTED_EDGE ( 'NONE', *, *, #4982, .T. ) ;
#65 = CARTESIAN_POINT ( 'NONE',  ( 7.780000000000001137, 6.958154849433540790, -12.15255732349431561 ) ) ;
#66 = CARTESIAN_POINT ( 'NONE',  ( 7.780000000000031335, 13.58687198849534994, 1.663911929113566567E-15 ) ) ;
#67 = ORIENTED_EDGE ( 'NONE', *, *, #2681, .F. ) ;
#68 = CARTESIAN_POINT ( 'NONE',  ( 8.380000000000000782, -10.52500050000000087, -3.222288190277488998E-15 ) ) ;
#69 = ORIENTED_EDGE ( 'NONE', *, *, #6757, .F. ) ;
#70 = CARTESIAN_POINT ( 'NONE',  ( 1.220000000000000417, -2.573784607790880141, 13.76140690439553183 ) ) ;
#71 = AXIS2_PLACEMENT_3D ( 'NONE', #5419, #3830, #2199 ) ;
#72 = DIRECTION ( 'NONE',  ( 0.000000000000000000, 0.000000000000000000, -1.000000000000000000 ) ) ;
#73 = CARTESIAN_POINT ( 'NONE',  ( 1.176230886931862729, -14.51483715649648687, 2.666302976711985359E-15 ) ) ;
#74 = AXIS2_PLACEMENT_3D ( 'NONE', #2585, #3617, #3537 ) ;
#75 = SURFACE_SIDE_STYLE ('',( #2731 ) ) ;
#76 = EDGE_LOOP ( 'NONE', ( #2238, #568 ) ) ;
#77 = CARTESIAN_POINT ( 'NONE',  ( 0.000000000000000000, 1.667883738935589610, -7.623800463142209161 ) ) ;
#78 = CARTESIAN_POINT ( 'NONE',  ( 7.779999999999997584, -13.92215658239884846, 1.705297000296273735 ) ) ;
#79 = SURFACE_STYLE_FILL_AREA ( #6084 ) ;
#80 =( BOUNDED_SURFACE ( )  B_SPLINE_SURFACE ( 3, 3, ( 
 ( #6784, #6751, #906, #417 ),
 ( #1948, #4107, #6233, #3568 ),
 ( #3038, #5195, #2538, #6434 ),
 ( #4792, #3149, #2736, #2121 ) ),
 .UNSPECIFIED., .F., .F., .F. ) 
 B_SPLINE_SURFACE_WITH_KNOTS ( ( 4, 4 ),
 ( 4, 4 ),
 ( 0.000000000000000000, 1.000000000000000000 ),
 ( 0.000000000000000000, 1.000000000000000000 ),
 .UNSPECIFIED. ) 
 GEOMETRIC_REPRESENTATION_ITEM ( )  RATIONAL_B_SPLINE_SURFACE ( (
 ( 1.000000000000000000, 0.3333333333333334259, 0.3333333333333334259, 1.000000000000000000),
 ( 0.9489786313342799540, 0.3163262104447600587, 0.3163262104447600587, 0.9489786313342799540),
 ( 0.9489786313342799540, 0.3163262104447600587, 0.3163262104447600587, 0.9489786313342799540),
 ( 1.000000000000000000, 0.3333333333333334259, 0.3333333333333334259, 1.000000000000000000) ) ) 
 REPRESENTATION_ITEM ( '' )  SURFACE ( )  );
#81 = CONICAL_SURFACE ( 'NONE', #2637, 13.58687198849534994, 0.4886921905584114545 ) ;
#82 = CARTESIAN_POINT ( 'NONE',  ( 0.3199999999999934563, 9.719280451960059963, -4.038974156132633553 ) ) ;
#83 = STYLED_ITEM ( 'NONE', ( #5528 ), #4448 ) ;
#84 = STYLED_ITEM ( 'NONE', ( #4 ), #1633 ) ;
#85 = CARTESIAN_POINT ( 'NONE',  ( 0.5614213562373088218, -10.42500050000000122, 1.918081957773085346E-15 ) ) ;
#86 = CARTESIAN_POINT ( 'NONE',  ( 0.2999999999999999889, 7.799999999999999822, -4.775964779907274462E-16 ) ) ;
#87 =( LENGTH_UNIT ( ) NAMED_UNIT ( * ) SI_UNIT ( .MILLI., .METRE. ) );
#88 = SURFACE_SIDE_STYLE ('',( #2817 ) ) ;
#89 = DIRECTION ( 'NONE',  ( 0.000000000000000000, 1.000000000000000000, -6.123031769111889989E-17 ) ) ;
#90 = ADVANCED_FACE ( 'NONE', ( #31 ), #3116, .F. ) ;
#91 = CARTESIAN_POINT ( 'NONE',  ( 8.680000000000003268, 10.50306499220017642, -0.8023768771513354325 ) ) ;
#92 = PRESENTATION_LAYER_ASSIGNMENT (  '', '', ( #3798 ) ) ;
#93 =( LENGTH_UNIT ( ) NAMED_UNIT ( * ) SI_UNIT ( .MILLI., .METRE. ) );
#94 = AXIS2_PLACEMENT_3D ( 'NONE', #4481, #1804, #3951 ) ;
#95 =( BOUNDED_SURFACE ( )  B_SPLINE_SURFACE ( 3, 3, ( 
 ( #6171, #1286, #6575, #6207 ),
 ( #695, #1846, #3432, #6132 ),
 ( #5081, #3398, #1920, #5114 ),
 ( #3536, #6648, #4007, #4975 ) ),
 .UNSPECIFIED., .F., .F., .F. ) 
 B_SPLINE_SURFACE_WITH_KNOTS ( ( 4, 4 ),
 ( 4, 4 ),
 ( 0.000000000000000000, 1.000000000000000000 ),
 ( 0.000000000000000000, 1.000000000000000000 ),
 .UNSPECIFIED. ) 
 GEOMETRIC_REPRESENTATION_ITEM ( )  RATIONAL_B_SPLINE_SURFACE ( (
 ( 1.000000000000000000, 0.3333333333333334259, 0.3333333333333334259, 1.000000000000000000),
 ( 0.8047378541243649375, 0.2682459513747884050, 0.2682459513747884050, 0.8047378541243649375),
 ( 0.8047378541243649375, 0.2682459513747884050, 0.2682459513747884050, 0.8047378541243649375),
 ( 1.000000000000000000, 0.3333333333333334259, 0.3333333333333334259, 1.000000000000000000) ) ) 
 REPRESENTATION_ITEM ( '' )  SURFACE ( )  );
#96 = CARTESIAN_POINT ( 'NONE',  ( 9.000000000000003553, -2.636104655505143057, 7.345414594439093392 ) ) ;
#97 = CARTESIAN_POINT ( 'NONE',  ( 7.780000000000003801, 13.77143574030783313, 2.519589708611988499 ) ) ;
#98 = UNCERTAINTY_MEASURE_WITH_UNIT (LENGTH_MEASURE( 1.000000000000000082E-05 ), #87, 'distance_accuracy_value', 'NONE');
#99 = CARTESIAN_POINT ( 'NONE',  ( 8.179999999999997939, -10.22500050000000194, 1.252201413360508859E-15 ) ) ;
#100 = MECHANICAL_DESIGN_GEOMETRIC_PRESENTATION_REPRESENTATION (  '', ( #6821 ), #1225 ) ;
#101 = ORIENTED_EDGE ( 'NONE', *, *, #4554, .T. ) ;
#102 = ORIENTED_EDGE ( 'NONE', *, *, #6705, .F. ) ;
#103 = STYLED_ITEM ( 'NONE', ( #1837 ), #6548 ) ;
#104 = DIRECTION ( 'NONE',  ( 0.4809226642724866441, 0.7311951188183609673, 0.4838048048596214068 ) ) ;
#105 = STYLED_ITEM ( 'NONE', ( #5455 ), #5448 ) ;
#106 = FILL_AREA_STYLE_COLOUR ( '', #5814 ) ;
#107 = DIRECTION ( 'NONE',  ( 0.000000000000000000, 0.000000000000000000, 1.000000000000000000 ) ) ;
#108 = CARTESIAN_POINT ( 'NONE',  ( 8.679999999999999716, 10.52500050000000265, 1.128142568437558817E-14 ) ) ;
#109 = PRESENTATION_STYLE_ASSIGNMENT (( #2211 ) ) ;
#110 = ORIENTED_EDGE ( 'NONE', *, *, #4332, .T. ) ;
#111 = CARTESIAN_POINT ( 'NONE',  ( 1.219999999999999529, 1.808926036605877252, 13.88559349141636901 ) ) ;
#112 = CIRCLE ( 'NONE', #6385, 2.381000000000001116 ) ;
#113 = CARTESIAN_POINT ( 'NONE',  ( 0.5200000000000003508, -2.207975672682465529, 10.29143073051894319 ) ) ;
#114 =( LENGTH_UNIT ( ) NAMED_UNIT ( * ) SI_UNIT ( .MILLI., .METRE. ) );
#115 = EDGE_CURVE ( 'NONE', #3081, #4892, #1534, .T. ) ;
#116 = DIRECTION ( 'NONE',  ( -0.8494487772132452985, 0.5252426102889922177, 0.05056654257241956218 ) ) ;
#117 = FACE_OUTER_BOUND ( 'NONE', #255, .T. ) ;
#118 = LINE ( 'NONE', #574, #3693 ) ;
#119 = PRESENTATION_STYLE_ASSIGNMENT (( #4933 ) ) ;
#120 = CARTESIAN_POINT ( 'NONE',  ( 8.830000000000007176, 14.34999999999999787, 6.150701490155576056E-15 ) ) ;
#121 = SURFACE_STYLE_FILL_AREA ( #238 ) ;
#122 = CARTESIAN_POINT ( 'NONE',  ( 0.5200000000000000178, 10.52500050000000442, 21.05000100000000174 ) ) ;
#123 = ORIENTED_EDGE ( 'NONE', *, *, #5486, .T. ) ;
#124 = PLANE ( 'NONE',  #6300 ) ;
#125 = CARTESIAN_POINT ( 'NONE',  ( 8.679999999999999716, -10.52500050000000265, -2.478505833127148046E-15 ) ) ;
#126 = VECTOR ( 'NONE', #5244, 1000.000000000000000 ) ;
#127 = PRESENTATION_STYLE_ASSIGNMENT (( #6127 ) ) ;
#128 = CYLINDRICAL_SURFACE ( 'NONE', #6910, 16.00000000000000000 ) ;
#129 = CARTESIAN_POINT ( 'NONE',  ( 8.680000000000003268, -5.609946153525378953, -8.905734099171413121 ) ) ;
#130 = CIRCLE ( 'NONE', #4075, 0.2999999999999981570 ) ;
#131 = EDGE_CURVE ( 'NONE', #2699, #215, #6357, .T. ) ;
#132 = CARTESIAN_POINT ( 'NONE',  ( 9.000000000000001776, -2.278350730476058406, 7.467393119723487516 ) ) ;
#133 = CARTESIAN_POINT ( 'NONE',  ( 7.780000000000000249, 7.265107878400025143, 11.97674297214555494 ) ) ;
#134 = SURFACE_STYLE_FILL_AREA ( #5051 ) ;
#135 = STYLED_ITEM ( 'NONE', ( #3913 ), #4190 ) ;
#136 = SURFACE_SIDE_STYLE ('',( #4305 ) ) ;
#137 = DIRECTION ( 'NONE',  ( -1.000000000000000000, 0.000000000000000000, 0.000000000000000000 ) ) ;
#138 =( BOUNDED_CURVE ( )  B_SPLINE_CURVE ( 3, ( #4011, #5522, #3936, #5454 ),
 .UNSPECIFIED., .F., .F. ) 
 B_SPLINE_CURVE_WITH_KNOTS ( ( 4, 4 ),
 ( 0.000000000000000000, 0.5000000000000000000 ),
 .UNSPECIFIED. ) 
 CURVE ( )  GEOMETRIC_REPRESENTATION_ITEM ( )  RATIONAL_B_SPLINE_CURVE ( ( 1.000000000000000000, 0.3333333333333333703, 0.3333333333333333703, 1.000000000000000000 ) ) 
 REPRESENTATION_ITEM ( '' )  );
#139 = ORIENTED_EDGE ( 'NONE', *, *, #3567, .F. ) ;
#140 = DIRECTION ( 'NONE',  ( 1.195138090268127688E-16, 1.000000000000000000, 1.836909530733570325E-16 ) ) ;
#141 = CARTESIAN_POINT ( 'NONE',  ( 0.07868720907987356017, 14.51483715649648687, 29.02967431299296663 ) ) ;
#142 = ORIENTED_EDGE ( 'NONE', *, *, #4643, .T. ) ;
#143 = SURFACE_SIDE_STYLE ('',( #3376 ) ) ;
#144 = CARTESIAN_POINT ( 'NONE',  ( 0.3199999999999956213, 10.35655558317031399, 1.875570910962811144 ) ) ;
#145 = PRESENTATION_STYLE_ASSIGNMENT (( #4021 ) ) ;
#146 = ORIENTED_EDGE ( 'NONE', *, *, #3919, .T. ) ;
#147 = CARTESIAN_POINT ( 'NONE',  ( 1.219999999999999973, -13.15868910301083972, 4.782480242026056594 ) ) ;
#148 = CARTESIAN_POINT ( 'NONE',  ( 0.5200000000000001288, 1.637990194925035281, 10.39731063015150525 ) ) ;
#149 = DIRECTION ( 'NONE',  ( -1.000000000000000000, 1.224606353822379970E-16, 0.000000000000000000 ) ) ;
#150 = CARTESIAN_POINT ( 'NONE',  ( 8.680000000000001492, -10.34926456871193778, 20.69852913742385425 ) ) ;
#151 = VERTEX_POINT ( 'NONE', #6473 ) ;
#152 = SURFACE_STYLE_USAGE ( .BOTH. , #5098 ) ;
#153 = CYLINDRICAL_SURFACE ( 'NONE', #6172, 13.43000050000000023 ) ;
#154 = ADVANCED_FACE ( 'NONE', ( #3989 ), #1309, .F. ) ;
#155 = FACE_OUTER_BOUND ( 'NONE', #3774, .T. ) ;
#156 =( NAMED_UNIT ( * ) SI_UNIT ( $, .STERADIAN. ) SOLID_ANGLE_UNIT ( ) );
#157 = CARTESIAN_POINT ( 'NONE',  ( 1.219999999999999973, 2.936932121177422417, -13.68932566461940858 ) ) ;
#158 = CARTESIAN_POINT ( 'NONE',  ( 7.600202562768306969, -14.30556376187087508, -28.61112752374176438 ) ) ;
#159 = CARTESIAN_POINT ( 'NONE',  ( 8.680000000000006821, -6.782617995818076118, 8.062546764661838949 ) ) ;
#160 = VERTEX_POINT ( 'NONE', #3298 ) ;
#161 = UNCERTAINTY_MEASURE_WITH_UNIT (LENGTH_MEASURE( 1.000000000000000082E-05 ), #3500, 'distance_accuracy_value', 'NONE');
#162 = CARTESIAN_POINT ( 'NONE',  ( 7.580000000000000071, 4.333342374871280669E-31, 0.000000000000000000 ) ) ;
#163 = CARTESIAN_POINT ( 'NONE',  ( 8.679999999999999716, -1.121337353847333906, -10.46638149426621389 ) ) ;
#164 = FILL_AREA_STYLE ('',( #203 ) ) ;
#165 =( NAMED_UNIT ( * ) PLANE_ANGLE_UNIT ( ) SI_UNIT ( $, .RADIAN. ) );
#166 = CARTESIAN_POINT ( 'NONE',  ( 9.000000000000003553, -1.636347767035699174, 7.626893541893253747 ) ) ;
#167 = CARTESIAN_POINT ( 'NONE',  ( -0.000000000000000000, -7.645824888126177221, 1.543494944070234354 ) ) ;
#168 = FILL_AREA_STYLE_COLOUR ( '', #3787 ) ;
#169 = UNCERTAINTY_MEASURE_WITH_UNIT (LENGTH_MEASURE( 1.000000000000000082E-05 ), #3775, 'distance_accuracy_value', 'NONE');
#170 = CIRCLE ( 'NONE', #4109, 0.3499999999999996447 ) ;
#171 = CARTESIAN_POINT ( 'NONE',  ( 8.129999999999999005, -14.51483715649647799, -29.02967431299297374 ) ) ;
#172 = CARTESIAN_POINT ( 'NONE',  ( 0.6700000000000116973, 0.000000000000000000, 0.000000000000000000 ) ) ;
#173 = EDGE_CURVE ( 'NONE', #1622, #213, #5236, .T. ) ;
#174 = CARTESIAN_POINT ( 'NONE',  ( 8.480000000000003979, -6.367264803181373445, 8.412001933576025436 ) ) ;
#175 = EDGE_LOOP ( 'NONE', ( #3183, #123, #3411, #6742, #6360, #3008 ) ) ;
#176 = EDGE_LOOP ( 'NONE', ( #504, #4532 ) ) ;
#177 = DIRECTION ( 'NONE',  ( -1.000000000000000000, -0.000000000000000000, -0.000000000000000000 ) ) ;
#178 = DIRECTION ( 'NONE',  ( 0.000000000000000000, -1.836949976058542083E-16, -1.000000000000000000 ) ) ;
#179 = DIRECTION ( 'NONE',  ( 1.289757231209518945E-16, 1.000000000000000000, 1.836909530733570325E-16 ) ) ;
#180 = EDGE_LOOP ( 'NONE', ( #4601, #4072, #6554, #4649, #3189 ) ) ;
#181 = CARTESIAN_POINT ( 'NONE',  ( 0.3199999999999977307, 6.281383935465484569, 8.448620297009977520 ) ) ;
#182 = ADVANCED_FACE ( 'NONE', ( #2798, #3238 ), #1158, .T. ) ;
#183 = EDGE_CURVE ( 'NONE', #2273, #4776, #4024, .T. ) ;
#184 = CARTESIAN_POINT ( 'NONE',  ( 1.219999999999999973, -6.654785049938542585, 12.33323471570165708 ) ) ;
#185 = CARTESIAN_POINT ( 'NONE',  ( 0.5200000000000000178, 1.360212508933049680, 10.43893273342570183 ) ) ;
#186 = CARTESIAN_POINT ( 'NONE',  ( 3.698353735049866753, -8.993721494056618582, 1.652101648318450352E-15 ) ) ;
#187 = CARTESIAN_POINT ( 'NONE',  ( 6.679101779290587793, 12.86002670398170267, -10.59936543710505674 ) ) ;
#188 = FILL_AREA_STYLE_COLOUR ( '', #2215 ) ;
#189 = PRESENTATION_STYLE_ASSIGNMENT (( #231 ) ) ;
#190 = CARTESIAN_POINT ( 'NONE',  ( 4.388948052025023472, -10.76497429235267411, -9.351480757207324856 ) ) ;
#191 = ORIENTED_EDGE ( 'NONE', *, *, #1808, .F. ) ;
#192 = CARTESIAN_POINT ( 'NONE',  ( 8.130000000000002558, 14.34999999999998721, 28.70000000000000284 ) ) ;
#193 = SURFACE_SIDE_STYLE ('',( #6563 ) ) ;
#194 = FACE_OUTER_BOUND ( 'NONE', #1413, .T. ) ;
#195 = CARTESIAN_POINT ( 'NONE',  ( 1.219999999999999973, -2.363122253242139426, -13.79930152797512832 ) ) ;
#196 = ORIENTED_EDGE ( 'NONE', *, *, #3200, .F. ) ;
#197 = CARTESIAN_POINT ( 'NONE',  ( 7.600202562768307857, -14.30556376187088397, -4.428148231773947316E-15 ) ) ;
#198 = CARTESIAN_POINT ( 'NONE',  ( 8.680000000000006821, -2.498755345896371605, 10.22663357711944876 ) ) ;
#199 = PRESENTATION_STYLE_ASSIGNMENT (( #1679 ) ) ;
#200 = CIRCLE ( 'NONE', #4251, 7.500000000000000000 ) ;
#201 = CARTESIAN_POINT ( 'NONE',  ( 8.680000000000003268, -9.911618546504419314, -3.556992897991049674 ) ) ;
#202 = AXIS2_PLACEMENT_3D ( 'NONE', #529, #1545, #4813 ) ;
#203 = FILL_AREA_STYLE_COLOUR ( '', #847 ) ;
#204 = ORIENTED_EDGE ( 'NONE', *, *, #1394, .T. ) ;
#205 = CARTESIAN_POINT ( 'NONE',  ( 12.62915602390792635, 18.50034090645604223, -2.862720193083838627 ) ) ;
#206 = EDGE_CURVE ( 'NONE', #5995, #4637, #6918, .T. ) ;
#207 = CARTESIAN_POINT ( 'NONE',  ( 9.000000000000001776, 3.876595490870152982, 6.770757344944395406 ) ) ;
#208 = COLOUR_RGB ( '',0.5098039215686274161, 0.5098039215686274161, 0.5490196078431373028 ) ;
#209 = VECTOR ( 'NONE', #3280, 1000.000000000000000 ) ;
#210 = CARTESIAN_POINT ( 'NONE',  ( 4.500000000000000888, 11.75000000000000000, -7.194562328706470336E-16 ) ) ;
#211 = CARTESIAN_POINT ( 'NONE',  ( 8.130000000000002558, 14.51483715649649220, -29.02967431299296308 ) ) ;
#212 = DIRECTION ( 'NONE',  ( 0.8821527464498742921, 0.1625106504085084835, -0.4420371256294512996 ) ) ;
#213 = VERTEX_POINT ( 'NONE', #2724 ) ;
#214 =( GEOMETRIC_REPRESENTATION_CONTEXT ( 3 ) GLOBAL_UNCERTAINTY_ASSIGNED_CONTEXT ( ( #6479 ) ) GLOBAL_UNIT_ASSIGNED_CONTEXT ( ( #1341, #5566, #2408 ) ) REPRESENTATION_CONTEXT ( 'NONE', 'WORKASPACE' ) );
#215 = VERTEX_POINT ( 'NONE', #349 ) ;
#216 = CARTESIAN_POINT ( 'NONE',  ( 0.6700000000000119194, 13.45000000000003126, 26.90000000000005187 ) ) ;
#217 = CARTESIAN_POINT ( 'NONE',  ( 9.000000000000003553, 7.298008715864754414, -2.753195702543861145 ) ) ;
#218 = COLOUR_RGB ( '',0.5098039215686274161, 0.5098039215686274161, 0.5490196078431373028 ) ;
#219 = ORIENTED_EDGE ( 'NONE', *, *, #5897, .F. ) ;
#220 = PRESENTATION_LAYER_ASSIGNMENT (  '', '', ( #1787 ) ) ;
#221 = SURFACE_STYLE_FILL_AREA ( #3345 ) ;
#222 = CARTESIAN_POINT ( 'NONE',  ( 8.999999999999996447, 15.69999999999999929, -9.613159877505666210E-16 ) ) ;
#223 = CIRCLE ( 'NONE', #1446, 10.22500050000000371 ) ;
#224 = CARTESIAN_POINT ( 'NONE',  ( 1.219999999999999751, -11.84576243687685881, 7.462014705361598388 ) ) ;
#225 = AXIS2_PLACEMENT_3D ( 'NONE', #4012, #5650, #702 ) ;
#226 = CARTESIAN_POINT ( 'NONE',  ( 0.5200000000000000178, -4.038974156135804350, 9.719280451958402622 ) ) ;
#227 = FACE_OUTER_BOUND ( 'NONE', #1184, .T. ) ;
#228 = ADVANCED_FACE ( 'NONE', ( #5200 ), #1583, .T. ) ;
#229 = CARTESIAN_POINT ( 'NONE',  ( 1.419999999999999929, 1.781861092759399088E-15, -14.55000000000000071 ) ) ;
#230 = CARTESIAN_POINT ( 'NONE',  ( 4.500000000000000888, 0.000000000000000000, 0.000000000000000000 ) ) ;
#231 = SURFACE_STYLE_USAGE ( .BOTH. , #6701 ) ;
#232 = CARTESIAN_POINT ( 'NONE',  ( 3.354923136367209846, -12.83780620661362448, -5.190855283913661466 ) ) ;
#233 = CIRCLE ( 'NONE', #4167, 2.380999999999999339 ) ;
#234 =( NAMED_UNIT ( * ) PLANE_ANGLE_UNIT ( ) SI_UNIT ( $, .RADIAN. ) );
#235 = VERTEX_POINT ( 'NONE', #3648 ) ;
#236 =( NAMED_UNIT ( * ) PLANE_ANGLE_UNIT ( ) SI_UNIT ( $, .RADIAN. ) );
#237 = FILL_AREA_STYLE_COLOUR ( '', #3924 ) ;
#238 = FILL_AREA_STYLE ('',( #4485 ) ) ;
#239 = CARTESIAN_POINT ( 'NONE',  ( 1.219999999999999973, -2.494828217459340802, -13.77593960549770635 ) ) ;
#240 = EDGE_LOOP ( 'NONE', ( #253, #3381, #4032, #2693 ) ) ;
#241 = COLOUR_RGB ( '',0.5098039215686274161, 0.5098039215686274161, 0.5490196078431373028 ) ;
#242 = CARTESIAN_POINT ( 'NONE',  ( 7.579999999999998295, -14.00000000000001421, -4.333563938952919121E-15 ) ) ;
#243 = CARTESIAN_POINT ( 'NONE',  ( 8.680000000000008598, -3.074210346765573920, 10.07622410128505308 ) ) ;
#244 = PRESENTATION_STYLE_ASSIGNMENT (( #4421 ) ) ;
#245 = CARTESIAN_POINT ( 'NONE',  ( 8.680000000000005045, -10.29143073051706025, -2.207975672687498836 ) ) ;
#246 = DIRECTION ( 'NONE',  ( 0.4809226642724865330, 0.7311951188183606343, 0.4838048048596216844 ) ) ;
#247 = PRODUCT_CONTEXT ( 'NONE', #3311, 'mechanical' ) ;
#248 = PRESENTATION_LAYER_ASSIGNMENT (  '', '', ( #2029 ) ) ;
#249 = CARTESIAN_POINT ( 'NONE',  ( 5.645076863632797703, 10.78719478972074342, -6.438739963811393352 ) ) ;
#250 = UNCERTAINTY_MEASURE_WITH_UNIT (LENGTH_MEASURE( 1.000000000000000082E-05 ), #4283, 'distance_accuracy_value', 'NONE');
#251 = SURFACE_STYLE_USAGE ( .BOTH. , #2790 ) ;
#252 = CIRCLE ( 'NONE', #5632, 13.45000000000003126 ) ;
#253 = ORIENTED_EDGE ( 'NONE', *, *, #405, .F. ) ;
#254 = EDGE_CURVE ( 'NONE', #1396, #2971, #5134, .T. ) ;
#255 = EDGE_LOOP ( 'NONE', ( #4505, #2666, #4559, #6075, #191, #1065 ) ) ;
#256 = CARTESIAN_POINT ( 'NONE',  ( 3.698353735049866309, 8.993721494056620358, 17.98744298811323361 ) ) ;
#257 = DIRECTION ( 'NONE',  ( 0.000000000000000000, 1.000000000000000000, -6.123031769111889989E-17 ) ) ;
#258 = ORIENTED_EDGE ( 'NONE', *, *, #1370, .F. ) ;
#259 = CARTESIAN_POINT ( 'NONE',  ( 9.000000000000003553, 7.537135264590068218, -2.035791052251691546 ) ) ;
#260 = VERTEX_POINT ( 'NONE', #2025 ) ;
#261 = CARTESIAN_POINT ( 'NONE',  ( 0.3199999999999978417, 5.910751103027934938, 8.709016886550356773 ) ) ;
#262 = FACE_OUTER_BOUND ( 'NONE', #3574, .T. ) ;
#263 = CARTESIAN_POINT ( 'NONE',  ( 1.219999999999999751, 4.409013662140667478, 13.29108802668324252 ) ) ;
#264 =( GEOMETRIC_REPRESENTATION_CONTEXT ( 3 ) GLOBAL_UNCERTAINTY_ASSIGNED_CONTEXT ( ( #5727 ) ) GLOBAL_UNIT_ASSIGNED_CONTEXT ( ( #3681, #488, #6891 ) ) REPRESENTATION_CONTEXT ( 'NONE', 'WORKASPACE' ) );
#265 = CARTESIAN_POINT ( 'NONE',  ( 0.6199999999999998845, -10.22500050000000371, 1.887465990021026509E-15 ) ) ;
#266 = CARTESIAN_POINT ( 'NONE',  ( 8.555735931288072749, -10.22500050000001082, 20.45000100000000387 ) ) ;
#267 = CARTESIAN_POINT ( 'NONE',  ( 3.354923136367208514, -12.83780620661362093, -5.190855283913662355 ) ) ;
#268 =( NAMED_UNIT ( * ) SI_UNIT ( $, .STERADIAN. ) SOLID_ANGLE_UNIT ( ) );
#269 = CARTESIAN_POINT ( 'NONE',  ( 8.480000000000002203, -10.50306499220110013, -0.8023768771529895538 ) ) ;
#270 = ADVANCED_FACE ( 'NONE', ( #1531 ), #910, .T. ) ;
#271 = FILL_AREA_STYLE ('',( #1310 ) ) ;
#272 = CARTESIAN_POINT ( 'NONE',  ( 8.699999999999999289, -16.00000000000000355, -31.99999999999998579 ) ) ;
#273 = CARTESIAN_POINT ( 'NONE',  ( 1.220000000000000195, -5.047627430557984241, -13.05841734013731070 ) ) ;
#274 = FILL_AREA_STYLE_COLOUR ( '', #5186 ) ;
#275 = CARTESIAN_POINT ( 'NONE',  ( 8.680000000000010374, -1.282500883279798831, 10.46639770868542385 ) ) ;
#276 = CARTESIAN_POINT ( 'NONE',  ( 0.8700000000000009948, -14.34999999999999964, 2.658552832538048006E-15 ) ) ;
#277 = FILL_AREA_STYLE_COLOUR ( '', #3896 ) ;
#278 = CARTESIAN_POINT ( 'NONE',  ( 8.680000000000001492, -8.605943207388779825, -6.059894248022214214 ) ) ;
#279 = SURFACE_STYLE_USAGE ( .BOTH. , #2325 ) ;
#280 = SURFACE_SIDE_STYLE ('',( #802 ) ) ;
#281 = CARTESIAN_POINT ( 'NONE',  ( 8.380000000000000782, 10.42500049999999412, 20.85000100000000245 ) ) ;
#282 = DIRECTION ( 'NONE',  ( 1.000000000000000000, 0.000000000000000000, 0.000000000000000000 ) ) ;
#283 = ORIENTED_EDGE ( 'NONE', *, *, #5515, .T. ) ;
#284 = ORIENTED_EDGE ( 'NONE', *, *, #4719, .T. ) ;
#285 = CARTESIAN_POINT ( 'NONE',  ( 0.5200000000000000178, 9.136145673649000543, -5.230990780500144766 ) ) ;
#286 = CARTESIAN_POINT ( 'NONE',  ( 9.000000000000003553, -6.672721099543063694, -4.047772120826618192 ) ) ;
#287 = EDGE_CURVE ( 'NONE', #2337, #3477, #426, .T. ) ;
#288 = CARTESIAN_POINT ( 'NONE',  ( 0.3199999999999962319, -9.770322806960050954, 3.913847515210837180 ) ) ;
#289 = CARTESIAN_POINT ( 'NONE',  ( 1.220000000000000195, 5.047627430560445383, 13.05841734013702649 ) ) ;
#290 =( GEOMETRIC_REPRESENTATION_CONTEXT ( 3 ) GLOBAL_UNCERTAINTY_ASSIGNED_CONTEXT ( ( #6841 ) ) GLOBAL_UNIT_ASSIGNED_CONTEXT ( ( #4241, #1597, #3244 ) ) REPRESENTATION_CONTEXT ( 'NONE', 'WORKASPACE' ) );
#291 = CARTESIAN_POINT ( 'NONE',  ( 0.000000000000000000, 15.69999999999999929, -2.215381469852090405E-15 ) ) ;
#292 = MECHANICAL_DESIGN_GEOMETRIC_PRESENTATION_REPRESENTATION (  '', ( #3777 ), #1520 ) ;
#293 = CARTESIAN_POINT ( 'NONE',  ( -5.769251933469552895, -9.908227500482206906, -0.5486340591602874017 ) ) ;
#294 = CARTESIAN_POINT ( 'NONE',  ( 8.480000000000000426, -10.37411989834016524, -1.776543663425865560 ) ) ;
#295 = PRESENTATION_STYLE_ASSIGNMENT (( #5775 ) ) ;
#296 = CARTESIAN_POINT ( 'NONE',  ( 0.2999999999999999334, 1.959434878635765131E-15, -16.00000000000000000 ) ) ;
#297 = CARTESIAN_POINT ( 'NONE',  ( 1.220000000000000417, 8.011528302907485966, -11.48224103428489329 ) ) ;
#298 = ORIENTED_EDGE ( 'NONE', *, *, #10, .F. ) ;
#299 = CARTESIAN_POINT ( 'NONE',  ( 3.354923136367210734, 0.3096358389863438920, -12.78153448809575821 ) ) ;
#300 = CARTESIAN_POINT ( 'NONE',  ( 8.680000000000005045, 7.699077894429017022, 7.185546829812653691 ) ) ;
#301 = CARTESIAN_POINT ( 'NONE',  ( -0.000000000000000000, -7.227888670044229968, 2.932350761663091721 ) ) ;
#302 = FILL_AREA_STYLE_COLOUR ( '', #5170 ) ;
#303 = CARTESIAN_POINT ( 'NONE',  ( 8.479999999999998650, -8.448620297009973967, 6.281383935465483681 ) ) ;
#304 = SURFACE_STYLE_FILL_AREA ( #2505 ) ;
#305 = EDGE_LOOP ( 'NONE', ( #5057, #1349, #6137, #4342 ) ) ;
#306 = CARTESIAN_POINT ( 'NONE',  ( 13.17408949046927447, 8.213162962525226263, -5.557202975905942033 ) ) ;
#307 = EDGE_CURVE ( 'NONE', #3406, #704, #2757, .T. ) ;
#308 = CIRCLE ( 'NONE', #869, 13.43000050000000023 ) ;
#309 = CARTESIAN_POINT ( 'NONE',  ( 0.8699999999999999956, -14.51483715649648687, 2.666302976711985753E-15 ) ) ;
#310 = UNCERTAINTY_MEASURE_WITH_UNIT (LENGTH_MEASURE( 1.000000000000000082E-05 ), #4714, 'distance_accuracy_value', 'NONE');
#311 = CARTESIAN_POINT ( 'NONE',  ( 8.480000000000000426, -10.52500050000000265, -3.222288190277488998E-15 ) ) ;
#312 = CARTESIAN_POINT ( 'NONE',  ( 8.875735931288071257, -7.500000000000001776, 1.386897029697574845E-15 ) ) ;
#313 = AXIS2_PLACEMENT_3D ( 'NONE', #2741, #3260, #53 ) ;
#314 = CARTESIAN_POINT ( 'NONE',  ( 8.479999999999998650, -7.955804017000933648, -6.928741887769475305 ) ) ;
#315 = ORIENTED_EDGE ( 'NONE', *, *, #3855, .F. ) ;
#316 = VECTOR ( 'NONE', #1693, 1000.000000000000000 ) ;
#317 = ORIENTED_EDGE ( 'NONE', *, *, #605, .F. ) ;
#318 = COLOUR_RGB ( '',0.5098039215686274161, 0.5098039215686274161, 0.5490196078431373028 ) ;
#319 = FILL_AREA_STYLE ('',( #1397 ) ) ;
#320 = CARTESIAN_POINT ( 'NONE',  ( 0.5200000000000000178, 6.059894248021617358, -8.605943207389620042 ) ) ;
#321 = CARTESIAN_POINT ( 'NONE',  ( 9.000000000000003553, -7.756658811424617106, -0.9500176440254580745 ) ) ;
#322 = CARTESIAN_POINT ( 'NONE',  ( 6.883617111016571144, 1.644700712487235395E-15, -13.43000050000000023 ) ) ;
#323 = CARTESIAN_POINT ( 'NONE',  ( 0.3199999999999982858, -3.595368540860900186, 9.892524181372374770 ) ) ;
#324 = CARTESIAN_POINT ( 'NONE',  ( 4.611051947974988074, 1.718755080538423741, -6.317030534060578795 ) ) ;
#325 = CARTESIAN_POINT ( 'NONE',  ( 1.219999999999999973, 4.968230698953742142, 13.08901940450006407 ) ) ;
#326 = CARTESIAN_POINT ( 'NONE',  ( 3.557454002911171198, 1.449106535281857733, 9.527463015735312624 ) ) ;
#327 = CARTESIAN_POINT ( 'NONE',  ( 9.000000000000001776, 9.261085550781729987E-16, 15.12500000000000000 ) ) ;
#328 =( NAMED_UNIT ( * ) SI_UNIT ( $, .STERADIAN. ) SOLID_ANGLE_UNIT ( ) );
#329 =( GEOMETRIC_REPRESENTATION_CONTEXT ( 3 ) GLOBAL_UNCERTAINTY_ASSIGNED_CONTEXT ( ( #3697 ) ) GLOBAL_UNIT_ASSIGNED_CONTEXT ( ( #3708, #3203, #4310 ) ) REPRESENTATION_CONTEXT ( 'NONE', 'WORKASPACE' ) );
#330 = PRODUCT_DEFINITION_CONTEXT ( 'detailed design', #5008, 'design' ) ;
#331 = SURFACE_STYLE_FILL_AREA ( #955 ) ;
#332 = CARTESIAN_POINT ( 'NONE',  ( 1.399797437231674602, 14.30556376187089995, -8.920739815588623072E-16 ) ) ;
#333 = CARTESIAN_POINT ( 'NONE',  ( 8.480000000000002203, -10.39734788334105708, -1.637788826842435430 ) ) ;
#334 = AXIS2_PLACEMENT_3D ( 'NONE', #6889, #2088, #4287 ) ;
#335 = PRESENTATION_LAYER_ASSIGNMENT (  '', '', ( #4046 ) ) ;
#336 = FACE_BOUND ( 'NONE', #1422, .T. ) ;
#337 = CARTESIAN_POINT ( 'NONE',  ( 5.645076863632788822, -9.355855050800583328, -2.886976803172144557 ) ) ;
#338 = FILL_AREA_STYLE_COLOUR ( '', #27 ) ;
#339 = EDGE_LOOP ( 'NONE', ( #449, #4014, #3169, #5779, #3241 ) ) ;
#340 = CARTESIAN_POINT ( 'NONE',  ( 0.8699999999999999956, -14.51483715649648687, 2.666302976711985359E-15 ) ) ;
#341 = CARTESIAN_POINT ( 'NONE',  ( 0.000000000000000000, -7.799967549728536120, -0.2386296710782452313 ) ) ;
#342 = CARTESIAN_POINT ( 'NONE',  ( 7.780000000000001137, -8.469612521752541312, 11.18928603697681368 ) ) ;
#343 = CARTESIAN_POINT ( 'NONE',  ( 0.8699999999999992184, 13.65000000000000036, -8.572244476756645738E-16 ) ) ;
#344 =( NAMED_UNIT ( * ) PLANE_ANGLE_UNIT ( ) SI_UNIT ( $, .RADIAN. ) );
#345 = CARTESIAN_POINT ( 'NONE',  ( 0.3199999999999916245, -3.956780790858605901, -9.753023726623538892 ) ) ;
#346 = AXIS2_PLACEMENT_3D ( 'NONE', #4415, #3917, #6052 ) ;
#347 = VERTEX_POINT ( 'NONE', #4836 ) ;
#348 = VERTEX_POINT ( 'NONE', #3184 ) ;
#349 = CARTESIAN_POINT ( 'NONE',  ( 0.8699999999999992184, 13.65000000000000036, -8.572244476756645738E-16 ) ) ;
#350 = LINE ( 'NONE', #3579, #6366 ) ;
#351 = DIRECTION ( 'NONE',  ( 0.000000000000000000, 6.123031769111889989E-17, 1.000000000000000000 ) ) ;
#352 = EDGE_LOOP ( 'NONE', ( #2841, #1691 ) ) ;
#353 = EDGE_CURVE ( 'NONE', #4951, #6211, #4360, .T. ) ;
#354 = COLOUR_RGB ( '',0.6941176470588235059, 0.7529411764705882248, 0.8392156862745098200 ) ;
#355 = CARTESIAN_POINT ( 'NONE',  ( 0.5199999999999999067, -10.36364998434266660, 1.835965895479138021 ) ) ;
#356 = VERTEX_POINT ( 'NONE', #2125 ) ;
#357 = ORIENTED_EDGE ( 'NONE', *, *, #4355, .F. ) ;
#358 = DIRECTION ( 'NONE',  ( 1.000000000000000000, -1.224606353822380216E-16, -6.446863596467668767E-47 ) ) ;
#359 = CARTESIAN_POINT ( 'NONE',  ( 0.5200000000000000178, 8.412001933575012913, -6.367264803184136568 ) ) ;
#360 = CARTESIAN_POINT ( 'NONE',  ( 9.000000000000001776, -3.474390812560673059, -6.992223862020479075 ) ) ;
#361 = PRESENTATION_STYLE_ASSIGNMENT (( #5801 ) ) ;
#362 = CARTESIAN_POINT ( 'NONE',  ( 0.3199999999999970091, -8.709016886550168479, 5.910751103027990894 ) ) ;
#363 = PRESENTATION_LAYER_ASSIGNMENT (  '', '', ( #16 ) ) ;
#364 = CARTESIAN_POINT ( 'NONE',  ( 2.812765777966870218, 0.000000000000000000, 0.000000000000000000 ) ) ;
#365 =( LENGTH_UNIT ( ) NAMED_UNIT ( * ) SI_UNIT ( .MILLI., .METRE. ) );
#366 = AXIS2_PLACEMENT_3D ( 'NONE', #4541, #4440, #3987 ) ;
#367 = CARTESIAN_POINT ( 'NONE',  ( 7.779999999999997584, -13.99996755534650816, -0.4282408571942742936 ) ) ;
#368 = CYLINDRICAL_SURFACE ( 'NONE', #5869, 10.22500050000000194 ) ;
#369 = PRESENTATION_STYLE_ASSIGNMENT (( #4572 ) ) ;
#370 = CARTESIAN_POINT ( 'NONE',  ( 7.580000000000000071, 0.000000000000000000, 0.000000000000000000 ) ) ;
#371 = CARTESIAN_POINT ( 'NONE',  ( 1.176230886931862729, -14.51483715649648687, 2.682678849998635911E-15 ) ) ;
#372 = CARTESIAN_POINT ( 'NONE',  ( -4.174089490469253150, 12.64205674928899548, 13.14788218008809118 ) ) ;
#373 = CARTESIAN_POINT ( 'NONE',  ( 5.645076863632790598, -4.163524672093483758, 11.37883366667385765 ) ) ;
#374 =( LENGTH_UNIT ( ) NAMED_UNIT ( * ) SI_UNIT ( .MILLI., .METRE. ) );
#375 = VERTEX_POINT ( 'NONE', #580 ) ;
#376 =( BOUNDED_SURFACE ( )  B_SPLINE_SURFACE ( 3, 3, ( 
 ( #1761, #2917, #4475, #6635 ),
 ( #186, #5564, #1731, #2377 ),
 ( #1339, #638, #5062, #3489 ),
 ( #2349, #1833, #6597, #3873 ) ),
 .UNSPECIFIED., .F., .F., .F. ) 
 B_SPLINE_SURFACE_WITH_KNOTS ( ( 4, 4 ),
 ( 4, 4 ),
 ( 0.000000000000000000, 1.000000000000000000 ),
 ( 0.000000000000000000, 1.000000000000000000 ),
 .UNSPECIFIED. ) 
 GEOMETRIC_REPRESENTATION_ITEM ( )  RATIONAL_B_SPLINE_SURFACE ( (
 ( 1.000000000000000000, 0.3333333333333334259, 0.3333333333333334259, 1.000000000000000000),
 ( 0.7603246535069290157, 0.2534415511689764311, 0.2534415511689764311, 0.7603246535069290157),
 ( 0.7603246535069290157, 0.2534415511689764311, 0.2534415511689764311, 0.7603246535069290157),
 ( 1.000000000000000000, 0.3333333333333334259, 0.3333333333333334259, 1.000000000000000000) ) ) 
 REPRESENTATION_ITEM ( '' )  SURFACE ( )  );
#377 = FACE_OUTER_BOUND ( 'NONE', #3904, .T. ) ;
#378 = CARTESIAN_POINT ( 'NONE',  ( -0.000000000000000000, -1.481484670292988026, -7.658078697199176332 ) ) ;
#379 = CARTESIAN_POINT ( 'NONE',  ( 7.779999999999998472, -4.968230698952154967, 13.08901940450007473 ) ) ;
#380 = EDGE_CURVE ( 'NONE', #3835, #704, #1427, .T. ) ;
#381 = PLANE ( 'NONE',  #2226 ) ;
#382 = DIRECTION ( 'NONE',  ( -1.000000000000000000, 0.000000000000000000, 0.000000000000000000 ) ) ;
#383 = CARTESIAN_POINT ( 'NONE',  ( 6.187234222033129782, 0.000000000000000000, 0.000000000000000000 ) ) ;
#384 = CARTESIAN_POINT ( 'NONE',  ( 2.812765777966869329, 13.43000050000000023, -8.437844082500433988E-16 ) ) ;
#385 = SURFACE_STYLE_FILL_AREA ( #939 ) ;
#386 = DIRECTION ( 'NONE',  ( -1.000000000000000000, -0.000000000000000000, -0.000000000000000000 ) ) ;
#387 = CARTESIAN_POINT ( 'NONE',  ( 8.438578643762694398, 10.42500049999999057, 20.85000099999999890 ) ) ;
#388 = CARTESIAN_POINT ( 'NONE',  ( 8.875735931288071257, 7.500000000000001776, 15.00000000000000178 ) ) ;
#389 =( NAMED_UNIT ( * ) SI_UNIT ( $, .STERADIAN. ) SOLID_ANGLE_UNIT ( ) );
#390 = ORIENTED_EDGE ( 'NONE', *, *, #711, .T. ) ;
#391 = SURFACE_STYLE_USAGE ( .BOTH. , #5627 ) ;
#392 = CARTESIAN_POINT ( 'NONE',  ( 4.500000000000000888, 2.050611416892869965, 11.62959524772499975 ) ) ;
#393 = LINE ( 'NONE', #3625, #1325 ) ;
#394 = CARTESIAN_POINT ( 'NONE',  ( 8.129999999999999005, -13.65000000000000036, -4.179024390287461517E-15 ) ) ;
#395 = UNCERTAINTY_MEASURE_WITH_UNIT (LENGTH_MEASURE( 1.000000000000000082E-05 ), #5141, 'distance_accuracy_value', 'NONE');
#396 = ADVANCED_FACE ( 'NONE', ( #3292 ), #4453, .T. ) ;
#397 = CARTESIAN_POINT ( 'NONE',  ( 0.3199999999999962319, -9.911618546505668093, 3.556992897987902413 ) ) ;
#398 = DIRECTION ( 'NONE',  ( 0.000000000000000000, 1.000000000000000000, -6.123031769111889989E-17 ) ) ;
#399 = FILL_AREA_STYLE_COLOUR ( '', #3129 ) ;
#400 = CARTESIAN_POINT ( 'NONE',  ( 12.62915602390793701, 8.741951823348914630, 8.766875054641158016 ) ) ;
#401 = FACE_BOUND ( 'NONE', #3141, .T. ) ;
#402 =( NAMED_UNIT ( * ) SI_UNIT ( $, .STERADIAN. ) SOLID_ANGLE_UNIT ( ) );
#403 = EDGE_CURVE ( 'NONE', #6565, #6041, #5022, .T. ) ;
#404 = UNCERTAINTY_MEASURE_WITH_UNIT (LENGTH_MEASURE( 1.000000000000000082E-05 ), #365, 'distance_accuracy_value', 'NONE');
#405 = EDGE_CURVE ( 'NONE', #151, #1023, #29, .T. ) ;
#406 = CARTESIAN_POINT ( 'NONE',  ( 6.187234222033133335, 13.43000050000000023, -8.437844082500433002E-16 ) ) ;
#407 = AXIS2_PLACEMENT_3D ( 'NONE', #2089, #5406, #4388 ) ;
#408 = CARTESIAN_POINT ( 'NONE',  ( 2.320898220709394444, -9.718307742167482388, 13.23558065922601124 ) ) ;
#409 = DIRECTION ( 'NONE',  ( -1.000000000000000000, 0.000000000000000000, 0.000000000000000000 ) ) ;
#410 = ORIENTED_EDGE ( 'NONE', *, *, #3273, .T. ) ;
#411 = PRESENTATION_LAYER_ASSIGNMENT (  '', '', ( #6545 ) ) ;
#412 = CARTESIAN_POINT ( 'NONE',  ( 0.6700000000000119194, 13.45000000000003126, -4.117847662651939022E-15 ) ) ;
#413 = CARTESIAN_POINT ( 'NONE',  ( 8.680000000000005045, 9.667920872251604791, 4.161873780648409848 ) ) ;
#414 = CARTESIAN_POINT ( 'NONE',  ( 7.779999999999999361, -5.593055116867146737, 12.84297020015264401 ) ) ;
#415 =( LENGTH_UNIT ( ) NAMED_UNIT ( * ) SI_UNIT ( .MILLI., .METRE. ) );
#416 = DIRECTION ( 'NONE',  ( 0.8494487772132460757, -0.5252426102889907744, -0.05056654257241879197 ) ) ;
#417 = CARTESIAN_POINT ( 'NONE',  ( 4.500000000000000888, 14.13100000000000023, -4.326342403043450981E-15 ) ) ;
#418 = CARTESIAN_POINT ( 'NONE',  ( 0.3199999999999944000, -10.43899659603635399, -1.359867306505732953 ) ) ;
#419 = CARTESIAN_POINT ( 'NONE',  ( 8.379999999999999005, -9.796850830579005986E-17, 8.074748287226058530E-63 ) ) ;
#420 = CARTESIAN_POINT ( 'NONE',  ( 8.380000000000000782, 10.42500050000000122, 4.468366976322135042E-15 ) ) ;
#421 = CARTESIAN_POINT ( 'NONE',  ( 0.2999999999999998224, -7.500000000000000000, 1.377712482043906463E-15 ) ) ;
#422 = ORIENTED_EDGE ( 'NONE', *, *, #6824, .T. ) ;
#423 = ORIENTED_EDGE ( 'NONE', *, *, #10, .T. ) ;
#424 = CARTESIAN_POINT ( 'NONE',  ( 0.5200000000000000178, 10.17027191870279523, -2.747115858736559613 ) ) ;
#425 = CARTESIAN_POINT ( 'NONE',  ( 9.000000000000001776, 0.9505433284873868738, -7.756561495369897585 ) ) ;
#426 = CIRCLE ( 'NONE', #2420, 2.380999999999999783 ) ;
#427 = CARTESIAN_POINT ( 'NONE',  ( 0.3199999999999963429, -9.753023726623560208, 3.956780790858846153 ) ) ;
#428 = SURFACE_SIDE_STYLE ('',( #948 ) ) ;
#429 = AXIS2_PLACEMENT_3D ( 'NONE', #6879, #5847, #5950 ) ;
#430 = CARTESIAN_POINT ( 'NONE',  ( 8.480000000000002203, 1.957119027923615029, 10.34145760591777119 ) ) ;
#431 = STYLED_ITEM ( 'NONE', ( #6004 ), #1681 ) ;
#432 = STYLED_ITEM ( 'NONE', ( #2806 ), #507 ) ;
#433 = CARTESIAN_POINT ( 'NONE',  ( 5.442545997088830134, 2.652116298503881531, 13.73172747971468688 ) ) ;
#434 = CARTESIAN_POINT ( 'NONE',  ( 8.999999999999998224, -7.800000000000002487, -15.59999999999999609 ) ) ;
#435 =( GEOMETRIC_REPRESENTATION_CONTEXT ( 3 ) GLOBAL_UNCERTAINTY_ASSIGNED_CONTEXT ( ( #3333 ) ) GLOBAL_UNIT_ASSIGNED_CONTEXT ( ( #650, #2322, #2260 ) ) REPRESENTATION_CONTEXT ( 'NONE', 'WORKASPACE' ) );
#436 = AXIS2_PLACEMENT_3D ( 'NONE', #1166, #3175, #1600 ) ;
#437 = SURFACE_STYLE_FILL_AREA ( #5297 ) ;
#438 = COLOUR_RGB ( '',0.5098039215686274161, 0.5098039215686274161, 0.5490196078431373028 ) ;
#439 = CARTESIAN_POINT ( 'NONE',  ( 0.000000000000000000, 15.69999999999999929, -2.215381469852090405E-15 ) ) ;
#440 = EDGE_CURVE ( 'NONE', #5086, #3406, #611, .T. ) ;
#441 = VERTEX_POINT ( 'NONE', #3286 ) ;
#442 = PRESENTATION_LAYER_ASSIGNMENT (  '', '', ( #1894 ) ) ;
#443 = CARTESIAN_POINT ( 'NONE',  ( 0.8699999999999998845, -14.51483715649649220, -29.02967431299296308 ) ) ;
#444 = CARTESIAN_POINT ( 'NONE',  ( 0.000000000000000000, -6.565369242160753238, -4.211933004074818854 ) ) ;
#445 = CARTESIAN_POINT ( 'NONE',  ( 7.780000000000002025, 2.936932121181732303, 13.68932566461747413 ) ) ;
#446 = AXIS2_PLACEMENT_3D ( 'NONE', #923, #5133, #4092 ) ;
#447 = CARTESIAN_POINT ( 'NONE',  ( 0.3199999999999912914, 1.875570910963224813, -10.35655558317024116 ) ) ;
#448 = FACE_OUTER_BOUND ( 'NONE', #1924, .T. ) ;
#449 = ORIENTED_EDGE ( 'NONE', *, *, #735, .F. ) ;
#450 =( GEOMETRIC_REPRESENTATION_CONTEXT ( 3 ) GLOBAL_UNCERTAINTY_ASSIGNED_CONTEXT ( ( #3554 ) ) GLOBAL_UNIT_ASSIGNED_CONTEXT ( ( #4531, #1822, #5085 ) ) REPRESENTATION_CONTEXT ( 'NONE', 'WORKASPACE' ) );
#451 = DIRECTION ( 'NONE',  ( -1.000000000000000000, 0.000000000000000000, 0.000000000000000000 ) ) ;
#452 = MECHANICAL_DESIGN_GEOMETRIC_PRESENTATION_REPRESENTATION (  '', ( #3888 ), #5843 ) ;
#453 = DIRECTION ( 'NONE',  ( -1.000000000000000000, 1.224606353822380216E-16, 0.000000000000000000 ) ) ;
#454 =( NAMED_UNIT ( * ) PLANE_ANGLE_UNIT ( ) SI_UNIT ( $, .RADIAN. ) );
#455 = CARTESIAN_POINT ( 'NONE',  ( 8.875735931288071257, -7.499999999999999112, 15.00000000000000178 ) ) ;
#456 = STYLED_ITEM ( 'NONE', ( #6717 ), #5762 ) ;
#457 = CARTESIAN_POINT ( 'NONE',  ( 0.5200000000000000178, 10.52500050000000265, -1.189586300145496267E-15 ) ) ;
#458 = ORIENTED_EDGE ( 'NONE', *, *, #5668, .T. ) ;
#459 = ORIENTED_EDGE ( 'NONE', *, *, #1486, .F. ) ;
#460 = SURFACE_STYLE_FILL_AREA ( #4299 ) ;
#461 = PRESENTATION_LAYER_ASSIGNMENT (  '', '', ( #2916 ) ) ;
#462 = CARTESIAN_POINT ( 'NONE',  ( 0.5200000000000001288, -9.271915096381562194, -5.003040405843311333 ) ) ;
#463 = CARTESIAN_POINT ( 'NONE',  ( 0.000000000000000000, -2.840523383850282801, 7.264466742299111601 ) ) ;
#464 = CARTESIAN_POINT ( 'NONE',  ( 8.830000000000000071, -13.64999999999998970, -27.29999999999999005 ) ) ;
#465 = UNCERTAINTY_MEASURE_WITH_UNIT (LENGTH_MEASURE( 1.000000000000000082E-05 ), #3442, 'distance_accuracy_value', 'NONE');
#466 = EDGE_CURVE ( 'NONE', #5657, #4237, #1094, .T. ) ;
#467 = CARTESIAN_POINT ( 'NONE',  ( 8.479999999999998650, 3.956780790859510510, 9.753023726623174738 ) ) ;
#468 = CARTESIAN_POINT ( 'NONE',  ( 7.779999999999999361, -4.089113562143976921, -13.40308086617598704 ) ) ;
#469 = FILL_AREA_STYLE_COLOUR ( '', #1601 ) ;
#470 =( NAMED_UNIT ( * ) PLANE_ANGLE_UNIT ( ) SI_UNIT ( $, .RADIAN. ) );
#471 = AXIS2_PLACEMENT_3D ( 'NONE', #3865, #6586, #104 ) ;
#472 = FILL_AREA_STYLE ('',( #1054 ) ) ;
#473 = DIRECTION ( 'NONE',  ( 0.000000000000000000, 0.000000000000000000, 1.000000000000000000 ) ) ;
#474 = FACE_BOUND ( 'NONE', #5263, .T. ) ;
#475 = FILL_AREA_STYLE_COLOUR ( '', #2340 ) ;
#476 =( GEOMETRIC_REPRESENTATION_CONTEXT ( 3 ) GLOBAL_UNCERTAINTY_ASSIGNED_CONTEXT ( ( #1359 ) ) GLOBAL_UNIT_ASSIGNED_CONTEXT ( ( #1896, #6178, #2513 ) ) REPRESENTATION_CONTEXT ( 'NONE', 'WORKASPACE' ) );
#477 = SURFACE_STYLE_USAGE ( .BOTH. , #4897 ) ;
#478 = FACE_OUTER_BOUND ( 'NONE', #1265, .T. ) ;
#479 = FILL_AREA_STYLE_COLOUR ( '', #3844 ) ;
#480 = CARTESIAN_POINT ( 'NONE',  ( -0.000000000000000000, -3.294881561106971279, -7.072122350771756771 ) ) ;
#481 = CARTESIAN_POINT ( 'NONE',  ( 7.779999999999997584, -13.68932566461866429, 2.936932121176767829 ) ) ;
#482 = MECHANICAL_DESIGN_GEOMETRIC_PRESENTATION_REPRESENTATION (  '', ( #1708 ), #3166 ) ;
#483 = DIRECTION ( 'NONE',  ( 0.000000000000000000, 0.000000000000000000, 1.000000000000000000 ) ) ;
#484 = ADVANCED_FACE ( 'NONE', ( #5437 ), #4239, .T. ) ;
#485 = LINE ( 'NONE', #2707, #558 ) ;
#486 = CARTESIAN_POINT ( 'NONE',  ( 0.3199999999999912359, 0.3217038428307955056, -10.52501671023978425 ) ) ;
#487 = DIRECTION ( 'NONE',  ( 0.000000000000000000, -1.000000000000000000, -3.061556329880922299E-16 ) ) ;
#488 =( NAMED_UNIT ( * ) PLANE_ANGLE_UNIT ( ) SI_UNIT ( $, .RADIAN. ) );
#489 = CARTESIAN_POINT ( 'NONE',  ( 12.47909820620398769, -10.57505453403791940, -16.02105489142727990 ) ) ;
#490 = CARTESIAN_POINT ( 'NONE',  ( 8.438578643762690845, -10.42500049999998879, -20.85000100000001311 ) ) ;
#491 = CARTESIAN_POINT ( 'NONE',  ( 8.680000000000003268, 10.39734788334065207, -1.637788826841706680 ) ) ;
#492 = CARTESIAN_POINT ( 'NONE',  ( 0.5200000000000000178, 7.699077894429532165, 7.185546829811261915 ) ) ;
#493 = ORIENTED_EDGE ( 'NONE', *, *, #6770, .T. ) ;
#494 = ORIENTED_EDGE ( 'NONE', *, *, #2600, .T. ) ;
#495 = CARTESIAN_POINT ( 'NONE',  ( 8.480000000000000426, 1.776651539185626127, -10.37409994127433954 ) ) ;
#496 = CARTESIAN_POINT ( 'NONE',  ( 9.000000000000003553, -6.599983429669711299, 4.157470633334772181 ) ) ;
#497 = CARTESIAN_POINT ( 'NONE',  ( -0.000000000000000000, -2.035791052252515332, 7.537135264589963413 ) ) ;
#498 = CARTESIAN_POINT ( 'NONE',  ( 9.000000000000001776, 0.000000000000000000, 0.000000000000000000 ) ) ;
#499 =( LENGTH_UNIT ( ) NAMED_UNIT ( * ) SI_UNIT ( .MILLI., .METRE. ) );
#500 = CARTESIAN_POINT ( 'NONE',  ( 7.780000000000002025, 2.494828217458898045, -13.77593960549770635 ) ) ;
#501 = ADVANCED_FACE ( 'NONE', ( #117 ), #5035, .F. ) ;
#502 = CARTESIAN_POINT ( 'NONE',  ( 5.442545997088824805, 9.647724093425244618, 9.692811436171842487 ) ) ;
#503 = FILL_AREA_STYLE_COLOUR ( '', #6468 ) ;
#504 = ORIENTED_EDGE ( 'NONE', *, *, #206, .T. ) ;
#505 = CARTESIAN_POINT ( 'NONE',  ( 8.921312790920127966, -14.51483715649648687, -4.443799157366265892E-15 ) ) ;
#506 =( NAMED_UNIT ( * ) SI_UNIT ( $, .STERADIAN. ) SOLID_ANGLE_UNIT ( ) );
#507 = MANIFOLD_SOLID_BREP ( 'Imported_7-1-solid1', #753 ) ;
#508 = CARTESIAN_POINT ( 'NONE',  ( -0.000000000000000000, 1.360613305756646074, -7.680467754520028834 ) ) ;
#509 = CIRCLE ( 'NONE', #5453, 13.48053010216305125 ) ;
#510 = CYLINDRICAL_SURFACE ( 'NONE', #436, 13.43000050000000023 ) ;
#511 = CARTESIAN_POINT ( 'NONE',  ( 5.141764753776215002, -14.13099999999999667, 2.595794011168325473E-15 ) ) ;
#512 = CARTESIAN_POINT ( 'NONE',  ( 6.328534255899995742, 1.252201413360508661E-15, -10.22500050000000016 ) ) ;
#513 = CARTESIAN_POINT ( 'NONE',  ( 0.3199999999999916245, 3.794741857846446909, -9.817197108054754651 ) ) ;
#514 =( GEOMETRIC_REPRESENTATION_CONTEXT ( 3 ) GLOBAL_UNCERTAINTY_ASSIGNED_CONTEXT ( ( #3892 ) ) GLOBAL_UNIT_ASSIGNED_CONTEXT ( ( #719, #3456, #2847 ) ) REPRESENTATION_CONTEXT ( 'NONE', 'WORKASPACE' ) );
#515 = FACE_OUTER_BOUND ( 'NONE', #4401, .T. ) ;
#516 = DIRECTION ( 'NONE',  ( -3.749201334157305181E-32, -3.061556329880923285E-16, 1.000000000000000000 ) ) ;
#517 = DIRECTION ( 'NONE',  ( 0.000000000000000000, 0.000000000000000000, 1.000000000000000000 ) ) ;
#518 = DIRECTION ( 'NONE',  ( 0.3958614015492774585, 0.2526269977366699115, 0.8828778798780714254 ) ) ;
#519 = PRESENTATION_LAYER_ASSIGNMENT (  '', '', ( #6894 ) ) ;
#520 = CARTESIAN_POINT ( 'NONE',  ( 1.076072228735578439E-17, 15.87573593128806948, -4.860510193125192910E-15 ) ) ;
#521 = CARTESIAN_POINT ( 'NONE',  ( 0.1700000000000067291, 14.34999999999999787, -4.393391372420460272E-15 ) ) ;
#522 = ADVANCED_FACE ( 'NONE', ( #5663 ), #3571, .T. ) ;
#523 = CARTESIAN_POINT ( 'NONE',  ( 0.3199999999999869615, 1.634609897703336165E-15, 13.10833350000002717 ) ) ;
#524 = CARTESIAN_POINT ( 'NONE',  ( 8.480000000000002203, 3.314578863186082636, -9.992066394823222453 ) ) ;
#525 = CARTESIAN_POINT ( 'NONE',  ( 0.5200000000000000178, -3.715076583180159986, -9.847626207425571820 ) ) ;
#526 = CARTESIAN_POINT ( 'NONE',  ( 0.000000000000000000, 2.900517994467170624, 7.240715517517958943 ) ) ;
#527 =( NAMED_UNIT ( * ) SI_UNIT ( $, .STERADIAN. ) SOLID_ANGLE_UNIT ( ) );
#528 = UNCERTAINTY_MEASURE_WITH_UNIT (LENGTH_MEASURE( 1.000000000000000082E-05 ), #2982, 'distance_accuracy_value', 'NONE');
#529 = CARTESIAN_POINT ( 'NONE',  ( 0.2999999999999989897, -15.69999999999999929, 2.884011462411910892E-15 ) ) ;
#530 = CARTESIAN_POINT ( 'NONE',  ( 7.779999999999997584, -5.345239632862721635, -12.93965546485081219 ) ) ;
#531 = CARTESIAN_POINT ( 'NONE',  ( 4.500000000000000888, 11.75000000000000000, -7.194562328706470336E-16 ) ) ;
#532 =( LENGTH_UNIT ( ) NAMED_UNIT ( * ) SI_UNIT ( .MILLI., .METRE. ) );
#533 = ORIENTED_EDGE ( 'NONE', *, *, #561, .F. ) ;
#534 = PRESENTATION_STYLE_ASSIGNMENT (( #1623 ) ) ;
#535 =( BOUNDED_SURFACE ( )  B_SPLINE_SURFACE ( 3, 3, ( 
 ( #4518, #6020, #192, #5505 ),
 ( #4443, #2922, #3454, #120 ),
 ( #684, #3955, #4965, #6638 ),
 ( #2353, #4483, #6085, #1273 ) ),
 .UNSPECIFIED., .F., .F., .F. ) 
 B_SPLINE_SURFACE_WITH_KNOTS ( ( 4, 4 ),
 ( 4, 4 ),
 ( 0.000000000000000000, 1.000000000000000000 ),
 ( 0.000000000000000000, 1.000000000000000000 ),
 .UNSPECIFIED. ) 
 GEOMETRIC_REPRESENTATION_ITEM ( )  RATIONAL_B_SPLINE_SURFACE ( (
 ( 1.000000000000000000, 0.3333333333333334259, 0.3333333333333334259, 1.000000000000000000),
 ( 0.3333333333333318715, 0.1111111111111106609, 0.1111111111111106609, 0.3333333333333318715),
 ( 0.3333333333333318715, 0.1111111111111106609, 0.1111111111111106609, 0.3333333333333318715),
 ( 1.000000000000000000, 0.3333333333333334259, 0.3333333333333334259, 1.000000000000000000) ) ) 
 REPRESENTATION_ITEM ( '' )  SURFACE ( )  );
#536 = FILL_AREA_STYLE ('',( #1028 ) ) ;
#537 = CARTESIAN_POINT ( 'NONE',  ( -0.000000000000000000, 7.645824888126329100, -1.543494944069502051 ) ) ;
#538 = CARTESIAN_POINT ( 'NONE',  ( 1.419999999999999929, 1.644700712487235395E-15, -13.43000050000000023 ) ) ;
#539 = CARTESIAN_POINT ( 'NONE',  ( 9.000000000000001776, 5.518382534987879631E-16, 9.012500250000000435 ) ) ;
#540 = ADVANCED_FACE ( 'NONE', ( #953 ), #3287, .F. ) ;
#541 = MECHANICAL_DESIGN_GEOMETRIC_PRESENTATION_REPRESENTATION (  '', ( #2003 ), #2665 ) ;
#542 = PRESENTATION_STYLE_ASSIGNMENT (( #2154 ) ) ;
#543 = SURFACE_STYLE_FILL_AREA ( #3781 ) ;
#544 = DIRECTION ( 'NONE',  ( 0.4809226642724863665, 0.7311951188183607453, 0.4838048048596215178 ) ) ;
#545 = SURFACE_STYLE_USAGE ( .BOTH. , #3854 ) ;
#546 = STYLED_ITEM ( 'NONE', ( #534 ), #1203 ) ;
#547 = CARTESIAN_POINT ( 'NONE',  ( 9.000000000000001776, 0.000000000000000000, 10.22500050000000194 ) ) ;
#548 = CARTESIAN_POINT ( 'NONE',  ( 8.680000000000005045, 8.999096241906681115, -5.458976968531489504 ) ) ;
#549 = COLOUR_RGB ( '',0.5098039215686274161, 0.5098039215686274161, 0.5490196078431373028 ) ;
#550 =( GEOMETRIC_REPRESENTATION_CONTEXT ( 3 ) GLOBAL_UNCERTAINTY_ASSIGNED_CONTEXT ( ( #2319 ) ) GLOBAL_UNIT_ASSIGNED_CONTEXT ( ( #5686, #5203, #6277 ) ) REPRESENTATION_CONTEXT ( 'NONE', 'WORKASPACE' ) );
#551 = CARTESIAN_POINT ( 'NONE',  ( 3.354923136367206737, -7.645475827906532018, -11.37883366667385410 ) ) ;
#552 =( NAMED_UNIT ( * ) PLANE_ANGLE_UNIT ( ) SI_UNIT ( $, .RADIAN. ) );
#553 = CARTESIAN_POINT ( 'NONE',  ( 8.480000000000000426, -1.934948282174660639, -10.34562682143557844 ) ) ;
#554 = CARTESIAN_POINT ( 'NONE',  ( 0.2999999999999998224, 7.500000000000000000, -4.684119303370595576E-16 ) ) ;
#555 = CARTESIAN_POINT ( 'NONE',  ( 9.000000000000003553, -7.275455186494435900, 2.812244571404980409 ) ) ;
#556 = CARTESIAN_POINT ( 'NONE',  ( 0.000000000000000000, 7.623800463141209960, 1.667883738938969573 ) ) ;
#557 = CIRCLE ( 'NONE', #4723, 2.380999999999999783 ) ;
#558 = VECTOR ( 'NONE', #5305, 999.9999999999998863 ) ;
#559 =( NAMED_UNIT ( * ) SI_UNIT ( $, .STERADIAN. ) SOLID_ANGLE_UNIT ( ) );
#560 = FILL_AREA_STYLE_COLOUR ( '', #3019 ) ;
#561 = EDGE_CURVE ( 'NONE', #6144, #6514, #1662, .T. ) ;
#562 = DIRECTION ( 'NONE',  ( -1.270859689360298160E-16, -1.000000000000000000, 0.000000000000000000 ) ) ;
#563 = MANIFOLD_SOLID_BREP ( 'Imported_11-1-solid1', #1650 ) ;
#564 =( GEOMETRIC_REPRESENTATION_CONTEXT ( 3 ) GLOBAL_UNCERTAINTY_ASSIGNED_CONTEXT ( ( #2566 ) ) GLOBAL_UNIT_ASSIGNED_CONTEXT ( ( #5883, #990, #1022 ) ) REPRESENTATION_CONTEXT ( 'NONE', 'WORKASPACE' ) );
#565 = EDGE_LOOP ( 'NONE', ( #1227, #2480 ) ) ;
#566 = CARTESIAN_POINT ( 'NONE',  ( 7.780000000000000249, 2.519589708611986723, -13.77143574030782602 ) ) ;
#567 = CARTESIAN_POINT ( 'NONE',  ( 3.557454002911171198, 8.444714330203218822, 5.488546972192462015 ) ) ;
#568 = ORIENTED_EDGE ( 'NONE', *, *, #6735, .T. ) ;
#569 = EDGE_LOOP ( 'NONE', ( #4622, #2550 ) ) ;
#570 = FILL_AREA_STYLE_COLOUR ( '', #218 ) ;
#571 = FILL_AREA_STYLE ('',( #1027 ) ) ;
#572 = FACE_OUTER_BOUND ( 'NONE', #2318, .T. ) ;
#573 = FILL_AREA_STYLE_COLOUR ( '', #5259 ) ;
#574 = CARTESIAN_POINT ( 'NONE',  ( 0.8199999999999999512, 0.000000000000000000, 10.42500049999999945 ) ) ;
#575 = CARTESIAN_POINT ( 'NONE',  ( 4.500000000000000888, -14.13100000000000023, 2.595794011168326262E-15 ) ) ;
#576 =( BOUNDED_SURFACE ( )  B_SPLINE_SURFACE ( 3, 3, ( 
 ( #6510, #1686, #2100, #4268 ),
 ( #1119, #2718, #2198, #3732 ),
 ( #1616, #1075, #3573, #5199 ),
 ( #6130, #1323, #2898, #1387 ) ),
 .UNSPECIFIED., .F., .F., .F. ) 
 B_SPLINE_SURFACE_WITH_KNOTS ( ( 4, 4 ),
 ( 4, 4 ),
 ( 0.000000000000000000, 1.000000000000000000 ),
 ( 0.000000000000000000, 1.000000000000000000 ),
 .UNSPECIFIED. ) 
 GEOMETRIC_REPRESENTATION_ITEM ( )  RATIONAL_B_SPLINE_SURFACE ( (
 ( 1.000000000000000000, 0.3333333333333337034, 0.3333333333333337034, 1.000000000000000000),
 ( 0.3333333333333329263, 0.1111111111111111049, 0.1111111111111111049, 0.3333333333333329263),
 ( 0.3333333333333329263, 0.1111111111111111049, 0.1111111111111111049, 0.3333333333333329263),
 ( 1.000000000000000000, 0.3333333333333337034, 0.3333333333333337034, 1.000000000000000000) ) ) 
 REPRESENTATION_ITEM ( '' )  SURFACE ( )  );
#577 = CARTESIAN_POINT ( 'NONE',  ( 0.3199999999999927902, 8.448620297010700497, -6.281383935464377011 ) ) ;
#578 = CARTESIAN_POINT ( 'NONE',  ( 6.657558727458328107, -1.889967791850515777, 14.48661832029332786 ) ) ;
#579 = PRESENTATION_STYLE_ASSIGNMENT (( #3818 ) ) ;
#580 = CARTESIAN_POINT ( 'NONE',  ( 3.557454002911171198, 1.449106535281857733, 9.527463015735312624 ) ) ;
#581 = EDGE_CURVE ( 'NONE', #1757, #6565, #2888, .T. ) ;
#582 = DIRECTION ( 'NONE',  ( 0.000000000000000000, 0.000000000000000000, 1.000000000000000000 ) ) ;
#583 = MECHANICAL_DESIGN_GEOMETRIC_PRESENTATION_REPRESENTATION (  '', ( #2705 ), #5075 ) ;
#584 = DIRECTION ( 'NONE',  ( -1.000000000000000000, 0.000000000000000000, 0.000000000000000000 ) ) ;
#585 = CARTESIAN_POINT ( 'NONE',  ( 8.480000000000002203, 3.715076583184993897, -9.847626207424157840 ) ) ;
#586 = CARTESIAN_POINT ( 'NONE',  ( -1.076072228735579055E-17, -7.624264068711927855, 1.409875892070202049E-15 ) ) ;
#587 =( BOUNDED_SURFACE ( )  B_SPLINE_SURFACE ( 3, 3, ( 
 ( #5830, #3215, #1068, #5866 ),
 ( #2090, #2127, #6377, #2615 ),
 ( #3294, #2159, #1576, #4839 ),
 ( #1040, #1678, #1607, #5374 ) ),
 .UNSPECIFIED., .F., .F., .F. ) 
 B_SPLINE_SURFACE_WITH_KNOTS ( ( 4, 4 ),
 ( 4, 4 ),
 ( 0.000000000000000000, 1.000000000000000000 ),
 ( 0.000000000000000000, 1.000000000000000000 ),
 .UNSPECIFIED. ) 
 GEOMETRIC_REPRESENTATION_ITEM ( )  RATIONAL_B_SPLINE_SURFACE ( (
 ( 1.000000000000000000, 0.3333333333333334259, 0.3333333333333334259, 1.000000000000000000),
 ( 0.8200391923007857020, 0.2733463974335952895, 0.2733463974335952895, 0.8200391923007857020),
 ( 0.8200391923007857020, 0.2733463974335952895, 0.2733463974335952895, 0.8200391923007857020),
 ( 1.000000000000000000, 0.3333333333333334259, 0.3333333333333334259, 1.000000000000000000) ) ) 
 REPRESENTATION_ITEM ( '' )  SURFACE ( )  );
#588 = CARTESIAN_POINT ( 'NONE',  ( 0.5200000000000001288, -8.062546764661881582, -6.782617995820077184 ) ) ;
#589 = CARTESIAN_POINT ( 'NONE',  ( 0.000000000000000000, 4.047772120829185027, 6.672721099542046730 ) ) ;
#590 = CARTESIAN_POINT ( 'NONE',  ( 0.1242640687119285492, 15.99999999999999822, -9.796850830579023982E-16 ) ) ;
#591 = UNCERTAINTY_MEASURE_WITH_UNIT (LENGTH_MEASURE( 1.000000000000000082E-05 ), #5267, 'distance_accuracy_value', 'NONE');
#592 = CARTESIAN_POINT ( 'NONE',  ( 1.419999999999974172, 0.000000000000000000, -13.48053010216305125 ) ) ;
#593 = FACE_OUTER_BOUND ( 'NONE', #6609, .T. ) ;
#594 = CARTESIAN_POINT ( 'NONE',  ( 8.480000000000000426, -3.595368540862881712, 9.892524181371609160 ) ) ;
#595 = EDGE_LOOP ( 'NONE', ( #1654, #5590, #2312, #3221 ) ) ;
#596 = ORIENTED_EDGE ( 'NONE', *, *, #131, .T. ) ;
#597 = CARTESIAN_POINT ( 'NONE',  ( 7.779999999999998472, -9.021928728729603719, -10.72459260703574202 ) ) ;
#598 = DIRECTION ( 'NONE',  ( -1.000000000000000000, 0.000000000000000000, 0.000000000000000000 ) ) ;
#599 =( NAMED_UNIT ( * ) PLANE_ANGLE_UNIT ( ) SI_UNIT ( $, .RADIAN. ) );
#600 = EDGE_LOOP ( 'NONE', ( #6491, #3647, #3672, #1652, #459 ) ) ;
#601 = ORIENTED_EDGE ( 'NONE', *, *, #2207, .F. ) ;
#602 = CARTESIAN_POINT ( 'NONE',  ( 1.219999999999999973, -2.742544234162717309, 13.72895450120086025 ) ) ;
#603 = CARTESIAN_POINT ( 'NONE',  ( 0.5199999999999999067, -10.43899659603635044, 1.359867306505732287 ) ) ;
#604 = CARTESIAN_POINT ( 'NONE',  ( 1.399797437231674602, 14.30556376187089995, -4.379786788084625119E-15 ) ) ;
#605 = EDGE_CURVE ( 'NONE', #1538, #3835, #3707, .T. ) ;
#606 = FILL_AREA_STYLE ('',( #5436 ) ) ;
#607 = FILL_AREA_STYLE ('',( #573 ) ) ;
#608 =( NAMED_UNIT ( * ) PLANE_ANGLE_UNIT ( ) SI_UNIT ( $, .RADIAN. ) );
#609 =( NAMED_UNIT ( * ) PLANE_ANGLE_UNIT ( ) SI_UNIT ( $, .RADIAN. ) );
#610 = CARTESIAN_POINT ( 'NONE',  ( 0.3199999999999919020, 5.609946153528271751, -8.905734099170086182 ) ) ;
#611 = B_SPLINE_CURVE_WITH_KNOTS ( 'NONE', 3,
 ( #4696, #341, #6818, #3608, #3674, #858, #2018, #4180, #3528, #6748, #1489, #2050, #3639, #5781, #962, #5818, #2497, #1521, #5673, #3143, #444, #2995, #3104, #5265, #4659, #2574, #4736, #1381, #4212, #5191, #2462, #480, #1977, #4624, #5713, #6337, #901, #995, #6198, #1945, #3033, #378, #2638, #3745, #1135, #5334, #2703, #2181, #1628, #6924, #508, #4871, #77, #46, #2151, #2117, #3778, #3317, #1563, #4316, #1599, #4348, #6886, #4284, #4788, #5920, #3715, #1665, #4383, #3247, #3209, #4244, #1700, #5887, #6431, #6401, #6365, #5856, #5362, #6461, #3811, #6496, #1059, #4763, #537, #2083, #2732, #1030, #3174, #5957 ),
 .UNSPECIFIED., .F., .F.,
 ( 4, 1, 1, 1, 2, 2, 1, 1, 1, 2, 2, 1, 1, 2, 2, 2, 1, 1, 2, 2, 1, 1, 1, 2, 2, 1, 1, 1, 2, 2, 2, 1, 1, 1, 2, 2, 1, 1, 1, 2, 2, 1, 1, 2, 2, 2, 1, 1, 2, 2, 1, 1, 1, 2, 2, 1, 1, 1, 2, 2, 4 ),
 ( 0.000000000000000000, 0.01562500000000015266, 0.02343750000000022551, 0.02734375000000026021, 0.02929687500000027756, 0.03125000000000029837, 0.04687500000000051348, 0.05468750000000061062, 0.05859375000000065226, 0.06054687500000065919, 0.06250000000000066613, 0.07812500000000061062, 0.08593750000000058287, 0.08984375000000054123, 0.09375000000000049960, 0.1250000000000001110, 0.1406249999999998890, 0.1484374999999997780, 0.1523437499999997502, 0.1562499999999996947, 0.1718749999999995837, 0.1796874999999995282, 0.1835937499999995004, 0.1855468749999994726, 0.1874999999999994726, 0.2031249999999992784, 0.2109374999999991951, 0.2148437499999991673, 0.2167968749999991396, 0.2187499999999991396, 0.2499999999999990841, 0.2656249999999990563, 0.2734374999999990008, 0.2773437499999990008, 0.2792968749999990008, 0.2812499999999990008, 0.2968749999999990008, 0.3046874999999990008, 0.3085937499999989453, 0.3105468749999989453, 0.3124999999999988898, 0.3281249999999989453, 0.3359374999999989453, 0.3398437499999990008, 0.3437499999999990008, 0.3749999999999990008, 0.3906249999999990008, 0.3984374999999990008, 0.4023437499999990563, 0.4062499999999990563, 0.4218749999999992228, 0.4296874999999992784, 0.4335937499999992784, 0.4355468749999993339, 0.4374999999999993339, 0.4531249999999995004, 0.4609374999999995559, 0.4648437499999996114, 0.4667968749999996114, 0.4687499999999996114, 0.5000000000000000000 ),
 .UNSPECIFIED. ) ;
#612 = CARTESIAN_POINT ( 'NONE',  ( 0.5614213562373088218, 10.42500050000000122, -6.413876084296292803E-16 ) ) ;
#613 = MECHANICAL_DESIGN_GEOMETRIC_PRESENTATION_REPRESENTATION (  '', ( #839 ), #2179 ) ;
#614 = CARTESIAN_POINT ( 'NONE',  ( -1.411048374888350221, -2.280612516147277447, 1.511825562079713192 ) ) ;
#615 = MECHANICAL_DESIGN_GEOMETRIC_PRESENTATION_REPRESENTATION (  '', ( #1509 ), #1428 ) ;
#616 = CARTESIAN_POINT ( 'NONE',  ( 8.438578643762690845, -10.42500049999999945, -3.191672626978681244E-15 ) ) ;
#617 = MANIFOLD_SOLID_BREP ( 'Imported_3-1-solid1', #6791 ) ;
#618 = CARTESIAN_POINT ( 'NONE',  ( 8.680000000000001492, 10.35316839353890295, -1.894194247332211090 ) ) ;
#619 = PRESENTATION_LAYER_ASSIGNMENT (  '', '', ( #5105 ) ) ;
#620 = CARTESIAN_POINT ( 'NONE',  ( 5.645076863632788822, -4.163524672093493528, -9.074955185932333634 ) ) ;
#621 = STYLED_ITEM ( 'NONE', ( #6474 ), #3006 ) ;
#622 = CARTESIAN_POINT ( 'NONE',  ( 9.000000000000001776, 2.035791052250945921, 7.537135264590289374 ) ) ;
#623 = CARTESIAN_POINT ( 'NONE',  ( -0.000000000000000000, -7.202877213241199783, 2.993272501210870296 ) ) ;
#624 = DIRECTION ( 'NONE',  ( 0.4809226642724866441, 0.7311951188183606343, 0.4838048048596214068 ) ) ;
#625 = LINE ( 'NONE', #99, #4575 ) ;
#626 =( LENGTH_UNIT ( ) NAMED_UNIT ( * ) SI_UNIT ( .MILLI., .METRE. ) );
#627 = PRESENTATION_STYLE_ASSIGNMENT (( #2266 ) ) ;
#628 = ADVANCED_FACE ( 'NONE', ( #3769 ), #653, .T. ) ;
#629 = CIRCLE ( 'NONE', #1863, 13.43000050000000023 ) ;
#630 =( BOUNDED_SURFACE ( )  B_SPLINE_SURFACE ( 3, 3, ( 
 ( #3450, #5604, #714, #6152 ),
 ( #4571, #820, #4993, #187 ),
 ( #2948, #2308, #788, #5097 ),
 ( #4478, #1801, #3949, #1968 ) ),
 .UNSPECIFIED., .F., .F., .F. ) 
 B_SPLINE_SURFACE_WITH_KNOTS ( ( 4, 4 ),
 ( 4, 4 ),
 ( 0.000000000000000000, 1.000000000000000000 ),
 ( 0.000000000000000000, 1.000000000000000000 ),
 .UNSPECIFIED. ) 
 GEOMETRIC_REPRESENTATION_ITEM ( )  RATIONAL_B_SPLINE_SURFACE ( (
 ( 1.000000000000000000, 0.3333333333333327597, 0.3333333333333327597, 1.000000000000000000),
 ( 0.3333333333333333703, 0.1111111111111109384, 0.1111111111111109384, 0.3333333333333333703),
 ( 0.3333333333333333703, 0.1111111111111109384, 0.1111111111111109384, 0.3333333333333333703),
 ( 1.000000000000000000, 0.3333333333333327597, 0.3333333333333327597, 1.000000000000000000) ) ) 
 REPRESENTATION_ITEM ( '' )  SURFACE ( )  );
#631 = ORIENTED_EDGE ( 'NONE', *, *, #4939, .F. ) ;
#632 = FILL_AREA_STYLE_COLOUR ( '', #1216 ) ;
#633 = FACE_OUTER_BOUND ( 'NONE', #1475, .T. ) ;
#634 = ORIENTED_EDGE ( 'NONE', *, *, #6098, .F. ) ;
#635 = CARTESIAN_POINT ( 'NONE',  ( 1.219999999999999529, -7.862013529841593851, 11.58415651652763501 ) ) ;
#636 =( GEOMETRIC_REPRESENTATION_CONTEXT ( 3 ) GLOBAL_UNCERTAINTY_ASSIGNED_CONTEXT ( ( #1587 ) ) GLOBAL_UNIT_ASSIGNED_CONTEXT ( ( #3950, #3194, #641 ) ) REPRESENTATION_CONTEXT ( 'NONE', 'WORKASPACE' ) );
#637 = CARTESIAN_POINT ( 'NONE',  ( 0.5200000000000000178, -3.556992897984470492, 9.911618546506870686 ) ) ;
#638 = CARTESIAN_POINT ( 'NONE',  ( 5.301646264950131027, -8.993721494056620358, -17.98744298811323006 ) ) ;
#639 = MECHANICAL_DESIGN_GEOMETRIC_PRESENTATION_REPRESENTATION (  '', ( #6026 ), #5477 ) ;
#640 =( NAMED_UNIT ( * ) PLANE_ANGLE_UNIT ( ) SI_UNIT ( $, .RADIAN. ) );
#641 =( NAMED_UNIT ( * ) SI_UNIT ( $, .STERADIAN. ) SOLID_ANGLE_UNIT ( ) );
#642 = CARTESIAN_POINT ( 'NONE',  ( 0.3199999999999990075, 7.235382744601600336E-16, 11.81666700000000070 ) ) ;
#643 = PRESENTATION_LAYER_ASSIGNMENT (  '', '', ( #6029 ) ) ;
#644 = ADVANCED_FACE ( 'NONE', ( #1592 ), #1053, .F. ) ;
#645 = DIRECTION ( 'NONE',  ( 0.000000000000000000, 0.000000000000000000, 1.000000000000000000 ) ) ;
#646 = AXIS2_PLACEMENT_3D ( 'NONE', #2758, #1156, #3279 ) ;
#647 = CARTESIAN_POINT ( 'NONE',  ( 0.8700000000000008837, -14.35000000000000675, -28.69999999999999218 ) ) ;
#648 = PRESENTATION_LAYER_ASSIGNMENT (  '', '', ( #6034 ) ) ;
#649 = CARTESIAN_POINT ( 'NONE',  ( 3.354923136367212066, -12.83780620661361560, 2.886976803172141004 ) ) ;
#650 =( LENGTH_UNIT ( ) NAMED_UNIT ( * ) SI_UNIT ( .MILLI., .METRE. ) );
#651 = CARTESIAN_POINT ( 'NONE',  ( 8.680000000000001492, -2.747115858739487493, -10.17027191870130842 ) ) ;
#652 = CIRCLE ( 'NONE', #1095, 14.55000000000000071 ) ;
#653 = CONICAL_SURFACE ( 'NONE', #4265, 13.58687198849534994, 0.4886921905584119541 ) ;
#654 = CARTESIAN_POINT ( 'NONE',  ( 8.480000000000005755, -6.059894248023868002, -8.605943207387376503 ) ) ;
#655 = B_SPLINE_CURVE_WITH_KNOTS ( 'NONE', 3,
 ( #3414, #6555, #1234, #3908, #2346, #4957, #6047, #3312, #6492, #6078, #5465, #678, #147, #5029, #2837, #6633, #3843, #2213, #1758, #1267, #1191, #224, #2274, #4437, #3983, #1163, #2302, #3382, #5534, #710, #635, #5561, #3946, #4989, #184, #6112, #4472, #5496, #744, #2873, #1301, #6593, #4378, #1798, #5433, #602, #2727, #4896, #70, #1696, #5987, #2765, #4925, #111, #6013, #2246, #4409, #6523, #1728, #3871, #3347, #263, #4612, #325, #289, #6147, #3487, #3514, #817, #1902, #4166, #2520, #6768, #6659, #4062, #4023, #5698, #5631, #6736, #4567, #2376, #4539, #5660, #3594, #3445, #2946, #1336, #5094, #5599, #1864, #5060, #5739, #2404, #1935, #6696, #3057, #846, #2004, #4680, #6185, #1368, #2979 ),
 .UNSPECIFIED., .F., .F.,
 ( 4, 1, 1, 1, 1, 2, 2, 1, 1, 1, 1, 2, 2, 1, 1, 1, 2, 2, 2, 1, 1, 1, 2, 2, 1, 1, 1, 1, 2, 2, 1, 1, 1, 1, 2, 2, 2, 1, 1, 1, 1, 2, 2, 1, 1, 1, 1, 2, 2, 1, 1, 1, 2, 2, 2, 1, 1, 1, 2, 2, 1, 1, 1, 1, 2, 2, 1, 1, 1, 1, 2, 2, 4 ),
 ( 0.000000000000000000, 0.01562499999999963571, 0.02343749999999945183, 0.02734374999999936509, 0.02929687499999931999, 0.03027343749999929917, 0.03124999999999927142, 0.04687499999999877182, 0.05468749999999854283, 0.05859374999999842487, 0.06054687499999837630, 0.06152343749999836242, 0.06249999999999835548, 0.07812499999999840405, 0.08593749999999843181, 0.08984374999999841793, 0.09179687499999840405, 0.09374999999999837630, 0.1249999999999980016, 0.1406249999999978073, 0.1484374999999977240, 0.1523437499999976963, 0.1542968749999976408, 0.1562499999999976130, 0.1718749999999972244, 0.1796874999999970024, 0.1835937499999969191, 0.1855468749999968359, 0.1865234374999968081, 0.1874999999999967804, 0.2031249999999969191, 0.2109374999999970302, 0.2148437499999970857, 0.2167968749999971134, 0.2177734374999971412, 0.2187499999999971689, 0.2499999999999973910, 0.2656249999999975020, 0.2734374999999975575, 0.2773437499999976130, 0.2792968749999976130, 0.2802734374999976130, 0.2812499999999976685, 0.2968749999999979461, 0.3046874999999981126, 0.3085937499999981681, 0.3105468749999982792, 0.3115234374999982236, 0.3124999999999982236, 0.3281249999999981681, 0.3359374999999981681, 0.3398437499999981681, 0.3417968749999981681, 0.3437499999999982236, 0.3749999999999986122, 0.3906249999999988898, 0.3984374999999990563, 0.4023437499999991118, 0.4042968749999991673, 0.4062499999999992228, 0.4218749999999997224, 0.4296875000000000000, 0.4335937500000001110, 0.4355468750000001665, 0.4365234375000002220, 0.4375000000000002220, 0.4531250000000002220, 0.4609375000000001665, 0.4648437500000001665, 0.4667968750000001665, 0.4677734375000001665, 0.4687500000000001110, 0.5000000000000000000 ),
 .UNSPECIFIED. ) ;
#656 =( LENGTH_UNIT ( ) NAMED_UNIT ( * ) SI_UNIT ( .MILLI., .METRE. ) );
#657 = CIRCLE ( 'NONE', #4149, 10.22500050000000549 ) ;
#658 = CIRCLE ( 'NONE', #2222, 0.2999999999999981570 ) ;
#659 = CARTESIAN_POINT ( 'NONE',  ( 9.000000000000000000, 2.664467693568370432, 7.331286101083158258 ) ) ;
#660 = CARTESIAN_POINT ( 'NONE',  ( 7.780000000000002025, 13.08901940450025414, 4.968230698952295299 ) ) ;
#661 = CARTESIAN_POINT ( 'NONE',  ( 9.000000000000001776, 7.645824888126314889, 1.543494944069485619 ) ) ;
#662 = UNCERTAINTY_MEASURE_WITH_UNIT (LENGTH_MEASURE( 1.000000000000000082E-05 ), #3470, 'distance_accuracy_value', 'NONE');
#663 = CARTESIAN_POINT ( 'NONE',  ( 8.921312790920131519, 14.51483715649649042, -29.02967431299296308 ) ) ;
#664 = MECHANICAL_DESIGN_GEOMETRIC_PRESENTATION_REPRESENTATION (  '', ( #2916 ), #2582 ) ;
#665 = DIRECTION ( 'NONE',  ( -1.930254370002621001E-16, -1.000000000000000000, 0.000000000000000000 ) ) ;
#666 = PRODUCT_DEFINITION_SHAPE ( 'NONE', 'NONE',  #2522 ) ;
#667 = CARTESIAN_POINT ( 'NONE',  ( 8.480000000000000426, -10.29143073051771040, 2.207975672686288693 ) ) ;
#668 = ORIENTED_EDGE ( 'NONE', *, *, #3621, .T. ) ;
#669 = ORIENTED_EDGE ( 'NONE', *, *, #3139, .T. ) ;
#670 = CIRCLE ( 'NONE', #1786, 13.00199161366772493 ) ;
#671 = FILL_AREA_STYLE ('',( #1229 ) ) ;
#672 = CARTESIAN_POINT ( 'NONE',  ( 0.000000000000000000, 1.781861092759399088E-15, -14.55000000000000071 ) ) ;
#673 = SURFACE_STYLE_USAGE ( .BOTH. , #143 ) ;
#674 = EDGE_CURVE ( 'NONE', #3119, #1298, #5601, .T. ) ;
#675 = CARTESIAN_POINT ( 'NONE',  ( 0.3199999999999956213, 10.36364998434254581, 1.835965895478784748 ) ) ;
#676 =( NAMED_UNIT ( * ) SI_UNIT ( $, .STERADIAN. ) SOLID_ANGLE_UNIT ( ) );
#677 = EDGE_LOOP ( 'NONE', ( #976, #4500 ) ) ;
#678 = CARTESIAN_POINT ( 'NONE',  ( 1.219999999999999751, -13.29108802668420175, 4.409013662136216816 ) ) ;
#679 = STYLED_ITEM ( 'NONE', ( #3289 ), #5899 ) ;
#680 = CARTESIAN_POINT ( 'NONE',  ( 0.5200000000000000178, -1.934948282174654199, 10.34562682143558021 ) ) ;
#681 =( NAMED_UNIT ( * ) PLANE_ANGLE_UNIT ( ) SI_UNIT ( $, .RADIAN. ) );
#682 = FILL_AREA_STYLE_COLOUR ( '', #3689 ) ;
#683 = SURFACE_SIDE_STYLE ('',( #716 ) ) ;
#684 = CARTESIAN_POINT ( 'NONE',  ( 8.830000000000001847, -13.64999999999999858, -4.179024390287459150E-15 ) ) ;
#685 = SURFACE_STYLE_USAGE ( .BOTH. , #1274 ) ;
#686 = CARTESIAN_POINT ( 'NONE',  ( 1.219999999999999973, 13.77593960549770635, -2.494828217458809227 ) ) ;
#687 = CARTESIAN_POINT ( 'NONE',  ( 8.129999999999999005, -14.34999999999999254, -28.69999999999999574 ) ) ;
#688 = CARTESIAN_POINT ( 'NONE',  ( 8.680000000000005045, -3.956780790858286156, 9.753023726623977652 ) ) ;
#689 = EDGE_CURVE ( 'NONE', #6243, #3341, #936, .T. ) ;
#690 = PRESENTATION_LAYER_ASSIGNMENT (  '', '', ( #5408 ) ) ;
#691 = SURFACE_STYLE_FILL_AREA ( #5513 ) ;
#692 =( NAMED_UNIT ( * ) PLANE_ANGLE_UNIT ( ) SI_UNIT ( $, .RADIAN. ) );
#693 = CARTESIAN_POINT ( 'NONE',  ( 8.679999999999999716, 2.207975672679328039, -10.29143073051918655 ) ) ;
#694 = STYLED_ITEM ( 'NONE', ( #5798 ), #3782 ) ;
#695 = CARTESIAN_POINT ( 'NONE',  ( 1.219999999999999973, 14.20502525316941522, -8.697782090619301288E-16 ) ) ;
#696 = EDGE_CURVE ( 'NONE', #3507, #1294, #4705, .T. ) ;
#697 = CARTESIAN_POINT ( 'NONE',  ( 9.000000000000005329, 6.672721099543611700, 4.047772120826348186 ) ) ;
#698 = CARTESIAN_POINT ( 'NONE',  ( 7.780000000000003801, 13.03785071452964672, 5.100511783392154719 ) ) ;
#699 = CARTESIAN_POINT ( 'NONE',  ( -1.411048374888354440, 17.86243732437403509, -10.11776968564531565 ) ) ;
#700 = CARTESIAN_POINT ( 'NONE',  ( 8.921312790920131519, 14.51483715649648687, 2.666244270981415672E-15 ) ) ;
#701 = MECHANICAL_DESIGN_GEOMETRIC_PRESENTATION_REPRESENTATION (  '', ( #4517 ), #4632 ) ;
#702 = DIRECTION ( 'NONE',  ( 0.000000000000000000, 1.000000000000000000, -6.123031769111872733E-17 ) ) ;
#703 = CYLINDRICAL_SURFACE ( 'NONE', #4162, 10.22500050000000194 ) ;
#704 = VERTEX_POINT ( 'NONE', #2440 ) ;
#705 = ORIENTED_EDGE ( 'NONE', *, *, #1500, .T. ) ;
#706 = CARTESIAN_POINT ( 'NONE',  ( -0.06738468756216745015, -13.73712324117465933, 27.47424648234932931 ) ) ;
#707 = CARTESIAN_POINT ( 'NONE',  ( 8.289999999999999147, 0.000000000000000000, 0.000000000000000000 ) ) ;
#708 = CARTESIAN_POINT ( 'NONE',  ( 0.3199999999999975642, 7.185546829810961711, 7.699077894430123692 ) ) ;
#709 = SURFACE_STYLE_FILL_AREA ( #5532 ) ;
#710 = CARTESIAN_POINT ( 'NONE',  ( 1.219999999999999751, -8.011528302906310017, 11.48224103428606391 ) ) ;
#711 = EDGE_CURVE ( 'NONE', #4857, #6755, #393, .T. ) ;
#712 = CARTESIAN_POINT ( 'NONE',  ( 0.5200000000000001288, -7.955804016998165196, 6.928741887770491381 ) ) ;
#713 = CARTESIAN_POINT ( 'NONE',  ( 10.41104837488834711, -14.72071836255982191, 12.75398490776629146 ) ) ;
#714 = CARTESIAN_POINT ( 'NONE',  ( 5.645076863632789710, 10.78719478972074874, -6.438739963811394240 ) ) ;
#715 = DIRECTION ( 'NONE',  ( -1.000000000000000000, 0.000000000000000000, 0.000000000000000000 ) ) ;
#716 = SURFACE_STYLE_FILL_AREA ( #3451 ) ;
#717 = PRESENTATION_STYLE_ASSIGNMENT (( #5037 ) ) ;
#718 = DIRECTION ( 'NONE',  ( 0.000000000000000000, 0.000000000000000000, 1.000000000000000000 ) ) ;
#719 =( LENGTH_UNIT ( ) NAMED_UNIT ( * ) SI_UNIT ( .MILLI., .METRE. ) );
#720 = CARTESIAN_POINT ( 'NONE',  ( 1.219999999999999973, 2.603286763888821298, -13.75585941807491253 ) ) ;
#721 = ORIENTED_EDGE ( 'NONE', *, *, #4739, .T. ) ;
#722 = CARTESIAN_POINT ( 'NONE',  ( 12.47909820620395749, -2.619942867145054866, -17.42375571284914670 ) ) ;
#723 = CARTESIAN_POINT ( 'NONE',  ( 8.680000000000006821, -9.892524181372113645, 3.595368540861525464 ) ) ;
#724 = DIRECTION ( 'NONE',  ( 0.000000000000000000, 0.000000000000000000, -1.000000000000000000 ) ) ;
#725 = CARTESIAN_POINT ( 'NONE',  ( 8.679999999999999716, 2.061822792880674271, -10.32122741108809905 ) ) ;
#726 = DIRECTION ( 'NONE',  ( -1.000000000000000000, 1.270859689360298160E-16, 1.615084350040953581E-32 ) ) ;
#727 = AXIS2_PLACEMENT_3D ( 'NONE', #5229, #416, #4248 ) ;
#728 = CARTESIAN_POINT ( 'NONE',  ( 9.000000000000005329, 5.705700379008893819, 5.325191676145607289 ) ) ;
#729 = CARTESIAN_POINT ( 'NONE',  ( 7.780000000000000249, 8.355224251639960187, 11.23811823501833551 ) ) ;
#730 = CARTESIAN_POINT ( 'NONE',  ( 4.388948052025007485, 9.378075548168672171, -12.90324391784657543 ) ) ;
#731 = UNCERTAINTY_MEASURE_WITH_UNIT (LENGTH_MEASURE( 1.000000000000000082E-05 ), #4349, 'distance_accuracy_value', 'NONE');
#732 =( GEOMETRIC_REPRESENTATION_CONTEXT ( 3 ) GLOBAL_UNCERTAINTY_ASSIGNED_CONTEXT ( ( #2265 ) ) GLOBAL_UNIT_ASSIGNED_CONTEXT ( ( #4767, #4288, #5962 ) ) REPRESENTATION_CONTEXT ( 'NONE', 'WORKASPACE' ) );
#733 = CARTESIAN_POINT ( 'NONE',  ( 9.000000000000001776, 1.252201413360508859E-15, -10.22500050000000194 ) ) ;
#734 = VERTEX_POINT ( 'NONE', #2516 ) ;
#735 = EDGE_CURVE ( 'NONE', #6071, #5533, #1996, .T. ) ;
#736 = STYLED_ITEM ( 'NONE', ( #5885 ), #2933 ) ;
#737 = VERTEX_POINT ( 'NONE', #946 ) ;
#738 =( NAMED_UNIT ( * ) PLANE_ANGLE_UNIT ( ) SI_UNIT ( $, .RADIAN. ) );
#739 = CARTESIAN_POINT ( 'NONE',  ( -0.06738468756216745015, 13.73712324117466821, 27.47424648234932221 ) ) ;
#740 = EDGE_LOOP ( 'NONE', ( #899, #6103, #4188, #1958 ) ) ;
#741 = CARTESIAN_POINT ( 'NONE',  ( 8.555735931288072749, -10.22500049999999483, -20.45000100000002163 ) ) ;
#742 = CARTESIAN_POINT ( 'NONE',  ( 8.699999999999999289, -15.99999999999999645, 2.939119961693666544E-15 ) ) ;
#743 = AXIS2_PLACEMENT_3D ( 'NONE', #5645, #2428, #4974 ) ;
#744 = CARTESIAN_POINT ( 'NONE',  ( 1.219999999999999751, -5.263120434604370956, 12.97306643233108048 ) ) ;
#745 = CARTESIAN_POINT ( 'NONE',  ( 0.5200000000000000178, -5.910751103029184605, 8.709016886549109770 ) ) ;
#746 = FILL_AREA_STYLE_COLOUR ( '', #2139 ) ;
#747 = CARTESIAN_POINT ( 'NONE',  ( 0.6199999999999998845, 10.22500050000000371, -6.352645766605174532E-16 ) ) ;
#748 = SURFACE_STYLE_USAGE ( .BOTH. , #1237 ) ;
#749 = CARTESIAN_POINT ( 'NONE',  ( 3.354923136367209402, -12.83780620661362093, -5.190855283913660578 ) ) ;
#750 = CARTESIAN_POINT ( 'NONE',  ( 4.500000000000000888, -14.13100000000000556, -28.26199999999998980 ) ) ;
#751 = ORIENTED_EDGE ( 'NONE', *, *, #405, .T. ) ;
#752 = FILL_AREA_STYLE ('',( #2282 ) ) ;
#753 = CLOSED_SHELL ( 'NONE', ( #915, #2845 ) ) ;
#754 = CARTESIAN_POINT ( 'NONE',  ( 0.8199999999999999512, 0.000000000000000000, 0.000000000000000000 ) ) ;
#755 = FILL_AREA_STYLE_COLOUR ( '', #956 ) ;
#756 = CIRCLE ( 'NONE', #1425, 2.381000000000001116 ) ;
#757 = CARTESIAN_POINT ( 'NONE',  ( 0.8700000000000009948, -14.00000000000000000, 2.571729966481959310E-15 ) ) ;
#758 = CARTESIAN_POINT ( 'NONE',  ( 1.219999999999999973, 5.535944386305391873, -12.85996201842700515 ) ) ;
#759 = CARTESIAN_POINT ( 'NONE',  ( 0.6700000000000116973, 0.000000000000000000, 0.000000000000000000 ) ) ;
#760 = CARTESIAN_POINT ( 'NONE',  ( 8.680000000000005045, -4.038974156133984472, 9.719280451959443567 ) ) ;
#761 = EDGE_CURVE ( 'NONE', #2469, #6334, #2553, .T. ) ;
#762 = LINE ( 'NONE', #3325, #1776 ) ;
#763 = PLANE ( 'NONE',  #5600 ) ;
#764 = PRESENTATION_LAYER_ASSIGNMENT (  '', '', ( #1546 ) ) ;
#765 = CARTESIAN_POINT ( 'NONE',  ( 8.680000000000001492, -8.760741545164368205, -5.833767825327748291 ) ) ;
#766 =( GEOMETRIC_REPRESENTATION_CONTEXT ( 3 ) GLOBAL_UNCERTAINTY_ASSIGNED_CONTEXT ( ( #5322 ) ) GLOBAL_UNIT_ASSIGNED_CONTEXT ( ( #499, #6387, #3334 ) ) REPRESENTATION_CONTEXT ( 'NONE', 'WORKASPACE' ) );
#767 = FILL_AREA_STYLE_COLOUR ( '', #1639 ) ;
#768 = FILL_AREA_STYLE_COLOUR ( '', #2514 ) ;
#769 = STYLED_ITEM ( 'NONE', ( #4556 ), #1848 ) ;
#770 = CARTESIAN_POINT ( 'NONE',  ( 3.354923136367208514, 7.305243633907708478, -8.742618444552912038 ) ) ;
#771 =( LENGTH_UNIT ( ) NAMED_UNIT ( * ) SI_UNIT ( .MILLI., .METRE. ) );
#772 = SURFACE_STYLE_USAGE ( .BOTH. , #5586 ) ;
#773 = ORIENTED_EDGE ( 'NONE', *, *, #696, .T. ) ;
#774 = STYLED_ITEM ( 'NONE', ( #6345 ), #5071 ) ;
#775 = AXIS2_PLACEMENT_3D ( 'NONE', #642, #5921, #2774 ) ;
#776 = ORIENTED_EDGE ( 'NONE', *, *, #6824, .F. ) ;
#777 = CARTESIAN_POINT ( 'NONE',  ( 7.780000000000002025, 13.68932566461870515, -2.936932121172132426 ) ) ;
#778 = DIRECTION ( 'NONE',  ( -1.000000000000000000, 0.000000000000000000, 0.000000000000000000 ) ) ;
#779 = CARTESIAN_POINT ( 'NONE',  ( 9.000000000000005329, 2.932350761662270155, -7.227888670044591457 ) ) ;
#780 = MECHANICAL_DESIGN_GEOMETRIC_PRESENTATION_REPRESENTATION (  '', ( #4496 ), #3263 ) ;
#781 = VECTOR ( 'NONE', #3952, 1000.000000000000114 ) ;
#782 = EDGE_CURVE ( 'NONE', #3406, #5086, #1553, .T. ) ;
#783 = CARTESIAN_POINT ( 'NONE',  ( 0.3199999999999968425, 8.905734099171422002, 5.609946153525684487 ) ) ;
#784 = FILL_AREA_STYLE ('',( #399 ) ) ;
#785 = CIRCLE ( 'NONE', #3367, 2.381000000000001116 ) ;
#786 = CARTESIAN_POINT ( 'NONE',  ( 0.5200000000000000178, -5.461843338605858911, 9.003924689713254992 ) ) ;
#787 = CARTESIAN_POINT ( 'NONE',  ( 5.645076863632790598, -4.163524672093482870, 11.37883366667386120 ) ) ;
#788 = CARTESIAN_POINT ( 'NONE',  ( 12.47909820620397880, 4.375664927776314883, -13.38483966930631475 ) ) ;
#789 = DIRECTION ( 'NONE',  ( -1.000000000000000000, 0.000000000000000000, 0.000000000000000000 ) ) ;
#790 = PRESENTATION_LAYER_ASSIGNMENT (  '', '', ( #2679 ) ) ;
#791 = PRESENTATION_LAYER_ASSIGNMENT (  '', '', ( #456 ) ) ;
#792 =( LENGTH_UNIT ( ) NAMED_UNIT ( * ) SI_UNIT ( .MILLI., .METRE. ) );
#793 = CARTESIAN_POINT ( 'NONE',  ( 1.220000000000000195, -4.968230698949545499, -13.08901940450053836 ) ) ;
#794 = AXIS2_PLACEMENT_3D ( 'NONE', #4688, #3520, #3602 ) ;
#795 = CARTESIAN_POINT ( 'NONE',  ( 7.600202562768309633, 14.30556376187088574, -28.61112752374175727 ) ) ;
#796 = CARTESIAN_POINT ( 'NONE',  ( 8.680000000000008598, 5.230990780505583970, 9.136145673646446141 ) ) ;
#797 = LINE ( 'NONE', #1815, #3802 ) ;
#798 = CARTESIAN_POINT ( 'NONE',  ( 8.679999999999999716, -6.928741887766139307, -7.955804017004857620 ) ) ;
#799 = FACE_OUTER_BOUND ( 'NONE', #175, .T. ) ;
#800 = EDGE_CURVE ( 'NONE', #5381, #4053, #2219, .T. ) ;
#801 = CIRCLE ( 'NONE', #6503, 14.51483715649648687 ) ;
#802 = SURFACE_STYLE_FILL_AREA ( #5622 ) ;
#803 = UNCERTAINTY_MEASURE_WITH_UNIT (LENGTH_MEASURE( 1.000000000000000082E-05 ), #3585, 'distance_accuracy_value', 'NONE');
#804 = DIRECTION ( 'NONE',  ( 1.000000000000000000, 0.000000000000000000, 0.000000000000000000 ) ) ;
#805 = PRESENTATION_STYLE_ASSIGNMENT (( #6580 ) ) ;
#806 =( BOUNDED_SURFACE ( )  B_SPLINE_SURFACE ( 3, 3, ( 
 ( #3493, #823, #851, #5707 ),
 ( #2410, #372, #5183, #4578 ),
 ( #5258, #4652, #6704, #6776 ),
 ( #1375, #4174, #1972, #4130 ) ),
 .UNSPECIFIED., .F., .F., .F. ) 
 B_SPLINE_SURFACE_WITH_KNOTS ( ( 4, 4 ),
 ( 4, 4 ),
 ( 0.000000000000000000, 1.000000000000000000 ),
 ( 0.000000000000000000, 1.000000000000000000 ),
 .UNSPECIFIED. ) 
 GEOMETRIC_REPRESENTATION_ITEM ( )  RATIONAL_B_SPLINE_SURFACE ( (
 ( 1.000000000000000000, 0.3333333333333337034, 0.3333333333333337034, 1.000000000000000000),
 ( 0.3333333333333335369, 0.1111111111111112992, 0.1111111111111112992, 0.3333333333333335369),
 ( 0.3333333333333335369, 0.1111111111111112992, 0.1111111111111112992, 0.3333333333333335369),
 ( 1.000000000000000000, 0.3333333333333337034, 0.3333333333333337034, 1.000000000000000000) ) ) 
 REPRESENTATION_ITEM ( '' )  SURFACE ( )  );
#807 =( GEOMETRIC_REPRESENTATION_CONTEXT ( 3 ) GLOBAL_UNCERTAINTY_ASSIGNED_CONTEXT ( ( #5648 ) ) GLOBAL_UNIT_ASSIGNED_CONTEXT ( ( #6900, #552, #6531 ) ) REPRESENTATION_CONTEXT ( 'NONE', 'WORKASPACE' ) );
#808 = ORIENTED_EDGE ( 'NONE', *, *, #4650, .F. ) ;
#809 = ORIENTED_EDGE ( 'NONE', *, *, #6607, .T. ) ;
#810 = CARTESIAN_POINT ( 'NONE',  ( 5.301646264950131027, 8.993721494056618582, 17.98744298811323006 ) ) ;
#811 = DIRECTION ( 'NONE',  ( 1.000000000000000000, -1.224606353822380216E-16, -0.000000000000000000 ) ) ;
#812 = CARTESIAN_POINT ( 'NONE',  ( 9.000000000000001776, -2.035791052247027721, -7.537135264591613648 ) ) ;
#813 = MECHANICAL_DESIGN_GEOMETRIC_PRESENTATION_REPRESENTATION (  '', ( #135 ), #2257 ) ;
#814 = ORIENTED_EDGE ( 'NONE', *, *, #3339, .T. ) ;
#815 = SURFACE_STYLE_USAGE ( .BOTH. , #6657 ) ;
#816 = SURFACE_SIDE_STYLE ('',( #709 ) ) ;
#817 = CARTESIAN_POINT ( 'NONE',  ( 1.219999999999999973, 6.236303330824480184, 12.55003330687590868 ) ) ;
#818 = MECHANICAL_DESIGN_GEOMETRIC_PRESENTATION_REPRESENTATION (  '', ( #6862 ), #1919 ) ;
#819 = SURFACE_STYLE_FILL_AREA ( #1443 ) ;
#820 = CARTESIAN_POINT ( 'NONE',  ( 12.70120210215395140, 3.711952255067428652, -2.759710241977449297 ) ) ;
#821 =( BOUNDED_SURFACE ( )  B_SPLINE_SURFACE ( 3, 3, ( 
 ( #5470, #2150, #4315, #1834 ),
 ( #6663, #2378, #4511, #5565 ),
 ( #6081, #1340, #2805, #2919 ),
 ( #747, #4962, #1270, #265 ) ),
 .UNSPECIFIED., .F., .F., .F. ) 
 B_SPLINE_SURFACE_WITH_KNOTS ( ( 4, 4 ),
 ( 4, 4 ),
 ( 0.000000000000000000, 1.000000000000000000 ),
 ( 0.000000000000000000, 1.000000000000000000 ),
 .UNSPECIFIED. ) 
 GEOMETRIC_REPRESENTATION_ITEM ( )  RATIONAL_B_SPLINE_SURFACE ( (
 ( 1.000000000000000000, 0.3333333333333334259, 0.3333333333333334259, 1.000000000000000000),
 ( 0.8047378541243622729, 0.2682459513747875168, 0.2682459513747875168, 0.8047378541243622729),
 ( 0.8047378541243622729, 0.2682459513747875168, 0.2682459513747875168, 0.8047378541243622729),
 ( 1.000000000000000000, 0.3333333333333334259, 0.3333333333333334259, 1.000000000000000000) ) ) 
 REPRESENTATION_ITEM ( '' )  SURFACE ( )  );
#822 =( NAMED_UNIT ( * ) PLANE_ANGLE_UNIT ( ) SI_UNIT ( $, .RADIAN. ) );
#823 = CARTESIAN_POINT ( 'NONE',  ( 5.442545997088832799, 9.647724093425235736, 9.692811436171840711 ) ) ;
#824 = FILL_AREA_STYLE_COLOUR ( '', #2289 ) ;
#825 = EDGE_CURVE ( 'NONE', #2208, #3492, #2875, .T. ) ;
#826 = CARTESIAN_POINT ( 'NONE',  ( 1.220000000000000195, -5.593055116867563292, -12.84297020015391411 ) ) ;
#827 = ORIENTED_EDGE ( 'NONE', *, *, #4519, .F. ) ;
#828 = CARTESIAN_POINT ( 'NONE',  ( 8.680000000000005045, -1.957119027922885612, 10.34145760591789909 ) ) ;
#829 =( NAMED_UNIT ( * ) SI_UNIT ( $, .STERADIAN. ) SOLID_ANGLE_UNIT ( ) );
#830 = CARTESIAN_POINT ( 'NONE',  ( 6.679101779290600227, -7.283023136539630293, 1.030229810619991637 ) ) ;
#831 = CARTESIAN_POINT ( 'NONE',  ( 8.699999999999999289, 0.000000000000000000, 0.000000000000000000 ) ) ;
#832 = DIRECTION ( 'NONE',  ( 1.000000000000000000, -1.224606353822380216E-16, -6.366453624330780039E-47 ) ) ;
#833 =( NAMED_UNIT ( * ) SI_UNIT ( $, .STERADIAN. ) SOLID_ANGLE_UNIT ( ) );
#834 = CARTESIAN_POINT ( 'NONE',  ( 6.657558727458328107, 7.868421291256616712, 2.857023072568325883 ) ) ;
#835 = DIRECTION ( 'NONE',  ( -1.000000000000000000, 1.608545308335517870E-16, 6.209803221523693437E-32 ) ) ;
#836 = DIRECTION ( 'NONE',  ( -1.000000000000000000, 0.000000000000000000, 0.000000000000000000 ) ) ;
#837 = ORIENTED_EDGE ( 'NONE', *, *, #2976, .F. ) ;
#838 = ORIENTED_EDGE ( 'NONE', *, *, #1791, .F. ) ;
#839 = STYLED_ITEM ( 'NONE', ( #4720 ), #2649 ) ;
#840 = CARTESIAN_POINT ( 'NONE',  ( 0.5200000000000000178, 7.185546829809577929, -7.699077894430631730 ) ) ;
#841 = CARTESIAN_POINT ( 'NONE',  ( 9.000000000000001776, -7.578865972319956512, -1.851866240054410362 ) ) ;
#842 = VERTEX_POINT ( 'NONE', #538 ) ;
#843 = CARTESIAN_POINT ( 'NONE',  ( 0.3199999999999984523, 2.498755345895663726, 10.22663357711958199 ) ) ;
#844 = EDGE_CURVE ( 'NONE', #5086, #5848, #3458, .T. ) ;
#845 = CARTESIAN_POINT ( 'NONE',  ( 5.645076863632792374, 3.791586994799376775, -10.47765600735423774 ) ) ;
#846 = CARTESIAN_POINT ( 'NONE',  ( 1.219999999999999973, 13.74519637332311994, 2.659018621143094396 ) ) ;
#847 = COLOUR_RGB ( '',0.6941176470588235059, 0.7529411764705882248, 0.8392156862745098200 ) ;
#848 = DIRECTION ( 'NONE',  ( 0.000000000000000000, 1.000000000000000000, 1.836909530733581171E-16 ) ) ;
#849 = CARTESIAN_POINT ( 'NONE',  ( 4.500000000000000888, 0.000000000000000000, 0.000000000000000000 ) ) ;
#850 = CARTESIAN_POINT ( 'NONE',  ( 8.479999999999998650, -10.36364998434266482, -1.835965895479139576 ) ) ;
#851 = CARTESIAN_POINT ( 'NONE',  ( 5.442545997088831022, 9.647724093425241065, 9.692811436171842487 ) ) ;
#852 = CARTESIAN_POINT ( 'NONE',  ( 5.645076863632790598, -4.163524672093483758, 11.37883366667385587 ) ) ;
#853 = FILL_AREA_STYLE ('',( #824 ) ) ;
#854 = CARTESIAN_POINT ( 'NONE',  ( 1.219999999999999973, -13.60314345160423422, -3.323687055044453054 ) ) ;
#855 = ORIENTED_EDGE ( 'NONE', *, *, #6318, .T. ) ;
#856 =( BOUNDED_SURFACE ( )  B_SPLINE_SURFACE ( 3, 3, ( 
 ( #6622, #211, #171, #4397 ),
 ( #700, #663, #3974, #2860 ),
 ( #3299, #6511, #2751, #1290 ),
 ( #4458, #5485, #6579, #1716 ) ),
 .UNSPECIFIED., .F., .F., .F. ) 
 B_SPLINE_SURFACE_WITH_KNOTS ( ( 4, 4 ),
 ( 4, 4 ),
 ( 0.000000000000000000, 1.000000000000000000 ),
 ( 0.000000000000000000, 1.000000000000000000 ),
 .UNSPECIFIED. ) 
 GEOMETRIC_REPRESENTATION_ITEM ( )  RATIONAL_B_SPLINE_SURFACE ( (
 ( 1.000000000000000000, 0.3333333333333334259, 0.3333333333333334259, 1.000000000000000000),
 ( 0.4563962555373245467, 0.1521320851791082285, 0.1521320851791082285, 0.4563962555373245467),
 ( 0.4563962555373245467, 0.1521320851791082285, 0.1521320851791082285, 0.4563962555373245467),
 ( 1.000000000000000000, 0.3333333333333334259, 0.3333333333333334259, 1.000000000000000000) ) ) 
 REPRESENTATION_ITEM ( '' )  SURFACE ( )  );
#857 = CARTESIAN_POINT ( 'NONE',  ( 0.2999999999999999334, 0.000000000000000000, 0.000000000000000000 ) ) ;
#858 = CARTESIAN_POINT ( 'NONE',  ( -0.000000000000000000, -7.690622162900631054, -1.301993515946872959 ) ) ;
#859 = CARTESIAN_POINT ( 'NONE',  ( 7.780000000000001137, 13.97081276636603064, 1.067396605986301594 ) ) ;
#860 = SURFACE_SIDE_STYLE ('',( #5676 ) ) ;
#861 = DIRECTION ( 'NONE',  ( -1.000000000000000000, 1.224606353822379970E-16, 0.000000000000000000 ) ) ;
#862 = ADVANCED_FACE ( 'NONE', ( #3812 ), #510, .F. ) ;
#863 = SURFACE_SIDE_STYLE ('',( #4740 ) ) ;
#864 = CARTESIAN_POINT ( 'NONE',  ( 0.3199999999999915690, -4.445906607416915790, -9.542869178940659225 ) ) ;
#865 = ORIENTED_EDGE ( 'NONE', *, *, #4094, .F. ) ;
#866 = PRESENTATION_LAYER_ASSIGNMENT (  '', '', ( #2536 ) ) ;
#867 = STYLED_ITEM ( 'NONE', ( #2424 ), #2126 ) ;
#868 = CARTESIAN_POINT ( 'NONE',  ( 5.645076863632788822, -4.163524672093491752, -9.074955185932338964 ) ) ;
#869 = AXIS2_PLACEMENT_3D ( 'NONE', #4978, #6100, #6066 ) ;
#870 = UNCERTAINTY_MEASURE_WITH_UNIT (LENGTH_MEASURE( 1.000000000000000082E-05 ), #3885, 'distance_accuracy_value', 'NONE');
#871 = CARTESIAN_POINT ( 'NONE',  ( 1.219999999999971108, 0.000000000000000000, -13.58687198849534994 ) ) ;
#872 =( GEOMETRIC_REPRESENTATION_CONTEXT ( 3 ) GLOBAL_UNCERTAINTY_ASSIGNED_CONTEXT ( ( #465 ) ) GLOBAL_UNIT_ASSIGNED_CONTEXT ( ( #3442, #4470, #2271 ) ) REPRESENTATION_CONTEXT ( 'NONE', 'WORKASPACE' ) );
#873 = DIRECTION ( 'NONE',  ( 0.000000000000000000, 0.000000000000000000, 1.000000000000000000 ) ) ;
#874 = ORIENTED_EDGE ( 'NONE', *, *, #1523, .F. ) ;
#875 = AXIS2_PLACEMENT_3D ( 'NONE', #6205, #3431, #6169 ) ;
#876 = ORIENTED_EDGE ( 'NONE', *, *, #6375, .F. ) ;
#877 = ORIENTED_EDGE ( 'NONE', *, *, #5050, .F. ) ;
#878 = CIRCLE ( 'NONE', #3688, 13.10833350000002895 ) ;
#879 = FACE_OUTER_BOUND ( 'NONE', #569, .T. ) ;
#880 = PRESENTATION_LAYER_ASSIGNMENT (  '', '', ( #432 ) ) ;
#881 = CARTESIAN_POINT ( 'NONE',  ( 0.5199999999999999067, 10.35655558317030867, -1.875570910963226368 ) ) ;
#882 = CARTESIAN_POINT ( 'NONE',  ( 9.000000000000001776, -2.812244571404330706, -7.275455186494648174 ) ) ;
#883 = CARTESIAN_POINT ( 'NONE',  ( 8.130000000000002558, 13.65000000000000036, 2.507381509451323826E-15 ) ) ;
#884 = CARTESIAN_POINT ( 'NONE',  ( 0.3199999999999970091, -8.605943207388847327, 6.059894248022883900 ) ) ;
#885 = CARTESIAN_POINT ( 'NONE',  ( 3.354923136367208958, 0.3096358389863438920, -12.78153448809575821 ) ) ;
#886 = FACE_OUTER_BOUND ( 'NONE', #3346, .T. ) ;
#887 =( NAMED_UNIT ( * ) PLANE_ANGLE_UNIT ( ) SI_UNIT ( $, .RADIAN. ) );
#888 = EDGE_CURVE ( 'NONE', #5346, #4857, #2110, .T. ) ;
#889 = PRESENTATION_LAYER_ASSIGNMENT (  '', '', ( #2003 ) ) ;
#890 = CARTESIAN_POINT ( 'NONE',  ( 8.699999999999999289, 0.000000000000000000, 0.000000000000000000 ) ) ;
#891 = DIRECTION ( 'NONE',  ( 0.000000000000000000, 1.000000000000000000, -6.123031769111887524E-17 ) ) ;
#892 = PRESENTATION_LAYER_ASSIGNMENT (  '', '', ( #6934 ) ) ;
#893 = DIRECTION ( 'NONE',  ( -1.000000000000000000, 0.000000000000000000, 0.000000000000000000 ) ) ;
#894 = CARTESIAN_POINT ( 'NONE',  ( 1.399797437231674380, -14.30556376187089462, 28.61112752374179635 ) ) ;
#895 = PRESENTATION_LAYER_ASSIGNMENT (  '', '', ( #103 ) ) ;
#896 = CARTESIAN_POINT ( 'NONE',  ( 0.6199999999999999956, 10.42500050000000122, -3.191714791231985252E-15 ) ) ;
#897 = FILL_AREA_STYLE_COLOUR ( '', #2076 ) ;
#898 = CARTESIAN_POINT ( 'NONE',  ( 1.219999999999999973, -13.92215658239884846, -1.705297000299077714 ) ) ;
#899 = ORIENTED_EDGE ( 'NONE', *, *, #3725, .T. ) ;
#900 = DIRECTION ( 'NONE',  ( 0.000000000000000000, 1.000000000000000000, -6.123031769111872733E-17 ) ) ;
#901 = CARTESIAN_POINT ( 'NONE',  ( 0.000000000000000000, -2.636104655506936290, -7.345414594438295808 ) ) ;
#902 = VECTOR ( 'NONE', #6875, 999.9999999999998863 ) ;
#903 = CARTESIAN_POINT ( 'NONE',  ( 7.780000000000000249, 5.535944386305203579, 12.85996201842733200 ) ) ;
#904 = FILL_AREA_STYLE ('',( #3964 ) ) ;
#905 = FILL_AREA_STYLE ('',( #277 ) ) ;
#906 = CARTESIAN_POINT ( 'NONE',  ( 4.500000000000000888, 14.13099999999999135, -28.26199999999999335 ) ) ;
#907 = CARTESIAN_POINT ( 'NONE',  ( 0.3199999999999920131, -6.281383935466194224, -8.448620297010032587 ) ) ;
#908 = CIRCLE ( 'NONE', #4044, 13.43000050000000023 ) ;
#909 = ADVANCED_FACE ( 'NONE', ( #3318, #1667 ), #2220, .T. ) ;
#910 = CYLINDRICAL_SURFACE ( 'NONE', #3446, 10.42500049999999945 ) ;
#911 = MECHANICAL_DESIGN_GEOMETRIC_PRESENTATION_REPRESENTATION (  '', ( #2029 ), #4838 ) ;
#912 = CARTESIAN_POINT ( 'NONE',  ( 0.6199999999999999956, -10.52500050000000087, 1.933389941649114567E-15 ) ) ;
#913 = ORIENTED_EDGE ( 'NONE', *, *, #183, .F. ) ;
#914 = EDGE_CURVE ( 'NONE', #3423, #6007, #118, .T. ) ;
#915 = ADVANCED_FACE ( 'NONE', ( #4413 ), #5219, .T. ) ;
#916 = ORIENTED_EDGE ( 'NONE', *, *, #6181, .T. ) ;
#917 = CARTESIAN_POINT ( 'NONE',  ( 0.5199999999999999067, 1.957119027923615473, -10.34145760591776941 ) ) ;
#918 = CARTESIAN_POINT ( 'NONE',  ( 6.187234222033129782, 0.000000000000000000, 0.000000000000000000 ) ) ;
#919 = SURFACE_SIDE_STYLE ('',( #5173 ) ) ;
#920 = CARTESIAN_POINT ( 'NONE',  ( 0.3199999999999983413, -3.832879081347545291, 9.802377377084299681 ) ) ;
#921 =( GEOMETRIC_REPRESENTATION_CONTEXT ( 3 ) GLOBAL_UNCERTAINTY_ASSIGNED_CONTEXT ( ( #310 ) ) GLOBAL_UNIT_ASSIGNED_CONTEXT ( ( #4714, #1045, #5317 ) ) REPRESENTATION_CONTEXT ( 'NONE', 'WORKASPACE' ) );
#922 = CARTESIAN_POINT ( 'NONE',  ( 8.699999999999999289, 0.000000000000000000, 0.000000000000000000 ) ) ;
#923 = CARTESIAN_POINT ( 'NONE',  ( 0.2999999999999998224, 0.000000000000000000, 0.000000000000000000 ) ) ;
#924 = CARTESIAN_POINT ( 'NONE',  ( 7.779999999999999361, -13.78536402216468204, -2.442216974145389852 ) ) ;
#925 = SURFACE_SIDE_STYLE ('',( #5772 ) ) ;
#926 = CYLINDRICAL_SURFACE ( 'NONE', #4600, 10.22500050000000194 ) ;
#927 = PRESENTATION_LAYER_ASSIGNMENT (  '', '', ( #5425 ) ) ;
#928 =( NAMED_UNIT ( * ) PLANE_ANGLE_UNIT ( ) SI_UNIT ( $, .RADIAN. ) );
#929 = CARTESIAN_POINT ( 'NONE',  ( 1.219999999999999973, -13.76140386331432808, -2.573801037940993020 ) ) ;
#930 = ORIENTED_EDGE ( 'NONE', *, *, #581, .F. ) ;
#931 = PRESENTATION_STYLE_ASSIGNMENT (( #6780 ) ) ;
#932 = CARTESIAN_POINT ( 'NONE',  ( 8.680000000000006821, 10.07622410128733392, 3.074210346758519563 ) ) ;
#933 = CARTESIAN_POINT ( 'NONE',  ( 7.780000000000000249, 2.742544234168651673, 13.72895450119975891 ) ) ;
#934 = DIRECTION ( 'NONE',  ( 0.000000000000000000, -1.000000000000000000, 1.836949976058535427E-16 ) ) ;
#935 = CARTESIAN_POINT ( 'NONE',  ( 0.3199999999999927347, -8.412001933580540936, -6.367264803175687327 ) ) ;
#936 = B_SPLINE_CURVE_WITH_KNOTS ( 'NONE', 3,
 ( #3410, #5557, #1754, #6010, #3905, #1188, #6044, #4536, #1297, #259, #4469, #5024, #217, #1795, #2242, #3838, #3942, #4404, #6074, #5984, #1264, #3344, #6628, #2344, #6519, #2372, #4504, #1827, #3979, #5492, #6109, #3440, #5594, #1723, #779, #2911, #5056, #1157, #3307, #5461, #5628, #3547, #5656, #425, #1436, #4017, #6180, #1929, #4642, #1399, #5246, #1898, #4057, #812, #4122, #6246, #6729, #882, #6764, #3482, #360, #2556, #6798, #6143, #1859, #4675, #4716, #2941, #5089, #3014, #1365, #4088, #5172, #286, #6692, #1332, #2974, #2402, #6216, #4562, #3510, #5692, #841, #1478, #2483, #1962, #5125, #321, #5735, #3587 ),
 .UNSPECIFIED., .F., .F.,
 ( 4, 1, 1, 1, 2, 2, 1, 1, 1, 2, 2, 1, 1, 2, 2, 2, 1, 1, 2, 2, 1, 1, 1, 2, 2, 1, 1, 1, 2, 2, 2, 1, 1, 1, 2, 2, 1, 1, 1, 2, 2, 1, 1, 2, 2, 2, 1, 1, 2, 2, 1, 1, 1, 2, 2, 1, 1, 1, 2, 2, 4 ),
 ( 0.5000000000000000000, 0.5156250000000001110, 0.5234375000000001110, 0.5273437500000002220, 0.5292968750000002220, 0.5312500000000002220, 0.5468750000000002220, 0.5546875000000002220, 0.5585937500000003331, 0.5605468750000003331, 0.5625000000000003331, 0.5781250000000002220, 0.5859375000000002220, 0.5898437500000001110, 0.5937500000000001110, 0.6250000000000000000, 0.6406249999999998890, 0.6484374999999998890, 0.6523437499999998890, 0.6562499999999997780, 0.6718749999999997780, 0.6796874999999997780, 0.6835937499999997780, 0.6855468749999997780, 0.6874999999999997780, 0.7031249999999997780, 0.7109374999999996669, 0.7148437499999996669, 0.7167968749999996669, 0.7187499999999996669, 0.7499999999999995559, 0.7656249999999994449, 0.7734374999999993339, 0.7773437499999993339, 0.7792968749999993339, 0.7812499999999993339, 0.7968749999999993339, 0.8046874999999993339, 0.8085937499999992228, 0.8105468749999991118, 0.8124999999999991118, 0.8281249999999990008, 0.8359374999999988898, 0.8398437499999988898, 0.8437499999999988898, 0.8749999999999986677, 0.8906249999999986677, 0.8984374999999986677, 0.9023437499999986677, 0.9062499999999986677, 0.9218749999999988898, 0.9296874999999991118, 0.9335937499999991118, 0.9355468749999991118, 0.9374999999999991118, 0.9531249999999993339, 0.9609374999999994449, 0.9648437499999995559, 0.9667968749999995559, 0.9687499999999995559, 1.000000000000000000 ),
 .UNSPECIFIED. ) ;
#937 =( NAMED_UNIT ( * ) SI_UNIT ( $, .STERADIAN. ) SOLID_ANGLE_UNIT ( ) );
#938 = ORIENTED_EDGE ( 'NONE', *, *, #2488, .T. ) ;
#939 = FILL_AREA_STYLE ('',( #6865 ) ) ;
#940 = FACE_OUTER_BOUND ( 'NONE', #1474, .T. ) ;
#941 = CARTESIAN_POINT ( 'NONE',  ( 8.379999999999999005, -10.42500050000000122, -3.191672626978679272E-15 ) ) ;
#942 = CARTESIAN_POINT ( 'NONE',  ( 0.000000000000000000, 7.799999999999995381, -15.59999999999999964 ) ) ;
#943 = SURFACE_SIDE_STYLE ('',( #4155 ) ) ;
#944 = VERTEX_POINT ( 'NONE', #1272 ) ;
#945 = CARTESIAN_POINT ( 'NONE',  ( 0.5200000000000001288, 10.36364998434254581, -1.835965895479597876 ) ) ;
#946 = CARTESIAN_POINT ( 'NONE',  ( 6.187234222033129782, 1.644700712487235395E-15, -13.43000050000000023 ) ) ;
#947 = CARTESIAN_POINT ( 'NONE',  ( 0.3199999999999966205, -9.271915096381269095, 5.003040405845096572 ) ) ;
#948 = SURFACE_STYLE_FILL_AREA ( #5769 ) ;
#949 = EDGE_CURVE ( 'NONE', #6667, #1010, #6600, .T. ) ;
#950 = CARTESIAN_POINT ( 'NONE',  ( 8.480000000000002203, 9.817197108054156018, 3.794741857848195732 ) ) ;
#951 = CIRCLE ( 'NONE', #1629, 14.55000000000000071 ) ;
#952 = CARTESIAN_POINT ( 'NONE',  ( 5.442545997088830134, 12.41050538161101180, 2.102132231989687572 ) ) ;
#953 = FACE_OUTER_BOUND ( 'NONE', #2589, .T. ) ;
#954 = UNCERTAINTY_MEASURE_WITH_UNIT (LENGTH_MEASURE( 1.000000000000000082E-05 ), #6237, 'distance_accuracy_value', 'NONE');
#955 = FILL_AREA_STYLE ('',( #4172 ) ) ;
#956 = COLOUR_RGB ( '',0.5098039215686274161, 0.5098039215686274161, 0.5490196078431373028 ) ;
#957 =( NAMED_UNIT ( * ) SI_UNIT ( $, .STERADIAN. ) SOLID_ANGLE_UNIT ( ) );
#958 = CARTESIAN_POINT ( 'NONE',  ( 3.354923136367210734, -12.83780620661361560, -5.190855283913661466 ) ) ;
#959 = CARTESIAN_POINT ( 'NONE',  ( 1.220000000000000417, -11.48224103429062204, -8.011528302900565279 ) ) ;
#960 = ORIENTED_EDGE ( 'NONE', *, *, #1932, .F. ) ;
#961 = COLOUR_RGB ( '',0.5098039215686274161, 0.5098039215686274161, 0.5490196078431373028 ) ;
#962 = CARTESIAN_POINT ( 'NONE',  ( 0.000000000000000000, -7.264466742298831825, -2.840523383850820593 ) ) ;
#963 = CARTESIAN_POINT ( 'NONE',  ( 7.780000000000001137, 2.603286763889512745, 13.75585941807459989 ) ) ;
#964 = DIRECTION ( 'NONE',  ( 0.000000000000000000, 0.000000000000000000, 1.000000000000000000 ) ) ;
#965 = SURFACE_STYLE_USAGE ( .BOTH. , #5754 ) ;
#966 = CIRCLE ( 'NONE', #5796, 10.42500050000000122 ) ;
#967 = CARTESIAN_POINT ( 'NONE',  ( 0.3199999999999913469, 1.637788826843887824, -10.39734788334025062 ) ) ;
#968 = CARTESIAN_POINT ( 'NONE',  ( 3.858235246223785442, -14.13099999999999490, 28.26199999999999335 ) ) ;
#969 = ORIENTED_EDGE ( 'NONE', *, *, #3046, .T. ) ;
#970 =( GEOMETRIC_REPRESENTATION_CONTEXT ( 3 ) GLOBAL_UNCERTAINTY_ASSIGNED_CONTEXT ( ( #4329 ) ) GLOBAL_UNIT_ASSIGNED_CONTEXT ( ( #5716, #2362, #3036 ) ) REPRESENTATION_CONTEXT ( 'NONE', 'WORKASPACE' ) );
#971 = ADVANCED_FACE ( 'NONE', ( #2351 ), #6560, .F. ) ;
#972 = DIRECTION ( 'NONE',  ( -1.000000000000000000, 0.000000000000000000, 0.000000000000000000 ) ) ;
#973 = CARTESIAN_POINT ( 'NONE',  ( -1.076072228735579055E-17, 7.624264068711927855, -2.334242228608661009E-15 ) ) ;
#974 = AXIS2_PLACEMENT_3D ( 'NONE', #757, #2885, #5609 ) ;
#975 = CARTESIAN_POINT ( 'NONE',  ( 0.5200000000000000178, 8.605943207388691008, 6.059894248023045549 ) ) ;
#976 = ORIENTED_EDGE ( 'NONE', *, *, #5569, .F. ) ;
#977 = AXIS2_PLACEMENT_3D ( 'NONE', #2825, #3972, #3332 ) ;
#978 = ORIENTED_EDGE ( 'NONE', *, *, #3315, .T. ) ;
#979 = CARTESIAN_POINT ( 'NONE',  ( 7.780000000000001137, -14.20502525316941522, -4.348948497995919449E-15 ) ) ;
#980 = CARTESIAN_POINT ( 'NONE',  ( 0.5200000000000001288, -9.719280451958704603, -4.038974156134579552 ) ) ;
#981 = CARTESIAN_POINT ( 'NONE',  ( -0.000000000000000000, 1.636347767036474332, 7.626893541893105422 ) ) ;
#982 = CARTESIAN_POINT ( 'NONE',  ( 0.3199999999999985079, 2.207975672683425650, 10.29143073051795909 ) ) ;
#983 = CIRCLE ( 'NONE', #646, 13.43000050000000023 ) ;
#984 = CARTESIAN_POINT ( 'NONE',  ( 8.480000000000003979, 9.136145673645483356, 5.230990780507041471 ) ) ;
#985 = PRESENTATION_LAYER_ASSIGNMENT (  '', '', ( #3115 ) ) ;
#986 = CARTESIAN_POINT ( 'NONE',  ( 7.779999999999998472, 2.178575976870210429, -13.83019670695353831 ) ) ;
#987 = EDGE_CURVE ( 'NONE', #1294, #737, #3900, .T. ) ;
#988 = DIRECTION ( 'NONE',  ( 1.000000000000000000, -0.000000000000000000, -0.000000000000000000 ) ) ;
#989 = AXIS2_PLACEMENT_3D ( 'NONE', #5931, #972, #582 ) ;
#990 =( NAMED_UNIT ( * ) PLANE_ANGLE_UNIT ( ) SI_UNIT ( $, .RADIAN. ) );
#991 = AXIS2_PLACEMENT_3D ( 'NONE', #3723, #2742, #518 ) ;
#992 = ORIENTED_EDGE ( 'NONE', *, *, #800, .F. ) ;
#993 = AXIS2_PLACEMENT_3D ( 'NONE', #3353, #5502, #2807 ) ;
#994 = SURFACE_SIDE_STYLE ('',( #5145 ) ) ;
#995 = CARTESIAN_POINT ( 'NONE',  ( -0.000000000000000000, -2.278350730479197672, -7.467393119722100181 ) ) ;
#996 = ORIENTED_EDGE ( 'NONE', *, *, #5809, .F. ) ;
#997 = CARTESIAN_POINT ( 'NONE',  ( 7.780000000000001137, -13.18411609112115990, 4.731336235750876362 ) ) ;
#998 = CARTESIAN_POINT ( 'NONE',  ( 7.780000000000028670, -2.449212707645093850E-17, -6.332720641917659034E-63 ) ) ;
#999 = CARTESIAN_POINT ( 'NONE',  ( 0.3199999999999942890, -10.35655558317037084, -1.875570910962989668 ) ) ;
#1000 = AXIS2_PLACEMENT_3D ( 'NONE', #5040, #2846, #6528 ) ;
#1001 = CARTESIAN_POINT ( 'NONE',  ( 2.812765777966869329, 13.43000050000000201, 26.86000099999999335 ) ) ;
#1002 = AXIS2_PLACEMENT_3D ( 'NONE', #5624, #836, #1853 ) ;
#1003 = PRESENTATION_LAYER_ASSIGNMENT (  '', '', ( #3888 ) ) ;
#1004 = DIRECTION ( 'NONE',  ( -1.000000000000000000, -0.000000000000000000, -0.000000000000000000 ) ) ;
#1005 = CARTESIAN_POINT ( 'NONE',  ( 4.500000000000000000, 11.80900050000000157, 1.734723475976807094E-15 ) ) ;
#1006 = SURFACE_SIDE_STYLE ('',( #5832 ) ) ;
#1007 =( NAMED_UNIT ( * ) PLANE_ANGLE_UNIT ( ) SI_UNIT ( $, .RADIAN. ) );
#1008 = EDGE_CURVE ( 'NONE', #1023, #4053, #6153, .T. ) ;
#1009 = LINE ( 'NONE', #5730, #6664 ) ;
#1010 = VERTEX_POINT ( 'NONE', #4065 ) ;
#1011 = CARTESIAN_POINT ( 'NONE',  ( 0.5200000000000000178, -5.609946153525527279, -8.905734099171711549 ) ) ;
#1012 = CARTESIAN_POINT ( 'NONE',  ( -0.000000000000000000, 5.026611161207533485, 5.975042505104783075 ) ) ;
#1013 = DIRECTION ( 'NONE',  ( -1.000000000000000000, 0.000000000000000000, 0.000000000000000000 ) ) ;
#1014 = UNCERTAINTY_MEASURE_WITH_UNIT (LENGTH_MEASURE( 1.000000000000000082E-05 ), #6498, 'distance_accuracy_value', 'NONE');
#1015 =( NAMED_UNIT ( * ) PLANE_ANGLE_UNIT ( ) SI_UNIT ( $, .RADIAN. ) );
#1016 = CARTESIAN_POINT ( 'NONE',  ( 8.480000000000002203, -1.776543663426574327, 10.37411989834017056 ) ) ;
#1017 = DIRECTION ( 'NONE',  ( -2.775557561562849936E-16, 0.000000000000000000, 1.000000000000000000 ) ) ;
#1018 = CARTESIAN_POINT ( 'NONE',  ( 7.779999999999999361, -2.936932121173105426, -13.68932566461854705 ) ) ;
#1019 = MECHANICAL_DESIGN_GEOMETRIC_PRESENTATION_REPRESENTATION (  '', ( #6183 ), #1355 ) ;
#1020 = ORIENTED_EDGE ( 'NONE', *, *, #1704, .T. ) ;
#1021 = CARTESIAN_POINT ( 'NONE',  ( 4.500000000000000888, 14.13100000000000023, -8.652456192932010486E-16 ) ) ;
#1022 =( NAMED_UNIT ( * ) SI_UNIT ( $, .STERADIAN. ) SOLID_ANGLE_UNIT ( ) );
#1023 = VERTEX_POINT ( 'NONE', #1938 ) ;
#1024 =( BOUNDED_SURFACE ( )  B_SPLINE_SURFACE ( 3, 3, ( 
 ( #6369, #3210, #5922, #1032 ),
 ( #6433, #3718, #3176, #5336 ),
 ( #511, #1632, #3106, #5403 ),
 ( #575, #750, #4515, #6561 ) ),
 .UNSPECIFIED., .F., .F., .F. ) 
 B_SPLINE_SURFACE_WITH_KNOTS ( ( 4, 4 ),
 ( 4, 4 ),
 ( 0.000000000000000000, 1.000000000000000000 ),
 ( 0.000000000000000000, 1.000000000000000000 ),
 .UNSPECIFIED. ) 
 GEOMETRIC_REPRESENTATION_ITEM ( )  RATIONAL_B_SPLINE_SURFACE ( (
 ( 1.000000000000000000, 0.3333333333333334259, 0.3333333333333334259, 1.000000000000000000),
 ( 0.9489786313342799540, 0.3163262104447600587, 0.3163262104447600587, 0.9489786313342799540),
 ( 0.9489786313342799540, 0.3163262104447600587, 0.3163262104447600587, 0.9489786313342799540),
 ( 1.000000000000000000, 0.3333333333333334259, 0.3333333333333334259, 1.000000000000000000) ) ) 
 REPRESENTATION_ITEM ( '' )  SURFACE ( )  );
#1025 = DIRECTION ( 'NONE',  ( 0.000000000000000000, -1.000000000000000000, 1.836949976058554409E-16 ) ) ;
#1026 = CIRCLE ( 'NONE', #4953, 10.22500050000000371 ) ;
#1027 = FILL_AREA_STYLE_COLOUR ( '', #1174 ) ;
#1028 = FILL_AREA_STYLE_COLOUR ( '', #354 ) ;
#1029 = FACE_OUTER_BOUND ( 'NONE', #180, .T. ) ;
#1030 = CARTESIAN_POINT ( 'NONE',  ( -0.000000000000000000, 7.756561495369898473, -0.9505433284904393210 ) ) ;
#1031 = SURFACE_STYLE_USAGE ( .BOTH. , #6462 ) ;
#1032 = CARTESIAN_POINT ( 'NONE',  ( 6.187234222033133335, 13.43000050000000023, -4.111724622181357032E-15 ) ) ;
#1033 = SURFACE_SIDE_STYLE ('',( #4215 ) ) ;
#1034 = DIRECTION ( 'NONE',  ( -1.000000000000000000, 0.000000000000000000, 0.000000000000000000 ) ) ;
#1035 = EDGE_CURVE ( 'NONE', #5391, #6046, #5152, .T. ) ;
#1036 = CARTESIAN_POINT ( 'NONE',  ( 0.3199999999999970091, 10.52500050000000265, -1.189586300145496267E-15 ) ) ;
#1037 = CARTESIAN_POINT ( 'NONE',  ( 3.557454002911170754, 1.449106535281858621, 9.527463015735310847 ) ) ;
#1038 = CARTESIAN_POINT ( 'NONE',  ( 0.5614213562373087107, -10.42500049999999767, 20.85000100000000245 ) ) ;
#1039 = CARTESIAN_POINT ( 'NONE',  ( 5.645076863632792374, -9.355855050800579775, 5.190855283913660578 ) ) ;
#1040 = CARTESIAN_POINT ( 'NONE',  ( 8.130000000000000782, -14.51483715649648687, -4.443799157366264314E-15 ) ) ;
#1041 = CARTESIAN_POINT ( 'NONE',  ( 1.076072228735578593E-17, 15.87573593128805527, -31.75147186257614251 ) ) ;
#1042 = CARTESIAN_POINT ( 'NONE',  ( 0.1700000000000067013, 14.34999999999998721, -28.69999999999999218 ) ) ;
#1043 = DIRECTION ( 'NONE',  ( 0.000000000000000000, -1.000000000000000000, 1.836949976058554162E-16 ) ) ;
#1044 = EDGE_LOOP ( 'NONE', ( #2369, #2460 ) ) ;
#1045 =( NAMED_UNIT ( * ) PLANE_ANGLE_UNIT ( ) SI_UNIT ( $, .RADIAN. ) );
#1046 = CARTESIAN_POINT ( 'NONE',  ( 8.480000000000002203, 7.699077894430685909, -7.185546829810401270 ) ) ;
#1047 = CARTESIAN_POINT ( 'NONE',  ( 0.5200000000000001288, -8.605943207388703442, -6.059894248023769414 ) ) ;
#1048 = CARTESIAN_POINT ( 'NONE',  ( 0.000000000000000000, 7.800016207250749289, 0.2383666322960977246 ) ) ;
#1049 = CARTESIAN_POINT ( 'NONE',  ( 0.2999999999999998224, 15.99999999999999645, -9.796850830579023982E-16 ) ) ;
#1050 = DIRECTION ( 'NONE',  ( -1.000000000000000000, 1.595955527370170130E-16, 4.075318472549437196E-32 ) ) ;
#1051 = CARTESIAN_POINT ( 'NONE',  ( 8.480000000000002203, -1.875570910963207494, 10.35655558317037084 ) ) ;
#1052 = CARTESIAN_POINT ( 'NONE',  ( 7.779999999999998472, -8.355224251633995181, -11.23811823502430229 ) ) ;
#1053 = CYLINDRICAL_SURFACE ( 'NONE', #5825, 14.55000000000000071 ) ;
#1054 = FILL_AREA_STYLE_COLOUR ( '', #4019 ) ;
#1055 = EDGE_CURVE ( 'NONE', #3277, #1796, #2329, .T. ) ;
#1056 = ORIENTED_EDGE ( 'NONE', *, *, #4477, .F. ) ;
#1057 = CARTESIAN_POINT ( 'NONE',  ( 1.419999999999999929, 14.00000000000004619, -8.729862690014020751E-16 ) ) ;
#1058 = CARTESIAN_POINT ( 'NONE',  ( 1.419999999999999929, -14.00000000000004619, 2.571729966481967199E-15 ) ) ;
#1059 = CARTESIAN_POINT ( 'NONE',  ( -0.000000000000000000, 7.578865972320585342, -1.851866240051569745 ) ) ;
#1060 = MECHANICAL_DESIGN_GEOMETRIC_PRESENTATION_REPRESENTATION (  '', ( #3992 ), #3198 ) ;
#1061 = CARTESIAN_POINT ( 'NONE',  ( 0.3199999999999939004, 10.07622410128565171, -3.074210346763299295 ) ) ;
#1062 = COLOUR_RGB ( '',0.7529411764705882248, 0.7529411764705882248, 0.7529411764705882248 ) ;
#1063 = CARTESIAN_POINT ( 'NONE',  ( 3.557454002911172086, 1.449106535281859287, 9.527463015735314400 ) ) ;
#1064 = CARTESIAN_POINT ( 'NONE',  ( 1.219999999999999973, 14.20502525316940456, -28.41005050633882334 ) ) ;
#1065 = ORIENTED_EDGE ( 'NONE', *, *, #5211, .F. ) ;
#1066 = DIRECTION ( 'NONE',  ( 0.000000000000000000, 0.000000000000000000, 1.000000000000000000 ) ) ;
#1067 = EDGE_CURVE ( 'NONE', #3359, #5533, #3357, .T. ) ;
#1068 = CARTESIAN_POINT ( 'NONE',  ( 7.580000000000000959, 14.00000000000000178, 28.00000000000002487 ) ) ;
#1069 = SURFACE_STYLE_USAGE ( .BOTH. , #1006 ) ;
#1070 = CARTESIAN_POINT ( 'NONE',  ( 7.780000000000001137, -14.20502525316940456, -28.41005050633882334 ) ) ;
#1071 = CARTESIAN_POINT ( 'NONE',  ( 8.480000000000003979, -4.038974156135327398, -9.719280451958898226 ) ) ;
#1072 =( BOUNDED_SURFACE ( )  B_SPLINE_SURFACE ( 3, 3, ( 
 ( #5500, #787, #4540, #1865 ),
 ( #3385, #6150, #6015, #1195 ),
 ( #5537, #713, #2839, #4992 ),
 ( #2306, #6805, #5252, #6738 ) ),
 .UNSPECIFIED., .F., .F., .T. ) 
 B_SPLINE_SURFACE_WITH_KNOTS ( ( 4, 4 ),
 ( 4, 4 ),
 ( 0.000000000000000000, 1.000000000000000000 ),
 ( 0.000000000000000000, 1.000000000000000000 ),
 .UNSPECIFIED. ) 
 GEOMETRIC_REPRESENTATION_ITEM ( )  RATIONAL_B_SPLINE_SURFACE ( (
 ( 1.000000000000000000, 0.3333333333333339810, 0.3333333333333339810, 1.000000000000000000),
 ( 0.3333333333333333703, 0.1111111111111113409, 0.1111111111111113409, 0.3333333333333333703),
 ( 0.3333333333333333703, 0.1111111111111113409, 0.1111111111111113409, 0.3333333333333333703),
 ( 1.000000000000000000, 0.3333333333333339810, 0.3333333333333339810, 1.000000000000000000) ) ) 
 REPRESENTATION_ITEM ( '' )  SURFACE ( )  );
#1073 = CARTESIAN_POINT ( 'NONE',  ( 0.5200000000000002398, -10.46639770868331709, -1.282500883287374105 ) ) ;
#1074 = CARTESIAN_POINT ( 'NONE',  ( -0.000000000000000000, 7.783751096894968136, 0.5945555826200122906 ) ) ;
#1075 = CARTESIAN_POINT ( 'NONE',  ( -6.059181484646936511, 14.20182827425274930, 1.352938511926573772 ) ) ;
#1076 = UNCERTAINTY_MEASURE_WITH_UNIT (LENGTH_MEASURE( 1.000000000000000082E-05 ), #2473, 'distance_accuracy_value', 'NONE');
#1077 = CARTESIAN_POINT ( 'NONE',  ( 6.883617111016571144, 0.000000000000000000, 13.43000050000000023 ) ) ;
#1078 = DIRECTION ( 'NONE',  ( -1.000000000000000000, -0.000000000000000000, -0.000000000000000000 ) ) ;
#1079 = DIRECTION ( 'NONE',  ( -1.000000000000000000, 1.270859689360298160E-16, 1.615084350040953581E-32 ) ) ;
#1080 = ORIENTED_EDGE ( 'NONE', *, *, #287, .F. ) ;
#1081 = CARTESIAN_POINT ( 'NONE',  ( 7.780000000000001137, -2.742544234164030481, -13.72895450120033978 ) ) ;
#1082 = CLOSED_SHELL ( 'NONE', ( #6206, #3748, #5071, #484, #6662, #5026, #3807, #6292, #5997, #4816, #6469, #1681, #6392, #1641, #3094, #6162, #540, #5431, #6533, #2042, #2356, #1847, #3782, #5899, #1410, #182, #2227 ) ) ;
#1083 = FILL_AREA_STYLE_COLOUR ( '', #4570 ) ;
#1084 = SURFACE_STYLE_USAGE ( .BOTH. , #1128 ) ;
#1085 = EDGE_LOOP ( 'NONE', ( #5164, #1856 ) ) ;
#1086 = AXIS2_PLACEMENT_3D ( 'NONE', #2833, #4056, #3050 ) ;
#1087 = ORIENTED_EDGE ( 'NONE', *, *, #6493, .F. ) ;
#1088 = CARTESIAN_POINT ( 'NONE',  ( 0.000000000000000000, -15.70000000000000639, -31.39999999999999147 ) ) ;
#1089 = PRESENTATION_LAYER_ASSIGNMENT (  '', '', ( #84 ) ) ;
#1090 = EDGE_CURVE ( 'NONE', #5426, #4119, #4096, .T. ) ;
#1091 = FILL_AREA_STYLE_COLOUR ( '', #1062 ) ;
#1092 = CARTESIAN_POINT ( 'NONE',  ( 1.399797437231674602, -14.30556376187089995, 2.627860500987269261E-15 ) ) ;
#1093 =( LENGTH_UNIT ( ) NAMED_UNIT ( * ) SI_UNIT ( .MILLI., .METRE. ) );
#1094 = LINE ( 'NONE', #5402, #1317 ) ;
#1095 = AXIS2_PLACEMENT_3D ( 'NONE', #3187, #4771, #4257 ) ;
#1096 = MECHANICAL_DESIGN_GEOMETRIC_PRESENTATION_REPRESENTATION (  '', ( #3112 ), #5484 ) ;
#1097 = SURFACE_STYLE_USAGE ( .BOTH. , #4931 ) ;
#1098 =( NAMED_UNIT ( * ) SI_UNIT ( $, .STERADIAN. ) SOLID_ANGLE_UNIT ( ) );
#1099 = DIRECTION ( 'NONE',  ( 1.000000000000000000, 0.000000000000000000, 0.000000000000000000 ) ) ;
#1100 = CIRCLE ( 'NONE', #4805, 10.22500050000000194 ) ;
#1101 = CARTESIAN_POINT ( 'NONE',  ( 0.3199999999999922351, 6.928741887764063634, -7.955804017005182693 ) ) ;
#1102 = COLOUR_RGB ( '',0.2235294117647058654, 0.4901960784313725283, 0.6901960784313725394 ) ;
#1103 = CARTESIAN_POINT ( 'NONE',  ( 8.480000000000003979, 10.34562986253565597, -1.934931853067280771 ) ) ;
#1104 = CARTESIAN_POINT ( 'NONE',  ( 0.6199999999999999956, -10.42500049999999945, 20.85000100000000245 ) ) ;
#1105 =( NAMED_UNIT ( * ) PLANE_ANGLE_UNIT ( ) SI_UNIT ( $, .RADIAN. ) );
#1106 = STYLED_ITEM ( 'NONE', ( #1836 ), #6016 ) ;
#1107 = MECHANICAL_DESIGN_GEOMETRIC_PRESENTATION_REPRESENTATION (  '', ( #2120 ), #1566 ) ;
#1108 = CARTESIAN_POINT ( 'NONE',  ( 1.419999999999973284, 0.000000000000000000, -13.48053010216305125 ) ) ;
#1109 = FACE_OUTER_BOUND ( 'NONE', #5641, .T. ) ;
#1110 = CARTESIAN_POINT ( 'NONE',  ( 8.680000000000001492, 10.52500050000000265, 7.375436318164603546E-15 ) ) ;
#1111 = STYLED_ITEM ( 'NONE', ( #627 ), #6392 ) ;
#1112 = MECHANICAL_DESIGN_GEOMETRIC_PRESENTATION_REPRESENTATION (  '', ( #1680 ), #4052 ) ;
#1113 = LINE ( 'NONE', #5414, #4003 ) ;
#1114 = CARTESIAN_POINT ( 'NONE',  ( 8.480000000000000426, 3.832879081347116301, -9.802377377084594556 ) ) ;
#1115 = CARTESIAN_POINT ( 'NONE',  ( 0.1242640687119284104, -7.499999999999999112, 1.386897029697574451E-15 ) ) ;
#1116 = CARTESIAN_POINT ( 'NONE',  ( 0.5200000000000000178, -8.709016886550088543, -5.910751103028479392 ) ) ;
#1117 = CARTESIAN_POINT ( 'NONE',  ( -0.000000000000000000, 7.680467754520028834, 1.360613305757106151 ) ) ;
#1118 = AXIS2_PLACEMENT_3D ( 'NONE', #5694, #5247, #3660 ) ;
#1119 = CARTESIAN_POINT ( 'NONE',  ( 4.227533266719329497, 16.95258947196541399, 1.347241391411057698 ) ) ;
#1120 = CARTESIAN_POINT ( 'NONE',  ( 2.671465744100001594, 0.000000000000000000, 0.000000000000000000 ) ) ;
#1121 = CARTESIAN_POINT ( 'NONE',  ( 8.480000000000002203, -3.715076583182803205, 9.847626207424580613 ) ) ;
#1122 = VERTEX_POINT ( 'NONE', #6881 ) ;
#1123 = EDGE_CURVE ( 'NONE', #3323, #4870, #2672, .T. ) ;
#1124 =( GEOMETRIC_REPRESENTATION_CONTEXT ( 3 ) GLOBAL_UNCERTAINTY_ASSIGNED_CONTEXT ( ( #1279 ) ) GLOBAL_UNIT_ASSIGNED_CONTEXT ( ( #6192, #928, #957 ) ) REPRESENTATION_CONTEXT ( 'NONE', 'WORKASPACE' ) );
#1125 = ORIENTED_EDGE ( 'NONE', *, *, #6770, .F. ) ;
#1126 = CARTESIAN_POINT ( 'NONE',  ( 7.779999999999998472, -13.02791534079397984, -5.125842859928841477 ) ) ;
#1127 = CARTESIAN_POINT ( 'NONE',  ( 9.000000000000001776, 0.000000000000000000, 0.000000000000000000 ) ) ;
#1128 = SURFACE_SIDE_STYLE ('',( #5807 ) ) ;
#1129 = EDGE_LOOP ( 'NONE', ( #4054, #1990 ) ) ;
#1130 = FILL_AREA_STYLE_COLOUR ( '', #4484 ) ;
#1131 = EDGE_LOOP ( 'NONE', ( #1393, #4608, #1806, #6726, #2863 ) ) ;
#1132 = PRESENTATION_STYLE_ASSIGNMENT (( #2602 ) ) ;
#1133 = CARTESIAN_POINT ( 'NONE',  ( 1.419999999999999929, 14.00000000000004619, -4.286235485288267162E-15 ) ) ;
#1134 = DIRECTION ( 'NONE',  ( 0.000000000000000000, 0.000000000000000000, 1.000000000000000000 ) ) ;
#1135 = CARTESIAN_POINT ( 'NONE',  ( -0.000000000000000000, -0.4767332645883920472, -7.799967585498505329 ) ) ;
#1136 = FILL_AREA_STYLE ('',( #2118 ) ) ;
#1137 = SURFACE_STYLE_FILL_AREA ( #1735 ) ;
#1138 = PRESENTATION_LAYER_ASSIGNMENT (  '', '', ( #694 ) ) ;
#1139 = CARTESIAN_POINT ( 'NONE',  ( 0.3199999999999916245, 4.688296134661355197, -9.434971204519255750 ) ) ;
#1140 =( LENGTH_UNIT ( ) NAMED_UNIT ( * ) SI_UNIT ( .MILLI., .METRE. ) );
#1141 = ORIENTED_EDGE ( 'NONE', *, *, #5668, .F. ) ;
#1142 = CARTESIAN_POINT ( 'NONE',  ( -3.701202102153931861, -5.762563671960304390, -0.7920529186618008310 ) ) ;
#1143 = CARTESIAN_POINT ( 'NONE',  ( 8.480000000000002203, 10.52500050000002574, -21.05000100000000884 ) ) ;
#1144 = CARTESIAN_POINT ( 'NONE',  ( 8.679999999999999716, 5.003040405831358228, -9.271915096389356847 ) ) ;
#1145 = CIRCLE ( 'NONE', #3052, 10.22500050000000371 ) ;
#1146 = CARTESIAN_POINT ( 'NONE',  ( -3.479098206203926846, -1.233945965962113478, -4.432733961178963789 ) ) ;
#1147 = CARTESIAN_POINT ( 'NONE',  ( 8.480000000000002203, 1.637990194927321008, -10.39731063015150525 ) ) ;
#1148 = CARTESIAN_POINT ( 'NONE',  ( 9.000000000000005329, 4.045573323182135361, 6.669181246080885472 ) ) ;
#1149 = CARTESIAN_POINT ( 'NONE',  ( 7.779999999999999361, 13.29108802668386957, 4.409013662136054279 ) ) ;
#1150 = DIRECTION ( 'NONE',  ( 0.000000000000000000, 0.000000000000000000, 1.000000000000000000 ) ) ;
#1151 = UNCERTAINTY_MEASURE_WITH_UNIT (LENGTH_MEASURE( 1.000000000000000082E-05 ), #4598, 'distance_accuracy_value', 'NONE');
#1152 = FILL_AREA_STYLE_COLOUR ( '', #1661 ) ;
#1153 = DIRECTION ( 'NONE',  ( -1.000000000000000000, 0.000000000000000000, 0.000000000000000000 ) ) ;
#1154 = CARTESIAN_POINT ( 'NONE',  ( 8.479999999999996874, -9.753023726623526457, 3.956780790858762220 ) ) ;
#1155 = ORIENTED_EDGE ( 'NONE', *, *, #4416, .F. ) ;
#1156 = DIRECTION ( 'NONE',  ( 1.000000000000000000, -0.000000000000000000, -0.000000000000000000 ) ) ;
#1157 = CARTESIAN_POINT ( 'NONE',  ( 9.000000000000001776, 2.278350730473170049, -7.467393119724629713 ) ) ;
#1158 = PLANE ( 'NONE',  #6363 ) ;
#1159 = ADVANCED_FACE ( 'NONE', ( #6190 ), #2554, .T. ) ;
#1160 = CARTESIAN_POINT ( 'NONE',  ( 8.130000000000004334, 14.34999999999999964, 2.635965176602672886E-15 ) ) ;
#1161 = DIRECTION ( 'NONE',  ( -1.000000000000000000, 1.595955527370170130E-16, 4.075318472549437196E-32 ) ) ;
#1162 = EDGE_LOOP ( 'NONE', ( #2316, #4671, #3239, #6864 ) ) ;
#1163 = CARTESIAN_POINT ( 'NONE',  ( 1.220000000000000195, -10.58263369001687160, 9.216303630478540398 ) ) ;
#1164 = B_SPLINE_CURVE_WITH_KNOTS ( 'NONE', 3,
 ( #5417, #6873, #4882, #3160, #3227, #2063, #5350, #4363, #5319, #5284, #6477, #2591, #4750, #555, #4229, #2687, #6349, #3730, #1541, #496, #2622, #4778, #6901, #2098, #4266, #6383, #5874, #3192, #4394, #6508, #2262, #6001, #4944, #6099, #6619, #1256, #96, #132, #2233, #166, #1712, #6576, #1782, #6031, #4910, #4425, #2857, #5972, #3858, #1179, #3330, #3295, #5481, #622, #5010, #659, #5518, #2786, #2330, #6538, #1287, #207, #1148, #5449, #4976, #1745, #2748, #728, #3890, #1219, #3368, #2823, #5550, #697, #2291, #4454, #3932, #1818, #3971, #4495, #6064, #3400, #5582, #6540, #661, #4497, #4456, #2789, #2393, #1784 ),
 .UNSPECIFIED., .F., .F.,
 ( 4, 1, 1, 1, 2, 2, 1, 1, 1, 2, 2, 1, 1, 2, 2, 2, 1, 1, 2, 2, 1, 1, 1, 2, 2, 1, 1, 1, 2, 2, 2, 1, 1, 1, 2, 2, 1, 1, 1, 2, 2, 1, 1, 2, 2, 2, 1, 1, 2, 2, 1, 1, 1, 2, 2, 1, 1, 1, 2, 2, 4 ),
 ( 0.000000000000000000, 0.01562500000000001041, 0.02343750000000001041, 0.02734374999999999653, 0.02929687499999999306, 0.03124999999999998612, 0.04687499999999991673, 0.05468749999999990286, 0.05859374999999989592, 0.06054687499999990286, 0.06249999999999990979, 0.07812500000000002776, 0.08593750000000008327, 0.08984375000000012490, 0.09375000000000018041, 0.1250000000000006939, 0.1406250000000009159, 0.1484375000000010270, 0.1523437500000010825, 0.1562500000000011380, 0.1718750000000011935, 0.1796875000000012212, 0.1835937500000012212, 0.1855468750000012212, 0.1875000000000012490, 0.2031250000000013045, 0.2109375000000013323, 0.2148437500000013600, 0.2167968750000013600, 0.2187500000000013600, 0.2500000000000014433, 0.2656250000000014433, 0.2734375000000014433, 0.2773437500000014433, 0.2792968750000014433, 0.2812500000000014433, 0.2968750000000014433, 0.3046875000000014433, 0.3085937500000014433, 0.3105468750000014433, 0.3125000000000014433, 0.3281250000000012768, 0.3359375000000012212, 0.3398437500000012212, 0.3437500000000012212, 0.3750000000000009992, 0.3906250000000008882, 0.3984375000000008327, 0.4023437500000007772, 0.4062500000000007216, 0.4218750000000005551, 0.4296875000000004441, 0.4335937500000003886, 0.4355468750000003331, 0.4375000000000002776, 0.4531250000000002220, 0.4609375000000002220, 0.4648437500000002220, 0.4667968750000002220, 0.4687500000000002220, 0.5000000000000000000 ),
 .UNSPECIFIED. ) ;
#1165 = CARTESIAN_POINT ( 'NONE',  ( 0.5200000000000001288, -4.161873780654044452, 9.667920872248618736 ) ) ;
#1166 = CARTESIAN_POINT ( 'NONE',  ( 2.116382888983430188, 0.000000000000000000, 0.000000000000000000 ) ) ;
#1167 = FILL_AREA_STYLE_COLOUR ( '', #241 ) ;
#1168 = CARTESIAN_POINT ( 'NONE',  ( 0.3199999999999917355, 4.204740368900703018, -9.655181985508120235 ) ) ;
#1169 = CARTESIAN_POINT ( 'NONE',  ( 0.8700000000000009948, -14.34999999999999964, 2.636023215644007899E-15 ) ) ;
#1170 = CIRCLE ( 'NONE', #2849, 10.42500050000000122 ) ;
#1171 = DIRECTION ( 'NONE',  ( -1.000000000000000000, 0.000000000000000000, 0.000000000000000000 ) ) ;
#1172 = DIRECTION ( 'NONE',  ( -1.224606353822379970E-16, -1.000000000000000000, 0.000000000000000000 ) ) ;
#1173 =( NAMED_UNIT ( * ) PLANE_ANGLE_UNIT ( ) SI_UNIT ( $, .RADIAN. ) );
#1174 = COLOUR_RGB ( '',0.7529411764705882248, 0.7529411764705882248, 0.7529411764705882248 ) ;
#1175 = CARTESIAN_POINT ( 'NONE',  ( 8.480000000000003979, -7.185546829812237135, -7.699077894427969859 ) ) ;
#1176 = CARTESIAN_POINT ( 'NONE',  ( 3.354923136367206293, -7.645475827906525801, -11.37883366667385765 ) ) ;
#1177 = EDGE_CURVE ( 'NONE', #6514, #348, #223, .T. ) ;
#1178 = AXIS2_PLACEMENT_3D ( 'NONE', #5048, #726, #2855 ) ;
#1179 = CARTESIAN_POINT ( 'NONE',  ( 9.000000000000003553, 1.301872271508209167, 7.690644590977281148 ) ) ;
#1180 = CARTESIAN_POINT ( 'NONE',  ( 7.780000000000002913, 13.88559349141636901, 1.808926036607031440 ) ) ;
#1181 = CARTESIAN_POINT ( 'NONE',  ( 0.3199999999999869615, 0.000000000000000000, -13.10833350000002717 ) ) ;
#1182 =( LENGTH_UNIT ( ) NAMED_UNIT ( * ) SI_UNIT ( .MILLI., .METRE. ) );
#1183 = CARTESIAN_POINT ( 'NONE',  ( 8.480000000000000426, -6.928741887765174745, 7.955804017003482720 ) ) ;
#1184 = EDGE_LOOP ( 'NONE', ( #2434, #978 ) ) ;
#1185 = CARTESIAN_POINT ( 'NONE',  ( 7.780000000000001137, 12.69363703642840058, -5.913727056442432684 ) ) ;
#1186 = DIRECTION ( 'NONE',  ( 0.000000000000000000, 1.000000000000000000, -6.123031769111887524E-17 ) ) ;
#1187 = AXIS2_PLACEMENT_3D ( 'NONE', #3531, #861, #3000 ) ;
#1188 = CARTESIAN_POINT ( 'NONE',  ( 9.000000000000001776, 7.690644590977277595, -1.301872271508320633 ) ) ;
#1189 = CARTESIAN_POINT ( 'NONE',  ( 8.179999999999999716, -7.347638122934260345E-17, 0.000000000000000000 ) ) ;
#1190 = EDGE_LOOP ( 'NONE', ( #6158, #3606 ) ) ;
#1191 = CARTESIAN_POINT ( 'NONE',  ( 1.219999999999999973, -11.93989026315833435, 7.311929425995448817 ) ) ;
#1192 = CARTESIAN_POINT ( 'NONE',  ( 0.5199999999999999067, -9.992066394825679154, 3.314578863175372536 ) ) ;
#1193 = EDGE_CURVE ( 'NONE', #6041, #1010, #6592, .T. ) ;
#1194 = STYLED_ITEM ( 'NONE', ( #2192 ), #2060 ) ;
#1195 = CARTESIAN_POINT ( 'NONE',  ( 6.679101779290608221, -2.090692757832534276, 7.218208193380184490 ) ) ;
#1196 = AXIS2_PLACEMENT_3D ( 'NONE', #4016, #4920, #1186 ) ;
#1197 = CARTESIAN_POINT ( 'NONE',  ( 8.130000000000002558, -6.735334946023060376E-17, 0.000000000000000000 ) ) ;
#1198 =( NAMED_UNIT ( * ) PLANE_ANGLE_UNIT ( ) SI_UNIT ( $, .RADIAN. ) );
#1199 = PRESENTATION_STYLE_ASSIGNMENT (( #4934 ) ) ;
#1200 =( GEOMETRIC_REPRESENTATION_CONTEXT ( 3 ) GLOBAL_UNCERTAINTY_ASSIGNED_CONTEXT ( ( #2816 ) ) GLOBAL_UNIT_ASSIGNED_CONTEXT ( ( #6386, #3860, #4780 ) ) REPRESENTATION_CONTEXT ( 'NONE', 'WORKASPACE' ) );
#1201 = CYLINDRICAL_SURFACE ( 'NONE', #6048, 10.22500050000000194 ) ;
#1202 = CIRCLE ( 'NONE', #6139, 0.3499999999999996447 ) ;
#1203 = ADVANCED_FACE ( 'NONE', ( #5296 ), #6373, .T. ) ;
#1204 = FACE_OUTER_BOUND ( 'NONE', #5558, .T. ) ;
#1205 = AXIS2_PLACEMENT_3D ( 'NONE', #1617, #1588, #6876 ) ;
#1206 = CARTESIAN_POINT ( 'NONE',  ( 1.220000000000000417, 13.02791534079448610, -5.125842859928049222 ) ) ;
#1207 = ORIENTED_EDGE ( 'NONE', *, *, #4643, .F. ) ;
#1208 = AXIS2_PLACEMENT_3D ( 'NONE', #230, #715, #1802 ) ;
#1209 = CARTESIAN_POINT ( 'NONE',  ( 8.130000000000000782, -13.96363636363640026, -4.275045929724646386E-15 ) ) ;
#1210 = CARTESIAN_POINT ( 'NONE',  ( 8.680000000000006821, -2.207975672683840429, 10.29143073051788448 ) ) ;
#1211 = UNCERTAINTY_MEASURE_WITH_UNIT (LENGTH_MEASURE( 1.000000000000000082E-05 ), #1182, 'distance_accuracy_value', 'NONE');
#1212 = DIRECTION ( 'NONE',  ( 0.000000000000000000, 1.000000000000000000, -6.123031769111873965E-17 ) ) ;
#1213 = FILL_AREA_STYLE_COLOUR ( '', #2771 ) ;
#1214 = CARTESIAN_POINT ( 'NONE',  ( 8.679999999999999716, 1.957119027922159082, -10.34145760591811047 ) ) ;
#1215 = MECHANICAL_DESIGN_GEOMETRIC_PRESENTATION_REPRESENTATION (  '', ( #6471 ), #435 ) ;
#1216 = COLOUR_RGB ( '',0.6941176470588235059, 0.7529411764705882248, 0.8392156862745098200 ) ;
#1217 =( NAMED_UNIT ( * ) PLANE_ANGLE_UNIT ( ) SI_UNIT ( $, .RADIAN. ) );
#1218 =( GEOMETRIC_REPRESENTATION_CONTEXT ( 3 ) GLOBAL_UNCERTAINTY_ASSIGNED_CONTEXT ( ( #2472 ) ) GLOBAL_UNIT_ASSIGNED_CONTEXT ( ( #415, #1353, #829 ) ) REPRESENTATION_CONTEXT ( 'NONE', 'WORKASPACE' ) );
#1219 = CARTESIAN_POINT ( 'NONE',  ( 9.000000000000001776, 6.261171556117057335, 4.655134520882280746 ) ) ;
#1220 = CARTESIAN_POINT ( 'NONE',  ( -0.000000000000000000, -6.871311153667340577, 3.707786986420213982 ) ) ;
#1221 =( LENGTH_UNIT ( ) NAMED_UNIT ( * ) SI_UNIT ( .MILLI., .METRE. ) );
#1222 = UNCERTAINTY_MEASURE_WITH_UNIT (LENGTH_MEASURE( 1.000000000000000082E-05 ), #4995, 'distance_accuracy_value', 'NONE');
#1223 = AXIS2_PLACEMENT_3D ( 'NONE', #1510, #3663, #5251 ) ;
#1224 = EDGE_CURVE ( 'NONE', #4870, #1812, #4238, .T. ) ;
#1225 =( GEOMETRIC_REPRESENTATION_CONTEXT ( 3 ) GLOBAL_UNCERTAINTY_ASSIGNED_CONTEXT ( ( #731 ) ) GLOBAL_UNIT_ASSIGNED_CONTEXT ( ( #4349, #4832, #4765 ) ) REPRESENTATION_CONTEXT ( 'NONE', 'WORKASPACE' ) );
#1226 = VERTEX_POINT ( 'NONE', #1021 ) ;
#1227 = ORIENTED_EDGE ( 'NONE', *, *, #5890, .T. ) ;
#1228 = COLOUR_RGB ( '',0.6941176470588235059, 0.7529411764705882248, 0.8392156862745098200 ) ;
#1229 = FILL_AREA_STYLE_COLOUR ( '', #4950 ) ;
#1230 = CARTESIAN_POINT ( 'NONE',  ( 0.8699999999999998845, 14.51483715649648865, 29.02967431299296663 ) ) ;
#1231 = FILL_AREA_STYLE ('',( #632 ) ) ;
#1232 = CARTESIAN_POINT ( 'NONE',  ( 8.999999999999996447, -15.69999999999999041, 31.39999999999998792 ) ) ;
#1233 = ORIENTED_EDGE ( 'NONE', *, *, #466, .F. ) ;
#1234 = CARTESIAN_POINT ( 'NONE',  ( 1.220000000000000195, -13.97072761658539086, 1.067856841816645197 ) ) ;
#1235 = AXIS2_PLACEMENT_3D ( 'NONE', #831, #5110, #5787 ) ;
#1236 = CARTESIAN_POINT ( 'NONE',  ( 0.5200000000000001288, -9.655181985511502418, 4.204740368895731883 ) ) ;
#1237 = SURFACE_SIDE_STYLE ('',( #2309 ) ) ;
#1238 = CARTESIAN_POINT ( 'NONE',  ( -3.479098206203974808, -6.426276344669179075, 1.755244421581234837 ) ) ;
#1239 = CARTESIAN_POINT ( 'NONE',  ( 8.180000000000001492, 10.42500049999999945, 0.000000000000000000 ) ) ;
#1240 = CARTESIAN_POINT ( 'NONE',  ( 8.129999999999997229, -13.65000000000000213, 1.585915843345968605E-63 ) ) ;
#1241 = FILL_AREA_STYLE ('',( #1167 ) ) ;
#1242 =( NAMED_UNIT ( * ) SI_UNIT ( $, .STERADIAN. ) SOLID_ANGLE_UNIT ( ) );
#1243 =( GEOMETRIC_REPRESENTATION_CONTEXT ( 3 ) GLOBAL_UNCERTAINTY_ASSIGNED_CONTEXT ( ( #1288 ) ) GLOBAL_UNIT_ASSIGNED_CONTEXT ( ( #6557, #681, #1269 ) ) REPRESENTATION_CONTEXT ( 'NONE', 'WORKASPACE' ) );
#1244 = DIRECTION ( 'NONE',  ( 2.249491082733216833E-32, 1.836909530733570078E-16, -1.000000000000000000 ) ) ;
#1245 = CARTESIAN_POINT ( 'NONE',  ( 1.219999999999999751, 12.55003330687448759, -6.236303330825975877 ) ) ;
#1246 = EDGE_LOOP ( 'NONE', ( #69, #5757, #3407, #5688, #2831 ) ) ;
#1247 = CARTESIAN_POINT ( 'NONE',  ( 7.580000000000000959, 14.00000000000001776, -28.00000000000001421 ) ) ;
#1248 = CARTESIAN_POINT ( 'NONE',  ( 8.680000000000006821, 1.875570910963199056, 10.35655558317024294 ) ) ;
#1249 = SURFACE_STYLE_USAGE ( .BOTH. , #5514 ) ;
#1250 = EDGE_CURVE ( 'NONE', #5430, #3622, #4893, .T. ) ;
#1251 = CARTESIAN_POINT ( 'NONE',  ( 8.680000000000003268, -10.33343986787486557, -1.999022335142242035 ) ) ;
#1252 =( BOUNDED_SURFACE ( )  B_SPLINE_SURFACE ( 3, 3, ( 
 ( #6744, #4579, #5185, #1516 ),
 ( #3521, #1376, #6331, #6225 ),
 ( #4207, #4175, #5101, #6777 ),
 ( #4132, #3634, #3559, #896 ) ),
 .UNSPECIFIED., .F., .F., .F. ) 
 B_SPLINE_SURFACE_WITH_KNOTS ( ( 4, 4 ),
 ( 4, 4 ),
 ( 0.000000000000000000, 1.000000000000000000 ),
 ( 0.000000000000000000, 1.000000000000000000 ),
 .UNSPECIFIED. ) 
 GEOMETRIC_REPRESENTATION_ITEM ( )  RATIONAL_B_SPLINE_SURFACE ( (
 ( 1.000000000000000000, 0.3333333333333334259, 0.3333333333333334259, 1.000000000000000000),
 ( 0.8047378541243609407, 0.2682459513747870727, 0.2682459513747870727, 0.8047378541243609407),
 ( 0.8047378541243609407, 0.2682459513747870727, 0.2682459513747870727, 0.8047378541243609407),
 ( 1.000000000000000000, 0.3333333333333334259, 0.3333333333333334259, 1.000000000000000000) ) ) 
 REPRESENTATION_ITEM ( '' )  SURFACE ( )  );
#1253 = PRESENTATION_LAYER_ASSIGNMENT (  '', '', ( #4958 ) ) ;
#1254 = CARTESIAN_POINT ( 'NONE',  ( 8.130000000000000782, -14.34999999999999964, -4.393333333379124471E-15 ) ) ;
#1255 = PRESENTATION_STYLE_ASSIGNMENT (( #2822 ) ) ;
#1256 = CARTESIAN_POINT ( 'NONE',  ( 9.000000000000001776, -2.900517994467292304, 7.240715517517937627 ) ) ;
#1257 = CARTESIAN_POINT ( 'NONE',  ( -0.000000000000000000, -7.467393119723318762, 2.278350730477050501 ) ) ;
#1258 = DIRECTION ( 'NONE',  ( 0.000000000000000000, -1.000000000000000000, 1.836949976058541590E-16 ) ) ;
#1259 = CIRCLE ( 'NONE', #5197, 2.381000000000000671 ) ;
#1260 = SURFACE_SIDE_STYLE ('',( #1749 ) ) ;
#1261 = ORIENTED_EDGE ( 'NONE', *, *, #4131, .F. ) ;
#1262 = ORIENTED_EDGE ( 'NONE', *, *, #5211, .T. ) ;
#1263 = SURFACE_STYLE_FILL_AREA ( #671 ) ;
#1264 = CARTESIAN_POINT ( 'NONE',  ( 9.000000000000001776, 6.565369242161127161, -4.211933004074446707 ) ) ;
#1265 = EDGE_LOOP ( 'NONE', ( #3654, #4436, #3168, #5595 ) ) ;
#1266 = CARTESIAN_POINT ( 'NONE',  ( 5.645076863632790598, 3.791586994799378552, -10.47765600735424130 ) ) ;
#1267 = CARTESIAN_POINT ( 'NONE',  ( 1.220000000000000195, -12.15255732349378981, 6.958154849434340150 ) ) ;
#1268 = CARTESIAN_POINT ( 'NONE',  ( 0.5200000000000002398, 1.776651539184403994, 10.37409994127434132 ) ) ;
#1269 =( NAMED_UNIT ( * ) SI_UNIT ( $, .STERADIAN. ) SOLID_ANGLE_UNIT ( ) );
#1270 = CARTESIAN_POINT ( 'NONE',  ( 0.6199999999999998845, -10.22500050000000016, 20.45000100000000387 ) ) ;
#1271 =( NAMED_UNIT ( * ) SI_UNIT ( $, .STERADIAN. ) SOLID_ANGLE_UNIT ( ) );
#1272 = CARTESIAN_POINT ( 'NONE',  ( 0.6700000000000116973, 13.45000000000003126, -8.561479316363439342E-16 ) ) ;
#1273 = CARTESIAN_POINT ( 'NONE',  ( 8.130000000000002558, 13.65000000000000036, 5.850667271123597236E-15 ) ) ;
#1274 = SURFACE_SIDE_STYLE ('',( #6087 ) ) ;
#1275 = CARTESIAN_POINT ( 'NONE',  ( 1.220000000000000195, 3.323687055043855310, -13.60314345160618643 ) ) ;
#1276 = CARTESIAN_POINT ( 'NONE',  ( 7.580000000000001847, 14.00000000000001421, 2.619058420146623103E-15 ) ) ;
#1277 = CARTESIAN_POINT ( 'NONE',  ( 8.680000000000008598, -6.059894248022804852, 8.605943207388680349 ) ) ;
#1278 = DIRECTION ( 'NONE',  ( 0.000000000000000000, 0.000000000000000000, 1.000000000000000000 ) ) ;
#1279 = UNCERTAINTY_MEASURE_WITH_UNIT (LENGTH_MEASURE( 1.000000000000000082E-05 ), #6192, 'distance_accuracy_value', 'NONE');
#1280 = SURFACE_STYLE_USAGE ( .BOTH. , #6094 ) ;
#1281 = FILL_AREA_STYLE ('',( #1742 ) ) ;
#1282 = CARTESIAN_POINT ( 'NONE',  ( 8.680000000000003268, -8.448620297009338032, -6.281383935464590174 ) ) ;
#1283 = CIRCLE ( 'NONE', #4990, 10.22500050000000194 ) ;
#1284 = CARTESIAN_POINT ( 'NONE',  ( 4.500000000000000888, -11.09683062870710124, 4.038916043542900347 ) ) ;
#1285 = EDGE_CURVE ( 'NONE', #5687, #6144, #1781, .T. ) ;
#1286 = CARTESIAN_POINT ( 'NONE',  ( 1.219999999999999973, 14.00000000000000178, 27.99999999999999289 ) ) ;
#1287 = CARTESIAN_POINT ( 'NONE',  ( 9.000000000000001776, 3.474390812560205877, 6.992223862020430225 ) ) ;
#1288 = UNCERTAINTY_MEASURE_WITH_UNIT (LENGTH_MEASURE( 1.000000000000000082E-05 ), #6557, 'distance_accuracy_value', 'NONE');
#1289 = AXIS2_PLACEMENT_3D ( 'NONE', #5572, #1244, #2314 ) ;
#1290 = CARTESIAN_POINT ( 'NONE',  ( 9.067384687562167755, -13.73712324117466466, -4.205697661337266073E-15 ) ) ;
#1291 = SURFACE_STYLE_FILL_AREA ( #6102 ) ;
#1292 = ORIENTED_EDGE ( 'NONE', *, *, #2600, .F. ) ;
#1293 = COLOUR_RGB ( '',0.7529411764705882248, 0.7529411764705882248, 0.7529411764705882248 ) ;
#1294 = VERTEX_POINT ( 'NONE', #6490 ) ;
#1295 = CARTESIAN_POINT ( 'NONE',  ( 7.780000000000001137, 11.23811823502623319, -8.355224251631042875 ) ) ;
#1296 = EDGE_LOOP ( 'NONE', ( #6854, #1020, #4844, #6603 ) ) ;
#1297 = CARTESIAN_POINT ( 'NONE',  ( 9.000000000000003553, 7.623800463141321870, -1.667883738938146454 ) ) ;
#1298 = VERTEX_POINT ( 'NONE', #5918 ) ;
#1299 = CARTESIAN_POINT ( 'NONE',  ( 0.3199999999999958988, 10.17027191870567648, 2.747115858727280369 ) ) ;
#1300 = CARTESIAN_POINT ( 'NONE',  ( 8.875735931288065927, -15.99999999999998757, 31.99999999999998579 ) ) ;
#1301 = CARTESIAN_POINT ( 'NONE',  ( 1.219999999999999751, -5.179700289998928397, 13.00659372260850510 ) ) ;
#1302 = CARTESIAN_POINT ( 'NONE',  ( 0.5200000000000001288, -9.434971204525179900, 4.688296134652660818 ) ) ;
#1303 =( NAMED_UNIT ( * ) PLANE_ANGLE_UNIT ( ) SI_UNIT ( $, .RADIAN. ) );
#1304 =( BOUNDED_SURFACE ( )  B_SPLINE_SURFACE ( 3, 3, ( 
 ( #5643, #5149, #6306, #276 ),
 ( #2422, #4589, #2388, #6715 ),
 ( #1491, #1915, #3035, #4076 ),
 ( #343, #3641, #6673, #6200 ) ),
 .UNSPECIFIED., .F., .F., .T. ) 
 B_SPLINE_SURFACE_WITH_KNOTS ( ( 4, 4 ),
 ( 4, 4 ),
 ( 0.000000000000000000, 1.000000000000000000 ),
 ( 0.000000000000000000, 1.000000000000000000 ),
 .UNSPECIFIED. ) 
 GEOMETRIC_REPRESENTATION_ITEM ( )  RATIONAL_B_SPLINE_SURFACE ( (
 ( 1.000000000000000000, 0.3333333333333334259, 0.3333333333333334259, 1.000000000000000000),
 ( 0.3333333333333350357, 0.1111111111111117156, 0.1111111111111117156, 0.3333333333333350357),
 ( 0.3333333333333350357, 0.1111111111111117156, 0.1111111111111117156, 0.3333333333333350357),
 ( 1.000000000000000000, 0.3333333333333334259, 0.3333333333333334259, 1.000000000000000000) ) ) 
 REPRESENTATION_ITEM ( '' )  SURFACE ( )  );
#1305 = FILL_AREA_STYLE_COLOUR ( '', #1102 ) ;
#1306 = FACE_OUTER_BOUND ( 'NONE', #5224, .T. ) ;
#1307 = VERTEX_POINT ( 'NONE', #5882 ) ;
#1308 = EDGE_CURVE ( 'NONE', #151, #5381, #658, .T. ) ;
#1309 = CONICAL_SURFACE ( 'NONE', #71, 13.48053010216305125, 0.4886921905584121761 ) ;
#1310 = FILL_AREA_STYLE_COLOUR ( '', #6485 ) ;
#1311 = CARTESIAN_POINT ( 'NONE',  ( 8.875735931288069480, -15.99999999999999822, 2.939119961693665755E-15 ) ) ;
#1312 = AXIS2_PLACEMENT_3D ( 'NONE', #4706, #5647, #3075 ) ;
#1313 = CARTESIAN_POINT ( 'NONE',  ( 1.220000000000000195, 13.83019670695353653, -2.178575976869672637 ) ) ;
#1314 = ORIENTED_EDGE ( 'NONE', *, *, #1193, .T. ) ;
#1315 =( NAMED_UNIT ( * ) SI_UNIT ( $, .STERADIAN. ) SOLID_ANGLE_UNIT ( ) );
#1316 = CARTESIAN_POINT ( 'NONE',  ( 8.680000000000005045, -1.934931853067465735, 10.34562986253562045 ) ) ;
#1317 = VECTOR ( 'NONE', #2674, 1000.000000000000000 ) ;
#1318 = DIRECTION ( 'NONE',  ( 0.000000000000000000, 1.000000000000000000, -6.123031769111889989E-17 ) ) ;
#1319 = MECHANICAL_DESIGN_GEOMETRIC_PRESENTATION_REPRESENTATION (  '', ( #1880 ), #6466 ) ;
#1320 = CARTESIAN_POINT ( 'NONE',  ( 8.679999999999997939, -1.360212508936910591, -10.43893273342569650 ) ) ;
#1321 = MECHANICAL_DESIGN_GEOMETRIC_PRESENTATION_REPRESENTATION (  '', ( #431 ), #2214 ) ;
#1322 = PRESENTATION_LAYER_ASSIGNMENT (  '', '', ( #1883 ) ) ;
#1323 = CARTESIAN_POINT ( 'NONE',  ( 3.557454002911171642, 11.20749561838898778, -2.102132231989686240 ) ) ;
#1324 = CIRCLE ( 'NONE', #3121, 13.58687198849534994 ) ;
#1325 = VECTOR ( 'NONE', #4607, 1000.000000000000000 ) ;
#1326 = CARTESIAN_POINT ( 'NONE',  ( -3.479098206203949495, 13.71677349585212902, -1.796518739058004410 ) ) ;
#1327 = CARTESIAN_POINT ( 'NONE',  ( 8.480000000000002203, -10.46642185623731436, 20.93284371247461095 ) ) ;
#1328 = ORIENTED_EDGE ( 'NONE', *, *, #1618, .T. ) ;
#1329 = CIRCLE ( 'NONE', #4476, 0.5512007928600866080 ) ;
#1330 = ORIENTED_EDGE ( 'NONE', *, *, #1937, .T. ) ;
#1331 = CARTESIAN_POINT ( 'NONE',  ( 0.6700000000000119194, 13.45000000000003126, -8.561479316363437370E-16 ) ) ;
#1332 = CARTESIAN_POINT ( 'NONE',  ( 9.000000000000003553, -7.072122350770737143, -3.294881561108545132 ) ) ;
#1333 = MECHANICAL_DESIGN_GEOMETRIC_PRESENTATION_REPRESENTATION (  '', ( #4926 ), #5833 ) ;
#1334 = ORIENTED_EDGE ( 'NONE', *, *, #5467, .F. ) ;
#1335 = CARTESIAN_POINT ( 'NONE',  ( 8.679999999999999716, -10.34926456871192180, -20.69852913742387912 ) ) ;
#1336 = CARTESIAN_POINT ( 'NONE',  ( 1.219999999999999973, 12.85996201843408926, 5.535944386293667918 ) ) ;
#1337 = MECHANICAL_DESIGN_GEOMETRIC_PRESENTATION_REPRESENTATION (  '', ( #103 ), #3588 ) ;
#1338 = PRESENTATION_LAYER_ASSIGNMENT (  '', '', ( #105 ) ) ;
#1339 = CARTESIAN_POINT ( 'NONE',  ( 5.301646264950129250, -8.993721494056615029, 1.652101648318450155E-15 ) ) ;
#1340 = CARTESIAN_POINT ( 'NONE',  ( 0.4442640687119273069, 10.22500050000000194, 20.45000099999999676 ) ) ;
#1341 =( LENGTH_UNIT ( ) NAMED_UNIT ( * ) SI_UNIT ( .MILLI., .METRE. ) );
#1342 = CIRCLE ( 'NONE', #6276, 10.22500050000000016 ) ;
#1343 =( GEOMETRIC_REPRESENTATION_CONTEXT ( 3 ) GLOBAL_UNCERTAINTY_ASSIGNED_CONTEXT ( ( #5512 ) ) GLOBAL_UNIT_ASSIGNED_CONTEXT ( ( #3724, #1173, #3856 ) ) REPRESENTATION_CONTEXT ( 'NONE', 'WORKASPACE' ) );
#1344 = CARTESIAN_POINT ( 'NONE',  ( 6.187234222033133335, -13.43000049999999490, 26.86000100000000046 ) ) ;
#1345 = ORIENTED_EDGE ( 'NONE', *, *, #6678, .T. ) ;
#1346 =( NAMED_UNIT ( * ) SI_UNIT ( $, .STERADIAN. ) SOLID_ANGLE_UNIT ( ) );
#1347 =( NAMED_UNIT ( * ) PLANE_ANGLE_UNIT ( ) SI_UNIT ( $, .RADIAN. ) );
#1348 = CARTESIAN_POINT ( 'NONE',  ( 1.220000000000000417, -5.125842859928636308, -13.02791534079403490 ) ) ;
#1349 = ORIENTED_EDGE ( 'NONE', *, *, #3597, .F. ) ;
#1350 =( BOUNDED_SURFACE ( )  B_SPLINE_SURFACE ( 3, 3, ( 
 ( #433, #3020, #2947, #5096 ),
 ( #2405, #3091, #400, #4682 ),
 ( #6698, #5700, #5771, #4569 ),
 ( #326, #2451, #6187, #4613 ) ),
 .UNSPECIFIED., .F., .F., .F. ) 
 B_SPLINE_SURFACE_WITH_KNOTS ( ( 4, 4 ),
 ( 4, 4 ),
 ( 0.000000000000000000, 1.000000000000000000 ),
 ( 0.000000000000000000, 1.000000000000000000 ),
 .UNSPECIFIED. ) 
 GEOMETRIC_REPRESENTATION_ITEM ( )  RATIONAL_B_SPLINE_SURFACE ( (
 ( 1.000000000000000000, 0.3333333333333334259, 0.3333333333333334259, 1.000000000000000000),
 ( 0.3333333333333333703, 0.1111111111111111605, 0.1111111111111111605, 0.3333333333333333703),
 ( 0.3333333333333333703, 0.1111111111111111605, 0.1111111111111111605, 0.3333333333333333703),
 ( 1.000000000000000000, 0.3333333333333334259, 0.3333333333333334259, 1.000000000000000000) ) ) 
 REPRESENTATION_ITEM ( '' )  SURFACE ( )  );
#1351 = CARTESIAN_POINT ( 'NONE',  ( 6.679101779290598451, 5.864418909060327145, -14.63828148064790291 ) ) ;
#1352 = CARTESIAN_POINT ( 'NONE',  ( 8.680000000000006821, -3.556992897986263724, 9.911618546505490457 ) ) ;
#1353 =( NAMED_UNIT ( * ) PLANE_ANGLE_UNIT ( ) SI_UNIT ( $, .RADIAN. ) );
#1354 = CARTESIAN_POINT ( 'NONE',  ( 4.500000000000000888, 2.050611416892860639, -11.62959524772499975 ) ) ;
#1355 =( GEOMETRIC_REPRESENTATION_CONTEXT ( 3 ) GLOBAL_UNCERTAINTY_ASSIGNED_CONTEXT ( ( #6067 ) ) GLOBAL_UNIT_ASSIGNED_CONTEXT ( ( #2756, #738, #5527 ) ) REPRESENTATION_CONTEXT ( 'NONE', 'WORKASPACE' ) );
#1356 = CARTESIAN_POINT ( 'NONE',  ( 5.442545997088828358, 12.41050538161101535, 2.102132231989688904 ) ) ;
#1357 = EDGE_CURVE ( 'NONE', #3771, #375, #4591, .T. ) ;
#1358 = DIRECTION ( 'NONE',  ( 0.000000000000000000, -1.836949976058542083E-16, -1.000000000000000000 ) ) ;
#1359 = UNCERTAINTY_MEASURE_WITH_UNIT (LENGTH_MEASURE( 1.000000000000000082E-05 ), #1896, 'distance_accuracy_value', 'NONE');
#1360 = DIRECTION ( 'NONE',  ( 0.000000000000000000, 0.000000000000000000, -1.000000000000000000 ) ) ;
#1361 = VERTEX_POINT ( 'NONE', #42 ) ;
#1362 = EDGE_LOOP ( 'NONE', ( #6651, #5981 ) ) ;
#1363 = DIRECTION ( 'NONE',  ( 2.609912977456326414E-47, 0.000000000000000000, -1.000000000000000000 ) ) ;
#1364 = CARTESIAN_POINT ( 'NONE',  ( 0.5199999999999999067, 10.28722710540757745, -2.250632742217277826 ) ) ;
#1365 = CARTESIAN_POINT ( 'NONE',  ( 9.000000000000000000, -6.377776128815843215, -4.490973237978034049 ) ) ;
#1366 = CARTESIAN_POINT ( 'NONE',  ( 0.3199999999999985634, -1.836029079852031787, 10.36363829520411173 ) ) ;
#1367 =( LENGTH_UNIT ( ) NAMED_UNIT ( * ) SI_UNIT ( .MILLI., .METRE. ) );
#1368 = CARTESIAN_POINT ( 'NONE',  ( 1.220000000000000195, 13.99996757527197744, 0.8559557305858052079 ) ) ;
#1369 = CARTESIAN_POINT ( 'NONE',  ( 6.328534255899995742, 0.000000000000000000, 0.000000000000000000 ) ) ;
#1370 = EDGE_CURVE ( 'NONE', #3306, #215, #5494, .T. ) ;
#1371 =( LENGTH_UNIT ( ) NAMED_UNIT ( * ) SI_UNIT ( .MILLI., .METRE. ) );
#1372 = CARTESIAN_POINT ( 'NONE',  ( 7.780000000000001137, -14.20502525316941522, -4.348948497995919449E-15 ) ) ;
#1373 =( LENGTH_UNIT ( ) NAMED_UNIT ( * ) SI_UNIT ( .MILLI., .METRE. ) );
#1374 =( NAMED_UNIT ( * ) PLANE_ANGLE_UNIT ( ) SI_UNIT ( $, .RADIAN. ) );
#1375 = CARTESIAN_POINT ( 'NONE',  ( 3.557454002911171198, 8.444714330203220598, 5.488546972192465567 ) ) ;
#1376 = CARTESIAN_POINT ( 'NONE',  ( 0.5199999999999991296, -10.46642185623731613, -20.93284371247461451 ) ) ;
#1377 =( NAMED_UNIT ( * ) SI_UNIT ( $, .STERADIAN. ) SOLID_ANGLE_UNIT ( ) );
#1378 = CARTESIAN_POINT ( 'NONE',  ( 1.219999999999999973, -6.958154849427480748, -12.15255732349963402 ) ) ;
#1379 = VERTEX_POINT ( 'NONE', #1057 ) ;
#1380 = CARTESIAN_POINT ( 'NONE',  ( 5.645076863632790598, 3.791586994799376775, -10.47765600735424130 ) ) ;
#1381 = CARTESIAN_POINT ( 'NONE',  ( -0.000000000000000000, -4.380430825270343220, -6.454174252069303286 ) ) ;
#1382 = CARTESIAN_POINT ( 'NONE',  ( 7.780000000000001137, 8.011528302909777466, 11.48224103428319864 ) ) ;
#1383 = CARTESIAN_POINT ( 'NONE',  ( 8.699999999999999289, 0.000000000000000000, 0.000000000000000000 ) ) ;
#1384 = DIRECTION ( 'NONE',  ( 0.000000000000000000, -1.836949976058542083E-16, -1.000000000000000000 ) ) ;
#1385 = PRESENTATION_STYLE_ASSIGNMENT (( #3107 ) ) ;
#1386 = CARTESIAN_POINT ( 'NONE',  ( 0.3199999999999970091, -10.52500050000000265, 1.834056708812961423E-15 ) ) ;
#1387 = CARTESIAN_POINT ( 'NONE',  ( 3.557454002911172086, 11.20749561838898956, -2.102132231989684019 ) ) ;
#1388 = EDGE_LOOP ( 'NONE', ( #2339, #6177, #3728, #992 ) ) ;
#1389 = CARTESIAN_POINT ( 'NONE',  ( 3.557454002911170310, 11.20749561838899133, -2.102132231989686684 ) ) ;
#1390 = DIRECTION ( 'NONE',  ( -1.000000000000000000, 0.000000000000000000, 0.000000000000000000 ) ) ;
#1391 = CARTESIAN_POINT ( 'NONE',  ( 8.179999999999997939, -10.42500049999999945, 1.276694349343455770E-15 ) ) ;
#1392 = CARTESIAN_POINT ( 'NONE',  ( 8.875735931288071257, 7.500000000000001776, -4.684119303370597549E-16 ) ) ;
#1393 = ORIENTED_EDGE ( 'NONE', *, *, #2953, .F. ) ;
#1394 = EDGE_CURVE ( 'NONE', #4419, #2442, #3011, .T. ) ;
#1395 = ORIENTED_EDGE ( 'NONE', *, *, #2781, .F. ) ;
#1396 = VERTEX_POINT ( 'NONE', #1160 ) ;
#1397 = FILL_AREA_STYLE_COLOUR ( '', #3043 ) ;
#1398 = CARTESIAN_POINT ( 'NONE',  ( 0.5200000000000000178, 9.655181985509466713, -4.204740368897749825 ) ) ;
#1399 = CARTESIAN_POINT ( 'NONE',  ( 9.000000000000001776, -1.301872271507398038, -7.690644590977280259 ) ) ;
#1400 = CARTESIAN_POINT ( 'NONE',  ( 8.129999999999997229, -13.64999999999999325, -27.29999999999999716 ) ) ;
#1401 = CARTESIAN_POINT ( 'NONE',  ( 0.3199999999999979527, -6.367264803180421318, 8.412001933577563761 ) ) ;
#1402 = CARTESIAN_POINT ( 'NONE',  ( 3.354923136367208514, 0.3096358389863421712, -12.78153448809575821 ) ) ;
#1403 = SURFACE_STYLE_USAGE ( .BOTH. , #2915 ) ;
#1404 = DIRECTION ( 'NONE',  ( -1.323374535730879449E-16, -1.000000000000000000, 0.000000000000000000 ) ) ;
#1405 = DIRECTION ( 'NONE',  ( 0.000000000000000000, 0.000000000000000000, 1.000000000000000000 ) ) ;
#1406 = CARTESIAN_POINT ( 'NONE',  ( 7.780000000000004690, 14.00000000000000000, 6.000684380639587435E-15 ) ) ;
#1407 = DIRECTION ( 'NONE',  ( 1.000000000000000000, 0.000000000000000000, 0.000000000000000000 ) ) ;
#1408 = CARTESIAN_POINT ( 'NONE',  ( 8.480000000000002203, -9.817197108054585897, -3.794741857846404720 ) ) ;
#1409 = FILL_AREA_STYLE_COLOUR ( '', #3806 ) ;
#1410 = ADVANCED_FACE ( 'NONE', ( #633 ), #5407, .T. ) ;
#1411 = CARTESIAN_POINT ( 'NONE',  ( 5.645076863632788822, -9.355855050800585104, -2.886976803172141892 ) ) ;
#1412 = CARTESIAN_POINT ( 'NONE',  ( 1.219999999999999973, -7.462014705359187872, -11.84576243687891051 ) ) ;
#1413 = EDGE_LOOP ( 'NONE', ( #705, #6640, #4186, #6516, #4695 ) ) ;
#1414 = CARTESIAN_POINT ( 'NONE',  ( -0.06738468756216745015, 13.73712324117465577, -27.47424648234932931 ) ) ;
#1415 = CARTESIAN_POINT ( 'NONE',  ( 8.680000000000006821, 8.709016886549836300, 5.910751103028731634 ) ) ;
#1416 = CARTESIAN_POINT ( 'NONE',  ( 7.780000000000000249, -5.125842859928665618, 13.02791534079410951 ) ) ;
#1417 = CARTESIAN_POINT ( 'NONE',  ( 7.664267127950000535, 0.000000000000000000, 0.000000000000000000 ) ) ;
#1418 = EDGE_CURVE ( 'NONE', #5687, #2392, #4768, .T. ) ;
#1419 = DIRECTION ( 'NONE',  ( 1.000000000000000000, -0.000000000000000000, -0.000000000000000000 ) ) ;
#1420 = SURFACE_SIDE_STYLE ('',( #6344 ) ) ;
#1421 =( LENGTH_UNIT ( ) NAMED_UNIT ( * ) SI_UNIT ( .MILLI., .METRE. ) );
#1422 = EDGE_LOOP ( 'NONE', ( #4533, #5205 ) ) ;
#1423 =( GEOMETRIC_REPRESENTATION_CONTEXT ( 3 ) GLOBAL_UNCERTAINTY_ASSIGNED_CONTEXT ( ( #35 ) ) GLOBAL_UNIT_ASSIGNED_CONTEXT ( ( #6674, #344, #6750 ) ) REPRESENTATION_CONTEXT ( 'NONE', 'WORKASPACE' ) );
#1424 = CARTESIAN_POINT ( 'NONE',  ( 2.320898220709402882, -9.718307742167478835, -7.218208193380192483 ) ) ;
#1425 = AXIS2_PLACEMENT_3D ( 'NONE', #3578, #4744, #4048 ) ;
#1426 = UNCERTAINTY_MEASURE_WITH_UNIT (LENGTH_MEASURE( 1.000000000000000082E-05 ), #2706, 'distance_accuracy_value', 'NONE');
#1427 = CIRCLE ( 'NONE', #313, 7.500000000000000000 ) ;
#1428 =( GEOMETRIC_REPRESENTATION_CONTEXT ( 3 ) GLOBAL_UNCERTAINTY_ASSIGNED_CONTEXT ( ( #591 ) ) GLOBAL_UNIT_ASSIGNED_CONTEXT ( ( #5267, #4375, #1525 ) ) REPRESENTATION_CONTEXT ( 'NONE', 'WORKASPACE' ) );
#1429 = CARTESIAN_POINT ( 'NONE',  ( 0.5200000000000000178, 9.271915096384629962, 5.003040405840143201 ) ) ;
#1430 = ORIENTED_EDGE ( 'NONE', *, *, #844, .T. ) ;
#1431 = EDGE_LOOP ( 'NONE', ( #876, #4084, #6836, #4178, #2601 ) ) ;
#1432 = COLOUR_RGB ( '',0.6941176470588235059, 0.7529411764705882248, 0.8392156862745098200 ) ;
#1433 = CARTESIAN_POINT ( 'NONE',  ( 3.698353735049866753, -8.993721494056618582, 1.652101648318450155E-15 ) ) ;
#1434 =( GEOMETRIC_REPRESENTATION_CONTEXT ( 3 ) GLOBAL_UNCERTAINTY_ASSIGNED_CONTEXT ( ( #5876 ) ) GLOBAL_UNIT_ASSIGNED_CONTEXT ( ( #6771, #4615, #402 ) ) REPRESENTATION_CONTEXT ( 'NONE', 'WORKASPACE' ) );
#1435 = CARTESIAN_POINT ( 'NONE',  ( 0.5200000000000001288, 10.37411989833996095, -1.776543663426650932 ) ) ;
#1436 = CARTESIAN_POINT ( 'NONE',  ( 9.000000000000003553, 0.4767332645885827835, -7.799967585498505329 ) ) ;
#1437 = EDGE_CURVE ( 'NONE', #4119, #4237, #4797, .T. ) ;
#1438 = SURFACE_SIDE_STYLE ('',( #5287 ) ) ;
#1439 = CARTESIAN_POINT ( 'NONE',  ( 0.3199999999999985079, -1.894194247332222192, 10.35316839353892604 ) ) ;
#1440 = DIRECTION ( 'NONE',  ( -1.000000000000000000, -0.000000000000000000, -0.000000000000000000 ) ) ;
#1441 =( GEOMETRIC_REPRESENTATION_CONTEXT ( 3 ) GLOBAL_UNCERTAINTY_ASSIGNED_CONTEXT ( ( #6135 ) ) GLOBAL_UNIT_ASSIGNED_CONTEXT ( ( #5159, #5792, #6408 ) ) REPRESENTATION_CONTEXT ( 'NONE', 'WORKASPACE' ) );
#1442 =( NAMED_UNIT ( * ) SI_UNIT ( $, .STERADIAN. ) SOLID_ANGLE_UNIT ( ) );
#1443 = FILL_AREA_STYLE ('',( #5213 ) ) ;
#1444 = STYLED_ITEM ( 'NONE', ( #717 ), #5327 ) ;
#1445 = PLANE ( 'NONE',  #2931 ) ;
#1446 = AXIS2_PLACEMENT_3D ( 'NONE', #6329, #4128, #1513 ) ;
#1447 = UNCERTAINTY_MEASURE_WITH_UNIT (LENGTH_MEASURE( 1.000000000000000082E-05 ), #3475, 'distance_accuracy_value', 'NONE');
#1448 = CARTESIAN_POINT ( 'NONE',  ( 8.699999999999999289, -7.500000000000001776, 1.377712482043906858E-15 ) ) ;
#1449 = SURFACE_STYLE_USAGE ( .BOTH. , #6810 ) ;
#1450 = DIRECTION ( 'NONE',  ( 0.000000000000000000, 0.000000000000000000, -1.000000000000000000 ) ) ;
#1451 = STYLED_ITEM ( 'NONE', ( #4731 ), #6574 ) ;
#1452 = CIRCLE ( 'NONE', #6713, 13.45000000000003126 ) ;
#1453 = CARTESIAN_POINT ( 'NONE',  ( -3.479098206204004118, -1.233945965962057301, 16.02105489142725858 ) ) ;
#1454 = ORIENTED_EDGE ( 'NONE', *, *, #183, .T. ) ;
#1455 = CARTESIAN_POINT ( 'NONE',  ( 0.07868720907987356017, -14.51483715649649220, -29.02967431299296308 ) ) ;
#1456 = CARTESIAN_POINT ( 'NONE',  ( 8.680000000000005045, 10.29143073051887924, 2.207975672680752233 ) ) ;
#1457 = CIRCLE ( 'NONE', #3366, 10.22500050000000194 ) ;
#1458 = CONICAL_SURFACE ( 'NONE', #6167, 13.65000000000000036, 0.7853981633974466137 ) ;
#1459 = CARTESIAN_POINT ( 'NONE',  ( 7.780000000000002913, 0.8559557305941106753, 13.99996757527197921 ) ) ;
#1460 =( NAMED_UNIT ( * ) PLANE_ANGLE_UNIT ( ) SI_UNIT ( $, .RADIAN. ) );
#1461 = CARTESIAN_POINT ( 'NONE',  ( 0.000000000000000000, 0.000000000000000000, 0.000000000000000000 ) ) ;
#1462 = CARTESIAN_POINT ( 'NONE',  ( 8.480000000000014637, -1.447690777501975180E-16, -5.588822899371247022E-32 ) ) ;
#1463 = CARTESIAN_POINT ( 'NONE',  ( 0.3199999999999935674, -9.802377377084265930, -3.832879081347587480 ) ) ;
#1464 = CARTESIAN_POINT ( 'NONE',  ( 8.480000000000003979, 10.33343986787511604, -1.999022335141153128 ) ) ;
#1465 = CARTESIAN_POINT ( 'NONE',  ( 1.219999999999999973, 14.00000000000000000, -4.286235485288253751E-15 ) ) ;
#1466 = EDGE_LOOP ( 'NONE', ( #5871, #6625, #390, #3258 ) ) ;
#1467 =( NAMED_UNIT ( * ) SI_UNIT ( $, .STERADIAN. ) SOLID_ANGLE_UNIT ( ) );
#1468 = EDGE_CURVE ( 'NONE', #6041, #4110, #2310, .T. ) ;
#1469 = DIRECTION ( 'NONE',  ( 1.000000000000000000, 0.000000000000000000, 0.000000000000000000 ) ) ;
#1470 = CARTESIAN_POINT ( 'NONE',  ( 8.438578643762690845, -10.42500050000000655, 20.85000099999999534 ) ) ;
#1471 = PRESENTATION_STYLE_ASSIGNMENT (( #6241 ) ) ;
#1472 = PRESENTATION_LAYER_ASSIGNMENT (  '', '', ( #3037 ) ) ;
#1473 = CARTESIAN_POINT ( 'NONE',  ( 0.5200000000000000178, 10.32122741108739028, 2.061822792883194921 ) ) ;
#1474 = EDGE_LOOP ( 'NONE', ( #4102, #4981, #4219, #5555 ) ) ;
#1475 = EDGE_LOOP ( 'NONE', ( #2368, #1141, #3527, #1824 ) ) ;
#1476 = SURFACE_STYLE_FILL_AREA ( #4159 ) ;
#1477 = CARTESIAN_POINT ( 'NONE',  ( 0.5200000000000000178, 10.52501671024030827, -0.3217038428308066078 ) ) ;
#1478 = CARTESIAN_POINT ( 'NONE',  ( 9.000000000000003553, -7.626893541893066342, -1.636347767036573142 ) ) ;
#1479 = CARTESIAN_POINT ( 'NONE',  ( 8.130000000000000782, 13.65000000000000391, -27.29999999999998650 ) ) ;
#1480 = CARTESIAN_POINT ( 'NONE',  ( 0.3199999999999983413, 3.074210346764627566, 10.07622410128522716 ) ) ;
#1481 = FILL_AREA_STYLE_COLOUR ( '', #5782 ) ;
#1482 = CARTESIAN_POINT ( 'NONE',  ( 8.480000000000003979, 6.059894248022800411, 8.605943207388683902 ) ) ;
#1483 = CIRCLE ( 'NONE', #366, 14.34999999999999964 ) ;
#1484 = CARTESIAN_POINT ( 'NONE',  ( 7.924974746830585559, -14.35000000000000675, 28.69999999999999218 ) ) ;
#1485 = CARTESIAN_POINT ( 'NONE',  ( 4.500000000000001776, -5.904500250000001671, 10.22689442630309564 ) ) ;
#1486 = EDGE_CURVE ( 'NONE', #6046, #3507, #2719, .T. ) ;
#1487 = SURFACE_STYLE_USAGE ( .BOTH. , #3605 ) ;
#1488 = ORIENTED_EDGE ( 'NONE', *, *, #6455, .F. ) ;
#1489 = CARTESIAN_POINT ( 'NONE',  ( -0.000000000000000000, -7.405062971399379634, -2.456352732839879760 ) ) ;
#1490 = CARTESIAN_POINT ( 'NONE',  ( 7.780000000000001137, 1.705822765102685823, 13.92205926780044400 ) ) ;
#1491 = CARTESIAN_POINT ( 'NONE',  ( 0.1700000000000049805, 13.65000000000000391, -8.572244476756647710E-16 ) ) ;
#1492 =( NAMED_UNIT ( * ) PLANE_ANGLE_UNIT ( ) SI_UNIT ( $, .RADIAN. ) );
#1493 = CARTESIAN_POINT ( 'NONE',  ( 0.3199999999999948996, -10.52501671024083230, -0.3217038428288948038 ) ) ;
#1494 = CARTESIAN_POINT ( 'NONE',  ( 2.812765777966869329, -13.43000049999999490, 26.86000100000000046 ) ) ;
#1495 = ORIENTED_EDGE ( 'NONE', *, *, #1370, .T. ) ;
#1496 = CARTESIAN_POINT ( 'NONE',  ( 4.611051947974982745, -6.236356586354445675, -4.914329712638674685 ) ) ;
#1497 =( LENGTH_UNIT ( ) NAMED_UNIT ( * ) SI_UNIT ( .MILLI., .METRE. ) );
#1498 = CARTESIAN_POINT ( 'NONE',  ( 0.000000000000000000, -15.70000000000000462, -31.39999999999998792 ) ) ;
#1499 = CARTESIAN_POINT ( 'NONE',  ( 0.1242640687119284104, -7.500000000000001776, -14.99999999999999467 ) ) ;
#1500 = EDGE_CURVE ( 'NONE', #3423, #1991, #6688, .T. ) ;
#1501 = SURFACE_SIDE_STYLE ('',( #2587 ) ) ;
#1502 = ORIENTED_EDGE ( 'NONE', *, *, #2681, .T. ) ;
#1503 = ORIENTED_EDGE ( 'NONE', *, *, #3705, .T. ) ;
#1504 = CARTESIAN_POINT ( 'NONE',  ( 0.5200000000000000178, 10.52500050000000265, -1.189586300145496267E-15 ) ) ;
#1505 = CARTESIAN_POINT ( 'NONE',  ( 0.000000000000000000, -3.116061540441221300, 7.155404796189698047 ) ) ;
#1506 = DIRECTION ( 'NONE',  ( 0.4809226642724865330, 0.7311951188183606343, 0.4838048048596216844 ) ) ;
#1507 = UNCERTAINTY_MEASURE_WITH_UNIT (LENGTH_MEASURE( 1.000000000000000082E-05 ), #4254, 'distance_accuracy_value', 'NONE');
#1508 = CARTESIAN_POINT ( 'NONE',  ( 0.3199999999999951772, -10.52496807951833446, 0.6434076856577901626 ) ) ;
#1509 = STYLED_ITEM ( 'NONE', ( #109 ), #2356 ) ;
#1510 = CARTESIAN_POINT ( 'NONE',  ( 0.6700000000000116973, 0.000000000000000000, 0.000000000000000000 ) ) ;
#1511 = DIRECTION ( 'NONE',  ( -1.000000000000000000, 0.000000000000000000, 0.000000000000000000 ) ) ;
#1512 = DIRECTION ( 'NONE',  ( 1.000000000000000000, 0.000000000000000000, 0.000000000000000000 ) ) ;
#1513 = DIRECTION ( 'NONE',  ( 0.000000000000000000, 1.000000000000000000, -6.123031769111887524E-17 ) ) ;
#1514 = CARTESIAN_POINT ( 'NONE',  ( 0.000000000000000000, -15.69999999999999929, 3.176729207182762738E-15 ) ) ;
#1515 =( BOUNDED_SURFACE ( )  B_SPLINE_SURFACE ( 3, 3, ( 
 ( #5276, #5793, #942, #1986 ),
 ( #3077, #4669, #6869, #973 ),
 ( #1923, #1499, #3687, #5239 ),
 ( #421, #2057, #2546, #4708 ) ),
 .UNSPECIFIED., .F., .F., .F. ) 
 B_SPLINE_SURFACE_WITH_KNOTS ( ( 4, 4 ),
 ( 4, 4 ),
 ( 0.000000000000000000, 1.000000000000000000 ),
 ( 0.000000000000000000, 1.000000000000000000 ),
 .UNSPECIFIED. ) 
 GEOMETRIC_REPRESENTATION_ITEM ( )  RATIONAL_B_SPLINE_SURFACE ( (
 ( 1.000000000000000000, 0.3333333333333334259, 0.3333333333333334259, 1.000000000000000000),
 ( 0.8047378541243650485, 0.2682459513747884050, 0.2682459513747884050, 0.8047378541243650485),
 ( 0.8047378541243650485, 0.2682459513747884050, 0.2682459513747884050, 0.8047378541243650485),
 ( 1.000000000000000000, 0.3333333333333334259, 0.3333333333333334259, 1.000000000000000000) ) ) 
 REPRESENTATION_ITEM ( '' )  SURFACE ( )  );
#1516 = CARTESIAN_POINT ( 'NONE',  ( 0.5200000000000000178, 10.52500050000000265, -3.222330758984044878E-15 ) ) ;
#1517 = SURFACE_STYLE_FILL_AREA ( #5298 ) ;
#1518 = SURFACE_STYLE_FILL_AREA ( #6333 ) ;
#1519 = ORIENTED_EDGE ( 'NONE', *, *, #2781, .T. ) ;
#1520 =( GEOMETRIC_REPRESENTATION_CONTEXT ( 3 ) GLOBAL_UNCERTAINTY_ASSIGNED_CONTEXT ( ( #1785 ) ) GLOBAL_UNIT_ASSIGNED_CONTEXT ( ( #656, #1217, #6940 ) ) REPRESENTATION_CONTEXT ( 'NONE', 'WORKASPACE' ) );
#1521 = CARTESIAN_POINT ( 'NONE',  ( -0.000000000000000000, -6.770757344946312095, -3.876595490866469262 ) ) ;
#1522 = CARTESIAN_POINT ( 'NONE',  ( 7.779999999999996696, -12.99517521805151965, 5.208287949177340614 ) ) ;
#1523 = EDGE_CURVE ( 'NONE', #5430, #441, #878, .T. ) ;
#1524 =( NAMED_UNIT ( * ) PLANE_ANGLE_UNIT ( ) SI_UNIT ( $, .RADIAN. ) );
#1525 =( NAMED_UNIT ( * ) SI_UNIT ( $, .STERADIAN. ) SOLID_ANGLE_UNIT ( ) );
#1526 =( LENGTH_UNIT ( ) NAMED_UNIT ( * ) SI_UNIT ( .MILLI., .METRE. ) );
#1527 = CIRCLE ( 'NONE', #5469, 0.3499999999999996447 ) ;
#1528 = CARTESIAN_POINT ( 'NONE',  ( 0.3199999999999930123, -8.999096241908549842, -5.458976968528385321 ) ) ;
#1529 = CARTESIAN_POINT ( 'NONE',  ( 3.858235246223785442, 14.13100000000000023, 28.26199999999999335 ) ) ;
#1530 = ORIENTED_EDGE ( 'NONE', *, *, #4357, .T. ) ;
#1531 = FACE_OUTER_BOUND ( 'NONE', #3977, .T. ) ;
#1532 = CARTESIAN_POINT ( 'NONE',  ( -1.076072228735579055E-17, 7.624264068711928743, 15.24852813742385038 ) ) ;
#1533 =( BOUNDED_SURFACE ( )  B_SPLINE_SURFACE ( 3, 3, ( 
 ( #1266, #5093, #6184, #845 ),
 ( #5250, #2978, #2446, #324 ),
 ( #5659, #5131, #5738, #6802 ),
 ( #885, #6218, #4645, #1402 ) ),
 .UNSPECIFIED., .F., .F., .T. ) 
 B_SPLINE_SURFACE_WITH_KNOTS ( ( 4, 4 ),
 ( 4, 4 ),
 ( 0.000000000000000000, 1.000000000000000000 ),
 ( 0.000000000000000000, 1.000000000000000000 ),
 .UNSPECIFIED. ) 
 GEOMETRIC_REPRESENTATION_ITEM ( )  RATIONAL_B_SPLINE_SURFACE ( (
 ( 1.000000000000000000, 0.3333333333333332038, 0.3333333333333332038, 1.000000000000000000),
 ( 0.3333333333333338144, 0.1111111111111112298, 0.1111111111111112298, 0.3333333333333338144),
 ( 0.3333333333333338144, 0.1111111111111112298, 0.1111111111111112298, 0.3333333333333338144),
 ( 1.000000000000000000, 0.3333333333333332038, 0.3333333333333332038, 1.000000000000000000) ) ) 
 REPRESENTATION_ITEM ( '' )  SURFACE ( )  );
#1534 = CIRCLE ( 'NONE', #6459, 0.09999999999999939493 ) ;
#1535 = CARTESIAN_POINT ( 'NONE',  ( 0.5200000000000000178, 10.34562986253565597, 1.934931853067282548 ) ) ;
#1536 = ORIENTED_EDGE ( 'NONE', *, *, #3889, .F. ) ;
#1537 = PRESENTATION_LAYER_ASSIGNMENT (  '', '', ( #6795 ) ) ;
#1538 = VERTEX_POINT ( 'NONE', #6448 ) ;
#1539 = PRESENTATION_STYLE_ASSIGNMENT (( #3224 ) ) ;
#1540 = CARTESIAN_POINT ( 'NONE',  ( 8.480000000000003979, -2.498755345889930979, -10.22663357712205645 ) ) ;
#1541 = CARTESIAN_POINT ( 'NONE',  ( 9.000000000000003553, -6.669181246080789549, 4.045573323182278358 ) ) ;
#1542 = CARTESIAN_POINT ( 'NONE',  ( -0.000000000000000000, -0.5945555826200975558, 7.783751096894968136 ) ) ;
#1543 = AXIS2_PLACEMENT_3D ( 'NONE', #5928, #3820, #5373 ) ;
#1544 = DIRECTION ( 'NONE',  ( -1.000000000000000000, 0.000000000000000000, 0.000000000000000000 ) ) ;
#1545 = DIRECTION ( 'NONE',  ( 0.000000000000000000, -1.836949976058542083E-16, -1.000000000000000000 ) ) ;
#1546 = STYLED_ITEM ( 'NONE', ( #5178 ), #4276 ) ;
#1547 = CARTESIAN_POINT ( 'NONE',  ( 8.480000000000003979, 10.17027191870007741, 2.747115858745963202 ) ) ;
#1548 = MECHANICAL_DESIGN_GEOMETRIC_PRESENTATION_REPRESENTATION (  '', ( #1987 ), #766 ) ;
#1549 = AXIS2_PLACEMENT_3D ( 'NONE', #3517, #5295, #2072 ) ;
#1550 = CARTESIAN_POINT ( 'NONE',  ( 7.779999999999999361, -7.862013529841583193, -11.58415651652800982 ) ) ;
#1551 = CARTESIAN_POINT ( 'NONE',  ( 4.227533266719333938, 14.18980818377963971, 8.937920595593203288 ) ) ;
#1552 = EDGE_LOOP ( 'NONE', ( #913, #1892, #146, #4734, #494 ) ) ;
#1554 = EDGE_CURVE ( 'NONE', #3323, #5053, #4232, .T. ) ;
#1553 = B_SPLINE_CURVE_WITH_KNOTS ( 'NONE', 3,
 ( #1585, #1048, #1074, #3228, #2592, #2717, #1117, #5908, #556, #3695, #4751, #5875, #2688, #6839, #4779, #4303, #6446, #5941, #5385, #2034, #3659, #3193, #6416, #1615, #1012, #2064, #6902, #4230, #5320, #589, #4327, #3268, #2099, #3760, #4849, #526, #5800, #4197, #3161, #981, #3731, #4267, #5351, #6350, #33, #2164, #1542, #6874, #2655, #3123, #1646, #3791, #4810, #497, #6321, #5418, #2623, #2, #463, #1505, #5285, #5840, #2135, #6065, #4587, #6002, #4883, #5450, #2197, #2858, #60, #3296, #4455, #5011, #1220, #6714, #1713, #623, #301, #4364, #2749, #1257, #6478, #1683, #167, #2263, #3859, #2421, #1746, #3933 ),
 .UNSPECIFIED., .F., .F.,
 ( 4, 1, 1, 1, 2, 2, 1, 1, 1, 2, 2, 1, 1, 2, 2, 2, 1, 1, 2, 2, 1, 1, 1, 2, 2, 1, 1, 1, 2, 2, 2, 1, 1, 1, 2, 2, 1, 1, 1, 2, 2, 1, 1, 2, 2, 2, 1, 1, 2, 2, 1, 1, 1, 2, 2, 1, 1, 1, 2, 2, 4 ),
 ( 0.5000000000000000000, 0.5156250000000000000, 0.5234375000000000000, 0.5273437500000000000, 0.5292968750000000000, 0.5312500000000000000, 0.5468750000000000000, 0.5546875000000000000, 0.5585937500000000000, 0.5605468750000000000, 0.5625000000000000000, 0.5781250000000001110, 0.5859375000000001110, 0.5898437500000001110, 0.5937500000000001110, 0.6250000000000000000, 0.6406250000000000000, 0.6484374999999998890, 0.6523437499999998890, 0.6562499999999998890, 0.6718750000000000000, 0.6796875000000000000, 0.6835937500000001110, 0.6855468750000001110, 0.6875000000000001110, 0.7031250000000002220, 0.7109375000000004441, 0.7148437500000004441, 0.7167968750000004441, 0.7187500000000004441, 0.7500000000000006661, 0.7656250000000006661, 0.7734375000000007772, 0.7773437500000008882, 0.7792968750000008882, 0.7812500000000008882, 0.7968750000000008882, 0.8046875000000009992, 0.8085937500000009992, 0.8105468750000009992, 0.8125000000000009992, 0.8281250000000008882, 0.8359375000000008882, 0.8398437500000008882, 0.8437500000000008882, 0.8750000000000006661, 0.8906250000000006661, 0.8984375000000006661, 0.9023437500000006661, 0.9062500000000006661, 0.9218750000000004441, 0.9296875000000003331, 0.9335937500000002220, 0.9355468750000002220, 0.9375000000000002220, 0.9531250000000002220, 0.9609375000000002220, 0.9648437500000002220, 0.9667968750000002220, 0.9687500000000002220, 1.000000000000000000 ),
 .UNSPECIFIED. ) ;
#1555 = CARTESIAN_POINT ( 'NONE',  ( 0.3199999999999990630, 10.52500049999999554, -21.05000100000000884 ) ) ;
#1556 =( GEOMETRIC_REPRESENTATION_CONTEXT ( 3 ) GLOBAL_UNCERTAINTY_ASSIGNED_CONTEXT ( ( #1715 ) ) GLOBAL_UNIT_ASSIGNED_CONTEXT ( ( #6534, #692, #4907 ) ) REPRESENTATION_CONTEXT ( 'NONE', 'WORKASPACE' ) );
#1557 = STYLED_ITEM ( 'NONE', ( #2380 ), #915 ) ;
#1558 = CARTESIAN_POINT ( 'NONE',  ( 4.500000000000000888, 11.80900049999999979, 0.000000000000000000 ) ) ;
#1559 = MECHANICAL_DESIGN_GEOMETRIC_PRESENTATION_REPRESENTATION (  '', ( #6699 ), #5156 ) ;
#1560 = CARTESIAN_POINT ( 'NONE',  ( 1.420000000000000151, -14.00000000000004974, -28.00000000000007816 ) ) ;
#1561 = MECHANICAL_DESIGN_GEOMETRIC_PRESENTATION_REPRESENTATION (  '', ( #1894 ), #4376 ) ;
#1562 = CARTESIAN_POINT ( 'NONE',  ( 0.07868720907987356017, 14.51483715649647799, -29.02967431299296663 ) ) ;
#1563 = CARTESIAN_POINT ( 'NONE',  ( 0.000000000000000000, 2.840523383850624750, -7.264466742298944624 ) ) ;
#1564 = CARTESIAN_POINT ( 'NONE',  ( 7.780000000000002025, 5.179700289998017126, 13.00659372260868274 ) ) ;
#1565 = COLOUR_RGB ( '',0.5098039215686274161, 0.5098039215686274161, 0.5490196078431373028 ) ;
#1566 =( GEOMETRIC_REPRESENTATION_CONTEXT ( 3 ) GLOBAL_UNCERTAINTY_ASSIGNED_CONTEXT ( ( #2009 ) ) GLOBAL_UNIT_ASSIGNED_CONTEXT ( ( #6499, #1198, #2808 ) ) REPRESENTATION_CONTEXT ( 'NONE', 'WORKASPACE' ) );
#1567 = FILL_AREA_STYLE_COLOUR ( '', #4815 ) ;
#1568 = DIRECTION ( 'NONE',  ( -1.915146632844204107E-16, -1.000000000000000000, 0.000000000000000000 ) ) ;
#1569 = DIRECTION ( 'NONE',  ( 0.000000000000000000, 0.000000000000000000, -1.000000000000000000 ) ) ;
#1570 = CARTESIAN_POINT ( 'NONE',  ( 0.3199999999999915135, 3.832879081346735717, -9.802377377084749099 ) ) ;
#1571 = CARTESIAN_POINT ( 'NONE',  ( 3.354923136367209846, -7.645475827906516919, 9.074955185932338964 ) ) ;
#1572 =( GEOMETRIC_REPRESENTATION_CONTEXT ( 3 ) GLOBAL_UNCERTAINTY_ASSIGNED_CONTEXT ( ( #5743 ) ) GLOBAL_UNIT_ASSIGNED_CONTEXT ( ( #5506, #4935, #3388 ) ) REPRESENTATION_CONTEXT ( 'NONE', 'WORKASPACE' ) );
#1573 = FILL_AREA_STYLE ('',( #5474 ) ) ;
#1574 = CONICAL_SURFACE ( 'NONE', #6594, 13.48053010216305125, 0.4886921905584121761 ) ;
#1575 = PRESENTATION_STYLE_ASSIGNMENT (( #6756 ) ) ;
#1576 = CARTESIAN_POINT ( 'NONE',  ( 7.823769113068127723, 14.51483715649647444, 29.02967431299297374 ) ) ;
#1577 = DIRECTION ( 'NONE',  ( 0.000000000000000000, -1.000000000000000000, 1.836949976058528771E-16 ) ) ;
#1578 = CARTESIAN_POINT ( 'NONE',  ( 0.8699999999999992184, -13.65000000000000036, 2.507436717319910328E-15 ) ) ;
#1579 = CARTESIAN_POINT ( 'NONE',  ( 0.5199999999999999067, 9.753023726624014955, 3.956780790858159147 ) ) ;
#1580 = ORIENTED_EDGE ( 'NONE', *, *, #1285, .F. ) ;
#1581 = SURFACE_SIDE_STYLE ('',( #4195 ) ) ;
#1582 = CARTESIAN_POINT ( 'NONE',  ( 8.480000000000000426, -1.957119027922274546, -10.34145760591814422 ) ) ;
#1583 =( BOUNDED_SURFACE ( )  B_SPLINE_SURFACE ( 3, 3, ( 
 ( #5311, #2542, #4743, #868 ),
 ( #1496, #1953, #6829, #4111 ),
 ( #1424, #3004, #489, #6893 ),
 ( #5828, #3616, #3113, #5158 ) ),
 .UNSPECIFIED., .F., .F., .F. ) 
 B_SPLINE_SURFACE_WITH_KNOTS ( ( 4, 4 ),
 ( 4, 4 ),
 ( 0.000000000000000000, 1.000000000000000000 ),
 ( 0.000000000000000000, 1.000000000000000000 ),
 .UNSPECIFIED. ) 
 GEOMETRIC_REPRESENTATION_ITEM ( )  RATIONAL_B_SPLINE_SURFACE ( (
 ( 1.000000000000000000, 0.3333333333333322046, 0.3333333333333322046, 1.000000000000000000),
 ( 0.3333333333333333703, 0.1111111111111107441, 0.1111111111111107441, 0.3333333333333333703),
 ( 0.3333333333333333703, 0.1111111111111107441, 0.1111111111111107441, 0.3333333333333333703),
 ( 1.000000000000000000, 0.3333333333333322046, 0.3333333333333322046, 1.000000000000000000) ) ) 
 REPRESENTATION_ITEM ( '' )  SURFACE ( )  );
#1584 = CARTESIAN_POINT ( 'NONE',  ( 0.5200000000000000178, -10.34562986253568972, -1.934931853067222374 ) ) ;
#1585 = CARTESIAN_POINT ( 'NONE',  ( 0.000000000000000000, 7.799999999999999822, -1.106159976983767270E-15 ) ) ;
#1586 = CARTESIAN_POINT ( 'NONE',  ( 0.000000000000000000, 15.70000000000000107, 31.39999999999998792 ) ) ;
#1587 = UNCERTAINTY_MEASURE_WITH_UNIT (LENGTH_MEASURE( 1.000000000000000082E-05 ), #3950, 'distance_accuracy_value', 'NONE');
#1588 = DIRECTION ( 'NONE',  ( 0.000000000000000000, 6.123031769111889989E-17, 1.000000000000000000 ) ) ;
#1589 = CARTESIAN_POINT ( 'NONE',  ( 8.480000000000003979, 5.003040405849938921, 9.271915096378554821 ) ) ;
#1590 = AXIS2_PLACEMENT_3D ( 'NONE', #2115, #5468, #3207 ) ;
#1591 = CARTESIAN_POINT ( 'NONE',  ( 7.779999999999998472, -13.08901940450148693, -4.968230698947618151 ) ) ;
#1592 = FACE_OUTER_BOUND ( 'NONE', #1466, .T. ) ;
#1593 = PRESENTATION_LAYER_ASSIGNMENT (  '', '', ( #3726 ) ) ;
#1594 = CARTESIAN_POINT ( 'NONE',  ( 0.4442640687119273069, -10.22500050000000371, -20.45000099999999321 ) ) ;
#1595 = CARTESIAN_POINT ( 'NONE',  ( 0.6199999999999998845, 10.22500050000000371, -6.352645766605174532E-16 ) ) ;
#1596 = DIRECTION ( 'NONE',  ( 1.000000000000000000, 0.000000000000000000, 0.000000000000000000 ) ) ;
#1597 =( NAMED_UNIT ( * ) PLANE_ANGLE_UNIT ( ) SI_UNIT ( $, .RADIAN. ) );
#1598 = EDGE_CURVE ( 'NONE', #1750, #1870, #6252, .T. ) ;
#1599 = CARTESIAN_POINT ( 'NONE',  ( -0.000000000000000000, 3.474390812558049380, -6.992223862021442748 ) ) ;
#1600 = DIRECTION ( 'NONE',  ( 0.000000000000000000, 0.000000000000000000, 1.000000000000000000 ) ) ;
#1601 = COLOUR_RGB ( '',0.2235294117647058654, 0.4901960784313725283, 0.6901960784313725394 ) ;
#1602 = LINE ( 'NONE', #3815, #3259 ) ;
#1603 = CARTESIAN_POINT ( 'NONE',  ( 0.3199999999999942890, 10.34145760591794172, -1.957119027922723298 ) ) ;
#1604 = CARTESIAN_POINT ( 'NONE',  ( -6.059181484646934734, 4.443439191145628797, 12.98253375965157197 ) ) ;
#1605 = FACE_OUTER_BOUND ( 'NONE', #6023, .T. ) ;
#1606 = CARTESIAN_POINT ( 'NONE',  ( 6.679101779290601115, -7.283023136539632958, 1.030229810619996078 ) ) ;
#1607 = CARTESIAN_POINT ( 'NONE',  ( 8.130000000000002558, 14.51483715649647621, 29.02967431299297374 ) ) ;
#1608 = DIRECTION ( 'NONE',  ( -0.8821527464498742921, -0.1625106504085083448, 0.4420371256294513551 ) ) ;
#1609 = CARTESIAN_POINT ( 'NONE',  ( 8.680000000000001492, 9.434971204522165422, -4.688296134655868919 ) ) ;
#1610 = ORIENTED_EDGE ( 'NONE', *, *, #4868, .T. ) ;
#1611 = FACE_OUTER_BOUND ( 'NONE', #6582, .T. ) ;
#1612 = CARTESIAN_POINT ( 'NONE',  ( 8.480000000000005755, 8.760741545163440946, -5.833767825329582379 ) ) ;
#1613 = SURFACE_SIDE_STYLE ('',( #3266 ) ) ;
#1614 = CARTESIAN_POINT ( 'NONE',  ( 0.5199999999999999067, -5.230990780496319381, -9.136145673651764554 ) ) ;
#1615 = CARTESIAN_POINT ( 'NONE',  ( -0.000000000000000000, 5.325191676145833775, 5.705700379008450618 ) ) ;
#1616 = CARTESIAN_POINT ( 'NONE',  ( 2.342441272541669672, 15.74957970874339530, -2.857023072568323663 ) ) ;
#1617 = CARTESIAN_POINT ( 'NONE',  ( 0.2999999999999989897, 15.69999999999999929, -9.613159877505666210E-16 ) ) ;
#1618 = EDGE_CURVE ( 'NONE', #1757, #260, #6033, .T. ) ;
#1619 = CARTESIAN_POINT ( 'NONE',  ( 8.480000000000003979, 9.992066394822733955, 3.314578863188636149 ) ) ;
#1620 = CARTESIAN_POINT ( 'NONE',  ( 7.779999999999999361, -9.557925559909035584, -10.24109058967903962 ) ) ;
#1621 = FILL_AREA_STYLE ('',( #1083 ) ) ;
#1622 = VERTEX_POINT ( 'NONE', #4754 ) ;
#1623 = SURFACE_STYLE_USAGE ( .BOTH. , #6395 ) ;
#1624 = CARTESIAN_POINT ( 'NONE',  ( 9.067384687562171308, 13.73712324117466466, 5.888010062016991107E-15 ) ) ;
#1625 = SURFACE_SIDE_STYLE ('',( #3670 ) ) ;
#1626 = SURFACE_SIDE_STYLE ('',( #15 ) ) ;
#1627 = CARTESIAN_POINT ( 'NONE',  ( 8.380000000000002558, 10.22500050000000371, -1.292778337526543142E-61 ) ) ;
#1628 = CARTESIAN_POINT ( 'NONE',  ( -0.000000000000000000, 1.213718188942194409, -7.705400801249655096 ) ) ;
#1629 = AXIS2_PLACEMENT_3D ( 'NONE', #2519, #6250, #4679 ) ;
#1630 = ORIENTED_EDGE ( 'NONE', *, *, #6883, .T. ) ;
#1631 =( NAMED_UNIT ( * ) SI_UNIT ( $, .STERADIAN. ) SOLID_ANGLE_UNIT ( ) );
#1632 = CARTESIAN_POINT ( 'NONE',  ( 5.141764753776215890, -14.13100000000000556, -28.26199999999998980 ) ) ;
#1633 = ADVANCED_FACE ( 'NONE', ( #2690 ), #4330, .F. ) ;
#1634 = SURFACE_SIDE_STYLE ('',( #5337 ) ) ;
#1635 = MECHANICAL_DESIGN_GEOMETRIC_PRESENTATION_REPRESENTATION (  '', ( #736 ), #4341 ) ;
#1636 = CARTESIAN_POINT ( 'NONE',  ( 1.219999999999999973, 14.20502525316941522, -4.349005950682179281E-15 ) ) ;
#1637 = PRESENTATION_STYLE_ASSIGNMENT (( #545 ) ) ;
#1638 =( NAMED_UNIT ( * ) PLANE_ANGLE_UNIT ( ) SI_UNIT ( $, .RADIAN. ) );
#1639 = COLOUR_RGB ( '',0.6941176470588235059, 0.7529411764705882248, 0.8392156862745098200 ) ;
#1640 = SURFACE_SIDE_STYLE ('',( #5411 ) ) ;
#1641 = ADVANCED_FACE ( 'NONE', ( #4367 ), #856, .T. ) ;
#1642 = PRESENTATION_STYLE_ASSIGNMENT (( #1069 ) ) ;
#1643 = CARTESIAN_POINT ( 'NONE',  ( 8.480000000000002203, 2.747115858742554817, -10.17027191870072933 ) ) ;
#1644 = FILL_AREA_STYLE_COLOUR ( '', #4905 ) ;
#1645 = CARTESIAN_POINT ( 'NONE',  ( 0.5200000000000000178, -8.760741545164103528, -5.833767825328569856 ) ) ;
#1646 = CARTESIAN_POINT ( 'NONE',  ( -0.000000000000000000, -1.360613305757117919, 7.680467754520028834 ) ) ;
#1647 = CARTESIAN_POINT ( 'NONE',  ( 4.499999999999997335, -5.904500250000008776, -10.22689442630309919 ) ) ;
#1648 = UNCERTAINTY_MEASURE_WITH_UNIT (LENGTH_MEASURE( 1.000000000000000082E-05 ), #2759, 'distance_accuracy_value', 'NONE');
#1649 = FILL_AREA_STYLE ('',( #4885 ) ) ;
#1650 = CLOSED_SHELL ( 'NONE', ( #3937, #2649, #3252, #1203, #5184, #3377, #5359, #2697, #5652, #154, #522, #2821, #1848, #4448, #5784, #5092, #3222, #5548, #6596, #5679, #628, #6548, #909, #270, #4082, #3713, #6515 ) ) ;
#1651 = CARTESIAN_POINT ( 'NONE',  ( 8.480000000000003979, -3.314578863179849844, 9.992066394824417941 ) ) ;
#1652 = ORIENTED_EDGE ( 'NONE', *, *, #696, .F. ) ;
#1653 = CIRCLE ( 'NONE', #3109, 14.34999999999999964 ) ;
#1654 = ORIENTED_EDGE ( 'NONE', *, *, #3273, .F. ) ;
#1655 = CARTESIAN_POINT ( 'NONE',  ( 7.779999999999995808, -13.15868910301293404, -4.782480242017219219 ) ) ;
#1656 = PLANE ( 'NONE',  #429 ) ;
#1657 = FILL_AREA_STYLE ('',( #3023 ) ) ;
#1658 = ORIENTED_EDGE ( 'NONE', *, *, #5409, .T. ) ;
#1659 = CIRCLE ( 'NONE', #5262, 2.380999999999999339 ) ;
#1660 = CARTESIAN_POINT ( 'NONE',  ( 9.067384687562167755, -13.73712324117467354, 27.47424648234931510 ) ) ;
#1661 = COLOUR_RGB ( '',0.5098039215686274161, 0.5098039215686274161, 0.5490196078431373028 ) ;
#1662 = CIRCLE ( 'NONE', #3453, 10.22500050000000371 ) ;
#1663 = CARTESIAN_POINT ( 'NONE',  ( 1.176230886931862729, 14.51483715649647976, -29.02967431299297019 ) ) ;
#1664 = CYLINDRICAL_SURFACE ( 'NONE', #3736, 14.55000000000000071 ) ;
#1665 = CARTESIAN_POINT ( 'NONE',  ( -0.000000000000000000, 5.705700379010128387, -5.325191676143937514 ) ) ;
#1666 =( GEOMETRIC_REPRESENTATION_CONTEXT ( 3 ) GLOBAL_UNCERTAINTY_ASSIGNED_CONTEXT ( ( #4947 ) ) GLOBAL_UNIT_ASSIGNED_CONTEXT ( ( #6359, #599, #3236 ) ) REPRESENTATION_CONTEXT ( 'NONE', 'WORKASPACE' ) );
#1667 = FACE_OUTER_BOUND ( 'NONE', #4120, .T. ) ;
#1668 = SURFACE_STYLE_USAGE ( .BOTH. , #2578 ) ;
#1669 = DIRECTION ( 'NONE',  ( 1.000000000000000000, 0.000000000000000000, 0.000000000000000000 ) ) ;
#1670 =( GEOMETRIC_REPRESENTATION_CONTEXT ( 3 ) GLOBAL_UNCERTAINTY_ASSIGNED_CONTEXT ( ( #6758 ) ) GLOBAL_UNIT_ASSIGNED_CONTEXT ( ( #5715, #3610, #6231 ) ) REPRESENTATION_CONTEXT ( 'NONE', 'WORKASPACE' ) );
#1671 = FILL_AREA_STYLE ('',( #3749 ) ) ;
#1672 = STYLED_ITEM ( 'NONE', ( #6432 ), #862 ) ;
#1673 = DIRECTION ( 'NONE',  ( -3.749201334157305181E-32, -3.061556329880923285E-16, 1.000000000000000000 ) ) ;
#1674 = CARTESIAN_POINT ( 'NONE',  ( 1.075025253169417327, -14.35000000000000142, 2.636023215644007899E-15 ) ) ;
#1675 = DIRECTION ( 'NONE',  ( 0.000000000000000000, 1.000000000000000000, -6.123031769111901082E-17 ) ) ;
#1676 = PRESENTATION_LAYER_ASSIGNMENT (  '', '', ( #6497 ) ) ;
#1677 =( GEOMETRIC_REPRESENTATION_CONTEXT ( 3 ) GLOBAL_UNCERTAINTY_ASSIGNED_CONTEXT ( ( #2631 ) ) GLOBAL_UNIT_ASSIGNED_CONTEXT ( ( #6602, #234, #268 ) ) REPRESENTATION_CONTEXT ( 'NONE', 'WORKASPACE' ) );
#1678 = CARTESIAN_POINT ( 'NONE',  ( 8.129999999999999005, -14.51483715649649753, 29.02967431299296308 ) ) ;
#1679 = SURFACE_STYLE_USAGE ( .BOTH. , #4451 ) ;
#1680 = STYLED_ITEM ( 'NONE', ( #4914 ), #5431 ) ;
#1681 = ADVANCED_FACE ( 'NONE', ( #4530 ), #5052, .T. ) ;
#1682 = CARTESIAN_POINT ( 'NONE',  ( 0.5200000000000001288, -10.07622410128466761, -3.074210346771180102 ) ) ;
#1683 = CARTESIAN_POINT ( 'NONE',  ( -0.000000000000000000, -7.626893541893175588, 1.636347767036133494 ) ) ;
#1684 = MECHANICAL_DESIGN_GEOMETRIC_PRESENTATION_REPRESENTATION (  '', ( #5618 ), #2235 ) ;
#1685 = CIRCLE ( 'NONE', #1235, 16.00000000000000000 ) ;
#1686 = CARTESIAN_POINT ( 'NONE',  ( 5.442545997088832799, 12.41050538161100825, 2.102132231989689348 ) ) ;
#1687 = SURFACE_STYLE_FILL_AREA ( #6480 ) ;
#1688 =( NAMED_UNIT ( * ) SI_UNIT ( $, .STERADIAN. ) SOLID_ANGLE_UNIT ( ) );
#1689 = CARTESIAN_POINT ( 'NONE',  ( 8.480000000000000426, -7.699077894430121027, 7.185546829810961711 ) ) ;
#1690 = COLOUR_RGB ( '',0.6941176470588235059, 0.7529411764705882248, 0.8392156862745098200 ) ;
#1691 = ORIENTED_EDGE ( 'NONE', *, *, #1932, .T. ) ;
#1692 = CARTESIAN_POINT ( 'NONE',  ( 7.780000000000002913, 11.58415651652868306, -7.862013529840549353 ) ) ;
#1693 = DIRECTION ( 'NONE',  ( -1.000000000000000000, 0.000000000000000000, 0.000000000000000000 ) ) ;
#1694 = SURFACE_SIDE_STYLE ('',( #4784 ) ) ;
#1695 = VERTEX_POINT ( 'NONE', #1852 ) ;
#1696 = CARTESIAN_POINT ( 'NONE',  ( 1.220000000000000195, -1.705822765102684047, 13.92205926780044756 ) ) ;
#1697 = CARTESIAN_POINT ( 'NONE',  ( 0.5200000000000000178, -10.28722710540826668, 2.250632742212544724 ) ) ;
#1698 =( GEOMETRIC_REPRESENTATION_CONTEXT ( 3 ) GLOBAL_UNCERTAINTY_ASSIGNED_CONTEXT ( ( #3973 ) ) GLOBAL_UNIT_ASSIGNED_CONTEXT ( ( #114, #2804, #6115 ) ) REPRESENTATION_CONTEXT ( 'NONE', 'WORKASPACE' ) );
#1699 = PRESENTATION_STYLE_ASSIGNMENT (( #2673 ) ) ;
#1700 = CARTESIAN_POINT ( 'NONE',  ( 0.000000000000000000, 6.492525959495923260, -4.323352065298644575 ) ) ;
#1701 = CARTESIAN_POINT ( 'NONE',  ( 7.780000000000000249, -14.00006486312150855, 0.8561360890395742773 ) ) ;
#1702 = SURFACE_SIDE_STYLE ('',( #1137 ) ) ;
#1703 = PRESENTATION_LAYER_ASSIGNMENT (  '', '', ( #2695 ) ) ;
#1704 = EDGE_CURVE ( 'NONE', #5711, #5381, #625, .T. ) ;
#1705 =( NAMED_UNIT ( * ) PLANE_ANGLE_UNIT ( ) SI_UNIT ( $, .RADIAN. ) );
#1706 = SURFACE_STYLE_FILL_AREA ( #4796 ) ;
#1707 = DIRECTION ( 'NONE',  ( -1.000000000000000000, 1.224606353822379970E-16, 6.324939855608260769E-48 ) ) ;
#1708 = STYLED_ITEM ( 'NONE', ( #2525 ), #4225 ) ;
#1709 = CARTESIAN_POINT ( 'NONE',  ( 5.645076863632794151, -9.355855050800577999, 5.190855283913661466 ) ) ;
#1710 = CARTESIAN_POINT ( 'NONE',  ( 8.679999999999999716, 4.445906607407910549, -9.542869178946803643 ) ) ;
#1711 =( NAMED_UNIT ( * ) SI_UNIT ( $, .STERADIAN. ) SOLID_ANGLE_UNIT ( ) );
#1712 = CARTESIAN_POINT ( 'NONE',  ( 9.000000000000001776, -1.543494944069970565, 7.645824888126223406 ) ) ;
#1713 = CARTESIAN_POINT ( 'NONE',  ( -0.000000000000000000, -7.164808649476345437, 3.084364822999834832 ) ) ;
#1714 = CARTESIAN_POINT ( 'NONE',  ( 0.2999999999999998224, 16.00000000000000000, 31.99999999999998579 ) ) ;
#1715 = UNCERTAINTY_MEASURE_WITH_UNIT (LENGTH_MEASURE( 1.000000000000000082E-05 ), #6534, 'distance_accuracy_value', 'NONE');
#1716 = CARTESIAN_POINT ( 'NONE',  ( 8.329999999999985860, -13.45000000000003126, -4.117793263689852320E-15 ) ) ;
#1717 = FACE_OUTER_BOUND ( 'NONE', #4547, .T. ) ;
#1718 = EDGE_CURVE ( 'NONE', #1122, #3111, #138, .T. ) ;
#1719 = CARTESIAN_POINT ( 'NONE',  ( 8.480000000000003979, -5.458976968530190987, 8.999096241907700744 ) ) ;
#1720 = ORIENTED_EDGE ( 'NONE', *, *, #3339, .F. ) ;
#1721 = CARTESIAN_POINT ( 'NONE',  ( 8.130000000000002558, -6.735334946023070236E-17, 0.000000000000000000 ) ) ;
#1722 = CARTESIAN_POINT ( 'NONE',  ( 0.07868720907987354629, -14.51483715649648509, 2.701484091557547011E-15 ) ) ;
#1723 = CARTESIAN_POINT ( 'NONE',  ( 9.000000000000001776, 2.993272501209311987, -7.202877213241881904 ) ) ;
#1724 = CARTESIAN_POINT ( 'NONE',  ( 0.3199999999999972311, 8.412001933579446700, 6.367264803177947741 ) ) ;
#1725 = DIRECTION ( 'NONE',  ( 1.000000000000000000, -0.000000000000000000, -0.000000000000000000 ) ) ;
#1726 = EDGE_LOOP ( 'NONE', ( #6762, #3584 ) ) ;
#1727 = ORIENTED_EDGE ( 'NONE', *, *, #4650, .T. ) ;
#1728 = CARTESIAN_POINT ( 'NONE',  ( 1.219999999999999973, 2.519589708611769563, 13.77143574030786155 ) ) ;
#1729 =( GEOMETRIC_REPRESENTATION_CONTEXT ( 3 ) GLOBAL_UNCERTAINTY_ASSIGNED_CONTEXT ( ( #3829 ) ) GLOBAL_UNIT_ASSIGNED_CONTEXT ( ( #1756, #6551, #676 ) ) REPRESENTATION_CONTEXT ( 'NONE', 'WORKASPACE' ) );
#1730 = CARTESIAN_POINT ( 'NONE',  ( 0.5200000000000000178, -9.802377377084322774, 3.832879081347358330 ) ) ;
#1731 = CARTESIAN_POINT ( 'NONE',  ( 3.698353735049866309, 8.993721494056613253, -17.98744298811323716 ) ) ;
#1732 = CARTESIAN_POINT ( 'NONE',  ( 4.500000000000000888, -11.09683062870710302, -4.038916043542902123 ) ) ;
#1733 = CARTESIAN_POINT ( 'NONE',  ( 8.380000000000002558, 10.22500049999999483, 20.45000100000000387 ) ) ;
#1734 = FILL_AREA_STYLE_COLOUR ( '', #4584 ) ;
#1735 = FILL_AREA_STYLE ('',( #1835 ) ) ;
#1736 = CARTESIAN_POINT ( 'NONE',  ( 0.000000000000000000, 0.000000000000000000, 14.55000000000000071 ) ) ;
#1737 = FILL_AREA_STYLE_COLOUR ( '', #2568 ) ;
#1738 = CARTESIAN_POINT ( 'NONE',  ( 1.220000000000000195, 13.05841734013698030, -5.047627430560845063 ) ) ;
#1739 = MECHANICAL_DESIGN_GEOMETRIC_PRESENTATION_REPRESENTATION (  '', ( #6775 ), #52 ) ;
#1740 = CARTESIAN_POINT ( 'NONE',  ( 8.680000000000006821, 1.835965895479545251, 10.36364998434241969 ) ) ;
#1741 = EDGE_CURVE ( 'NONE', #4748, #3341, #3002, .T. ) ;
#1742 = FILL_AREA_STYLE_COLOUR ( '', #2552 ) ;
#1743 = CARTESIAN_POINT ( 'NONE',  ( 8.679999999999999716, -1.637990194927285925, -10.39731063015150347 ) ) ;
#1744 = ORIENTED_EDGE ( 'NONE', *, *, #711, .F. ) ;
#1745 = CARTESIAN_POINT ( 'NONE',  ( 9.000000000000003553, 4.718660655038100948, 6.234130950262782633 ) ) ;
#1746 = CARTESIAN_POINT ( 'NONE',  ( -0.000000000000000000, -7.800064853541526233, 0.4769137077534805758 ) ) ;
#1747 = FACE_OUTER_BOUND ( 'NONE', #5019, .T. ) ;
#1748 = FILL_AREA_STYLE_COLOUR ( '', #5614 ) ;
#1749 = SURFACE_STYLE_FILL_AREA ( #5423 ) ;
#1750 = VERTEX_POINT ( 'NONE', #733 ) ;
#1751 = VERTEX_POINT ( 'NONE', #2333 ) ;
#1752 = CARTESIAN_POINT ( 'NONE',  ( 7.780000000000000249, 12.85996201843591003, -5.535944386290259978 ) ) ;
#1753 = CARTESIAN_POINT ( 'NONE',  ( 0.8699999999999998845, -14.51483715649648154, 29.02967431299297374 ) ) ;
#1754 = CARTESIAN_POINT ( 'NONE',  ( 9.000000000000001776, 7.783751096894969912, -0.5945555826203557936 ) ) ;
#1755 = CARTESIAN_POINT ( 'NONE',  ( 0.3199999999999956768, 10.28722710540922058, 2.250632742211972737 ) ) ;
#1756 =( LENGTH_UNIT ( ) NAMED_UNIT ( * ) SI_UNIT ( .MILLI., .METRE. ) );
#1757 = VERTEX_POINT ( 'NONE', #3404 ) ;
#1758 = CARTESIAN_POINT ( 'NONE',  ( 1.219999999999999973, -12.55003330687941521, 6.236303330818445012 ) ) ;
#1759 = CARTESIAN_POINT ( 'NONE',  ( 0.5200000000000000178, -8.999096241908132399, 5.458976968529945850 ) ) ;
#1760 = MECHANICAL_DESIGN_GEOMETRIC_PRESENTATION_REPRESENTATION (  '', ( #867 ), #970 ) ;
#1761 = CARTESIAN_POINT ( 'NONE',  ( 2.671465744100001594, -10.22500050000000549, 1.878281442367359311E-15 ) ) ;
#1762 = EDGE_CURVE ( 'NONE', #4704, #1796, #5553, .T. ) ;
#1763 = SURFACE_STYLE_FILL_AREA ( #6558 ) ;
#1764 =( NAMED_UNIT ( * ) PLANE_ANGLE_UNIT ( ) SI_UNIT ( $, .RADIAN. ) );
#1765 = CARTESIAN_POINT ( 'NONE',  ( 5.645076863632790598, -9.355855050800585104, -2.886976803172140560 ) ) ;
#1766 = AXIS2_PLACEMENT_3D ( 'NONE', #3196, #2659, #2625 ) ;
#1767 = COLOUR_RGB ( '',0.5098039215686274161, 0.5098039215686274161, 0.5490196078431373028 ) ;
#1768 = DIRECTION ( 'NONE',  ( 2.382861917550559050E-17, 6.123031769111889989E-17, 1.000000000000000000 ) ) ;
#1769 = CARTESIAN_POINT ( 'NONE',  ( 0.6199999999999998845, 0.000000000000000000, 10.22500050000000371 ) ) ;
#1770 = CARTESIAN_POINT ( 'NONE',  ( 8.999999999999996447, 15.69999999999998863, -31.39999999999999858 ) ) ;
#1771 = AXIS2_PLACEMENT_3D ( 'NONE', #6831, #804, #1360 ) ;
#1772 = CARTESIAN_POINT ( 'NONE',  ( 1.219999999999999973, 8.355224251636037991, -11.23811823502124163 ) ) ;
#1773 = ORIENTED_EDGE ( 'NONE', *, *, #4837, .F. ) ;
#1774 = MECHANICAL_DESIGN_GEOMETRIC_PRESENTATION_REPRESENTATION (  '', ( #6034 ), #5705 ) ;
#1775 = CARTESIAN_POINT ( 'NONE',  ( 8.680000000000008598, -4.161873780651020205, 9.667920872250343578 ) ) ;
#1776 = VECTOR ( 'NONE', #4491, 1000.000000000000000 ) ;
#1777 = CARTESIAN_POINT ( 'NONE',  ( 8.679999999999999716, 3.956780790856948560, -9.753023726624668654 ) ) ;
#1778 = PRESENTATION_LAYER_ASSIGNMENT (  '', '', ( #5939 ) ) ;
#1779 =( NAMED_UNIT ( * ) PLANE_ANGLE_UNIT ( ) SI_UNIT ( $, .RADIAN. ) );
#1780 = FILL_AREA_STYLE_COLOUR ( '', #4773 ) ;
#1781 = CIRCLE ( 'NONE', #3701, 0.2999999999999981570 ) ;
#1782 = CARTESIAN_POINT ( 'NONE',  ( 9.000000000000001776, -1.448609838834965524, 7.664358147291741474 ) ) ;
#1783 = CARTESIAN_POINT ( 'NONE',  ( 7.780000000000002025, 11.84576243687793884, 7.462014705359243827 ) ) ;
#1784 = CARTESIAN_POINT ( 'NONE',  ( 9.000000000000000000, 7.799999999999999822, -1.106159976983767270E-15 ) ) ;
#1785 = UNCERTAINTY_MEASURE_WITH_UNIT (LENGTH_MEASURE( 1.000000000000000082E-05 ), #656, 'distance_accuracy_value', 'NONE');
#1786 = AXIS2_PLACEMENT_3D ( 'NONE', #4387, #4873, #5473 ) ;
#1787 = STYLED_ITEM ( 'NONE', ( #3386 ), #5278 ) ;
#1788 = PRODUCT ( '6002-2z', '6002-2z', '', ( #247 ) ) ;
#1789 = CARTESIAN_POINT ( 'NONE',  ( 8.480000000000000426, -10.33343986787506985, 1.999022335141861006 ) ) ;
#1790 = ORIENTED_EDGE ( 'NONE', *, *, #2523, .T. ) ;
#1791 = EDGE_CURVE ( 'NONE', #2268, #2442, #3433, .T. ) ;
#1792 = VERTEX_POINT ( 'NONE', #6174 ) ;
#1793 = CARTESIAN_POINT ( 'NONE',  ( 2.671465744100001594, 10.22500050000000549, -6.260800290068497618E-16 ) ) ;
#1794 = FACE_OUTER_BOUND ( 'NONE', #2864, .T. ) ;
#1795 = CARTESIAN_POINT ( 'NONE',  ( 9.000000000000001776, 7.275455186494435011, -2.812244571404978633 ) ) ;
#1796 = VERTEX_POINT ( 'NONE', #871 ) ;
#1797 = CARTESIAN_POINT ( 'NONE',  ( 0.3199999999999965095, 9.655181985510960629, 4.204740368895183877 ) ) ;
#1798 = CARTESIAN_POINT ( 'NONE',  ( 1.219999999999999973, -3.323687055032254811, 13.60314345160637650 ) ) ;
#1799 = CIRCLE ( 'NONE', #4168, 13.00199161366772493 ) ;
#1800 = CARTESIAN_POINT ( 'NONE',  ( 0.5200000000000000178, 3.314578863179929780, 9.992066394825132036 ) ) ;
#1801 = CARTESIAN_POINT ( 'NONE',  ( 3.354923136367209402, 7.305243633907714695, -8.742618444552910262 ) ) ;
#1802 = DIRECTION ( 'NONE',  ( 0.000000000000000000, 0.000000000000000000, 1.000000000000000000 ) ) ;
#1803 =( BOUNDED_SURFACE ( )  B_SPLINE_SURFACE ( 3, 3, ( 
 ( #1276, #1247, #4970, #242 ),
 ( #6611, #795, #158, #197 ),
 ( #1839, #6566, #6671, #2418 ),
 ( #3425, #4446, #4585, #6197 ) ),
 .UNSPECIFIED., .F., .F., .T. ) 
 B_SPLINE_SURFACE_WITH_KNOTS ( ( 4, 4 ),
 ( 4, 4 ),
 ( 0.000000000000000000, 1.000000000000000000 ),
 ( 0.000000000000000000, 1.000000000000000000 ),
 .UNSPECIFIED. ) 
 GEOMETRIC_REPRESENTATION_ITEM ( )  RATIONAL_B_SPLINE_SURFACE ( (
 ( 1.000000000000000000, 0.3333333333333334259, 0.3333333333333334259, 1.000000000000000000),
 ( 0.8200391923007857020, 0.2733463974335952895, 0.2733463974335952895, 0.8200391923007857020),
 ( 0.8200391923007857020, 0.2733463974335952895, 0.2733463974335952895, 0.8200391923007857020),
 ( 1.000000000000000000, 0.3333333333333334259, 0.3333333333333334259, 1.000000000000000000) ) ) 
 REPRESENTATION_ITEM ( '' )  SURFACE ( )  );
#1804 = DIRECTION ( 'NONE',  ( 1.000000000000000000, -0.000000000000000000, -0.000000000000000000 ) ) ;
#1805 = DIRECTION ( 'NONE',  ( 1.000000000000000000, -1.224606353822380216E-16, -6.446863596467668767E-47 ) ) ;
#1806 = ORIENTED_EDGE ( 'NONE', *, *, #1914, .F. ) ;
#1807 = SURFACE_STYLE_FILL_AREA ( #1241 ) ;
#1808 = EDGE_CURVE ( 'NONE', #2588, #160, #350, .T. ) ;
#1809 = CIRCLE ( 'NONE', #6847, 13.10833350000002895 ) ;
#1810 = CARTESIAN_POINT ( 'NONE',  ( 8.999999999999996447, -15.87573593128806948, 2.916293273889135249E-15 ) ) ;
#1811 = CARTESIAN_POINT ( 'NONE',  ( 1.219999999999999751, 11.78234726370554775, -7.561731025761655900 ) ) ;
#1812 = VERTEX_POINT ( 'NONE', #4635 ) ;
#1813 = CARTESIAN_POINT ( 'NONE',  ( 3.354923136367205849, 0.3096358389863438920, -12.78153448809575643 ) ) ;
#1814 = CARTESIAN_POINT ( 'NONE',  ( 8.680000000000006821, 3.314578863179657553, 9.992066394825918962 ) ) ;
#1815 = CARTESIAN_POINT ( 'NONE',  ( 1.219999999999971774, 1.663911929113566567E-15, 13.58687198849534994 ) ) ;
#1816 = CARTESIAN_POINT ( 'NONE',  ( 8.679999999999996163, 1.999022335139679418, -10.33343986787552993 ) ) ;
#1817 = MECHANICAL_DESIGN_GEOMETRIC_PRESENTATION_REPRESENTATION (  '', ( #2040 ), #21 ) ;
#1818 = CARTESIAN_POINT ( 'NONE',  ( 9.000000000000000000, 7.202877213241871246, 2.993272501209582437 ) ) ;
#1819 = DIRECTION ( 'NONE',  ( 0.000000000000000000, 6.123031769111889989E-17, 1.000000000000000000 ) ) ;
#1820 = DIRECTION ( 'NONE',  ( 0.8829475928589270994, 0.000000000000000000, -0.4694715627858904727 ) ) ;
#1821 = PRESENTATION_LAYER_ASSIGNMENT (  '', '', ( #2705 ) ) ;
#1822 =( NAMED_UNIT ( * ) PLANE_ANGLE_UNIT ( ) SI_UNIT ( $, .RADIAN. ) );
#1823 = ORIENTED_EDGE ( 'NONE', *, *, #4888, .T. ) ;
#1824 = ORIENTED_EDGE ( 'NONE', *, *, #3293, .T. ) ;
#1825 = CARTESIAN_POINT ( 'NONE',  ( 7.780000000000002913, 8.469612521751015422, -11.18928603697677815 ) ) ;
#1826 = CARTESIAN_POINT ( 'NONE',  ( 7.580000000000000071, 4.333342374871280669E-31, 0.000000000000000000 ) ) ;
#1827 = CARTESIAN_POINT ( 'NONE',  ( 9.000000000000003553, 4.380430825270339668, -6.454174252069305062 ) ) ;
#1828 = EDGE_LOOP ( 'NONE', ( #4377, #6140 ) ) ;
#1829 = EDGE_CURVE ( 'NONE', #1796, #3277, #3348, .T. ) ;
#1830 = CARTESIAN_POINT ( 'NONE',  ( 8.379999999999999005, -10.22500049999999661, -20.45000100000002163 ) ) ;
#1831 = CARTESIAN_POINT ( 'NONE',  ( 8.329999999999989413, 13.45000000000003126, 5.764943208543045270E-15 ) ) ;
#1832 = CARTESIAN_POINT ( 'NONE',  ( 0.5199999999999999067, 5.609946153526116142, 8.905734099171134233 ) ) ;
#1833 = CARTESIAN_POINT ( 'NONE',  ( 6.328534255899996630, -10.22500050000000549, -20.45000099999999321 ) ) ;
#1834 = CARTESIAN_POINT ( 'NONE',  ( 0.3199999999999990630, -10.52500050000000265, 1.942843962570397462E-15 ) ) ;
#1835 = FILL_AREA_STYLE_COLOUR ( '', #3015 ) ;
#1836 = PRESENTATION_STYLE_ASSIGNMENT (( #5038 ) ) ;
#1837 = PRESENTATION_STYLE_ASSIGNMENT (( #6605 ) ) ;
#1838 = CARTESIAN_POINT ( 'NONE',  ( 1.220000000000000195, -3.654217838195553902, -13.52812398064128097 ) ) ;
#1839 = CARTESIAN_POINT ( 'NONE',  ( 7.823769113068127723, 14.51483715649648687, 2.715371890841367723E-15 ) ) ;
#1840 = CARTESIAN_POINT ( 'NONE',  ( 8.680000000000005045, -8.905734099171755958, 5.609946153525306123 ) ) ;
#1841 = CARTESIAN_POINT ( 'NONE',  ( 12.70120210215393541, -16.43109758545389099, 8.869885005747605078 ) ) ;
#1842 = CIRCLE ( 'NONE', #5778, 14.55000000000000071 ) ;
#1843 = CARTESIAN_POINT ( 'NONE',  ( 8.679999999999997939, -1.836029079852700141, -10.36363829520411173 ) ) ;
#1844 = AXIS2_PLACEMENT_3D ( 'NONE', #1964, #5210, #398 ) ;
#1845 =( NAMED_UNIT ( * ) SI_UNIT ( $, .STERADIAN. ) SOLID_ANGLE_UNIT ( ) );
#1846 = CARTESIAN_POINT ( 'NONE',  ( 1.219999999999999973, 14.20502525316941878, 28.41005050633881979 ) ) ;
#1847 = ADVANCED_FACE ( 'NONE', ( #1956 ), #3702, .F. ) ;
#1848 = ADVANCED_FACE ( 'NONE', ( #3473 ), #2545, .F. ) ;
#1849 = FILL_AREA_STYLE_COLOUR ( '', #3444 ) ;
#1850 = UNCERTAINTY_MEASURE_WITH_UNIT (LENGTH_MEASURE( 1.000000000000000082E-05 ), #2629, 'distance_accuracy_value', 'NONE');
#1851 = CIRCLE ( 'NONE', #2854, 0.3499999999999996447 ) ;
#1852 = CARTESIAN_POINT ( 'NONE',  ( 7.980000000000003091, 10.22500050000000194, 1.273290724866148229E-47 ) ) ;
#1853 = DIRECTION ( 'NONE',  ( 0.000000000000000000, 0.000000000000000000, 1.000000000000000000 ) ) ;
#1854 = EDGE_LOOP ( 'NONE', ( #1790, #6484, #1960, #4369, #64 ) ) ;
#1855 =( GEOMETRIC_REPRESENTATION_CONTEXT ( 3 ) GLOBAL_UNCERTAINTY_ASSIGNED_CONTEXT ( ( #5802 ) ) GLOBAL_UNIT_ASSIGNED_CONTEXT ( ( #6573, #1779, #1845 ) ) REPRESENTATION_CONTEXT ( 'NONE', 'WORKASPACE' ) );
#1856 = ORIENTED_EDGE ( 'NONE', *, *, #2636, .T. ) ;
#1857 = CARTESIAN_POINT ( 'NONE',  ( 6.328534255899996630, -10.22500050000000194, 1.878281442367358522E-15 ) ) ;
#1858 = CARTESIAN_POINT ( 'NONE',  ( 0.6199999999999999956, -10.42500050000000122, 1.924205191768822025E-15 ) ) ;
#1859 = CARTESIAN_POINT ( 'NONE',  ( 9.000000000000001776, -4.211933004074558617, -6.565369242161067653 ) ) ;
#1860 = ORIENTED_EDGE ( 'NONE', *, *, #2022, .F. ) ;
#1861 = CARTESIAN_POINT ( 'NONE',  ( 8.680000000000003268, -10.34926456871193068, -3.168485644995237187E-15 ) ) ;
#1862 =( NAMED_UNIT ( * ) SI_UNIT ( $, .STERADIAN. ) SOLID_ANGLE_UNIT ( ) );
#1863 = AXIS2_PLACEMENT_3D ( 'NONE', #3110, #1950, #5271 ) ;
#1864 = CARTESIAN_POINT ( 'NONE',  ( 1.220000000000000417, 12.99517521805208986, 5.208287949176482634 ) ) ;
#1865 = CARTESIAN_POINT ( 'NONE',  ( 5.645076863632791486, -4.163524672093483758, 11.37883366667385410 ) ) ;
#1866 = LINE ( 'NONE', #5063, #2700 ) ;
#1867 =( NAMED_UNIT ( * ) SI_UNIT ( $, .STERADIAN. ) SOLID_ANGLE_UNIT ( ) );
#1868 = CARTESIAN_POINT ( 'NONE',  ( 4.611051947974979193, -11.42868696506153903, 1.273648670121519721 ) ) ;
#1869 = CARTESIAN_POINT ( 'NONE',  ( 5.141764753776215002, 14.13099999999999667, -8.878270312038602301E-16 ) ) ;
#1870 = VERTEX_POINT ( 'NONE', #547 ) ;
#1871 = EDGE_CURVE ( 'NONE', #3111, #1122, #4943, .T. ) ;
#1872 = DIRECTION ( 'NONE',  ( -1.000000000000000000, 0.000000000000000000, 0.000000000000000000 ) ) ;
#1873 = COLOUR_RGB ( '',0.5098039215686274161, 0.5098039215686274161, 0.5490196078431373028 ) ;
#1874 = COLOUR_RGB ( '',0.5098039215686274161, 0.5098039215686274161, 0.5490196078431373028 ) ;
#1875 = CARTESIAN_POINT ( 'NONE',  ( 1.220000000000000417, 12.84297020014664525, -5.593055116877100552 ) ) ;
#1876 = CARTESIAN_POINT ( 'NONE',  ( 4.611051947974988074, 1.718755080538421076, -6.317030534060576130 ) ) ;
#1877 = CARTESIAN_POINT ( 'NONE',  ( 8.680000000000006821, 3.715076583182732595, 9.847626207425106415 ) ) ;
#1878 = AXIS2_PLACEMENT_3D ( 'NONE', #4325, #3570, #1278 ) ;
#1879 = DIRECTION ( 'NONE',  ( -1.000000000000000000, -0.000000000000000000, -0.000000000000000000 ) ) ;
#1880 = STYLED_ITEM ( 'NONE', ( #4783 ), #4313 ) ;
#1881 = CARTESIAN_POINT ( 'NONE',  ( 8.680000000000001492, 3.556992897980375545, -9.911618546507190430 ) ) ;
#1882 = PRESENTATION_LAYER_ASSIGNMENT (  '', '', ( #431 ) ) ;
#1883 = STYLED_ITEM ( 'NONE', ( #2599 ), #563 ) ;
#1884 = CARTESIAN_POINT ( 'NONE',  ( 0.5200000000000000178, 10.52500050000000265, -1.189586300145496267E-15 ) ) ;
#1885 = APPLICATION_PROTOCOL_DEFINITION ( 'draft international standard', 'automotive_design', 1998, #5008 ) ;
#1886 = CARTESIAN_POINT ( 'NONE',  ( 5.442545997088830134, 12.41050538161101358, 2.102132231989687572 ) ) ;
#1887 = PRESENTATION_LAYER_ASSIGNMENT (  '', '', ( #769 ) ) ;
#1888 = MECHANICAL_DESIGN_GEOMETRIC_PRESENTATION_REPRESENTATION (  '', ( #5939 ), #2324 ) ;
#1889 = CARTESIAN_POINT ( 'NONE',  ( 8.699999999999999289, -7.500000000000001776, 1.405266731684784881E-15 ) ) ;
#1890 = FILL_AREA_STYLE ('',( #5685 ) ) ;
#1891 = DIRECTION ( 'NONE',  ( 1.000000000000000000, 0.000000000000000000, 0.000000000000000000 ) ) ;
#1892 = ORIENTED_EDGE ( 'NONE', *, *, #5342, .T. ) ;
#1893 = ADVANCED_FACE ( 'NONE', ( #1109 ), #5176, .T. ) ;
#1894 = STYLED_ITEM ( 'NONE', ( #4686 ), #1159 ) ;
#1895 = ORIENTED_EDGE ( 'NONE', *, *, #3919, .F. ) ;
#1896 =( LENGTH_UNIT ( ) NAMED_UNIT ( * ) SI_UNIT ( .MILLI., .METRE. ) );
#1897 = CARTESIAN_POINT ( 'NONE',  ( 0.5200000000000001288, 2.498755345904207115, -10.22663357711799748 ) ) ;
#1898 = CARTESIAN_POINT ( 'NONE',  ( 9.000000000000001776, -1.388240317549637837, -7.675529549962663900 ) ) ;
#1899 = ORIENTED_EDGE ( 'NONE', *, *, #4837, .T. ) ;
#1900 = CARTESIAN_POINT ( 'NONE',  ( 0.3199999999999981193, 5.003040405836298277, 9.271915096386463162 ) ) ;
#1901 = SURFACE_STYLE_FILL_AREA ( #5493 ) ;
#1902 = CARTESIAN_POINT ( 'NONE',  ( 1.219999999999999751, 6.958154849438866307, 12.15255732349116258 ) ) ;
#1903 = VECTOR ( 'NONE', #137, 1000.000000000000000 ) ;
#1904 = DIRECTION ( 'NONE',  ( -1.000000000000000000, 0.000000000000000000, 0.000000000000000000 ) ) ;
#1905 = DIRECTION ( 'NONE',  ( 0.000000000000000000, 0.000000000000000000, -1.000000000000000000 ) ) ;
#1906 = CARTESIAN_POINT ( 'NONE',  ( 7.924974746830588224, 14.34999999999998543, 28.70000000000000284 ) ) ;
#1907 = CARTESIAN_POINT ( 'NONE',  ( 0.8699999999999999956, -14.51483715649648687, 2.682678849998635516E-15 ) ) ;
#1908 =( NAMED_UNIT ( * ) PLANE_ANGLE_UNIT ( ) SI_UNIT ( $, .RADIAN. ) );
#1909 = CARTESIAN_POINT ( 'NONE',  ( 2.320898220709399773, -14.91063812087456775, -1.030229810619993414 ) ) ;
#1910 = ORIENTED_EDGE ( 'NONE', *, *, #4118, .F. ) ;
#1911 =( LENGTH_UNIT ( ) NAMED_UNIT ( * ) SI_UNIT ( .MILLI., .METRE. ) );
#1912 = CARTESIAN_POINT ( 'NONE',  ( 8.680000000000003268, 10.34562986253565242, 1.934931853067466401 ) ) ;
#1913 = CARTESIAN_POINT ( 'NONE',  ( 7.779999999999999361, 12.15255732349686646, 6.958154849427614863 ) ) ;
#1914 = EDGE_CURVE ( 'NONE', #3525, #6394, #5377, .T. ) ;
#1915 = CARTESIAN_POINT ( 'NONE',  ( 0.1700000000000049527, 13.65000000000000391, 27.30000000000000071 ) ) ;
#1916 = CYLINDRICAL_SURFACE ( 'NONE', #4557, 10.22500050000000194 ) ;
#1917 = CARTESIAN_POINT ( 'NONE',  ( 0.3199999999999919575, -6.059894248023243613, -8.605943207389225691 ) ) ;
#1918 = VERTEX_POINT ( 'NONE', #4293 ) ;
#1919 =( GEOMETRIC_REPRESENTATION_CONTEXT ( 3 ) GLOBAL_UNCERTAINTY_ASSIGNED_CONTEXT ( ( #6621 ) ) GLOBAL_UNIT_ASSIGNED_CONTEXT ( ( #5435, #3776, #5332 ) ) REPRESENTATION_CONTEXT ( 'NONE', 'WORKASPACE' ) );
#1920 = CARTESIAN_POINT ( 'NONE',  ( 1.075025253169417327, -14.34999999999999609, 28.69999999999999929 ) ) ;
#1921 = LINE ( 'NONE', #6867, #5257 ) ;
#1922 = UNCERTAINTY_MEASURE_WITH_UNIT (LENGTH_MEASURE( 1.000000000000000082E-05 ), #1221, 'distance_accuracy_value', 'NONE');
#1923 = CARTESIAN_POINT ( 'NONE',  ( 0.1242640687119284104, -7.499999999999999112, 1.377712482043906266E-15 ) ) ;
#1924 = EDGE_LOOP ( 'NONE', ( #2830, #1720, #1519, #2058 ) ) ;
#1925 = B_SPLINE_CURVE_WITH_KNOTS ( 'NONE', 3,
 ( #1504, #1477, #2940, #4121, #5691, #1435, #945, #881, #5171, #1364, #424, #5088, #5799, #1961, #2973, #3658, #1398, #6284, #285, #2515, #2401, #6838, #359, #3586, #840, #6179, #3624, #320, #2482, #4641, #3509, #6245, #5206, #4606, #5766, #4561, #6320, #3084, #6691, #1897, #5245, #2555, #5655, #917, #4674, #5734, #2439, #6728, #6797, #3013, #1928, #4715, #4196, #1995, #4087, #6215, #4160, #3546, #2033, #525, #4809, #3694, #4848, #4302, #1614, #5907, #1011, #3790, #6445, #3759, #2654, #588, #6415, #1047, #1116, #1645, #5940, #462, #32, #59, #980, #5839, #3826, #2196, #1682, #2163, #1, #4326, #2134, #3267, #1584, #1073, #5384, #2716 ),
 .UNSPECIFIED., .F., .F.,
 ( 4, 1, 1, 1, 1, 2, 2, 1, 1, 1, 2, 2, 1, 1, 2, 2, 2, 1, 1, 2, 2, 1, 1, 1, 2, 2, 1, 1, 1, 1, 2, 2, 2, 1, 1, 1, 1, 2, 2, 1, 1, 1, 2, 2, 1, 1, 2, 2, 2, 1, 1, 2, 2, 1, 1, 1, 2, 2, 1, 1, 1, 1, 2, 2, 4 ),
 ( 0.2500000000000000000, 0.2656250000000002220, 0.2734375000000003331, 0.2773437500000003886, 0.2792968750000003886, 0.2802734375000003886, 0.2812500000000004441, 0.2968750000000005551, 0.3046875000000006106, 0.3085937500000006106, 0.3105468750000006106, 0.3125000000000006661, 0.3281250000000009992, 0.3359375000000012212, 0.3398437500000012768, 0.3437500000000013323, 0.3750000000000016653, 0.3906250000000018874, 0.3984375000000019429, 0.4023437500000019984, 0.4062500000000019984, 0.4218750000000019984, 0.4296875000000019984, 0.4335937500000019984, 0.4355468750000019984, 0.4375000000000020539, 0.4531250000000019984, 0.4609375000000019984, 0.4648437500000019984, 0.4667968750000019984, 0.4677734375000019984, 0.4687500000000019429, 0.5000000000000016653, 0.5156250000000015543, 0.5234375000000015543, 0.5273437500000014433, 0.5292968750000013323, 0.5302734375000014433, 0.5312500000000014433, 0.5468750000000012212, 0.5546875000000011102, 0.5585937500000011102, 0.5605468750000009992, 0.5625000000000008882, 0.5781250000000005551, 0.5859375000000004441, 0.5898437500000003331, 0.5937500000000002220, 0.6250000000000000000, 0.6406250000000000000, 0.6484375000000000000, 0.6523437500000000000, 0.6562500000000000000, 0.6718749999999998890, 0.6796874999999997780, 0.6835937499999997780, 0.6855468749999997780, 0.6874999999999997780, 0.7031249999999996669, 0.7109374999999995559, 0.7148437499999995559, 0.7167968749999995559, 0.7177734374999995559, 0.7187499999999995559, 0.7500000000000000000 ),
 .UNSPECIFIED. ) ;
#1926 = ORIENTED_EDGE ( 'NONE', *, *, #4628, .F. ) ;
#1927 = FILL_AREA_STYLE_COLOUR ( '', #3157 ) ;
#1928 = CARTESIAN_POINT ( 'NONE',  ( 0.5200000000000000178, -1.637788826839486234, -10.39734788334105176 ) ) ;
#1929 = CARTESIAN_POINT ( 'NONE',  ( 9.000000000000003553, -1.007727611285139657, -7.736268647657401409 ) ) ;
#1930 = CIRCLE ( 'NONE', #6686, 16.00000000000000000 ) ;
#1931 = CARTESIAN_POINT ( 'NONE',  ( 8.830000000000000071, -13.64999999999999680, -4.179024390287459939E-15 ) ) ;
#1932 = EDGE_CURVE ( 'NONE', #3437, #4261, #4145, .T. ) ;
#1933 = CARTESIAN_POINT ( 'NONE',  ( 0.3199999999999985634, 1.957119027922817445, 10.34145760591791685 ) ) ;
#1934 = CARTESIAN_POINT ( 'NONE',  ( 0.000000000000000000, 0.000000000000000000, 0.000000000000000000 ) ) ;
#1935 = CARTESIAN_POINT ( 'NONE',  ( 1.220000000000000195, 13.60314345160611893, 3.323687055033921478 ) ) ;
#1936 = CARTESIAN_POINT ( 'NONE',  ( 6.187234222033129782, 0.000000000000000000, 13.43000050000000023 ) ) ;
#1937 = EDGE_CURVE ( 'NONE', #4136, #5143, #652, .T. ) ;
#1938 = CARTESIAN_POINT ( 'NONE',  ( 8.680000000000001492, 10.52500050000000265, 7.375436318164603546E-15 ) ) ;
#1939 = CARTESIAN_POINT ( 'NONE',  ( 6.187234222033133335, -13.43000050000000023, 2.488485120737278892E-15 ) ) ;
#1940 = FILL_AREA_STYLE ('',( #1409 ) ) ;
#1941 = SURFACE_STYLE_FILL_AREA ( #2989 ) ;
#1942 = CARTESIAN_POINT ( 'NONE',  ( 1.219999999999999973, -12.97306643233016388, -5.263120434605407461 ) ) ;
#1943 = ORIENTED_EDGE ( 'NONE', *, *, #6399, .T. ) ;
#1944 = DIRECTION ( 'NONE',  ( 0.000000000000000000, 1.000000000000000000, -6.123031769111887524E-17 ) ) ;
#1945 = CARTESIAN_POINT ( 'NONE',  ( -0.000000000000000000, -1.636347767037073186, -7.626893541892642681 ) ) ;
#1946 = CARTESIAN_POINT ( 'NONE',  ( 7.780000000000002025, 4.089113562163688265, 13.40308086617352323 ) ) ;
#1947 = CARTESIAN_POINT ( 'NONE',  ( 3.354923136367209846, -12.83780620661361915, 2.886976803172139672 ) ) ;
#1948 = CARTESIAN_POINT ( 'NONE',  ( 3.858235246223784998, -14.13099999999999667, 2.595794011168325473E-15 ) ) ;
#1949 = CARTESIAN_POINT ( 'NONE',  ( 0.3199999999999916800, -4.161873780652041610, -9.667920872248940256 ) ) ;
#1950 = DIRECTION ( 'NONE',  ( -1.000000000000000000, 0.000000000000000000, 0.000000000000000000 ) ) ;
#1951 = EDGE_CURVE ( 'NONE', #1307, #3622, #1324, .T. ) ;
#1952 = EDGE_LOOP ( 'NONE', ( #1926, #5653 ) ) ;
#1953 = CARTESIAN_POINT ( 'NONE',  ( 12.70120210215396384, -11.23876720674681629, -5.395925464098395352 ) ) ;
#1954 = CARTESIAN_POINT ( 'NONE',  ( 0.000000000000000000, -7.799999999999998046, 15.59999999999999964 ) ) ;
#1955 = SURFACE_STYLE_FILL_AREA ( #3649 ) ;
#1956 = FACE_OUTER_BOUND ( 'NONE', #2507, .T. ) ;
#1957 = CARTESIAN_POINT ( 'NONE',  ( 8.999999999999998224, 7.799999999999999822, 15.59999999999999609 ) ) ;
#1958 = ORIENTED_EDGE ( 'NONE', *, *, #173, .F. ) ;
#1959 =( LENGTH_UNIT ( ) NAMED_UNIT ( * ) SI_UNIT ( .MILLI., .METRE. ) );
#1960 = ORIENTED_EDGE ( 'NONE', *, *, #689, .F. ) ;
#1961 = CARTESIAN_POINT ( 'NONE',  ( 0.5200000000000001288, 9.847626207424704958, -3.715076583183415160 ) ) ;
#1962 = CARTESIAN_POINT ( 'NONE',  ( 9.000000000000001776, -7.658078697199311335, -1.481484670292825490 ) ) ;
#1963 = CARTESIAN_POINT ( 'NONE',  ( 0.3199999999999970646, -8.448620297009444613, 6.281383935465632895 ) ) ;
#1964 = CARTESIAN_POINT ( 'NONE',  ( 0.2999999999999998224, 0.000000000000000000, 0.000000000000000000 ) ) ;
#1965 =( NAMED_UNIT ( * ) PLANE_ANGLE_UNIT ( ) SI_UNIT ( $, .RADIAN. ) );
#1966 = STYLED_ITEM ( 'NONE', ( #5434 ), #2872 ) ;
#1967 = CARTESIAN_POINT ( 'NONE',  ( 7.779999999999996696, -13.83015945392451052, -2.178777330044153526 ) ) ;
#1968 = CARTESIAN_POINT ( 'NONE',  ( 3.354923136367207626, 7.305243633907713807, -8.742618444552908485 ) ) ;
#1969 = SURFACE_SIDE_STYLE ('',( #2453 ) ) ;
#1970 = CARTESIAN_POINT ( 'NONE',  ( 8.999999999999998224, 7.799999999999995381, -15.59999999999999964 ) ) ;
#1971 = CARTESIAN_POINT ( 'NONE',  ( 4.500000000000000888, 14.13100000000000200, 28.26199999999999335 ) ) ;
#1972 = CARTESIAN_POINT ( 'NONE',  ( 3.557454002911171642, 8.444714330203217045, 5.488546972192469120 ) ) ;
#1973 = EDGE_CURVE ( 'NONE', #1122, #4018, #5933, .T. ) ;
#1974 = SURFACE_STYLE_FILL_AREA ( #2494 ) ;
#1975 = ORIENTED_EDGE ( 'NONE', *, *, #5977, .T. ) ;
#1976 = CARTESIAN_POINT ( 'NONE',  ( 0.8699999999999998845, 14.51483715649647799, -29.02967431299297374 ) ) ;
#1977 = CARTESIAN_POINT ( 'NONE',  ( -0.000000000000000000, -3.084364822996992217, -7.164808649477645730 ) ) ;
#1978 = CARTESIAN_POINT ( 'NONE',  ( 7.780000000000002025, -2.363122253242069704, 13.79930152797513188 ) ) ;
#1979 = DIRECTION ( 'NONE',  ( -1.000000000000000000, 0.000000000000000000, 0.000000000000000000 ) ) ;
#1980 = CARTESIAN_POINT ( 'NONE',  ( 1.020000000000000018, 0.000000000000000000, 0.000000000000000000 ) ) ;
#1981 = CARTESIAN_POINT ( 'NONE',  ( 1.219999999999999973, 13.99999999999999112, -27.99999999999999289 ) ) ;
#1982 = EDGE_LOOP ( 'NONE', ( #6302, #1430, #101, #6746, #2950 ) ) ;
#1983 = CLOSED_SHELL ( 'NONE', ( #6574, #3436 ) ) ;
#1984 = CARTESIAN_POINT ( 'NONE',  ( 0.5199999999999858069, 0.000000000000000000, 0.000000000000000000 ) ) ;
#1985 = SURFACE_STYLE_USAGE ( .BOTH. , #6723 ) ;
#1986 = CARTESIAN_POINT ( 'NONE',  ( 0.000000000000000000, 7.799999999999999822, -2.388045484660598361E-15 ) ) ;
#1987 = STYLED_ITEM ( 'NONE', ( #5288 ), #1641 ) ;
#1988 = AXIS2_PLACEMENT_3D ( 'NONE', #2778, #4938, #1066 ) ;
#1989 = FILL_AREA_STYLE ('',( #6793 ) ) ;
#1990 = ORIENTED_EDGE ( 'NONE', *, *, #3567, .T. ) ;
#1991 = VERTEX_POINT ( 'NONE', #5006 ) ;
#1992 = AXIS2_PLACEMENT_3D ( 'NONE', #1005, #1608, #3155 ) ;
#1993 = CARTESIAN_POINT ( 'NONE',  ( 3.698353735049866309, -8.993721494056615029, 17.98744298811323361 ) ) ;
#1994 = MECHANICAL_DESIGN_GEOMETRIC_PRESENTATION_REPRESENTATION (  '', ( #3115 ), #1434 ) ;
#1995 = CARTESIAN_POINT ( 'NONE',  ( 0.5200000000000000178, -1.875570910962520488, -10.35655558317037084 ) ) ;
#1996 = LINE ( 'NONE', #4161, #4918 ) ;
#1997 = B_SPLINE_CURVE_WITH_KNOTS ( 'NONE', 3,
 ( #4781, #2102, #6388, #5805, #4306, #6, #4270, #3165, #5390, #6906, #1547, #1619, #2138, #6420, #950, #2661, #2691, #2596, #984, #3128, #3765, #2626, #5323, #4755, #3630, #6877, #5770, #1482, #5912, #3089, #6844, #1589, #3735, #5290, #4201, #467, #3700, #4233, #6355, #2169, #4854, #5842, #4334, #430, #37, #2561, #4722, #3197, #4817, #5879, #2039, #1016, #6325, #1051, #6483, #4368, #2201, #1651, #594, #1121, #6581, #2237, #4949, #4461, #4399, #1719, #4887, #5487, #174, #1183, #1689, #3831, #303, #4915, #2829, #5016, #6038, #3796, #5978, #3337, #3405, #1154, #2720, #2296, #3302, #3863, #667, #5456, #1789, #63, #6544, #4980, #6449, #2862 ),
 .UNSPECIFIED., .F., .F.,
 ( 4, 1, 1, 1, 1, 2, 2, 1, 1, 1, 2, 2, 1, 1, 2, 2, 2, 1, 1, 2, 2, 1, 1, 1, 2, 2, 1, 1, 1, 1, 2, 2, 2, 1, 1, 1, 1, 2, 2, 1, 1, 1, 2, 2, 1, 1, 2, 2, 2, 1, 1, 2, 2, 1, 1, 1, 2, 2, 1, 1, 1, 1, 2, 2, 4 ),
 ( 0.2500000000000000000, 0.2656250000000001665, 0.2734375000000002220, 0.2773437500000002776, 0.2792968750000002776, 0.2802734375000003331, 0.2812500000000003331, 0.2968750000000008327, 0.3046875000000010547, 0.3085937500000011657, 0.3105468750000012212, 0.3125000000000012768, 0.3281250000000016653, 0.3359375000000018319, 0.3398437500000018874, 0.3437500000000019984, 0.3750000000000025535, 0.3906250000000028311, 0.3984375000000028866, 0.4023437500000029976, 0.4062500000000029976, 0.4218750000000032196, 0.4296875000000032752, 0.4335937500000033307, 0.4355468750000033307, 0.4375000000000033862, 0.4531250000000033307, 0.4609375000000033307, 0.4648437500000033307, 0.4667968750000033307, 0.4677734375000032752, 0.4687500000000032752, 0.5000000000000028866, 0.5156250000000026645, 0.5234375000000025535, 0.5273437500000024425, 0.5292968750000024425, 0.5302734375000024425, 0.5312500000000024425, 0.5468750000000024425, 0.5546875000000024425, 0.5585937500000024425, 0.5605468750000024425, 0.5625000000000024425, 0.5781250000000024425, 0.5859375000000023315, 0.5898437500000023315, 0.5937500000000023315, 0.6250000000000019984, 0.6406250000000019984, 0.6484375000000018874, 0.6523437500000017764, 0.6562500000000017764, 0.6718750000000017764, 0.6796875000000015543, 0.6835937500000015543, 0.6855468750000014433, 0.6875000000000013323, 0.7031250000000008882, 0.7109375000000006661, 0.7148437500000004441, 0.7167968750000004441, 0.7177734375000004441, 0.7187500000000003331, 0.7500000000000000000 ),
 .UNSPECIFIED. ) ;
#1998 = CARTESIAN_POINT ( 'NONE',  ( 8.130000000000004334, 14.34999999999999964, 2.635965176602673280E-15 ) ) ;
#1999 = UNCERTAINTY_MEASURE_WITH_UNIT (LENGTH_MEASURE( 1.000000000000000082E-05 ), #4711, 'distance_accuracy_value', 'NONE');
#2000 = CARTESIAN_POINT ( 'NONE',  ( 0.3199999999999985079, -2.747115858729720195, 10.17027191870407243 ) ) ;
#2001 = EDGE_CURVE ( 'NONE', #6244, #2495, #6809, .T. ) ;
#2002 = CARTESIAN_POINT ( 'NONE',  ( 2.671465744100001594, 0.000000000000000000, 10.22500050000000726 ) ) ;
#2003 = STYLED_ITEM ( 'NONE', ( #244 ), #5121 ) ;
#2004 = CARTESIAN_POINT ( 'NONE',  ( 1.219999999999999973, 13.75585941807491075, 2.603286763887890931 ) ) ;
#2005 = CARTESIAN_POINT ( 'NONE',  ( 0.8699999999999992184, 0.000000000000000000, 0.000000000000000000 ) ) ;
#2006 = MECHANICAL_DESIGN_GEOMETRIC_PRESENTATION_REPRESENTATION (  '', ( #5498 ), #3243 ) ;
#2007 = FACE_OUTER_BOUND ( 'NONE', #1362, .T. ) ;
#2008 = CARTESIAN_POINT ( 'NONE',  ( 7.780000000000001137, -14.20502525316942410, 28.41005050633881623 ) ) ;
#2009 = UNCERTAINTY_MEASURE_WITH_UNIT (LENGTH_MEASURE( 1.000000000000000082E-05 ), #6499, 'distance_accuracy_value', 'NONE');
#2010 = DIRECTION ( 'NONE',  ( 0.000000000000000000, 0.000000000000000000, 1.000000000000000000 ) ) ;
#2011 = SURFACE_STYLE_FILL_AREA ( #5636 ) ;
#2012 =( NAMED_UNIT ( * ) PLANE_ANGLE_UNIT ( ) SI_UNIT ( $, .RADIAN. ) );
#2013 = CIRCLE ( 'NONE', #4819, 13.48053010216304948 ) ;
#2014 = CARTESIAN_POINT ( 'NONE',  ( 3.354923136367207626, -7.645475827906519584, 9.074955185932335411 ) ) ;
#2015 = CARTESIAN_POINT ( 'NONE',  ( 1.220000000000000195, -10.24109058968418928, -9.557925559901548240 ) ) ;
#2016 = ORIENTED_EDGE ( 'NONE', *, *, #403, .T. ) ;
#2017 = DIRECTION ( 'NONE',  ( 0.000000000000000000, 1.000000000000000000, -6.123031769111889989E-17 ) ) ;
#2018 = CARTESIAN_POINT ( 'NONE',  ( -0.000000000000000000, -7.680455970276367061, -1.360677010462157277 ) ) ;
#2019 = AXIS2_PLACEMENT_3D ( 'NONE', #2078, #4281, #2635 ) ;
#2020 = STYLED_ITEM ( 'NONE', ( #2087 ), #5784 ) ;
#2021 = CARTESIAN_POINT ( 'NONE',  ( 7.780000000000000249, 2.659018621146264305, 13.74519637332252664 ) ) ;
#2022 = EDGE_CURVE ( 'NONE', #4656, #4892, #4702, .T. ) ;
#2023 = CARTESIAN_POINT ( 'NONE',  ( 0.3199999999999915690, -3.913847515210327366, -9.770322806960201945 ) ) ;
#2024 = AXIS2_PLACEMENT_3D ( 'NONE', #4067, #6259, #1450 ) ;
#2025 = CARTESIAN_POINT ( 'NONE',  ( 0.000000000000000000, -15.69999999999999929, 3.176729207182762738E-15 ) ) ;
#2026 =( NAMED_UNIT ( * ) SI_UNIT ( $, .STERADIAN. ) SOLID_ANGLE_UNIT ( ) );
#2027 = SURFACE_SIDE_STYLE ('',( #4707 ) ) ;
#2028 = CARTESIAN_POINT ( 'NONE',  ( 8.699999999999999289, -7.499999999999999112, 15.00000000000000178 ) ) ;
#2029 = STYLED_ITEM ( 'NONE', ( #4725 ), #3502 ) ;
#2030 = CARTESIAN_POINT ( 'NONE',  ( 0.5199999999999999067, 10.52496807951938784, 0.6434076856616030016 ) ) ;
#2031 = ORIENTED_EDGE ( 'NONE', *, *, #2976, .T. ) ;
#2032 = FACE_BOUND ( 'NONE', #5399, .T. ) ;
#2033 = CARTESIAN_POINT ( 'NONE',  ( 0.5200000000000000178, -3.595368540858494555, -9.892524181373254066 ) ) ;
#2034 = CARTESIAN_POINT ( 'NONE',  ( -0.000000000000000000, 6.599983429669295631, 4.157470633335563548 ) ) ;
#2035 = FILL_AREA_STYLE ('',( #2557 ) ) ;
#2036 = CARTESIAN_POINT ( 'NONE',  ( 0.3199999999999955658, -10.33343986787516222, 1.999022335141483531 ) ) ;
#2037 = AXIS2_PLACEMENT_3D ( 'NONE', #857, #5301, #3714 ) ;
#2038 = DIRECTION ( 'NONE',  ( 0.000000000000000000, 0.000000000000000000, 1.000000000000000000 ) ) ;
#2039 = CARTESIAN_POINT ( 'NONE',  ( 8.480000000000003979, -1.637788826843753265, 10.39734788334105886 ) ) ;
#2040 = STYLED_ITEM ( 'NONE', ( #5886 ), #4061 ) ;
#2041 = CARTESIAN_POINT ( 'NONE',  ( 3.354923136367210290, 7.305243633907713807, -8.742618444552908485 ) ) ;
#2042 = ADVANCED_FACE ( 'NONE', ( #6025, #2230 ), #763, .T. ) ;
#2043 = FACE_OUTER_BOUND ( 'NONE', #2177, .T. ) ;
#2044 = CARTESIAN_POINT ( 'NONE',  ( 8.130000000000004334, 14.34999999999999964, 6.150701490155576844E-15 ) ) ;
#2045 = CARTESIAN_POINT ( 'NONE',  ( 5.645076863632792374, -4.163524672093484646, 11.37883366667385587 ) ) ;
#2046 = FACE_OUTER_BOUND ( 'NONE', #1044, .T. ) ;
#2047 = CARTESIAN_POINT ( 'NONE',  ( 9.000000000000000000, -7.799999999999999822, 1.583772228651234900E-15 ) ) ;
#2048 = ORIENTED_EDGE ( 'NONE', *, *, #44, .T. ) ;
#2049 = DIRECTION ( 'NONE',  ( 0.000000000000000000, 6.123031769111889989E-17, 1.000000000000000000 ) ) ;
#2050 = CARTESIAN_POINT ( 'NONE',  ( -0.000000000000000000, -7.331286101083311912, -2.664467693567320161 ) ) ;
#2051 = CARTESIAN_POINT ( 'NONE',  ( 7.780000000000000249, -12.93965546484828089, 5.345239632866939594 ) ) ;
#2052 = SURFACE_STYLE_FILL_AREA ( #5821 ) ;
#2053 = CARTESIAN_POINT ( 'NONE',  ( 0.3199999999999938449, -9.992066394825418030, -3.314578863176784740 ) ) ;
#2054 = VERTEX_POINT ( 'NONE', #2744 ) ;
#2055 = CARTESIAN_POINT ( 'NONE',  ( 8.380000000000000782, 10.42500050000000122, 1.117423874709823999E-14 ) ) ;
#2056 = CARTESIAN_POINT ( 'NONE',  ( 0.1242640687119285076, 15.99999999999998757, -31.99999999999998579 ) ) ;
#2057 = CARTESIAN_POINT ( 'NONE',  ( 0.2999999999999998224, -7.500000000000001776, -14.99999999999999289 ) ) ;
#2058 = ORIENTED_EDGE ( 'NONE', *, *, #4921, .F. ) ;
#2059 = ADVANCED_FACE ( 'NONE', ( #5998 ), #128, .T. ) ;
#2060 = ADVANCED_FACE ( 'NONE', ( #3927 ), #5894, .T. ) ;
#2061 = CARTESIAN_POINT ( 'NONE',  ( 7.780000000000001137, -14.00000000000000000, -4.286178861833292994E-15 ) ) ;
#2062 =( BOUNDED_SURFACE ( )  B_SPLINE_SURFACE ( 3, 3, ( 
 ( #2644, #3750, #5993, #2223 ),
 ( #4834, #2187, #5863, #578 ),
 ( #6437, #1604, #4252, #19 ),
 ( #5893, #1037, #1063, #3816 ) ),
 .UNSPECIFIED., .F., .F., .T. ) 
 B_SPLINE_SURFACE_WITH_KNOTS ( ( 4, 4 ),
 ( 4, 4 ),
 ( 0.000000000000000000, 1.000000000000000000 ),
 ( 0.000000000000000000, 1.000000000000000000 ),
 .UNSPECIFIED. ) 
 GEOMETRIC_REPRESENTATION_ITEM ( )  RATIONAL_B_SPLINE_SURFACE ( (
 ( 1.000000000000000000, 0.3333333333333332038, 0.3333333333333332038, 1.000000000000000000),
 ( 0.3333333333333333703, 0.1111111111111110772, 0.1111111111111110772, 0.3333333333333333703),
 ( 0.3333333333333333703, 0.1111111111111110772, 0.1111111111111110772, 0.3333333333333333703),
 ( 1.000000000000000000, 0.3333333333333332038, 0.3333333333333332038, 1.000000000000000000) ) ) 
 REPRESENTATION_ITEM ( '' )  SURFACE ( )  );
#2063 = CARTESIAN_POINT ( 'NONE',  ( 9.000000000000001776, -7.690622162900635495, 1.301993515946868296 ) ) ;
#2064 = CARTESIAN_POINT ( 'NONE',  ( -0.000000000000000000, 4.655134520882579174, 6.261171556116475578 ) ) ;
#2065 = DIRECTION ( 'NONE',  ( 0.8494487772132458536, -0.5252426102889911075, -0.05056654257241920136 ) ) ;
#2066 = UNCERTAINTY_MEASURE_WITH_UNIT (LENGTH_MEASURE( 1.000000000000000082E-05 ), #5906, 'distance_accuracy_value', 'NONE');
#2067 = DIRECTION ( 'NONE',  ( 0.8829475928589268774, 0.000000000000000000, -0.4694715627858906393 ) ) ;
#2068 = AXIS2_PLACEMENT_3D ( 'NONE', #3677, #2537, #2763 ) ;
#2069 = CARTESIAN_POINT ( 'NONE',  ( 5.645076863632790598, -4.163524672093482870, 11.37883366667385765 ) ) ;
#2070 = PRESENTATION_LAYER_ASSIGNMENT (  '', '', ( #3767 ) ) ;
#2071 = CARTESIAN_POINT ( 'NONE',  ( 7.779999999999999361, -13.03785071453001265, -5.100511783390746068 ) ) ;
#2072 = DIRECTION ( 'NONE',  ( 0.000000000000000000, 0.000000000000000000, 1.000000000000000000 ) ) ;
#2073 = UNCERTAINTY_MEASURE_WITH_UNIT (LENGTH_MEASURE( 1.000000000000000082E-05 ), #626, 'distance_accuracy_value', 'NONE');
#2074 = ORIENTED_EDGE ( 'NONE', *, *, #6866, .F. ) ;
#2075 = CARTESIAN_POINT ( 'NONE',  ( 0.4442640687119273069, 10.22500049999999483, -20.45000100000000032 ) ) ;
#2076 = COLOUR_RGB ( '',0.6941176470588235059, 0.7529411764705882248, 0.8392156862745098200 ) ;
#2077 = SURFACE_STYLE_FILL_AREA ( #3242 ) ;
#2078 = CARTESIAN_POINT ( 'NONE',  ( 1.219999999999999973, 8.445764679798989510E-16, 13.79343599424769984 ) ) ;
#2079 =( LENGTH_UNIT ( ) NAMED_UNIT ( * ) SI_UNIT ( .MILLI., .METRE. ) );
#2080 = SURFACE_SIDE_STYLE ('',( #3846 ) ) ;
#2081 = AXIS2_PLACEMENT_3D ( 'NONE', #3467, #832, #3501 ) ;
#2082 = CARTESIAN_POINT ( 'NONE',  ( 0.07868720907987354629, 14.51483715649648509, -4.443857863096834396E-15 ) ) ;
#2083 = CARTESIAN_POINT ( 'NONE',  ( -0.000000000000000000, 7.658078697199428575, -1.481484670292306127 ) ) ;
#2084 = CARTESIAN_POINT ( 'NONE',  ( 7.779999999999999361, -13.72895450120040373, 2.742544234165987138 ) ) ;
#2085 = B_SPLINE_CURVE_WITH_KNOTS ( 'NONE', 3,
 ( #4202, #367, #2490, #4646, #1967, #5740, #924, #6291, #3058, #2521, #6391, #2140, #1655, #1591, #5880, #2071, #1126, #3665, #6486, #2663, #3703, #5948, #4308, #3800, #4820, #6421, #1620, #597, #1052, #3768, #1550, #4756, #4338, #5846, #3199, #5355, #4235, #530, #5914, #5324, #39, #2105, #468, #7, #1018, #1081, #3234, #2598, #3167, #5806, #6453, #2722, #4272, #6356, #986, #5395, #6908, #500, #566, #3130, #2628, #4782, #2694, #4858, #2172, #3278, #3737, #5427, #4891, #65, #2204, #4372, #5292, #6878, #1825, #2341, #3374, #2865, #1295, #2795, #1692, #4402, #4534, #2908, #2832, #1185, #1752, #2299, #4984, #4502, #2269, #4466, #6072, #3438, #777, #5021, #3836, #5459, #3941, #6042, #5490, #4952 ),
 .UNSPECIFIED., .F., .F.,
 ( 4, 1, 1, 1, 1, 2, 2, 1, 1, 1, 1, 2, 2, 1, 1, 1, 2, 2, 2, 1, 1, 1, 2, 2, 1, 1, 1, 1, 2, 2, 1, 1, 1, 1, 2, 2, 2, 1, 1, 1, 1, 2, 2, 1, 1, 1, 1, 2, 2, 1, 1, 1, 2, 2, 2, 1, 1, 1, 2, 2, 1, 1, 1, 1, 2, 2, 1, 1, 1, 1, 2, 2, 4 ),
 ( 0.000000000000000000, 0.01562500000000018735, 0.02343750000000028103, 0.02734375000000034348, 0.02929687500000037123, 0.03027343750000037470, 0.03125000000000037470, 0.04687500000000032613, 0.05468750000000033307, 0.05859375000000034001, 0.06054687500000035388, 0.06152343750000036776, 0.06250000000000038858, 0.07812500000000086042, 0.08593750000000109635, 0.08984375000000123512, 0.09179687500000127676, 0.09375000000000133227, 0.1250000000000020539, 0.1406250000000024147, 0.1484375000000025535, 0.1523437500000026090, 0.1542968750000026645, 0.1562500000000026923, 0.1718750000000029976, 0.1796875000000031641, 0.1835937500000032196, 0.1855468750000032752, 0.1865234375000033029, 0.1875000000000033029, 0.2031250000000034417, 0.2109375000000034972, 0.2148437500000035527, 0.2167968750000035805, 0.2177734375000035805, 0.2187500000000036082, 0.2500000000000041633, 0.2656250000000044409, 0.2734375000000046074, 0.2773437500000047184, 0.2792968750000047184, 0.2802734375000047740, 0.2812500000000047740, 0.2968750000000050515, 0.3046875000000052180, 0.3085937500000052736, 0.3105468750000052736, 0.3115234375000052736, 0.3125000000000053291, 0.3281250000000054956, 0.3359375000000056066, 0.3398437500000056066, 0.3417968750000056066, 0.3437500000000055511, 0.3750000000000052180, 0.3906250000000049960, 0.3984375000000048850, 0.4023437500000048295, 0.4042968750000047184, 0.4062500000000046629, 0.4218750000000037748, 0.4296875000000033307, 0.4335937500000031086, 0.4355468750000029421, 0.4365234375000028866, 0.4375000000000028311, 0.4531250000000020539, 0.4609375000000016653, 0.4648437500000013878, 0.4667968750000013323, 0.4677734375000012768, 0.4687500000000012212, 0.5000000000000000000 ),
 .UNSPECIFIED. ) ;
#2086 = FILL_AREA_STYLE ('',( #2244 ) ) ;
#2087 = PRESENTATION_STYLE_ASSIGNMENT (( #6342 ) ) ;
#2088 = DIRECTION ( 'NONE',  ( -1.000000000000000000, 1.595955527370170130E-16, 4.075318472549437196E-32 ) ) ;
#2089 = CARTESIAN_POINT ( 'NONE',  ( 7.780000000000029559, -2.449212707645107717E-17, -3.534775313206726301E-47 ) ) ;
#2090 = CARTESIAN_POINT ( 'NONE',  ( 7.600202562768307857, -14.30556376187088397, -4.379728928767096460E-15 ) ) ;
#2091 = DIRECTION ( 'NONE',  ( -1.000000000000000000, 1.595955527370170130E-16, 4.075318472549437196E-32 ) ) ;
#2092 = CARTESIAN_POINT ( 'NONE',  ( 0.8700000000000009948, 14.34999999999999964, -4.393391372420459483E-15 ) ) ;
#2093 = MECHANICAL_DESIGN_GEOMETRIC_PRESENTATION_REPRESENTATION (  '', ( #3676 ), #636 ) ;
#2094 = CARTESIAN_POINT ( 'NONE',  ( 0.5200000000000000178, 9.719280451959509293, 4.038974156133750881 ) ) ;
#2095 = EDGE_LOOP ( 'NONE', ( #6070, #5017, #1495, #5363, #2794 ) ) ;
#2096 = EDGE_LOOP ( 'NONE', ( #814, #4969 ) ) ;
#2097 = CARTESIAN_POINT ( 'NONE',  ( 8.480000000000002203, -3.913847515211651640, -9.770322806959827133 ) ) ;
#2098 = CARTESIAN_POINT ( 'NONE',  ( 8.999999999999998224, -5.325191676146230790, 5.705700379008482592 ) ) ;
#2099 = CARTESIAN_POINT ( 'NONE',  ( -0.000000000000000000, 3.084364822999875688, 7.164808649476260172 ) ) ;
#2100 = CARTESIAN_POINT ( 'NONE',  ( 5.442545997088835463, 12.41050538161101890, 2.102132231989686240 ) ) ;
#2101 = EDGE_CURVE ( 'NONE', #944, #4156, #5130, .T. ) ;
#2102 = CARTESIAN_POINT ( 'NONE',  ( 8.480000000000005755, 10.52501671024030827, 0.3217038428336588263 ) ) ;
#2103 = AXIS2_PLACEMENT_3D ( 'NONE', #3230, #5353, #6353 ) ;
#2104 =( GEOMETRIC_REPRESENTATION_CONTEXT ( 3 ) GLOBAL_UNCERTAINTY_ASSIGNED_CONTEXT ( ( #6418 ) ) GLOBAL_UNIT_ASSIGNED_CONTEXT ( ( #5605, #2379, #1867 ) ) REPRESENTATION_CONTEXT ( 'NONE', 'WORKASPACE' ) );
#2105 = CARTESIAN_POINT ( 'NONE',  ( 7.779999999999999361, -4.731336235746092633, -13.18411609112100003 ) ) ;
#2106 = CARTESIAN_POINT ( 'NONE',  ( 3.557454002911173863, 8.444714330203218822, 5.488546972192462903 ) ) ;
#2107 = PRESENTATION_STYLE_ASSIGNMENT (( #2143 ) ) ;
#2108 = CARTESIAN_POINT ( 'NONE',  ( 7.780000000000026894, -13.58687198849534994, -6.332720641917659034E-63 ) ) ;
#2109 =( GEOMETRIC_REPRESENTATION_CONTEXT ( 3 ) GLOBAL_UNCERTAINTY_ASSIGNED_CONTEXT ( ( #2689 ) ) GLOBAL_UNIT_ASSIGNED_CONTEXT ( ( #4223, #454, #6409 ) ) REPRESENTATION_CONTEXT ( 'NONE', 'WORKASPACE' ) );
#2110 = CIRCLE ( 'NONE', #2772, 14.55000000000000071 ) ;
#2111 = CARTESIAN_POINT ( 'NONE',  ( 9.067384687562173085, 13.73712324117464867, 27.47424648234932931 ) ) ;
#2112 = PRESENTATION_STYLE_ASSIGNMENT (( #5331 ) ) ;
#2113 =( GEOMETRIC_REPRESENTATION_CONTEXT ( 3 ) GLOBAL_UNCERTAINTY_ASSIGNED_CONTEXT ( ( #3538 ) ) GLOBAL_UNIT_ASSIGNED_CONTEXT ( ( #4770, #1638, #5966 ) ) REPRESENTATION_CONTEXT ( 'NONE', 'WORKASPACE' ) );
#2114 = CARTESIAN_POINT ( 'NONE',  ( 0.5200000000000000178, -10.39734788334105353, 1.637788826842434098 ) ) ;
#2115 = CARTESIAN_POINT ( 'NONE',  ( 8.130000000000002558, -6.735334946023070236E-17, 0.000000000000000000 ) ) ;
#2116 = AXIS2_PLACEMENT_3D ( 'NONE', #370, #893, #2010 ) ;
#2117 = CARTESIAN_POINT ( 'NONE',  ( -0.000000000000000000, 2.664467693566738848, -7.331286101083738238 ) ) ;
#2118 = FILL_AREA_STYLE_COLOUR ( '', #5036 ) ;
#2119 = STYLED_ITEM ( 'NONE', ( #4417 ), #6515 ) ;
#2120 = STYLED_ITEM ( 'NONE', ( #119 ), #5308 ) ;
#2121 = CARTESIAN_POINT ( 'NONE',  ( 2.812765777966869329, 13.43000050000000023, -4.111724622181357032E-15 ) ) ;
#2122 = CARTESIAN_POINT ( 'NONE',  ( 0.3199999999999941780, 10.33343986787520308, -1.999022335140782314 ) ) ;
#2123 = MECHANICAL_DESIGN_GEOMETRIC_PRESENTATION_REPRESENTATION (  '', ( #2679 ), #5953 ) ;
#2124 = DIRECTION ( 'NONE',  ( 1.696550993789004237E-16, 1.000000000000000000, 1.836909530733569339E-16 ) ) ;
#2125 = CARTESIAN_POINT ( 'NONE',  ( 1.419999999999999929, -14.00000000000004619, 2.619016471596977068E-15 ) ) ;
#2126 = ADVANCED_FACE ( 'NONE', ( #3069 ), #1916, .T. ) ;
#2127 = CARTESIAN_POINT ( 'NONE',  ( 7.600202562768306969, -14.30556376187088929, 28.61112752374175727 ) ) ;
#2128 = DIRECTION ( 'NONE',  ( 0.000000000000000000, 0.000000000000000000, 1.000000000000000000 ) ) ;
#2129 = CARTESIAN_POINT ( 'NONE',  ( 0.1700000000000067013, -14.35000000000000142, -28.69999999999998153 ) ) ;
#2130 = PRESENTATION_LAYER_ASSIGNMENT (  '', '', ( #5845 ) ) ;
#2131 = DIRECTION ( 'NONE',  ( 2.382861917550559050E-17, 6.123031769111889989E-17, 1.000000000000000000 ) ) ;
#2132 = CARTESIAN_POINT ( 'NONE',  ( 8.480000000000000426, 1.360212508936966325, -10.43893273342569650 ) ) ;
#2133 = CARTESIAN_POINT ( 'NONE',  ( 0.1242640687119284104, 7.500000000000000888, 14.99999999999999467 ) ) ;
#2134 = CARTESIAN_POINT ( 'NONE',  ( 0.5200000000000000178, -10.33343986787506630, -1.999022335141861451 ) ) ;
#2135 = CARTESIAN_POINT ( 'NONE',  ( -0.000000000000000000, -4.045573323183414338, 6.669181246080228220 ) ) ;
#2136 = UNCERTAINTY_MEASURE_WITH_UNIT (LENGTH_MEASURE( 1.000000000000000082E-05 ), #771, 'distance_accuracy_value', 'NONE');
#2137 = CARTESIAN_POINT ( 'NONE',  ( 0.3199999999999970091, -10.52500050000000265, 1.834056708812961423E-15 ) ) ;
#2138 = CARTESIAN_POINT ( 'NONE',  ( 8.480000000000003979, 9.892524181370621505, 3.595368540868011831 ) ) ;
#2139 = COLOUR_RGB ( '',0.5098039215686274161, 0.5098039215686274161, 0.5490196078431373028 ) ;
#2140 = CARTESIAN_POINT ( 'NONE',  ( 7.779999999999995808, -13.29108802668779887, -4.409013662121062715 ) ) ;
#2141 = EDGE_CURVE ( 'NONE', #356, #4951, #6905, .T. ) ;
#2142 = FACE_OUTER_BOUND ( 'NONE', #4058, .T. ) ;
#2143 = SURFACE_STYLE_USAGE ( .BOTH. , #5429 ) ;
#2144 = CIRCLE ( 'NONE', #4295, 10.42500050000000122 ) ;
#2145 = ORIENTED_EDGE ( 'NONE', *, *, #2729, .T. ) ;
#2146 = FILL_AREA_STYLE ('',( #1130 ) ) ;
#2147 = PRESENTATION_LAYER_ASSIGNMENT (  '', '', ( #135 ) ) ;
#2148 =( NAMED_UNIT ( * ) SI_UNIT ( $, .STERADIAN. ) SOLID_ANGLE_UNIT ( ) );
#2149 = EDGE_CURVE ( 'NONE', #3158, #1396, #3552, .T. ) ;
#2150 = CARTESIAN_POINT ( 'NONE',  ( 0.3199999999999990630, 10.52500050000000442, 21.05000100000000174 ) ) ;
#2151 = CARTESIAN_POINT ( 'NONE',  ( -0.000000000000000000, 2.456352732838884556, -7.405062971400114158 ) ) ;
#2152 = SURFACE_SIDE_STYLE ('',( #4247 ) ) ;
#2153 = FACE_OUTER_BOUND ( 'NONE', #2345, .T. ) ;
#2154 = SURFACE_STYLE_USAGE ( .BOTH. , #6436 ) ;
#2155 = FILL_AREA_STYLE_COLOUR ( '', #5099 ) ;
#2156 = CARTESIAN_POINT ( 'NONE',  ( 8.480000000000002203, 10.34145760591789553, -1.957119027922911147 ) ) ;
#2157 = CARTESIAN_POINT ( 'NONE',  ( 1.220000000000000195, 14.00001621236401128, -0.4279778652929092653 ) ) ;
#2158 = CARTESIAN_POINT ( 'NONE',  ( 8.680000000000005045, -10.36364998434266660, 1.835965895479133358 ) ) ;
#2159 = CARTESIAN_POINT ( 'NONE',  ( 7.823769113068124170, -14.51483715649649575, 29.02967431299296663 ) ) ;
#2160 = CARTESIAN_POINT ( 'NONE',  ( 8.999999999999998224, 15.69999999999999929, -2.215381469852090405E-15 ) ) ;
#2161 = CARTESIAN_POINT ( 'NONE',  ( 0.1700000000000067291, -14.34999999999999787, 2.636023215644007899E-15 ) ) ;
#2162 = CARTESIAN_POINT ( 'NONE',  ( -1.076072228735579055E-17, -7.624264068711923414, 15.24852813742385393 ) ) ;
#2163 = CARTESIAN_POINT ( 'NONE',  ( 0.5200000000000000178, -10.22663357711916632, -2.498755345900572244 ) ) ;
#2164 = CARTESIAN_POINT ( 'NONE',  ( -0.000000000000000000, -0.2383666322961449924, 7.800016207250751066 ) ) ;
#2165 = DIRECTION ( 'NONE',  ( -0.8494487772132456316, 0.5252426102889916626, 0.05056654257241904871 ) ) ;
#2166 = SURFACE_SIDE_STYLE ('',( #4269 ) ) ;
#2167 = SURFACE_SIDE_STYLE ('',( #36 ) ) ;
#2168 = CARTESIAN_POINT ( 'NONE',  ( 8.480000000000002203, -8.999096241907606597, -5.458976968530007134 ) ) ;
#2169 = CARTESIAN_POINT ( 'NONE',  ( 8.480000000000003979, 2.498755345904208447, 10.22663357711800103 ) ) ;
#2170 = EDGE_LOOP ( 'NONE', ( #6656, #6282 ) ) ;
#2171 = ORIENTED_EDGE ( 'NONE', *, *, #6644, .T. ) ;
#2172 = CARTESIAN_POINT ( 'NONE',  ( 7.780000000000002913, 5.047627430559618489, -13.05841734013717037 ) ) ;
#2173 = CARTESIAN_POINT ( 'NONE',  ( 3.557454002911171642, 8.444714330203218822, 5.488546972192462015 ) ) ;
#2174 = SURFACE_STYLE_USAGE ( .BOTH. , #1694 ) ;
#2175 = ORIENTED_EDGE ( 'NONE', *, *, #3986, .T. ) ;
#2176 = CARTESIAN_POINT ( 'NONE',  ( 0.8700000000000009948, 14.00000000000000000, -8.572244476756645738E-16 ) ) ;
#2177 = EDGE_LOOP ( 'NONE', ( #4408, #4786 ) ) ;
#2178 = CARTESIAN_POINT ( 'NONE',  ( 8.130000000000002558, 14.51483715649647621, 29.02967431299297374 ) ) ;
#2179 =( GEOMETRIC_REPRESENTATION_CONTEXT ( 3 ) GLOBAL_UNCERTAINTY_ASSIGNED_CONTEXT ( ( #5452 ) ) GLOBAL_UNIT_ASSIGNED_CONTEXT ( ( #1367, #165, #6721 ) ) REPRESENTATION_CONTEXT ( 'NONE', 'WORKASPACE' ) );
#2180 = CARTESIAN_POINT ( 'NONE',  ( 8.289999999999999147, 0.000000000000000000, 0.000000000000000000 ) ) ;
#2181 = CARTESIAN_POINT ( 'NONE',  ( -0.000000000000000000, 1.007727611285008651, -7.736268647657401409 ) ) ;
#2182 = MECHANICAL_DESIGN_GEOMETRIC_PRESENTATION_REPRESENTATION (  '', ( #3657 ), #4548 ) ;
#2183 = DIRECTION ( 'NONE',  ( 0.000000000000000000, -1.836949976058542083E-16, -1.000000000000000000 ) ) ;
#2184 = CYLINDRICAL_SURFACE ( 'NONE', #3370, 10.42500049999999945 ) ;
#2185 = EDGE_CURVE ( 'NONE', #1991, #4656, #4661, .T. ) ;
#2186 = PRESENTATION_LAYER_ASSIGNMENT (  '', '', ( #5237 ) ) ;
#2187 = CARTESIAN_POINT ( 'NONE',  ( -4.174089490469275354, 5.646448954367651929, 17.18679822363094445 ) ) ;
#2188 = CARTESIAN_POINT ( 'NONE',  ( 0.5199999999999991296, 10.46642185623731081, -6.439360154647140100E-16 ) ) ;
#2189 = FILL_AREA_STYLE ('',( #6532 ) ) ;
#2190 = CARTESIAN_POINT ( 'NONE',  ( 8.480000000000000426, 10.46642185623733212, -20.93284371247462161 ) ) ;
#2191 =( GEOMETRIC_REPRESENTATION_CONTEXT ( 3 ) GLOBAL_UNCERTAINTY_ASSIGNED_CONTEXT ( ( #4457 ) ) GLOBAL_UNIT_ASSIGNED_CONTEXT ( ( #1959, #3727, #389 ) ) REPRESENTATION_CONTEXT ( 'NONE', 'WORKASPACE' ) );
#2192 = PRESENTATION_STYLE_ASSIGNMENT (( #3428 ) ) ;
#2193 = CARTESIAN_POINT ( 'NONE',  ( 8.680000000000003268, 6.059894248021604923, -8.605943207390124527 ) ) ;
#2194 = CARTESIAN_POINT ( 'NONE',  ( 5.645076863632791486, -4.163524672093491752, -9.074955185932337187 ) ) ;
#2195 = CARTESIAN_POINT ( 'NONE',  ( 8.480000000000002203, -1.281975151849308325, -10.46649502388677000 ) ) ;
#2196 = CARTESIAN_POINT ( 'NONE',  ( 0.5200000000000002398, -9.911618546505280847, -3.556992897989465607 ) ) ;
#2197 = CARTESIAN_POINT ( 'NONE',  ( -0.000000000000000000, -5.975042505102964974, 5.026611161210110090 ) ) ;
#2198 = CARTESIAN_POINT ( 'NONE',  ( -1.744064029730269638, 6.320669856765977812, 7.066984657063224873 ) ) ;
#2199 = DIRECTION ( 'NONE',  ( 0.000000000000000000, 0.000000000000000000, -1.000000000000000000 ) ) ;
#2200 = DIRECTION ( 'NONE',  ( 0.000000000000000000, 0.000000000000000000, 1.000000000000000000 ) ) ;
#2201 = CARTESIAN_POINT ( 'NONE',  ( 8.480000000000002203, -2.747115858734249016, 10.17027191870231562 ) ) ;
#2202 = CIRCLE ( 'NONE', #4463, 14.55000000000000071 ) ;
#2203 = VERTEX_POINT ( 'NONE', #4142 ) ;
#2204 = CARTESIAN_POINT ( 'NONE',  ( 7.780000000000002025, 7.311929425994986964, -11.93989026315864166 ) ) ;
#2205 =( GEOMETRIC_REPRESENTATION_CONTEXT ( 3 ) GLOBAL_UNCERTAINTY_ASSIGNED_CONTEXT ( ( #5387 ) ) GLOBAL_UNIT_ASSIGNED_CONTEXT ( ( #5077, #5328, #6423 ) ) REPRESENTATION_CONTEXT ( 'NONE', 'WORKASPACE' ) );
#2206 = DIRECTION ( 'NONE',  ( -0.8829475928589272105, 0.4694715627858901952, 5.749368466564462154E-17 ) ) ;
#2207 = EDGE_CURVE ( 'NONE', #4637, #5995, #5804, .T. ) ;
#2208 = VERTEX_POINT ( 'NONE', #3869 ) ;
#2209 = DIRECTION ( 'NONE',  ( 0.3958614015492774030, 0.2526269977366703556, 0.8828778798780713144 ) ) ;
#2210 = VECTOR ( 'NONE', #2206, 1000.000000000000227 ) ;
#2211 = SURFACE_STYLE_USAGE ( .BOTH. , #1033 ) ;
#2212 = VERTEX_POINT ( 'NONE', #6858 ) ;
#2213 = CARTESIAN_POINT ( 'NONE',  ( 1.220000000000000417, -12.84297020014945367, 5.593055116872798216 ) ) ;
#2214 =( GEOMETRIC_REPRESENTATION_CONTEXT ( 3 ) GLOBAL_UNCERTAINTY_ASSIGNED_CONTEXT ( ( #2136 ) ) GLOBAL_UNIT_ASSIGNED_CONTEXT ( ( #771, #4427, #2902 ) ) REPRESENTATION_CONTEXT ( 'NONE', 'WORKASPACE' ) );
#2215 = COLOUR_RGB ( '',0.7529411764705882248, 0.7529411764705882248, 0.7529411764705882248 ) ;
#2216 = DIRECTION ( 'NONE',  ( 0.4809226642724866441, 0.7311951188183609673, 0.4838048048596214068 ) ) ;
#2217 = ORIENTED_EDGE ( 'NONE', *, *, #825, .F. ) ;
#2218 = SURFACE_SIDE_STYLE ('',( #4829 ) ) ;
#2219 = CIRCLE ( 'NONE', #6472, 10.22500050000000371 ) ;
#2220 = PLANE ( 'NONE',  #775 ) ;
#2221 = CARTESIAN_POINT ( 'NONE',  ( 0.3199999999999944555, 10.46639770868436869, -1.282500883284443782 ) ) ;
#2222 = AXIS2_PLACEMENT_3D ( 'NONE', #68, #3740, #5462 ) ;
#2223 = CARTESIAN_POINT ( 'NONE',  ( 5.442545997088830134, 2.652116298503881531, 13.73172747971468866 ) ) ;
#2224 =( NAMED_UNIT ( * ) SI_UNIT ( $, .STERADIAN. ) SOLID_ANGLE_UNIT ( ) );
#2225 = AXIS2_PLACEMENT_3D ( 'NONE', #6428, #4761, #4278 ) ;
#2226 = AXIS2_PLACEMENT_3D ( 'NONE', #539, #6927, #2608 ) ;
#2227 = ADVANCED_FACE ( 'NONE', ( #3642 ), #4766, .F. ) ;
#2228 = ORIENTED_EDGE ( 'NONE', *, *, #6268, .T. ) ;
#2229 = FILL_AREA_STYLE ('',( #5615 ) ) ;
#2230 = FACE_OUTER_BOUND ( 'NONE', #5986, .T. ) ;
#2231 = COLOUR_RGB ( '',0.2235294117647058654, 0.4901960784313725283, 0.6901960784313725394 ) ;
#2232 =( BOUNDED_SURFACE ( )  B_SPLINE_SURFACE ( 3, 3, ( 
 ( #1998, #6731, #6840, #2593 ),
 ( #5736, #2444, #4752, #6351 ),
 ( #4163, #5208, #464, #1931 ),
 ( #883, #1479, #1400, #394 ) ),
 .UNSPECIFIED., .F., .F., .F. ) 
 B_SPLINE_SURFACE_WITH_KNOTS ( ( 4, 4 ),
 ( 4, 4 ),
 ( 0.000000000000000000, 1.000000000000000000 ),
 ( 0.000000000000000000, 1.000000000000000000 ),
 .UNSPECIFIED. ) 
 GEOMETRIC_REPRESENTATION_ITEM ( )  RATIONAL_B_SPLINE_SURFACE ( (
 ( 1.000000000000000000, 0.3333333333333334259, 0.3333333333333334259, 1.000000000000000000),
 ( 0.3333333333333317050, 0.1111111111111106053, 0.1111111111111106053, 0.3333333333333317050),
 ( 0.3333333333333317050, 0.1111111111111106053, 0.1111111111111106053, 0.3333333333333317050),
 ( 1.000000000000000000, 0.3333333333333334259, 0.3333333333333334259, 1.000000000000000000) ) ) 
 REPRESENTATION_ITEM ( '' )  SURFACE ( )  );
#2233 = CARTESIAN_POINT ( 'NONE',  ( 9.000000000000001776, -1.851866240052910451, 7.578865972320273592 ) ) ;
#2234 = CARTESIAN_POINT ( 'NONE',  ( 7.780000000000002025, 12.84297020015179136, 5.593055116867673426 ) ) ;
#2235 =( GEOMETRIC_REPRESENTATION_CONTEXT ( 3 ) GLOBAL_UNCERTAINTY_ASSIGNED_CONTEXT ( ( #6913 ) ) GLOBAL_UNIT_ASSIGNED_CONTEXT ( ( #2485, #6248, #527 ) ) REPRESENTATION_CONTEXT ( 'NONE', 'WORKASPACE' ) );
#2236 = MECHANICAL_DESIGN_GEOMETRIC_PRESENTATION_REPRESENTATION (  '', ( #456 ), #4830 ) ;
#2237 = CARTESIAN_POINT ( 'NONE',  ( 8.480000000000002203, -3.832879081347325467, 9.802377377084390275 ) ) ;
#2238 = ORIENTED_EDGE ( 'NONE', *, *, #4739, .F. ) ;
#2239 = ORIENTED_EDGE ( 'NONE', *, *, #1523, .T. ) ;
#2240 = CARTESIAN_POINT ( 'NONE',  ( 0.000000000000000000, 7.799999999999999822, -4.871484075505419518E-16 ) ) ;
#2241 = SURFACE_STYLE_USAGE ( .BOTH. , #5593 ) ;
#2242 = CARTESIAN_POINT ( 'NONE',  ( 9.000000000000001776, 7.264466742299054758, -2.840523383850386718 ) ) ;
#2243 = CARTESIAN_POINT ( 'NONE',  ( 8.380000000000000782, -10.22500050000000371, -3.130441500381057848E-15 ) ) ;
#2244 = FILL_AREA_STYLE_COLOUR ( '', #2980 ) ;
#2245 = ORIENTED_EDGE ( 'NONE', *, *, #3834, .T. ) ;
#2246 = CARTESIAN_POINT ( 'NONE',  ( 1.219999999999999973, 2.363122253240583337, 13.79930152797512299 ) ) ;
#2247 = EDGE_CURVE ( 'NONE', #1792, #235, #3254, .T. ) ;
#2248 = CARTESIAN_POINT ( 'NONE',  ( 0.5200000000000000178, -8.859050204136551088, 5.683397693583533083 ) ) ;
#2249 = SURFACE_STYLE_FILL_AREA ( #2276 ) ;
#2250 = SURFACE_STYLE_USAGE ( .BOTH. , #4347 ) ;
#2251 = CARTESIAN_POINT ( 'NONE',  ( 8.679999999999997939, -10.52500050000000265, -3.222288190277488998E-15 ) ) ;
#2252 = CARTESIAN_POINT ( 'NONE',  ( 7.779999999999996696, -13.76140386331432630, 2.573801037941076952 ) ) ;
#2253 =( GEOMETRIC_REPRESENTATION_CONTEXT ( 3 ) GLOBAL_UNCERTAINTY_ASSIGNED_CONTEXT ( ( #4597 ) ) GLOBAL_UNIT_ASSIGNED_CONTEXT ( ( #6885, #2532, #4211 ) ) REPRESENTATION_CONTEXT ( 'NONE', 'WORKASPACE' ) );
#2254 = SURFACE_STYLE_USAGE ( .BOTH. , #2775 ) ;
#2255 =( NAMED_UNIT ( * ) PLANE_ANGLE_UNIT ( ) SI_UNIT ( $, .RADIAN. ) );
#2256 = ORIENTED_EDGE ( 'NONE', *, *, #4757, .T. ) ;
#2257 =( GEOMETRIC_REPRESENTATION_CONTEXT ( 3 ) GLOBAL_UNCERTAINTY_ASSIGNED_CONTEXT ( ( #2394 ) ) GLOBAL_UNIT_ASSIGNED_CONTEXT ( ( #5034, #1303, #2407 ) ) REPRESENTATION_CONTEXT ( 'NONE', 'WORKASPACE' ) );
#2258 = CARTESIAN_POINT ( 'NONE',  ( 8.680000000000003268, -10.52501671024083230, 0.3217038428288946927 ) ) ;
#2259 = PLANE ( 'NONE',  #6813 ) ;
#2260 =( NAMED_UNIT ( * ) SI_UNIT ( $, .STERADIAN. ) SOLID_ANGLE_UNIT ( ) );
#2261 = CARTESIAN_POINT ( 'NONE',  ( 8.680000000000001492, -9.770322806960209050, -3.913847515210445493 ) ) ;
#2262 = CARTESIAN_POINT ( 'NONE',  ( 9.000000000000001776, -3.707786986416843344, 6.871311153668908212 ) ) ;
#2263 = CARTESIAN_POINT ( 'NONE',  ( -0.000000000000000000, -7.658078697199347751, 1.481484670292691153 ) ) ;
#2264 = PRESENTATION_STYLE_ASSIGNMENT (( #5552 ) ) ;
#2265 = UNCERTAINTY_MEASURE_WITH_UNIT (LENGTH_MEASURE( 1.000000000000000082E-05 ), #4767, 'distance_accuracy_value', 'NONE');
#2266 = SURFACE_STYLE_USAGE ( .BOTH. , #1260 ) ;
#2267 = EDGE_CURVE ( 'NONE', #5143, #4136, #1842, .T. ) ;
#2268 = VERTEX_POINT ( 'NONE', #6341 ) ;
#2269 = CARTESIAN_POINT ( 'NONE',  ( 7.780000000000002025, 13.00659372260857438, -5.179700289998805829 ) ) ;
#2270 =( NAMED_UNIT ( * ) PLANE_ANGLE_UNIT ( ) SI_UNIT ( $, .RADIAN. ) );
#2271 =( NAMED_UNIT ( * ) SI_UNIT ( $, .STERADIAN. ) SOLID_ANGLE_UNIT ( ) );
#2272 = FILL_AREA_STYLE_COLOUR ( '', #3021 ) ;
#2273 = VERTEX_POINT ( 'NONE', #4699 ) ;
#2274 = CARTESIAN_POINT ( 'NONE',  ( 1.220000000000000195, -11.78234726370622809, 7.561731025760613178 ) ) ;
#2275 = CARTESIAN_POINT ( 'NONE',  ( 0.5200000000000000178, 1.894194247332061209, 10.35316839353896157 ) ) ;
#2276 = FILL_AREA_STYLE ('',( #746 ) ) ;
#2277 = CARTESIAN_POINT ( 'NONE',  ( 7.580000000000030269, 13.48053010216304948, 1.650888804042352156E-15 ) ) ;
#2278 = CARTESIAN_POINT ( 'NONE',  ( 8.680000000000001492, 10.34926456871192890, 4.435905017755455685E-15 ) ) ;
#2279 =( BOUNDED_SURFACE ( )  B_SPLINE_SURFACE ( 3, 3, ( 
 ( #1058, #1560, #3314, #1133 ),
 ( #1092, #5360, #3245, #604 ),
 ( #73, #3712, #1663, #3809 ),
 ( #5401, #3285, #2730, #6922 ) ),
 .UNSPECIFIED., .F., .F., .F. ) 
 B_SPLINE_SURFACE_WITH_KNOTS ( ( 4, 4 ),
 ( 4, 4 ),
 ( 0.000000000000000000, 1.000000000000000000 ),
 ( 0.000000000000000000, 1.000000000000000000 ),
 .UNSPECIFIED. ) 
 GEOMETRIC_REPRESENTATION_ITEM ( )  RATIONAL_B_SPLINE_SURFACE ( (
 ( 1.000000000000000000, 0.3333333333333334259, 0.3333333333333334259, 1.000000000000000000),
 ( 0.8200391923007988026, 0.2733463974335996749, 0.2733463974335996749, 0.8200391923007988026),
 ( 0.8200391923007988026, 0.2733463974335996749, 0.2733463974335996749, 0.8200391923007988026),
 ( 1.000000000000000000, 0.3333333333333334259, 0.3333333333333334259, 1.000000000000000000) ) ) 
 REPRESENTATION_ITEM ( '' )  SURFACE ( )  );
#2280 =( NAMED_UNIT ( * ) SI_UNIT ( $, .STERADIAN. ) SOLID_ANGLE_UNIT ( ) );
#2281 = SURFACE_SIDE_STYLE ('',( #4964 ) ) ;
#2282 = FILL_AREA_STYLE_COLOUR ( '', #1690 ) ;
#2283 = CARTESIAN_POINT ( 'NONE',  ( 6.187234222033129782, 13.43000050000000023, -8.437844082500433988E-16 ) ) ;
#2284 = CARTESIAN_POINT ( 'NONE',  ( 1.219999999999999751, 13.08901940449998058, -4.968230698954423374 ) ) ;
#2285 = CARTESIAN_POINT ( 'NONE',  ( 8.680000000000005045, -9.817197108054637411, 3.794741857846140043 ) ) ;
#2286 = ORIENTED_EDGE ( 'NONE', *, *, #5809, .T. ) ;
#2287 = FACE_OUTER_BOUND ( 'NONE', #1952, .T. ) ;
#2288 = CARTESIAN_POINT ( 'NONE',  ( 8.680000000000001492, -5.230990780495908155, -9.136145673650929666 ) ) ;
#2289 = COLOUR_RGB ( '',0.7529411764705882248, 0.7529411764705882248, 0.7529411764705882248 ) ;
#2290 = CARTESIAN_POINT ( 'NONE',  ( 8.480000000000002203, 9.770322806960075823, -3.913847515211009931 ) ) ;
#2291 = CARTESIAN_POINT ( 'NONE',  ( 9.000000000000000000, 6.871311153669891425, 3.707786986415337882 ) ) ;
#2292 = CARTESIAN_POINT ( 'NONE',  ( 7.780000000000002025, 13.02791534079415747, 5.125842859928638973 ) ) ;
#2293 = CARTESIAN_POINT ( 'NONE',  ( -3.701202102153931861, 14.38048616856100459, -12.42164816638683256 ) ) ;
#2294 = DIRECTION ( 'NONE',  ( 1.000000000000000000, -1.224606353822380216E-16, -6.366453624330780039E-47 ) ) ;
#2295 = CARTESIAN_POINT ( 'NONE',  ( 7.580000000000000071, 1.781861092759399088E-15, -14.55000000000000071 ) ) ;
#2296 = CARTESIAN_POINT ( 'NONE',  ( 8.480000000000003979, -9.911618546505275518, 3.556992897989466496 ) ) ;
#2297 = EDGE_LOOP ( 'NONE', ( #960, #4226 ) ) ;
#2298 = ORIENTED_EDGE ( 'NONE', *, *, #6093, .T. ) ;
#2299 = CARTESIAN_POINT ( 'NONE',  ( 7.780000000000003801, 12.93965546485115148, -5.345239632862221590 ) ) ;
#2300 = ORIENTED_EDGE ( 'NONE', *, *, #1090, .F. ) ;
#2301 = CARTESIAN_POINT ( 'NONE',  ( 0.3199999999999978972, 6.059894248022787977, 8.605943207389193716 ) ) ;
#2302 = CARTESIAN_POINT ( 'NONE',  ( 1.220000000000000195, -9.557925559909060453, 10.24109058967823849 ) ) ;
#2303 = CLOSED_SHELL ( 'NONE', ( #2435, #3867 ) ) ;
#2304 = CARTESIAN_POINT ( 'NONE',  ( 0.5199999999999999067, -0.6435880793097916719, 10.52506535914106323 ) ) ;
#2305 = AXIS2_PLACEMENT_3D ( 'NONE', #6232, #4077, #1318 ) ;
#2306 = CARTESIAN_POINT ( 'NONE',  ( 3.354923136367209846, -7.645475827906516919, 9.074955185932338964 ) ) ;
#2307 = AXIS2_PLACEMENT_3D ( 'NONE', #1984, #2471, #3503 ) ;
#2308 = CARTESIAN_POINT ( 'NONE',  ( 10.41104837488837020, 0.2300010992543977673, -5.063588722718965762 ) ) ;
#2309 = SURFACE_STYLE_FILL_AREA ( #4441 ) ;
#2310 = CIRCLE ( 'NONE', #1205, 0.2999999999999981570 ) ;
#2311 = MECHANICAL_DESIGN_GEOMETRIC_PRESENTATION_REPRESENTATION (  '', ( #6464 ), #6136 ) ;
#2312 = ORIENTED_EDGE ( 'NONE', *, *, #254, .T. ) ;
#2313 = SURFACE_STYLE_USAGE ( .BOTH. , #6156 ) ;
#2314 = DIRECTION ( 'NONE',  ( 0.000000000000000000, 1.000000000000000000, 1.836909530733567613E-16 ) ) ;
#2315 = CARTESIAN_POINT ( 'NONE',  ( 1.219999999999999973, -2.442153794451371596, -13.78537571125286831 ) ) ;
#2316 = ORIENTED_EDGE ( 'NONE', *, *, #4357, .F. ) ;
#2317 = CARTESIAN_POINT ( 'NONE',  ( 8.680000000000008598, -2.061822792883091449, 10.32122741108739739 ) ) ;
#2318 = EDGE_LOOP ( 'NONE', ( #3833, #6816, #4983, #601 ) ) ;
#2319 = UNCERTAINTY_MEASURE_WITH_UNIT (LENGTH_MEASURE( 1.000000000000000082E-05 ), #5686, 'distance_accuracy_value', 'NONE');
#2320 = MECHANICAL_DESIGN_GEOMETRIC_PRESENTATION_REPRESENTATION (  '', ( #2560 ), #6583 ) ;
#2321 =( NAMED_UNIT ( * ) SI_UNIT ( $, .STERADIAN. ) SOLID_ANGLE_UNIT ( ) );
#2322 =( NAMED_UNIT ( * ) PLANE_ANGLE_UNIT ( ) SI_UNIT ( $, .RADIAN. ) );
#2323 = CARTESIAN_POINT ( 'NONE',  ( 8.680000000000003268, -10.34562986253568617, -1.934931853067047403 ) ) ;
#2324 =( GEOMETRIC_REPRESENTATION_CONTEXT ( 3 ) GLOBAL_UNCERTAINTY_ASSIGNED_CONTEXT ( ( #1648 ) ) GLOBAL_UNIT_ASSIGNED_CONTEXT ( ( #2759, #2270, #5529 ) ) REPRESENTATION_CONTEXT ( 'NONE', 'WORKASPACE' ) );
#2325 = SURFACE_SIDE_STYLE ('',( #5080 ) ) ;
#2326 = EDGE_CURVE ( 'NONE', #2971, #2957, #6652, .T. ) ;
#2327 = COLOUR_RGB ( '',0.7529411764705882248, 0.7529411764705882248, 0.7529411764705882248 ) ;
#2328 = CARTESIAN_POINT ( 'NONE',  ( 10.74406402973027319, 17.29733114323402177, -7.066984657063214215 ) ) ;
#2329 = CIRCLE ( 'NONE', #4271, 13.58687198849534994 ) ;
#2330 = CARTESIAN_POINT ( 'NONE',  ( 9.000000000000003553, 2.840523383850477757, 7.264466742299015678 ) ) ;
#2331 = CARTESIAN_POINT ( 'NONE',  ( 3.354923136367206737, 7.305243633907713807, -8.742618444552910262 ) ) ;
#2332 = UNCERTAINTY_MEASURE_WITH_UNIT (LENGTH_MEASURE( 1.000000000000000082E-05 ), #2671, 'distance_accuracy_value', 'NONE');
#2333 = CARTESIAN_POINT ( 'NONE',  ( 8.699999999999999289, 16.00000000000000000, -9.796850830579023982E-16 ) ) ;
#2334 = MECHANICAL_DESIGN_GEOMETRIC_PRESENTATION_REPRESENTATION (  '', ( #1451 ), #5161 ) ;
#2335 = DIRECTION ( 'NONE',  ( 0.3958614015492774030, 0.2526269977366705777, 0.8828778798780713144 ) ) ;
#2336 = PRESENTATION_LAYER_ASSIGNMENT (  '', '', ( #6161 ) ) ;
#2337 = VERTEX_POINT ( 'NONE', #6307 ) ;
#2338 = DIRECTION ( 'NONE',  ( -1.000000000000000000, 1.224606353822379970E-16, -2.775557561562849936E-16 ) ) ;
#2339 = ORIENTED_EDGE ( 'NONE', *, *, #1704, .F. ) ;
#2340 = COLOUR_RGB ( '',0.5098039215686274161, 0.5098039215686274161, 0.5490196078431373028 ) ;
#2341 = CARTESIAN_POINT ( 'NONE',  ( 7.780000000000002025, 9.216303630473987596, -10.58263369002142085 ) ) ;
#2342 = COLOUR_RGB ( '',0.5098039215686274161, 0.5098039215686274161, 0.5490196078431373028 ) ;
#2343 = CARTESIAN_POINT ( 'NONE',  ( 0.6700000000000119194, -13.45000000000002593, 26.90000000000005542 ) ) ;
#2344 = CARTESIAN_POINT ( 'NONE',  ( 9.000000000000003553, 5.325191676143251840, -5.705700379010812284 ) ) ;
#2345 = EDGE_LOOP ( 'NONE', ( #838, #1610, #4117, #6213 ) ) ;
#2346 = CARTESIAN_POINT ( 'NONE',  ( 1.219999999999999973, -13.83015945392451052, 2.178777330046521854 ) ) ;
#2347 = CIRCLE ( 'NONE', #2024, 13.10833350000002717 ) ;
#2348 = CARTESIAN_POINT ( 'NONE',  ( 0.5200000000000001288, -5.003040405847946737, 9.271915096380416443 ) ) ;
#2349 = CARTESIAN_POINT ( 'NONE',  ( 6.328534255899996630, -10.22500050000000194, 1.878281442367358916E-15 ) ) ;
#2350 = CARTESIAN_POINT ( 'NONE',  ( 8.679999999999999716, 10.52500050000000265, 4.511229007612418519E-15 ) ) ;
#2351 = FACE_OUTER_BOUND ( 'NONE', #3899, .T. ) ;
#2352 = ORIENTED_EDGE ( 'NONE', *, *, #3177, .F. ) ;
#2353 = CARTESIAN_POINT ( 'NONE',  ( 8.129999999999999005, -13.65000000000000036, -4.179024390287460728E-15 ) ) ;
#2354 = VECTOR ( 'NONE', #2438, 1000.000000000000000 ) ;
#2355 = SURFACE_STYLE_USAGE ( .BOTH. , #6606 ) ;
#2356 = ADVANCED_FACE ( 'NONE', ( #6928 ), #81, .T. ) ;
#2357 = CARTESIAN_POINT ( 'NONE',  ( 1.219999999999999751, -2.519589708612405943, -13.77143574030779050 ) ) ;
#2358 = EDGE_LOOP ( 'NONE', ( #877, #4193, #5189, #5959, #3373, #6871 ) ) ;
#2359 =( NAMED_UNIT ( * ) PLANE_ANGLE_UNIT ( ) SI_UNIT ( $, .RADIAN. ) );
#2360 = CARTESIAN_POINT ( 'NONE',  ( 8.680000000000010374, 3.794741857846531286, 9.817197108054752874 ) ) ;
#2361 = CARTESIAN_POINT ( 'NONE',  ( 0.8699999999999999956, 13.96363636363640026, -8.549978906687170685E-16 ) ) ;
#2362 =( NAMED_UNIT ( * ) PLANE_ANGLE_UNIT ( ) SI_UNIT ( $, .RADIAN. ) );
#2363 = CARTESIAN_POINT ( 'NONE',  ( 8.680000000000003268, -10.52496807951833624, -0.6434076856577911618 ) ) ;
#2364 =( NAMED_UNIT ( * ) PLANE_ANGLE_UNIT ( ) SI_UNIT ( $, .RADIAN. ) );
#2365 = SHAPE_DEFINITION_REPRESENTATION ( #666, #5942 ) ;
#2366 = CARTESIAN_POINT ( 'NONE',  ( 7.580000000000027605, -2.888894916580853780E-30, -2.724850052366133601E-62 ) ) ;
#2367 = CIRCLE ( 'NONE', #4856, 0.3499999999999996447 ) ;
#2368 = ORIENTED_EDGE ( 'NONE', *, *, #1308, .F. ) ;
#2369 = ORIENTED_EDGE ( 'NONE', *, *, #4033, .F. ) ;
#2370 = DIRECTION ( 'NONE',  ( -1.000000000000000000, 1.224606353822380216E-16, 0.000000000000000000 ) ) ;
#2371 = CARTESIAN_POINT ( 'NONE',  ( 8.480000000000000426, -10.52500050000000265, -2.478505833127148046E-15 ) ) ;
#2372 = CARTESIAN_POINT ( 'NONE',  ( 9.000000000000001776, 4.655134520879191662, -6.261171556119576209 ) ) ;
#2373 = ORIENTED_EDGE ( 'NONE', *, *, #5977, .F. ) ;
#2374 = CARTESIAN_POINT ( 'NONE',  ( 0.3199999999999978972, 5.833767825329577050, 8.760741545163400090 ) ) ;
#2375 = CARTESIAN_POINT ( 'NONE',  ( 8.875735931288069480, 15.99999999999999822, -9.796850830579022010E-16 ) ) ;
#2376 = CARTESIAN_POINT ( 'NONE',  ( 1.220000000000000417, 11.58415651652730105, 7.862013529842294624 ) ) ;
#2377 = CARTESIAN_POINT ( 'NONE',  ( 3.698353735049866753, 8.993721494056618582, -2.753514872330368832E-15 ) ) ;
#2378 = CARTESIAN_POINT ( 'NONE',  ( 0.3199999999999980083, 10.34926456871193245, 20.69852913742385780 ) ) ;
#2379 =( NAMED_UNIT ( * ) PLANE_ANGLE_UNIT ( ) SI_UNIT ( $, .RADIAN. ) );
#2380 = PRESENTATION_STYLE_ASSIGNMENT (( #152 ) ) ;
#2381 = DIRECTION ( 'NONE',  ( 0.000000000000000000, 1.000000000000000000, -6.123031769111888756E-17 ) ) ;
#2382 =( LENGTH_UNIT ( ) NAMED_UNIT ( * ) SI_UNIT ( .MILLI., .METRE. ) );
#2383 = CARTESIAN_POINT ( 'NONE',  ( 8.699999999999999289, 15.99999999999998757, -31.99999999999999645 ) ) ;
#2384 = CARTESIAN_POINT ( 'NONE',  ( 1.219999999999999751, -2.178575976872978437, -13.83019670695353653 ) ) ;
#2385 = ORIENTED_EDGE ( 'NONE', *, *, #466, .T. ) ;
#2386 = SURFACE_STYLE_FILL_AREA ( #6125 ) ;
#2387 = CARTESIAN_POINT ( 'NONE',  ( 8.680000000000005045, 5.683397693583907007, 8.859050204136318385 ) ) ;
#2388 = CARTESIAN_POINT ( 'NONE',  ( 0.1700000000000067013, -14.34999999999999076, 28.69999999999999218 ) ) ;
#2389 = SURFACE_STYLE_FILL_AREA ( #905 ) ;
#2390 = EDGE_CURVE ( 'NONE', #5143, #5995, #5463, .T. ) ;
#2391 = CARTESIAN_POINT ( 'NONE',  ( 8.679999999999999716, -3.832879081347507544, -9.802377377084393828 ) ) ;
#2392 = VERTEX_POINT ( 'NONE', #3982 ) ;
#2393 = CARTESIAN_POINT ( 'NONE',  ( 8.999999999999998224, 7.799967585498501776, 0.4767332645925874135 ) ) ;
#2394 = UNCERTAINTY_MEASURE_WITH_UNIT (LENGTH_MEASURE( 1.000000000000000082E-05 ), #5034, 'distance_accuracy_value', 'NONE');
#2395 = MECHANICAL_DESIGN_GEOMETRIC_PRESENTATION_REPRESENTATION (  '', ( #1966 ), #290 ) ;
#2396 = FILL_AREA_STYLE ('',( #5084 ) ) ;
#2397 = EDGE_LOOP ( 'NONE', ( #776, #4462 ) ) ;
#2398 = ORIENTED_EDGE ( 'NONE', *, *, #3523, .F. ) ;
#2399 = CARTESIAN_POINT ( 'NONE',  ( 6.328534255899996630, -10.22500049999999661, 20.45000100000000032 ) ) ;
#2400 =( BOUNDED_CURVE ( )  B_SPLINE_CURVE ( 3, ( #1514, #1088, #6882, #2634 ),
 .UNSPECIFIED., .F., .F. ) 
 B_SPLINE_CURVE_WITH_KNOTS ( ( 4, 4 ),
 ( 0.000000000000000000, 0.5000000000000000000 ),
 .UNSPECIFIED. ) 
 CURVE ( )  GEOMETRIC_REPRESENTATION_ITEM ( )  RATIONAL_B_SPLINE_CURVE ( ( 1.000000000000000000, 0.3333333333333333703, 0.3333333333333333703, 1.000000000000000000 ) ) 
 REPRESENTATION_ITEM ( '' )  );
#2401 = CARTESIAN_POINT ( 'NONE',  ( 0.5200000000000000178, 8.905734099170722118, -5.609946153526891521 ) ) ;
#2402 = CARTESIAN_POINT ( 'NONE',  ( 9.000000000000001776, -7.202877213241621668, -2.993272501209705894 ) ) ;
#2403 = CARTESIAN_POINT ( 'NONE',  ( 0.3199999999999952882, -10.46639770868331532, 1.282500883286322058 ) ) ;
#2404 = CARTESIAN_POINT ( 'NONE',  ( 1.219999999999999973, 13.40308086617785222, 4.089113562140594738 ) ) ;
#2405 = CARTESIAN_POINT ( 'NONE',  ( 6.657558727458328107, -1.889967791850516665, 14.48661832029332608 ) ) ;
#2406 = EDGE_CURVE ( 'NONE', #2632, #3690, #6550, .T. ) ;
#2407 =( NAMED_UNIT ( * ) SI_UNIT ( $, .STERADIAN. ) SOLID_ANGLE_UNIT ( ) );
#2408 =( NAMED_UNIT ( * ) SI_UNIT ( $, .STERADIAN. ) SOLID_ANGLE_UNIT ( ) );
#2409 = EDGE_LOOP ( 'NONE', ( #4147, #3980 ) ) ;
#2410 = CARTESIAN_POINT ( 'NONE',  ( 4.227533266719329497, 14.18980818377963438, 8.937920595593205064 ) ) ;
#2411 = MECHANICAL_DESIGN_GEOMETRIC_PRESENTATION_REPRESENTATION (  '', ( #2536 ), #6909 ) ;
#2412 = CARTESIAN_POINT ( 'NONE',  ( 6.679101779290612662, -2.090692757832523618, 7.218208193380182713 ) ) ;
#2413 = CARTESIAN_POINT ( 'NONE',  ( 10.41104837488834178, -19.91304874126691971, -1.511825562079707863 ) ) ;
#2414 = AXIS2_PLACEMENT_3D ( 'NONE', #5275, #453, #6787 ) ;
#2415 = DIRECTION ( 'NONE',  ( 0.000000000000000000, -1.836949976058542083E-16, -1.000000000000000000 ) ) ;
#2416 = CARTESIAN_POINT ( 'NONE',  ( 1.219999999999999973, 9.557925559910591673, -10.24109058967670549 ) ) ;
#2417 = VERTEX_POINT ( 'NONE', #5560 ) ;
#2418 = CARTESIAN_POINT ( 'NONE',  ( 7.823769113068124170, -14.51483715649648687, -4.492926777226218337E-15 ) ) ;
#2419 = CARTESIAN_POINT ( 'NONE',  ( 8.680000000000003268, -8.859050204136305950, 5.683397693583629895 ) ) ;
#2420 = AXIS2_PLACEMENT_3D ( 'NONE', #3722, #4876, #6438 ) ;
#2421 = CARTESIAN_POINT ( 'NONE',  ( -0.000000000000000000, -7.756658811424619770, 0.9500176440250498455 ) ) ;
#2422 = CARTESIAN_POINT ( 'NONE',  ( 0.1700000000000067291, 14.34999999999999787, -9.011846757615960272E-16 ) ) ;
#2423 =( GEOMETRIC_REPRESENTATION_CONTEXT ( 3 ) GLOBAL_UNCERTAINTY_ASSIGNED_CONTEXT ( ( #5577 ) ) GLOBAL_UNIT_ASSIGNED_CONTEXT ( ( #1421, #3042, #833 ) ) REPRESENTATION_CONTEXT ( 'NONE', 'WORKASPACE' ) );
#2424 = PRESENTATION_STYLE_ASSIGNMENT (( #3463 ) ) ;
#2425 = MECHANICAL_DESIGN_GEOMETRIC_PRESENTATION_REPRESENTATION (  '', ( #83 ), #6251 ) ;
#2426 = FACE_OUTER_BOUND ( 'NONE', #1296, .T. ) ;
#2427 = VECTOR ( 'NONE', #4115, 1000.000000000000000 ) ;
#2428 = DIRECTION ( 'NONE',  ( -1.000000000000000000, 0.000000000000000000, 0.000000000000000000 ) ) ;
#2429 = ADVANCED_FACE ( 'NONE', ( #262 ), #6335, .T. ) ;
#2430 = CARTESIAN_POINT ( 'NONE',  ( 2.342441272541674557, 15.74957970874338820, -2.857023072568321442 ) ) ;
#2431 = MECHANICAL_DESIGN_GEOMETRIC_PRESENTATION_REPRESENTATION (  '', ( #4262 ), #1556 ) ;
#2432 = STYLED_ITEM ( 'NONE', ( #2630 ), #628 ) ;
#2433 =( NAMED_UNIT ( * ) PLANE_ANGLE_UNIT ( ) SI_UNIT ( $, .RADIAN. ) );
#2434 = ORIENTED_EDGE ( 'NONE', *, *, #5409, .F. ) ;
#2435 = ADVANCED_FACE ( 'NONE', ( #2914 ), #1533, .T. ) ;
#2436 = PRESENTATION_LAYER_ASSIGNMENT (  '', '', ( #6476 ) ) ;
#2437 = ORIENTED_EDGE ( 'NONE', *, *, #5937, .F. ) ;
#2438 = DIRECTION ( 'NONE',  ( -1.000000000000000000, 0.000000000000000000, 0.000000000000000000 ) ) ;
#2439 = CARTESIAN_POINT ( 'NONE',  ( 0.5200000000000001288, 0.6434076856500887676, -10.52496807951834157 ) ) ;
#2440 = CARTESIAN_POINT ( 'NONE',  ( 0.2999999999999998224, 7.500000000000000000, -4.684119303370595576E-16 ) ) ;
#2441 = STYLED_ITEM ( 'NONE', ( #542 ), #6469 ) ;
#2442 = VERTEX_POINT ( 'NONE', #2487 ) ;
#2443 = PRESENTATION_LAYER_ASSIGNMENT (  '', '', ( #6821 ) ) ;
#2444 = CARTESIAN_POINT ( 'NONE',  ( 8.830000000000003624, 14.35000000000000497, -28.69999999999998508 ) ) ;
#2445 = CARTESIAN_POINT ( 'NONE',  ( 0.3199999999999985079, -1.776651539184464612, 10.37409994127433954 ) ) ;
#2446 = CARTESIAN_POINT ( 'NONE',  ( -3.479098206203965038, 6.721165700930776588, -5.835434782600851022 ) ) ;
#2447 = CARTESIAN_POINT ( 'NONE',  ( 8.129999999999999005, -6.735334946023025863E-17, 1.585915843345968605E-63 ) ) ;
#2448 =( GEOMETRIC_REPRESENTATION_CONTEXT ( 3 ) GLOBAL_UNCERTAINTY_ASSIGNED_CONTEXT ( ( #4204 ) ) GLOBAL_UNIT_ASSIGNED_CONTEXT ( ( #6286, #4089, #3590 ) ) REPRESENTATION_CONTEXT ( 'NONE', 'WORKASPACE' ) );
#2449 = CIRCLE ( 'NONE', #3250, 16.00000000000000000 ) ;
#2450 =( BOUNDED_SURFACE ( )  B_SPLINE_SURFACE ( 3, 3, ( 
 ( #373, #4653, #2045, #852 ),
 ( #2412, #6260, #1453, #2988 ),
 ( #2529, #5747, #5221, #408 ),
 ( #5140, #6299, #6812, #2014 ) ),
 .UNSPECIFIED., .F., .F., .F. ) 
 B_SPLINE_SURFACE_WITH_KNOTS ( ( 4, 4 ),
 ( 4, 4 ),
 ( 0.000000000000000000, 1.000000000000000000 ),
 ( 0.000000000000000000, 1.000000000000000000 ),
 .UNSPECIFIED. ) 
 GEOMETRIC_REPRESENTATION_ITEM ( )  RATIONAL_B_SPLINE_SURFACE ( (
 ( 1.000000000000000000, 0.3333333333333327597, 0.3333333333333327597, 1.000000000000000000),
 ( 0.3333333333333324822, 0.1111111111111106331, 0.1111111111111106331, 0.3333333333333324822),
 ( 0.3333333333333324822, 0.1111111111111106331, 0.1111111111111106331, 0.3333333333333324822),
 ( 1.000000000000000000, 0.3333333333333327597, 0.3333333333333327597, 1.000000000000000000) ) ) 
 REPRESENTATION_ITEM ( '' )  SURFACE ( )  );
#2451 = CARTESIAN_POINT ( 'NONE',  ( 3.557454002911171642, 1.449106535281857733, 9.527463015735312624 ) ) ;
#2452 =( NAMED_UNIT ( * ) PLANE_ANGLE_UNIT ( ) SI_UNIT ( $, .RADIAN. ) );
#2453 = SURFACE_STYLE_FILL_AREA ( #6254 ) ;
#2454 = SURFACE_STYLE_USAGE ( .BOTH. , #5664 ) ;
#2455 = CARTESIAN_POINT ( 'NONE',  ( 5.141764753776215890, -14.13099999999999490, 28.26199999999999335 ) ) ;
#2456 = CARTESIAN_POINT ( 'NONE',  ( 8.480000000000000426, -9.992066394825018349, -3.314578863178942125 ) ) ;
#2457 = EDGE_CURVE ( 'NONE', #3082, #5857, #6542, .T. ) ;
#2458 = FACE_OUTER_BOUND ( 'NONE', #2096, .T. ) ;
#2459 = SURFACE_SIDE_STYLE ('',( #5261 ) ) ;
#2460 = ORIENTED_EDGE ( 'NONE', *, *, #2247, .T. ) ;
#2461 = FILL_AREA_STYLE ('',( #6336 ) ) ;
#2462 = CARTESIAN_POINT ( 'NONE',  ( -0.000000000000000000, -3.707786986413718289, -6.871311153670301763 ) ) ;
#2463 = CARTESIAN_POINT ( 'NONE',  ( 7.779999999999999361, -11.68558643017504473, 7.710415131016984169 ) ) ;
#2464 = CARTESIAN_POINT ( 'NONE',  ( 5.645076863632790598, -9.355855050800583328, 5.190855283913659690 ) ) ;
#2465 = MECHANICAL_DESIGN_GEOMETRIC_PRESENTATION_REPRESENTATION (  '', ( #3037 ), #1243 ) ;
#2466 = FILL_AREA_STYLE ('',( #5717 ) ) ;
#2467 = DIRECTION ( 'NONE',  ( 0.000000000000000000, 0.000000000000000000, 1.000000000000000000 ) ) ;
#2468 = CARTESIAN_POINT ( 'NONE',  ( 3.265586066596192438, -13.88477053572695574, 27.76954107145392214 ) ) ;
#2469 = VERTEX_POINT ( 'NONE', #3593 ) ;
#2470 = CIRCLE ( 'NONE', #5413, 0.5512007928600866080 ) ;
#2471 = DIRECTION ( 'NONE',  ( 1.000000000000000000, 0.000000000000000000, 0.000000000000000000 ) ) ;
#2472 = UNCERTAINTY_MEASURE_WITH_UNIT (LENGTH_MEASURE( 1.000000000000000082E-05 ), #415, 'distance_accuracy_value', 'NONE');
#2473 =( LENGTH_UNIT ( ) NAMED_UNIT ( * ) SI_UNIT ( .MILLI., .METRE. ) );
#2474 = CARTESIAN_POINT ( 'NONE',  ( 8.999999999999996447, 7.624264068711930520, 15.24852813742385393 ) ) ;
#2475 = DIRECTION ( 'NONE',  ( 0.000000000000000000, 1.000000000000000000, -6.123031769111904780E-17 ) ) ;
#2476 = CIRCLE ( 'NONE', #6737, 10.42500050000000122 ) ;
#2477 = ORIENTED_EDGE ( 'NONE', *, *, #6411, .F. ) ;
#2478 = FILL_AREA_STYLE ('',( #3581 ) ) ;
#2479 = ORIENTED_EDGE ( 'NONE', *, *, #6678, .F. ) ;
#2480 = ORIENTED_EDGE ( 'NONE', *, *, #5109, .T. ) ;
#2481 = SURFACE_SIDE_STYLE ('',( #4604 ) ) ;
#2482 = CARTESIAN_POINT ( 'NONE',  ( 0.5200000000000000178, 5.910751103027283904, -8.709016886550596581 ) ) ;
#2483 = CARTESIAN_POINT ( 'NONE',  ( 9.000000000000003553, -7.645824888126109720, -1.543494944070496588 ) ) ;
#2484 = MECHANICAL_DESIGN_GEOMETRIC_PRESENTATION_REPRESENTATION (  '', ( #4958 ), #3284 ) ;
#2485 =( LENGTH_UNIT ( ) NAMED_UNIT ( * ) SI_UNIT ( .MILLI., .METRE. ) );
#2486 = CARTESIAN_POINT ( 'NONE',  ( 0.3199999999999963429, -9.667920872248982889, 4.161873780652800114 ) ) ;
#2487 = CARTESIAN_POINT ( 'NONE',  ( 8.379999999999997229, -10.42500050000000122, 1.276694349343455967E-15 ) ) ;
#2488 = EDGE_CURVE ( 'NONE', #6007, #4558, #1170, .T. ) ;
#2489 = B_SPLINE_CURVE_WITH_KNOTS ( 'NONE', 3,
 ( #1386, #1493, #4217, #418, #3039, #4078, #6343, #999, #4701, #5755, #6786, #2053, #3533, #3645, #4631, #1463, #5681, #4144, #3150, #1528, #6825, #2503, #935, #6269, #5719, #6718, #907, #1917, #4592, #6860, #6203, #3001, #864, #1949, #5153, #345, #2023, #3614, #3569, #6752, #4108, #5307, #4185, #6309, #6235, #3679, #5788, #486, #5196, #5823, #967, #3108, #5268, #447, #2581, #3720, #2678, #2737, #2611, #2643, #513, #1570, #1168, #1139, #4902, #3253, #610, #3780, #5405, #1101, #6500, #18, #577, #4794, #5862, #3290, #6929, #4833, #4318, #6404, #82, #3179, #4250, #2708, #1061, #6370, #5992, #5366, #2122, #1603, #5440, #2221, #5892, #1036 ),
 .UNSPECIFIED., .F., .F.,
 ( 4, 1, 1, 1, 1, 2, 2, 1, 1, 1, 2, 2, 1, 1, 2, 2, 2, 1, 1, 2, 2, 1, 1, 1, 2, 2, 1, 1, 1, 1, 2, 2, 2, 1, 1, 1, 1, 2, 2, 1, 1, 1, 2, 2, 1, 1, 2, 2, 2, 1, 1, 2, 2, 1, 1, 1, 2, 2, 1, 1, 1, 1, 2, 2, 4 ),
 ( 0.2500000000000000000, 0.2656249999999999445, 0.2734374999999998890, 0.2773437499999998890, 0.2792968749999998890, 0.2802734374999998890, 0.2812499999999998890, 0.2968749999999996114, 0.3046874999999995004, 0.3085937499999994449, 0.3105468749999993894, 0.3124999999999993894, 0.3281249999999990008, 0.3359374999999988343, 0.3398437499999987232, 0.3437499999999986677, 0.3749999999999981126, 0.3906249999999978906, 0.3984374999999977240, 0.4023437499999976685, 0.4062499999999975575, 0.4218749999999971134, 0.4296874999999969469, 0.4335937499999968359, 0.4355468749999967804, 0.4374999999999966693, 0.4531249999999962808, 0.4609374999999961142, 0.4648437499999960032, 0.4667968749999959477, 0.4677734374999959477, 0.4687499999999959477, 0.4999999999999956701, 0.5156249999999955591, 0.5234374999999955591, 0.5273437499999954481, 0.5292968749999954481, 0.5302734374999954481, 0.5312499999999954481, 0.5468749999999954481, 0.5546874999999954481, 0.5585937499999953371, 0.5605468749999953371, 0.5624999999999953371, 0.5781249999999955591, 0.5859374999999955591, 0.5898437499999955591, 0.5937499999999955591, 0.6249999999999960032, 0.6406249999999962252, 0.6484374999999962252, 0.6523437499999963363, 0.6562499999999964473, 0.6718749999999967804, 0.6796874999999970024, 0.6835937499999971134, 0.6855468749999971134, 0.6874999999999973355, 0.7031249999999977796, 0.7109374999999980016, 0.7148437499999982236, 0.7167968749999982236, 0.7177734374999983347, 0.7187499999999984457, 0.7500000000000000000 ),
 .UNSPECIFIED. ) ;
#2490 = CARTESIAN_POINT ( 'NONE',  ( 7.779999999999997584, -13.97072761658539086, -1.067856841811232194 ) ) ;
#2491 = PRESENTATION_STYLE_ASSIGNMENT (( #6188 ) ) ;
#2492 = DIRECTION ( 'NONE',  ( 0.000000000000000000, 0.000000000000000000, -1.000000000000000000 ) ) ;
#2493 = CARTESIAN_POINT ( 'NONE',  ( 1.399797437231674602, -14.30556376187089995, 2.644000268656219151E-15 ) ) ;
#2494 = FILL_AREA_STYLE ('',( #338 ) ) ;
#2495 = VERTEX_POINT ( 'NONE', #5696 ) ;
#2496 = PRESENTATION_STYLE_ASSIGNMENT (( #4179 ) ) ;
#2497 = CARTESIAN_POINT ( 'NONE',  ( -0.000000000000000000, -6.992223862022990843, -3.474390812555299135 ) ) ;
#2498 = ORIENTED_EDGE ( 'NONE', *, *, #1468, .F. ) ;
#2499 = CARTESIAN_POINT ( 'NONE',  ( 7.780000000000000249, -9.216303630474106612, 10.58263369002285614 ) ) ;
#2500 = SURFACE_STYLE_USAGE ( .BOTH. , #860 ) ;
#2501 = DIRECTION ( 'NONE',  ( 0.000000000000000000, 0.000000000000000000, 1.000000000000000000 ) ) ;
#2502 = DIRECTION ( 'NONE',  ( 1.696550993789004484E-16, 1.000000000000000000, 0.000000000000000000 ) ) ;
#2503 = CARTESIAN_POINT ( 'NONE',  ( 0.3199999999999930123, -8.859050204135757056, -5.683397693584475441 ) ) ;
#2504 = SURFACE_STYLE_USAGE ( .BOTH. , #1420 ) ;
#2505 = FILL_AREA_STYLE ('',( #6647 ) ) ;
#2506 = ORIENTED_EDGE ( 'NONE', *, *, #4297, .T. ) ;
#2507 = EDGE_LOOP ( 'NONE', ( #4337, #3842, #3542, #315 ) ) ;
#2508 = CARTESIAN_POINT ( 'NONE',  ( 0.5199999999999858069, 1.621586772632121755E-15, 13.00199161366772671 ) ) ;
#2509 =( BOUNDED_SURFACE ( )  B_SPLINE_SURFACE ( 3, 3, ( 
 ( #5983, #5325, #502, #4236 ),
 ( #3201, #3738, #40, #1551 ),
 ( #6911, #5915, #3706, #3801 ),
 ( #567, #2173, #2106, #2723 ) ),
 .UNSPECIFIED., .F., .F., .F. ) 
 B_SPLINE_SURFACE_WITH_KNOTS ( ( 4, 4 ),
 ( 4, 4 ),
 ( 0.000000000000000000, 1.000000000000000000 ),
 ( 0.000000000000000000, 1.000000000000000000 ),
 .UNSPECIFIED. ) 
 GEOMETRIC_REPRESENTATION_ITEM ( )  RATIONAL_B_SPLINE_SURFACE ( (
 ( 1.000000000000000000, 0.3333333333333334259, 0.3333333333333334259, 1.000000000000000000),
 ( 0.3333333333333333703, 0.1111111111111111605, 0.1111111111111111605, 0.3333333333333333703),
 ( 0.3333333333333333703, 0.1111111111111111605, 0.1111111111111111605, 0.3333333333333333703),
 ( 1.000000000000000000, 0.3333333333333334259, 0.3333333333333334259, 1.000000000000000000) ) ) 
 REPRESENTATION_ITEM ( '' )  SURFACE ( )  );
#2510 = CARTESIAN_POINT ( 'NONE',  ( 8.480000000000002203, -10.46642185623730903, -3.204354008516738132E-15 ) ) ;
#2511 = SURFACE_SIDE_STYLE ('',( #4153 ) ) ;
#2512 = ORIENTED_EDGE ( 'NONE', *, *, #307, .T. ) ;
#2513 =( NAMED_UNIT ( * ) SI_UNIT ( $, .STERADIAN. ) SOLID_ANGLE_UNIT ( ) );
#2514 = COLOUR_RGB ( '',0.5098039215686274161, 0.5098039215686274161, 0.5490196078431373028 ) ;
#2515 = CARTESIAN_POINT ( 'NONE',  ( 0.5200000000000000178, 8.999096241906418214, -5.458976968531644047 ) ) ;
#2516 = CARTESIAN_POINT ( 'NONE',  ( 3.354923136367210290, 0.3096358389863434479, -12.78153448809575821 ) ) ;
#2517 = LINE ( 'NONE', #322, #4826 ) ;
#2518 = CARTESIAN_POINT ( 'NONE',  ( 0.3199999999999960654, -10.07622410128535684, 3.074210346768438740 ) ) ;
#2519 = CARTESIAN_POINT ( 'NONE',  ( 7.580000000000000071, 0.000000000000000000, 0.000000000000000000 ) ) ;
#2520 = CARTESIAN_POINT ( 'NONE',  ( 1.219999999999999973, 7.462014705363189115, 11.84576243687593511 ) ) ;
#2521 = CARTESIAN_POINT ( 'NONE',  ( 7.780000000000000249, -13.68370583822236064, -2.993771136287315837 ) ) ;
#2522 = PRODUCT_DEFINITION ( 'General', '', #6920, #330 ) ;
#2523 = EDGE_CURVE ( 'NONE', #1538, #4748, #4884, .T. ) ;
#2524 = AXIS2_PLACEMENT_3D ( 'NONE', #4955, #3380, #3486 ) ;
#2525 = PRESENTATION_STYLE_ASSIGNMENT (( #3516 ) ) ;
#2526 = CARTESIAN_POINT ( 'NONE',  ( 7.780000000000004690, 13.99999999999998579, 28.00000000000000000 ) ) ;
#2527 = PRESENTATION_LAYER_ASSIGNMENT (  '', '', ( #5571 ) ) ;
#2528 = CARTESIAN_POINT ( 'NONE',  ( 1.176230886931862729, 14.51483715649648687, 29.02967431299296308 ) ) ;
#2529 = CARTESIAN_POINT ( 'NONE',  ( 4.388948052025023472, -5.572643913645567437, 4.914329712638656922 ) ) ;
#2530 = CARTESIAN_POINT ( 'NONE',  ( 1.219999999999999973, -7.610394298993610640, -11.75097785206713752 ) ) ;
#2531 = EDGE_LOOP ( 'NONE', ( #2867, #5312 ) ) ;
#2532 =( NAMED_UNIT ( * ) PLANE_ANGLE_UNIT ( ) SI_UNIT ( $, .RADIAN. ) );
#2533 = CARTESIAN_POINT ( 'NONE',  ( 8.680000000000001492, 10.52500050000000265, 7.375436318164603546E-15 ) ) ;
#2534 = VERTEX_POINT ( 'NONE', #6734 ) ;
#2535 = CARTESIAN_POINT ( 'NONE',  ( 7.779999999999995808, -7.311929425991118947, 11.93989026316077329 ) ) ;
#2536 = STYLED_ITEM ( 'NONE', ( #3226 ), #90 ) ;
#2537 = DIRECTION ( 'NONE',  ( 1.000000000000000000, -1.224606353822379970E-16, -6.105792521669658402E-47 ) ) ;
#2538 = CARTESIAN_POINT ( 'NONE',  ( 3.265586066596192438, 13.88477053572695397, -27.76954107145392214 ) ) ;
#2539 = DIRECTION ( 'NONE',  ( 0.000000000000000000, 0.000000000000000000, 1.000000000000000000 ) ) ;
#2540 = CIRCLE ( 'NONE', #3340, 14.00000000000001243 ) ;
#2541 = COLOUR_RGB ( '',0.5098039215686274161, 0.5098039215686274161, 0.5490196078431373028 ) ;
#2542 = CARTESIAN_POINT ( 'NONE',  ( 5.645076863632791486, -4.163524672093494416, -9.074955185932338964 ) ) ;
#2543 = CIRCLE ( 'NONE', #3114, 13.43000050000000023 ) ;
#2544 = DIRECTION ( 'NONE',  ( 1.664003254462008968E-16, 1.000000000000000000, 0.000000000000000000 ) ) ;
#2545 = CYLINDRICAL_SURFACE ( 'NONE', #989, 10.22500050000000194 ) ;
#2546 = CARTESIAN_POINT ( 'NONE',  ( 0.2999999999999998224, 7.499999999999995559, -14.99999999999999822 ) ) ;
#2547 = PRESENTATION_LAYER_ASSIGNMENT (  '', '', ( #1987 ) ) ;
#2548 = MECHANICAL_DESIGN_GEOMETRIC_PRESENTATION_REPRESENTATION (  '', ( #6811 ), #1666 ) ;
#2549 = EDGE_CURVE ( 'NONE', #5533, #3359, #1283, .T. ) ;
#2550 = ORIENTED_EDGE ( 'NONE', *, *, #6399, .F. ) ;
#2551 = ORIENTED_EDGE ( 'NONE', *, *, #2141, .F. ) ;
#2552 = COLOUR_RGB ( '',0.6941176470588235059, 0.7529411764705882248, 0.8392156862745098200 ) ;
#2553 = CIRCLE ( 'NONE', #4808, 13.65000000000000036 ) ;
#2554 =( BOUNDED_SURFACE ( )  B_SPLINE_SURFACE ( 3, 3, ( 
 ( #1448, #3134, #5774, #4728 ),
 ( #5703, #3061, #5256, #3667 ),
 ( #3518, #3025, #5181, #4205 ),
 ( #6773, #434, #1970, #3097 ) ),
 .UNSPECIFIED., .F., .F., .F. ) 
 B_SPLINE_SURFACE_WITH_KNOTS ( ( 4, 4 ),
 ( 4, 4 ),
 ( 0.000000000000000000, 1.000000000000000000 ),
 ( 0.000000000000000000, 1.000000000000000000 ),
 .UNSPECIFIED. ) 
 GEOMETRIC_REPRESENTATION_ITEM ( )  RATIONAL_B_SPLINE_SURFACE ( (
 ( 1.000000000000000000, 0.3333333333333334259, 0.3333333333333334259, 1.000000000000000000),
 ( 0.8047378541243649375, 0.2682459513747884050, 0.2682459513747884050, 0.8047378541243649375),
 ( 0.8047378541243649375, 0.2682459513747884050, 0.2682459513747884050, 0.8047378541243649375),
 ( 1.000000000000000000, 0.3333333333333334259, 0.3333333333333334259, 1.000000000000000000) ) ) 
 REPRESENTATION_ITEM ( '' )  SURFACE ( )  );
#2555 = CARTESIAN_POINT ( 'NONE',  ( 0.5200000000000002398, 2.061822792885538380, -10.32122741108695330 ) ) ;
#2556 = CARTESIAN_POINT ( 'NONE',  ( 9.000000000000000000, -3.876595490870499816, -6.770757344944427381 ) ) ;
#2557 = FILL_AREA_STYLE_COLOUR ( '', #1228 ) ;
#2558 = CARTESIAN_POINT ( 'NONE',  ( 0.3199999999999956213, -10.22663357711967969, 2.498755345898515223 ) ) ;
#2559 = SURFACE_STYLE_USAGE ( .BOTH. , #428 ) ;
#2560 = STYLED_ITEM ( 'NONE', ( #127 ), #5092 ) ;
#2561 = CARTESIAN_POINT ( 'NONE',  ( 8.480000000000003979, 1.282500883291190164, 10.46639770868332064 ) ) ;
#2562 = CIRCLE ( 'NONE', #446, 7.500000000000000000 ) ;
#2563 = CARTESIAN_POINT ( 'NONE',  ( 3.354923136367210290, -7.645475827906526689, -11.37883366667385765 ) ) ;
#2564 = SURFACE_SIDE_STYLE ('',( #3022 ) ) ;
#2565 =( NAMED_UNIT ( * ) PLANE_ANGLE_UNIT ( ) SI_UNIT ( $, .RADIAN. ) );
#2566 = UNCERTAINTY_MEASURE_WITH_UNIT (LENGTH_MEASURE( 1.000000000000000082E-05 ), #5883, 'distance_accuracy_value', 'NONE');
#2567 =( NAMED_UNIT ( * ) PLANE_ANGLE_UNIT ( ) SI_UNIT ( $, .RADIAN. ) );
#2568 = COLOUR_RGB ( '',0.5098039215686274161, 0.5098039215686274161, 0.5490196078431373028 ) ;
#2569 = STYLED_ITEM ( 'NONE', ( #2903 ), #5598 ) ;
#2570 =( NAMED_UNIT ( * ) SI_UNIT ( $, .STERADIAN. ) SOLID_ANGLE_UNIT ( ) );
#2571 = CARTESIAN_POINT ( 'NONE',  ( 1.219999999999999973, -9.216303630466621044, -10.58263369003189780 ) ) ;
#2572 = EDGE_LOOP ( 'NONE', ( #5272, #410, #493, #6238 ) ) ;
#2573 = CARTESIAN_POINT ( 'NONE',  ( -0.06738468756216745015, 13.73712324117466466, -4.205753221578630941E-15 ) ) ;
#2574 = CARTESIAN_POINT ( 'NONE',  ( -0.000000000000000000, -4.655134520879193438, -6.261171556119573545 ) ) ;
#2575 = STYLED_ITEM ( 'NONE', ( #6322 ), #6662 ) ;
#2576 =( GEOMETRIC_REPRESENTATION_CONTEXT ( 3 ) GLOBAL_UNCERTAINTY_ASSIGNED_CONTEXT ( ( #161 ) ) GLOBAL_UNIT_ASSIGNED_CONTEXT ( ( #3500, #1492, #4700 ) ) REPRESENTATION_CONTEXT ( 'NONE', 'WORKASPACE' ) );
#2577 = CARTESIAN_POINT ( 'NONE',  ( 7.780000000000003801, -2.993771136298390090, 13.68370583821889319 ) ) ;
#2578 = SURFACE_SIDE_STYLE ('',( #2052 ) ) ;
#2579 = DIRECTION ( 'NONE',  ( -1.000000000000000000, 0.000000000000000000, 0.000000000000000000 ) ) ;
#2580 = EDGE_CURVE ( 'NONE', #704, #160, #5344, .T. ) ;
#2581 = CARTESIAN_POINT ( 'NONE',  ( 0.3199999999999912914, 1.894194247332092962, -10.35316839353891893 ) ) ;
#2582 =( GEOMETRIC_REPRESENTATION_CONTEXT ( 3 ) GLOBAL_UNCERTAINTY_ASSIGNED_CONTEXT ( ( #2891 ) ) GLOBAL_UNIT_ASSIGNED_CONTEXT ( ( #3741, #5330, #5812 ) ) REPRESENTATION_CONTEXT ( 'NONE', 'WORKASPACE' ) );
#2583 = CARTESIAN_POINT ( 'NONE',  ( 1.219999999999999973, -14.00000000000000000, 2.571729966481959310E-15 ) ) ;
#2584 = DIRECTION ( 'NONE',  ( 2.249491082733216286E-32, 1.836909530733570078E-16, -1.000000000000000000 ) ) ;
#2585 = CARTESIAN_POINT ( 'NONE',  ( 8.699999999999999289, 0.000000000000000000, 0.000000000000000000 ) ) ;
#2586 = CARTESIAN_POINT ( 'NONE',  ( 8.699999999999999289, 7.500000000000001776, 14.99999999999999822 ) ) ;
#2587 = SURFACE_STYLE_FILL_AREA ( #2478 ) ;
#2588 = VERTEX_POINT ( 'NONE', #3550 ) ;
#2589 = EDGE_LOOP ( 'NONE', ( #67, #2217, #5951, #5946 ) ) ;
#2590 = FILL_AREA_STYLE ('',( #5382 ) ) ;
#2591 = CARTESIAN_POINT ( 'NONE',  ( 9.000000000000000000, -7.331286101083061446, 2.664467693568696838 ) ) ;
#2592 = CARTESIAN_POINT ( 'NONE',  ( -0.000000000000000000, 7.705400801249662202, 1.213718188943651688 ) ) ;
#2593 = CARTESIAN_POINT ( 'NONE',  ( 8.130000000000000782, -14.34999999999999964, -4.393333333379125260E-15 ) ) ;
#2594 = DIRECTION ( 'NONE',  ( -1.323374535730879449E-16, -1.000000000000000000, 0.000000000000000000 ) ) ;
#2595 = COLOUR_RGB ( '',0.5098039215686274161, 0.5098039215686274161, 0.5490196078431373028 ) ;
#2596 = CARTESIAN_POINT ( 'NONE',  ( 8.480000000000005755, 9.434971204516939380, 4.688296134665389303 ) ) ;
#2597 = AXIS2_PLACEMENT_3D ( 'NONE', #1732, #116, #2216 ) ;
#2598 = CARTESIAN_POINT ( 'NONE',  ( 7.780000000000002913, -2.603286763888125854, -13.75585941807477930 ) ) ;
#2599 = PRESENTATION_STYLE_ASSIGNMENT (( #2174 ) ) ;
#2600 = EDGE_CURVE ( 'NONE', #5241, #4776, #3534, .T. ) ;
#2601 = ORIENTED_EDGE ( 'NONE', *, *, #2457, .T. ) ;
#2602 = SURFACE_STYLE_USAGE ( .BOTH. , #3135 ) ;
#2603 = SURFACE_STYLE_FILL_AREA ( #2669 ) ;
#2604 = SURFACE_SIDE_STYLE ('',( #6397 ) ) ;
#2605 = FILL_AREA_STYLE ('',( #479 ) ) ;
#2606 = CARTESIAN_POINT ( 'NONE',  ( 8.680000000000008598, 9.770322806959908846, 3.913847515211556605 ) ) ;
#2607 = CARTESIAN_POINT ( 'NONE',  ( 7.779999999999998472, -11.58415651652865641, 7.862013529840218062 ) ) ;
#2608 = DIRECTION ( 'NONE',  ( 0.000000000000000000, 0.000000000000000000, -1.000000000000000000 ) ) ;
#2609 = SURFACE_STYLE_FILL_AREA ( #2086 ) ;
#2610 = CARTESIAN_POINT ( 'NONE',  ( 3.557454002911171198, 8.444714330203218822, 5.488546972192462015 ) ) ;
#2611 = CARTESIAN_POINT ( 'NONE',  ( 0.3199999999999914579, 3.595368540862498907, -9.892524181372506220 ) ) ;
#2612 = SURFACE_STYLE_FILL_AREA ( #3153 ) ;
#2613 = EDGE_CURVE ( 'NONE', #5489, #6755, #951, .T. ) ;
#2614 = ORIENTED_EDGE ( 'NONE', *, *, #4429, .T. ) ;
#2615 = CARTESIAN_POINT ( 'NONE',  ( 7.600202562768309633, 14.30556376187088397, 6.131655215864450346E-15 ) ) ;
#2616 = CARTESIAN_POINT ( 'NONE',  ( 0.2999999999999998224, -16.00000000000000355, -31.99999999999998579 ) ) ;
#2617 = CARTESIAN_POINT ( 'NONE',  ( 8.680000000000005045, 10.37411989833995918, -1.776543663425478758 ) ) ;
#2618 = CARTESIAN_POINT ( 'NONE',  ( 0.5200000000000000178, 9.667920872250451936, 4.161873780650632071 ) ) ;
#2619 = ORIENTED_EDGE ( 'NONE', *, *, #115, .F. ) ;
#2620 = ORIENTED_EDGE ( 'NONE', *, *, #1067, .F. ) ;
#2621 = CARTESIAN_POINT ( 'NONE',  ( 8.479999999999998650, -1.999022335139911011, -10.33343986787559565 ) ) ;
#2622 = CARTESIAN_POINT ( 'NONE',  ( 9.000000000000001776, -6.565369242160715046, 4.211933004075019582 ) ) ;
#2623 = CARTESIAN_POINT ( 'NONE',  ( -0.000000000000000000, -2.753195702544076529, 7.298008715864727769 ) ) ;
#2624 = FILL_AREA_STYLE_COLOUR ( '', #3448 ) ;
#2625 = DIRECTION ( 'NONE',  ( -1.930254370002621001E-16, -1.000000000000000000, 0.000000000000000000 ) ) ;
#2626 = CARTESIAN_POINT ( 'NONE',  ( 8.480000000000005755, 8.859050204136861950, 5.683397693583075672 ) ) ;
#2627 = CONICAL_SURFACE ( 'NONE', #3424, 13.65000000000000036, 0.7853981633974466137 ) ;
#2628 = CARTESIAN_POINT ( 'NONE',  ( 7.779999999999998472, 3.654217838207397318, -13.52812398064031463 ) ) ;
#2629 =( LENGTH_UNIT ( ) NAMED_UNIT ( * ) SI_UNIT ( .MILLI., .METRE. ) );
#2630 = PRESENTATION_STYLE_ASSIGNMENT (( #1084 ) ) ;
#2631 = UNCERTAINTY_MEASURE_WITH_UNIT (LENGTH_MEASURE( 1.000000000000000082E-05 ), #6602, 'distance_accuracy_value', 'NONE');
#2632 = VERTEX_POINT ( 'NONE', #2002 ) ;
#2633 = CARTESIAN_POINT ( 'NONE',  ( 0.3199999999999990630, -10.52500050000000620, -21.05000099999999819 ) ) ;
#2634 = CARTESIAN_POINT ( 'NONE',  ( 0.000000000000000000, 15.69999999999999929, -2.215381469852090405E-15 ) ) ;
#2635 = DIRECTION ( 'NONE',  ( 0.000000000000000000, 0.000000000000000000, 1.000000000000000000 ) ) ;
#2636 = EDGE_CURVE ( 'NONE', #1812, #5053, #509, .T. ) ;
#2637 = AXIS2_PLACEMENT_3D ( 'NONE', #998, #1161, #1568 ) ;
#2638 = CARTESIAN_POINT ( 'NONE',  ( 0.000000000000000000, -1.448609838834674202, -7.664358147291741474 ) ) ;
#2639 = FILL_AREA_STYLE ('',( #2675 ) ) ;
#2640 = FILL_AREA_STYLE ('',( #4789 ) ) ;
#2641 =( LENGTH_UNIT ( ) NAMED_UNIT ( * ) SI_UNIT ( .MILLI., .METRE. ) );
#2642 = CARTESIAN_POINT ( 'NONE',  ( 1.020000000000000018, 0.000000000000000000, 0.000000000000000000 ) ) ;
#2643 = CARTESIAN_POINT ( 'NONE',  ( 0.3199999999999915690, 3.715076583182569614, -9.847626207425120626 ) ) ;
#2644 = CARTESIAN_POINT ( 'NONE',  ( 5.442545997088830134, 2.652116298503882419, 13.73172747971468688 ) ) ;
#2645 = SURFACE_STYLE_FILL_AREA ( #1573 ) ;
#2646 = CARTESIAN_POINT ( 'NONE',  ( 4.388948052025019919, -10.76497429235266345, -1.273648670121519944 ) ) ;
#2647 = CARTESIAN_POINT ( 'NONE',  ( 8.480000000000000426, -10.46642185623730370, -20.93284371247463227 ) ) ;
#2648 = CARTESIAN_POINT ( 'NONE',  ( 0.8700000000000008837, -14.35000000000000675, -28.69999999999999218 ) ) ;
#2649 = ADVANCED_FACE ( 'NONE', ( #6289 ), #95, .F. ) ;
#2650 = PRESENTATION_LAYER_ASSIGNMENT (  '', '', ( #1194 ) ) ;
#2651 = AXIS2_PLACEMENT_3D ( 'NONE', #6208, #6830, #2544 ) ;
#2652 = CARTESIAN_POINT ( 'NONE',  ( 5.442545997088830134, 2.652116298503881531, 13.73172747971468688 ) ) ;
#2653 = CARTESIAN_POINT ( 'NONE',  ( 8.480000000000003979, 8.709016886550619674, -5.910751103027668485 ) ) ;
#2654 = CARTESIAN_POINT ( 'NONE',  ( 0.5200000000000002398, -7.699077894429544600, -7.185546829812126113 ) ) ;
#2655 = CARTESIAN_POINT ( 'NONE',  ( -0.000000000000000000, -1.213718188943687659, 7.705400801249657761 ) ) ;
#2656 = MECHANICAL_DESIGN_GEOMETRIC_PRESENTATION_REPRESENTATION (  '', ( #546 ), #329 ) ;
#2657 = AXIS2_PLACEMENT_3D ( 'NONE', #3575, #2584, #5724 ) ;
#2658 = CARTESIAN_POINT ( 'NONE',  ( 1.076072228735578439E-17, -15.87573593128806948, 2.916293273889136038E-15 ) ) ;
#2659 = DIRECTION ( 'NONE',  ( 1.000000000000000000, -1.608545308335517870E-16, -6.209803221523693437E-32 ) ) ;
#2660 = FILL_AREA_STYLE ('',( #2791 ) ) ;
#2661 = CARTESIAN_POINT ( 'NONE',  ( 8.480000000000002203, 9.802377377084907195, 3.832879081346454608 ) ) ;
#2662 = ADVANCED_FACE ( 'NONE', ( #4047 ), #5661, .T. ) ;
#2663 = CARTESIAN_POINT ( 'NONE',  ( 7.779999999999999361, -12.15255732350063589, -6.958154849423374699 ) ) ;
#2664 = DIRECTION ( 'NONE',  ( 0.000000000000000000, 6.123031769111889989E-17, 1.000000000000000000 ) ) ;
#2665 =( GEOMETRIC_REPRESENTATION_CONTEXT ( 3 ) GLOBAL_UNCERTAINTY_ASSIGNED_CONTEXT ( ( #5160 ) ) GLOBAL_UNIT_ASSIGNED_CONTEXT ( ( #5005, #6643, #2321 ) ) REPRESENTATION_CONTEXT ( 'NONE', 'WORKASPACE' ) );
#2666 = ORIENTED_EDGE ( 'NONE', *, *, #605, .T. ) ;
#2667 = CARTESIAN_POINT ( 'NONE',  ( 0.3199999999999980083, -10.34926456871193423, -20.69852913742385425 ) ) ;
#2668 = AXIS2_PLACEMENT_3D ( 'NONE', #47, #2183, #5335 ) ;
#2669 = FILL_AREA_STYLE ('',( #4787 ) ) ;
#2670 = CARTESIAN_POINT ( 'NONE',  ( 0.5200000000000000178, -10.52500050000000265, 1.834056708812961423E-15 ) ) ;
#2671 =( LENGTH_UNIT ( ) NAMED_UNIT ( * ) SI_UNIT ( .MILLI., .METRE. ) );
#2672 = CIRCLE ( 'NONE', #4818, 13.00199161366772671 ) ;
#2673 = SURFACE_STYLE_USAGE ( .BOTH. , #75 ) ;
#2674 = DIRECTION ( 'NONE',  ( -0.8829475928589268774, -0.4694715627858908613, 5.482930806571953635E-32 ) ) ;
#2675 = FILL_AREA_STYLE_COLOUR ( '', #6372 ) ;
#2676 = ADVANCED_FACE ( 'NONE', ( #3970 ), #2062, .T. ) ;
#2677 = PRESENTATION_LAYER_ASSIGNMENT (  '', '', ( #2904 ) ) ;
#2678 = CARTESIAN_POINT ( 'NONE',  ( 0.3199999999999913469, 2.747115858733375937, -10.17027191870436731 ) ) ;
#2679 = STYLED_ITEM ( 'NONE', ( #2112 ), #6596 ) ;
#2680 = CARTESIAN_POINT ( 'NONE',  ( 8.680000000000006821, -10.39734788334105531, 1.637788826842430989 ) ) ;
#2681 = EDGE_CURVE ( 'NONE', #3492, #3158, #170, .T. ) ;
#2682 = DIRECTION ( 'NONE',  ( -1.276764421896136153E-16, -1.000000000000000000, 0.000000000000000000 ) ) ;
#2683 = AXIS2_PLACEMENT_3D ( 'NONE', #4590, #2961, #3643 ) ;
#2684 = DIRECTION ( 'NONE',  ( -3.749201334157305728E-32, -3.061556329880923285E-16, 1.000000000000000000 ) ) ;
#2685 = CARTESIAN_POINT ( 'NONE',  ( 8.480000000000002203, -0.6435880793095266617, -10.52506535914106500 ) ) ;
#2686 = CARTESIAN_POINT ( 'NONE',  ( 0.2999999999999998224, 7.500000000000000888, 14.99999999999999645 ) ) ;
#2687 = CARTESIAN_POINT ( 'NONE',  ( 9.000000000000000000, -7.155404796190362404, 3.116061540439870381 ) ) ;
#2688 = CARTESIAN_POINT ( 'NONE',  ( -0.000000000000000000, 7.298008715864701124, 2.753195702544239065 ) ) ;
#2689 = UNCERTAINTY_MEASURE_WITH_UNIT (LENGTH_MEASURE( 1.000000000000000082E-05 ), #4223, 'distance_accuracy_value', 'NONE');
#2690 = FACE_OUTER_BOUND ( 'NONE', #3562, .T. ) ;
#2691 = CARTESIAN_POINT ( 'NONE',  ( 8.480000000000002203, 9.655181985506786191, 4.204740368903006953 ) ) ;
#2692 = EDGE_LOOP ( 'NONE', ( #1727, #6760 ) ) ;
#2693 = ORIENTED_EDGE ( 'NONE', *, *, #1008, .F. ) ;
#2694 = CARTESIAN_POINT ( 'NONE',  ( 7.779999999999999361, 4.782480242026009520, -13.15868910301073846 ) ) ;
#2695 = STYLED_ITEM ( 'NONE', ( #5044 ), #3867 ) ;
#2696 = EDGE_LOOP ( 'NONE', ( #6725, #423 ) ) ;
#2697 = ADVANCED_FACE ( 'NONE', ( #515 ), #2627, .F. ) ;
#2698 = CARTESIAN_POINT ( 'NONE',  ( 0.4442640687119273624, -10.22500050000000016, 1.878281442367358127E-15 ) ) ;
#2699 = VERTEX_POINT ( 'NONE', #50 ) ;
#2700 = VECTOR ( 'NONE', #3350, 1000.000000000000000 ) ;
#2701 = FACE_OUTER_BOUND ( 'NONE', #5281, .T. ) ;
#2702 = FILL_AREA_STYLE_COLOUR ( '', #6512 ) ;
#2703 = CARTESIAN_POINT ( 'NONE',  ( -0.000000000000000000, 0.5945555826166806224, -7.783751096894971688 ) ) ;
#2704 = DIRECTION ( 'NONE',  ( -1.000000000000000000, 0.000000000000000000, 0.000000000000000000 ) ) ;
#2705 = STYLED_ITEM ( 'NONE', ( #3636 ), #3355 ) ;
#2706 =( LENGTH_UNIT ( ) NAMED_UNIT ( * ) SI_UNIT ( .MILLI., .METRE. ) );
#2707 = CARTESIAN_POINT ( 'NONE',  ( 0.8699999999999996625, 1.671642880836137099E-15, 13.65000000000000036 ) ) ;
#2708 = CARTESIAN_POINT ( 'NONE',  ( 0.3199999999999935674, 9.911618546505833294, -3.556992897984967872 ) ) ;
#2709 = CARTESIAN_POINT ( 'NONE',  ( 1.219999999999999973, -14.20502525316942233, -28.41005050633881623 ) ) ;
#2710 = CARTESIAN_POINT ( 'NONE',  ( 0.2999999999999998224, 15.99999999999999645, -4.898554840329432070E-15 ) ) ;
#2711 = CARTESIAN_POINT ( 'NONE',  ( 0.8699999999999992184, 13.65000000000000036, -4.179079598156048019E-15 ) ) ;
#2712 = CARTESIAN_POINT ( 'NONE',  ( 3.354923136367208070, -7.645475827906532018, -11.37883366667385410 ) ) ;
#2713 = EDGE_CURVE ( 'NONE', #3622, #1307, #5666, .T. ) ;
#2714 = CARTESIAN_POINT ( 'NONE',  ( 8.480000000000003979, 8.448620297010712932, -6.281383935464748269 ) ) ;
#2715 = CARTESIAN_POINT ( 'NONE',  ( 0.1242640687119284104, -7.499999999999997335, 14.99999999999999822 ) ) ;
#2716 = CARTESIAN_POINT ( 'NONE',  ( 0.5200000000000000178, -10.52500050000000265, 1.834056708812961423E-15 ) ) ;
#2717 = CARTESIAN_POINT ( 'NONE',  ( -0.000000000000000000, 7.690644590977279371, 1.301872271508227152 ) ) ;
#2718 = CARTESIAN_POINT ( 'NONE',  ( -4.174089490469271801, 15.40483803747476976, 5.557202975905952691 ) ) ;
#2719 = LINE ( 'NONE', #1077, #2880 ) ;
#2720 = CARTESIAN_POINT ( 'NONE',  ( 8.480000000000000426, -9.770322806960104245, 3.913847515210638672 ) ) ;
#2721 = EDGE_LOOP ( 'NONE', ( #3766, #3065, #2800, #2993 ) ) ;
#2722 = CARTESIAN_POINT ( 'NONE',  ( 7.780000000000002913, 0.4279778652936164773, -14.00001621236401483 ) ) ;
#2723 = CARTESIAN_POINT ( 'NONE',  ( 3.557454002911172086, 8.444714330203218822, 5.488546972192463791 ) ) ;
#2724 = CARTESIAN_POINT ( 'NONE',  ( 8.380000000000000782, 10.42500050000000122, 1.914978277635223502E-15 ) ) ;
#2725 = CARTESIAN_POINT ( 'NONE',  ( 0.3199999999999980083, 10.34926456871192002, -20.69852913742386136 ) ) ;
#2726 = VERTEX_POINT ( 'NONE', #1571 ) ;
#2727 = CARTESIAN_POINT ( 'NONE',  ( 1.220000000000000417, -2.659018621142788419, 13.74519637332317323 ) ) ;
#2728 =( GEOMETRIC_REPRESENTATION_CONTEXT ( 3 ) GLOBAL_UNCERTAINTY_ASSIGNED_CONTEXT ( ( #5248 ) ) GLOBAL_UNIT_ASSIGNED_CONTEXT ( ( #6658, #3413, #1862 ) ) REPRESENTATION_CONTEXT ( 'NONE', 'WORKASPACE' ) );
#2729 = EDGE_CURVE ( 'NONE', #2495, #5300, #4336, .T. ) ;
#2730 = CARTESIAN_POINT ( 'NONE',  ( 0.8699999999999998845, 14.51483715649647799, -29.02967431299297374 ) ) ;
#2731 = SURFACE_STYLE_FILL_AREA ( #606 ) ;
#2732 = CARTESIAN_POINT ( 'NONE',  ( 0.000000000000000000, 7.664358147291740586, -1.448609838834999941 ) ) ;
#2733 =( GEOMETRIC_REPRESENTATION_CONTEXT ( 3 ) GLOBAL_UNCERTAINTY_ASSIGNED_CONTEXT ( ( #2826 ) ) GLOBAL_UNIT_ASSIGNED_CONTEXT ( ( #3028, #1347, #2570 ) ) REPRESENTATION_CONTEXT ( 'NONE', 'WORKASPACE' ) );
#2734 = DIRECTION ( 'NONE',  ( 0.000000000000000000, 0.000000000000000000, 1.000000000000000000 ) ) ;
#2735 = DIRECTION ( 'NONE',  ( 0.000000000000000000, 0.000000000000000000, 1.000000000000000000 ) ) ;
#2736 = CARTESIAN_POINT ( 'NONE',  ( 2.812765777966869329, 13.43000049999999135, -26.86000100000000046 ) ) ;
#2737 = CARTESIAN_POINT ( 'NONE',  ( 0.3199999999999915135, 3.314578863179193924, -9.992066394825956266 ) ) ;
#2738 = CIRCLE ( 'NONE', #2970, 2.380999999999999783 ) ;
#2739 = SURFACE_STYLE_USAGE ( .BOTH. , #5368 ) ;
#2740 = CARTESIAN_POINT ( 'NONE',  ( 0.6199999999999999956, 10.42500050000000478, 20.85000099999999890 ) ) ;
#2741 = CARTESIAN_POINT ( 'NONE',  ( 0.2999999999999998224, 0.000000000000000000, 0.000000000000000000 ) ) ;
#2742 = DIRECTION ( 'NONE',  ( -0.8821527464498744031, -0.1625106504085083448, 0.4420371256294512996 ) ) ;
#2743 = STYLED_ITEM ( 'NONE', ( #6271 ), #3222 ) ;
#2744 = CARTESIAN_POINT ( 'NONE',  ( 0.6700000000000116973, -13.45000000000003126, 2.568500347255365321E-15 ) ) ;
#2745 = CARTESIAN_POINT ( 'NONE',  ( 8.680000000000003268, 10.36364998434254403, -1.835965895478907539 ) ) ;
#2746 = CARTESIAN_POINT ( 'NONE',  ( -5.769251933469504046, -4.715897121775145528, -6.736612441920476257 ) ) ;
#2747 = ORIENTED_EDGE ( 'NONE', *, *, #3911, .F. ) ;
#2748 = CARTESIAN_POINT ( 'NONE',  ( 9.000000000000001776, 5.134897921747436200, 5.895915327473997714 ) ) ;
#2749 = CARTESIAN_POINT ( 'NONE',  ( 0.000000000000000000, -7.345414594439000133, 2.636104655505708827 ) ) ;
#2750 = UNCERTAINTY_MEASURE_WITH_UNIT (LENGTH_MEASURE( 1.000000000000000082E-05 ), #2878, 'distance_accuracy_value', 'NONE');
#2751 = CARTESIAN_POINT ( 'NONE',  ( 9.067384687562167755, -13.73712324117465577, -27.47424648234932221 ) ) ;
#2752 = FACE_BOUND ( 'NONE', #176, .T. ) ;
#2753 = ADVANCED_FACE ( 'NONE', ( #1204 ), #4010, .T. ) ;
#2754 = EDGE_LOOP ( 'NONE', ( #2074, #5054 ) ) ;
#2755 = ORIENTED_EDGE ( 'NONE', *, *, #4246, .F. ) ;
#2756 =( LENGTH_UNIT ( ) NAMED_UNIT ( * ) SI_UNIT ( .MILLI., .METRE. ) );
#2757 = CIRCLE ( 'NONE', #5587, 0.2999999999999999334 ) ;
#2758 = CARTESIAN_POINT ( 'NONE',  ( 6.187234222033129782, 0.000000000000000000, 0.000000000000000000 ) ) ;
#2759 =( LENGTH_UNIT ( ) NAMED_UNIT ( * ) SI_UNIT ( .MILLI., .METRE. ) );
#2760 = PRESENTATION_LAYER_ASSIGNMENT (  '', '', ( #4799 ) ) ;
#2761 = SURFACE_STYLE_FILL_AREA ( #2146 ) ;
#2762 = PRESENTATION_LAYER_ASSIGNMENT (  '', '', ( #83 ) ) ;
#2763 = DIRECTION ( 'NONE',  ( 0.000000000000000000, 1.836909530733570571E-16, -1.000000000000000000 ) ) ;
#2764 = ORIENTED_EDGE ( 'NONE', *, *, #5467, .T. ) ;
#2765 = CARTESIAN_POINT ( 'NONE',  ( 1.220000000000000195, 0.4279778652934347338, 14.00001621236401306 ) ) ;
#2766 = AXIS2_PLACEMENT_3D ( 'NONE', #3893, #2827, #6036 ) ;
#2767 = CARTESIAN_POINT ( 'NONE',  ( 0.5200000000000000178, -7.185546829813624470, 7.699077894427462709 ) ) ;
#2768 = CARTESIAN_POINT ( 'NONE',  ( 1.020000000000000018, 0.000000000000000000, 10.42500049999999945 ) ) ;
#2769 = SURFACE_STYLE_FILL_AREA ( #4869 ) ;
#2770 = CARTESIAN_POINT ( 'NONE',  ( 8.380000000000002558, 10.22500050000000371, 4.382642913741569665E-15 ) ) ;
#2771 = COLOUR_RGB ( '',0.5098039215686274161, 0.5098039215686274161, 0.5490196078431373028 ) ;
#2772 = AXIS2_PLACEMENT_3D ( 'NONE', #4831, #3848, #2734 ) ;
#2773 =( BOUNDED_SURFACE ( )  B_SPLINE_SURFACE ( 3, 3, ( 
 ( #1793, #5591, #6626, #3304 ),
 ( #6106, #256, #1993, #1433 ),
 ( #3545, #810, #6727, #6796 ),
 ( #6689, #4560, #2399, #1857 ) ),
 .UNSPECIFIED., .F., .F., .T. ) 
 B_SPLINE_SURFACE_WITH_KNOTS ( ( 4, 4 ),
 ( 4, 4 ),
 ( 0.000000000000000000, 1.000000000000000000 ),
 ( 0.000000000000000000, 1.000000000000000000 ),
 .UNSPECIFIED. ) 
 GEOMETRIC_REPRESENTATION_ITEM ( )  RATIONAL_B_SPLINE_SURFACE ( (
 ( 1.000000000000000000, 0.3333333333333334259, 0.3333333333333334259, 1.000000000000000000),
 ( 0.7603246535069290157, 0.2534415511689764311, 0.2534415511689764311, 0.7603246535069290157),
 ( 0.7603246535069290157, 0.2534415511689764311, 0.2534415511689764311, 0.7603246535069290157),
 ( 1.000000000000000000, 0.3333333333333334259, 0.3333333333333334259, 1.000000000000000000) ) ) 
 REPRESENTATION_ITEM ( '' )  SURFACE ( )  );
#2774 = DIRECTION ( 'NONE',  ( 3.438110455369569784E-16, 0.000000000000000000, 1.000000000000000000 ) ) ;
#2775 = SURFACE_SIDE_STYLE ('',( #4966 ) ) ;
#2776 = CARTESIAN_POINT ( 'NONE',  ( 8.699999999999999289, -15.99999999999999645, 2.939119961693666544E-15 ) ) ;
#2777 = CARTESIAN_POINT ( 'NONE',  ( 1.219999999999999973, -14.20502525316941522, 2.609392079872055050E-15 ) ) ;
#2778 = CARTESIAN_POINT ( 'NONE',  ( 0.2999999999999999334, 0.000000000000000000, 0.000000000000000000 ) ) ;
#2779 = MECHANICAL_DESIGN_GEOMETRIC_PRESENTATION_REPRESENTATION (  '', ( #4046 ), #5279 ) ;
#2780 =( NAMED_UNIT ( * ) SI_UNIT ( $, .STERADIAN. ) SOLID_ANGLE_UNIT ( ) );
#2781 = EDGE_CURVE ( 'NONE', #4713, #3306, #1851, .T. ) ;
#2782 = CARTESIAN_POINT ( 'NONE',  ( 8.679999999999999716, -3.314578863183778701, -9.992066394823661213 ) ) ;
#2783 =( GEOMETRIC_REPRESENTATION_CONTEXT ( 3 ) GLOBAL_UNCERTAINTY_ASSIGNED_CONTEXT ( ( #4685 ) ) GLOBAL_UNIT_ASSIGNED_CONTEXT ( ( #5523, #6006, #2792 ) ) REPRESENTATION_CONTEXT ( 'NONE', 'WORKASPACE' ) );
#2784 = MECHANICAL_DESIGN_GEOMETRIC_PRESENTATION_REPRESENTATION (  '', ( #105 ), #5949 ) ;
#2785 = CARTESIAN_POINT ( 'NONE',  ( -1.411048374888338230, 2.911717862559775494, -12.75398490776624882 ) ) ;
#2786 = CARTESIAN_POINT ( 'NONE',  ( 9.000000000000003553, 2.812244571404876936, 7.275455186494466986 ) ) ;
#2787 = CARTESIAN_POINT ( 'NONE',  ( 7.780000000000000249, 11.18928603698565105, 8.469612521740589983 ) ) ;
#2788 = AXIS2_PLACEMENT_3D ( 'NONE', #2642, #1034, #3178 ) ;
#2789 = CARTESIAN_POINT ( 'NONE',  ( 9.000000000000003553, 7.756561495369896697, 0.9505433284908239022 ) ) ;
#2790 = SURFACE_SIDE_STYLE ('',( #6101 ) ) ;
#2791 = FILL_AREA_STYLE_COLOUR ( '', #4280 ) ;
#2792 =( NAMED_UNIT ( * ) SI_UNIT ( $, .STERADIAN. ) SOLID_ANGLE_UNIT ( ) );
#2793 = ORIENTED_EDGE ( 'NONE', *, *, #5109, .F. ) ;
#2794 = ORIENTED_EDGE ( 'NONE', *, *, #761, .T. ) ;
#2795 = CARTESIAN_POINT ( 'NONE',  ( 7.780000000000002025, 11.48224103428780651, -8.011528302904576293 ) ) ;
#2796 = CARTESIAN_POINT ( 'NONE',  ( 0.8700000000000009948, -14.00000000000000000, 2.571729966481959310E-15 ) ) ;
#2797 = PRESENTATION_STYLE_ASSIGNMENT (( #673 ) ) ;
#2798 = FACE_BOUND ( 'NONE', #6212, .T. ) ;
#2799 = CARTESIAN_POINT ( 'NONE',  ( 8.680000000000001492, 10.34926456871195377, -20.69852913742386491 ) ) ;
#2800 = ORIENTED_EDGE ( 'NONE', *, *, #5306, .T. ) ;
#2801 = CARTESIAN_POINT ( 'NONE',  ( 8.329999999999989413, 13.45000000000001705, 26.90000000000006253 ) ) ;
#2802 = CARTESIAN_POINT ( 'NONE',  ( 0.5200000000000001288, 0.6425470494380796094, 10.51030924570692804 ) ) ;
#2803 = AXIS2_PLACEMENT_3D ( 'NONE', #2005, #1904, #6220 ) ;
#2804 =( NAMED_UNIT ( * ) PLANE_ANGLE_UNIT ( ) SI_UNIT ( $, .RADIAN. ) );
#2805 = CARTESIAN_POINT ( 'NONE',  ( 0.4442640687119273069, -10.22500049999999661, 20.45000100000000032 ) ) ;
#2806 = PRESENTATION_STYLE_ASSIGNMENT (( #6116 ) ) ;
#2807 = DIRECTION ( 'NONE',  ( 0.000000000000000000, 0.000000000000000000, 1.000000000000000000 ) ) ;
#2808 =( NAMED_UNIT ( * ) SI_UNIT ( $, .STERADIAN. ) SOLID_ANGLE_UNIT ( ) );
#2809 = COLOUR_RGB ( '',0.5098039215686274161, 0.5098039215686274161, 0.5490196078431373028 ) ;
#2810 = PLANE ( 'NONE',  #1000 ) ;
#2811 = CARTESIAN_POINT ( 'NONE',  ( 8.999999999999996447, -15.70000000000000462, -31.39999999999998792 ) ) ;
#2812 = CARTESIAN_POINT ( 'NONE',  ( 1.220000000000000417, 13.03785071452956501, -5.100511783392787990 ) ) ;
#2813 = CARTESIAN_POINT ( 'NONE',  ( 12.70120210215393364, -3.283655539853923777, -6.798626285520303902 ) ) ;
#2814 = STYLED_ITEM ( 'NONE', ( #1699 ), #4082 ) ;
#2815 = CARTESIAN_POINT ( 'NONE',  ( 8.680000000000006821, 0.3217038428305953324, 10.52501671023978247 ) ) ;
#2816 = UNCERTAINTY_MEASURE_WITH_UNIT (LENGTH_MEASURE( 1.000000000000000082E-05 ), #6386, 'distance_accuracy_value', 'NONE');
#2817 = SURFACE_STYLE_FILL_AREA ( #2229 ) ;
#2818 = PRESENTATION_STYLE_ASSIGNMENT (( #1249 ) ) ;
#2819 = CARTESIAN_POINT ( 'NONE',  ( 8.680000000000001492, -9.003924689712833995, -5.461843338606518827 ) ) ;
#2820 = CYLINDRICAL_SURFACE ( 'NONE', #743, 16.00000000000000000 ) ;
#2821 = ADVANCED_FACE ( 'NONE', ( #194 ), #3880, .T. ) ;
#2822 = SURFACE_STYLE_USAGE ( .BOTH. , #6063 ) ;
#2823 = CARTESIAN_POINT ( 'NONE',  ( 9.000000000000005329, 6.454174252068407114, 4.380430825271441897 ) ) ;
#2824 = CARTESIAN_POINT ( 'NONE',  ( 7.780000000000002025, 10.58263369000782816, 9.216303630486024190 ) ) ;
#2825 = CARTESIAN_POINT ( 'NONE',  ( 4.499999999999999112, 9.046219211814230832, -7.590679204182151807 ) ) ;
#2826 = UNCERTAINTY_MEASURE_WITH_UNIT (LENGTH_MEASURE( 1.000000000000000082E-05 ), #3028, 'distance_accuracy_value', 'NONE');
#2827 = DIRECTION ( 'NONE',  ( 1.000000000000000000, -1.224606353822380216E-16, -6.446863596467668767E-47 ) ) ;
#2828 =( NAMED_UNIT ( * ) SI_UNIT ( $, .STERADIAN. ) SOLID_ANGLE_UNIT ( ) );
#2829 = CARTESIAN_POINT ( 'NONE',  ( 8.479999999999998650, -8.709016886550356773, 5.910751103027933162 ) ) ;
#2830 = ORIENTED_EDGE ( 'NONE', *, *, #4429, .F. ) ;
#2831 = ORIENTED_EDGE ( 'NONE', *, *, #5342, .F. ) ;
#2832 = CARTESIAN_POINT ( 'NONE',  ( 7.780000000000000249, 12.33323471570511920, -6.654785049931184915 ) ) ;
#2833 = CARTESIAN_POINT ( 'NONE',  ( 8.699999999999999289, 0.000000000000000000, 0.000000000000000000 ) ) ;
#2834 = CARTESIAN_POINT ( 'NONE',  ( 8.679999999999999716, -10.52500049999999554, -21.05000100000002305 ) ) ;
#2835 = CARTESIAN_POINT ( 'NONE',  ( 8.699999999999999289, 16.00000000000000000, 31.99999999999998579 ) ) ;
#2836 = MANIFOLD_SOLID_BREP ( 'Imported_10-1-solid1', #5476 ) ;
#2837 = CARTESIAN_POINT ( 'NONE',  ( 1.220000000000000195, -13.05841734013720234, 5.047627430559628259 ) ) ;
#2838 = CARTESIAN_POINT ( 'NONE',  ( 0.5200000000000002398, -3.074210346762435098, 10.07622410128746715 ) ) ;
#2839 = CARTESIAN_POINT ( 'NONE',  ( 12.47909820620396282, -10.57505453403792650, 4.432733961178962900 ) ) ;
#2840 = SURFACE_STYLE_USAGE ( .BOTH. , #4026 ) ;
#2841 = ORIENTED_EDGE ( 'NONE', *, *, #6631, .F. ) ;
#2842 = CARTESIAN_POINT ( 'NONE',  ( 8.680000000000003268, 10.34926456871192180, 20.69852913742385780 ) ) ;
#2843 = FILL_AREA_STYLE_COLOUR ( '', #2327 ) ;
#2844 =( NAMED_UNIT ( * ) SI_UNIT ( $, .STERADIAN. ) SOLID_ANGLE_UNIT ( ) );
#2845 = ADVANCED_FACE ( 'NONE', ( #2046 ), #4729, .T. ) ;
#2846 = DIRECTION ( 'NONE',  ( 1.000000000000000000, -1.224606353822379970E-16, 3.234756870765082284E-65 ) ) ;
#2847 =( NAMED_UNIT ( * ) SI_UNIT ( $, .STERADIAN. ) SOLID_ANGLE_UNIT ( ) );
#2848 = CARTESIAN_POINT ( 'NONE',  ( 1.220000000000000195, -1.808926036610856825, -13.88559349141637078 ) ) ;
#2849 = AXIS2_PLACEMENT_3D ( 'NONE', #3629, #5175, #4611 ) ;
#2850 = CARTESIAN_POINT ( 'NONE',  ( 8.680000000000005045, -8.412001933576119583, 6.367264803182448141 ) ) ;
#2851 = DIRECTION ( 'NONE',  ( 0.000000000000000000, 0.000000000000000000, 1.000000000000000000 ) ) ;
#2852 = DIRECTION ( 'NONE',  ( 1.000000000000000000, 0.000000000000000000, 0.000000000000000000 ) ) ;
#2853 = CARTESIAN_POINT ( 'NONE',  ( 8.680000000000001492, -8.709016886550125847, -5.910751103027616971 ) ) ;
#2854 = AXIS2_PLACEMENT_3D ( 'NONE', #4936, #4545, #4967 ) ;
#2855 = DIRECTION ( 'NONE',  ( -1.270859689360298160E-16, -1.000000000000000000, 0.000000000000000000 ) ) ;
#2856 =( GEOMETRIC_REPRESENTATION_CONTEXT ( 3 ) GLOBAL_UNCERTAINTY_ASSIGNED_CONTEXT ( ( #6287 ) ) GLOBAL_UNIT_ASSIGNED_CONTEXT ( ( #6168, #2364, #3397 ) ) REPRESENTATION_CONTEXT ( 'NONE', 'WORKASPACE' ) );
#2857 = CARTESIAN_POINT ( 'NONE',  ( 9.000000000000001776, 0.5945555826199300231, 7.783751096894968136 ) ) ;
#2858 = CARTESIAN_POINT ( 'NONE',  ( -0.000000000000000000, -6.261171556115113113, 4.655134520884510074 ) ) ;
#2859 = SURFACE_SIDE_STYLE ('',( #134 ) ) ;
#2860 = CARTESIAN_POINT ( 'NONE',  ( 8.921312790920127966, -14.51483715649648687, -4.443799157366265892E-15 ) ) ;
#2861 = EDGE_CURVE ( 'NONE', #4110, #260, #6584, .T. ) ;
#2862 = CARTESIAN_POINT ( 'NONE',  ( 8.480000000000000426, -10.52500050000000265, -2.478505833127148046E-15 ) ) ;
#2863 = ORIENTED_EDGE ( 'NONE', *, *, #4757, .F. ) ;
#2864 = EDGE_LOOP ( 'NONE', ( #634, #219, #5903, #4298, #855 ) ) ;
#2865 = CARTESIAN_POINT ( 'NONE',  ( 7.779999999999999361, 10.72459260703831951, -9.021928728725670865 ) ) ;
#2866 =( NAMED_UNIT ( * ) PLANE_ANGLE_UNIT ( ) SI_UNIT ( $, .RADIAN. ) );
#2867 = ORIENTED_EDGE ( 'NONE', *, *, #2713, .T. ) ;
#2868 = PRESENTATION_LAYER_ASSIGNMENT (  '', '', ( #3676 ) ) ;
#2869 = CARTESIAN_POINT ( 'NONE',  ( 0.3199999999999951217, 10.50306499220017997, 0.8023768771504117270 ) ) ;
#2870 = CARTESIAN_POINT ( 'NONE',  ( 8.999999999999996447, -15.69999999999999929, 2.884011462411910892E-15 ) ) ;
#2871 = ADVANCED_FACE ( 'NONE', ( #4580, #3522 ), #6226, .T. ) ;
#2872 = MANIFOLD_SOLID_BREP ( 'Imported_12-1-solid1', #1082 ) ;
#2873 = CARTESIAN_POINT ( 'NONE',  ( 1.219999999999999973, -5.208287949176447995, 12.99517521805213249 ) ) ;
#2874 = CARTESIAN_POINT ( 'NONE',  ( 0.5200000000000001288, 4.688296134653302083, 9.434971204523183275 ) ) ;
#2875 = B_SPLINE_CURVE_WITH_KNOTS ( 'NONE', 3,
 ( #5973, #4426, #859, #1180, #4911, #5482, #3401, #6577, #97, #3369, #4395, #1149, #6032, #660, #5519, #698, #2292, #2234, #4074, #1913, #6509, #1783, #3891, #3331, #2787, #2824, #6199, #5551, #729, #1382, #3529, #4945, #5675, #133, #6368, #3675, #903, #5752, #4764, #6749, #1564, #5192, #1946, #5266, #445, #933, #2021, #963, #4626, #1490, #1459, #4105, #3717, #3067, #3034, #1978, #6339, #3565, #3105, #2577, #6819, #4181, #6230, #379, #5858, #4141, #1416, #414, #5714, #5148, #2535, #6266, #6782, #4737, #342, #2499, #4660, #6304, #3609, #6857, #2607, #5227, #2463, #6887, #4698, #3640, #5783, #2051, #4213, #1522, #5820, #997, #3146, #5303, #481, #2084, #4245, #2997, #2252, #78, #1701, #5990 ),
 .UNSPECIFIED., .F., .F.,
 ( 4, 1, 1, 1, 1, 2, 2, 1, 1, 1, 1, 2, 2, 1, 1, 1, 2, 2, 2, 1, 1, 1, 2, 2, 1, 1, 1, 1, 2, 2, 1, 1, 1, 1, 2, 2, 2, 1, 1, 1, 1, 2, 2, 1, 1, 1, 1, 2, 2, 1, 1, 1, 2, 2, 2, 1, 1, 1, 2, 2, 1, 1, 1, 1, 2, 2, 1, 1, 1, 1, 2, 2, 4 ),
 ( 0.5000000000000000000, 0.5156249999999992228, 0.5234374999999987788, 0.5273437499999985567, 0.5292968749999984457, 0.5302734374999984457, 0.5312499999999984457, 0.5468749999999975575, 0.5546874999999972244, 0.5585937499999970024, 0.5605468749999968914, 0.5615234374999967804, 0.5624999999999967804, 0.5781249999999956701, 0.5859374999999951150, 0.5898437499999947820, 0.5917968749999946709, 0.5937499999999945599, 0.6249999999999926725, 0.6406249999999917843, 0.6484374999999912292, 0.6523437499999910072, 0.6542968749999908962, 0.6562499999999908962, 0.6718749999999904521, 0.6796874999999901190, 0.6835937499999900080, 0.6855468749999898970, 0.6865234374999898970, 0.6874999999999898970, 0.7031249999999897859, 0.7109374999999897859, 0.7148437499999897859, 0.7167968749999897859, 0.7177734374999897859, 0.7187499999999897859, 0.7499999999999908962, 0.7656249999999915623, 0.7734374999999917843, 0.7773437499999920064, 0.7792968749999920064, 0.7802734374999920064, 0.7812499999999920064, 0.7968749999999922284, 0.8046874999999924505, 0.8085937499999924505, 0.8105468749999925615, 0.8115234374999925615, 0.8124999999999925615, 0.8281249999999928946, 0.8359374999999930056, 0.8398437499999931166, 0.8417968749999931166, 0.8437499999999931166, 0.8749999999999940048, 0.8906249999999944489, 0.8984374999999946709, 0.9023437499999947820, 0.9042968749999948930, 0.9062499999999948930, 0.9218749999999955591, 0.9296874999999957812, 0.9335937499999958922, 0.9355468749999960032, 0.9365234374999960032, 0.9374999999999960032, 0.9531249999999970024, 0.9609374999999974465, 0.9648437499999977796, 0.9667968749999977796, 0.9677734374999978906, 0.9687499999999980016, 1.000000000000000000 ),
 .UNSPECIFIED. ) ;
#2876 = SURFACE_STYLE_USAGE ( .BOTH. , #3985 ) ;
#2877 = AXIS2_PLACEMENT_3D ( 'NONE', #210, #1819, #6620 ) ;
#2878 =( LENGTH_UNIT ( ) NAMED_UNIT ( * ) SI_UNIT ( .MILLI., .METRE. ) );
#2879 = CARTESIAN_POINT ( 'NONE',  ( 5.645076863632791486, -9.355855050800585104, -2.886976803172141892 ) ) ;
#2880 = VECTOR ( 'NONE', #3733, 1000.000000000000000 ) ;
#2881 = MECHANICAL_DESIGN_GEOMETRIC_PRESENTATION_REPRESENTATION (  '', ( #4467 ), #4568 ) ;
#2882 = SURFACE_STYLE_FILL_AREA ( #752 ) ;
#2883 = SURFACE_STYLE_FILL_AREA ( #271 ) ;
#2884 = MECHANICAL_DESIGN_GEOMETRIC_PRESENTATION_REPRESENTATION (  '', ( #769 ), #5030 ) ;
#2885 = DIRECTION ( 'NONE',  ( 0.000000000000000000, -1.836949976058542083E-16, -1.000000000000000000 ) ) ;
#2886 = CARTESIAN_POINT ( 'NONE',  ( 1.219999999999999751, 12.15255732349009499, -6.958154849439986300 ) ) ;
#2887 = ORIENTED_EDGE ( 'NONE', *, *, #3945, .F. ) ;
#2888 = CIRCLE ( 'NONE', #1549, 16.00000000000000000 ) ;
#2889 = DIRECTION ( 'NONE',  ( 1.000000000000000000, 0.000000000000000000, 0.000000000000000000 ) ) ;
#2890 = CARTESIAN_POINT ( 'NONE',  ( 8.680000000000008598, -0.6434076856612001016, 10.52496807952044300 ) ) ;
#2891 = UNCERTAINTY_MEASURE_WITH_UNIT (LENGTH_MEASURE( 1.000000000000000082E-05 ), #3741, 'distance_accuracy_value', 'NONE');
#2892 = COLOUR_RGB ( '',0.7529411764705882248, 0.7529411764705882248, 0.7529411764705882248 ) ;
#2893 = CARTESIAN_POINT ( 'NONE',  ( 1.419999999999999929, 8.413207942378991172E-16, 13.74026505108150076 ) ) ;
#2894 = FILL_AREA_STYLE ('',( #5546 ) ) ;
#2895 = CARTESIAN_POINT ( 'NONE',  ( 8.680000000000001492, 3.074210346755262169, -10.07622410128802848 ) ) ;
#2896 = MECHANICAL_DESIGN_GEOMETRIC_PRESENTATION_REPRESENTATION (  '', ( #1106 ), #5039 ) ;
#2897 = FILL_AREA_STYLE ('',( #6646 ) ) ;
#2898 = CARTESIAN_POINT ( 'NONE',  ( 3.557454002911171642, 11.20749561838899133, -2.102132231989684463 ) ) ;
#2899 = CARTESIAN_POINT ( 'NONE',  ( 4.772466733280670503, 6.665411528034591804, -1.347241391411047928 ) ) ;
#2900 = FACE_OUTER_BOUND ( 'NONE', #5913, .T. ) ;
#2901 = UNCERTAINTY_MEASURE_WITH_UNIT (LENGTH_MEASURE( 1.000000000000000082E-05 ), #1093, 'distance_accuracy_value', 'NONE');
#2902 =( NAMED_UNIT ( * ) SI_UNIT ( $, .STERADIAN. ) SOLID_ANGLE_UNIT ( ) );
#2903 = PRESENTATION_STYLE_ASSIGNMENT (( #772 ) ) ;
#2904 = STYLED_ITEM ( 'NONE', ( #805 ), #5548 ) ;
#2905 = ORIENTED_EDGE ( 'NONE', *, *, #4982, .F. ) ;
#2906 = ORIENTED_EDGE ( 'NONE', *, *, #5393, .T. ) ;
#2907 = AXIS2_PLACEMENT_3D ( 'NONE', #5851, #3711, #1025 ) ;
#2908 = CARTESIAN_POINT ( 'NONE',  ( 7.780000000000003801, 11.97674297215677441, -7.265107878380514528 ) ) ;
#2909 = AXIS2_PLACEMENT_3D ( 'NONE', #3678, #1669, #17 ) ;
#2910 = DIRECTION ( 'NONE',  ( 0.000000000000000000, 0.000000000000000000, 1.000000000000000000 ) ) ;
#2911 = CARTESIAN_POINT ( 'NONE',  ( 9.000000000000001776, 2.900517994467496585, -7.240715517517860356 ) ) ;
#2912 = ORIENTED_EDGE ( 'NONE', *, *, #1762, .F. ) ;
#2913 = CARTESIAN_POINT ( 'NONE',  ( 0.3199999999999970091, 8.859050204135892059, 5.683397693584193000 ) ) ;
#2914 = FACE_OUTER_BOUND ( 'NONE', #4930, .T. ) ;
#2915 = SURFACE_SIDE_STYLE ('',( #6219 ) ) ;
#2916 = STYLED_ITEM ( 'NONE', ( #1132 ), #6162 ) ;
#2917 = CARTESIAN_POINT ( 'NONE',  ( 2.671465744100002038, -10.22500050000000726, -20.45000100000000032 ) ) ;
#2918 = EDGE_CURVE ( 'NONE', #5053, #1812, #4228, .T. ) ;
#2919 = CARTESIAN_POINT ( 'NONE',  ( 0.4442640687119273624, -10.22500050000000016, 1.887465990021026115E-15 ) ) ;
#2920 = CARTESIAN_POINT ( 'NONE',  ( 5.645076863632790598, -9.355855050800585104, -2.886976803172142336 ) ) ;
#2921 = CARTESIAN_POINT ( 'NONE',  ( 1.176230886931862729, 14.51483715649648687, -9.051239636137864799E-16 ) ) ;
#2922 = CARTESIAN_POINT ( 'NONE',  ( 8.830000000000003624, -14.35000000000001030, 28.69999999999999574 ) ) ;
#2923 = FACE_OUTER_BOUND ( 'NONE', #4522, .T. ) ;
#2924 = CARTESIAN_POINT ( 'NONE',  ( 1.219999999999999973, 7.761844456837876827, -11.65149826589156845 ) ) ;
#2925 = CARTESIAN_POINT ( 'NONE',  ( 8.379999999999999005, -9.796850830579005986E-17, 8.074748287226058530E-63 ) ) ;
#2926 = CARTESIAN_POINT ( 'NONE',  ( 8.680000000000008598, 1.359867306507965390, 10.43899659603497732 ) ) ;
#2927 = AXIS2_PLACEMENT_3D ( 'NONE', #2994, #4623, #3103 ) ;
#2928 = CARTESIAN_POINT ( 'NONE',  ( 5.442545997088830134, 9.647724093425242842, 9.692811436171837158 ) ) ;
#2929 = CARTESIAN_POINT ( 'NONE',  ( 3.354923136367210290, -12.83780620661361738, 2.886976803172141004 ) ) ;
#2930 = CARTESIAN_POINT ( 'NONE',  ( 8.680000000000001492, -9.542869178939550778, -4.445906607421220791 ) ) ;
#2931 = AXIS2_PLACEMENT_3D ( 'NONE', #327, #6327, #1905 ) ;
#2932 =( NAMED_UNIT ( * ) PLANE_ANGLE_UNIT ( ) SI_UNIT ( $, .RADIAN. ) );
#2933 = MANIFOLD_SOLID_BREP ( 'Imported_2-1-solid1', #3217 ) ;
#2934 = CARTESIAN_POINT ( 'NONE',  ( 8.480000000000003979, 10.46642185623730015, 20.93284371247461806 ) ) ;
#2935 = AXIS2_PLACEMENT_3D ( 'NONE', #4582, #409, #4071 ) ;
#2936 = CARTESIAN_POINT ( 'NONE',  ( 0.000000000000000000, 1.252201413360508859E-15, -10.22500050000000194 ) ) ;
#2937 = ORIENTED_EDGE ( 'NONE', *, *, #6455, .T. ) ;
#2938 = EDGE_CURVE ( 'NONE', #2534, #3081, #3591, .T. ) ;
#2939 = ORIENTED_EDGE ( 'NONE', *, *, #1718, .T. ) ;
#2940 = CARTESIAN_POINT ( 'NONE',  ( 0.5199999999999999067, 10.50306499220017820, -0.8023768771563288826 ) ) ;
#2941 = CARTESIAN_POINT ( 'NONE',  ( 9.000000000000005329, -5.705700379010401058, -5.325191676143877118 ) ) ;
#2942 = ORIENTED_EDGE ( 'NONE', *, *, #6375, .T. ) ;
#2943 = CARTESIAN_POINT ( 'NONE',  ( 8.555735931288074525, 10.22500050000000549, 1.095986487254354520E-14 ) ) ;
#2944 = CARTESIAN_POINT ( 'NONE',  ( 8.999999999999996447, 15.87573593128806948, -9.720763546530797567E-16 ) ) ;
#2945 = MANIFOLD_SOLID_BREP ( 'Imported_6-1-solid1', #2987 ) ;
#2946 = CARTESIAN_POINT ( 'NONE',  ( 1.219999999999999973, 12.69363703642525643, 5.913727056448278674 ) ) ;
#2947 = CARTESIAN_POINT ( 'NONE',  ( 5.442545997088827470, 2.652116298503885972, 13.73172747971468510 ) ) ;
#2948 = CARTESIAN_POINT ( 'NONE',  ( 2.320898220709403770, 5.232411719646760773, -4.581992971259243319 ) ) ;
#2949 = SURFACE_SIDE_STYLE ('',( #6328 ) ) ;
#2950 = ORIENTED_EDGE ( 'NONE', *, *, #307, .F. ) ;
#2951 = CARTESIAN_POINT ( 'NONE',  ( 5.734413933403809338, 13.88477053572696285, -8.723568469097236998E-16 ) ) ;
#2952 = DIRECTION ( 'NONE',  ( 0.000000000000000000, 0.000000000000000000, 1.000000000000000000 ) ) ;
#2953 = EDGE_CURVE ( 'NONE', #5241, #842, #1009, .T. ) ;
#2954 =( NAMED_UNIT ( * ) SI_UNIT ( $, .STERADIAN. ) SOLID_ANGLE_UNIT ( ) );
#2955 = CARTESIAN_POINT ( 'NONE',  ( 4.388948052025021695, -10.76497429235267234, -9.351480757207324856 ) ) ;
#2956 = CARTESIAN_POINT ( 'NONE',  ( 1.220000000000000195, 0.8559557305944643923, -13.99996757527197921 ) ) ;
#2957 = VERTEX_POINT ( 'NONE', #4260 ) ;
#2958 = CARTESIAN_POINT ( 'NONE',  ( 5.645076863632791486, 3.791586994799375443, -10.47765600735423774 ) ) ;
#2959 = CARTESIAN_POINT ( 'NONE',  ( 8.680000000000006821, 5.609946153528829527, 8.905734099169807294 ) ) ;
#2960 = CARTESIAN_POINT ( 'NONE',  ( 10.41104837488835599, -19.91304874126692326, 6.566006525006083727 ) ) ;
#2961 = DIRECTION ( 'NONE',  ( 1.000000000000000000, 0.000000000000000000, 0.000000000000000000 ) ) ;
#2962 = CARTESIAN_POINT ( 'NONE',  ( 8.480000000000003979, 10.07622410128496426, -3.074210346766031332 ) ) ;
#2963 = CARTESIAN_POINT ( 'NONE',  ( 6.328534255899995742, -10.22500050000000194, 1.878281442367358522E-15 ) ) ;
#2964 = CARTESIAN_POINT ( 'NONE',  ( 4.227533266719332161, 16.95258947196540689, 1.347241391411053701 ) ) ;
#2965 = PRESENTATION_STYLE_ASSIGNMENT (( #5235 ) ) ;
#2966 = UNCERTAINTY_MEASURE_WITH_UNIT (LENGTH_MEASURE( 1.000000000000000082E-05 ), #3132, 'distance_accuracy_value', 'NONE');
#2967 = MECHANICAL_DESIGN_GEOMETRIC_PRESENTATION_REPRESENTATION (  '', ( #3997 ), #5457 ) ;
#2968 = FACE_OUTER_BOUND ( 'NONE', #4658, .T. ) ;
#2969 = ORIENTED_EDGE ( 'NONE', *, *, #2636, .F. ) ;
#2970 = AXIS2_PLACEMENT_3D ( 'NONE', #1354, #4594, #3969 ) ;
#2971 = VERTEX_POINT ( 'NONE', #5763 ) ;
#2972 = FACE_BOUND ( 'NONE', #565, .T. ) ;
#2973 = CARTESIAN_POINT ( 'NONE',  ( 0.5200000000000003508, 9.817197108054539711, -3.794741857846894550 ) ) ;
#2974 = CARTESIAN_POINT ( 'NONE',  ( 9.000000000000001776, -7.164808649477045321, -3.084364822997906597 ) ) ;
#2975 = ORIENTED_EDGE ( 'NONE', *, *, #1250, .F. ) ;
#2976 = EDGE_CURVE ( 'NONE', #2534, #4558, #5111, .T. ) ;
#2977 = CARTESIAN_POINT ( 'NONE',  ( 0.3199999999999981748, -4.204740368894225533, 9.655181985511713805 ) ) ;
#2978 = CARTESIAN_POINT ( 'NONE',  ( -1.411048374888356660, 10.86682952945267822, -14.15668572918817425 ) ) ;
#2979 = CARTESIAN_POINT ( 'NONE',  ( 1.219999999999999973, 14.00000000000000000, -2.163335699814639529E-15 ) ) ;
#2980 = COLOUR_RGB ( '',0.5098039215686274161, 0.5098039215686274161, 0.5490196078431373028 ) ;
#2981 = SURFACE_STYLE_USAGE ( .BOTH. , #6253 ) ;
#2982 =( LENGTH_UNIT ( ) NAMED_UNIT ( * ) SI_UNIT ( .MILLI., .METRE. ) );
#2983 = DIRECTION ( 'NONE',  ( 1.000000000000000000, -0.000000000000000000, -0.000000000000000000 ) ) ;
#2984 = CARTESIAN_POINT ( 'NONE',  ( 5.734413933403809338, -13.88477053572696285, 2.572750826257074007E-15 ) ) ;
#2985 = CARTESIAN_POINT ( 'NONE',  ( 8.480000000000000426, -10.28722710540776220, -2.250632742215266102 ) ) ;
#2986 = DIRECTION ( 'NONE',  ( -1.000000000000000000, 0.000000000000000000, 0.000000000000000000 ) ) ;
#2987 = CLOSED_SHELL ( 'NONE', ( #396, #2060 ) ) ;
#2988 = CARTESIAN_POINT ( 'NONE',  ( 4.611051947974983634, -6.236356586354435017, 15.53945913996753880 ) ) ;
#2989 = FILL_AREA_STYLE ('',( #6193 ) ) ;
#2990 = AXIS2_PLACEMENT_3D ( 'NONE', #3903, #3343, #5491 ) ;
#2991 = CARTESIAN_POINT ( 'NONE',  ( 8.480000000000003979, 10.52496807951938429, -0.6434076856673026645 ) ) ;
#2992 = CARTESIAN_POINT ( 'NONE',  ( 1.219999999999999973, -14.00000000000000000, 2.153226721229382808E-15 ) ) ;
#2993 = ORIENTED_EDGE ( 'NONE', *, *, #2326, .F. ) ;
#2994 = CARTESIAN_POINT ( 'NONE',  ( 4.500000000000000888, 11.75000000000000000, -7.194562328706470336E-16 ) ) ;
#2995 = CARTESIAN_POINT ( 'NONE',  ( -0.000000000000000000, -6.234130950263314652, -4.718660655038434015 ) ) ;
#2996 = COLOUR_RGB ( '',0.2235294117647058654, 0.4901960784313725283, 0.6901960784313725394 ) ;
#2997 = CARTESIAN_POINT ( 'NONE',  ( 7.779999999999996696, -13.75585941807479884, 2.603286763888710276 ) ) ;
#2998 = PRESENTATION_STYLE_ASSIGNMENT (( #2500 ) ) ;
#2999 = VECTOR ( 'NONE', #3468, 1000.000000000000000 ) ;
#3000 = DIRECTION ( 'NONE',  ( 1.208866533781747157E-16, 1.000000000000000000, 1.836909530733570325E-16 ) ) ;
#3001 = CARTESIAN_POINT ( 'NONE',  ( 0.3199999999999916245, -5.003040405843365512, -9.271915096381157184 ) ) ;
#3002 = CIRCLE ( 'NONE', #6141, 0.2999999999999981570 ) ;
#3003 = ORIENTED_EDGE ( 'NONE', *, *, #4538, .F. ) ;
#3004 = CARTESIAN_POINT ( 'NONE',  ( 10.41104837488838619, -14.72071836255985033, -7.699803944839916703 ) ) ;
#3005 = ADVANCED_FACE ( 'NONE', ( #5204 ), #5120, .T. ) ;
#3006 = MANIFOLD_SOLID_BREP ( 'Imported_9-1-solid1', #2303 ) ;
#3007 = CARTESIAN_POINT ( 'NONE',  ( 0.6199999999999999956, 10.52500050000000087, -6.444491243141853418E-16 ) ) ;
#3008 = ORIENTED_EDGE ( 'NONE', *, *, #581, .T. ) ;
#3009 = CARTESIAN_POINT ( 'NONE',  ( 0.5200000000000001288, -9.892524181372348124, 3.595368540860268691 ) ) ;
#3010 = EDGE_LOOP ( 'NONE', ( #4895, #6311 ) ) ;
#3011 = CIRCLE ( 'NONE', #3920, 0.09999999999999939493 ) ;
#3012 = ORIENTED_EDGE ( 'NONE', *, *, #2001, .F. ) ;
#3013 = CARTESIAN_POINT ( 'NONE',  ( 0.5200000000000001288, -1.359867306500679662, -10.43899659603635577 ) ) ;
#3014 = CARTESIAN_POINT ( 'NONE',  ( 9.000000000000001776, -6.261171556119037973, -4.655134520880011451 ) ) ;
#3015 = COLOUR_RGB ( '',0.2235294117647058654, 0.4901960784313725283, 0.6901960784313725394 ) ;
#3016 = CARTESIAN_POINT ( 'NONE',  ( 0.3199999999999969535, -9.003924689713743490, 5.461843338604232656 ) ) ;
#3017 = DIRECTION ( 'NONE',  ( -1.000000000000000000, 0.000000000000000000, 0.000000000000000000 ) ) ;
#3018 = AXIS2_PLACEMENT_3D ( 'NONE', #3761, #6447, #5974 ) ;
#3019 = COLOUR_RGB ( '',0.6941176470588235059, 0.7529411764705882248, 0.8392156862745098200 ) ;
#3020 = CARTESIAN_POINT ( 'NONE',  ( 5.442545997088830134, 2.652116298503881975, 13.73172747971468510 ) ) ;
#3021 = COLOUR_RGB ( '',0.6941176470588235059, 0.7529411764705882248, 0.8392156862745098200 ) ;
#3022 = SURFACE_STYLE_FILL_AREA ( #3059 ) ;
#3023 = FILL_AREA_STYLE_COLOUR ( '', #3233 ) ;
#3024 = FILL_AREA_STYLE ('',( #4027 ) ) ;
#3025 = CARTESIAN_POINT ( 'NONE',  ( 8.999999999999996447, -7.624264068711932296, -15.24852813742385393 ) ) ;
#3026 = CARTESIAN_POINT ( 'NONE',  ( 5.141764753776215890, 14.13100000000000023, 28.26199999999999335 ) ) ;
#3027 = SURFACE_SIDE_STYLE ('',( #6298 ) ) ;
#3028 =( LENGTH_UNIT ( ) NAMED_UNIT ( * ) SI_UNIT ( .MILLI., .METRE. ) );
#3029 = MANIFOLD_SOLID_BREP ( 'Imported_1-1-solid1', #5923 ) ;
#3030 = CARTESIAN_POINT ( 'NONE',  ( 1.220000000000000417, -12.99517521805166709, -5.208287949176978238 ) ) ;
#3031 = VERTEX_POINT ( 'NONE', #4843 ) ;
#3032 = CARTESIAN_POINT ( 'NONE',  ( 0.8699999999999999956, 14.51483715649648687, -4.443857863096835184E-15 ) ) ;
#3033 = CARTESIAN_POINT ( 'NONE',  ( -0.000000000000000000, -1.543494944070800123, -7.645824888125850372 ) ) ;
#3034 = CARTESIAN_POINT ( 'NONE',  ( 7.779999999999999361, -2.178575976872846098, 13.83019670695353831 ) ) ;
#3035 = CARTESIAN_POINT ( 'NONE',  ( 0.1700000000000049527, -13.64999999999999858, 27.30000000000000782 ) ) ;
#3036 =( NAMED_UNIT ( * ) SI_UNIT ( $, .STERADIAN. ) SOLID_ANGLE_UNIT ( ) );
#3037 = STYLED_ITEM ( 'NONE', ( #6661 ), #3420 ) ;
#3038 = CARTESIAN_POINT ( 'NONE',  ( 3.265586066596191994, -13.88477053572696285, 2.550562890318199714E-15 ) ) ;
#3039 = CARTESIAN_POINT ( 'NONE',  ( 0.3199999999999944000, -10.39734788334105176, -1.637788826842428769 ) ) ;
#3040 = CARTESIAN_POINT ( 'NONE',  ( 8.480000000000003979, 10.29143073051784185, -2.207975672684035384 ) ) ;
#3041 = SURFACE_STYLE_USAGE ( .BOTH. , #6236 ) ;
#3042 =( NAMED_UNIT ( * ) PLANE_ANGLE_UNIT ( ) SI_UNIT ( $, .RADIAN. ) );
#3043 = COLOUR_RGB ( '',0.5098039215686274161, 0.5098039215686274161, 0.5490196078431373028 ) ;
#3044 = CARTESIAN_POINT ( 'NONE',  ( 8.480000000000002203, 10.52500049999999376, 21.05000100000000884 ) ) ;
#3045 = PRESENTATION_LAYER_ASSIGNMENT (  '', '', ( #2040 ) ) ;
#3046 = EDGE_CURVE ( 'NONE', #3031, #6565, #1113, .T. ) ;
#3047 = CARTESIAN_POINT ( 'NONE',  ( 0.5200000000000000178, 6.367264803179640609, 8.412001933578338253 ) ) ;
#3048 = ORIENTED_EDGE ( 'NONE', *, *, #3770, .T. ) ;
#3049 = ORIENTED_EDGE ( 'NONE', *, *, #3484, .F. ) ;
#3050 = DIRECTION ( 'NONE',  ( 0.000000000000000000, 1.000000000000000000, 8.269481020090062708E-16 ) ) ;
#3051 = DIRECTION ( 'NONE',  ( 1.000000000000000000, -0.000000000000000000, -0.000000000000000000 ) ) ;
#3052 = AXIS2_PLACEMENT_3D ( 'NONE', #6932, #1707, #2124 ) ;
#3053 = CARTESIAN_POINT ( 'NONE',  ( 8.699999999999999289, 0.000000000000000000, 16.00000000000000000 ) ) ;
#3054 = UNCERTAINTY_MEASURE_WITH_UNIT (LENGTH_MEASURE( 1.000000000000000082E-05 ), #2641, 'distance_accuracy_value', 'NONE');
#3055 = CARTESIAN_POINT ( 'NONE',  ( 0.3199999999999979527, -5.458976968528672202, 8.999096241908315363 ) ) ;
#3056 = DIRECTION ( 'NONE',  ( 0.000000000000000000, 1.000000000000000000, -6.123031769111889989E-17 ) ) ;
#3057 = CARTESIAN_POINT ( 'NONE',  ( 1.219999999999999751, 13.72895450120077498, 2.742544234163241335 ) ) ;
#3058 = CARTESIAN_POINT ( 'NONE',  ( 7.779999999999997584, -13.77143574030764128, -2.519589708612702594 ) ) ;
#3059 = FILL_AREA_STYLE ('',( #4063 ) ) ;
#3060 = UNCERTAINTY_MEASURE_WITH_UNIT (LENGTH_MEASURE( 1.000000000000000082E-05 ), #792, 'distance_accuracy_value', 'NONE');
#3061 = CARTESIAN_POINT ( 'NONE',  ( 8.875735931288071257, -7.500000000000003553, -14.99999999999999822 ) ) ;
#3062 = CARTESIAN_POINT ( 'NONE',  ( 7.580000000000000071, 0.000000000000000000, 13.43000050000000023 ) ) ;
#3063 = FILL_AREA_STYLE ('',( #5776 ) ) ;
#3064 = PRESENTATION_STYLE_ASSIGNMENT (( #6814 ) ) ;
#3065 = ORIENTED_EDGE ( 'NONE', *, *, #4888, .F. ) ;
#3066 = CARTESIAN_POINT ( 'NONE',  ( 8.680000000000005045, 8.760741545163282851, 5.833767825329756462 ) ) ;
#3067 = CARTESIAN_POINT ( 'NONE',  ( 7.780000000000001137, -1.808926036610631449, 13.88559349141637078 ) ) ;
#3068 = EDGE_CURVE ( 'NONE', #5711, #1695, #4998, .T. ) ;
#3069 = FACE_OUTER_BOUND ( 'NONE', #1431, .T. ) ;
#3070 =( NAMED_UNIT ( * ) PLANE_ANGLE_UNIT ( ) SI_UNIT ( $, .RADIAN. ) );
#3071 = CARTESIAN_POINT ( 'NONE',  ( 2.812765777966870218, 13.43000050000000023, -8.437844082500433988E-16 ) ) ;
#3072 = CARTESIAN_POINT ( 'NONE',  ( 8.130000000000004334, 14.00000000000000000, 2.571673343026998159E-15 ) ) ;
#3073 = ORIENTED_EDGE ( 'NONE', *, *, #5515, .F. ) ;
#3074 = FILL_AREA_STYLE_COLOUR ( '', #4798 ) ;
#3075 = DIRECTION ( 'NONE',  ( 0.000000000000000000, 1.000000000000000000, 1.836909530733567613E-16 ) ) ;
#3076 =( NAMED_UNIT ( * ) PLANE_ANGLE_UNIT ( ) SI_UNIT ( $, .RADIAN. ) );
#3077 = CARTESIAN_POINT ( 'NONE',  ( -1.076072228735579055E-17, -7.624264068711927855, 1.400539169848437758E-15 ) ) ;
#3078 = STYLED_ITEM ( 'NONE', ( #3957 ), #2753 ) ;
#3079 = DIRECTION ( 'NONE',  ( -1.000000000000000000, 0.000000000000000000, 0.000000000000000000 ) ) ;
#3080 = SURFACE_STYLE_USAGE ( .BOTH. , #943 ) ;
#3081 = VERTEX_POINT ( 'NONE', #1884 ) ;
#3082 = VERTEX_POINT ( 'NONE', #2963 ) ;
#3083 = CARTESIAN_POINT ( 'NONE',  ( 8.180000000000001492, 10.22500050000000194, 0.000000000000000000 ) ) ;
#3084 = CARTESIAN_POINT ( 'NONE',  ( 0.5199999999999997957, 3.556992897992234948, -9.911618546504383787 ) ) ;
#3085 = DIRECTION ( 'NONE',  ( -1.000000000000000000, 0.000000000000000000, 0.000000000000000000 ) ) ;
#3086 = LINE ( 'NONE', #5128, #902 ) ;
#3087 = CARTESIAN_POINT ( 'NONE',  ( 0.3199999999999963984, -9.542869178940737385, 4.445906607418214307 ) ) ;
#3088 = DIRECTION ( 'NONE',  ( 0.000000000000000000, 0.000000000000000000, 1.000000000000000000 ) ) ;
#3089 = CARTESIAN_POINT ( 'NONE',  ( 8.480000000000000426, 5.833767825327622170, 8.760741545164531630 ) ) ;
#3090 = COLOUR_RGB ( '',0.5098039215686274161, 0.5098039215686274161, 0.5490196078431373028 ) ;
#3091 = CARTESIAN_POINT ( 'NONE',  ( 15.05918148464693118, -0.3422163573598802078, 10.27665673579843109 ) ) ;
#3092 = SURFACE_STYLE_USAGE ( .BOTH. , #925 ) ;
#3093 = CARTESIAN_POINT ( 'NONE',  ( 7.780000000000001137, -14.00000000000000000, -4.286178861833292205E-15 ) ) ;
#3094 = ADVANCED_FACE ( 'NONE', ( #6204 ), #4346, .F. ) ;
#3095 = MECHANICAL_DESIGN_GEOMETRIC_PRESENTATION_REPRESENTATION (  '', ( #6011 ), #1855 ) ;
#3096 = EDGE_CURVE ( 'NONE', #5243, #734, #2738, .T. ) ;
#3097 = CARTESIAN_POINT ( 'NONE',  ( 8.999999999999998224, 7.799999999999999822, -2.388045484660598361E-15 ) ) ;
#3098 = CARTESIAN_POINT ( 'NONE',  ( 7.664267127950000535, 0.000000000000000000, 0.000000000000000000 ) ) ;
#3099 = CARTESIAN_POINT ( 'NONE',  ( 0.6199999999999999956, 0.000000000000000000, 0.000000000000000000 ) ) ;
#3100 = CARTESIAN_POINT ( 'NONE',  ( 3.354923136367204517, -12.83780620661361560, -5.190855283913661466 ) ) ;
#3101 = CARTESIAN_POINT ( 'NONE',  ( 1.219999999999999973, -13.40308086617535466, -4.089113562154626180 ) ) ;
#3102 = ORIENTED_EDGE ( 'NONE', *, *, #3460, .T. ) ;
#3103 = DIRECTION ( 'NONE',  ( 0.000000000000000000, 1.000000000000000000, -6.123031769111889989E-17 ) ) ;
#3104 = CARTESIAN_POINT ( 'NONE',  ( -0.000000000000000000, -5.895915327478704171, -5.134897921743589499 ) ) ;
#3105 = CARTESIAN_POINT ( 'NONE',  ( 7.780000000000000249, -2.519589708612010703, 13.77143574030786155 ) ) ;
#3106 = CARTESIAN_POINT ( 'NONE',  ( 5.141764753776215890, 14.13099999999999135, -28.26199999999999335 ) ) ;
#3107 = SURFACE_STYLE_USAGE ( .BOTH. , #863 ) ;
#3108 = CARTESIAN_POINT ( 'NONE',  ( 0.3199999999999912914, 1.776543663426642716, -10.37411989833973891 ) ) ;
#3109 = AXIS2_PLACEMENT_3D ( 'NONE', #6275, #1469, #5115 ) ;
#3110 = CARTESIAN_POINT ( 'NONE',  ( 7.580000000000000071, 0.000000000000000000, 0.000000000000000000 ) ) ;
#3111 = VERTEX_POINT ( 'NONE', #4004 ) ;
#3112 = STYLED_ITEM ( 'NONE', ( #5989 ), #484 ) ;
#3113 = CARTESIAN_POINT ( 'NONE',  ( 3.354923136367202297, -7.645475827906521360, -11.37883366667386298 ) ) ;
#3114 = AXIS2_PLACEMENT_3D ( 'NONE', #3409, #3375, #4403 ) ;
#3115 = STYLED_ITEM ( 'NONE', ( #5215 ), #540 ) ;
#3116 = CYLINDRICAL_SURFACE ( 'NONE', #6247, 14.55000000000000071 ) ;
#3117 = CARTESIAN_POINT ( 'NONE',  ( 0.5199999999999999067, 8.760741545163662991, 5.833767825329021939 ) ) ;
#3118 = ADVANCED_FACE ( 'NONE', ( #799 ), #2820, .T. ) ;
#3119 = VERTEX_POINT ( 'NONE', #6720 ) ;
#3120 = ORIENTED_EDGE ( 'NONE', *, *, #2549, .F. ) ;
#3121 = AXIS2_PLACEMENT_3D ( 'NONE', #5898, #2091, #2682 ) ;
#3122 = CARTESIAN_POINT ( 'NONE',  ( 0.6199999999999999956, 1.276694349343455967E-15, -10.42500050000000122 ) ) ;
#3123 = CARTESIAN_POINT ( 'NONE',  ( -0.000000000000000000, -1.301872271508249579, 7.690644590977281148 ) ) ;
#3124 = DIRECTION ( 'NONE',  ( 0.000000000000000000, -1.000000000000000000, 1.836949976058543069E-16 ) ) ;
#3125 = UNCERTAINTY_MEASURE_WITH_UNIT (LENGTH_MEASURE( 1.000000000000000082E-05 ), #3535, 'distance_accuracy_value', 'NONE');
#3126 = SURFACE_STYLE_USAGE ( .BOTH. , #5975 ) ;
#3127 = COLOUR_RGB ( '',0.5098039215686274161, 0.5098039215686274161, 0.5490196078431373028 ) ;
#3128 = CARTESIAN_POINT ( 'NONE',  ( 8.480000000000003979, 8.999096241904158688, 5.458976968536077834 ) ) ;
#3129 = COLOUR_RGB ( '',0.5098039215686274161, 0.5098039215686274161, 0.5490196078431373028 ) ;
#3130 = CARTESIAN_POINT ( 'NONE',  ( 7.780000000000002025, 2.993771136298799540, -13.68370583821949182 ) ) ;
#3131 = COLOUR_RGB ( '',0.2235294117647058654, 0.4901960784313725283, 0.6901960784313725394 ) ;
#3132 =( LENGTH_UNIT ( ) NAMED_UNIT ( * ) SI_UNIT ( .MILLI., .METRE. ) );
#3133 = EDGE_LOOP ( 'NONE', ( #1080, #422 ) ) ;
#3134 = CARTESIAN_POINT ( 'NONE',  ( 8.699999999999999289, -7.500000000000004441, -14.99999999999999822 ) ) ;
#3135 = SURFACE_SIDE_STYLE ('',( #437 ) ) ;
#3136 = CIRCLE ( 'NONE', #5497, 13.43000050000000023 ) ;
#3137 = CIRCLE ( 'NONE', #4385, 10.22500050000000549 ) ;
#3138 =( NAMED_UNIT ( * ) SI_UNIT ( $, .STERADIAN. ) SOLID_ANGLE_UNIT ( ) );
#3139 = EDGE_CURVE ( 'NONE', #347, #2417, #6785, .T. ) ;
#3140 = CARTESIAN_POINT ( 'NONE',  ( 1.219999999999999973, -6.236303330809292333, -12.55003330688721164 ) ) ;
#3141 = EDGE_LOOP ( 'NONE', ( #110, #6170 ) ) ;
#3142 = PLANE ( 'NONE',  #3391 ) ;
#3143 = CARTESIAN_POINT ( 'NONE',  ( -0.000000000000000000, -6.599983429670450263, -4.157470633333375076 ) ) ;
#3144 = COLOUR_RGB ( '',0.5098039215686274161, 0.5098039215686274161, 0.5490196078431373028 ) ;
#3145 = CIRCLE ( 'NONE', #6834, 13.43000050000000023 ) ;
#3146 = CARTESIAN_POINT ( 'NONE',  ( 7.779999999999998472, -13.40308086617626060, 4.089113562152340009 ) ) ;
#3147 =( NAMED_UNIT ( * ) SI_UNIT ( $, .STERADIAN. ) SOLID_ANGLE_UNIT ( ) );
#3148 = CARTESIAN_POINT ( 'NONE',  ( 0.7099999999999999645, 0.000000000000000000, 14.55000000000000071 ) ) ;
#3149 = CARTESIAN_POINT ( 'NONE',  ( 2.812765777966869329, -13.43000050000000556, -26.86000099999998980 ) ) ;
#3150 = CARTESIAN_POINT ( 'NONE',  ( 0.3199999999999931233, -9.136145673652311672, -5.230990780495075931 ) ) ;
#3151 = STYLED_ITEM ( 'NONE', ( #295 ), #6076 ) ;
#3152 = CARTESIAN_POINT ( 'NONE',  ( 3.858235246223784998, -14.13099999999999667, 2.618375423078985049E-15 ) ) ;
#3153 = FILL_AREA_STYLE ('',( #3074 ) ) ;
#3154 = FILL_AREA_STYLE_COLOUR ( '', #438 ) ;
#3155 = DIRECTION ( 'NONE',  ( 0.3958614015492774030, 0.2526269977366698560, 0.8828778798780715364 ) ) ;
#3156 = CARTESIAN_POINT ( 'NONE',  ( 8.699999999999999289, 7.500000000000001776, -4.684119303370597549E-16 ) ) ;
#3157 = COLOUR_RGB ( '',0.5098039215686274161, 0.5098039215686274161, 0.5490196078431373028 ) ;
#3158 = VERTEX_POINT ( 'NONE', #1254 ) ;
#3159 = CARTESIAN_POINT ( 'NONE',  ( 0.6700000000000116973, 0.000000000000000000, -13.45000000000003126 ) ) ;
#3160 = CARTESIAN_POINT ( 'NONE',  ( 9.000000000000003553, -7.736204784659496347, 1.008072849689054529 ) ) ;
#3161 = CARTESIAN_POINT ( 'NONE',  ( -0.000000000000000000, 1.851866240054236945, 7.578865972320029343 ) ) ;
#3162 = CARTESIAN_POINT ( 'NONE',  ( 0.1242640687119285076, 16.00000000000000355, 31.99999999999997868 ) ) ;
#3163 = VECTOR ( 'NONE', #5750, 1000.000000000000000 ) ;
#3164 = ADVANCED_FACE ( 'NONE', ( #6676 ), #5854, .F. ) ;
#3165 = CARTESIAN_POINT ( 'NONE',  ( 8.480000000000003979, 10.35655558317030689, 1.875570910963583415 ) ) ;
#3166 =( GEOMETRIC_REPRESENTATION_CONTEXT ( 3 ) GLOBAL_UNCERTAINTY_ASSIGNED_CONTEXT ( ( #6682 ) ) GLOBAL_UNIT_ASSIGNED_CONTEXT ( ( #4726, #2452, #5662 ) ) REPRESENTATION_CONTEXT ( 'NONE', 'WORKASPACE' ) );
#3167 = CARTESIAN_POINT ( 'NONE',  ( 7.780000000000002025, -2.573784607790662537, -13.76140690439553538 ) ) ;
#3168 = ORIENTED_EDGE ( 'NONE', *, *, #353, .T. ) ;
#3169 = ORIENTED_EDGE ( 'NONE', *, *, #5050, .T. ) ;
#3170 = CARTESIAN_POINT ( 'NONE',  ( 8.130000000000000782, -14.51483715649648687, -4.443799157366264314E-15 ) ) ;
#3171 = ORIENTED_EDGE ( 'NONE', *, *, #2406, .T. ) ;
#3172 = SURFACE_STYLE_USAGE ( .BOTH. , #2604 ) ;
#3173 =( NAMED_UNIT ( * ) PLANE_ANGLE_UNIT ( ) SI_UNIT ( $, .RADIAN. ) );
#3174 = CARTESIAN_POINT ( 'NONE',  ( -0.000000000000000000, 7.799967585498507106, -0.4767332645921991130 ) ) ;
#3175 = DIRECTION ( 'NONE',  ( -1.000000000000000000, 0.000000000000000000, 0.000000000000000000 ) ) ;
#3176 = CARTESIAN_POINT ( 'NONE',  ( 5.734413933403810226, 13.88477053572695397, -27.76954107145392214 ) ) ;
#3177 = EDGE_CURVE ( 'NONE', #2208, #1396, #1527, .T. ) ;
#3178 = DIRECTION ( 'NONE',  ( 0.000000000000000000, 0.000000000000000000, 1.000000000000000000 ) ) ;
#3179 = CARTESIAN_POINT ( 'NONE',  ( 0.3199999999999935674, 9.753023726624306278, -3.956780790857578278 ) ) ;
#3180 = SURFACE_STYLE_USAGE ( .BOTH. , #5339 ) ;
#3181 = CARTESIAN_POINT ( 'NONE',  ( 8.130000000000000782, -14.00000000000000000, -4.286178861833292205E-15 ) ) ;
#3182 =( BOUNDED_SURFACE ( )  B_SPLINE_SURFACE ( 3, 3, ( 
 ( #1049, #1714, #6417, #4366 ),
 ( #590, #3162, #5352, #4850 ),
 ( #4913, #5386, #3195, #2658 ),
 ( #3269, #1586, #5321, #34 ) ),
 .UNSPECIFIED., .F., .F., .F. ) 
 B_SPLINE_SURFACE_WITH_KNOTS ( ( 4, 4 ),
 ( 4, 4 ),
 ( 0.000000000000000000, 1.000000000000000000 ),
 ( 0.000000000000000000, 1.000000000000000000 ),
 .UNSPECIFIED. ) 
 GEOMETRIC_REPRESENTATION_ITEM ( )  RATIONAL_B_SPLINE_SURFACE ( (
 ( 1.000000000000000000, 0.3333333333333334259, 0.3333333333333334259, 1.000000000000000000),
 ( 0.8047378541243643824, 0.2682459513747881830, 0.2682459513747881830, 0.8047378541243643824),
 ( 0.8047378541243643824, 0.2682459513747881830, 0.2682459513747881830, 0.8047378541243643824),
 ( 1.000000000000000000, 0.3333333333333334259, 0.3333333333333334259, 1.000000000000000000) ) ) 
 REPRESENTATION_ITEM ( '' )  SURFACE ( )  );
#3183 = ORIENTED_EDGE ( 'NONE', *, *, #3046, .F. ) ;
#3184 = CARTESIAN_POINT ( 'NONE',  ( 0.6199999999999998845, -10.22500050000000371, 1.905835692008236545E-15 ) ) ;
#3185 = EDGE_CURVE ( 'NONE', #213, #2442, #966, .T. ) ;
#3186 = SURFACE_STYLE_FILL_AREA ( #24 ) ;
#3187 = CARTESIAN_POINT ( 'NONE',  ( 1.419999999999999929, 0.000000000000000000, 0.000000000000000000 ) ) ;
#3188 = CARTESIAN_POINT ( 'NONE',  ( 0.5200000000000000178, 8.448620297009192370, 6.281383935465884250 ) ) ;
#3189 = ORIENTED_EDGE ( 'NONE', *, *, #1177, .T. ) ;
#3190 = DIRECTION ( 'NONE',  ( -3.438110455369569784E-16, 0.000000000000000000, -1.000000000000000000 ) ) ;
#3191 = CARTESIAN_POINT ( 'NONE',  ( 8.480000000000005755, 8.062546764663878207, -6.782617995817060041 ) ) ;
#3192 = CARTESIAN_POINT ( 'NONE',  ( 9.000000000000000000, -4.380430825271733219, 6.454174252068209938 ) ) ;
#3193 = CARTESIAN_POINT ( 'NONE',  ( -0.000000000000000000, 6.234130950260693638, 4.718660655040620711 ) ) ;
#3194 =( NAMED_UNIT ( * ) PLANE_ANGLE_UNIT ( ) SI_UNIT ( $, .RADIAN. ) );
#3195 = CARTESIAN_POINT ( 'NONE',  ( 1.076072228735578593E-17, -15.87573593128805882, 31.75147186257613541 ) ) ;
#3196 = CARTESIAN_POINT ( 'NONE',  ( 7.580000000000027605, -2.888894916580853780E-30, -1.649031527338715357E-62 ) ) ;
#3197 = CARTESIAN_POINT ( 'NONE',  ( 8.480000000000002203, -0.3217038428306175923, 10.52501671024083230 ) ) ;
#3198 =( GEOMETRIC_REPRESENTATION_CONTEXT ( 3 ) GLOBAL_UNCERTAINTY_ASSIGNED_CONTEXT ( ( #6003 ) ) GLOBAL_UNIT_ASSIGNED_CONTEXT ( ( #5309, #4903, #5926 ) ) REPRESENTATION_CONTEXT ( 'NONE', 'WORKASPACE' ) );
#3199 = CARTESIAN_POINT ( 'NONE',  ( 7.779999999999998472, -6.654785049933317431, -12.33323471570372121 ) ) ;
#3200 = EDGE_CURVE ( 'NONE', #6046, #5391, #629, .T. ) ;
#3201 = CARTESIAN_POINT ( 'NONE',  ( 6.657558727458328107, 5.105640003070846866, 10.44770227675047813 ) ) ;
#3202 = ORIENTED_EDGE ( 'NONE', *, *, #4901, .F. ) ;
#3203 =( NAMED_UNIT ( * ) PLANE_ANGLE_UNIT ( ) SI_UNIT ( $, .RADIAN. ) );
#3204 =( GEOMETRIC_REPRESENTATION_CONTEXT ( 3 ) GLOBAL_UNCERTAINTY_ASSIGNED_CONTEXT ( ( #395 ) ) GLOBAL_UNIT_ASSIGNED_CONTEXT ( ( #5141, #4654, #1377 ) ) REPRESENTATION_CONTEXT ( 'NONE', 'WORKASPACE' ) );
#3205 = FACE_OUTER_BOUND ( 'NONE', #6794, .T. ) ;
#3206 = DIRECTION ( 'NONE',  ( 0.8821527464498745141, 0.1625106504085085113, -0.4420371256294513551 ) ) ;
#3207 = DIRECTION ( 'NONE',  ( 1.195138090268127688E-16, 1.000000000000000000, 1.836909530733570325E-16 ) ) ;
#3208 = COLOUR_RGB ( '',0.7529411764705882248, 0.7529411764705882248, 0.7529411764705882248 ) ;
#3209 = CARTESIAN_POINT ( 'NONE',  ( -0.000000000000000000, 6.377776128815607848, -4.490973237978082899 ) ) ;
#3210 = CARTESIAN_POINT ( 'NONE',  ( 6.187234222033133335, -13.43000050000000556, -26.86000099999998980 ) ) ;
#3211 = DIRECTION ( 'NONE',  ( 1.000000000000000000, 0.000000000000000000, 0.000000000000000000 ) ) ;
#3212 = SURFACE_STYLE_FILL_AREA ( #1671 ) ;
#3213 = CARTESIAN_POINT ( 'NONE',  ( 0.5200000000000000178, -10.52500050000000265, 1.936480824591107077E-15 ) ) ;
#3214 = CARTESIAN_POINT ( 'NONE',  ( 8.680000000000006821, -10.43899659603635222, 1.359867306505729401 ) ) ;
#3215 = CARTESIAN_POINT ( 'NONE',  ( 7.579999999999998295, -14.00000000000002309, 28.00000000000001421 ) ) ;
#3216 = CARTESIAN_POINT ( 'NONE',  ( 8.679999999999997939, 9.136145673649405552, -5.230990780499898740 ) ) ;
#3217 = CLOSED_SHELL ( 'NONE', ( #6907, #2662 ) ) ;
#3218 =( BOUNDED_SURFACE ( )  B_SPLINE_SURFACE ( 3, 3, ( 
 ( #6379, #2648, #4772, #2092 ),
 ( #2161, #2129, #1042, #521 ),
 ( #4802, #3754, #5999, #6506 ),
 ( #1578, #5900, #5868, #2711 ) ),
 .UNSPECIFIED., .F., .F., .T. ) 
 B_SPLINE_SURFACE_WITH_KNOTS ( ( 4, 4 ),
 ( 4, 4 ),
 ( 0.000000000000000000, 1.000000000000000000 ),
 ( 0.000000000000000000, 1.000000000000000000 ),
 .UNSPECIFIED. ) 
 GEOMETRIC_REPRESENTATION_ITEM ( )  RATIONAL_B_SPLINE_SURFACE ( (
 ( 1.000000000000000000, 0.3333333333333334259, 0.3333333333333334259, 1.000000000000000000),
 ( 0.3333333333333350357, 0.1111111111111117156, 0.1111111111111117156, 0.3333333333333350357),
 ( 0.3333333333333350357, 0.1111111111111117156, 0.1111111111111117156, 0.3333333333333350357),
 ( 1.000000000000000000, 0.3333333333333334259, 0.3333333333333334259, 1.000000000000000000) ) ) 
 REPRESENTATION_ITEM ( '' )  SURFACE ( )  );
#3219 = COLOUR_RGB ( '',0.5098039215686274161, 0.5098039215686274161, 0.5490196078431373028 ) ;
#3220 = SURFACE_SIDE_STYLE ('',( #6536 ) ) ;
#3221 = ORIENTED_EDGE ( 'NONE', *, *, #2326, .T. ) ;
#3222 = ADVANCED_FACE ( 'NONE', ( #448 ), #6104, .F. ) ;
#3223 = AXIS2_PLACEMENT_3D ( 'NONE', #5055, #778, #2910 ) ;
#3224 = SURFACE_STYLE_USAGE ( .BOTH. , #6348 ) ;
#3225 = CARTESIAN_POINT ( 'NONE',  ( 8.480000000000000426, -4.161873780653249533, -9.667920872249428754 ) ) ;
#3226 = PRESENTATION_STYLE_ASSIGNMENT (( #3789 ) ) ;
#3227 = CARTESIAN_POINT ( 'NONE',  ( 9.000000000000001776, -7.705363547834212845, 1.213919578011223077 ) ) ;
#3228 = CARTESIAN_POINT ( 'NONE',  ( -0.000000000000000000, 7.736268647657402298, 1.007727611287507763 ) ) ;
#3229 = CARTESIAN_POINT ( 'NONE',  ( 0.8699999999999999956, 13.96363636363640026, -8.549978906687170685E-16 ) ) ;
#3230 = CARTESIAN_POINT ( 'NONE',  ( 9.000000000000001776, 0.000000000000000000, 0.000000000000000000 ) ) ;
#3231 = PLANE ( 'NONE',  #1002 ) ;
#3232 = CARTESIAN_POINT ( 'NONE',  ( 0.8699999999999992184, -13.65000000000000036, 2.571729966481959310E-15 ) ) ;
#3233 = COLOUR_RGB ( '',0.7529411764705882248, 0.7529411764705882248, 0.7529411764705882248 ) ;
#3234 = CARTESIAN_POINT ( 'NONE',  ( 7.780000000000001137, -2.659018621143555361, -13.74519637332286770 ) ) ;
#3235 = FACE_BOUND ( 'NONE', #5043, .T. ) ;
#3236 =( NAMED_UNIT ( * ) SI_UNIT ( $, .STERADIAN. ) SOLID_ANGLE_UNIT ( ) );
#3237 = CIRCLE ( 'NONE', #991, 2.380999999999999339 ) ;
#3238 = FACE_OUTER_BOUND ( 'NONE', #1190, .T. ) ;
#3239 = ORIENTED_EDGE ( 'NONE', *, *, #1250, .T. ) ;
#3240 = CARTESIAN_POINT ( 'NONE',  ( 0.4442640687119273624, 10.22500050000000016, -3.130482855727867183E-15 ) ) ;
#3241 = ORIENTED_EDGE ( 'NONE', *, *, #1067, .T. ) ;
#3242 = FILL_AREA_STYLE ('',( #5850 ) ) ;
#3243 =( GEOMETRIC_REPRESENTATION_CONTEXT ( 3 ) GLOBAL_UNCERTAINTY_ASSIGNED_CONTEXT ( ( #1426 ) ) GLOBAL_UNIT_ASSIGNED_CONTEXT ( ( #2706, #1524, #3147 ) ) REPRESENTATION_CONTEXT ( 'NONE', 'WORKASPACE' ) );
#3244 =( NAMED_UNIT ( * ) SI_UNIT ( $, .STERADIAN. ) SOLID_ANGLE_UNIT ( ) );
#3245 = CARTESIAN_POINT ( 'NONE',  ( 1.399797437231674380, 14.30556376187089285, -28.61112752374179635 ) ) ;
#3246 = COLOUR_RGB ( '',0.5098039215686274161, 0.5098039215686274161, 0.5490196078431373028 ) ;
#3247 = CARTESIAN_POINT ( 'NONE',  ( -0.000000000000000000, 6.261171556118678261, -4.655134520880090498 ) ) ;
#3248 =( LENGTH_UNIT ( ) NAMED_UNIT ( * ) SI_UNIT ( .MILLI., .METRE. ) );
#3249 = MECHANICAL_DESIGN_GEOMETRIC_PRESENTATION_REPRESENTATION (  '', ( #1111 ), #2783 ) ;
#3250 = AXIS2_PLACEMENT_3D ( 'NONE', #4979, #5117, #3505 ) ;
#3251 = DIRECTION ( 'NONE',  ( 0.000000000000000000, 0.000000000000000000, 1.000000000000000000 ) ) ;
#3252 = ADVANCED_FACE ( 'NONE', ( #1605 ), #3968, .F. ) ;
#3253 = CARTESIAN_POINT ( 'NONE',  ( 0.3199999999999917910, 5.458976968534136276, -8.999096241905276017 ) ) ;
#3254 = CIRCLE ( 'NONE', #727, 2.380999999999999783 ) ;
#3255 = DIRECTION ( 'NONE',  ( 1.000000000000000000, 0.000000000000000000, 0.000000000000000000 ) ) ;
#3256 = CIRCLE ( 'NONE', #2907, 0.2999999999999981570 ) ;
#3257 = CARTESIAN_POINT ( 'NONE',  ( 1.219999999999999973, 13.88559349141636545, -1.808926036605185139 ) ) ;
#3258 = ORIENTED_EDGE ( 'NONE', *, *, #2613, .F. ) ;
#3259 = VECTOR ( 'NONE', #48, 999.9999999999998863 ) ;
#3260 = DIRECTION ( 'NONE',  ( 1.000000000000000000, 0.000000000000000000, 0.000000000000000000 ) ) ;
#3261 = CARTESIAN_POINT ( 'NONE',  ( 8.480000000000000426, -10.52500050000000265, -3.222288190277488209E-15 ) ) ;
#3262 = CARTESIAN_POINT ( 'NONE',  ( 8.680000000000003268, 7.955804017006300910, -6.928741887762939200 ) ) ;
#3263 =( GEOMETRIC_REPRESENTATION_CONTEXT ( 3 ) GLOBAL_UNCERTAINTY_ASSIGNED_CONTEXT ( ( #3060 ) ) GLOBAL_UNIT_ASSIGNED_CONTEXT ( ( #792, #236, #5991 ) ) REPRESENTATION_CONTEXT ( 'NONE', 'WORKASPACE' ) );
#3264 = FILL_AREA_STYLE_COLOUR ( '', #3320 ) ;
#3265 = CARTESIAN_POINT ( 'NONE',  ( 8.480000000000002203, 5.458976968531630725, -8.999096241906267224 ) ) ;
#3266 = SURFACE_STYLE_FILL_AREA ( #4301 ) ;
#3267 = CARTESIAN_POINT ( 'NONE',  ( 0.5200000000000001288, -10.34145760591787422, -1.957119027923275523 ) ) ;
#3268 = CARTESIAN_POINT ( 'NONE',  ( -0.000000000000000000, 3.294881561111913104, 7.072122350769399546 ) ) ;
#3269 = CARTESIAN_POINT ( 'NONE',  ( 0.000000000000000000, 15.69999999999999929, -9.613159877505666210E-16 ) ) ;
#3270 = UNCERTAINTY_MEASURE_WITH_UNIT (LENGTH_MEASURE( 1.000000000000000082E-05 ), #532, 'distance_accuracy_value', 'NONE');
#3271 = SURFACE_SIDE_STYLE ('',( #3335 ) ) ;
#3272 = PRODUCT_RELATED_PRODUCT_CATEGORY ( 'part', '', ( #1788 ) ) ;
#3273 = EDGE_CURVE ( 'NONE', #3158, #2957, #2367, .T. ) ;
#3274 = CARTESIAN_POINT ( 'NONE',  ( 8.480000000000002203, -8.859050204136538653, -5.683397693583328802 ) ) ;
#3275 = FILL_AREA_STYLE_COLOUR ( '', #5154 ) ;
#3276 = ORIENTED_EDGE ( 'NONE', *, *, #5167, .T. ) ;
#3277 = VERTEX_POINT ( 'NONE', #4389 ) ;
#3278 = CARTESIAN_POINT ( 'NONE',  ( 7.780000000000002913, 5.100511783392160048, -13.03785071452966093 ) ) ;
#3279 = DIRECTION ( 'NONE',  ( 0.000000000000000000, 8.881784197001252323E-16, 1.000000000000000000 ) ) ;
#3280 = DIRECTION ( 'NONE',  ( -1.000000000000000000, 0.000000000000000000, 0.000000000000000000 ) ) ;
#3281 =( GEOMETRIC_REPRESENTATION_CONTEXT ( 3 ) GLOBAL_UNCERTAINTY_ASSIGNED_CONTEXT ( ( #3403 ) ) GLOBAL_UNIT_ASSIGNED_CONTEXT ( ( #1911, #2359, #1315 ) ) REPRESENTATION_CONTEXT ( 'NONE', 'WORKASPACE' ) );
#3282 = ORIENTED_EDGE ( 'NONE', *, *, #4171, .F. ) ;
#3283 = CARTESIAN_POINT ( 'NONE',  ( 0.3199999999999979527, 10.34926456871193068, -3.168527502932107920E-15 ) ) ;
#3284 =( GEOMETRIC_REPRESENTATION_CONTEXT ( 3 ) GLOBAL_UNCERTAINTY_ASSIGNED_CONTEXT ( ( #2901 ) ) GLOBAL_UNIT_ASSIGNED_CONTEXT ( ( #1093, #3744, #5855 ) ) REPRESENTATION_CONTEXT ( 'NONE', 'WORKASPACE' ) );
#3285 = CARTESIAN_POINT ( 'NONE',  ( 0.8699999999999998845, -14.51483715649649220, -29.02967431299296308 ) ) ;
#3286 = CARTESIAN_POINT ( 'NONE',  ( 8.680000000000015703, 13.10833350000003072, 1.634609897703336559E-15 ) ) ;
#3287 =( BOUNDED_SURFACE ( )  B_SPLINE_SURFACE ( 3, 3, ( 
 ( #3093, #4095, #2526, #1406 ),
 ( #1372, #2008, #5179, #4727 ),
 ( #4170, #1484, #1906, #3553 ),
 ( #5255, #5773, #6846, #2044 ) ),
 .UNSPECIFIED., .F., .F., .F. ) 
 B_SPLINE_SURFACE_WITH_KNOTS ( ( 4, 4 ),
 ( 4, 4 ),
 ( 0.000000000000000000, 1.000000000000000000 ),
 ( 0.000000000000000000, 1.000000000000000000 ),
 .UNSPECIFIED. ) 
 GEOMETRIC_REPRESENTATION_ITEM ( )  RATIONAL_B_SPLINE_SURFACE ( (
 ( 1.000000000000000000, 0.3333333333333334259, 0.3333333333333334259, 1.000000000000000000),
 ( 0.8047378541243649375, 0.2682459513747884050, 0.2682459513747884050, 0.8047378541243649375),
 ( 0.8047378541243649375, 0.2682459513747884050, 0.2682459513747884050, 0.8047378541243649375),
 ( 1.000000000000000000, 0.3333333333333334259, 0.3333333333333334259, 1.000000000000000000) ) ) 
 REPRESENTATION_ITEM ( '' )  SURFACE ( )  );
#3288 = FACE_OUTER_BOUND ( 'NONE', #4013, .T. ) ;
#3289 = PRESENTATION_STYLE_ASSIGNMENT (( #3747 ) ) ;
#3290 = CARTESIAN_POINT ( 'NONE',  ( 0.3199999999999930123, 8.760741545163366339, -5.833767825329635670 ) ) ;
#3291 = CARTESIAN_POINT ( 'NONE',  ( 0.5199999999999991296, 10.46642185623731081, 20.93284371247461806 ) ) ;
#3292 = FACE_OUTER_BOUND ( 'NONE', #4563, .T. ) ;
#3293 = EDGE_CURVE ( 'NONE', #4053, #5381, #1145, .T. ) ;
#3294 = CARTESIAN_POINT ( 'NONE',  ( 7.823769113068124170, -14.51483715649648687, -4.443799157366264314E-15 ) ) ;
#3295 = CARTESIAN_POINT ( 'NONE',  ( 9.000000000000003553, 1.388240317549359393, 7.675529549962758935 ) ) ;
#3296 = CARTESIAN_POINT ( 'NONE',  ( -0.000000000000000000, -6.454174252067708117, 4.380430825272240369 ) ) ;
#3297 = DIRECTION ( 'NONE',  ( 0.000000000000000000, 1.000000000000000000, -6.123031769111873965E-17 ) ) ;
#3298 = CARTESIAN_POINT ( 'NONE',  ( 0.2999999999999998224, 0.000000000000000000, 7.500000000000000000 ) ) ;
#3299 = CARTESIAN_POINT ( 'NONE',  ( 9.067384687562171308, 13.73712324117466466, 2.523385260657537883E-15 ) ) ;
#3300 = CARTESIAN_POINT ( 'NONE',  ( 8.379999999999999005, -10.22500050000000371, 1.252201413360509056E-15 ) ) ;
#3301 = CARTESIAN_POINT ( 'NONE',  ( 8.480000000000002203, -8.412001933574233092, -6.367264803184919941 ) ) ;
#3302 = CARTESIAN_POINT ( 'NONE',  ( 8.480000000000000426, -10.07622410128466584, 3.074210346771175661 ) ) ;
#3303 = ORIENTED_EDGE ( 'NONE', *, *, #1055, .F. ) ;
#3304 = CARTESIAN_POINT ( 'NONE',  ( 2.671465744100001594, -10.22500050000000549, 1.878281442367359311E-15 ) ) ;
#3305 = SURFACE_STYLE_USAGE ( .BOTH. , #5396 ) ;
#3306 = VERTEX_POINT ( 'NONE', #6405 ) ;
#3307 = CARTESIAN_POINT ( 'NONE',  ( 9.000000000000003553, 1.851866240050743739, -7.578865972321132460 ) ) ;
#3308 = CARTESIAN_POINT ( 'NONE',  ( 4.500000000000000888, 2.050611416892870853, 11.62959524772499975 ) ) ;
#3309 =( NAMED_UNIT ( * ) SI_UNIT ( $, .STERADIAN. ) SOLID_ANGLE_UNIT ( ) );
#3310 = ORIENTED_EDGE ( 'NONE', *, *, #3315, .F. ) ;
#3311 = APPLICATION_CONTEXT ( 'automotive_design' ) ;
#3312 = CARTESIAN_POINT ( 'NONE',  ( 1.220000000000000195, -13.77593361840375330, 2.494860577790804612 ) ) ;
#3313 = CARTESIAN_POINT ( 'NONE',  ( 0.5199999999999999067, -3.956780790859239172, 9.753023726623435863 ) ) ;
#3314 = CARTESIAN_POINT ( 'NONE',  ( 1.420000000000000151, 14.00000000000003730, -28.00000000000008882 ) ) ;
#3315 = EDGE_CURVE ( 'NONE', #6317, #2726, #1259, .T. ) ;
#3316 = DIRECTION ( 'NONE',  ( 0.000000000000000000, 0.000000000000000000, 1.000000000000000000 ) ) ;
#3317 = CARTESIAN_POINT ( 'NONE',  ( -0.000000000000000000, 2.812244571404357796, -7.275455186494654392 ) ) ;
#3318 = FACE_BOUND ( 'NONE', #1828, .T. ) ;
#3319 = CARTESIAN_POINT ( 'NONE',  ( 8.130000000000004334, 14.51483715649648687, 2.666244270981414883E-15 ) ) ;
#3320 = COLOUR_RGB ( '',0.7529411764705882248, 0.7529411764705882248, 0.7529411764705882248 ) ;
#3321 = CARTESIAN_POINT ( 'NONE',  ( 8.875735931288069480, 15.99999999999999822, -4.898554840329431281E-15 ) ) ;
#3322 = CARTESIAN_POINT ( 'NONE',  ( 0.5614213562373087107, 10.42500050000000300, 20.85000099999999890 ) ) ;
#3323 = VERTEX_POINT ( 'NONE', #4835 ) ;
#3324 = CARTESIAN_POINT ( 'NONE',  ( 2.320898220709407322, -14.91063812087456419, 7.047602276465806170 ) ) ;
#3325 = CARTESIAN_POINT ( 'NONE',  ( 8.289999999999999147, 1.781861092759399088E-15, -14.55000000000000071 ) ) ;
#3326 = CARTESIAN_POINT ( 'NONE',  ( 8.679999999999999716, -1.875603273690911843, -10.35654959605062331 ) ) ;
#3327 = CARTESIAN_POINT ( 'NONE',  ( 8.480000000000002203, -6.782617995820272583, -8.062546764659128229 ) ) ;
#3328 = FILL_AREA_STYLE_COLOUR ( '', #3208 ) ;
#3329 = ORIENTED_EDGE ( 'NONE', *, *, #844, .F. ) ;
#3330 = CARTESIAN_POINT ( 'NONE',  ( 9.000000000000005329, 1.360613305757098601, 7.680467754520027057 ) ) ;
#3331 = CARTESIAN_POINT ( 'NONE',  ( 7.780000000000002025, 11.75097785206583367, 7.610394298995213802 ) ) ;
#3332 = DIRECTION ( 'NONE',  ( 0.4809226642724866441, 0.7311951188183609673, 0.4838048048596214068 ) ) ;
#3333 = UNCERTAINTY_MEASURE_WITH_UNIT (LENGTH_MEASURE( 1.000000000000000082E-05 ), #650, 'distance_accuracy_value', 'NONE');
#3334 =( NAMED_UNIT ( * ) SI_UNIT ( $, .STERADIAN. ) SOLID_ANGLE_UNIT ( ) );
#3335 = SURFACE_STYLE_FILL_AREA ( #2660 ) ;
#3336 = PRESENTATION_LAYER_ASSIGNMENT (  '', '', ( #4564 ) ) ;
#3337 = CARTESIAN_POINT ( 'NONE',  ( 8.479999999999998650, -9.667920872248906505, 4.161873780652544319 ) ) ;
#3338 = ORIENTED_EDGE ( 'NONE', *, *, #6493, .T. ) ;
#3339 = EDGE_CURVE ( 'NONE', #4713, #6264, #3603, .T. ) ;
#3340 = AXIS2_PLACEMENT_3D ( 'NONE', #1826, #811, #3481 ) ;
#3341 = VERTEX_POINT ( 'NONE', #2047 ) ;
#3342 = CARTESIAN_POINT ( 'NONE',  ( 1.419999999999999929, 0.000000000000000000, 0.000000000000000000 ) ) ;
#3343 = DIRECTION ( 'NONE',  ( -1.000000000000000000, -0.000000000000000000, -0.000000000000000000 ) ) ;
#3344 = CARTESIAN_POINT ( 'NONE',  ( 9.000000000000001776, 6.234130950260309056, -4.718660655041442276 ) ) ;
#3345 = FILL_AREA_STYLE ('',( #3868 ) ) ;
#3346 = EDGE_LOOP ( 'NONE', ( #6427, #5797, #1125, #5791 ) ) ;
#3347 = CARTESIAN_POINT ( 'NONE',  ( 1.219999999999999751, 3.654217838213448921, 13.52812398063926125 ) ) ;
#3348 = CIRCLE ( 'NONE', #1771, 13.58687198849534994 ) ;
#3349 = CARTESIAN_POINT ( 'NONE',  ( 0.5200000000000000178, -1.281975151849578998, 10.46649502388677000 ) ) ;
#3350 = DIRECTION ( 'NONE',  ( -1.000000000000000000, 0.000000000000000000, 0.000000000000000000 ) ) ;
#3351 = AXIS2_PLACEMENT_3D ( 'NONE', #6936, #6895, #2128 ) ;
#3352 = MECHANICAL_DESIGN_GEOMETRIC_PRESENTATION_REPRESENTATION (  '', ( #1672 ), #5144 ) ;
#3353 = CARTESIAN_POINT ( 'NONE',  ( 4.500000000000000888, 0.000000000000000000, 0.000000000000000000 ) ) ;
#3354 = FILL_AREA_STYLE_COLOUR ( '', #3925 ) ;
#3355 = ADVANCED_FACE ( 'NONE', ( #5223 ), #6778, .F. ) ;
#3356 = DIRECTION ( 'NONE',  ( 1.000000000000000000, -1.608545308335517870E-16, -6.209803221523693437E-32 ) ) ;
#3357 = CIRCLE ( 'NONE', #5718, 10.22500050000000194 ) ;
#3358 = CARTESIAN_POINT ( 'NONE',  ( 1.220000000000000417, 1.705822765087505521, -13.92205926780045111 ) ) ;
#3359 = VERTEX_POINT ( 'NONE', #6195 ) ;
#3360 = CARTESIAN_POINT ( 'NONE',  ( 8.130000000000000782, -14.34999999999999964, -4.393333333379125260E-15 ) ) ;
#3361 = CARTESIAN_POINT ( 'NONE',  ( 8.680000000000008598, -7.955804017003461404, 6.928741887766372010 ) ) ;
#3362 =( GEOMETRIC_REPRESENTATION_CONTEXT ( 3 ) GLOBAL_UNCERTAINTY_ASSIGNED_CONTEXT ( ( #6848 ) ) GLOBAL_UNIT_ASSIGNED_CONTEXT ( ( #3956, #3878, #1242 ) ) REPRESENTATION_CONTEXT ( 'NONE', 'WORKASPACE' ) );
#3363 = COLOUR_RGB ( '',0.5098039215686274161, 0.5098039215686274161, 0.5490196078431373028 ) ;
#3364 = DIRECTION ( 'NONE',  ( 0.8829475928589270994, 5.749368466564464619E-17, 0.4694715627858904727 ) ) ;
#3365 = CARTESIAN_POINT ( 'NONE',  ( 8.680000000000001492, 4.161873780646790699, -9.667920872252519615 ) ) ;
#3366 = AXIS2_PLACEMENT_3D ( 'NONE', #498, #1013, #1150 ) ;
#3367 = AXIS2_PLACEMENT_3D ( 'NONE', #1485, #6297, #4398 ) ;
#3368 = CARTESIAN_POINT ( 'NONE',  ( 9.000000000000001776, 6.377776128814570455, 4.490973237979490662 ) ) ;
#3369 = CARTESIAN_POINT ( 'NONE',  ( 7.780000000000002025, 13.68370583821935860, 2.993771136298737812 ) ) ;
#3370 = AXIS2_PLACEMENT_3D ( 'NONE', #4996, #5539, #6562 ) ;
#3371 = DIRECTION ( 'NONE',  ( 0.000000000000000000, -1.836949976058542083E-16, -1.000000000000000000 ) ) ;
#3372 = ORIENTED_EDGE ( 'NONE', *, *, #6053, .F. ) ;
#3373 = ORIENTED_EDGE ( 'NONE', *, *, #4719, .F. ) ;
#3374 = CARTESIAN_POINT ( 'NONE',  ( 7.780000000000002025, 10.24109058968051045, -9.557925559906784940 ) ) ;
#3375 = DIRECTION ( 'NONE',  ( -1.000000000000000000, 0.000000000000000000, 0.000000000000000000 ) ) ;
#3376 = SURFACE_STYLE_FILL_AREA ( #1231 ) ;
#3377 = ADVANCED_FACE ( 'NONE', ( #478 ), #2279, .T. ) ;
#3378 = CARTESIAN_POINT ( 'NONE',  ( 0.3199999999999961209, 9.817197108054934063, 3.794741857845606248 ) ) ;
#3379 = PRESENTATION_LAYER_ASSIGNMENT (  '', '', ( #5742 ) ) ;
#3380 = DIRECTION ( 'NONE',  ( -1.000000000000000000, -0.000000000000000000, -0.000000000000000000 ) ) ;
#3381 = ORIENTED_EDGE ( 'NONE', *, *, #1308, .T. ) ;
#3382 = CARTESIAN_POINT ( 'NONE',  ( 1.219999999999999973, -9.021928728729644575, 10.72459260703434047 ) ) ;
#3383 = CARTESIAN_POINT ( 'NONE',  ( 0.5200000000000001288, -10.35655558317036906, 1.875570910962991444 ) ) ;
#3384 = PRESENTATION_LAYER_ASSIGNMENT (  '', '', ( #5061 ) ) ;
#3385 = CARTESIAN_POINT ( 'NONE',  ( 4.611051947974982745, -6.236356586354435017, 15.53945913996752459 ) ) ;
#3386 = PRESENTATION_STYLE_ASSIGNMENT (( #5567 ) ) ;
#3387 = SURFACE_SIDE_STYLE ('',( #1807 ) ) ;
#3388 =( NAMED_UNIT ( * ) SI_UNIT ( $, .STERADIAN. ) SOLID_ANGLE_UNIT ( ) );
#3389 = CARTESIAN_POINT ( 'NONE',  ( 0.8700000000000009948, -14.34999999999999964, 2.636023215644007899E-15 ) ) ;
#3390 = CARTESIAN_POINT ( 'NONE',  ( 1.219999999999999973, 5.179700289998374174, -13.00659372260852109 ) ) ;
#3391 = AXIS2_PLACEMENT_3D ( 'NONE', #6430, #6400, #1134 ) ;
#3392 = CARTESIAN_POINT ( 'NONE',  ( 8.680000000000005045, 2.747115858733992777, 10.17027191870431935 ) ) ;
#3393 = EDGE_CURVE ( 'NONE', #2203, #5300, #14, .T. ) ;
#3394 = UNCERTAINTY_MEASURE_WITH_UNIT (LENGTH_MEASURE( 1.000000000000000082E-05 ), #3604, 'distance_accuracy_value', 'NONE');
#3395 = FACE_BOUND ( 'NONE', #1085, .T. ) ;
#3396 = CARTESIAN_POINT ( 'NONE',  ( 8.680000000000001492, -10.34145760591776764, -1.957119027923470700 ) ) ;
#3397 =( NAMED_UNIT ( * ) SI_UNIT ( $, .STERADIAN. ) SOLID_ANGLE_UNIT ( ) );
#3398 = CARTESIAN_POINT ( 'NONE',  ( 1.075025253169417327, 14.35000000000000320, 28.69999999999999574 ) ) ;
#3399 = ADVANCED_FACE ( 'NONE', ( #2701 ), #4381, .F. ) ;
#3400 = CARTESIAN_POINT ( 'NONE',  ( 9.000000000000003553, 7.467393119723845452, 2.278350730474219432 ) ) ;
#3401 = CARTESIAN_POINT ( 'NONE',  ( 7.780000000000001137, 13.78537571125287009, 2.442153794450672599 ) ) ;
#3402 = CARTESIAN_POINT ( 'NONE',  ( -5.769251933469529803, 10.23482234003909674, -4.100397219799525317 ) ) ;
#3403 = UNCERTAINTY_MEASURE_WITH_UNIT (LENGTH_MEASURE( 1.000000000000000082E-05 ), #1911, 'distance_accuracy_value', 'NONE');
#3404 = CARTESIAN_POINT ( 'NONE',  ( 0.2999999999999999334, -16.00000000000000000, 2.939119961693667727E-15 ) ) ;
#3405 = CARTESIAN_POINT ( 'NONE',  ( 8.480000000000000426, -9.719280451958582034, 4.038974156134900184 ) ) ;
#3406 = VERTEX_POINT ( 'NONE', #6495 ) ;
#3407 = ORIENTED_EDGE ( 'NONE', *, *, #6411, .T. ) ;
#3408 = SURFACE_STYLE_USAGE ( .BOTH. , #5982 ) ;
#3409 = CARTESIAN_POINT ( 'NONE',  ( 2.812765777966870218, 0.000000000000000000, 0.000000000000000000 ) ) ;
#3410 = CARTESIAN_POINT ( 'NONE',  ( 9.000000000000000000, 7.799999999999999822, -1.106159976983767270E-15 ) ) ;
#3411 = ORIENTED_EDGE ( 'NONE', *, *, #4246, .T. ) ;
#3412 = CARTESIAN_POINT ( 'NONE',  ( 8.679999999999999716, 10.52500050000002574, -21.05000100000000884 ) ) ;
#3413 =( NAMED_UNIT ( * ) PLANE_ANGLE_UNIT ( ) SI_UNIT ( $, .RADIAN. ) );
#3414 = CARTESIAN_POINT ( 'NONE',  ( 1.219999999999999973, -14.00000000000000000, 2.153226721229382808E-15 ) ) ;
#3415 = CARTESIAN_POINT ( 'NONE',  ( 0.5199999999999999067, 3.715076583182832515, 9.847626207424827527 ) ) ;
#3416 = FACE_OUTER_BOUND ( 'NONE', #76, .T. ) ;
#3417 = CARTESIAN_POINT ( 'NONE',  ( 8.380000000000000782, -10.22500050000001082, 20.45000100000000032 ) ) ;
#3418 = CARTESIAN_POINT ( 'NONE',  ( -3.701202102153923423, -5.762563671960307943, -8.869885005747621065 ) ) ;
#3419 = CARTESIAN_POINT ( 'NONE',  ( 0.6199999999999999956, 0.000000000000000000, 10.42500050000000122 ) ) ;
#3420 = ADVANCED_FACE ( 'NONE', ( #4828 ), #376, .F. ) ;
#3421 = PRESENTATION_STYLE_ASSIGNMENT (( #685 ) ) ;
#3422 = CARTESIAN_POINT ( 'NONE',  ( 1.220000000000000195, 13.78537571125287187, -2.442153794450335091 ) ) ;
#3423 = VERTEX_POINT ( 'NONE', #2768 ) ;
#3424 = AXIS2_PLACEMENT_3D ( 'NONE', #4351, #3255, #4874 ) ;
#3425 = CARTESIAN_POINT ( 'NONE',  ( 8.130000000000004334, 14.51483715649648687, 2.715371890841367723E-15 ) ) ;
#3426 = CARTESIAN_POINT ( 'NONE',  ( 8.680000000000006821, -1.999022335141095397, 10.33343986787511959 ) ) ;
#3427 =( NAMED_UNIT ( * ) PLANE_ANGLE_UNIT ( ) SI_UNIT ( $, .RADIAN. ) );
#3428 = SURFACE_STYLE_USAGE ( .BOTH. , #6095 ) ;
#3429 = CARTESIAN_POINT ( 'NONE',  ( 8.679999999999997939, -1.776651539185606810, -10.37409994127433954 ) ) ;
#3430 = FILL_AREA_STYLE ('',( #767 ) ) ;
#3431 = DIRECTION ( 'NONE',  ( 0.000000000000000000, 0.000000000000000000, 1.000000000000000000 ) ) ;
#3432 = CARTESIAN_POINT ( 'NONE',  ( 1.219999999999999973, -14.20502525316940812, 28.41005050633882334 ) ) ;
#3433 = LINE ( 'NONE', #1391, #2427 ) ;
#3434 = CARTESIAN_POINT ( 'NONE',  ( 1.419999999999974172, 0.000000000000000000, 0.000000000000000000 ) ) ;
#3435 = ORIENTED_EDGE ( 'NONE', *, *, #6435, .F. ) ;
#3436 = ADVANCED_FACE ( 'NONE', ( #227 ), #1072, .T. ) ;
#3437 = VERTEX_POINT ( 'NONE', #952 ) ;
#3438 = CARTESIAN_POINT ( 'NONE',  ( 7.780000000000003801, 13.60314345160497496, -3.323687055034802107 ) ) ;
#3439 = CARTESIAN_POINT ( 'NONE',  ( 0.000000000000000000, 7.799999999999999822, 15.59999999999999609 ) ) ;
#3440 = CARTESIAN_POINT ( 'NONE',  ( 9.000000000000001776, 3.294881561107413592, -7.072122350771476107 ) ) ;
#3441 = ORIENTED_EDGE ( 'NONE', *, *, #888, .F. ) ;
#3442 =( LENGTH_UNIT ( ) NAMED_UNIT ( * ) SI_UNIT ( .MILLI., .METRE. ) );
#3443 = CARTESIAN_POINT ( 'NONE',  ( 8.875735931288069480, -15.99999999999999822, 2.939119961693665755E-15 ) ) ;
#3444 = COLOUR_RGB ( '',0.5098039215686274161, 0.5098039215686274161, 0.5490196078431373028 ) ;
#3445 = CARTESIAN_POINT ( 'NONE',  ( 1.219999999999999751, 12.33323471570093943, 6.654785049938968911 ) ) ;
#3446 = AXIS2_PLACEMENT_3D ( 'NONE', #3683, #451, #517 ) ;
#3447 = CARTESIAN_POINT ( 'NONE',  ( 0.5200000000000001288, -9.136145673651666854, 5.230990780497494441 ) ) ;
#3448 = COLOUR_RGB ( '',0.5098039215686274161, 0.5098039215686274161, 0.5490196078431373028 ) ;
#3449 = PRESENTATION_LAYER_ASSIGNMENT (  '', '', ( #1880 ) ) ;
#3450 = CARTESIAN_POINT ( 'NONE',  ( 5.645076863632790598, 10.78719478972074697, -6.438739963811390687 ) ) ;
#3451 = FILL_AREA_STYLE ('',( #1305 ) ) ;
#3452 =( NAMED_UNIT ( * ) SI_UNIT ( $, .STERADIAN. ) SOLID_ANGLE_UNIT ( ) );
#3453 = AXIS2_PLACEMENT_3D ( 'NONE', #4064, #5702, #891 ) ;
#3454 = CARTESIAN_POINT ( 'NONE',  ( 8.830000000000005400, 14.34999999999998721, 28.70000000000000639 ) ) ;
#3455 = MECHANICAL_DESIGN_GEOMETRIC_PRESENTATION_REPRESENTATION (  '', ( #6029 ), #2423 ) ;
#3456 =( NAMED_UNIT ( * ) PLANE_ANGLE_UNIT ( ) SI_UNIT ( $, .RADIAN. ) );
#3457 = CARTESIAN_POINT ( 'NONE',  ( 1.220000000000000195, -4.782480242020825223, -13.15868910301116124 ) ) ;
#3458 = CIRCLE ( 'NONE', #2668, 0.2999999999999999334 ) ;
#3459 = CARTESIAN_POINT ( 'NONE',  ( 8.680000000000006821, 3.595368540862768025, 9.892524181372490233 ) ) ;
#3460 = EDGE_CURVE ( 'NONE', #5294, #4890, #3944, .T. ) ;
#3461 = MECHANICAL_DESIGN_GEOMETRIC_PRESENTATION_REPRESENTATION (  '', ( #6680 ), #1441 ) ;
#3462 =( NAMED_UNIT ( * ) SI_UNIT ( $, .STERADIAN. ) SOLID_ANGLE_UNIT ( ) );
#3463 = SURFACE_STYLE_USAGE ( .BOTH. , #4550 ) ;
#3464 = CARTESIAN_POINT ( 'NONE',  ( 8.679999999999999716, -2.250632742218952043, -10.28722710540672836 ) ) ;
#3465 = AXIS2_PLACEMENT_3D ( 'NONE', #6083, #5744, #848 ) ;
#3466 = AXIS2_PLACEMENT_3D ( 'NONE', #4543, #5667, #6668 ) ;
#3467 = CARTESIAN_POINT ( 'NONE',  ( 7.980000000000001315, -4.898425415289514703E-17, 1.273290724866148229E-47 ) ) ;
#3468 = DIRECTION ( 'NONE',  ( -1.000000000000000000, 0.000000000000000000, 0.000000000000000000 ) ) ;
#3469 = AXIS2_PLACEMENT_3D ( 'NONE', #849, #1407, #2381 ) ;
#3470 =( LENGTH_UNIT ( ) NAMED_UNIT ( * ) SI_UNIT ( .MILLI., .METRE. ) );
#3471 = CARTESIAN_POINT ( 'NONE',  ( 3.354923136367204961, 7.305243633907712919, -8.742618444552906709 ) ) ;
#3472 = UNCERTAINTY_MEASURE_WITH_UNIT (LENGTH_MEASURE( 1.000000000000000082E-05 ), #1140, 'distance_accuracy_value', 'NONE');
#3473 = FACE_OUTER_BOUND ( 'NONE', #6899, .T. ) ;
#3474 = PRESENTATION_LAYER_ASSIGNMENT (  '', '', ( #3709 ) ) ;
#3475 =( LENGTH_UNIT ( ) NAMED_UNIT ( * ) SI_UNIT ( .MILLI., .METRE. ) );
#3476 = ORIENTED_EDGE ( 'NONE', *, *, #5853, .F. ) ;
#3477 = VERTEX_POINT ( 'NONE', #2563 ) ;
#3478 = CIRCLE ( 'NONE', #1118, 13.65000000000000036 ) ;
#3479 = LINE ( 'NONE', #4673, #2354 ) ;
#3480 = AXIS2_PLACEMENT_3D ( 'NONE', #4143, #6308, #2502 ) ;
#3481 = DIRECTION ( 'NONE',  ( -1.239088197126289584E-16, -1.000000000000000000, 0.000000000000000000 ) ) ;
#3482 = CARTESIAN_POINT ( 'NONE',  ( 9.000000000000003553, -3.116061540439966748, -7.155404796190500072 ) ) ;
#3483 = ORIENTED_EDGE ( 'NONE', *, *, #5726, .F. ) ;
#3484 = EDGE_CURVE ( 'NONE', #6334, #2699, #6733, .T. ) ;
#3485 = CARTESIAN_POINT ( 'NONE',  ( 0.3199999999999967315, 9.136145673650950982, 5.230990780496773240 ) ) ;
#3486 = DIRECTION ( 'NONE',  ( 0.000000000000000000, 1.000000000000000000, 8.269481020090063694E-16 ) ) ;
#3487 = CARTESIAN_POINT ( 'NONE',  ( 1.220000000000000195, 5.125842859928101625, 13.02791534079442926 ) ) ;
#3488 = CIRCLE ( 'NONE', #6820, 10.42500050000000122 ) ;
#3489 = CARTESIAN_POINT ( 'NONE',  ( 5.301646264950129250, 8.993721494056615029, -2.753514872330368832E-15 ) ) ;
#3490 = DIRECTION ( 'NONE',  ( -3.749201334157305728E-32, -3.061556329880923285E-16, 1.000000000000000000 ) ) ;
#3491 = CARTESIAN_POINT ( 'NONE',  ( 8.555735931288070972, -10.22500050000000371, -3.130441500381061793E-15 ) ) ;
#3492 = VERTEX_POINT ( 'NONE', #4169 ) ;
#3493 = CARTESIAN_POINT ( 'NONE',  ( 5.442545997088829246, 9.647724093425241065, 9.692811436171840711 ) ) ;
#3494 = AXIS2_PLACEMENT_3D ( 'NONE', #3342, #177, #6008 ) ;
#3495 = CARTESIAN_POINT ( 'NONE',  ( 1.220000000000000195, 5.345239632870327995, -12.93965546484637663 ) ) ;
#3496 = ORIENTED_EDGE ( 'NONE', *, *, #4602, .F. ) ;
#3497 = CARTESIAN_POINT ( 'NONE',  ( 10.41104837488835422, -6.765606695666956938, -9.102504766261825253 ) ) ;
#3498 = CARTESIAN_POINT ( 'NONE',  ( 8.680000000000006821, 1.637788826843734613, 10.39734788334024884 ) ) ;
#3499 = PRESENTATION_LAYER_ASSIGNMENT (  '', '', ( #6507 ) ) ;
#3500 =( LENGTH_UNIT ( ) NAMED_UNIT ( * ) SI_UNIT ( .MILLI., .METRE. ) );
#3501 = DIRECTION ( 'NONE',  ( 1.696550993789004484E-16, 1.000000000000000000, 0.000000000000000000 ) ) ;
#3502 = ADVANCED_FACE ( 'NONE', ( #4125 ), #1350, .T. ) ;
#3503 = DIRECTION ( 'NONE',  ( 0.000000000000000000, 0.000000000000000000, -1.000000000000000000 ) ) ;
#3504 =( BOUNDED_SURFACE ( )  B_SPLINE_SURFACE ( 3, 3, ( 
 ( #2240, #3439, #1954, #5234 ),
 ( #6312, #1532, #2162, #586 ),
 ( #5416, #2133, #2715, #1115 ),
 ( #554, #2686, #6414, #4847 ) ),
 .UNSPECIFIED., .F., .F., .T. ) 
 B_SPLINE_SURFACE_WITH_KNOTS ( ( 4, 4 ),
 ( 4, 4 ),
 ( 0.000000000000000000, 1.000000000000000000 ),
 ( 0.000000000000000000, 1.000000000000000000 ),
 .UNSPECIFIED. ) 
 GEOMETRIC_REPRESENTATION_ITEM ( )  RATIONAL_B_SPLINE_SURFACE ( (
 ( 1.000000000000000000, 0.3333333333333334259, 0.3333333333333334259, 1.000000000000000000),
 ( 0.8047378541243650485, 0.2682459513747884050, 0.2682459513747884050, 0.8047378541243650485),
 ( 0.8047378541243650485, 0.2682459513747884050, 0.2682459513747884050, 0.8047378541243650485),
 ( 1.000000000000000000, 0.3333333333333334259, 0.3333333333333334259, 1.000000000000000000) ) ) 
 REPRESENTATION_ITEM ( '' )  SURFACE ( )  );
#3505 = DIRECTION ( 'NONE',  ( 0.000000000000000000, 0.000000000000000000, 1.000000000000000000 ) ) ;
#3506 = ORIENTED_EDGE ( 'NONE', *, *, #4648, .T. ) ;
#3507 = VERTEX_POINT ( 'NONE', #1936 ) ;
#3508 = DIRECTION ( 'NONE',  ( 1.664003254462008968E-16, 1.000000000000000000, 0.000000000000000000 ) ) ;
#3509 = CARTESIAN_POINT ( 'NONE',  ( 0.5200000000000000178, 5.461843338606261256, -9.003924689712484053 ) ) ;
#3510 = CARTESIAN_POINT ( 'NONE',  ( 9.000000000000003553, -7.345414594438851807, -2.636104655506287031 ) ) ;
#3511 = ORIENTED_EDGE ( 'NONE', *, *, #115, .T. ) ;
#3512 = CARTESIAN_POINT ( 'NONE',  ( 0.3199999999999984523, -1.360212508933253295, 10.43893273342569650 ) ) ;
#3513 = DIRECTION ( 'NONE',  ( 1.000000000000000000, -0.000000000000000000, -0.000000000000000000 ) ) ;
#3514 = CARTESIAN_POINT ( 'NONE',  ( 1.220000000000000195, 5.593055116876246124, 12.84297020014745172 ) ) ;
#3515 =( LENGTH_UNIT ( ) NAMED_UNIT ( * ) SI_UNIT ( .MILLI., .METRE. ) );
#3516 = SURFACE_STYLE_USAGE ( .BOTH. , #4684 ) ;
#3517 = CARTESIAN_POINT ( 'NONE',  ( 0.2999999999999999334, 0.000000000000000000, 0.000000000000000000 ) ) ;
#3518 = CARTESIAN_POINT ( 'NONE',  ( 8.999999999999996447, -7.624264068711927855, 1.400539169848437956E-15 ) ) ;
#3519 = CARTESIAN_POINT ( 'NONE',  ( 1.419999999999999929, 14.00000000000004619, -8.730194733822070436E-16 ) ) ;
#3520 = DIRECTION ( 'NONE',  ( 0.000000000000000000, -1.836949976058542083E-16, -1.000000000000000000 ) ) ;
#3521 = CARTESIAN_POINT ( 'NONE',  ( 0.5199999999999991296, -10.46642185623731081, 1.922629337823373378E-15 ) ) ;
#3522 = FACE_OUTER_BOUND ( 'NONE', #6124, .T. ) ;
#3523 = EDGE_CURVE ( 'NONE', #441, #5430, #1809, .T. ) ;
#3524 = CARTESIAN_POINT ( 'NONE',  ( 1.219999999999999973, -11.65149826589337856, -7.761844456835686579 ) ) ;
#3525 = VERTEX_POINT ( 'NONE', #6845 ) ;
#3526 = CARTESIAN_POINT ( 'NONE',  ( 5.645076863632791486, 3.791586994799376331, -10.47765600735424130 ) ) ;
#3527 = ORIENTED_EDGE ( 'NONE', *, *, #1008, .T. ) ;
#3528 = CARTESIAN_POINT ( 'NONE',  ( 0.000000000000000000, -7.623800463141652273, -1.667883738936349669 ) ) ;
#3529 = CARTESIAN_POINT ( 'NONE',  ( 7.780000000000002913, 7.862013529843680182, 11.58415651652591194 ) ) ;
#3530 = FILL_AREA_STYLE ('',( #4041 ) ) ;
#3531 = CARTESIAN_POINT ( 'NONE',  ( 8.130000000000002558, -6.735334946023060376E-17, 0.000000000000000000 ) ) ;
#3532 = DIRECTION ( 'NONE',  ( -1.000000000000000000, 1.608545308335517870E-16, 6.209803221523693437E-32 ) ) ;
#3533 = CARTESIAN_POINT ( 'NONE',  ( 0.3199999999999936229, -9.892524181372193581, -3.595368540861091589 ) ) ;
#3534 = CIRCLE ( 'NONE', #3652, 13.43000050000000023 ) ;
#3535 =( LENGTH_UNIT ( ) NAMED_UNIT ( * ) SI_UNIT ( .MILLI., .METRE. ) );
#3536 = CARTESIAN_POINT ( 'NONE',  ( 0.8700000000000009948, 14.34999999999999964, -8.786550588675562152E-16 ) ) ;
#3537 = DIRECTION ( 'NONE',  ( 0.000000000000000000, 1.000000000000000000, -6.123031769111891221E-17 ) ) ;
#3538 = UNCERTAINTY_MEASURE_WITH_UNIT (LENGTH_MEASURE( 1.000000000000000082E-05 ), #4770, 'distance_accuracy_value', 'NONE');
#3539 = DIRECTION ( 'NONE',  ( -1.000000000000000000, 0.000000000000000000, 0.000000000000000000 ) ) ;
#3540 = CARTESIAN_POINT ( 'NONE',  ( 8.999999999999996447, -7.624264068711927855, 1.409875892070202246E-15 ) ) ;
#3541 = VERTEX_POINT ( 'NONE', #2041 ) ;
#3542 = ORIENTED_EDGE ( 'NONE', *, *, #5961, .T. ) ;
#3543 = PRESENTATION_LAYER_ASSIGNMENT (  '', '', ( #6011 ) ) ;
#3544 = EDGE_LOOP ( 'NONE', ( #5316, #2298, #5689, #3303 ) ) ;
#3545 = CARTESIAN_POINT ( 'NONE',  ( 5.301646264950129250, 8.993721494056615029, -5.506884243065310824E-16 ) ) ;
#3546 = CARTESIAN_POINT ( 'NONE',  ( 0.5200000000000001288, -3.314578863172330525, -9.992066394827238796 ) ) ;
#3547 = CARTESIAN_POINT ( 'NONE',  ( 9.000000000000003553, 1.481484670292152472, -7.658078697199533380 ) ) ;
#3548 = CARTESIAN_POINT ( 'NONE',  ( 4.500000000000000888, -11.75000000000000000, 2.158416221868787391E-15 ) ) ;
#3549 = CARTESIAN_POINT ( 'NONE',  ( 0.3199999999999982858, 4.445906607411611589, 9.542869178944638264 ) ) ;
#3550 = CARTESIAN_POINT ( 'NONE',  ( 8.699999999999999289, 0.000000000000000000, 7.500000000000001776 ) ) ;
#3551 = PRESENTATION_STYLE_ASSIGNMENT (( #1403 ) ) ;
#3552 = CIRCLE ( 'NONE', #1187, 14.34999999999999964 ) ;
#3553 = CARTESIAN_POINT ( 'NONE',  ( 7.924974746830588224, 14.35000000000000142, 6.150701490155576056E-15 ) ) ;
#3554 = UNCERTAINTY_MEASURE_WITH_UNIT (LENGTH_MEASURE( 1.000000000000000082E-05 ), #4531, 'distance_accuracy_value', 'NONE');
#3555 = DIRECTION ( 'NONE',  ( 0.000000000000000000, 0.000000000000000000, -1.000000000000000000 ) ) ;
#3556 = FILL_AREA_STYLE_COLOUR ( '', #3363 ) ;
#3557 = CARTESIAN_POINT ( 'NONE',  ( 8.480000000000000426, -10.35655558317037084, -1.875570910962993665 ) ) ;
#3558 = PRESENTATION_LAYER_ASSIGNMENT (  '', '', ( #4683 ) ) ;
#3559 = CARTESIAN_POINT ( 'NONE',  ( 0.6199999999999999956, 10.42500049999999412, -20.85000100000000245 ) ) ;
#3560 = MECHANICAL_DESIGN_GEOMETRIC_PRESENTATION_REPRESENTATION (  '', ( #1194 ), #1423 ) ;
#3561 =( GEOMETRIC_REPRESENTATION_CONTEXT ( 3 ) GLOBAL_UNCERTAINTY_ASSIGNED_CONTEXT ( ( #1922 ) ) GLOBAL_UNIT_ASSIGNED_CONTEXT ( ( #1221, #6134, #4009 ) ) REPRESENTATION_CONTEXT ( 'NONE', 'WORKASPACE' ) );
#3562 = EDGE_LOOP ( 'NONE', ( #102, #196, #4309, #5397, #2477 ) ) ;
#3563 = FACE_BOUND ( 'NONE', #5169, .T. ) ;
#3564 = CARTESIAN_POINT ( 'NONE',  ( 8.680000000000005045, 10.32122741108794095, 2.061822792881442101 ) ) ;
#3565 = CARTESIAN_POINT ( 'NONE',  ( 7.780000000000001137, -2.494828217459320374, 13.77593960549769569 ) ) ;
#3566 = AXIS2_PLACEMENT_3D ( 'NONE', #3229, #3828, #3297 ) ;
#3567 = EDGE_CURVE ( 'NONE', #3492, #2208, #2085, .T. ) ;
#3568 = CARTESIAN_POINT ( 'NONE',  ( 3.858235246223784998, 14.13099999999999667, -4.326342403043450193E-15 ) ) ;
#3569 = CARTESIAN_POINT ( 'NONE',  ( 0.3199999999999915690, -3.074210346775605007, -10.07622410128328561 ) ) ;
#3570 = DIRECTION ( 'NONE',  ( 1.000000000000000000, -0.000000000000000000, -0.000000000000000000 ) ) ;
#3571 = CONICAL_SURFACE ( 'NONE', #4031, 13.58687198849534994, 0.4886921905584119541 ) ;
#3572 = CARTESIAN_POINT ( 'NONE',  ( 8.480000000000003979, 10.22663357711939192, -2.498755345896714442 ) ) ;
#3573 = CARTESIAN_POINT ( 'NONE',  ( -3.629156023907937900, 5.117660093543952904, 2.862720193083851505 ) ) ;
#3574 = EDGE_LOOP ( 'NONE', ( #4862, #2939, #283, #827, #2755 ) ) ;
#3575 = CARTESIAN_POINT ( 'NONE',  ( 8.130000000000004334, 14.00000000000000000, 2.571673343026998159E-15 ) ) ;
#3576 = PRESENTATION_LAYER_ASSIGNMENT (  '', '', ( #2560 ) ) ;
#3577 = STYLED_ITEM ( 'NONE', ( #3779 ), #909 ) ;
#3578 = CARTESIAN_POINT ( 'NONE',  ( 4.500000000000000000, 2.050611416892861527, -11.62959524772499975 ) ) ;
#3579 = CARTESIAN_POINT ( 'NONE',  ( 4.500000000000000888, 0.000000000000000000, 7.500000000000000000 ) ) ;
#3580 = AXIS2_PLACEMENT_3D ( 'NONE', #6526, #4898, #2735 ) ;
#3581 = FILL_AREA_STYLE_COLOUR ( '', #1293 ) ;
#3582 = EDGE_LOOP ( 'NONE', ( #2239, #1530, #5629, #2975 ) ) ;
#3583 = AXIS2_PLACEMENT_3D ( 'NONE', #6256, #988, #5216 ) ;
#3584 = ORIENTED_EDGE ( 'NONE', *, *, #4901, .T. ) ;
#3585 =( LENGTH_UNIT ( ) NAMED_UNIT ( * ) SI_UNIT ( .MILLI., .METRE. ) );
#3586 = CARTESIAN_POINT ( 'NONE',  ( 0.5199999999999999067, 7.955804017006258277, -6.928741887764148899 ) ) ;
#3587 = CARTESIAN_POINT ( 'NONE',  ( 9.000000000000000000, -7.799999999999999822, 1.583772228651234900E-15 ) ) ;
#3588 =( GEOMETRIC_REPRESENTATION_CONTEXT ( 3 ) GLOBAL_UNCERTAINTY_ASSIGNED_CONTEXT ( ( #6424 ) ) GLOBAL_UNIT_ASSIGNED_CONTEXT ( ( #2382, #4099, #2954 ) ) REPRESENTATION_CONTEXT ( 'NONE', 'WORKASPACE' ) );
#3589 = COLOUR_RGB ( '',0.5098039215686274161, 0.5098039215686274161, 0.5490196078431373028 ) ;
#3590 =( NAMED_UNIT ( * ) SI_UNIT ( $, .STERADIAN. ) SOLID_ANGLE_UNIT ( ) );
#3591 = B_SPLINE_CURVE_WITH_KNOTS ( 'NONE', 3,
 ( #2670, #5400, #6921, #603, #2114, #4380, #355, #3383, #5536, #1697, #6049, #1192, #3009, #3947, #6494, #1730, #1236, #1302, #3447, #1759, #4410, #2248, #6556, #712, #2767, #3910, #4474, #6014, #745, #3845, #786, #2348, #5988, #1165, #226, #3313, #5466, #637, #2838, #3872, #113, #4928, #6524, #4991, #680, #3349, #2304, #5499, #2802, #4960, #185, #148, #1268, #3984, #6595, #2275, #4439, #5602, #1800, #6080, #3415, #5563, #4510, #5032, #2874, #6634, #6114, #1832, #5165, #3047, #6761, #492, #6898, #3188, #975, #6280, #3117, #3619, #1429, #5280, #2618, #2094, #1579, #5835, #4638, #6242, #4746, #6835, #1473, #4774, #6316, #1535, #5345, #2030, #457 ),
 .UNSPECIFIED., .F., .F.,
 ( 4, 1, 1, 1, 1, 2, 2, 1, 1, 1, 2, 2, 1, 1, 2, 2, 2, 1, 1, 2, 2, 1, 1, 1, 2, 2, 1, 1, 1, 1, 2, 2, 2, 2, 1, 1, 1, 2, 2, 1, 1, 1, 2, 2, 1, 1, 2, 2, 2, 1, 1, 2, 2, 1, 1, 1, 2, 2, 1, 1, 1, 1, 2, 2, 4 ),
 ( 0.7500000000000000000, 0.7656250000000002220, 0.7734375000000003331, 0.7773437500000003331, 0.7792968750000004441, 0.7802734375000004441, 0.7812500000000004441, 0.7968750000000004441, 0.8046875000000005551, 0.8085937500000005551, 0.8105468750000005551, 0.8125000000000004441, 0.8281250000000005551, 0.8359375000000005551, 0.8398437500000005551, 0.8437500000000005551, 0.8750000000000005551, 0.8906250000000006661, 0.8984375000000006661, 0.9023437500000006661, 0.9062500000000006661, 0.9218750000000006661, 0.9296875000000006661, 0.9335937500000006661, 0.9355468750000006661, 0.9375000000000006661, 0.9531250000000006661, 0.9609375000000006661, 0.9648437500000006661, 0.9667968750000006661, 0.9677734375000006661, 0.9687500000000005551, 1.000000000000000666, 1.015625000000000666, 1.023437500000000666, 1.027343750000000666, 1.029296875000000666, 1.030273437500000666, 1.031250000000000666, 1.046875000000000444, 1.054687500000000444, 1.058593750000000444, 1.060546875000000444, 1.062500000000000444, 1.078125000000000444, 1.085937500000000444, 1.089843750000000444, 1.093750000000000444, 1.125000000000000000, 1.140625000000000000, 1.148437500000000000, 1.152343750000000000, 1.156250000000000000, 1.171875000000000000, 1.179687500000000000, 1.183593750000000000, 1.185546875000000000, 1.187500000000000000, 1.203125000000000000, 1.210937500000000000, 1.214843750000000000, 1.216796875000000000, 1.217773437500000000, 1.218750000000000000, 1.250000000000000000 ),
 .UNSPECIFIED. ) ;
#3592 = CARTESIAN_POINT ( 'NONE',  ( 0.3199999999999985079, 1.999022335140964834, 10.33343986787514623 ) ) ;
#3593 = CARTESIAN_POINT ( 'NONE',  ( 0.8699999999999992184, 0.000000000000000000, -13.65000000000000036 ) ) ;
#3594 = CARTESIAN_POINT ( 'NONE',  ( 1.219999999999999751, 11.97674297215438344, 7.265107878384958084 ) ) ;
#3595 =( GEOMETRIC_REPRESENTATION_CONTEXT ( 3 ) GLOBAL_UNCERTAINTY_ASSIGNED_CONTEXT ( ( #6221 ) ) GLOBAL_UNIT_ASSIGNED_CONTEXT ( ( #1526, #4350, #5439 ) ) REPRESENTATION_CONTEXT ( 'NONE', 'WORKASPACE' ) );
#3596 =( NAMED_UNIT ( * ) SI_UNIT ( $, .STERADIAN. ) SOLID_ANGLE_UNIT ( ) );
#3597 = EDGE_CURVE ( 'NONE', #5300, #2203, #801, .T. ) ;
#3598 = SURFACE_STYLE_USAGE ( .BOTH. , #1969 ) ;
#3599 = DIRECTION ( 'NONE',  ( 1.000000000000000000, 0.000000000000000000, 0.000000000000000000 ) ) ;
#3600 = CIRCLE ( 'NONE', #3819, 14.51483715649648687 ) ;
#3601 = CARTESIAN_POINT ( 'NONE',  ( 1.420000000000000151, 14.00000000000004796, 28.00000000000008527 ) ) ;
#3602 = DIRECTION ( 'NONE',  ( 0.000000000000000000, -1.000000000000000000, 1.836949976058535427E-16 ) ) ;
#3603 = B_SPLINE_CURVE_WITH_KNOTS ( 'NONE', 3,
 ( #20, #2157, #4320, #3257, #1313, #5610, #3422, #686, #6608, #6670, #6529, #6564, #4445, #2284, #1738, #2812, #1206, #1875, #1245, #2886, #3922, #4486, #1811, #4968, #4036, #3881, #2416, #5573, #1772, #297, #5000, #2924, #5103, #6123, #6022, #6055, #758, #3495, #5640, #3958, #3390, #5541, #6088, #1275, #157, #5042, #6639, #720, #5073, #3358, #2956, #4546, #5508, #2848, #2384, #195, #2315, #239, #2357, #4521, #1838, #3996, #3457, #793, #273, #6157, #1348, #826, #3140, #1378, #4135, #1412, #4694, #2530, #6853, #2571, #2015, #4209, #3671, #959, #6709, #3524, #5748, #4177, #6301, #5710, #6745, #4655, #1942, #3030, #5299, #5815, #3101, #854, #5188, #5142, #6815, #4621, #929, #898, #5670, #2992 ),
 .UNSPECIFIED., .F., .F.,
 ( 4, 1, 1, 1, 1, 2, 2, 1, 1, 1, 1, 2, 2, 1, 1, 1, 2, 2, 2, 1, 1, 1, 2, 2, 1, 1, 1, 1, 2, 2, 1, 1, 1, 1, 2, 2, 2, 1, 1, 1, 1, 2, 2, 1, 1, 1, 1, 2, 2, 1, 1, 1, 2, 2, 2, 1, 1, 1, 2, 2, 1, 1, 1, 1, 2, 2, 1, 1, 1, 1, 2, 2, 4 ),
 ( 0.5000000000000000000, 0.5156250000000004441, 0.5234375000000006661, 0.5273437500000007772, 0.5292968750000008882, 0.5302734375000008882, 0.5312500000000008882, 0.5468750000000014433, 0.5546875000000016653, 0.5585937500000017764, 0.5605468750000018874, 0.5615234375000018874, 0.5625000000000018874, 0.5781250000000024425, 0.5859375000000026645, 0.5898437500000027756, 0.5917968750000027756, 0.5937500000000027756, 0.6250000000000033307, 0.6406250000000035527, 0.6484375000000036637, 0.6523437500000037748, 0.6542968750000037748, 0.6562500000000037748, 0.6718750000000039968, 0.6796875000000041078, 0.6835937500000041078, 0.6855468750000041078, 0.6865234375000041078, 0.6875000000000041078, 0.7031250000000037748, 0.7109375000000036637, 0.7148437500000036637, 0.7167968750000035527, 0.7177734375000035527, 0.7187500000000035527, 0.7500000000000039968, 0.7656250000000042188, 0.7734375000000044409, 0.7773437500000044409, 0.7792968750000044409, 0.7802734375000045519, 0.7812500000000045519, 0.7968750000000048850, 0.8046875000000048850, 0.8085937500000049960, 0.8105468750000049960, 0.8115234375000048850, 0.8125000000000048850, 0.8281250000000046629, 0.8359375000000044409, 0.8398437500000044409, 0.8417968750000043299, 0.8437500000000042188, 0.8750000000000035527, 0.8906250000000031086, 0.8984375000000028866, 0.9023437500000028866, 0.9042968750000027756, 0.9062500000000026645, 0.9218750000000026645, 0.9296875000000024425, 0.9335937500000024425, 0.9355468750000024425, 0.9365234375000023315, 0.9375000000000023315, 0.9531250000000017764, 0.9609375000000015543, 0.9648437500000013323, 0.9667968750000013323, 0.9677734375000013323, 0.9687500000000013323, 1.000000000000000000 ),
 .UNSPECIFIED. ) ;
#3604 =( LENGTH_UNIT ( ) NAMED_UNIT ( * ) SI_UNIT ( .MILLI., .METRE. ) );
#3605 = SURFACE_SIDE_STYLE ('',( #1974 ) ) ;
#3606 = ORIENTED_EDGE ( 'NONE', *, *, #4868, .F. ) ;
#3607 = CARTESIAN_POINT ( 'NONE',  ( -0.06738468756216745015, -13.73712324117466999, -27.47424648234931865 ) ) ;
#3608 = CARTESIAN_POINT ( 'NONE',  ( -0.000000000000000000, -7.736204784659495459, -1.008072849689072736 ) ) ;
#3609 = CARTESIAN_POINT ( 'NONE',  ( 7.779999999999999361, -11.23811823502615681, 8.355224251630099630 ) ) ;
#3610 =( NAMED_UNIT ( * ) PLANE_ANGLE_UNIT ( ) SI_UNIT ( $, .RADIAN. ) );
#3611 = CARTESIAN_POINT ( 'NONE',  ( 2.320898220709402882, -14.91063812087457130, 7.047602276465807947 ) ) ;
#3612 = PRESENTATION_LAYER_ASSIGNMENT (  '', '', ( #6183 ) ) ;
#3613 = DIRECTION ( 'NONE',  ( -1.334198273250123971E-16, -1.000000000000000000, 0.000000000000000000 ) ) ;
#3614 = CARTESIAN_POINT ( 'NONE',  ( 0.3199999999999915135, -3.556992897991998248, -9.911618546504483263 ) ) ;
#3615 = CARTESIAN_POINT ( 'NONE',  ( 4.500000000000000888, 14.13100000000000200, 28.26199999999999335 ) ) ;
#3616 = CARTESIAN_POINT ( 'NONE',  ( 3.354923136367210290, -7.645475827906526689, -11.37883366667385943 ) ) ;
#3617 = DIRECTION ( 'NONE',  ( -1.000000000000000000, -0.000000000000000000, -0.000000000000000000 ) ) ;
#3618 = CARTESIAN_POINT ( 'NONE',  ( 8.999999999999998224, -7.799999999999998046, 15.59999999999999964 ) ) ;
#3619 = CARTESIAN_POINT ( 'NONE',  ( 0.5200000000000000178, 9.003924689715661955, 5.461843338601397591 ) ) ;
#3620 = ORIENTED_EDGE ( 'NONE', *, *, #6926, .T. ) ;
#3621 = EDGE_CURVE ( 'NONE', #356, #1379, #4069, .T. ) ;
#3622 = VERTEX_POINT ( 'NONE', #6517 ) ;
#3623 = SURFACE_STYLE_USAGE ( .BOTH. , #2481 ) ;
#3624 = CARTESIAN_POINT ( 'NONE',  ( 0.5200000000000000178, 6.281383935463664692, -8.448620297010645430 ) ) ;
#3625 = CARTESIAN_POINT ( 'NONE',  ( 8.289999999999999147, 0.000000000000000000, 14.55000000000000071 ) ) ;
#3626 = MECHANICAL_DESIGN_GEOMETRIC_PRESENTATION_REPRESENTATION (  '', ( #5425 ), #6079 ) ;
#3627 = SURFACE_STYLE_USAGE ( .BOTH. , #1438 ) ;
#3628 = CARTESIAN_POINT ( 'NONE',  ( 0.3199999999999973976, -7.699077894429724012, 7.185546829811074510 ) ) ;
#3629 = CARTESIAN_POINT ( 'NONE',  ( 0.6199999999999999956, 0.000000000000000000, 0.000000000000000000 ) ) ;
#3630 = CARTESIAN_POINT ( 'NONE',  ( 8.480000000000005755, 7.185546829810978586, 7.699077894429522395 ) ) ;
#3631 = SURFACE_STYLE_FILL_AREA ( #5214 ) ;
#3632 = UNCERTAINTY_MEASURE_WITH_UNIT (LENGTH_MEASURE( 1.000000000000000082E-05 ), #3669, 'distance_accuracy_value', 'NONE');
#3633 = DIRECTION ( 'NONE',  ( 1.000000000000000000, 0.000000000000000000, 0.000000000000000000 ) ) ;
#3634 = CARTESIAN_POINT ( 'NONE',  ( 0.6199999999999999956, -10.42500050000000478, -20.85000099999999890 ) ) ;
#3635 = CARTESIAN_POINT ( 'NONE',  ( 14.76925193346954224, -12.28543375693199557, -7.529198027925514403 ) ) ;
#3636 = PRESENTATION_STYLE_ASSIGNMENT (( #1487 ) ) ;
#3637 = ORIENTED_EDGE ( 'NONE', *, *, #3644, .F. ) ;
#3638 = CARTESIAN_POINT ( 'NONE',  ( 0.6700000000000119194, -13.45000000000003126, 2.470697717798744890E-15 ) ) ;
#3639 = CARTESIAN_POINT ( 'NONE',  ( -0.000000000000000000, -7.298008715864904516, -2.753195702543031587 ) ) ;
#3640 = CARTESIAN_POINT ( 'NONE',  ( 7.780000000000000249, -12.69363703641920438, 5.913727056457537046 ) ) ;
#3641 = CARTESIAN_POINT ( 'NONE',  ( 0.8699999999999992184, 13.65000000000000036, 27.29999999999999005 ) ) ;
#3642 = FACE_OUTER_BOUND ( 'NONE', #1388, .T. ) ;
#3643 = DIRECTION ( 'NONE',  ( 0.000000000000000000, 0.000000000000000000, -1.000000000000000000 ) ) ;
#3644 = EDGE_CURVE ( 'NONE', #347, #2417, #6617, .T. ) ;
#3645 = CARTESIAN_POINT ( 'NONE',  ( 0.3199999999999936784, -9.847626207424932332, -3.715076583181724512 ) ) ;
#3646 = CARTESIAN_POINT ( 'NONE',  ( 4.500000000000000888, -14.13100000000000023, 2.618375423078985443E-15 ) ) ;
#3647 = ORIENTED_EDGE ( 'NONE', *, *, #6705, .T. ) ;
#3648 = CARTESIAN_POINT ( 'NONE',  ( 3.354923136367210290, -12.83780620661361738, -5.190855283913659690 ) ) ;
#3649 = FILL_AREA_STYLE ('',( #4191 ) ) ;
#3650 = CARTESIAN_POINT ( 'NONE',  ( 0.2999999999999998224, 15.99999999999998757, -31.99999999999999645 ) ) ;
#3651 = FILL_AREA_STYLE_COLOUR ( '', #3589 ) ;
#3652 = AXIS2_PLACEMENT_3D ( 'NONE', #364, #3017, #2038 ) ;
#3653 = SURFACE_STYLE_USAGE ( .BOTH. , #1501 ) ;
#3654 = ORIENTED_EDGE ( 'NONE', *, *, #4628, .T. ) ;
#3655 = EDGE_LOOP ( 'NONE', ( #5146, #3506 ) ) ;
#3656 = CARTESIAN_POINT ( 'NONE',  ( 8.130000000000004334, 14.34999999999999964, 2.635965176602673280E-15 ) ) ;
#3657 = STYLED_ITEM ( 'NONE', ( #3421 ), #2821 ) ;
#3658 = CARTESIAN_POINT ( 'NONE',  ( 0.5199999999999999067, 9.802377377084571464, -3.832879081347112304 ) ) ;
#3659 = CARTESIAN_POINT ( 'NONE',  ( 0.000000000000000000, 6.565369242161078311, 4.211933004074543518 ) ) ;
#3660 = DIRECTION ( 'NONE',  ( 0.000000000000000000, 1.836909530733570571E-16, -1.000000000000000000 ) ) ;
#3661 = CARTESIAN_POINT ( 'NONE',  ( 0.3199999999999962319, -9.719280451958626443, 4.038974156135056504 ) ) ;
#3662 = ADVANCED_FACE ( 'NONE', ( #3901 ), #2773, .F. ) ;
#3663 = DIRECTION ( 'NONE',  ( 1.000000000000000000, 0.000000000000000000, 0.000000000000000000 ) ) ;
#3664 = STYLED_ITEM ( 'NONE', ( #5240 ), #3005 ) ;
#3665 = CARTESIAN_POINT ( 'NONE',  ( 7.779999999999999361, -12.84297020015466551, -5.593055116864440457 ) ) ;
#3666 = COLOUR_RGB ( '',0.5098039215686274161, 0.5098039215686274161, 0.5490196078431373028 ) ;
#3667 = CARTESIAN_POINT ( 'NONE',  ( 8.875735931288071257, 7.500000000000001776, -2.296197581404421455E-15 ) ) ;
#3668 = PRESENTATION_STYLE_ASSIGNMENT (( #6850 ) ) ;
#3669 =( LENGTH_UNIT ( ) NAMED_UNIT ( * ) SI_UNIT ( .MILLI., .METRE. ) );
#3670 = SURFACE_STYLE_FILL_AREA ( #6429 ) ;
#3671 = CARTESIAN_POINT ( 'NONE',  ( 1.219999999999999973, -11.23811823503106844, -8.355224251624173704 ) ) ;
#3672 = ORIENTED_EDGE ( 'NONE', *, *, #987, .F. ) ;
#3673 = CARTESIAN_POINT ( 'NONE',  ( 0.6199999999999998845, 0.000000000000000000, 0.000000000000000000 ) ) ;
#3674 = CARTESIAN_POINT ( 'NONE',  ( -0.000000000000000000, -7.705363547834212845, -1.213919578011234401 ) ) ;
#3675 = CARTESIAN_POINT ( 'NONE',  ( 7.780000000000000249, 5.913727056468050414, 12.69363703641367103 ) ) ;
#3676 = STYLED_ITEM ( 'NONE', ( #189 ), #154 ) ;
#3677 = CARTESIAN_POINT ( 'NONE',  ( 8.130000000000000782, -6.735334946023064073E-17, 6.105792521669712125E-48 ) ) ;
#3678 = CARTESIAN_POINT ( 'NONE',  ( 0.3199999999999869615, 0.000000000000000000, 0.000000000000000000 ) ) ;
#3679 = CARTESIAN_POINT ( 'NONE',  ( 0.3199999999999912359, -1.282500883279273696, -10.46639770868542207 ) ) ;
#3680 = PRESENTATION_LAYER_ASSIGNMENT (  '', '', ( #6680 ) ) ;
#3681 =( LENGTH_UNIT ( ) NAMED_UNIT ( * ) SI_UNIT ( .MILLI., .METRE. ) );
#3682 = ORIENTED_EDGE ( 'NONE', *, *, #5878, .T. ) ;
#3683 = CARTESIAN_POINT ( 'NONE',  ( 0.8199999999999999512, 0.000000000000000000, 0.000000000000000000 ) ) ;
#3684 = EDGE_CURVE ( 'NONE', #1695, #4053, #5123, .T. ) ;
#3685 = CARTESIAN_POINT ( 'NONE',  ( 8.379999999999999005, -10.42500049999999412, -20.85000100000002021 ) ) ;
#3686 = CARTESIAN_POINT ( 'NONE',  ( 0.1242640687119285492, 15.99999999999999822, -4.898554840329432858E-15 ) ) ;
#3687 = CARTESIAN_POINT ( 'NONE',  ( 0.1242640687119284104, 7.499999999999995559, -14.99999999999999822 ) ) ;
#3688 = AXIS2_PLACEMENT_3D ( 'NONE', #5910, #1050, #2594 ) ;
#3689 = COLOUR_RGB ( '',0.5098039215686274161, 0.5098039215686274161, 0.5490196078431373028 ) ;
#3690 = VERTEX_POINT ( 'NONE', #5690 ) ;
#3691 = ORIENTED_EDGE ( 'NONE', *, *, #1829, .F. ) ;
#3692 = CARTESIAN_POINT ( 'NONE',  ( 8.480000000000000426, -2.207975672680079438, -10.29143073051939616 ) ) ;
#3693 = VECTOR ( 'NONE', #2704, 1000.000000000000000 ) ;
#3694 = CARTESIAN_POINT ( 'NONE',  ( 0.5200000000000000178, -3.832879081347472017, -9.802377377084315668 ) ) ;
#3695 = CARTESIAN_POINT ( 'NONE',  ( -0.000000000000000000, 7.537135264589866601, 2.035791052253134836 ) ) ;
#3696 = FILL_AREA_STYLE ('',( #475 ) ) ;
#3697 = UNCERTAINTY_MEASURE_WITH_UNIT (LENGTH_MEASURE( 1.000000000000000082E-05 ), #3708, 'distance_accuracy_value', 'NONE');
#3698 = SURFACE_STYLE_USAGE ( .BOTH. , #2166 ) ;
#3699 = PRESENTATION_LAYER_ASSIGNMENT (  '', '', ( #6699 ) ) ;
#3700 = CARTESIAN_POINT ( 'NONE',  ( 8.480000000000000426, 3.913847515210290062, 9.770322806960210826 ) ) ;
#3701 = AXIS2_PLACEMENT_3D ( 'NONE', #4277, #3840, #5358 ) ;
#3702 =( BOUNDED_SURFACE ( )  B_SPLINE_SURFACE ( 3, 3, ( 
 ( #311, #4152, #3044, #5760 ),
 ( #2510, #1327, #2934, #5202 ),
 ( #5116, #1470, #387, #6788 ),
 ( #941, #5238, #281, #420 ) ),
 .UNSPECIFIED., .F., .F., .F. ) 
 B_SPLINE_SURFACE_WITH_KNOTS ( ( 4, 4 ),
 ( 4, 4 ),
 ( 0.000000000000000000, 1.000000000000000000 ),
 ( 0.000000000000000000, 1.000000000000000000 ),
 .UNSPECIFIED. ) 
 GEOMETRIC_REPRESENTATION_ITEM ( )  RATIONAL_B_SPLINE_SURFACE ( (
 ( 1.000000000000000000, 0.3333333333333334259, 0.3333333333333334259, 1.000000000000000000),
 ( 0.8047378541243569439, 0.2682459513747857405, 0.2682459513747857405, 0.8047378541243569439),
 ( 0.8047378541243569439, 0.2682459513747857405, 0.2682459513747857405, 0.8047378541243569439),
 ( 1.000000000000000000, 0.3333333333333334259, 0.3333333333333334259, 1.000000000000000000) ) ) 
 REPRESENTATION_ITEM ( '' )  SURFACE ( )  );
#3703 = CARTESIAN_POINT ( 'NONE',  ( 7.779999999999996696, -11.93989026316232760, -7.311929425989052156 ) ) ;
#3704 = MECHANICAL_DESIGN_GEOMETRIC_PRESENTATION_REPRESENTATION (  '', ( #5834 ), #4273 ) ;
#3705 = EDGE_CURVE ( 'NONE', #5524, #1361, #3479, .T. ) ;
#3706 = CARTESIAN_POINT ( 'NONE',  ( 10.74406402973027141, 14.53454985504824926, 0.5236945471189369261 ) ) ;
#3707 = LINE ( 'NONE', #6422, #209 ) ;
#3708 =( LENGTH_UNIT ( ) NAMED_UNIT ( * ) SI_UNIT ( .MILLI., .METRE. ) );
#3709 = STYLED_ITEM ( 'NONE', ( #6086 ), #6533 ) ;
#3710 = MECHANICAL_DESIGN_GEOMETRIC_PRESENTATION_REPRESENTATION (  '', ( #2904 ), #450 ) ;
#3711 = DIRECTION ( 'NONE',  ( 0.000000000000000000, -1.836949976058542083E-16, -1.000000000000000000 ) ) ;
#3712 = CARTESIAN_POINT ( 'NONE',  ( 1.176230886931862729, -14.51483715649649042, -29.02967431299296308 ) ) ;
#3713 = ADVANCED_FACE ( 'NONE', ( #2972, #879 ), #4086, .T. ) ;
#3714 = DIRECTION ( 'NONE',  ( 0.000000000000000000, 0.000000000000000000, 1.000000000000000000 ) ) ;
#3715 = CARTESIAN_POINT ( 'NONE',  ( -0.000000000000000000, 5.134897921744957294, -5.895915327477343482 ) ) ;
#3716 = CIRCLE ( 'NONE', #2909, 13.10833350000002717 ) ;
#3717 = CARTESIAN_POINT ( 'NONE',  ( 7.780000000000001137, -1.067396605991102199, 13.97081276636603064 ) ) ;
#3718 = CARTESIAN_POINT ( 'NONE',  ( 5.734413933403810226, -13.88477053572696818, -27.76954107145391148 ) ) ;
#3719 = SURFACE_STYLE_USAGE ( .BOTH. , #4407 ) ;
#3720 = CARTESIAN_POINT ( 'NONE',  ( 0.3199999999999914579, 2.250632742215457505, -10.28722710540847451 ) ) ;
#3721 = CARTESIAN_POINT ( 'NONE',  ( 0.8700000000000009948, 14.34999999999999964, -4.393391372420459483E-15 ) ) ;
#3722 = CARTESIAN_POINT ( 'NONE',  ( 4.500000000000000888, -5.904500250000009665, -10.22689442630309919 ) ) ;
#3723 = CARTESIAN_POINT ( 'NONE',  ( 4.500000000000000888, 9.046219211814230832, 7.590679204182153583 ) ) ;
#3724 =( LENGTH_UNIT ( ) NAMED_UNIT ( * ) SI_UNIT ( .MILLI., .METRE. ) );
#3725 = EDGE_CURVE ( 'NONE', #1622, #2268, #3734, .T. ) ;
#3726 = STYLED_ITEM ( 'NONE', ( #5732 ), #3713 ) ;
#3727 =( NAMED_UNIT ( * ) PLANE_ANGLE_UNIT ( ) SI_UNIT ( $, .RADIAN. ) );
#3728 = ORIENTED_EDGE ( 'NONE', *, *, #3684, .T. ) ;
#3729 = CARTESIAN_POINT ( 'NONE',  ( 8.480000000000002203, 5.230990780500116344, -9.136145673648767840 ) ) ;
#3730 = CARTESIAN_POINT ( 'NONE',  ( 9.000000000000001776, -6.770757344944250633, 3.876595490870374139 ) ) ;
#3731 = CARTESIAN_POINT ( 'NONE',  ( -0.000000000000000000, 1.543494944070439301, 7.645824888126132812 ) ) ;
#3732 = CARTESIAN_POINT ( 'NONE',  ( 6.657558727458331660, 7.868421291256613159, 2.857023072568333433 ) ) ;
#3733 = DIRECTION ( 'NONE',  ( -1.000000000000000000, 0.000000000000000000, 0.000000000000000000 ) ) ;
#3734 = CIRCLE ( 'NONE', #5969, 10.42500049999999945 ) ;
#3735 = CARTESIAN_POINT ( 'NONE',  ( 8.480000000000003979, 4.445906607421842516, 9.542869178938710562 ) ) ;
#3736 = AXIS2_PLACEMENT_3D ( 'NONE', #3810, #5956, #3316 ) ;
#3737 = CARTESIAN_POINT ( 'NONE',  ( 7.779999999999999361, 5.125842859928357420, -13.02791534079427826 ) ) ;
#3738 = CARTESIAN_POINT ( 'NONE',  ( 15.05918148464692763, 6.653391437561482213, 6.237740692255583141 ) ) ;
#3739 = EDGE_LOOP ( 'NONE', ( #6522, #2942, #809, #3102, #1910 ) ) ;
#3740 = DIRECTION ( 'NONE',  ( -3.749201334157304086E-32, -3.061556329880923285E-16, 1.000000000000000000 ) ) ;
#3741 =( LENGTH_UNIT ( ) NAMED_UNIT ( * ) SI_UNIT ( .MILLI., .METRE. ) );
#3742 = DIRECTION ( 'NONE',  ( 0.3958614015492774030, 0.2526269977366705777, 0.8828778798780713144 ) ) ;
#3743 =( NAMED_UNIT ( * ) PLANE_ANGLE_UNIT ( ) SI_UNIT ( $, .RADIAN. ) );
#3744 =( NAMED_UNIT ( * ) PLANE_ANGLE_UNIT ( ) SI_UNIT ( $, .RADIAN. ) );
#3745 = CARTESIAN_POINT ( 'NONE',  ( -0.000000000000000000, -0.9505433284956403828, -7.756561495369896697 ) ) ;
#3746 = PRESENTATION_STYLE_ASSIGNMENT (( #4738 ) ) ;
#3747 = SURFACE_STYLE_USAGE ( .BOTH. , #1634 ) ;
#3748 = ADVANCED_FACE ( 'NONE', ( #5654 ), #5446, .F. ) ;
#3749 = FILL_AREA_STYLE_COLOUR ( '', #1565 ) ;
#3750 = CARTESIAN_POINT ( 'NONE',  ( 5.442545997088828358, 2.652116298503882419, 13.73172747971469043 ) ) ;
#3751 = CARTESIAN_POINT ( 'NONE',  ( 3.354923136367207626, -12.83780620661361738, 2.886976803172144557 ) ) ;
#3752 = SURFACE_SIDE_STYLE ('',( #3186 ) ) ;
#3753 = CARTESIAN_POINT ( 'NONE',  ( 1.076072228735578439E-17, -15.87573593128806948, 2.916293273889136038E-15 ) ) ;
#3754 = CARTESIAN_POINT ( 'NONE',  ( 0.1700000000000049527, -13.65000000000000746, -27.29999999999999716 ) ) ;
#3755 = CARTESIAN_POINT ( 'NONE',  ( 5.645076863632788822, -4.163524672093490864, -9.074955185932338964 ) ) ;
#3756 = VERTEX_POINT ( 'NONE', #3159 ) ;
#3757 = SURFACE_STYLE_USAGE ( .BOTH. , #1581 ) ;
#3758 = CARTESIAN_POINT ( 'NONE',  ( 8.480000000000002203, 9.003924689716548357, -5.461843338599151387 ) ) ;
#3759 = CARTESIAN_POINT ( 'NONE',  ( 0.5200000000000000178, -6.928741887766328489, -7.955804017001159245 ) ) ;
#3760 = CARTESIAN_POINT ( 'NONE',  ( -0.000000000000000000, 2.993272501210895165, 7.202877213241149157 ) ) ;
#3761 = CARTESIAN_POINT ( 'NONE',  ( 4.500000000000000888, 0.000000000000000000, 0.000000000000000000 ) ) ;
#3762 = CARTESIAN_POINT ( 'NONE',  ( 1.020000000000000018, 0.000000000000000000, 0.000000000000000000 ) ) ;
#3763 =( NAMED_UNIT ( * ) PLANE_ANGLE_UNIT ( ) SI_UNIT ( $, .RADIAN. ) );
#3764 = CARTESIAN_POINT ( 'NONE',  ( 8.479999999999998650, -9.434971204524082111, -4.688296134652783387 ) ) ;
#3765 = CARTESIAN_POINT ( 'NONE',  ( 8.480000000000005755, 8.905734099169466234, 5.609946153529354440 ) ) ;
#3766 = ORIENTED_EDGE ( 'NONE', *, *, #5808, .F. ) ;
#3767 = STYLED_ITEM ( 'NONE', ( #4319 ), #2697 ) ;
#3768 = CARTESIAN_POINT ( 'NONE',  ( 7.779999999999999361, -8.011528302906292254, -11.48224103428668208 ) ) ;
#3769 = FACE_OUTER_BOUND ( 'NONE', #3544, .T. ) ;
#3770 = EDGE_CURVE ( 'NONE', #2203, #1298, #2470, .T. ) ;
#3771 = VERTEX_POINT ( 'NONE', #2652 ) ;
#3772 = CARTESIAN_POINT ( 'NONE',  ( 0.3199999999999990630, -10.52500050000000265, 1.933389941649114962E-15 ) ) ;
#3773 = MECHANICAL_DESIGN_GEOMETRIC_PRESENTATION_REPRESENTATION (  '', ( #3078 ), #514 ) ;
#3774 = EDGE_LOOP ( 'NONE', ( #5749, #4924, #4747, #533, #5122 ) ) ;
#3775 =( LENGTH_UNIT ( ) NAMED_UNIT ( * ) SI_UNIT ( .MILLI., .METRE. ) );
#3776 =( NAMED_UNIT ( * ) PLANE_ANGLE_UNIT ( ) SI_UNIT ( $, .RADIAN. ) );
#3777 = STYLED_ITEM ( 'NONE', ( #5902 ), #3029 ) ;
#3778 = CARTESIAN_POINT ( 'NONE',  ( -0.000000000000000000, 2.753195702542680312, -7.298008715865162976 ) ) ;
#3779 = PRESENTATION_STYLE_ASSIGNMENT (( #1097 ) ) ;
#3780 = CARTESIAN_POINT ( 'NONE',  ( 0.3199999999999918465, 5.683397693583414068, -8.859050204136593720 ) ) ;
#3781 = FILL_AREA_STYLE ('',( #768 ) ) ;
#3782 = ADVANCED_FACE ( 'NONE', ( #2032, #1611 ), #124, .T. ) ;
#3783 = CARTESIAN_POINT ( 'NONE',  ( 8.480000000000002203, 10.52500050000000265, 1.128142568437558817E-14 ) ) ;
#3784 = CARTESIAN_POINT ( 'NONE',  ( 0.000000000000000000, 15.69999999999999929, -4.806706937073255164E-15 ) ) ;
#3785 = MECHANICAL_DESIGN_GEOMETRIC_PRESENTATION_REPRESENTATION (  '', ( #6795 ), #3561 ) ;
#3786 = CARTESIAN_POINT ( 'NONE',  ( 8.680000000000001492, 8.859050204136305950, -5.683397693583698285 ) ) ;
#3787 = COLOUR_RGB ( '',0.5098039215686274161, 0.5098039215686274161, 0.5490196078431373028 ) ;
#3788 = CARTESIAN_POINT ( 'NONE',  ( 8.480000000000002203, 3.595368540866520579, -9.892524181370907499 ) ) ;
#3789 = SURFACE_STYLE_USAGE ( .BOTH. , #1613 ) ;
#3790 = CARTESIAN_POINT ( 'NONE',  ( 0.5200000000000001288, -5.683397693584332444, -8.859050204135899165 ) ) ;
#3791 = CARTESIAN_POINT ( 'NONE',  ( 0.000000000000000000, -1.388240317549242153, 7.675529549962782916 ) ) ;
#3792 = PRESENTATION_LAYER_ASSIGNMENT (  '', '', ( #4467 ) ) ;
#3793 = PRESENTATION_STYLE_ASSIGNMENT (( #5909 ) ) ;
#3794 = CARTESIAN_POINT ( 'NONE',  ( 7.580000000000027605, -2.888894916580853780E-30, -2.724850052366133601E-62 ) ) ;
#3795 = COLOUR_RGB ( '',0.7529411764705882248, 0.7529411764705882248, 0.7529411764705882248 ) ;
#3796 = CARTESIAN_POINT ( 'NONE',  ( 8.480000000000000426, -9.271915096381084354, 5.003040405844514815 ) ) ;
#3797 = ORIENTED_EDGE ( 'NONE', *, *, #2457, .F. ) ;
#3798 = STYLED_ITEM ( 'NONE', ( #4878 ), #1893 ) ;
#3799 = VERTEX_POINT ( 'NONE', #523 ) ;
#3800 = CARTESIAN_POINT ( 'NONE',  ( 7.779999999999998472, -11.75097785206611078, -7.610394298994930473 ) ) ;
#3801 = CARTESIAN_POINT ( 'NONE',  ( 2.342441272541675001, 12.98679842055761746, 4.733656131613827256 ) ) ;
#3802 = VECTOR ( 'NONE', #3364, 1000.000000000000000 ) ;
#3803 = CARTESIAN_POINT ( 'NONE',  ( 0.3199999999999979527, -10.34926456871193068, 1.901108130171890211E-15 ) ) ;
#3804 = PRESENTATION_LAYER_ASSIGNMENT (  '', '', ( #3577 ) ) ;
#3805 = CARTESIAN_POINT ( 'NONE',  ( 8.921312790920131519, 14.51483715649647266, 29.02967431299297019 ) ) ;
#3806 = COLOUR_RGB ( '',0.5098039215686274161, 0.5098039215686274161, 0.5490196078431373028 ) ;
#3807 = ADVANCED_FACE ( 'NONE', ( #4806 ), #1803, .T. ) ;
#3808 = MECHANICAL_DESIGN_GEOMETRIC_PRESENTATION_REPRESENTATION (  '', ( #1787 ), #6381 ) ;
#3809 = CARTESIAN_POINT ( 'NONE',  ( 1.176230886931862729, 14.51483715649648687, -4.443857863096835184E-15 ) ) ;
#3810 = CARTESIAN_POINT ( 'NONE',  ( 0.7099999999999999645, 0.000000000000000000, 0.000000000000000000 ) ) ;
#3811 = CARTESIAN_POINT ( 'NONE',  ( 0.000000000000000000, 7.345414594439328759, -2.636104655504122096 ) ) ;
#3812 = FACE_OUTER_BOUND ( 'NONE', #4634, .T. ) ;
#3813 = CONICAL_SURFACE ( 'NONE', #4050, 13.65000000000000213, 0.7853981633974396193 ) ;
#3814 = PRESENTATION_LAYER_ASSIGNMENT (  '', '', ( #2569 ) ) ;
#3815 = CARTESIAN_POINT ( 'NONE',  ( 8.130000000000000782, 13.65000000000000213, 1.671642880836137494E-15 ) ) ;
#3816 = CARTESIAN_POINT ( 'NONE',  ( 3.557454002911171642, 1.449106535281858621, 9.527463015735314400 ) ) ;
#3817 = MECHANICAL_DESIGN_GEOMETRIC_PRESENTATION_REPRESENTATION (  '', ( #2575 ), #2448 ) ;
#3818 = SURFACE_STYLE_USAGE ( .BOTH. , #4418 ) ;
#3819 = AXIS2_PLACEMENT_3D ( 'NONE', #5960, #1099, #5404 ) ;
#3820 = DIRECTION ( 'NONE',  ( 1.000000000000000000, 0.000000000000000000, 0.000000000000000000 ) ) ;
#3821 = AXIS2_PLACEMENT_3D ( 'NONE', #1189, #4790, #3841 ) ;
#3822 = DIRECTION ( 'NONE',  ( -1.239088197126289584E-16, -1.000000000000000000, 0.000000000000000000 ) ) ;
#3823 = CARTESIAN_POINT ( 'NONE',  ( 8.680000000000001492, 5.833767825330283152, -8.760741545162984423 ) ) ;
#3824 = CARTESIAN_POINT ( 'NONE',  ( 6.679101779290578023, -2.090692757832536941, -13.23558065922600058 ) ) ;
#3825 = CARTESIAN_POINT ( 'NONE',  ( 8.480000000000002203, -3.556992897981359647, -9.911618546507476424 ) ) ;
#3826 = CARTESIAN_POINT ( 'NONE',  ( 0.5200000000000000178, -9.770322806960100692, -3.913847515210639560 ) ) ;
#3827 = DIRECTION ( 'NONE',  ( 1.696550993789004237E-16, 1.000000000000000000, 1.836909530733569339E-16 ) ) ;
#3828 = DIRECTION ( 'NONE',  ( 0.000000000000000000, 6.123031769111889989E-17, 1.000000000000000000 ) ) ;
#3829 = UNCERTAINTY_MEASURE_WITH_UNIT (LENGTH_MEASURE( 1.000000000000000082E-05 ), #1756, 'distance_accuracy_value', 'NONE');
#3830 = DIRECTION ( 'NONE',  ( 1.000000000000000000, 0.000000000000000000, 0.000000000000000000 ) ) ;
#3831 = CARTESIAN_POINT ( 'NONE',  ( 8.480000000000002203, -8.062546764662894105, 6.782617995818042367 ) ) ;
#3832 = COLOUR_RGB ( '',0.5098039215686274161, 0.5098039215686274161, 0.5490196078431373028 ) ;
#3833 = ORIENTED_EDGE ( 'NONE', *, *, #6926, .F. ) ;
#3834 = EDGE_CURVE ( 'NONE', #4558, #4656, #2476, .T. ) ;
#3835 = VERTEX_POINT ( 'NONE', #3998 ) ;
#3836 = CARTESIAN_POINT ( 'NONE',  ( 7.780000000000002025, 13.74519637332291211, -2.659018621143251604 ) ) ;
#3837 = SURFACE_STYLE_FILL_AREA ( #1621 ) ;
#3838 = CARTESIAN_POINT ( 'NONE',  ( 9.000000000000000000, 7.155404796190147465, -3.116061540440414390 ) ) ;
#3839 = COLOUR_RGB ( '',0.5098039215686274161, 0.5098039215686274161, 0.5490196078431373028 ) ;
#3840 = DIRECTION ( 'NONE',  ( 0.000000000000000000, 6.123031769111889989E-17, 1.000000000000000000 ) ) ;
#3841 = DIRECTION ( 'NONE',  ( 1.696550993789004484E-16, 1.000000000000000000, 0.000000000000000000 ) ) ;
#3842 = ORIENTED_EDGE ( 'NONE', *, *, #6354, .F. ) ;
#3843 = CARTESIAN_POINT ( 'NONE',  ( 1.219999999999999973, -13.02791534079430136, 5.125842859928313899 ) ) ;
#3844 = COLOUR_RGB ( '',0.6941176470588235059, 0.7529411764705882248, 0.8392156862745098200 ) ;
#3845 = CARTESIAN_POINT ( 'NONE',  ( 0.5199999999999999067, -5.833767825327909939, 8.760741545164259847 ) ) ;
#3846 = SURFACE_STYLE_FILL_AREA ( #6884 ) ;
#3847 = SURFACE_STYLE_USAGE ( .BOTH. , #2218 ) ;
#3848 = DIRECTION ( 'NONE',  ( -1.000000000000000000, 0.000000000000000000, 0.000000000000000000 ) ) ;
#3849 = PRESENTATION_LAYER_ASSIGNMENT (  '', '', ( #6862 ) ) ;
#3850 = B_SPLINE_CURVE_WITH_KNOTS ( 'NONE', 3,
 ( #1110, #6937, #91, #4841, #491, #2617, #2745, #6896, #618, #55, #4359, #6442, #4294, #5376, #5445, #4258, #6410, #1609, #3216, #548, #26, #3786, #5932, #3262, #5412, #4909, #4879, #2193, #6470, #3823, #5968, #1144, #1710, #3365, #4042, #1777, #6645, #1881, #2895, #5478, #693, #725, #1816, #1214, #4423, #4002, #5516, #5547, #5007, #163, #1320, #1743, #3429, #1843, #3326, #6675, #3464, #651, #2782, #6128, #6165, #4942, #2391, #3887, #3928, #2288, #5580, #129, #5617, #3967, #798, #4492, #6096, #1282, #278, #2853, #765, #2819, #6535, #2930, #4973, #5047, #6027, #2261, #201, #4452, #6571, #245, #6061, #1251, #3396, #2323, #6616, #2363, #4527 ),
 .UNSPECIFIED., .F., .F.,
 ( 4, 1, 1, 1, 1, 2, 2, 1, 1, 1, 2, 2, 1, 1, 2, 2, 2, 1, 1, 2, 2, 1, 1, 1, 2, 2, 1, 1, 1, 1, 2, 2, 2, 2, 1, 1, 1, 2, 2, 1, 1, 1, 2, 2, 1, 1, 2, 2, 2, 1, 1, 2, 2, 1, 1, 1, 2, 2, 1, 1, 1, 1, 2, 2, 4 ),
 ( 0.7500000000000000000, 0.7656249999999996669, 0.7734374999999994449, 0.7773437499999993339, 0.7792968749999993339, 0.7802734374999992228, 0.7812499999999992228, 0.7968749999999987788, 0.8046874999999985567, 0.8085937499999983347, 0.8105468749999983347, 0.8124999999999982236, 0.8281249999999980016, 0.8359374999999978906, 0.8398437499999977796, 0.8437499999999976685, 0.8749999999999968914, 0.8906249999999963363, 0.8984374999999961142, 0.9023437499999960032, 0.9062499999999960032, 0.9218749999999955591, 0.9296874999999953371, 0.9335937499999952260, 0.9355468749999951150, 0.9374999999999951150, 0.9531249999999950040, 0.9609374999999948930, 0.9648437499999948930, 0.9667968749999948930, 0.9677734374999948930, 0.9687499999999948930, 0.9999999999999948930, 1.015624999999995115, 1.023437499999995115, 1.027343749999995115, 1.029296874999995115, 1.030273437499995115, 1.031249999999995115, 1.046874999999995337, 1.054687499999995559, 1.058593749999995559, 1.060546874999995559, 1.062499999999995559, 1.078124999999996003, 1.085937499999996003, 1.089843749999996225, 1.093749999999996225, 1.124999999999996891, 1.140624999999997113, 1.148437499999997335, 1.152343749999997335, 1.156249999999997335, 1.171874999999997780, 1.179687499999997780, 1.183593749999997780, 1.185546874999997780, 1.187499999999997780, 1.203124999999998224, 1.210937499999998446, 1.214843749999998446, 1.216796874999998668, 1.217773437499998668, 1.218749999999998668, 1.250000000000000000 ),
 .UNSPECIFIED. ) ;
#3851 =( NAMED_UNIT ( * ) SI_UNIT ( $, .STERADIAN. ) SOLID_ANGLE_UNIT ( ) );
#3852 = CARTESIAN_POINT ( 'NONE',  ( 1.075025253169417327, 14.34999999999998899, -28.69999999999999929 ) ) ;
#3853 = ORIENTED_EDGE ( 'NONE', *, *, #4959, .F. ) ;
#3854 = SURFACE_SIDE_STYLE ('',( #5865 ) ) ;
#3855 = EDGE_CURVE ( 'NONE', #2442, #213, #2144, .T. ) ;
#3856 =( NAMED_UNIT ( * ) SI_UNIT ( $, .STERADIAN. ) SOLID_ANGLE_UNIT ( ) );
#3857 = CARTESIAN_POINT ( 'NONE',  ( 8.480000000000003979, 9.753023726624231671, -3.956780790857616470 ) ) ;
#3858 = CARTESIAN_POINT ( 'NONE',  ( 9.000000000000000000, 1.213718188943617271, 7.705400801249657761 ) ) ;
#3859 = CARTESIAN_POINT ( 'NONE',  ( 0.000000000000000000, -7.664352065038321449, 1.448642694114086193 ) ) ;
#3860 =( NAMED_UNIT ( * ) PLANE_ANGLE_UNIT ( ) SI_UNIT ( $, .RADIAN. ) );
#3861 = FILL_AREA_STYLE ('',( #1152 ) ) ;
#3862 = DIRECTION ( 'NONE',  ( 0.000000000000000000, 0.000000000000000000, 1.000000000000000000 ) ) ;
#3863 = CARTESIAN_POINT ( 'NONE',  ( 8.480000000000002203, -10.22663357711916809, 2.498755345900573133 ) ) ;
#3864 = EDGE_LOOP ( 'NONE', ( #4855, #2048, #4275, #596, #258 ) ) ;
#3865 = CARTESIAN_POINT ( 'NONE',  ( 4.500000000000000888, -11.09683062870709946, 4.038916043542900347 ) ) ;
#3866 = CARTESIAN_POINT ( 'NONE',  ( -0.06738468756216745015, -13.73712324117466466, 2.556736909941081135E-15 ) ) ;
#3867 = ADVANCED_FACE ( 'NONE', ( #5074 ), #6861, .T. ) ;
#3868 = FILL_AREA_STYLE_COLOUR ( '', #3246 ) ;
#3869 = CARTESIAN_POINT ( 'NONE',  ( 7.780000000000003801, 14.00000000000000000, 3.887921885478709918E-15 ) ) ;
#3870 = VERTEX_POINT ( 'NONE', #6090 ) ;
#3871 = CARTESIAN_POINT ( 'NONE',  ( 1.219999999999999973, 2.993771136302258995, 13.68370583821888609 ) ) ;
#3872 = CARTESIAN_POINT ( 'NONE',  ( 0.5200000000000001288, -2.498755345894015711, 10.22663357712125887 ) ) ;
#3873 = CARTESIAN_POINT ( 'NONE',  ( 6.328534255899996630, 10.22500050000000194, -3.130482855727867972E-15 ) ) ;
#3874 = CARTESIAN_POINT ( 'NONE',  ( 8.130000000000000782, -13.96363636363640026, -4.275045929724646386E-15 ) ) ;
#3875 = PRESENTATION_STYLE_ASSIGNMENT (( #748 ) ) ;
#3876 = SURFACE_SIDE_STYLE ('',( #79 ) ) ;
#3877 = FACE_OUTER_BOUND ( 'NONE', #595, .T. ) ;
#3878 =( NAMED_UNIT ( * ) PLANE_ANGLE_UNIT ( ) SI_UNIT ( $, .RADIAN. ) );
#3879 =( GEOMETRIC_REPRESENTATION_CONTEXT ( 3 ) GLOBAL_UNCERTAINTY_ASSIGNED_CONTEXT ( ( #1999 ) ) GLOBAL_UNIT_ASSIGNED_CONTEXT ( ( #4711, #4323, #5970 ) ) REPRESENTATION_CONTEXT ( 'NONE', 'WORKASPACE' ) );
#3880 = CYLINDRICAL_SURFACE ( 'NONE', #6113, 10.42500049999999945 ) ;
#3881 = CARTESIAN_POINT ( 'NONE',  ( 1.219999999999999751, 10.58263369001381449, -9.216303630481593956 ) ) ;
#3882 = EDGE_LOOP ( 'NONE', ( #3637, #669 ) ) ;
#3883 = CARTESIAN_POINT ( 'NONE',  ( 7.780000000000003801, 14.20502525316942233, -28.41005050633881623 ) ) ;
#3884 = CARTESIAN_POINT ( 'NONE',  ( 8.680000000000008598, -6.281383935465509438, 8.448620297009183489 ) ) ;
#3885 =( LENGTH_UNIT ( ) NAMED_UNIT ( * ) SI_UNIT ( .MILLI., .METRE. ) );
#3886 = DIRECTION ( 'NONE',  ( 0.000000000000000000, 0.000000000000000000, 1.000000000000000000 ) ) ;
#3887 = CARTESIAN_POINT ( 'NONE',  ( 8.679999999999999716, -4.204740368894524849, -9.655181985510942866 ) ) ;
#3888 = STYLED_ITEM ( 'NONE', ( #6521 ), #2227 ) ;
#3889 = EDGE_CURVE ( 'NONE', #2054, #3756, #252, .T. ) ;
#3890 = CARTESIAN_POINT ( 'NONE',  ( 9.000000000000003553, 5.975042505105558455, 5.026611161207138245 ) ) ;
#3891 = CARTESIAN_POINT ( 'NONE',  ( 7.780000000000001137, 11.78234726370679297, 7.561731025759375946 ) ) ;
#3892 = UNCERTAINTY_MEASURE_WITH_UNIT (LENGTH_MEASURE( 1.000000000000000082E-05 ), #719, 'distance_accuracy_value', 'NONE');
#3893 = CARTESIAN_POINT ( 'NONE',  ( 8.179999999999999716, -7.347638122934260345E-17, 0.000000000000000000 ) ) ;
#3894 = FILL_AREA_STYLE ('',( #1748 ) ) ;
#3895 = CIRCLE ( 'NONE', #974, 0.3499999999999996447 ) ;
#3896 = COLOUR_RGB ( '',0.2235294117647058654, 0.4901960784313725283, 0.6901960784313725394 ) ;
#3897 = ORIENTED_EDGE ( 'NONE', *, *, #1177, .F. ) ;
#3898 = CIRCLE ( 'NONE', #5132, 2.380999999999999783 ) ;
#3899 = EDGE_LOOP ( 'NONE', ( #317, #2905, #1207, #6892, #5936, #6530 ) ) ;
#3900 = CIRCLE ( 'NONE', #94, 13.43000050000000023 ) ;
#3901 = FACE_OUTER_BOUND ( 'NONE', #2358, .T. ) ;
#3902 = STYLED_ITEM ( 'NONE', ( #1575 ), #228 ) ;
#3903 = CARTESIAN_POINT ( 'NONE',  ( 1.419999999999999929, 0.000000000000000000, 0.000000000000000000 ) ) ;
#3904 = EDGE_LOOP ( 'NONE', ( #4158, #1330 ) ) ;
#3905 = CARTESIAN_POINT ( 'NONE',  ( 9.000000000000001776, 7.705400801249657761, -1.213718188943804455 ) ) ;
#3906 = CARTESIAN_POINT ( 'NONE',  ( 8.380000000000002558, 10.22500050000000371, 1.095986487254354362E-14 ) ) ;
#3907 = EDGE_LOOP ( 'NONE', ( #3310, #1658 ) ) ;
#3908 = CARTESIAN_POINT ( 'NONE',  ( 1.219999999999999973, -13.88552962908089050, 1.809271213479787033 ) ) ;
#3909 = STYLED_ITEM ( 'NONE', ( #4668 ), #1847 ) ;
#3910 = CARTESIAN_POINT ( 'NONE',  ( 0.5200000000000001288, -6.782617995822701751, 8.062546764658236498 ) ) ;
#3911 = EDGE_CURVE ( 'NONE', #1010, #1757, #4189, .T. ) ;
#3912 = COLOUR_RGB ( '',0.7529411764705882248, 0.7529411764705882248, 0.7529411764705882248 ) ;
#3913 = PRESENTATION_STYLE_ASSIGNMENT (( #2840 ) ) ;
#3914 = CARTESIAN_POINT ( 'NONE',  ( 8.679999999999999716, -10.34926456871192890, -3.168485644995237187E-15 ) ) ;
#3915 = MECHANICAL_DESIGN_GEOMETRIC_PRESENTATION_REPRESENTATION (  '', ( #2432 ), #4037 ) ;
#3916 = CYLINDRICAL_SURFACE ( 'NONE', #3580, 10.22500050000000194 ) ;
#3917 = DIRECTION ( 'NONE',  ( 2.249491082733215739E-32, 1.836909530733570078E-16, -1.000000000000000000 ) ) ;
#3918 = AXIS2_PLACEMENT_3D ( 'NONE', #1383, #1879, #5194 ) ;
#3919 = EDGE_CURVE ( 'NONE', #1226, #6394, #6186, .T. ) ;
#3920 = AXIS2_PLACEMENT_3D ( 'NONE', #4824, #4374, #11 ) ;
#3921 = CARTESIAN_POINT ( 'NONE',  ( 8.875735931288065927, 15.99999999999998401, -31.99999999999999289 ) ) ;
#3922 = CARTESIAN_POINT ( 'NONE',  ( 1.219999999999999973, 11.93989026315618496, -7.311929425998742182 ) ) ;
#3923 = CARTESIAN_POINT ( 'NONE',  ( 8.680000000000008598, -9.136145673651901333, 5.230990780495706538 ) ) ;
#3924 = COLOUR_RGB ( '',0.5098039215686274161, 0.5098039215686274161, 0.5490196078431373028 ) ;
#3925 = COLOUR_RGB ( '',0.6941176470588235059, 0.7529411764705882248, 0.8392156862745098200 ) ;
#3926 = FILL_AREA_STYLE_COLOUR ( '', #3127 ) ;
#3927 = FACE_OUTER_BOUND ( 'NONE', #3882, .T. ) ;
#3928 = CARTESIAN_POINT ( 'NONE',  ( 8.680000000000003268, -4.688296134650547842, -9.434971204524204680 ) ) ;
#3929 = AXIS2_PLACEMENT_3D ( 'NONE', #1558, #3206, #3742 ) ;
#3930 = CIRCLE ( 'NONE', #225, 0.2999999999999981570 ) ;
#3931 =( NAMED_UNIT ( * ) SI_UNIT ( $, .STERADIAN. ) SOLID_ANGLE_UNIT ( ) );
#3932 = CARTESIAN_POINT ( 'NONE',  ( 9.000000000000003553, 7.164808649477463653, 3.084364822997702316 ) ) ;
#3933 = CARTESIAN_POINT ( 'NONE',  ( 0.000000000000000000, -7.799999999999999822, 1.583772228651234900E-15 ) ) ;
#3934 = CIRCLE ( 'NONE', #346, 0.09999999999999939493 ) ;
#3935 = CARTESIAN_POINT ( 'NONE',  ( 4.611051947974984522, 8.714362875459793045, -2.278114490517728186 ) ) ;
#3936 = CARTESIAN_POINT ( 'NONE',  ( 8.999999999999994671, 15.70000000000000462, 31.39999999999999147 ) ) ;
#3937 = ADVANCED_FACE ( 'NONE', ( #5264 ), #6149, .T. ) ;
#3938 = LINE ( 'NONE', #5945, #1903 ) ;
#3939 = EDGE_LOOP ( 'NONE', ( #3202, #6012, #6272, #4775 ) ) ;
#3940 = ORIENTED_EDGE ( 'NONE', *, *, #1224, .F. ) ;
#3941 = CARTESIAN_POINT ( 'NONE',  ( 7.780000000000002025, 13.76140690439553005, -2.573784607790651879 ) ) ;
#3942 = CARTESIAN_POINT ( 'NONE',  ( 9.000000000000003553, 6.992223862019862679, -3.474390812561459096 ) ) ;
#3943 = ORIENTED_EDGE ( 'NONE', *, *, #5157, .T. ) ;
#3944 = CIRCLE ( 'NONE', #5180, 10.22500050000000016 ) ;
#3945 = EDGE_CURVE ( 'NONE', #2212, #6514, #4735, .T. ) ;
#3946 = CARTESIAN_POINT ( 'NONE',  ( 1.219999999999999751, -7.710415131017897217, 11.68558643017441057 ) ) ;
#3947 = CARTESIAN_POINT ( 'NONE',  ( 0.5200000000000000178, -9.847626207425024703, 3.715076583181229797 ) ) ;
#3948 = MECHANICAL_DESIGN_GEOMETRIC_PRESENTATION_REPRESENTATION (  '', ( #694 ), #921 ) ;
#3949 = CARTESIAN_POINT ( 'NONE',  ( 3.354923136367208070, 7.305243633907715584, -8.742618444552912038 ) ) ;
#3950 =( LENGTH_UNIT ( ) NAMED_UNIT ( * ) SI_UNIT ( .MILLI., .METRE. ) );
#3951 = DIRECTION ( 'NONE',  ( 0.000000000000000000, 0.000000000000000000, 1.000000000000000000 ) ) ;
#3952 = DIRECTION ( 'NONE',  ( -0.7071067811865536790, -0.7071067811865412445, 1.142037096102235698E-32 ) ) ;
#3953 = CARTESIAN_POINT ( 'NONE',  ( 8.479999999999998650, -10.17027191870312741, -2.747115858733037985 ) ) ;
#3954 = AXIS2_PLACEMENT_3D ( 'NONE', #1197, #149, #5501 ) ;
#3955 = CARTESIAN_POINT ( 'NONE',  ( 8.830000000000001847, -13.65000000000000924, 27.29999999999999361 ) ) ;
#3956 =( LENGTH_UNIT ( ) NAMED_UNIT ( * ) SI_UNIT ( .MILLI., .METRE. ) );
#3957 = PRESENTATION_STYLE_ASSIGNMENT (( #2355 ) ) ;
#3958 = CARTESIAN_POINT ( 'NONE',  ( 1.220000000000000195, 5.208287949178361131, -12.99517521805094766 ) ) ;
#3959 = EDGE_LOOP ( 'NONE', ( #5526, #4371, #969, #2016, #1314, #4919 ) ) ;
#3960 = CARTESIAN_POINT ( 'NONE',  ( 3.354923136367209402, 0.3096358389863421712, -12.78153448809575643 ) ) ;
#3961 = PRESENTATION_LAYER_ASSIGNMENT (  '', '', ( #2743 ) ) ;
#3962 = CARTESIAN_POINT ( 'NONE',  ( 8.680000000000006821, 4.204740368901893177, 9.655181985507523379 ) ) ;
#3963 = UNCERTAINTY_MEASURE_WITH_UNIT (LENGTH_MEASURE( 1.000000000000000082E-05 ), #5220, 'distance_accuracy_value', 'NONE');
#3964 = FILL_AREA_STYLE_COLOUR ( '', #6151 ) ;
#3965 = SURFACE_STYLE_FILL_AREA ( #2894 ) ;
#3966 = EDGE_CURVE ( 'NONE', #5104, #6243, #130, .T. ) ;
#3967 = CARTESIAN_POINT ( 'NONE',  ( 8.680000000000006821, -6.367264803182078658, -8.412001933577661461 ) ) ;
#3968 =( BOUNDED_SURFACE ( )  B_SPLINE_SURFACE ( 3, 3, ( 
 ( #5864, #122, #51, #3213 ),
 ( #2188, #3291, #5442, #5994 ),
 ( #612, #3322, #1038, #85 ),
 ( #5340, #2740, #1104, #5370 ) ),
 .UNSPECIFIED., .F., .F., .T. ) 
 B_SPLINE_SURFACE_WITH_KNOTS ( ( 4, 4 ),
 ( 4, 4 ),
 ( 0.000000000000000000, 1.000000000000000000 ),
 ( 0.000000000000000000, 1.000000000000000000 ),
 .UNSPECIFIED. ) 
 GEOMETRIC_REPRESENTATION_ITEM ( )  RATIONAL_B_SPLINE_SURFACE ( (
 ( 1.000000000000000000, 0.3333333333333334259, 0.3333333333333334259, 1.000000000000000000),
 ( 0.8047378541243609407, 0.2682459513747870727, 0.2682459513747870727, 0.8047378541243609407),
 ( 0.8047378541243609407, 0.2682459513747870727, 0.2682459513747870727, 0.8047378541243609407),
 ( 1.000000000000000000, 0.3333333333333334259, 0.3333333333333334259, 1.000000000000000000) ) ) 
 REPRESENTATION_ITEM ( '' )  SURFACE ( )  );
#3969 = DIRECTION ( 'NONE',  ( 0.4809226642724865330, 0.7311951188183606343, 0.4838048048596216844 ) ) ;
#3970 = FACE_OUTER_BOUND ( 'NONE', #6452, .T. ) ;
#3971 = CARTESIAN_POINT ( 'NONE',  ( 8.999999999999998224, 7.227888670044581687, 2.932350761662413596 ) ) ;
#3972 = DIRECTION ( 'NONE',  ( -0.8494487772132455206, 0.5252426102889917736, 0.05056654257241937483 ) ) ;
#3973 = UNCERTAINTY_MEASURE_WITH_UNIT (LENGTH_MEASURE( 1.000000000000000082E-05 ), #114, 'distance_accuracy_value', 'NONE');
#3974 = CARTESIAN_POINT ( 'NONE',  ( 8.921312790920127966, -14.51483715649647621, -29.02967431299297019 ) ) ;
#3975 = FILL_AREA_STYLE_COLOUR ( '', #5723 ) ;
#3976 = ORIENTED_EDGE ( 'NONE', *, *, #1554, .T. ) ;
#3977 = EDGE_LOOP ( 'NONE', ( #6870, #1943, #4513, #938, #2245 ) ) ;
#3978 = CARTESIAN_POINT ( 'NONE',  ( 0.2999999999999998224, 0.000000000000000000, 0.000000000000000000 ) ) ;
#3979 = CARTESIAN_POINT ( 'NONE',  ( 9.000000000000003553, 4.323352065298696090, -6.492525959495947241 ) ) ;
#3980 = ORIENTED_EDGE ( 'NONE', *, *, #4033, .T. ) ;
#3981 = CARTESIAN_POINT ( 'NONE',  ( 0.3199999999999950662, 10.52501671024030472, 0.3217038428274238693 ) ) ;
#3982 = CARTESIAN_POINT ( 'NONE',  ( 0.3199999999999970091, -10.52500050000000265, 1.834056708812961423E-15 ) ) ;
#3983 = CARTESIAN_POINT ( 'NONE',  ( 1.219999999999999973, -11.18928603697677460, 8.469612521751024303 ) ) ;
#3984 = CARTESIAN_POINT ( 'NONE',  ( 0.5200000000000000178, 1.836029079851997148, 10.36363829520411350 ) ) ;
#3985 = SURFACE_SIDE_STYLE ('',( #2249 ) ) ;
#3986 = EDGE_CURVE ( 'NONE', #1361, #6144, #1026, .T. ) ;
#3987 = DIRECTION ( 'NONE',  ( 0.000000000000000000, 1.000000000000000000, -6.123031769111889989E-17 ) ) ;
#3988 = SURFACE_SIDE_STYLE ('',( #4512 ) ) ;
#3989 = FACE_OUTER_BOUND ( 'NONE', #3939, .T. ) ;
#3990 = CARTESIAN_POINT ( 'NONE',  ( -1.411048374888346890, -2.280612516147277002, -6.566006525006104155 ) ) ;
#3991 =( LENGTH_UNIT ( ) NAMED_UNIT ( * ) SI_UNIT ( .MILLI., .METRE. ) );
#3992 = STYLED_ITEM ( 'NONE', ( #5441 ), #2676 ) ;
#3993 = VERTEX_POINT ( 'NONE', #5817 ) ;
#3994 = FILL_AREA_STYLE ('',( #1737 ) ) ;
#3995 = CARTESIAN_POINT ( 'NONE',  ( 8.999999999999996447, 15.87573593128806948, -4.860510193125191332E-15 ) ) ;
#3996 = CARTESIAN_POINT ( 'NONE',  ( 1.219999999999999973, -4.409013662127249766, -13.29108802668475064 ) ) ;
#3997 = STYLED_ITEM ( 'NONE', ( #4865 ), #2871 ) ;
#3998 = CARTESIAN_POINT ( 'NONE',  ( 0.2999999999999998224, 9.184850993605147944E-16, -7.500000000000000000 ) ) ;
#3999 = CARTESIAN_POINT ( 'NONE',  ( 8.680000000000006821, -5.461843338601903852, 9.003924689715521623 ) ) ;
#4000 = SURFACE_STYLE_FILL_AREA ( #4450 ) ;
#4001 = CARTESIAN_POINT ( 'NONE',  ( 5.645076863632790598, -9.355855050800583328, 5.190855283913659690 ) ) ;
#4002 = CARTESIAN_POINT ( 'NONE',  ( 8.680000000000001492, 1.281975151854028550, -10.46649502388677178 ) ) ;
#4003 = VECTOR ( 'NONE', #584, 1000.000000000000000 ) ;
#4004 = CARTESIAN_POINT ( 'NONE',  ( 8.999999999999998224, 15.69999999999999929, -2.215381469852090405E-15 ) ) ;
#4005 = SURFACE_SIDE_STYLE ('',( #304 ) ) ;
#4006 = ADVANCED_FACE ( 'NONE', ( #3563, #377 ), #3142, .T. ) ;
#4007 = CARTESIAN_POINT ( 'NONE',  ( 0.8700000000000008837, -14.34999999999999609, 28.69999999999999574 ) ) ;
#4008 =( GEOMETRIC_REPRESENTATION_CONTEXT ( 3 ) GLOBAL_UNCERTAINTY_ASSIGNED_CONTEXT ( ( #3125 ) ) GLOBAL_UNIT_ASSIGNED_CONTEXT ( ( #3535, #4703, #937 ) ) REPRESENTATION_CONTEXT ( 'NONE', 'WORKASPACE' ) );
#4009 =( NAMED_UNIT ( * ) SI_UNIT ( $, .STERADIAN. ) SOLID_ANGLE_UNIT ( ) );
#4010 =( BOUNDED_SURFACE ( )  B_SPLINE_SURFACE ( 3, 3, ( 
 ( #6122, #2811, #1770, #4999 ),
 ( #1810, #5540, #5608, #3995 ),
 ( #1311, #5070, #3921, #3321 ),
 ( #2776, #272, #2383, #4035 ) ),
 .UNSPECIFIED., .F., .F., .F. ) 
 B_SPLINE_SURFACE_WITH_KNOTS ( ( 4, 4 ),
 ( 4, 4 ),
 ( 0.000000000000000000, 1.000000000000000000 ),
 ( 0.000000000000000000, 1.000000000000000000 ),
 .UNSPECIFIED. ) 
 GEOMETRIC_REPRESENTATION_ITEM ( )  RATIONAL_B_SPLINE_SURFACE ( (
 ( 1.000000000000000000, 0.3333333333333334259, 0.3333333333333334259, 1.000000000000000000),
 ( 0.8047378541243649375, 0.2682459513747884050, 0.2682459513747884050, 0.8047378541243649375),
 ( 0.8047378541243649375, 0.2682459513747884050, 0.2682459513747884050, 0.8047378541243649375),
 ( 1.000000000000000000, 0.3333333333333334259, 0.3333333333333334259, 1.000000000000000000) ) ) 
 REPRESENTATION_ITEM ( '' )  SURFACE ( )  );
#4011 = CARTESIAN_POINT ( 'NONE',  ( 8.999999999999998224, -15.69999999999999929, 3.176729207182762738E-15 ) ) ;
#4012 = CARTESIAN_POINT ( 'NONE',  ( 8.699999999999999289, 15.69999999999999929, -9.613159877505666210E-16 ) ) ;
#4013 = EDGE_LOOP ( 'NONE', ( #3171, #2906, #6730, #5651, #3853 ) ) ;
#4014 = ORIENTED_EDGE ( 'NONE', *, *, #4859, .T. ) ;
#4015 =( NAMED_UNIT ( * ) SI_UNIT ( $, .STERADIAN. ) SOLID_ANGLE_UNIT ( ) );
#4016 = CARTESIAN_POINT ( 'NONE',  ( 0.6199999999999998845, 0.000000000000000000, 0.000000000000000000 ) ) ;
#4017 = CARTESIAN_POINT ( 'NONE',  ( 9.000000000000003553, -0.2383666322942936122, -7.800016207250748401 ) ) ;
#4018 = VERTEX_POINT ( 'NONE', #6923 ) ;
#4019 = COLOUR_RGB ( '',0.5098039215686274161, 0.5098039215686274161, 0.5490196078431373028 ) ;
#4020 = CARTESIAN_POINT ( 'NONE',  ( 0.3199999999999961764, 9.802377377084386723, 3.832879081347428496 ) ) ;
#4021 = SURFACE_STYLE_USAGE ( .BOTH. , #4434 ) ;
#4022 = AXIS2_PLACEMENT_3D ( 'NONE', #5759, #1358, #5684 ) ;
#4023 = CARTESIAN_POINT ( 'NONE',  ( 1.219999999999999973, 9.216303630479993458, 10.58263369001386067 ) ) ;
#4024 = CIRCLE ( 'NONE', #4140, 2.380999999999999339 ) ;
#4025 =( GEOMETRIC_REPRESENTATION_CONTEXT ( 3 ) GLOBAL_UNCERTAINTY_ASSIGNED_CONTEXT ( ( #2966 ) ) GLOBAL_UNIT_ASSIGNED_CONTEXT ( ( #3132, #6358, #4860 ) ) REPRESENTATION_CONTEXT ( 'NONE', 'WORKASPACE' ) );
#4026 = SURFACE_SIDE_STYLE ('',( #1763 ) ) ;
#4027 = FILL_AREA_STYLE_COLOUR ( '', #6799 ) ;
#4028 = CARTESIAN_POINT ( 'NONE',  ( 4.500000000000000888, 0.000000000000000000, 16.00000000000000000 ) ) ;
#4029 = MECHANICAL_DESIGN_GEOMETRIC_PRESENTATION_REPRESENTATION (  '', ( #84 ), #5927 ) ;
#4030 = CARTESIAN_POINT ( 'NONE',  ( 9.000000000000001776, 1.781861092759399088E-15, -14.55000000000000071 ) ) ;
#4031 = AXIS2_PLACEMENT_3D ( 'NONE', #6807, #1512, #2492 ) ;
#4032 = ORIENTED_EDGE ( 'NONE', *, *, #800, .T. ) ;
#4033 = EDGE_CURVE ( 'NONE', #1792, #235, #6305, .T. ) ;
#4034 = CARTESIAN_POINT ( 'NONE',  ( 7.580000000000027605, -2.888894916580853780E-30, -1.649031527338715357E-62 ) ) ;
#4035 = CARTESIAN_POINT ( 'NONE',  ( 8.699999999999999289, 15.99999999999999645, -4.898554840329431281E-15 ) ) ;
#4036 = CARTESIAN_POINT ( 'NONE',  ( 1.219999999999999751, 11.18928603697676749, -8.469612521751026080 ) ) ;
#4037 =( GEOMETRIC_REPRESENTATION_CONTEXT ( 3 ) GLOBAL_UNCERTAINTY_ASSIGNED_CONTEXT ( ( #3270 ) ) GLOBAL_UNIT_ASSIGNED_CONTEXT ( ( #532, #6454, #4274 ) ) REPRESENTATION_CONTEXT ( 'NONE', 'WORKASPACE' ) );
#4038 = CARTESIAN_POINT ( 'NONE',  ( 14.76925193346953868, 0.8620082886679785172, -15.11987723210762269 ) ) ;
#4039 = CARTESIAN_POINT ( 'NONE',  ( 8.680000000000006821, 6.367264803180225030, 8.412001933576000567 ) ) ;
#4040 = PRESENTATION_LAYER_ASSIGNMENT (  '', '', ( #4588 ) ) ;
#4041 = FILL_AREA_STYLE_COLOUR ( '', #5829 ) ;
#4042 = CARTESIAN_POINT ( 'NONE',  ( 8.679999999999999716, 4.038974156131441617, -9.719280451960754519 ) ) ;
#4043 = VECTOR ( 'NONE', #6914, 1000.000000000000114 ) ;
#4044 = AXIS2_PLACEMENT_3D ( 'NONE', #6604, #6527, #718 ) ;
#4045 = SURFACE_STYLE_FILL_AREA ( #164 ) ;
#4046 = STYLED_ITEM ( 'NONE', ( #6702 ), #5359 ) ;
#4047 = FACE_OUTER_BOUND ( 'NONE', #2297, .T. ) ;
#4048 = DIRECTION ( 'NONE',  ( 0.4809226642724866441, 0.7311951188183606343, 0.4838048048596214068 ) ) ;
#4049 = UNCERTAINTY_MEASURE_WITH_UNIT (LENGTH_MEASURE( 1.000000000000000082E-05 ), #6518, 'distance_accuracy_value', 'NONE');
#4050 = AXIS2_PLACEMENT_3D ( 'NONE', #2447, #1079, #562 ) ;
#4051 =( NAMED_UNIT ( * ) PLANE_ANGLE_UNIT ( ) SI_UNIT ( $, .RADIAN. ) );
#4052 =( GEOMETRIC_REPRESENTATION_CONTEXT ( 3 ) GLOBAL_UNCERTAINTY_ASSIGNED_CONTEXT ( ( #2073 ) ) GLOBAL_UNIT_ASSIGNED_CONTEXT ( ( #626, #3763, #5911 ) ) REPRESENTATION_CONTEXT ( 'NONE', 'WORKASPACE' ) );
#4053 = VERTEX_POINT ( 'NONE', #1627 ) ;
#4054 = ORIENTED_EDGE ( 'NONE', *, *, #825, .T. ) ;
#4055 = MECHANICAL_DESIGN_GEOMETRIC_PRESENTATION_REPRESENTATION (  '', ( #5845 ), #2576 ) ;
#4056 = DIRECTION ( 'NONE',  ( -1.000000000000000000, -0.000000000000000000, -0.000000000000000000 ) ) ;
#4057 = CARTESIAN_POINT ( 'NONE',  ( 9.000000000000003553, -1.667883738935482141, -7.623800463142210937 ) ) ;
#4058 = EDGE_LOOP ( 'NONE', ( #2620, #3120 ) ) ;
#4059 = CARTESIAN_POINT ( 'NONE',  ( 0.3199999999999985634, -1.121337353843152806, 10.46638149426621389 ) ) ;
#4060 = CARTESIAN_POINT ( 'NONE',  ( 8.999999999999996447, 15.70000000000000107, 31.39999999999998792 ) ) ;
#4061 = ADVANCED_FACE ( 'NONE', ( #572 ), #1664, .F. ) ;
#4062 = CARTESIAN_POINT ( 'NONE',  ( 1.220000000000000417, 8.469612521748011602, 11.18928603697823299 ) ) ;
#4063 = FILL_AREA_STYLE_COLOUR ( '', #6191 ) ;
#4064 = CARTESIAN_POINT ( 'NONE',  ( 0.6199999999999998845, 0.000000000000000000, 0.000000000000000000 ) ) ;
#4065 = CARTESIAN_POINT ( 'NONE',  ( 0.2999999999999999334, 0.000000000000000000, 16.00000000000000000 ) ) ;
#4066 = FACE_OUTER_BOUND ( 'NONE', #3739, .T. ) ;
#4067 = CARTESIAN_POINT ( 'NONE',  ( 0.3199999999999869615, 0.000000000000000000, 0.000000000000000000 ) ) ;
#4068 = SURFACE_STYLE_USAGE ( .BOTH. , #5260 ) ;
#4069 = CIRCLE ( 'NONE', #3494, 14.00000000000004619 ) ;
#4070 = DIRECTION ( 'NONE',  ( 0.000000000000000000, 0.000000000000000000, 1.000000000000000000 ) ) ;
#4071 = DIRECTION ( 'NONE',  ( 0.000000000000000000, 0.000000000000000000, 1.000000000000000000 ) ) ;
#4072 = ORIENTED_EDGE ( 'NONE', *, *, #1418, .F. ) ;
#4073 = CARTESIAN_POINT ( 'NONE',  ( 8.680000000000005045, 10.22663357712116472, 2.498755345891084279 ) ) ;
#4074 = CARTESIAN_POINT ( 'NONE',  ( 7.780000000000002913, 12.55003330688351859, 6.236303330809480627 ) ) ;
#4075 = AXIS2_PLACEMENT_3D ( 'NONE', #6855, #2049, #900 ) ;
#4076 = CARTESIAN_POINT ( 'NONE',  ( 0.1700000000000049805, -13.65000000000000391, 2.528867328511802955E-15 ) ) ;
#4077 = DIRECTION ( 'NONE',  ( 1.000000000000000000, 0.000000000000000000, 0.000000000000000000 ) ) ;
#4078 = CARTESIAN_POINT ( 'NONE',  ( 0.3199999999999944000, -10.37411989834016701, -1.776543663425862896 ) ) ;
#4079 = SURFACE_STYLE_FILL_AREA ( #3430 ) ;
#4080 = LINE ( 'NONE', #5646, #2999 ) ;
#4081 = CARTESIAN_POINT ( 'NONE',  ( 3.557454002911171642, 11.20749561838898778, -2.102132231989687572 ) ) ;
#4082 = ADVANCED_FACE ( 'NONE', ( #1029 ), #821, .T. ) ;
#4083 =( NAMED_UNIT ( * ) PLANE_ANGLE_UNIT ( ) SI_UNIT ( $, .RADIAN. ) );
#4084 = ORIENTED_EDGE ( 'NONE', *, *, #1598, .T. ) ;
#4085 = ORIENTED_EDGE ( 'NONE', *, *, #782, .F. ) ;
#4086 = PLANE ( 'NONE',  #5530 ) ;
#4087 = CARTESIAN_POINT ( 'NONE',  ( 0.5200000000000000178, -1.894194247332423808, -10.35316839353886564 ) ) ;
#4088 = CARTESIAN_POINT ( 'NONE',  ( 9.000000000000003553, -6.454174252069109663, -4.380430825270631878 ) ) ;
#4089 =( NAMED_UNIT ( * ) PLANE_ANGLE_UNIT ( ) SI_UNIT ( $, .RADIAN. ) );
#4090 = CARTESIAN_POINT ( 'NONE',  ( 0.3199999999999979527, -5.683397693583887467, 8.859050204136124762 ) ) ;
#4091 = DIRECTION ( 'NONE',  ( -1.000000000000000000, -0.000000000000000000, -0.000000000000000000 ) ) ;
#4092 = DIRECTION ( 'NONE',  ( 0.000000000000000000, 1.000000000000000000, -6.123031769111889989E-17 ) ) ;
#4093 = DIRECTION ( 'NONE',  ( 0.000000000000000000, 1.000000000000000000, -6.123031769111889989E-17 ) ) ;
#4094 = EDGE_CURVE ( 'NONE', #3306, #43, #1483, .T. ) ;
#4095 = CARTESIAN_POINT ( 'NONE',  ( 7.780000000000002025, -14.00000000000000711, 27.99999999999998934 ) ) ;
#4096 = LINE ( 'NONE', #6740, #5392 ) ;
#4097 = CARTESIAN_POINT ( 'NONE',  ( 4.500000000000000888, -14.13100000000000023, 2.618375423078985443E-15 ) ) ;
#4098 = CARTESIAN_POINT ( 'NONE',  ( 8.479999999999996874, -9.847626207424790223, -3.715076583182484349 ) ) ;
#4099 =( NAMED_UNIT ( * ) PLANE_ANGLE_UNIT ( ) SI_UNIT ( $, .RADIAN. ) );
#4100 = CARTESIAN_POINT ( 'NONE',  ( 3.354923136367206737, -12.83780620661362093, -5.190855283913660578 ) ) ;
#4101 =( NAMED_UNIT ( * ) PLANE_ANGLE_UNIT ( ) SI_UNIT ( $, .RADIAN. ) );
#4102 = ORIENTED_EDGE ( 'NONE', *, *, #4538, .T. ) ;
#4103 = CARTESIAN_POINT ( 'NONE',  ( -0.06738468756216745015, -13.73712324117466466, 2.523440820898904723E-15 ) ) ;
#4104 = CARTESIAN_POINT ( 'NONE',  ( 8.680000000000005045, 9.003924689717168306, 5.461843338598491471 ) ) ;
#4105 = CARTESIAN_POINT ( 'NONE',  ( 7.779999999999998472, -0.4279778652970581132, 14.00001621236401128 ) ) ;
#4106 = CARTESIAN_POINT ( 'NONE',  ( 3.354923136367212066, -12.83780620661361560, 2.886976803172140560 ) ) ;
#4107 = CARTESIAN_POINT ( 'NONE',  ( 3.858235246223785442, -14.13100000000000556, -28.26199999999998980 ) ) ;
#4108 = CARTESIAN_POINT ( 'NONE',  ( 0.3199999999999914579, -2.207975672688230695, -10.29143073051710466 ) ) ;
#4109 = AXIS2_PLACEMENT_3D ( 'NONE', #6931, #1673, #487 ) ;
#4110 = VERTEX_POINT ( 'NONE', #291 ) ;
#4111 = CARTESIAN_POINT ( 'NONE',  ( 6.679101779290579799, -2.090692757832531612, -13.23558065922600235 ) ) ;
#4112 = SURFACE_SIDE_STYLE ('',( #1955 ) ) ;
#4113 = UNCERTAINTY_MEASURE_WITH_UNIT (LENGTH_MEASURE( 1.000000000000000082E-05 ), #6267, 'distance_accuracy_value', 'NONE');
#4114 = AXIS2_PLACEMENT_3D ( 'NONE', #13, #4762, #4312 ) ;
#4115 = DIRECTION ( 'NONE',  ( 1.000000000000000000, -1.224606353822380216E-16, -6.446863596467668767E-47 ) ) ;
#4116 =( NAMED_UNIT ( * ) SI_UNIT ( $, .STERADIAN. ) SOLID_ANGLE_UNIT ( ) );
#4117 = ORIENTED_EDGE ( 'NONE', *, *, #173, .T. ) ;
#4118 = EDGE_CURVE ( 'NONE', #1870, #4890, #1866, .T. ) ;
#4119 = VERTEX_POINT ( 'NONE', #2277 ) ;
#4120 = EDGE_LOOP ( 'NONE', ( #996, #6346 ) ) ;
#4121 = CARTESIAN_POINT ( 'NONE',  ( 0.5200000000000001288, 10.43899659603566477, -1.359867306508242280 ) ) ;
#4122 = CARTESIAN_POINT ( 'NONE',  ( 9.000000000000001776, -2.456352732838737118, -7.405062971400113270 ) ) ;
#4123 = CARTESIAN_POINT ( 'NONE',  ( 0.3199999999999981748, -4.688296134650023816, 9.434971204525556487 ) ) ;
#4124 = DIRECTION ( 'NONE',  ( 1.000000000000000000, 0.000000000000000000, 0.000000000000000000 ) ) ;
#4125 = FACE_OUTER_BOUND ( 'NONE', #3655, .T. ) ;
#4126 =( NAMED_UNIT ( * ) SI_UNIT ( $, .STERADIAN. ) SOLID_ANGLE_UNIT ( ) );
#4127 = FILL_AREA_STYLE_COLOUR ( '', #4697 ) ;
#4128 = DIRECTION ( 'NONE',  ( 1.000000000000000000, 0.000000000000000000, 0.000000000000000000 ) ) ;
#4129 = CARTESIAN_POINT ( 'NONE',  ( 0.8699999999999998845, 14.51483715649648865, 29.02967431299296663 ) ) ;
#4130 = CARTESIAN_POINT ( 'NONE',  ( 3.557454002911175195, 8.444714330203218822, 5.488546972192466455 ) ) ;
#4131 = EDGE_CURVE ( 'NONE', #6244, #2203, #4304, .T. ) ;
#4132 = CARTESIAN_POINT ( 'NONE',  ( 0.6199999999999999956, -10.42500050000000122, 1.915020441888529087E-15 ) ) ;
#4133 = CARTESIAN_POINT ( 'NONE',  ( 5.645076863632791486, -9.355855050800583328, -2.886976803172140560 ) ) ;
#4134 = CIRCLE ( 'NONE', #1196, 10.22500050000000371 ) ;
#4135 = CARTESIAN_POINT ( 'NONE',  ( 1.220000000000000417, -7.311929425991448461, -11.93989026316175561 ) ) ;
#4136 = VERTEX_POINT ( 'NONE', #229 ) ;
#4137 = CARTESIAN_POINT ( 'NONE',  ( 0.6700000000000119194, -13.45000000000003659, -26.90000000000005187 ) ) ;
#4138 = CARTESIAN_POINT ( 'NONE',  ( 8.680000000000006821, 8.448620297008524460, 6.281383935467703239 ) ) ;
#4139 = COLOUR_RGB ( '',0.6941176470588235059, 0.7529411764705882248, 0.8392156862745098200 ) ;
#4140 = AXIS2_PLACEMENT_3D ( 'NONE', #4866, #2415, #5064 ) ;
#4141 = CARTESIAN_POINT ( 'NONE',  ( 7.779999999999999361, -5.100511783392101428, 13.03785071452958988 ) ) ;
#4142 = CARTESIAN_POINT ( 'NONE',  ( 8.130000000000000782, -14.51483715649648687, -4.443799157366264314E-15 ) ) ;
#4143 = CARTESIAN_POINT ( 'NONE',  ( 7.980000000000001315, -4.898425415289514703E-17, 1.273290724866148229E-47 ) ) ;
#4144 = CARTESIAN_POINT ( 'NONE',  ( 0.3199999999999932898, -9.434971204526043209, -4.688296134649432290 ) ) ;
#4145 = CIRCLE ( 'NONE', #1992, 2.380999999999999783 ) ;
#4146 = PRESENTATION_STYLE_ASSIGNMENT (( #3041 ) ) ;
#4147 = ORIENTED_EDGE ( 'NONE', *, *, #2247, .F. ) ;
#4148 = PRESENTATION_STYLE_ASSIGNMENT (( #5232 ) ) ;
#4149 = AXIS2_PLACEMENT_3D ( 'NONE', #4222, #1004, #6440 ) ;
#4150 = VECTOR ( 'NONE', #789, 1000.000000000000000 ) ;
#4151 = CARTESIAN_POINT ( 'NONE',  ( 9.000000000000001776, 0.000000000000000000, 14.55000000000000071 ) ) ;
#4152 = CARTESIAN_POINT ( 'NONE',  ( 8.480000000000000426, -10.52500050000000975, 21.05000099999999819 ) ) ;
#4153 = SURFACE_STYLE_FILL_AREA ( #6759 ) ;
#4154 = PRESENTATION_LAYER_ASSIGNMENT (  '', '', ( #1444 ) ) ;
#4155 = SURFACE_STYLE_FILL_AREA ( #1989 ) ;
#4156 = VERTEX_POINT ( 'NONE', #6017 ) ;
#4157 = MECHANICAL_DESIGN_GEOMETRIC_PRESENTATION_REPRESENTATION (  '', ( #6934 ), #872 ) ;
#4158 = ORIENTED_EDGE ( 'NONE', *, *, #2267, .T. ) ;
#4159 = FILL_AREA_STYLE ('',( #1927 ) ) ;
#4160 = CARTESIAN_POINT ( 'NONE',  ( 0.5200000000000000178, -2.747115858724218374, -10.17027191870608505 ) ) ;
#4161 = CARTESIAN_POINT ( 'NONE',  ( 1.335732872049999909, 1.252201413360508859E-15, -10.22500050000000194 ) ) ;
#4162 = AXIS2_PLACEMENT_3D ( 'NONE', #6069, #4663, #4741 ) ;
#4163 = CARTESIAN_POINT ( 'NONE',  ( 8.830000000000003624, 13.64999999999999680, 2.507381509451322643E-15 ) ) ;
#4164 = CARTESIAN_POINT ( 'NONE',  ( 0.3199999999999982858, 4.038974156132739246, 9.719280451959994238 ) ) ;
#4165 = DIRECTION ( 'NONE',  ( 0.000000000000000000, 0.000000000000000000, -1.000000000000000000 ) ) ;
#4166 = CARTESIAN_POINT ( 'NONE',  ( 1.219999999999999973, 7.311929425998088483, 11.93989026315680491 ) ) ;
#4167 = AXIS2_PLACEMENT_3D ( 'NONE', #3548, #4676, #3124 ) ;
#4168 = AXIS2_PLACEMENT_3D ( 'NONE', #1462, #3532, #3613 ) ;
#4169 = CARTESIAN_POINT ( 'NONE',  ( 7.780000000000000249, -14.00000000000000000, -3.877812906893453986E-15 ) ) ;
#4170 = CARTESIAN_POINT ( 'NONE',  ( 7.924974746830585559, -14.35000000000000142, -4.393333333379124471E-15 ) ) ;
#4171 = EDGE_CURVE ( 'NONE', #1396, #3158, #4852, .T. ) ;
#4172 = FILL_AREA_STYLE_COLOUR ( '', #2996 ) ;
#4173 = PRESENTATION_LAYER_ASSIGNMENT (  '', '', ( #3151 ) ) ;
#4174 = CARTESIAN_POINT ( 'NONE',  ( 3.557454002911168089, 8.444714330203217045, 5.488546972192469120 ) ) ;
#4175 = CARTESIAN_POINT ( 'NONE',  ( 0.5614213562373087107, -10.42500050000000478, -20.85000099999999534 ) ) ;
#4176 = SURFACE_SIDE_STYLE ('',( #1941 ) ) ;
#4177 = CARTESIAN_POINT ( 'NONE',  ( 1.220000000000000195, -11.97674297215094796, -7.265107878389028606 ) ) ;
#4178 = ORIENTED_EDGE ( 'NONE', *, *, #6138, .T. ) ;
#4179 = SURFACE_STYLE_USAGE ( .BOTH. , #994 ) ;
#4180 = CARTESIAN_POINT ( 'NONE',  ( 0.000000000000000000, -7.675529549962734066, -1.388240317549523706 ) ) ;
#4181 = CARTESIAN_POINT ( 'NONE',  ( 7.780000000000000249, -4.409013662135587985, 13.29108802668325673 ) ) ;
#4182 = SURFACE_STYLE_USAGE ( .BOTH. , #6163 ) ;
#4183 =( GEOMETRIC_REPRESENTATION_CONTEXT ( 3 ) GLOBAL_UNCERTAINTY_ASSIGNED_CONTEXT ( ( #2332 ) ) GLOBAL_UNIT_ASSIGNED_CONTEXT ( ( #2671, #3173, #2148 ) ) REPRESENTATION_CONTEXT ( 'NONE', 'WORKASPACE' ) );
#4184 = FACE_OUTER_BOUND ( 'NONE', #1552, .T. ) ;
#4185 = CARTESIAN_POINT ( 'NONE',  ( 0.3199999999999914024, -1.999022335142472073, -10.33343986787487800 ) ) ;
#4186 = ORIENTED_EDGE ( 'NONE', *, *, #2022, .T. ) ;
#4187 =( BOUNDED_SURFACE ( )  B_SPLINE_SURFACE ( 3, 3, ( 
 ( #3170, #4311, #2178, #4825 ),
 ( #505, #4343, #3805, #12 ),
 ( #6916, #1660, #2111, #1624 ),
 ( #5919, #5952, #2801, #1831 ) ),
 .UNSPECIFIED., .F., .F., .F. ) 
 B_SPLINE_SURFACE_WITH_KNOTS ( ( 4, 4 ),
 ( 4, 4 ),
 ( 0.000000000000000000, 1.000000000000000000 ),
 ( 0.000000000000000000, 1.000000000000000000 ),
 .UNSPECIFIED. ) 
 GEOMETRIC_REPRESENTATION_ITEM ( )  RATIONAL_B_SPLINE_SURFACE ( (
 ( 1.000000000000000000, 0.3333333333333334259, 0.3333333333333334259, 1.000000000000000000),
 ( 0.4563962555373245467, 0.1521320851791082285, 0.1521320851791082285, 0.4563962555373245467),
 ( 0.4563962555373245467, 0.1521320851791082285, 0.1521320851791082285, 0.4563962555373245467),
 ( 1.000000000000000000, 0.3333333333333334259, 0.3333333333333334259, 1.000000000000000000) ) ) 
 REPRESENTATION_ITEM ( '' )  SURFACE ( )  );
#4188 = ORIENTED_EDGE ( 'NONE', *, *, #3855, .T. ) ;
#4189 = CIRCLE ( 'NONE', #2037, 16.00000000000000000 ) ;
#4190 = ADVANCED_FACE ( 'NONE', ( #3416 ), #630, .T. ) ;
#4191 = FILL_AREA_STYLE_COLOUR ( '', #1874 ) ;
#4192 = CARTESIAN_POINT ( 'NONE',  ( 8.999999999999994671, -15.70000000000000639, -31.39999999999999147 ) ) ;
#4193 = ORIENTED_EDGE ( 'NONE', *, *, #5004, .T. ) ;
#4194 = EDGE_LOOP ( 'NONE', ( #6110, #3620, #4285, #4639 ) ) ;
#4195 = SURFACE_STYLE_FILL_AREA ( #2590 ) ;
#4196 = CARTESIAN_POINT ( 'NONE',  ( 0.5200000000000000178, -1.835965895478215870, -10.36364998434267193 ) ) ;
#4197 = CARTESIAN_POINT ( 'NONE',  ( -0.000000000000000000, 2.278350730477824992, 7.467393119723160666 ) ) ;
#4198 = UNCERTAINTY_MEASURE_WITH_UNIT (LENGTH_MEASURE( 1.000000000000000082E-05 ), #93, 'distance_accuracy_value', 'NONE');
#4199 = CARTESIAN_POINT ( 'NONE',  ( 0.3199999999999956768, -10.34145760591792396, 1.957119027923080790 ) ) ;
#4200 = CARTESIAN_POINT ( 'NONE',  ( 1.419999999999973284, 0.000000000000000000, 0.000000000000000000 ) ) ;
#4201 = CARTESIAN_POINT ( 'NONE',  ( 8.480000000000002203, 4.038974156136325711, 9.719280451957908795 ) ) ;
#4202 = CARTESIAN_POINT ( 'NONE',  ( 7.780000000000000249, -14.00000000000000000, -3.877812906893453986E-15 ) ) ;
#4203 = CARTESIAN_POINT ( 'NONE',  ( 7.580000000000024940, -13.48053010216304948, -2.693072857393388991E-47 ) ) ;
#4204 = UNCERTAINTY_MEASURE_WITH_UNIT (LENGTH_MEASURE( 1.000000000000000082E-05 ), #6286, 'distance_accuracy_value', 'NONE');
#4205 = CARTESIAN_POINT ( 'NONE',  ( 8.999999999999996447, 7.624264068711927855, -2.334242228608661798E-15 ) ) ;
#4206 = FACE_OUTER_BOUND ( 'NONE', #4712, .T. ) ;
#4207 = CARTESIAN_POINT ( 'NONE',  ( 0.5614213562373088218, -10.42500050000000122, 1.915020441888529482E-15 ) ) ;
#4208 = ADVANCED_FACE ( 'NONE', ( #401, #2043 ), #1445, .T. ) ;
#4209 = CARTESIAN_POINT ( 'NONE',  ( 1.219999999999999751, -10.72459260704476414, -9.021928728716503088 ) ) ;
#4210 = EDGE_LOOP ( 'NONE', ( #1773, #5087 ) ) ;
#4211 =( NAMED_UNIT ( * ) SI_UNIT ( $, .STERADIAN. ) SOLID_ANGLE_UNIT ( ) );
#4212 = CARTESIAN_POINT ( 'NONE',  ( 0.000000000000000000, -4.323352065298783131, -6.492525959495888621 ) ) ;
#4213 = CARTESIAN_POINT ( 'NONE',  ( 7.779999999999995808, -12.97306643232987611, 5.263120434606117115 ) ) ;
#4214 = PRESENTATION_STYLE_ASSIGNMENT (( #1668 ) ) ;
#4215 = SURFACE_STYLE_FILL_AREA ( #5304 ) ;
#4216 = CARTESIAN_POINT ( 'NONE',  ( 0.3199999999999970091, 10.52500050000000265, -1.189586300145496267E-15 ) ) ;
#4217 = CARTESIAN_POINT ( 'NONE',  ( 0.3199999999999947331, -10.50306499220110190, -0.8023768771529863342 ) ) ;
#4218 = FILL_AREA_STYLE_COLOUR ( '', #3666 ) ;
#4219 = ORIENTED_EDGE ( 'NONE', *, *, #3393, .T. ) ;
#4220 = ORIENTED_EDGE ( 'NONE', *, *, #4648, .F. ) ;
#4221 =( LENGTH_UNIT ( ) NAMED_UNIT ( * ) SI_UNIT ( .MILLI., .METRE. ) );
#4222 = CARTESIAN_POINT ( 'NONE',  ( 2.671465744100001594, 0.000000000000000000, 0.000000000000000000 ) ) ;
#4223 =( LENGTH_UNIT ( ) NAMED_UNIT ( * ) SI_UNIT ( .MILLI., .METRE. ) );
#4224 = FILL_AREA_STYLE ('',( #3651 ) ) ;
#4225 = ADVANCED_FACE ( 'NONE', ( #4647 ), #368, .T. ) ;
#4226 = ORIENTED_EDGE ( 'NONE', *, *, #6631, .T. ) ;
#4227 = FILL_AREA_STYLE_COLOUR ( '', #3839 ) ;
#4228 = CIRCLE ( 'NONE', #6117, 13.48053010216305125 ) ;
#4229 = CARTESIAN_POINT ( 'NONE',  ( 9.000000000000001776, -7.264466742299026336, 2.840523383850455996 ) ) ;
#4230 = CARTESIAN_POINT ( 'NONE',  ( -0.000000000000000000, 4.380430825271549367, 6.454174252068193951 ) ) ;
#4231 = FACE_OUTER_BOUND ( 'NONE', #6000, .T. ) ;
#4232 = LINE ( 'NONE', #592, #6578 ) ;
#4233 = CARTESIAN_POINT ( 'NONE',  ( 8.480000000000003979, 3.556992897992234060, 9.911618546504387339 ) ) ;
#4234 = MECHANICAL_DESIGN_GEOMETRIC_PRESENTATION_REPRESENTATION (  '', ( #5237 ), #2191 ) ;
#4235 = CARTESIAN_POINT ( 'NONE',  ( 7.780000000000000249, -5.535944386291194341, -12.85996201843530429 ) ) ;
#4236 = CARTESIAN_POINT ( 'NONE',  ( 5.442545997088830134, 9.647724093425241065, 9.692811436171840711 ) ) ;
#4237 = VERTEX_POINT ( 'NONE', #4203 ) ;
#4238 = LINE ( 'NONE', #5432, #4043 ) ;
#4239 =( BOUNDED_SURFACE ( )  B_SPLINE_SURFACE ( 3, 3, ( 
 ( #2251, #6525, #6082, #2350 ),
 ( #3914, #150, #2842, #2278 ),
 ( #3491, #266, #5634, #4994 ),
 ( #6636, #3417, #1733, #2770 ) ),
 .UNSPECIFIED., .F., .F., .F. ) 
 B_SPLINE_SURFACE_WITH_KNOTS ( ( 4, 4 ),
 ( 4, 4 ),
 ( 0.000000000000000000, 1.000000000000000000 ),
 ( 0.000000000000000000, 1.000000000000000000 ),
 .UNSPECIFIED. ) 
 GEOMETRIC_REPRESENTATION_ITEM ( )  RATIONAL_B_SPLINE_SURFACE ( (
 ( 1.000000000000000000, 0.3333333333333334259, 0.3333333333333334259, 1.000000000000000000),
 ( 0.8047378541243637162, 0.2682459513747879609, 0.2682459513747879609, 0.8047378541243637162),
 ( 0.8047378541243637162, 0.2682459513747879609, 0.2682459513747879609, 0.8047378541243637162),
 ( 1.000000000000000000, 0.3333333333333334259, 0.3333333333333334259, 1.000000000000000000) ) ) 
 REPRESENTATION_ITEM ( '' )  SURFACE ( )  );
#4240 = FACE_OUTER_BOUND ( 'NONE', #2572, .T. ) ;
#4241 =( LENGTH_UNIT ( ) NAMED_UNIT ( * ) SI_UNIT ( .MILLI., .METRE. ) );
#4242 = SURFACE_STYLE_USAGE ( .BOTH. , #4282 ) ;
#4243 = SURFACE_STYLE_FILL_AREA ( #2605 ) ;
#4244 = CARTESIAN_POINT ( 'NONE',  ( -0.000000000000000000, 6.454174252068979989, -4.380430825270662964 ) ) ;
#4245 = CARTESIAN_POINT ( 'NONE',  ( 7.779999999999997584, -13.74519637332289790, 2.659018621144701999 ) ) ;
#4246 = EDGE_CURVE ( 'NONE', #4018, #6667, #1930, .T. ) ;
#4247 = SURFACE_STYLE_FILL_AREA ( #2640 ) ;
#4248 = DIRECTION ( 'NONE',  ( 0.4809226642724865330, 0.7311951188183606343, 0.4838048048596216844 ) ) ;
#4249 = SURFACE_SIDE_STYLE ('',( #6465 ) ) ;
#4250 = CARTESIAN_POINT ( 'NONE',  ( 0.3199999999999935119, 9.770322806960029638, -3.913847515211209327 ) ) ;
#4251 = AXIS2_PLACEMENT_3D ( 'NONE', #3978, #6108, #257 ) ;
#4252 = CARTESIAN_POINT ( 'NONE',  ( -3.629156023907941897, -4.640728989563172036, 14.49231544080885214 ) ) ;
#4253 = PRESENTATION_LAYER_ASSIGNMENT (  '', '', ( #3902 ) ) ;
#4254 =( LENGTH_UNIT ( ) NAMED_UNIT ( * ) SI_UNIT ( .MILLI., .METRE. ) );
#4255 =( NAMED_UNIT ( * ) PLANE_ANGLE_UNIT ( ) SI_UNIT ( $, .RADIAN. ) );
#4256 = MECHANICAL_DESIGN_GEOMETRIC_PRESENTATION_REPRESENTATION (  '', ( #4799 ), #1200 ) ;
#4257 = DIRECTION ( 'NONE',  ( 0.000000000000000000, 0.000000000000000000, 1.000000000000000000 ) ) ;
#4258 = CARTESIAN_POINT ( 'NONE',  ( 8.680000000000003268, 9.802377377084534160, -3.832879081347129624 ) ) ;
#4259 = CARTESIAN_POINT ( 'NONE',  ( 8.480000000000003979, 9.667920872251134057, -4.161873780648909893 ) ) ;
#4260 = CARTESIAN_POINT ( 'NONE',  ( 8.129999999999999005, -13.65000000000000036, -2.903694385066306334E-47 ) ) ;
#4261 = VERTEX_POINT ( 'NONE', #5741 ) ;
#4262 = STYLED_ITEM ( 'NONE', ( #2818 ), #2042 ) ;
#4263 = CARTESIAN_POINT ( 'NONE',  ( 8.130000000000002558, 14.35000000000000675, -28.69999999999999218 ) ) ;
#4264 = CARTESIAN_POINT ( 'NONE',  ( 8.480000000000003979, 4.204740368897729397, -9.655181985509287301 ) ) ;
#4265 = AXIS2_PLACEMENT_3D ( 'NONE', #5326, #6489, #6393 ) ;
#4266 = CARTESIAN_POINT ( 'NONE',  ( 9.000000000000003553, -5.026611161208230705, 5.975042505104844359 ) ) ;
#4267 = CARTESIAN_POINT ( 'NONE',  ( -0.000000000000000000, 1.481484670292799288, 7.658078697199328211 ) ) ;
#4268 = CARTESIAN_POINT ( 'NONE',  ( 5.442545997088830134, 12.41050538161101535, 2.102132231989689348 ) ) ;
#4269 = SURFACE_STYLE_FILL_AREA ( #1649 ) ;
#4270 = CARTESIAN_POINT ( 'NONE',  ( 8.480000000000003979, 10.36364998434254048, 1.835965895480288212 ) ) ;
#4271 = AXIS2_PLACEMENT_3D ( 'NONE', #4760, #3599, #6808 ) ;
#4272 = CARTESIAN_POINT ( 'NONE',  ( 7.779999999999998472, 1.067396605985074798, -13.97081276636602709 ) ) ;
#4273 =( GEOMETRIC_REPRESENTATION_CONTEXT ( 3 ) GLOBAL_UNCERTAINTY_ASSIGNED_CONTEXT ( ( #1211 ) ) GLOBAL_UNIT_ASSIGNED_CONTEXT ( ( #1182, #5354, #1688 ) ) REPRESENTATION_CONTEXT ( 'NONE', 'WORKASPACE' ) );
#4274 =( NAMED_UNIT ( * ) SI_UNIT ( $, .STERADIAN. ) SOLID_ANGLE_UNIT ( ) );
#4275 = ORIENTED_EDGE ( 'NONE', *, *, #3484, .T. ) ;
#4276 = ADVANCED_FACE ( 'NONE', ( #2007 ), #2509, .T. ) ;
#4277 = CARTESIAN_POINT ( 'NONE',  ( 0.6199999999999979972, 10.52500050000000087, -6.444491243141853418E-16 ) ) ;
#4278 = DIRECTION ( 'NONE',  ( -1.224606353822379970E-16, -1.000000000000000000, 0.000000000000000000 ) ) ;
#4279 = CIRCLE ( 'NONE', #3018, 14.13100000000000023 ) ;
#4280 = COLOUR_RGB ( '',0.5098039215686274161, 0.5098039215686274161, 0.5490196078431373028 ) ;
#4281 = DIRECTION ( 'NONE',  ( -1.000000000000000000, 0.000000000000000000, 0.000000000000000000 ) ) ;
#4282 = SURFACE_SIDE_STYLE ('',( #1518 ) ) ;
#4283 =( LENGTH_UNIT ( ) NAMED_UNIT ( * ) SI_UNIT ( .MILLI., .METRE. ) );
#4284 = CARTESIAN_POINT ( 'NONE',  ( -0.000000000000000000, 4.157470633334113153, -6.599983429670038149 ) ) ;
#4285 = ORIENTED_EDGE ( 'NONE', *, *, #206, .F. ) ;
#4286 = CARTESIAN_POINT ( 'NONE',  ( 0.8699999999999996625, 0.000000000000000000, 0.000000000000000000 ) ) ;
#4287 = DIRECTION ( 'NONE',  ( -1.915146632844204107E-16, -1.000000000000000000, 0.000000000000000000 ) ) ;
#4288 =( NAMED_UNIT ( * ) PLANE_ANGLE_UNIT ( ) SI_UNIT ( $, .RADIAN. ) );
#4289 = CARTESIAN_POINT ( 'NONE',  ( 4.500000000000000888, -5.904500249999999895, 10.22689442630309919 ) ) ;
#4290 = DIRECTION ( 'NONE',  ( 0.000000000000000000, 6.123031769111889989E-17, 1.000000000000000000 ) ) ;
#4291 = EDGE_LOOP ( 'NONE', ( #3329, #4085, #2512, #5119, #2228 ) ) ;
#4292 = CARTESIAN_POINT ( 'NONE',  ( 8.480000000000000426, -10.46642185623731258, -3.204354008516737737E-15 ) ) ;
#4293 = CARTESIAN_POINT ( 'NONE',  ( 2.671465744100001594, -10.22500050000000549, 1.878281442367359311E-15 ) ) ;
#4294 = CARTESIAN_POINT ( 'NONE',  ( 8.680000000000003268, 9.892524181372772674, -3.595368540861031637 ) ) ;
#4295 = AXIS2_PLACEMENT_3D ( 'NONE', #2925, #4523, #5672 ) ;
#4296 = CARTESIAN_POINT ( 'NONE',  ( 5.645076863632792374, -4.163524672093491752, -9.074955185932338964 ) ) ;
#4297 = EDGE_CURVE ( 'NONE', #6546, #3507, #983, .T. ) ;
#4298 = ORIENTED_EDGE ( 'NONE', *, *, #2101, .T. ) ;
#4299 = FILL_AREA_STYLE ('',( #4227 ) ) ;
#4300 = CARTESIAN_POINT ( 'NONE',  ( 8.480000000000005755, 6.928741887764044982, -7.955804017004609818 ) ) ;
#4301 = FILL_AREA_STYLE ('',( #1644 ) ) ;
#4302 = CARTESIAN_POINT ( 'NONE',  ( 0.5200000000000000178, -4.688296134651087854, -9.434971204525307797 ) ) ;
#4303 = CARTESIAN_POINT ( 'NONE',  ( 0.000000000000000000, 7.155404796189475114, 3.116061540441561029 ) ) ;
#4304 = CIRCLE ( 'NONE', #5067, 0.5512007928600866080 ) ;
#4305 = SURFACE_STYLE_FILL_AREA ( #6482 ) ;
#4306 = CARTESIAN_POINT ( 'NONE',  ( 8.480000000000005755, 10.39734788334065030, 1.637788826846082069 ) ) ;
#4307 = MECHANICAL_DESIGN_GEOMETRIC_PRESENTATION_REPRESENTATION (  '', ( #2743 ), #264 ) ;
#4308 = CARTESIAN_POINT ( 'NONE',  ( 7.779999999999999361, -11.78234726370748575, -7.561731025758589020 ) ) ;
#4309 = ORIENTED_EDGE ( 'NONE', *, *, #1486, .T. ) ;
#4310 =( NAMED_UNIT ( * ) SI_UNIT ( $, .STERADIAN. ) SOLID_ANGLE_UNIT ( ) );
#4311 = CARTESIAN_POINT ( 'NONE',  ( 8.129999999999999005, -14.51483715649649753, 29.02967431299296308 ) ) ;
#4312 = DIRECTION ( 'NONE',  ( 0.000000000000000000, 0.000000000000000000, -1.000000000000000000 ) ) ;
#4313 = ADVANCED_FACE ( 'NONE', ( #3235, #2142 ), #1656, .T. ) ;
#4314 = FILL_AREA_STYLE_COLOUR ( '', #5965 ) ;
#4315 = CARTESIAN_POINT ( 'NONE',  ( 0.3199999999999990630, -10.52500049999999909, 21.05000100000000884 ) ) ;
#4316 = CARTESIAN_POINT ( 'NONE',  ( 0.000000000000000000, 3.116061540438467059, -7.155404796191053407 ) ) ;
#4317 = FILL_AREA_STYLE ('',( #5924 ) ) ;
#4318 = CARTESIAN_POINT ( 'NONE',  ( 0.3199999999999933453, 9.542869178944833664, -4.445906607411308720 ) ) ;
#4319 = PRESENTATION_STYLE_ASSIGNMENT (( #3180 ) ) ;
#4320 = CARTESIAN_POINT ( 'NONE',  ( 1.220000000000000195, 13.97081276636602887, -1.067396605983843116 ) ) ;
#4321 = CARTESIAN_POINT ( 'NONE',  ( 8.680000000000005045, -10.35655558317037084, 1.875570910962986115 ) ) ;
#4322 = FILL_AREA_STYLE ('',( #54 ) ) ;
#4323 =( NAMED_UNIT ( * ) PLANE_ANGLE_UNIT ( ) SI_UNIT ( $, .RADIAN. ) );
#4324 = CARTESIAN_POINT ( 'NONE',  ( 8.480000000000002203, -3.956780790858987817, -9.753023726623696987 ) ) ;
#4325 = CARTESIAN_POINT ( 'NONE',  ( 0.000000000000000000, 0.000000000000000000, 0.000000000000000000 ) ) ;
#4326 = CARTESIAN_POINT ( 'NONE',  ( 0.5200000000000001288, -10.32122741108731390, -2.061822792884399291 ) ) ;
#4327 = CARTESIAN_POINT ( 'NONE',  ( -0.000000000000000000, 3.707786986420303688, 6.871311153667150506 ) ) ;
#4328 = SURFACE_STYLE_FILL_AREA ( #5451 ) ;
#4329 = UNCERTAINTY_MEASURE_WITH_UNIT (LENGTH_MEASURE( 1.000000000000000082E-05 ), #5716, 'distance_accuracy_value', 'NONE');
#4330 = CYLINDRICAL_SURFACE ( 'NONE', #5020, 13.43000050000000023 ) ;
#4331 = CARTESIAN_POINT ( 'NONE',  ( 8.680000000000012150, -13.10833350000002895, -3.667786625294432498E-32 ) ) ;
#4332 = EDGE_CURVE ( 'NONE', #4857, #5346, #4362, .T. ) ;
#4333 = CARTESIAN_POINT ( 'NONE',  ( 8.479999999999998650, -8.905734099171379370, -5.609946153525981138 ) ) ;
#4334 = CARTESIAN_POINT ( 'NONE',  ( 8.479999999999998650, 1.999022335142525808, 10.33343986787486024 ) ) ;
#4335 = EDGE_LOOP ( 'NONE', ( #1630, #1454, #1975, #9, #1895 ) ) ;
#4336 = CIRCLE ( 'NONE', #1289, 0.5512007928600866080 ) ;
#4337 = ORIENTED_EDGE ( 'NONE', *, *, #1394, .F. ) ;
#4338 = CARTESIAN_POINT ( 'NONE',  ( 7.779999999999998472, -7.710415131018267587, -11.68558643017426668 ) ) ;
#4339 = ORIENTED_EDGE ( 'NONE', *, *, #3597, .T. ) ;
#4340 = DIRECTION ( 'NONE',  ( -0.8821527464498742921, -0.1625106504085083448, 0.4420371256294513551 ) ) ;
#4341 =( GEOMETRIC_REPRESENTATION_CONTEXT ( 3 ) GLOBAL_UNCERTAINTY_ASSIGNED_CONTEXT ( ( #4677 ) ) GLOBAL_UNIT_ASSIGNED_CONTEXT ( ( #2079, #3743, #506 ) ) REPRESENTATION_CONTEXT ( 'NONE', 'WORKASPACE' ) );
#4342 = ORIENTED_EDGE ( 'NONE', *, *, #674, .T. ) ;
#4343 = CARTESIAN_POINT ( 'NONE',  ( 8.921312790920127966, -14.51483715649649398, 29.02967431299296308 ) ) ;
#4344 = CARTESIAN_POINT ( 'NONE',  ( 1.419999999999973284, 0.000000000000000000, 0.000000000000000000 ) ) ;
#4345 = DIRECTION ( 'NONE',  ( -1.000000000000000000, 0.000000000000000000, 0.000000000000000000 ) ) ;
#4346 = CONICAL_SURFACE ( 'NONE', #1178, 13.65000000000000213, 0.7853981633974396193 ) ;
#4347 = SURFACE_SIDE_STYLE ('',( #2769 ) ) ;
#4348 = CARTESIAN_POINT ( 'NONE',  ( -0.000000000000000000, 3.876595490868536054, -6.770757344945145917 ) ) ;
#4349 =( LENGTH_UNIT ( ) NAMED_UNIT ( * ) SI_UNIT ( .MILLI., .METRE. ) );
#4350 =( NAMED_UNIT ( * ) PLANE_ANGLE_UNIT ( ) SI_UNIT ( $, .RADIAN. ) );
#4351 = CARTESIAN_POINT ( 'NONE',  ( 0.8699999999999996625, 0.000000000000000000, 0.000000000000000000 ) ) ;
#4352 = DIRECTION ( 'NONE',  ( 0.000000000000000000, -1.000000000000000000, -3.061556329880922299E-16 ) ) ;
#4353 = CARTESIAN_POINT ( 'NONE',  ( 4.611051947974987186, -11.42868696506153015, 9.351480757207321304 ) ) ;
#4354 = VECTOR ( 'NONE', #1805, 1000.000000000000000 ) ;
#4355 = EDGE_CURVE ( 'NONE', #6546, #1226, #1659, .T. ) ;
#4356 = CARTESIAN_POINT ( 'NONE',  ( 8.438578643762692622, 10.42500050000002076, -20.85000099999999890 ) ) ;
#4357 = EDGE_CURVE ( 'NONE', #441, #1307, #8, .T. ) ;
#4358 = CIRCLE ( 'NONE', #4908, 10.22500050000000549 ) ;
#4359 = CARTESIAN_POINT ( 'NONE',  ( 8.680000000000005045, 10.17027191870499081, -2.747115858730021287 ) ) ;
#4360 = CIRCLE ( 'NONE', #1543, 14.51483715649648687 ) ;
#4361 = CARTESIAN_POINT ( 'NONE',  ( 3.354923136367212066, -7.645475827906528465, -11.37883366667385765 ) ) ;
#4362 = CIRCLE ( 'NONE', #6030, 14.55000000000000071 ) ;
#4363 = CARTESIAN_POINT ( 'NONE',  ( 9.000000000000003553, -7.675529549962774922, 1.388240317549305214 ) ) ;
#4364 = CARTESIAN_POINT ( 'NONE',  ( 0.000000000000000000, -7.240715517517950062, 2.900517994467225691 ) ) ;
#4365 = STYLED_ITEM ( 'NONE', ( #3875 ), #501 ) ;
#4366 = CARTESIAN_POINT ( 'NONE',  ( 0.2999999999999998224, -15.99999999999999645, 2.939119961693666938E-15 ) ) ;
#4367 = FACE_OUTER_BOUND ( 'NONE', #305, .T. ) ;
#4368 = CARTESIAN_POINT ( 'NONE',  ( 8.480000000000002203, -2.250632742215957549, 10.28722710540729857 ) ) ;
#4369 = ORIENTED_EDGE ( 'NONE', *, *, #3966, .F. ) ;
#4370 = AXIS2_PLACEMENT_3D ( 'NONE', #918, #3051, #5207 ) ;
#4371 = ORIENTED_EDGE ( 'NONE', *, *, #5726, .T. ) ;
#4372 = CARTESIAN_POINT ( 'NONE',  ( 7.780000000000002025, 7.462014705361321276, -11.84576243687704356 ) ) ;
#4373 = LINE ( 'NONE', #6488, #316 ) ;
#4374 = DIRECTION ( 'NONE',  ( -3.749201334157304086E-32, -3.061556329880923285E-16, 1.000000000000000000 ) ) ;
#4375 =( NAMED_UNIT ( * ) PLANE_ANGLE_UNIT ( ) SI_UNIT ( $, .RADIAN. ) );
#4376 =( GEOMETRIC_REPRESENTATION_CONTEXT ( 3 ) GLOBAL_UNCERTAINTY_ASSIGNED_CONTEXT ( ( #4396 ) ) GLOBAL_UNIT_ASSIGNED_CONTEXT ( ( #1373, #2567, #6296 ) ) REPRESENTATION_CONTEXT ( 'NONE', 'WORKASPACE' ) );
#4377 = ORIENTED_EDGE ( 'NONE', *, *, #1418, .T. ) ;
#4378 = CARTESIAN_POINT ( 'NONE',  ( 1.220000000000000195, -4.089113562138373403, 13.40308086617820749 ) ) ;
#4379 = PRESENTATION_LAYER_ASSIGNMENT (  '', '', ( #4926 ) ) ;
#4380 = CARTESIAN_POINT ( 'NONE',  ( 0.5200000000000000178, -10.37411989834016701, 1.776543663425866004 ) ) ;
#4381 = CYLINDRICAL_SURFACE ( 'NONE', #4619, 14.55000000000000071 ) ;
#4382 =( NAMED_UNIT ( * ) PLANE_ANGLE_UNIT ( ) SI_UNIT ( $, .RADIAN. ) );
#4383 = CARTESIAN_POINT ( 'NONE',  ( -0.000000000000000000, 5.975042505107721169, -5.026611161204216138 ) ) ;
#4384 = SURFACE_STYLE_FILL_AREA ( #2639 ) ;
#4385 = AXIS2_PLACEMENT_3D ( 'NONE', #1120, #1078, #6419 ) ;
#4386 =( NAMED_UNIT ( * ) SI_UNIT ( $, .STERADIAN. ) SOLID_ANGLE_UNIT ( ) );
#4387 = CARTESIAN_POINT ( 'NONE',  ( 8.480000000000014637, -1.447690777501975180E-16, -5.588822899371247022E-32 ) ) ;
#4388 = DIRECTION ( 'NONE',  ( -1.276764421896136153E-16, -1.000000000000000000, 0.000000000000000000 ) ) ;
#4389 = CARTESIAN_POINT ( 'NONE',  ( 1.219999999999971108, 1.663911929113566567E-15, 13.58687198849534994 ) ) ;
#4390 = MECHANICAL_DESIGN_GEOMETRIC_PRESENTATION_REPRESENTATION (  '', ( #4490 ), #1343 ) ;
#4391 = CARTESIAN_POINT ( 'NONE',  ( -5.769251933469543125, -9.908227500482208683, 7.529198027925527725 ) ) ;
#4392 = DIRECTION ( 'NONE',  ( -1.000000000000000000, 1.224606353822379970E-16, 0.000000000000000000 ) ) ;
#4393 =( NAMED_UNIT ( * ) PLANE_ANGLE_UNIT ( ) SI_UNIT ( $, .RADIAN. ) );
#4394 = CARTESIAN_POINT ( 'NONE',  ( 9.000000000000001776, -4.323352065298334601, 6.492525959496088461 ) ) ;
#4395 = CARTESIAN_POINT ( 'NONE',  ( 7.780000000000002913, 13.52812398064010502, 3.654217838207293401 ) ) ;
#4396 = UNCERTAINTY_MEASURE_WITH_UNIT (LENGTH_MEASURE( 1.000000000000000082E-05 ), #1373, 'distance_accuracy_value', 'NONE');
#4397 = CARTESIAN_POINT ( 'NONE',  ( 8.130000000000000782, -14.51483715649648687, -4.443799157366264314E-15 ) ) ;
#4398 = DIRECTION ( 'NONE',  ( 0.4809226642724866441, 0.7311951188183609673, 0.4838048048596214068 ) ) ;
#4399 = CARTESIAN_POINT ( 'NONE',  ( 8.480000000000003979, -5.230990780497876358, 9.136145673650993615 ) ) ;
#4400 = ORIENTED_EDGE ( 'NONE', *, *, #4859, .F. ) ;
#4401 = EDGE_LOOP ( 'NONE', ( #4916, #3682, #3049, #6624, #2479, #1536 ) ) ;
#4402 = CARTESIAN_POINT ( 'NONE',  ( 7.780000000000001137, 11.65149826589248860, -7.761844456836951345 ) ) ;
#4403 = DIRECTION ( 'NONE',  ( 0.000000000000000000, 0.000000000000000000, 1.000000000000000000 ) ) ;
#4404 = CARTESIAN_POINT ( 'NONE',  ( 9.000000000000003553, 6.770757344943966416, -3.876595490871089122 ) ) ;
#4405 = MECHANICAL_DESIGN_GEOMETRIC_PRESENTATION_REPRESENTATION (  '', ( #6507 ), #2253 ) ;
#4406 = CARTESIAN_POINT ( 'NONE',  ( 8.555735931288072749, -10.22500050000000549, -3.130441500381057848E-15 ) ) ;
#4407 = SURFACE_SIDE_STYLE ('',( #2609 ) ) ;
#4408 = ORIENTED_EDGE ( 'NONE', *, *, #1871, .F. ) ;
#4409 = CARTESIAN_POINT ( 'NONE',  ( 1.220000000000000417, 2.442153794450461213, 13.78537571125287364 ) ) ;
#4410 = CARTESIAN_POINT ( 'NONE',  ( 0.5200000000000000178, -8.905734099171670692, 5.609946153525946499 ) ) ;
#4411 =( NAMED_UNIT ( * ) SI_UNIT ( $, .STERADIAN. ) SOLID_ANGLE_UNIT ( ) );
#4412 = FILL_AREA_STYLE_COLOUR ( '', #6690 ) ;
#4413 = FACE_OUTER_BOUND ( 'NONE', #2409, .T. ) ;
#4414 = FACE_OUTER_BOUND ( 'NONE', #6018, .T. ) ;
#4415 = CARTESIAN_POINT ( 'NONE',  ( 8.380000000000002558, 10.52500050000000087, 1.933347372942559082E-15 ) ) ;
#4416 = EDGE_CURVE ( 'NONE', #3525, #5495, #4373, .T. ) ;
#4417 = PRESENTATION_STYLE_ASSIGNMENT (( #2254 ) ) ;
#4418 = SURFACE_SIDE_STYLE ('',( #2645 ) ) ;
#4419 = VERTEX_POINT ( 'NONE', #2371 ) ;
#4420 = CARTESIAN_POINT ( 'NONE',  ( 8.680000000000005045, -10.50306499220110013, 0.8023768771529861121 ) ) ;
#4421 = SURFACE_STYLE_USAGE ( .BOTH. , #88 ) ;
#4422 = CARTESIAN_POINT ( 'NONE',  ( 4.500000000000000888, 0.000000000000000000, 0.000000000000000000 ) ) ;
#4423 = CARTESIAN_POINT ( 'NONE',  ( 8.679999999999997939, 1.934948282174519196, -10.34562682143557844 ) ) ;
#4424 = CARTESIAN_POINT ( 'NONE',  ( 4.388948052025000379, -5.572643913645566549, -15.53945913996751571 ) ) ;
#4425 = CARTESIAN_POINT ( 'NONE',  ( 9.000000000000003553, 0.2383666322960517892, 7.800016207250748401 ) ) ;
#4426 = CARTESIAN_POINT ( 'NONE',  ( 7.780000000000002025, 14.00001621236401661, 0.4279778652943153627 ) ) ;
#4427 =( NAMED_UNIT ( * ) PLANE_ANGLE_UNIT ( ) SI_UNIT ( $, .RADIAN. ) );
#4428 = CARTESIAN_POINT ( 'NONE',  ( 1.419999999999999929, 0.000000000000000000, 13.43000050000000023 ) ) ;
#4429 = EDGE_CURVE ( 'NONE', #6264, #43, #1202, .T. ) ;
#4430 = ORIENTED_EDGE ( 'NONE', *, *, #3644, .T. ) ;
#4431 = PRESENTATION_STYLE_ASSIGNMENT (( #3408 ) ) ;
#4432 = CARTESIAN_POINT ( 'NONE',  ( 0.07868720907987354629, 14.51483715649648509, -9.239292051726977769E-16 ) ) ;
#4433 = CARTESIAN_POINT ( 'NONE',  ( 0.3199999999999953992, 10.43899659603566477, 1.359867306503802942 ) ) ;
#4434 = SURFACE_SIDE_STYLE ('',( #1901 ) ) ;
#4435 = EDGE_CURVE ( 'NONE', #6394, #5241, #2543, .T. ) ;
#4436 = ORIENTED_EDGE ( 'NONE', *, *, #2141, .T. ) ;
#4437 = CARTESIAN_POINT ( 'NONE',  ( 1.220000000000000417, -11.75097785206638967, 7.610394298994556550 ) ) ;
#4438 = AXIS2_PLACEMENT_3D ( 'NONE', #922, #4091, #6767 ) ;
#4439 = CARTESIAN_POINT ( 'NONE',  ( 0.5200000000000001288, 2.250632742216013060, 10.28722710540785101 ) ) ;
#4440 = DIRECTION ( 'NONE',  ( 1.000000000000000000, 0.000000000000000000, 0.000000000000000000 ) ) ;
#4441 = FILL_AREA_STYLE ('',( #4412 ) ) ;
#4442 = SURFACE_STYLE_FILL_AREA ( #5635 ) ;
#4443 = CARTESIAN_POINT ( 'NONE',  ( 8.830000000000001847, -14.34999999999999787, -4.393333333379125260E-15 ) ) ;
#4444 = MECHANICAL_DESIGN_GEOMETRIC_PRESENTATION_REPRESENTATION (  '', ( #6894 ), #2856 ) ;
#4445 = CARTESIAN_POINT ( 'NONE',  ( 1.219999999999999751, 13.15868910301012384, -4.782480242029919282 ) ) ;
#4446 = CARTESIAN_POINT ( 'NONE',  ( 8.130000000000002558, 14.51483715649649220, -29.02967431299296308 ) ) ;
#4447 = CARTESIAN_POINT ( 'NONE',  ( 8.680000000000005045, -8.999096241908285165, 5.458976968528794771 ) ) ;
#4448 = ADVANCED_FACE ( 'NONE', ( #1794 ), #4681, .T. ) ;
#4449 = UNCERTAINTY_MEASURE_WITH_UNIT (LENGTH_MEASURE( 1.000000000000000082E-05 ), #5138, 'distance_accuracy_value', 'NONE');
#4450 = FILL_AREA_STYLE ('',( #3926 ) ) ;
#4451 = SURFACE_SIDE_STYLE ('',( #6505 ) ) ;
#4452 = CARTESIAN_POINT ( 'NONE',  ( 8.680000000000001492, -10.07622410128317014, -3.074210346773936120 ) ) ;
#4453 =( BOUNDED_SURFACE ( )  B_SPLINE_SURFACE ( 3, 3, ( 
 ( #1039, #6407, #5341, #1709 ),
 ( #1606, #614, #5996, #4353 ),
 ( #2646, #1142, #4391, #3324 ),
 ( #5475, #3751, #5896, #649 ) ),
 .UNSPECIFIED., .F., .F., .T. ) 
 B_SPLINE_SURFACE_WITH_KNOTS ( ( 4, 4 ),
 ( 4, 4 ),
 ( 0.000000000000000000, 1.000000000000000000 ),
 ( 0.000000000000000000, 1.000000000000000000 ),
 .UNSPECIFIED. ) 
 GEOMETRIC_REPRESENTATION_ITEM ( )  RATIONAL_B_SPLINE_SURFACE ( (
 ( 1.000000000000000000, 0.3333333333333332038, 0.3333333333333332038, 1.000000000000000000),
 ( 0.3333333333333337034, 0.1111111111111111882, 0.1111111111111111882, 0.3333333333333337034),
 ( 0.3333333333333337034, 0.1111111111111111882, 0.1111111111111111882, 0.3333333333333337034),
 ( 1.000000000000000000, 0.3333333333333332038, 0.3333333333333332038, 1.000000000000000000) ) ) 
 REPRESENTATION_ITEM ( '' )  SURFACE ( )  );
#4454 = CARTESIAN_POINT ( 'NONE',  ( 9.000000000000001776, 7.072122350771457455, 3.294881561108187640 ) ) ;
#4455 = CARTESIAN_POINT ( 'NONE',  ( 0.000000000000000000, -6.492525959496312282, 4.323352065297856761 ) ) ;
#4456 = CARTESIAN_POINT ( 'NONE',  ( 9.000000000000003553, 7.664358147291742362, 1.448609838834972185 ) ) ;
#4457 = UNCERTAINTY_MEASURE_WITH_UNIT (LENGTH_MEASURE( 1.000000000000000082E-05 ), #1959, 'distance_accuracy_value', 'NONE');
#4458 = CARTESIAN_POINT ( 'NONE',  ( 8.329999999999989413, 13.45000000000003126, 2.470643318836658188E-15 ) ) ;
#4459 = SURFACE_STYLE_FILL_AREA ( #3894 ) ;
#4460 = COLOUR_RGB ( '',0.2235294117647058654, 0.4901960784313725283, 0.6901960784313725394 ) ;
#4461 = CARTESIAN_POINT ( 'NONE',  ( 8.480000000000002203, -4.688296134653166192, 9.434971204524282840 ) ) ;
#4462 = ORIENTED_EDGE ( 'NONE', *, *, #287, .T. ) ;
#4463 = AXIS2_PLACEMENT_3D ( 'NONE', #6547, #6009, #6627 ) ;
#4464 = ORIENTED_EDGE ( 'NONE', *, *, #1973, .T. ) ;
#4465 = AXIS2_PLACEMENT_3D ( 'NONE', #3762, #61, #5877 ) ;
#4466 = CARTESIAN_POINT ( 'NONE',  ( 7.780000000000002025, 13.18411609112119720, -4.731336235744834084 ) ) ;
#4467 = STYLED_ITEM ( 'NONE', ( #4148 ), #270 ) ;
#4468 = CARTESIAN_POINT ( 'NONE',  ( 0.8699999999999999956, 14.51483715649648687, -9.239292051726977769E-16 ) ) ;
#4469 = CARTESIAN_POINT ( 'NONE',  ( 9.000000000000000000, 7.405062971398948868, -2.456352732842239206 ) ) ;
#4470 =( NAMED_UNIT ( * ) PLANE_ANGLE_UNIT ( ) SI_UNIT ( $, .RADIAN. ) );
#4471 = CARTESIAN_POINT ( 'NONE',  ( 8.699999999999999289, -15.99999999999998934, 31.99999999999998579 ) ) ;
#4472 = CARTESIAN_POINT ( 'NONE',  ( 1.219999999999999973, -5.535944386293481401, 12.85996201843439657 ) ) ;
#4473 = MECHANICAL_DESIGN_GEOMETRIC_PRESENTATION_REPRESENTATION (  '', ( #3909 ), #5369 ) ;
#4474 = CARTESIAN_POINT ( 'NONE',  ( 0.5200000000000000178, -6.281383935468980440, 8.448620297006479873 ) ) ;
#4475 = CARTESIAN_POINT ( 'NONE',  ( 2.671465744100002038, 10.22500049999999661, -20.45000100000001098 ) ) ;
#4476 = AXIS2_PLACEMENT_3D ( 'NONE', #2361, #6614, #1212 ) ;
#4477 = EDGE_CURVE ( 'NONE', #6755, #5489, #2202, .T. ) ;
#4478 = CARTESIAN_POINT ( 'NONE',  ( 3.354923136367210290, 7.305243633907713807, -8.742618444552908485 ) ) ;
#4479 =( NAMED_UNIT ( * ) SI_UNIT ( $, .STERADIAN. ) SOLID_ANGLE_UNIT ( ) );
#4480 = MECHANICAL_DESIGN_GEOMETRIC_PRESENTATION_REPRESENTATION (  '', ( #1557 ), #214 ) ;
#4481 = CARTESIAN_POINT ( 'NONE',  ( 6.187234222033129782, 0.000000000000000000, 0.000000000000000000 ) ) ;
#4482 = CARTESIAN_POINT ( 'NONE',  ( 8.480000000000002203, -9.655181985510877141, -4.204740368895802050 ) ) ;
#4483 = CARTESIAN_POINT ( 'NONE',  ( 8.129999999999997229, -13.65000000000000924, 27.29999999999998650 ) ) ;
#4484 = COLOUR_RGB ( '',0.5098039215686274161, 0.5098039215686274161, 0.5490196078431373028 ) ;
#4485 = FILL_AREA_STYLE_COLOUR ( '', #6107 ) ;
#4486 = CARTESIAN_POINT ( 'NONE',  ( 1.220000000000000195, 11.84576243687556207, -7.462014705363582578 ) ) ;
#4487 = ORIENTED_EDGE ( 'NONE', *, *, #4692, .F. ) ;
#4488 = CARTESIAN_POINT ( 'NONE',  ( 3.354923136367210290, 0.3096358389863430038, -12.78153448809575821 ) ) ;
#4489 = CARTESIAN_POINT ( 'NONE',  ( 8.680000000000008598, -10.17027191870347735, 2.747115858731156823 ) ) ;
#4490 = STYLED_ITEM ( 'NONE', ( #1642 ), #5652 ) ;
#4491 = DIRECTION ( 'NONE',  ( -1.000000000000000000, 0.000000000000000000, 0.000000000000000000 ) ) ;
#4492 = CARTESIAN_POINT ( 'NONE',  ( 8.680000000000005045, -7.699077894429637858, -7.185546829810277814 ) ) ;
#4493 = COLOUR_RGB ( '',0.5098039215686274161, 0.5098039215686274161, 0.5490196078431373028 ) ;
#4494 = CARTESIAN_POINT ( 'NONE',  ( 3.557454002911171198, 11.20749561838898778, -2.102132231989687572 ) ) ;
#4495 = CARTESIAN_POINT ( 'NONE',  ( 9.000000000000001776, 7.240715517517911870, 2.900517994467422866 ) ) ;
#4496 = STYLED_ITEM ( 'NONE', ( #1199 ), #5997 ) ;
#4497 = CARTESIAN_POINT ( 'NONE',  ( 9.000000000000001776, 7.658078697199424134, 1.481484670292295469 ) ) ;
#4498 = CARTESIAN_POINT ( 'NONE',  ( 1.219999999999971774, 0.000000000000000000, -13.58687198849534994 ) ) ;
#4499 = FACE_OUTER_BOUND ( 'NONE', #6319, .T. ) ;
#4500 = ORIENTED_EDGE ( 'NONE', *, *, #5069, .T. ) ;
#4501 = ORIENTED_EDGE ( 'NONE', *, *, #1357, .T. ) ;
#4502 = CARTESIAN_POINT ( 'NONE',  ( 7.780000000000003801, 12.99517521805238118, -5.208287949175931075 ) ) ;
#4503 = CARTESIAN_POINT ( 'NONE',  ( 0.6700000000000119194, -13.45000000000003126, 2.503297876489537672E-15 ) ) ;
#4504 = CARTESIAN_POINT ( 'NONE',  ( 9.000000000000000000, 4.490973237977506471, -6.377776128816188717 ) ) ;
#4505 = ORIENTED_EDGE ( 'NONE', *, *, #2523, .F. ) ;
#4506 = CARTESIAN_POINT ( 'NONE',  ( 8.680000000000003268, 10.34926456871193068, 1.109305972193208098E-14 ) ) ;
#4507 = MECHANICAL_DESIGN_GEOMETRIC_PRESENTATION_REPRESENTATION (  '', ( #5742 ), #4183 ) ;
#4508 = CARTESIAN_POINT ( 'NONE',  ( 8.999999999999994671, -15.87573593128806593, 31.75147186257613896 ) ) ;
#4509 = CARTESIAN_POINT ( 'NONE',  ( 0.8699999999999999956, 14.51483715649648687, -8.887480903271369140E-16 ) ) ;
#4510 = CARTESIAN_POINT ( 'NONE',  ( 0.5200000000000000178, 3.832879081347317474, 9.802377377084459553 ) ) ;
#4511 = CARTESIAN_POINT ( 'NONE',  ( 0.3199999999999980083, -10.34926456871192713, 20.69852913742386136 ) ) ;
#4512 = SURFACE_STYLE_FILL_AREA ( #6599 ) ;
#4513 = ORIENTED_EDGE ( 'NONE', *, *, #914, .T. ) ;
#4514 = PRESENTATION_STYLE_ASSIGNMENT (( #6665 ) ) ;
#4515 = CARTESIAN_POINT ( 'NONE',  ( 4.500000000000000888, 14.13099999999999135, -28.26199999999999335 ) ) ;
#4516 = CARTESIAN_POINT ( 'NONE',  ( 8.480000000000000426, -10.52500050000000265, -2.478505833127148046E-15 ) ) ;
#4517 = STYLED_ITEM ( 'NONE', ( #2491 ), #4208 ) ;
#4518 = CARTESIAN_POINT ( 'NONE',  ( 8.130000000000000782, -14.34999999999999964, -4.393333333379124471E-15 ) ) ;
#4519 = EDGE_CURVE ( 'NONE', #6667, #1751, #4566, .T. ) ;
#4520 = DIRECTION ( 'NONE',  ( -1.930254370002621001E-16, -1.000000000000000000, 0.000000000000000000 ) ) ;
#4521 = CARTESIAN_POINT ( 'NONE',  ( 1.220000000000000417, -2.993771136292035173, -13.68370583822003006 ) ) ;
#4522 = EDGE_LOOP ( 'NONE', ( #837, #808, #3511, #1860, #6687 ) ) ;
#4523 = DIRECTION ( 'NONE',  ( -1.000000000000000000, 1.224606353822379970E-16, 6.324939855608260769E-48 ) ) ;
#4524 = COLOUR_RGB ( '',0.5098039215686274161, 0.5098039215686274161, 0.5490196078431373028 ) ;
#4525 = CARTESIAN_POINT ( 'NONE',  ( 8.680000000000006821, 4.688296134663442416, 9.434971204518223686 ) ) ;
#4526 = CARTESIAN_POINT ( 'NONE',  ( 1.419999999999999929, 0.000000000000000000, 14.55000000000000071 ) ) ;
#4527 = CARTESIAN_POINT ( 'NONE',  ( 8.679999999999999716, -10.52500050000000265, -2.478505833127148046E-15 ) ) ;
#4528 = CARTESIAN_POINT ( 'NONE',  ( 1.219999999999999973, 14.00000000000000000, -2.163335699814639529E-15 ) ) ;
#4529 = UNCERTAINTY_MEASURE_WITH_UNIT (LENGTH_MEASURE( 1.000000000000000082E-05 ), #5333, 'distance_accuracy_value', 'NONE');
#4530 = FACE_OUTER_BOUND ( 'NONE', #740, .T. ) ;
#4531 =( LENGTH_UNIT ( ) NAMED_UNIT ( * ) SI_UNIT ( .MILLI., .METRE. ) );
#4532 = ORIENTED_EDGE ( 'NONE', *, *, #2207, .T. ) ;
#4533 = ORIENTED_EDGE ( 'NONE', *, *, #1829, .T. ) ;
#4534 = CARTESIAN_POINT ( 'NONE',  ( 7.780000000000001137, 11.68558643017416721, -7.710415131018424795 ) ) ;
#4535 = CARTESIAN_POINT ( 'NONE',  ( -0.06738468756216745015, 13.73712324117466466, -8.744245092613536353E-16 ) ) ;
#4536 = CARTESIAN_POINT ( 'NONE',  ( 9.000000000000001776, 7.675529549962774034, -1.388240317549304770 ) ) ;
#4537 = ORIENTED_EDGE ( 'NONE', *, *, #1871, .T. ) ;
#4538 = EDGE_CURVE ( 'NONE', #2495, #6244, #2540, .T. ) ;
#4539 = CARTESIAN_POINT ( 'NONE',  ( 1.219999999999999973, 11.65149826589176385, 7.761844456837868833 ) ) ;
#4540 = CARTESIAN_POINT ( 'NONE',  ( 5.645076863632795927, -4.163524672093486423, 11.37883366667385587 ) ) ;
#4541 = CARTESIAN_POINT ( 'NONE',  ( 0.8700000000000009948, 0.000000000000000000, 0.000000000000000000 ) ) ;
#4542 = AXIS2_PLACEMENT_3D ( 'NONE', #6843, #4124, #3056 ) ;
#4543 = CARTESIAN_POINT ( 'NONE',  ( 6.328534255899995742, 0.000000000000000000, 0.000000000000000000 ) ) ;
#4544 = FILL_AREA_STYLE ('',( #237 ) ) ;
#4545 = DIRECTION ( 'NONE',  ( 0.000000000000000000, 6.123031769111889989E-17, 1.000000000000000000 ) ) ;
#4546 = CARTESIAN_POINT ( 'NONE',  ( 1.219999999999999751, -0.4279778652972320852, -14.00001621236401483 ) ) ;
#4547 = EDGE_LOOP ( 'NONE', ( #2300, #5458, #2385, #5947 ) ) ;
#4548 =( GEOMETRIC_REPRESENTATION_CONTEXT ( 3 ) GLOBAL_UNCERTAINTY_ASSIGNED_CONTEXT ( ( #5521 ) ) GLOBAL_UNIT_ASSIGNED_CONTEXT ( ( #6021, #2255, #156 ) ) REPRESENTATION_CONTEXT ( 'NONE', 'WORKASPACE' ) );
#4549 = CARTESIAN_POINT ( 'NONE',  ( 8.680000000000006821, 3.832879081346585171, 9.802377377084825483 ) ) ;
#4550 = SURFACE_SIDE_STYLE ('',( #2389 ) ) ;
#4551 = FACE_OUTER_BOUND ( 'NONE', #1726, .T. ) ;
#4552 = PRESENTATION_LAYER_ASSIGNMENT (  '', '', ( #3664 ) ) ;
#4553 = PRESENTATION_STYLE_ASSIGNMENT (( #6754 ) ) ;
#4554 = EDGE_CURVE ( 'NONE', #5848, #3835, #200, .T. ) ;
#4555 = SURFACE_STYLE_USAGE ( .BOTH. , #280 ) ;
#4556 = PRESENTATION_STYLE_ASSIGNMENT (( #5623 ) ) ;
#4557 = AXIS2_PLACEMENT_3D ( 'NONE', #1417, #382, #2501 ) ;
#4558 = VERTEX_POINT ( 'NONE', #1858 ) ;
#4559 = ORIENTED_EDGE ( 'NONE', *, *, #4554, .F. ) ;
#4560 = CARTESIAN_POINT ( 'NONE',  ( 6.328534255899996630, 10.22500050000000194, 20.45000100000000032 ) ) ;
#4561 = CARTESIAN_POINT ( 'NONE',  ( 0.5199999999999999067, 3.956780790859336427, -9.753023726623249345 ) ) ;
#4562 = CARTESIAN_POINT ( 'NONE',  ( 9.000000000000000000, -7.240715517517968713, -2.900517994467147087 ) ) ;
#4563 = EDGE_LOOP ( 'NONE', ( #38, #4430 ) ) ;
#4564 = STYLED_ITEM ( 'NONE', ( #6912 ), #182 ) ;
#4565 = CARTESIAN_POINT ( 'NONE',  ( 0.3199999999999980083, 5.461843338599198461, 9.003924689716706453 ) ) ;
#4566 = CIRCLE ( 'NONE', #3223, 16.00000000000000000 ) ;
#4567 = CARTESIAN_POINT ( 'NONE',  ( 1.219999999999999973, 11.48224103428550968, 8.011528302907464649 ) ) ;
#4568 =( GEOMETRIC_REPRESENTATION_CONTEXT ( 3 ) GLOBAL_UNCERTAINTY_ASSIGNED_CONTEXT ( ( #4753 ) ) GLOBAL_UNIT_ASSIGNED_CONTEXT ( ( #4221, #6274, #1467 ) ) REPRESENTATION_CONTEXT ( 'NONE', 'WORKASPACE' ) );
#4569 = CARTESIAN_POINT ( 'NONE',  ( 2.342441272541675001, 5.991190625636257927, 8.772572175156675200 ) ) ;
#4570 = COLOUR_RGB ( '',0.2235294117647058654, 0.4901960784313725283, 0.6901960784313725394 ) ;
#4571 = CARTESIAN_POINT ( 'NONE',  ( 4.611051947974984522, 8.714362875459793045, -2.278114490517725077 ) ) ;
#4572 = SURFACE_STYLE_USAGE ( .BOTH. , #2949 ) ;
#4573 = SURFACE_STYLE_FILL_AREA ( #3024 ) ;
#4574 = CARTESIAN_POINT ( 'NONE',  ( 5.645076863632793263, -9.355855050800585104, -2.886976803172145001 ) ) ;
#4575 = VECTOR ( 'NONE', #2294, 1000.000000000000000 ) ;
#4576 = CARTESIAN_POINT ( 'NONE',  ( 1.176230886931862729, -14.51483715649648154, 29.02967431299297019 ) ) ;
#4577 = CARTESIAN_POINT ( 'NONE',  ( 8.480000000000000426, -10.35316839353896512, -1.894194247332107173 ) ) ;
#4578 = CARTESIAN_POINT ( 'NONE',  ( 6.657558727458328107, 5.105640003070850419, 10.44770227675047991 ) ) ;
#4579 = CARTESIAN_POINT ( 'NONE',  ( 0.5200000000000000178, -10.52500050000000620, -21.05000099999999819 ) ) ;
#4580 = FACE_BOUND ( 'NONE', #2170, .T. ) ;
#4581 = FILL_AREA_STYLE_COLOUR ( '', #4460 ) ;
#4582 = CARTESIAN_POINT ( 'NONE',  ( 2.116382888983430188, 0.000000000000000000, 0.000000000000000000 ) ) ;
#4583 = EDGE_LOOP ( 'NONE', ( #1261, #6589, #2145, #4339 ) ) ;
#4584 = COLOUR_RGB ( '',0.5098039215686274161, 0.5098039215686274161, 0.5490196078431373028 ) ;
#4585 = CARTESIAN_POINT ( 'NONE',  ( 8.129999999999999005, -14.51483715649647799, -29.02967431299297374 ) ) ;
#4586 = CARTESIAN_POINT ( 'NONE',  ( 8.680000000000008598, 8.062546764660961429, 6.782617995820999113 ) ) ;
#4587 = CARTESIAN_POINT ( 'NONE',  ( 0.000000000000000000, -4.211933004074857934, 6.565369242160874030 ) ) ;
#4588 = STYLED_ITEM ( 'NONE', ( #6822 ), #5184 ) ;
#4589 = CARTESIAN_POINT ( 'NONE',  ( 0.1700000000000067013, 14.34999999999999964, 28.69999999999998863 ) ) ;
#4590 = CARTESIAN_POINT ( 'NONE',  ( 0.5200000000000000178, 7.202826007181609886E-16, 11.76349605683389932 ) ) ;
#4591 = CIRCLE ( 'NONE', #5041, 2.380999999999999783 ) ;
#4592 = CARTESIAN_POINT ( 'NONE',  ( 0.3199999999999919575, -5.910751103028188069, -8.709016886550374537 ) ) ;
#4593 = CIRCLE ( 'NONE', #1223, 13.45000000000003126 ) ;
#4594 = DIRECTION ( 'NONE',  ( 0.8494487772132460757, -0.5252426102889908854, -0.05056654257241920136 ) ) ;
#4595 = CARTESIAN_POINT ( 'NONE',  ( 5.442545997088829246, 12.41050538161101180, 2.102132231989689348 ) ) ;
#4596 = DIRECTION ( 'NONE',  ( 0.000000000000000000, 1.000000000000000000, -6.123031769111887524E-17 ) ) ;
#4597 = UNCERTAINTY_MEASURE_WITH_UNIT (LENGTH_MEASURE( 1.000000000000000082E-05 ), #6885, 'distance_accuracy_value', 'NONE');
#4598 =( LENGTH_UNIT ( ) NAMED_UNIT ( * ) SI_UNIT ( .MILLI., .METRE. ) );
#4599 = CARTESIAN_POINT ( 'NONE',  ( 8.999999999999996447, -7.624264068711926967, 15.24852813742385749 ) ) ;
#4600 = AXIS2_PLACEMENT_3D ( 'NONE', #3098, #1153, #3862 ) ;
#4601 = ORIENTED_EDGE ( 'NONE', *, *, #6644, .F. ) ;
#4602 = EDGE_CURVE ( 'NONE', #348, #1361, #4134, .T. ) ;
#4603 = ORIENTED_EDGE ( 'NONE', *, *, #5961, .F. ) ;
#4604 = SURFACE_STYLE_FILL_AREA ( #319 ) ;
#4605 = PRESENTATION_LAYER_ASSIGNMENT (  '', '', ( #679 ) ) ;
#4606 = CARTESIAN_POINT ( 'NONE',  ( 0.5200000000000000178, 4.161873780654351762, -9.667920872248021880 ) ) ;
#4607 = DIRECTION ( 'NONE',  ( -1.000000000000000000, 0.000000000000000000, 0.000000000000000000 ) ) ;
#4608 = ORIENTED_EDGE ( 'NONE', *, *, #4435, .F. ) ;
#4609 = CARTESIAN_POINT ( 'NONE',  ( 4.500000000000000888, 9.046219211814230832, -7.590679204182150031 ) ) ;
#4610 = CARTESIAN_POINT ( 'NONE',  ( 0.3199999999999981193, -5.230990780495517356, 9.136145673651952848 ) ) ;
#4611 = DIRECTION ( 'NONE',  ( 0.000000000000000000, 1.000000000000000000, -6.123031769111889989E-17 ) ) ;
#4612 = CARTESIAN_POINT ( 'NONE',  ( 1.219999999999999973, 4.782480242028659845, 13.15868910301028016 ) ) ;
#4613 = CARTESIAN_POINT ( 'NONE',  ( 3.557454002911171198, 1.449106535281858621, 9.527463015735312624 ) ) ;
#4614 = DIRECTION ( 'NONE',  ( -1.000000000000000000, 0.000000000000000000, 0.000000000000000000 ) ) ;
#4615 =( NAMED_UNIT ( * ) PLANE_ANGLE_UNIT ( ) SI_UNIT ( $, .RADIAN. ) );
#4616 = CARTESIAN_POINT ( 'NONE',  ( 8.479999999999996874, -9.892524181371962655, -3.595368540862353246 ) ) ;
#4617 = FACE_OUTER_BOUND ( 'NONE', #677, .T. ) ;
#4618 = PLANE ( 'NONE',  #2019 ) ;
#4619 = AXIS2_PLACEMENT_3D ( 'NONE', #2180, #4345, #6460 ) ;
#4620 = SURFACE_STYLE_USAGE ( .BOTH. , #2459 ) ;
#4621 = CARTESIAN_POINT ( 'NONE',  ( 1.219999999999999751, -13.75585941807473311, -2.603286763888878141 ) ) ;
#4622 = ORIENTED_EDGE ( 'NONE', *, *, #1500, .F. ) ;
#4623 = DIRECTION ( 'NONE',  ( 0.000000000000000000, 6.123031769111889989E-17, 1.000000000000000000 ) ) ;
#4624 = CARTESIAN_POINT ( 'NONE',  ( -0.000000000000000000, -2.993272501209156999, -7.202877213241980492 ) ) ;
#4625 = SURFACE_STYLE_USAGE ( .BOTH. , #5674 ) ;
#4626 = CARTESIAN_POINT ( 'NONE',  ( 7.780000000000001137, 2.573784607790878365, 13.76140690439553183 ) ) ;
#4627 = MECHANICAL_DESIGN_GEOMETRIC_PRESENTATION_REPRESENTATION (  '', ( #16 ), #807 ) ;
#4628 = EDGE_CURVE ( 'NONE', #1379, #356, #6915, .T. ) ;
#4629 = PRESENTATION_STYLE_ASSIGNMENT (( #1280 ) ) ;
#4630 = CARTESIAN_POINT ( 'NONE',  ( 5.645076863632792374, -9.355855050800581552, 5.190855283913657026 ) ) ;
#4631 = CARTESIAN_POINT ( 'NONE',  ( 0.3199999999999936784, -9.817197108054660504, -3.794741857846003708 ) ) ;
#4632 =( GEOMETRIC_REPRESENTATION_CONTEXT ( 3 ) GLOBAL_UNCERTAINTY_ASSIGNED_CONTEXT ( ( #5083 ) ) GLOBAL_UNIT_ASSIGNED_CONTEXT ( ( #1371, #5701, #4126 ) ) REPRESENTATION_CONTEXT ( 'NONE', 'WORKASPACE' ) );
#4633 = CARTESIAN_POINT ( 'NONE',  ( 2.812765777966869329, -13.43000050000000023, 2.488485120737278892E-15 ) ) ;
#4634 = EDGE_LOOP ( 'NONE', ( #1292, #6255, #3476, #1155, #2373 ) ) ;
#4635 = CARTESIAN_POINT ( 'NONE',  ( 1.419999999999973284, 1.650888804042352353E-15, 13.48053010216305125 ) ) ;
#4636 = CARTESIAN_POINT ( 'NONE',  ( 8.999999999999998224, -7.799999999999999822, 1.442372910885477310E-15 ) ) ;
#4637 = VERTEX_POINT ( 'NONE', #672 ) ;
#4638 = CARTESIAN_POINT ( 'NONE',  ( 0.5200000000000001288, 9.911618546505442495, 3.556992897986527957 ) ) ;
#4639 = ORIENTED_EDGE ( 'NONE', *, *, #2390, .F. ) ;
#4640 = PRESENTATION_STYLE_ASSIGNMENT (( #3623 ) ) ;
#4641 = CARTESIAN_POINT ( 'NONE',  ( 0.5199999999999999067, 5.833767825327806911, -8.760741545164457023 ) ) ;
#4642 = CARTESIAN_POINT ( 'NONE',  ( 9.000000000000003553, -1.213718188942271681, -7.705400801249655096 ) ) ;
#4643 = EDGE_CURVE ( 'NONE', #2588, #5104, #5018, .T. ) ;
#4644 = CARTESIAN_POINT ( 'NONE',  ( 0.3199999999999982303, 3.956780790857630237, 9.753023726624265421 ) ) ;
#4645 = CARTESIAN_POINT ( 'NONE',  ( 3.354923136367207626, 0.3096358389863429483, -12.78153448809575821 ) ) ;
#4646 = CARTESIAN_POINT ( 'NONE',  ( 7.779999999999998472, -13.88552962908089228, -1.809271213475727835 ) ) ;
#4647 = FACE_OUTER_BOUND ( 'NONE', #339, .T. ) ;
#4648 = EDGE_CURVE ( 'NONE', #3771, #375, #3898, .T. ) ;
#4649 = ORIENTED_EDGE ( 'NONE', *, *, #561, .T. ) ;
#4650 = EDGE_CURVE ( 'NONE', #3081, #2534, #1925, .T. ) ;
#4651 = CARTESIAN_POINT ( 'NONE',  ( 4.500000000000000888, -14.13099999999999490, 28.26199999999999335 ) ) ;
#4652 = CARTESIAN_POINT ( 'NONE',  ( -6.059181484646916083, 11.43904698606697679, 8.943617716108724025 ) ) ;
#4653 = CARTESIAN_POINT ( 'NONE',  ( 5.645076863632792374, -4.163524672093484646, 11.37883366667385943 ) ) ;
#4654 =( NAMED_UNIT ( * ) PLANE_ANGLE_UNIT ( ) SI_UNIT ( $, .RADIAN. ) );
#4655 = CARTESIAN_POINT ( 'NONE',  ( 1.219999999999999751, -12.93965546484876228, -5.345239632865722790 ) ) ;
#4656 = VERTEX_POINT ( 'NONE', #3122 ) ;
#4657 = SURFACE_SIDE_STYLE ('',( #4243 ) ) ;
#4658 = EDGE_LOOP ( 'NONE', ( #3940, #6196, #3976, #2969 ) ) ;
#4659 = CARTESIAN_POINT ( 'NONE',  ( -0.000000000000000000, -5.026611161203020650, -5.975042505108916657 ) ) ;
#4660 = CARTESIAN_POINT ( 'NONE',  ( 7.780000000000000249, -10.24109058968044828, 9.557925559906069068 ) ) ;
#4661 = LINE ( 'NONE', #6783, #5118 ) ;
#4662 = SURFACE_STYLE_FILL_AREA ( #5678 ) ;
#4663 = DIRECTION ( 'NONE',  ( 1.000000000000000000, -1.224606353822380216E-16, -6.366453624330780039E-47 ) ) ;
#4664 = MECHANICAL_DESIGN_GEOMETRIC_PRESENTATION_REPRESENTATION (  '', ( #5929 ), #2728 ) ;
#4665 = FILL_AREA_STYLE ('',( #4218 ) ) ;
#4666 = SURFACE_SIDE_STYLE ('',( #385 ) ) ;
#4667 = PRESENTATION_LAYER_ASSIGNMENT (  '', '', ( #736 ) ) ;
#4668 = PRESENTATION_STYLE_ASSIGNMENT (( #1985 ) ) ;
#4669 = CARTESIAN_POINT ( 'NONE',  ( -1.076072228735579055E-17, -7.624264068711930520, -15.24852813742384683 ) ) ;
#4670 = CARTESIAN_POINT ( 'NONE',  ( 8.480000000000005755, 9.271915096386182498, -5.003040405836209459 ) ) ;
#4671 = ORIENTED_EDGE ( 'NONE', *, *, #3523, .T. ) ;
#4672 = AXIS2_PLACEMENT_3D ( 'NONE', #1284, #6062, #246 ) ;
#4673 = CARTESIAN_POINT ( 'NONE',  ( 0.8199999999999999512, 1.252201413360508859E-15, -10.22500050000000194 ) ) ;
#4674 = CARTESIAN_POINT ( 'NONE',  ( 0.5200000000000000178, 1.934931853067104690, -10.34562986253568972 ) ) ;
#4675 = CARTESIAN_POINT ( 'NONE',  ( 9.000000000000007105, -4.718660655040536334, -6.234130950260782456 ) ) ;
#4676 = DIRECTION ( 'NONE',  ( 0.000000000000000000, -1.836949976058542083E-16, -1.000000000000000000 ) ) ;
#4677 = UNCERTAINTY_MEASURE_WITH_UNIT (LENGTH_MEASURE( 1.000000000000000082E-05 ), #2079, 'distance_accuracy_value', 'NONE');
#4678 = CARTESIAN_POINT ( 'NONE',  ( 0.3199999999999982858, 4.161873780648950749, 9.667920872251253073 ) ) ;
#4679 = DIRECTION ( 'NONE',  ( 0.000000000000000000, 0.000000000000000000, 1.000000000000000000 ) ) ;
#4680 = CARTESIAN_POINT ( 'NONE',  ( 1.220000000000000195, 13.76140690439553360, 2.573784607790891688 ) ) ;
#4681 =( BOUNDED_SURFACE ( )  B_SPLINE_SURFACE ( 3, 3, ( 
 ( #4468, #1230, #1753, #5023 ),
 ( #4432, #141, #5556, #1722 ),
 ( #4535, #739, #706, #3866 ),
 ( #1331, #216, #2343, #4503 ) ),
 .UNSPECIFIED., .F., .F., .F. ) 
 B_SPLINE_SURFACE_WITH_KNOTS ( ( 4, 4 ),
 ( 4, 4 ),
 ( 0.000000000000000000, 1.000000000000000000 ),
 ( 0.000000000000000000, 1.000000000000000000 ),
 .UNSPECIFIED. ) 
 GEOMETRIC_REPRESENTATION_ITEM ( )  RATIONAL_B_SPLINE_SURFACE ( (
 ( 1.000000000000000000, 0.3333333333333334259, 0.3333333333333334259, 1.000000000000000000),
 ( 0.4563962555373253238, 0.1521320851791084783, 0.1521320851791084783, 0.4563962555373253238),
 ( 0.4563962555373253238, 0.1521320851791084783, 0.1521320851791084783, 0.4563962555373253238),
 ( 1.000000000000000000, 0.3333333333333334259, 0.3333333333333334259, 1.000000000000000000) ) ) 
 REPRESENTATION_ITEM ( '' )  SURFACE ( )  );
#4682 = CARTESIAN_POINT ( 'NONE',  ( 4.227533266719332161, 7.194200388858281059, 12.97683663913605123 ) ) ;
#4683 = STYLED_ITEM ( 'NONE', ( #5964 ), #62 ) ;
#4684 = SURFACE_SIDE_STYLE ('',( #3631 ) ) ;
#4685 = UNCERTAINTY_MEASURE_WITH_UNIT (LENGTH_MEASURE( 1.000000000000000082E-05 ), #5523, 'distance_accuracy_value', 'NONE');
#4686 = PRESENTATION_STYLE_ASSIGNMENT (( #2454 ) ) ;
#4687 = CIRCLE ( 'NONE', #2307, 13.00199161366772671 ) ;
#4688 = CARTESIAN_POINT ( 'NONE',  ( 0.8699999999999999956, -13.96363636363640026, 2.565050148387207121E-15 ) ) ;
#4689 = MECHANICAL_DESIGN_GEOMETRIC_PRESENTATION_REPRESENTATION (  '', ( #3902 ), #6684 ) ;
#4690 = FACE_OUTER_BOUND ( 'NONE', #3907, .T. ) ;
#4691 = CARTESIAN_POINT ( 'NONE',  ( 3.354923136367210290, -12.83780620661361738, -5.190855283913659690 ) ) ;
#4692 = EDGE_CURVE ( 'NONE', #3341, #6243, #1164, .T. ) ;
#4693 = COLOUR_RGB ( '',0.5098039215686274161, 0.5098039215686274161, 0.5490196078431373028 ) ;
#4694 = CARTESIAN_POINT ( 'NONE',  ( 1.219999999999999973, -7.561731025759346636, -11.78234726370730456 ) ) ;
#4695 = ORIENTED_EDGE ( 'NONE', *, *, #914, .F. ) ;
#4696 = CARTESIAN_POINT ( 'NONE',  ( 0.000000000000000000, -7.799999999999999822, 1.583772228651234900E-15 ) ) ;
#4697 = COLOUR_RGB ( '',0.5098039215686274161, 0.5098039215686274161, 0.5490196078431373028 ) ;
#4698 = CARTESIAN_POINT ( 'NONE',  ( 7.779999999999996696, -12.33323471569286767, 6.654785049951319031 ) ) ;
#4699 = CARTESIAN_POINT ( 'NONE',  ( 4.500000000000000888, -14.13100000000000023, 2.595794011168326262E-15 ) ) ;
#4700 =( NAMED_UNIT ( * ) SI_UNIT ( $, .STERADIAN. ) SOLID_ANGLE_UNIT ( ) );
#4701 = CARTESIAN_POINT ( 'NONE',  ( 0.3199999999999943445, -10.35316839353894736, -1.894194247332206205 ) ) ;
#4702 = CIRCLE ( 'NONE', #6039, 10.42500050000000122 ) ;
#4703 =( NAMED_UNIT ( * ) PLANE_ANGLE_UNIT ( ) SI_UNIT ( $, .RADIAN. ) );
#4704 = VERTEX_POINT ( 'NONE', #1181 ) ;
#4705 = CIRCLE ( 'NONE', #4370, 13.43000050000000023 ) ;
#4706 = CARTESIAN_POINT ( 'NONE',  ( 8.130000000000004334, 13.96363636363640026, 2.564993672006155741E-15 ) ) ;
#4707 = SURFACE_STYLE_FILL_AREA ( #2396 ) ;
#4708 = CARTESIAN_POINT ( 'NONE',  ( 0.2999999999999998224, 7.500000000000000000, -2.296197581404421455E-15 ) ) ;
#4709 = COLOUR_RGB ( '',0.5098039215686274161, 0.5098039215686274161, 0.5490196078431373028 ) ;
#4710 = MECHANICAL_DESIGN_GEOMETRIC_PRESENTATION_REPRESENTATION (  '', ( #1444 ), #1677 ) ;
#4711 =( LENGTH_UNIT ( ) NAMED_UNIT ( * ) SI_UNIT ( .MILLI., .METRE. ) );
#4712 = EDGE_LOOP ( 'NONE', ( #6553, #3048, #1823, #631 ) ) ;
#4713 = VERTEX_POINT ( 'NONE', #4528 ) ;
#4714 =( LENGTH_UNIT ( ) NAMED_UNIT ( * ) SI_UNIT ( .MILLI., .METRE. ) );
#4715 = CARTESIAN_POINT ( 'NONE',  ( 0.5200000000000000178, -1.776543663424288377, -10.37411989834017234 ) ) ;
#4716 = CARTESIAN_POINT ( 'NONE',  ( 9.000000000000000000, -5.134897921744410176, -5.895915327477455392 ) ) ;
#4717 = MECHANICAL_DESIGN_GEOMETRIC_PRESENTATION_REPRESENTATION (  '', ( #2119 ), #3362 ) ;
#4718 = CARTESIAN_POINT ( 'NONE',  ( 0.3199999999999957323, -10.29143073051800705, 2.207975672685089652 ) ) ;
#4719 = EDGE_CURVE ( 'NONE', #3690, #5294, #5367, .T. ) ;
#4720 = PRESENTATION_STYLE_ASSIGNMENT (( #2559 ) ) ;
#4721 = STYLED_ITEM ( 'NONE', ( #145 ), #2429 ) ;
#4722 = CARTESIAN_POINT ( 'NONE',  ( 8.480000000000002203, 0.6434076856612247486, 10.52496807951833802 ) ) ;
#4723 = AXIS2_PLACEMENT_3D ( 'NONE', #4609, #2065, #1506 ) ;
#4724 = MECHANICAL_DESIGN_GEOMETRIC_PRESENTATION_REPRESENTATION (  '', ( #679 ), #5619 ) ;
#4725 = PRESENTATION_STYLE_ASSIGNMENT (( #2981 ) ) ;
#4726 =( LENGTH_UNIT ( ) NAMED_UNIT ( * ) SI_UNIT ( .MILLI., .METRE. ) );
#4727 = CARTESIAN_POINT ( 'NONE',  ( 7.780000000000003801, 14.20502525316941522, 6.088562368806044863E-15 ) ) ;
#4728 = CARTESIAN_POINT ( 'NONE',  ( 8.699999999999999289, 7.500000000000001776, -2.296197581404421850E-15 ) ) ;
#4729 =( BOUNDED_SURFACE ( )  B_SPLINE_SURFACE ( 3, 3, ( 
 ( #4732, #4133, #337, #1411 ),
 ( #5222, #6262, #3635, #5777 ),
 ( #1909, #2413, #5669, #2955 ),
 ( #4691, #958, #3100, #4100 ) ),
 .UNSPECIFIED., .F., .F., .T. ) 
 B_SPLINE_SURFACE_WITH_KNOTS ( ( 4, 4 ),
 ( 4, 4 ),
 ( 0.000000000000000000, 1.000000000000000000 ),
 ( 0.000000000000000000, 1.000000000000000000 ),
 .UNSPECIFIED. ) 
 GEOMETRIC_REPRESENTATION_ITEM ( )  RATIONAL_B_SPLINE_SURFACE ( (
 ( 1.000000000000000000, 0.3333333333333337034, 0.3333333333333337034, 1.000000000000000000),
 ( 0.3333333333333333703, 0.1111111111111112437, 0.1111111111111112437, 0.3333333333333333703),
 ( 0.3333333333333333703, 0.1111111111111112437, 0.1111111111111112437, 0.3333333333333333703),
 ( 1.000000000000000000, 0.3333333333333337034, 0.3333333333333337034, 1.000000000000000000) ) ) 
 REPRESENTATION_ITEM ( '' )  SURFACE ( )  );
#4730 = SURFACE_SIDE_STYLE ('',( #2077 ) ) ;
#4731 = PRESENTATION_STYLE_ASSIGNMENT (( #4068 ) ) ;
#4732 = CARTESIAN_POINT ( 'NONE',  ( 5.645076863632790598, -9.355855050800583328, -2.886976803172141004 ) ) ;
#4733 = FILL_AREA_STYLE_COLOUR ( '', #5980 ) ;
#4734 = ORIENTED_EDGE ( 'NONE', *, *, #4435, .T. ) ;
#4735 = LINE ( 'NONE', #5780, #3163 ) ;
#4736 = CARTESIAN_POINT ( 'NONE',  ( -0.000000000000000000, -4.490973237977508248, -6.377776128816187828 ) ) ;
#4737 = CARTESIAN_POINT ( 'NONE',  ( 7.780000000000001137, -7.610394298994461515, 11.75097785206638790 ) ) ;
#4738 = SURFACE_STYLE_USAGE ( .BOTH. , #2152 ) ;
#4739 = EDGE_CURVE ( 'NONE', #3993, #3541, #5811, .T. ) ;
#4740 = SURFACE_STYLE_FILL_AREA ( #2466 ) ;
#4741 = DIRECTION ( 'NONE',  ( 1.696550993789004484E-16, 1.000000000000000000, 0.000000000000000000 ) ) ;
#4742 = DIRECTION ( 'NONE',  ( 0.000000000000000000, 1.000000000000000000, 1.836909530733566134E-16 ) ) ;
#4743 = CARTESIAN_POINT ( 'NONE',  ( 5.645076863632786157, -4.163524672093488199, -9.074955185932342516 ) ) ;
#4744 = DIRECTION ( 'NONE',  ( -0.8494487772132454095, 0.5252426102889918846, 0.05056654257241965933 ) ) ;
#4745 = CARTESIAN_POINT ( 'NONE',  ( 8.999999999999998224, 7.799999999999999822, -4.871484075505419518E-16 ) ) ;
#4746 = CARTESIAN_POINT ( 'NONE',  ( 0.5200000000000000178, 10.22663357711939014, 2.498755345896713553 ) ) ;
#4747 = ORIENTED_EDGE ( 'NONE', *, *, #3945, .T. ) ;
#4748 = VERTEX_POINT ( 'NONE', #1889 ) ;
#4749 = CARTESIAN_POINT ( 'NONE',  ( 7.924974746830585559, -14.34999999999998899, -28.69999999999999929 ) ) ;
#4750 = CARTESIAN_POINT ( 'NONE',  ( 9.000000000000000000, -7.298008715864751750, 2.753195702543862033 ) ) ;
#4751 = CARTESIAN_POINT ( 'NONE',  ( -0.000000000000000000, 7.405062971398798766, 2.456352732843320563 ) ) ;
#4752 = CARTESIAN_POINT ( 'NONE',  ( 8.830000000000001847, -14.34999999999999076, -28.69999999999999218 ) ) ;
#4753 = UNCERTAINTY_MEASURE_WITH_UNIT (LENGTH_MEASURE( 1.000000000000000082E-05 ), #4221, 'distance_accuracy_value', 'NONE');
#4754 = CARTESIAN_POINT ( 'NONE',  ( 7.980000000000003091, 10.42500049999999945, 1.289372719293526023E-47 ) ) ;
#4755 = CARTESIAN_POINT ( 'NONE',  ( 8.480000000000002203, 7.955804017003454298, 6.928741887766370233 ) ) ;
#4756 = CARTESIAN_POINT ( 'NONE',  ( 7.780000000000000249, -7.761844456837495798, -11.65149826589213333 ) ) ;
#4757 = EDGE_CURVE ( 'NONE', #842, #5495, #308, .T. ) ;
#4758 =( LENGTH_UNIT ( ) NAMED_UNIT ( * ) SI_UNIT ( .MILLI., .METRE. ) );
#4759 = SURFACE_STYLE_FILL_AREA ( #472 ) ;
#4760 = CARTESIAN_POINT ( 'NONE',  ( 1.219999999999971108, 0.000000000000000000, 0.000000000000000000 ) ) ;
#4761 = DIRECTION ( 'NONE',  ( -1.000000000000000000, 1.224606353822379970E-16, -2.156992460824560062E-33 ) ) ;
#4762 = DIRECTION ( 'NONE',  ( 1.000000000000000000, 0.000000000000000000, 0.000000000000000000 ) ) ;
#4763 = CARTESIAN_POINT ( 'NONE',  ( -0.000000000000000000, 7.626893541893430495, -1.636347767034917355 ) ) ;
#4764 = CARTESIAN_POINT ( 'NONE',  ( 7.779999999999998472, 5.263120434608044462, 12.97306643232886536 ) ) ;
#4765 =( NAMED_UNIT ( * ) SI_UNIT ( $, .STERADIAN. ) SOLID_ANGLE_UNIT ( ) );
#4766 = CYLINDRICAL_SURFACE ( 'NONE', #3821, 10.22500050000000194 ) ;
#4767 =( LENGTH_UNIT ( ) NAMED_UNIT ( * ) SI_UNIT ( .MILLI., .METRE. ) );
#4768 = B_SPLINE_CURVE_WITH_KNOTS ( 'NONE', 3,
 ( #5027, #3981, #2869, #4433, #4954, #6111, #675, #144, #6549, #1755, #1299, #6520, #6045, #6591, #3378, #4020, #1797, #5596, #3485, #5531, #783, #2913, #1724, #5058, #708, #4987, #181, #2301, #261, #2374, #4565, #1900, #3549, #4678, #4164, #4644, #6249, #6288, #1480, #843, #982, #5803, #3592, #1933, #5209, #5091, #6694, #5129, #5249, #4059, #3512, #6182, #2445, #1366, #5658, #1439, #6801, #2000, #6217, #323, #5174, #6766, #920, #2977, #4123, #4610, #3055, #6732, #4090, #1401, #5695, #3628, #5768, #1963, #884, #362, #5737, #3016, #947, #3087, #2486, #3661, #427, #288, #397, #2518, #2558, #4718, #6842, #2036, #4199, #6324, #2403, #1508, #2137 ),
 .UNSPECIFIED., .F., .F.,
 ( 4, 1, 1, 1, 1, 2, 2, 1, 1, 1, 2, 2, 1, 1, 2, 2, 2, 1, 1, 2, 2, 1, 1, 1, 2, 2, 1, 1, 1, 1, 2, 2, 2, 2, 1, 1, 1, 2, 2, 1, 1, 1, 2, 2, 1, 1, 2, 2, 2, 1, 1, 2, 2, 1, 1, 1, 2, 2, 1, 1, 1, 1, 2, 2, 4 ),
 ( 0.7500000000000000000, 0.7656250000000003331, 0.7734375000000004441, 0.7773437500000005551, 0.7792968750000005551, 0.7802734375000005551, 0.7812500000000005551, 0.7968750000000006661, 0.8046875000000006661, 0.8085937500000006661, 0.8105468750000006661, 0.8125000000000006661, 0.8281250000000005551, 0.8359375000000004441, 0.8398437500000004441, 0.8437500000000004441, 0.8750000000000004441, 0.8906250000000004441, 0.8984375000000004441, 0.9023437500000004441, 0.9062500000000004441, 0.9218750000000002220, 0.9296875000000002220, 0.9335937500000002220, 0.9355468750000001110, 0.9375000000000001110, 0.9531249999999997780, 0.9609374999999995559, 0.9648437499999995559, 0.9667968749999994449, 0.9677734374999994449, 0.9687499999999994449, 0.9999999999999993339, 1.015624999999999334, 1.023437499999999334, 1.027343749999999112, 1.029296874999999112, 1.030273437499999112, 1.031249999999999334, 1.046874999999999556, 1.054687499999999556, 1.058593749999999556, 1.060546874999999778, 1.062499999999999778, 1.078124999999999778, 1.085937499999999778, 1.089843749999999778, 1.093749999999999778, 1.125000000000000000, 1.140625000000000000, 1.148437500000000222, 1.152343750000000222, 1.156250000000000222, 1.171875000000000444, 1.179687500000000444, 1.183593750000000444, 1.185546875000000444, 1.187500000000000444, 1.203125000000000222, 1.210937500000000222, 1.214843750000000222, 1.216796875000000222, 1.217773437500000000, 1.218750000000000000, 1.250000000000000000 ),
 .UNSPECIFIED. ) ;
#4769 = PRESENTATION_LAYER_ASSIGNMENT (  '', '', ( #1509 ) ) ;
#4770 =( LENGTH_UNIT ( ) NAMED_UNIT ( * ) SI_UNIT ( .MILLI., .METRE. ) );
#4771 = DIRECTION ( 'NONE',  ( -1.000000000000000000, 0.000000000000000000, 0.000000000000000000 ) ) ;
#4772 = CARTESIAN_POINT ( 'NONE',  ( 0.8700000000000008837, 14.34999999999999254, -28.69999999999999574 ) ) ;
#4773 = COLOUR_RGB ( '',0.5098039215686274161, 0.5098039215686274161, 0.5490196078431373028 ) ;
#4774 = CARTESIAN_POINT ( 'NONE',  ( 0.5200000000000000178, 10.33343986787511426, 1.999022335141154905 ) ) ;
#4775 = ORIENTED_EDGE ( 'NONE', *, *, #1554, .F. ) ;
#4776 = VERTEX_POINT ( 'NONE', #4946 ) ;
#4777 = CARTESIAN_POINT ( 'NONE',  ( 7.780000000000002025, -13.99999999999999112, -27.99999999999999289 ) ) ;
#4778 = CARTESIAN_POINT ( 'NONE',  ( 9.000000000000001776, -6.234130950263597981, 4.718660655036850393 ) ) ;
#4779 = CARTESIAN_POINT ( 'NONE',  ( 0.000000000000000000, 7.264466742299139135, 2.840523383850240613 ) ) ;
#4780 =( NAMED_UNIT ( * ) SI_UNIT ( $, .STERADIAN. ) SOLID_ANGLE_UNIT ( ) );
#4781 = CARTESIAN_POINT ( 'NONE',  ( 8.480000000000002203, 10.52500050000000265, 7.375436318164603546E-15 ) ) ;
#4782 = CARTESIAN_POINT ( 'NONE',  ( 7.779999999999999361, 4.409013662136138656, -13.29108802668403300 ) ) ;
#4783 = PRESENTATION_STYLE_ASSIGNMENT (( #3305 ) ) ;
#4784 = SURFACE_STYLE_FILL_AREA ( #1657 ) ;
#4785 = CARTESIAN_POINT ( 'NONE',  ( 0.6199999999999998845, 10.22500050000000371, -3.130482855727867578E-15 ) ) ;
#4786 = ORIENTED_EDGE ( 'NONE', *, *, #1718, .F. ) ;
#4787 = FILL_AREA_STYLE_COLOUR ( '', #3144 ) ;
#4788 = CARTESIAN_POINT ( 'NONE',  ( 0.000000000000000000, 4.211933004074714937, -6.565369242160856267 ) ) ;
#4789 = FILL_AREA_STYLE_COLOUR ( '', #6939 ) ;
#4790 = DIRECTION ( 'NONE',  ( 1.000000000000000000, -1.224606353822380216E-16, -6.366453624330780039E-47 ) ) ;
#4791 = PRESENTATION_LAYER_ASSIGNMENT (  '', '', ( #867 ) ) ;
#4792 = CARTESIAN_POINT ( 'NONE',  ( 2.812765777966869329, -13.43000050000000023, 2.467023909694121243E-15 ) ) ;
#4793 = ADVANCED_FACE ( 'NONE', ( #1747 ), #6537, .T. ) ;
#4794 = CARTESIAN_POINT ( 'NONE',  ( 0.3199999999999928457, 8.605943207389655569, -6.059894248022072993 ) ) ;
#4795 = PRESENTATION_LAYER_ASSIGNMENT (  '', '', ( #6026 ) ) ;
#4796 = FILL_AREA_STYLE ('',( #2155 ) ) ;
#4797 = CIRCLE ( 'NONE', #1766, 13.48053010216304948 ) ;
#4798 = COLOUR_RGB ( '',0.5098039215686274161, 0.5098039215686274161, 0.5490196078431373028 ) ;
#4799 = STYLED_ITEM ( 'NONE', ( #3793 ), #6907 ) ;
#4800 = CARTESIAN_POINT ( 'NONE',  ( 8.438578643762694398, 10.42500049999999945, 1.117423874709823841E-14 ) ) ;
#4801 = CARTESIAN_POINT ( 'NONE',  ( 0.2999999999999998224, -15.99999999999999645, 2.939119961693667332E-15 ) ) ;
#4802 = CARTESIAN_POINT ( 'NONE',  ( 0.1700000000000049805, -13.65000000000000391, 2.507436717319911116E-15 ) ) ;
#4803 = MECHANICAL_DESIGN_GEOMETRIC_PRESENTATION_REPRESENTATION (  '', ( #432 ), #2104 ) ;
#4804 = SURFACE_SIDE_STYLE ('',( #6412 ) ) ;
#4805 = AXIS2_PLACEMENT_3D ( 'NONE', #6504, #1171, #2851 ) ;
#4806 = FACE_OUTER_BOUND ( 'NONE', #4583, .T. ) ;
#4807 = CARTESIAN_POINT ( 'NONE',  ( 8.480000000000000426, -4.445906607418989687, -9.542869178941502994 ) ) ;
#4808 = AXIS2_PLACEMENT_3D ( 'NONE', #5767, #3085, #6384 ) ;
#4809 = CARTESIAN_POINT ( 'NONE',  ( 0.5199999999999999067, -3.794741857845181254, -9.817197108054992682 ) ) ;
#4810 = CARTESIAN_POINT ( 'NONE',  ( 0.000000000000000000, -1.667883738938614746, 7.623800463141269468 ) ) ;
#4811 = FACE_OUTER_BOUND ( 'NONE', #352, .T. ) ;
#4812 = UNCERTAINTY_MEASURE_WITH_UNIT (LENGTH_MEASURE( 1.000000000000000082E-05 ), #4851, 'distance_accuracy_value', 'NONE');
#4813 = DIRECTION ( 'NONE',  ( 0.000000000000000000, -1.000000000000000000, 1.836949976058554409E-16 ) ) ;
#4814 = SURFACE_STYLE_USAGE ( .BOTH. , #3271 ) ;
#4815 = COLOUR_RGB ( '',0.2235294117647058654, 0.4901960784313725283, 0.6901960784313725394 ) ;
#4816 = ADVANCED_FACE ( 'NONE', ( #2900 ), #5925, .F. ) ;
#4817 = CARTESIAN_POINT ( 'NONE',  ( 8.480000000000000426, -0.8023768771559984803, 10.50306499220109657 ) ) ;
#4818 = AXIS2_PLACEMENT_3D ( 'NONE', #6222, #6849, #3555 ) ;
#4819 = AXIS2_PLACEMENT_3D ( 'NONE', #4034, #3356, #4520 ) ;
#4820 = CARTESIAN_POINT ( 'NONE',  ( 7.779999999999999361, -11.18928603698120128, -8.469612521745037981 ) ) ;
#4821 = CIRCLE ( 'NONE', #3469, 14.13100000000000023 ) ;
#4822 = DIRECTION ( 'NONE',  ( 0.000000000000000000, 1.000000000000000000, -6.123031769111889989E-17 ) ) ;
#4823 = EDGE_LOOP ( 'NONE', ( #139, #1502, #3282, #2352 ) ) ;
#4824 = CARTESIAN_POINT ( 'NONE',  ( 8.380000000000000782, -10.52500050000000087, -3.222288190277488998E-15 ) ) ;
#4825 = CARTESIAN_POINT ( 'NONE',  ( 8.130000000000004334, 14.51483715649648687, 6.221354043751114140E-15 ) ) ;
#4826 = VECTOR ( 'NONE', #1544, 1000.000000000000000 ) ;
#4827 = MECHANICAL_DESIGN_GEOMETRIC_PRESENTATION_REPRESENTATION (  '', ( #6161 ), #550 ) ;
#4828 = FACE_OUTER_BOUND ( 'NONE', #6693, .T. ) ;
#4829 = SURFACE_STYLE_FILL_AREA ( #607 ) ;
#4830 =( GEOMETRIC_REPRESENTATION_CONTEXT ( 3 ) GLOBAL_UNCERTAINTY_ASSIGNED_CONTEXT ( ( #6295 ) ) GLOBAL_UNIT_ASSIGNED_CONTEXT ( ( #6202, #3070, #5151 ) ) REPRESENTATION_CONTEXT ( 'NONE', 'WORKASPACE' ) );
#4831 = CARTESIAN_POINT ( 'NONE',  ( 9.000000000000001776, 0.000000000000000000, 0.000000000000000000 ) ) ;
#4832 =( NAMED_UNIT ( * ) PLANE_ANGLE_UNIT ( ) SI_UNIT ( $, .RADIAN. ) );
#4833 = CARTESIAN_POINT ( 'NONE',  ( 0.3199999999999931233, 9.271915096386724287, -5.003040405835888826 ) ) ;
#4834 = CARTESIAN_POINT ( 'NONE',  ( 4.227533266719333938, 7.194200388858281059, 12.97683663913604768 ) ) ;
#4835 = CARTESIAN_POINT ( 'NONE',  ( 0.5199999999999858069, 0.000000000000000000, -13.00199161366772671 ) ) ;
#4836 = CARTESIAN_POINT ( 'NONE',  ( 5.645076863632790598, -9.355855050800583328, 5.190855283913659690 ) ) ;
#4837 = EDGE_CURVE ( 'NONE', #5243, #734, #756, .T. ) ;
#4838 =( GEOMETRIC_REPRESENTATION_CONTEXT ( 3 ) GLOBAL_UNCERTAINTY_ASSIGNED_CONTEXT ( ( #5585 ) ) GLOBAL_UNIT_ASSIGNED_CONTEXT ( ( #3515, #887, #3596 ) ) REPRESENTATION_CONTEXT ( 'NONE', 'WORKASPACE' ) );
#4839 = CARTESIAN_POINT ( 'NONE',  ( 7.823769113068127723, 14.51483715649648687, 6.221354043751113351E-15 ) ) ;
#4840 = DIRECTION ( 'NONE',  ( 0.000000000000000000, -1.836949976058542083E-16, -1.000000000000000000 ) ) ;
#4841 = CARTESIAN_POINT ( 'NONE',  ( 8.680000000000003268, 10.43899659603566832, -1.359867306504493056 ) ) ;
#4842 = MECHANICAL_DESIGN_GEOMETRIC_PRESENTATION_REPRESENTATION (  '', ( #5061 ), #6406 ) ;
#4843 = CARTESIAN_POINT ( 'NONE',  ( 8.699999999999999289, 1.959434878635765131E-15, -16.00000000000000000 ) ) ;
#4844 = ORIENTED_EDGE ( 'NONE', *, *, #3293, .F. ) ;
#4845 = DIRECTION ( 'NONE',  ( 1.000000000000000000, -1.447558615618265606E-47, -3.438110455369569784E-16 ) ) ;
#4846 = CARTESIAN_POINT ( 'NONE',  ( 8.480000000000000426, 0.6425470494425583601, -10.51030924570692626 ) ) ;
#4847 = CARTESIAN_POINT ( 'NONE',  ( 0.2999999999999998224, -7.500000000000000000, 1.386897029697574451E-15 ) ) ;
#4848 = CARTESIAN_POINT ( 'NONE',  ( 0.5200000000000001288, -4.204740368894837488, -9.655181985511575249 ) ) ;
#4849 = CARTESIAN_POINT ( 'NONE',  ( -0.000000000000000000, 2.932350761663105487, 7.227888670044205099 ) ) ;
#4850 = CARTESIAN_POINT ( 'NONE',  ( 0.1242640687119285492, -15.99999999999999822, 2.939119961693666938E-15 ) ) ;
#4851 =( LENGTH_UNIT ( ) NAMED_UNIT ( * ) SI_UNIT ( .MILLI., .METRE. ) );
#4852 = CIRCLE ( 'NONE', #3954, 14.34999999999999964 ) ;
#4853 = FILL_AREA_STYLE ('',( #560 ) ) ;
#4854 = CARTESIAN_POINT ( 'NONE',  ( 8.480000000000002203, 2.207975672688406998, 10.29143073051703716 ) ) ;
#4855 = ORIENTED_EDGE ( 'NONE', *, *, #4094, .T. ) ;
#4856 = AXIS2_PLACEMENT_3D ( 'NONE', #3181, #516, #4352 ) ;
#4857 = VERTEX_POINT ( 'NONE', #4151 ) ;
#4858 = CARTESIAN_POINT ( 'NONE',  ( 7.780000000000000249, 4.968230698952330826, -13.08901940450030921 ) ) ;
#4859 = EDGE_CURVE ( 'NONE', #6071, #1918, #4358, .T. ) ;
#4860 =( NAMED_UNIT ( * ) SI_UNIT ( $, .STERADIAN. ) SOLID_ANGLE_UNIT ( ) );
#4861 = FILL_AREA_STYLE_COLOUR ( '', #5934 ) ;
#4862 = ORIENTED_EDGE ( 'NONE', *, *, #1973, .F. ) ;
#4863 = CARTESIAN_POINT ( 'NONE',  ( 0.6199999999999998845, -10.22500050000000371, 1.878281442367358522E-15 ) ) ;
#4864 = EDGE_LOOP ( 'NONE', ( #5827, #2614, #865, #1395 ) ) ;
#4865 = PRESENTATION_STYLE_ASSIGNMENT (( #477 ) ) ;
#4866 = CARTESIAN_POINT ( 'NONE',  ( 4.500000000000000888, -11.75000000000000000, 2.158416221868787391E-15 ) ) ;
#4867 = SURFACE_STYLE_USAGE ( .BOTH. , #1626 ) ;
#4868 = EDGE_CURVE ( 'NONE', #2268, #1622, #5697, .T. ) ;
#4869 = FILL_AREA_STYLE ('',( #2702 ) ) ;
#4870 = VERTEX_POINT ( 'NONE', #2508 ) ;
#4871 = CARTESIAN_POINT ( 'NONE',  ( 0.000000000000000000, 1.388240317549620961, -7.675529549962663900 ) ) ;
#4872 =( NAMED_UNIT ( * ) PLANE_ANGLE_UNIT ( ) SI_UNIT ( $, .RADIAN. ) );
#4873 = DIRECTION ( 'NONE',  ( -1.000000000000000000, 1.608545308335517870E-16, 6.209803221523693437E-32 ) ) ;
#4874 = DIRECTION ( 'NONE',  ( 0.000000000000000000, 0.000000000000000000, -1.000000000000000000 ) ) ;
#4875 = CARTESIAN_POINT ( 'NONE',  ( 8.480000000000002203, 10.46639770868437047, -1.282500883285500271 ) ) ;
#4876 = DIRECTION ( 'NONE',  ( 0.8494487772132456316, -0.5252426102889914405, -0.05056654257241919442 ) ) ;
#4877 = SURFACE_STYLE_USAGE ( .BOTH. , #3752 ) ;
#4878 = PRESENTATION_STYLE_ASSIGNMENT (( #5343 ) ) ;
#4879 = CARTESIAN_POINT ( 'NONE',  ( 8.679999999999999716, 6.281383935463642487, -8.448620297011434133 ) ) ;
#4880 = ORIENTED_EDGE ( 'NONE', *, *, #403, .F. ) ;
#4881 = CARTESIAN_POINT ( 'NONE',  ( 8.480000000000003979, -3.074210346756989676, -10.07622410128851698 ) ) ;
#4882 = CARTESIAN_POINT ( 'NONE',  ( 9.000000000000000000, -7.783665946231093535, 0.5950159004887421998 ) ) ;
#4883 = CARTESIAN_POINT ( 'NONE',  ( -0.000000000000000000, -5.134897921750392058, 5.895915327470611089 ) ) ;
#4884 = CIRCLE ( 'NONE', #4438, 7.500000000000001776 ) ;
#4885 = FILL_AREA_STYLE_COLOUR ( '', #4139 ) ;
#4886 = CARTESIAN_POINT ( 'NONE',  ( 8.479999999999998650, -9.136145673650842625, -5.230990780497590364 ) ) ;
#4887 = CARTESIAN_POINT ( 'NONE',  ( 8.480000000000003979, -5.609946153526081503, 8.905734099171430884 ) ) ;
#4888 = EDGE_CURVE ( 'NONE', #1298, #3119, #6570, .T. ) ;
#4889 = PRESENTATION_LAYER_ASSIGNMENT (  '', '', ( #3657 ) ) ;
#4890 = VERTEX_POINT ( 'NONE', #6722 ) ;
#4891 = CARTESIAN_POINT ( 'NONE',  ( 7.780000000000001137, 6.236303330817383639, -12.55003330688010799 ) ) ;
#4892 = VERTEX_POINT ( 'NONE', #6239 ) ;
#4893 = LINE ( 'NONE', #2108, #5274 ) ;
#4894 = PRESENTATION_LAYER_ASSIGNMENT (  '', '', ( #3777 ) ) ;
#4895 = ORIENTED_EDGE ( 'NONE', *, *, #689, .T. ) ;
#4896 = CARTESIAN_POINT ( 'NONE',  ( 1.220000000000000417, -2.603286763887733279, 13.75585941807493739 ) ) ;
#4897 = SURFACE_SIDE_STYLE ('',( #1517 ) ) ;
#4898 = DIRECTION ( 'NONE',  ( -1.000000000000000000, 0.000000000000000000, 0.000000000000000000 ) ) ;
#4899 = AXIS2_PLACEMENT_3D ( 'NONE', #6201, #1384, #934 ) ;
#4900 = FILL_AREA_STYLE ('',( #6403 ) ) ;
#4901 = EDGE_CURVE ( 'NONE', #4870, #3323, #4687, .T. ) ;
#4902 = CARTESIAN_POINT ( 'NONE',  ( 0.3199999999999917910, 5.230990780504019888, -9.136145673647227738 ) ) ;
#4903 =( NAMED_UNIT ( * ) PLANE_ANGLE_UNIT ( ) SI_UNIT ( $, .RADIAN. ) );
#4904 = CARTESIAN_POINT ( 'NONE',  ( 0.8700000000000008837, 14.34999999999999254, -28.69999999999999574 ) ) ;
#4905 = COLOUR_RGB ( '',0.6941176470588235059, 0.7529411764705882248, 0.8392156862745098200 ) ;
#4906 = CARTESIAN_POINT ( 'NONE',  ( 8.379999999999999005, 10.42500050000002432, -20.85000100000000600 ) ) ;
#4907 =( NAMED_UNIT ( * ) SI_UNIT ( $, .STERADIAN. ) SOLID_ANGLE_UNIT ( ) );
#4908 = AXIS2_PLACEMENT_3D ( 'NONE', #6173, #386, #4596 ) ;
#4909 = CARTESIAN_POINT ( 'NONE',  ( 8.679999999999999716, 6.782617995815580336, -8.062546764664839216 ) ) ;
#4910 = CARTESIAN_POINT ( 'NONE',  ( 9.000000000000003553, -0.4767332645920946965, 7.799967585498504441 ) ) ;
#4911 = CARTESIAN_POINT ( 'NONE',  ( 7.780000000000001137, 13.83019670695353831, 2.178575976870749997 ) ) ;
#4912 = COLOUR_RGB ( '',0.5098039215686274161, 0.5098039215686274161, 0.5490196078431373028 ) ;
#4913 = CARTESIAN_POINT ( 'NONE',  ( 1.076072228735578439E-17, 15.87573593128806948, -9.720763546530799539E-16 ) ) ;
#4914 = PRESENTATION_STYLE_ASSIGNMENT (( #4814 ) ) ;
#4915 = CARTESIAN_POINT ( 'NONE',  ( 8.480000000000000426, -8.605943207389190164, 6.059894248022789753 ) ) ;
#4916 = ORIENTED_EDGE ( 'NONE', *, *, #6318, .F. ) ;
#4917 = MECHANICAL_DESIGN_GEOMETRIC_PRESENTATION_REPRESENTATION (  '', ( #3798 ), #2109 ) ;
#4918 = VECTOR ( 'NONE', #6285, 1000.000000000000000 ) ;
#4919 = ORIENTED_EDGE ( 'NONE', *, *, #949, .F. ) ;
#4920 = DIRECTION ( 'NONE',  ( 1.000000000000000000, 0.000000000000000000, 0.000000000000000000 ) ) ;
#4921 = EDGE_CURVE ( 'NONE', #43, #3306, #1653, .T. ) ;
#4922 = CARTESIAN_POINT ( 'NONE',  ( 7.980000000000001315, 1.847624928174990150E-15, -10.32500049999999980 ) ) ;
#4923 = DIRECTION ( 'NONE',  ( -1.000000000000000000, 0.000000000000000000, 0.000000000000000000 ) ) ;
#4924 = ORIENTED_EDGE ( 'NONE', *, *, #5890, .F. ) ;
#4925 = CARTESIAN_POINT ( 'NONE',  ( 1.219999999999999973, 1.067396605984762825, 13.97081276636602887 ) ) ;
#4926 = STYLED_ITEM ( 'NONE', ( #3551 ), #6292 ) ;
#4927 = PRESENTATION_LAYER_ASSIGNMENT (  '', '', ( #2120 ) ) ;
#4928 = CARTESIAN_POINT ( 'NONE',  ( 0.5200000000000002398, -2.061822792882353372, 10.32122741108797292 ) ) ;
#4929 = PRESENTATION_STYLE_ASSIGNMENT (( #2876 ) ) ;
#4930 = EDGE_LOOP ( 'NONE', ( #5511, #1899 ) ) ;
#4931 = SURFACE_SIDE_STYLE ('',( #5364 ) ) ;
#4932 = MECHANICAL_DESIGN_GEOMETRIC_PRESENTATION_REPRESENTATION (  '', ( #3709 ), #1572 ) ;
#4933 = SURFACE_STYLE_USAGE ( .BOTH. , #3876 ) ;
#4934 = SURFACE_STYLE_USAGE ( .BOTH. , #3387 ) ;
#4935 =( NAMED_UNIT ( * ) PLANE_ANGLE_UNIT ( ) SI_UNIT ( $, .RADIAN. ) );
#4936 = CARTESIAN_POINT ( 'NONE',  ( 0.8700000000000009948, 14.00000000000000000, -8.572244476756645738E-16 ) ) ;
#4937 =( NAMED_UNIT ( * ) PLANE_ANGLE_UNIT ( ) SI_UNIT ( $, .RADIAN. ) );
#4938 = DIRECTION ( 'NONE',  ( 1.000000000000000000, -0.000000000000000000, -0.000000000000000000 ) ) ;
#4939 = EDGE_CURVE ( 'NONE', #5300, #3119, #5583, .T. ) ;
#4940 = CARTESIAN_POINT ( 'NONE',  ( 0.000000000000000000, -7.799999999999999822, 1.583772228651234900E-15 ) ) ;
#4941 = CARTESIAN_POINT ( 'NONE',  ( 8.480000000000002203, 2.050633230310470176E-15, -11.76349605683389932 ) ) ;
#4942 = CARTESIAN_POINT ( 'NONE',  ( 8.679999999999999716, -3.794741857847292454, -9.817197108054333654 ) ) ;
#4943 =( BOUNDED_CURVE ( )  B_SPLINE_CURVE ( 3, ( #2160, #6313, #4192, #25 ),
 .UNSPECIFIED., .F., .F. ) 
 B_SPLINE_CURVE_WITH_KNOTS ( ( 4, 4 ),
 ( 0.5000000000000000000, 1.000000000000000000 ),
 .UNSPECIFIED. ) 
 CURVE ( )  GEOMETRIC_REPRESENTATION_ITEM ( )  RATIONAL_B_SPLINE_CURVE ( ( 1.000000000000000000, 0.3333333333333333703, 0.3333333333333333703, 1.000000000000000000 ) ) 
 REPRESENTATION_ITEM ( '' )  );
#4944 = CARTESIAN_POINT ( 'NONE',  ( 9.000000000000003553, -3.084364822998359124, 7.164808649477033775 ) ) ;
#4945 = CARTESIAN_POINT ( 'NONE',  ( 7.780000000000000249, 7.761844456838596251, 11.65149826589103021 ) ) ;
#4946 = CARTESIAN_POINT ( 'NONE',  ( 2.812765777966870218, -13.43000050000000023, 2.531408960431223752E-15 ) ) ;
#4947 = UNCERTAINTY_MEASURE_WITH_UNIT (LENGTH_MEASURE( 1.000000000000000082E-05 ), #6359, 'distance_accuracy_value', 'NONE');
#4948 = SURFACE_STYLE_USAGE ( .BOTH. , #136 ) ;
#4949 = CARTESIAN_POINT ( 'NONE',  ( 8.480000000000005755, -4.204740368896021430, 9.655181985510989051 ) ) ;
#4950 = COLOUR_RGB ( '',0.2235294117647058654, 0.4901960784313725283, 0.6901960784313725394 ) ;
#4951 = VERTEX_POINT ( 'NONE', #309 ) ;
#4952 = CARTESIAN_POINT ( 'NONE',  ( 7.780000000000003801, 14.00000000000000000, 3.887921885478709918E-15 ) ) ;
#4953 = AXIS2_PLACEMENT_3D ( 'NONE', #3673, #5712, #1944 ) ;
#4954 = CARTESIAN_POINT ( 'NONE',  ( 0.3199999999999955103, 10.39734788334065207, 1.637788826841303447 ) ) ;
#4955 = CARTESIAN_POINT ( 'NONE',  ( 2.671465744100001594, 0.000000000000000000, 0.000000000000000000 ) ) ;
#4956 = ORIENTED_EDGE ( 'NONE', *, *, #4602, .T. ) ;
#4957 = CARTESIAN_POINT ( 'NONE',  ( 1.219999999999999973, -13.79928157099528185, 2.363230121013679685 ) ) ;
#4958 = STYLED_ITEM ( 'NONE', ( #931 ), #4006 ) ;
#4959 = EDGE_CURVE ( 'NONE', #2632, #3359, #1921, .T. ) ;
#4960 = CARTESIAN_POINT ( 'NONE',  ( 0.5200000000000002398, 1.121337353842917439, 10.46638149426621212 ) ) ;
#4961 = SURFACE_STYLE_USAGE ( .BOTH. , #2080 ) ;
#4962 = CARTESIAN_POINT ( 'NONE',  ( 0.6199999999999998845, 10.22500050000000549, 20.45000100000000032 ) ) ;
#4963 = CARTESIAN_POINT ( 'NONE',  ( 3.354923136367210734, -12.83780620661362093, -5.190855283913661466 ) ) ;
#4964 = SURFACE_STYLE_FILL_AREA ( #5504 ) ;
#4965 = CARTESIAN_POINT ( 'NONE',  ( 8.830000000000005400, 13.64999999999998614, 27.29999999999999716 ) ) ;
#4966 = SURFACE_STYLE_FILL_AREA ( #3994 ) ;
#4967 = DIRECTION ( 'NONE',  ( 0.000000000000000000, 1.000000000000000000, -6.123031769111887524E-17 ) ) ;
#4968 = CARTESIAN_POINT ( 'NONE',  ( 1.219999999999999973, 11.75097785206639145, -7.610394298994554774 ) ) ;
#4969 = ORIENTED_EDGE ( 'NONE', *, *, #6227, .T. ) ;
#4970 = CARTESIAN_POINT ( 'NONE',  ( 7.579999999999998295, -14.00000000000000533, -28.00000000000002487 ) ) ;
#4971 = CARTESIAN_POINT ( 'NONE',  ( 8.680000000000006821, 1.894194247332069647, 10.35316839353892604 ) ) ;
#4972 = FILL_AREA_STYLE_COLOUR ( '', #2892 ) ;
#4973 = CARTESIAN_POINT ( 'NONE',  ( 8.680000000000003268, -9.667920872248288333, -4.161873780654556043 ) ) ;
#4974 = DIRECTION ( 'NONE',  ( 0.000000000000000000, 0.000000000000000000, 1.000000000000000000 ) ) ;
#4975 = CARTESIAN_POINT ( 'NONE',  ( 0.8700000000000009948, -14.34999999999999964, 2.636023215644008293E-15 ) ) ;
#4976 = CARTESIAN_POINT ( 'NONE',  ( 9.000000000000001776, 4.211933004074863263, 6.565369242160817187 ) ) ;
#4977 = CARTESIAN_POINT ( 'NONE',  ( 8.380000000000000782, -9.796850830579046662E-17, -3.052184595133393367E-63 ) ) ;
#4978 = CARTESIAN_POINT ( 'NONE',  ( 1.419999999999999929, 0.000000000000000000, 0.000000000000000000 ) ) ;
#4979 = CARTESIAN_POINT ( 'NONE',  ( 8.699999999999999289, 0.000000000000000000, 0.000000000000000000 ) ) ;
#4980 = CARTESIAN_POINT ( 'NONE',  ( 8.480000000000002203, -10.46639770868331709, 1.282500883287370108 ) ) ;
#4981 = ORIENTED_EDGE ( 'NONE', *, *, #4131, .T. ) ;
#4982 = EDGE_CURVE ( 'NONE', #5104, #1538, #6133, .T. ) ;
#4983 = ORIENTED_EDGE ( 'NONE', *, *, #2390, .T. ) ;
#4984 = CARTESIAN_POINT ( 'NONE',  ( 7.780000000000000249, 12.97306643233155654, -5.263120434603360209 ) ) ;
#4985 =( NAMED_UNIT ( * ) SI_UNIT ( $, .STERADIAN. ) SOLID_ANGLE_UNIT ( ) );
#4986 = DIRECTION ( 'NONE',  ( -1.000000000000000000, 1.224606353822380216E-16, 0.000000000000000000 ) ) ;
#4987 = CARTESIAN_POINT ( 'NONE',  ( 0.3199999999999976752, 6.782617995818040590, 8.062546764662892329 ) ) ;
#4988 = PRESENTATION_STYLE_ASSIGNMENT (( #5059 ) ) ;
#4989 = CARTESIAN_POINT ( 'NONE',  ( 1.220000000000000195, -7.265107878384718276, 11.97674297215479200 ) ) ;
#4990 = AXIS2_PLACEMENT_3D ( 'NONE', #1934, #3513, #3088 ) ;
#4991 = CARTESIAN_POINT ( 'NONE',  ( 0.5200000000000000178, -1.957119027922658683, 10.34145760591806606 ) ) ;
#4992 = CARTESIAN_POINT ( 'NONE',  ( 4.388948052025024360, -5.572643913645567437, 4.914329712638669356 ) ) ;
#4993 = CARTESIAN_POINT ( 'NONE',  ( 14.76925193346955645, 7.857616083589348932, -11.08096118856479428 ) ) ;
#4994 = CARTESIAN_POINT ( 'NONE',  ( 8.555735931288074525, 10.22500050000000371, 4.382642913741570454E-15 ) ) ;
#4995 =( LENGTH_UNIT ( ) NAMED_UNIT ( * ) SI_UNIT ( .MILLI., .METRE. ) );
#4996 = CARTESIAN_POINT ( 'NONE',  ( 8.179999999999999716, -7.347638122934260345E-17, 0.000000000000000000 ) ) ;
#4997 = VECTOR ( 'NONE', #4923, 1000.000000000000000 ) ;
#4998 = CIRCLE ( 'NONE', #2081, 10.22500050000000194 ) ;
#4999 = CARTESIAN_POINT ( 'NONE',  ( 8.999999999999996447, 15.69999999999999929, -4.806706937073255164E-15 ) ) ;
#5000 = CARTESIAN_POINT ( 'NONE',  ( 1.220000000000000195, 7.862013529842304393, -11.58415651652693512 ) ) ;
#5001 = EDGE_LOOP ( 'NONE', ( #6779, #6653, #5231, #2764, #5979 ) ) ;
#5002 = SURFACE_SIDE_STYLE ('',( #2386 ) ) ;
#5003 = CARTESIAN_POINT ( 'NONE',  ( 8.680000000000008598, -5.910751103027946485, 8.709016886550074332 ) ) ;
#5004 = EDGE_CURVE ( 'NONE', #1918, #3082, #6362, .T. ) ;
#5005 =( LENGTH_UNIT ( ) NAMED_UNIT ( * ) SI_UNIT ( .MILLI., .METRE. ) );
#5006 = CARTESIAN_POINT ( 'NONE',  ( 1.020000000000000018, 1.276694349343455770E-15, -10.42500049999999945 ) ) ;
#5007 = CARTESIAN_POINT ( 'NONE',  ( 8.679999999999997939, -0.6425470494424976309, -10.51030924570692804 ) ) ;
#5008 = APPLICATION_CONTEXT ( 'automotive_design' ) ;
#5009 = CARTESIAN_POINT ( 'NONE',  ( 15.05918148464692763, 9.416172725747250283, -1.352938511926566445 ) ) ;
#5010 = CARTESIAN_POINT ( 'NONE',  ( 9.000000000000001776, 2.456352732841678765, 7.405062971399114957 ) ) ;
#5011 = CARTESIAN_POINT ( 'NONE',  ( 0.000000000000000000, -6.672721099542150647, 4.047772120829136178 ) ) ;
#5012 = CARTESIAN_POINT ( 'NONE',  ( 2.320898220709403326, 5.232411719646758996, -4.581992971259248648 ) ) ;
#5013 = UNCERTAINTY_MEASURE_WITH_UNIT (LENGTH_MEASURE( 1.000000000000000082E-05 ), #374, 'distance_accuracy_value', 'NONE');
#5014 = DIRECTION ( 'NONE',  ( 0.000000000000000000, 0.000000000000000000, -1.000000000000000000 ) ) ;
#5015 = CLOSED_SHELL ( 'NONE', ( #2676, #3502 ) ) ;
#5016 = CARTESIAN_POINT ( 'NONE',  ( 8.480000000000000426, -8.760741545164171029, 5.833767825328397549 ) ) ;
#5017 = ORIENTED_EDGE ( 'NONE', *, *, #4921, .T. ) ;
#5018 = CIRCLE ( 'NONE', #1086, 7.500000000000001776 ) ;
#5019 = EDGE_LOOP ( 'NONE', ( #5090, #721 ) ) ;
#5020 = AXIS2_PLACEMENT_3D ( 'NONE', #5388, #5420, #2200 ) ;
#5021 = CARTESIAN_POINT ( 'NONE',  ( 7.780000000000002025, 13.72895450120042860, -2.742544234163510009 ) ) ;
#5022 = CIRCLE ( 'NONE', #1988, 16.00000000000000000 ) ;
#5023 = CARTESIAN_POINT ( 'NONE',  ( 0.8699999999999999956, -14.51483715649648687, 2.701484091557547011E-15 ) ) ;
#5024 = CARTESIAN_POINT ( 'NONE',  ( 9.000000000000001776, 7.331286101083064111, -2.664467693568696394 ) ) ;
#5025 = ORIENTED_EDGE ( 'NONE', *, *, #3966, .T. ) ;
#5026 = ADVANCED_FACE ( 'NONE', ( #940 ), #587, .T. ) ;
#5027 = CARTESIAN_POINT ( 'NONE',  ( 0.3199999999999970091, 10.52500050000000265, -1.189586300145496267E-15 ) ) ;
#5028 = CARTESIAN_POINT ( 'NONE',  ( 8.999999999999994671, 15.87573593128807481, 31.75147186257613896 ) ) ;
#5029 = CARTESIAN_POINT ( 'NONE',  ( 1.220000000000000195, -13.08901940450036427, 4.968230698952353031 ) ) ;
#5030 =( GEOMETRIC_REPRESENTATION_CONTEXT ( 3 ) GLOBAL_UNCERTAINTY_ASSIGNED_CONTEXT ( ( #1151 ) ) GLOBAL_UNIT_ASSIGNED_CONTEXT ( ( #4598, #2433, #6210 ) ) REPRESENTATION_CONTEXT ( 'NONE', 'WORKASPACE' ) );
#5031 = PRESENTATION_LAYER_ASSIGNMENT (  '', '', ( #4365 ) ) ;
#5032 = CARTESIAN_POINT ( 'NONE',  ( 0.5199999999999999067, 4.204740368896098701, 9.655181985510354892 ) ) ;
#5033 = PRESENTATION_LAYER_ASSIGNMENT (  '', '', ( #774 ) ) ;
#5034 =( LENGTH_UNIT ( ) NAMED_UNIT ( * ) SI_UNIT ( .MILLI., .METRE. ) );
#5035 = CYLINDRICAL_SURFACE ( 'NONE', #1208, 7.500000000000000000 ) ;
#5036 = COLOUR_RGB ( '',0.5098039215686274161, 0.5098039215686274161, 0.5490196078431373028 ) ;
#5037 = SURFACE_STYLE_USAGE ( .BOTH. , #2281 ) ;
#5038 = SURFACE_STYLE_USAGE ( .BOTH. , #5068 ) ;
#5039 =( GEOMETRIC_REPRESENTATION_CONTEXT ( 3 ) GLOBAL_UNCERTAINTY_ASSIGNED_CONTEXT ( ( #3963 ) ) GLOBAL_UNIT_ASSIGNED_CONTEXT ( ( #5220, #2012, #1346 ) ) REPRESENTATION_CONTEXT ( 'NONE', 'WORKASPACE' ) );
#5040 = CARTESIAN_POINT ( 'NONE',  ( 7.780000000000000249, 2.509237276863250235E-15, -13.79343599424769984 ) ) ;
#5041 = AXIS2_PLACEMENT_3D ( 'NONE', #3308, #4340, #2209 ) ;
#5042 = CARTESIAN_POINT ( 'NONE',  ( 1.220000000000000417, 2.742544234166343742, -13.72895450120080341 ) ) ;
#5043 = EDGE_LOOP ( 'NONE', ( #5574, #6347 ) ) ;
#5044 = PRESENTATION_STYLE_ASSIGNMENT (( #6641 ) ) ;
#5045 = CARTESIAN_POINT ( 'NONE',  ( 8.680000000000005045, 0.8023768771559637303, 10.50306499219925271 ) ) ;
#5046 = AXIS2_PLACEMENT_3D ( 'NONE', #1980, #5230, #2467 ) ;
#5047 = CARTESIAN_POINT ( 'NONE',  ( 8.680000000000005045, -9.719280451958205447, -4.038974156136112548 ) ) ;
#5048 = CARTESIAN_POINT ( 'NONE',  ( 8.129999999999999005, -6.735334946023025863E-17, 1.585915843345968605E-63 ) ) ;
#5049 = APPLICATION_PROTOCOL_DEFINITION ( 'draft international standard', 'automotive_design', 1998, #3311 ) ;
#5050 = EDGE_CURVE ( 'NONE', #1918, #2632, #657, .T. ) ;
#5051 = FILL_AREA_STYLE ('',( #168 ) ) ;
#5052 = CYLINDRICAL_SURFACE ( 'NONE', #2766, 10.42500049999999945 ) ;
#5053 = VERTEX_POINT ( 'NONE', #1108 ) ;
#5054 = ORIENTED_EDGE ( 'NONE', *, *, #1598, .F. ) ;
#5055 = CARTESIAN_POINT ( 'NONE',  ( 8.699999999999999289, 0.000000000000000000, 0.000000000000000000 ) ) ;
#5056 = CARTESIAN_POINT ( 'NONE',  ( 9.000000000000003553, 2.636104655503490601, -7.345414594439748868 ) ) ;
#5057 = ORIENTED_EDGE ( 'NONE', *, *, #3770, .F. ) ;
#5058 = CARTESIAN_POINT ( 'NONE',  ( 0.3199999999999973421, 7.955804017003494266, 6.928741887765162311 ) ) ;
#5059 = SURFACE_STYLE_USAGE ( .BOTH. , #816 ) ;
#5060 = CARTESIAN_POINT ( 'NONE',  ( 1.219999999999999751, 13.00659372260851931, 5.179700289998849350 ) ) ;
#5061 = STYLED_ITEM ( 'NONE', ( #4640 ), #3748 ) ;
#5062 = CARTESIAN_POINT ( 'NONE',  ( 5.301646264950131027, 8.993721494056611476, -17.98744298811323361 ) ) ;
#5063 = CARTESIAN_POINT ( 'NONE',  ( 7.664267127950000535, 0.000000000000000000, 10.22500050000000194 ) ) ;
#5064 = DIRECTION ( 'NONE',  ( 0.000000000000000000, -1.000000000000000000, 1.836949976058543069E-16 ) ) ;
#5065 = CARTESIAN_POINT ( 'NONE',  ( 1.420000000000000151, -14.00000000000003908, 28.00000000000008882 ) ) ;
#5066 = CARTESIAN_POINT ( 'NONE',  ( 8.480000000000003979, -10.52501671024083407, -0.3217038428288981899 ) ) ;
#5067 = AXIS2_PLACEMENT_3D ( 'NONE', #3874, #3490, #6700 ) ;
#5068 = SURFACE_SIDE_STYLE ('',( #2882 ) ) ;
#5069 = EDGE_CURVE ( 'NONE', #5155, #5881, #3237, .T. ) ;
#5070 = CARTESIAN_POINT ( 'NONE',  ( 8.875735931288065927, -16.00000000000000355, -31.99999999999998579 ) ) ;
#5071 = ADVANCED_FACE ( 'NONE', ( #5410 ), #6817, .F. ) ;
#5072 = FACE_OUTER_BOUND ( 'NONE', #4291, .T. ) ;
#5073 = CARTESIAN_POINT ( 'NONE',  ( 1.219999999999999751, 2.573784607791353984, -13.76140690439552827 ) ) ;
#5074 = FACE_OUTER_BOUND ( 'NONE', #4210, .T. ) ;
#5075 =( GEOMETRIC_REPRESENTATION_CONTEXT ( 3 ) GLOBAL_UNCERTAINTY_ASSIGNED_CONTEXT ( ( #5013 ) ) GLOBAL_UNIT_ASSIGNED_CONTEXT ( ( #374, #4101, #6263 ) ) REPRESENTATION_CONTEXT ( 'NONE', 'WORKASPACE' ) );
#5076 = CARTESIAN_POINT ( 'NONE',  ( 8.680000000000001492, -9.847626207424882594, 3.715076583181984304 ) ) ;
#5077 =( LENGTH_UNIT ( ) NAMED_UNIT ( * ) SI_UNIT ( .MILLI., .METRE. ) );
#5078 = CARTESIAN_POINT ( 'NONE',  ( 12.47909820620397348, -15.76738491274502252, -1.755244421581247272 ) ) ;
#5079 = FACE_BOUND ( 'NONE', #2692, .T. ) ;
#5080 = SURFACE_STYLE_FILL_AREA ( #2897 ) ;
#5081 = CARTESIAN_POINT ( 'NONE',  ( 1.075025253169417327, 14.35000000000000142, -8.786550588675561166E-16 ) ) ;
#5082 = CARTESIAN_POINT ( 'NONE',  ( 5.645076863632792374, 10.78719478972074697, -6.438739963811394240 ) ) ;
#5083 = UNCERTAINTY_MEASURE_WITH_UNIT (LENGTH_MEASURE( 1.000000000000000082E-05 ), #1371, 'distance_accuracy_value', 'NONE');
#5084 = FILL_AREA_STYLE_COLOUR ( '', #208 ) ;
#5085 =( NAMED_UNIT ( * ) SI_UNIT ( $, .STERADIAN. ) SOLID_ANGLE_UNIT ( ) );
#5086 = VERTEX_POINT ( 'NONE', #4940 ) ;
#5087 = ORIENTED_EDGE ( 'NONE', *, *, #3096, .T. ) ;
#5088 = CARTESIAN_POINT ( 'NONE',  ( 0.5200000000000001288, 9.992066394824780318, -3.314578863181584900 ) ) ;
#5089 = CARTESIAN_POINT ( 'NONE',  ( 9.000000000000001776, -5.975042505108199897, -5.026611161204116662 ) ) ;
#5090 = ORIENTED_EDGE ( 'NONE', *, *, #6735, .F. ) ;
#5091 = CARTESIAN_POINT ( 'NONE',  ( 0.3199999999999985079, 1.281975151860266893, 10.46649502388677000 ) ) ;
#5092 = ADVANCED_FACE ( 'NONE', ( #3395, #2287 ), #2259, .T. ) ;
#5093 = CARTESIAN_POINT ( 'NONE',  ( 5.645076863632791486, 3.791586994799377219, -10.47765600735424130 ) ) ;
#5094 = CARTESIAN_POINT ( 'NONE',  ( 1.220000000000000195, 12.93965546485017093, 5.345239632864050350 ) ) ;
#5095 = CARTESIAN_POINT ( 'NONE',  ( 8.480000000000005755, -5.910751103028537123, -8.709016886549353131 ) ) ;
#5096 = CARTESIAN_POINT ( 'NONE',  ( 5.442545997088828358, 2.652116298503881531, 13.73172747971468866 ) ) ;
#5097 = CARTESIAN_POINT ( 'NONE',  ( 4.388948052025005708, 9.378075548168670394, -12.90324391784657543 ) ) ;
#5098 = SURFACE_SIDE_STYLE ('',( #4442 ) ) ;
#5099 = COLOUR_RGB ( '',0.5098039215686274161, 0.5098039215686274161, 0.5490196078431373028 ) ;
#5100 = CARTESIAN_POINT ( 'NONE',  ( 8.479999999999998650, -10.43899659603635399, -1.359867306505735174 ) ) ;
#5101 = CARTESIAN_POINT ( 'NONE',  ( 0.5614213562373087107, 10.42500049999999412, -20.85000100000000245 ) ) ;
#5102 = CARTESIAN_POINT ( 'NONE',  ( 8.480000000000002203, 10.52500050000000265, 7.375436318164603546E-15 ) ) ;
#5103 = CARTESIAN_POINT ( 'NONE',  ( 1.219999999999999973, 7.710415131015952994, -11.68558643017562204 ) ) ;
#5104 = VERTEX_POINT ( 'NONE', #6569 ) ;
#5105 = STYLED_ITEM ( 'NONE', ( #3064 ), #2845 ) ;
#5106 = CARTESIAN_POINT ( 'NONE',  ( 4.388948052025013702, 2.382467753247294429, -16.94215996138942160 ) ) ;
#5107 = CARTESIAN_POINT ( 'NONE',  ( 8.680000000000005045, -10.28722710540795759, 2.250632742214186521 ) ) ;
#5108 = CARTESIAN_POINT ( 'NONE',  ( 5.645076863632790598, -9.355855050800581552, 5.190855283913659690 ) ) ;
#5109 = EDGE_CURVE ( 'NONE', #5524, #2212, #1100, .T. ) ;
#5110 = DIRECTION ( 'NONE',  ( -1.000000000000000000, 0.000000000000000000, 0.000000000000000000 ) ) ;
#5111 = CIRCLE ( 'NONE', #6234, 0.09999999999999939493 ) ;
#5112 = PRESENTATION_STYLE_ASSIGNMENT (( #279 ) ) ;
#5113 =( NAMED_UNIT ( * ) SI_UNIT ( $, .STERADIAN. ) SOLID_ANGLE_UNIT ( ) );
#5114 = CARTESIAN_POINT ( 'NONE',  ( 1.075025253169417327, -14.35000000000000142, 2.636023215644008293E-15 ) ) ;
#5115 = DIRECTION ( 'NONE',  ( 0.000000000000000000, 1.000000000000000000, -6.123031769111889989E-17 ) ) ;
#5116 = CARTESIAN_POINT ( 'NONE',  ( 8.438578643762690845, -10.42500049999999945, -3.191672626978679272E-15 ) ) ;
#5117 = DIRECTION ( 'NONE',  ( -1.000000000000000000, 0.000000000000000000, 0.000000000000000000 ) ) ;
#5118 = VECTOR ( 'NONE', #1979, 1000.000000000000000 ) ;
#5119 = ORIENTED_EDGE ( 'NONE', *, *, #2580, .T. ) ;
#5120 =( BOUNDED_SURFACE ( )  B_SPLINE_SURFACE ( 3, 3, ( 
 ( #3755, #620, #2194, #4296 ),
 ( #3824, #2785, #1146, #5447 ),
 ( #4424, #58, #2746, #5379 ),
 ( #1176, #551, #2712, #4361 ) ),
 .UNSPECIFIED., .F., .F., .F. ) 
 B_SPLINE_SURFACE_WITH_KNOTS ( ( 4, 4 ),
 ( 4, 4 ),
 ( 0.000000000000000000, 1.000000000000000000 ),
 ( 0.000000000000000000, 1.000000000000000000 ),
 .UNSPECIFIED. ) 
 GEOMETRIC_REPRESENTATION_ITEM ( )  RATIONAL_B_SPLINE_SURFACE ( (
 ( 1.000000000000000000, 0.3333333333333345916, 0.3333333333333345916, 1.000000000000000000),
 ( 0.3333333333333339810, 0.1111111111111117433, 0.1111111111111117433, 0.3333333333333339810),
 ( 0.3333333333333339810, 0.1111111111111117433, 0.1111111111111117433, 0.3333333333333339810),
 ( 1.000000000000000000, 0.3333333333333345916, 0.3333333333333345916, 1.000000000000000000) ) ) 
 REPRESENTATION_ITEM ( '' )  SURFACE ( )  );
#5121 = MANIFOLD_SOLID_BREP ( 'Imported_5-1-solid1', #1983 ) ;
#5122 = ORIENTED_EDGE ( 'NONE', *, *, #3986, .F. ) ;
#5123 = LINE ( 'NONE', #3083, #126 ) ;
#5124 = DIRECTION ( 'NONE',  ( 0.3958614015492774030, 0.2526269977366701891, 0.8828778798780713144 ) ) ;
#5125 = CARTESIAN_POINT ( 'NONE',  ( 9.000000000000001776, -7.664352065038321449, -1.448642694114055551 ) ) ;
#5126 = ORIENTED_EDGE ( 'NONE', *, *, #4477, .T. ) ;
#5127 = MECHANICAL_DESIGN_GEOMETRIC_PRESENTATION_REPRESENTATION (  '', ( #4564 ), #2205 ) ;
#5128 = CARTESIAN_POINT ( 'NONE',  ( 0.8699999999999996625, 0.000000000000000000, -13.65000000000000036 ) ) ;
#5129 = CARTESIAN_POINT ( 'NONE',  ( 0.3199999999999985634, -0.3217940396602425035, 10.52496807042947147 ) ) ;
#5130 = CIRCLE ( 'NONE', #2305, 13.45000000000003126 ) ;
#5131 = CARTESIAN_POINT ( 'NONE',  ( -3.701202102153934081, 7.384878373639649496, -16.46056420992969294 ) ) ;
#5132 = AXIS2_PLACEMENT_3D ( 'NONE', #392, #6763, #5124 ) ;
#5133 = DIRECTION ( 'NONE',  ( 1.000000000000000000, 0.000000000000000000, 0.000000000000000000 ) ) ;
#5134 = CIRCLE ( 'NONE', #2657, 0.3499999999999996447 ) ;
#5135 = EDGE_CURVE ( 'NONE', #5346, #5489, #762, .T. ) ;
#5136 = CARTESIAN_POINT ( 'NONE',  ( 1.335732872049999909, 0.000000000000000000, 0.000000000000000000 ) ) ;
#5137 = DIRECTION ( 'NONE',  ( -0.8829475928589267664, 0.4694715627858912499, 5.749368466564475713E-17 ) ) ;
#5138 =( LENGTH_UNIT ( ) NAMED_UNIT ( * ) SI_UNIT ( .MILLI., .METRE. ) );
#5139 = CARTESIAN_POINT ( 'NONE',  ( 2.671465744100001594, 1.252201413360509450E-15, -10.22500050000000726 ) ) ;
#5140 = CARTESIAN_POINT ( 'NONE',  ( 3.354923136367208514, -7.645475827906518695, 9.074955185932338964 ) ) ;
#5141 =( LENGTH_UNIT ( ) NAMED_UNIT ( * ) SI_UNIT ( .MILLI., .METRE. ) );
#5142 = CARTESIAN_POINT ( 'NONE',  ( 1.219999999999999973, -13.72895450120019056, -2.742544234166529815 ) ) ;
#5143 = VERTEX_POINT ( 'NONE', #4526 ) ;
#5144 =( GEOMETRIC_REPRESENTATION_CONTEXT ( 3 ) GLOBAL_UNCERTAINTY_ASSIGNED_CONTEXT ( ( #1014 ) ) GLOBAL_UNIT_ASSIGNED_CONTEXT ( ( #6498, #4872, #5888 ) ) REPRESENTATION_CONTEXT ( 'NONE', 'WORKASPACE' ) );
#5145 = SURFACE_STYLE_FILL_AREA ( #2461 ) ;
#5146 = ORIENTED_EDGE ( 'NONE', *, *, #1357, .F. ) ;
#5147 = CARTESIAN_POINT ( 'NONE',  ( 8.680000000000006821, 9.542869178945244002, 4.445906607410685218 ) ) ;
#5148 = CARTESIAN_POINT ( 'NONE',  ( 7.779999999999999361, -6.958154849426930966, 12.15255732349797491 ) ) ;
#5149 = CARTESIAN_POINT ( 'NONE',  ( 0.8700000000000008837, 14.35000000000000320, 28.69999999999999574 ) ) ;
#5150 = CARTESIAN_POINT ( 'NONE',  ( 4.611051947974982745, -11.42868696506153725, 9.351480757207324856 ) ) ;
#5151 =( NAMED_UNIT ( * ) SI_UNIT ( $, .STERADIAN. ) SOLID_ANGLE_UNIT ( ) );
#5152 = CIRCLE ( 'NONE', #2116, 13.43000050000000023 ) ;
#5153 = CARTESIAN_POINT ( 'NONE',  ( 0.3199999999999916245, -4.038974156134599980, -9.719280451958596245 ) ) ;
#5154 = COLOUR_RGB ( '',0.5098039215686274161, 0.5098039215686274161, 0.5490196078431373028 ) ;
#5155 = VERTEX_POINT ( 'NONE', #2928 ) ;
#5156 =( GEOMETRIC_REPRESENTATION_CONTEXT ( 3 ) GLOBAL_UNCERTAINTY_ASSIGNED_CONTEXT ( ( #4113 ) ) GLOBAL_UNIT_ASSIGNED_CONTEXT ( ( #6267, #1460, #1098 ) ) REPRESENTATION_CONTEXT ( 'NONE', 'WORKASPACE' ) );
#5157 = EDGE_CURVE ( 'NONE', #1379, #6211, #1329, .T. ) ;
#5158 = CARTESIAN_POINT ( 'NONE',  ( 3.354923136367204961, -7.645475827906526689, -11.37883366667385587 ) ) ;
#5159 =( LENGTH_UNIT ( ) NAMED_UNIT ( * ) SI_UNIT ( .MILLI., .METRE. ) );
#5160 = UNCERTAINTY_MEASURE_WITH_UNIT (LENGTH_MEASURE( 1.000000000000000082E-05 ), #5005, 'distance_accuracy_value', 'NONE');
#5161 =( GEOMETRIC_REPRESENTATION_CONTEXT ( 3 ) GLOBAL_UNCERTAINTY_ASSIGNED_CONTEXT ( ( #3394 ) ) GLOBAL_UNIT_ASSIGNED_CONTEXT ( ( #3604, #1908, #6851 ) ) REPRESENTATION_CONTEXT ( 'NONE', 'WORKASPACE' ) );
#5162 = CARTESIAN_POINT ( 'NONE',  ( 8.999999999999996447, 7.624264068711927855, -4.761728333099786008E-16 ) ) ;
#5163 = CIRCLE ( 'NONE', #6828, 2.380999999999999783 ) ;
#5164 = ORIENTED_EDGE ( 'NONE', *, *, #2918, .T. ) ;
#5165 = CARTESIAN_POINT ( 'NONE',  ( 0.5199999999999999067, 5.683397693583983390, 8.859050204136027062 ) ) ;
#5166 = ORIENTED_EDGE ( 'NONE', *, *, #1618, .F. ) ;
#5167 = EDGE_CURVE ( 'NONE', #3799, #3277, #797, .T. ) ;
#5168 = MANIFOLD_SOLID_BREP ( 'Imported_8-1-solid1', #6568 ) ;
#5169 = EDGE_LOOP ( 'NONE', ( #5836, #2256 ) ) ;
#5170 = COLOUR_RGB ( '',0.6941176470588235059, 0.7529411764705882248, 0.8392156862745098200 ) ;
#5171 = CARTESIAN_POINT ( 'NONE',  ( 0.5199999999999999067, 10.35316839353897755, -1.894194247331982828 ) ) ;
#5172 = CARTESIAN_POINT ( 'NONE',  ( 9.000000000000000000, -6.492525959496086685, -4.323352065298481151 ) ) ;
#5173 = SURFACE_STYLE_FILL_AREA ( #2035 ) ;
#5174 = CARTESIAN_POINT ( 'NONE',  ( 0.3199999999999983968, -3.715076583181608161, 9.847626207425046019 ) ) ;
#5175 = DIRECTION ( 'NONE',  ( 1.000000000000000000, 0.000000000000000000, 0.000000000000000000 ) ) ;
#5176 =( BOUNDED_SURFACE ( )  B_SPLINE_SURFACE ( 3, 3, ( 
 ( #4801, #2616, #3650, #2710 ),
 ( #5867, #6868, #2056, #3686 ),
 ( #3753, #5375, #1041, #520 ),
 ( #5831, #1498, #6441, #3784 ) ),
 .UNSPECIFIED., .F., .F., .T. ) 
 B_SPLINE_SURFACE_WITH_KNOTS ( ( 4, 4 ),
 ( 4, 4 ),
 ( 0.000000000000000000, 1.000000000000000000 ),
 ( 0.000000000000000000, 1.000000000000000000 ),
 .UNSPECIFIED. ) 
 GEOMETRIC_REPRESENTATION_ITEM ( )  RATIONAL_B_SPLINE_SURFACE ( (
 ( 1.000000000000000000, 0.3333333333333334259, 0.3333333333333334259, 1.000000000000000000),
 ( 0.8047378541243643824, 0.2682459513747881830, 0.2682459513747881830, 0.8047378541243643824),
 ( 0.8047378541243643824, 0.2682459513747881830, 0.2682459513747881830, 0.8047378541243643824),
 ( 1.000000000000000000, 0.3333333333333334259, 0.3333333333333334259, 1.000000000000000000) ) ) 
 REPRESENTATION_ITEM ( '' )  SURFACE ( )  );
#5177 = CARTESIAN_POINT ( 'NONE',  ( 8.680000000000013927, -1.681281245397638553E-16, -3.667786625294432498E-32 ) ) ;
#5178 = PRESENTATION_STYLE_ASSIGNMENT (( #3092 ) ) ;
#5179 = CARTESIAN_POINT ( 'NONE',  ( 7.780000000000003801, 14.20502525316940279, 28.41005050633883400 ) ) ;
#5180 = AXIS2_PLACEMENT_3D ( 'NONE', #1369, #6326, #4093 ) ;
#5181 = CARTESIAN_POINT ( 'NONE',  ( 8.999999999999996447, 7.624264068711923414, -15.24852813742385749 ) ) ;
#5182 = CARTESIAN_POINT ( 'NONE',  ( 1.419999999999999929, -14.00000000000004619, 2.587524992188507006E-15 ) ) ;
#5183 = CARTESIAN_POINT ( 'NONE',  ( -1.744064029730257204, 3.557888568580219513, 14.65766386124536247 ) ) ;
#5184 = ADVANCED_FACE ( 'NONE', ( #5228 ), #1304, .F. ) ;
#5185 = CARTESIAN_POINT ( 'NONE',  ( 0.5200000000000000178, 10.52500049999999554, -21.05000100000000884 ) ) ;
#5186 = COLOUR_RGB ( '',0.5098039215686274161, 0.5098039215686274161, 0.5490196078431373028 ) ;
#5187 = CARTESIAN_POINT ( 'NONE',  ( 0.000000000000000000, 15.70000000000000462, 31.39999999999999147 ) ) ;
#5188 = CARTESIAN_POINT ( 'NONE',  ( 1.219999999999999751, -13.68932566461827172, -2.936932121177769694 ) ) ;
#5189 = ORIENTED_EDGE ( 'NONE', *, *, #6138, .F. ) ;
#5190 = CARTESIAN_POINT ( 'NONE',  ( 0.07868720907987354629, -14.51483715649648509, 2.666302976711984964E-15 ) ) ;
#5191 = CARTESIAN_POINT ( 'NONE',  ( 0.000000000000000000, -4.047772120825420927, -6.672721099543844403 ) ) ;
#5192 = CARTESIAN_POINT ( 'NONE',  ( 7.780000000000000249, 4.731336235757355624, 13.18411609111959670 ) ) ;
#5193 = COLOUR_RGB ( '',0.5098039215686274161, 0.5098039215686274161, 0.5490196078431373028 ) ;
#5194 = DIRECTION ( 'NONE',  ( 0.000000000000000000, 1.000000000000000000, -6.123031769111891221E-17 ) ) ;
#5195 = CARTESIAN_POINT ( 'NONE',  ( 3.265586066596192438, -13.88477053572696818, -27.76954107145391148 ) ) ;
#5196 = CARTESIAN_POINT ( 'NONE',  ( 0.3199999999999914024, 0.8023768771563115632, -10.50306499219925627 ) ) ;
#5197 = AXIS2_PLACEMENT_3D ( 'NONE', #4289, #5895, #544 ) ;
#5198 = CARTESIAN_POINT ( 'NONE',  ( 4.500000000000000888, 14.13100000000000023, -8.878270312038604273E-16 ) ) ;
#5199 = CARTESIAN_POINT ( 'NONE',  ( 4.772466733280669615, 6.665411528034584698, -1.347241391411045042 ) ) ;
#5200 = FACE_OUTER_BOUND ( 'NONE', #2397, .T. ) ;
#5201 = DIRECTION ( 'NONE',  ( -1.930254370002621001E-16, -1.000000000000000000, 0.000000000000000000 ) ) ;
#5202 = CARTESIAN_POINT ( 'NONE',  ( 8.480000000000002203, 10.46642185623730903, 4.486121010993430119E-15 ) ) ;
#5203 =( NAMED_UNIT ( * ) PLANE_ANGLE_UNIT ( ) SI_UNIT ( $, .RADIAN. ) );
#5204 = FACE_OUTER_BOUND ( 'NONE', #3133, .T. ) ;
#5205 = ORIENTED_EDGE ( 'NONE', *, *, #1055, .T. ) ;
#5206 = CARTESIAN_POINT ( 'NONE',  ( 0.5200000000000001288, 4.445906607420882395, -9.542869178939087149 ) ) ;
#5207 = DIRECTION ( 'NONE',  ( 0.000000000000000000, 0.000000000000000000, 1.000000000000000000 ) ) ;
#5208 = CARTESIAN_POINT ( 'NONE',  ( 8.830000000000001847, 13.65000000000000391, -27.29999999999997939 ) ) ;
#5209 = CARTESIAN_POINT ( 'NONE',  ( 0.3199999999999984523, 1.934948282174324241, 10.34562682143558199 ) ) ;
#5210 = DIRECTION ( 'NONE',  ( 1.000000000000000000, 0.000000000000000000, 0.000000000000000000 ) ) ;
#5211 = EDGE_CURVE ( 'NONE', #4748, #2588, #6933, .T. ) ;
#5212 = CARTESIAN_POINT ( 'NONE',  ( 1.219999999999999973, -14.00000000000000000, 2.153226721229382808E-15 ) ) ;
#5213 = FILL_AREA_STYLE_COLOUR ( '', #3832 ) ;
#5214 = FILL_AREA_STYLE ('',( #469 ) ) ;
#5215 = PRESENTATION_STYLE_ASSIGNMENT (( #3598 ) ) ;
#5216 = DIRECTION ( 'NONE',  ( 0.000000000000000000, 8.881784197001252323E-16, 1.000000000000000000 ) ) ;
#5217 = MANIFOLD_SOLID_BREP ( 'Imported_4-1-solid1', #5015 ) ;
#5218 = FILL_AREA_STYLE_COLOUR ( '', #3131 ) ;
#5219 =( BOUNDED_SURFACE ( )  B_SPLINE_SURFACE ( 3, 3, ( 
 ( #2879, #4574, #1765, #2920 ),
 ( #6637, #3990, #1238, #1868 ),
 ( #190, #3418, #293, #6118 ),
 ( #749, #4963, #232, #267 ) ),
 .UNSPECIFIED., .F., .F., .F. ) 
 B_SPLINE_SURFACE_WITH_KNOTS ( ( 4, 4 ),
 ( 4, 4 ),
 ( 0.000000000000000000, 1.000000000000000000 ),
 ( 0.000000000000000000, 1.000000000000000000 ),
 .UNSPECIFIED. ) 
 GEOMETRIC_REPRESENTATION_ITEM ( )  RATIONAL_B_SPLINE_SURFACE ( (
 ( 1.000000000000000000, 0.3333333333333330928, 0.3333333333333330928, 1.000000000000000000),
 ( 0.3333333333333337034, 0.1111111111111111605, 0.1111111111111111605, 0.3333333333333337034),
 ( 0.3333333333333337034, 0.1111111111111111605, 0.1111111111111111605, 0.3333333333333337034),
 ( 1.000000000000000000, 0.3333333333333330928, 0.3333333333333330928, 1.000000000000000000) ) ) 
 REPRESENTATION_ITEM ( '' )  SURFACE ( )  );
#5220 =( LENGTH_UNIT ( ) NAMED_UNIT ( * ) SI_UNIT ( .MILLI., .METRE. ) );
#5221 = CARTESIAN_POINT ( 'NONE',  ( -5.769251933469594640, -4.715897121775104672, 13.71717641068573634 ) ) ;
#5222 = CARTESIAN_POINT ( 'NONE',  ( 4.611051947974980081, -11.42868696506153370, 1.273648670121524829 ) ) ;
#5223 = FACE_OUTER_BOUND ( 'NONE', #1131, .T. ) ;
#5224 = EDGE_LOOP ( 'NONE', ( #2551, #668, #3943, #6089 ) ) ;
#5225 = CARTESIAN_POINT ( 'NONE',  ( 8.680000000000005045, 9.271915096387271404, 5.003040405835055715 ) ) ;
#5226 = PRESENTATION_LAYER_ASSIGNMENT (  '', '', ( #839 ) ) ;
#5227 = CARTESIAN_POINT ( 'NONE',  ( 7.780000000000001137, -11.65149826589247439, 7.761844456836781703 ) ) ;
#5228 = FACE_OUTER_BOUND ( 'NONE', #3864, .T. ) ;
#5229 = CARTESIAN_POINT ( 'NONE',  ( 4.500000000000000888, -11.09683062870710124, -4.038916043542900347 ) ) ;
#5230 = DIRECTION ( 'NONE',  ( -1.000000000000000000, 0.000000000000000000, 0.000000000000000000 ) ) ;
#5231 = ORIENTED_EDGE ( 'NONE', *, *, #3889, .T. ) ;
#5232 = SURFACE_STYLE_USAGE ( .BOTH. , #4666 ) ;
#5233 = ADVANCED_FACE ( 'NONE', ( #5889, #6340 ), #381, .T. ) ;
#5234 = CARTESIAN_POINT ( 'NONE',  ( 0.000000000000000000, -7.799999999999999822, 1.442372910885477310E-15 ) ) ;
#5235 = SURFACE_STYLE_USAGE ( .BOTH. , #4112 ) ;
#5236 = LINE ( 'NONE', #1239, #4354 ) ;
#5237 = STYLED_ITEM ( 'NONE', ( #5794 ), #2945 ) ;
#5238 = CARTESIAN_POINT ( 'NONE',  ( 8.379999999999997229, -10.42500050000001011, 20.85000099999999890 ) ) ;
#5239 = CARTESIAN_POINT ( 'NONE',  ( 0.1242640687119284104, 7.499999999999999112, -2.296197581404420666E-15 ) ) ;
#5240 = PRESENTATION_STYLE_ASSIGNMENT (( #3080 ) ) ;
#5241 = VERTEX_POINT ( 'NONE', #5859 ) ;
#5242 = MECHANICAL_DESIGN_GEOMETRIC_PRESENTATION_REPRESENTATION (  '', ( #5571 ), #4008 ) ;
#5243 = VERTEX_POINT ( 'NONE', #6402 ) ;
#5244 = DIRECTION ( 'NONE',  ( 1.000000000000000000, -1.224606353822380216E-16, -6.366453624330780039E-47 ) ) ;
#5245 = CARTESIAN_POINT ( 'NONE',  ( 0.5200000000000001288, 2.207975672688410107, -10.29143073051704249 ) ) ;
#5246 = CARTESIAN_POINT ( 'NONE',  ( 9.000000000000001776, -1.360613305756672498, -7.680467754520028834 ) ) ;
#5247 = DIRECTION ( 'NONE',  ( 1.000000000000000000, -1.224606353822379970E-16, -6.105792521669658402E-47 ) ) ;
#5248 = UNCERTAINTY_MEASURE_WITH_UNIT (LENGTH_MEASURE( 1.000000000000000082E-05 ), #6658, 'distance_accuracy_value', 'NONE');
#5249 = CARTESIAN_POINT ( 'NONE',  ( 0.3199999999999985634, -0.6425470494383129783, 10.51030924570693159 ) ) ;
#5250 = CARTESIAN_POINT ( 'NONE',  ( 6.679101779290592233, 5.864418909060327145, -14.63828148064790291 ) ) ;
#5251 = DIRECTION ( 'NONE',  ( 0.000000000000000000, 1.000000000000000000, -6.123031769111889989E-17 ) ) ;
#5252 = CARTESIAN_POINT ( 'NONE',  ( 3.354923136367212511, -7.645475827906520472, 9.074955185932335411 ) ) ;
#5253 = CLOSED_SHELL ( 'NONE', ( #3662, #1159, #5633, #5378, #5278, #501, #3420, #2126, #4225, #5233, #4313, #5598, #62, #971 ) ) ;
#5254 = ADVANCED_FACE ( 'NONE', ( #6463 ), #1024, .F. ) ;
#5255 = CARTESIAN_POINT ( 'NONE',  ( 8.130000000000000782, -14.34999999999999964, -4.393333333379124471E-15 ) ) ;
#5256 = CARTESIAN_POINT ( 'NONE',  ( 8.875735931288071257, 7.499999999999997335, -15.00000000000000178 ) ) ;
#5257 = VECTOR ( 'NONE', #1390, 1000.000000000000000 ) ;
#5258 = CARTESIAN_POINT ( 'NONE',  ( 2.342441272541672781, 12.98679842055761924, 4.733656131613833473 ) ) ;
#5259 = COLOUR_RGB ( '',0.5098039215686274161, 0.5098039215686274161, 0.5490196078431373028 ) ;
#5260 = SURFACE_SIDE_STYLE ('',( #6707 ) ) ;
#5261 = SURFACE_STYLE_FILL_AREA ( #853 ) ;
#5262 = AXIS2_PLACEMENT_3D ( 'NONE', #531, #2664, #4822 ) ;
#5263 = EDGE_LOOP ( 'NONE', ( #3338, #6450 ) ) ;
#5264 = FACE_OUTER_BOUND ( 'NONE', #5001, .T. ) ;
#5265 = CARTESIAN_POINT ( 'NONE',  ( -0.000000000000000000, -5.325191676143252728, -5.705700379010809620 ) ) ;
#5266 = CARTESIAN_POINT ( 'NONE',  ( 7.779999999999998472, 3.323687055051245842, 13.60314345160286820 ) ) ;
#5267 =( LENGTH_UNIT ( ) NAMED_UNIT ( * ) SI_UNIT ( .MILLI., .METRE. ) );
#5268 = CARTESIAN_POINT ( 'NONE',  ( 0.3199999999999913469, 1.835965895479594101, -10.36364998434241791 ) ) ;
#5269 = AXIS2_PLACEMENT_3D ( 'NONE', #6378, #4840, #1577 ) ;
#5270 = AXIS2_PLACEMENT_3D ( 'NONE', #6655, #4986, #179 ) ;
#5271 = DIRECTION ( 'NONE',  ( 0.000000000000000000, 0.000000000000000000, 1.000000000000000000 ) ) ;
#5272 = ORIENTED_EDGE ( 'NONE', *, *, #4171, .T. ) ;
#5273 = PRESENTATION_LAYER_ASSIGNMENT (  '', '', ( #5708 ) ) ;
#5274 = VECTOR ( 'NONE', #6361, 1000.000000000000000 ) ;
#5275 = CARTESIAN_POINT ( 'NONE',  ( 8.329999999999987637, -9.184547653667667967E-17, 0.000000000000000000 ) ) ;
#5276 = CARTESIAN_POINT ( 'NONE',  ( 0.000000000000000000, -7.799999999999999822, 1.432820981325662903E-15 ) ) ;
#5277 = CIRCLE ( 'NONE', #3466, 10.22500050000000016 ) ;
#5278 = ADVANCED_FACE ( 'NONE', ( #3288 ), #3916, .T. ) ;
#5279 =( GEOMETRIC_REPRESENTATION_CONTEXT ( 3 ) GLOBAL_UNCERTAINTY_ASSIGNED_CONTEXT ( ( #4449 ) ) GLOBAL_UNIT_ASSIGNED_CONTEXT ( ( #5138, #1374, #3452 ) ) REPRESENTATION_CONTEXT ( 'NONE', 'WORKASPACE' ) );
#5280 = CARTESIAN_POINT ( 'NONE',  ( 0.5200000000000000178, 9.542869178943258035, 4.445906607414499057 ) ) ;
#5281 = EDGE_LOOP ( 'NONE', ( #3441, #6685, #1056, #1744 ) ) ;
#5282 = ORIENTED_EDGE ( 'NONE', *, *, #3185, .F. ) ;
#5283 = CARTESIAN_POINT ( 'NONE',  ( 7.924974746830588224, 14.35000000000000142, 2.635965176602673280E-15 ) ) ;
#5284 = CARTESIAN_POINT ( 'NONE',  ( 9.000000000000003553, -7.537135264590067329, 2.035791052251693767 ) ) ;
#5285 = CARTESIAN_POINT ( 'NONE',  ( -0.000000000000000000, -3.474390812562865527, 6.992223862019066871 ) ) ;
#5286 = PRESENTATION_LAYER_ASSIGNMENT (  '', '', ( #1680 ) ) ;
#5287 = SURFACE_STYLE_FILL_AREA ( #3696 ) ;
#5288 = PRESENTATION_STYLE_ASSIGNMENT (( #3126 ) ) ;
#5289 = MECHANICAL_DESIGN_GEOMETRIC_PRESENTATION_REPRESENTATION (  '', ( #4721 ), #1729 ) ;
#5290 = CARTESIAN_POINT ( 'NONE',  ( 8.480000000000002203, 4.161873780654914867, 9.667920872247801611 ) ) ;
#5291 = PRESENTATION_LAYER_ASSIGNMENT (  '', '', ( #5618 ) ) ;
#5292 = CARTESIAN_POINT ( 'NONE',  ( 7.780000000000000249, 7.561731025760467517, -11.78234726370632046 ) ) ;
#5293 = DIRECTION ( 'NONE',  ( 0.000000000000000000, 0.000000000000000000, 1.000000000000000000 ) ) ;
#5294 = VERTEX_POINT ( 'NONE', #5538 ) ;
#5295 = DIRECTION ( 'NONE',  ( 1.000000000000000000, -0.000000000000000000, -0.000000000000000000 ) ) ;
#5296 = FACE_OUTER_BOUND ( 'NONE', #6456, .T. ) ;
#5297 = FILL_AREA_STYLE ('',( #570 ) ) ;
#5298 = FILL_AREA_STYLE ('',( #897 ) ) ;
#5299 = CARTESIAN_POINT ( 'NONE',  ( 1.220000000000000195, -13.00659372260861169, -5.179700289998347529 ) ) ;
#5300 = VERTEX_POINT ( 'NONE', #3319 ) ;
#5301 = DIRECTION ( 'NONE',  ( 1.000000000000000000, -0.000000000000000000, -0.000000000000000000 ) ) ;
#5302 = CARTESIAN_POINT ( 'NONE',  ( 8.680000000000003268, 10.33343986787543578, 1.999022335140128392 ) ) ;
#5303 = CARTESIAN_POINT ( 'NONE',  ( 7.779999999999998472, -13.60314345160491989, 3.323687055042726435 ) ) ;
#5304 = FILL_AREA_STYLE ('',( #5860 ) ) ;
#5305 = DIRECTION ( 'NONE',  ( 0.7071067811865487940, 8.659560562354919300E-17, 0.7071067811865463515 ) ) ;
#5306 = EDGE_CURVE ( 'NONE', #1298, #2957, #6051, .T. ) ;
#5307 = CARTESIAN_POINT ( 'NONE',  ( 0.3199999999999914579, -2.061822792885440681, -10.32122741108699415 ) ) ;
#5308 = MANIFOLD_SOLID_BREP ( 'Imported-1-solid1', #5253 ) ;
#5309 =( LENGTH_UNIT ( ) NAMED_UNIT ( * ) SI_UNIT ( .MILLI., .METRE. ) );
#5310 = CARTESIAN_POINT ( 'NONE',  ( 8.480000000000003979, 10.32122741108739206, -2.061822792883193589 ) ) ;
#5311 = CARTESIAN_POINT ( 'NONE',  ( 5.645076863632790598, -4.163524672093492640, -9.074955185932338964 ) ) ;
#5312 = ORIENTED_EDGE ( 'NONE', *, *, #1951, .T. ) ;
#5313 = CARTESIAN_POINT ( 'NONE',  ( 8.480000000000002203, 10.46642185623731258, 1.121863703022775297E-14 ) ) ;
#5314 = CARTESIAN_POINT ( 'NONE',  ( 8.480000000000012861, -13.00199161366772493, -5.588822899371247022E-32 ) ) ;
#5315 = DIRECTION ( 'NONE',  ( -1.000000000000000000, 0.000000000000000000, 0.000000000000000000 ) ) ;
#5316 = ORIENTED_EDGE ( 'NONE', *, *, #5167, .F. ) ;
#5317 =( NAMED_UNIT ( * ) SI_UNIT ( $, .STERADIAN. ) SOLID_ANGLE_UNIT ( ) );
#5318 = CARTESIAN_POINT ( 'NONE',  ( 8.480000000000002203, 1.875603273690922501, -10.35654959605062153 ) ) ;
#5319 = CARTESIAN_POINT ( 'NONE',  ( 9.000000000000003553, -7.623800463141321870, 1.667883738938146232 ) ) ;
#5320 = CARTESIAN_POINT ( 'NONE',  ( 0.000000000000000000, 4.323352065297843438, 6.492525959496338928 ) ) ;
#5321 = CARTESIAN_POINT ( 'NONE',  ( 0.000000000000000000, -15.69999999999999041, 31.39999999999998792 ) ) ;
#5322 = UNCERTAINTY_MEASURE_WITH_UNIT (LENGTH_MEASURE( 1.000000000000000082E-05 ), #499, 'distance_accuracy_value', 'NONE');
#5323 = CARTESIAN_POINT ( 'NONE',  ( 8.480000000000003979, 8.412001933571650270, 6.367264803186913014 ) ) ;
#5324 = CARTESIAN_POINT ( 'NONE',  ( 7.779999999999999361, -5.208287949176082066, -12.99517521805228348 ) ) ;
#5325 = CARTESIAN_POINT ( 'NONE',  ( 5.442545997088830134, 9.647724093425242842, 9.692811436171837158 ) ) ;
#5326 = CARTESIAN_POINT ( 'NONE',  ( 1.219999999999971774, 0.000000000000000000, 0.000000000000000000 ) ) ;
#5327 = ADVANCED_FACE ( 'NONE', ( #4414 ), #6092, .F. ) ;
#5328 =( NAMED_UNIT ( * ) PLANE_ANGLE_UNIT ( ) SI_UNIT ( $, .RADIAN. ) );
#5329 = UNCERTAINTY_MEASURE_WITH_UNIT (LENGTH_MEASURE( 1.000000000000000082E-05 ), #3991, 'distance_accuracy_value', 'NONE');
#5330 =( NAMED_UNIT ( * ) PLANE_ANGLE_UNIT ( ) SI_UNIT ( $, .RADIAN. ) );
#5331 = SURFACE_STYLE_USAGE ( .BOTH. , #5884 ) ;
#5332 =( NAMED_UNIT ( * ) SI_UNIT ( $, .STERADIAN. ) SOLID_ANGLE_UNIT ( ) );
#5333 =( LENGTH_UNIT ( ) NAMED_UNIT ( * ) SI_UNIT ( .MILLI., .METRE. ) );
#5334 = CARTESIAN_POINT ( 'NONE',  ( -0.000000000000000000, 0.2383666322941940530, -7.800016207250744849 ) ) ;
#5335 = DIRECTION ( 'NONE',  ( 0.000000000000000000, -1.000000000000000000, 1.836949976058543562E-16 ) ) ;
#5336 = CARTESIAN_POINT ( 'NONE',  ( 5.734413933403809338, 13.88477053572696285, -4.250956869665549527E-15 ) ) ;
#5337 = SURFACE_STYLE_FILL_AREA ( #4317 ) ;
#5338 = FACE_OUTER_BOUND ( 'NONE', #3582, .T. ) ;
#5339 = SURFACE_SIDE_STYLE ('',( #1706 ) ) ;
#5340 = CARTESIAN_POINT ( 'NONE',  ( 0.6199999999999999956, 10.42500050000000122, -6.413876084296293789E-16 ) ) ;
#5341 = CARTESIAN_POINT ( 'NONE',  ( 5.645076863632795927, -9.355855050800581552, 5.190855283913660578 ) ) ;
#5342 = EDGE_CURVE ( 'NONE', #2273, #1226, #4821, .T. ) ;
#5343 = SURFACE_STYLE_USAGE ( .BOTH. , #1640 ) ;
#5344 = CIRCLE ( 'NONE', #1844, 7.500000000000000000 ) ;
#5345 = CARTESIAN_POINT ( 'NONE',  ( 0.5200000000000000178, 10.46639770868437047, 1.282500883285502047 ) ) ;
#5346 = VERTEX_POINT ( 'NONE', #4030 ) ;
#5347 = CARTESIAN_POINT ( 'NONE',  ( 8.679999999999999716, 2.035908124460020298E-15, -11.81666700000000070 ) ) ;
#5348 = CARTESIAN_POINT ( 'NONE',  ( 8.480000000000003979, 8.605943207389666227, -6.059894248022315466 ) ) ;
#5349 = PRESENTATION_LAYER_ASSIGNMENT (  '', '', ( #3078 ) ) ;
#5350 = CARTESIAN_POINT ( 'NONE',  ( 9.000000000000003553, -7.680455970276367061, 1.360677010462157055 ) ) ;
#5351 = CARTESIAN_POINT ( 'NONE',  ( 0.000000000000000000, 1.448609838834970853, 7.664358147291740586 ) ) ;
#5352 = CARTESIAN_POINT ( 'NONE',  ( 0.1242640687119285076, -15.99999999999998757, 31.99999999999997868 ) ) ;
#5353 = DIRECTION ( 'NONE',  ( -1.000000000000000000, 0.000000000000000000, 0.000000000000000000 ) ) ;
#5354 =( NAMED_UNIT ( * ) PLANE_ANGLE_UNIT ( ) SI_UNIT ( $, .RADIAN. ) );
#5355 = CARTESIAN_POINT ( 'NONE',  ( 7.779999999999998472, -5.913727056444038510, -12.69363703642734720 ) ) ;
#5356 = DIRECTION ( 'NONE',  ( 0.000000000000000000, 0.000000000000000000, 1.000000000000000000 ) ) ;
#5357 = SURFACE_STYLE_FILL_AREA ( #41 ) ;
#5358 = DIRECTION ( 'NONE',  ( 0.000000000000000000, 1.000000000000000000, -6.123031769111938060E-17 ) ) ;
#5359 = ADVANCED_FACE ( 'NONE', ( #1306 ), #6800, .T. ) ;
#5360 = CARTESIAN_POINT ( 'NONE',  ( 1.399797437231674380, -14.30556376187090528, -28.61112752374178925 ) ) ;
#5361 =( NAMED_UNIT ( * ) SI_UNIT ( $, .STERADIAN. ) SOLID_ANGLE_UNIT ( ) );
#5362 = CARTESIAN_POINT ( 'NONE',  ( -0.000000000000000000, 7.227888670044604780, -2.932350761662330108 ) ) ;
#5363 = ORIENTED_EDGE ( 'NONE', *, *, #5937, .T. ) ;
#5364 = SURFACE_STYLE_FILL_AREA ( #1136 ) ;
#5365 =( LENGTH_UNIT ( ) NAMED_UNIT ( * ) SI_UNIT ( .MILLI., .METRE. ) );
#5366 = CARTESIAN_POINT ( 'NONE',  ( 0.3199999999999941780, 10.32122741108754482, -2.061822792882555433 ) ) ;
#5367 = CIRCLE ( 'NONE', #2877, 2.380999999999999339 ) ;
#5368 = SURFACE_SIDE_STYLE ('',( #543 ) ) ;
#5369 =( GEOMETRIC_REPRESENTATION_CONTEXT ( 3 ) GLOBAL_UNCERTAINTY_ASSIGNED_CONTEXT ( ( #1076 ) ) GLOBAL_UNIT_ASSIGNED_CONTEXT ( ( #2473, #3076, #6240 ) ) REPRESENTATION_CONTEXT ( 'NONE', 'WORKASPACE' ) );
#5370 = CARTESIAN_POINT ( 'NONE',  ( 0.6199999999999999956, -10.42500050000000122, 1.918081957773085346E-15 ) ) ;
#5371 = ORIENTED_EDGE ( 'NONE', *, *, #5878, .F. ) ;
#5372 = PRESENTATION_LAYER_ASSIGNMENT (  '', '', ( #6464 ) ) ;
#5373 = DIRECTION ( 'NONE',  ( 0.000000000000000000, 1.000000000000000000, -6.123031769111891221E-17 ) ) ;
#5374 = CARTESIAN_POINT ( 'NONE',  ( 8.130000000000004334, 14.51483715649648687, 6.221354043751114140E-15 ) ) ;
#5375 = CARTESIAN_POINT ( 'NONE',  ( 1.076072228735578593E-17, -15.87573593128807836, -31.75147186257613541 ) ) ;
#5376 = CARTESIAN_POINT ( 'NONE',  ( 8.680000000000005045, 9.847626207425284051, -3.715076583181687653 ) ) ;
#5377 = CIRCLE ( 'NONE', #3351, 13.43000050000000023 ) ;
#5378 = ADVANCED_FACE ( 'NONE', ( #4066 ), #926, .T. ) ;
#5379 = CARTESIAN_POINT ( 'NONE',  ( 2.320898220709405990, -9.718307742167475283, -7.218208193380195148 ) ) ;
#5380 = ORIENTED_EDGE ( 'NONE', *, *, #1468, .T. ) ;
#5381 = VERTEX_POINT ( 'NONE', #3300 ) ;
#5382 = FILL_AREA_STYLE_COLOUR ( '', #2809 ) ;
#5383 = CARTESIAN_POINT ( 'NONE',  ( 8.480000000000002203, -2.061822792881074839, -10.32122741108821451 ) ) ;
#5384 = CARTESIAN_POINT ( 'NONE',  ( 0.5200000000000000178, -10.52496807951833802, -0.6434076856577856107 ) ) ;
#5385 = CARTESIAN_POINT ( 'NONE',  ( -0.000000000000000000, 6.669181246080040815, 4.045573323183701220 ) ) ;
#5386 = CARTESIAN_POINT ( 'NONE',  ( 1.076072228735578593E-17, 15.87573593128807481, 31.75147186257613541 ) ) ;
#5387 = UNCERTAINTY_MEASURE_WITH_UNIT (LENGTH_MEASURE( 1.000000000000000082E-05 ), #5077, 'distance_accuracy_value', 'NONE');
#5388 = CARTESIAN_POINT ( 'NONE',  ( 6.883617111016571144, 0.000000000000000000, 0.000000000000000000 ) ) ;
#5389 = CARTESIAN_POINT ( 'NONE',  ( 8.480000000000016414, 13.00199161366772493, 1.621586772632121360E-15 ) ) ;
#5390 = CARTESIAN_POINT ( 'NONE',  ( 8.480000000000003979, 10.35316839353907348, 1.894194247331649539 ) ) ;
#5391 = VERTEX_POINT ( 'NONE', #5 ) ;
#5392 = VECTOR ( 'NONE', #5137, 999.9999999999998863 ) ;
#5393 = EDGE_CURVE ( 'NONE', #3690, #6071, #3137, .T. ) ;
#5394 = PRESENTATION_LAYER_ASSIGNMENT (  '', '', ( #1451 ) ) ;
#5395 = CARTESIAN_POINT ( 'NONE',  ( 7.780000000000001137, 2.363122253240658388, -13.79930152797512122 ) ) ;
#5396 = SURFACE_SIDE_STYLE ('',( #3837 ) ) ;
#5397 = ORIENTED_EDGE ( 'NONE', *, *, #4297, .F. ) ;
#5398 = CARTESIAN_POINT ( 'NONE',  ( 0.6199999999999998845, -10.22500050000000549, -20.45000100000000032 ) ) ;
#5399 = EDGE_LOOP ( 'NONE', ( #458, #751 ) ) ;
#5400 = CARTESIAN_POINT ( 'NONE',  ( 0.5200000000000000178, -10.52501671024083407, 0.3217038428288982455 ) ) ;
#5401 = CARTESIAN_POINT ( 'NONE',  ( 0.8699999999999999956, -14.51483715649648687, 2.666302976711985359E-15 ) ) ;
#5402 = CARTESIAN_POINT ( 'NONE',  ( 7.580000000000024940, -13.48053010216304948, -2.724850052366133601E-62 ) ) ;
#5403 = CARTESIAN_POINT ( 'NONE',  ( 5.141764753776215002, 14.13099999999999667, -4.326342403043450193E-15 ) ) ;
#5404 = DIRECTION ( 'NONE',  ( 0.000000000000000000, 1.000000000000000000, -6.123031769111891221E-17 ) ) ;
#5405 = CARTESIAN_POINT ( 'NONE',  ( 0.3199999999999921796, 6.367264803184176536, -8.412001933573806767 ) ) ;
#5406 = DIRECTION ( 'NONE',  ( -1.000000000000000000, 1.595955527370170130E-16, 4.075318472549437196E-32 ) ) ;
#5407 =( BOUNDED_SURFACE ( )  B_SPLINE_SURFACE ( 3, 3, ( 
 ( #108, #3412, #2834, #5559 ),
 ( #4506, #2799, #1335, #1861 ),
 ( #2943, #6077, #741, #4406 ),
 ( #3906, #5630, #1830, #2243 ) ),
 .UNSPECIFIED., .F., .F., .T. ) 
 B_SPLINE_SURFACE_WITH_KNOTS ( ( 4, 4 ),
 ( 4, 4 ),
 ( 0.000000000000000000, 1.000000000000000000 ),
 ( 0.000000000000000000, 1.000000000000000000 ),
 .UNSPECIFIED. ) 
 GEOMETRIC_REPRESENTATION_ITEM ( )  RATIONAL_B_SPLINE_SURFACE ( (
 ( 1.000000000000000000, 0.3333333333333330928, 0.3333333333333330928, 1.000000000000000000),
 ( 0.8047378541243636052, 0.2682459513747876834, 0.2682459513747876834, 0.8047378541243636052),
 ( 0.8047378541243636052, 0.2682459513747876834, 0.2682459513747876834, 0.8047378541243636052),
 ( 1.000000000000000000, 0.3333333333333330928, 0.3333333333333330928, 1.000000000000000000) ) ) 
 REPRESENTATION_ITEM ( '' )  SURFACE ( )  );
#5408 = STYLED_ITEM ( 'NONE', ( #4929 ), #3436 ) ;
#5409 = EDGE_CURVE ( 'NONE', #6317, #2726, #785, .T. ) ;
#5410 = FACE_OUTER_BOUND ( 'NONE', #6425, .T. ) ;
#5411 = SURFACE_STYLE_FILL_AREA ( #4322 ) ;
#5412 = CARTESIAN_POINT ( 'NONE',  ( 8.680000000000001492, 7.185546829809560165, -7.699077894431232139 ) ) ;
#5413 = AXIS2_PLACEMENT_3D ( 'NONE', #1209, #2684, #6837 ) ;
#5414 = CARTESIAN_POINT ( 'NONE',  ( 4.500000000000000888, 1.959434878635765131E-15, -16.00000000000000000 ) ) ;
#5415 = CARTESIAN_POINT ( 'NONE',  ( 8.480000000000005755, 5.683397693584197441, -8.859050204135890283 ) ) ;
#5416 = CARTESIAN_POINT ( 'NONE',  ( 0.1242640687119284104, 7.499999999999999112, -4.684119303370596563E-16 ) ) ;
#5417 = CARTESIAN_POINT ( 'NONE',  ( 9.000000000000000000, -7.799999999999999822, 1.583772228651234900E-15 ) ) ;
#5418 = CARTESIAN_POINT ( 'NONE',  ( -0.000000000000000000, -2.664467693569055662, 7.331286101083016149 ) ) ;
#5419 = CARTESIAN_POINT ( 'NONE',  ( 1.419999999999974172, 0.000000000000000000, 0.000000000000000000 ) ) ;
#5420 = DIRECTION ( 'NONE',  ( -1.000000000000000000, 0.000000000000000000, 0.000000000000000000 ) ) ;
#5421 = PRESENTATION_LAYER_ASSIGNMENT (  '', '', ( #2814 ) ) ;
#5422 = DIRECTION ( 'NONE',  ( -1.000000000000000000, 1.608545308335517870E-16, 6.209803221523693437E-32 ) ) ;
#5423 = FILL_AREA_STYLE ('',( #3275 ) ) ;
#5424 = ORIENTED_EDGE ( 'NONE', *, *, #6607, .F. ) ;
#5425 = STYLED_ITEM ( 'NONE', ( #579 ), #3252 ) ;
#5426 = VERTEX_POINT ( 'NONE', #5389 ) ;
#5427 = CARTESIAN_POINT ( 'NONE',  ( 7.780000000000002025, 5.593055116872185373, -12.84297020014985335 ) ) ;
#5428 =( NAMED_UNIT ( * ) PLANE_ANGLE_UNIT ( ) SI_UNIT ( $, .RADIAN. ) );
#5429 = SURFACE_SIDE_STYLE ('',( #5357 ) ) ;
#5430 = VERTEX_POINT ( 'NONE', #4331 ) ;
#5431 = ADVANCED_FACE ( 'NONE', ( #1717 ), #6050, .F. ) ;
#5432 = CARTESIAN_POINT ( 'NONE',  ( 1.419999999999974172, 1.650888804042352353E-15, 13.48053010216305125 ) ) ;
#5433 = CARTESIAN_POINT ( 'NONE',  ( 1.220000000000000417, -2.936932121170655829, 13.68932566461952582 ) ) ;
#5434 = PRESENTATION_STYLE_ASSIGNMENT (( #5852 ) ) ;
#5435 =( LENGTH_UNIT ( ) NAMED_UNIT ( * ) SI_UNIT ( .MILLI., .METRE. ) );
#5436 = FILL_AREA_STYLE_COLOUR ( '', #6629 ) ;
#5437 = FACE_OUTER_BOUND ( 'NONE', #240, .T. ) ;
#5438 =( NAMED_UNIT ( * ) PLANE_ANGLE_UNIT ( ) SI_UNIT ( $, .RADIAN. ) );
#5439 =( NAMED_UNIT ( * ) SI_UNIT ( $, .STERADIAN. ) SOLID_ANGLE_UNIT ( ) );
#5440 = CARTESIAN_POINT ( 'NONE',  ( 0.3199999999999942335, 10.34562986253565420, -1.934931853067318963 ) ) ;
#5441 = PRESENTATION_STYLE_ASSIGNMENT (( #2739 ) ) ;
#5442 = CARTESIAN_POINT ( 'NONE',  ( 0.5199999999999991296, -10.46642185623730725, 20.93284371247462161 ) ) ;
#5443 =( LENGTH_UNIT ( ) NAMED_UNIT ( * ) SI_UNIT ( .MILLI., .METRE. ) );
#5444 = DIRECTION ( 'NONE',  ( 1.000000000000000000, -1.224606353822380216E-16, -0.000000000000000000 ) ) ;
#5445 = CARTESIAN_POINT ( 'NONE',  ( 8.680000000000005045, 9.817197108054838139, -3.794741857845982391 ) ) ;
#5446 =( BOUNDED_SURFACE ( )  B_SPLINE_SURFACE ( 3, 3, ( 
 ( #5837, #6872, #4777, #2061 ),
 ( #5509, #3883, #1070, #979 ),
 ( #5283, #6941, #4749, #5872 ),
 ( #3656, #4263, #687, #3360 ) ),
 .UNSPECIFIED., .F., .F., .T. ) 
 B_SPLINE_SURFACE_WITH_KNOTS ( ( 4, 4 ),
 ( 4, 4 ),
 ( 0.000000000000000000, 1.000000000000000000 ),
 ( 0.000000000000000000, 1.000000000000000000 ),
 .UNSPECIFIED. ) 
 GEOMETRIC_REPRESENTATION_ITEM ( )  RATIONAL_B_SPLINE_SURFACE ( (
 ( 1.000000000000000000, 0.3333333333333334259, 0.3333333333333334259, 1.000000000000000000),
 ( 0.8047378541243649375, 0.2682459513747884050, 0.2682459513747884050, 0.8047378541243649375),
 ( 0.8047378541243649375, 0.2682459513747884050, 0.2682459513747884050, 0.8047378541243649375),
 ( 1.000000000000000000, 0.3333333333333334259, 0.3333333333333334259, 1.000000000000000000) ) ) 
 REPRESENTATION_ITEM ( '' )  SURFACE ( )  );
#5447 = CARTESIAN_POINT ( 'NONE',  ( 4.611051947974982745, -6.236356586354444786, -4.914329712638680903 ) ) ;
#5448 = ADVANCED_FACE ( 'NONE', ( #2752, #593 ), #3231, .T. ) ;
#5449 = CARTESIAN_POINT ( 'NONE',  ( 9.000000000000001776, 4.157470633334691357, 6.599983429669765478 ) ) ;
#5450 = CARTESIAN_POINT ( 'NONE',  ( -0.000000000000000000, -5.705700379007411449, 5.325191676147305486 ) ) ;
#5451 = FILL_AREA_STYLE ('',( #2624 ) ) ;
#5452 = UNCERTAINTY_MEASURE_WITH_UNIT (LENGTH_MEASURE( 1.000000000000000082E-05 ), #1367, 'distance_accuracy_value', 'NONE');
#5453 = AXIS2_PLACEMENT_3D ( 'NONE', #4200, #1440, #4165 ) ;
#5454 = CARTESIAN_POINT ( 'NONE',  ( 8.999999999999998224, 15.69999999999999929, -2.215381469852090405E-15 ) ) ;
#5455 = PRESENTATION_STYLE_ASSIGNMENT (( #5976 ) ) ;
#5456 = CARTESIAN_POINT ( 'NONE',  ( 8.480000000000000426, -10.32122741108731212, 2.061822792884398847 ) ) ;
#5457 =( GEOMETRIC_REPRESENTATION_CONTEXT ( 3 ) GLOBAL_UNCERTAINTY_ASSIGNED_CONTEXT ( ( #169 ) ) GLOBAL_UNIT_ASSIGNED_CONTEXT ( ( #3775, #6332, #3138 ) ) REPRESENTATION_CONTEXT ( 'NONE', 'WORKASPACE' ) );
#5458 = ORIENTED_EDGE ( 'NONE', *, *, #5725, .F. ) ;
#5459 = CARTESIAN_POINT ( 'NONE',  ( 7.780000000000004690, 13.75585941807480772, -2.603286763887970423 ) ) ;
#5460 =( NAMED_UNIT ( * ) SI_UNIT ( $, .STERADIAN. ) SOLID_ANGLE_UNIT ( ) );
#5461 = CARTESIAN_POINT ( 'NONE',  ( 9.000000000000001776, 1.636347767034435963, -7.626893541893745798 ) ) ;
#5462 = DIRECTION ( 'NONE',  ( 0.000000000000000000, -1.000000000000000000, -3.061556329880942021E-16 ) ) ;
#5463 = LINE ( 'NONE', #3148, #4997 ) ;
#5464 = ORIENTED_EDGE ( 'NONE', *, *, #5393, .F. ) ;
#5465 = CARTESIAN_POINT ( 'NONE',  ( 1.219999999999999973, -13.52812398064054378, 3.654217838207509228 ) ) ;
#5466 = CARTESIAN_POINT ( 'NONE',  ( 0.5200000000000001288, -3.913847515211264838, 9.770322806959901740 ) ) ;
#5467 = EDGE_CURVE ( 'NONE', #3756, #944, #1452, .T. ) ;
#5468 = DIRECTION ( 'NONE',  ( -1.000000000000000000, 1.224606353822380216E-16, 0.000000000000000000 ) ) ;
#5469 = AXIS2_PLACEMENT_3D ( 'NONE', #3072, #6827, #4742 ) ;
#5470 = CARTESIAN_POINT ( 'NONE',  ( 0.3199999999999990630, 10.52500050000000265, -6.539031452354682367E-16 ) ) ;
#5471 =( LENGTH_UNIT ( ) NAMED_UNIT ( * ) SI_UNIT ( .MILLI., .METRE. ) );
#5472 = CARTESIAN_POINT ( 'NONE',  ( 0.8699999999999992184, 0.000000000000000000, 0.000000000000000000 ) ) ;
#5473 = DIRECTION ( 'NONE',  ( -1.334198273250123971E-16, -1.000000000000000000, 0.000000000000000000 ) ) ;
#5474 = FILL_AREA_STYLE_COLOUR ( '', #4524 ) ;
#5475 = CARTESIAN_POINT ( 'NONE',  ( 3.354923136367209402, -12.83780620661361560, 2.886976803172141448 ) ) ;
#5476 = CLOSED_SHELL ( 'NONE', ( #4793, #4190 ) ) ;
#5477 =( GEOMETRIC_REPRESENTATION_CONTEXT ( 3 ) GLOBAL_UNCERTAINTY_ASSIGNED_CONTEXT ( ( #6209 ) ) GLOBAL_UNIT_ASSIGNED_CONTEXT ( ( #1497, #4083, #2026 ) ) REPRESENTATION_CONTEXT ( 'NONE', 'WORKASPACE' ) );
#5478 = CARTESIAN_POINT ( 'NONE',  ( 8.679999999999999716, 2.498755345888636459, -10.22663357712168697 ) ) ;
#5479 = CARTESIAN_POINT ( 'NONE',  ( 8.480000000000000426, -6.281383935467157897, -8.448620297007146007 ) ) ;
#5480 = PRESENTATION_LAYER_ASSIGNMENT (  '', '', ( #3112 ) ) ;
#5481 = CARTESIAN_POINT ( 'NONE',  ( 9.000000000000001776, 1.667883738937720350, 7.623800463141451544 ) ) ;
#5482 = CARTESIAN_POINT ( 'NONE',  ( 7.780000000000003801, 13.79930152797512299, 2.363122253240941273 ) ) ;
#5483 = VECTOR ( 'NONE', #1820, 1000.000000000000000 ) ;
#5484 =( GEOMETRIC_REPRESENTATION_CONTEXT ( 3 ) GLOBAL_UNCERTAINTY_ASSIGNED_CONTEXT ( ( #6903 ) ) GLOBAL_UNIT_ASSIGNED_CONTEXT ( ( #5471, #6559, #1271 ) ) REPRESENTATION_CONTEXT ( 'NONE', 'WORKASPACE' ) );
#5485 = CARTESIAN_POINT ( 'NONE',  ( 8.329999999999989413, 13.45000000000003659, -26.90000000000005187 ) ) ;
#5486 = EDGE_CURVE ( 'NONE', #3031, #4018, #2449, .T. ) ;
#5487 = CARTESIAN_POINT ( 'NONE',  ( 8.480000000000000426, -5.683397693583768451, 8.859050204136313056 ) ) ;
#5488 = PRESENTATION_LAYER_ASSIGNMENT (  '', '', ( #1557 ) ) ;
#5489 = VERTEX_POINT ( 'NONE', #2295 ) ;
#5490 = CARTESIAN_POINT ( 'NONE',  ( 7.780000000000002025, 13.99996757527197744, -0.8559557305885999723 ) ) ;
#5491 = DIRECTION ( 'NONE',  ( 0.000000000000000000, 0.000000000000000000, -1.000000000000000000 ) ) ;
#5492 = CARTESIAN_POINT ( 'NONE',  ( 9.000000000000001776, 4.047772120825760211, -6.672721099543624135 ) ) ;
#5493 = FILL_AREA_STYLE ('',( #2272 ) ) ;
#5494 = CIRCLE ( 'NONE', #6376, 0.3499999999999996447 ) ;
#5495 = VERTEX_POINT ( 'NONE', #4428 ) ;
#5496 = CARTESIAN_POINT ( 'NONE',  ( 1.220000000000000195, -5.345239632863948209, 12.93965546485033435 ) ) ;
#5497 = AXIS2_PLACEMENT_3D ( 'NONE', #383, #1419, #2539 ) ;
#5498 = STYLED_ITEM ( 'NONE', ( #4214 ), #5233 ) ;
#5499 = CARTESIAN_POINT ( 'NONE',  ( 0.5200000000000001288, 0.3217940396548947812, 10.52496807042946791 ) ) ;
#5500 = CARTESIAN_POINT ( 'NONE',  ( 5.645076863632790598, -4.163524672093482870, 11.37883366667385765 ) ) ;
#5501 = DIRECTION ( 'NONE',  ( 1.208866533781747157E-16, 1.000000000000000000, 1.836909530733570325E-16 ) ) ;
#5502 = DIRECTION ( 'NONE',  ( -1.000000000000000000, 0.000000000000000000, 0.000000000000000000 ) ) ;
#5503 = MECHANICAL_DESIGN_GEOMETRIC_PRESENTATION_REPRESENTATION (  '', ( #2569 ), #6487 ) ;
#5504 = FILL_AREA_STYLE ('',( #3354 ) ) ;
#5505 = CARTESIAN_POINT ( 'NONE',  ( 8.130000000000004334, 14.34999999999999964, 6.150701490155576844E-15 ) ) ;
#5506 =( LENGTH_UNIT ( ) NAMED_UNIT ( * ) SI_UNIT ( .MILLI., .METRE. ) );
#5507 = FILL_AREA_STYLE ('',( #755 ) ) ;
#5508 = CARTESIAN_POINT ( 'NONE',  ( 1.219999999999999973, -1.067396605991407732, -13.97081276636602887 ) ) ;
#5509 = CARTESIAN_POINT ( 'NONE',  ( 7.780000000000003801, 14.20502525316941522, 2.609334627185794824E-15 ) ) ;
#5510 = CARTESIAN_POINT ( 'NONE',  ( 8.680000000000005045, -10.35316839353895269, 1.894194247332168901 ) ) ;
#5511 = ORIENTED_EDGE ( 'NONE', *, *, #3096, .F. ) ;
#5512 = UNCERTAINTY_MEASURE_WITH_UNIT (LENGTH_MEASURE( 1.000000000000000082E-05 ), #3724, 'distance_accuracy_value', 'NONE');
#5513 = FILL_AREA_STYLE ('',( #4972 ) ) ;
#5514 = SURFACE_SIDE_STYLE ('',( #5967 ) ) ;
#5515 = EDGE_CURVE ( 'NONE', #3111, #1751, #3930, .T. ) ;
#5516 = CARTESIAN_POINT ( 'NONE',  ( 8.679999999999996163, 0.6435880793142457756, -10.52506535914105967 ) ) ;
#5517 = SURFACE_STYLE_USAGE ( .BOTH. , #6129 ) ;
#5518 = CARTESIAN_POINT ( 'NONE',  ( 9.000000000000003553, 2.753195702543665746, 7.298008715864811258 ) ) ;
#5519 = CARTESIAN_POINT ( 'NONE',  ( 7.780000000000001137, 13.05841734013714195, 5.047627430559602502 ) ) ;
#5520 = CARTESIAN_POINT ( 'NONE',  ( 6.679101779290587793, 12.86002670398170267, -10.59936543710505674 ) ) ;
#5521 = UNCERTAINTY_MEASURE_WITH_UNIT (LENGTH_MEASURE( 1.000000000000000082E-05 ), #6021, 'distance_accuracy_value', 'NONE');
#5522 = CARTESIAN_POINT ( 'NONE',  ( 8.999999999999994671, -15.69999999999999396, 31.39999999999999147 ) ) ;
#5523 =( LENGTH_UNIT ( ) NAMED_UNIT ( * ) SI_UNIT ( .MILLI., .METRE. ) );
#5524 = VERTEX_POINT ( 'NONE', #6175 ) ;
#5525 = PRESENTATION_LAYER_ASSIGNMENT (  '', '', ( #5929 ) ) ;
#5526 = ORIENTED_EDGE ( 'NONE', *, *, #4519, .T. ) ;
#5527 =( NAMED_UNIT ( * ) SI_UNIT ( $, .STERADIAN. ) SOLID_ANGLE_UNIT ( ) );
#5528 = PRESENTATION_STYLE_ASSIGNMENT (( #2241 ) ) ;
#5529 =( NAMED_UNIT ( * ) SI_UNIT ( $, .STERADIAN. ) SOLID_ANGLE_UNIT ( ) );
#5530 = AXIS2_PLACEMENT_3D ( 'NONE', #6283, #6654, #1363 ) ;
#5531 = CARTESIAN_POINT ( 'NONE',  ( 0.3199999999999968980, 8.999096241907675875, 5.458976968529479556 ) ) ;
#5532 = FILL_AREA_STYLE ('',( #5597 ) ) ;
#5533 = VERTEX_POINT ( 'NONE', #2936 ) ;
#5534 = CARTESIAN_POINT ( 'NONE',  ( 1.220000000000000195, -8.355224251634030708, 11.23811823502325069 ) ) ;
#5535 = PRESENTATION_LAYER_ASSIGNMENT (  '', '', ( #1708 ) ) ;
#5536 = CARTESIAN_POINT ( 'NONE',  ( 0.5199999999999999067, -10.35316839353892959, 1.894194247332275038 ) ) ;
#5537 = CARTESIAN_POINT ( 'NONE',  ( 2.320898220709402437, -9.718307742167468177, 13.23558065922600768 ) ) ;
#5538 = CARTESIAN_POINT ( 'NONE',  ( 6.328534255899995742, 10.22500050000000194, -6.260800290068495646E-16 ) ) ;
#5539 = DIRECTION ( 'NONE',  ( 1.000000000000000000, -1.224606353822380216E-16, -6.446863596467668767E-47 ) ) ;
#5540 = CARTESIAN_POINT ( 'NONE',  ( 8.999999999999994671, -15.87573593128807481, -31.75147186257613896 ) ) ;
#5541 = CARTESIAN_POINT ( 'NONE',  ( 1.220000000000000195, 4.731336235751726349, -13.18411609112212801 ) ) ;
#5542 = ORIENTED_EDGE ( 'NONE', *, *, #2613, .T. ) ;
#5543 = CARTESIAN_POINT ( 'NONE',  ( 2.320898220709407767, -1.763196075274612529, -8.620909014802093040 ) ) ;
#5544 = CARTESIAN_POINT ( 'NONE',  ( 8.680000000000006821, -5.833767825328901147, 8.760741545163700295 ) ) ;
#5545 = SURFACE_SIDE_STYLE ('',( #4000 ) ) ;
#5546 = FILL_AREA_STYLE_COLOUR ( '', #3219 ) ;
#5547 = CARTESIAN_POINT ( 'NONE',  ( 8.679999999999999716, -0.3217940396571222772, -10.52496807042946791 ) ) ;
#5548 = ADVANCED_FACE ( 'NONE', ( #2968 ), #1574, .F. ) ;
#5549 = SURFACE_STYLE_FILL_AREA ( #5621 ) ;
#5550 = CARTESIAN_POINT ( 'NONE',  ( 9.000000000000003553, 6.492525959495949017, 4.323352065298549540 ) ) ;
#5551 = CARTESIAN_POINT ( 'NONE',  ( 7.779999999999998472, 9.021928728737556469, 10.72459260702778572 ) ) ;
#5552 = SURFACE_STYLE_USAGE ( .BOTH. , #2859 ) ;
#5553 = LINE ( 'NONE', #4498, #5483 ) ;
#5554 = ORIENTED_EDGE ( 'NONE', *, *, #131, .F. ) ;
#5555 = ORIENTED_EDGE ( 'NONE', *, *, #2729, .F. ) ;
#5556 = CARTESIAN_POINT ( 'NONE',  ( 0.07868720907987356017, -14.51483715649648154, 29.02967431299296663 ) ) ;
#5557 = CARTESIAN_POINT ( 'NONE',  ( 9.000000000000005329, 7.800016207250749289, -0.2383666322962954276 ) ) ;
#5558 = EDGE_LOOP ( 'NONE', ( #4537, #4464, #6281, #3483, #3073 ) ) ;
#5559 = CARTESIAN_POINT ( 'NONE',  ( 8.679999999999997939, -10.52500050000000265, -3.222288190277488209E-15 ) ) ;
#5560 = CARTESIAN_POINT ( 'NONE',  ( 3.354923136367210290, -12.83780620661361738, 2.886976803172141004 ) ) ;
#5561 = CARTESIAN_POINT ( 'NONE',  ( 1.220000000000000195, -7.761844456837502015, 11.65149826589194149 ) ) ;
#5562 = MECHANICAL_DESIGN_GEOMETRIC_PRESENTATION_REPRESENTATION (  '', ( #3767 ), #732 ) ;
#5563 = CARTESIAN_POINT ( 'NONE',  ( 0.5199999999999999067, 3.794741857846586353, 9.817197108054603660 ) ) ;
#5564 = CARTESIAN_POINT ( 'NONE',  ( 3.698353735049866309, -8.993721494056622134, -17.98744298811323361 ) ) ;
#5565 = CARTESIAN_POINT ( 'NONE',  ( 0.3199999999999979527, -10.34926456871193068, 1.910404297307701011E-15 ) ) ;
#5566 =( NAMED_UNIT ( * ) PLANE_ANGLE_UNIT ( ) SI_UNIT ( $, .RADIAN. ) );
#5567 = SURFACE_STYLE_USAGE ( .BOTH. , #1702 ) ;
#5568 = FACE_OUTER_BOUND ( 'NONE', #600, .T. ) ;
#5569 = EDGE_CURVE ( 'NONE', #5155, #5881, #5163, .T. ) ;
#5570 = FACE_OUTER_BOUND ( 'NONE', #1129, .T. ) ;
#5571 = STYLED_ITEM ( 'NONE', ( #4146 ), #3164 ) ;
#5572 = CARTESIAN_POINT ( 'NONE',  ( 8.130000000000004334, 13.96363636363640026, 2.564993672006155741E-15 ) ) ;
#5573 = CARTESIAN_POINT ( 'NONE',  ( 1.219999999999999529, 9.021928728732317992, -10.72459260703166528 ) ) ;
#5574 = ORIENTED_EDGE ( 'NONE', *, *, #782, .T. ) ;
#5575 = DIRECTION ( 'NONE',  ( 0.000000000000000000, 1.000000000000000000, -6.123031769111889989E-17 ) ) ;
#5576 = CARTESIAN_POINT ( 'NONE',  ( 8.680000000000005045, -9.434971204525494315, 4.688296134650275171 ) ) ;
#5577 = UNCERTAINTY_MEASURE_WITH_UNIT (LENGTH_MEASURE( 1.000000000000000082E-05 ), #1421, 'distance_accuracy_value', 'NONE');
#5578 = DIRECTION ( 'NONE',  ( 1.000000000000000000, 0.000000000000000000, 0.000000000000000000 ) ) ;
#5579 = CARTESIAN_POINT ( 'NONE',  ( 0.6199999999999999956, 0.000000000000000000, 0.000000000000000000 ) ) ;
#5580 = CARTESIAN_POINT ( 'NONE',  ( 8.680000000000001492, -5.458976968528925333, -8.999096241907661664 ) ) ;
#5581 = MECHANICAL_DESIGN_GEOMETRIC_PRESENTATION_REPRESENTATION (  '', ( #4683 ), #6131 ) ;
#5582 = CARTESIAN_POINT ( 'NONE',  ( 9.000000000000001776, 7.578865972320541822, 1.851866240051528667 ) ) ;
#5583 = CIRCLE ( 'NONE', #1312, 0.5512007928600866080 ) ;
#5584 = CARTESIAN_POINT ( 'NONE',  ( 3.354923136367207626, 7.305243633907707590, -8.742618444552908485 ) ) ;
#5585 = UNCERTAINTY_MEASURE_WITH_UNIT (LENGTH_MEASURE( 1.000000000000000082E-05 ), #3515, 'distance_accuracy_value', 'NONE');
#5586 = SURFACE_SIDE_STYLE ('',( #1291 ) ) ;
#5587 = AXIS2_PLACEMENT_3D ( 'NONE', #86, #4290, #1675 ) ;
#5588 = ORIENTED_EDGE ( 'NONE', *, *, #3068, .T. ) ;
#5589 = MECHANICAL_DESIGN_GEOMETRIC_PRESENTATION_REPRESENTATION (  '', ( #1546 ), #4025 ) ;
#5590 = ORIENTED_EDGE ( 'NONE', *, *, #2149, .T. ) ;
#5591 = CARTESIAN_POINT ( 'NONE',  ( 2.671465744100002038, 10.22500050000000549, 20.45000100000000387 ) ) ;
#5592 = PRESENTATION_LAYER_ASSIGNMENT (  '', '', ( #6811 ) ) ;
#5593 = SURFACE_SIDE_STYLE ('',( #6043 ) ) ;
#5594 = CARTESIAN_POINT ( 'NONE',  ( 9.000000000000001776, 3.084364822997248456, -7.164808649477476088 ) ) ;
#5595 = ORIENTED_EDGE ( 'NONE', *, *, #5157, .F. ) ;
#5596 = CARTESIAN_POINT ( 'NONE',  ( 0.3199999999999965650, 9.434971204524227772, 4.688296134651698921 ) ) ;
#5597 = FILL_AREA_STYLE_COLOUR ( '', #1873 ) ;
#5598 = ADVANCED_FACE ( 'NONE', ( #4499 ), #6323, .T. ) ;
#5599 = CARTESIAN_POINT ( 'NONE',  ( 1.219999999999999751, 12.97306643233098278, 5.263120434604431352 ) ) ;
#5600 = AXIS2_PLACEMENT_3D ( 'NONE', #4941, #4392, #1172 ) ;
#5601 = CIRCLE ( 'NONE', #5270, 13.45000000000003126 ) ;
#5602 = CARTESIAN_POINT ( 'NONE',  ( 0.5200000000000000178, 2.747115858734355598, 10.17027191870328018 ) ) ;
#5603 = MECHANICAL_DESIGN_GEOMETRIC_PRESENTATION_REPRESENTATION (  '', ( #4588 ), #1218 ) ;
#5604 = CARTESIAN_POINT ( 'NONE',  ( 5.645076863632790598, 10.78719478972074697, -6.438739963811388911 ) ) ;
#5605 =( LENGTH_UNIT ( ) NAMED_UNIT ( * ) SI_UNIT ( .MILLI., .METRE. ) );
#5606 = MECHANICAL_DESIGN_GEOMETRIC_PRESENTATION_REPRESENTATION (  '', ( #3577 ), #6040 ) ;
#5607 = MECHANICAL_DESIGN_GEOMETRIC_PRESENTATION_REPRESENTATION (  '', ( #6497 ), #564 ) ;
#5608 = CARTESIAN_POINT ( 'NONE',  ( 8.999999999999994671, 15.87573593128805527, -31.75147186257614251 ) ) ;
#5609 = DIRECTION ( 'NONE',  ( 0.000000000000000000, -1.000000000000000000, 1.836949976058533948E-16 ) ) ;
#5610 = CARTESIAN_POINT ( 'NONE',  ( 1.220000000000000195, 13.79930152797511944, -2.363122253240362181 ) ) ;
#5611 = CARTESIAN_POINT ( 'NONE',  ( 5.645076863632792374, 3.791586994799376331, -10.47765600735424130 ) ) ;
#5612 = CARTESIAN_POINT ( 'NONE',  ( 8.680000000000006821, -3.913847515211047234, 9.770322806960072270 ) ) ;
#5613 = PRESENTATION_LAYER_ASSIGNMENT (  '', '', ( #2119 ) ) ;
#5614 = COLOUR_RGB ( '',0.5098039215686274161, 0.5098039215686274161, 0.5490196078431373028 ) ;
#5615 = FILL_AREA_STYLE_COLOUR ( '', #3912 ) ;
#5616 = PRESENTATION_LAYER_ASSIGNMENT (  '', '', ( #4721 ) ) ;
#5617 = CARTESIAN_POINT ( 'NONE',  ( 8.680000000000001492, -5.683397693583677857, -8.859050204136114104 ) ) ;
#5618 = STYLED_ITEM ( 'NONE', ( #361 ), #6790 ) ;
#5619 =( GEOMETRIC_REPRESENTATION_CONTEXT ( 3 ) GLOBAL_UNCERTAINTY_ASSIGNED_CONTEXT ( ( #6059 ) ) GLOBAL_UNIT_ASSIGNED_CONTEXT ( ( #5365, #609, #2844 ) ) REPRESENTATION_CONTEXT ( 'NONE', 'WORKASPACE' ) );
#5620 = CARTESIAN_POINT ( 'NONE',  ( 8.480000000000002203, 9.911618546505442495, -3.556992897986524849 ) ) ;
#5621 = FILL_AREA_STYLE ('',( #1780 ) ) ;
#5622 = FILL_AREA_STYLE ('',( #1849 ) ) ;
#5623 = SURFACE_STYLE_USAGE ( .BOTH. , #2027 ) ;
#5624 = CARTESIAN_POINT ( 'NONE',  ( 0.000000000000000000, 9.261085550781729987E-16, 15.12500000000000000 ) ) ;
#5625 = ORIENTED_EDGE ( 'NONE', *, *, #1090, .T. ) ;
#5626 = EDGE_LOOP ( 'NONE', ( #2286, #3276, #3691, #2912 ) ) ;
#5627 = SURFACE_SIDE_STYLE ('',( #1476 ) ) ;
#5628 = CARTESIAN_POINT ( 'NONE',  ( 9.000000000000005329, 1.543494944069211172, -7.645824888126524499 ) ) ;
#5629 = ORIENTED_EDGE ( 'NONE', *, *, #2713, .F. ) ;
#5630 = CARTESIAN_POINT ( 'NONE',  ( 8.380000000000002558, 10.22500050000002503, -20.45000100000001098 ) ) ;
#5631 = CARTESIAN_POINT ( 'NONE',  ( 1.219999999999999751, 10.72459260703307038, 9.021928728732277136 ) ) ;
#5632 = AXIS2_PLACEMENT_3D ( 'NONE', #759, #2889, #2017 ) ;
#5633 = ADVANCED_FACE ( 'NONE', ( #6724 ), #1515, .T. ) ;
#5634 = CARTESIAN_POINT ( 'NONE',  ( 8.555735931288074525, 10.22500049999999305, 20.45000100000001098 ) ) ;
#5635 = FILL_AREA_STYLE ('',( #1734 ) ) ;
#5636 = FILL_AREA_STYLE ('',( #3556 ) ) ;
#5637 = PRESENTATION_LAYER_ASSIGNMENT (  '', '', ( #4517 ) ) ;
#5638 = CARTESIAN_POINT ( 'NONE',  ( 6.883617111016571144, 0.000000000000000000, 0.000000000000000000 ) ) ;
#5639 = CARTESIAN_POINT ( 'NONE',  ( 0.000000000000000000, -15.69999999999999929, 3.176729207182762738E-15 ) ) ;
#5640 = CARTESIAN_POINT ( 'NONE',  ( 1.219999999999999751, 5.263120434608106635, -12.97306643232876411 ) ) ;
#5641 = EDGE_LOOP ( 'NONE', ( #930, #1328, #916, #2498, #4880 ) ) ;
#5642 = CARTESIAN_POINT ( 'NONE',  ( 8.680000000000008598, 5.458976968535139918, 8.999096241904776861 ) ) ;
#5643 = CARTESIAN_POINT ( 'NONE',  ( 0.8700000000000009948, 14.34999999999999964, -9.011846757615960272E-16 ) ) ;
#5644 = PLANE ( 'NONE',  #2683 ) ;
#5645 = CARTESIAN_POINT ( 'NONE',  ( 4.500000000000000888, 0.000000000000000000, 0.000000000000000000 ) ) ;
#5646 = CARTESIAN_POINT ( 'NONE',  ( 0.7099999999999999645, 1.781861092759399088E-15, -14.55000000000000071 ) ) ;
#5647 = DIRECTION ( 'NONE',  ( 2.249491082733216833E-32, 1.836909530733570078E-16, -1.000000000000000000 ) ) ;
#5648 = UNCERTAINTY_MEASURE_WITH_UNIT (LENGTH_MEASURE( 1.000000000000000082E-05 ), #6900, 'distance_accuracy_value', 'NONE');
#5649 = SURFACE_STYLE_FILL_AREA ( #1890 ) ;
#5650 = DIRECTION ( 'NONE',  ( 0.000000000000000000, 6.123031769111889989E-17, 1.000000000000000000 ) ) ;
#5651 = ORIENTED_EDGE ( 'NONE', *, *, #2549, .T. ) ;
#5652 = ADVANCED_FACE ( 'NONE', ( #6833 ), #3218, .F. ) ;
#5653 = ORIENTED_EDGE ( 'NONE', *, *, #3621, .F. ) ;
#5654 = FACE_OUTER_BOUND ( 'NONE', #4823, .T. ) ;
#5655 = CARTESIAN_POINT ( 'NONE',  ( 0.5200000000000000178, 1.999022335142526252, -10.33343986787485669 ) ) ;
#5656 = CARTESIAN_POINT ( 'NONE',  ( 9.000000000000003553, 1.448609838835188013, -7.664358147291741474 ) ) ;
#5657 = VERTEX_POINT ( 'NONE', #5314 ) ;
#5658 = CARTESIAN_POINT ( 'NONE',  ( 0.3199999999999984523, -1.875603273690569672, 10.35654959605061975 ) ) ;
#5659 = CARTESIAN_POINT ( 'NONE',  ( 4.388948052025014590, 2.382467753247298425, -16.94215996138941449 ) ) ;
#5660 = CARTESIAN_POINT ( 'NONE',  ( 1.220000000000000195, 11.68558643017447096, 7.710415131017870571 ) ) ;
#5661 =( BOUNDED_SURFACE ( )  B_SPLINE_SURFACE ( 3, 3, ( 
 ( #6679, #1886, #1356, #4595 ),
 ( #834, #5009, #205, #2964 ),
 ( #2899, #306, #2328, #2430 ),
 ( #4494, #4081, #6618, #1389 ) ),
 .UNSPECIFIED., .F., .F., .T. ) 
 B_SPLINE_SURFACE_WITH_KNOTS ( ( 4, 4 ),
 ( 4, 4 ),
 ( 0.000000000000000000, 1.000000000000000000 ),
 ( 0.000000000000000000, 1.000000000000000000 ),
 .UNSPECIFIED. ) 
 GEOMETRIC_REPRESENTATION_ITEM ( )  RATIONAL_B_SPLINE_SURFACE ( (
 ( 1.000000000000000000, 0.3333333333333334259, 0.3333333333333334259, 1.000000000000000000),
 ( 0.3333333333333333703, 0.1111111111111111605, 0.1111111111111111605, 0.3333333333333333703),
 ( 0.3333333333333333703, 0.1111111111111111605, 0.1111111111111111605, 0.3333333333333333703),
 ( 1.000000000000000000, 0.3333333333333334259, 0.3333333333333334259, 1.000000000000000000) ) ) 
 REPRESENTATION_ITEM ( '' )  SURFACE ( )  );
#5662 =( NAMED_UNIT ( * ) SI_UNIT ( $, .STERADIAN. ) SOLID_ANGLE_UNIT ( ) );
#5663 = FACE_OUTER_BOUND ( 'NONE', #5626, .T. ) ;
#5664 = SURFACE_SIDE_STYLE ('',( #331 ) ) ;
#5665 = CARTESIAN_POINT ( 'NONE',  ( 5.734413933403810226, -13.88477053572695574, 27.76954107145392214 ) ) ;
#5666 = CIRCLE ( 'NONE', #407, 13.58687198849534994 ) ;
#5667 = DIRECTION ( 'NONE',  ( 1.000000000000000000, 0.000000000000000000, 0.000000000000000000 ) ) ;
#5668 = EDGE_CURVE ( 'NONE', #1023, #151, #3850, .T. ) ;
#5669 = CARTESIAN_POINT ( 'NONE',  ( 12.47909820620395749, -15.76738491274502785, -9.833076508667030424 ) ) ;
#5670 = CARTESIAN_POINT ( 'NONE',  ( 1.220000000000000417, -14.00006486312150500, -0.8561360890424134507 ) ) ;
#5671 = ORIENTED_EDGE ( 'NONE', *, *, #1193, .F. ) ;
#5672 = DIRECTION ( 'NONE',  ( 1.664003254462008722E-16, 1.000000000000000000, 1.836909530733570078E-16 ) ) ;
#5673 = CARTESIAN_POINT ( 'NONE',  ( -0.000000000000000000, -6.669181246082119152, -4.045573323179765701 ) ) ;
#5674 = SURFACE_SIDE_STYLE ('',( #4759 ) ) ;
#5675 = CARTESIAN_POINT ( 'NONE',  ( 7.780000000000001137, 7.710415131015983192, 11.68558643017556875 ) ) ;
#5676 = SURFACE_STYLE_FILL_AREA ( #3530 ) ;
#5677 = CARTESIAN_POINT ( 'NONE',  ( 14.76925193346955645, -12.28543375693198669, 0.5486340591602721917 ) ) ;
#5678 = FILL_AREA_STYLE ('',( #302 ) ) ;
#5679 = ADVANCED_FACE ( 'NONE', ( #5079, #4551 ), #5644, .T. ) ;
#5680 = MECHANICAL_DESIGN_GEOMETRIC_PRESENTATION_REPRESENTATION (  '', ( #621 ), #6552 ) ;
#5681 = CARTESIAN_POINT ( 'NONE',  ( 0.3199999999999935119, -9.655181985511994469, -4.204740368893884472 ) ) ;
#5682 = CARTESIAN_POINT ( 'NONE',  ( 3.265586066596192438, 13.88477053572696462, 27.76954107145391859 ) ) ;
#5683 = SURFACE_SIDE_STYLE ('',( #2612 ) ) ;
#5684 = DIRECTION ( 'NONE',  ( 0.000000000000000000, -1.000000000000000000, 1.836949976058543069E-16 ) ) ;
#5685 = FILL_AREA_STYLE_COLOUR ( '', #318 ) ;
#5686 =( LENGTH_UNIT ( ) NAMED_UNIT ( * ) SI_UNIT ( .MILLI., .METRE. ) );
#5687 = VERTEX_POINT ( 'NONE', #4216 ) ;
#5688 = ORIENTED_EDGE ( 'NONE', *, *, #4355, .T. ) ;
#5689 = ORIENTED_EDGE ( 'NONE', *, *, #1762, .T. ) ;
#5690 = CARTESIAN_POINT ( 'NONE',  ( 2.671465744100001594, 10.22500050000000549, -6.260800290068497618E-16 ) ) ;
#5691 = CARTESIAN_POINT ( 'NONE',  ( 0.5200000000000000178, 10.39734788334065030, -1.637788826843896928 ) ) ;
#5692 = CARTESIAN_POINT ( 'NONE',  ( 9.000000000000003553, -7.467393119723062966, -2.278350730478059027 ) ) ;
#5693 = EDGE_CURVE ( 'NONE', #1695, #5711, #6056, .T. ) ;
#5694 = CARTESIAN_POINT ( 'NONE',  ( 8.130000000000000782, -6.735334946023064073E-17, 6.105792521669712125E-48 ) ) ;
#5695 = CARTESIAN_POINT ( 'NONE',  ( 0.3199999999999976197, -6.928741887765973217, 7.955804017003272222 ) ) ;
#5696 = CARTESIAN_POINT ( 'NONE',  ( 7.580000000000001847, 14.00000000000001243, 2.618958807004207704E-15 ) ) ;
#5697 = CIRCLE ( 'NONE', #2651, 10.42500049999999945 ) ;
#5698 = CARTESIAN_POINT ( 'NONE',  ( 1.220000000000000195, 10.24109058967751196, 9.557925559910559699 ) ) ;
#5699 = MECHANICAL_DESIGN_GEOMETRIC_PRESENTATION_REPRESENTATION (  '', ( #6476 ), #6917 ) ;
#5700 = CARTESIAN_POINT ( 'NONE',  ( 13.17408949046927447, -1.545226120581908447, 6.072392271819057719 ) ) ;
#5701 =( NAMED_UNIT ( * ) PLANE_ANGLE_UNIT ( ) SI_UNIT ( $, .RADIAN. ) );
#5702 = DIRECTION ( 'NONE',  ( 1.000000000000000000, 0.000000000000000000, 0.000000000000000000 ) ) ;
#5703 = CARTESIAN_POINT ( 'NONE',  ( 8.875735931288071257, -7.500000000000001776, 1.377712482043906858E-15 ) ) ;
#5704 = PRESENTATION_LAYER_ASSIGNMENT (  '', '', ( #3909 ) ) ;
#5705 =( GEOMETRIC_REPRESENTATION_CONTEXT ( 3 ) GLOBAL_UNCERTAINTY_ASSIGNED_CONTEXT ( ( #528 ) ) GLOBAL_UNIT_ASSIGNED_CONTEXT ( ( #2982, #2565, #328 ) ) REPRESENTATION_CONTEXT ( 'NONE', 'WORKASPACE' ) );
#5706 = CARTESIAN_POINT ( 'NONE',  ( 8.480000000000002203, -9.802377377084402710, -3.832879081347352557 ) ) ;
#5707 = CARTESIAN_POINT ( 'NONE',  ( 5.442545997088832799, 9.647724093425242842, 9.692811436171840711 ) ) ;
#5708 = STYLED_ITEM ( 'NONE', ( #4629 ), #5168 ) ;
#5709 = PRESENTATION_STYLE_ASSIGNMENT (( #4620 ) ) ;
#5710 = CARTESIAN_POINT ( 'NONE',  ( 1.219999999999999973, -12.69363703642075336, -5.913727056453614850 ) ) ;
#5711 = VERTEX_POINT ( 'NONE', #6859 ) ;
#5712 = DIRECTION ( 'NONE',  ( 1.000000000000000000, 0.000000000000000000, 0.000000000000000000 ) ) ;
#5713 = CARTESIAN_POINT ( 'NONE',  ( -0.000000000000000000, -2.932350761662190219, -7.227888670044638530 ) ) ;
#5714 = CARTESIAN_POINT ( 'NONE',  ( 7.779999999999996696, -6.236303330808556034, 12.55003330688498586 ) ) ;
#5715 =( LENGTH_UNIT ( ) NAMED_UNIT ( * ) SI_UNIT ( .MILLI., .METRE. ) );
#5716 =( LENGTH_UNIT ( ) NAMED_UNIT ( * ) SI_UNIT ( .MILLI., .METRE. ) );
#5717 = FILL_AREA_STYLE_COLOUR ( '', #4493 ) ;
#5718 = AXIS2_PLACEMENT_3D ( 'NONE', #5810, #2983, #473 ) ;
#5719 = CARTESIAN_POINT ( 'NONE',  ( 0.3199999999999922906, -7.185546829811501723, -7.699077894430170765 ) ) ;
#5720 =( GEOMETRIC_REPRESENTATION_CONTEXT ( 3 ) GLOBAL_UNCERTAINTY_ASSIGNED_CONTEXT ( ( #6772 ) ) GLOBAL_UNIT_ASSIGNED_CONTEXT ( ( #49, #1705, #3851 ) ) REPRESENTATION_CONTEXT ( 'NONE', 'WORKASPACE' ) );
#5721 = CARTESIAN_POINT ( 'NONE',  ( 1.219999999999999973, -14.00000000000000533, -27.99999999999998934 ) ) ;
#5722 =( NAMED_UNIT ( * ) PLANE_ANGLE_UNIT ( ) SI_UNIT ( $, .RADIAN. ) );
#5723 = COLOUR_RGB ( '',0.2235294117647058654, 0.4901960784313725283, 0.6901960784313725394 ) ;
#5724 = DIRECTION ( 'NONE',  ( 0.000000000000000000, 1.000000000000000000, 1.836909530733566134E-16 ) ) ;
#5725 = EDGE_CURVE ( 'NONE', #5657, #5426, #1799, .T. ) ;
#5726 = EDGE_CURVE ( 'NONE', #1751, #3031, #1685, .T. ) ;
#5727 = UNCERTAINTY_MEASURE_WITH_UNIT (LENGTH_MEASURE( 1.000000000000000082E-05 ), #3681, 'distance_accuracy_value', 'NONE');
#5728 = CIRCLE ( 'NONE', #3566, 0.5512007928600866080 ) ;
#5729 = FILL_AREA_STYLE_COLOUR ( '', #2231 ) ;
#5730 = CARTESIAN_POINT ( 'NONE',  ( 2.116382888983430188, 1.644700712487235395E-15, -13.43000050000000023 ) ) ;
#5731 = ORIENTED_EDGE ( 'NONE', *, *, #5693, .T. ) ;
#5732 = PRESENTATION_STYLE_ASSIGNMENT (( #391 ) ) ;
#5733 = CIRCLE ( 'NONE', #2788, 10.22500050000000194 ) ;
#5734 = CARTESIAN_POINT ( 'NONE',  ( 0.5200000000000001288, 1.282500883291195271, -10.46639770868331532 ) ) ;
#5735 = CARTESIAN_POINT ( 'NONE',  ( 9.000000000000001776, -7.800064853541522680, -0.4769137077538879721 ) ) ;
#5736 = CARTESIAN_POINT ( 'NONE',  ( 8.830000000000005400, 14.34999999999999787, 2.635965176602673280E-15 ) ) ;
#5737 = CARTESIAN_POINT ( 'NONE',  ( 0.3199999999999969535, -8.760741545164144384, 5.833767825328321166 ) ) ;
#5738 = CARTESIAN_POINT ( 'NONE',  ( -5.769251933469544902, 3.239214545117747424, -8.139313263342373261 ) ) ;
#5739 = CARTESIAN_POINT ( 'NONE',  ( 1.220000000000000195, 13.18411609112206762, 4.731336235744163510 ) ) ;
#5740 = CARTESIAN_POINT ( 'NONE',  ( 7.779999999999998472, -13.79928157099528541, -2.363230121012409590 ) ) ;
#5741 = CARTESIAN_POINT ( 'NONE',  ( 3.557454002911171198, 11.20749561838898778, -2.102132231989687572 ) ) ;
#5742 = STYLED_ITEM ( 'NONE', ( #45 ), #3399 ) ;
#5743 = UNCERTAINTY_MEASURE_WITH_UNIT (LENGTH_MEASURE( 1.000000000000000082E-05 ), #5506, 'distance_accuracy_value', 'NONE');
#5744 = DIRECTION ( 'NONE',  ( 2.249491082733215739E-32, 1.836909530733570078E-16, -1.000000000000000000 ) ) ;
#5745 = CARTESIAN_POINT ( 'NONE',  ( 5.734413933403810226, 13.88477053572696462, 27.76954107145391859 ) ) ;
#5746 = DIRECTION ( 'NONE',  ( 0.000000000000000000, 1.000000000000000000, -6.123031769111889989E-17 ) ) ;
#5747 = CARTESIAN_POINT ( 'NONE',  ( -3.701202102153966944, -0.5702332932531802845, 5.395925464098366042 ) ) ;
#5748 = CARTESIAN_POINT ( 'NONE',  ( 1.219999999999999973, -11.68558643017489018, -7.710415131017360757 ) ) ;
#5749 = ORIENTED_EDGE ( 'NONE', *, *, #3705, .F. ) ;
#5750 = DIRECTION ( 'NONE',  ( -1.000000000000000000, 0.000000000000000000, 0.000000000000000000 ) ) ;
#5751 = CARTESIAN_POINT ( 'NONE',  ( 8.680000000000005045, 9.911618546506794303, 3.556992897982239388 ) ) ;
#5752 = CARTESIAN_POINT ( 'NONE',  ( 7.780000000000000249, 5.345239632870224966, 12.93965546484654716 ) ) ;
#5753 =( GEOMETRIC_REPRESENTATION_CONTEXT ( 3 ) GLOBAL_UNCERTAINTY_ASSIGNED_CONTEXT ( ( #4529 ) ) GLOBAL_UNIT_ASSIGNED_CONTEXT ( ( #5333, #640, #5361 ) ) REPRESENTATION_CONTEXT ( 'NONE', 'WORKASPACE' ) );
#5754 = SURFACE_SIDE_STYLE ('',( #4662 ) ) ;
#5755 = CARTESIAN_POINT ( 'NONE',  ( 0.3199999999999941225, -10.28722710540806773, -2.250632742213619863 ) ) ;
#5756 = DIRECTION ( 'NONE',  ( 1.664003254462008722E-16, 1.000000000000000000, 1.836909530733570078E-16 ) ) ;
#5757 = ORIENTED_EDGE ( 'NONE', *, *, #987, .T. ) ;
#5758 =( NAMED_UNIT ( * ) PLANE_ANGLE_UNIT ( ) SI_UNIT ( $, .RADIAN. ) );
#5759 = CARTESIAN_POINT ( 'NONE',  ( 4.500000000000000888, -11.75000000000000000, 2.158416221868787391E-15 ) ) ;
#5760 = CARTESIAN_POINT ( 'NONE',  ( 8.480000000000002203, 10.52500050000000265, 4.511229007612418519E-15 ) ) ;
#5761 =( NAMED_UNIT ( * ) SI_UNIT ( $, .STERADIAN. ) SOLID_ANGLE_UNIT ( ) );
#5762 = ADVANCED_FACE ( 'NONE', ( #4184 ), #80, .F. ) ;
#5763 = CARTESIAN_POINT ( 'NONE',  ( 8.130000000000002558, 13.65000000000000036, 1.671642880836137297E-15 ) ) ;
#5764 = ORIENTED_EDGE ( 'NONE', *, *, #5004, .F. ) ;
#5765 = ORIENTED_EDGE ( 'NONE', *, *, #2938, .F. ) ;
#5766 = CARTESIAN_POINT ( 'NONE',  ( 0.5200000000000000178, 4.038974156135990867, -9.719280451958047351 ) ) ;
#5767 = CARTESIAN_POINT ( 'NONE',  ( 0.8699999999999992184, 0.000000000000000000, 0.000000000000000000 ) ) ;
#5768 = CARTESIAN_POINT ( 'NONE',  ( 0.3199999999999972866, -8.062546764662190668, 6.782617995818233325 ) ) ;
#5769 = FILL_AREA_STYLE ('',( #1481 ) ) ;
#5770 = CARTESIAN_POINT ( 'NONE',  ( 8.480000000000002203, 6.281383935465504997, 8.448620297009188818 ) ) ;
#5771 = CARTESIAN_POINT ( 'NONE',  ( 10.74406402973028030, 7.538942060126893274, 4.562610590661781984 ) ) ;
#5772 = SURFACE_STYLE_FILL_AREA ( #6293 ) ;
#5773 = CARTESIAN_POINT ( 'NONE',  ( 8.129999999999999005, -14.35000000000000853, 28.69999999999999218 ) ) ;
#5774 = CARTESIAN_POINT ( 'NONE',  ( 8.699999999999999289, 7.499999999999996447, -15.00000000000000178 ) ) ;
#5775 = SURFACE_STYLE_USAGE ( .BOTH. , #3027 ) ;
#5776 = FILL_AREA_STYLE_COLOUR ( '', #549 ) ;
#5777 = CARTESIAN_POINT ( 'NONE',  ( 6.679101779290602892, -7.283023136539639175, -7.047602276465807947 ) ) ;
#5778 = AXIS2_PLACEMENT_3D ( 'NONE', #5786, #2579, #964 ) ;
#5779 = ORIENTED_EDGE ( 'NONE', *, *, #4959, .T. ) ;
#5780 = CARTESIAN_POINT ( 'NONE',  ( 0.8199999999999999512, 0.000000000000000000, 10.22500050000000194 ) ) ;
#5781 = CARTESIAN_POINT ( 'NONE',  ( -0.000000000000000000, -7.275455186494515836, -2.812244571404542093 ) ) ;
#5782 = COLOUR_RGB ( '',0.5098039215686274161, 0.5098039215686274161, 0.5490196078431373028 ) ;
#5783 = CARTESIAN_POINT ( 'NONE',  ( 7.779999999999999361, -12.85996201843055609, 5.535944386299061826 ) ) ;
#5784 = ADVANCED_FACE ( 'NONE', ( #5891 ), #1458, .F. ) ;
#5785 = SURFACE_STYLE_FILL_AREA ( #904 ) ;
#5786 = CARTESIAN_POINT ( 'NONE',  ( 1.419999999999999929, 0.000000000000000000, 0.000000000000000000 ) ) ;
#5787 = DIRECTION ( 'NONE',  ( 0.000000000000000000, 0.000000000000000000, 1.000000000000000000 ) ) ;
#5788 = CARTESIAN_POINT ( 'NONE',  ( 0.3199999999999914024, -0.6434076856615924545, -10.52496807952044477 ) ) ;
#5789 = COLOUR_RGB ( '',0.5098039215686274161, 0.5098039215686274161, 0.5490196078431373028 ) ;
#5790 = CARTESIAN_POINT ( 'NONE',  ( 3.265586066596191994, -13.88477053572696285, 2.572750826257074007E-15 ) ) ;
#5791 = ORIENTED_EDGE ( 'NONE', *, *, #5306, .F. ) ;
#5792 =( NAMED_UNIT ( * ) PLANE_ANGLE_UNIT ( ) SI_UNIT ( $, .RADIAN. ) );
#5793 = CARTESIAN_POINT ( 'NONE',  ( 0.000000000000000000, -7.800000000000002487, -15.59999999999999609 ) ) ;
#5794 = PRESENTATION_STYLE_ASSIGNMENT (( #3653 ) ) ;
#5795 = ORIENTED_EDGE ( 'NONE', *, *, #5725, .T. ) ;
#5796 = AXIS2_PLACEMENT_3D ( 'NONE', #419, #6753, #5756 ) ;
#5797 = ORIENTED_EDGE ( 'NONE', *, *, #5808, .T. ) ;
#5798 = PRESENTATION_STYLE_ASSIGNMENT (( #3757 ) ) ;
#5799 = CARTESIAN_POINT ( 'NONE',  ( 0.5200000000000000178, 9.892524181371816994, -3.595368540863896900 ) ) ;
#5800 = CARTESIAN_POINT ( 'NONE',  ( 0.000000000000000000, 2.636104655506154248, 7.345414594438904210 ) ) ;
#5801 = SURFACE_STYLE_USAGE ( .BOTH. , #919 ) ;
#5802 = UNCERTAINTY_MEASURE_WITH_UNIT (LENGTH_MEASURE( 1.000000000000000082E-05 ), #6573, 'distance_accuracy_value', 'NONE');
#5803 = CARTESIAN_POINT ( 'NONE',  ( 0.3199999999999984523, 2.061822792882868960, 10.32122741108744712 ) ) ;
#5804 = CIRCLE ( 'NONE', #6019, 14.55000000000000071 ) ;
#5805 = CARTESIAN_POINT ( 'NONE',  ( 8.480000000000003979, 10.43899659603566832, 1.359867306511984619 ) ) ;
#5806 = CARTESIAN_POINT ( 'NONE',  ( 7.780000000000002025, -1.705822765109569872, -13.92205926780044933 ) ) ;
#5807 = SURFACE_STYLE_FILL_AREA ( #5916 ) ;
#5808 = EDGE_CURVE ( 'NONE', #3119, #2971, #1602, .T. ) ;
#5809 = EDGE_CURVE ( 'NONE', #4704, #3799, #3716, .T. ) ;
#5810 = CARTESIAN_POINT ( 'NONE',  ( 0.000000000000000000, 0.000000000000000000, 0.000000000000000000 ) ) ;
#5811 = CIRCLE ( 'NONE', #977, 2.381000000000001116 ) ;
#5812 =( NAMED_UNIT ( * ) SI_UNIT ( $, .STERADIAN. ) SOLID_ANGLE_UNIT ( ) );
#5813 =( NAMED_UNIT ( * ) PLANE_ANGLE_UNIT ( ) SI_UNIT ( $, .RADIAN. ) );
#5814 = COLOUR_RGB ( '',0.5098039215686274161, 0.5098039215686274161, 0.5490196078431373028 ) ;
#5815 = CARTESIAN_POINT ( 'NONE',  ( 1.220000000000000639, -13.18411609112064475, -4.731336235752179320 ) ) ;
#5816 = ORIENTED_EDGE ( 'NONE', *, *, #6883, .F. ) ;
#5817 = CARTESIAN_POINT ( 'NONE',  ( 5.645076863632790598, 10.78719478972074697, -6.438739963811390687 ) ) ;
#5818 = CARTESIAN_POINT ( 'NONE',  ( 0.000000000000000000, -7.155404796191940697, -3.116061540436895427 ) ) ;
#5819 = MECHANICAL_DESIGN_GEOMETRIC_PRESENTATION_REPRESENTATION (  '', ( #1883 ), #6258 ) ;
#5820 = CARTESIAN_POINT ( 'NONE',  ( 7.779999999999997584, -13.00659372260857971, 5.179700289998423912 ) ) ;
#5821 = FILL_AREA_STYLE ('',( #1567 ) ) ;
#5822 = CARTESIAN_POINT ( 'NONE',  ( 1.419999999999999929, 0.000000000000000000, 0.000000000000000000 ) ) ;
#5823 = CARTESIAN_POINT ( 'NONE',  ( 0.3199999999999914024, 1.359867306508225848, -10.43899659603497554 ) ) ;
#5824 = AXIS2_PLACEMENT_3D ( 'NONE', #162, #5444, #3822 ) ;
#5825 = AXIS2_PLACEMENT_3D ( 'NONE', #707, #6588, #107 ) ;
#5826 = CARTESIAN_POINT ( 'NONE',  ( 3.858235246223784998, 14.13099999999999667, -8.878270312038602301E-16 ) ) ;
#5827 = ORIENTED_EDGE ( 'NONE', *, *, #6227, .F. ) ;
#5828 = CARTESIAN_POINT ( 'NONE',  ( 3.354923136367210290, -7.645475827906526689, -11.37883366667385765 ) ) ;
#5829 = COLOUR_RGB ( '',0.7529411764705882248, 0.7529411764705882248, 0.7529411764705882248 ) ;
#5830 = CARTESIAN_POINT ( 'NONE',  ( 7.579999999999998295, -14.00000000000001421, -4.286178861833297727E-15 ) ) ;
#5831 = CARTESIAN_POINT ( 'NONE',  ( 0.000000000000000000, -15.69999999999999929, 2.884011462411910892E-15 ) ) ;
#5832 = SURFACE_STYLE_FILL_AREA ( #4224 ) ;
#5833 =( GEOMETRIC_REPRESENTATION_CONTEXT ( 3 ) GLOBAL_UNCERTAINTY_ASSIGNED_CONTEXT ( ( #404 ) ) GLOBAL_UNIT_ASSIGNED_CONTEXT ( ( #365, #1965, #1442 ) ) REPRESENTATION_CONTEXT ( 'NONE', 'WORKASPACE' ) );
#5834 = STYLED_ITEM ( 'NONE', ( #6513 ), #5378 ) ;
#5835 = CARTESIAN_POINT ( 'NONE',  ( 0.5200000000000001288, 9.770322806960077600, 3.913847515211012595 ) ) ;
#5836 = ORIENTED_EDGE ( 'NONE', *, *, #5853, .T. ) ;
#5837 = CARTESIAN_POINT ( 'NONE',  ( 7.780000000000004690, 14.00000000000000000, 2.571673343026998553E-15 ) ) ;
#5838 = CARTESIAN_POINT ( 'NONE',  ( 8.480000000000002203, 1.836029079852715462, -10.36363829520411350 ) ) ;
#5839 = CARTESIAN_POINT ( 'NONE',  ( 0.5199999999999999067, -9.753023726623593959, -3.956780790858594798 ) ) ;
#5840 = CARTESIAN_POINT ( 'NONE',  ( -0.000000000000000000, -3.876595490872145167, 6.770757344943374001 ) ) ;
#5841 = AXIS2_PLACEMENT_3D ( 'NONE', #3794, #5422, #665 ) ;
#5842 = CARTESIAN_POINT ( 'NONE',  ( 8.480000000000000426, 2.061822792885537048, 10.32122741108694619 ) ) ;
#5843 =( GEOMETRIC_REPRESENTATION_CONTEXT ( 3 ) GLOBAL_UNCERTAINTY_ASSIGNED_CONTEXT ( ( #3054 ) ) GLOBAL_UNIT_ASSIGNED_CONTEXT ( ( #2641, #6823, #3309 ) ) REPRESENTATION_CONTEXT ( 'NONE', 'WORKASPACE' ) );
#5844 = CARTESIAN_POINT ( 'NONE',  ( 8.480000000000002203, -5.833767825328170176, -8.760741545164000499 ) ) ;
#5845 = STYLED_ITEM ( 'NONE', ( #1385 ), #5679 ) ;
#5846 = CARTESIAN_POINT ( 'NONE',  ( 7.779999999999999361, -7.265107878381732220, -11.97674297215597683 ) ) ;
#5847 = DIRECTION ( 'NONE',  ( -1.000000000000000000, 0.000000000000000000, 0.000000000000000000 ) ) ;
#5848 = VERTEX_POINT ( 'NONE', #6888 ) ;
#5849 = CARTESIAN_POINT ( 'NONE',  ( 0.3199999999999990630, 10.52500050000000265, -3.222330758984044878E-15 ) ) ;
#5850 = FILL_AREA_STYLE_COLOUR ( '', #4709 ) ;
#5851 = CARTESIAN_POINT ( 'NONE',  ( 0.6199999999999979972, -10.52500050000000087, 1.933389941649114567E-15 ) ) ;
#5852 = SURFACE_STYLE_USAGE ( .BOTH. , #1625 ) ;
#5853 = EDGE_CURVE ( 'NONE', #5495, #842, #3145, .T. ) ;
#5854 =( BOUNDED_SURFACE ( )  B_SPLINE_SURFACE ( 3, 3, ( 
 ( #5198, #3615, #6310, #3646 ),
 ( #5826, #1529, #968, #3152 ),
 ( #6863, #5682, #2468, #5790 ),
 ( #384, #1001, #1494, #4633 ) ),
 .UNSPECIFIED., .F., .F., .F. ) 
 B_SPLINE_SURFACE_WITH_KNOTS ( ( 4, 4 ),
 ( 4, 4 ),
 ( 0.000000000000000000, 1.000000000000000000 ),
 ( 0.000000000000000000, 1.000000000000000000 ),
 .UNSPECIFIED. ) 
 GEOMETRIC_REPRESENTATION_ITEM ( )  RATIONAL_B_SPLINE_SURFACE ( (
 ( 1.000000000000000000, 0.3333333333333334259, 0.3333333333333334259, 1.000000000000000000),
 ( 0.9489786313342799540, 0.3163262104447600587, 0.3163262104447600587, 0.9489786313342799540),
 ( 0.9489786313342799540, 0.3163262104447600587, 0.3163262104447600587, 0.9489786313342799540),
 ( 1.000000000000000000, 0.3333333333333334259, 0.3333333333333334259, 1.000000000000000000) ) ) 
 REPRESENTATION_ITEM ( '' )  SURFACE ( )  );
#5855 =( NAMED_UNIT ( * ) SI_UNIT ( $, .STERADIAN. ) SOLID_ANGLE_UNIT ( ) );
#5856 = CARTESIAN_POINT ( 'NONE',  ( -0.000000000000000000, 7.202877213241920984, -2.993272501209420788 ) ) ;
#5857 = VERTEX_POINT ( 'NONE', #512 ) ;
#5858 = CARTESIAN_POINT ( 'NONE',  ( 7.780000000000000249, -5.047627430559511019, 13.05841734013703004 ) ) ;
#5859 = CARTESIAN_POINT ( 'NONE',  ( 2.812765777966870218, 1.644700712487235395E-15, -13.43000050000000023 ) ) ;
#5860 = FILL_AREA_STYLE_COLOUR ( '', #6439 ) ;
#5861 = DIRECTION ( 'NONE',  ( 1.000000000000000000, -0.000000000000000000, -0.000000000000000000 ) ) ;
#5862 = CARTESIAN_POINT ( 'NONE',  ( 0.3199999999999930123, 8.709016886550616121, -5.910751103027539699 ) ) ;
#5863 = CARTESIAN_POINT ( 'NONE',  ( -1.744064029730281185, -3.437719226341147571, 18.69657990478822640 ) ) ;
#5864 = CARTESIAN_POINT ( 'NONE',  ( 0.5200000000000000178, 10.52500050000000265, -6.475400072561775553E-16 ) ) ;
#5865 = SURFACE_STYLE_FILL_AREA ( #2189 ) ;
#5866 = CARTESIAN_POINT ( 'NONE',  ( 7.580000000000001847, 14.00000000000001421, 6.000684380639593745E-15 ) ) ;
#5867 = CARTESIAN_POINT ( 'NONE',  ( 0.1242640687119285492, -15.99999999999999822, 2.939119961693667332E-15 ) ) ;
#5868 = CARTESIAN_POINT ( 'NONE',  ( 0.8699999999999992184, 13.64999999999999325, -27.29999999999999716 ) ) ;
#5869 = AXIS2_PLACEMENT_3D ( 'NONE', #5136, #1511, #5293 ) ;
#5870 = DIRECTION ( 'NONE',  ( 0.000000000000000000, -1.836949976058542083E-16, -1.000000000000000000 ) ) ;
#5871 = ORIENTED_EDGE ( 'NONE', *, *, #5135, .F. ) ;
#5872 = CARTESIAN_POINT ( 'NONE',  ( 7.924974746830585559, -14.35000000000000142, -4.393333333379124471E-15 ) ) ;
#5873 = CARTESIAN_POINT ( 'NONE',  ( 8.480000000000002203, 6.367264803177947741, -8.412001933579443147 ) ) ;
#5874 = CARTESIAN_POINT ( 'NONE',  ( 9.000000000000001776, -4.490973237980019128, 6.377776128814224066 ) ) ;
#5875 = CARTESIAN_POINT ( 'NONE',  ( -0.000000000000000000, 7.331286101082974405, 2.664467693569326556 ) ) ;
#5876 = UNCERTAINTY_MEASURE_WITH_UNIT (LENGTH_MEASURE( 1.000000000000000082E-05 ), #6771, 'distance_accuracy_value', 'NONE');
#5877 = DIRECTION ( 'NONE',  ( 0.000000000000000000, 0.000000000000000000, 1.000000000000000000 ) ) ;
#5878 = EDGE_CURVE ( 'NONE', #4156, #2699, #485, .T. ) ;
#5879 = CARTESIAN_POINT ( 'NONE',  ( 8.480000000000002203, -1.359867306507993590, 10.43899659603635399 ) ) ;
#5880 = CARTESIAN_POINT ( 'NONE',  ( 7.779999999999996696, -13.05841734013785427, -5.047627430556857142 ) ) ;
#5881 = VERTEX_POINT ( 'NONE', #2610 ) ;
#5882 = CARTESIAN_POINT ( 'NONE',  ( 7.780000000000031335, 13.58687198849534994, 1.663911929113566567E-15 ) ) ;
#5883 =( LENGTH_UNIT ( ) NAMED_UNIT ( * ) SI_UNIT ( .MILLI., .METRE. ) );
#5884 = SURFACE_SIDE_STYLE ('',( #2603 ) ) ;
#5885 = PRESENTATION_STYLE_ASSIGNMENT (( #3172 ) ) ;
#5886 = PRESENTATION_STYLE_ASSIGNMENT (( #2250 ) ) ;
#5887 = CARTESIAN_POINT ( 'NONE',  ( 0.000000000000000000, 6.672721099543708512, -4.047772120825984921 ) ) ;
#5888 =( NAMED_UNIT ( * ) SI_UNIT ( $, .STERADIAN. ) SOLID_ANGLE_UNIT ( ) );
#5889 = FACE_BOUND ( 'NONE', #3010, .T. ) ;
#5890 = EDGE_CURVE ( 'NONE', #2212, #5524, #5733, .T. ) ;
#5891 = FACE_OUTER_BOUND ( 'NONE', #6176, .T. ) ;
#5892 = CARTESIAN_POINT ( 'NONE',  ( 0.3199999999999946221, 10.52496807951938607, -0.6434076856548479606 ) ) ;
#5893 = CARTESIAN_POINT ( 'NONE',  ( 3.557454002911171198, 1.449106535281858399, 9.527463015735312624 ) ) ;
#5894 =( BOUNDED_SURFACE ( )  B_SPLINE_SURFACE ( 3, 3, ( 
 ( #4001, #2464, #4630, #5108 ),
 ( #5150, #1841, #5677, #830 ),
 ( #3611, #2960, #5078, #6164 ),
 ( #2929, #1947, #4106, #6716 ) ),
 .UNSPECIFIED., .F., .F., .T. ) 
 B_SPLINE_SURFACE_WITH_KNOTS ( ( 4, 4 ),
 ( 4, 4 ),
 ( 0.000000000000000000, 1.000000000000000000 ),
 ( 0.000000000000000000, 1.000000000000000000 ),
 .UNSPECIFIED. ) 
 GEOMETRIC_REPRESENTATION_ITEM ( )  RATIONAL_B_SPLINE_SURFACE ( (
 ( 1.000000000000000000, 0.3333333333333334259, 0.3333333333333334259, 1.000000000000000000),
 ( 0.3333333333333333703, 0.1111111111111111605, 0.1111111111111111605, 0.3333333333333333703),
 ( 0.3333333333333333703, 0.1111111111111111605, 0.1111111111111111605, 0.3333333333333333703),
 ( 1.000000000000000000, 0.3333333333333334259, 0.3333333333333334259, 1.000000000000000000) ) ) 
 REPRESENTATION_ITEM ( '' )  SURFACE ( )  );
#5895 = DIRECTION ( 'NONE',  ( 0.8494487772132458536, -0.5252426102889913295, -0.05056654257241900707 ) ) ;
#5896 = CARTESIAN_POINT ( 'NONE',  ( 3.354923136367214287, -12.83780620661361738, 2.886976803172141892 ) ) ;
#5897 = EDGE_CURVE ( 'NONE', #6211, #4951, #3600, .T. ) ;
#5898 = CARTESIAN_POINT ( 'NONE',  ( 7.780000000000029559, -2.449212707645107717E-17, -3.534775313206726301E-47 ) ) ;
#5899 = ADVANCED_FACE ( 'NONE', ( #2153 ), #2184, .T. ) ;
#5900 = CARTESIAN_POINT ( 'NONE',  ( 0.8699999999999992184, -13.65000000000000391, -27.29999999999998650 ) ) ;
#5901 = PRESENTATION_LAYER_ASSIGNMENT (  '', '', ( #3992 ) ) ;
#5902 = PRESENTATION_STYLE_ASSIGNMENT (( #6028 ) ) ;
#5903 = ORIENTED_EDGE ( 'NONE', *, *, #6897, .T. ) ;
#5904 = CARTESIAN_POINT ( 'NONE',  ( 8.480000000000003979, -5.003040405846133964, -9.271915096382290500 ) ) ;
#5905 = PRESENTATION_LAYER_ASSIGNMENT (  '', '', ( #1966 ) ) ;
#5906 =( LENGTH_UNIT ( ) NAMED_UNIT ( * ) SI_UNIT ( .MILLI., .METRE. ) );
#5907 = CARTESIAN_POINT ( 'NONE',  ( 0.5200000000000000178, -5.458976968529188234, -8.999096241908194571 ) ) ;
#5908 = CARTESIAN_POINT ( 'NONE',  ( 0.000000000000000000, 7.675529549962790909, 1.388240317549198410 ) ) ;
#5909 = SURFACE_STYLE_USAGE ( .BOTH. , #3 ) ;
#5910 = CARTESIAN_POINT ( 'NONE',  ( 8.680000000000013927, -1.681281245397638553E-16, -3.667786625294432498E-32 ) ) ;
#5911 =( NAMED_UNIT ( * ) SI_UNIT ( $, .STERADIAN. ) SOLID_ANGLE_UNIT ( ) );
#5912 = CARTESIAN_POINT ( 'NONE',  ( 8.480000000000002203, 5.910751103027942044, 8.709016886550077885 ) ) ;
#5913 = EDGE_LOOP ( 'NONE', ( #1488, #5625, #1087, #1233 ) ) ;
#5914 = CARTESIAN_POINT ( 'NONE',  ( 7.779999999999998472, -5.263120434603654196, -12.97306643233136825 ) ) ;
#5915 = CARTESIAN_POINT ( 'NONE',  ( 13.17408949046927091, 5.450381674339455529, 2.033476228276208886 ) ) ;
#5916 = FILL_AREA_STYLE ('',( #503 ) ) ;
#5917 = ORIENTED_EDGE ( 'NONE', *, *, #2101, .F. ) ;
#5918 = CARTESIAN_POINT ( 'NONE',  ( 8.329999999999985860, -13.45000000000002949, -1.615084350040888716E-33 ) ) ;
#5919 = CARTESIAN_POINT ( 'NONE',  ( 8.329999999999985860, -13.45000000000003126, -4.117793263689851532E-15 ) ) ;
#5920 = CARTESIAN_POINT ( 'NONE',  ( -0.000000000000000000, 4.718660655039258245, -6.234130950262491311 ) ) ;
#5921 = DIRECTION ( 'NONE',  ( -1.000000000000000000, 2.105165954394359972E-32, 3.438110455369569784E-16 ) ) ;
#5922 = CARTESIAN_POINT ( 'NONE',  ( 6.187234222033133335, 13.43000049999999135, -26.86000100000000046 ) ) ;
#5923 = CLOSED_SHELL ( 'NONE', ( #1893, #2753, #5327, #3164, #2059, #90, #3399, #862, #6016, #5762, #3118, #6790, #2429, #5448, #4208, #4061, #644, #4006, #2871, #3355, #1633, #5254 ) ) ;
#5924 = FILL_AREA_STYLE_COLOUR ( '', #6719 ) ;
#5925 = CONICAL_SURFACE ( 'NONE', #6803, 13.48053010216304948, 0.4886921905584125647 ) ;
#5926 =( NAMED_UNIT ( * ) SI_UNIT ( $, .STERADIAN. ) SOLID_ANGLE_UNIT ( ) );
#5927 =( GEOMETRIC_REPRESENTATION_CONTEXT ( 3 ) GLOBAL_UNCERTAINTY_ASSIGNED_CONTEXT ( ( #4812 ) ) GLOBAL_UNIT_ASSIGNED_CONTEXT ( ( #4851, #1015, #559 ) ) REPRESENTATION_CONTEXT ( 'NONE', 'WORKASPACE' ) );
#5928 = CARTESIAN_POINT ( 'NONE',  ( 0.8699999999999999956, 0.000000000000000000, 0.000000000000000000 ) ) ;
#5929 = STYLED_ITEM ( 'NONE', ( #4988 ), #2435 ) ;
#5930 = CARTESIAN_POINT ( 'NONE',  ( 8.479999999999998650, -10.52500049999999554, -21.05000100000002305 ) ) ;
#5931 = CARTESIAN_POINT ( 'NONE',  ( 0.8199999999999999512, 0.000000000000000000, 0.000000000000000000 ) ) ;
#5932 = CARTESIAN_POINT ( 'NONE',  ( 8.680000000000001492, 8.412001933576107149, -6.367264803181869937 ) ) ;
#5933 = CIRCLE ( 'NONE', #5269, 0.2999999999999981570 ) ;
#5934 = COLOUR_RGB ( '',0.7529411764705882248, 0.7529411764705882248, 0.7529411764705882248 ) ;
#5935 = SURFACE_STYLE_USAGE ( .BOTH. , #3220 ) ;
#5936 = ORIENTED_EDGE ( 'NONE', *, *, #2580, .F. ) ;
#5937 = EDGE_CURVE ( 'NONE', #215, #2469, #6390, .T. ) ;
#5938 = CARTESIAN_POINT ( 'NONE',  ( 8.480000000000000426, 3.794741857847722333, -9.817197108054248389 ) ) ;
#5939 = STYLED_ITEM ( 'NONE', ( #2797 ), #644 ) ;
#5940 = CARTESIAN_POINT ( 'NONE',  ( 0.5200000000000001288, -9.003924689713908691, -5.461843338603204145 ) ) ;
#5941 = CARTESIAN_POINT ( 'NONE',  ( -0.000000000000000000, 6.770757344943083567, 3.876595490872591032 ) ) ;
#5942 = ADVANCED_BREP_SHAPE_REPRESENTATION ( '6002-2z', ( #5308, #3029, #2933, #617, #5217, #5121, #2945, #507, #5168, #3006, #2836, #563, #2872, #875 ), #6806 ) ;
#5943 = UNCERTAINTY_MEASURE_WITH_UNIT (LENGTH_MEASURE( 1.000000000000000082E-05 ), #5443, 'distance_accuracy_value', 'NONE');
#5944 = CIRCLE ( 'NONE', #794, 0.5512007928600866080 ) ;
#5945 = CARTESIAN_POINT ( 'NONE',  ( 7.664267127950000535, 1.252201413360508859E-15, -10.22500050000000194 ) ) ;
#5946 = ORIENTED_EDGE ( 'NONE', *, *, #2149, .F. ) ;
#5947 = ORIENTED_EDGE ( 'NONE', *, *, #1437, .F. ) ;
#5948 = CARTESIAN_POINT ( 'NONE',  ( 7.779999999999997584, -11.84576243687926045, -7.462014705357749911 ) ) ;
#5949 =( GEOMETRIC_REPRESENTATION_CONTEXT ( 3 ) GLOBAL_UNCERTAINTY_ASSIGNED_CONTEXT ( ( #6613 ) ) GLOBAL_UNIT_ASSIGNED_CONTEXT ( ( #6005, #4051, #2828 ) ) REPRESENTATION_CONTEXT ( 'NONE', 'WORKASPACE' ) );
#5950 = DIRECTION ( 'NONE',  ( 0.000000000000000000, 0.000000000000000000, 1.000000000000000000 ) ) ;
#5951 = ORIENTED_EDGE ( 'NONE', *, *, #3177, .T. ) ;
#5952 = CARTESIAN_POINT ( 'NONE',  ( 8.329999999999985860, -13.45000000000003837, 26.90000000000005187 ) ) ;
#5953 =( GEOMETRIC_REPRESENTATION_CONTEXT ( 3 ) GLOBAL_UNCERTAINTY_ASSIGNED_CONTEXT ( ( #3632 ) ) GLOBAL_UNIT_ASSIGNED_CONTEXT ( ( #3669, #5813, #6919 ) ) REPRESENTATION_CONTEXT ( 'NONE', 'WORKASPACE' ) );
#5954 = DIRECTION ( 'NONE',  ( -1.000000000000000000, -0.000000000000000000, -0.000000000000000000 ) ) ;
#5955 = PRESENTATION_STYLE_ASSIGNMENT (( #4242 ) ) ;
#5956 = DIRECTION ( 'NONE',  ( -1.000000000000000000, 0.000000000000000000, 0.000000000000000000 ) ) ;
#5957 = CARTESIAN_POINT ( 'NONE',  ( 0.000000000000000000, 7.799999999999999822, -1.106159976983767270E-15 ) ) ;
#5958 = MECHANICAL_DESIGN_GEOMETRIC_PRESENTATION_REPRESENTATION (  '', ( #3151 ), #1124 ) ;
#5959 = ORIENTED_EDGE ( 'NONE', *, *, #3460, .F. ) ;
#5960 = CARTESIAN_POINT ( 'NONE',  ( 0.8699999999999999956, 0.000000000000000000, 0.000000000000000000 ) ) ;
#5961 = EDGE_CURVE ( 'NONE', #3870, #213, #3934, .T. ) ;
#5962 =( NAMED_UNIT ( * ) SI_UNIT ( $, .STERADIAN. ) SOLID_ANGLE_UNIT ( ) );
#5963 =( NAMED_UNIT ( * ) SI_UNIT ( $, .STERADIAN. ) SOLID_ANGLE_UNIT ( ) );
#5964 = PRESENTATION_STYLE_ASSIGNMENT (( #23 ) ) ;
#5965 = COLOUR_RGB ( '',0.2235294117647058654, 0.4901960784313725283, 0.6901960784313725394 ) ;
#5966 =( NAMED_UNIT ( * ) SI_UNIT ( $, .STERADIAN. ) SOLID_ANGLE_UNIT ( ) );
#5967 = SURFACE_STYLE_FILL_AREA ( #6060 ) ;
#5968 = CARTESIAN_POINT ( 'NONE',  ( 8.680000000000005045, 5.461843338596377606, -9.003924689718358465 ) ) ;
#5969 = AXIS2_PLACEMENT_3D ( 'NONE', #6214, #358, #3508 ) ;
#5970 =( NAMED_UNIT ( * ) SI_UNIT ( $, .STERADIAN. ) SOLID_ANGLE_UNIT ( ) );
#5971 = CARTESIAN_POINT ( 'NONE',  ( 8.480000000000003979, 1.121337353847395635, -10.46638149426621212 ) ) ;
#5972 = CARTESIAN_POINT ( 'NONE',  ( 9.000000000000001776, 1.007727611287445812, 7.736268647657400521 ) ) ;
#5973 = CARTESIAN_POINT ( 'NONE',  ( 7.780000000000003801, 14.00000000000000000, 3.887921885478709918E-15 ) ) ;
#5974 = DIRECTION ( 'NONE',  ( 0.000000000000000000, 1.000000000000000000, -6.123031769111888756E-17 ) ) ;
#5975 = SURFACE_SIDE_STYLE ('',( #1687 ) ) ;
#5976 = SURFACE_STYLE_USAGE ( .BOTH. , #2167 ) ;
#5977 = EDGE_CURVE ( 'NONE', #4776, #3525, #908, .T. ) ;
#5978 = CARTESIAN_POINT ( 'NONE',  ( 8.479999999999996874, -9.542869178940605934, 4.445906607417777323 ) ) ;
#5979 = ORIENTED_EDGE ( 'NONE', *, *, #6897, .F. ) ;
#5980 = COLOUR_RGB ( '',0.5098039215686274161, 0.5098039215686274161, 0.5490196078431373028 ) ;
#5981 = ORIENTED_EDGE ( 'NONE', *, *, #5569, .T. ) ;
#5982 = SURFACE_SIDE_STYLE ('',( #1263 ) ) ;
#5983 = CARTESIAN_POINT ( 'NONE',  ( 5.442545997088830134, 9.647724093425242842, 9.692811436171837158 ) ) ;
#5984 = CARTESIAN_POINT ( 'NONE',  ( 9.000000000000003553, 6.599983429669612711, -4.157470633335028865 ) ) ;
#5985 = DIRECTION ( 'NONE',  ( 0.000000000000000000, 1.000000000000000000, -6.123031769111887524E-17 ) ) ;
#5986 = EDGE_LOOP ( 'NONE', ( #5795, #2937 ) ) ;
#5987 = CARTESIAN_POINT ( 'NONE',  ( 1.220000000000000195, -0.8559557305868544796, 13.99996757527197744 ) ) ;
#5988 = CARTESIAN_POINT ( 'NONE',  ( 0.5200000000000001288, -4.445906607420350376, 9.542869178940106778 ) ) ;
#5989 = PRESENTATION_STYLE_ASSIGNMENT (( #3847 ) ) ;
#5990 = CARTESIAN_POINT ( 'NONE',  ( 7.780000000000000249, -14.00000000000000000, -3.877812906893453986E-15 ) ) ;
#5991 =( NAMED_UNIT ( * ) SI_UNIT ( $, .STERADIAN. ) SOLID_ANGLE_UNIT ( ) );
#5992 = CARTESIAN_POINT ( 'NONE',  ( 0.3199999999999940670, 10.29143073051814561, -2.207975672682844781 ) ) ;
#5993 = CARTESIAN_POINT ( 'NONE',  ( 5.442545997088830134, 2.652116298503882863, 13.73172747971469043 ) ) ;
#5994 = CARTESIAN_POINT ( 'NONE',  ( 0.5199999999999991296, -10.46642185623731081, 1.925703017941405899E-15 ) ) ;
#5995 = VERTEX_POINT ( 'NONE', #1736 ) ;
#5996 = CARTESIAN_POINT ( 'NONE',  ( -3.479098206203959265, -6.426276344669177298, 9.833076508667039306 ) ) ;
#5997 = ADVANCED_FACE ( 'NONE', ( #3877 ), #535, .F. ) ;
#5998 = FACE_OUTER_BOUND ( 'NONE', #3959, .T. ) ;
#5999 = CARTESIAN_POINT ( 'NONE',  ( 0.1700000000000049527, 13.64999999999999325, -27.30000000000000782 ) ) ;
#6000 = EDGE_LOOP ( 'NONE', ( #5166, #2747, #5671, #5380, #6228 ) ) ;
#6001 = CARTESIAN_POINT ( 'NONE',  ( 9.000000000000003553, -3.294881561109316070, 7.072122350770719379 ) ) ;
#6002 = CARTESIAN_POINT ( 'NONE',  ( -0.000000000000000000, -4.718660655038113383, 6.234130950262335880 ) ) ;
#6003 = UNCERTAINTY_MEASURE_WITH_UNIT (LENGTH_MEASURE( 1.000000000000000082E-05 ), #5309, 'distance_accuracy_value', 'NONE');
#6004 = PRESENTATION_STYLE_ASSIGNMENT (( #251 ) ) ;
#6005 =( LENGTH_UNIT ( ) NAMED_UNIT ( * ) SI_UNIT ( .MILLI., .METRE. ) );
#6006 =( NAMED_UNIT ( * ) PLANE_ANGLE_UNIT ( ) SI_UNIT ( $, .RADIAN. ) );
#6007 = VERTEX_POINT ( 'NONE', #3419 ) ;
#6008 = DIRECTION ( 'NONE',  ( 0.000000000000000000, 0.000000000000000000, -1.000000000000000000 ) ) ;
#6009 = DIRECTION ( 'NONE',  ( 1.000000000000000000, -0.000000000000000000, -0.000000000000000000 ) ) ;
#6010 = CARTESIAN_POINT ( 'NONE',  ( 9.000000000000005329, 7.736268647657403186, -1.007727611287766001 ) ) ;
#6011 = STYLED_ITEM ( 'NONE', ( #5112 ), #3094 ) ;
#6012 = ORIENTED_EDGE ( 'NONE', *, *, #1224, .T. ) ;
#6013 = CARTESIAN_POINT ( 'NONE',  ( 1.219999999999999751, 2.178575976870073205, 13.83019670695353831 ) ) ;
#6014 = CARTESIAN_POINT ( 'NONE',  ( 0.5199999999999999067, -6.059894248025037733, 8.605943207386944849 ) ) ;
#6015 = CARTESIAN_POINT ( 'NONE',  ( 14.76925193346955112, -7.093103378224894229, 6.736612441920483363 ) ) ;
#6016 = ADVANCED_FACE ( 'NONE', ( #5568 ), #153, .F. ) ;
#6017 = CARTESIAN_POINT ( 'NONE',  ( 0.6700000000000116973, 1.659396412844665517E-15, 13.45000000000003126 ) ) ;
#6018 = EDGE_LOOP ( 'NONE', ( #773, #6458, #5816, #357, #2506 ) ) ;
#6019 = AXIS2_PLACEMENT_3D ( 'NONE', #1461, #1725, #483 ) ;
#6020 = CARTESIAN_POINT ( 'NONE',  ( 8.129999999999999005, -14.35000000000000853, 28.69999999999999218 ) ) ;
#6021 =( LENGTH_UNIT ( ) NAMED_UNIT ( * ) SI_UNIT ( .MILLI., .METRE. ) );
#6022 = CARTESIAN_POINT ( 'NONE',  ( 1.219999999999999973, 6.654785049965775023, -12.33323471568476215 ) ) ;
#6023 = EDGE_LOOP ( 'NONE', ( #5765, #2031, #6105, #3372, #2619 ) ) ;
#6024 = CARTESIAN_POINT ( 'NONE',  ( 8.680000000000006821, -5.003040405841025162, 9.271915096384377719 ) ) ;
#6025 = FACE_BOUND ( 'NONE', #2696, .T. ) ;
#6026 = STYLED_ITEM ( 'NONE', ( #6681 ), #4816 ) ;
#6027 = CARTESIAN_POINT ( 'NONE',  ( 8.680000000000003268, -9.753023726623332834, -3.956780790859402153 ) ) ;
#6028 = SURFACE_STYLE_USAGE ( .BOTH. , #4804 ) ;
#6029 = STYLED_ITEM ( 'NONE', ( #4553 ), #5942 ) ;
#6030 = AXIS2_PLACEMENT_3D ( 'NONE', #1127, #598, #5356 ) ;
#6031 = CARTESIAN_POINT ( 'NONE',  ( 9.000000000000005329, -0.9505433284909226010, 7.756561495369894033 ) ) ;
#6032 = CARTESIAN_POINT ( 'NONE',  ( 7.780000000000000249, 13.15868910301064254, 4.782480242025966000 ) ) ;
#6033 = CIRCLE ( 'NONE', #202, 0.2999999999999981570 ) ;
#6034 = STYLED_ITEM ( 'NONE', ( #369 ), #522 ) ;
#6035 = CARTESIAN_POINT ( 'NONE',  ( 5.645076863632787045, 10.78719478972074519, -6.438739963811385358 ) ) ;
#6036 = DIRECTION ( 'NONE',  ( 1.664003254462008968E-16, 1.000000000000000000, 0.000000000000000000 ) ) ;
#6037 = SURFACE_SIDE_STYLE ('',( #4459 ) ) ;
#6038 = CARTESIAN_POINT ( 'NONE',  ( 8.480000000000002203, -9.003924689713636909, 5.461843338603893372 ) ) ;
#6039 = AXIS2_PLACEMENT_3D ( 'NONE', #5579, #2852, #89 ) ;
#6040 =( GEOMETRIC_REPRESENTATION_CONTEXT ( 3 ) GLOBAL_UNCERTAINTY_ASSIGNED_CONTEXT ( ( #6541 ) ) GLOBAL_UNIT_ASSIGNED_CONTEXT ( ( #3248, #608, #1631 ) ) REPRESENTATION_CONTEXT ( 'NONE', 'WORKASPACE' ) );
#6041 = VERTEX_POINT ( 'NONE', #6224 ) ;
#6042 = CARTESIAN_POINT ( 'NONE',  ( 7.780000000000002025, 13.92205926780044400, -1.705822765109936467 ) ) ;
#6043 = SURFACE_STYLE_FILL_AREA ( #6073 ) ;
#6044 = CARTESIAN_POINT ( 'NONE',  ( 9.000000000000003553, 7.680467754520027057, -1.360613305757157221 ) ) ;
#6045 = CARTESIAN_POINT ( 'NONE',  ( 0.3199999999999961209, 9.892524181373079983, 3.595368540859834816 ) ) ;
#6046 = VERTEX_POINT ( 'NONE', #3062 ) ;
#6047 = CARTESIAN_POINT ( 'NONE',  ( 1.220000000000000195, -13.78536402216468204, 2.442216974146133701 ) ) ;
#6048 = AXIS2_PLACEMENT_3D ( 'NONE', #754, #6120, #645 ) ;
#6049 = CARTESIAN_POINT ( 'NONE',  ( 0.5200000000000001288, -10.17027191870400848, 2.747115858728278681 ) ) ;
#6050 = CONICAL_SURFACE ( 'NONE', #5841, 13.48053010216304948, 0.4886921905584125647 ) ;
#6051 = LINE ( 'NONE', #1240, #781 ) ;
#6052 = DIRECTION ( 'NONE',  ( 0.000000000000000000, 1.000000000000000000, 1.836909530733581171E-16 ) ) ;
#6053 = EDGE_CURVE ( 'NONE', #4892, #6007, #3488, .T. ) ;
#6054 = CARTESIAN_POINT ( 'NONE',  ( 0.8199999999999999512, 0.000000000000000000, 0.000000000000000000 ) ) ;
#6055 = CARTESIAN_POINT ( 'NONE',  ( 1.219999999999999973, 5.913727056468376375, -12.69363703641312924 ) ) ;
#6056 = CIRCLE ( 'NONE', #3480, 10.22500050000000194 ) ;
#6057 = DIRECTION ( 'NONE',  ( 1.000000000000000000, 0.000000000000000000, 0.000000000000000000 ) ) ;
#6058 = CARTESIAN_POINT ( 'NONE',  ( 8.680000000000006821, -4.445906607415159861, 9.542869178943078623 ) ) ;
#6059 = UNCERTAINTY_MEASURE_WITH_UNIT (LENGTH_MEASURE( 1.000000000000000082E-05 ), #5365, 'distance_accuracy_value', 'NONE');
#6060 = FILL_AREA_STYLE ('',( #1213 ) ) ;
#6061 = CARTESIAN_POINT ( 'NONE',  ( 8.680000000000003268, -10.32122741108696395, -2.061822792885047662 ) ) ;
#6062 = DIRECTION ( 'NONE',  ( 0.8494487772132458536, -0.5252426102889913295, -0.05056654257241900707 ) ) ;
#6063 = SURFACE_SIDE_STYLE ('',( #5549 ) ) ;
#6064 = CARTESIAN_POINT ( 'NONE',  ( 9.000000000000001776, 7.345414594439297673, 2.636104655504091898 ) ) ;
#6065 = CARTESIAN_POINT ( 'NONE',  ( -0.000000000000000000, -4.157470633335402788, 6.599983429669400437 ) ) ;
#6066 = DIRECTION ( 'NONE',  ( 0.000000000000000000, 0.000000000000000000, 1.000000000000000000 ) ) ;
#6067 = UNCERTAINTY_MEASURE_WITH_UNIT (LENGTH_MEASURE( 1.000000000000000082E-05 ), #2756, 'distance_accuracy_value', 'NONE');
#6068 = CARTESIAN_POINT ( 'NONE',  ( 8.699999999999999289, -7.799999999999999822, 1.432820981325662903E-15 ) ) ;
#6069 = CARTESIAN_POINT ( 'NONE',  ( 8.179999999999999716, -7.347638122934260345E-17, 0.000000000000000000 ) ) ;
#6070 = ORIENTED_EDGE ( 'NONE', *, *, #44, .F. ) ;
#6071 = VERTEX_POINT ( 'NONE', #5139 ) ;
#6072 = CARTESIAN_POINT ( 'NONE',  ( 7.780000000000000249, 13.40308086617633521, -4.089113562141762692 ) ) ;
#6073 = FILL_AREA_STYLE ('',( #106 ) ) ;
#6074 = CARTESIAN_POINT ( 'NONE',  ( 9.000000000000000000, 6.669181246080605696, -4.045573323182734882 ) ) ;
#6075 = ORIENTED_EDGE ( 'NONE', *, *, #6268, .F. ) ;
#6076 = ADVANCED_FACE ( 'NONE', ( #4617 ), #806, .T. ) ;
#6077 = CARTESIAN_POINT ( 'NONE',  ( 8.555735931288074525, 10.22500050000002503, -20.45000100000000742 ) ) ;
#6078 = CARTESIAN_POINT ( 'NONE',  ( 1.220000000000000417, -13.68370583821961972, 2.993771136298863489 ) ) ;
#6079 =( GEOMETRIC_REPRESENTATION_CONTEXT ( 3 ) GLOBAL_UNCERTAINTY_ASSIGNED_CONTEXT ( ( #3472 ) ) GLOBAL_UNIT_ASSIGNED_CONTEXT ( ( #1140, #4937, #2224 ) ) REPRESENTATION_CONTEXT ( 'NONE', 'WORKASPACE' ) );
#6080 = CARTESIAN_POINT ( 'NONE',  ( 0.5199999999999999067, 3.595368540862928342, 9.892524181372024827 ) ) ;
#6081 = CARTESIAN_POINT ( 'NONE',  ( 0.4442640687119273624, 10.22500050000000016, -6.352645766605173546E-16 ) ) ;
#6082 = CARTESIAN_POINT ( 'NONE',  ( 8.679999999999999716, 10.52500049999999376, 21.05000100000000884 ) ) ;
#6083 = CARTESIAN_POINT ( 'NONE',  ( 8.380000000000002558, 10.52500050000000087, 1.933347372942559082E-15 ) ) ;
#6084 = FILL_AREA_STYLE ('',( #2843 ) ) ;
#6085 = CARTESIAN_POINT ( 'NONE',  ( 8.130000000000000782, 13.64999999999998970, 27.29999999999999716 ) ) ;
#6086 = PRESENTATION_STYLE_ASSIGNMENT (( #2313 ) ) ;
#6087 = SURFACE_STYLE_FILL_AREA ( #5507 ) ;
#6088 = CARTESIAN_POINT ( 'NONE',  ( 1.219999999999999973, 4.089113562153832149, -13.40308086617795169 ) ) ;
#6089 = ORIENTED_EDGE ( 'NONE', *, *, #5897, .T. ) ;
#6090 = CARTESIAN_POINT ( 'NONE',  ( 8.480000000000002203, 10.52500050000000265, 7.375436318164603546E-15 ) ) ;
#6091 = CARTESIAN_POINT ( 'NONE',  ( 8.680000000000006821, -7.185546829810980363, 7.699077894429522395 ) ) ;
#6092 =( BOUNDED_SURFACE ( )  B_SPLINE_SURFACE ( 3, 3, ( 
 ( #406, #6223, #1344, #1939 ),
 ( #2951, #5745, #5665, #2984 ),
 ( #1869, #3026, #2455, #6741 ),
 ( #6154, #1971, #4651, #4097 ) ),
 .UNSPECIFIED., .F., .F., .F. ) 
 B_SPLINE_SURFACE_WITH_KNOTS ( ( 4, 4 ),
 ( 4, 4 ),
 ( 0.000000000000000000, 1.000000000000000000 ),
 ( 0.000000000000000000, 1.000000000000000000 ),
 .UNSPECIFIED. ) 
 GEOMETRIC_REPRESENTATION_ITEM ( )  RATIONAL_B_SPLINE_SURFACE ( (
 ( 1.000000000000000000, 0.3333333333333334259, 0.3333333333333334259, 1.000000000000000000),
 ( 0.9489786313342799540, 0.3163262104447600587, 0.3163262104447600587, 0.9489786313342799540),
 ( 0.9489786313342799540, 0.3163262104447600587, 0.3163262104447600587, 0.9489786313342799540),
 ( 1.000000000000000000, 0.3333333333333334259, 0.3333333333333334259, 1.000000000000000000) ) ) 
 REPRESENTATION_ITEM ( '' )  SURFACE ( )  );
#6093 = EDGE_CURVE ( 'NONE', #3799, #4704, #2347, .T. ) ;
#6094 = SURFACE_SIDE_STYLE ('',( #691 ) ) ;
#6095 = SURFACE_SIDE_STYLE ('',( #3965 ) ) ;
#6096 = CARTESIAN_POINT ( 'NONE',  ( 8.680000000000001492, -8.062546764662045007, -6.782617995816845102 ) ) ;
#6097 = PRESENTATION_STYLE_ASSIGNMENT (( #5517 ) ) ;
#6098 = EDGE_CURVE ( 'NONE', #4951, #2054, #5944, .T. ) ;
#6099 = CARTESIAN_POINT ( 'NONE',  ( 9.000000000000003553, -2.993272501209979897, 7.202877213241613674 ) ) ;
#6100 = DIRECTION ( 'NONE',  ( 1.000000000000000000, -0.000000000000000000, -0.000000000000000000 ) ) ;
#6101 = SURFACE_STYLE_FILL_AREA ( #3861 ) ;
#6102 = FILL_AREA_STYLE ('',( #3975 ) ) ;
#6103 = ORIENTED_EDGE ( 'NONE', *, *, #1791, .T. ) ;
#6104 =( BOUNDED_SURFACE ( )  B_SPLINE_SURFACE ( 3, 3, ( 
 ( #2583, #5721, #1981, #1465 ),
 ( #2777, #2709, #1064, #1636 ),
 ( #1674, #6467, #3852, #6501 ),
 ( #1169, #647, #4904, #3721 ) ),
 .UNSPECIFIED., .F., .F., .T. ) 
 B_SPLINE_SURFACE_WITH_KNOTS ( ( 4, 4 ),
 ( 4, 4 ),
 ( 0.000000000000000000, 1.000000000000000000 ),
 ( 0.000000000000000000, 1.000000000000000000 ),
 .UNSPECIFIED. ) 
 GEOMETRIC_REPRESENTATION_ITEM ( )  RATIONAL_B_SPLINE_SURFACE ( (
 ( 1.000000000000000000, 0.3333333333333334259, 0.3333333333333334259, 1.000000000000000000),
 ( 0.8047378541243649375, 0.2682459513747884050, 0.2682459513747884050, 0.8047378541243649375),
 ( 0.8047378541243649375, 0.2682459513747884050, 0.2682459513747884050, 0.8047378541243649375),
 ( 1.000000000000000000, 0.3333333333333334259, 0.3333333333333334259, 1.000000000000000000) ) ) 
 REPRESENTATION_ITEM ( '' )  SURFACE ( )  );
#6105 = ORIENTED_EDGE ( 'NONE', *, *, #2488, .F. ) ;
#6106 = CARTESIAN_POINT ( 'NONE',  ( 3.698353735049866753, 8.993721494056618582, -5.506884243065311810E-16 ) ) ;
#6107 = COLOUR_RGB ( '',0.6941176470588235059, 0.7529411764705882248, 0.8392156862745098200 ) ;
#6108 = DIRECTION ( 'NONE',  ( 1.000000000000000000, 0.000000000000000000, 0.000000000000000000 ) ) ;
#6109 = CARTESIAN_POINT ( 'NONE',  ( 9.000000000000000000, 3.707786986414309371, -6.871311153669910077 ) ) ;
#6110 = ORIENTED_EDGE ( 'NONE', *, *, #1937, .F. ) ;
#6111 = CARTESIAN_POINT ( 'NONE',  ( 0.3199999999999955658, 10.37411989833995740, 1.776543663425260267 ) ) ;
#6112 = CARTESIAN_POINT ( 'NONE',  ( 1.219999999999999973, -5.913727056447951824, 12.69363703642580177 ) ) ;
#6113 = AXIS2_PLACEMENT_3D ( 'NONE', #6054, #1872, #4070 ) ;
#6114 = CARTESIAN_POINT ( 'NONE',  ( 0.5199999999999999067, 5.458976968530252272, 8.999096241907169613 ) ) ;
#6115 =( NAMED_UNIT ( * ) SI_UNIT ( $, .STERADIAN. ) SOLID_ANGLE_UNIT ( ) );
#6116 = SURFACE_STYLE_USAGE ( .BOTH. , #3988 ) ;
#6117 = AXIS2_PLACEMENT_3D ( 'NONE', #4344, #5954, #72 ) ;
#6118 = CARTESIAN_POINT ( 'NONE',  ( 2.320898220709397108, -14.91063812087456952, -1.030229810619998521 ) ) ;
#6119 = DIRECTION ( 'NONE',  ( -1.000000000000000000, 0.000000000000000000, 0.000000000000000000 ) ) ;
#6120 = DIRECTION ( 'NONE',  ( -1.000000000000000000, 0.000000000000000000, 0.000000000000000000 ) ) ;
#6121 = PRESENTATION_LAYER_ASSIGNMENT (  '', '', ( #621 ) ) ;
#6122 = CARTESIAN_POINT ( 'NONE',  ( 8.999999999999996447, -15.69999999999999929, 2.884011462411910892E-15 ) ) ;
#6123 = CARTESIAN_POINT ( 'NONE',  ( 1.219999999999999973, 7.265107878400278274, -11.97674297214513928 ) ) ;
#6124 = EDGE_LOOP ( 'NONE', ( #5126, #5542 ) ) ;
#6125 = FILL_AREA_STYLE ('',( #274 ) ) ;
#6126 = CARTESIAN_POINT ( 'NONE',  ( 8.680000000000005045, -9.655181985511680054, 4.204740368894366753 ) ) ;
#6127 = SURFACE_STYLE_USAGE ( .BOTH. , #5545 ) ;
#6128 = CARTESIAN_POINT ( 'NONE',  ( 8.680000000000001492, -3.595368540865171880, -9.892524181371172176 ) ) ;
#6129 = SURFACE_SIDE_STYLE ('',( #4045 ) ) ;
#6130 = CARTESIAN_POINT ( 'NONE',  ( 3.557454002911172086, 11.20749561838898956, -2.102132231989686240 ) ) ;
#6131 =( GEOMETRIC_REPRESENTATION_CONTEXT ( 3 ) GLOBAL_UNCERTAINTY_ASSIGNED_CONTEXT ( ( #98 ) ) GLOBAL_UNIT_ASSIGNED_CONTEXT ( ( #87, #4255, #2780 ) ) REPRESENTATION_CONTEXT ( 'NONE', 'WORKASPACE' ) );
#6132 = CARTESIAN_POINT ( 'NONE',  ( 1.219999999999999973, -14.20502525316941522, 2.609392079872055050E-15 ) ) ;
#6133 = CIRCLE ( 'NONE', #74, 7.500000000000001776 ) ;
#6134 =( NAMED_UNIT ( * ) PLANE_ANGLE_UNIT ( ) SI_UNIT ( $, .RADIAN. ) );
#6135 = UNCERTAINTY_MEASURE_WITH_UNIT (LENGTH_MEASURE( 1.000000000000000082E-05 ), #5159, 'distance_accuracy_value', 'NONE');
#6136 =( GEOMETRIC_REPRESENTATION_CONTEXT ( 3 ) GLOBAL_UNCERTAINTY_ASSIGNED_CONTEXT ( ( #5943 ) ) GLOBAL_UNIT_ASSIGNED_CONTEXT ( ( #5443, #1105, #5963 ) ) REPRESENTATION_CONTEXT ( 'NONE', 'WORKASPACE' ) );
#6137 = ORIENTED_EDGE ( 'NONE', *, *, #4939, .T. ) ;
#6138 = EDGE_CURVE ( 'NONE', #4890, #3082, #5277, .T. ) ;
#6139 = AXIS2_PLACEMENT_3D ( 'NONE', #2796, #178, #6587 ) ;
#6140 = ORIENTED_EDGE ( 'NONE', *, *, #6435, .T. ) ;
#6141 = AXIS2_PLACEMENT_3D ( 'NONE', #6068, #3371, #1258 ) ;
#6142 =( NAMED_UNIT ( * ) PLANE_ANGLE_UNIT ( ) SI_UNIT ( $, .RADIAN. ) );
#6143 = CARTESIAN_POINT ( 'NONE',  ( 9.000000000000005329, -4.157470633334817478, -6.599983429669772583 ) ) ;
#6144 = VERTEX_POINT ( 'NONE', #1595 ) ;
#6145 = CARTESIAN_POINT ( 'NONE',  ( 8.699999999999999289, 15.99999999999999645, -9.796850830579022010E-16 ) ) ;
#6146 = B_SPLINE_CURVE_WITH_KNOTS ( 'NONE', 3,
 ( #4516, #5066, #269, #5100, #333, #294, #850, #3557, #4577, #2985, #3953, #2456, #4616, #4098, #1408, #5706, #4482, #3764, #4886, #2168, #4333, #3274, #3301, #314, #1175, #3327, #5479, #654, #5095, #5844, #6389, #5904, #4807, #3225, #1071, #4324, #2097, #3825, #4881, #1540, #3692, #5383, #2621, #1582, #553, #2195, #2685, #30, #4846, #5971, #2132, #1147, #495, #5838, #5318, #6942, #6444, #1643, #524, #3788, #585, #5938, #1114, #4264, #6382, #3729, #3265, #6413, #5415, #5873, #4300, #1046, #3191, #2714, #5348, #2653, #1612, #3758, #4670, #6792, #4259, #6279, #3857, #2290, #5620, #2962, #3572, #3040, #5310, #1464, #2156, #1103, #4875, #2991, #5102 ),
 .UNSPECIFIED., .F., .F.,
 ( 4, 1, 1, 1, 1, 2, 2, 1, 1, 1, 2, 2, 1, 1, 2, 2, 2, 1, 1, 2, 2, 1, 1, 1, 2, 2, 1, 1, 1, 1, 2, 2, 2, 2, 1, 1, 1, 2, 2, 1, 1, 1, 2, 2, 1, 1, 2, 2, 2, 1, 1, 2, 2, 1, 1, 1, 2, 2, 1, 1, 1, 1, 2, 2, 4 ),
 ( 0.7500000000000000000, 0.7656250000000003331, 0.7734375000000004441, 0.7773437500000005551, 0.7792968750000005551, 0.7802734375000005551, 0.7812500000000005551, 0.7968750000000009992, 0.8046875000000012212, 0.8085937500000013323, 0.8105468750000013323, 0.8125000000000014433, 0.8281250000000016653, 0.8359375000000017764, 0.8398437500000018874, 0.8437500000000019984, 0.8750000000000026645, 0.8906250000000029976, 0.8984375000000031086, 0.9023437500000033307, 0.9062500000000033307, 0.9218750000000037748, 0.9296875000000038858, 0.9335937500000039968, 0.9355468750000039968, 0.9375000000000039968, 0.9531250000000038858, 0.9609375000000037748, 0.9648437500000037748, 0.9667968750000037748, 0.9677734375000037748, 0.9687500000000037748, 1.000000000000003109, 1.015625000000002887, 1.023437500000002887, 1.027343750000002665, 1.029296875000002665, 1.030273437500002665, 1.031250000000002665, 1.046875000000002665, 1.054687500000002665, 1.058593750000002665, 1.060546875000002665, 1.062500000000002442, 1.078125000000002220, 1.085937500000002220, 1.089843750000002220, 1.093750000000001998, 1.125000000000001776, 1.140625000000001554, 1.148437500000001332, 1.152343750000001332, 1.156250000000001110, 1.171875000000000888, 1.179687500000000888, 1.183593750000000666, 1.185546875000000666, 1.187500000000000666, 1.203125000000000444, 1.210937500000000222, 1.214843750000000222, 1.216796875000000222, 1.217773437500000222, 1.218750000000000222, 1.250000000000000000 ),
 .UNSPECIFIED. ) ;
#6147 = CARTESIAN_POINT ( 'NONE',  ( 1.219999999999999973, 5.100511783392581933, 13.03785071452958277 ) ) ;
#6148 = PRESENTATION_LAYER_ASSIGNMENT (  '', '', ( #1672 ) ) ;
#6149 =( BOUNDED_SURFACE ( )  B_SPLINE_SURFACE ( 3, 3, ( 
 ( #340, #443, #1976, #3032 ),
 ( #5190, #1455, #1562, #2082 ),
 ( #4103, #3607, #1414, #2573 ),
 ( #3638, #4137, #6747, #412 ) ),
 .UNSPECIFIED., .F., .F., .T. ) 
 B_SPLINE_SURFACE_WITH_KNOTS ( ( 4, 4 ),
 ( 4, 4 ),
 ( 0.000000000000000000, 1.000000000000000000 ),
 ( 0.000000000000000000, 1.000000000000000000 ),
 .UNSPECIFIED. ) 
 GEOMETRIC_REPRESENTATION_ITEM ( )  RATIONAL_B_SPLINE_SURFACE ( (
 ( 1.000000000000000000, 0.3333333333333334259, 0.3333333333333334259, 1.000000000000000000),
 ( 0.4563962555373253238, 0.1521320851791084783, 0.1521320851791084783, 0.4563962555373253238),
 ( 0.4563962555373253238, 0.1521320851791084783, 0.1521320851791084783, 0.4563962555373253238),
 ( 1.000000000000000000, 0.3333333333333334259, 0.3333333333333334259, 1.000000000000000000) ) ) 
 REPRESENTATION_ITEM ( '' )  SURFACE ( )  );
#6150 = CARTESIAN_POINT ( 'NONE',  ( 12.70120210215392476, -11.23876720674678431, 15.05786338850780837 ) ) ;
#6151 = COLOUR_RGB ( '',0.5098039215686274161, 0.5098039215686274161, 0.5490196078431373028 ) ;
#6152 = CARTESIAN_POINT ( 'NONE',  ( 5.645076863632788822, 10.78719478972074697, -6.438739963811390687 ) ) ;
#6153 = CIRCLE ( 'NONE', #3465, 0.2999999999999981570 ) ;
#6154 = CARTESIAN_POINT ( 'NONE',  ( 4.500000000000000888, 14.13100000000000023, -8.878270312038604273E-16 ) ) ;
#6155 = PRESENTATION_LAYER_ASSIGNMENT (  '', '', ( #4496 ) ) ;
#6156 = SURFACE_SIDE_STYLE ('',( #2883 ) ) ;
#6157 = CARTESIAN_POINT ( 'NONE',  ( 1.219999999999999973, -5.100511783391318055, -13.03785071452973021 ) ) ;
#6158 = ORIENTED_EDGE ( 'NONE', *, *, #3725, .F. ) ;
#6159 = CARTESIAN_POINT ( 'NONE',  ( 0.6199999999999999956, 0.000000000000000000, 0.000000000000000000 ) ) ;
#6160 = CARTESIAN_POINT ( 'NONE',  ( 8.680000000000008598, 6.928741887767366769, 7.955804017000123629 ) ) ;
#6161 = STYLED_ITEM ( 'NONE', ( #1471 ), #5633 ) ;
#6162 = ADVANCED_FACE ( 'NONE', ( #474, #3205 ), #6330, .T. ) ;
#6163 = SURFACE_SIDE_STYLE ('',( #5785 ) ) ;
#6164 = CARTESIAN_POINT ( 'NONE',  ( 4.388948052025016366, -10.76497429235266345, -1.273648670121526383 ) ) ;
#6165 = CARTESIAN_POINT ( 'NONE',  ( 8.680000000000001492, -3.715076583184180326, -9.847626207424315936 ) ) ;
#6166 = CIRCLE ( 'NONE', #3929, 2.380999999999999783 ) ;
#6167 = AXIS2_PLACEMENT_3D ( 'NONE', #4286, #3211, #1569 ) ;
#6168 =( LENGTH_UNIT ( ) NAMED_UNIT ( * ) SI_UNIT ( .MILLI., .METRE. ) );
#6169 = DIRECTION ( 'NONE',  ( 1.000000000000000000, 0.000000000000000000, 0.000000000000000000 ) ) ;
#6170 = ORIENTED_EDGE ( 'NONE', *, *, #888, .T. ) ;
#6171 = CARTESIAN_POINT ( 'NONE',  ( 1.219999999999999973, 14.00000000000000000, -8.572244476756645738E-16 ) ) ;
#6172 = AXIS2_PLACEMENT_3D ( 'NONE', #5638, #2986, #2952 ) ;
#6173 = CARTESIAN_POINT ( 'NONE',  ( 2.671465744100001594, 0.000000000000000000, 0.000000000000000000 ) ) ;
#6174 = CARTESIAN_POINT ( 'NONE',  ( 5.645076863632790598, -9.355855050800583328, -2.886976803172141004 ) ) ;
#6175 = CARTESIAN_POINT ( 'NONE',  ( 1.020000000000000018, 1.252201413360508859E-15, -10.22500050000000194 ) ) ;
#6176 = EDGE_LOOP ( 'NONE', ( #5371, #5917, #1334, #1345, #2437, #5554 ) ) ;
#6177 = ORIENTED_EDGE ( 'NONE', *, *, #5693, .F. ) ;
#6178 =( NAMED_UNIT ( * ) PLANE_ANGLE_UNIT ( ) SI_UNIT ( $, .RADIAN. ) );
#6179 = CARTESIAN_POINT ( 'NONE',  ( 0.5200000000000002398, 6.782617995815616752, -8.062546764663785837 ) ) ;
#6180 = CARTESIAN_POINT ( 'NONE',  ( 9.000000000000001776, -0.5945555826168542612, -7.783751096894970800 ) ) ;
#6181 = EDGE_CURVE ( 'NONE', #260, #4110, #2400, .T. ) ;
#6182 = CARTESIAN_POINT ( 'NONE',  ( 0.3199999999999985079, -1.637990194925154519, 10.39731063015150170 ) ) ;
#6183 = STYLED_ITEM ( 'NONE', ( #4431 ), #3662 ) ;
#6184 = CARTESIAN_POINT ( 'NONE',  ( 5.645076863632786157, 3.791586994799380328, -10.47765600735423597 ) ) ;
#6185 = CARTESIAN_POINT ( 'NONE',  ( 1.220000000000000195, 13.92205926780044933, 1.705822765102320782 ) ) ;
#6186 = CIRCLE ( 'NONE', #2927, 2.380999999999999339 ) ;
#6187 = CARTESIAN_POINT ( 'NONE',  ( 3.557454002911172530, 1.449106535281858621, 9.527463015735312624 ) ) ;
#6188 = SURFACE_STYLE_USAGE ( .BOTH. , #2564 ) ;
#6189 = FILL_AREA_STYLE ('',( #682 ) ) ;
#6190 = FACE_OUTER_BOUND ( 'NONE', #1854, .T. ) ;
#6191 = COLOUR_RGB ( '',0.6941176470588235059, 0.7529411764705882248, 0.8392156862745098200 ) ;
#6192 =( LENGTH_UNIT ( ) NAMED_UNIT ( * ) SI_UNIT ( .MILLI., .METRE. ) );
#6193 = FILL_AREA_STYLE_COLOUR ( '', #5789 ) ;
#6194 = SURFACE_STYLE_FILL_AREA ( #6708 ) ;
#6195 = CARTESIAN_POINT ( 'NONE',  ( 0.000000000000000000, 0.000000000000000000, 10.22500050000000194 ) ) ;
#6196 = ORIENTED_EDGE ( 'NONE', *, *, #1123, .F. ) ;
#6197 = CARTESIAN_POINT ( 'NONE',  ( 8.130000000000000782, -14.51483715649648687, -4.492926777226217548E-15 ) ) ;
#6198 = CARTESIAN_POINT ( 'NONE',  ( -0.000000000000000000, -1.851866240055263679, -7.578865972319228206 ) ) ;
#6199 = CARTESIAN_POINT ( 'NONE',  ( 7.780000000000003801, 9.557925559913581282, 10.24109058967449570 ) ) ;
#6200 = CARTESIAN_POINT ( 'NONE',  ( 0.8699999999999992184, -13.65000000000000036, 2.528867328511801772E-15 ) ) ;
#6201 = CARTESIAN_POINT ( 'NONE',  ( 0.8699999999999999956, -13.96363636363640026, 2.565050148387207121E-15 ) ) ;
#6202 =( LENGTH_UNIT ( ) NAMED_UNIT ( * ) SI_UNIT ( .MILLI., .METRE. ) );
#6203 = CARTESIAN_POINT ( 'NONE',  ( 0.3199999999999919020, -5.461843338603239673, -9.003924689713675988 ) ) ;
#6204 = FACE_OUTER_BOUND ( 'NONE', #2721, .T. ) ;
#6205 = CARTESIAN_POINT ( 'NONE',  ( 0.000000000000000000, 0.000000000000000000, 0.000000000000000000 ) ) ;
#6206 = ADVANCED_FACE ( 'NONE', ( #4206 ), #4187, .T. ) ;
#6207 = CARTESIAN_POINT ( 'NONE',  ( 1.219999999999999973, -14.00000000000000000, 2.571729966481959310E-15 ) ) ;
#6208 = CARTESIAN_POINT ( 'NONE',  ( 7.980000000000001315, -4.898425415289514703E-17, 1.289372719293526023E-47 ) ) ;
#6209 = UNCERTAINTY_MEASURE_WITH_UNIT (LENGTH_MEASURE( 1.000000000000000082E-05 ), #1497, 'distance_accuracy_value', 'NONE');
#6210 =( NAMED_UNIT ( * ) SI_UNIT ( $, .STERADIAN. ) SOLID_ANGLE_UNIT ( ) );
#6211 = VERTEX_POINT ( 'NONE', #4509 ) ;
#6212 = EDGE_LOOP ( 'NONE', ( #5731, #5588 ) ) ;
#6213 = ORIENTED_EDGE ( 'NONE', *, *, #3185, .T. ) ;
#6214 = CARTESIAN_POINT ( 'NONE',  ( 7.980000000000001315, -4.898425415289514703E-17, 1.289372719293526023E-47 ) ) ;
#6215 = CARTESIAN_POINT ( 'NONE',  ( 0.5200000000000002398, -2.250632742210225246, -10.28722710540945684 ) ) ;
#6216 = CARTESIAN_POINT ( 'NONE',  ( 9.000000000000003553, -7.227888670044451125, -2.932350761662477989 ) ) ;
#6217 = CARTESIAN_POINT ( 'NONE',  ( 0.3199999999999983413, -3.314578863176453449, 9.992066394825734221 ) ) ;
#6218 = CARTESIAN_POINT ( 'NONE',  ( 3.354923136367208070, 0.3096358389863434479, -12.78153448809575821 ) ) ;
#6219 = SURFACE_STYLE_FILL_AREA ( #784 ) ;
#6220 = DIRECTION ( 'NONE',  ( 2.382861917550559050E-17, 6.123031769111889989E-17, 1.000000000000000000 ) ) ;
#6221 = UNCERTAINTY_MEASURE_WITH_UNIT (LENGTH_MEASURE( 1.000000000000000082E-05 ), #1526, 'distance_accuracy_value', 'NONE');
#6222 = CARTESIAN_POINT ( 'NONE',  ( 0.5199999999999858069, 0.000000000000000000, 0.000000000000000000 ) ) ;
#6223 = CARTESIAN_POINT ( 'NONE',  ( 6.187234222033133335, 13.43000050000000201, 26.86000099999999335 ) ) ;
#6224 = CARTESIAN_POINT ( 'NONE',  ( 0.2999999999999999334, 16.00000000000000000, -9.796850830579023982E-16 ) ) ;
#6225 = CARTESIAN_POINT ( 'NONE',  ( 0.5199999999999991296, 10.46642185623731081, -3.204396340300066155E-15 ) ) ;
#6226 = PLANE ( 'NONE',  #4114 ) ;
#6227 = EDGE_CURVE ( 'NONE', #6264, #4713, #655, .T. ) ;
#6228 = ORIENTED_EDGE ( 'NONE', *, *, #2861, .T. ) ;
#6229 = CARTESIAN_POINT ( 'NONE',  ( 8.680000000000006821, 10.46639770868437225, 1.282500883279789727 ) ) ;
#6230 = CARTESIAN_POINT ( 'NONE',  ( 7.780000000000002025, -4.782480242025691552, 13.15868910301028905 ) ) ;
#6231 =( NAMED_UNIT ( * ) SI_UNIT ( $, .STERADIAN. ) SOLID_ANGLE_UNIT ( ) );
#6232 = CARTESIAN_POINT ( 'NONE',  ( 0.6700000000000116973, 0.000000000000000000, 0.000000000000000000 ) ) ;
#6233 = CARTESIAN_POINT ( 'NONE',  ( 3.858235246223785442, 14.13099999999999135, -28.26199999999999335 ) ) ;
#6234 = AXIS2_PLACEMENT_3D ( 'NONE', #912, #5870, #1043 ) ;
#6235 = CARTESIAN_POINT ( 'NONE',  ( 0.3199999999999914024, -1.934931853067480612, -10.34562986253562045 ) ) ;
#6236 = SURFACE_SIDE_STYLE ('',( #4079 ) ) ;
#6237 =( LENGTH_UNIT ( ) NAMED_UNIT ( * ) SI_UNIT ( .MILLI., .METRE. ) );
#6238 = ORIENTED_EDGE ( 'NONE', *, *, #254, .F. ) ;
#6239 = CARTESIAN_POINT ( 'NONE',  ( 0.6199999999999999956, 10.42500050000000122, -6.413876084296293789E-16 ) ) ;
#6240 =( NAMED_UNIT ( * ) SI_UNIT ( $, .STERADIAN. ) SOLID_ANGLE_UNIT ( ) );
#6241 = SURFACE_STYLE_USAGE ( .BOTH. , #2511 ) ;
#6242 = CARTESIAN_POINT ( 'NONE',  ( 0.5200000000000001288, 10.07622410128496959, 3.074210346766035773 ) ) ;
#6243 = VERTEX_POINT ( 'NONE', #6804 ) ;
#6244 = VERTEX_POINT ( 'NONE', #6290 ) ;
#6245 = CARTESIAN_POINT ( 'NONE',  ( 0.5200000000000000178, 5.003040405848652838, -9.271915096379066412 ) ) ;
#6246 = CARTESIAN_POINT ( 'NONE',  ( 9.000000000000001776, -2.664467693566653139, -7.331286101083740903 ) ) ;
#6247 = AXIS2_PLACEMENT_3D ( 'NONE', #6315, #3079, #873 ) ;
#6248 =( NAMED_UNIT ( * ) PLANE_ANGLE_UNIT ( ) SI_UNIT ( $, .RADIAN. ) );
#6249 = CARTESIAN_POINT ( 'NONE',  ( 0.3199999999999982303, 3.913847515211112960, 9.770322806960058060 ) ) ;
#6250 = DIRECTION ( 'NONE',  ( 1.000000000000000000, -0.000000000000000000, -0.000000000000000000 ) ) ;
#6251 =( GEOMETRIC_REPRESENTATION_CONTEXT ( 3 ) GLOBAL_UNCERTAINTY_ASSIGNED_CONTEXT ( ( #4049 ) ) GLOBAL_UNIT_ASSIGNED_CONTEXT ( ( #6518, #2866, #4985 ) ) REPRESENTATION_CONTEXT ( 'NONE', 'WORKASPACE' ) );
#6252 = CIRCLE ( 'NONE', #2103, 10.22500050000000194 ) ;
#6253 = SURFACE_SIDE_STYLE ('',( #819 ) ) ;
#6254 = FILL_AREA_STYLE ('',( #4127 ) ) ;
#6255 = ORIENTED_EDGE ( 'NONE', *, *, #2953, .T. ) ;
#6256 = CARTESIAN_POINT ( 'NONE',  ( 0.2999999999999999334, 0.000000000000000000, 0.000000000000000000 ) ) ;
#6257 = CARTESIAN_POINT ( 'NONE',  ( 0.8699999999999998845, -14.51483715649648154, 29.02967431299297374 ) ) ;
#6258 =( GEOMETRIC_REPRESENTATION_CONTEXT ( 3 ) GLOBAL_UNCERTAINTY_ASSIGNED_CONTEXT ( ( #6352 ) ) GLOBAL_UNIT_ASSIGNED_CONTEXT ( ( #4758, #470, #6880 ) ) REPRESENTATION_CONTEXT ( 'NONE', 'WORKASPACE' ) );
#6259 = DIRECTION ( 'NONE',  ( 1.000000000000000000, 0.000000000000000000, 0.000000000000000000 ) ) ;
#6260 = CARTESIAN_POINT ( 'NONE',  ( -1.411048374888375756, 2.911717862559863867, 7.699803944839890057 ) ) ;
#6261 = MECHANICAL_DESIGN_GEOMETRIC_PRESENTATION_REPRESENTATION (  '', ( #5708 ), #1670 ) ;
#6262 = CARTESIAN_POINT ( 'NONE',  ( 12.70120210215392298, -16.43109758545388743, 0.7920529186618116002 ) ) ;
#6263 =( NAMED_UNIT ( * ) SI_UNIT ( $, .STERADIAN. ) SOLID_ANGLE_UNIT ( ) );
#6264 = VERTEX_POINT ( 'NONE', #5212 ) ;
#6265 = CARTESIAN_POINT ( 'NONE',  ( 8.680000000000005045, 9.719280451960203848, 4.038974156132416837 ) ) ;
#6266 = CARTESIAN_POINT ( 'NONE',  ( 7.780000000000000249, -7.462014705358996025, 11.84576243687833497 ) ) ;
#6267 =( LENGTH_UNIT ( ) NAMED_UNIT ( * ) SI_UNIT ( .MILLI., .METRE. ) );
#6268 = EDGE_CURVE ( 'NONE', #160, #5848, #2562, .T. ) ;
#6269 = CARTESIAN_POINT ( 'NONE',  ( 0.3199999999999925127, -7.955804017002413353, -6.928741887765073493 ) ) ;
#6270 = PRESENTATION_LAYER_ASSIGNMENT (  '', '', ( #2441 ) ) ;
#6271 = PRESENTATION_STYLE_ASSIGNMENT (( #2504 ) ) ;
#6272 = ORIENTED_EDGE ( 'NONE', *, *, #2918, .F. ) ;
#6273 = PRESENTATION_LAYER_ASSIGNMENT (  '', '', ( #4490 ) ) ;
#6274 =( NAMED_UNIT ( * ) PLANE_ANGLE_UNIT ( ) SI_UNIT ( $, .RADIAN. ) );
#6275 = CARTESIAN_POINT ( 'NONE',  ( 0.8700000000000009948, 0.000000000000000000, 0.000000000000000000 ) ) ;
#6276 = AXIS2_PLACEMENT_3D ( 'NONE', #6396, #1596, #6364 ) ;
#6277 =( NAMED_UNIT ( * ) SI_UNIT ( $, .STERADIAN. ) SOLID_ANGLE_UNIT ( ) );
#6278 = MECHANICAL_DESIGN_GEOMETRIC_PRESENTATION_REPRESENTATION (  '', ( #2020 ), #3595 ) ;
#6279 = CARTESIAN_POINT ( 'NONE',  ( 8.480000000000003979, 9.719280451959917855, -4.038974156132715265 ) ) ;
#6280 = CARTESIAN_POINT ( 'NONE',  ( 0.5200000000000000178, 8.709016886550079661, 5.910751103028077047 ) ) ;
#6281 = ORIENTED_EDGE ( 'NONE', *, *, #5486, .F. ) ;
#6282 = ORIENTED_EDGE ( 'NONE', *, *, #1035, .T. ) ;
#6283 = CARTESIAN_POINT ( 'NONE',  ( 1.020000000000000018, 6.322030607759609973E-16, 10.32500049999999980 ) ) ;
#6284 = CARTESIAN_POINT ( 'NONE',  ( 0.5200000000000001288, 9.434971204521628962, -4.688296134656193104 ) ) ;
#6285 = DIRECTION ( 'NONE',  ( -1.000000000000000000, 0.000000000000000000, 0.000000000000000000 ) ) ;
#6286 =( LENGTH_UNIT ( ) NAMED_UNIT ( * ) SI_UNIT ( .MILLI., .METRE. ) );
#6287 = UNCERTAINTY_MEASURE_WITH_UNIT (LENGTH_MEASURE( 1.000000000000000082E-05 ), #6168, 'distance_accuracy_value', 'NONE');
#6288 = CARTESIAN_POINT ( 'NONE',  ( 0.3199999999999983413, 3.556992897985726820, 9.911618546505593486 ) ) ;
#6289 = FACE_OUTER_BOUND ( 'NONE', #4864, .T. ) ;
#6290 = CARTESIAN_POINT ( 'NONE',  ( 7.579999999999998295, -14.00000000000001243, -4.364989009599781021E-15 ) ) ;
#6291 = CARTESIAN_POINT ( 'NONE',  ( 7.779999999999999361, -13.77593361840375330, -2.494860577790424028 ) ) ;
#6292 = ADVANCED_FACE ( 'NONE', ( #886 ), #3813, .F. ) ;
#6293 = FILL_AREA_STYLE ('',( #6739 ) ) ;
#6294 = MECHANICAL_DESIGN_GEOMETRIC_PRESENTATION_REPRESENTATION (  '', ( #3726 ), #476 ) ;
#6295 = UNCERTAINTY_MEASURE_WITH_UNIT (LENGTH_MEASURE( 1.000000000000000082E-05 ), #6202, 'distance_accuracy_value', 'NONE');
#6296 =( NAMED_UNIT ( * ) SI_UNIT ( $, .STERADIAN. ) SOLID_ANGLE_UNIT ( ) );
#6297 = DIRECTION ( 'NONE',  ( -0.8494487772132457426, 0.5252426102889918846, 0.05056654257241913197 ) ) ;
#6298 = SURFACE_STYLE_FILL_AREA ( #1940 ) ;
#6299 = CARTESIAN_POINT ( 'NONE',  ( 3.354923136367207626, -7.645475827906518695, 9.074955185932340740 ) ) ;
#6300 = AXIS2_PLACEMENT_3D ( 'NONE', #5347, #4845, #3190 ) ;
#6301 = CARTESIAN_POINT ( 'NONE',  ( 1.220000000000000195, -12.33323471569493179, -6.654785049946089437 ) ) ;
#6302 = ORIENTED_EDGE ( 'NONE', *, *, #440, .F. ) ;
#6303 = CARTESIAN_POINT ( 'NONE',  ( 8.680000000000005045, 10.34145760591806074, 1.957119027922389343 ) ) ;
#6304 = CARTESIAN_POINT ( 'NONE',  ( 7.779999999999999361, -10.72459260703821649, 9.021928728724407875 ) ) ;
#6305 = CIRCLE ( 'NONE', #2597, 2.381000000000001116 ) ;
#6306 = CARTESIAN_POINT ( 'NONE',  ( 0.8700000000000008837, -14.34999999999999609, 28.69999999999999574 ) ) ;
#6307 = CARTESIAN_POINT ( 'NONE',  ( 5.645076863632790598, -4.163524672093492640, -9.074955185932338964 ) ) ;
#6308 = DIRECTION ( 'NONE',  ( 1.000000000000000000, -1.224606353822380216E-16, -6.366453624330780039E-47 ) ) ;
#6309 = CARTESIAN_POINT ( 'NONE',  ( 0.3199999999999914579, -1.957119027923589494, -10.34145760591777652 ) ) ;
#6310 = CARTESIAN_POINT ( 'NONE',  ( 4.500000000000000888, -14.13099999999999490, 28.26199999999999335 ) ) ;
#6311 = ORIENTED_EDGE ( 'NONE', *, *, #4692, .T. ) ;
#6312 = CARTESIAN_POINT ( 'NONE',  ( -1.076072228735579055E-17, 7.624264068711927855, -4.761728333099784035E-16 ) ) ;
#6313 = CARTESIAN_POINT ( 'NONE',  ( 8.999999999999994671, 15.69999999999999574, -31.39999999999999147 ) ) ;
#6314 = CARTESIAN_POINT ( 'NONE',  ( 8.699999999999999289, -7.500000000000001776, 1.386897029697574845E-15 ) ) ;
#6315 = CARTESIAN_POINT ( 'NONE',  ( 0.7099999999999999645, 0.000000000000000000, 0.000000000000000000 ) ) ;
#6316 = CARTESIAN_POINT ( 'NONE',  ( 0.5199999999999999067, 10.34145760591789731, 1.957119027922912924 ) ) ;
#6317 = VERTEX_POINT ( 'NONE', #2069 ) ;
#6318 = EDGE_CURVE ( 'NONE', #4156, #2054, #4593, .T. ) ;
#6319 = EDGE_LOOP ( 'NONE', ( #6710, #1262, #142, #5025, #4487 ) ) ;
#6320 = CARTESIAN_POINT ( 'NONE',  ( 0.5200000000000001288, 3.913847515210293615, -9.770322806960214379 ) ) ;
#6321 = CARTESIAN_POINT ( 'NONE',  ( -0.000000000000000000, -2.456352732842855158, 7.405062971398875149 ) ) ;
#6322 = PRESENTATION_STYLE_ASSIGNMENT (( #3627 ) ) ;
#6323 =( BOUNDED_SURFACE ( )  B_SPLINE_SURFACE ( 3, 3, ( 
 ( #3156, #2586, #2028, #6314 ),
 ( #1392, #388, #455, #312 ),
 ( #5162, #2474, #4599, #3540 ),
 ( #4745, #1957, #3618, #4636 ) ),
 .UNSPECIFIED., .F., .F., .F. ) 
 B_SPLINE_SURFACE_WITH_KNOTS ( ( 4, 4 ),
 ( 4, 4 ),
 ( 0.000000000000000000, 1.000000000000000000 ),
 ( 0.000000000000000000, 1.000000000000000000 ),
 .UNSPECIFIED. ) 
 GEOMETRIC_REPRESENTATION_ITEM ( )  RATIONAL_B_SPLINE_SURFACE ( (
 ( 1.000000000000000000, 0.3333333333333334259, 0.3333333333333334259, 1.000000000000000000),
 ( 0.8047378541243649375, 0.2682459513747884050, 0.2682459513747884050, 0.8047378541243649375),
 ( 0.8047378541243649375, 0.2682459513747884050, 0.2682459513747884050, 0.8047378541243649375),
 ( 1.000000000000000000, 0.3333333333333334259, 0.3333333333333334259, 1.000000000000000000) ) ) 
 REPRESENTATION_ITEM ( '' )  SURFACE ( )  );
#6324 = CARTESIAN_POINT ( 'NONE',  ( 0.3199999999999956768, -10.34562986253568972, 1.934931853067257679 ) ) ;
#6325 = CARTESIAN_POINT ( 'NONE',  ( 8.480000000000003979, -1.835965895479556131, 10.36364998434267193 ) ) ;
#6326 = DIRECTION ( 'NONE',  ( 1.000000000000000000, 0.000000000000000000, 0.000000000000000000 ) ) ;
#6327 = DIRECTION ( 'NONE',  ( 1.000000000000000000, 0.000000000000000000, 0.000000000000000000 ) ) ;
#6328 = SURFACE_STYLE_FILL_AREA ( #6189 ) ;
#6329 = CARTESIAN_POINT ( 'NONE',  ( 0.6199999999999998845, 0.000000000000000000, 0.000000000000000000 ) ) ;
#6330 = PLANE ( 'NONE',  #2225 ) ;
#6331 = CARTESIAN_POINT ( 'NONE',  ( 0.5199999999999991296, 10.46642185623730370, -20.93284371247462161 ) ) ;
#6332 =( NAMED_UNIT ( * ) PLANE_ANGLE_UNIT ( ) SI_UNIT ( $, .RADIAN. ) );
#6333 = FILL_AREA_STYLE ('',( #4733 ) ) ;
#6334 = VERTEX_POINT ( 'NONE', #3232 ) ;
#6335 =( BOUNDED_SURFACE ( )  B_SPLINE_SURFACE ( 3, 3, ( 
 ( #222, #4060, #1232, #2870 ),
 ( #2944, #5028, #4508, #6695 ),
 ( #2375, #6632, #1300, #3443 ),
 ( #6145, #2835, #4471, #742 ) ),
 .UNSPECIFIED., .F., .F., .T. ) 
 B_SPLINE_SURFACE_WITH_KNOTS ( ( 4, 4 ),
 ( 4, 4 ),
 ( 0.000000000000000000, 1.000000000000000000 ),
 ( 0.000000000000000000, 1.000000000000000000 ),
 .UNSPECIFIED. ) 
 GEOMETRIC_REPRESENTATION_ITEM ( )  RATIONAL_B_SPLINE_SURFACE ( (
 ( 1.000000000000000000, 0.3333333333333334259, 0.3333333333333334259, 1.000000000000000000),
 ( 0.8047378541243649375, 0.2682459513747884050, 0.2682459513747884050, 0.8047378541243649375),
 ( 0.8047378541243649375, 0.2682459513747884050, 0.2682459513747884050, 0.8047378541243649375),
 ( 1.000000000000000000, 0.3333333333333334259, 0.3333333333333334259, 1.000000000000000000) ) ) 
 REPRESENTATION_ITEM ( '' )  SURFACE ( )  );
#6336 = FILL_AREA_STYLE_COLOUR ( '', #2595 ) ;
#6337 = CARTESIAN_POINT ( 'NONE',  ( 0.000000000000000000, -2.900517994467067595, -7.240715517518035327 ) ) ;
#6338 = PRESENTATION_LAYER_ASSIGNMENT (  '', '', ( #6775 ) ) ;
#6339 = CARTESIAN_POINT ( 'NONE',  ( 7.780000000000000249, -2.442153794451331628, 13.78537571125286654 ) ) ;
#6340 = FACE_OUTER_BOUND ( 'NONE', #2754, .T. ) ;
#6341 = CARTESIAN_POINT ( 'NONE',  ( 7.979999999999999538, -10.42500049999999945, 1.276694349343455770E-15 ) ) ;
#6342 = SURFACE_STYLE_USAGE ( .BOTH. , #4249 ) ;
#6343 = CARTESIAN_POINT ( 'NONE',  ( 0.3199999999999943445, -10.36364998434266838, -1.835965895479136467 ) ) ;
#6344 = SURFACE_STYLE_FILL_AREA ( #4665 ) ;
#6345 = PRESENTATION_STYLE_ASSIGNMENT (( #4877 ) ) ;
#6346 = ORIENTED_EDGE ( 'NONE', *, *, #6093, .F. ) ;
#6347 = ORIENTED_EDGE ( 'NONE', *, *, #440, .T. ) ;
#6348 = SURFACE_SIDE_STYLE ('',( #460 ) ) ;
#6349 = CARTESIAN_POINT ( 'NONE',  ( 9.000000000000000000, -6.992223862020237490, 3.474390812560503861 ) ) ;
#6350 = CARTESIAN_POINT ( 'NONE',  ( -0.000000000000000000, 0.9505433284909258207, 7.756561495369894921 ) ) ;
#6351 = CARTESIAN_POINT ( 'NONE',  ( 8.830000000000001847, -14.34999999999999787, -4.393333333379124471E-15 ) ) ;
#6352 = UNCERTAINTY_MEASURE_WITH_UNIT (LENGTH_MEASURE( 1.000000000000000082E-05 ), #4758, 'distance_accuracy_value', 'NONE');
#6353 = DIRECTION ( 'NONE',  ( 0.000000000000000000, 0.000000000000000000, 1.000000000000000000 ) ) ;
#6354 = EDGE_CURVE ( 'NONE', #3870, #4419, #1997, .T. ) ;
#6355 = CARTESIAN_POINT ( 'NONE',  ( 8.480000000000000426, 3.074210346776020675, 10.07622410128311330 ) ) ;
#6356 = CARTESIAN_POINT ( 'NONE',  ( 7.780000000000000249, 1.808926036606112397, -13.88559349141637078 ) ) ;
#6357 = CIRCLE ( 'NONE', #6677, 13.65000000000000036 ) ;
#6358 =( NAMED_UNIT ( * ) PLANE_ANGLE_UNIT ( ) SI_UNIT ( $, .RADIAN. ) );
#6359 =( LENGTH_UNIT ( ) NAMED_UNIT ( * ) SI_UNIT ( .MILLI., .METRE. ) );
#6360 = ORIENTED_EDGE ( 'NONE', *, *, #3911, .T. ) ;
#6361 = DIRECTION ( 'NONE',  ( -0.8829475928589274325, -0.4694715627858898621, 3.598292635471046322E-32 ) ) ;
#6362 = CIRCLE ( 'NONE', #4022, 2.380999999999999339 ) ;
#6363 = AXIS2_PLACEMENT_3D ( 'NONE', #4922, #2338, #1017 ) ;
#6364 = DIRECTION ( 'NONE',  ( 0.000000000000000000, 1.000000000000000000, -6.123031769111889989E-17 ) ) ;
#6365 = CARTESIAN_POINT ( 'NONE',  ( -0.000000000000000000, 7.164808649477535596, -3.084364822997423428 ) ) ;
#6366 = VECTOR ( 'NONE', #3539, 1000.000000000000000 ) ;
#6367 = MECHANICAL_DESIGN_GEOMETRIC_PRESENTATION_REPRESENTATION (  '', ( #4365 ), #6925 ) ;
#6368 = CARTESIAN_POINT ( 'NONE',  ( 7.780000000000000249, 6.654785049965343369, 12.33323471568548335 ) ) ;
#6369 = CARTESIAN_POINT ( 'NONE',  ( 6.187234222033133335, -13.43000050000000023, 2.467023909694121243E-15 ) ) ;
#6370 = CARTESIAN_POINT ( 'NONE',  ( 0.3199999999999940670, 10.22663357711990351, -2.498755345894663193 ) ) ;
#6371 = PRESENTATION_LAYER_ASSIGNMENT (  '', '', ( #6471 ) ) ;
#6372 = COLOUR_RGB ( '',0.6941176470588235059, 0.7529411764705882248, 0.8392156862745098200 ) ;
#6373 =( BOUNDED_SURFACE ( )  B_SPLINE_SURFACE ( 3, 3, ( 
 ( #3772, #2633, #1555, #5849 ),
 ( #3803, #2667, #2725, #3283 ),
 ( #2698, #1594, #2075, #3240 ),
 ( #4863, #5398, #6457, #4785 ) ),
 .UNSPECIFIED., .F., .F., .F. ) 
 B_SPLINE_SURFACE_WITH_KNOTS ( ( 4, 4 ),
 ( 4, 4 ),
 ( 0.000000000000000000, 1.000000000000000000 ),
 ( 0.000000000000000000, 1.000000000000000000 ),
 .UNSPECIFIED. ) 
 GEOMETRIC_REPRESENTATION_ITEM ( )  RATIONAL_B_SPLINE_SURFACE ( (
 ( 1.000000000000000000, 0.3333333333333334259, 0.3333333333333334259, 1.000000000000000000),
 ( 0.8047378541243622729, 0.2682459513747875168, 0.2682459513747875168, 0.8047378541243622729),
 ( 0.8047378541243622729, 0.2682459513747875168, 0.2682459513747875168, 0.8047378541243622729),
 ( 1.000000000000000000, 0.3333333333333334259, 0.3333333333333334259, 1.000000000000000000) ) ) 
 REPRESENTATION_ITEM ( '' )  SURFACE ( )  );
#6374 =( NAMED_UNIT ( * ) SI_UNIT ( $, .STERADIAN. ) SOLID_ANGLE_UNIT ( ) );
#6375 = EDGE_CURVE ( 'NONE', #1750, #5857, #3938, .T. ) ;
#6376 = AXIS2_PLACEMENT_3D ( 'NONE', #2176, #6426, #5985 ) ;
#6377 = CARTESIAN_POINT ( 'NONE',  ( 7.600202562768309633, 14.30556376187087153, 28.61112752374176793 ) ) ;
#6378 = CARTESIAN_POINT ( 'NONE',  ( 8.699999999999999289, -15.69999999999999929, 2.884011462411910892E-15 ) ) ;
#6379 = CARTESIAN_POINT ( 'NONE',  ( 0.8700000000000009948, -14.34999999999999964, 2.636023215644007899E-15 ) ) ;
#6380 = MECHANICAL_DESIGN_GEOMETRIC_PRESENTATION_REPRESENTATION (  '', ( #2441 ), #5720 ) ;
#6381 =( GEOMETRIC_REPRESENTATION_CONTEXT ( 3 ) GLOBAL_UNCERTAINTY_ASSIGNED_CONTEXT ( ( #5329 ) ) GLOBAL_UNIT_ASSIGNED_CONTEXT ( ( #3991, #5438, #4386 ) ) REPRESENTATION_CONTEXT ( 'NONE', 'WORKASPACE' ) );
#6382 = CARTESIAN_POINT ( 'NONE',  ( 8.480000000000003979, 4.688296134656152248, -9.434971204521316324 ) ) ;
#6383 = CARTESIAN_POINT ( 'NONE',  ( 9.000000000000001776, -4.655134520883101423, 6.261171556116519987 ) ) ;
#6384 = DIRECTION ( 'NONE',  ( 2.382861917550559050E-17, 6.123031769111889989E-17, 1.000000000000000000 ) ) ;
#6385 = AXIS2_PLACEMENT_3D ( 'NONE', #1647, #2165, #624 ) ;
#6386 =( LENGTH_UNIT ( ) NAMED_UNIT ( * ) SI_UNIT ( .MILLI., .METRE. ) );
#6387 =( NAMED_UNIT ( * ) PLANE_ANGLE_UNIT ( ) SI_UNIT ( $, .RADIAN. ) );
#6388 = CARTESIAN_POINT ( 'NONE',  ( 8.480000000000003979, 10.50306499220017997, 0.8023768771613196682 ) ) ;
#6389 = CARTESIAN_POINT ( 'NONE',  ( 8.480000000000002203, -5.461843338604821518, -9.003924689714324359 ) ) ;
#6390 = CIRCLE ( 'NONE', #6601, 13.65000000000000036 ) ;
#6391 = CARTESIAN_POINT ( 'NONE',  ( 7.779999999999998472, -13.52812398064534349, -3.654217838187304945 ) ) ;
#6392 = ADVANCED_FACE ( 'NONE', ( #2426 ), #703, .F. ) ;
#6393 = DIRECTION ( 'NONE',  ( 0.000000000000000000, 0.000000000000000000, -1.000000000000000000 ) ) ;
#6394 = VERTEX_POINT ( 'NONE', #3071 ) ;
#6395 = SURFACE_SIDE_STYLE ('',( #2761 ) ) ;
#6396 = CARTESIAN_POINT ( 'NONE',  ( 6.328534255899995742, 0.000000000000000000, 0.000000000000000000 ) ) ;
#6397 = SURFACE_STYLE_FILL_AREA ( #571 ) ;
#6398 = MECHANICAL_DESIGN_GEOMETRIC_PRESENTATION_REPRESENTATION (  '', ( #5408 ), #1698 ) ;
#6399 = EDGE_CURVE ( 'NONE', #1991, #3423, #6712, .T. ) ;
#6400 = DIRECTION ( 'NONE',  ( -1.000000000000000000, 0.000000000000000000, 0.000000000000000000 ) ) ;
#6401 = CARTESIAN_POINT ( 'NONE',  ( -0.000000000000000000, 7.072122350771584465, -3.294881561107714685 ) ) ;
#6402 = CARTESIAN_POINT ( 'NONE',  ( 5.645076863632790598, 3.791586994799376775, -10.47765600735424130 ) ) ;
#6403 = FILL_AREA_STYLE_COLOUR ( '', #2342 ) ;
#6404 = CARTESIAN_POINT ( 'NONE',  ( 0.3199999999999935674, 9.667920872251370312, -4.161873780648776666 ) ) ;
#6405 = CARTESIAN_POINT ( 'NONE',  ( 0.8700000000000009948, 14.34999999999999964, -8.786550588675562152E-16 ) ) ;
#6406 =( GEOMETRIC_REPRESENTATION_CONTEXT ( 3 ) GLOBAL_UNCERTAINTY_ASSIGNED_CONTEXT ( ( #803 ) ) GLOBAL_UNIT_ASSIGNED_CONTEXT ( ( #3585, #6142, #4015 ) ) REPRESENTATION_CONTEXT ( 'NONE', 'WORKASPACE' ) );
#6407 = CARTESIAN_POINT ( 'NONE',  ( 5.645076863632791486, -9.355855050800581552, 5.190855283913660578 ) ) ;
#6408 =( NAMED_UNIT ( * ) SI_UNIT ( $, .STERADIAN. ) SOLID_ANGLE_UNIT ( ) );
#6409 =( NAMED_UNIT ( * ) SI_UNIT ( $, .STERADIAN. ) SOLID_ANGLE_UNIT ( ) );
#6410 = CARTESIAN_POINT ( 'NONE',  ( 8.680000000000005045, 9.655181985509777576, -4.204740368897565084 ) ) ;
#6411 = EDGE_CURVE ( 'NONE', #737, #6546, #3136, .T. ) ;
#6412 = SURFACE_STYLE_FILL_AREA ( #6443 ) ;
#6413 = CARTESIAN_POINT ( 'NONE',  ( 8.480000000000003979, 5.609946153526886192, -8.905734099170636853 ) ) ;
#6414 = CARTESIAN_POINT ( 'NONE',  ( 0.2999999999999998224, -7.499999999999996447, 14.99999999999999822 ) ) ;
#6415 = CARTESIAN_POINT ( 'NONE',  ( 0.5200000000000000178, -8.448620297009213687, -6.281383935467013124 ) ) ;
#6416 = CARTESIAN_POINT ( 'NONE',  ( -0.000000000000000000, 5.895915327473553624, 5.134897921748315497 ) ) ;
#6417 = CARTESIAN_POINT ( 'NONE',  ( 0.2999999999999998224, -15.99999999999998934, 31.99999999999998579 ) ) ;
#6418 = UNCERTAINTY_MEASURE_WITH_UNIT (LENGTH_MEASURE( 1.000000000000000082E-05 ), #5605, 'distance_accuracy_value', 'NONE');
#6419 = DIRECTION ( 'NONE',  ( 0.000000000000000000, 1.000000000000000000, -6.123031769111887524E-17 ) ) ;
#6420 = CARTESIAN_POINT ( 'NONE',  ( 8.480000000000002203, 9.847626207423981981, 3.715076583185891845 ) ) ;
#6421 = CARTESIAN_POINT ( 'NONE',  ( 7.780000000000000249, -10.58263369001692311, -9.216303630476932796 ) ) ;
#6422 = CARTESIAN_POINT ( 'NONE',  ( 4.500000000000000888, 9.184850993605147944E-16, -7.500000000000000000 ) ) ;
#6423 =( NAMED_UNIT ( * ) SI_UNIT ( $, .STERADIAN. ) SOLID_ANGLE_UNIT ( ) );
#6424 = UNCERTAINTY_MEASURE_WITH_UNIT (LENGTH_MEASURE( 1.000000000000000082E-05 ), #2382, 'distance_accuracy_value', 'NONE');
#6425 = EDGE_LOOP ( 'NONE', ( #298, #204, #5282, #4603 ) ) ;
#6426 = DIRECTION ( 'NONE',  ( 0.000000000000000000, 6.123031769111889989E-17, 1.000000000000000000 ) ) ;
#6427 = ORIENTED_EDGE ( 'NONE', *, *, #674, .F. ) ;
#6428 = CARTESIAN_POINT ( 'NONE',  ( 7.580000000000000071, 2.523962382713700113E-15, -13.74026505108150076 ) ) ;
#6429 = FILL_AREA_STYLE ('',( #1091 ) ) ;
#6430 = CARTESIAN_POINT ( 'NONE',  ( 1.419999999999999929, 8.566121598063320204E-16, 13.99000025000000136 ) ) ;
#6431 = CARTESIAN_POINT ( 'NONE',  ( -0.000000000000000000, 6.871311153670067284, -3.707786986414700170 ) ) ;
#6432 = PRESENTATION_STYLE_ASSIGNMENT (( #1031 ) ) ;
#6433 = CARTESIAN_POINT ( 'NONE',  ( 5.734413933403809338, -13.88477053572696285, 2.550562890318200108E-15 ) ) ;
#6434 = CARTESIAN_POINT ( 'NONE',  ( 3.265586066596191994, 13.88477053572696285, -4.250956869665549527E-15 ) ) ;
#6435 = EDGE_CURVE ( 'NONE', #2392, #5687, #2489, .T. ) ;
#6436 = SURFACE_SIDE_STYLE ('',( #3212 ) ) ;
#6437 = CARTESIAN_POINT ( 'NONE',  ( 2.342441272541675890, 5.991190625636257927, 8.772572175156671648 ) ) ;
#6438 = DIRECTION ( 'NONE',  ( 0.4809226642724865330, 0.7311951188183606343, 0.4838048048596216844 ) ) ;
#6439 = COLOUR_RGB ( '',0.5098039215686274161, 0.5098039215686274161, 0.5490196078431373028 ) ;
#6440 = DIRECTION ( 'NONE',  ( 0.000000000000000000, 1.000000000000000000, -6.123031769111887524E-17 ) ) ;
#6441 = CARTESIAN_POINT ( 'NONE',  ( 0.000000000000000000, 15.69999999999998863, -31.39999999999999858 ) ) ;
#6442 = CARTESIAN_POINT ( 'NONE',  ( 8.680000000000005045, 9.992066394826418119, -3.314578863176680379 ) ) ;
#6443 = FILL_AREA_STYLE ('',( #3264 ) ) ;
#6444 = CARTESIAN_POINT ( 'NONE',  ( 8.480000000000003979, 2.250632742220701310, -10.28722710540639618 ) ) ;
#6445 = CARTESIAN_POINT ( 'NONE',  ( 0.5200000000000001288, -6.367264803176861498, -8.412001933579357882 ) ) ;
#6446 = CARTESIAN_POINT ( 'NONE',  ( -0.000000000000000000, 6.992223862018679625, 3.474390812563461495 ) ) ;
#6447 = DIRECTION ( 'NONE',  ( 1.000000000000000000, 0.000000000000000000, 0.000000000000000000 ) ) ;
#6448 = CARTESIAN_POINT ( 'NONE',  ( 8.699999999999999289, 9.184850993605149917E-16, -7.500000000000001776 ) ) ;
#6449 = CARTESIAN_POINT ( 'NONE',  ( 8.480000000000000426, -10.52496807951833802, 0.6434076856577845005 ) ) ;
#6450 = ORIENTED_EDGE ( 'NONE', *, *, #1437, .T. ) ;
#6451 = MECHANICAL_DESIGN_GEOMETRIC_PRESENTATION_REPRESENTATION (  '', ( #3664 ), #3879 ) ;
#6452 = EDGE_LOOP ( 'NONE', ( #4220, #4501 ) ) ;
#6453 = CARTESIAN_POINT ( 'NONE',  ( 7.780000000000002913, -0.8559557305872196320, -13.99996757527197921 ) ) ;
#6454 =( NAMED_UNIT ( * ) PLANE_ANGLE_UNIT ( ) SI_UNIT ( $, .RADIAN. ) );
#6455 = EDGE_CURVE ( 'NONE', #5426, #5657, #670, .T. ) ;
#6456 = EDGE_LOOP ( 'NONE', ( #3435, #2171, #4956, #2175, #1580 ) ) ;
#6457 = CARTESIAN_POINT ( 'NONE',  ( 0.6199999999999998845, 10.22500049999999483, -20.45000100000000387 ) ) ;
#6458 = ORIENTED_EDGE ( 'NONE', *, *, #6757, .T. ) ;
#6459 = AXIS2_PLACEMENT_3D ( 'NONE', #3007, #351, #2475 ) ;
#6460 = DIRECTION ( 'NONE',  ( 0.000000000000000000, 0.000000000000000000, 1.000000000000000000 ) ) ;
#6461 = CARTESIAN_POINT ( 'NONE',  ( 0.000000000000000000, 7.240715517517905653, -2.900517994467422866 ) ) ;
#6462 = SURFACE_SIDE_STYLE ('',( #4384 ) ) ;
#6463 = FACE_OUTER_BOUND ( 'NONE', #1246, .T. ) ;
#6464 = STYLED_ITEM ( 'NONE', ( #1637 ), #396 ) ;
#6465 = SURFACE_STYLE_FILL_AREA ( #4900 ) ;
#6466 =( GEOMETRIC_REPRESENTATION_CONTEXT ( 3 ) GLOBAL_UNCERTAINTY_ASSIGNED_CONTEXT ( ( #1850 ) ) GLOBAL_UNIT_ASSIGNED_CONTEXT ( ( #2629, #5428, #5460 ) ) REPRESENTATION_CONTEXT ( 'NONE', 'WORKASPACE' ) );
#6467 = CARTESIAN_POINT ( 'NONE',  ( 1.075025253169417327, -14.35000000000000497, -28.69999999999999218 ) ) ;
#6468 = COLOUR_RGB ( '',0.5098039215686274161, 0.5098039215686274161, 0.5490196078431373028 ) ;
#6469 = ADVANCED_FACE ( 'NONE', ( #5338 ), #6938, .T. ) ;
#6470 = CARTESIAN_POINT ( 'NONE',  ( 8.680000000000003268, 5.910751103027279463, -8.709016886550875469 ) ) ;
#6471 = STYLED_ITEM ( 'NONE', ( #199 ), #2059 ) ;
#6472 = AXIS2_PLACEMENT_3D ( 'NONE', #4977, #6539, #3827 ) ;
#6473 = CARTESIAN_POINT ( 'NONE',  ( 8.679999999999999716, -10.52500050000000265, -2.478505833127148046E-15 ) ) ;
#6474 = PRESENTATION_STYLE_ASSIGNMENT (( #5935 ) ) ;
#6475 = MECHANICAL_DESIGN_GEOMETRIC_PRESENTATION_REPRESENTATION (  '', ( #774 ), #2113 ) ;
#6476 = STYLED_ITEM ( 'NONE', ( #4514 ), #971 ) ;
#6477 = CARTESIAN_POINT ( 'NONE',  ( 9.000000000000003553, -7.405062971398949756, 2.456352732842238762 ) ) ;
#6478 = CARTESIAN_POINT ( 'NONE',  ( -0.000000000000000000, -7.578865972320150135, 1.851866240053651191 ) ) ;
#6479 = UNCERTAINTY_MEASURE_WITH_UNIT (LENGTH_MEASURE( 1.000000000000000082E-05 ), #1341, 'distance_accuracy_value', 'NONE');
#6480 = FILL_AREA_STYLE ('',( #6904 ) ) ;
#6481 = PRESENTATION_LAYER_ASSIGNMENT (  '', '', ( #1106 ) ) ;
#6482 = FILL_AREA_STYLE ('',( #5218 ) ) ;
#6483 = CARTESIAN_POINT ( 'NONE',  ( 8.480000000000000426, -1.894194247332067649, 10.35316839353898999 ) ) ;
#6484 = ORIENTED_EDGE ( 'NONE', *, *, #1741, .T. ) ;
#6485 = COLOUR_RGB ( '',0.5098039215686274161, 0.5098039215686274161, 0.5490196078431373028 ) ;
#6486 = CARTESIAN_POINT ( 'NONE',  ( 7.779999999999995808, -12.55003330688853325, -6.236303330803818490 ) ) ;
#6487 =( GEOMETRIC_REPRESENTATION_CONTEXT ( 3 ) GLOBAL_UNCERTAINTY_ASSIGNED_CONTEXT ( ( #1447 ) ) GLOBAL_UNIT_ASSIGNED_CONTEXT ( ( #3475, #6683, #4116 ) ) REPRESENTATION_CONTEXT ( 'NONE', 'WORKASPACE' ) );
#6488 = CARTESIAN_POINT ( 'NONE',  ( 2.116382888983430188, 0.000000000000000000, 13.43000050000000023 ) ) ;
#6489 = DIRECTION ( 'NONE',  ( 1.000000000000000000, 0.000000000000000000, 0.000000000000000000 ) ) ;
#6490 = CARTESIAN_POINT ( 'NONE',  ( 6.187234222033129782, -13.43000050000000023, 2.531408960431223752E-15 ) ) ;
#6491 = ORIENTED_EDGE ( 'NONE', *, *, #1035, .F. ) ;
#6492 = CARTESIAN_POINT ( 'NONE',  ( 1.219999999999999973, -13.77143574030781714, 2.519589708611980505 ) ) ;
#6493 = EDGE_CURVE ( 'NONE', #4237, #4119, #2013, .T. ) ;
#6494 = CARTESIAN_POINT ( 'NONE',  ( 0.5200000000000001288, -9.817197108054704913, 3.794741857845745692 ) ) ;
#6495 = CARTESIAN_POINT ( 'NONE',  ( 0.000000000000000000, 7.799999999999999822, -1.106159976983767270E-15 ) ) ;
#6496 = CARTESIAN_POINT ( 'NONE',  ( -0.000000000000000000, 7.467393119723902295, -2.278350730474268726 ) ) ;
#6497 = STYLED_ITEM ( 'NONE', ( #3668 ), #6206 ) ;
#6498 =( LENGTH_UNIT ( ) NAMED_UNIT ( * ) SI_UNIT ( .MILLI., .METRE. ) );
#6499 =( LENGTH_UNIT ( ) NAMED_UNIT ( * ) SI_UNIT ( .MILLI., .METRE. ) );
#6500 = CARTESIAN_POINT ( 'NONE',  ( 0.3199999999999924571, 7.699077894430677027, -7.185546829810114389 ) ) ;
#6501 = CARTESIAN_POINT ( 'NONE',  ( 1.075025253169417327, 14.35000000000000142, -4.393391372420459483E-15 ) ) ;
#6502 = SURFACE_SIDE_STYLE ('',( #6194 ) ) ;
#6503 = AXIS2_PLACEMENT_3D ( 'NONE', #1721, #2370, #140 ) ;
#6504 = CARTESIAN_POINT ( 'NONE',  ( 1.020000000000000018, 0.000000000000000000, 0.000000000000000000 ) ) ;
#6505 = SURFACE_STYLE_FILL_AREA ( #1281 ) ;
#6506 = CARTESIAN_POINT ( 'NONE',  ( 0.1700000000000049805, 13.65000000000000391, -4.179079598156048808E-15 ) ) ;
#6507 = STYLED_ITEM ( 'NONE', ( #2496 ), #3937 ) ;
#6508 = CARTESIAN_POINT ( 'NONE',  ( 9.000000000000001776, -4.047772120827207942, 6.672721099543048595 ) ) ;
#6509 = CARTESIAN_POINT ( 'NONE',  ( 7.780000000000001137, 11.93989026316012847, 7.311929425991523068 ) ) ;
#6510 = CARTESIAN_POINT ( 'NONE',  ( 5.442545997088830134, 12.41050538161101002, 2.102132231989690236 ) ) ;
#6511 = CARTESIAN_POINT ( 'NONE',  ( 9.067384687562173085, 13.73712324117466999, -27.47424648234931510 ) ) ;
#6512 = COLOUR_RGB ( '',0.6941176470588235059, 0.7529411764705882248, 0.8392156862745098200 ) ;
#6513 = PRESENTATION_STYLE_ASSIGNMENT (( #4948 ) ) ;
#6514 = VERTEX_POINT ( 'NONE', #1769 ) ;
#6515 = ADVANCED_FACE ( 'NONE', ( #155 ), #1201, .F. ) ;
#6516 = ORIENTED_EDGE ( 'NONE', *, *, #6053, .T. ) ;
#6517 = CARTESIAN_POINT ( 'NONE',  ( 7.780000000000027782, -13.58687198849534994, -5.302162969810089938E-47 ) ) ;
#6518 =( LENGTH_UNIT ( ) NAMED_UNIT ( * ) SI_UNIT ( .MILLI., .METRE. ) );
#6519 = CARTESIAN_POINT ( 'NONE',  ( 9.000000000000001776, 5.026611161203018874, -5.975042505108915769 ) ) ;
#6520 = CARTESIAN_POINT ( 'NONE',  ( 0.3199999999999958988, 9.992066394826933262, 3.314578863174622025 ) ) ;
#6521 = PRESENTATION_STYLE_ASSIGNMENT (( #3719 ) ) ;
#6522 = ORIENTED_EDGE ( 'NONE', *, *, #6866, .T. ) ;
#6523 = CARTESIAN_POINT ( 'NONE',  ( 1.219999999999999973, 2.494828217458873620, 13.77593960549770635 ) ) ;
#6524 = CARTESIAN_POINT ( 'NONE',  ( 0.5200000000000000178, -1.999022335140659523, 10.33343986787544999 ) ) ;
#6525 = CARTESIAN_POINT ( 'NONE',  ( 8.679999999999997939, -10.52500050000000975, 21.05000099999999819 ) ) ;
#6526 = CARTESIAN_POINT ( 'NONE',  ( 1.335732872049999909, 0.000000000000000000, 0.000000000000000000 ) ) ;
#6527 = DIRECTION ( 'NONE',  ( -1.000000000000000000, 0.000000000000000000, 0.000000000000000000 ) ) ;
#6528 = DIRECTION ( 'NONE',  ( 1.224606353822379970E-16, 1.000000000000000000, 0.000000000000000000 ) ) ;
#6529 = CARTESIAN_POINT ( 'NONE',  ( 1.219999999999999973, 13.52812398063890598, -3.654217838216345715 ) ) ;
#6530 = ORIENTED_EDGE ( 'NONE', *, *, #380, .F. ) ;
#6531 =( NAMED_UNIT ( * ) SI_UNIT ( $, .STERADIAN. ) SOLID_ANGLE_UNIT ( ) );
#6532 = FILL_AREA_STYLE_COLOUR ( '', #2541 ) ;
#6533 = ADVANCED_FACE ( 'NONE', ( #6669, #5570 ), #2810, .T. ) ;
#6534 =( LENGTH_UNIT ( ) NAMED_UNIT ( * ) SI_UNIT ( .MILLI., .METRE. ) );
#6535 = CARTESIAN_POINT ( 'NONE',  ( 8.679999999999999716, -9.271915096379677479, -5.003040405849107586 ) ) ;
#6536 = SURFACE_STYLE_FILL_AREA ( #28 ) ;
#6537 =( BOUNDED_SURFACE ( )  B_SPLINE_SURFACE ( 3, 3, ( 
 ( #6649, #6035, #249, #5082 ),
 ( #5520, #699, #1326, #3935 ),
 ( #730, #2293, #3402, #5012 ),
 ( #2331, #3471, #5584, #770 ) ),
 .UNSPECIFIED., .F., .F., .F. ) 
 B_SPLINE_SURFACE_WITH_KNOTS ( ( 4, 4 ),
 ( 4, 4 ),
 ( 0.000000000000000000, 1.000000000000000000 ),
 ( 0.000000000000000000, 1.000000000000000000 ),
 .UNSPECIFIED. ) 
 GEOMETRIC_REPRESENTATION_ITEM ( )  RATIONAL_B_SPLINE_SURFACE ( (
 ( 1.000000000000000000, 0.3333333333333339810, 0.3333333333333339810, 1.000000000000000000),
 ( 0.3333333333333337034, 0.1111111111111114519, 0.1111111111111114519, 0.3333333333333337034),
 ( 0.3333333333333337034, 0.1111111111111114519, 0.1111111111111114519, 0.3333333333333337034),
 ( 1.000000000000000000, 0.3333333333333339810, 0.3333333333333339810, 1.000000000000000000) ) ) 
 REPRESENTATION_ITEM ( '' )  SURFACE ( )  );
#6538 = CARTESIAN_POINT ( 'NONE',  ( 9.000000000000003553, 3.116061540439702071, 7.155404796190476979 ) ) ;
#6539 = DIRECTION ( 'NONE',  ( -1.000000000000000000, 1.224606353822379970E-16, 6.324939855608260769E-48 ) ) ;
#6540 = CARTESIAN_POINT ( 'NONE',  ( 9.000000000000003553, 7.626893541893406514, 1.636347767034892264 ) ) ;
#6541 = UNCERTAINTY_MEASURE_WITH_UNIT (LENGTH_MEASURE( 1.000000000000000082E-05 ), #3248, 'distance_accuracy_value', 'NONE');
#6542 = CIRCLE ( 'NONE', #4542, 10.22500050000000016 ) ;
#6543 = CARTESIAN_POINT ( 'NONE',  ( 4.500000000000000888, 9.046219211814230832, 7.590679204182150031 ) ) ;
#6544 = CARTESIAN_POINT ( 'NONE',  ( 8.480000000000000426, -10.34562986253568617, 1.934931853067220819 ) ) ;
#6545 = STYLED_ITEM ( 'NONE', ( #5709 ), #2836 ) ;
#6546 = VERTEX_POINT ( 'NONE', #2283 ) ;
#6547 = CARTESIAN_POINT ( 'NONE',  ( 7.580000000000000071, 0.000000000000000000, 0.000000000000000000 ) ) ;
#6548 = ADVANCED_FACE ( 'NONE', ( #2923 ), #1252, .F. ) ;
#6549 = CARTESIAN_POINT ( 'NONE',  ( 0.3199999999999955658, 10.35316839353887808, 1.894194247332311010 ) ) ;
#6550 = CIRCLE ( 'NONE', #2524, 10.22500050000000549 ) ;
#6551 =( NAMED_UNIT ( * ) PLANE_ANGLE_UNIT ( ) SI_UNIT ( $, .RADIAN. ) );
#6552 =( GEOMETRIC_REPRESENTATION_CONTEXT ( 3 ) GLOBAL_UNCERTAINTY_ASSIGNED_CONTEXT ( ( #4198 ) ) GLOBAL_UNIT_ASSIGNED_CONTEXT ( ( #93, #4393, #1711 ) ) REPRESENTATION_CONTEXT ( 'NONE', 'WORKASPACE' ) );
#6553 = ORIENTED_EDGE ( 'NONE', *, *, #3393, .F. ) ;
#6554 = ORIENTED_EDGE ( 'NONE', *, *, #1285, .T. ) ;
#6555 = CARTESIAN_POINT ( 'NONE',  ( 1.219999999999999751, -13.99996755534650461, 0.4282408571973666533 ) ) ;
#6556 = CARTESIAN_POINT ( 'NONE',  ( 0.5199999999999999067, -8.412001933574128287, 6.367264803183267041 ) ) ;
#6557 =( LENGTH_UNIT ( ) NAMED_UNIT ( * ) SI_UNIT ( .MILLI., .METRE. ) );
#6558 = FILL_AREA_STYLE ('',( #6598 ) ) ;
#6559 =( NAMED_UNIT ( * ) PLANE_ANGLE_UNIT ( ) SI_UNIT ( $, .RADIAN. ) );
#6560 = CYLINDRICAL_SURFACE ( 'NONE', #993, 7.500000000000000000 ) ;
#6561 = CARTESIAN_POINT ( 'NONE',  ( 4.500000000000000888, 14.13100000000000023, -4.326342403043450981E-15 ) ) ;
#6562 = DIRECTION ( 'NONE',  ( 1.664003254462008968E-16, 1.000000000000000000, 0.000000000000000000 ) ) ;
#6563 = SURFACE_STYLE_FILL_AREA ( #4544 ) ;
#6564 = CARTESIAN_POINT ( 'NONE',  ( 1.219999999999999751, 13.29108802668297251, -4.409013662142848844 ) ) ;
#6565 = VERTEX_POINT ( 'NONE', #296 ) ;
#6566 = CARTESIAN_POINT ( 'NONE',  ( 7.823769113068127723, 14.51483715649649220, -29.02967431299296663 ) ) ;
#6567 = CARTESIAN_POINT ( 'NONE',  ( 8.680000000000005045, -9.992066394825288356, 3.314578863177529922 ) ) ;
#6568 = CLOSED_SHELL ( 'NONE', ( #3005, #228 ) ) ;
#6569 = CARTESIAN_POINT ( 'NONE',  ( 8.699999999999999289, 7.500000000000001776, -4.684119303370596563E-16 ) ) ;
#6570 = CIRCLE ( 'NONE', #2414, 13.45000000000003126 ) ;
#6571 = CARTESIAN_POINT ( 'NONE',  ( 8.680000000000003268, -10.22663357711804721, -2.498755345902649250 ) ) ;
#6572 = PRESENTATION_LAYER_ASSIGNMENT (  '', '', ( #546 ) ) ;
#6573 =( LENGTH_UNIT ( ) NAMED_UNIT ( * ) SI_UNIT ( .MILLI., .METRE. ) );
#6574 = ADVANCED_FACE ( 'NONE', ( #4690 ), #2450, .T. ) ;
#6575 = CARTESIAN_POINT ( 'NONE',  ( 1.219999999999999973, -13.99999999999999467, 27.99999999999999289 ) ) ;
#6576 = CARTESIAN_POINT ( 'NONE',  ( 9.000000000000003553, -1.481484670292550376, 7.658078697199372620 ) ) ;
#6577 = CARTESIAN_POINT ( 'NONE',  ( 7.780000000000002913, 13.77593960549770813, 2.494828217458985087 ) ) ;
#6578 = VECTOR ( 'NONE', #2067, 1000.000000000000114 ) ;
#6579 = CARTESIAN_POINT ( 'NONE',  ( 8.329999999999985860, -13.45000000000002061, -26.90000000000005542 ) ) ;
#6580 = SURFACE_STYLE_USAGE ( .BOTH. , #6037 ) ;
#6581 = CARTESIAN_POINT ( 'NONE',  ( 8.480000000000003979, -3.794741857846570365, 9.817197108054472210 ) ) ;
#6582 = EDGE_LOOP ( 'NONE', ( #874, #2398 ) ) ;
#6583 =( GEOMETRIC_REPRESENTATION_CONTEXT ( 3 ) GLOBAL_UNCERTAINTY_ASSIGNED_CONTEXT ( ( #870 ) ) GLOBAL_UNIT_ASSIGNED_CONTEXT ( ( #3885, #3427, #3462 ) ) REPRESENTATION_CONTEXT ( 'NONE', 'WORKASPACE' ) );
#6584 =( BOUNDED_CURVE ( )  B_SPLINE_CURVE ( 3, ( #439, #5187, #6852, #5639 ),
 .UNSPECIFIED., .F., .F. ) 
 B_SPLINE_CURVE_WITH_KNOTS ( ( 4, 4 ),
 ( 0.5000000000000000000, 1.000000000000000000 ),
 .UNSPECIFIED. ) 
 CURVE ( )  GEOMETRIC_REPRESENTATION_ITEM ( )  RATIONAL_B_SPLINE_CURVE ( ( 1.000000000000000000, 0.3333333333333333703, 0.3333333333333333703, 1.000000000000000000 ) ) 
 REPRESENTATION_ITEM ( '' )  );
#6585 = ORIENTED_EDGE ( 'NONE', *, *, #6181, .F. ) ;
#6586 = DIRECTION ( 'NONE',  ( -0.8494487772132457426, 0.5252426102889918846, 0.05056654257241913197 ) ) ;
#6587 = DIRECTION ( 'NONE',  ( 0.000000000000000000, -1.000000000000000000, 1.836949976058533948E-16 ) ) ;
#6588 = DIRECTION ( 'NONE',  ( -1.000000000000000000, 0.000000000000000000, 0.000000000000000000 ) ) ;
#6589 = ORIENTED_EDGE ( 'NONE', *, *, #2001, .T. ) ;
#6590 = PRESENTATION_LAYER_ASSIGNMENT (  '', '', ( #5498 ) ) ;
#6591 = CARTESIAN_POINT ( 'NONE',  ( 0.3199999999999962319, 9.847626207425461686, 3.715076583180968672 ) ) ;
#6592 = CIRCLE ( 'NONE', #3583, 16.00000000000000000 ) ;
#6593 = CARTESIAN_POINT ( 'NONE',  ( 1.219999999999999973, -4.731336235742892526, 13.18411609112226301 ) ) ;
#6594 = AXIS2_PLACEMENT_3D ( 'NONE', #3434, #282, #5014 ) ;
#6595 = CARTESIAN_POINT ( 'NONE',  ( 0.5200000000000000178, 1.875603273690554573, 10.35654959605062331 ) ) ;
#6596 = ADVANCED_FACE ( 'NONE', ( #336, #2458 ), #4618, .T. ) ;
#6597 = CARTESIAN_POINT ( 'NONE',  ( 6.328534255899996630, 10.22500049999999483, -20.45000100000000032 ) ) ;
#6598 = FILL_AREA_STYLE_COLOUR ( '', #5193 ) ;
#6599 = FILL_AREA_STYLE ('',( #188 ) ) ;
#6600 = LINE ( 'NONE', #4028, #4150 ) ;
#6601 = AXIS2_PLACEMENT_3D ( 'NONE', #5472, #6119, #1768 ) ;
#6602 =( LENGTH_UNIT ( ) NAMED_UNIT ( * ) SI_UNIT ( .MILLI., .METRE. ) );
#6603 = ORIENTED_EDGE ( 'NONE', *, *, #3684, .F. ) ;
#6604 = CARTESIAN_POINT ( 'NONE',  ( 2.812765777966870218, 0.000000000000000000, 0.000000000000000000 ) ) ;
#6605 = SURFACE_STYLE_USAGE ( .BOTH. , #193 ) ;
#6606 = SURFACE_SIDE_STYLE ('',( #121 ) ) ;
#6607 = EDGE_CURVE ( 'NONE', #5857, #5294, #1342, .T. ) ;
#6608 = CARTESIAN_POINT ( 'NONE',  ( 1.219999999999999973, 13.77143574030787043, -2.519589708611665646 ) ) ;
#6609 = EDGE_LOOP ( 'NONE', ( #6703, #6585 ) ) ;
#6610 = PRESENTATION_LAYER_ASSIGNMENT (  '', '', ( #2020 ) ) ;
#6611 = CARTESIAN_POINT ( 'NONE',  ( 7.600202562768309633, 14.30556376187088397, 2.676221944676592247E-15 ) ) ;
#6612 = CARTESIAN_POINT ( 'NONE',  ( 8.680000000000008598, 1.776543663426560338, 10.37411989833974069 ) ) ;
#6613 = UNCERTAINTY_MEASURE_WITH_UNIT (LENGTH_MEASURE( 1.000000000000000082E-05 ), #6005, 'distance_accuracy_value', 'NONE');
#6614 = DIRECTION ( 'NONE',  ( 0.000000000000000000, 6.123031769111889989E-17, 1.000000000000000000 ) ) ;
#6615 = DIRECTION ( 'NONE',  ( -1.000000000000000000, 0.000000000000000000, 0.000000000000000000 ) ) ;
#6616 = CARTESIAN_POINT ( 'NONE',  ( 8.680000000000001492, -10.46639770868331709, -1.282500883293081317 ) ) ;
#6617 = CIRCLE ( 'NONE', #471, 2.381000000000001116 ) ;
#6618 = CARTESIAN_POINT ( 'NONE',  ( 3.557454002911175639, 11.20749561838899133, -2.102132231989689792 ) ) ;
#6619 = CARTESIAN_POINT ( 'NONE',  ( 9.000000000000000000, -2.932350761662623206, 7.227888670044449348 ) ) ;
#6620 = DIRECTION ( 'NONE',  ( 0.000000000000000000, 1.000000000000000000, -6.123031769111889989E-17 ) ) ;
#6621 = UNCERTAINTY_MEASURE_WITH_UNIT (LENGTH_MEASURE( 1.000000000000000082E-05 ), #5435, 'distance_accuracy_value', 'NONE');
#6622 = CARTESIAN_POINT ( 'NONE',  ( 8.130000000000004334, 14.51483715649648687, 2.666244270981415278E-15 ) ) ;
#6623 = MECHANICAL_DESIGN_GEOMETRIC_PRESENTATION_REPRESENTATION (  '', ( #2695 ), #3281 ) ;
#6624 = ORIENTED_EDGE ( 'NONE', *, *, #761, .F. ) ;
#6625 = ORIENTED_EDGE ( 'NONE', *, *, #4332, .F. ) ;
#6626 = CARTESIAN_POINT ( 'NONE',  ( 2.671465744100002038, -10.22500050000000016, 20.45000100000001098 ) ) ;
#6627 = DIRECTION ( 'NONE',  ( 0.000000000000000000, 0.000000000000000000, 1.000000000000000000 ) ) ;
#6628 = CARTESIAN_POINT ( 'NONE',  ( 9.000000000000001776, 5.895915327478705059, -5.134897921743595717 ) ) ;
#6629 = COLOUR_RGB ( '',0.5098039215686274161, 0.5098039215686274161, 0.5490196078431373028 ) ;
#6630 = PRESENTATION_STYLE_ASSIGNMENT (( #815 ) ) ;
#6631 = EDGE_CURVE ( 'NONE', #3437, #4261, #6166, .T. ) ;
#6632 = CARTESIAN_POINT ( 'NONE',  ( 8.875735931288065927, 16.00000000000000000, 31.99999999999998579 ) ) ;
#6633 = CARTESIAN_POINT ( 'NONE',  ( 1.219999999999999751, -13.03785071452967337, 5.100511783392162712 ) ) ;
#6634 = CARTESIAN_POINT ( 'NONE',  ( 0.5200000000000001288, 5.230990780497978498, 9.136145673650169385 ) ) ;
#6635 = CARTESIAN_POINT ( 'NONE',  ( 2.671465744100001594, 10.22500050000000549, -3.130482855727868761E-15 ) ) ;
#6636 = CARTESIAN_POINT ( 'NONE',  ( 8.380000000000000782, -10.22500050000000371, -3.130441500381061004E-15 ) ) ;
#6637 = CARTESIAN_POINT ( 'NONE',  ( 6.679101779290603780, -7.283023136539640952, -7.047602276465808835 ) ) ;
#6638 = CARTESIAN_POINT ( 'NONE',  ( 8.830000000000003624, 13.64999999999999858, 5.850667271123597236E-15 ) ) ;
#6639 = CARTESIAN_POINT ( 'NONE',  ( 1.220000000000000195, 2.659018621144912498, -13.74519637332313415 ) ) ;
#6640 = ORIENTED_EDGE ( 'NONE', *, *, #2185, .T. ) ;
#6641 = SURFACE_STYLE_USAGE ( .BOTH. , #5002 ) ;
#6642 = CARTESIAN_POINT ( 'NONE',  ( 8.680000000000005045, -9.802377377084299681, 3.832879081347527084 ) ) ;
#6643 =( NAMED_UNIT ( * ) PLANE_ANGLE_UNIT ( ) SI_UNIT ( $, .RADIAN. ) );
#6644 = EDGE_CURVE ( 'NONE', #2392, #348, #3256, .T. ) ;
#6645 = CARTESIAN_POINT ( 'NONE',  ( 8.679999999999999716, 3.913847515211785311, -9.770322806959855555 ) ) ;
#6646 = FILL_AREA_STYLE_COLOUR ( '', #961 ) ;
#6647 = FILL_AREA_STYLE_COLOUR ( '', #3795 ) ;
#6648 = CARTESIAN_POINT ( 'NONE',  ( 0.8700000000000008837, 14.35000000000000320, 28.69999999999999574 ) ) ;
#6649 = CARTESIAN_POINT ( 'NONE',  ( 5.645076863632788822, 10.78719478972074874, -6.438739963811390687 ) ) ;
#6650 = DIRECTION ( 'NONE',  ( 0.000000000000000000, 1.000000000000000000, -6.123031769111889989E-17 ) ) ;
#6651 = ORIENTED_EDGE ( 'NONE', *, *, #5069, .F. ) ;
#6652 = CIRCLE ( 'NONE', #2068, 13.65000000000000036 ) ;
#6653 = ORIENTED_EDGE ( 'NONE', *, *, #6098, .T. ) ;
#6654 = DIRECTION ( 'NONE',  ( 1.000000000000000000, 2.454154020880572194E-78, 2.609912977456326414E-47 ) ) ;
#6655 = CARTESIAN_POINT ( 'NONE',  ( 8.329999999999987637, -9.184547653667667967E-17, 0.000000000000000000 ) ) ;
#6656 = ORIENTED_EDGE ( 'NONE', *, *, #3200, .T. ) ;
#6657 = SURFACE_SIDE_STYLE ('',( #221 ) ) ;
#6658 =( LENGTH_UNIT ( ) NAMED_UNIT ( * ) SI_UNIT ( .MILLI., .METRE. ) );
#6659 = CARTESIAN_POINT ( 'NONE',  ( 1.220000000000000417, 7.610394298994743956, 11.75097785206630263 ) ) ;
#6660 = MECHANICAL_DESIGN_GEOMETRIC_PRESENTATION_REPRESENTATION (  '', ( #5105 ), #3204 ) ;
#6661 = PRESENTATION_STYLE_ASSIGNMENT (( #4961 ) ) ;
#6662 = ADVANCED_FACE ( 'NONE', ( #4240 ), #2232, .F. ) ;
#6663 = CARTESIAN_POINT ( 'NONE',  ( 0.3199999999999979527, 10.34926456871193068, -6.429849245474831042E-16 ) ) ;
#6664 = VECTOR ( 'NONE', #5315, 1000.000000000000000 ) ;
#6665 = SURFACE_STYLE_USAGE ( .BOTH. , #683 ) ;
#6666 = CARTESIAN_POINT ( 'NONE',  ( 1.399797437231674380, 14.30556376187090173, 28.61112752374178925 ) ) ;
#6667 = VERTEX_POINT ( 'NONE', #3053 ) ;
#6668 = DIRECTION ( 'NONE',  ( 0.000000000000000000, 1.000000000000000000, -6.123031769111889989E-17 ) ) ;
#6669 = FACE_BOUND ( 'NONE', #2531, .T. ) ;
#6670 = CARTESIAN_POINT ( 'NONE',  ( 1.220000000000000195, 13.68370583821868003, -2.993771136303913227 ) ) ;
#6671 = CARTESIAN_POINT ( 'NONE',  ( 7.823769113068124170, -14.51483715649647621, -29.02967431299297374 ) ) ;
#6672 = CARTESIAN_POINT ( 'NONE',  ( 8.680000000000006821, 2.250632742215807003, 10.28722710540844965 ) ) ;
#6673 = CARTESIAN_POINT ( 'NONE',  ( 0.8699999999999992184, -13.64999999999999325, 27.29999999999999716 ) ) ;
#6674 =( LENGTH_UNIT ( ) NAMED_UNIT ( * ) SI_UNIT ( .MILLI., .METRE. ) );
#6675 = CARTESIAN_POINT ( 'NONE',  ( 8.679999999999997939, -1.894194247331872472, -10.35316839353902907 ) ) ;
#6676 = FACE_OUTER_BOUND ( 'NONE', #4335, .T. ) ;
#6677 = AXIS2_PLACEMENT_3D ( 'NONE', #6789, #57, #2131 ) ;
#6678 = EDGE_CURVE ( 'NONE', #3756, #2469, #3086, .T. ) ;
#6679 = CARTESIAN_POINT ( 'NONE',  ( 5.442545997088830134, 12.41050538161101180, 2.102132231989687572 ) ) ;
#6680 = STYLED_ITEM ( 'NONE', ( #2965 ), #5026 ) ;
#6681 = PRESENTATION_STYLE_ASSIGNMENT (( #4555 ) ) ;
#6682 = UNCERTAINTY_MEASURE_WITH_UNIT (LENGTH_MEASURE( 1.000000000000000082E-05 ), #4726, 'distance_accuracy_value', 'NONE');
#6683 =( NAMED_UNIT ( * ) PLANE_ANGLE_UNIT ( ) SI_UNIT ( $, .RADIAN. ) );
#6684 =( GEOMETRIC_REPRESENTATION_CONTEXT ( 3 ) GLOBAL_UNCERTAINTY_ASSIGNED_CONTEXT ( ( #1507 ) ) GLOBAL_UNIT_ASSIGNED_CONTEXT ( ( #4254, #5758, #6374 ) ) REPRESENTATION_CONTEXT ( 'NONE', 'WORKASPACE' ) );
#6685 = ORIENTED_EDGE ( 'NONE', *, *, #5135, .T. ) ;
#6686 = AXIS2_PLACEMENT_3D ( 'NONE', #890, #4614, #1405 ) ;
#6687 = ORIENTED_EDGE ( 'NONE', *, *, #3834, .F. ) ;
#6688 = CIRCLE ( 'NONE', #4465, 10.42500049999999945 ) ;
#6689 = CARTESIAN_POINT ( 'NONE',  ( 6.328534255899996630, 10.22500050000000194, -6.260800290068495646E-16 ) ) ;
#6690 = COLOUR_RGB ( '',0.2235294117647058654, 0.4901960784313725283, 0.6901960784313725394 ) ;
#6691 = CARTESIAN_POINT ( 'NONE',  ( 0.5200000000000001288, 3.074210346776023339, -10.07622410128311508 ) ) ;
#6692 = CARTESIAN_POINT ( 'NONE',  ( 9.000000000000003553, -6.871311153668933080, -3.707786986415810837 ) ) ;
#6693 = EDGE_LOOP ( 'NONE', ( #5764, #4400, #5464, #284, #5424, #3797 ) ) ;
#6694 = CARTESIAN_POINT ( 'NONE',  ( 0.3199999999999985634, 0.6435880793204792338, 10.52506535914106323 ) ) ;
#6695 = CARTESIAN_POINT ( 'NONE',  ( 8.999999999999996447, -15.87573593128806948, 2.916293273889136038E-15 ) ) ;
#6696 = CARTESIAN_POINT ( 'NONE',  ( 1.220000000000000195, 13.68932566461936595, 2.936932121171626608 ) ) ;
#6697 = PRESENTATION_LAYER_ASSIGNMENT (  '', '', ( #4262 ) ) ;
#6698 = CARTESIAN_POINT ( 'NONE',  ( 4.772466733280669615, -3.092977555072540685, 10.28235385631395182 ) ) ;
#6699 = STYLED_ITEM ( 'NONE', ( #2998 ), #5217 ) ;
#6700 = DIRECTION ( 'NONE',  ( 0.000000000000000000, -1.000000000000000000, -3.061556329880913918E-16 ) ) ;
#6701 = SURFACE_SIDE_STYLE ('',( #4573 ) ) ;
#6702 = PRESENTATION_STYLE_ASSIGNMENT (( #1449 ) ) ;
#6703 = ORIENTED_EDGE ( 'NONE', *, *, #2861, .F. ) ;
#6704 = CARTESIAN_POINT ( 'NONE',  ( -3.629156023907926798, 2.354878805358190164, 10.45339939726600065 ) ) ;
#6705 = EDGE_CURVE ( 'NONE', #5391, #737, #2517, .T. ) ;
#6706 = PRESENTATION_LAYER_ASSIGNMENT (  '', '', ( #5834 ) ) ;
#6707 = SURFACE_STYLE_FILL_AREA ( #3063 ) ;
#6708 = FILL_AREA_STYLE ('',( #4581 ) ) ;
#6709 = CARTESIAN_POINT ( 'NONE',  ( 1.219999999999999973, -11.58415651653037592, -7.862013529838130843 ) ) ;
#6710 = ORIENTED_EDGE ( 'NONE', *, *, #1741, .F. ) ;
#6711 = CARTESIAN_POINT ( 'NONE',  ( 8.680000000000006821, 9.753023726624380885, 3.956780790857465480 ) ) ;
#6712 = CIRCLE ( 'NONE', #5046, 10.42500049999999945 ) ;
#6713 = AXIS2_PLACEMENT_3D ( 'NONE', #172, #1891, #6650 ) ;
#6714 = CARTESIAN_POINT ( 'NONE',  ( -0.000000000000000000, -7.072122350769541654, 3.294881561111842938 ) ) ;
#6715 = CARTESIAN_POINT ( 'NONE',  ( 0.1700000000000067291, -14.34999999999999787, 2.658552832538047612E-15 ) ) ;
#6716 = CARTESIAN_POINT ( 'NONE',  ( 3.354923136367210290, -12.83780620661361560, 2.886976803172141004 ) ) ;
#6717 = PRESENTATION_STYLE_ASSIGNMENT (( #965 ) ) ;
#6718 = CARTESIAN_POINT ( 'NONE',  ( 0.3199999999999921241, -6.782617995818982948, -8.062546764662974041 ) ) ;
#6719 = COLOUR_RGB ( '',0.5098039215686274161, 0.5098039215686274161, 0.5490196078431373028 ) ;
#6720 = CARTESIAN_POINT ( 'NONE',  ( 8.329999999999989413, 13.45000000000002949, 1.659396412844665320E-15 ) ) ;
#6721 =( NAMED_UNIT ( * ) SI_UNIT ( $, .STERADIAN. ) SOLID_ANGLE_UNIT ( ) );
#6722 = CARTESIAN_POINT ( 'NONE',  ( 6.328534255899995742, 0.000000000000000000, 10.22500050000000016 ) ) ;
#6723 = SURFACE_SIDE_STYLE ('',( #5649 ) ) ;
#6724 = FACE_OUTER_BOUND ( 'NONE', #1982, .T. ) ;
#6725 = ORIENTED_EDGE ( 'NONE', *, *, #6354, .T. ) ;
#6726 = ORIENTED_EDGE ( 'NONE', *, *, #4416, .T. ) ;
#6727 = CARTESIAN_POINT ( 'NONE',  ( 5.301646264950131027, -8.993721494056613253, 17.98744298811323006 ) ) ;
#6728 = CARTESIAN_POINT ( 'NONE',  ( 0.5200000000000001288, -0.3217038428250435511, -10.52501671024083230 ) ) ;
#6729 = CARTESIAN_POINT ( 'NONE',  ( 9.000000000000000000, -2.753195702542628798, -7.298008715865158536 ) ) ;
#6730 = ORIENTED_EDGE ( 'NONE', *, *, #735, .T. ) ;
#6731 = CARTESIAN_POINT ( 'NONE',  ( 8.130000000000002558, 14.35000000000000675, -28.69999999999999218 ) ) ;
#6732 = CARTESIAN_POINT ( 'NONE',  ( 0.3199999999999978972, -5.609946153525238621, 8.905734099171775497 ) ) ;
#6733 = CIRCLE ( 'NONE', #2803, 13.65000000000000036 ) ;
#6734 = CARTESIAN_POINT ( 'NONE',  ( 0.5200000000000000178, -10.52500050000000265, 1.834056708812961423E-15 ) ) ;
#6735 = EDGE_CURVE ( 'NONE', #3993, #3541, #557, .T. ) ;
#6736 = CARTESIAN_POINT ( 'NONE',  ( 1.219999999999999751, 11.23811823502229501, 8.355224251636006016 ) ) ;
#6737 = AXIS2_PLACEMENT_3D ( 'NONE', #6159, #6057, #5575 ) ;
#6738 = CARTESIAN_POINT ( 'NONE',  ( 3.354923136367208514, -7.645475827906517807, 9.074955185932337187 ) ) ;
#6739 = FILL_AREA_STYLE_COLOUR ( '', #4693 ) ;
#6740 = CARTESIAN_POINT ( 'NONE',  ( 7.580000000000030269, 13.48053010216304948, 1.650888804042352156E-15 ) ) ;
#6741 = CARTESIAN_POINT ( 'NONE',  ( 5.141764753776215002, -14.13099999999999667, 2.618375423078985049E-15 ) ) ;
#6742 = ORIENTED_EDGE ( 'NONE', *, *, #949, .T. ) ;
#6743 = MECHANICAL_DESIGN_GEOMETRIC_PRESENTATION_REPRESENTATION (  '', ( #2814 ), #5753 ) ;
#6744 = CARTESIAN_POINT ( 'NONE',  ( 0.5200000000000000178, -10.52500050000000265, 1.933389941649114962E-15 ) ) ;
#6745 = CARTESIAN_POINT ( 'NONE',  ( 1.220000000000000195, -12.85996201843146025, -5.535944386296778319 ) ) ;
#6746 = ORIENTED_EDGE ( 'NONE', *, *, #380, .T. ) ;
#6747 = CARTESIAN_POINT ( 'NONE',  ( 0.6700000000000119194, 13.45000000000002061, -26.90000000000005542 ) ) ;
#6748 = CARTESIAN_POINT ( 'NONE',  ( -0.000000000000000000, -7.537135264590639316, -2.035791052248550059 ) ) ;
#6749 = CARTESIAN_POINT ( 'NONE',  ( 7.780000000000002025, 5.208287949178329157, 12.99517521805100628 ) ) ;
#6750 =( NAMED_UNIT ( * ) SI_UNIT ( $, .STERADIAN. ) SOLID_ANGLE_UNIT ( ) );
#6751 = CARTESIAN_POINT ( 'NONE',  ( 4.500000000000000888, -14.13100000000000556, -28.26199999999998980 ) ) ;
#6752 = CARTESIAN_POINT ( 'NONE',  ( 0.3199999999999914579, -2.498755345903895364, -10.22663357711812893 ) ) ;
#6753 = DIRECTION ( 'NONE',  ( -1.000000000000000000, 1.224606353822379970E-16, 6.324939855608260769E-48 ) ) ;
#6754 = SURFACE_STYLE_USAGE ( .BOTH. , #4005 ) ;
#6755 = VERTEX_POINT ( 'NONE', #6765 ) ;
#6756 = SURFACE_STYLE_USAGE ( .BOTH. , #5683 ) ;
#6757 = EDGE_CURVE ( 'NONE', #1294, #2273, #233, .T. ) ;
#6758 = UNCERTAINTY_MEASURE_WITH_UNIT (LENGTH_MEASURE( 1.000000000000000082E-05 ), #5715, 'distance_accuracy_value', 'NONE');
#6759 = FILL_AREA_STYLE ('',( #5729 ) ) ;
#6760 = ORIENTED_EDGE ( 'NONE', *, *, #2938, .T. ) ;
#6761 = CARTESIAN_POINT ( 'NONE',  ( 0.5199999999999999067, 6.928741887766356911, 7.955804017002885864 ) ) ;
#6762 = ORIENTED_EDGE ( 'NONE', *, *, #1123, .T. ) ;
#6763 = DIRECTION ( 'NONE',  ( 0.8821527464498745141, 0.1625106504085085113, -0.4420371256294513551 ) ) ;
#6764 = CARTESIAN_POINT ( 'NONE',  ( 9.000000000000001776, -2.840523383850438677, -7.264466742299010349 ) ) ;
#6765 = CARTESIAN_POINT ( 'NONE',  ( 7.580000000000000071, 0.000000000000000000, 14.55000000000000071 ) ) ;
#6766 = CARTESIAN_POINT ( 'NONE',  ( 0.3199999999999981748, -3.794741857845941091, 9.817197108054713794 ) ) ;
#6767 = DIRECTION ( 'NONE',  ( 0.000000000000000000, 1.000000000000000000, -6.123031769111891221E-17 ) ) ;
#6768 = CARTESIAN_POINT ( 'NONE',  ( 1.220000000000000195, 7.561731025761450731, 11.78234726370574847 ) ) ;
#6769 = DIRECTION ( 'NONE',  ( -1.000000000000000000, 1.595955527370170130E-16, 4.075318472549437196E-32 ) ) ;
#6770 = EDGE_CURVE ( 'NONE', #2957, #2971, #3478, .T. ) ;
#6771 =( LENGTH_UNIT ( ) NAMED_UNIT ( * ) SI_UNIT ( .MILLI., .METRE. ) );
#6772 = UNCERTAINTY_MEASURE_WITH_UNIT (LENGTH_MEASURE( 1.000000000000000082E-05 ), #49, 'distance_accuracy_value', 'NONE');
#6773 = CARTESIAN_POINT ( 'NONE',  ( 8.999999999999998224, -7.799999999999999822, 1.432820981325662903E-15 ) ) ;
#6774 = CARTESIAN_POINT ( 'NONE',  ( 0.8699999999999999956, 14.51483715649648687, -9.051239636137864799E-16 ) ) ;
#6775 = STYLED_ITEM ( 'NONE', ( #1255 ), #2662 ) ;
#6776 = CARTESIAN_POINT ( 'NONE',  ( 4.772466733280672280, 3.902630239848821958, 6.243437812771110096 ) ) ;
#6777 = CARTESIAN_POINT ( 'NONE',  ( 0.5614213562373088218, 10.42500050000000122, -3.191714791231984857E-15 ) ) ;
#6778 = CYLINDRICAL_SURFACE ( 'NONE', #2935, 13.43000050000000023 ) ;
#6779 = ORIENTED_EDGE ( 'NONE', *, *, #353, .F. ) ;
#6780 = SURFACE_STYLE_USAGE ( .BOTH. , #4657 ) ;
#6781 = CARTESIAN_POINT ( 'NONE',  ( 8.680000000000001492, 10.52496807951938962, 0.6434076856559158841 ) ) ;
#6782 = CARTESIAN_POINT ( 'NONE',  ( 7.780000000000000249, -7.561731025759244496, 11.78234726370699725 ) ) ;
#6783 = CARTESIAN_POINT ( 'NONE',  ( 0.8199999999999999512, 1.276694349343455770E-15, -10.42500049999999945 ) ) ;
#6784 = CARTESIAN_POINT ( 'NONE',  ( 4.500000000000000888, -14.13100000000000023, 2.595794011168326262E-15 ) ) ;
#6785 = CIRCLE ( 'NONE', #4672, 2.380999999999999783 ) ;
#6786 = CARTESIAN_POINT ( 'NONE',  ( 0.3199999999999940115, -10.17027191870365499, -2.747115858730164728 ) ) ;
#6787 = DIRECTION ( 'NONE',  ( 1.289757231209518945E-16, 1.000000000000000000, 1.836909530733570325E-16 ) ) ;
#6788 = CARTESIAN_POINT ( 'NONE',  ( 8.438578643762692622, 10.42500049999999945, 4.468366976322134253E-15 ) ) ;
#6789 = CARTESIAN_POINT ( 'NONE',  ( 0.8699999999999992184, 0.000000000000000000, 0.000000000000000000 ) ) ;
#6790 = ADVANCED_FACE ( 'NONE', ( #4231 ), #3182, .T. ) ;
#6791 = CLOSED_SHELL ( 'NONE', ( #6076, #4276 ) ) ;
#6792 = CARTESIAN_POINT ( 'NONE',  ( 8.480000000000005755, 9.542869178944426878, -4.445906607411551192 ) ) ;
#6793 = FILL_AREA_STYLE_COLOUR ( '', #3090 ) ;
#6794 = EDGE_LOOP ( 'NONE', ( #3003, #3012 ) ) ;
#6795 = STYLED_ITEM ( 'NONE', ( #2264 ), #4793 ) ;
#6796 = CARTESIAN_POINT ( 'NONE',  ( 5.301646264950129250, -8.993721494056615029, 1.652101648318449760E-15 ) ) ;
#6797 = CARTESIAN_POINT ( 'NONE',  ( 0.5200000000000000178, -0.8023768771462450600, -10.50306499220109835 ) ) ;
#6798 = CARTESIAN_POINT ( 'NONE',  ( 9.000000000000003553, -4.045573323182357406, -6.669181246080904124 ) ) ;
#6799 = COLOUR_RGB ( '',0.5098039215686274161, 0.5098039215686274161, 0.5490196078431373028 ) ;
#6800 =( BOUNDED_SURFACE ( )  B_SPLINE_SURFACE ( 3, 3, ( 
 ( #3519, #3601, #5065, #5182 ),
 ( #332, #6666, #894, #2493 ),
 ( #2921, #2528, #4576, #371 ),
 ( #6774, #4129, #6257, #1907 ) ),
 .UNSPECIFIED., .F., .F., .T. ) 
 B_SPLINE_SURFACE_WITH_KNOTS ( ( 4, 4 ),
 ( 4, 4 ),
 ( 0.000000000000000000, 1.000000000000000000 ),
 ( 0.000000000000000000, 1.000000000000000000 ),
 .UNSPECIFIED. ) 
 GEOMETRIC_REPRESENTATION_ITEM ( )  RATIONAL_B_SPLINE_SURFACE ( (
 ( 1.000000000000000000, 0.3333333333333334259, 0.3333333333333334259, 1.000000000000000000),
 ( 0.8200391923007988026, 0.2733463974335996749, 0.2733463974335996749, 0.8200391923007988026),
 ( 0.8200391923007988026, 0.2733463974335996749, 0.2733463974335996749, 0.8200391923007988026),
 ( 1.000000000000000000, 0.3333333333333334259, 0.3333333333333334259, 1.000000000000000000) ) ) 
 REPRESENTATION_ITEM ( '' )  SURFACE ( )  );
#6801 = CARTESIAN_POINT ( 'NONE',  ( 0.3199999999999983413, -2.250632742213367621, 10.28722710540830221 ) ) ;
#6802 = CARTESIAN_POINT ( 'NONE',  ( 2.320898220709407322, -1.763196075274604757, -8.620909014802094816 ) ) ;
#6803 = AXIS2_PLACEMENT_3D ( 'NONE', #2366, #835, #5201 ) ;
#6804 = CARTESIAN_POINT ( 'NONE',  ( 9.000000000000000000, 7.799999999999999822, -1.106159976983767270E-15 ) ) ;
#6805 = CARTESIAN_POINT ( 'NONE',  ( 3.354923136367209846, -7.645475827906517807, 9.074955185932340740 ) ) ;
#6806 =( GEOMETRIC_REPRESENTATION_CONTEXT ( 3 ) GLOBAL_UNCERTAINTY_ASSIGNED_CONTEXT ( ( #954 ) ) GLOBAL_UNIT_ASSIGNED_CONTEXT ( ( #6237, #5722, #5113 ) ) REPRESENTATION_CONTEXT ( 'NONE', 'WORKASPACE' ) );
#6807 = CARTESIAN_POINT ( 'NONE',  ( 1.219999999999971774, 0.000000000000000000, 0.000000000000000000 ) ) ;
#6808 = DIRECTION ( 'NONE',  ( 0.000000000000000000, 0.000000000000000000, -1.000000000000000000 ) ) ;
#6809 = CIRCLE ( 'NONE', #5824, 14.00000000000001243 ) ;
#6810 = SURFACE_SIDE_STYLE ('',( #2011 ) ) ;
#6811 = STYLED_ITEM ( 'NONE', ( #2107 ), #617 ) ;
#6812 = CARTESIAN_POINT ( 'NONE',  ( 3.354923136367212955, -7.645475827906524025, 9.074955185932335411 ) ) ;
#6813 = AXIS2_PLACEMENT_3D ( 'NONE', #2893, #5578, #724 ) ;
#6814 = SURFACE_STYLE_USAGE ( .BOTH. , #4176 ) ;
#6815 = CARTESIAN_POINT ( 'NONE',  ( 1.220000000000000195, -13.74519637332278066, -2.659018621145021744 ) ) ;
#6816 = ORIENTED_EDGE ( 'NONE', *, *, #2267, .F. ) ;
#6817 =( BOUNDED_SURFACE ( )  B_SPLINE_SURFACE ( 3, 3, ( 
 ( #3783, #1143, #5930, #3261 ),
 ( #5313, #2190, #2647, #4292 ),
 ( #4800, #4356, #490, #616 ),
 ( #2055, #4906, #3685, #6935 ) ),
 .UNSPECIFIED., .F., .F., .F. ) 
 B_SPLINE_SURFACE_WITH_KNOTS ( ( 4, 4 ),
 ( 4, 4 ),
 ( 0.000000000000000000, 1.000000000000000000 ),
 ( 0.000000000000000000, 1.000000000000000000 ),
 .UNSPECIFIED. ) 
 GEOMETRIC_REPRESENTATION_ITEM ( )  RATIONAL_B_SPLINE_SURFACE ( (
 ( 1.000000000000000000, 0.3333333333333330928, 0.3333333333333330928, 1.000000000000000000),
 ( 0.8047378541243568328, 0.2682459513747854074, 0.2682459513747854074, 0.8047378541243568328),
 ( 0.8047378541243568328, 0.2682459513747854074, 0.2682459513747854074, 0.8047378541243568328),
 ( 1.000000000000000000, 0.3333333333333330928, 0.3333333333333330928, 1.000000000000000000) ) ) 
 REPRESENTATION_ITEM ( '' )  SURFACE ( )  );
#6818 = CARTESIAN_POINT ( 'NONE',  ( -0.000000000000000000, -7.783665946231093535, -0.5950159004887702885 ) ) ;
#6819 = CARTESIAN_POINT ( 'NONE',  ( 7.780000000000000249, -3.654217838206679669, 13.52812398063927546 ) ) ;
#6820 = AXIS2_PLACEMENT_3D ( 'NONE', #3099, #3633, #5746 ) ;
#6821 = STYLED_ITEM ( 'NONE', ( #3746 ), #5254 ) ;
#6822 = PRESENTATION_STYLE_ASSIGNMENT (( #4182 ) ) ;
#6823 =( NAMED_UNIT ( * ) PLANE_ANGLE_UNIT ( ) SI_UNIT ( $, .RADIAN. ) );
#6824 = EDGE_CURVE ( 'NONE', #2337, #3477, #112, .T. ) ;
#6825 = CARTESIAN_POINT ( 'NONE',  ( 0.3199999999999930678, -8.905734099171912277, -5.609946153525078749 ) ) ;
#6826 = PRESENTATION_LAYER_ASSIGNMENT (  '', '', ( #1111 ) ) ;
#6827 = DIRECTION ( 'NONE',  ( 2.249491082733216286E-32, 1.836909530733570078E-16, -1.000000000000000000 ) ) ;
#6828 = AXIS2_PLACEMENT_3D ( 'NONE', #6543, #212, #2335 ) ;
#6829 = CARTESIAN_POINT ( 'NONE',  ( 14.76925193346956711, -7.093103378224886235, -13.71717641068576299 ) ) ;
#6830 = DIRECTION ( 'NONE',  ( 1.000000000000000000, -1.224606353822380216E-16, -6.446863596467668767E-47 ) ) ;
#6831 = CARTESIAN_POINT ( 'NONE',  ( 1.219999999999971108, 0.000000000000000000, 0.000000000000000000 ) ) ;
#6832 = PRESENTATION_LAYER_ASSIGNMENT (  '', '', ( #2575 ) ) ;
#6833 = FACE_OUTER_BOUND ( 'NONE', #2095, .T. ) ;
#6834 = AXIS2_PLACEMENT_3D ( 'NONE', #5822, #5861, #3251 ) ;
#6835 = CARTESIAN_POINT ( 'NONE',  ( 0.5199999999999999067, 10.29143073051784008, 2.207975672684039825 ) ) ;
#6836 = ORIENTED_EDGE ( 'NONE', *, *, #4118, .T. ) ;
#6837 = DIRECTION ( 'NONE',  ( 0.000000000000000000, -1.000000000000000000, -3.061556329880913918E-16 ) ) ;
#6838 = CARTESIAN_POINT ( 'NONE',  ( 0.5200000000000001288, 8.859050204136444506, -5.683397693583421173 ) ) ;
#6839 = CARTESIAN_POINT ( 'NONE',  ( -0.000000000000000000, 7.275455186494411919, 2.812244571405176252 ) ) ;
#6840 = CARTESIAN_POINT ( 'NONE',  ( 8.129999999999999005, -14.34999999999999254, -28.69999999999999574 ) ) ;
#6841 = UNCERTAINTY_MEASURE_WITH_UNIT (LENGTH_MEASURE( 1.000000000000000082E-05 ), #4241, 'distance_accuracy_value', 'NONE');
#6842 = CARTESIAN_POINT ( 'NONE',  ( 0.3199999999999956768, -10.32122741108747910, 2.061822792883758027 ) ) ;
#6843 = CARTESIAN_POINT ( 'NONE',  ( 6.328534255899995742, 0.000000000000000000, 0.000000000000000000 ) ) ;
#6844 = CARTESIAN_POINT ( 'NONE',  ( 8.480000000000002203, 5.461843338606994891, 9.003924689712190954 ) ) ;
#6845 = CARTESIAN_POINT ( 'NONE',  ( 2.812765777966870218, 0.000000000000000000, 13.43000050000000023 ) ) ;
#6846 = CARTESIAN_POINT ( 'NONE',  ( 8.130000000000002558, 14.34999999999998721, 28.70000000000000284 ) ) ;
#6847 = AXIS2_PLACEMENT_3D ( 'NONE', #5177, #6769, #1404 ) ;
#6848 = UNCERTAINTY_MEASURE_WITH_UNIT (LENGTH_MEASURE( 1.000000000000000082E-05 ), #3956, 'distance_accuracy_value', 'NONE');
#6849 = DIRECTION ( 'NONE',  ( 1.000000000000000000, 0.000000000000000000, 0.000000000000000000 ) ) ;
#6850 = SURFACE_STYLE_USAGE ( .BOTH. , #4730 ) ;
#6851 =( NAMED_UNIT ( * ) SI_UNIT ( $, .STERADIAN. ) SOLID_ANGLE_UNIT ( ) );
#6852 = CARTESIAN_POINT ( 'NONE',  ( 0.000000000000000000, -15.69999999999999396, 31.39999999999999147 ) ) ;
#6853 = CARTESIAN_POINT ( 'NONE',  ( 1.219999999999999973, -8.469612521766141100, -11.18928603696476998 ) ) ;
#6854 = ORIENTED_EDGE ( 'NONE', *, *, #3068, .F. ) ;
#6855 = CARTESIAN_POINT ( 'NONE',  ( 8.699999999999999289, 7.799999999999999822, -4.775964779907274462E-16 ) ) ;
#6856 = CARTESIAN_POINT ( 'NONE',  ( 8.680000000000005045, 8.605943207388254024, 6.059894248024219721 ) ) ;
#6857 = CARTESIAN_POINT ( 'NONE',  ( 7.779999999999997584, -11.48224103428775678, 8.011528302904023846 ) ) ;
#6858 = CARTESIAN_POINT ( 'NONE',  ( 1.020000000000000018, 0.000000000000000000, 10.22500050000000194 ) ) ;
#6859 = CARTESIAN_POINT ( 'NONE',  ( 7.979999999999999538, -10.22500050000000194, 1.252201413360508859E-15 ) ) ;
#6860 = CARTESIAN_POINT ( 'NONE',  ( 0.3199999999999919020, -5.833767825328567191, -8.760741545164156818 ) ) ;
#6861 =( BOUNDED_SURFACE ( )  B_SPLINE_SURFACE ( 3, 3, ( 
 ( #1380, #3526, #2958, #5611 ),
 ( #1876, #2813, #4038, #1351 ),
 ( #5543, #3497, #722, #5106 ),
 ( #4488, #299, #1813, #3960 ) ),
 .UNSPECIFIED., .F., .F., .T. ) 
 B_SPLINE_SURFACE_WITH_KNOTS ( ( 4, 4 ),
 ( 4, 4 ),
 ( 0.000000000000000000, 1.000000000000000000 ),
 ( 0.000000000000000000, 1.000000000000000000 ),
 .UNSPECIFIED. ) 
 GEOMETRIC_REPRESENTATION_ITEM ( )  RATIONAL_B_SPLINE_SURFACE ( (
 ( 1.000000000000000000, 0.3333333333333337034, 0.3333333333333337034, 1.000000000000000000),
 ( 0.3333333333333333703, 0.1111111111111112437, 0.1111111111111112437, 0.3333333333333333703),
 ( 0.3333333333333333703, 0.1111111111111112437, 0.1111111111111112437, 0.3333333333333333703),
 ( 1.000000000000000000, 0.3333333333333337034, 0.3333333333333337034, 1.000000000000000000) ) ) 
 REPRESENTATION_ITEM ( '' )  SURFACE ( )  );
#6862 = STYLED_ITEM ( 'NONE', ( #5955 ), #3377 ) ;
#6863 = CARTESIAN_POINT ( 'NONE',  ( 3.265586066596191994, 13.88477053572696285, -8.723568469097236998E-16 ) ) ;
#6864 = ORIENTED_EDGE ( 'NONE', *, *, #1951, .F. ) ;
#6865 = FILL_AREA_STYLE_COLOUR ( '', #1767 ) ;
#6866 = EDGE_CURVE ( 'NONE', #1870, #1750, #1457, .T. ) ;
#6867 = CARTESIAN_POINT ( 'NONE',  ( 1.335732872049999909, 0.000000000000000000, 10.22500050000000194 ) ) ;
#6868 = CARTESIAN_POINT ( 'NONE',  ( 0.1242640687119285076, -16.00000000000000355, -31.99999999999997868 ) ) ;
#6869 = CARTESIAN_POINT ( 'NONE',  ( -1.076072228735579055E-17, 7.624264068711921638, -15.24852813742385393 ) ) ;
#6870 = ORIENTED_EDGE ( 'NONE', *, *, #2185, .F. ) ;
#6871 = ORIENTED_EDGE ( 'NONE', *, *, #2406, .F. ) ;
#6872 = CARTESIAN_POINT ( 'NONE',  ( 7.780000000000004690, 14.00000000000000533, -27.99999999999998934 ) ) ;
#6873 = CARTESIAN_POINT ( 'NONE',  ( 9.000000000000003553, -7.799967549728536120, 0.2386296710782300767 ) ) ;
#6874 = CARTESIAN_POINT ( 'NONE',  ( -0.000000000000000000, -1.007727611287570380, 7.736268647657396968 ) ) ;
#6875 = DIRECTION ( 'NONE',  ( 0.7071067811865487940, 0.000000000000000000, -0.7071067811865463515 ) ) ;
#6876 = DIRECTION ( 'NONE',  ( 0.000000000000000000, 1.000000000000000000, -6.123031769111938060E-17 ) ) ;
#6877 = CARTESIAN_POINT ( 'NONE',  ( 8.480000000000000426, 6.782617995818068124, 8.062546764661842502 ) ) ;
#6878 = CARTESIAN_POINT ( 'NONE',  ( 7.779999999999999361, 7.610394298994557438, -11.75097785206638612 ) ) ;
#6879 = CARTESIAN_POINT ( 'NONE',  ( 0.000000000000000000, 5.518382534987879631E-16, 9.012500250000000435 ) ) ;
#6880 =( NAMED_UNIT ( * ) SI_UNIT ( $, .STERADIAN. ) SOLID_ANGLE_UNIT ( ) );
#6881 = CARTESIAN_POINT ( 'NONE',  ( 8.999999999999998224, -15.69999999999999929, 3.176729207182762738E-15 ) ) ;
#6882 = CARTESIAN_POINT ( 'NONE',  ( 0.000000000000000000, 15.69999999999999574, -31.39999999999999147 ) ) ;
#6883 = EDGE_CURVE ( 'NONE', #1226, #2273, #4279, .T. ) ;
#6884 = FILL_AREA_STYLE ('',( #4314 ) ) ;
#6885 =( LENGTH_UNIT ( ) NAMED_UNIT ( * ) SI_UNIT ( .MILLI., .METRE. ) );
#6886 = CARTESIAN_POINT ( 'NONE',  ( -0.000000000000000000, 4.045573323181093528, -6.669181246081372194 ) ) ;
#6887 = CARTESIAN_POINT ( 'NONE',  ( 7.779999999999997584, -11.97674297214976846, 7.265107878392018215 ) ) ;
#6888 = CARTESIAN_POINT ( 'NONE',  ( 0.2999999999999998224, -7.500000000000000000, 1.405266731684784683E-15 ) ) ;
#6889 = CARTESIAN_POINT ( 'NONE',  ( 7.780000000000028670, -2.449212707645093850E-17, -6.332720641917659034E-63 ) ) ;
#6890 = MECHANICAL_DESIGN_GEOMETRIC_PRESENTATION_REPRESENTATION (  '', ( #6545 ), #2733 ) ;
#6891 =( NAMED_UNIT ( * ) SI_UNIT ( $, .STERADIAN. ) SOLID_ANGLE_UNIT ( ) );
#6892 = ORIENTED_EDGE ( 'NONE', *, *, #1808, .T. ) ;
#6893 = CARTESIAN_POINT ( 'NONE',  ( 4.388948052024998603, -5.572643913645565661, -15.53945913996752282 ) ) ;
#6894 = STYLED_ITEM ( 'NONE', ( #6097 ), #3118 ) ;
#6895 = DIRECTION ( 'NONE',  ( -1.000000000000000000, 0.000000000000000000, 0.000000000000000000 ) ) ;
#6896 = CARTESIAN_POINT ( 'NONE',  ( 8.680000000000001492, 10.35655558317031044, -1.875570910962870874 ) ) ;
#6897 = EDGE_CURVE ( 'NONE', #6211, #944, #5728, .T. ) ;
#6898 = CARTESIAN_POINT ( 'NONE',  ( 0.5199999999999999067, 8.062546764661849608, 6.782617995818566392 ) ) ;
#6899 = EDGE_LOOP ( 'NONE', ( #2793, #1503, #3496, #3897, #2887 ) ) ;
#6900 =( LENGTH_UNIT ( ) NAMED_UNIT ( * ) SI_UNIT ( .MILLI., .METRE. ) );
#6901 = CARTESIAN_POINT ( 'NONE',  ( 9.000000000000003553, -5.895915327472749823, 5.134897921748251548 ) ) ;
#6902 = CARTESIAN_POINT ( 'NONE',  ( -0.000000000000000000, 4.490973237979684285, 6.377776128814196532 ) ) ;
#6903 = UNCERTAINTY_MEASURE_WITH_UNIT (LENGTH_MEASURE( 1.000000000000000082E-05 ), #5471, 'distance_accuracy_value', 'NONE');
#6904 = FILL_AREA_STYLE_COLOUR ( '', #4912 ) ;
#6905 = CIRCLE ( 'NONE', #4899, 0.5512007928600866080 ) ;
#6906 = CARTESIAN_POINT ( 'NONE',  ( 8.480000000000005755, 10.28722710540602669, 2.250632742222651306 ) ) ;
#6907 = ADVANCED_FACE ( 'NONE', ( #4811 ), #576, .T. ) ;
#6908 = CARTESIAN_POINT ( 'NONE',  ( 7.779999999999999361, 2.442153794450506066, -13.78537571125287187 ) ) ;
#6909 =( GEOMETRIC_REPRESENTATION_CONTEXT ( 3 ) GLOBAL_UNCERTAINTY_ASSIGNED_CONTEXT ( ( #2066 ) ) GLOBAL_UNIT_ASSIGNED_CONTEXT ( ( #5906, #1007, #5761 ) ) REPRESENTATION_CONTEXT ( 'NONE', 'WORKASPACE' ) );
#6910 = AXIS2_PLACEMENT_3D ( 'NONE', #4422, #6615, #3886 ) ;
#6911 = CARTESIAN_POINT ( 'NONE',  ( 4.772466733280669615, 3.902630239848821958, 6.243437812771101214 ) ) ;
#6912 = PRESENTATION_STYLE_ASSIGNMENT (( #4625 ) ) ;
#6913 = UNCERTAINTY_MEASURE_WITH_UNIT (LENGTH_MEASURE( 1.000000000000000082E-05 ), #2485, 'distance_accuracy_value', 'NONE');
#6914 = DIRECTION ( 'NONE',  ( 0.8829475928589268774, 5.749368466564465852E-17, 0.4694715627858906393 ) ) ;
#6915 = CIRCLE ( 'NONE', #2990, 14.00000000000004619 ) ;
#6916 = CARTESIAN_POINT ( 'NONE',  ( 9.067384687562167755, -13.73712324117466466, -4.205697661337265284E-15 ) ) ;
#6917 =( GEOMETRIC_REPRESENTATION_CONTEXT ( 3 ) GLOBAL_UNCERTAINTY_ASSIGNED_CONTEXT ( ( #1222 ) ) GLOBAL_UNIT_ASSIGNED_CONTEXT ( ( #4995, #822, #2280 ) ) REPRESENTATION_CONTEXT ( 'NONE', 'WORKASPACE' ) );
#6918 = CIRCLE ( 'NONE', #1878, 14.55000000000000071 ) ;
#6919 =( NAMED_UNIT ( * ) SI_UNIT ( $, .STERADIAN. ) SOLID_ANGLE_UNIT ( ) );
#6920 = PRODUCT_DEFINITION_FORMATION_WITH_SPECIFIED_SOURCE ( 'Symmetric', '', #1788, .NOT_KNOWN. ) ;
#6921 = CARTESIAN_POINT ( 'NONE',  ( 0.5200000000000000178, -10.50306499220110190, 0.8023768771529896648 ) ) ;
#6922 = CARTESIAN_POINT ( 'NONE',  ( 0.8699999999999999956, 14.51483715649648687, -4.443857863096835184E-15 ) ) ;
#6923 = CARTESIAN_POINT ( 'NONE',  ( 8.699999999999999289, -16.00000000000000000, 2.939119961693667332E-15 ) ) ;
#6924 = CARTESIAN_POINT ( 'NONE',  ( -0.000000000000000000, 1.301872271507349854, -7.690644590977280259 ) ) ;
#6925 =( GEOMETRIC_REPRESENTATION_CONTEXT ( 3 ) GLOBAL_UNCERTAINTY_ASSIGNED_CONTEXT ( ( #2750 ) ) GLOBAL_UNIT_ASSIGNED_CONTEXT ( ( #2878, #1764, #4479 ) ) REPRESENTATION_CONTEXT ( 'NONE', 'WORKASPACE' ) );
#6926 = EDGE_CURVE ( 'NONE', #4136, #4637, #4080, .T. ) ;
#6927 = DIRECTION ( 'NONE',  ( 1.000000000000000000, 0.000000000000000000, 0.000000000000000000 ) ) ;
#6928 = FACE_OUTER_BOUND ( 'NONE', #1162, .T. ) ;
#6929 = CARTESIAN_POINT ( 'NONE',  ( 0.3199999999999930678, 9.003924689716859220, -5.461843338598969311 ) ) ;
#6930 = PRESENTATION_LAYER_ASSIGNMENT (  '', '', ( #2432 ) ) ;
#6931 = CARTESIAN_POINT ( 'NONE',  ( 8.130000000000000782, -14.00000000000000000, -4.286178861833292205E-15 ) ) ;
#6932 = CARTESIAN_POINT ( 'NONE',  ( 8.380000000000000782, -9.796850830579046662E-17, -3.052184595133393367E-63 ) ) ;
#6933 = CIRCLE ( 'NONE', #3918, 7.500000000000001776 ) ;
#6934 = STYLED_ITEM ( 'NONE', ( #6630 ), #1410 ) ;
#6935 = CARTESIAN_POINT ( 'NONE',  ( 8.379999999999999005, -10.42500050000000122, -3.191672626978677694E-15 ) ) ;
#6936 = CARTESIAN_POINT ( 'NONE',  ( 2.812765777966870218, 0.000000000000000000, 0.000000000000000000 ) ) ;
#6937 = CARTESIAN_POINT ( 'NONE',  ( 8.680000000000008598, 10.52501671024030649, -0.3217038428279499485 ) ) ;
#6938 = CONICAL_SURFACE ( 'NONE', #334, 13.58687198849534994, 0.4886921905584114545 ) ;
#6939 = COLOUR_RGB ( '',0.6941176470588235059, 0.7529411764705882248, 0.8392156862745098200 ) ;
#6940 =( NAMED_UNIT ( * ) SI_UNIT ( $, .STERADIAN. ) SOLID_ANGLE_UNIT ( ) );
#6941 = CARTESIAN_POINT ( 'NONE',  ( 7.924974746830588224, 14.35000000000000497, -28.69999999999999218 ) ) ;
#6942 = CARTESIAN_POINT ( 'NONE',  ( 8.479999999999998650, 1.894194247331768999, -10.35316839353905038 ) ) ;
ENDSEC;
END-ISO-10303-21;
