ISO-10303-21;
HEADER;
FILE_DESCRIPTION (( 'STEP AP214' ),
    '1' );
FILE_NAME ('encoder-stand_base.STEP',
    '2026-01-08T13:34:26',
    ( '' ),
    ( '' ),
    'SwSTEP 2.0',
    'SolidWorks 2025',
    '' );
FILE_SCHEMA (( 'AUTOMOTIVE_DESIGN' ));
ENDSEC;

DATA;
#1 = DIRECTION ( 'NONE',  ( 1.000000000000000000, 0.000000000000000000, 0.000000000000000000 ) ) ;
#2 = AXIS2_PLACEMENT_3D ( 'NONE', #19, #1561, #1760 ) ;
#3 = ORIENTED_EDGE ( 'NONE', *, *, #2004, .T. ) ;
#4 = EDGE_CURVE ( 'NONE', #1718, #274, #3168, .T. ) ;
#5 = CARTESIAN_POINT ( 'NONE',  ( 67.49999999999998579, 9.000000000000001776, 35.00000000000000000 ) ) ;
#6 = LINE ( 'NONE', #286, #1514 ) ;
#7 = CARTESIAN_POINT ( 'NONE',  ( -42.00000000000001421, 16.85255996389939526, 19.85446588901576348 ) ) ;
#8 = DIRECTION ( 'NONE',  ( -0.000000000000000000, -0.000000000000000000, -1.000000000000000000 ) ) ;
#9 = ORIENTED_EDGE ( 'NONE', *, *, #1709, .F. ) ;
#10 = LINE ( 'NONE', #1785, #827 ) ;
#11 = CARTESIAN_POINT ( 'NONE',  ( -47.09176712396530462, 17.00000000000000355, 15.04916213222905519 ) ) ;
#12 = EDGE_CURVE ( 'NONE', #3131, #2518, #3243, .T. ) ;
#13 = VERTEX_POINT ( 'NONE', #2747 ) ;
#14 = DIRECTION ( 'NONE',  ( -1.000000000000000000, 0.000000000000000000, 0.000000000000000000 ) ) ;
#15 = CARTESIAN_POINT ( 'NONE',  ( -45.97864959554564734, 17.00000000000000000, -17.73484254281750339 ) ) ;
#16 = EDGE_LOOP ( 'NONE', ( #2005, #2659, #2712, #2548 ) ) ;
#17 = ORIENTED_EDGE ( 'NONE', *, *, #385, .T. ) ;
#18 = ADVANCED_FACE ( 'NONE', ( #1161 ), #933, .T. ) ;
#19 = CARTESIAN_POINT ( 'NONE',  ( -57.50000000000004974, 9.000000000000001776, -29.99833395190412233 ) ) ;
#20 = CARTESIAN_POINT ( 'NONE',  ( 93.49999999999998579, 0.000000000000000000, 35.00000000000000000 ) ) ;
#21 = CARTESIAN_POINT ( 'NONE',  ( -43.79385096098536678, 17.00000000000000711, 19.56476225072654529 ) ) ;
#22 = CARTESIAN_POINT ( 'NONE',  ( -47.50000000000002842, 17.00000000000000000, -11.18722852442513727 ) ) ;
#23 = VERTEX_POINT ( 'NONE', #2919 ) ;
#24 = CARTESIAN_POINT ( 'NONE',  ( -93.50000000000001421, 12.00000000000000000, -35.00000000000000000 ) ) ;
#25 = CARTESIAN_POINT ( 'NONE',  ( 65.99999999999997158, 7.125658350974746647, 1.958113883008416822 ) ) ;
#26 = EDGE_LOOP ( 'NONE', ( #216, #380, #947, #2537 ) ) ;
#27 = CARTESIAN_POINT ( 'NONE',  ( 34.04999999999998295, 12.55563958360573018, 18.24805758090139562 ) ) ;
#28 = EDGE_CURVE ( 'NONE', #176, #2621, #461, .T. ) ;
#29 = DIRECTION ( 'NONE',  ( -0.000000000000000000, 0.7090880674648528670, 0.7051199277987825198 ) ) ;
#30 = VERTEX_POINT ( 'NONE', #2181 ) ;
#31 = ORIENTED_EDGE ( 'NONE', *, *, #2251, .F. ) ;
#32 = ADVANCED_FACE ( 'NONE', ( #198 ), #1194, .F. ) ;
#33 = AXIS2_PLACEMENT_3D ( 'NONE', #242, #3256, #997 ) ;
#34 = LINE ( 'NONE', #2783, #2683 ) ;
#35 = DIRECTION ( 'NONE',  ( 0.000000000000000000, 0.000000000000000000, -1.000000000000000000 ) ) ;
#36 = AXIS2_PLACEMENT_3D ( 'NONE', #1763, #2834, #305 ) ;
#37 = CARTESIAN_POINT ( 'NONE',  ( -46.35217803363917000, 16.99999999999914735, 16.31471293885307006 ) ) ;
#38 = AXIS2_PLACEMENT_3D ( 'NONE', #338, #1155, #389 ) ;
#39 = FACE_BOUND ( 'NONE', #2530, .T. ) ;
#40 = EDGE_LOOP ( 'NONE', ( #297, #2867, #1415, #2676, #571, #1531, #2847, #1651, #1361, #2658, #57 ) ) ;
#41 = AXIS2_PLACEMENT_3D ( 'NONE', #832, #110, #76 ) ;
#42 = FACE_OUTER_BOUND ( 'NONE', #1816, .T. ) ;
#43 = EDGE_CURVE ( 'NONE', #2023, #2371, #302, .T. ) ;
#44 = AXIS2_PLACEMENT_3D ( 'NONE', #2442, #2479, #715 ) ;
#45 = DIRECTION ( 'NONE',  ( 6.938893903907221278E-15, 0.000000000000000000, -1.000000000000000000 ) ) ;
#46 = ORIENTED_EDGE ( 'NONE', *, *, #551, .F. ) ;
#47 = CARTESIAN_POINT ( 'NONE',  ( -88.50000000000004263, 9.000000000000001776, 32.00000000000000000 ) ) ;
#48 = VECTOR ( 'NONE', #656, 1000.000000000000000 ) ;
#49 = CARTESIAN_POINT ( 'NONE',  ( 73.49999999999997158, 9.000000000000001776, -32.00000000000000000 ) ) ;
#50 = ORIENTED_EDGE ( 'NONE', *, *, #2424, .F. ) ;
#51 = DIRECTION ( 'NONE',  ( 1.000000000000000000, 0.000000000000000000, 0.000000000000000000 ) ) ;
#52 = ADVANCED_FACE ( 'NONE', ( #493, #694 ), #1693, .F. ) ;
#53 = PLANE ( 'NONE',  #2462 ) ;
#54 = CIRCLE ( 'NONE', #3099, 0.5000000000000009992 ) ;
#55 = CARTESIAN_POINT ( 'NONE',  ( -45.74037592328888735, 17.00000000000000000, 17.58439559235335992 ) ) ;
#56 = CARTESIAN_POINT ( 'NONE',  ( -52.00000000000002132, 5.000000000000000000, -29.99833395190412233 ) ) ;
#57 = ORIENTED_EDGE ( 'NONE', *, *, #2832, .F. ) ;
#58 = DIRECTION ( 'NONE',  ( 0.000000000000000000, -0.3162277660168376636, 0.9486832980505138790 ) ) ;
#59 = DIRECTION ( 'NONE',  ( 1.000000000000000000, 0.000000000000000000, 0.000000000000000000 ) ) ;
#60 = ORIENTED_EDGE ( 'NONE', *, *, #513, .F. ) ;
#61 = ADVANCED_FACE ( 'NONE', ( #3171 ), #3223, .T. ) ;
#62 = FILL_AREA_STYLE ('',( #3006 ) ) ;
#63 = CARTESIAN_POINT ( 'NONE',  ( 93.49999999999998579, 5.000000000000000000, -34.50000000000000000 ) ) ;
#64 = VERTEX_POINT ( 'NONE', #1921 ) ;
#65 = DIRECTION ( 'NONE',  ( -1.000000000000000000, -0.000000000000000000, -0.000000000000000000 ) ) ;
#66 = CARTESIAN_POINT ( 'NONE',  ( 26.04653895724218415, 9.000000000000001776, -32.00000000000000000 ) ) ;
#67 = VERTEX_POINT ( 'NONE', #2972 ) ;
#68 = EDGE_CURVE ( 'NONE', #2295, #1784, #3133, .T. ) ;
#69 = DIRECTION ( 'NONE',  ( -0.000000000000000000, -0.000000000000000000, 1.000000000000000000 ) ) ;
#70 = PLANE ( 'NONE',  #710 ) ;
#71 = ORIENTED_EDGE ( 'NONE', *, *, #437, .T. ) ;
#72 = CARTESIAN_POINT ( 'NONE',  ( -45.94482181900672657, 16.73436210775571098, -16.89738643646678895 ) ) ;
#73 = EDGE_CURVE ( 'NONE', #30, #917, #1244, .T. ) ;
#74 = CARTESIAN_POINT ( 'NONE',  ( -93.50000000000001421, 5.000000000000000000, 35.00000000000000000 ) ) ;
#75 = VERTEX_POINT ( 'NONE', #264 ) ;
#76 = DIRECTION ( 'NONE',  ( 1.000000000000000000, 0.000000000000000000, 0.000000000000000000 ) ) ;
#77 = PLANE ( 'NONE',  #1563 ) ;
#78 = ORIENTED_EDGE ( 'NONE', *, *, #2710, .F. ) ;
#79 = DIRECTION ( 'NONE',  ( -0.000000000000000000, -0.000000000000000000, 1.000000000000000000 ) ) ;
#80 = EDGE_CURVE ( 'NONE', #2641, #2023, #2512, .T. ) ;
#81 = CYLINDRICAL_SURFACE ( 'NONE', #2671, 0.4999999999999995004 ) ;
#82 = ORIENTED_EDGE ( 'NONE', *, *, #1051, .F. ) ;
#83 = LINE ( 'NONE', #2105, #2629 ) ;
#84 = ORIENTED_EDGE ( 'NONE', *, *, #2899, .T. ) ;
#85 = CARTESIAN_POINT ( 'NONE',  ( -45.21550953588668165, 17.00000000000000355, -18.35792795949929257 ) ) ;
#86 = CIRCLE ( 'NONE', #2723, 2.999999999999988898 ) ;
#87 = CIRCLE ( 'NONE', #2559, 3.000000000000002665 ) ;
#88 = CARTESIAN_POINT ( 'NONE',  ( 34.04999999999998295, 17.00000000000000000, 30.00000000000000711 ) ) ;
#89 = CARTESIAN_POINT ( 'NONE',  ( -94.00000000000001421, 12.00000000000000000, -35.00000000000000000 ) ) ;
#90 = VERTEX_POINT ( 'NONE', #1541 ) ;
#91 = DIRECTION ( 'NONE',  ( 1.000000000000000000, 0.000000000000000000, 0.000000000000000000 ) ) ;
#92 = EDGE_CURVE ( 'NONE', #75, #2641, #2134, .T. ) ;
#93 = AXIS2_PLACEMENT_3D ( 'NONE', #1095, #2315, #2536 ) ;
#94 = AXIS2_PLACEMENT_3D ( 'NONE', #1274, #1024, #751 ) ;
#95 = DIRECTION ( 'NONE',  ( 0.000000000000000000, -0.000000000000000000, -1.000000000000000000 ) ) ;
#96 = VECTOR ( 'NONE', #1132, 1000.000000000000000 ) ;
#97 = ORIENTED_EDGE ( 'NONE', *, *, #43, .F. ) ;
#98 = DIRECTION ( 'NONE',  ( -1.000000000000000000, 0.000000000000000000, 9.912705577010325549E-17 ) ) ;
#99 = CIRCLE ( 'NONE', #3080, 0.5000000000000002220 ) ;
#100 = EDGE_CURVE ( 'NONE', #2408, #2551, #1082, .T. ) ;
#101 = CARTESIAN_POINT ( 'NONE',  ( -94.00000000000001421, 12.00000000000000000, 34.50000000000000000 ) ) ;
#102 = ORIENTED_EDGE ( 'NONE', *, *, #615, .F. ) ;
#103 = DIRECTION ( 'NONE',  ( -2.313093092113799258E-16, -0.000000000000000000, -1.000000000000000000 ) ) ;
#104 = ORIENTED_EDGE ( 'NONE', *, *, #163, .T. ) ;
#105 = CARTESIAN_POINT ( 'NONE',  ( -47.00000000000007105, 16.53769587593710000, -12.14193350888162115 ) ) ;
#106 = AXIS2_PLACEMENT_3D ( 'NONE', #2808, #3027, #51 ) ;
#107 = DIRECTION ( 'NONE',  ( 0.000000000000000000, 0.000000000000000000, -1.000000000000000000 ) ) ;
#108 = CARTESIAN_POINT ( 'NONE',  ( -43.13550074858416394, 16.84539110197855294, 19.66997810948919323 ) ) ;
#109 = VERTEX_POINT ( 'NONE', #553 ) ;
#110 = DIRECTION ( 'NONE',  ( -0.000000000000000000, -0.000000000000000000, 1.000000000000000000 ) ) ;
#111 = EDGE_CURVE ( 'NONE', #2641, #2956, #506, .T. ) ;
#112 = DIRECTION ( 'NONE',  ( -0.000000000000000000, -0.000000000000000000, -1.000000000000000000 ) ) ;
#113 = ORIENTED_EDGE ( 'NONE', *, *, #3145, .F. ) ;
#114 = PLANE ( 'NONE',  #833 ) ;
#115 = SURFACE_SIDE_STYLE ('',( #383 ) ) ;
#116 = DIRECTION ( 'NONE',  ( 2.313093092113799258E-16, 0.000000000000000000, 1.000000000000000000 ) ) ;
#117 = VERTEX_POINT ( 'NONE', #1802 ) ;
#118 = DIRECTION ( 'NONE',  ( -1.000000000000000000, 0.000000000000000000, 0.000000000000000000 ) ) ;
#119 = VERTEX_POINT ( 'NONE', #1290 ) ;
#120 = CARTESIAN_POINT ( 'NONE',  ( -47.03632244726951228, 16.99999999999348788, -12.10714929636438519 ) ) ;
#121 = CARTESIAN_POINT ( 'NONE',  ( -93.50000000000001421, 12.00000000000000000, 30.00000000000000355 ) ) ;
#122 =( BOUNDED_CURVE ( )  B_SPLINE_CURVE ( 3, ( #1846, #1145, #1893, #3091 ),
 .UNSPECIFIED., .F., .F. ) 
 B_SPLINE_CURVE_WITH_KNOTS ( ( 4, 4 ),
 ( 4.712388980384689674, 6.283185307179586232 ),
 .UNSPECIFIED. ) 
 CURVE ( )  GEOMETRIC_REPRESENTATION_ITEM ( )  RATIONAL_B_SPLINE_CURVE ( ( 1.000000000000000000, 0.8047378541243649375, 0.8047378541243649375, 1.000000000000000000 ) ) 
 REPRESENTATION_ITEM ( '' )  );
#123 = CARTESIAN_POINT ( 'NONE',  ( 24.54653895724218060, 9.000000000000001776, 30.00000000000000000 ) ) ;
#124 = ORIENTED_EDGE ( 'NONE', *, *, #1605, .F. ) ;
#125 = CARTESIAN_POINT ( 'NONE',  ( -51.50000000000002132, 17.00000000000000000, -29.99833395190412233 ) ) ;
#126 = CARTESIAN_POINT ( 'NONE',  ( 33.54999999999998295, 12.55563958360574262, 18.24805758090141339 ) ) ;
#127 = ORIENTED_EDGE ( 'NONE', *, *, #1954, .T. ) ;
#128 = FACE_OUTER_BOUND ( 'NONE', #1994, .T. ) ;
#129 = EDGE_CURVE ( 'NONE', #2008, #496, #1242, .T. ) ;
#130 = DIRECTION ( 'NONE',  ( 0.000000000000000000, 0.000000000000000000, -1.000000000000000000 ) ) ;
#131 = EDGE_CURVE ( 'NONE', #1821, #1446, #87, .T. ) ;
#132 = ORIENTED_EDGE ( 'NONE', *, *, #1309, .T. ) ;
#133 = CARTESIAN_POINT ( 'NONE',  ( -93.50000000000001421, 5.000000000000000000, 34.50000000000000000 ) ) ;
#134 = ORIENTED_EDGE ( 'NONE', *, *, #1684, .T. ) ;
#135 = CARTESIAN_POINT ( 'NONE',  ( -42.88787764546960091, 16.84914034138855143, -19.76608679472435526 ) ) ;
#136 = DIRECTION ( 'NONE',  ( 1.000000000000000000, 0.000000000000000000, 0.000000000000000000 ) ) ;
#137 = DIRECTION ( 'NONE',  ( 1.000000000000000000, -0.000000000000000000, -0.000000000000000000 ) ) ;
#138 = ORIENTED_EDGE ( 'NONE', *, *, #755, .T. ) ;
#139 = AXIS2_PLACEMENT_3D ( 'NONE', #3234, #981, #2990 ) ;
#140 = CIRCLE ( 'NONE', #3240, 4.500000000000000888 ) ;
#141 = DIRECTION ( 'NONE',  ( -1.000000000000000000, 0.000000000000000000, 0.000000000000000000 ) ) ;
#142 = EDGE_CURVE ( 'NONE', #2596, #2746, #1133, .T. ) ;
#143 = AXIS2_PLACEMENT_3D ( 'NONE', #279, #1756, #2296 ) ;
#144 = SPHERICAL_SURFACE ( 'NONE', #1344, 0.5000000000000000000 ) ;
#145 = ORIENTED_EDGE ( 'NONE', *, *, #1324, .F. ) ;
#146 = CIRCLE ( 'NONE', #2136, 2.999999999999988898 ) ;
#147 = VECTOR ( 'NONE', #2446, 1000.000000000000000 ) ;
#148 = CARTESIAN_POINT ( 'NONE',  ( -42.00000000000002132, 36.59591794226542305, 3.135247200798638764E-15 ) ) ;
#149 = CIRCLE ( 'NONE', #569, 0.5000000000000004441 ) ;
#150 = AXIS2_PLACEMENT_3D ( 'NONE', #2505, #1761, #1997 ) ;
#151 = CARTESIAN_POINT ( 'NONE',  ( 29.04653895724218415, 9.000000000000001776, -32.00000000000000000 ) ) ;
#152 = VECTOR ( 'NONE', #1656, 1000.000000000000000 ) ;
#153 = VERTEX_POINT ( 'NONE', #1770 ) ;
#154 = EDGE_CURVE ( 'NONE', #2619, #707, #2347, .T. ) ;
#155 = CARTESIAN_POINT ( 'NONE',  ( -91.50000000000004263, 9.000000000000001776, -32.00000000000000000 ) ) ;
#156 = VERTEX_POINT ( 'NONE', #1061 ) ;
#157 = DIRECTION ( 'NONE',  ( -1.000000000000000000, 0.000000000000000000, 2.973811673103084846E-16 ) ) ;
#158 = DIRECTION ( 'NONE',  ( 1.000000000000000000, 0.000000000000000000, 0.000000000000000000 ) ) ;
#159 = CARTESIAN_POINT ( 'NONE',  ( -42.46334315995712672, 16.85163224007902372, 19.83053354511135780 ) ) ;
#160 = ORIENTED_EDGE ( 'NONE', *, *, #586, .T. ) ;
#161 = VECTOR ( 'NONE', #2525, 1000.000000000000000 ) ;
#162 = FACE_OUTER_BOUND ( 'NONE', #3125, .T. ) ;
#163 = EDGE_CURVE ( 'NONE', #117, #2431, #2535, .T. ) ;
#164 = CYLINDRICAL_SURFACE ( 'NONE', #1078, 0.4999999999999998890 ) ;
#165 = ORIENTED_EDGE ( 'NONE', *, *, #1518, .T. ) ;
#166 = EDGE_LOOP ( 'NONE', ( #1398, #104, #169, #2378 ) ) ;
#167 = CARTESIAN_POINT ( 'NONE',  ( -88.50000000000004263, 9.000000000000001776, 35.00000000000000000 ) ) ;
#168 = DIRECTION ( 'NONE',  ( -0.000000000000000000, -0.000000000000000000, -1.000000000000000000 ) ) ;
#169 = ORIENTED_EDGE ( 'NONE', *, *, #1684, .F. ) ;
#170 = CARTESIAN_POINT ( 'NONE',  ( 73.49999999999997158, 9.000000000000001776, 35.00000000000000000 ) ) ;
#171 = ORIENTED_EDGE ( 'NONE', *, *, #255, .T. ) ;
#172 = CARTESIAN_POINT ( 'NONE',  ( -44.33971864789216255, 16.81902388605218590, -18.99811450706580729 ) ) ;
#173 = EDGE_CURVE ( 'NONE', #3083, #1821, #2819, .T. ) ;
#174 = DIRECTION ( 'NONE',  ( -1.000000000000000000, 0.000000000000000000, 0.000000000000000000 ) ) ;
#175 = PLANE ( 'NONE',  #2128 ) ;
#176 = VERTEX_POINT ( 'NONE', #1278 ) ;
#177 = DIRECTION ( 'NONE',  ( -0.000000000000000000, -0.000000000000000000, -1.000000000000000000 ) ) ;
#178 = ADVANCED_FACE ( 'NONE', ( #2279, #2035 ), #2314, .T. ) ;
#179 = CARTESIAN_POINT ( 'NONE',  ( 24.54653895724218060, 9.000000000000001776, -29.99999999999999289 ) ) ;
#180 = ORIENTED_EDGE ( 'NONE', *, *, #1481, .F. ) ;
#181 = VERTEX_POINT ( 'NONE', #3038 ) ;
#182 = CARTESIAN_POINT ( 'NONE',  ( 33.54999999999998295, 13.00000000000000178, -29.99999999999999645 ) ) ;
#183 = CARTESIAN_POINT ( 'NONE',  ( 23.04653895724218060, 9.000000000000001776, -35.00000000000000000 ) ) ;
#184 = VERTEX_POINT ( 'NONE', #788 ) ;
#185 = ADVANCED_FACE ( 'NONE', ( #540 ), #2760, .F. ) ;
#186 = DIRECTION ( 'NONE',  ( 1.000000000000000000, 0.000000000000000000, 0.000000000000000000 ) ) ;
#187 = ORIENTED_EDGE ( 'NONE', *, *, #944, .T. ) ;
#188 = DIRECTION ( 'NONE',  ( -0.000000000000000000, -0.000000000000000000, 1.000000000000000000 ) ) ;
#189 = FACE_OUTER_BOUND ( 'NONE', #913, .T. ) ;
#190 = DIRECTION ( 'NONE',  ( 1.000000000000000000, -0.000000000000000000, -0.000000000000000000 ) ) ;
#191 = ORIENTED_EDGE ( 'NONE', *, *, #1359, .F. ) ;
#192 = FACE_OUTER_BOUND ( 'NONE', #1940, .T. ) ;
#193 = MANIFOLD_SOLID_BREP ( 'Cut-Extrude7', #2402 ) ;
#194 = VECTOR ( 'NONE', #3081, 1000.000000000000114 ) ;
#195 = CARTESIAN_POINT ( 'NONE',  ( -45.97779176953506663, 17.00000000000000355, 17.73618818242348993 ) ) ;
#196 = EDGE_CURVE ( 'NONE', #3050, #2217, #651, .T. ) ;
#197 = ORIENTED_EDGE ( 'NONE', *, *, #446, .F. ) ;
#198 = FACE_OUTER_BOUND ( 'NONE', #26, .T. ) ;
#199 = CARTESIAN_POINT ( 'NONE',  ( -47.00000000000001421, 36.59591794226542305, 4.622153037350185279E-15 ) ) ;
#200 = CIRCLE ( 'NONE', #1081, 0.5000000000000004441 ) ;
#201 = FACE_OUTER_BOUND ( 'NONE', #2435, .T. ) ;
#202 = AXIS2_PLACEMENT_3D ( 'NONE', #1765, #1044, #2770 ) ;
#203 = ORIENTED_EDGE ( 'NONE', *, *, #1276, .T. ) ;
#204 = CIRCLE ( 'NONE', #2036, 0.5000000000000004441 ) ;
#205 = VECTOR ( 'NONE', #1066, 1000.000000000000114 ) ;
#206 = ADVANCED_FACE ( 'NONE', ( #294 ), #2580, .F. ) ;
#207 = DIRECTION ( 'NONE',  ( 0.000000000000000000, 0.000000000000000000, -1.000000000000000000 ) ) ;
#208 = EDGE_LOOP ( 'NONE', ( #2650, #3069, #352, #2268 ) ) ;
#209 = AXIS2_PLACEMENT_3D ( 'NONE', #1578, #592, #2858 ) ;
#210 = CARTESIAN_POINT ( 'NONE',  ( -88.50000000000004263, 9.000000000000001776, -32.00000000000000000 ) ) ;
#211 = DIRECTION ( 'NONE',  ( 1.000000000000000000, 0.000000000000000000, 0.000000000000000000 ) ) ;
#212 = ORIENTED_EDGE ( 'NONE', *, *, #1538, .T. ) ;
#213 = DIRECTION ( 'NONE',  ( -0.000000000000000000, -0.000000000000000000, 1.000000000000000000 ) ) ;
#214 = CIRCLE ( 'NONE', #2044, 0.5000000000000004441 ) ;
#215 = CARTESIAN_POINT ( 'NONE',  ( -44.31421690291104198, 17.00000000000000000, 19.51125253834518247 ) ) ;
#216 = ORIENTED_EDGE ( 'NONE', *, *, #3254, .F. ) ;
#217 = EDGE_LOOP ( 'NONE', ( #191, #757, #1147, #831 ) ) ;
#218 = DIRECTION ( 'NONE',  ( -1.000000000000000000, 0.000000000000000000, 2.973811673103097172E-16 ) ) ;
#219 = CIRCLE ( 'NONE', #1209, 3.000000000000002665 ) ;
#220 = ADVANCED_FACE ( 'NONE', ( #2328 ), #2594, .F. ) ;
#221 = FACE_OUTER_BOUND ( 'NONE', #1097, .T. ) ;
#222 = VERTEX_POINT ( 'NONE', #1890 ) ;
#223 = DIRECTION ( 'NONE',  ( -0.000000000000000000, -0.000000000000000000, 1.000000000000000000 ) ) ;
#224 = DIRECTION ( 'NONE',  ( 1.000000000000000000, 0.000000000000000000, 0.000000000000000000 ) ) ;
#225 = FACE_OUTER_BOUND ( 'NONE', #2561, .T. ) ;
#226 = CARTESIAN_POINT ( 'NONE',  ( 93.99999999999998579, 12.00000000000000000, -30.00000000000000355 ) ) ;
#227 = ORIENTED_EDGE ( 'NONE', *, *, #2909, .T. ) ;
#228 = DIRECTION ( 'NONE',  ( -0.000000000000000000, -0.000000000000000000, 1.000000000000000000 ) ) ;
#229 = CARTESIAN_POINT ( 'NONE',  ( 18.54999999999998295, 16.50000000000000000, 20.20900992274818364 ) ) ;
#230 = ORIENTED_EDGE ( 'NONE', *, *, #1324, .T. ) ;
#231 = EDGE_LOOP ( 'NONE', ( #1330, #1811, #1306, #624 ) ) ;
#232 = CARTESIAN_POINT ( 'NONE',  ( -42.96943503831058564, 17.00000000000000000, -20.09503202024315627 ) ) ;
#233 = ADVANCED_FACE ( 'NONE', ( #327 ), #1325, .F. ) ;
#234 = ORIENTED_EDGE ( 'NONE', *, *, #2271, .F. ) ;
#235 = DIRECTION ( 'NONE',  ( 0.000000000000000000, 0.000000000000000000, -1.000000000000000000 ) ) ;
#236 = EDGE_CURVE ( 'NONE', #2295, #2176, #1827, .T. ) ;
#237 = DIRECTION ( 'NONE',  ( -1.000000000000000000, 0.000000000000000000, 0.000000000000000000 ) ) ;
#238 = DIRECTION ( 'NONE',  ( 0.000000000000000000, 0.000000000000000000, -1.000000000000000000 ) ) ;
#239 = CARTESIAN_POINT ( 'NONE',  ( -57.50000000000004974, 9.000000000000001776, 32.00000000000000000 ) ) ;
#240 = ORIENTED_EDGE ( 'NONE', *, *, #2871, .F. ) ;
#241 = DIRECTION ( 'NONE',  ( -0.000000000000000000, -1.000000000000000000, -0.000000000000000000 ) ) ;
#242 = CARTESIAN_POINT ( 'NONE',  ( -93.50000000000001421, 12.00000000000000000, -34.50000000000000000 ) ) ;
#243 = ORIENTED_EDGE ( 'NONE', *, *, #2539, .T. ) ;
#244 = ADVANCED_FACE ( 'NONE', ( #1855 ), #1623, .F. ) ;
#245 = CARTESIAN_POINT ( 'NONE',  ( 18.04999999999998650, 36.59591794226542305, -2.817332498196061983E-15 ) ) ;
#246 = CARTESIAN_POINT ( 'NONE',  ( -47.50000000000007816, 17.00000000000000355, -12.16296310027114558 ) ) ;
#247 = VECTOR ( 'NONE', #1672, 1000.000000000000000 ) ;
#248 = AXIS2_PLACEMENT_3D ( 'NONE', #687, #1687, #1966 ) ;
#249 = ORIENTED_EDGE ( 'NONE', *, *, #2224, .T. ) ;
#250 = VECTOR ( 'NONE', #373, 1000.000000000000000 ) ;
#251 = LINE ( 'NONE', #1052, #2207 ) ;
#252 = CARTESIAN_POINT ( 'NONE',  ( 18.04999999999998295, 16.50000000000000000, -29.99999999999999289 ) ) ;
#253 = VECTOR ( 'NONE', #2606, 1000.000000000000000 ) ;
#254 = VECTOR ( 'NONE', #1671, 1000.000000000000000 ) ;
#255 = EDGE_CURVE ( 'NONE', #1026, #802, #849, .T. ) ;
#256 = CIRCLE ( 'NONE', #1830, 3.000000000000002665 ) ;
#257 = CARTESIAN_POINT ( 'NONE',  ( -42.88429027706306584, 16.84918360372196489, 19.76719891622938974 ) ) ;
#258 = DIRECTION ( 'NONE',  ( -0.000000000000000000, -0.000000000000000000, 1.000000000000000000 ) ) ;
#259 = ORIENTED_EDGE ( 'NONE', *, *, #3082, .T. ) ;
#260 = DIRECTION ( 'NONE',  ( 0.000000000000000000, 1.387778780781444413E-14, 1.000000000000000000 ) ) ;
#261 = VECTOR ( 'NONE', #1676, 1000.000000000000000 ) ;
#262 = CARTESIAN_POINT ( 'NONE',  ( -46.64758572116666357, 17.00000000000000711, 16.44026673109268089 ) ) ;
#263 = ORIENTED_EDGE ( 'NONE', *, *, #457, .T. ) ;
#264 = CARTESIAN_POINT ( 'NONE',  ( 34.04999999999998295, 12.93970925037629272, -17.92791621983295514 ) ) ;
#265 = EDGE_CURVE ( 'NONE', #448, #2991, #2298, .T. ) ;
#266 = CARTESIAN_POINT ( 'NONE',  ( 70.49999999999998579, 9.000000000000001776, -32.00000000000000000 ) ) ;
#267 = ORIENTED_EDGE ( 'NONE', *, *, #1296, .T. ) ;
#268 = AXIS2_PLACEMENT_3D ( 'NONE', #1946, #1975, #2979 ) ;
#269 = ORIENTED_EDGE ( 'NONE', *, *, #574, .T. ) ;
#270 = CARTESIAN_POINT ( 'NONE',  ( 33.54999999999998295, 12.52565835097474256, 18.15811388300841145 ) ) ;
#271 = DIRECTION ( 'NONE',  ( 1.000000000000000000, 0.000000000000000000, 0.000000000000000000 ) ) ;
#272 = CARTESIAN_POINT ( 'NONE',  ( -46.73970534339672867, 17.00000000000085976, 14.95489274198988561 ) ) ;
#273 = CARTESIAN_POINT ( 'NONE',  ( -88.50000000000004263, 9.000000000000001776, 32.00000000000000000 ) ) ;
#274 = VERTEX_POINT ( 'NONE', #342 ) ;
#275 = CYLINDRICAL_SURFACE ( 'NONE', #1932, 3.000000000000002665 ) ;
#276 = EDGE_CURVE ( 'NONE', #1501, #2596, #2610, .T. ) ;
#277 = CARTESIAN_POINT ( 'NONE',  ( 33.54999999999998295, 5.000000000000000000, -29.99999999999999645 ) ) ;
#278 = ORIENTED_EDGE ( 'NONE', *, *, #1205, .T. ) ;
#279 = CARTESIAN_POINT ( 'NONE',  ( -57.50000000000004974, 9.000000000000001776, 35.00000000000000000 ) ) ;
#280 = EDGE_CURVE ( 'NONE', #153, #184, #1190, .T. ) ;
#281 = FACE_OUTER_BOUND ( 'NONE', #231, .T. ) ;
#282 = EDGE_LOOP ( 'NONE', ( #1738, #3203, #1366, #2302 ) ) ;
#283 = VERTEX_POINT ( 'NONE', #125 ) ;
#284 = LINE ( 'NONE', #1250, #791 ) ;
#285 = EDGE_CURVE ( 'NONE', #952, #3175, #465, .T. ) ;
#286 = CARTESIAN_POINT ( 'NONE',  ( 33.54999999999998295, 16.52565835097474434, -30.15811388300841855 ) ) ;
#287 = CARTESIAN_POINT ( 'NONE',  ( -42.49401433709022768, 17.00000000000000000, 20.20900991672705871 ) ) ;
#288 = FACE_OUTER_BOUND ( 'NONE', #2151, .T. ) ;
#289 = VERTEX_POINT ( 'NONE', #1869 ) ;
#290 = CARTESIAN_POINT ( 'NONE',  ( 18.04999999999998650, 16.50000000000000000, -2.087450582758756556E-15 ) ) ;
#291 = CIRCLE ( 'NONE', #2771, 2.999999999999988898 ) ;
#292 = CARTESIAN_POINT ( 'NONE',  ( 94.00000000000000000, 17.00000000000000000, 30.00000000000000711 ) ) ;
#293 = ORIENTED_EDGE ( 'NONE', *, *, #2262, .T. ) ;
#294 = FACE_OUTER_BOUND ( 'NONE', #2449, .T. ) ;
#295 = EDGE_CURVE ( 'NONE', #3252, #2956, #2191, .T. ) ;
#296 = LINE ( 'NONE', #1293, #2031 ) ;
#297 = ORIENTED_EDGE ( 'NONE', *, *, #2262, .F. ) ;
#298 = AXIS2_PLACEMENT_3D ( 'NONE', #402, #882, #2109 ) ;
#299 = VECTOR ( 'NONE', #409, 1000.000000000000000 ) ;
#300 = CARTESIAN_POINT ( 'NONE',  ( 34.04999999999998295, 17.00000000000000000, -30.00000000000000355 ) ) ;
#301 = DIRECTION ( 'NONE',  ( 0.000000000000000000, 0.000000000000000000, 1.000000000000000000 ) ) ;
#302 = CIRCLE ( 'NONE', #2870, 0.4999999999999995559 ) ;
#303 = CARTESIAN_POINT ( 'NONE',  ( -42.92252917421914304, 17.00000000000000355, 19.91020991081031610 ) ) ;
#304 = AXIS2_PLACEMENT_3D ( 'NONE', #2664, #1164, #1677 ) ;
#305 = DIRECTION ( 'NONE',  ( 1.156482317317871478E-16, 0.000000000000000000, 1.000000000000000000 ) ) ;
#306 = ORIENTED_EDGE ( 'NONE', *, *, #691, .F. ) ;
#307 = VECTOR ( 'NONE', #2627, 1000.000000000000000 ) ;
#308 = DIRECTION ( 'NONE',  ( -1.156482317317871478E-16, -0.000000000000000000, -1.000000000000000000 ) ) ;
#309 = AXIS2_PLACEMENT_3D ( 'NONE', #2722, #471, #3215 ) ;
#310 = DIRECTION ( 'NONE',  ( 1.000000000000000000, 0.000000000000000000, 0.000000000000000000 ) ) ;
#311 = ORIENTED_EDGE ( 'NONE', *, *, #691, .T. ) ;
#312 =( LENGTH_UNIT ( ) NAMED_UNIT ( * ) SI_UNIT ( .MILLI., .METRE. ) );
#313 = VECTOR ( 'NONE', #599, 999.9999999999998863 ) ;
#314 = CYLINDRICAL_SURFACE ( 'NONE', #2461, 0.5000000000000004441 ) ;
#315 = ORIENTED_EDGE ( 'NONE', *, *, #2115, .F. ) ;
#316 = EDGE_CURVE ( 'NONE', #181, #688, #3086, .T. ) ;
#317 = AXIS2_PLACEMENT_3D ( 'NONE', #990, #1448, #207 ) ;
#318 = CARTESIAN_POINT ( 'NONE',  ( 33.75710678118652908, 16.99999999999999645, -29.99999999999999289 ) ) ;
#319 = DIRECTION ( 'NONE',  ( -0.000000000000000000, -1.000000000000000000, 0.000000000000000000 ) ) ;
#320 = ORIENTED_EDGE ( 'NONE', *, *, #1407, .T. ) ;
#321 = CARTESIAN_POINT ( 'NONE',  ( -45.49316377120268129, 16.76722315455936752, 17.70414657390152158 ) ) ;
#322 = CARTESIAN_POINT ( 'NONE',  ( -57.50000000000004974, 9.000000000000001776, -40.00000000000000711 ) ) ;
#323 = VERTEX_POINT ( 'NONE', #2126 ) ;
#324 = FACE_OUTER_BOUND ( 'NONE', #522, .T. ) ;
#325 = DIRECTION ( 'NONE',  ( 2.775557561562888827E-14, 0.000000000000000000, 1.000000000000000000 ) ) ;
#326 = VERTEX_POINT ( 'NONE', #2148 ) ;
#327 = FACE_OUTER_BOUND ( 'NONE', #410, .T. ) ;
#328 = CARTESIAN_POINT ( 'NONE',  ( 23.04653895724218060, 9.000000000000001776, -32.00000000000000000 ) ) ;
#329 = ORIENTED_EDGE ( 'NONE', *, *, #1425, .T. ) ;
#330 = CYLINDRICAL_SURFACE ( 'NONE', #2144, 3.000000000000002665 ) ;
#331 = EDGE_CURVE ( 'NONE', #117, #799, #3247, .T. ) ;
#332 = DIRECTION ( 'NONE',  ( -0.000000000000000000, -0.000000000000000000, -1.000000000000000000 ) ) ;
#333 = ORIENTED_EDGE ( 'NONE', *, *, #196, .F. ) ;
#334 = EDGE_CURVE ( 'NONE', #2556, #1501, #949, .T. ) ;
#335 = CARTESIAN_POINT ( 'NONE',  ( 33.54999999999998295, 5.000000000000000000, -0.000000000000000000 ) ) ;
#336 = EDGE_LOOP ( 'NONE', ( #1725, #127, #1357, #2188, #1480, #320, #1138, #1956 ) ) ;
#337 = CARTESIAN_POINT ( 'NONE',  ( -46.63186271960250195, 16.65277135111479367, -14.92220308626148828 ) ) ;
#338 = CARTESIAN_POINT ( 'NONE',  ( -47.50000000000001421, 16.50000000000000000, 11.18722852442617466 ) ) ;
#339 = DIRECTION ( 'NONE',  ( 1.000000000000000000, -0.000000000000000000, -2.312964634635742957E-16 ) ) ;
#340 = EDGE_LOOP ( 'NONE', ( #2260, #1577, #2613, #2873 ) ) ;
#341 = CIRCLE ( 'NONE', #3018, 0.5000000000000004441 ) ;
#342 = CARTESIAN_POINT ( 'NONE',  ( 65.99999999999997158, 16.47295372330527030, -30.00000000000000355 ) ) ;
#343 = ADVANCED_FACE ( 'NONE', ( #3204, #1424, #162 ), #2215, .F. ) ;
#344 = CARTESIAN_POINT ( 'NONE',  ( 0.000000000000000000, 5.000000000000000000, 0.000000000000000000 ) ) ;
#345 = EDGE_LOOP ( 'NONE', ( #1080, #1906, #2316, #240 ) ) ;
#346 = CYLINDRICAL_SURFACE ( 'NONE', #209, 2.999999999999988898 ) ;
#347 =( NAMED_UNIT ( * ) SI_UNIT ( $, .STERADIAN. ) SOLID_ANGLE_UNIT ( ) );
#348 = CARTESIAN_POINT ( 'NONE',  ( 18.04999999999998650, 17.00000000000000000, -2.087450582758756556E-15 ) ) ;
#349 = ORIENTED_EDGE ( 'NONE', *, *, #2266, .T. ) ;
#350 = CIRCLE ( 'NONE', #1129, 4.500000000000000888 ) ;
#351 = CARTESIAN_POINT ( 'NONE',  ( -42.00000000000002132, 36.59591794226542305, 3.135247200798638764E-15 ) ) ;
#352 = ORIENTED_EDGE ( 'NONE', *, *, #375, .F. ) ;
#353 = CARTESIAN_POINT ( 'NONE',  ( -46.22695928142682931, 16.70841394699870008, -16.26531923392220236 ) ) ;
#354 = AXIS2_PLACEMENT_3D ( 'NONE', #27, #1013, #2019 ) ;
#355 = EDGE_CURVE ( 'NONE', #64, #3109, #1953, .T. ) ;
#356 = AXIS2_PLACEMENT_3D ( 'NONE', #2481, #2726, #961 ) ;
#357 = MECHANICAL_DESIGN_GEOMETRIC_PRESENTATION_REPRESENTATION (  '', ( #2611 ), #614 ) ;
#358 = DIRECTION ( 'NONE',  ( 0.000000000000000000, 0.000000000000000000, -1.000000000000000000 ) ) ;
#359 = DIRECTION ( 'NONE',  ( -1.000000000000000000, 0.000000000000000000, 0.000000000000000000 ) ) ;
#360 = VERTEX_POINT ( 'NONE', #2969 ) ;
#361 = DIRECTION ( 'NONE',  ( 0.000000000000000000, -0.3162277660168377191, 0.9486832980505138790 ) ) ;
#362 = LINE ( 'NONE', #931, #1451 ) ;
#363 = AXIS2_PLACEMENT_3D ( 'NONE', #1517, #2553, #271 ) ;
#364 = ORIENTED_EDGE ( 'NONE', *, *, #355, .T. ) ;
#365 = LINE ( 'NONE', #3121, #2569 ) ;
#366 = PRODUCT_DEFINITION ( 'General', '', #1367, #2284 ) ;
#367 = CARTESIAN_POINT ( 'NONE',  ( -94.00000000000001421, 16.50000000000000000, 35.00000000000000000 ) ) ;
#368 = ORIENTED_EDGE ( 'NONE', *, *, #503, .F. ) ;
#369 = PLANE ( 'NONE',  #1735 ) ;
#370 = ORIENTED_EDGE ( 'NONE', *, *, #967, .T. ) ;
#371 = CARTESIAN_POINT ( 'NONE',  ( -45.40868451055436594, 17.00000000000000000, -18.53080134416377689 ) ) ;
#372 = CIRCLE ( 'NONE', #3046, 28.50000000000000000 ) ;
#373 = DIRECTION ( 'NONE',  ( -0.000000000000000000, -0.000000000000000000, 1.000000000000000000 ) ) ;
#374 = CARTESIAN_POINT ( 'NONE',  ( -94.00000000000001421, 12.00000000000000000, -35.00000000000000000 ) ) ;
#375 = EDGE_CURVE ( 'NONE', #2417, #2761, #1247, .T. ) ;
#376 = ORIENTED_EDGE ( 'NONE', *, *, #1233, .F. ) ;
#377 = CARTESIAN_POINT ( 'NONE',  ( 65.49999999999997158, 12.55563958360574439, 18.24805758090141694 ) ) ;
#378 = CARTESIAN_POINT ( 'NONE',  ( 68.99999999999995737, 9.000000000000001776, 32.00000000000000000 ) ) ;
#379 = EDGE_CURVE ( 'NONE', #917, #2074, #2177, .T. ) ;
#380 = ORIENTED_EDGE ( 'NONE', *, *, #615, .T. ) ;
#381 = FACE_OUTER_BOUND ( 'NONE', #1731, .T. ) ;
#382 = DIRECTION ( 'NONE',  ( 1.000000000000000000, 0.000000000000000000, 0.000000000000000000 ) ) ;
#383 = SURFACE_STYLE_FILL_AREA ( #3142 ) ;
#384 = ORIENTED_EDGE ( 'NONE', *, *, #1579, .F. ) ;
#385 = EDGE_CURVE ( 'NONE', #326, #1208, #2563, .T. ) ;
#386 = CARTESIAN_POINT ( 'NONE',  ( 72.00000000000000000, 9.000000000000001776, 32.00000000000000000 ) ) ;
#387 = VERTEX_POINT ( 'NONE', #2954 ) ;
#388 = CARTESIAN_POINT ( 'NONE',  ( -45.84214763694374284, 16.74279924425430011, -17.10365563800374744 ) ) ;
#389 = DIRECTION ( 'NONE',  ( 1.000000000000000000, 0.000000000000000000, 0.000000000000000000 ) ) ;
#390 = DIRECTION ( 'NONE',  ( 2.312964634635742957E-16, -0.000000000000000000, 1.000000000000000000 ) ) ;
#391 = ORIENTED_EDGE ( 'NONE', *, *, #574, .F. ) ;
#392 = LINE ( 'NONE', #671, #247 ) ;
#393 = ORIENTED_EDGE ( 'NONE', *, *, #3200, .T. ) ;
#394 = LINE ( 'NONE', #1389, #1729 ) ;
#395 = ADVANCED_FACE ( 'NONE', ( #192 ), #929, .T. ) ;
#396 = DIRECTION ( 'NONE',  ( -0.000000000000000000, -0.000000000000000000, 1.000000000000000000 ) ) ;
#397 = EDGE_LOOP ( 'NONE', ( #2976, #440 ) ) ;
#398 = ORIENTED_EDGE ( 'NONE', *, *, #1497, .F. ) ;
#399 = DIRECTION ( 'NONE',  ( -2.973811673103097172E-16, 0.000000000000000000, -1.000000000000000000 ) ) ;
#400 = ADVANCED_FACE ( 'NONE', ( #1188 ), #2229, .F. ) ;
#401 = LINE ( 'NONE', #862, #2080 ) ;
#402 = CARTESIAN_POINT ( 'NONE',  ( 26.04653895724218415, 9.000000000000001776, -29.99999999999999289 ) ) ;
#403 = EDGE_LOOP ( 'NONE', ( #3066, #2572, #1267, #2688, #1973, #1121 ) ) ;
#404 = VECTOR ( 'NONE', #1572, 1000.000000000000000 ) ;
#405 = CIRCLE ( 'NONE', #558, 2.999999999999988898 ) ;
#406 = DIRECTION ( 'NONE',  ( -0.000000000000000000, -0.000000000000000000, 1.000000000000000000 ) ) ;
#407 = CIRCLE ( 'NONE', #1143, 3.000000000000002665 ) ;
#408 = VECTOR ( 'NONE', #1988, 1000.000000000000000 ) ;
#409 = DIRECTION ( 'NONE',  ( -1.000000000000000000, -0.000000000000000000, -0.000000000000000000 ) ) ;
#410 = EDGE_LOOP ( 'NONE', ( #1217, #243, #1711, #1847 ) ) ;
#411 = ORIENTED_EDGE ( 'NONE', *, *, #2437, .T. ) ;
#412 = VECTOR ( 'NONE', #406, 1000.000000000000000 ) ;
#413 = CARTESIAN_POINT ( 'NONE',  ( -94.00000000000001421, 0.000000000000000000, 35.00000000000000000 ) ) ;
#414 = CARTESIAN_POINT ( 'NONE',  ( 70.49999999999998579, 9.000000000000001776, 35.00000000000000000 ) ) ;
#415 = ADVANCED_FACE ( 'NONE', ( #1455 ), #1936, .F. ) ;
#416 = CIRCLE ( 'NONE', #1567, 2.999999999999988898 ) ;
#417 = ORIENTED_EDGE ( 'NONE', *, *, #2474, .T. ) ;
#418 = CARTESIAN_POINT ( 'NONE',  ( -54.50000000000004974, 9.000000000000001776, -32.00000000000000000 ) ) ;
#419 = ORIENTED_EDGE ( 'NONE', *, *, #486, .F. ) ;
#420 = ADVANCED_FACE ( 'NONE', ( #2466 ), #2693, .T. ) ;
#421 = CARTESIAN_POINT ( 'NONE',  ( -87.00000000000004263, 9.000000000000001776, 32.00000000000000000 ) ) ;
#422 = DIRECTION ( 'NONE',  ( 0.000000000000000000, 0.000000000000000000, 1.000000000000000000 ) ) ;
#423 = LINE ( 'NONE', #1090, #3237 ) ;
#424 = ORIENTED_EDGE ( 'NONE', *, *, #1198, .T. ) ;
#425 = AXIS2_PLACEMENT_3D ( 'NONE', #133, #2649, #1130 ) ;
#426 = CARTESIAN_POINT ( 'NONE',  ( -47.50000000000002842, 16.50000000000000000, -11.18722852442509463 ) ) ;
#427 = LINE ( 'NONE', #3154, #2184 ) ;
#428 = EDGE_LOOP ( 'NONE', ( #842, #724 ) ) ;
#429 = EDGE_CURVE ( 'NONE', #2502, #672, #1704, .T. ) ;
#430 = CARTESIAN_POINT ( 'NONE',  ( 65.99999999999997158, 16.47295372330527030, -30.00000000000000355 ) ) ;
#431 = CYLINDRICAL_SURFACE ( 'NONE', #1303, 1.500000000000001332 ) ;
#432 = DIRECTION ( 'NONE',  ( 0.000000000000000000, 0.000000000000000000, 1.000000000000000000 ) ) ;
#433 = VERTEX_POINT ( 'NONE', #2484 ) ;
#434 = DIRECTION ( 'NONE',  ( -1.000000000000000000, 0.000000000000000000, -0.000000000000000000 ) ) ;
#435 = ORIENTED_EDGE ( 'NONE', *, *, #1815, .T. ) ;
#436 = FACE_OUTER_BOUND ( 'NONE', #2857, .T. ) ;
#437 = EDGE_CURVE ( 'NONE', #2047, #3159, #720, .T. ) ;
#438 = DIRECTION ( 'NONE',  ( -1.000000000000000000, 0.000000000000000000, 0.000000000000000000 ) ) ;
#439 = DIRECTION ( 'NONE',  ( -1.000000000000000000, 0.000000000000000000, 0.000000000000000000 ) ) ;
#440 = ORIENTED_EDGE ( 'NONE', *, *, #1032, .T. ) ;
#441 = DIRECTION ( 'NONE',  ( 0.000000000000000000, -1.000000000000000000, 8.673617379884027899E-14 ) ) ;
#442 = CARTESIAN_POINT ( 'NONE',  ( -45.84248014815728567, 17.00000000000001066, 17.94266338331170019 ) ) ;
#443 = VERTEX_POINT ( 'NONE', #2655 ) ;
#444 = CARTESIAN_POINT ( 'NONE',  ( 18.54999999999999005, 17.00000000000000000, 30.00000000000000711 ) ) ;
#445 = LINE ( 'NONE', #2202, #2356 ) ;
#446 = EDGE_CURVE ( 'NONE', #3197, #283, #2729, .T. ) ;
#447 = CARTESIAN_POINT ( 'NONE',  ( -51.50000000000000711, 16.50000000000000000, 29.99833395190412588 ) ) ;
#448 = VERTEX_POINT ( 'NONE', #1223 ) ;
#449 = FACE_OUTER_BOUND ( 'NONE', #665, .T. ) ;
#450 = VERTEX_POINT ( 'NONE', #3233 ) ;
#451 = CARTESIAN_POINT ( 'NONE',  ( -46.44183198424686054, 16.68748884556962153, -15.75646268911774506 ) ) ;
#452 = CARTESIAN_POINT ( 'NONE',  ( -94.00000000000001421, 16.50000000000000000, -29.99833395190411878 ) ) ;
#453 = DIRECTION ( 'NONE',  ( 1.000000000000000000, -0.000000000000000000, -0.000000000000000000 ) ) ;
#454 = VERTEX_POINT ( 'NONE', #979 ) ;
#455 = CIRCLE ( 'NONE', #1393, 3.000000000000002665 ) ;
#456 = CARTESIAN_POINT ( 'NONE',  ( 24.54653895724218060, 9.000000000000001776, -40.00000000000000711 ) ) ;
#457 = EDGE_CURVE ( 'NONE', #1944, #1582, #1983, .T. ) ;
#458 = VECTOR ( 'NONE', #1441, 1000.000000000000000 ) ;
#459 = CARTESIAN_POINT ( 'NONE',  ( 70.49999999999998579, 9.000000000000001776, 32.00000000000000000 ) ) ;
#460 = ORIENTED_EDGE ( 'NONE', *, *, #2585, .T. ) ;
#461 = LINE ( 'NONE', #2681, #408 ) ;
#462 = DIRECTION ( 'NONE',  ( 1.000000000000000000, 0.000000000000000000, 0.000000000000000000 ) ) ;
#463 = CIRCLE ( 'NONE', #1560, 2.999999999999988898 ) ;
#464 = CARTESIAN_POINT ( 'NONE',  ( -45.07911461469263514, 17.00000000000000000, -18.88830083103752244 ) ) ;
#465 = CIRCLE ( 'NONE', #2084, 0.5000000000000004441 ) ;
#466 = ORIENTED_EDGE ( 'NONE', *, *, #813, .F. ) ;
#467 = TOROIDAL_SURFACE ( 'NONE', #1039, 28.50000000000000000, 0.5000000000000000000 ) ;
#468 = DIRECTION ( 'NONE',  ( -1.000000000000000000, 0.000000000000000000, 0.000000000000000000 ) ) ;
#469 = ORIENTED_EDGE ( 'NONE', *, *, #1961, .T. ) ;
#470 = CIRCLE ( 'NONE', #2989, 3.000000000000002665 ) ;
#471 = DIRECTION ( 'NONE',  ( 1.000000000000000000, -0.000000000000000000, 0.000000000000000000 ) ) ;
#472 = DIRECTION ( 'NONE',  ( 1.000000000000000000, 0.000000000000000000, 0.000000000000000000 ) ) ;
#473 = DIRECTION ( 'NONE',  ( 6.938893903907222067E-15, 1.000000000000000000, 0.000000000000000000 ) ) ;
#474 = ORIENTED_EDGE ( 'NONE', *, *, #2973, .F. ) ;
#475 = CARTESIAN_POINT ( 'NONE',  ( -52.00000000000002132, 17.00000000000000000, -29.99833395190412233 ) ) ;
#476 = AXIS2_PLACEMENT_3D ( 'NONE', #488, #1487, #2494 ) ;
#477 = ADVANCED_FACE ( 'NONE', ( #1406 ), #2415, .F. ) ;
#478 = CYLINDRICAL_SURFACE ( 'NONE', #2558, 0.5000000000000004441 ) ;
#479 = ORIENTED_EDGE ( 'NONE', *, *, #1216, .F. ) ;
#480 = CIRCLE ( 'NONE', #579, 1.500000000000001332 ) ;
#481 = ADVANCED_FACE ( 'NONE', ( #1523 ), #3253, .F. ) ;
#482 = CARTESIAN_POINT ( 'NONE',  ( -43.89608922372564592, 17.00000000000000000, -19.76233845866780214 ) ) ;
#483 = ORIENTED_EDGE ( 'NONE', *, *, #2568, .T. ) ;
#484 = CARTESIAN_POINT ( 'NONE',  ( -90.00000000000004263, 9.000000000000001776, -40.00000000000000711 ) ) ;
#485 = DIRECTION ( 'NONE',  ( 0.000000000000000000, 1.000000000000000000, -0.000000000000000000 ) ) ;
#486 = EDGE_CURVE ( 'NONE', #90, #802, #2557, .T. ) ;
#487 = CARTESIAN_POINT ( 'NONE',  ( 33.54999999999998295, 16.47295372330527030, 30.00000000000000711 ) ) ;
#488 = CARTESIAN_POINT ( 'NONE',  ( 32.99999999999995737, 12.55563958360573018, 18.24805758090139562 ) ) ;
#489 = VERTEX_POINT ( 'NONE', #1307 ) ;
#490 = DIRECTION ( 'NONE',  ( -0.000000000000000000, -0.000000000000000000, -1.000000000000000000 ) ) ;
#491 = CARTESIAN_POINT ( 'NONE',  ( 26.04653895724218415, 9.000000000000001776, -35.00000000000000000 ) ) ;
#492 = ORIENTED_EDGE ( 'NONE', *, *, #1331, .F. ) ;
#493 = FACE_BOUND ( 'NONE', #397, .T. ) ;
#494 = LINE ( 'NONE', #2220, #2724 ) ;
#495 = EDGE_CURVE ( 'NONE', #448, #23, #10, .T. ) ;
#496 = VERTEX_POINT ( 'NONE', #2030 ) ;
#497 = CARTESIAN_POINT ( 'NONE',  ( -52.00000000000002132, 17.00000000000000000, -29.99833395190412233 ) ) ;
#498 = LINE ( 'NONE', #2526, #938 ) ;
#499 = CARTESIAN_POINT ( 'NONE',  ( -46.37805092826577891, 16.69057955636318624, 15.83393104612504665 ) ) ;
#500 = FACE_OUTER_BOUND ( 'NONE', #2209, .T. ) ;
#501 = ORIENTED_EDGE ( 'NONE', *, *, #3157, .T. ) ;
#502 = DIRECTION ( 'NONE',  ( 1.000000000000000000, 0.000000000000000000, 0.000000000000000000 ) ) ;
#503 = EDGE_CURVE ( 'NONE', #1351, #90, #3017, .T. ) ;
#504 = CARTESIAN_POINT ( 'NONE',  ( -46.33812250450742454, 16.99999999999999645, 17.09895764558239861 ) ) ;
#505 = ORIENTED_EDGE ( 'NONE', *, *, #3220, .F. ) ;
#506 = LINE ( 'NONE', #2265, #1348 ) ;
#507 = AXIS2_PLACEMENT_3D ( 'NONE', #1650, #2430, #1888 ) ;
#508 = DIRECTION ( 'NONE',  ( 1.156482317317871478E-16, -0.000000000000000000, 1.000000000000000000 ) ) ;
#509 = VECTOR ( 'NONE', #588, 1000.000000000000000 ) ;
#510 = VERTEX_POINT ( 'NONE', #2531 ) ;
#511 = TOROIDAL_SURFACE ( 'NONE', #669, 4.500000000000000888, 0.5000000000000000000 ) ;
#512 = UNCERTAINTY_MEASURE_WITH_UNIT (LENGTH_MEASURE( 1.000000000000000082E-05 ), #2598, 'distance_accuracy_value', 'NONE');
#513 = EDGE_CURVE ( 'NONE', #2696, #1892, #2048, .T. ) ;
#514 = LINE ( 'NONE', #497, #739 ) ;
#515 = DIRECTION ( 'NONE',  ( -0.000000000000000000, -0.7090880674648494253, 0.7051199277987859615 ) ) ;
#516 = CIRCLE ( 'NONE', #1140, 1.500000000000015099 ) ;
#517 = VECTOR ( 'NONE', #228, 1000.000000000000000 ) ;
#518 = ADVANCED_FACE ( 'NONE', ( #1287 ), #275, .F. ) ;
#519 = VECTOR ( 'NONE', #485, 1000.000000000000000 ) ;
#520 = CARTESIAN_POINT ( 'NONE',  ( -45.61559132670560501, 17.00000000000042633, 17.78623884331755534 ) ) ;
#521 = CARTESIAN_POINT ( 'NONE',  ( 33.54999999999998295, 12.55563958360574262, -18.24805758090140628 ) ) ;
#522 = EDGE_LOOP ( 'NONE', ( #636, #2393, #1912, #837 ) ) ;
#523 = DIRECTION ( 'NONE',  ( -2.312964634635742957E-16, 0.000000000000000000, -1.000000000000000000 ) ) ;
#524 = VECTOR ( 'NONE', #1626, 1000.000000000000000 ) ;
#525 = DIRECTION ( 'NONE',  ( -1.000000000000000000, 0.000000000000000000, -6.938893903907222067E-15 ) ) ;
#526 = ORIENTED_EDGE ( 'NONE', *, *, #1440, .T. ) ;
#527 = DIRECTION ( 'NONE',  ( -1.000000000000000000, -0.000000000000000000, -0.000000000000000000 ) ) ;
#528 = CARTESIAN_POINT ( 'NONE',  ( -43.20652136437364987, 16.99999999999999645, -20.02721728565905579 ) ) ;
#529 = ORIENTED_EDGE ( 'NONE', *, *, #3211, .F. ) ;
#530 = AXIS2_PLACEMENT_3D ( 'NONE', #1697, #2720, #468 ) ;
#531 = ORIENTED_EDGE ( 'NONE', *, *, #2732, .F. ) ;
#532 = LINE ( 'NONE', #1532, #948 ) ;
#533 = CARTESIAN_POINT ( 'NONE',  ( -51.50000000000000711, 17.00000000000000000, 29.99833395190412588 ) ) ;
#534 = CARTESIAN_POINT ( 'NONE',  ( -46.94521263010167900, 16.57655264350511359, 13.08477135643497213 ) ) ;
#535 = ORIENTED_EDGE ( 'NONE', *, *, #265, .F. ) ;
#536 = DIRECTION ( 'NONE',  ( -0.000000000000000000, -0.000000000000000000, 1.000000000000000000 ) ) ;
#537 = EDGE_CURVE ( 'NONE', #688, #181, #779, .T. ) ;
#538 = LINE ( 'NONE', #1525, #1292 ) ;
#539 = VERTEX_POINT ( 'NONE', #24 ) ;
#540 = FACE_OUTER_BOUND ( 'NONE', #1640, .T. ) ;
#541 = CARTESIAN_POINT ( 'NONE',  ( -88.50000000000004263, 12.00000000000000000, -35.00000000000000000 ) ) ;
#542 = EDGE_LOOP ( 'NONE', ( #2337, #1838, #2896, #2495 ) ) ;
#543 = EDGE_CURVE ( 'NONE', #2641, #2371, #1775, .T. ) ;
#544 = CARTESIAN_POINT ( 'NONE',  ( 29.04653895724218415, 9.000000000000001776, 32.00000000000000000 ) ) ;
#545 = CARTESIAN_POINT ( 'NONE',  ( 18.04999999999999005, 16.50000000000000000, 30.00000000000000711 ) ) ;
#546 = CARTESIAN_POINT ( 'NONE',  ( -47.00000000000002132, 16.50000000000000000, 11.18722852442617466 ) ) ;
#547 = DIRECTION ( 'NONE',  ( 1.000000000000000000, -0.000000000000000000, -0.000000000000000000 ) ) ;
#548 = EDGE_LOOP ( 'NONE', ( #3025, #2161 ) ) ;
#549 = FACE_OUTER_BOUND ( 'NONE', #988, .T. ) ;
#550 = SPHERICAL_SURFACE ( 'NONE', #2293, 0.5000000000000000000 ) ;
#551 = EDGE_CURVE ( 'NONE', #2066, #3102, #2801, .T. ) ;
#552 = ORIENTED_EDGE ( 'NONE', *, *, #1481, .T. ) ;
#553 = CARTESIAN_POINT ( 'NONE',  ( 93.99999999999998579, 5.000000000000000000, -30.00000000000000000 ) ) ;
#554 = CARTESIAN_POINT ( 'NONE',  ( -88.50000000000004263, 9.000000000000001776, -35.00000000000000000 ) ) ;
#555 = EDGE_LOOP ( 'NONE', ( #269, #2283 ) ) ;
#556 = CIRCLE ( 'NONE', #2656, 1.500000000000015099 ) ;
#557 = AXIS2_PLACEMENT_3D ( 'NONE', #2917, #2612, #2657 ) ;
#558 = AXIS2_PLACEMENT_3D ( 'NONE', #2464, #2175, #977 ) ;
#559 = DIRECTION ( 'NONE',  ( -0.000000000000000000, -1.000000000000000000, -0.000000000000000000 ) ) ;
#560 = DIRECTION ( 'NONE',  ( 1.000000000000000000, -0.000000000000000000, 0.000000000000000000 ) ) ;
#561 = ORIENTED_EDGE ( 'NONE', *, *, #813, .T. ) ;
#562 = COLOUR_RGB ( '',0.2509803921568627416, 0.2509803921568627416, 0.2509803921568627416 ) ;
#563 = CARTESIAN_POINT ( 'NONE',  ( -45.94374773120166111, 16.73445124805925843, 16.89956489211191482 ) ) ;
#564 = VECTOR ( 'NONE', #1649, 1000.000000000000000 ) ;
#565 = DIRECTION ( 'NONE',  ( 1.000000000000000000, 0.000000000000000000, -0.000000000000000000 ) ) ;
#566 = ORIENTED_EDGE ( 'NONE', *, *, #794, .F. ) ;
#567 = CIRCLE ( 'NONE', #2405, 1.500000000000015099 ) ;
#568 = CARTESIAN_POINT ( 'NONE',  ( -42.00000000000002842, 17.00000000000000000, -20.20900992274818009 ) ) ;
#569 = AXIS2_PLACEMENT_3D ( 'NONE', #447, #2205, #2716 ) ;
#570 = DIRECTION ( 'NONE',  ( -1.734723475976805517E-14, 1.000000000000000000, -4.814824860968080664E-28 ) ) ;
#571 = ORIENTED_EDGE ( 'NONE', *, *, #2020, .T. ) ;
#572 = DIRECTION ( 'NONE',  ( -0.000000000000000000, -0.000000000000000000, 1.000000000000000000 ) ) ;
#573 = AXIS2_PLACEMENT_3D ( 'NONE', #3208, #3172, #2451 ) ;
#574 = EDGE_CURVE ( 'NONE', #1311, #2502, #2193, .T. ) ;
#575 = CYLINDRICAL_SURFACE ( 'NONE', #2826, 0.5000000000000004441 ) ;
#576 = EDGE_LOOP ( 'NONE', ( #2800, #391, #1176, #2157 ) ) ;
#577 = DIRECTION ( 'NONE',  ( -0.000000000000000000, -0.000000000000000000, 1.000000000000000000 ) ) ;
#578 = ADVANCED_FACE ( 'NONE', ( #2496 ), #1537, .F. ) ;
#579 = AXIS2_PLACEMENT_3D ( 'NONE', #3110, #907, #118 ) ;
#580 = FACE_BOUND ( 'NONE', #1454, .T. ) ;
#581 = ORIENTED_EDGE ( 'NONE', *, *, #1127, .F. ) ;
#582 = CARTESIAN_POINT ( 'NONE',  ( -57.50000000000004974, 9.000000000000001776, 32.00000000000000000 ) ) ;
#583 = DIRECTION ( 'NONE',  ( -0.000000000000000000, -0.000000000000000000, 1.000000000000000000 ) ) ;
#584 = VERTEX_POINT ( 'NONE', #3033 ) ;
#585 = CARTESIAN_POINT ( 'NONE',  ( -44.90782855276814445, 17.00000000000000000, -18.70864777891788577 ) ) ;
#586 = EDGE_CURVE ( 'NONE', #1507, #2426, #567, .T. ) ;
#587 = CARTESIAN_POINT ( 'NONE',  ( -57.50000000000004974, 9.000000000000001776, -32.00000000000000000 ) ) ;
#588 = DIRECTION ( 'NONE',  ( -0.000000000000000000, -1.000000000000000000, -0.000000000000000000 ) ) ;
#589 = ORIENTED_EDGE ( 'NONE', *, *, #1885, .F. ) ;
#590 = DIRECTION ( 'NONE',  ( 0.000000000000000000, 0.000000000000000000, -1.000000000000000000 ) ) ;
#591 = ORIENTED_EDGE ( 'NONE', *, *, #959, .F. ) ;
#592 = DIRECTION ( 'NONE',  ( -0.000000000000000000, -0.000000000000000000, 1.000000000000000000 ) ) ;
#593 = ADVANCED_FACE ( 'NONE', ( #549 ), #3002, .T. ) ;
#594 = CARTESIAN_POINT ( 'NONE',  ( -93.50000000000001421, 5.000000000000000000, -34.50000000000000000 ) ) ;
#595 = VERTEX_POINT ( 'NONE', #2545 ) ;
#596 = DIRECTION ( 'NONE',  ( 1.000000000000000000, 0.000000000000000000, 0.000000000000000000 ) ) ;
#597 = VERTEX_POINT ( 'NONE', #2292 ) ;
#598 = CARTESIAN_POINT ( 'NONE',  ( -45.09880410130165984, 16.78981762649804921, -18.26385057962201230 ) ) ;
#599 = DIRECTION ( 'NONE',  ( -0.000000000000000000, 0.3162277660168377191, -0.9486832980505138790 ) ) ;
#600 = CARTESIAN_POINT ( 'NONE',  ( -57.50000000000004974, 9.000000000000001776, -35.00000000000000000 ) ) ;
#601 = ORIENTED_EDGE ( 'NONE', *, *, #1767, .T. ) ;
#602 = ADVANCED_FACE ( 'NONE', ( #42 ), #3051, .T. ) ;
#603 = DIRECTION ( 'NONE',  ( 0.000000000000000000, 0.000000000000000000, -1.000000000000000000 ) ) ;
#604 = DIRECTION ( 'NONE',  ( 0.000000000000000000, 0.000000000000000000, 1.000000000000000000 ) ) ;
#605 = EDGE_LOOP ( 'NONE', ( #3097, #1165, #376, #1683 ) ) ;
#606 = DIRECTION ( 'NONE',  ( -1.000000000000000000, 0.000000000000000000, 0.000000000000000000 ) ) ;
#607 = DIRECTION ( 'NONE',  ( 1.000000000000000000, 0.000000000000000000, 0.000000000000000000 ) ) ;
#608 = EDGE_LOOP ( 'NONE', ( #311, #712 ) ) ;
#609 = ADVANCED_FACE ( 'NONE', ( #2061 ), #1504, .T. ) ;
#610 = VECTOR ( 'NONE', #2939, 1000.000000000000000 ) ;
#611 = LINE ( 'NONE', #3096, #2473 ) ;
#612 = ORIENTED_EDGE ( 'NONE', *, *, #3149, .T. ) ;
#613 = LINE ( 'NONE', #2622, #96 ) ;
#614 =( GEOMETRIC_REPRESENTATION_CONTEXT ( 3 ) GLOBAL_UNCERTAINTY_ASSIGNED_CONTEXT ( ( #1648 ) ) GLOBAL_UNIT_ASSIGNED_CONTEXT ( ( #312, #1373, #620 ) ) REPRESENTATION_CONTEXT ( 'NONE', 'WORKASPACE' ) );
#615 = EDGE_CURVE ( 'NONE', #1286, #2228, #613, .T. ) ;
#616 = CIRCLE ( 'NONE', #3085, 2.999999999999988898 ) ;
#617 = CARTESIAN_POINT ( 'NONE',  ( 26.04653895724218415, 9.000000000000001776, -35.00000000000000000 ) ) ;
#618 = CARTESIAN_POINT ( 'NONE',  ( -59.00000000000004974, 9.000000000000001776, -29.99833395190412233 ) ) ;
#619 = ORIENTED_EDGE ( 'NONE', *, *, #1179, .F. ) ;
#620 =( NAMED_UNIT ( * ) SI_UNIT ( $, .STERADIAN. ) SOLID_ANGLE_UNIT ( ) );
#621 = VECTOR ( 'NONE', #2438, 1000.000000000000000 ) ;
#622 = CARTESIAN_POINT ( 'NONE',  ( 67.49999999999998579, 9.000000000000001776, 32.00000000000000000 ) ) ;
#623 = VECTOR ( 'NONE', #2182, 1000.000000000000000 ) ;
#624 = ORIENTED_EDGE ( 'NONE', *, *, #2303, .F. ) ;
#625 = CARTESIAN_POINT ( 'NONE',  ( 2.003259653670829918E-15, 17.00000000000000000, 20.20900992274818719 ) ) ;
#626 = APPLICATION_PROTOCOL_DEFINITION ( 'draft international standard', 'automotive_design', 1998, #2009 ) ;
#627 = LINE ( 'NONE', #348, #1249 ) ;
#628 = ORIENTED_EDGE ( 'NONE', *, *, #586, .F. ) ;
#629 = DIRECTION ( 'NONE',  ( 0.000000000000000000, 0.000000000000000000, 1.000000000000000000 ) ) ;
#630 = EDGE_LOOP ( 'NONE', ( #2320, #1558, #2524, #2882 ) ) ;
#631 = CARTESIAN_POINT ( 'NONE',  ( -43.72371747724127999, 16.83609813142209788, -19.43187664828480621 ) ) ;
#632 = AXIS2_PLACEMENT_3D ( 'NONE', #1065, #2055, #3058 ) ;
#633 = UNCERTAINTY_MEASURE_WITH_UNIT (LENGTH_MEASURE( 1.000000000000000082E-05 ), #1859, 'distance_accuracy_value', 'NONE');
#634 = PLANE ( 'NONE',  #2879 ) ;
#635 = CARTESIAN_POINT ( 'NONE',  ( -42.00000000000001421, 16.85255996389939526, 19.85446588901576703 ) ) ;
#636 = ORIENTED_EDGE ( 'NONE', *, *, #1051, .T. ) ;
#637 = CARTESIAN_POINT ( 'NONE',  ( 0.000000000000000000, 5.000000000000000000, 0.000000000000000000 ) ) ;
#638 = EDGE_CURVE ( 'NONE', #2176, #1755, #1571, .T. ) ;
#639 = LINE ( 'NONE', #1919, #1926 ) ;
#640 = VERTEX_POINT ( 'NONE', #2575 ) ;
#641 = CARTESIAN_POINT ( 'NONE',  ( -90.00000000000004263, 9.000000000000001776, -29.99833395190411878 ) ) ;
#642 = DIRECTION ( 'NONE',  ( -8.260587980841938780E-17, 0.000000000000000000, -1.000000000000000000 ) ) ;
#643 = ADVANCED_FACE ( 'NONE', ( #324 ), #467, .T. ) ;
#644 = ORIENTED_EDGE ( 'NONE', *, *, #265, .T. ) ;
#645 = CARTESIAN_POINT ( 'NONE',  ( 65.49999999999997158, 12.93970925037628206, 17.92791621983294803 ) ) ;
#646 = ORIENTED_EDGE ( 'NONE', *, *, #2149, .T. ) ;
#647 = CARTESIAN_POINT ( 'NONE',  ( -59.00000000000004974, 9.000000000000001776, 29.99833395190412588 ) ) ;
#648 = DIRECTION ( 'NONE',  ( 0.000000000000000000, -1.000000000000000000, 0.000000000000000000 ) ) ;
#649 = CARTESIAN_POINT ( 'NONE',  ( -44.15878022188703511, 16.82444494594373907, 19.13549493589581729 ) ) ;
#650 = ORIENTED_EDGE ( 'NONE', *, *, #3220, .T. ) ;
#651 = LINE ( 'NONE', #884, #2455 ) ;
#652 = ADVANCED_FACE ( 'NONE', ( #2850 ), #2964, .T. ) ;
#653 = CARTESIAN_POINT ( 'NONE',  ( -94.00000000000001421, 5.000000000000000000, 29.99833395190412588 ) ) ;
#654 = VERTEX_POINT ( 'NONE', #1913 ) ;
#655 = ORIENTED_EDGE ( 'NONE', *, *, #897, .T. ) ;
#656 = DIRECTION ( 'NONE',  ( -0.000000000000000000, -1.000000000000000000, -0.000000000000000000 ) ) ;
#657 = EDGE_CURVE ( 'NONE', #584, #2417, #1471, .T. ) ;
#658 = CARTESIAN_POINT ( 'NONE',  ( 26.04653895724218415, 9.000000000000001776, 32.00000000000000000 ) ) ;
#659 = ORIENTED_EDGE ( 'NONE', *, *, #1020, .F. ) ;
#660 = CARTESIAN_POINT ( 'NONE',  ( 65.49999999999997158, 34.44761058952722266, 3.469446951953614189E-15 ) ) ;
#661 = VERTEX_POINT ( 'NONE', #685 ) ;
#662 = CARTESIAN_POINT ( 'NONE',  ( -45.15801420003270295, 16.78688868346750240, -18.19084952319537862 ) ) ;
#663 = FACE_OUTER_BOUND ( 'NONE', #336, .T. ) ;
#664 = DIRECTION ( 'NONE',  ( -0.000000000000000000, -0.000000000000000000, 1.000000000000000000 ) ) ;
#665 = EDGE_LOOP ( 'NONE', ( #2180, #1589, #2342, #2736, #187, #1033, #203, #903, #2940, #3031, #234, #1698, #2815, #928, #2243, #921, #3177, #619, #1419, #2218 ) ) ;
#666 = CIRCLE ( 'NONE', #980, 2.999999999999988898 ) ;
#667 = AXIS2_PLACEMENT_3D ( 'NONE', #2691, #1453, #439 ) ;
#668 = CARTESIAN_POINT ( 'NONE',  ( -57.50000000000004974, 9.000000000000001776, -32.00000000000000000 ) ) ;
#669 = AXIS2_PLACEMENT_3D ( 'NONE', #2591, #2123, #3129 ) ;
#670 = CIRCLE ( 'NONE', #1721, 0.5000000000000001110 ) ;
#671 = CARTESIAN_POINT ( 'NONE',  ( -94.00000000000001421, 17.00000000000000000, 29.99833395190412588 ) ) ;
#672 = VERTEX_POINT ( 'NONE', #2458 ) ;
#673 = CARTESIAN_POINT ( 'NONE',  ( 93.49999999999998579, 12.00000000000000000, 34.50000000000000000 ) ) ;
#674 = AXIS2_PLACEMENT_3D ( 'NONE', #582, #2907, #1126 ) ;
#675 = AXIS2_PLACEMENT_3D ( 'NONE', #1551, #2276, #764 ) ;
#676 = LINE ( 'NONE', #919, #152 ) ;
#677 = ADVANCED_FACE ( 'NONE', ( #2689 ), #1728, .T. ) ;
#678 = AXIS2_PLACEMENT_3D ( 'NONE', #66, #2830, #1628 ) ;
#679 = CARTESIAN_POINT ( 'NONE',  ( 67.49999999999998579, 9.000000000000001776, -32.00000000000000000 ) ) ;
#680 = ADVANCED_FACE ( 'NONE', ( #436 ), #1899, .F. ) ;
#681 = CIRCLE ( 'NONE', #1886, 1.500000000000001332 ) ;
#682 = VERTEX_POINT ( 'NONE', #421 ) ;
#683 = LINE ( 'NONE', #1202, #2420 ) ;
#684 = ORIENTED_EDGE ( 'NONE', *, *, #2507, .F. ) ;
#685 = CARTESIAN_POINT ( 'NONE',  ( -60.50000000000005684, 9.000000000000001776, 32.00000000000000000 ) ) ;
#686 = DIRECTION ( 'NONE',  ( 1.000000000000000000, 0.000000000000000000, 0.000000000000000000 ) ) ;
#687 = CARTESIAN_POINT ( 'NONE',  ( 33.54999999999998295, 34.44761058952722266, 3.469446951953614189E-15 ) ) ;
#688 = VERTEX_POINT ( 'NONE', #647 ) ;
#689 = AXIS2_PLACEMENT_3D ( 'NONE', #2456, #2687, #434 ) ;
#690 = DIRECTION ( 'NONE',  ( -1.000000000000000000, -0.000000000000000000, 9.912705577010325549E-17 ) ) ;
#691 = EDGE_CURVE ( 'NONE', #1111, #2074, #1937, .T. ) ;
#692 = FACE_BOUND ( 'NONE', #555, .T. ) ;
#693 = VERTEX_POINT ( 'NONE', #1204 ) ;
#694 = FACE_OUTER_BOUND ( 'NONE', #2853, .T. ) ;
#695 = DIRECTION ( 'NONE',  ( 1.000000000000000000, 0.000000000000000000, 0.000000000000000000 ) ) ;
#696 = CARTESIAN_POINT ( 'NONE',  ( 0.000000000000000000, 12.00000000000000000, -30.00000000000000355 ) ) ;
#697 = ORIENTED_EDGE ( 'NONE', *, *, #255, .F. ) ;
#698 = EDGE_CURVE ( 'NONE', #539, #2368, #989, .T. ) ;
#699 = DIRECTION ( 'NONE',  ( -0.000000000000000000, -0.000000000000000000, 1.000000000000000000 ) ) ;
#700 = ORIENTED_EDGE ( 'NONE', *, *, #3211, .T. ) ;
#701 = CYLINDRICAL_SURFACE ( 'NONE', #2409, 28.00000000000000000 ) ;
#702 = DIRECTION ( 'NONE',  ( -1.000000000000000000, 0.000000000000000000, -0.000000000000000000 ) ) ;
#703 = CARTESIAN_POINT ( 'NONE',  ( 72.00000000000000000, 9.000000000000001776, -40.00000000000000711 ) ) ;
#704 = ORIENTED_EDGE ( 'NONE', *, *, #2922, .F. ) ;
#705 = CARTESIAN_POINT ( 'NONE',  ( 34.04999999999998295, 16.52565835097474434, 30.15811388300842211 ) ) ;
#706 = CARTESIAN_POINT ( 'NONE',  ( -47.50000000000002132, 17.00000000000000000, 12.16349808160639334 ) ) ;
#707 = VERTEX_POINT ( 'NONE', #2210 ) ;
#708 = CARTESIAN_POINT ( 'NONE',  ( 65.79289321881341834, 17.00000000000000000, -30.00000000000000355 ) ) ;
#709 = DIRECTION ( 'NONE',  ( 0.000000000000000000, 0.000000000000000000, 1.000000000000000000 ) ) ;
#710 = AXIS2_PLACEMENT_3D ( 'NONE', #795, #2543, #2028 ) ;
#711 = CARTESIAN_POINT ( 'NONE',  ( -45.84337110371471624, 16.99999999999999645, -17.94136604143130143 ) ) ;
#712 = ORIENTED_EDGE ( 'NONE', *, *, #2503, .T. ) ;
#713 = DIRECTION ( 'NONE',  ( 1.000000000000000000, 0.000000000000000000, 0.000000000000000000 ) ) ;
#714 = VERTEX_POINT ( 'NONE', #3199 ) ;
#715 = DIRECTION ( 'NONE',  ( 0.000000000000000000, 0.000000000000000000, -1.000000000000000000 ) ) ;
#716 = EDGE_CURVE ( 'NONE', #2915, #2551, #1141, .T. ) ;
#717 = PLANE ( 'NONE',  #1877 ) ;
#718 = DIRECTION ( 'NONE',  ( -1.000000000000000000, 6.938893903907222856E-15, 6.900063042971792654E-15 ) ) ;
#719 = ORIENTED_EDGE ( 'NONE', *, *, #92, .T. ) ;
#720 = LINE ( 'NONE', #1720, #517 ) ;
#721 = ADVANCED_FACE ( 'NONE', ( #2950 ), #701, .F. ) ;
#722 = CIRCLE ( 'NONE', #1028, 1.500000000000015099 ) ;
#723 = DIRECTION ( 'NONE',  ( 0.000000000000000000, -0.9486832980505137680, 0.3162277660168382187 ) ) ;
#724 = ORIENTED_EDGE ( 'NONE', *, *, #154, .T. ) ;
#725 = DIRECTION ( 'NONE',  ( 0.000000000000000000, 0.000000000000000000, 1.000000000000000000 ) ) ;
#726 = VECTOR ( 'NONE', #2822, 1000.000000000000000 ) ;
#727 = LINE ( 'NONE', #2253, #1773 ) ;
#728 = AXIS2_PLACEMENT_3D ( 'NONE', #3166, #2432, #1917 ) ;
#729 = ORIENTED_EDGE ( 'NONE', *, *, #1062, .F. ) ;
#730 = ADVANCED_FACE ( 'NONE', ( #895 ), #1647, .T. ) ;
#731 = AXIS2_PLACEMENT_3D ( 'NONE', #266, #2267, #801 ) ;
#732 = CARTESIAN_POINT ( 'NONE',  ( -94.00000000000001421, 12.00000000000000000, 30.00000000000000355 ) ) ;
#733 = TOROIDAL_SURFACE ( 'NONE', #3143, 4.500000000000000888, 0.5000000000000000000 ) ;
#734 = DIRECTION ( 'NONE',  ( 0.000000000000000000, 0.000000000000000000, 1.000000000000000000 ) ) ;
#735 = DIRECTION ( 'NONE',  ( 0.000000000000000000, 0.000000000000000000, -1.000000000000000000 ) ) ;
#736 = DIRECTION ( 'NONE',  ( 1.000000000000000000, 0.000000000000000000, 0.000000000000000000 ) ) ;
#737 = VERTEX_POINT ( 'NONE', #20 ) ;
#738 = DIRECTION ( 'NONE',  ( 1.000000000000000000, 0.000000000000000000, 0.000000000000000000 ) ) ;
#739 = VECTOR ( 'NONE', #1036, 1000.000000000000000 ) ;
#740 = CARTESIAN_POINT ( 'NONE',  ( -47.19840820719749530, 16.99999999999999645, 14.57015572865784492 ) ) ;
#741 = EDGE_CURVE ( 'NONE', #2103, #952, #2752, .T. ) ;
#742 = ORIENTED_EDGE ( 'NONE', *, *, #154, .F. ) ;
#743 = DIRECTION ( 'NONE',  ( -1.000000000000000000, 0.000000000000000000, 1.156482317317873944E-16 ) ) ;
#744 = ORIENTED_EDGE ( 'NONE', *, *, #2428, .F. ) ;
#745 = EDGE_CURVE ( 'NONE', #489, #2331, #1408, .T. ) ;
#746 = LINE ( 'NONE', #270, #1524 ) ;
#747 = DIRECTION ( 'NONE',  ( -8.260587980841938780E-17, 0.000000000000000000, -1.000000000000000000 ) ) ;
#748 = CARTESIAN_POINT ( 'NONE',  ( 70.49999999999998579, 9.000000000000001776, 32.00000000000000000 ) ) ;
#749 = DIRECTION ( 'NONE',  ( -1.000000000000000000, 0.000000000000000000, 0.000000000000000000 ) ) ;
#750 = ORIENTED_EDGE ( 'NONE', *, *, #2605, .F. ) ;
#751 = DIRECTION ( 'NONE',  ( 1.000000000000000000, 0.000000000000000000, 0.000000000000000000 ) ) ;
#752 = CARTESIAN_POINT ( 'NONE',  ( -60.50000000000005684, 9.000000000000001776, 32.00000000000000000 ) ) ;
#753 = EDGE_LOOP ( 'NONE', ( #1073, #1947, #3057, #1495 ) ) ;
#754 = SURFACE_STYLE_FILL_AREA ( #62 ) ;
#755 = EDGE_CURVE ( 'NONE', #289, #2551, #1088, .T. ) ;
#756 = CARTESIAN_POINT ( 'NONE',  ( -46.81939863160318538, 17.00000000000000000, -15.97498421237574284 ) ) ;
#757 = ORIENTED_EDGE ( 'NONE', *, *, #2403, .F. ) ;
#758 = EDGE_CURVE ( 'NONE', #3186, #1171, #3089, .T. ) ;
#759 = CARTESIAN_POINT ( 'NONE',  ( 93.49999999999998579, 5.000000000000000000, 35.00000000000000000 ) ) ;
#760 = DIRECTION ( 'NONE',  ( 1.000000000000000000, -0.000000000000000000, -2.312964634635742957E-16 ) ) ;
#761 = CARTESIAN_POINT ( 'NONE',  ( 18.54999999999999005, 5.000000000000000000, 30.00000000000000711 ) ) ;
#762 = CARTESIAN_POINT ( 'NONE',  ( -85.50000000000002842, 9.000000000000001776, -32.00000000000000000 ) ) ;
#763 = ORIENTED_EDGE ( 'NONE', *, *, #2032, .F. ) ;
#764 = DIRECTION ( 'NONE',  ( -1.000000000000000000, 0.000000000000000000, 0.000000000000000000 ) ) ;
#765 = ADVANCED_FACE ( 'NONE', ( #1748, #2764 ), #2286, .T. ) ;
#766 = FACE_OUTER_BOUND ( 'NONE', #1442, .T. ) ;
#767 = ORIENTED_EDGE ( 'NONE', *, *, #897, .F. ) ;
#768 = DIRECTION ( 'NONE',  ( -6.582812753581314587E-15, -0.3162277660168358873, 0.9486832980505146562 ) ) ;
#769 = CIRCLE ( 'NONE', #2453, 5.000000000000000888 ) ;
#770 = DIRECTION ( 'NONE',  ( -1.000000000000000000, -0.000000000000000000, -0.000000000000000000 ) ) ;
#771 = ORIENTED_EDGE ( 'NONE', *, *, #1678, .F. ) ;
#772 = ORIENTED_EDGE ( 'NONE', *, *, #129, .F. ) ;
#773 = AXIS2_PLACEMENT_3D ( 'NONE', #3141, #642, #1391 ) ;
#774 = AXIS2_PLACEMENT_3D ( 'NONE', #2642, #2394, #141 ) ;
#775 = FACE_OUTER_BOUND ( 'NONE', #951, .T. ) ;
#776 = EDGE_CURVE ( 'NONE', #2746, #2200, #6, .T. ) ;
#777 = PLANE ( 'NONE',  #1990 ) ;
#778 = AXIS2_PLACEMENT_3D ( 'NONE', #658, #168, #891 ) ;
#779 = CIRCLE ( 'NONE', #94, 1.500000000000001332 ) ;
#780 = VECTOR ( 'NONE', #734, 1000.000000000000000 ) ;
#781 = CARTESIAN_POINT ( 'NONE',  ( -46.82727653762987785, 17.00000000000082778, 14.48632500189757799 ) ) ;
#782 = CARTESIAN_POINT ( 'NONE',  ( 29.04653895724218415, 9.000000000000001776, -32.00000000000000000 ) ) ;
#783 = ORIENTED_EDGE ( 'NONE', *, *, #2643, .T. ) ;
#784 = DIRECTION ( 'NONE',  ( -1.156482317317871478E-16, 0.000000000000000000, -1.000000000000000000 ) ) ;
#785 = CARTESIAN_POINT ( 'NONE',  ( 34.04999999999998295, 12.55563958360573551, 18.24805758090139918 ) ) ;
#786 = ORIENTED_EDGE ( 'NONE', *, *, #2661, .F. ) ;
#787 = EDGE_CURVE ( 'NONE', #2556, #1026, #2301, .T. ) ;
#788 = CARTESIAN_POINT ( 'NONE',  ( 68.99999999999995737, 9.000000000000001776, 30.00000000000000000 ) ) ;
#789 = DIRECTION ( 'NONE',  ( -1.000000000000000000, 0.000000000000000000, 0.000000000000000000 ) ) ;
#790 = ORIENTED_EDGE ( 'NONE', *, *, #2694, .F. ) ;
#791 = VECTOR ( 'NONE', #65, 1000.000000000000000 ) ;
#792 = CARTESIAN_POINT ( 'NONE',  ( 67.49999999999998579, 9.000000000000001776, -35.00000000000000000 ) ) ;
#793 = DIRECTION ( 'NONE',  ( -1.000000000000000000, 0.000000000000000000, 0.000000000000000000 ) ) ;
#794 = EDGE_CURVE ( 'NONE', #454, #682, #498, .T. ) ;
#795 = CARTESIAN_POINT ( 'NONE',  ( 33.54999999999997584, 17.00000000000000000, 30.00000000000000711 ) ) ;
#796 = ORIENTED_EDGE ( 'NONE', *, *, #2522, .T. ) ;
#797 = CARTESIAN_POINT ( 'NONE',  ( -57.50000000000004974, 9.000000000000001776, -32.00000000000000000 ) ) ;
#798 = DIRECTION ( 'NONE',  ( 0.000000000000000000, -0.3162277660168377191, 0.9486832980505138790 ) ) ;
#799 = VERTEX_POINT ( 'NONE', #1006 ) ;
#800 = PRESENTATION_STYLE_ASSIGNMENT (( #3054 ) ) ;
#801 = DIRECTION ( 'NONE',  ( -1.000000000000000000, 0.000000000000000000, 0.000000000000000000 ) ) ;
#802 = VERTEX_POINT ( 'NONE', #1485 ) ;
#803 = VECTOR ( 'NONE', #2910, 1000.000000000000000 ) ;
#804 = CARTESIAN_POINT ( 'NONE',  ( 93.99999999999998579, 12.00000000000000000, -34.50000000000000000 ) ) ;
#805 = CARTESIAN_POINT ( 'NONE',  ( -43.89497483527847521, 17.00000000000000000, 19.76310473003605139 ) ) ;
#806 = DIRECTION ( 'NONE',  ( 1.000000000000000000, 0.000000000000000000, 0.000000000000000000 ) ) ;
#807 = ORIENTED_EDGE ( 'NONE', *, *, #1343, .T. ) ;
#808 = CARTESIAN_POINT ( 'NONE',  ( -46.22636240137386920, 17.00000000000000000, -17.31274240677766940 ) ) ;
#809 = EDGE_CURVE ( 'NONE', #799, #117, #3140, .T. ) ;
#810 = CARTESIAN_POINT ( 'NONE',  ( 93.49999999999998579, 12.00000000000000000, 35.00000000000000000 ) ) ;
#811 = ORIENTED_EDGE ( 'NONE', *, *, #1767, .F. ) ;
#812 = DIRECTION ( 'NONE',  ( 1.000000000000000000, 0.000000000000000000, 0.000000000000000000 ) ) ;
#813 = EDGE_CURVE ( 'NONE', #1892, #682, #2983, .T. ) ;
#814 = CARTESIAN_POINT ( 'NONE',  ( 93.49999999999998579, 5.000000000000000000, 34.50000000000000000 ) ) ;
#815 = ORIENTED_EDGE ( 'NONE', *, *, #3174, .F. ) ;
#816 = CARTESIAN_POINT ( 'NONE',  ( 18.54999999999998295, 16.50000000000000000, -29.99999999999999289 ) ) ;
#817 = VECTOR ( 'NONE', #137, 1000.000000000000000 ) ;
#818 = VECTOR ( 'NONE', #2707, 1000.000000000000000 ) ;
#819 = EDGE_CURVE ( 'NONE', #1351, #1182, #885, .T. ) ;
#820 = FACE_OUTER_BOUND ( 'NONE', #2439, .T. ) ;
#821 = VECTOR ( 'NONE', #1708, 1000.000000000000000 ) ;
#822 = AXIS2_PLACEMENT_3D ( 'NONE', #673, #1675, #725 ) ;
#823 = DIRECTION ( 'NONE',  ( -1.000000000000000000, 0.000000000000000000, 0.000000000000000000 ) ) ;
#824 = CIRCLE ( 'NONE', #1245, 1.500000000000001332 ) ;
#825 = CARTESIAN_POINT ( 'NONE',  ( -90.00000000000004263, 9.000000000000001776, 29.99833395190412588 ) ) ;
#826 = ORIENTED_EDGE ( 'NONE', *, *, #2678, .F. ) ;
#827 = VECTOR ( 'NONE', #2790, 1000.000000000000000 ) ;
#828 = CARTESIAN_POINT ( 'NONE',  ( -42.97666540925583689, 17.00000000000000000, -20.11551022443239845 ) ) ;
#829 = CIRCLE ( 'NONE', #2618, 3.000000000000002665 ) ;
#830 = DIRECTION ( 'NONE',  ( -0.000000000000000000, 1.000000000000000000, -0.000000000000000000 ) ) ;
#831 = ORIENTED_EDGE ( 'NONE', *, *, #741, .F. ) ;
#832 = CARTESIAN_POINT ( 'NONE',  ( -88.50000000000004263, 9.000000000000001776, -40.00000000000000711 ) ) ;
#833 = AXIS2_PLACEMENT_3D ( 'NONE', #852, #2131, #2101 ) ;
#834 =( BOUNDED_CURVE ( )  B_SPLINE_CURVE ( 3, ( #88, #2674, #2935, #487 ),
 .UNSPECIFIED., .F., .T. ) 
 B_SPLINE_CURVE_WITH_KNOTS ( ( 4, 4 ),
 ( 3.141592653589793116, 4.712388980384689674 ),
 .UNSPECIFIED. ) 
 CURVE ( )  GEOMETRIC_REPRESENTATION_ITEM ( )  RATIONAL_B_SPLINE_CURVE ( ( 1.000000000000000000, 0.8047378541243649375, 0.8047378541243649375, 1.000000000000000000 ) ) 
 REPRESENTATION_ITEM ( '' )  );
#835 = EDGE_CURVE ( 'NONE', #2476, #109, #2012, .T. ) ;
#836 = FACE_OUTER_BOUND ( 'NONE', #3053, .T. ) ;
#837 = ORIENTED_EDGE ( 'NONE', *, *, #3047, .F. ) ;
#838 = CARTESIAN_POINT ( 'NONE',  ( 65.49999999999997158, 12.55563958360574084, -18.24805758090140273 ) ) ;
#839 = AXIS2_PLACEMENT_3D ( 'NONE', #2208, #699, #186 ) ;
#840 =( NAMED_UNIT ( * ) SI_UNIT ( $, .STERADIAN. ) SOLID_ANGLE_UNIT ( ) );
#841 = CARTESIAN_POINT ( 'NONE',  ( 65.49999999999997158, 17.00000000000000000, 30.00000000000000711 ) ) ;
#842 = ORIENTED_EDGE ( 'NONE', *, *, #1233, .T. ) ;
#843 = ADVANCED_FACE ( 'NONE', ( #3229, #1547, #2998 ), #991, .F. ) ;
#844 = DIRECTION ( 'NONE',  ( 1.000000000000000000, -0.000000000000000000, -0.000000000000000000 ) ) ;
#845 = ORIENTED_EDGE ( 'NONE', *, *, #2757, .T. ) ;
#846 = CARTESIAN_POINT ( 'NONE',  ( 18.54999999999999005, 17.00000000000000000, 30.00000000000000711 ) ) ;
#847 = DIRECTION ( 'NONE',  ( 1.000000000000000000, -0.000000000000000000, 0.000000000000000000 ) ) ;
#848 = ORIENTED_EDGE ( 'NONE', *, *, #2221, .F. ) ;
#849 = LINE ( 'NONE', #1590, #307 ) ;
#850 = DIRECTION ( 'NONE',  ( -1.000000000000000000, 0.000000000000000000, 0.000000000000000000 ) ) ;
#851 = ORIENTED_EDGE ( 'NONE', *, *, #1995, .F. ) ;
#852 = CARTESIAN_POINT ( 'NONE',  ( 33.54999999999997584, 13.00000000000000178, -17.99999999999999289 ) ) ;
#853 = EDGE_CURVE ( 'NONE', #64, #3241, #2877, .T. ) ;
#854 = SURFACE_STYLE_USAGE ( .BOTH. , #115 ) ;
#855 = DIRECTION ( 'NONE',  ( -0.000000000000000000, -0.000000000000000000, -1.000000000000000000 ) ) ;
#856 = ADVANCED_FACE ( 'NONE', ( #2225, #2026 ), #777, .T. ) ;
#857 = VERTEX_POINT ( 'NONE', #533 ) ;
#858 = CARTESIAN_POINT ( 'NONE',  ( 18.04999999999998295, 17.00000000000000000, -20.20900992274819075 ) ) ;
#859 = ORIENTED_EDGE ( 'NONE', *, *, #638, .T. ) ;
#860 = CARTESIAN_POINT ( 'NONE',  ( -44.79919510564712937, 16.80337735589867165, -18.60333507268651587 ) ) ;
#861 = VECTOR ( 'NONE', #2788, 1000.000000000000000 ) ;
#862 = CARTESIAN_POINT ( 'NONE',  ( 18.54999999999998295, 16.85255996389939170, 19.85446588901576348 ) ) ;
#863 = CARTESIAN_POINT ( 'NONE',  ( -47.00000000000002132, 16.53640691765200899, 12.10928869715889000 ) ) ;
#864 = EDGE_LOOP ( 'NONE', ( #2961, #2309, #1573, #1131, #469 ) ) ;
#865 = DIRECTION ( 'NONE',  ( 0.000000000000000000, 0.000000000000000000, 1.000000000000000000 ) ) ;
#866 = EDGE_CURVE ( 'NONE', #2368, #3197, #1976, .T. ) ;
#867 = LINE ( 'NONE', #1174, #3184 ) ;
#868 = ORIENTED_EDGE ( 'NONE', *, *, #698, .F. ) ;
#869 = LINE ( 'NONE', #1872, #524 ) ;
#870 = APPLICATION_PROTOCOL_DEFINITION ( 'draft international standard', 'automotive_design', 1998, #1392 ) ;
#871 = CARTESIAN_POINT ( 'NONE',  ( 26.04653895724218415, 9.000000000000001776, -32.00000000000000000 ) ) ;
#872 = EDGE_LOOP ( 'NONE', ( #1663, #2636, #2264, #763 ) ) ;
#873 = CIRCLE ( 'NONE', #2717, 0.5000000000000004441 ) ;
#874 = EDGE_CURVE ( 'NONE', #1266, #978, #256, .T. ) ;
#875 = AXIS2_PLACEMENT_3D ( 'NONE', #2588, #2620, #1116 ) ;
#876 = CARTESIAN_POINT ( 'NONE',  ( -88.50000000000004263, 9.000000000000001776, 35.00000000000000000 ) ) ;
#877 = ORIENTED_EDGE ( 'NONE', *, *, #1497, .T. ) ;
#878 = CARTESIAN_POINT ( 'NONE',  ( -42.92625360690597347, 16.99999999999999645, -19.90906271985685194 ) ) ;
#879 = VECTOR ( 'NONE', #3060, 1000.000000000000000 ) ;
#880 = AXIS2_PLACEMENT_3D ( 'NONE', #426, #1172, #441 ) ;
#881 = CARTESIAN_POINT ( 'NONE',  ( 27.54653895724218415, 9.000000000000001776, 30.00000000000000000 ) ) ;
#882 = DIRECTION ( 'NONE',  ( -2.312964634635742957E-16, 0.000000000000000000, -1.000000000000000000 ) ) ;
#883 = ORIENTED_EDGE ( 'NONE', *, *, #2383, .F. ) ;
#884 = CARTESIAN_POINT ( 'NONE',  ( 33.54999999999998295, 13.00000000000000178, 30.00000000000000711 ) ) ;
#885 = CIRCLE ( 'NONE', #1778, 0.5000000000000004441 ) ;
#886 = ADVANCED_FACE ( 'NONE', ( #1807 ), #81, .T. ) ;
#887 = LINE ( 'NONE', #2872, #1766 ) ;
#888 = AXIS2_PLACEMENT_3D ( 'NONE', #1362, #2082, #1341 ) ;
#889 = ORIENTED_EDGE ( 'NONE', *, *, #741, .T. ) ;
#890 = DIRECTION ( 'NONE',  ( -0.000000000000000000, -0.000000000000000000, 1.000000000000000000 ) ) ;
#891 = DIRECTION ( 'NONE',  ( 1.000000000000000000, 0.000000000000000000, 0.000000000000000000 ) ) ;
#892 = ORIENTED_EDGE ( 'NONE', *, *, #1229, .T. ) ;
#893 = CARTESIAN_POINT ( 'NONE',  ( -88.50000000000004263, 9.000000000000001776, -32.00000000000000000 ) ) ;
#894 = ORIENTED_EDGE ( 'NONE', *, *, #866, .F. ) ;
#895 = FACE_OUTER_BOUND ( 'NONE', #282, .T. ) ;
#896 = CIRCLE ( 'NONE', #2311, 0.5000000000000004441 ) ;
#897 = EDGE_CURVE ( 'NONE', #283, #857, #1317, .T. ) ;
#898 = LINE ( 'NONE', #1900, #564 ) ;
#899 = DIRECTION ( 'NONE',  ( 0.000000000000000000, 0.000000000000000000, -1.000000000000000000 ) ) ;
#900 = ORIENTED_EDGE ( 'NONE', *, *, #1597, .T. ) ;
#901 = CARTESIAN_POINT ( 'NONE',  ( 70.49999999999998579, 9.000000000000001776, 30.00000000000000000 ) ) ;
#902 = DIRECTION ( 'NONE',  ( 0.000000000000000000, 0.000000000000000000, 1.000000000000000000 ) ) ;
#903 = ORIENTED_EDGE ( 'NONE', *, *, #3145, .T. ) ;
#904 = DIRECTION ( 'NONE',  ( 3.016910393003142859E-16, 0.000000000000000000, 1.000000000000000000 ) ) ;
#905 = CARTESIAN_POINT ( 'NONE',  ( -93.50000000000001421, 16.50000000000000000, 0.000000000000000000 ) ) ;
#906 = ORIENTED_EDGE ( 'NONE', *, *, #985, .T. ) ;
#907 = DIRECTION ( 'NONE',  ( -8.260587980841938780E-17, 0.000000000000000000, -1.000000000000000000 ) ) ;
#908 = EDGE_LOOP ( 'NONE', ( #2125, #1526 ) ) ;
#909 = DIRECTION ( 'NONE',  ( 0.000000000000000000, 0.000000000000000000, -1.000000000000000000 ) ) ;
#910 = FACE_OUTER_BOUND ( 'NONE', #345, .T. ) ;
#911 = CARTESIAN_POINT ( 'NONE',  ( 70.49999999999998579, 9.000000000000001776, -32.00000000000000000 ) ) ;
#912 = EDGE_CURVE ( 'NONE', #3241, #64, #829, .T. ) ;
#913 = EDGE_LOOP ( 'NONE', ( #2206, #1012, #249, #17, #942 ) ) ;
#914 = CARTESIAN_POINT ( 'NONE',  ( 33.54999999999998295, 17.00000000000000000, -29.99999999999999645 ) ) ;
#915 = LINE ( 'NONE', #653, #299 ) ;
#916 = EDGE_CURVE ( 'NONE', #1182, #714, #627, .T. ) ;
#917 = VERTEX_POINT ( 'NONE', #1100 ) ;
#918 = CARTESIAN_POINT ( 'NONE',  ( 18.54999999999997584, 16.50000000000000000, -20.20900992274819075 ) ) ;
#919 = CARTESIAN_POINT ( 'NONE',  ( -52.00000000000002132, 5.000000000000000000, -29.99833395190412233 ) ) ;
#920 = CARTESIAN_POINT ( 'NONE',  ( 26.04653895724218415, 9.000000000000001776, -32.00000000000000000 ) ) ;
#921 = ORIENTED_EDGE ( 'NONE', *, *, #2138, .F. ) ;
#922 = ADVANCED_FACE ( 'NONE', ( #1346 ), #1079, .T. ) ;
#923 = DIRECTION ( 'NONE',  ( 0.000000000000000000, 7.709882115452474222E-16, 1.000000000000000000 ) ) ;
#924 = ORIENTED_EDGE ( 'NONE', *, *, #1722, .T. ) ;
#925 = DIRECTION ( 'NONE',  ( 1.000000000000000000, 0.000000000000000000, 0.000000000000000000 ) ) ;
#926 = CYLINDRICAL_SURFACE ( 'NONE', #1826, 3.000000000000002665 ) ;
#927 = LINE ( 'NONE', #1934, #1239 ) ;
#928 = ORIENTED_EDGE ( 'NONE', *, *, #385, .F. ) ;
#929 = CYLINDRICAL_SURFACE ( 'NONE', #2928, 0.4999999999999995004 ) ;
#930 = CIRCLE ( 'NONE', #2459, 0.5000000000000004441 ) ;
#931 = CARTESIAN_POINT ( 'NONE',  ( 18.54999999999997584, 16.85255996389939170, -19.85446588901576703 ) ) ;
#932 = ORIENTED_EDGE ( 'NONE', *, *, #2757, .F. ) ;
#933 = CYLINDRICAL_SURFACE ( 'NONE', #1823, 0.5000000000000004441 ) ;
#934 = AXIS2_PLACEMENT_3D ( 'NONE', #696, #1695, #2699 ) ;
#935 = AXIS2_PLACEMENT_3D ( 'NONE', #3182, #3219, #2677 ) ;
#936 = DIRECTION ( 'NONE',  ( -1.000000000000000000, 0.000000000000000000, 0.000000000000000000 ) ) ;
#937 = EDGE_CURVE ( 'NONE', #1550, #1208, #2117, .T. ) ;
#938 = VECTOR ( 'NONE', #3045, 1000.000000000000000 ) ;
#939 = CYLINDRICAL_SURFACE ( 'NONE', #2667, 1.500000000000001332 ) ;
#940 = ORIENTED_EDGE ( 'NONE', *, *, #2203, .T. ) ;
#941 = DIRECTION ( 'NONE',  ( 1.000000000000000000, -0.000000000000000000, -0.000000000000000000 ) ) ;
#942 = ORIENTED_EDGE ( 'NONE', *, *, #2138, .T. ) ;
#943 = CARTESIAN_POINT ( 'NONE',  ( -42.00000000000002842, 16.85255996389939526, -19.85446588901575993 ) ) ;
#944 = EDGE_CURVE ( 'NONE', #1643, #3175, #3072, .T. ) ;
#945 = CARTESIAN_POINT ( 'NONE',  ( 70.49999999999998579, 9.000000000000001776, -32.00000000000000000 ) ) ;
#946 = DIRECTION ( 'NONE',  ( 1.000000000000000000, 0.000000000000000000, 0.000000000000000000 ) ) ;
#947 = ORIENTED_EDGE ( 'NONE', *, *, #1191, .T. ) ;
#948 = VECTOR ( 'NONE', #559, 1000.000000000000000 ) ;
#949 = LINE ( 'NONE', #914, #254 ) ;
#950 = LINE ( 'NONE', #1724, #2921 ) ;
#951 = EDGE_LOOP ( 'NONE', ( #2538, #2185, #2789, #655, #3116, #1431, #460, #2121, #2100, #3236, #3, #1646, #1280, #2749 ) ) ;
#952 = VERTEX_POINT ( 'NONE', #101 ) ;
#953 = DIRECTION ( 'NONE',  ( 1.000000000000000000, -0.000000000000000000, -2.973811673103097172E-16 ) ) ;
#954 = CARTESIAN_POINT ( 'NONE',  ( -45.40868451175487053, 17.00000000000000000, -18.53080134523317213 ) ) ;
#955 = EDGE_CURVE ( 'NONE', #2295, #1550, #2845, .T. ) ;
#956 = ORIENTED_EDGE ( 'NONE', *, *, #495, .F. ) ;
#957 = DIRECTION ( 'NONE',  ( 0.000000000000000000, 0.7681393335411004220, 0.6402827221368965205 ) ) ;
#958 = ORIENTED_EDGE ( 'NONE', *, *, #1205, .F. ) ;
#959 = EDGE_CURVE ( 'NONE', #1916, #1636, #2725, .T. ) ;
#960 = CARTESIAN_POINT ( 'NONE',  ( -47.00000000000001421, 16.50000000000000000, -11.18722852442616755 ) ) ;
#961 = DIRECTION ( 'NONE',  ( 0.000000000000000000, -3.816391647148972452E-14, -1.000000000000000000 ) ) ;
#962 = CARTESIAN_POINT ( 'NONE',  ( 18.04999999999998650, 16.50000000000000000, 20.20900992274818364 ) ) ;
#963 = VERTEX_POINT ( 'NONE', #3124 ) ;
#964 = DIRECTION ( 'NONE',  ( -0.000000000000000000, -0.000000000000000000, 1.000000000000000000 ) ) ;
#965 = DIRECTION ( 'NONE',  ( 1.000000000000000000, 0.000000000000000000, 0.000000000000000000 ) ) ;
#966 = ORIENTED_EDGE ( 'NONE', *, *, #2705, .F. ) ;
#967 = EDGE_CURVE ( 'NONE', #1522, #2196, #3108, .T. ) ;
#968 = CARTESIAN_POINT ( 'NONE',  ( 65.99999999999997158, 16.78169028419480213, -30.00000000000000355 ) ) ;
#969 = CARTESIAN_POINT ( 'NONE',  ( 26.04653895724218415, 9.000000000000001776, 30.00000000000000000 ) ) ;
#970 = VECTOR ( 'NONE', #8, 1000.000000000000000 ) ;
#971 = CARTESIAN_POINT ( 'NONE',  ( 0.000000000000000000, 12.00000000000000000, 30.00000000000000355 ) ) ;
#972 = ORIENTED_EDGE ( 'NONE', *, *, #2170, .T. ) ;
#973 = DIRECTION ( 'NONE',  ( 0.000000000000000000, 0.000000000000000000, -1.000000000000000000 ) ) ;
#974 = DIRECTION ( 'NONE',  ( 1.000000000000000000, 0.000000000000000000, -0.000000000000000000 ) ) ;
#975 = EDGE_CURVE ( 'NONE', #1755, #1347, #3093, .T. ) ;
#976 = CARTESIAN_POINT ( 'NONE',  ( 93.99999999999998579, 5.000000000000000000, 35.00000000000000000 ) ) ;
#977 = DIRECTION ( 'NONE',  ( 1.000000000000000000, 0.000000000000000000, 0.000000000000000000 ) ) ;
#978 = VERTEX_POINT ( 'NONE', #1861 ) ;
#979 = CARTESIAN_POINT ( 'NONE',  ( -87.00000000000004263, 9.000000000000001776, 29.99833395190412588 ) ) ;
#980 = AXIS2_PLACEMENT_3D ( 'NONE', #2263, #2003, #3004 ) ;
#981 = DIRECTION ( 'NONE',  ( -0.000000000000000000, -0.000000000000000000, -1.000000000000000000 ) ) ;
#982 = ORIENTED_EDGE ( 'NONE', *, *, #819, .T. ) ;
#983 = DIRECTION ( 'NONE',  ( -1.156482317317871478E-16, 0.000000000000000000, -1.000000000000000000 ) ) ;
#984 = CIRCLE ( 'NONE', #2467, 3.000000000000002665 ) ;
#985 = EDGE_CURVE ( 'NONE', #1347, #2371, #2859, .T. ) ;
#986 = CIRCLE ( 'NONE', #1297, 1.500000000000015099 ) ;
#987 = CYLINDRICAL_SURFACE ( 'NONE', #3139, 5.000000000000000888 ) ;
#988 = EDGE_LOOP ( 'NONE', ( #2214, #78, #1960, #1180 ) ) ;
#989 = CIRCLE ( 'NONE', #309, 5.000000000000000888 ) ;
#990 = CARTESIAN_POINT ( 'NONE',  ( 18.04999999999998295, 16.50000000000000000, -20.20900992274819075 ) ) ;
#991 = PLANE ( 'NONE',  #150 ) ;
#992 = CARTESIAN_POINT ( 'NONE',  ( -44.18987172126103502, 17.00000000000084910, 19.31722248977999712 ) ) ;
#993 = DIRECTION ( 'NONE',  ( -0.000000000000000000, -0.000000000000000000, -1.000000000000000000 ) ) ;
#994 = ORIENTED_EDGE ( 'NONE', *, *, #2615, .F. ) ;
#995 = CARTESIAN_POINT ( 'NONE',  ( -90.00000000000004263, 9.000000000000001776, -40.00000000000000711 ) ) ;
#996 = ADVANCED_FACE ( 'NONE', ( #2306 ), #1114, .F. ) ;
#997 = DIRECTION ( 'NONE',  ( 0.000000000000000000, 0.000000000000000000, 1.000000000000000000 ) ) ;
#998 = ORIENTED_EDGE ( 'NONE', *, *, #3024, .F. ) ;
#999 = CARTESIAN_POINT ( 'NONE',  ( -57.50000000000004974, 9.000000000000001776, 35.00000000000000000 ) ) ;
#1000 = ADVANCED_FACE ( 'NONE', ( #580, #1875 ), #53, .F. ) ;
#1001 =( GEOMETRIC_REPRESENTATION_CONTEXT ( 3 ) GLOBAL_UNCERTAINTY_ASSIGNED_CONTEXT ( ( #633 ) ) GLOBAL_UNIT_ASSIGNED_CONTEXT ( ( #1859, #2634, #347 ) ) REPRESENTATION_CONTEXT ( 'NONE', 'WORKASPACE' ) );
#1002 = LINE ( 'NONE', #2007, #2406 ) ;
#1003 = ORIENTED_EDGE ( 'NONE', *, *, #2846, .T. ) ;
#1004 = CARTESIAN_POINT ( 'NONE',  ( 18.04999999999998295, 16.50000000000000000, -20.20900992274819075 ) ) ;
#1005 = ADVANCED_FACE ( 'NONE', ( #820 ), #733, .T. ) ;
#1006 = CARTESIAN_POINT ( 'NONE',  ( -56.00000000000004974, 9.000000000000001776, -32.00000000000000000 ) ) ;
#1007 = CARTESIAN_POINT ( 'NONE',  ( -42.00000000000001421, 17.00000000000000000, 20.20900992274818719 ) ) ;
#1008 = DIRECTION ( 'NONE',  ( 0.000000000000000000, 0.000000000000000000, 1.000000000000000000 ) ) ;
#1009 = ORIENTED_EDGE ( 'NONE', *, *, #3088, .T. ) ;
#1010 = CARTESIAN_POINT ( 'NONE',  ( 26.04653895724218415, 9.000000000000001776, 30.00000000000000000 ) ) ;
#1011 = DIRECTION ( 'NONE',  ( -0.000000000000000000, 0.3162277660168378302, 0.9486832980505139901 ) ) ;
#1012 = ORIENTED_EDGE ( 'NONE', *, *, #912, .F. ) ;
#1013 = DIRECTION ( 'NONE',  ( 4.220017526524342848E-14, 0.6402827221368906363, 0.7681393335411051959 ) ) ;
#1014 = EDGE_CURVE ( 'NONE', #176, #1755, #122, .T. ) ;
#1015 = CARTESIAN_POINT ( 'NONE',  ( -47.09504899130664057, 17.00000000000000000, -15.03607200810155753 ) ) ;
#1016 = ORIENTED_EDGE ( 'NONE', *, *, #2922, .T. ) ;
#1017 = EDGE_LOOP ( 'NONE', ( #1616, #2685, #628, #1492 ) ) ;
#1018 = DIRECTION ( 'NONE',  ( 0.000000000000000000, 0.000000000000000000, -1.000000000000000000 ) ) ;
#1019 = DIRECTION ( 'NONE',  ( 0.000000000000000000, 0.7051199277987859615, 0.7090880674648494253 ) ) ;
#1020 = EDGE_CURVE ( 'NONE', #2217, #90, #2152, .T. ) ;
#1021 = CARTESIAN_POINT ( 'NONE',  ( -44.90709773373218638, 16.99999999999914024, 18.70944086586503019 ) ) ;
#1022 = DIRECTION ( 'NONE',  ( -1.000000000000000000, 0.000000000000000000, 0.000000000000000000 ) ) ;
#1023 = ORIENTED_EDGE ( 'NONE', *, *, #2428, .T. ) ;
#1024 = DIRECTION ( 'NONE',  ( 0.000000000000000000, 0.000000000000000000, 1.000000000000000000 ) ) ;
#1025 = LINE ( 'NONE', #89, #2817 ) ;
#1026 = VERTEX_POINT ( 'NONE', #816 ) ;
#1027 = CARTESIAN_POINT ( 'NONE',  ( 26.04653895724218415, 9.000000000000001776, -32.00000000000000000 ) ) ;
#1028 = AXIS2_PLACEMENT_3D ( 'NONE', #459, #1211, #965 ) ;
#1029 = DIRECTION ( 'NONE',  ( 1.000000000000000000, -0.000000000000000000, -0.000000000000000000 ) ) ;
#1030 = ORIENTED_EDGE ( 'NONE', *, *, #173, .T. ) ;
#1031 = AXIS2_PLACEMENT_3D ( 'NONE', #2500, #3207, #2713 ) ;
#1032 = EDGE_CURVE ( 'NONE', #184, #153, #2411, .T. ) ;
#1033 = ORIENTED_EDGE ( 'NONE', *, *, #2403, .T. ) ;
#1034 = VECTOR ( 'NONE', #1169, 1000.000000000000000 ) ;
#1035 = AXIS2_PLACEMENT_3D ( 'NONE', #3084, #1387, #1122 ) ;
#1036 = DIRECTION ( 'NONE',  ( -0.000000000000000000, -1.000000000000000000, -0.000000000000000000 ) ) ;
#1037 = DIRECTION ( 'NONE',  ( -2.312964634635742957E-16, 0.000000000000000000, -1.000000000000000000 ) ) ;
#1038 = AXIS2_PLACEMENT_3D ( 'NONE', #2384, #130, #2401 ) ;
#1039 = AXIS2_PLACEMENT_3D ( 'NONE', #1600, #925, #2912 ) ;
#1040 = CIRCLE ( 'NONE', #3242, 3.000000000000002665 ) ;
#1041 = CARTESIAN_POINT ( 'NONE',  ( -46.81585602025640469, 17.00000000000000000, 15.98509147640817929 ) ) ;
#1042 = LINE ( 'NONE', #782, #970 ) ;
#1043 = EDGE_LOOP ( 'NONE', ( #2755, #1423, #2358, #601, #132, #646 ) ) ;
#1044 = DIRECTION ( 'NONE',  ( -1.000000000000000000, 0.000000000000000000, 2.973811673103097172E-16 ) ) ;
#1045 = CARTESIAN_POINT ( 'NONE',  ( -94.00000000000001421, 5.000000000000000000, 35.00000000000000000 ) ) ;
#1046 = ORIENTED_EDGE ( 'NONE', *, *, #80, .T. ) ;
#1047 = SURFACE_SIDE_STYLE ('',( #754 ) ) ;
#1048 = CARTESIAN_POINT ( 'NONE',  ( -88.50000000000004263, 9.000000000000001776, -32.00000000000000000 ) ) ;
#1049 = ORIENTED_EDGE ( 'NONE', *, *, #3190, .T. ) ;
#1050 =( GEOMETRIC_REPRESENTATION_CONTEXT ( 3 ) GLOBAL_UNCERTAINTY_ASSIGNED_CONTEXT ( ( #512 ) ) GLOBAL_UNIT_ASSIGNED_CONTEXT ( ( #2598, #1580, #840 ) ) REPRESENTATION_CONTEXT ( 'NONE', 'WORKASPACE' ) );
#1051 = EDGE_CURVE ( 'NONE', #3073, #1117, #99, .T. ) ;
#1052 = CARTESIAN_POINT ( 'NONE',  ( 67.49999999999998579, 9.000000000000001776, -32.00000000000000000 ) ) ;
#1053 = DIRECTION ( 'NONE',  ( -1.156482317317871478E-16, 0.000000000000000000, -1.000000000000000000 ) ) ;
#1054 = ADVANCED_FACE ( 'NONE', ( #128 ), #114, .T. ) ;
#1055 = CARTESIAN_POINT ( 'NONE',  ( -47.00000000000001421, 17.00000000000000355, 11.18722852442617466 ) ) ;
#1056 = FACE_OUTER_BOUND ( 'NONE', #2051, .T. ) ;
#1057 = ORIENTED_EDGE ( 'NONE', *, *, #2317, .F. ) ;
#1058 = DIRECTION ( 'NONE',  ( 0.000000000000000000, -0.9486832980505139901, -0.3162277660168374416 ) ) ;
#1059 = LINE ( 'NONE', #74, #1818 ) ;
#1060 = ORIENTED_EDGE ( 'NONE', *, *, #3123, .F. ) ;
#1061 = CARTESIAN_POINT ( 'NONE',  ( -56.00000000000004974, 9.000000000000001776, -29.99833395190412233 ) ) ;
#1062 = EDGE_CURVE ( 'NONE', #119, #2426, #2829, .T. ) ;
#1063 = CARTESIAN_POINT ( 'NONE',  ( 33.54999999999998295, 5.000000000000000000, -29.99999999999999645 ) ) ;
#1064 = ORIENTED_EDGE ( 'NONE', *, *, #1528, .T. ) ;
#1065 = CARTESIAN_POINT ( 'NONE',  ( -88.50000000000004263, 9.000000000000001776, 32.00000000000000000 ) ) ;
#1066 = DIRECTION ( 'NONE',  ( -0.000000000000000000, -0.3162277660168378302, -0.9486832980505138790 ) ) ;
#1067 = DIRECTION ( 'NONE',  ( 0.000000000000000000, 0.000000000000000000, 1.000000000000000000 ) ) ;
#1068 = LINE ( 'NONE', #2069, #3118 ) ;
#1069 = EDGE_LOOP ( 'NONE', ( #1759, #1228, #1405, #2445 ) ) ;
#1070 = CARTESIAN_POINT ( 'NONE',  ( -46.35405335010612049, 17.00000000000170886, -16.30990876903264564 ) ) ;
#1071 = EDGE_CURVE ( 'NONE', #181, #707, #394, .T. ) ;
#1072 = LINE ( 'NONE', #1552, #2506 ) ;
#1073 = ORIENTED_EDGE ( 'NONE', *, *, #819, .F. ) ;
#1074 = DIRECTION ( 'NONE',  ( -0.000000000000000000, 0.6402827221369289390, 0.7681393335410733325 ) ) ;
#1075 = DIRECTION ( 'NONE',  ( 0.000000000000000000, 0.000000000000000000, -1.000000000000000000 ) ) ;
#1076 = VERTEX_POINT ( 'NONE', #2843 ) ;
#1077 = CARTESIAN_POINT ( 'NONE',  ( -57.50000000000004974, 9.000000000000001776, -35.00000000000000000 ) ) ;
#1078 = AXIS2_PLACEMENT_3D ( 'NONE', #3169, #1011, #723 ) ;
#1079 = CYLINDRICAL_SURFACE ( 'NONE', #1196, 0.5000000000000004441 ) ;
#1080 = ORIENTED_EDGE ( 'NONE', *, *, #874, .F. ) ;
#1081 = AXIS2_PLACEMENT_3D ( 'NONE', #1486, #1933, #174 ) ;
#1082 = CIRCLE ( 'NONE', #2925, 28.00000000000000000 ) ;
#1083 = AXIS2_PLACEMENT_3D ( 'NONE', #2647, #396, #1924 ) ;
#1084 = FACE_OUTER_BOUND ( 'NONE', #1742, .T. ) ;
#1085 = ORIENTED_EDGE ( 'NONE', *, *, #2564, .T. ) ;
#1086 = AXIS2_PLACEMENT_3D ( 'NONE', #2938, #690, #1689 ) ;
#1087 = CARTESIAN_POINT ( 'NONE',  ( -45.07911461772231121, 17.00000000000000000, -18.88830083373742141 ) ) ;
#1088 = CIRCLE ( 'NONE', #3249, 0.5000000000000002220 ) ;
#1089 = CYLINDRICAL_SURFACE ( 'NONE', #1400, 1.500000000000001332 ) ;
#1090 = CARTESIAN_POINT ( 'NONE',  ( 68.99999999999995737, 9.000000000000001776, -40.00000000000000711 ) ) ;
#1091 = ADVANCED_FACE ( 'NONE', ( #1098 ), #1858, .F. ) ;
#1092 = ORIENTED_EDGE ( 'NONE', *, *, #2832, .T. ) ;
#1093 = DIRECTION ( 'NONE',  ( 0.000000000000000000, -0.000000000000000000, -1.000000000000000000 ) ) ;
#1094 = CIRCLE ( 'NONE', #888, 1.500000000000001332 ) ;
#1095 = CARTESIAN_POINT ( 'NONE',  ( 70.49999999999998579, 9.000000000000001776, -32.00000000000000000 ) ) ;
#1096 = ADVANCED_FACE ( 'NONE', ( #381 ), #346, .F. ) ;
#1097 = EDGE_LOOP ( 'NONE', ( #1902, #2039, #3120, #1201, #1691, #3062, #2001, #2478, #859, #1743, #1256 ) ) ;
#1098 = FACE_OUTER_BOUND ( 'NONE', #1553, .T. ) ;
#1099 = CIRCLE ( 'NONE', #2, 1.500000000000001332 ) ;
#1100 = CARTESIAN_POINT ( 'NONE',  ( 24.54653895724218060, 9.000000000000001776, -32.00000000000000000 ) ) ;
#1101 = ORIENTED_EDGE ( 'NONE', *, *, #4, .T. ) ;
#1102 = EDGE_CURVE ( 'NONE', #454, #2696, #1094, .T. ) ;
#1103 = CARTESIAN_POINT ( 'NONE',  ( 34.04999999999998295, 12.55563958360574084, -18.24805758090140273 ) ) ;
#1104 = ORIENTED_EDGE ( 'NONE', *, *, #745, .F. ) ;
#1105 = CARTESIAN_POINT ( 'NONE',  ( -47.50000000262681255, 17.00000000000000000, -12.16289705842316415 ) ) ;
#1106 = LINE ( 'NONE', #2360, #313 ) ;
#1107 = DIRECTION ( 'NONE',  ( -1.000000000000000000, 0.000000000000000000, 0.000000000000000000 ) ) ;
#1108 = ORIENTED_EDGE ( 'NONE', *, *, #758, .F. ) ;
#1109 = DIRECTION ( 'NONE',  ( 0.000000000000000000, -1.000000000000000000, 0.000000000000000000 ) ) ;
#1110 = CARTESIAN_POINT ( 'NONE',  ( 18.54999999999998650, 36.59591794226542305, -2.875156614061955816E-15 ) ) ;
#1111 = VERTEX_POINT ( 'NONE', #2369 ) ;
#1112 = DIRECTION ( 'NONE',  ( -1.000000000000000000, -0.000000000000000000, -0.000000000000000000 ) ) ;
#1113 = ADVANCED_FACE ( 'NONE', ( #1594 ), #330, .F. ) ;
#1114 = CYLINDRICAL_SURFACE ( 'NONE', #3039, 3.000000000000002665 ) ;
#1115 = ORIENTED_EDGE ( 'NONE', *, *, #236, .F. ) ;
#1116 = DIRECTION ( 'NONE',  ( 0.000000000000000000, 0.000000000000000000, 1.000000000000000000 ) ) ;
#1117 = VERTEX_POINT ( 'NONE', #2332 ) ;
#1118 = CARTESIAN_POINT ( 'NONE',  ( -46.72723524947296170, 16.63378769833670745, -14.46572537667103830 ) ) ;
#1119 = EDGE_CURVE ( 'NONE', #23, #450, #470, .T. ) ;
#1120 = CYLINDRICAL_SURFACE ( 'NONE', #2715, 1.500000000000001332 ) ;
#1121 = ORIENTED_EDGE ( 'NONE', *, *, #2367, .T. ) ;
#1122 = DIRECTION ( 'NONE',  ( 1.000000000000000000, 0.000000000000000000, 0.000000000000000000 ) ) ;
#1123 = DIRECTION ( 'NONE',  ( 0.000000000000000000, 0.000000000000000000, -1.000000000000000000 ) ) ;
#1124 = EDGE_LOOP ( 'NONE', ( #134, #501 ) ) ;
#1125 = DIRECTION ( 'NONE',  ( -0.000000000000000000, -0.000000000000000000, 1.000000000000000000 ) ) ;
#1126 = DIRECTION ( 'NONE',  ( 1.000000000000000000, 0.000000000000000000, 0.000000000000000000 ) ) ;
#1127 = EDGE_CURVE ( 'NONE', #714, #2331, #2348, .T. ) ;
#1128 = ORIENTED_EDGE ( 'NONE', *, *, #2251, .T. ) ;
#1129 = AXIS2_PLACEMENT_3D ( 'NONE', #1360, #1938, #1870 ) ;
#1130 = DIRECTION ( 'NONE',  ( 0.000000000000000000, 0.000000000000000000, -1.000000000000000000 ) ) ;
#1131 = ORIENTED_EDGE ( 'NONE', *, *, #2480, .T. ) ;
#1132 = DIRECTION ( 'NONE',  ( -0.000000000000000000, -0.000000000000000000, 1.000000000000000000 ) ) ;
#1133 = CIRCLE ( 'NONE', #2977, 0.4999999999999995004 ) ;
#1134 = CIRCLE ( 'NONE', #2346, 0.5000000000000004441 ) ;
#1135 = AXIS2_PLACEMENT_3D ( 'NONE', #1637, #1139, #3103 ) ;
#1136 = LINE ( 'NONE', #1384, #250 ) ;
#1137 = CARTESIAN_POINT ( 'NONE',  ( -46.74183437234816552, 16.63051919647747212, 14.38702396625196123 ) ) ;
#1138 = ORIENTED_EDGE ( 'NONE', *, *, #1276, .F. ) ;
#1139 = DIRECTION ( 'NONE',  ( -0.000000000000000000, -0.000000000000000000, 1.000000000000000000 ) ) ;
#1140 = AXIS2_PLACEMENT_3D ( 'NONE', #1543, #3068, #1820 ) ;
#1141 = CIRCLE ( 'NONE', #1883, 0.5000000000000004441 ) ;
#1142 = CARTESIAN_POINT ( 'NONE',  ( 34.04999999999998295, 12.55563958360574084, -18.24805758090140273 ) ) ;
#1143 = AXIS2_PLACEMENT_3D ( 'NONE', #2959, #709, #2920 ) ;
#1144 = EDGE_LOOP ( 'NONE', ( #1483, #2499, #2708, #2278 ) ) ;
#1145 = CARTESIAN_POINT ( 'NONE',  ( 65.99999999999997158, 16.78169028419480213, 30.00000000000001066 ) ) ;
#1146 = PLANE ( 'NONE',  #304 ) ;
#1147 = ORIENTED_EDGE ( 'NONE', *, *, #285, .F. ) ;
#1148 = EDGE_CURVE ( 'NONE', #2232, #2915, #365, .T. ) ;
#1149 = AXIS2_PLACEMENT_3D ( 'NONE', #1732, #941, #923 ) ;
#1150 = DIRECTION ( 'NONE',  ( -1.000000000000000000, 0.000000000000000000, 0.000000000000000000 ) ) ;
#1151 = EDGE_LOOP ( 'NONE', ( #1410, #561 ) ) ;
#1152 = DIRECTION ( 'NONE',  ( 6.938893903907222067E-15, 1.000000000000000000, 1.925929944387232266E-28 ) ) ;
#1153 = PRESENTATION_LAYER_ASSIGNMENT (  '', '', ( #1263 ) ) ;
#1154 = EDGE_CURVE ( 'NONE', #963, #1544, #869, .T. ) ;
#1155 = DIRECTION ( 'NONE',  ( 0.000000000000000000, -0.000000000000000000, 1.000000000000000000 ) ) ;
#1156 = CARTESIAN_POINT ( 'NONE',  ( -42.23398579429544242, 16.85255996389939526, 19.85446588901575637 ) ) ;
#1157 = ORIENTED_EDGE ( 'NONE', *, *, #2303, .T. ) ;
#1158 = DIRECTION ( 'NONE',  ( -1.000000000000000000, 0.000000000000000000, 0.000000000000000000 ) ) ;
#1159 = CARTESIAN_POINT ( 'NONE',  ( -93.50000000000001421, 17.00000000000000000, 0.000000000000000000 ) ) ;
#1160 = ORIENTED_EDGE ( 'NONE', *, *, #3107, .T. ) ;
#1161 = FACE_OUTER_BOUND ( 'NONE', #753, .T. ) ;
#1162 = DIRECTION ( 'NONE',  ( 1.000000000000000000, 0.000000000000000000, 0.000000000000000000 ) ) ;
#1163 = ADVANCED_FACE ( 'NONE', ( #2632 ), #1377, .F. ) ;
#1164 = DIRECTION ( 'NONE',  ( 1.000000000000000000, 0.000000000000000000, 0.000000000000000000 ) ) ;
#1165 = ORIENTED_EDGE ( 'NONE', *, *, #2809, .T. ) ;
#1166 = LINE ( 'NONE', #1282, #2527 ) ;
#1167 = ORIENTED_EDGE ( 'NONE', *, *, #1119, .T. ) ;
#1168 = CARTESIAN_POINT ( 'NONE',  ( -44.86099264692150967, 16.80083561249593771, -18.53954066508610410 ) ) ;
#1169 = DIRECTION ( 'NONE',  ( 0.000000000000000000, 0.000000000000000000, -1.000000000000000000 ) ) ;
#1170 = DIRECTION ( 'NONE',  ( 0.000000000000000000, 0.000000000000000000, 1.000000000000000000 ) ) ;
#1171 = VERTEX_POINT ( 'NONE', #641 ) ;
#1172 = DIRECTION ( 'NONE',  ( 4.510281037540415993E-14, 8.673617379884026637E-14, 1.000000000000000000 ) ) ;
#1173 = EDGE_CURVE ( 'NONE', #584, #489, #2730, .T. ) ;
#1174 = CARTESIAN_POINT ( 'NONE',  ( -54.50000000000004974, 9.000000000000001776, -32.00000000000000000 ) ) ;
#1175 = ORIENTED_EDGE ( 'NONE', *, *, #1458, .F. ) ;
#1176 = ORIENTED_EDGE ( 'NONE', *, *, #2468, .T. ) ;
#1177 = LINE ( 'NONE', #182, #261 ) ;
#1178 = CARTESIAN_POINT ( 'NONE',  ( 65.49999999999997158, 17.00000000000000000, 30.00000000000000711 ) ) ;
#1179 = EDGE_CURVE ( 'NONE', #1446, #3083, #407, .T. ) ;
#1180 = ORIENTED_EDGE ( 'NONE', *, *, #2085, .F. ) ;
#1181 = CARTESIAN_POINT ( 'NONE',  ( 70.49999999999998579, 9.000000000000001776, -32.00000000000000000 ) ) ;
#1182 = VERTEX_POINT ( 'NONE', #3156 ) ;
#1183 = DIRECTION ( 'NONE',  ( 1.000000000000000000, 0.000000000000000000, 0.000000000000000000 ) ) ;
#1184 = PLANE ( 'NONE',  #3136 ) ;
#1185 = LINE ( 'NONE', #2195, #1659 ) ;
#1186 = ORIENTED_EDGE ( 'NONE', *, *, #1458, .T. ) ;
#1187 = AXIS2_PLACEMENT_3D ( 'NONE', #1527, #527, #2064 ) ;
#1188 = FACE_OUTER_BOUND ( 'NONE', #1862, .T. ) ;
#1189 = AXIS2_PLACEMENT_3D ( 'NONE', #210, #1950, #1436 ) ;
#1190 = CIRCLE ( 'NONE', #2137, 1.500000000000015099 ) ;
#1191 = EDGE_CURVE ( 'NONE', #2228, #1582, #416, .T. ) ;
#1192 = LINE ( 'NONE', #752, #610 ) ;
#1193 = ORIENTED_EDGE ( 'NONE', *, *, #276, .F. ) ;
#1194 = CYLINDRICAL_SURFACE ( 'NONE', #1031, 2.999999999999988898 ) ;
#1195 = VECTOR ( 'NONE', #770, 1000.000000000000000 ) ;
#1196 = AXIS2_PLACEMENT_3D ( 'NONE', #594, #319, #2353 ) ;
#1197 = CARTESIAN_POINT ( 'NONE',  ( 26.04653895724218415, 9.000000000000001776, 32.00000000000000000 ) ) ;
#1198 = EDGE_CURVE ( 'NONE', #595, #2780, #676, .T. ) ;
#1199 = VECTOR ( 'NONE', #116, 1000.000000000000000 ) ;
#1200 = DIRECTION ( 'NONE',  ( 0.000000000000000000, 0.000000000000000000, -1.000000000000000000 ) ) ;
#1201 = ORIENTED_EDGE ( 'NONE', *, *, #3227, .F. ) ;
#1202 = CARTESIAN_POINT ( 'NONE',  ( 18.54999999999999005, 17.00000000000000000, 30.00000000000000711 ) ) ;
#1203 = EDGE_LOOP ( 'NONE', ( #3037, #2434 ) ) ;
#1204 = CARTESIAN_POINT ( 'NONE',  ( -93.50000000000001421, 0.000000000000000000, 35.00000000000000000 ) ) ;
#1205 = EDGE_CURVE ( 'NONE', #2200, #1871, #1177, .T. ) ;
#1206 = DIRECTION ( 'NONE',  ( 0.000000000000000000, -0.000000000000000000, -1.000000000000000000 ) ) ;
#1207 = CARTESIAN_POINT ( 'NONE',  ( 34.04999999999998295, 13.02998123263099828, -18.08994369789298418 ) ) ;
#1208 = VERTEX_POINT ( 'NONE', #2714 ) ;
#1209 = AXIS2_PLACEMENT_3D ( 'NONE', #1545, #2552, #1299 ) ;
#1210 = CARTESIAN_POINT ( 'NONE',  ( -51.50000000000001421, 16.50000000000000000, 1.191242942438606929E-14 ) ) ;
#1211 = DIRECTION ( 'NONE',  ( -0.000000000000000000, -0.000000000000000000, -1.000000000000000000 ) ) ;
#1212 = ORIENTED_EDGE ( 'NONE', *, *, #2844, .T. ) ;
#1213 = DIRECTION ( 'NONE',  ( 0.000000000000000000, 0.000000000000000000, 1.000000000000000000 ) ) ;
#1214 = LINE ( 'NONE', #2219, #48 ) ;
#1215 = CARTESIAN_POINT ( 'NONE',  ( -47.19995877448747734, 16.99999999999999645, -14.56221894828244601 ) ) ;
#1216 = EDGE_CURVE ( 'NONE', #510, #3218, #1991, .T. ) ;
#1217 = ORIENTED_EDGE ( 'NONE', *, *, #1198, .F. ) ;
#1218 = DIRECTION ( 'NONE',  ( 1.000000000000000000, 0.000000000000000000, 0.000000000000000000 ) ) ;
#1219 = DIRECTION ( 'NONE',  ( 0.000000000000000000, 0.000000000000000000, 1.000000000000000000 ) ) ;
#1220 = LINE ( 'NONE', #2241, #2823 ) ;
#1221 = DIRECTION ( 'NONE',  ( 0.000000000000000000, 0.000000000000000000, 1.000000000000000000 ) ) ;
#1222 = ORIENTED_EDGE ( 'NONE', *, *, #196, .T. ) ;
#1223 = CARTESIAN_POINT ( 'NONE',  ( -60.50000000000005684, 9.000000000000001776, -32.00000000000000000 ) ) ;
#1224 = EDGE_CURVE ( 'NONE', #2502, #1311, #681, .T. ) ;
#1225 = DIRECTION ( 'NONE',  ( -1.000000000000000000, -0.000000000000000000, 9.912705577010325549E-17 ) ) ;
#1226 = ORIENTED_EDGE ( 'NONE', *, *, #537, .T. ) ;
#1227 = DIRECTION ( 'NONE',  ( -1.000000000000000000, 0.000000000000000000, 0.000000000000000000 ) ) ;
#1228 = ORIENTED_EDGE ( 'NONE', *, *, #2601, .F. ) ;
#1229 = EDGE_CURVE ( 'NONE', #1289, #2417, #2252, .T. ) ;
#1230 = AXIS2_PLACEMENT_3D ( 'NONE', #1535, #583, #806 ) ;
#1231 = FACE_OUTER_BOUND ( 'NONE', #1797, .T. ) ;
#1232 = DIRECTION ( 'NONE',  ( 0.000000000000000000, 0.000000000000000000, 1.000000000000000000 ) ) ;
#1233 = EDGE_CURVE ( 'NONE', #707, #2619, #2040, .T. ) ;
#1234 = CARTESIAN_POINT ( 'NONE',  ( 0.000000000000000000, 0.000000000000000000, 0.000000000000000000 ) ) ;
#1235 = CYLINDRICAL_SURFACE ( 'NONE', #1519, 0.5000000000000004441 ) ;
#1236 = ORIENTED_EDGE ( 'NONE', *, *, #1851, .T. ) ;
#1237 = DIRECTION ( 'NONE',  ( -1.000000000000000000, 0.000000000000000000, 0.000000000000000000 ) ) ;
#1238 = VECTOR ( 'NONE', #3119, 1000.000000000000000 ) ;
#1239 = VECTOR ( 'NONE', #1221, 1000.000000000000000 ) ;
#1240 = DIRECTION ( 'NONE',  ( -0.000000000000000000, -0.000000000000000000, 1.000000000000000000 ) ) ;
#1241 = ORIENTED_EDGE ( 'NONE', *, *, #975, .T. ) ;
#1242 = LINE ( 'NONE', #1262, #726 ) ;
#1243 = AXIS2_PLACEMENT_3D ( 'NONE', #2875, #1125, #2114 ) ;
#1244 = CIRCLE ( 'NONE', #1719, 1.500000000000001332 ) ;
#1245 = AXIS2_PLACEMENT_3D ( 'NONE', #2133, #2168, #2421 ) ;
#1246 = DIRECTION ( 'NONE',  ( 6.938893903907222067E-15, 0.000000000000000000, -1.000000000000000000 ) ) ;
#1247 = CIRCLE ( 'NONE', #880, 0.5000000000000004441 ) ;
#1248 = ORIENTED_EDGE ( 'NONE', *, *, #1229, .F. ) ;
#1249 = VECTOR ( 'NONE', #1053, 1000.000000000000000 ) ;
#1250 = CARTESIAN_POINT ( 'NONE',  ( -94.00000000000001421, 12.00000000000000000, 35.00000000000000000 ) ) ;
#1251 = CIRCLE ( 'NONE', #3255, 0.5000000000000004441 ) ;
#1252 = CARTESIAN_POINT ( 'NONE',  ( -88.50000000000004263, 9.000000000000001776, 32.00000000000000000 ) ) ;
#1253 = ADVANCED_FACE ( 'NONE', ( #2682 ), #431, .F. ) ;
#1254 = LINE ( 'NONE', #761, #879 ) ;
#1255 = LINE ( 'NONE', #762, #2204 ) ;
#1256 = ORIENTED_EDGE ( 'NONE', *, *, #3003, .T. ) ;
#1257 = DIRECTION ( 'NONE',  ( -0.000000000000000000, -0.000000000000000000, 1.000000000000000000 ) ) ;
#1258 = EDGE_CURVE ( 'NONE', #672, #443, #1674, .T. ) ;
#1259 = TOROIDAL_SURFACE ( 'NONE', #2365, 4.500000000000000888, 0.5000000000000000000 ) ;
#1260 = CARTESIAN_POINT ( 'NONE',  ( -43.89497483314102766, 17.00000000000000000, 19.76310472633511139 ) ) ;
#1261 = ORIENTED_EDGE ( 'NONE', *, *, #1291, .F. ) ;
#1262 = CARTESIAN_POINT ( 'NONE',  ( 73.49999999999997158, 9.000000000000001776, -32.00000000000000000 ) ) ;
#1263 = STYLED_ITEM ( 'NONE', ( #1345 ), #3036 ) ;
#1264 = PRODUCT_DEFINITION_SHAPE ( 'NONE', 'NONE',  #366 ) ;
#1265 = CARTESIAN_POINT ( 'NONE',  ( -42.24734825083939427, 16.99999999999999645, -20.20900992274817654 ) ) ;
#1266 = VERTEX_POINT ( 'NONE', #2660 ) ;
#1267 = ORIENTED_EDGE ( 'NONE', *, *, #28, .T. ) ;
#1268 = EDGE_CURVE ( 'NONE', #1718, #433, #445, .T. ) ;
#1269 = CARTESIAN_POINT ( 'NONE',  ( 33.54999999999998295, 16.78169028419479858, -29.99999999999999289 ) ) ;
#1270 = CARTESIAN_POINT ( 'NONE',  ( -57.50000000000004974, 9.000000000000001776, 32.00000000000000000 ) ) ;
#1271 = CARTESIAN_POINT ( 'NONE',  ( -47.09176712489979622, 17.00000000000000000, 15.04916213262233526 ) ) ;
#1272 = CARTESIAN_POINT ( 'NONE',  ( 65.49999999999997158, 12.55563958360573906, -18.24805758090139918 ) ) ;
#1273 = EDGE_LOOP ( 'NONE', ( #1857, #1466, #2486, #742 ) ) ;
#1274 = CARTESIAN_POINT ( 'NONE',  ( -57.50000000000004974, 9.000000000000001776, 29.99833395190412588 ) ) ;
#1275 = LINE ( 'NONE', #2277, #404 ) ;
#1276 = EDGE_CURVE ( 'NONE', #693, #737, #2942, .T. ) ;
#1277 = ORIENTED_EDGE ( 'NONE', *, *, #3013, .T. ) ;
#1278 = CARTESIAN_POINT ( 'NONE',  ( 65.99999999999997158, 16.47295372330527030, 30.00000000000000711 ) ) ;
#1279 = DIRECTION ( 'NONE',  ( 0.000000000000000000, 0.000000000000000000, -1.000000000000000000 ) ) ;
#1280 = ORIENTED_EDGE ( 'NONE', *, *, #1148, .T. ) ;
#1281 = ORIENTED_EDGE ( 'NONE', *, *, #1224, .F. ) ;
#1282 = CARTESIAN_POINT ( 'NONE',  ( 23.04653895724218060, 9.000000000000001776, -32.00000000000000000 ) ) ;
#1283 = DIRECTION ( 'NONE',  ( -0.000000000000000000, 0.3162277660168377191, -0.9486832980505138790 ) ) ;
#1284 = CARTESIAN_POINT ( 'NONE',  ( -45.84127826353194024, 16.74286723276191324, 17.10532059791112403 ) ) ;
#1285 = CARTESIAN_POINT ( 'NONE',  ( -93.50000000000001421, 12.00000000000000000, -30.00000000000000355 ) ) ;
#1286 = VERTEX_POINT ( 'NONE', #2906 ) ;
#1287 = FACE_OUTER_BOUND ( 'NONE', #2135, .T. ) ;
#1288 = CARTESIAN_POINT ( 'NONE',  ( 65.49999999999997158, 12.55563958360573551, 18.24805758090139918 ) ) ;
#1289 = VERTEX_POINT ( 'NONE', #1694 ) ;
#1290 = CARTESIAN_POINT ( 'NONE',  ( 68.99999999999995737, 9.000000000000001776, -32.00000000000000000 ) ) ;
#1291 = EDGE_CURVE ( 'NONE', #597, #1752, #984, .T. ) ;
#1292 = VECTOR ( 'NONE', #798, 999.9999999999998863 ) ;
#1293 = CARTESIAN_POINT ( 'NONE',  ( -47.50000000000002132, 17.00000000000000000, 1.412560544723971694E-14 ) ) ;
#1294 = ORIENTED_EDGE ( 'NONE', *, *, #835, .T. ) ;
#1295 = AXIS2_PLACEMENT_3D ( 'NONE', #918, #2471, #1213 ) ;
#1296 = EDGE_CURVE ( 'NONE', #1474, #2106, #3224, .T. ) ;
#1297 = AXIS2_PLACEMENT_3D ( 'NONE', #2652, #1403, #2412 ) ;
#1298 = AXIS2_PLACEMENT_3D ( 'NONE', #1210, #1439, #2197 ) ;
#1299 = DIRECTION ( 'NONE',  ( 1.000000000000000000, 0.000000000000000000, 0.000000000000000000 ) ) ;
#1300 = CARTESIAN_POINT ( 'NONE',  ( 33.54999999999997584, 13.02998123263099295, 18.08994369789297352 ) ) ;
#1301 = CIRCLE ( 'NONE', #2982, 0.4999999999999977796 ) ;
#1302 = VECTOR ( 'NONE', #1850, 1000.000000000000000 ) ;
#1303 = AXIS2_PLACEMENT_3D ( 'NONE', #1907, #1941, #695 ) ;
#1304 = CARTESIAN_POINT ( 'NONE',  ( -42.97271930397404560, 17.00000000000000000, 20.11668594806562638 ) ) ;
#1305 = FACE_OUTER_BOUND ( 'NONE', #3001, .T. ) ;
#1306 = ORIENTED_EDGE ( 'NONE', *, *, #3064, .F. ) ;
#1307 = CARTESIAN_POINT ( 'NONE',  ( -42.00000000000001421, 16.85255996389939526, 19.85446588901576703 ) ) ;
#1308 = VECTOR ( 'NONE', #2848, 1000.000000000000000 ) ;
#1309 = EDGE_CURVE ( 'NONE', #640, #222, #1214, .T. ) ;
#1310 = LINE ( 'NONE', #277, #3239 ) ;
#1311 = VERTEX_POINT ( 'NONE', #881 ) ;
#1312 = DIRECTION ( 'NONE',  ( -0.000000000000000000, -0.000000000000000000, 1.000000000000000000 ) ) ;
#1313 = DIRECTION ( 'NONE',  ( -0.000000000000000000, -0.000000000000000000, -1.000000000000000000 ) ) ;
#1314 = ORIENTED_EDGE ( 'NONE', *, *, #486, .T. ) ;
#1315 = DIRECTION ( 'NONE',  ( -0.000000000000000000, 0.3162277660168378302, 0.9486832980505138790 ) ) ;
#1316 = EDGE_CURVE ( 'NONE', #1388, #1718, #1106, .T. ) ;
#1317 = LINE ( 'NONE', #1595, #1199 ) ;
#1318 = ORIENTED_EDGE ( 'NONE', *, *, #503, .T. ) ;
#1319 = CARTESIAN_POINT ( 'NONE',  ( -46.50100778304175719, 16.99999999999916511, 15.86909819657180876 ) ) ;
#1320 = DIRECTION ( 'NONE',  ( 1.000000000000000000, 0.000000000000000000, 0.000000000000000000 ) ) ;
#1321 = ORIENTED_EDGE ( 'NONE', *, *, #28, .F. ) ;
#1322 = DIRECTION ( 'NONE',  ( -0.000000000000000000, -0.000000000000000000, 1.000000000000000000 ) ) ;
#1323 = ORIENTED_EDGE ( 'NONE', *, *, #2949, .F. ) ;
#1324 = EDGE_CURVE ( 'NONE', #2368, #2196, #1251, .T. ) ;
#1325 = PLANE ( 'NONE',  #1402 ) ;
#1326 = DIRECTION ( 'NONE',  ( -1.000000000000000000, 0.000000000000000000, 0.000000000000000000 ) ) ;
#1327 = ORIENTED_EDGE ( 'NONE', *, *, #43, .T. ) ;
#1328 = DIRECTION ( 'NONE',  ( 1.000000000000000000, 0.000000000000000000, 0.000000000000000000 ) ) ;
#1329 = DIRECTION ( 'NONE',  ( 0.000000000000000000, 0.000000000000000000, -1.000000000000000000 ) ) ;
#1330 = ORIENTED_EDGE ( 'NONE', *, *, #2072, .F. ) ;
#1331 = EDGE_CURVE ( 'NONE', #13, #3175, #2934, .T. ) ;
#1332 = LINE ( 'NONE', #335, #3209 ) ;
#1333 = EDGE_LOOP ( 'NONE', ( #2600, #2887 ) ) ;
#1334 = CARTESIAN_POINT ( 'NONE',  ( -46.64965521073779087, 17.00000000000000000, -16.43539050567054716 ) ) ;
#1335 = ADVANCED_FACE ( 'NONE', ( #2885 ), #1089, .F. ) ;
#1336 = DIRECTION ( 'NONE',  ( 0.000000000000000000, -1.000000000000000000, 0.000000000000000000 ) ) ;
#1337 = CARTESIAN_POINT ( 'NONE',  ( -57.50000000000004974, 9.000000000000001776, -40.00000000000000711 ) ) ;
#1338 = EDGE_LOOP ( 'NONE', ( #1248, #1536, #1433, #2905 ) ) ;
#1339 = CARTESIAN_POINT ( 'NONE',  ( 26.04653895724218415, 9.000000000000001776, -32.00000000000000000 ) ) ;
#1340 = ORIENTED_EDGE ( 'NONE', *, *, #1179, .T. ) ;
#1341 = DIRECTION ( 'NONE',  ( 1.000000000000000000, 0.000000000000000000, 0.000000000000000000 ) ) ;
#1342 = AXIS2_PLACEMENT_3D ( 'NONE', #1339, #1557, #2037 ) ;
#1343 = EDGE_CURVE ( 'NONE', #1607, #597, #1040, .T. ) ;
#1344 = AXIS2_PLACEMENT_3D ( 'NONE', #1142, #2150, #902 ) ;
#1345 = PRESENTATION_STYLE_ASSIGNMENT (( #854 ) ) ;
#1346 = FACE_OUTER_BOUND ( 'NONE', #542, .T. ) ;
#1347 = VERTEX_POINT ( 'NONE', #2108 ) ;
#1348 = VECTOR ( 'NONE', #3067, 1000.000000000000000 ) ;
#1349 = CIRCLE ( 'NONE', #778, 1.500000000000001332 ) ;
#1350 = LINE ( 'NONE', #2357, #2257 ) ;
#1351 = VERTEX_POINT ( 'NONE', #2639 ) ;
#1352 = AXIS2_PLACEMENT_3D ( 'NONE', #668, #177, #1158 ) ;
#1353 = CARTESIAN_POINT ( 'NONE',  ( -44.10511003758468718, 16.82674919806181890, -19.19323647153673562 ) ) ;
#1354 = AXIS2_PLACEMENT_3D ( 'NONE', #2651, #399, #157 ) ;
#1355 = FACE_OUTER_BOUND ( 'NONE', #3127, .T. ) ;
#1356 = CYLINDRICAL_SURFACE ( 'NONE', #1813, 2.999999999999988898 ) ;
#1357 = ORIENTED_EDGE ( 'NONE', *, *, #1440, .F. ) ;
#1358 = DIRECTION ( 'NONE',  ( 0.000000000000000000, 0.000000000000000000, 1.000000000000000000 ) ) ;
#1359 = EDGE_CURVE ( 'NONE', #693, #2103, #2089, .T. ) ;
#1360 = CARTESIAN_POINT ( 'NONE',  ( -94.00000000000001421, 12.00000000000000000, -30.00000000000000355 ) ) ;
#1361 = ORIENTED_EDGE ( 'NONE', *, *, #2321, .F. ) ;
#1362 = CARTESIAN_POINT ( 'NONE',  ( -88.50000000000004263, 9.000000000000001776, 29.99833395190412588 ) ) ;
#1363 = CIRCLE ( 'NONE', #1787, 1.500000000000001332 ) ;
#1364 = ADVANCED_FACE ( 'NONE', ( #2391, #3114 ), #634, .T. ) ;
#1365 = DIRECTION ( 'NONE',  ( -1.000000000000000000, 0.000000000000000000, 0.000000000000000000 ) ) ;
#1366 = ORIENTED_EDGE ( 'NONE', *, *, #1435, .F. ) ;
#1367 = PRODUCT_DEFINITION_FORMATION_WITH_SPECIFIED_SOURCE ( 'Symmetric', '', #1477, .NOT_KNOWN. ) ;
#1368 = CARTESIAN_POINT ( 'NONE',  ( -94.00000000000001421, 12.00000000000000000, -35.00000000000000000 ) ) ;
#1369 = CARTESIAN_POINT ( 'NONE',  ( -46.07138585337062153, 16.99999999999916156, -16.95965112745070513 ) ) ;
#1370 = DIRECTION ( 'NONE',  ( 0.000000000000000000, 0.000000000000000000, -1.000000000000000000 ) ) ;
#1371 = CARTESIAN_POINT ( 'NONE',  ( -46.26385203789534017, 16.70432338084180657, 16.16619015308772589 ) ) ;
#1372 = ORIENTED_EDGE ( 'NONE', *, *, #2085, .T. ) ;
#1373 =( NAMED_UNIT ( * ) PLANE_ANGLE_UNIT ( ) SI_UNIT ( $, .RADIAN. ) );
#1374 = EDGE_CURVE ( 'NONE', #3218, #3186, #1136, .T. ) ;
#1375 = FACE_OUTER_BOUND ( 'NONE', #1438, .T. ) ;
#1376 = ORIENTED_EDGE ( 'NONE', *, *, #2635, .T. ) ;
#1377 = CYLINDRICAL_SURFACE ( 'NONE', #2818, 1.500000000000001332 ) ;
#1378 = CARTESIAN_POINT ( 'NONE',  ( -88.50000000000004263, 9.000000000000001776, 35.00000000000000000 ) ) ;
#1379 =( BOUNDED_SURFACE ( )  B_SPLINE_SURFACE ( 3, 2, ( 
 ( #7, #2787, #1007 ),
 ( #2554, #3029, #287 ),
 ( #257, #303, #1304 ),
 ( #2013, #21, #805 ),
 ( #1520, #992, #2753 ),
 ( #2766, #1021, #2999 ),
 ( #3048, #1999, #1809 ),
 ( #321, #520, #3014 ),
 ( #2813, #55, #1750 ),
 ( #1284, #2307, #2289 ),
 ( #563, #1762, #1568 ),
 ( #2528, #37, #1548 ),
 ( #499, #1319, #1041 ),
 ( #2542, #272, #1271 ),
 ( #2273, #781, #1782 ),
 ( #534, #1534, #2045 ),
 ( #2798, #1499, #1795 ),
 ( #546, #1055, #2322 ) ),
 .UNSPECIFIED., .F., .F., .F. ) 
 B_SPLINE_SURFACE_WITH_KNOTS ( ( 4, 2, 2, 2, 2, 2, 2, 2, 4 ),
 ( 3, 3 ),
 ( 0.000000000000000000, 0.001458891042287722289, 0.002917782084575444579, 0.004376673126863166868, 0.005106118648007028013, 0.005835564169150889158, 0.007294455211438611447, 0.008753346253726333737, 0.01167112833830177832 ),
 ( 0.000000000000000000, 1.000000000000000000 ),
 .UNSPECIFIED. ) 
 GEOMETRIC_REPRESENTATION_ITEM ( )  RATIONAL_B_SPLINE_SURFACE ( (
 ( 1.000000000000000000, 0.9233417373320633725, 1.000000000000000000),
 ( 1.000000000000000000, 0.9233270975218270671, 1.000000000000000000),
 ( 1.000000000000000000, 0.9215184483383782599, 1.000000000000000000),
 ( 1.000000000000000000, 0.9144064887953633480, 1.000000000000000000),
 ( 1.000000000000000000, 0.9093004522671754852, 1.000000000000000000),
 ( 1.000000000000000000, 0.8963537461706778675, 1.000000000000000000),
 ( 1.000000000000000000, 0.8887767801895550823, 1.000000000000000000),
 ( 1.000000000000000000, 0.8759232336738717040, 1.000000000000000000),
 ( 1.000000000000000000, 0.8713609892121464418, 1.000000000000000000),
 ( 1.000000000000000000, 0.8619104133385641076, 1.000000000000000000),
 ( 1.000000000000000000, 0.8570162260858377179, 1.000000000000000000),
 ( 1.000000000000000000, 0.8418481507648019058, 1.000000000000000000),
 ( 1.000000000000000000, 0.8310889622607844363, 1.000000000000000000),
 ( 1.000000000000000000, 0.8083463574973601684, 1.000000000000000000),
 ( 1.000000000000000000, 0.7964014400954573247, 1.000000000000000000),
 ( 1.000000000000000000, 0.7597046505783872083, 1.000000000000000000),
 ( 1.000000000000000000, 0.7337983019587687172, 1.000000000000000000),
 ( 1.000000000000000000, 0.7071067811865475727, 1.000000000000000000) ) ) 
 REPRESENTATION_ITEM ( '' )  SURFACE ( )  );
#1380 = ORIENTED_EDGE ( 'NONE', *, *, #3167, .F. ) ;
#1381 = FACE_OUTER_BOUND ( 'NONE', #2579, .T. ) ;
#1382 = ORIENTED_EDGE ( 'NONE', *, *, #2224, .F. ) ;
#1383 = CARTESIAN_POINT ( 'NONE',  ( -45.97864959449186983, 17.00000000000000000, -17.73484254233300206 ) ) ;
#1384 = CARTESIAN_POINT ( 'NONE',  ( -87.00000000000004263, 9.000000000000001776, -40.00000000000000711 ) ) ;
#1385 = CARTESIAN_POINT ( 'NONE',  ( -88.50000000000004263, 9.000000000000001776, -35.00000000000000000 ) ) ;
#1386 = VERTEX_POINT ( 'NONE', #1620 ) ;
#1387 = DIRECTION ( 'NONE',  ( 0.000000000000000000, 0.000000000000000000, 1.000000000000000000 ) ) ;
#1388 = VERTEX_POINT ( 'NONE', #1852 ) ;
#1389 = CARTESIAN_POINT ( 'NONE',  ( -56.00000000000004974, 9.000000000000001776, -40.00000000000000711 ) ) ;
#1390 = EDGE_CURVE ( 'NONE', #1208, #3083, #1587, .T. ) ;
#1391 = DIRECTION ( 'NONE',  ( -1.000000000000000000, 0.000000000000000000, 0.000000000000000000 ) ) ;
#1392 = APPLICATION_CONTEXT ( 'automotive_design' ) ;
#1393 = AXIS2_PLACEMENT_3D ( 'NONE', #1385, #1404, #2392 ) ;
#1394 = EDGE_CURVE ( 'NONE', #489, #2408, #401, .T. ) ;
#1395 = ORIENTED_EDGE ( 'NONE', *, *, #2899, .F. ) ;
#1396 = CIRCLE ( 'NONE', #2343, 1.500000000000001332 ) ;
#1397 = FACE_OUTER_BOUND ( 'NONE', #2775, .T. ) ;
#1398 = ORIENTED_EDGE ( 'NONE', *, *, #331, .F. ) ;
#1399 = CARTESIAN_POINT ( 'NONE',  ( -43.76662411253896323, 16.83426942203630716, -19.38536379582095037 ) ) ;
#1400 = AXIS2_PLACEMENT_3D ( 'NONE', #1601, #3100, #136 ) ;
#1401 = CIRCLE ( 'NONE', #2923, 0.4999999999999995004 ) ;
#1402 = AXIS2_PLACEMENT_3D ( 'NONE', #637, #1109, #1093 ) ;
#1403 = DIRECTION ( 'NONE',  ( -0.000000000000000000, -0.000000000000000000, 1.000000000000000000 ) ) ;
#1404 = DIRECTION ( 'NONE',  ( 0.000000000000000000, 0.000000000000000000, -1.000000000000000000 ) ) ;
#1405 = ORIENTED_EDGE ( 'NONE', *, *, #80, .F. ) ;
#1406 = FACE_OUTER_BOUND ( 'NONE', #2666, .T. ) ;
#1407 = EDGE_CURVE ( 'NONE', #387, #737, #1134, .T. ) ;
#1408 = CIRCLE ( 'NONE', #2566, 0.5000000000000004441 ) ;
#1409 = FACE_OUTER_BOUND ( 'NONE', #2995, .T. ) ;
#1410 = ORIENTED_EDGE ( 'NONE', *, *, #1678, .T. ) ;
#1411 = ORIENTED_EDGE ( 'NONE', *, *, #1566, .T. ) ;
#1412 = DIRECTION ( 'NONE',  ( 2.478176394252581634E-16, 0.000000000000000000, 1.000000000000000000 ) ) ;
#1413 = DIRECTION ( 'NONE',  ( 1.000000000000000000, 0.000000000000000000, 0.000000000000000000 ) ) ;
#1414 = AXIS2_PLACEMENT_3D ( 'NONE', #322, #258, #1320 ) ;
#1415 = ORIENTED_EDGE ( 'NONE', *, *, #1943, .F. ) ;
#1416 = AXIS2_PLACEMENT_3D ( 'NONE', #1468, #2440, #3244 ) ;
#1417 = ADVANCED_FACE ( 'NONE', ( #1355 ), #511, .T. ) ;
#1418 = DIRECTION ( 'NONE',  ( -1.000000000000000000, 0.000000000000000000, -0.000000000000000000 ) ) ;
#1419 = ORIENTED_EDGE ( 'NONE', *, *, #131, .F. ) ;
#1420 = DIRECTION ( 'NONE',  ( -1.000000000000000000, 0.000000000000000000, 0.000000000000000000 ) ) ;
#1421 = DIRECTION ( 'NONE',  ( -0.000000000000000000, -0.000000000000000000, -1.000000000000000000 ) ) ;
#1422 = CARTESIAN_POINT ( 'NONE',  ( -43.77007306473203130, 16.83419542357115972, 19.38347491527174427 ) ) ;
#1423 = ORIENTED_EDGE ( 'NONE', *, *, #1546, .T. ) ;
#1424 = FACE_BOUND ( 'NONE', #1124, .T. ) ;
#1425 = EDGE_CURVE ( 'NONE', #496, #3232, #463, .T. ) ;
#1426 = PLANE ( 'NONE',  #557 ) ;
#1427 = ORIENTED_EDGE ( 'NONE', *, *, #1268, .F. ) ;
#1428 = CARTESIAN_POINT ( 'NONE',  ( 18.04999999999998650, 16.50000000000000000, -2.087450582758756556E-15 ) ) ;
#1429 = DIRECTION ( 'NONE',  ( -0.000000000000000000, -0.000000000000000000, -1.000000000000000000 ) ) ;
#1430 = CARTESIAN_POINT ( 'NONE',  ( 27.54653895724218415, 9.000000000000001776, -40.00000000000000711 ) ) ;
#1431 = ORIENTED_EDGE ( 'NONE', *, *, #2032, .T. ) ;
#1432 = PLANE ( 'NONE',  #1416 ) ;
#1433 = ORIENTED_EDGE ( 'NONE', *, *, #1173, .F. ) ;
#1434 = CARTESIAN_POINT ( 'NONE',  ( -42.91228144421015145, 16.84807088190814639, -19.73888117549841326 ) ) ;
#1435 = EDGE_CURVE ( 'NONE', #1289, #2648, #2509, .T. ) ;
#1436 = DIRECTION ( 'NONE',  ( -1.000000000000000000, 0.000000000000000000, 0.000000000000000000 ) ) ;
#1437 = CARTESIAN_POINT ( 'NONE',  ( -59.00000000000004974, 9.000000000000001776, 32.00000000000000000 ) ) ;
#1438 = EDGE_LOOP ( 'NONE', ( #1835, #3135 ) ) ;
#1439 = DIRECTION ( 'NONE',  ( 2.313093092113799258E-16, 0.000000000000000000, 1.000000000000000000 ) ) ;
#1440 = EDGE_CURVE ( 'NONE', #1544, #1789, #898, .T. ) ;
#1441 = DIRECTION ( 'NONE',  ( 0.000000000000000000, 0.000000000000000000, -1.000000000000000000 ) ) ;
#1442 = EDGE_LOOP ( 'NONE', ( #1804, #370, #3016, #435, #1049, #889, #2795, #267, #1935, #2441 ) ) ;
#1443 = CARTESIAN_POINT ( 'NONE',  ( 34.04999999999998295, 12.55563958360574262, 18.24805758090141339 ) ) ;
#1444 = DIRECTION ( 'NONE',  ( 0.000000000000000000, 0.000000000000000000, 1.000000000000000000 ) ) ;
#1445 = DIRECTION ( 'NONE',  ( 1.000000000000000000, 0.000000000000000000, 0.000000000000000000 ) ) ;
#1446 = VERTEX_POINT ( 'NONE', #2340 ) ;
#1447 = EDGE_CURVE ( 'NONE', #119, #1386, #986, .T. ) ;
#1448 = DIRECTION ( 'NONE',  ( -0.000000000000000000, 1.000000000000000000, 0.000000000000000000 ) ) ;
#1449 = ORIENTED_EDGE ( 'NONE', *, *, #1032, .F. ) ;
#1450 = CARTESIAN_POINT ( 'NONE',  ( 70.49999999999998579, 9.000000000000001776, 32.00000000000000000 ) ) ;
#1451 = VECTOR ( 'NONE', #2644, 1000.000000000000000 ) ;
#1452 = DIRECTION ( 'NONE',  ( -0.000000000000000000, -0.000000000000000000, 1.000000000000000000 ) ) ;
#1453 = DIRECTION ( 'NONE',  ( -8.260587980841938780E-17, 0.000000000000000000, -1.000000000000000000 ) ) ;
#1454 = EDGE_LOOP ( 'NONE', ( #160, #3206 ) ) ;
#1455 = FACE_OUTER_BOUND ( 'NONE', #1144, .T. ) ;
#1456 = AXIS2_PLACEMENT_3D ( 'NONE', #290, #784, #1502 ) ;
#1457 = LINE ( 'NONE', #2711, #458 ) ;
#1458 = EDGE_CURVE ( 'NONE', #360, #3050, #834, .T. ) ;
#1459 = EDGE_LOOP ( 'NONE', ( #2483, #1726, #3155, #113 ) ) ;
#1460 = DIRECTION ( 'NONE',  ( 0.000000000000000000, 0.000000000000000000, 1.000000000000000000 ) ) ;
#1461 = AXIS2_PLACEMENT_3D ( 'NONE', #3158, #69, #2068 ) ;
#1462 = AXIS2_PLACEMENT_3D ( 'NONE', #1798, #58, #1058 ) ;
#1463 = DIRECTION ( 'NONE',  ( 0.000000000000000000, 0.000000000000000000, 1.000000000000000000 ) ) ;
#1464 = AXIS2_PLACEMENT_3D ( 'NONE', #199, #953, #904 ) ;
#1465 = DIRECTION ( 'NONE',  ( -2.313093092113799258E-16, 0.000000000000000000, -1.000000000000000000 ) ) ;
#1466 = ORIENTED_EDGE ( 'NONE', *, *, #316, .F. ) ;
#1467 = ADVANCED_FACE ( 'NONE', ( #910 ), #2741, .F. ) ;
#1468 = CARTESIAN_POINT ( 'NONE',  ( 0.000000000000000000, 5.000000000000000000, 0.000000000000000000 ) ) ;
#1469 = ORIENTED_EDGE ( 'NONE', *, *, #543, .T. ) ;
#1470 = CARTESIAN_POINT ( 'NONE',  ( -42.23334295753394940, 16.85255996389939526, -19.85446588901575993 ) ) ;
#1471 = B_SPLINE_CURVE_WITH_KNOTS ( 'NONE', 3,
 ( #943, #1470, #1929, #1434, #1685, #2158, #1399, #3162, #172, #1168, #662, #2173, #2672, #1714, #2704, #451, #2932, #2427, #3178, #960 ),
 .UNSPECIFIED., .F., .F.,
 ( 4, 2, 2, 2, 2, 2, 2, 2, 2, 4 ),
 ( 0.000000000000000000, 0.0006886752899944842930, 0.001377350579988968586, 0.002066025869983452879, 0.002754701159977937172, 0.004132051739966905758, 0.004820727029961386148, 0.005509402319955866538, 0.008264103479933795904, 0.01101880463991172614 ),
 .UNSPECIFIED. ) ;
#1472 = FACE_BOUND ( 'NONE', #2953, .T. ) ;
#1473 = CARTESIAN_POINT ( 'NONE',  ( -57.50000000000004974, 9.000000000000001776, -32.00000000000000000 ) ) ;
#1474 = VERTEX_POINT ( 'NONE', #1736 ) ;
#1475 = CIRCLE ( 'NONE', #268, 0.5000000000000004441 ) ;
#1476 = DIRECTION ( 'NONE',  ( 1.000000000000000000, -0.000000000000000000, -8.260587980841940012E-17 ) ) ;
#1477 = PRODUCT ( 'encoder-stand_base', 'encoder-stand_base', '', ( #1874 ) ) ;
#1478 = DIRECTION ( 'NONE',  ( 1.000000000000000000, 0.000000000000000000, -0.000000000000000000 ) ) ;
#1479 = ORIENTED_EDGE ( 'NONE', *, *, #3167, .T. ) ;
#1480 = ORIENTED_EDGE ( 'NONE', *, *, #2163, .F. ) ;
#1481 = EDGE_CURVE ( 'NONE', #3197, #1522, #200, .T. ) ;
#1482 = DIRECTION ( 'NONE',  ( 1.000000000000000000, 0.000000000000000000, 0.000000000000000000 ) ) ;
#1483 = ORIENTED_EDGE ( 'NONE', *, *, #1173, .T. ) ;
#1484 = CYLINDRICAL_SURFACE ( 'NONE', #839, 1.500000000000015099 ) ;
#1485 = CARTESIAN_POINT ( 'NONE',  ( 18.54999999999998295, 5.000000000000000000, -29.99999999999999289 ) ) ;
#1486 = CARTESIAN_POINT ( 'NONE',  ( -93.50000000000001421, 16.50000000000000000, -29.99833395190411878 ) ) ;
#1487 = DIRECTION ( 'NONE',  ( 1.000000000000000000, -0.000000000000000000, -0.000000000000000000 ) ) ;
#1488 = EDGE_LOOP ( 'NONE', ( #529, #1023, #1427, #1101, #2147, #1294 ) ) ;
#1489 = DIRECTION ( 'NONE',  ( 0.000000000000000000, 0.000000000000000000, 1.000000000000000000 ) ) ;
#1490 = DIRECTION ( 'NONE',  ( 1.000000000000000000, -0.000000000000000000, -0.000000000000000000 ) ) ;
#1491 = ORIENTED_EDGE ( 'NONE', *, *, #2577, .T. ) ;
#1492 = ORIENTED_EDGE ( 'NONE', *, *, #2635, .F. ) ;
#1493 = CARTESIAN_POINT ( 'NONE',  ( 18.04999999999999005, 16.50000000000000000, 20.20900992274818364 ) ) ;
#1494 = ADVANCED_FACE ( 'NONE', ( #663 ), #717, .T. ) ;
#1495 = ORIENTED_EDGE ( 'NONE', *, *, #916, .F. ) ;
#1496 = CARTESIAN_POINT ( 'NONE',  ( -85.50000000000002842, 9.000000000000001776, -35.00000000000000000 ) ) ;
#1497 = EDGE_CURVE ( 'NONE', #2047, #2066, #2083, .T. ) ;
#1498 = DIRECTION ( 'NONE',  ( -0.000000000000000000, -0.000000000000000000, 1.000000000000000000 ) ) ;
#1499 = CARTESIAN_POINT ( 'NONE',  ( -47.03634177603441202, 17.00000000000000000, 12.10763882584218365 ) ) ;
#1500 = DIRECTION ( 'NONE',  ( 0.000000000000000000, 0.000000000000000000, -1.000000000000000000 ) ) ;
#1501 = VERTEX_POINT ( 'NONE', #3216 ) ;
#1502 = DIRECTION ( 'NONE',  ( -1.000000000000000000, 0.000000000000000000, 1.156482317317873944E-16 ) ) ;
#1503 = AXIS2_PLACEMENT_3D ( 'NONE', #1045, #2017, #3052 ) ;
#1504 =( BOUNDED_SURFACE ( )  B_SPLINE_SURFACE ( 3, 2, ( 
 ( #2744, #3112, #1586 ),
 ( #105, #120, #1105 ),
 ( #1632, #1836, #2638 ),
 ( #1118, #2590, #1865 ),
 ( #337, #2071, #3063 ),
 ( #2604, #2864, #2325 ),
 ( #353, #1070, #1334 ),
 ( #72, #1369, #1884 ),
 ( #388, #1618, #808 ),
 ( #2092, #2883, #1383 ),
 ( #2338, #2107, #1812 ),
 ( #598, #85, #371 ),
 ( #860, #585, #1087 ),
 ( #1353, #2359, #3077 ),
 ( #631, #2388, #3098 ),
 ( #135, #878, #828 ),
 ( #2122, #3128, #2816 ),
 ( #2375, #2836, #568 ) ),
 .UNSPECIFIED., .F., .F., .F. ) 
 B_SPLINE_SURFACE_WITH_KNOTS ( ( 4, 2, 2, 2, 2, 2, 2, 2, 4 ),
 ( 3, 3 ),
 ( -4.336808689942017736E-17, 0.002901430785841892842, 0.004352146178762860730, 0.005802861571683829052, 0.006528219268144312346, 0.007253576964604796506, 0.008704292357525764828, 0.01015500775044673315, 0.01160572314336770147 ),
 ( 0.000000000000000000, 1.000000000000000000 ),
 .UNSPECIFIED. ) 
 GEOMETRIC_REPRESENTATION_ITEM ( )  RATIONAL_B_SPLINE_SURFACE ( (
 ( 1.000000000000000000, 0.7071067811865131558, 1.000000000000000000),
 ( 1.000000000000000000, 0.7337839449992714647, 1.000000000000000000),
 ( 1.000000000000000000, 0.7596404542270299709, 1.000000000000000000),
 ( 1.000000000000000000, 0.7962011170453811015, 1.000000000000000000),
 ( 1.000000000000000000, 0.8080232642845643909, 1.000000000000000000),
 ( 1.000000000000000000, 0.8308482485072410384, 1.000000000000000000),
 ( 1.000000000000000000, 0.8417345388358880021, 1.000000000000000000),
 ( 1.000000000000000000, 0.8569643399432372854, 1.000000000000000000),
 ( 1.000000000000000000, 0.8618709981107496310, 1.000000000000000000),
 ( 1.000000000000000000, 0.8713311438835037448, 1.000000000000000000),
 ( 1.000000000000000000, 0.8758947045054776837, 1.000000000000000000),
 ( 1.000000000000000000, 0.8887582176173776105, 1.000000000000000000),
 ( 1.000000000000000000, 0.8963365666290046274, 1.000000000000000000),
 ( 1.000000000000000000, 0.9092805322934058854, 1.000000000000000000),
 ( 1.000000000000000000, 0.9143909155557466972, 1.000000000000000000),
 ( 1.000000000000000000, 0.9214949593344387013, 1.000000000000000000),
 ( 1.000000000000000000, 0.9233430968334710442, 1.000000000000000000),
 ( 1.000000000000000000, 0.9233417373320633725, 1.000000000000000000) ) ) 
 REPRESENTATION_ITEM ( '' )  SURFACE ( )  );
#1505 = CIRCLE ( 'NONE', #667, 0.5000000000000004441 ) ;
#1506 = CARTESIAN_POINT ( 'NONE',  ( -47.50000000000002132, 17.00000000000000000, 11.18722852442617466 ) ) ;
#1507 = VERTEX_POINT ( 'NONE', #2443 ) ;
#1508 = ADVANCED_FACE ( 'NONE', ( #1914 ), #2913, .F. ) ;
#1509 = CARTESIAN_POINT ( 'NONE',  ( -59.00000000000004974, 9.000000000000001776, -40.00000000000000711 ) ) ;
#1510 = AXIS2_PLACEMENT_3D ( 'NONE', #920, #3173, #823 ) ;
#1511 = FACE_OUTER_BOUND ( 'NONE', #2680, .T. ) ;
#1512 = VECTOR ( 'NONE', #308, 1000.000000000000000 ) ;
#1513 = EDGE_LOOP ( 'NONE', ( #851, #3257, #2418, #1603 ) ) ;
#1514 = VECTOR ( 'NONE', #1283, 999.9999999999998863 ) ;
#1515 = CARTESIAN_POINT ( 'NONE',  ( -94.00000000000001421, 0.000000000000000000, 35.00000000000000000 ) ) ;
#1516 = VECTOR ( 'NONE', #1112, 1000.000000000000000 ) ;
#1517 = CARTESIAN_POINT ( 'NONE',  ( 26.04653895724218415, 9.000000000000001776, 32.00000000000000000 ) ) ;
#1518 = EDGE_CURVE ( 'NONE', #1347, #2956, #1612, .T. ) ;
#1519 = AXIS2_PLACEMENT_3D ( 'NONE', #2727, #3217, #946 ) ;
#1520 = CARTESIAN_POINT ( 'NONE',  ( -44.10383354669010458, 16.82678540638926989, 19.19415546999311317 ) ) ;
#1521 = PLANE ( 'NONE',  #2701 ) ;
#1522 = VERTEX_POINT ( 'NONE', #452 ) ;
#1523 = FACE_OUTER_BOUND ( 'NONE', #1864, .T. ) ;
#1524 = VECTOR ( 'NONE', #2041, 1000.000000000000114 ) ;
#1525 = CARTESIAN_POINT ( 'NONE',  ( 65.99999999999997158, 7.125658350974750199, -1.958113883008415046 ) ) ;
#1526 = ORIENTED_EDGE ( 'NONE', *, *, #2372, .T. ) ;
#1527 = CARTESIAN_POINT ( 'NONE',  ( 34.04999999999998295, 34.44761058952722266, 3.469446951953614189E-15 ) ) ;
#1528 = EDGE_CURVE ( 'NONE', #2780, #222, #1220, .T. ) ;
#1529 = CARTESIAN_POINT ( 'NONE',  ( 32.99999999999995737, 12.55563958360574262, -18.24805758090140273 ) ) ;
#1530 = ORIENTED_EDGE ( 'NONE', *, *, #437, .F. ) ;
#1531 = ORIENTED_EDGE ( 'NONE', *, *, #1268, .T. ) ;
#1532 = CARTESIAN_POINT ( 'NONE',  ( 93.99999999999998579, 17.00000000000000000, -30.00000000000000000 ) ) ;
#1533 = DIRECTION ( 'NONE',  ( 0.000000000000000000, 0.000000000000000000, 1.000000000000000000 ) ) ;
#1534 = CARTESIAN_POINT ( 'NONE',  ( -47.01729901017788649, 16.99999999999825917, 13.05955295233713898 ) ) ;
#1535 = CARTESIAN_POINT ( 'NONE',  ( -57.50000000000004974, 9.000000000000001776, -40.00000000000000711 ) ) ;
#1536 = ORIENTED_EDGE ( 'NONE', *, *, #2489, .T. ) ;
#1537 = PLANE ( 'NONE',  #202 ) ;
#1538 = EDGE_CURVE ( 'NONE', #3232, #2703, #3246, .T. ) ;
#1539 = LINE ( 'NONE', #25, #194 ) ;
#1540 = ORIENTED_EDGE ( 'NONE', *, *, #1722, .F. ) ;
#1541 = CARTESIAN_POINT ( 'NONE',  ( 18.54999999999999005, 5.000000000000000000, 30.00000000000000711 ) ) ;
#1542 = EDGE_CURVE ( 'NONE', #2008, #1622, #616, .T. ) ;
#1543 = CARTESIAN_POINT ( 'NONE',  ( 70.49999999999998579, 9.000000000000001776, -30.00000000000000711 ) ) ;
#1544 = VERTEX_POINT ( 'NONE', #2174 ) ;
#1545 = CARTESIAN_POINT ( 'NONE',  ( 26.04653895724218415, 9.000000000000001776, 35.00000000000000000 ) ) ;
#1546 = EDGE_CURVE ( 'NONE', #2106, #3144, #930, .T. ) ;
#1547 = FACE_BOUND ( 'NONE', #2880, .T. ) ;
#1548 = CARTESIAN_POINT ( 'NONE',  ( -46.64758572278227433, 17.00000000000000000, 16.44026673177277686 ) ) ;
#1549 = CARTESIAN_POINT ( 'NONE',  ( -54.50000000000004974, 9.000000000000001776, 32.00000000000000000 ) ) ;
#1550 = VERTEX_POINT ( 'NONE', #2212 ) ;
#1551 = CARTESIAN_POINT ( 'NONE',  ( 26.04653895724218415, 9.000000000000001776, -32.00000000000000000 ) ) ;
#1552 = CARTESIAN_POINT ( 'NONE',  ( 93.99999999999998579, 5.000000000000000000, 34.50000000000000000 ) ) ;
#1553 = EDGE_LOOP ( 'NONE', ( #102, #2700, #263, #3165, #2313 ) ) ;
#1554 = CARTESIAN_POINT ( 'NONE',  ( 34.04999999999998295, 12.55563958360574262, -18.24805758090140273 ) ) ;
#1555 = CIRCLE ( 'NONE', #2868, 3.000000000000002665 ) ;
#1556 = ADVANCED_FACE ( 'NONE', ( #225, #1472 ), #1184, .T. ) ;
#1557 = DIRECTION ( 'NONE',  ( 0.000000000000000000, 0.000000000000000000, -1.000000000000000000 ) ) ;
#1558 = ORIENTED_EDGE ( 'NONE', *, *, #280, .F. ) ;
#1559 = AXIS2_PLACEMENT_3D ( 'NONE', #2777, #2519, #2249 ) ;
#1560 = AXIS2_PLACEMENT_3D ( 'NONE', #1866, #2093, #1633 ) ;
#1561 = DIRECTION ( 'NONE',  ( -8.260587980841938780E-17, 0.000000000000000000, -1.000000000000000000 ) ) ;
#1562 = DIRECTION ( 'NONE',  ( 0.000000000000000000, 0.9486832980505145452, 0.3162277660168358873 ) ) ;
#1563 = AXIS2_PLACEMENT_3D ( 'NONE', #344, #2344, #95 ) ;
#1564 = VECTOR ( 'NONE', #760, 1000.000000000000000 ) ;
#1565 = EDGE_LOOP ( 'NONE', ( #2804, #1967, #329, #505 ) ) ;
#1566 = EDGE_CURVE ( 'NONE', #1347, #3252, #1401, .T. ) ;
#1567 = AXIS2_PLACEMENT_3D ( 'NONE', #167, #1444, #462 ) ;
#1568 = CARTESIAN_POINT ( 'NONE',  ( -46.33812250369961561, 17.00000000000000000, 17.09895764524235418 ) ) ;
#1569 = DIRECTION ( 'NONE',  ( 0.000000000000000000, 0.000000000000000000, 1.000000000000000000 ) ) ;
#1570 = ORIENTED_EDGE ( 'NONE', *, *, #543, .F. ) ;
#1571 = LINE ( 'NONE', #846, #1302 ) ;
#1572 = DIRECTION ( 'NONE',  ( -0.000000000000000000, -0.000000000000000000, 1.000000000000000000 ) ) ;
#1573 = ORIENTED_EDGE ( 'NONE', *, *, #2871, .T. ) ;
#1574 = DIRECTION ( 'NONE',  ( 0.000000000000000000, 0.000000000000000000, 1.000000000000000000 ) ) ;
#1575 = CIRCLE ( 'NONE', #2737, 4.500000000000000888 ) ;
#1576 = DIRECTION ( 'NONE',  ( 0.000000000000000000, -1.000000000000000000, 0.000000000000000000 ) ) ;
#1577 = ORIENTED_EDGE ( 'NONE', *, *, #73, .F. ) ;
#1578 = CARTESIAN_POINT ( 'NONE',  ( 70.49999999999998579, 9.000000000000001776, 32.00000000000000000 ) ) ;
#1579 = EDGE_CURVE ( 'NONE', #3222, #109, #3230, .T. ) ;
#1580 =( NAMED_UNIT ( * ) PLANE_ANGLE_UNIT ( ) SI_UNIT ( $, .RADIAN. ) );
#1581 = ADVANCED_FACE ( 'NONE', ( #189 ), #926, .F. ) ;
#1582 = VERTEX_POINT ( 'NONE', #1979 ) ;
#1583 = CARTESIAN_POINT ( 'NONE',  ( -88.50000000000004263, 9.000000000000001776, -40.00000000000000711 ) ) ;
#1584 = FACE_OUTER_BOUND ( 'NONE', #2222, .T. ) ;
#1585 = ORIENTED_EDGE ( 'NONE', *, *, #809, .T. ) ;
#1586 = CARTESIAN_POINT ( 'NONE',  ( -47.50000000000002842, 17.00000000000000000, -11.18722852442513727 ) ) ;
#1587 = LINE ( 'NONE', #2145, #253 ) ;
#1588 = FACE_OUTER_BOUND ( 'NONE', #166, .T. ) ;
#1589 = ORIENTED_EDGE ( 'NONE', *, *, #2884, .F. ) ;
#1590 = CARTESIAN_POINT ( 'NONE',  ( 18.54999999999998295, 17.00000000000000000, -29.99999999999999289 ) ) ;
#1591 = EDGE_CURVE ( 'NONE', #978, #1266, #2981, .T. ) ;
#1592 = FACE_OUTER_BOUND ( 'NONE', #16, .T. ) ;
#1593 = ORIENTED_EDGE ( 'NONE', *, *, #2186, .F. ) ;
#1594 = FACE_OUTER_BOUND ( 'NONE', #1896, .T. ) ;
#1595 = CARTESIAN_POINT ( 'NONE',  ( -51.50000000000001421, 17.00000000000000000, 1.191242942438606929E-14 ) ) ;
#1596 = ORIENTED_EDGE ( 'NONE', *, *, #331, .T. ) ;
#1597 = EDGE_CURVE ( 'NONE', #3222, #2621, #1254, .T. ) ;
#1598 = CARTESIAN_POINT ( 'NONE',  ( -54.50000000000004974, 9.000000000000001776, -35.00000000000000000 ) ) ;
#1599 = ORIENTED_EDGE ( 'NONE', *, *, #2383, .T. ) ;
#1600 = CARTESIAN_POINT ( 'NONE',  ( 65.49999999999997158, 34.44761058952722266, 3.469446951953614189E-15 ) ) ;
#1601 = CARTESIAN_POINT ( 'NONE',  ( -57.50000000000004974, 9.000000000000001776, -40.00000000000000711 ) ) ;
#1602 = CARTESIAN_POINT ( 'NONE',  ( 26.04653895724218415, 9.000000000000001776, -40.00000000000000711 ) ) ;
#1603 = ORIENTED_EDGE ( 'NONE', *, *, #3107, .F. ) ;
#1604 = CARTESIAN_POINT ( 'NONE',  ( 93.49999999999998579, 12.00000000000000000, 30.00000000000000355 ) ) ;
#1605 = EDGE_CURVE ( 'NONE', #2066, #2047, #86, .T. ) ;
#1606 = DIRECTION ( 'NONE',  ( -0.000000000000000000, 1.000000000000000000, -0.000000000000000000 ) ) ;
#1607 = VERTEX_POINT ( 'NONE', #2258 ) ;
#1608 = CARTESIAN_POINT ( 'NONE',  ( 68.99999999999995737, 9.000000000000001776, -40.00000000000000711 ) ) ;
#1609 = CIRCLE ( 'NONE', #139, 0.5000000000000004441 ) ;
#1610 = DIRECTION ( 'NONE',  ( -1.000000000000000000, -0.000000000000000000, -0.000000000000000000 ) ) ;
#1611 = ORIENTED_EDGE ( 'NONE', *, *, #1740, .F. ) ;
#1612 = CIRCLE ( 'NONE', #356, 0.5000000000000004441 ) ;
#1613 = VECTOR ( 'NONE', #361, 999.9999999999998863 ) ;
#1614 = CIRCLE ( 'NONE', #674, 3.000000000000002665 ) ;
#1615 = DIRECTION ( 'NONE',  ( -0.000000000000000000, -1.000000000000000000, -0.000000000000000000 ) ) ;
#1616 = ORIENTED_EDGE ( 'NONE', *, *, #1447, .F. ) ;
#1617 = VECTOR ( 'NONE', #2370, 1000.000000000000000 ) ;
#1618 = CARTESIAN_POINT ( 'NONE',  ( -45.96847253089956098, 17.00000000000000000, -17.17081436409150186 ) ) ;
#1619 = ADVANCED_FACE ( 'NONE', ( #2058 ), #1379, .T. ) ;
#1620 = CARTESIAN_POINT ( 'NONE',  ( 72.00000000000000000, 9.000000000000001776, -32.00000000000000000 ) ) ;
#1621 = CARTESIAN_POINT ( 'NONE',  ( -46.41064953157930972, 16.68633680006167097, 15.73147062767428217 ) ) ;
#1622 = VERTEX_POINT ( 'NONE', #679 ) ;
#1623 = CYLINDRICAL_SURFACE ( 'NONE', #1135, 1.500000000000001332 ) ;
#1624 = DIRECTION ( 'NONE',  ( 0.000000000000000000, 0.000000000000000000, 1.000000000000000000 ) ) ;
#1625 = ORIENTED_EDGE ( 'NONE', *, *, #3149, .F. ) ;
#1626 = DIRECTION ( 'NONE',  ( 0.000000000000000000, -1.000000000000000000, 0.000000000000000000 ) ) ;
#1627 = CIRCLE ( 'NONE', #530, 2.999999999999988898 ) ;
#1628 = DIRECTION ( 'NONE',  ( -1.000000000000000000, 0.000000000000000000, 0.000000000000000000 ) ) ;
#1629 = ORIENTED_EDGE ( 'NONE', *, *, #1309, .F. ) ;
#1630 = DIRECTION ( 'NONE',  ( 1.000000000000000000, 0.000000000000000000, -0.000000000000000000 ) ) ;
#1631 = ORIENTED_EDGE ( 'NONE', *, *, #975, .F. ) ;
#1632 = CARTESIAN_POINT ( 'NONE',  ( -46.94516834676704065, 16.57645953921631232, -13.08249713171720074 ) ) ;
#1633 = DIRECTION ( 'NONE',  ( -1.000000000000000000, 0.000000000000000000, 0.000000000000000000 ) ) ;
#1634 = CARTESIAN_POINT ( 'NONE',  ( -45.89254693335296764, 16.73874886513781135, 17.00455919312829423 ) ) ;
#1635 = ADVANCED_FACE ( 'NONE', ( #2633 ), #939, .F. ) ;
#1636 = VERTEX_POINT ( 'NONE', #151 ) ;
#1637 = CARTESIAN_POINT ( 'NONE',  ( 26.04653895724218415, 9.000000000000001776, -40.00000000000000711 ) ) ;
#1638 = CARTESIAN_POINT ( 'NONE',  ( 93.49999999999998579, 12.00000000000000000, -30.00000000000000355 ) ) ;
#1639 = ADVANCED_FACE ( 'NONE', ( #1833 ), #1146, .T. ) ;
#1640 = EDGE_LOOP ( 'NONE', ( #1957, #1952, #771, #566 ) ) ;
#1641 = DIRECTION ( 'NONE',  ( 0.000000000000000000, 0.000000000000000000, 1.000000000000000000 ) ) ;
#1642 = CYLINDRICAL_SURFACE ( 'NONE', #1083, 1.500000000000015099 ) ;
#1643 = VERTEX_POINT ( 'NONE', #2833 ) ;
#1644 = EDGE_CURVE ( 'NONE', #3102, #1550, #146, .T. ) ;
#1645 = LINE ( 'NONE', #1368, #1993 ) ;
#1646 = ORIENTED_EDGE ( 'NONE', *, *, #1781, .T. ) ;
#1647 = CYLINDRICAL_SURFACE ( 'NONE', #1354, 0.5000000000000004441 ) ;
#1648 = UNCERTAINTY_MEASURE_WITH_UNIT (LENGTH_MEASURE( 1.000000000000000082E-05 ), #312, 'distance_accuracy_value', 'NONE');
#1649 = DIRECTION ( 'NONE',  ( -1.000000000000000000, -0.000000000000000000, -0.000000000000000000 ) ) ;
#1650 = CARTESIAN_POINT ( 'NONE',  ( 33.54999999999998295, 17.00000000000000000, -29.99999999999999645 ) ) ;
#1651 = ORIENTED_EDGE ( 'NONE', *, *, #2437, .F. ) ;
#1652 = DIRECTION ( 'NONE',  ( 0.000000000000000000, 0.9486832980505145452, -0.3162277660168358873 ) ) ;
#1653 = CARTESIAN_POINT ( 'NONE',  ( 65.99999999999997158, 13.00000000000000178, -30.00000000000000355 ) ) ;
#1654 = ORIENTED_EDGE ( 'NONE', *, *, #1316, .T. ) ;
#1655 = ORIENTED_EDGE ( 'NONE', *, *, #758, .T. ) ;
#1656 = DIRECTION ( 'NONE',  ( 1.000000000000000000, -0.000000000000000000, -8.260587980841940012E-17 ) ) ;
#1657 = EDGE_CURVE ( 'NONE', #1643, #2228, #2246, .T. ) ;
#1658 = CARTESIAN_POINT ( 'NONE',  ( 65.49999999999997158, 17.00000000000000000, -30.00000000000000355 ) ) ;
#1659 = VECTOR ( 'NONE', #3202, 1000.000000000000000 ) ;
#1660 = EDGE_LOOP ( 'NONE', ( #3235, #1009, #1003, #719 ) ) ;
#1661 = VECTOR ( 'NONE', #604, 1000.000000000000000 ) ;
#1662 = CIRCLE ( 'NONE', #2400, 0.5000000000000004441 ) ;
#1663 = ORIENTED_EDGE ( 'NONE', *, *, #1546, .F. ) ;
#1664 = CARTESIAN_POINT ( 'NONE',  ( 65.49999999999997158, 12.55563958360574439, -18.24805758090140984 ) ) ;
#1665 = AXIS2_PLACEMENT_3D ( 'NONE', #1197, #1429, #2436 ) ;
#1666 = ADVANCED_FACE ( 'NONE', ( #1942 ), #2944, .T. ) ;
#1667 = VECTOR ( 'NONE', #536, 1000.000000000000000 ) ;
#1668 = DIRECTION ( 'NONE',  ( 2.313093092113799258E-16, -0.000000000000000000, 1.000000000000000000 ) ) ;
#1669 = CARTESIAN_POINT ( 'NONE',  ( -44.86681419635256418, 16.80059604760378278, 18.53352898219951328 ) ) ;
#1670 = ORIENTED_EDGE ( 'NONE', *, *, #285, .T. ) ;
#1671 = DIRECTION ( 'NONE',  ( 1.000000000000000000, -0.000000000000000000, -2.312964634635742957E-16 ) ) ;
#1672 = DIRECTION ( 'NONE',  ( -0.000000000000000000, -1.000000000000000000, -0.000000000000000000 ) ) ;
#1673 = ORIENTED_EDGE ( 'NONE', *, *, #295, .T. ) ;
#1674 = CIRCLE ( 'NONE', #1665, 1.500000000000001332 ) ;
#1675 = DIRECTION ( 'NONE',  ( 0.000000000000000000, 1.000000000000000000, 0.000000000000000000 ) ) ;
#1676 = DIRECTION ( 'NONE',  ( -0.000000000000000000, -1.000000000000000000, -0.000000000000000000 ) ) ;
#1677 = DIRECTION ( 'NONE',  ( 0.000000000000000000, 0.000000000000000000, -1.000000000000000000 ) ) ;
#1678 = EDGE_CURVE ( 'NONE', #682, #1892, #824, .T. ) ;
#1679 = VECTOR ( 'NONE', #2754, 1000.000000000000000 ) ;
#1680 = ORIENTED_EDGE ( 'NONE', *, *, #100, .F. ) ;
#1681 = CIRCLE ( 'NONE', #1149, 4.500000000000000888 ) ;
#1682 = PLANE ( 'NONE',  #689 ) ;
#1683 = ORIENTED_EDGE ( 'NONE', *, *, #1071, .F. ) ;
#1684 = EDGE_CURVE ( 'NONE', #156, #2431, #1930, .T. ) ;
#1685 = CARTESIAN_POINT ( 'NONE',  ( -43.13519476077794934, 16.84539185621397195, -19.66999866349364012 ) ) ;
#1686 = CARTESIAN_POINT ( 'NONE',  ( 26.04653895724218415, 9.000000000000001776, 32.00000000000000000 ) ) ;
#1687 = DIRECTION ( 'NONE',  ( 1.000000000000000000, 0.000000000000000000, 0.000000000000000000 ) ) ;
#1688 = ORIENTED_EDGE ( 'NONE', *, *, #4, .F. ) ;
#1689 = DIRECTION ( 'NONE',  ( 1.239088197126290817E-16, 0.000000000000000000, 1.000000000000000000 ) ) ;
#1690 = PLANE ( 'NONE',  #2132 ) ;
#1691 = ORIENTED_EDGE ( 'NONE', *, *, #1390, .F. ) ;
#1692 = ADVANCED_FACE ( 'NONE', ( #1908 ), #2684, .F. ) ;
#1693 = PLANE ( 'NONE',  #2081 ) ;
#1694 = CARTESIAN_POINT ( 'NONE',  ( -47.00000000000001421, 16.50000000000000000, 11.18722852442617821 ) ) ;
#1695 = DIRECTION ( 'NONE',  ( -1.000000000000000000, 0.000000000000000000, 0.000000000000000000 ) ) ;
#1696 = ORIENTED_EDGE ( 'NONE', *, *, #163, .F. ) ;
#1697 = CARTESIAN_POINT ( 'NONE',  ( 70.49999999999998579, 9.000000000000001776, -35.00000000000000000 ) ) ;
#1698 = ORIENTED_EDGE ( 'NONE', *, *, #2568, .F. ) ;
#1699 = DIRECTION ( 'NONE',  ( -2.312964634635742957E-16, 0.000000000000000000, -1.000000000000000000 ) ) ;
#1700 = EDGE_CURVE ( 'NONE', #2842, #23, #2772, .T. ) ;
#1701 = DIRECTION ( 'NONE',  ( 0.000000000000000000, -1.000000000000000000, 0.000000000000000000 ) ) ;
#1702 = CARTESIAN_POINT ( 'NONE',  ( -94.00000000000001421, 12.00000000000000000, -35.00000000000000000 ) ) ;
#1703 = ORIENTED_EDGE ( 'NONE', *, *, #794, .T. ) ;
#1704 = LINE ( 'NONE', #2709, #2668 ) ;
#1705 = CARTESIAN_POINT ( 'NONE',  ( 33.54999999999998295, 16.47295372330526675, -29.99999999999999645 ) ) ;
#1706 = ORIENTED_EDGE ( 'NONE', *, *, #2661, .T. ) ;
#1707 = ORIENTED_EDGE ( 'NONE', *, *, #1518, .F. ) ;
#1708 = DIRECTION ( 'NONE',  ( -0.000000000000000000, -0.000000000000000000, -1.000000000000000000 ) ) ;
#1709 = EDGE_CURVE ( 'NONE', #2733, #661, #1614, .T. ) ;
#1710 = CARTESIAN_POINT ( 'NONE',  ( -44.31562104286235382, 17.00000000000000000, -19.51028270361000949 ) ) ;
#1711 = ORIENTED_EDGE ( 'NONE', *, *, #2149, .F. ) ;
#1712 = DIRECTION ( 'NONE',  ( -1.000000000000000000, 0.000000000000000000, 0.000000000000000000 ) ) ;
#1713 = ORIENTED_EDGE ( 'NONE', *, *, #2170, .F. ) ;
#1714 = CARTESIAN_POINT ( 'NONE',  ( -45.88681761747458410, 16.73921597192889266, -17.01598178108118731 ) ) ;
#1715 = CIRCLE ( 'NONE', #3026, 0.5000000000000004441 ) ;
#1716 = DIRECTION ( 'NONE',  ( 1.000000000000000000, 0.000000000000000000, 0.000000000000000000 ) ) ;
#1717 = CARTESIAN_POINT ( 'NONE',  ( 0.000000000000000000, 17.00000000000000000, 30.00000000000000355 ) ) ;
#1718 = VERTEX_POINT ( 'NONE', #1658 ) ;
#1719 = AXIS2_PLACEMENT_3D ( 'NONE', #1027, #1312, #14 ) ;
#1720 = CARTESIAN_POINT ( 'NONE',  ( 67.49999999999998579, 9.000000000000001776, 32.00000000000000000 ) ) ;
#1721 = AXIS2_PLACEMENT_3D ( 'NONE', #1272, #2274, #2529 ) ;
#1722 = EDGE_CURVE ( 'NONE', #917, #30, #2927, .T. ) ;
#1723 = AXIS2_PLACEMENT_3D ( 'NONE', #2966, #422, #686 ) ;
#1724 = CARTESIAN_POINT ( 'NONE',  ( 29.04653895724218415, 9.000000000000001776, 32.00000000000000000 ) ) ;
#1725 = ORIENTED_EDGE ( 'NONE', *, *, #3190, .F. ) ;
#1726 = ORIENTED_EDGE ( 'NONE', *, *, #2280, .F. ) ;
#1727 = CIRCLE ( 'NONE', #1880, 3.000000000000002665 ) ;
#1728 = TOROIDAL_SURFACE ( 'NONE', #44, 28.50000000000000000, 0.5000000000000000000 ) ;
#1729 = VECTOR ( 'NONE', #577, 1000.000000000000000 ) ;
#1730 = FACE_OUTER_BOUND ( 'NONE', #2608, .T. ) ;
#1731 = EDGE_LOOP ( 'NONE', ( #1530, #124, #3187, #2971, #483 ) ) ;
#1732 = CARTESIAN_POINT ( 'NONE',  ( 93.99999999999998579, 12.00000000000000000, 30.00000000000000355 ) ) ;
#1733 = CIRCLE ( 'NONE', #1786, 3.000000000000002665 ) ;
#1734 = CARTESIAN_POINT ( 'NONE',  ( -88.50000000000004263, 9.000000000000001776, -32.00000000000000000 ) ) ;
#1735 = AXIS2_PLACEMENT_3D ( 'NONE', #1911, #629, #1630 ) ;
#1736 = CARTESIAN_POINT ( 'NONE',  ( -94.00000000000001421, 16.50000000000000000, 30.00000000000000355 ) ) ;
#1737 = DIRECTION ( 'NONE',  ( 0.000000000000000000, 0.000000000000000000, -1.000000000000000000 ) ) ;
#1738 = ORIENTED_EDGE ( 'NONE', *, *, #375, .T. ) ;
#1739 = AXIS2_PLACEMENT_3D ( 'NONE', #1181, #2187, #3196 ) ;
#1740 = EDGE_CURVE ( 'NONE', #443, #672, #1349, .T. ) ;
#1741 = LINE ( 'NONE', #2745, #2399 ) ;
#1742 = EDGE_LOOP ( 'NONE', ( #2631, #2918, #744, #2849 ) ) ;
#1743 = ORIENTED_EDGE ( 'NONE', *, *, #1845, .F. ) ;
#1744 = ADVANCED_FACE ( 'NONE', ( #1895 ), #1642, .F. ) ;
#1745 = DIRECTION ( 'NONE',  ( -1.000000000000000000, 0.000000000000000000, 1.156482317317871478E-16 ) ) ;
#1746 = ORIENTED_EDGE ( 'NONE', *, *, #2903, .T. ) ;
#1747 = LINE ( 'NONE', #1515, #1998 ) ;
#1748 = FACE_OUTER_BOUND ( 'NONE', #3010, .T. ) ;
#1749 = EDGE_CURVE ( 'NONE', #30, #1111, #2924, .T. ) ;
#1750 = CARTESIAN_POINT ( 'NONE',  ( -45.97779176839824089, 17.00000000000000000, 17.73618818194376345 ) ) ;
#1751 = LINE ( 'NONE', #703, #1679 ) ;
#1752 = VERTEX_POINT ( 'NONE', #183 ) ;
#1753 = DIRECTION ( 'NONE',  ( 1.000000000000000000, -0.000000000000000000, -0.000000000000000000 ) ) ;
#1754 = CARTESIAN_POINT ( 'NONE',  ( -42.97271930611148605, 16.99999999999999645, 20.11668595176656282 ) ) ;
#1755 = VERTEX_POINT ( 'NONE', #1178 ) ;
#1756 = DIRECTION ( 'NONE',  ( 0.000000000000000000, 0.000000000000000000, 1.000000000000000000 ) ) ;
#1757 = SPHERICAL_SURFACE ( 'NONE', #2515, 0.5000000000000000000 ) ;
#1758 = ADVANCED_FACE ( 'NONE', ( #2183 ), #3191, .T. ) ;
#1759 = ORIENTED_EDGE ( 'NONE', *, *, #2973, .T. ) ;
#1760 = DIRECTION ( 'NONE',  ( -1.000000000000000000, 0.000000000000000000, 0.000000000000000000 ) ) ;
#1761 = DIRECTION ( 'NONE',  ( 0.000000000000000000, 0.000000000000000000, 1.000000000000000000 ) ) ;
#1762 = CARTESIAN_POINT ( 'NONE',  ( -46.07030537280825655, 17.00000000000041567, 16.96188971019398650 ) ) ;
#1763 = CARTESIAN_POINT ( 'NONE',  ( 18.54999999999998295, 17.00000000000000000, -29.99999999999999289 ) ) ;
#1764 = ORIENTED_EDGE ( 'NONE', *, *, #1961, .F. ) ;
#1765 = CARTESIAN_POINT ( 'NONE',  ( -47.00000000000002842, 17.00000000000000000, -35.00000000000000000 ) ) ;
#1766 = VECTOR ( 'NONE', #2416, 1000.000000000000000 ) ;
#1767 = EDGE_CURVE ( 'NONE', #857, #640, #149, .T. ) ;
#1768 = CARTESIAN_POINT ( 'NONE',  ( -42.00000000000001421, 17.00000000000000000, 20.20900992274819075 ) ) ;
#1769 = ORIENTED_EDGE ( 'NONE', *, *, #2221, .T. ) ;
#1770 = CARTESIAN_POINT ( 'NONE',  ( 72.00000000000000000, 9.000000000000001776, 30.00000000000000000 ) ) ;
#1771 = AXIS2_PLACEMENT_3D ( 'NONE', #905, #1067, #1445 ) ;
#1772 = PRESENTATION_LAYER_ASSIGNMENT (  '', '', ( #2611 ) ) ;
#1773 = VECTOR ( 'NONE', #1, 1000.000000000000000 ) ;
#1774 = CARTESIAN_POINT ( 'NONE',  ( -46.22636240032004906, 16.99999999999999645, -17.31274240629321071 ) ) ;
#1775 = CIRCLE ( 'NONE', #2351, 0.5000000000000004441 ) ;
#1776 = EDGE_LOOP ( 'NONE', ( #1706, #2908, #2743, #581 ) ) ;
#1777 = ORIENTED_EDGE ( 'NONE', *, *, #2280, .T. ) ;
#1778 = AXIS2_PLACEMENT_3D ( 'NONE', #545, #1232, #3245 ) ;
#1779 = ADVANCED_FACE ( 'NONE', ( #221 ), #987, .T. ) ;
#1780 = DIRECTION ( 'NONE',  ( -1.000000000000000000, 0.000000000000000000, 0.000000000000000000 ) ) ;
#1781 = EDGE_CURVE ( 'NONE', #2761, #2232, #3007, .T. ) ;
#1782 = CARTESIAN_POINT ( 'NONE',  ( -47.19840820615541332, 17.00000000000000000, 14.57015572854053609 ) ) ;
#1783 = DIRECTION ( 'NONE',  ( 0.000000000000000000, 0.000000000000000000, 1.000000000000000000 ) ) ;
#1784 = VERTEX_POINT ( 'NONE', #2501 ) ;
#1785 = CARTESIAN_POINT ( 'NONE',  ( -60.50000000000005684, 9.000000000000001776, -32.00000000000000000 ) ) ;
#1786 = AXIS2_PLACEMENT_3D ( 'NONE', #239, #2242, #1796 ) ;
#1787 = AXIS2_PLACEMENT_3D ( 'NONE', #893, #1897, #2895 ) ;
#1788 = PLANE ( 'NONE',  #1503 ) ;
#1789 = VERTEX_POINT ( 'NONE', #3238 ) ;
#1790 = DIRECTION ( 'NONE',  ( 0.000000000000000000, -0.9486832980505145452, -0.3162277660168358873 ) ) ;
#1791 = ADVANCED_FACE ( 'NONE', ( #201 ), #2350, .T. ) ;
#1792 = EDGE_LOOP ( 'NONE', ( #2511, #3214, #474 ) ) ;
#1793 = CARTESIAN_POINT ( 'NONE',  ( -87.00000000000004263, 9.000000000000001776, -32.00000000000000000 ) ) ;
#1794 = DIRECTION ( 'NONE',  ( -0.000000000000000000, -0.000000000000000000, -1.000000000000000000 ) ) ;
#1795 = CARTESIAN_POINT ( 'NONE',  ( -47.50000000266212652, 17.00000000000000000, 12.16343687624604364 ) ) ;
#1796 = DIRECTION ( 'NONE',  ( 1.000000000000000000, 0.000000000000000000, 0.000000000000000000 ) ) ;
#1797 = EDGE_LOOP ( 'NONE', ( #1395, #883, #419, #659 ) ) ;
#1798 = CARTESIAN_POINT ( 'NONE',  ( 65.49999999999997158, 7.125658350974751087, -1.958113883008414602 ) ) ;
#1799 = ADVANCED_FACE ( 'NONE', ( #2452 ), #1959, .F. ) ;
#1800 = DIRECTION ( 'NONE',  ( 0.000000000000000000, -1.000000000000000000, 0.000000000000000000 ) ) ;
#1801 = ORIENTED_EDGE ( 'NONE', *, *, #2349, .T. ) ;
#1802 = CARTESIAN_POINT ( 'NONE',  ( -59.00000000000004974, 9.000000000000001776, -32.00000000000000000 ) ) ;
#1803 = CARTESIAN_POINT ( 'NONE',  ( -85.50000000000004263, 9.000000000000001776, 32.00000000000000000 ) ) ;
#1804 = ORIENTED_EDGE ( 'NONE', *, *, #2909, .F. ) ;
#1805 = EDGE_CURVE ( 'NONE', #857, #3144, #2475, .T. ) ;
#1806 = CARTESIAN_POINT ( 'NONE',  ( -87.00000000000004263, 9.000000000000001776, -29.99833395190411878 ) ) ;
#1807 = FACE_OUTER_BOUND ( 'NONE', #2355, .T. ) ;
#1808 = ORIENTED_EDGE ( 'NONE', *, *, #1316, .F. ) ;
#1809 = CARTESIAN_POINT ( 'NONE',  ( -45.40791037669789887, 17.00000000000000000, 18.53167186958505752 ) ) ;
#1810 = FACE_OUTER_BOUND ( 'NONE', #605, .T. ) ;
#1811 = ORIENTED_EDGE ( 'NONE', *, *, #1154, .F. ) ;
#1812 = CARTESIAN_POINT ( 'NONE',  ( -45.84337110431498274, 17.00000000000000000, -17.94136604196597062 ) ) ;
#1813 = AXIS2_PLACEMENT_3D ( 'NONE', #2985, #993, #749 ) ;
#1814 = LINE ( 'NONE', #2546, #3189 ) ;
#1815 = EDGE_CURVE ( 'NONE', #2363, #1076, #494, .T. ) ;
#1816 = EDGE_LOOP ( 'NONE', ( #1688, #1808, #932, #2534 ) ) ;
#1817 = DIRECTION ( 'NONE',  ( 1.239088197126290817E-16, 0.000000000000000000, 1.000000000000000000 ) ) ;
#1818 = VECTOR ( 'NONE', #2062, 1000.000000000000000 ) ;
#1819 = CIRCLE ( 'NONE', #2239, 3.000000000000002665 ) ;
#1820 = DIRECTION ( 'NONE',  ( -1.000000000000000000, 0.000000000000000000, 0.000000000000000000 ) ) ;
#1821 = VERTEX_POINT ( 'NONE', #2974 ) ;
#1822 = AXIS2_PLACEMENT_3D ( 'NONE', #2838, #1336, #1370 ) ;
#1823 = AXIS2_PLACEMENT_3D ( 'NONE', #1428, #983, #743 ) ;
#1824 = DIRECTION ( 'NONE',  ( -5.330037338859731355E-15, -0.6402827221368906363, 0.7681393335411051959 ) ) ;
#1825 = VECTOR ( 'NONE', #1834, 1000.000000000000000 ) ;
#1826 = AXIS2_PLACEMENT_3D ( 'NONE', #1686, #2690, #3201 ) ;
#1827 = CIRCLE ( 'NONE', #2516, 5.000000000000000888 ) ;
#1828 = FILL_AREA_STYLE_COLOUR ( '', #2422 ) ;
#1829 = CARTESIAN_POINT ( 'NONE',  ( -94.00000000000001421, 12.00000000000000000, 35.00000000000000000 ) ) ;
#1830 = AXIS2_PLACEMENT_3D ( 'NONE', #1734, #2740, #1365 ) ;
#1831 = ORIENTED_EDGE ( 'NONE', *, *, #776, .T. ) ;
#1832 = VECTOR ( 'NONE', #79, 1000.000000000000000 ) ;
#1833 = FACE_OUTER_BOUND ( 'NONE', #403, .T. ) ;
#1834 = DIRECTION ( 'NONE',  ( -0.000000000000000000, -0.000000000000000000, 1.000000000000000000 ) ) ;
#1835 = ORIENTED_EDGE ( 'NONE', *, *, #1591, .T. ) ;
#1836 = CARTESIAN_POINT ( 'NONE',  ( -47.01712210544320669, 17.00000000000346745, -13.05750237886674903 ) ) ;
#1837 = LINE ( 'NONE', #292, #509 ) ;
#1838 = ORIENTED_EDGE ( 'NONE', *, *, #1815, .F. ) ;
#1839 = DIRECTION ( 'NONE',  ( -1.000000000000000000, 0.000000000000000000, 0.000000000000000000 ) ) ;
#1840 = ADVANCED_FACE ( 'NONE', ( #1730 ), #1757, .T. ) ;
#1841 = CIRCLE ( 'NONE', #1739, 2.999999999999988898 ) ;
#1842 = DIRECTION ( 'NONE',  ( 0.000000000000000000, 0.000000000000000000, -1.000000000000000000 ) ) ;
#1843 = ORIENTED_EDGE ( 'NONE', *, *, #776, .F. ) ;
#1844 = DIRECTION ( 'NONE',  ( 0.000000000000000000, 0.7681393335411051959, 0.6402827221368906363 ) ) ;
#1845 = EDGE_CURVE ( 'NONE', #360, #1755, #727, .T. ) ;
#1846 = CARTESIAN_POINT ( 'NONE',  ( 65.99999999999997158, 16.47295372330527030, 30.00000000000000711 ) ) ;
#1847 = ORIENTED_EDGE ( 'NONE', *, *, #1528, .F. ) ;
#1848 = FACE_OUTER_BOUND ( 'NONE', #1338, .T. ) ;
#1849 = EDGE_LOOP ( 'NONE', ( #393, #940 ) ) ;
#1850 = DIRECTION ( 'NONE',  ( -1.000000000000000000, -0.000000000000000000, -0.000000000000000000 ) ) ;
#1851 = EDGE_CURVE ( 'NONE', #67, #1351, #1002, .T. ) ;
#1852 = CARTESIAN_POINT ( 'NONE',  ( 65.49999999999997158, 13.02998123263099828, -18.08994369789298418 ) ) ;
#1853 = LINE ( 'NONE', #1867, #2395 ) ;
#1854 = ORIENTED_EDGE ( 'NONE', *, *, #131, .T. ) ;
#1855 = FACE_OUTER_BOUND ( 'NONE', #576, .T. ) ;
#1856 = CARTESIAN_POINT ( 'NONE',  ( 0.000000000000000000, 17.00000000000000000, -30.00000000000000355 ) ) ;
#1857 = ORIENTED_EDGE ( 'NONE', *, *, #2809, .F. ) ;
#1858 = CYLINDRICAL_SURFACE ( 'NONE', #1243, 2.999999999999988898 ) ;
#1859 =( LENGTH_UNIT ( ) NAMED_UNIT ( * ) SI_UNIT ( .MILLI., .METRE. ) );
#1860 = ADVANCED_FACE ( 'NONE', ( #1511 ), #2523, .F. ) ;
#1861 = CARTESIAN_POINT ( 'NONE',  ( -91.50000000000004263, 9.000000000000001776, -32.00000000000000000 ) ) ;
#1862 = EDGE_LOOP ( 'NONE', ( #2254, #1925, #2327, #956 ) ) ;
#1863 = DIRECTION ( 'NONE',  ( 0.000000000000000000, 0.000000000000000000, 1.000000000000000000 ) ) ;
#1864 = EDGE_LOOP ( 'NONE', ( #2840, #591, #1160, #1769, #807 ) ) ;
#1865 = CARTESIAN_POINT ( 'NONE',  ( -47.19995877347996327, 17.00000000000000000, -14.56221894814737894 ) ) ;
#1866 = CARTESIAN_POINT ( 'NONE',  ( 70.49999999999998579, 9.000000000000001776, -35.00000000000000000 ) ) ;
#1867 = CARTESIAN_POINT ( 'NONE',  ( 27.54653895724218415, 9.000000000000001776, -40.00000000000000711 ) ) ;
#1868 = ORIENTED_EDGE ( 'NONE', *, *, #1374, .T. ) ;
#1869 = CARTESIAN_POINT ( 'NONE',  ( 18.54999999999998295, 16.50000000000000000, -20.20900992274819075 ) ) ;
#1870 = DIRECTION ( 'NONE',  ( 0.000000000000000000, 0.000000000000000000, -1.000000000000000000 ) ) ;
#1871 = VERTEX_POINT ( 'NONE', #1063 ) ;
#1872 = CARTESIAN_POINT ( 'NONE',  ( 93.49999999999998579, 5.000000000000000000, -35.00000000000000000 ) ) ;
#1873 = AXIS2_PLACEMENT_3D ( 'NONE', #1288, #570, #3019 ) ;
#1874 = PRODUCT_CONTEXT ( 'NONE', #1392, 'mechanical' ) ;
#1875 = FACE_OUTER_BOUND ( 'NONE', #1488, .T. ) ;
#1876 = ORIENTED_EDGE ( 'NONE', *, *, #3082, .F. ) ;
#1877 = AXIS2_PLACEMENT_3D ( 'NONE', #1234, #1701, #1206 ) ;
#1878 = AXIS2_PLACEMENT_3D ( 'NONE', #377, #1074, #2379 ) ;
#1879 = ADVANCED_FACE ( 'NONE', ( #836, #2565 ), #2078, .T. ) ;
#1880 = AXIS2_PLACEMENT_3D ( 'NONE', #554, #1279, #1326 ) ;
#1881 = CARTESIAN_POINT ( 'NONE',  ( -47.00000000000002842, 16.50000000000000000, -35.00000000000000000 ) ) ;
#1882 = ORIENTED_EDGE ( 'NONE', *, *, #1258, .T. ) ;
#1883 = AXIS2_PLACEMENT_3D ( 'NONE', #1948, #224, #909 ) ;
#1884 = CARTESIAN_POINT ( 'NONE',  ( -46.33930400032325991, 17.00000000000000000, -17.09667598669057043 ) ) ;
#1885 = EDGE_CURVE ( 'NONE', #1474, #13, #3034, .T. ) ;
#1886 = AXIS2_PLACEMENT_3D ( 'NONE', #969, #1463, #1162 ) ;
#1887 = DIRECTION ( 'NONE',  ( 0.000000000000000000, -0.000000000000000000, 1.000000000000000000 ) ) ;
#1888 = DIRECTION ( 'NONE',  ( -1.000000000000000000, 0.000000000000000000, 2.312964634635742957E-16 ) ) ;
#1889 = ORIENTED_EDGE ( 'NONE', *, *, #2601, .T. ) ;
#1890 = CARTESIAN_POINT ( 'NONE',  ( -52.00000000000000711, 5.000000000000000000, 29.99833395190412588 ) ) ;
#1891 = CARTESIAN_POINT ( 'NONE',  ( -94.00000000000001421, 0.000000000000000000, 34.50000000000000000 ) ) ;
#1892 = VERTEX_POINT ( 'NONE', #2841 ) ;
#1893 = CARTESIAN_POINT ( 'NONE',  ( 65.79289321881343255, 17.00000000000000000, 30.00000000000001066 ) ) ;
#1894 = ADVANCED_FACE ( 'NONE', ( #2806 ), #575, .T. ) ;
#1895 = FACE_OUTER_BOUND ( 'NONE', #630, .T. ) ;
#1896 = EDGE_LOOP ( 'NONE', ( #2397, #364, #3161, #1382 ) ) ;
#1897 = DIRECTION ( 'NONE',  ( -0.000000000000000000, -0.000000000000000000, 1.000000000000000000 ) ) ;
#1898 = ORIENTED_EDGE ( 'NONE', *, *, #3095, .F. ) ;
#1899 = CYLINDRICAL_SURFACE ( 'NONE', #2354, 2.999999999999988898 ) ;
#1900 = CARTESIAN_POINT ( 'NONE',  ( -94.00000000000001421, 0.000000000000000000, -35.00000000000000000 ) ) ;
#1901 = CARTESIAN_POINT ( 'NONE',  ( -45.99188152052555267, 16.73027147935540171, 16.79756910811083515 ) ) ;
#1902 = ORIENTED_EDGE ( 'NONE', *, *, #2585, .F. ) ;
#1903 = CARTESIAN_POINT ( 'NONE',  ( -93.50000000000001421, 12.00000000000000000, 34.50000000000000000 ) ) ;
#1904 = ADVANCED_FACE ( 'NONE', ( #3041 ), #3087, .F. ) ;
#1905 = DIRECTION ( 'NONE',  ( 0.000000000000000000, 0.000000000000000000, 1.000000000000000000 ) ) ;
#1906 = ORIENTED_EDGE ( 'NONE', *, *, #2805, .T. ) ;
#1907 = CARTESIAN_POINT ( 'NONE',  ( 26.04653895724218415, 9.000000000000001776, -40.00000000000000711 ) ) ;
#1908 = FACE_OUTER_BOUND ( 'NONE', #2070, .T. ) ;
#1909 = ADVANCED_FACE ( 'NONE', ( #2065 ), #314, .T. ) ;
#1910 = ORIENTED_EDGE ( 'NONE', *, *, #3055, .F. ) ;
#1911 = CARTESIAN_POINT ( 'NONE',  ( -94.00000000000001421, 5.000000000000000000, -35.00000000000000000 ) ) ;
#1912 = ORIENTED_EDGE ( 'NONE', *, *, #295, .F. ) ;
#1913 = CARTESIAN_POINT ( 'NONE',  ( 93.99999999999998579, 16.50000000000000000, -30.00000000000000000 ) ) ;
#1914 = FACE_OUTER_BOUND ( 'NONE', #2592, .T. ) ;
#1915 = DIRECTION ( 'NONE',  ( -0.000000000000000000, -0.000000000000000000, 1.000000000000000000 ) ) ;
#1916 = VERTEX_POINT ( 'NONE', #328 ) ;
#1917 = DIRECTION ( 'NONE',  ( 1.000000000000000000, 0.000000000000000000, 0.000000000000000000 ) ) ;
#1918 = ADVANCED_FACE ( 'NONE', ( #281 ), #2053, .T. ) ;
#1919 = CARTESIAN_POINT ( 'NONE',  ( 33.54999999999997584, 17.00000000000000000, -30.00000000000000355 ) ) ;
#1920 = VERTEX_POINT ( 'NONE', #541 ) ;
#1921 = CARTESIAN_POINT ( 'NONE',  ( 23.04653895724218060, 9.000000000000001776, 32.00000000000000000 ) ) ;
#1922 = DIRECTION ( 'NONE',  ( 1.000000000000000000, 0.000000000000000000, 0.000000000000000000 ) ) ;
#1923 = EDGE_CURVE ( 'NONE', #2426, #1507, #516, .T. ) ;
#1924 = DIRECTION ( 'NONE',  ( 1.000000000000000000, 0.000000000000000000, 0.000000000000000000 ) ) ;
#1925 = ORIENTED_EDGE ( 'NONE', *, *, #2076, .T. ) ;
#1926 = VECTOR ( 'NONE', #2112, 1000.000000000000000 ) ;
#1927 = CARTESIAN_POINT ( 'NONE',  ( 65.99999999999997158, 34.44761058952722266, 3.469446951953614189E-15 ) ) ;
#1928 = ORIENTED_EDGE ( 'NONE', *, *, #68, .T. ) ;
#1929 = CARTESIAN_POINT ( 'NONE',  ( -42.46234234960630971, 16.85163718876629702, -19.83066114651549938 ) ) ;
#1930 = CIRCLE ( 'NONE', #773, 1.500000000000001332 ) ;
#1931 = VECTOR ( 'NONE', #572, 1000.000000000000000 ) ;
#1932 = AXIS2_PLACEMENT_3D ( 'NONE', #797, #490, #2756 ) ;
#1933 = DIRECTION ( 'NONE',  ( 8.260587980841938780E-17, -0.000000000000000000, 1.000000000000000000 ) ) ;
#1934 = CARTESIAN_POINT ( 'NONE',  ( 65.99999999999997158, 5.000000000000000000, -0.000000000000000000 ) ) ;
#1935 = ORIENTED_EDGE ( 'NONE', *, *, #2118, .T. ) ;
#1936 = CYLINDRICAL_SURFACE ( 'NONE', #1086, 28.00000000000000000 ) ;
#1937 = CIRCLE ( 'NONE', #3198, 1.500000000000001332 ) ;
#1938 = DIRECTION ( 'NONE',  ( -1.000000000000000000, 0.000000000000000000, -0.000000000000000000 ) ) ;
#1939 = ORIENTED_EDGE ( 'NONE', *, *, #1749, .F. ) ;
#1940 = EDGE_LOOP ( 'NONE', ( #1175, #1060, #97, #1380 ) ) ;
#1941 = DIRECTION ( 'NONE',  ( -0.000000000000000000, -0.000000000000000000, 1.000000000000000000 ) ) ;
#1942 = FACE_OUTER_BOUND ( 'NONE', #2079, .T. ) ;
#1943 = EDGE_CURVE ( 'NONE', #2556, #2368, #3104, .T. ) ;
#1944 = VERTEX_POINT ( 'NONE', #1803 ) ;
#1945 = AXIS2_PLACEMENT_3D ( 'NONE', #2255, #2011, #1018 ) ;
#1946 = CARTESIAN_POINT ( 'NONE',  ( 93.49999999999998579, 12.00000000000000000, -34.50000000000000000 ) ) ;
#1947 = ORIENTED_EDGE ( 'NONE', *, *, #1851, .F. ) ;
#1948 = CARTESIAN_POINT ( 'NONE',  ( 18.04999999999998295, 16.50000000000000000, -20.20900992274819075 ) ) ;
#1949 = B_SPLINE_CURVE_WITH_KNOTS ( 'NONE', 3,
 ( #3221, #1969, #1754, #1260, #215, #2469, #1986, #442, #195, #2498, #504, #262, #2216, #11, #740, #3205, #706, #1506 ),
 .UNSPECIFIED., .F., .F.,
 ( 4, 2, 2, 2, 2, 2, 2, 2, 4 ),
 ( 0.000000000000000000, 0.001458891042287732264, 0.002917782084575464528, 0.004376673126863196359, 0.005106118648007055769, 0.005835564169150916046, 0.007294455211438634866, 0.008753346253726351084, 0.01167112833830178005 ),
 .UNSPECIFIED. ) ;
#1950 = DIRECTION ( 'NONE',  ( -0.000000000000000000, -0.000000000000000000, -1.000000000000000000 ) ) ;
#1951 = DIRECTION ( 'NONE',  ( -1.000000000000000000, 0.000000000000000000, 0.000000000000000000 ) ) ;
#1952 = ORIENTED_EDGE ( 'NONE', *, *, #513, .T. ) ;
#1953 = LINE ( 'NONE', #1968, #147 ) ;
#1954 = EDGE_CURVE ( 'NONE', #1076, #1789, #204, .T. ) ;
#1955 = CARTESIAN_POINT ( 'NONE',  ( 93.49999999999997158, 17.00000000000000000, 30.00000000000000711 ) ) ;
#1956 = ORIENTED_EDGE ( 'NONE', *, *, #1359, .T. ) ;
#1957 = ORIENTED_EDGE ( 'NONE', *, *, #2372, .F. ) ;
#1958 = CARTESIAN_POINT ( 'NONE',  ( 26.04653895724218415, 9.000000000000001776, -35.00000000000000000 ) ) ;
#1959 = PLANE ( 'NONE',  #3194 ) ;
#1960 = ORIENTED_EDGE ( 'NONE', *, *, #3183, .F. ) ;
#1961 = EDGE_CURVE ( 'NONE', #1920, #3131, #1727, .T. ) ;
#1962 = FACE_OUTER_BOUND ( 'NONE', #1017, .T. ) ;
#1963 = ORIENTED_EDGE ( 'NONE', *, *, #1538, .F. ) ;
#1964 = CARTESIAN_POINT ( 'NONE',  ( 32.99999999999995737, 34.44761058952722266, 3.469446951953614189E-15 ) ) ;
#1965 = DIRECTION ( 'NONE',  ( 0.000000000000000000, 0.000000000000000000, -1.000000000000000000 ) ) ;
#1966 = DIRECTION ( 'NONE',  ( 0.000000000000000000, 0.000000000000000000, -1.000000000000000000 ) ) ;
#1967 = ORIENTED_EDGE ( 'NONE', *, *, #129, .T. ) ;
#1968 = CARTESIAN_POINT ( 'NONE',  ( 23.04653895724218060, 9.000000000000001776, 32.00000000000000000 ) ) ;
#1969 = CARTESIAN_POINT ( 'NONE',  ( -42.49460059281526725, 17.00000000000000355, 20.20900992274819075 ) ) ;
#1970 = EDGE_LOOP ( 'NONE', ( #994, #2926, #811, #767 ) ) ;
#1971 = ORIENTED_EDGE ( 'NONE', *, *, #142, .F. ) ;
#1972 = CARTESIAN_POINT ( 'NONE',  ( -46.64965520924085496, 17.00000000000000000, -16.43539050498400300 ) ) ;
#1973 = ORIENTED_EDGE ( 'NONE', *, *, #2010, .F. ) ;
#1974 = CIRCLE ( 'NONE', #2812, 3.000000000000002665 ) ;
#1975 = DIRECTION ( 'NONE',  ( -0.000000000000000000, 1.000000000000000000, 0.000000000000000000 ) ) ;
#1976 = LINE ( 'NONE', #2980, #780 ) ;
#1977 = EDGE_CURVE ( 'NONE', #67, #2408, #1301, .T. ) ;
#1978 = AXIS2_PLACEMENT_3D ( 'NONE', #2396, #1905, #2902 ) ;
#1979 = CARTESIAN_POINT ( 'NONE',  ( -85.50000000000004263, 9.000000000000001776, 35.00000000000000000 ) ) ;
#1980 = CARTESIAN_POINT ( 'NONE',  ( 65.99999999999997158, 5.000000000000000000, 30.00000000000000711 ) ) ;
#1981 = ORIENTED_EDGE ( 'NONE', *, *, #2705, .T. ) ;
#1982 = AXIS2_PLACEMENT_3D ( 'NONE', #47, #1574, #2052 ) ;
#1983 = LINE ( 'NONE', #2987, #412 ) ;
#1984 = ADVANCED_FACE ( 'NONE', ( #1592 ), #77, .F. ) ;
#1985 = VECTOR ( 'NONE', #241, 1000.000000000000000 ) ;
#1986 = CARTESIAN_POINT ( 'NONE',  ( -45.40791037791895235, 17.00000000000000000, 18.53167187066487642 ) ) ;
#1987 = ORIENTED_EDGE ( 'NONE', *, *, #2115, .T. ) ;
#1988 = DIRECTION ( 'NONE',  ( -0.000000000000000000, -1.000000000000000000, -0.000000000000000000 ) ) ;
#1989 = VECTOR ( 'NONE', #2550, 1000.000000000000000 ) ;
#1990 = AXIS2_PLACEMENT_3D ( 'NONE', #1270, #1533, #2784 ) ;
#1991 = CIRCLE ( 'NONE', #573, 1.500000000000001332 ) ;
#1992 = CARTESIAN_POINT ( 'NONE',  ( -42.49060016962343411, 17.00000000000000000, -20.18561618824004000 ) ) ;
#1993 = VECTOR ( 'NONE', #844, 1000.000000000000000 ) ;
#1994 = EDGE_LOOP ( 'NONE', ( #2165, #1654, #2828, #2645 ) ) ;
#1995 = EDGE_CURVE ( 'NONE', #1636, #1916, #3078, .T. ) ;
#1996 = DIRECTION ( 'NONE',  ( -0.000000000000000000, -0.000000000000000000, 1.000000000000000000 ) ) ;
#1997 = DIRECTION ( 'NONE',  ( 1.000000000000000000, 0.000000000000000000, -0.000000000000000000 ) ) ;
#1998 = VECTOR ( 'NONE', #2270, 1000.000000000000000 ) ;
#1999 = CARTESIAN_POINT ( 'NONE',  ( -45.21478494680894755, 16.99999999999915801, 18.35878390997581278 ) ) ;
#2000 = DIRECTION ( 'NONE',  ( 0.000000000000000000, 0.000000000000000000, -1.000000000000000000 ) ) ;
#2001 = ORIENTED_EDGE ( 'NONE', *, *, #955, .F. ) ;
#2002 = CARTESIAN_POINT ( 'NONE',  ( 70.49999999999998579, 9.000000000000001776, -30.00000000000000711 ) ) ;
#2003 = DIRECTION ( 'NONE',  ( 0.000000000000000000, 0.000000000000000000, 1.000000000000000000 ) ) ;
#2004 = EDGE_CURVE ( 'NONE', #2648, #2761, #296, .T. ) ;
#2005 = ORIENTED_EDGE ( 'NONE', *, *, #835, .F. ) ;
#2006 = DIRECTION ( 'NONE',  ( 1.000000000000000000, 0.000000000000000000, 0.000000000000000000 ) ) ;
#2007 = CARTESIAN_POINT ( 'NONE',  ( 18.54999999999998295, 16.50000000000000000, -29.99999999999999289 ) ) ;
#2008 = VERTEX_POINT ( 'NONE', #49 ) ;
#2009 = APPLICATION_CONTEXT ( 'automotive_design' ) ;
#2010 = EDGE_CURVE ( 'NONE', #274, #2476, #3056, .T. ) ;
#2011 = DIRECTION ( 'NONE',  ( 0.000000000000000000, -1.000000000000000000, -0.000000000000000000 ) ) ;
#2012 = LINE ( 'NONE', #3012, #1564 ) ;
#2013 = CARTESIAN_POINT ( 'NONE',  ( -43.72270439498467454, 16.83612658367280446, 19.43260225103252736 ) ) ;
#2014 = CARTESIAN_POINT ( 'NONE',  ( 18.04999999999998650, 17.00000000000000000, -2.087450582758756556E-15 ) ) ;
#2015 = ORIENTED_EDGE ( 'NONE', *, *, #1020, .T. ) ;
#2016 = CARTESIAN_POINT ( 'NONE',  ( 18.54999999999998295, 5.000000000000000000, -29.99999999999999289 ) ) ;
#2017 = DIRECTION ( 'NONE',  ( 1.000000000000000000, -0.000000000000000000, 0.000000000000000000 ) ) ;
#2018 = EDGE_LOOP ( 'NONE', ( #958, #2544, #2345, #2986, #171, #1599 ) ) ;
#2019 = DIRECTION ( 'NONE',  ( 0.000000000000000000, -0.7681393335411051959, 0.6402827221368906363 ) ) ;
#2020 = EDGE_CURVE ( 'NONE', #1501, #1718, #639, .T. ) ;
#2021 = CARTESIAN_POINT ( 'NONE',  ( -42.00000000000002842, 17.00000000000000000, -20.20900992274818364 ) ) ;
#2022 = ORIENTED_EDGE ( 'NONE', *, *, #1740, .T. ) ;
#2023 = VERTEX_POINT ( 'NONE', #126 ) ;
#2024 = EDGE_CURVE ( 'NONE', #1789, #539, #427, .T. ) ;
#2025 = CARTESIAN_POINT ( 'NONE',  ( 33.54999999999998295, 16.47295372330526675, -29.99999999999999645 ) ) ;
#2026 = FACE_BOUND ( 'NONE', #428, .T. ) ;
#2027 = DIRECTION ( 'NONE',  ( -1.000000000000000000, 0.000000000000000000, 0.000000000000000000 ) ) ;
#2028 = DIRECTION ( 'NONE',  ( 0.000000000000000000, 0.3162277660168378302, 0.9486832980505138790 ) ) ;
#2029 = ORIENTED_EDGE ( 'NONE', *, *, #73, .T. ) ;
#2030 = CARTESIAN_POINT ( 'NONE',  ( 73.49999999999997158, 9.000000000000001776, -35.00000000000000000 ) ) ;
#2031 = VECTOR ( 'NONE', #2300, 1000.000000000000000 ) ;
#2032 = EDGE_CURVE ( 'NONE', #3144, #13, #2433, .T. ) ;
#2033 = FACE_OUTER_BOUND ( 'NONE', #3147, .T. ) ;
#2034 = VERTEX_POINT ( 'NONE', #3134 ) ;
#2035 = FACE_BOUND ( 'NONE', #1151, .T. ) ;
#2036 = AXIS2_PLACEMENT_3D ( 'NONE', #2595, #1576, #2856 ) ;
#2037 = DIRECTION ( 'NONE',  ( -1.000000000000000000, 0.000000000000000000, 0.000000000000000000 ) ) ;
#2038 = VECTOR ( 'NONE', #2586, 1000.000000000000000 ) ;
#2039 = ORIENTED_EDGE ( 'NONE', *, *, #1331, .T. ) ;
#2040 = CIRCLE ( 'NONE', #2521, 1.500000000000001332 ) ;
#2041 = DIRECTION ( 'NONE',  ( 0.000000000000000000, -0.3162277660168378302, -0.9486832980505138790 ) ) ;
#2042 = EDGE_CURVE ( 'NONE', #433, #963, #769, .T. ) ;
#2043 = CARTESIAN_POINT ( 'NONE',  ( -88.50000000000004263, 9.000000000000001776, -29.99833395190411878 ) ) ;
#2044 = AXIS2_PLACEMENT_3D ( 'NONE', #962, #718, #473 ) ;
#2045 = CARTESIAN_POINT ( 'NONE',  ( -47.43973389505043059, 17.00000000000000000, 13.13297028324044646 ) ) ;
#2046 = CARTESIAN_POINT ( 'NONE',  ( -56.00000000000004974, 9.000000000000001776, -40.00000000000000711 ) ) ;
#2047 = VERTEX_POINT ( 'NONE', #622 ) ;
#2048 = LINE ( 'NONE', #995, #1667 ) ;
#2049 = CIRCLE ( 'NONE', #632, 2.999999999999988898 ) ;
#2050 = SPHERICAL_SURFACE ( 'NONE', #1873, 0.5000000000000000000 ) ;
#2051 = EDGE_LOOP ( 'NONE', ( #1696, #2811, #2911, #2835 ) ) ;
#2052 = DIRECTION ( 'NONE',  ( 1.000000000000000000, 0.000000000000000000, -0.000000000000000000 ) ) ;
#2053 = CYLINDRICAL_SURFACE ( 'NONE', #2876, 0.5000000000000004441 ) ;
#2054 = ORIENTED_EDGE ( 'NONE', *, *, #1977, .T. ) ;
#2055 = DIRECTION ( 'NONE',  ( 0.000000000000000000, 0.000000000000000000, 1.000000000000000000 ) ) ;
#2056 = DIRECTION ( 'NONE',  ( -2.312964634635742957E-16, 0.000000000000000000, -1.000000000000000000 ) ) ;
#2057 = ADVANCED_FACE ( 'NONE', ( #1375, #2164 ), #1426, .T. ) ;
#2058 = FACE_OUTER_BOUND ( 'NONE', #3105, .T. ) ;
#2059 = CYLINDRICAL_SURFACE ( 'NONE', #1230, 1.500000000000001332 ) ;
#2060 = ORIENTED_EDGE ( 'NONE', *, *, #959, .T. ) ;
#2061 = FACE_OUTER_BOUND ( 'NONE', #208, .T. ) ;
#2062 = DIRECTION ( 'NONE',  ( 0.000000000000000000, -1.000000000000000000, 0.000000000000000000 ) ) ;
#2063 = ORIENTED_EDGE ( 'NONE', *, *, #1605, .T. ) ;
#2064 = DIRECTION ( 'NONE',  ( 0.000000000000000000, 0.000000000000000000, -1.000000000000000000 ) ) ;
#2065 = FACE_OUTER_BOUND ( 'NONE', #1459, .T. ) ;
#2066 = VERTEX_POINT ( 'NONE', #2178 ) ;
#2067 = DIRECTION ( 'NONE',  ( -1.000000000000000000, 0.000000000000000000, 0.000000000000000000 ) ) ;
#2068 = DIRECTION ( 'NONE',  ( 1.000000000000000000, 0.000000000000000000, 0.000000000000000000 ) ) ;
#2069 = CARTESIAN_POINT ( 'NONE',  ( -54.50000000000004974, 9.000000000000001776, 32.00000000000000000 ) ) ;
#2070 = EDGE_LOOP ( 'NONE', ( #479, #259, #1108, #2792 ) ) ;
#2071 = CARTESIAN_POINT ( 'NONE',  ( -46.74248251624170081, 16.99999999999913669, -14.94206222862539057 ) ) ;
#2072 = EDGE_CURVE ( 'NONE', #1544, #2626, #1715, .T. ) ;
#2073 = DIRECTION ( 'NONE',  ( 1.000000000000000000, -0.000000000000000000, -0.000000000000000000 ) ) ;
#2074 = VERTEX_POINT ( 'NONE', #179 ) ;
#2075 = CARTESIAN_POINT ( 'NONE',  ( 34.04999999999998295, 13.00000000000000178, -17.99999999999999289 ) ) ;
#2076 = EDGE_CURVE ( 'NONE', #2991, #2842, #867, .T. ) ;
#2077 = CIRCLE ( 'NONE', #1978, 3.000000000000002665 ) ;
#2078 = PLANE ( 'NONE',  #93 ) ;
#2079 = EDGE_LOOP ( 'NONE', ( #230, #2457, #180, #894 ) ) ;
#2080 = VECTOR ( 'NONE', #2865, 1000.000000000000000 ) ;
#2081 = AXIS2_PLACEMENT_3D ( 'NONE', #444, #1460, #2166 ) ;
#2082 = DIRECTION ( 'NONE',  ( 0.000000000000000000, 0.000000000000000000, 1.000000000000000000 ) ) ;
#2083 = CIRCLE ( 'NONE', #1723, 2.999999999999988898 ) ;
#2084 = AXIS2_PLACEMENT_3D ( 'NONE', #1903, #3117, #865 ) ;
#2085 = EDGE_CURVE ( 'NONE', #1026, #289, #887, .T. ) ;
#2086 = DIRECTION ( 'NONE',  ( 0.000000000000000000, 0.3162277660168376636, -0.9486832980505138790 ) ) ;
#2087 = VECTOR ( 'NONE', #1610, 1000.000000000000000 ) ;
#2088 = ORIENTED_EDGE ( 'NONE', *, *, #3003, .F. ) ;
#2089 = CIRCLE ( 'NONE', #1822, 0.5000000000000004441 ) ;
#2090 = DIRECTION ( 'NONE',  ( -0.000000000000000000, -0.000000000000000000, -1.000000000000000000 ) ) ;
#2091 = ORIENTED_EDGE ( 'NONE', *, *, #2163, .T. ) ;
#2092 = CARTESIAN_POINT ( 'NONE',  ( -45.61695417747966275, 16.75919558825243882, -17.50618601948819375 ) ) ;
#2093 = DIRECTION ( 'NONE',  ( 0.000000000000000000, 0.000000000000000000, -1.000000000000000000 ) ) ;
#2094 = DIRECTION ( 'NONE',  ( -0.000000000000000000, -0.000000000000000000, 1.000000000000000000 ) ) ;
#2095 = ORIENTED_EDGE ( 'NONE', *, *, #1977, .F. ) ;
#2096 = DIRECTION ( 'NONE',  ( 0.000000000000000000, 0.000000000000000000, 1.000000000000000000 ) ) ;
#2097 = AXIS2_PLACEMENT_3D ( 'NONE', #660, #1218, #235 ) ;
#2098 = EDGE_CURVE ( 'NONE', #2551, #584, #362, .T. ) ;
#2099 = DIRECTION ( 'NONE',  ( 0.000000000000000000, 0.000000000000000000, -1.000000000000000000 ) ) ;
#2100 = ORIENTED_EDGE ( 'NONE', *, *, #1127, .T. ) ;
#2101 = DIRECTION ( 'NONE',  ( 0.000000000000000000, -0.3162277660168377191, 0.9486832980505138790 ) ) ;
#2102 = CARTESIAN_POINT ( 'NONE',  ( -94.00000000000001421, 12.00000000000000000, 35.00000000000000000 ) ) ;
#2103 = VERTEX_POINT ( 'NONE', #1891 ) ;
#2104 = EDGE_CURVE ( 'NONE', #2196, #2363, #350, .T. ) ;
#2105 = CARTESIAN_POINT ( 'NONE',  ( -52.00000000000000711, 16.50000000000000000, 29.99833395190412588 ) ) ;
#2106 = VERTEX_POINT ( 'NONE', #2630 ) ;
#2107 = CARTESIAN_POINT ( 'NONE',  ( -45.61641548585552641, 17.00000000000000000, -17.78497027317143520 ) ) ;
#2108 = CARTESIAN_POINT ( 'NONE',  ( 65.49999999999997158, 13.02998123263099295, 18.08994369789297352 ) ) ;
#2109 = DIRECTION ( 'NONE',  ( -1.000000000000000000, 0.000000000000000000, 0.000000000000000000 ) ) ;
#2110 = ORIENTED_EDGE ( 'NONE', *, *, #1014, .F. ) ;
#2111 = DIRECTION ( 'NONE',  ( 1.000000000000000000, 0.000000000000000000, 0.000000000000000000 ) ) ;
#2112 = DIRECTION ( 'NONE',  ( 1.000000000000000000, 0.000000000000000000, 0.000000000000000000 ) ) ;
#2113 = VERTEX_POINT ( 'NONE', #378 ) ;
#2114 = DIRECTION ( 'NONE',  ( 1.000000000000000000, 0.000000000000000000, 0.000000000000000000 ) ) ;
#2115 = EDGE_CURVE ( 'NONE', #289, #67, #2609, .T. ) ;
#2116 = CARTESIAN_POINT ( 'NONE',  ( 0.000000000000000000, 0.000000000000000000, 0.000000000000000000 ) ) ;
#2117 = LINE ( 'NONE', #1829, #2087 ) ;
#2118 = EDGE_CURVE ( 'NONE', #2106, #2034, #392, .T. ) ;
#2119 = ORIENTED_EDGE ( 'NONE', *, *, #2271, .T. ) ;
#2120 = LINE ( 'NONE', #2407, #803 ) ;
#2121 = ORIENTED_EDGE ( 'NONE', *, *, #916, .T. ) ;
#2122 = CARTESIAN_POINT ( 'NONE',  ( -42.44740383183680166, 16.85255996111866850, -19.85446588625058695 ) ) ;
#2123 = DIRECTION ( 'NONE',  ( -1.000000000000000000, 0.000000000000000000, 0.000000000000000000 ) ) ;
#2124 = DIRECTION ( 'NONE',  ( -0.000000000000000000, -0.000000000000000000, 1.000000000000000000 ) ) ;
#2125 = ORIENTED_EDGE ( 'NONE', *, *, #1102, .T. ) ;
#2126 = CARTESIAN_POINT ( 'NONE',  ( 94.00000000000000000, 16.50000000000000000, 30.00000000000000711 ) ) ;
#2127 = ADVANCED_FACE ( 'NONE', ( #2890 ), #144, .T. ) ;
#2128 = AXIS2_PLACEMENT_3D ( 'NONE', #2936, #736, #2000 ) ;
#2129 = DIRECTION ( 'NONE',  ( 1.217349807703022609E-16, 0.000000000000000000, 1.000000000000000000 ) ) ;
#2130 = EDGE_LOOP ( 'NONE', ( #750, #531, #2404, #2275 ) ) ;
#2131 = DIRECTION ( 'NONE',  ( -0.000000000000000000, 0.9486832980505138790, 0.3162277660168377191 ) ) ;
#2132 = AXIS2_PLACEMENT_3D ( 'NONE', #2199, #2695, #1478 ) ;
#2133 = CARTESIAN_POINT ( 'NONE',  ( -88.50000000000004263, 9.000000000000001776, 32.00000000000000000 ) ) ;
#2134 = CIRCLE ( 'NONE', #1187, 28.00000000000000000 ) ;
#2135 = EDGE_LOOP ( 'NONE', ( #2904, #535, #2654, #1167, #417 ) ) ;
#2136 = AXIS2_PLACEMENT_3D ( 'NONE', #414, #432, #1413 ) ;
#2137 = AXIS2_PLACEMENT_3D ( 'NONE', #901, #1358, #2111 ) ;
#2138 = EDGE_CURVE ( 'NONE', #1208, #3109, #2077, .T. ) ;
#2139 = AXIS2_PLACEMENT_3D ( 'NONE', #3022, #1745, #2488 ) ;
#2140 = DIRECTION ( 'NONE',  ( 0.000000000000000000, 0.000000000000000000, 1.000000000000000000 ) ) ;
#2141 = ORIENTED_EDGE ( 'NONE', *, *, #2024, .T. ) ;
#2142 = AXIS2_PLACEMENT_3D ( 'NONE', #1664, #1152, #2143 ) ;
#2143 = DIRECTION ( 'NONE',  ( 2.775557561562888827E-14, 0.000000000000000000, -1.000000000000000000 ) ) ;
#2144 = AXIS2_PLACEMENT_3D ( 'NONE', #2584, #2597, #1328 ) ;
#2145 = CARTESIAN_POINT ( 'NONE',  ( -94.00000000000001421, 12.00000000000000000, 35.00000000000000000 ) ) ;
#2146 = PLANE ( 'NONE',  #507 ) ;
#2147 = ORIENTED_EDGE ( 'NONE', *, *, #2010, .T. ) ;
#2148 = CARTESIAN_POINT ( 'NONE',  ( 29.04653895724218415, 9.000000000000001776, 35.00000000000000000 ) ) ;
#2149 = EDGE_CURVE ( 'NONE', #222, #2034, #915, .T. ) ;
#2150 = DIRECTION ( 'NONE',  ( 3.469446951953611033E-15, 1.000000000000000000, -0.000000000000000000 ) ) ;
#2151 = EDGE_LOOP ( 'NONE', ( #349, #3226, #145, #868 ) ) ;
#2152 = LINE ( 'NONE', #2382, #1516 ) ;
#2153 = DIRECTION ( 'NONE',  ( 1.000000000000000000, 0.000000000000000000, 0.000000000000000000 ) ) ;
#2154 = AXIS2_PLACEMENT_3D ( 'NONE', #2116, #3122, #2334 ) ;
#2155 = ORIENTED_EDGE ( 'NONE', *, *, #111, .F. ) ;
#2156 = DIRECTION ( 'NONE',  ( 2.973811673103097172E-16, 0.000000000000000000, 1.000000000000000000 ) ) ;
#2157 = ORIENTED_EDGE ( 'NONE', *, *, #1258, .F. ) ;
#2158 = CARTESIAN_POINT ( 'NONE',  ( -43.56337223882841414, 16.83846457755651471, -19.49255679978355715 ) ) ;
#2159 = ADVANCED_FACE ( 'NONE', ( #1409 ), #164, .T. ) ;
#2160 = CARTESIAN_POINT ( 'NONE',  ( -43.56601061973456268, 16.83841766746290247, 19.49135644307366277 ) ) ;
#2161 = ORIENTED_EDGE ( 'NONE', *, *, #1216, .T. ) ;
#2162 = CARTESIAN_POINT ( 'NONE',  ( -57.50000000000004974, 9.000000000000001776, 32.00000000000000000 ) ) ;
#2163 = EDGE_CURVE ( 'NONE', #387, #2626, #1457, .T. ) ;
#2164 = FACE_BOUND ( 'NONE', #548, .T. ) ;
#2165 = ORIENTED_EDGE ( 'NONE', *, *, #2732, .T. ) ;
#2166 = DIRECTION ( 'NONE',  ( 1.000000000000000000, 0.000000000000000000, -0.000000000000000000 ) ) ;
#2167 = CARTESIAN_POINT ( 'NONE',  ( -57.50000000000004974, 9.000000000000001776, 32.00000000000000000 ) ) ;
#2168 = DIRECTION ( 'NONE',  ( -0.000000000000000000, -0.000000000000000000, -1.000000000000000000 ) ) ;
#2169 = ORIENTED_EDGE ( 'NONE', *, *, #2615, .T. ) ;
#2170 = EDGE_CURVE ( 'NONE', #661, #1821, #1192, .T. ) ;
#2171 = CARTESIAN_POINT ( 'NONE',  ( 93.49999999999998579, 12.00000000000000000, -30.00000000000000355 ) ) ;
#2172 = ORIENTED_EDGE ( 'NONE', *, *, #853, .T. ) ;
#2173 = CARTESIAN_POINT ( 'NONE',  ( -45.54720671669727494, 16.76380859214934205, -17.61986774913506792 ) ) ;
#2174 = CARTESIAN_POINT ( 'NONE',  ( 93.49999999999998579, 0.000000000000000000, -35.00000000000000000 ) ) ;
#2175 = DIRECTION ( 'NONE',  ( 0.000000000000000000, 0.000000000000000000, 1.000000000000000000 ) ) ;
#2176 = VERTEX_POINT ( 'NONE', #1955 ) ;
#2177 = LINE ( 'NONE', #456, #2773 ) ;
#2178 = CARTESIAN_POINT ( 'NONE',  ( 73.49999999999997158, 9.000000000000001776, 32.00000000000000000 ) ) ;
#2179 = ADVANCED_FACE ( 'NONE', ( #692, #2448 ), #1690, .F. ) ;
#2180 = ORIENTED_EDGE ( 'NONE', *, *, #3227, .T. ) ;
#2181 = CARTESIAN_POINT ( 'NONE',  ( 27.54653895724218415, 9.000000000000001776, -32.00000000000000000 ) ) ;
#2182 = DIRECTION ( 'NONE',  ( 1.000000000000000000, 0.000000000000000000, 0.000000000000000000 ) ) ;
#2183 = FACE_OUTER_BOUND ( 'NONE', #40, .T. ) ;
#2184 = VECTOR ( 'NONE', #1606, 1000.000000000000000 ) ;
#2185 = ORIENTED_EDGE ( 'NONE', *, *, #866, .T. ) ;
#2186 = EDGE_CURVE ( 'NONE', #2331, #2648, #1949, .T. ) ;
#2187 = DIRECTION ( 'NONE',  ( 0.000000000000000000, 0.000000000000000000, -1.000000000000000000 ) ) ;
#2188 = ORIENTED_EDGE ( 'NONE', *, *, #2072, .T. ) ;
#2189 = CARTESIAN_POINT ( 'NONE',  ( 26.04653895724218415, 9.000000000000001776, -29.99999999999999289 ) ) ;
#2190 = AXIS2_PLACEMENT_3D ( 'NONE', #2951, #238, #438 ) ;
#2191 = CIRCLE ( 'NONE', #1878, 0.4999999999999992784 ) ;
#2192 = AXIS2_PLACEMENT_3D ( 'NONE', #2827, #2099, #789 ) ;
#2193 = CIRCLE ( 'NONE', #2874, 1.500000000000001332 ) ;
#2194 = DIRECTION ( 'NONE',  ( 5.156536656972025829E-14, -0.3162277660168358873, -0.9486832980505146562 ) ) ;
#2195 = CARTESIAN_POINT ( 'NONE',  ( -94.00000000000001421, 5.000000000000000000, 35.00000000000000000 ) ) ;
#2196 = VERTEX_POINT ( 'NONE', #2485 ) ;
#2197 = DIRECTION ( 'NONE',  ( 1.000000000000000000, 0.000000000000000000, -2.313093092113803203E-16 ) ) ;
#2198 = AXIS2_PLACEMENT_3D ( 'NONE', #1252, #1794, #2797 ) ;
#2199 = CARTESIAN_POINT ( 'NONE',  ( 18.54999999999999005, 17.00000000000000000, 30.00000000000000711 ) ) ;
#2200 = VERTEX_POINT ( 'NONE', #1705 ) ;
#2201 = EDGE_LOOP ( 'NONE', ( #644, #1491 ) ) ;
#2202 = CARTESIAN_POINT ( 'NONE',  ( 33.54999999999998295, 17.00000000000000000, -29.99999999999999645 ) ) ;
#2203 = EDGE_CURVE ( 'NONE', #2113, #2863, #722, .T. ) ;
#2204 = VECTOR ( 'NONE', #2602, 1000.000000000000000 ) ;
#2205 = DIRECTION ( 'NONE',  ( 0.000000000000000000, 0.000000000000000000, 1.000000000000000000 ) ) ;
#2206 = ORIENTED_EDGE ( 'NONE', *, *, #355, .F. ) ;
#2207 = VECTOR ( 'NONE', #2540, 1000.000000000000000 ) ;
#2208 = CARTESIAN_POINT ( 'NONE',  ( 70.49999999999998579, 9.000000000000001776, -40.00000000000000711 ) ) ;
#2209 = EDGE_LOOP ( 'NONE', ( #1469, #2968, #165, #2155 ) ) ;
#2210 = CARTESIAN_POINT ( 'NONE',  ( -56.00000000000004974, 9.000000000000001776, 32.00000000000000000 ) ) ;
#2211 = PRODUCT_RELATED_PRODUCT_CATEGORY ( 'part', '', ( #1477 ) ) ;
#2212 = CARTESIAN_POINT ( 'NONE',  ( 70.49999999999997158, 12.00000000000000000, 35.00000000000000000 ) ) ;
#2213 = FACE_OUTER_BOUND ( 'NONE', #872, .T. ) ;
#2214 = ORIENTED_EDGE ( 'NONE', *, *, #787, .F. ) ;
#2215 = PLANE ( 'NONE',  #935 ) ;
#2216 = CARTESIAN_POINT ( 'NONE',  ( -46.81585602119088207, 17.00000000000000000, 15.98509147680145581 ) ) ;
#2217 = VERTEX_POINT ( 'NONE', #2970 ) ;
#2218 = ORIENTED_EDGE ( 'NONE', *, *, #173, .F. ) ;
#2219 = CARTESIAN_POINT ( 'NONE',  ( -52.00000000000000711, 17.00000000000000000, 29.99833395190412588 ) ) ;
#2220 = CARTESIAN_POINT ( 'NONE',  ( -94.00000000000001421, 5.000000000000000000, -34.50000000000000000 ) ) ;
#2221 = EDGE_CURVE ( 'NONE', #1752, #1607, #1555, .T. ) ;
#2222 = EDGE_LOOP ( 'NONE', ( #1157, #1085, #700, #384, #1057, #2948, #1777, #2091 ) ) ;
#2223 = DIRECTION ( 'NONE',  ( -1.000000000000000000, -0.000000000000000000, -0.000000000000000000 ) ) ;
#2224 = EDGE_CURVE ( 'NONE', #3241, #326, #950, .T. ) ;
#2225 = FACE_OUTER_BOUND ( 'NONE', #1333, .T. ) ;
#2226 = DIRECTION ( 'NONE',  ( 0.000000000000000000, 0.9486832980505145452, -0.3162277660168358873 ) ) ;
#2227 = FACE_OUTER_BOUND ( 'NONE', #2567, .T. ) ;
#2228 = VERTEX_POINT ( 'NONE', #2955 ) ;
#2229 = CYLINDRICAL_SURFACE ( 'NONE', #1352, 3.000000000000002665 ) ;
#2230 = VECTOR ( 'NONE', #547, 1000.000000000000000 ) ;
#2231 = DIRECTION ( 'NONE',  ( 0.000000000000000000, 0.000000000000000000, 1.000000000000000000 ) ) ;
#2232 = VERTEX_POINT ( 'NONE', #2731 ) ;
#2233 = ORIENTED_EDGE ( 'NONE', *, *, #912, .T. ) ;
#2234 = CARTESIAN_POINT ( 'NONE',  ( -46.33930400107171721, 17.00000000000000000, -17.09667598703386915 ) ) ;
#2235 = EDGE_LOOP ( 'NONE', ( #60, #3076, #1703, #466 ) ) ;
#2236 = DIRECTION ( 'NONE',  ( -0.000000000000000000, -0.6402827221368965205, 0.7681393335411005330 ) ) ;
#2237 = CARTESIAN_POINT ( 'NONE',  ( -57.50000000000004974, 9.000000000000001776, -32.00000000000000000 ) ) ;
#2238 = AXIS2_PLACEMENT_3D ( 'NONE', #2625, #390, #359 ) ;
#2239 = AXIS2_PLACEMENT_3D ( 'NONE', #1473, #1737, #1951 ) ;
#2240 = ADVANCED_FACE ( 'NONE', ( #2758 ), #478, .T. ) ;
#2241 = CARTESIAN_POINT ( 'NONE',  ( -52.00000000000000711, 5.000000000000000000, 29.99833395190412588 ) ) ;
#2242 = DIRECTION ( 'NONE',  ( 0.000000000000000000, 0.000000000000000000, 1.000000000000000000 ) ) ;
#2243 = ORIENTED_EDGE ( 'NONE', *, *, #3248, .F. ) ;
#2244 = AXIS2_PLACEMENT_3D ( 'NONE', #2487, #2697, #1227 ) ;
#2245 = CARTESIAN_POINT ( 'NONE',  ( 18.54999999999999005, 17.00000000000000000, 30.00000000000000711 ) ) ;
#2246 = CIRCLE ( 'NONE', #2767, 2.999999999999988898 ) ;
#2247 = DIRECTION ( 'NONE',  ( 0.000000000000000000, 0.000000000000000000, -1.000000000000000000 ) ) ;
#2248 = EDGE_LOOP ( 'NONE', ( #1629, #1746, #612, #1064 ) ) ;
#2249 = DIRECTION ( 'NONE',  ( 1.000000000000000000, 0.000000000000000000, 0.000000000000000000 ) ) ;
#2250 = AXIS2_PLACEMENT_3D ( 'NONE', #252, #1037, #1780 ) ;
#2251 = EDGE_CURVE ( 'NONE', #2176, #323, #1609, .T. ) ;
#2252 = CIRCLE ( 'NONE', #1464, 23.00000000000000000 ) ;
#2253 = CARTESIAN_POINT ( 'NONE',  ( 33.54999999999997584, 17.00000000000000000, 30.00000000000000711 ) ) ;
#2254 = ORIENTED_EDGE ( 'NONE', *, *, #2577, .F. ) ;
#2255 = CARTESIAN_POINT ( 'NONE',  ( 0.000000000000000000, 17.00000000000000000, 0.000000000000000000 ) ) ;
#2256 = CARTESIAN_POINT ( 'NONE',  ( 18.04999999999998295, 16.50000000000000000, -20.20900992274819075 ) ) ;
#2257 = VECTOR ( 'NONE', #1615, 1000.000000000000000 ) ;
#2258 = CARTESIAN_POINT ( 'NONE',  ( 26.04653895724218415, 12.00000000000000000, -35.00000000000000000 ) ) ;
#2259 = DIRECTION ( 'NONE',  ( -0.000000000000000000, -0.000000000000000000, 1.000000000000000000 ) ) ;
#2260 = ORIENTED_EDGE ( 'NONE', *, *, #379, .F. ) ;
#2261 = CARTESIAN_POINT ( 'NONE',  ( 73.49999999999997158, 9.000000000000001776, 32.00000000000000000 ) ) ;
#2262 = EDGE_CURVE ( 'NONE', #539, #1920, #1741, .T. ) ;
#2263 = CARTESIAN_POINT ( 'NONE',  ( 70.49999999999998579, 9.000000000000001776, 35.00000000000000000 ) ) ;
#2264 = ORIENTED_EDGE ( 'NONE', *, *, #1885, .T. ) ;
#2265 = CARTESIAN_POINT ( 'NONE',  ( 32.99999999999995737, 12.93970925037628206, 17.92791621983295158 ) ) ;
#2266 = EDGE_CURVE ( 'NONE', #539, #2363, #3132, .T. ) ;
#2267 = DIRECTION ( 'NONE',  ( -0.000000000000000000, -0.000000000000000000, -1.000000000000000000 ) ) ;
#2268 = ORIENTED_EDGE ( 'NONE', *, *, #657, .F. ) ;
#2269 = ORIENTED_EDGE ( 'NONE', *, *, #3183, .T. ) ;
#2270 = DIRECTION ( 'NONE',  ( -0.000000000000000000, -0.000000000000000000, 1.000000000000000000 ) ) ;
#2271 = EDGE_CURVE ( 'NONE', #3159, #3102, #666, .T. ) ;
#2272 = DIRECTION ( 'NONE',  ( 1.000000000000000000, -0.000000000000000000, 0.000000000000000000 ) ) ;
#2273 = CARTESIAN_POINT ( 'NONE',  ( -46.72582564284065398, 16.63410562530182446, 14.47338237528948568 ) ) ;
#2274 = DIRECTION ( 'NONE',  ( 0.000000000000000000, -0.3162277660168275606, 0.9486832980505174318 ) ) ;
#2275 = ORIENTED_EDGE ( 'NONE', *, *, #2846, .F. ) ;
#2276 = DIRECTION ( 'NONE',  ( -0.000000000000000000, -0.000000000000000000, -1.000000000000000000 ) ) ;
#2277 = CARTESIAN_POINT ( 'NONE',  ( 72.00000000000000000, 9.000000000000001776, -40.00000000000000711 ) ) ;
#2278 = ORIENTED_EDGE ( 'NONE', *, *, #2098, .T. ) ;
#2279 = FACE_OUTER_BOUND ( 'NONE', #3212, .T. ) ;
#2280 = EDGE_CURVE ( 'NONE', #1784, #387, #1072, .T. ) ;
#2281 = CARTESIAN_POINT ( 'NONE',  ( 18.04999999999999005, 16.50000000000000000, 20.20900992274818719 ) ) ;
#2282 = EDGE_LOOP ( 'NONE', ( #2269, #3005, #2769 ) ) ;
#2283 = ORIENTED_EDGE ( 'NONE', *, *, #1224, .T. ) ;
#2284 = PRODUCT_DEFINITION_CONTEXT ( 'detailed design', #2009, 'design' ) ;
#2285 = DIRECTION ( 'NONE',  ( -0.000000000000000000, -0.000000000000000000, -1.000000000000000000 ) ) ;
#2286 = PLANE ( 'NONE',  #2931 ) ;
#2287 = CIRCLE ( 'NONE', #298, 1.500000000000001332 ) ;
#2288 = EDGE_CURVE ( 'NONE', #3252, #176, #1539, .T. ) ;
#2289 = CARTESIAN_POINT ( 'NONE',  ( -46.22540609066550132, 17.00000000000000000, 17.31448719056089303 ) ) ;
#2290 = DIRECTION ( 'NONE',  ( 1.000000000000000000, -0.000000000000000000, 0.000000000000000000 ) ) ;
#2291 = ORIENTED_EDGE ( 'NONE', *, *, #3254, .T. ) ;
#2292 = CARTESIAN_POINT ( 'NONE',  ( 29.04653895724218415, 9.000000000000001776, -35.00000000000000000 ) ) ;
#2293 = AXIS2_PLACEMENT_3D ( 'NONE', #785, #2774, #325 ) ;
#2294 = CARTESIAN_POINT ( 'NONE',  ( 18.04999999999999005, 16.50000000000000000, 20.20900992274818364 ) ) ;
#2295 = VERTEX_POINT ( 'NONE', #810 ) ;
#2296 = DIRECTION ( 'NONE',  ( 1.000000000000000000, 0.000000000000000000, 0.000000000000000000 ) ) ;
#2297 = AXIS2_PLACEMENT_3D ( 'NONE', #2984, #2493, #2027 ) ;
#2298 = CIRCLE ( 'NONE', #3137, 3.000000000000002665 ) ;
#2299 = AXIS2_PLACEMENT_3D ( 'NONE', #1048, #1313, #850 ) ;
#2300 = DIRECTION ( 'NONE',  ( -2.973811673103097172E-16, 0.000000000000000000, -1.000000000000000000 ) ) ;
#2301 = CIRCLE ( 'NONE', #2250, 0.5000000000000004441 ) ;
#2302 = ORIENTED_EDGE ( 'NONE', *, *, #2844, .F. ) ;
#2303 = EDGE_CURVE ( 'NONE', #2626, #3111, #1814, .T. ) ;
#2304 = AXIS2_PLACEMENT_3D ( 'NONE', #148, #218, #1412 ) ;
#2305 = CARTESIAN_POINT ( 'NONE',  ( 65.99999999999997158, 12.55563958360574439, 18.24805758090141694 ) ) ;
#2306 = FACE_OUTER_BOUND ( 'NONE', #1513, .T. ) ;
#2307 = CARTESIAN_POINT ( 'NONE',  ( -45.96759731549432360, 17.00000000000000000, 17.17252067592746911 ) ) ;
#2308 = DIRECTION ( 'NONE',  ( 0.000000000000000000, 0.000000000000000000, -1.000000000000000000 ) ) ;
#2309 = ORIENTED_EDGE ( 'NONE', *, *, #1591, .F. ) ;
#2310 = DIRECTION ( 'NONE',  ( -0.000000000000000000, -0.000000000000000000, 1.000000000000000000 ) ) ;
#2311 = AXIS2_PLACEMENT_3D ( 'NONE', #1004, #2762, #2504 ) ;
#2312 = CYLINDRICAL_SURFACE ( 'NONE', #2765, 1.500000000000001332 ) ;
#2313 = ORIENTED_EDGE ( 'NONE', *, *, #1657, .T. ) ;
#2314 = PLANE ( 'NONE',  #1982 ) ;
#2315 = DIRECTION ( 'NONE',  ( 0.000000000000000000, 0.000000000000000000, -1.000000000000000000 ) ) ;
#2316 = ORIENTED_EDGE ( 'NONE', *, *, #12, .T. ) ;
#2317 = EDGE_CURVE ( 'NONE', #323, #3222, #1837, .T. ) ;
#2318 = CARTESIAN_POINT ( 'NONE',  ( -93.50000000000001421, 12.00000000000000000, 35.00000000000000000 ) ) ;
#2319 = CARTESIAN_POINT ( 'NONE',  ( -94.00000000000001421, 12.00000000000000000, 35.00000000000000000 ) ) ;
#2320 = ORIENTED_EDGE ( 'NONE', *, *, #2522, .F. ) ;
#2321 = EDGE_CURVE ( 'NONE', #1607, #2703, #1025, .T. ) ;
#2322 = CARTESIAN_POINT ( 'NONE',  ( -47.50000000000002132, 17.00000000000000000, 11.18722852442617466 ) ) ;
#2323 = DIRECTION ( 'NONE',  ( 1.000000000000000000, 0.000000000000000000, 0.000000000000000000 ) ) ;
#2324 = EDGE_LOOP ( 'NONE', ( #1281, #2335, #1611, #2759 ) ) ;
#2325 = CARTESIAN_POINT ( 'NONE',  ( -46.81939863003470492, 17.00000000000000000, -15.97498421216603859 ) ) ;
#2326 = CARTESIAN_POINT ( 'NONE',  ( 68.99999999999995737, 9.000000000000001776, -30.00000000000000711 ) ) ;
#2327 = ORIENTED_EDGE ( 'NONE', *, *, #1700, .T. ) ;
#2328 = FACE_OUTER_BOUND ( 'NONE', #3181, .T. ) ;
#2329 = ADVANCED_FACE ( 'NONE', ( #2033 ), #2050, .T. ) ;
#2330 = DIRECTION ( 'NONE',  ( 0.000000000000000000, -0.7051199277987825198, 0.7090880674648528670 ) ) ;
#2331 = VERTEX_POINT ( 'NONE', #1768 ) ;
#2332 = CARTESIAN_POINT ( 'NONE',  ( 65.49999999999997158, 12.93970925037629272, -17.92791621983295514 ) ) ;
#2333 = B_SPLINE_CURVE_WITH_KNOTS ( 'NONE', 3,
 ( #2640, #863, #3151, #1137, #2866, #1621, #1371, #1901, #1634, #2361, #2898, #3164, #1669, #2377, #649, #1422, #2160, #108, #2413, #159, #1156, #635 ),
 .UNSPECIFIED., .F., .F.,
 ( 4, 2, 2, 2, 2, 2, 2, 2, 2, 2, 4 ),
 ( 3.469446951953614189E-18, 0.002753021858385916627, 0.004129532787578871905, 0.005506043716771826316, 0.006194299181368303521, 0.006882554645964780726, 0.008259065575157745545, 0.008947321039754230557, 0.009635576504350713833, 0.01032383196894719711, 0.01101208743354367865 ),
 .UNSPECIFIED. ) ;
#2334 = DIRECTION ( 'NONE',  ( 1.000000000000000000, 0.000000000000000000, 0.000000000000000000 ) ) ;
#2335 = ORIENTED_EDGE ( 'NONE', *, *, #429, .T. ) ;
#2336 = CYLINDRICAL_SURFACE ( 'NONE', #425, 0.5000000000000004441 ) ;
#2337 = ORIENTED_EDGE ( 'NONE', *, *, #1954, .F. ) ;
#2338 = CARTESIAN_POINT ( 'NONE',  ( -45.49397373079659701, 16.76717314816639615, -17.70291123677269596 ) ) ;
#2339 = ADVANCED_FACE ( 'NONE', ( #2839 ), #550, .T. ) ;
#2340 = CARTESIAN_POINT ( 'NONE',  ( -54.50000000000004974, 9.000000000000001776, 35.00000000000000000 ) ) ;
#2341 = CARTESIAN_POINT ( 'NONE',  ( -52.00000000000002132, 16.50000000000000000, -29.99833395190412233 ) ) ;
#2342 = ORIENTED_EDGE ( 'NONE', *, *, #1191, .F. ) ;
#2343 = AXIS2_PLACEMENT_3D ( 'NONE', #2533, #2560, #310 ) ;
#2344 = DIRECTION ( 'NONE',  ( 0.000000000000000000, -1.000000000000000000, 0.000000000000000000 ) ) ;
#2345 = ORIENTED_EDGE ( 'NONE', *, *, #334, .F. ) ;
#2346 = AXIS2_PLACEMENT_3D ( 'NONE', #3163, #648, #358 ) ;
#2347 = CIRCLE ( 'NONE', #1559, 1.500000000000001332 ) ;
#2348 = LINE ( 'NONE', #625, #2673 ) ;
#2349 = EDGE_CURVE ( 'NONE', #714, #67, #873, .T. ) ;
#2350 = TOROIDAL_SURFACE ( 'NONE', #2139, 28.50000000000000000, 0.5000000000000000000 ) ;
#2351 = AXIS2_PLACEMENT_3D ( 'NONE', #2513, #1753, #260 ) ;
#2352 = SHAPE_DEFINITION_REPRESENTATION ( #1264, #3036 ) ;
#2353 = DIRECTION ( 'NONE',  ( 0.000000000000000000, 0.000000000000000000, -1.000000000000000000 ) ) ;
#2354 = AXIS2_PLACEMENT_3D ( 'NONE', #1450, #188, #1183 ) ;
#2355 = EDGE_LOOP ( 'NONE', ( #815, #1843, #1971, #1193 ) ) ;
#2356 = VECTOR ( 'NONE', #2472, 1000.000000000000000 ) ;
#2357 = CARTESIAN_POINT ( 'NONE',  ( -94.00000000000001421, 17.00000000000000000, -29.99833395190411878 ) ) ;
#2358 = ORIENTED_EDGE ( 'NONE', *, *, #1805, .F. ) ;
#2359 = CARTESIAN_POINT ( 'NONE',  ( -44.19119022749276837, 17.00000000000000355, -19.31627600183600890 ) ) ;
#2360 = CARTESIAN_POINT ( 'NONE',  ( 65.49999999999997158, 13.00000000000000178, -17.99999999999999289 ) ) ;
#2361 = CARTESIAN_POINT ( 'NONE',  ( -45.67359956489816142, 16.75530368063680697, 17.41043158744063390 ) ) ;
#2362 = ADVANCED_FACE ( 'NONE', ( #766 ), #1788, .F. ) ;
#2363 = VERTEX_POINT ( 'NONE', #2791 ) ;
#2364 = DIRECTION ( 'NONE',  ( -0.000000000000000000, -0.000000000000000000, 1.000000000000000000 ) ) ;
#2365 = AXIS2_PLACEMENT_3D ( 'NONE', #2171, #1712, #3176 ) ;
#2366 = DIRECTION ( 'NONE',  ( -1.000000000000000000, 0.000000000000000000, 0.000000000000000000 ) ) ;
#2367 = EDGE_CURVE ( 'NONE', #274, #3073, #538, .T. ) ;
#2368 = VERTEX_POINT ( 'NONE', #2803 ) ;
#2369 = CARTESIAN_POINT ( 'NONE',  ( 27.54653895724218415, 9.000000000000001776, -29.99999999999999289 ) ) ;
#2370 = DIRECTION ( 'NONE',  ( -1.000000000000000000, -0.000000000000000000, -0.000000000000000000 ) ) ;
#2371 = VERTEX_POINT ( 'NONE', #2578 ) ;
#2372 = EDGE_CURVE ( 'NONE', #2696, #454, #1396, .T. ) ;
#2373 = DIRECTION ( 'NONE',  ( 0.000000000000000000, 0.000000000000000000, 1.000000000000000000 ) ) ;
#2374 = EDGE_LOOP ( 'NONE', ( #1987, #1236, #1318, #1314, #697, #1372 ) ) ;
#2375 = CARTESIAN_POINT ( 'NONE',  ( -42.00000000000002842, 16.85255996389939526, -19.85446588901575637 ) ) ;
#2376 = DIRECTION ( 'NONE',  ( 0.000000000000000000, 0.000000000000000000, -1.000000000000000000 ) ) ;
#2377 = CARTESIAN_POINT ( 'NONE',  ( -44.34451805874429198, 16.81887424466614078, 18.99432778201573768 ) ) ;
#2378 = ORIENTED_EDGE ( 'NONE', *, *, #2750, .F. ) ;
#2379 = DIRECTION ( 'NONE',  ( 0.000000000000000000, -0.7681393335410753309, 0.6402827221369264965 ) ) ;
#2380 = DIRECTION ( 'NONE',  ( -1.000000000000000000, 0.000000000000000000, 1.156482317317871478E-16 ) ) ;
#2381 = ORIENTED_EDGE ( 'NONE', *, *, #1542, .T. ) ;
#2382 = CARTESIAN_POINT ( 'NONE',  ( 18.54999999999999005, 5.000000000000000000, 30.00000000000000711 ) ) ;
#2383 = EDGE_CURVE ( 'NONE', #802, #1871, #1310, .T. ) ;
#2384 = CARTESIAN_POINT ( 'NONE',  ( -57.50000000000004974, 9.000000000000001776, -35.00000000000000000 ) ) ;
#2385 = ORIENTED_EDGE ( 'NONE', *, *, #1154, .T. ) ;
#2386 = FACE_OUTER_BOUND ( 'NONE', #217, .T. ) ;
#2387 = EDGE_LOOP ( 'NONE', ( #892, #1212 ) ) ;
#2388 = CARTESIAN_POINT ( 'NONE',  ( -43.79489339297543893, 17.00000000000000000, -19.56401516038651067 ) ) ;
#2389 =( BOUNDED_CURVE ( )  B_SPLINE_CURVE ( 3, ( #2025, #1269, #318, #300 ),
 .UNSPECIFIED., .F., .F. ) 
 B_SPLINE_CURVE_WITH_KNOTS ( ( 4, 4 ),
 ( 4.712388980384688786, 6.283185307179585344 ),
 .UNSPECIFIED. ) 
 CURVE ( )  GEOMETRIC_REPRESENTATION_ITEM ( )  RATIONAL_B_SPLINE_CURVE ( ( 1.000000000000000000, 0.8047378541243648264, 0.8047378541243648264, 1.000000000000000000 ) ) 
 REPRESENTATION_ITEM ( '' )  );
#2390 = ADVANCED_FACE ( 'NONE', ( #1588 ), #2312, .F. ) ;
#2391 = FACE_OUTER_BOUND ( 'NONE', #2201, .T. ) ;
#2392 = DIRECTION ( 'NONE',  ( -1.000000000000000000, 0.000000000000000000, 0.000000000000000000 ) ) ;
#2393 = ORIENTED_EDGE ( 'NONE', *, *, #3088, .F. ) ;
#2394 = DIRECTION ( 'NONE',  ( -0.000000000000000000, -0.000000000000000000, 1.000000000000000000 ) ) ;
#2395 = VECTOR ( 'NONE', #664, 1000.000000000000000 ) ;
#2396 = CARTESIAN_POINT ( 'NONE',  ( 26.04653895724218415, 9.000000000000001776, 35.00000000000000000 ) ) ;
#2397 = ORIENTED_EDGE ( 'NONE', *, *, #853, .F. ) ;
#2398 = CARTESIAN_POINT ( 'NONE',  ( 26.04653895724218415, 9.000000000000001776, -40.00000000000000711 ) ) ;
#2399 = VECTOR ( 'NONE', #1490, 1000.000000000000000 ) ;
#2400 = AXIS2_PLACEMENT_3D ( 'NONE', #2742, #211, #1500 ) ;
#2401 = DIRECTION ( 'NONE',  ( -1.000000000000000000, 0.000000000000000000, 0.000000000000000000 ) ) ;
#2402 = CLOSED_SHELL ( 'NONE', ( #996, #400, #1467, #2532, #680, #206, #32, #1113, #1253, #185, #2802, #1508, #2988, #1692, #2390, #1163, #2497, #2786, #220, #2965, #1744, #1335, #1635, #244, #2179, #1000, #3043, #1984, #578, #233, #2855, #2933, #2362, #3008, #1494, #343, #1799, #843, #3113, #52, #2763, #2447, #415, #1639, #2547, #721, #1054, #2686, #2861, #1758, #1779, #593, #61, #3070, #609, #1791, #18, #730, #1840, #1619, #2240, #922, #2776, #1666, #2945, #1005, #2628, #1918, #2957, #1909, #1417, #886, #1894, #602, #2127, #652, #395, #677, #643, #2159, #2339, #2329, #2665, #420, #2738, #1581, #178, #1091, #856, #477, #765, #1096, #1879, #1860, #2057, #1904, #1364, #518, #1556, #481 ) ) ;
#2403 = EDGE_CURVE ( 'NONE', #3175, #693, #1059, .T. ) ;
#2404 = ORIENTED_EDGE ( 'NONE', *, *, #2825, .F. ) ;
#2405 = AXIS2_PLACEMENT_3D ( 'NONE', #2002, #523, #1237 ) ;
#2406 = VECTOR ( 'NONE', #508, 1000.000000000000000 ) ;
#2407 = CARTESIAN_POINT ( 'NONE',  ( 32.99999999999995737, 12.93970925037629272, -17.92791621983295514 ) ) ;
#2408 = VERTEX_POINT ( 'NONE', #3065 ) ;
#2409 = AXIS2_PLACEMENT_3D ( 'NONE', #1964, #2410, #3148 ) ;
#2410 = DIRECTION ( 'NONE',  ( 1.000000000000000000, -0.000000000000000000, -0.000000000000000000 ) ) ;
#2411 = CIRCLE ( 'NONE', #2663, 1.500000000000015099 ) ;
#2412 = DIRECTION ( 'NONE',  ( -1.000000000000000000, 0.000000000000000000, 0.000000000000000000 ) ) ;
#2413 = CARTESIAN_POINT ( 'NONE',  ( -42.91352549287436347, 16.84805802247943518, 19.73855048095060027 ) ) ;
#2414 = ORIENTED_EDGE ( 'NONE', *, *, #1343, .F. ) ;
#2415 = CYLINDRICAL_SURFACE ( 'NONE', #2460, 3.000000000000002665 ) ;
#2416 = DIRECTION ( 'NONE',  ( 1.156482317317871478E-16, -0.000000000000000000, 1.000000000000000000 ) ) ;
#2417 = VERTEX_POINT ( 'NONE', #2820 ) ;
#2418 = ORIENTED_EDGE ( 'NONE', *, *, #1291, .T. ) ;
#2419 = DIRECTION ( 'NONE',  ( -0.000000000000000000, -0.000000000000000000, -1.000000000000000000 ) ) ;
#2420 = VECTOR ( 'NONE', #2929, 1000.000000000000000 ) ;
#2421 = DIRECTION ( 'NONE',  ( 1.000000000000000000, 0.000000000000000000, 0.000000000000000000 ) ) ;
#2422 = COLOUR_RGB ( '',0.2509803921568627416, 0.2509803921568627416, 0.2509803921568627416 ) ;
#2423 = VERTEX_POINT ( 'NONE', #2341 ) ;
#2424 = EDGE_CURVE ( 'NONE', #153, #2863, #1275, .T. ) ;
#2425 = DIRECTION ( 'NONE',  ( 0.000000000000000000, 0.000000000000000000, -1.000000000000000000 ) ) ;
#2426 = VERTEX_POINT ( 'NONE', #2326 ) ;
#2427 = CARTESIAN_POINT ( 'NONE',  ( -46.94917263944133623, 16.57422379240844990, -13.02822024703216286 ) ) ;
#2428 = EDGE_CURVE ( 'NONE', #654, #433, #2662, .T. ) ;
#2429 = CARTESIAN_POINT ( 'NONE',  ( 26.04653895724218415, 9.000000000000001776, -32.00000000000000000 ) ) ;
#2430 = DIRECTION ( 'NONE',  ( -2.312964634635742957E-16, 0.000000000000000000, -1.000000000000000000 ) ) ;
#2431 = VERTEX_POINT ( 'NONE', #618 ) ;
#2432 = DIRECTION ( 'NONE',  ( 0.000000000000000000, 0.000000000000000000, 1.000000000000000000 ) ) ;
#2433 = LINE ( 'NONE', #1159, #1661 ) ;
#2434 = ORIENTED_EDGE ( 'NONE', *, *, #1447, .T. ) ;
#2435 = EDGE_LOOP ( 'NONE', ( #138, #1680, #2095, #315 ) ) ;
#2436 = DIRECTION ( 'NONE',  ( 1.000000000000000000, 0.000000000000000000, 0.000000000000000000 ) ) ;
#2437 = EDGE_CURVE ( 'NONE', #2703, #963, #3115, .T. ) ;
#2438 = DIRECTION ( 'NONE',  ( -0.000000000000000000, -0.000000000000000000, 1.000000000000000000 ) ) ;
#2439 = EDGE_LOOP ( 'NONE', ( #1670, #492, #589, #1898 ) ) ;
#2440 = DIRECTION ( 'NONE',  ( 0.000000000000000000, -1.000000000000000000, 0.000000000000000000 ) ) ;
#2441 = ORIENTED_EDGE ( 'NONE', *, *, #2539, .F. ) ;
#2442 = CARTESIAN_POINT ( 'NONE',  ( 34.04999999999998295, 34.44761058952722266, 3.469446951953614189E-15 ) ) ;
#2443 = CARTESIAN_POINT ( 'NONE',  ( 72.00000000000000000, 9.000000000000001776, -30.00000000000000711 ) ) ;
#2444 = CARTESIAN_POINT ( 'NONE',  ( 18.04999999999998295, 17.00000000000000000, -29.99999999999999289 ) ) ;
#2445 = ORIENTED_EDGE ( 'NONE', *, *, #92, .F. ) ;
#2446 = DIRECTION ( 'NONE',  ( -0.000000000000000000, -0.000000000000000000, 1.000000000000000000 ) ) ;
#2447 = ADVANCED_FACE ( 'NONE', ( #2914, #2852 ), #2146, .F. ) ;
#2448 = FACE_OUTER_BOUND ( 'NONE', #2603, .T. ) ;
#2449 = EDGE_LOOP ( 'NONE', ( #826, #972, #1854, #966 ) ) ;
#2450 = ORIENTED_EDGE ( 'NONE', *, *, #1014, .T. ) ;
#2451 = DIRECTION ( 'NONE',  ( -1.000000000000000000, 0.000000000000000000, 0.000000000000000000 ) ) ;
#2452 = FACE_OUTER_BOUND ( 'NONE', #2248, .T. ) ;
#2453 = AXIS2_PLACEMENT_3D ( 'NONE', #1638, #2366, #1624 ) ;
#2454 = ORIENTED_EDGE ( 'NONE', *, *, #1845, .T. ) ;
#2455 = VECTOR ( 'NONE', #2869, 1000.000000000000000 ) ;
#2456 = CARTESIAN_POINT ( 'NONE',  ( -94.00000000000001421, 5.000000000000000000, 35.00000000000000000 ) ) ;
#2457 = ORIENTED_EDGE ( 'NONE', *, *, #967, .F. ) ;
#2458 = CARTESIAN_POINT ( 'NONE',  ( 24.54653895724218060, 9.000000000000001776, 32.00000000000000000 ) ) ;
#2459 = AXIS2_PLACEMENT_3D ( 'NONE', #3179, #1421, #472 ) ;
#2460 = AXIS2_PLACEMENT_3D ( 'NONE', #2162, #1257, #502 ) ;
#2461 = AXIS2_PLACEMENT_3D ( 'NONE', #814, #2582, #1842 ) ;
#2462 = AXIS2_PLACEMENT_3D ( 'NONE', #2878, #2056, #3059 ) ;
#2463 = CARTESIAN_POINT ( 'NONE',  ( 65.49999999999997158, 12.55563958360573551, 18.24805758090139207 ) ) ;
#2464 = CARTESIAN_POINT ( 'NONE',  ( 70.49999999999998579, 9.000000000000001776, 35.00000000000000000 ) ) ;
#2465 = ORIENTED_EDGE ( 'NONE', *, *, #716, .F. ) ;
#2466 = FACE_OUTER_BOUND ( 'NONE', #1970, .T. ) ;
#2467 = AXIS2_PLACEMENT_3D ( 'NONE', #1958, #3188, #936 ) ;
#2468 = EDGE_CURVE ( 'NONE', #1311, #443, #1853, .T. ) ;
#2469 = CARTESIAN_POINT ( 'NONE',  ( -45.07832980200983997, 17.00000000000000000, 18.88911373389669990 ) ) ;
#2470 = ORIENTED_EDGE ( 'NONE', *, *, #2098, .F. ) ;
#2471 = DIRECTION ( 'NONE',  ( -1.000000000000000000, -0.000000000000000000, 9.912705577010325549E-17 ) ) ;
#2472 = DIRECTION ( 'NONE',  ( 1.000000000000000000, -0.000000000000000000, -2.312964634635742957E-16 ) ) ;
#2473 = VECTOR ( 'NONE', #3160, 1000.000000000000000 ) ;
#2474 = EDGE_CURVE ( 'NONE', #450, #2842, #1974, .T. ) ;
#2475 = LINE ( 'NONE', #3225, #1195 ) ;
#2476 = VERTEX_POINT ( 'NONE', #2653 ) ;
#2477 = LINE ( 'NONE', #484, #2943 ) ;
#2478 = ORIENTED_EDGE ( 'NONE', *, *, #236, .T. ) ;
#2479 = DIRECTION ( 'NONE',  ( 1.000000000000000000, 0.000000000000000000, 0.000000000000000000 ) ) ;
#2480 = EDGE_CURVE ( 'NONE', #2518, #1920, #455, .T. ) ;
#2481 = CARTESIAN_POINT ( 'NONE',  ( 65.49999999999997158, 12.55563958360573018, 18.24805758090139562 ) ) ;
#2482 = CYLINDRICAL_SURFACE ( 'NONE', #476, 0.5000000000000004441 ) ;
#2483 = ORIENTED_EDGE ( 'NONE', *, *, #1407, .F. ) ;
#2484 = CARTESIAN_POINT ( 'NONE',  ( 93.49999999999998579, 17.00000000000000000, -30.00000000000001066 ) ) ;
#2485 = CARTESIAN_POINT ( 'NONE',  ( -94.00000000000001421, 16.50000000000000000, -30.00000000000000355 ) ) ;
#2486 = ORIENTED_EDGE ( 'NONE', *, *, #1071, .T. ) ;
#2487 = CARTESIAN_POINT ( 'NONE',  ( -88.50000000000004263, 9.000000000000001776, -35.00000000000000000 ) ) ;
#2488 = DIRECTION ( 'NONE',  ( 1.156482317317871478E-16, 0.000000000000000000, 1.000000000000000000 ) ) ;
#2489 = EDGE_CURVE ( 'NONE', #1289, #489, #2333, .T. ) ;
#2490 = ORIENTED_EDGE ( 'NONE', *, *, #2489, .F. ) ;
#2491 = CARTESIAN_POINT ( 'NONE',  ( -57.50000000000004974, 12.00000000000000000, 35.00000000000000000 ) ) ;
#2492 = CARTESIAN_POINT ( 'NONE',  ( -42.00000000000001421, 16.50000000000000000, 20.20900992274819075 ) ) ;
#2493 = DIRECTION ( 'NONE',  ( 0.000000000000000000, 0.000000000000000000, -1.000000000000000000 ) ) ;
#2494 = DIRECTION ( 'NONE',  ( 0.000000000000000000, 0.000000000000000000, -1.000000000000000000 ) ) ;
#2495 = ORIENTED_EDGE ( 'NONE', *, *, #2024, .F. ) ;
#2496 = FACE_OUTER_BOUND ( 'NONE', #2387, .T. ) ;
#2497 = ADVANCED_FACE ( 'NONE', ( #3130 ), #1120, .F. ) ;
#2498 = CARTESIAN_POINT ( 'NONE',  ( -46.22540608952868268, 17.00000000000000355, 17.31448719008116299 ) ) ;
#2499 = ORIENTED_EDGE ( 'NONE', *, *, #1394, .T. ) ;
#2500 = CARTESIAN_POINT ( 'NONE',  ( -88.50000000000004263, 9.000000000000001776, 32.00000000000000000 ) ) ;
#2501 = CARTESIAN_POINT ( 'NONE',  ( 93.99999999999998579, 12.00000000000000000, 34.50000000000000000 ) ) ;
#2502 = VERTEX_POINT ( 'NONE', #123 ) ;
#2503 = EDGE_CURVE ( 'NONE', #2074, #1111, #2287, .T. ) ;
#2504 = DIRECTION ( 'NONE',  ( 1.000000000000000000, 0.000000000000000000, 0.000000000000000000 ) ) ;
#2505 = CARTESIAN_POINT ( 'NONE',  ( -94.00000000000001421, 17.00000000000000000, 29.99833395190412588 ) ) ;
#2506 = VECTOR ( 'NONE', #1800, 1000.000000000000000 ) ;
#2507 = EDGE_CURVE ( 'NONE', #1386, #119, #556, .T. ) ;
#2508 = DIRECTION ( 'NONE',  ( 1.000000000000000000, 0.000000000000000000, 0.000000000000000000 ) ) ;
#2509 = CIRCLE ( 'NONE', #38, 0.5000000000000004441 ) ;
#2510 = LINE ( 'NONE', #2046, #1825 ) ;
#2511 = ORIENTED_EDGE ( 'NONE', *, *, #2825, .T. ) ;
#2512 = CIRCLE ( 'NONE', #354, 0.5000000000000002220 ) ;
#2513 = CARTESIAN_POINT ( 'NONE',  ( 34.04999999999998295, 12.55563958360573551, 18.24805758090139207 ) ) ;
#2514 = TOROIDAL_SURFACE ( 'NONE', #2978, 4.500000000000000888, 0.5000000000000000000 ) ;
#2515 = AXIS2_PLACEMENT_3D ( 'NONE', #1493, #2735, #1246 ) ;
#2516 = AXIS2_PLACEMENT_3D ( 'NONE', #1604, #1839, #2096 ) ;
#2517 = DIRECTION ( 'NONE',  ( -1.000000000000000000, 0.000000000000000000, 0.000000000000000000 ) ) ;
#2518 = VERTEX_POINT ( 'NONE', #2675 ) ;
#2519 = DIRECTION ( 'NONE',  ( -0.000000000000000000, -0.000000000000000000, -1.000000000000000000 ) ) ;
#2520 = AXIS2_PLACEMENT_3D ( 'NONE', #2043, #747, #237 ) ;
#2521 = AXIS2_PLACEMENT_3D ( 'NONE', #2167, #2419, #1922 ) ;
#2522 = EDGE_CURVE ( 'NONE', #184, #2113, #423, .T. ) ;
#2523 = CYLINDRICAL_SURFACE ( 'NONE', #731, 2.999999999999988898 ) ;
#2524 = ORIENTED_EDGE ( 'NONE', *, *, #2424, .T. ) ;
#2525 = DIRECTION ( 'NONE',  ( -0.000000000000000000, 1.000000000000000000, -0.000000000000000000 ) ) ;
#2526 = CARTESIAN_POINT ( 'NONE',  ( -87.00000000000004263, 9.000000000000001776, -40.00000000000000711 ) ) ;
#2527 = VECTOR ( 'NONE', #2285, 1000.000000000000000 ) ;
#2528 = CARTESIAN_POINT ( 'NONE',  ( -46.22507792867077114, 16.70860605603713012, 16.26998473745537410 ) ) ;
#2529 = DIRECTION ( 'NONE',  ( 0.000000000000000000, -0.9486832980505168766, -0.3162277660168285598 ) ) ;
#2530 = EDGE_LOOP ( 'NONE', ( #2022, #1882 ) ) ;
#2531 = CARTESIAN_POINT ( 'NONE',  ( -90.00000000000004263, 9.000000000000001776, -32.00000000000000000 ) ) ;
#2532 = ADVANCED_FACE ( 'NONE', ( #3101 ), #1356, .F. ) ;
#2533 = CARTESIAN_POINT ( 'NONE',  ( -88.50000000000004263, 9.000000000000001776, 29.99833395190412588 ) ) ;
#2534 = ORIENTED_EDGE ( 'NONE', *, *, #2367, .F. ) ;
#2535 = LINE ( 'NONE', #1509, #1931 ) ;
#2536 = DIRECTION ( 'NONE',  ( -1.000000000000000000, 0.000000000000000000, -0.000000000000000000 ) ) ;
#2537 = ORIENTED_EDGE ( 'NONE', *, *, #457, .F. ) ;
#2538 = ORIENTED_EDGE ( 'NONE', *, *, #1943, .T. ) ;
#2539 = EDGE_CURVE ( 'NONE', #595, #2034, #1185, .T. ) ;
#2540 = DIRECTION ( 'NONE',  ( -0.000000000000000000, -0.000000000000000000, -1.000000000000000000 ) ) ;
#2541 = CARTESIAN_POINT ( 'NONE',  ( -94.00000000000001421, 5.000000000000000000, 34.50000000000000000 ) ) ;
#2542 = CARTESIAN_POINT ( 'NONE',  ( -46.62887920369441019, 16.65329452747206318, 14.93479909794169203 ) ) ;
#2543 = DIRECTION ( 'NONE',  ( 0.000000000000000000, 0.9486832980505138790, -0.3162277660168378302 ) ) ;
#2544 = ORIENTED_EDGE ( 'NONE', *, *, #3174, .T. ) ;
#2545 = CARTESIAN_POINT ( 'NONE',  ( -94.00000000000001421, 5.000000000000000000, -29.99833395190412588 ) ) ;
#2546 = CARTESIAN_POINT ( 'NONE',  ( 93.99999999999998579, 5.000000000000000000, -34.50000000000000000 ) ) ;
#2547 = ADVANCED_FACE ( 'NONE', ( #2227 ), #175, .F. ) ;
#2548 = ORIENTED_EDGE ( 'NONE', *, *, #1579, .T. ) ;
#2549 = DIRECTION ( 'NONE',  ( -0.000000000000000000, -0.000000000000000000, 1.000000000000000000 ) ) ;
#2550 = DIRECTION ( 'NONE',  ( -1.000000000000000000, 0.000000000000000000, 0.000000000000000000 ) ) ;
#2551 = VERTEX_POINT ( 'NONE', #3180 ) ;
#2552 = DIRECTION ( 'NONE',  ( 0.000000000000000000, 0.000000000000000000, 1.000000000000000000 ) ) ;
#2553 = DIRECTION ( 'NONE',  ( 0.000000000000000000, 0.000000000000000000, 1.000000000000000000 ) ) ;
#2554 = CARTESIAN_POINT ( 'NONE',  ( -42.44910394226387496, 16.85255996094138453, 19.85446588607430840 ) ) ;
#2555 = FACE_OUTER_BOUND ( 'NONE', #2374, .T. ) ;
#2556 = VERTEX_POINT ( 'NONE', #2444 ) ;
#2557 = LINE ( 'NONE', #2016, #1512 ) ;
#2558 = AXIS2_PLACEMENT_3D ( 'NONE', #229, #1225, #2231 ) ;
#2559 = AXIS2_PLACEMENT_3D ( 'NONE', #999, #3021, #812 ) ;
#2560 = DIRECTION ( 'NONE',  ( 0.000000000000000000, 0.000000000000000000, 1.000000000000000000 ) ) ;
#2561 = EDGE_LOOP ( 'NONE', ( #2060, #2821 ) ) ;
#2562 = AXIS2_PLACEMENT_3D ( 'NONE', #2706, #1452, #1716 ) ;
#2563 = CIRCLE ( 'NONE', #728, 3.000000000000002665 ) ;
#2564 = EDGE_CURVE ( 'NONE', #3111, #654, #140, .T. ) ;
#2565 = FACE_BOUND ( 'NONE', #1203, .T. ) ;
#2566 = AXIS2_PLACEMENT_3D ( 'NONE', #2492, #2272, #35 ) ;
#2567 = EDGE_LOOP ( 'NONE', ( #333, #1479, #1889, #1831, #278, #84 ) ) ;
#2568 = EDGE_CURVE ( 'NONE', #1550, #3159, #405, .T. ) ;
#2569 = VECTOR ( 'NONE', #3106, 1000.000000000000000 ) ;
#2570 = CARTESIAN_POINT ( 'NONE',  ( -93.50000000000001421, 17.00000000000000000, 29.99833395190412588 ) ) ;
#2571 = CARTESIAN_POINT ( 'NONE',  ( 34.04999999999998295, 12.52565835097474434, -18.15811388300840790 ) ) ;
#2572 = ORIENTED_EDGE ( 'NONE', *, *, #2288, .T. ) ;
#2573 = DIRECTION ( 'NONE',  ( 0.000000000000000000, 0.000000000000000000, 1.000000000000000000 ) ) ;
#2574 = CYLINDRICAL_SURFACE ( 'NONE', #1414, 1.500000000000001332 ) ;
#2575 = CARTESIAN_POINT ( 'NONE',  ( -52.00000000000000711, 16.50000000000000000, 29.99833395190412588 ) ) ;
#2576 = VECTOR ( 'NONE', #2090, 1000.000000000000000 ) ;
#2577 = EDGE_CURVE ( 'NONE', #2991, #448, #1819, .T. ) ;
#2578 = CARTESIAN_POINT ( 'NONE',  ( 34.04999999999998295, 13.02998123263099295, 18.08994369789297352 ) ) ;
#2579 = EDGE_LOOP ( 'NONE', ( #2781, #1963, #2860, #3170, #411, #2385, #526, #2141, #293, #2831, #2891, #1764, #1092, #3152, #2807, #2900, #783, #848, #1261, #2414 ) ) ;
#2580 = CYLINDRICAL_SURFACE ( 'NONE', #2824, 3.000000000000002665 ) ;
#2581 = AXIS2_PLACEMENT_3D ( 'NONE', #351, #2881, #2156 ) ;
#2582 = DIRECTION ( 'NONE',  ( 0.000000000000000000, -1.000000000000000000, 0.000000000000000000 ) ) ;
#2583 = ORIENTED_EDGE ( 'NONE', *, *, #379, .T. ) ;
#2584 = CARTESIAN_POINT ( 'NONE',  ( 26.04653895724218415, 9.000000000000001776, 32.00000000000000000 ) ) ;
#2585 = EDGE_CURVE ( 'NONE', #13, #1182, #3000, .T. ) ;
#2586 = DIRECTION ( 'NONE',  ( -1.000000000000000000, 0.000000000000000000, 0.000000000000000000 ) ) ;
#2587 = ORIENTED_EDGE ( 'NONE', *, *, #1566, .F. ) ;
#2588 = CARTESIAN_POINT ( 'NONE',  ( 93.99999999999998579, 5.000000000000000000, 35.00000000000000000 ) ) ;
#2589 = ORIENTED_EDGE ( 'NONE', *, *, #2288, .F. ) ;
#2590 = CARTESIAN_POINT ( 'NONE',  ( -46.82851455670397911, 16.99999999999834799, -14.47862593359329253 ) ) ;
#2591 = CARTESIAN_POINT ( 'NONE',  ( 93.49999999999998579, 12.00000000000000000, 30.00000000000000355 ) ) ;
#2592 = EDGE_LOOP ( 'NONE', ( #1449, #796, #2728, #50 ) ) ;
#2593 = EDGE_CURVE ( 'NONE', #2476, #2621, #927, .T. ) ;
#2594 = CYLINDRICAL_SURFACE ( 'NONE', #41, 1.500000000000001332 ) ;
#2595 = CARTESIAN_POINT ( 'NONE',  ( -93.50000000000001421, 0.000000000000000000, -34.50000000000000000 ) ) ;
#2596 = VERTEX_POINT ( 'NONE', #1207 ) ;
#2597 = DIRECTION ( 'NONE',  ( -0.000000000000000000, -0.000000000000000000, 1.000000000000000000 ) ) ;
#2598 =( LENGTH_UNIT ( ) NAMED_UNIT ( * ) SI_UNIT ( .MILLI., .METRE. ) );
#2599 = CARTESIAN_POINT ( 'NONE',  ( 26.04653895724218415, 9.000000000000001776, 32.00000000000000000 ) ) ;
#2600 = ORIENTED_EDGE ( 'NONE', *, *, #1709, .T. ) ;
#2601 = EDGE_CURVE ( 'NONE', #2023, #2746, #3079, .T. ) ;
#2602 = DIRECTION ( 'NONE',  ( -0.000000000000000000, -0.000000000000000000, -1.000000000000000000 ) ) ;
#2603 = EDGE_LOOP ( 'NONE', ( #2088, #1186, #1222, #2015, #368, #982 ) ) ;
#2604 = CARTESIAN_POINT ( 'NONE',  ( -46.38127148304280212, 16.69017856660545007, -15.82424120631615061 ) ) ;
#2605 = EDGE_CURVE ( 'NONE', #1388, #1117, #1662, .T. ) ;
#2606 = DIRECTION ( 'NONE',  ( -1.000000000000000000, -0.000000000000000000, -0.000000000000000000 ) ) ;
#2607 = DIRECTION ( 'NONE',  ( 1.000000000000000000, 0.000000000000000000, 0.000000000000000000 ) ) ;
#2608 = EDGE_LOOP ( 'NONE', ( #1801, #2054, #786 ) ) ;
#2609 = CIRCLE ( 'NONE', #2975, 28.50000000000000000 ) ;
#2610 = LINE ( 'NONE', #2075, #1613 ) ;
#2611 = STYLED_ITEM ( 'NONE', ( #800 ), #193 ) ;
#2612 = DIRECTION ( 'NONE',  ( 0.000000000000000000, 0.000000000000000000, -1.000000000000000000 ) ) ;
#2613 = ORIENTED_EDGE ( 'NONE', *, *, #1749, .T. ) ;
#2614 = CARTESIAN_POINT ( 'NONE',  ( 70.49999999999998579, 9.000000000000001776, 30.00000000000000000 ) ) ;
#2615 = EDGE_CURVE ( 'NONE', #2423, #283, #1505, .T. ) ;
#2616 = VECTOR ( 'NONE', #2617, 1000.000000000000000 ) ;
#2617 = DIRECTION ( 'NONE',  ( -1.000000000000000000, -0.000000000000000000, -0.000000000000000000 ) ) ;
#2618 = AXIS2_PLACEMENT_3D ( 'NONE', #2599, #301, #607 ) ;
#2619 = VERTEX_POINT ( 'NONE', #1437 ) ;
#2620 = DIRECTION ( 'NONE',  ( -1.000000000000000000, 0.000000000000000000, 0.000000000000000000 ) ) ;
#2621 = VERTEX_POINT ( 'NONE', #1980 ) ;
#2622 = CARTESIAN_POINT ( 'NONE',  ( -91.50000000000002842, 9.000000000000001776, 32.00000000000000000 ) ) ;
#2623 = CIRCLE ( 'NONE', #3040, 0.5000000000000004441 ) ;
#2624 = DIRECTION ( 'NONE',  ( -1.000000000000000000, 0.000000000000000000, -0.000000000000000000 ) ) ;
#2625 = CARTESIAN_POINT ( 'NONE',  ( 93.49999999999998579, 16.50000000000000000, -30.00000000000000355 ) ) ;
#2626 = VERTEX_POINT ( 'NONE', #2952 ) ;
#2627 = DIRECTION ( 'NONE',  ( -0.000000000000000000, -1.000000000000000000, -0.000000000000000000 ) ) ;
#2628 = ADVANCED_FACE ( 'NONE', ( #2213 ), #1235, .T. ) ;
#2629 = VECTOR ( 'NONE', #103, 1000.000000000000000 ) ;
#2630 = CARTESIAN_POINT ( 'NONE',  ( -94.00000000000001421, 16.50000000000000000, 29.99833395190412588 ) ) ;
#2631 = ORIENTED_EDGE ( 'NONE', *, *, #3064, .T. ) ;
#2632 = FACE_OUTER_BOUND ( 'NONE', #3023, .T. ) ;
#2633 = FACE_OUTER_BOUND ( 'NONE', #2235, .T. ) ;
#2634 =( NAMED_UNIT ( * ) PLANE_ANGLE_UNIT ( ) SI_UNIT ( $, .RADIAN. ) );
#2635 = EDGE_CURVE ( 'NONE', #1386, #1507, #1751, .T. ) ;
#2636 = ORIENTED_EDGE ( 'NONE', *, *, #1296, .F. ) ;
#2637 = ORIENTED_EDGE ( 'NONE', *, *, #3055, .T. ) ;
#2638 = CARTESIAN_POINT ( 'NONE',  ( -47.43968518332433604, 17.00000000000000000, -13.13064060485820050 ) ) ;
#2639 = CARTESIAN_POINT ( 'NONE',  ( 18.54999999999999005, 16.50000000000000000, 30.00000000000000711 ) ) ;
#2640 = CARTESIAN_POINT ( 'NONE',  ( -47.00000000000001421, 16.50000000000000000, 11.18722852442617821 ) ) ;
#2641 = VERTEX_POINT ( 'NONE', #2967 ) ;
#2642 = CARTESIAN_POINT ( 'NONE',  ( -57.50000000000004974, 9.000000000000001776, -32.00000000000000000 ) ) ;
#2643 = EDGE_CURVE ( 'NONE', #450, #1607, #3251, .T. ) ;
#2644 = DIRECTION ( 'NONE',  ( -1.000000000000000000, -0.000000000000000000, 9.912705577010325549E-17 ) ) ;
#2645 = ORIENTED_EDGE ( 'NONE', *, *, #276, .T. ) ;
#2646 = DIRECTION ( 'NONE',  ( 1.000000000000000000, 0.000000000000000000, 0.000000000000000000 ) ) ;
#2647 = CARTESIAN_POINT ( 'NONE',  ( 70.49999999999998579, 9.000000000000001776, -40.00000000000000711 ) ) ;
#2648 = VERTEX_POINT ( 'NONE', #3231 ) ;
#2649 = DIRECTION ( 'NONE',  ( 0.000000000000000000, -1.000000000000000000, 0.000000000000000000 ) ) ;
#2650 = ORIENTED_EDGE ( 'NONE', *, *, #2694, .T. ) ;
#2651 = CARTESIAN_POINT ( 'NONE',  ( -47.50000000000002132, 16.50000000000000000, 1.412560544723971694E-14 ) ) ;
#2652 = CARTESIAN_POINT ( 'NONE',  ( 70.49999999999998579, 9.000000000000001776, -32.00000000000000000 ) ) ;
#2653 = CARTESIAN_POINT ( 'NONE',  ( 65.99999999999997158, 5.000000000000000000, -30.00000000000000355 ) ) ;
#2654 = ORIENTED_EDGE ( 'NONE', *, *, #495, .T. ) ;
#2655 = CARTESIAN_POINT ( 'NONE',  ( 27.54653895724218415, 9.000000000000001776, 32.00000000000000000 ) ) ;
#2656 = AXIS2_PLACEMENT_3D ( 'NONE', #911, #1915, #2886 ) ;
#2657 = DIRECTION ( 'NONE',  ( -1.000000000000000000, 0.000000000000000000, -0.000000000000000000 ) ) ;
#2658 = ORIENTED_EDGE ( 'NONE', *, *, #2643, .F. ) ;
#2659 = ORIENTED_EDGE ( 'NONE', *, *, #2593, .T. ) ;
#2660 = CARTESIAN_POINT ( 'NONE',  ( -85.50000000000002842, 9.000000000000001776, -32.00000000000000000 ) ) ;
#2661 = EDGE_CURVE ( 'NONE', #714, #2408, #214, .T. ) ;
#2662 = CIRCLE ( 'NONE', #2238, 0.5000000000000004441 ) ;
#2663 = AXIS2_PLACEMENT_3D ( 'NONE', #2614, #1641, #2646 ) ;
#2664 = CARTESIAN_POINT ( 'NONE',  ( 65.99999999999997158, 13.00000000000000178, 0.000000000000000000 ) ) ;
#2665 = ADVANCED_FACE ( 'NONE', ( #500 ), #2482, .T. ) ;
#2666 = EDGE_LOOP ( 'NONE', ( #1713, #9, #1981, #1340, #1030 ) ) ;
#2667 = AXIS2_PLACEMENT_3D ( 'NONE', #1583, #3074, #382 ) ;
#2668 = VECTOR ( 'NONE', #213, 1000.000000000000000 ) ;
#2669 = CARTESIAN_POINT ( 'NONE',  ( 65.99999999999997158, 12.55563958360573906, -18.24805758090139918 ) ) ;
#2670 = EDGE_LOOP ( 'NONE', ( #2454, #1241, #906, #2930 ) ) ;
#2671 = AXIS2_PLACEMENT_3D ( 'NONE', #2571, #2086, #1562 ) ;
#2672 = CARTESIAN_POINT ( 'NONE',  ( -45.66751406940967684, 16.75572802321443788, -17.42086618588762548 ) ) ;
#2673 = VECTOR ( 'NONE', #98, 1000.000000000000000 ) ;
#2674 = CARTESIAN_POINT ( 'NONE',  ( 33.75710678118652908, 17.00000000000000000, 30.00000000000001066 ) ) ;
#2675 = CARTESIAN_POINT ( 'NONE',  ( -91.50000000000004263, 9.000000000000001776, -35.00000000000000000 ) ) ;
#2676 = ORIENTED_EDGE ( 'NONE', *, *, #334, .T. ) ;
#2677 = DIRECTION ( 'NONE',  ( -1.000000000000000000, 0.000000000000000000, 8.260587980841938780E-17 ) ) ;
#2678 = EDGE_CURVE ( 'NONE', #661, #2733, #1733, .T. ) ;
#2679 = CARTESIAN_POINT ( 'NONE',  ( 93.49999999999998579, 0.000000000000000000, -34.50000000000000000 ) ) ;
#2680 = EDGE_LOOP ( 'NONE', ( #772, #1910, #650, #212, #1277 ) ) ;
#2681 = CARTESIAN_POINT ( 'NONE',  ( 65.99999999999997158, 13.00000000000000178, 30.00000000000000711 ) ) ;
#2682 = FACE_OUTER_BOUND ( 'NONE', #2324, .T. ) ;
#2683 = VECTOR ( 'NONE', #1315, 1000.000000000000114 ) ;
#2684 = CYLINDRICAL_SURFACE ( 'NONE', #1461, 1.500000000000001332 ) ;
#2685 = ORIENTED_EDGE ( 'NONE', *, *, #1062, .T. ) ;
#2686 = ADVANCED_FACE ( 'NONE', ( #3049 ), #70, .T. ) ;
#2687 = DIRECTION ( 'NONE',  ( 0.000000000000000000, 0.000000000000000000, -1.000000000000000000 ) ) ;
#2688 = ORIENTED_EDGE ( 'NONE', *, *, #2593, .F. ) ;
#2689 = FACE_OUTER_BOUND ( 'NONE', #1069, .T. ) ;
#2690 = DIRECTION ( 'NONE',  ( -0.000000000000000000, -0.000000000000000000, 1.000000000000000000 ) ) ;
#2691 = CARTESIAN_POINT ( 'NONE',  ( -51.50000000000002132, 16.50000000000000000, -29.99833395190412233 ) ) ;
#2692 = EDGE_LOOP ( 'NONE', ( #845, #2946, #82 ) ) ;
#2693 = CYLINDRICAL_SURFACE ( 'NONE', #1298, 0.5000000000000004441 ) ;
#2694 = EDGE_CURVE ( 'NONE', #584, #2232, #341, .T. ) ;
#2695 = DIRECTION ( 'NONE',  ( 0.000000000000000000, 0.000000000000000000, 1.000000000000000000 ) ) ;
#2696 = VERTEX_POINT ( 'NONE', #825 ) ;
#2697 = DIRECTION ( 'NONE',  ( 0.000000000000000000, 0.000000000000000000, -1.000000000000000000 ) ) ;
#2698 = CARTESIAN_POINT ( 'NONE',  ( -94.00000000000001421, 16.50000000000000000, 35.00000000000000000 ) ) ;
#2699 = DIRECTION ( 'NONE',  ( 0.000000000000000000, 0.000000000000000000, 1.000000000000000000 ) ) ;
#2700 = ORIENTED_EDGE ( 'NONE', *, *, #2748, .F. ) ;
#2701 = AXIS2_PLACEMENT_3D ( 'NONE', #2814, #1569, #565 ) ;
#2702 = SPHERICAL_SURFACE ( 'NONE', #317, 0.5000000000000000000 ) ;
#2703 = VERTEX_POINT ( 'NONE', #2768 ) ;
#2704 = CARTESIAN_POINT ( 'NONE',  ( -45.98649158969910644, 16.73074792874466610, -16.80918893835465866 ) ) ;
#2705 = EDGE_CURVE ( 'NONE', #2733, #1446, #1068, .T. ) ;
#2706 = CARTESIAN_POINT ( 'NONE',  ( 70.49999999999998579, 9.000000000000001776, -40.00000000000000711 ) ) ;
#2707 = DIRECTION ( 'NONE',  ( 1.000000000000000000, 0.000000000000000000, 0.000000000000000000 ) ) ;
#2708 = ORIENTED_EDGE ( 'NONE', *, *, #100, .T. ) ;
#2709 = CARTESIAN_POINT ( 'NONE',  ( 24.54653895724218060, 9.000000000000001776, -40.00000000000000711 ) ) ;
#2710 = EDGE_CURVE ( 'NONE', #2915, #2556, #3030, .T. ) ;
#2711 = CARTESIAN_POINT ( 'NONE',  ( 93.99999999999998579, 0.000000000000000000, 35.00000000000000000 ) ) ;
#2712 = ORIENTED_EDGE ( 'NONE', *, *, #1597, .F. ) ;
#2713 = DIRECTION ( 'NONE',  ( 1.000000000000000000, 0.000000000000000000, 0.000000000000000000 ) ) ;
#2714 = CARTESIAN_POINT ( 'NONE',  ( 26.04653895724218415, 12.00000000000000000, 35.00000000000000000 ) ) ;
#2715 = AXIS2_PLACEMENT_3D ( 'NONE', #1602, #2124, #2607 ) ;
#2716 = DIRECTION ( 'NONE',  ( 1.000000000000000000, 0.000000000000000000, 0.000000000000000000 ) ) ;
#2717 = AXIS2_PLACEMENT_3D ( 'NONE', #2294, #45, #525 ) ;
#2718 = ORIENTED_EDGE ( 'NONE', *, *, #1435, .T. ) ;
#2719 = EDGE_CURVE ( 'NONE', #1636, #597, #1042, .T. ) ;
#2720 = DIRECTION ( 'NONE',  ( 0.000000000000000000, 0.000000000000000000, -1.000000000000000000 ) ) ;
#2721 = ORIENTED_EDGE ( 'NONE', *, *, #2748, .T. ) ;
#2722 = CARTESIAN_POINT ( 'NONE',  ( -93.50000000000001421, 12.00000000000000000, -30.00000000000000355 ) ) ;
#2723 = AXIS2_PLACEMENT_3D ( 'NONE', #748, #2573, #2508 ) ;
#2724 = VECTOR ( 'NONE', #3009, 1000.000000000000000 ) ;
#2725 = CIRCLE ( 'NONE', #678, 3.000000000000002665 ) ;
#2726 = DIRECTION ( 'NONE',  ( -1.000000000000000000, -0.000000000000000000, -0.000000000000000000 ) ) ;
#2727 = CARTESIAN_POINT ( 'NONE',  ( -93.50000000000001421, 16.50000000000000000, 0.000000000000000000 ) ) ;
#2728 = ORIENTED_EDGE ( 'NONE', *, *, #3200, .F. ) ;
#2729 = LINE ( 'NONE', #475, #3032 ) ;
#2730 = CIRCLE ( 'NONE', #2304, 28.00000000000000000 ) ;
#2731 = CARTESIAN_POINT ( 'NONE',  ( -42.00000000000002842, 17.00000000000000000, -20.20900992274818364 ) ) ;
#2732 = EDGE_CURVE ( 'NONE', #2596, #1388, #2799, .T. ) ;
#2733 = VERTEX_POINT ( 'NONE', #1549 ) ;
#2734 = ORIENTED_EDGE ( 'NONE', *, *, #1923, .F. ) ;
#2735 = DIRECTION ( 'NONE',  ( -0.000000000000000000, 1.000000000000000000, 0.000000000000000000 ) ) ;
#2736 = ORIENTED_EDGE ( 'NONE', *, *, #1657, .F. ) ;
#2737 = AXIS2_PLACEMENT_3D ( 'NONE', #732, #1418, #2425 ) ;
#2738 = ADVANCED_FACE ( 'NONE', ( #1305, #39 ), #1521, .T. ) ;
#2739 = CARTESIAN_POINT ( 'NONE',  ( 33.54999999999998295, 16.47295372330527030, 30.00000000000000711 ) ) ;
#2740 = DIRECTION ( 'NONE',  ( 0.000000000000000000, 0.000000000000000000, -1.000000000000000000 ) ) ;
#2741 = CYLINDRICAL_SURFACE ( 'NONE', #1189, 3.000000000000002665 ) ;
#2742 = CARTESIAN_POINT ( 'NONE',  ( 65.49999999999997158, 12.55563958360574262, -18.24805758090140273 ) ) ;
#2743 = ORIENTED_EDGE ( 'NONE', *, *, #745, .T. ) ;
#2744 = CARTESIAN_POINT ( 'NONE',  ( -47.00000000000002842, 16.49999999999995737, -11.18722852442516036 ) ) ;
#2745 = CARTESIAN_POINT ( 'NONE',  ( -94.00000000000001421, 12.00000000000000000, -35.00000000000000000 ) ) ;
#2746 = VERTEX_POINT ( 'NONE', #521 ) ;
#2747 = CARTESIAN_POINT ( 'NONE',  ( -93.50000000000001421, 17.00000000000000000, 30.00000000000000355 ) ) ;
#2748 = EDGE_CURVE ( 'NONE', #1944, #1286, #291, .T. ) ;
#2749 = ORIENTED_EDGE ( 'NONE', *, *, #2710, .T. ) ;
#2750 = EDGE_CURVE ( 'NONE', #799, #156, #2510, .T. ) ;
#2751 = CARTESIAN_POINT ( 'NONE',  ( 23.04653895724218060, 9.000000000000001776, 35.00000000000000000 ) ) ;
#2752 = LINE ( 'NONE', #2541, #519 ) ;
#2753 = CARTESIAN_POINT ( 'NONE',  ( -44.31421689983186951, 17.00000000000000000, 19.51125253562602779 ) ) ;
#2754 = DIRECTION ( 'NONE',  ( -0.000000000000000000, -0.000000000000000000, 1.000000000000000000 ) ) ;
#2755 = ORIENTED_EDGE ( 'NONE', *, *, #2118, .F. ) ;
#2756 = DIRECTION ( 'NONE',  ( -1.000000000000000000, 0.000000000000000000, 0.000000000000000000 ) ) ;
#2757 = EDGE_CURVE ( 'NONE', #3073, #1388, #670, .T. ) ;
#2758 = FACE_OUTER_BOUND ( 'NONE', #1776, .T. ) ;
#2759 = ORIENTED_EDGE ( 'NONE', *, *, #2468, .F. ) ;
#2760 = CYLINDRICAL_SURFACE ( 'NONE', #3192, 1.500000000000001332 ) ;
#2761 = VERTEX_POINT ( 'NONE', #22 ) ;
#2762 = DIRECTION ( 'NONE',  ( 0.000000000000000000, 0.000000000000000000, 1.000000000000000000 ) ) ;
#2763 = ADVANCED_FACE ( 'NONE', ( #2555 ), #3075, .F. ) ;
#2764 = FACE_BOUND ( 'NONE', #1849, .T. ) ;
#2765 = AXIS2_PLACEMENT_3D ( 'NONE', #1337, #1322, #59 ) ;
#2766 = CARTESIAN_POINT ( 'NONE',  ( -44.79848163960162566, 16.80340813577885584, 18.60410685976696499 ) ) ;
#2767 = AXIS2_PLACEMENT_3D ( 'NONE', #1378, #2893, #2153 ) ;
#2768 = CARTESIAN_POINT ( 'NONE',  ( 70.49999999999997158, 12.00000000000000000, -35.00000000000000000 ) ) ;
#2769 = ORIENTED_EDGE ( 'NONE', *, *, #755, .F. ) ;
#2770 = DIRECTION ( 'NONE',  ( 2.973811673103097172E-16, 0.000000000000000000, 1.000000000000000000 ) ) ;
#2771 = AXIS2_PLACEMENT_3D ( 'NONE', #273, #1783, #2323 ) ;
#2772 = CIRCLE ( 'NONE', #1038, 3.000000000000002665 ) ;
#2773 = VECTOR ( 'NONE', #964, 1000.000000000000000 ) ;
#2774 = DIRECTION ( 'NONE',  ( 1.387778780781444413E-14, 1.000000000000000000, -3.851859888774464531E-28 ) ) ;
#2775 = EDGE_LOOP ( 'NONE', ( #729, #684, #1376, #2734 ) ) ;
#2776 = ADVANCED_FACE ( 'NONE', ( #288 ), #2514, .T. ) ;
#2777 = CARTESIAN_POINT ( 'NONE',  ( -57.50000000000004974, 9.000000000000001776, 32.00000000000000000 ) ) ;
#2778 = AXIS2_PLACEMENT_3D ( 'NONE', #2237, #1498, #793 ) ;
#2779 = CARTESIAN_POINT ( 'NONE',  ( -47.50000000000002842, 17.00000000000000000, -11.18722852442513727 ) ) ;
#2780 = VERTEX_POINT ( 'NONE', #56 ) ;
#2781 = ORIENTED_EDGE ( 'NONE', *, *, #2321, .T. ) ;
#2782 = VECTOR ( 'NONE', #453, 1000.000000000000000 ) ;
#2783 = CARTESIAN_POINT ( 'NONE',  ( 34.04999999999998295, 17.00000000000000000, 30.00000000000000711 ) ) ;
#2784 = DIRECTION ( 'NONE',  ( 1.000000000000000000, 0.000000000000000000, -0.000000000000000000 ) ) ;
#2785 = CIRCLE ( 'NONE', #2097, 28.00000000000000000 ) ;
#2786 = ADVANCED_FACE ( 'NONE', ( #1056 ), #2059, .F. ) ;
#2787 = CARTESIAN_POINT ( 'NONE',  ( -42.00000000000002132, 17.00000000000000000, 20.00108083344939303 ) ) ;
#2788 = DIRECTION ( 'NONE',  ( -1.156482317317871478E-16, 0.000000000000000000, -1.000000000000000000 ) ) ;
#2789 = ORIENTED_EDGE ( 'NONE', *, *, #446, .T. ) ;
#2790 = DIRECTION ( 'NONE',  ( -0.000000000000000000, -0.000000000000000000, -1.000000000000000000 ) ) ;
#2791 = CARTESIAN_POINT ( 'NONE',  ( -94.00000000000001421, 12.00000000000000000, -34.50000000000000000 ) ) ;
#2792 = ORIENTED_EDGE ( 'NONE', *, *, #1374, .F. ) ;
#2793 = CARTESIAN_POINT ( 'NONE',  ( -88.50000000000004263, 9.000000000000001776, -40.00000000000000711 ) ) ;
#2794 = DIRECTION ( 'NONE',  ( 0.000000000000000000, -1.000000000000000000, 0.000000000000000000 ) ) ;
#2795 = ORIENTED_EDGE ( 'NONE', *, *, #3095, .T. ) ;
#2796 = LINE ( 'NONE', #759, #161 ) ;
#2797 = DIRECTION ( 'NONE',  ( 1.000000000000000000, 0.000000000000000000, 0.000000000000000000 ) ) ;
#2798 = CARTESIAN_POINT ( 'NONE',  ( -47.00000000000002132, 16.53771670927426385, 12.14246114466491200 ) ) ;
#2799 = LINE ( 'NONE', #3015, #2230 ) ;
#2800 = ORIENTED_EDGE ( 'NONE', *, *, #429, .F. ) ;
#2801 = LINE ( 'NONE', #2261, #3195 ) ;
#2802 = ADVANCED_FACE ( 'NONE', ( #1810 ), #2574, .F. ) ;
#2803 = CARTESIAN_POINT ( 'NONE',  ( -93.50000000000001421, 17.00000000000000000, -30.00000000000000355 ) ) ;
#2804 = ORIENTED_EDGE ( 'NONE', *, *, #1542, .F. ) ;
#2805 = EDGE_CURVE ( 'NONE', #1266, #3131, #1255, .T. ) ;
#2806 = FACE_OUTER_BOUND ( 'NONE', #2130, .T. ) ;
#2807 = ORIENTED_EDGE ( 'NONE', *, *, #1700, .F. ) ;
#2808 = CARTESIAN_POINT ( 'NONE',  ( 70.49999999999998579, 9.000000000000001776, 32.00000000000000000 ) ) ;
#2809 = EDGE_CURVE ( 'NONE', #688, #2619, #611, .T. ) ;
#2810 = CARTESIAN_POINT ( 'NONE',  ( -93.50000000000001421, 12.00000000000000000, 30.00000000000000355 ) ) ;
#2811 = ORIENTED_EDGE ( 'NONE', *, *, #809, .F. ) ;
#2812 = AXIS2_PLACEMENT_3D ( 'NONE', #600, #899, #1107 ) ;
#2813 = CARTESIAN_POINT ( 'NONE',  ( -45.61617433561692536, 16.75924764468814487, 17.50746819434949231 ) ) ;
#2814 = CARTESIAN_POINT ( 'NONE',  ( 26.04653895724218415, 9.000000000000001776, 32.00000000000000000 ) ) ;
#2815 = ORIENTED_EDGE ( 'NONE', *, *, #937, .T. ) ;
#2816 = CARTESIAN_POINT ( 'NONE',  ( -42.49214421559048560, 17.00000000000000000, -20.20900991708621675 ) ) ;
#2817 = VECTOR ( 'NONE', #2073, 1000.000000000000000 ) ;
#2818 = AXIS2_PLACEMENT_3D ( 'NONE', #2398, #890, #2892 ) ;
#2819 = CIRCLE ( 'NONE', #143, 3.000000000000002665 ) ;
#2820 = CARTESIAN_POINT ( 'NONE',  ( -47.00000000000001421, 16.50000000000000000, -11.18722852442616755 ) ) ;
#2821 = ORIENTED_EDGE ( 'NONE', *, *, #1995, .T. ) ;
#2822 = DIRECTION ( 'NONE',  ( -0.000000000000000000, -0.000000000000000000, -1.000000000000000000 ) ) ;
#2823 = VECTOR ( 'NONE', #1668, 1000.000000000000000 ) ;
#2824 = AXIS2_PLACEMENT_3D ( 'NONE', #2888, #2364, #91 ) ;
#2825 = EDGE_CURVE ( 'NONE', #75, #2596, #2623, .T. ) ;
#2826 = AXIS2_PLACEMENT_3D ( 'NONE', #1529, #1029, #1075 ) ;
#2827 = CARTESIAN_POINT ( 'NONE',  ( -93.50000000000001421, 16.50000000000000000, 30.00000000000000355 ) ) ;
#2828 = ORIENTED_EDGE ( 'NONE', *, *, #2020, .F. ) ;
#2829 = LINE ( 'NONE', #1608, #1832 ) ;
#2830 = DIRECTION ( 'NONE',  ( 0.000000000000000000, 0.000000000000000000, -1.000000000000000000 ) ) ;
#2831 = ORIENTED_EDGE ( 'NONE', *, *, #2480, .F. ) ;
#2832 = EDGE_CURVE ( 'NONE', #1920, #450, #1645, .T. ) ;
#2833 = CARTESIAN_POINT ( 'NONE',  ( -88.50000000000004263, 12.00000000000000000, 35.00000000000000000 ) ) ;
#2834 = DIRECTION ( 'NONE',  ( -1.000000000000000000, 0.000000000000000000, 1.156482317317871478E-16 ) ) ;
#2835 = ORIENTED_EDGE ( 'NONE', *, *, #3157, .F. ) ;
#2836 = CARTESIAN_POINT ( 'NONE',  ( -42.00000000000003553, 17.00000000000000000, -20.00108083344938592 ) ) ;
#2837 = AXIS2_PLACEMENT_3D ( 'NONE', #2962, #1996, #713 ) ;
#2838 = CARTESIAN_POINT ( 'NONE',  ( -93.50000000000001421, 0.000000000000000000, 34.50000000000000000 ) ) ;
#2839 = FACE_OUTER_BOUND ( 'NONE', #2937, .T. ) ;
#2840 = ORIENTED_EDGE ( 'NONE', *, *, #2719, .F. ) ;
#2841 = CARTESIAN_POINT ( 'NONE',  ( -90.00000000000004263, 9.000000000000001776, 32.00000000000000000 ) ) ;
#2842 = VERTEX_POINT ( 'NONE', #1598 ) ;
#2843 = CARTESIAN_POINT ( 'NONE',  ( -94.00000000000001421, 0.000000000000000000, -34.50000000000000000 ) ) ;
#2844 = EDGE_CURVE ( 'NONE', #2417, #1289, #3146, .T. ) ;
#2845 = LINE ( 'NONE', #2102, #2616 ) ;
#2846 = EDGE_CURVE ( 'NONE', #1117, #75, #2120, .T. ) ;
#2847 = ORIENTED_EDGE ( 'NONE', *, *, #2042, .T. ) ;
#2848 = DIRECTION ( 'NONE',  ( 2.973811673103097172E-16, -0.000000000000000000, 1.000000000000000000 ) ) ;
#2849 = ORIENTED_EDGE ( 'NONE', *, *, #2564, .F. ) ;
#2850 = FACE_OUTER_BOUND ( 'NONE', #2692, .T. ) ;
#2851 = CARTESIAN_POINT ( 'NONE',  ( -93.50000000000001421, 16.50000000000000000, -30.00000000000000355 ) ) ;
#2852 = FACE_OUTER_BOUND ( 'NONE', #2018, .T. ) ;
#2853 = EDGE_LOOP ( 'NONE', ( #2963, #1128, #3020, #900, #1321, #2450 ) ) ;
#2854 = CARTESIAN_POINT ( 'NONE',  ( -57.50000000000004974, 9.000000000000001776, -32.00000000000000000 ) ) ;
#2855 = ADVANCED_FACE ( 'NONE', ( #1584 ), #2862, .F. ) ;
#2856 = DIRECTION ( 'NONE',  ( 0.000000000000000000, 0.000000000000000000, -1.000000000000000000 ) ) ;
#2857 = EDGE_LOOP ( 'NONE', ( #398, #71, #2119, #46 ) ) ;
#2858 = DIRECTION ( 'NONE',  ( 1.000000000000000000, 0.000000000000000000, 0.000000000000000000 ) ) ;
#2859 = LINE ( 'NONE', #1300, #2038 ) ;
#2860 = ORIENTED_EDGE ( 'NONE', *, *, #1425, .F. ) ;
#2861 = ADVANCED_FACE ( 'NONE', ( #1848 ), #3071, .F. ) ;
#2862 = PLANE ( 'NONE',  #875 ) ;
#2863 = VERTEX_POINT ( 'NONE', #386 ) ;
#2864 = CARTESIAN_POINT ( 'NONE',  ( -46.50414008580067815, 17.00000000000084199, -15.85918319002960430 ) ) ;
#2865 = DIRECTION ( 'NONE',  ( 1.000000000000000000, 0.000000000000000000, -9.912705577010325549E-17 ) ) ;
#2866 = CARTESIAN_POINT ( 'NONE',  ( -46.65019110099474631, 16.64937308518315007, 14.84041643378234809 ) ) ;
#2867 = ORIENTED_EDGE ( 'NONE', *, *, #698, .T. ) ;
#2868 = AXIS2_PLACEMENT_3D ( 'NONE', #491, #2247, #2517 ) ;
#2869 = DIRECTION ( 'NONE',  ( -0.000000000000000000, -1.000000000000000000, -0.000000000000000000 ) ) ;
#2870 = AXIS2_PLACEMENT_3D ( 'NONE', #1443, #2992, #2941 ) ;
#2871 = EDGE_CURVE ( 'NONE', #978, #2518, #3126, .T. ) ;
#2872 = CARTESIAN_POINT ( 'NONE',  ( 18.54999999999998295, 16.50000000000000000, -29.99999999999999289 ) ) ;
#2873 = ORIENTED_EDGE ( 'NONE', *, *, #2503, .F. ) ;
#2874 = AXIS2_PLACEMENT_3D ( 'NONE', #1010, #1489, #738 ) ;
#2875 = CARTESIAN_POINT ( 'NONE',  ( -88.50000000000004263, 9.000000000000001776, 32.00000000000000000 ) ) ;
#2876 = AXIS2_PLACEMENT_3D ( 'NONE', #63, #2794, #590 ) ;
#2877 = CIRCLE ( 'NONE', #363, 3.000000000000002665 ) ;
#2878 = CARTESIAN_POINT ( 'NONE',  ( 33.54999999999998295, 17.00000000000000000, -29.99999999999999645 ) ) ;
#2879 = AXIS2_PLACEMENT_3D ( 'NONE', #587, #3150, #2624 ) ;
#2880 = EDGE_LOOP ( 'NONE', ( #3090, #1226 ) ) ;
#2881 = DIRECTION ( 'NONE',  ( -1.000000000000000000, 0.000000000000000000, 2.973811673103097172E-16 ) ) ;
#2882 = ORIENTED_EDGE ( 'NONE', *, *, #2203, .F. ) ;
#2883 = CARTESIAN_POINT ( 'NONE',  ( -45.74116712650439354, 17.00000000000000000, -17.58307908929128516 ) ) ;
#2884 = EDGE_CURVE ( 'NONE', #1582, #1643, #2889, .T. ) ;
#2885 = FACE_OUTER_BOUND ( 'NONE', #1273, .T. ) ;
#2886 = DIRECTION ( 'NONE',  ( -1.000000000000000000, 0.000000000000000000, 0.000000000000000000 ) ) ;
#2887 = ORIENTED_EDGE ( 'NONE', *, *, #2678, .T. ) ;
#2888 = CARTESIAN_POINT ( 'NONE',  ( -57.50000000000004974, 9.000000000000001776, 32.00000000000000000 ) ) ;
#2889 = CIRCLE ( 'NONE', #3153, 2.999999999999988898 ) ;
#2890 = FACE_OUTER_BOUND ( 'NONE', #1792, .T. ) ;
#2891 = ORIENTED_EDGE ( 'NONE', *, *, #12, .F. ) ;
#2892 = DIRECTION ( 'NONE',  ( 1.000000000000000000, 0.000000000000000000, 0.000000000000000000 ) ) ;
#2893 = DIRECTION ( 'NONE',  ( 0.000000000000000000, 0.000000000000000000, 1.000000000000000000 ) ) ;
#2894 = EDGE_LOOP ( 'NONE', ( #1655, #1016 ) ) ;
#2895 = DIRECTION ( 'NONE',  ( -1.000000000000000000, 0.000000000000000000, 0.000000000000000000 ) ) ;
#2896 = ORIENTED_EDGE ( 'NONE', *, *, #2266, .F. ) ;
#2897 = DIRECTION ( 'NONE',  ( -1.000000000000000000, 0.000000000000000000, 0.000000000000000000 ) ) ;
#2898 = CARTESIAN_POINT ( 'NONE',  ( -45.55326943657779992, 16.76341914269019995, 17.61026139412490110 ) ) ;
#2899 = EDGE_CURVE ( 'NONE', #1871, #2217, #1332, .T. ) ;
#2900 = ORIENTED_EDGE ( 'NONE', *, *, #2474, .F. ) ;
#2901 = DIRECTION ( 'NONE',  ( -1.000000000000000000, 0.000000000000000000, 0.000000000000000000 ) ) ;
#2902 = DIRECTION ( 'NONE',  ( 1.000000000000000000, 0.000000000000000000, 0.000000000000000000 ) ) ;
#2903 = EDGE_CURVE ( 'NONE', #640, #2423, #83, .T. ) ;
#2904 = ORIENTED_EDGE ( 'NONE', *, *, #2076, .F. ) ;
#2905 = ORIENTED_EDGE ( 'NONE', *, *, #657, .T. ) ;
#2906 = CARTESIAN_POINT ( 'NONE',  ( -91.50000000000002842, 9.000000000000001776, 32.00000000000000000 ) ) ;
#2907 = DIRECTION ( 'NONE',  ( 0.000000000000000000, 0.000000000000000000, 1.000000000000000000 ) ) ;
#2908 = ORIENTED_EDGE ( 'NONE', *, *, #1394, .F. ) ;
#2909 = EDGE_CURVE ( 'NONE', #1522, #595, #1350, .T. ) ;
#2910 = DIRECTION ( 'NONE',  ( -1.000000000000000000, 0.000000000000000000, 0.000000000000000000 ) ) ;
#2911 = ORIENTED_EDGE ( 'NONE', *, *, #2750, .T. ) ;
#2912 = DIRECTION ( 'NONE',  ( 0.000000000000000000, 0.000000000000000000, -1.000000000000000000 ) ) ;
#2913 = CYLINDRICAL_SURFACE ( 'NONE', #2562, 1.500000000000015099 ) ;
#2914 = FACE_BOUND ( 'NONE', #608, .T. ) ;
#2915 = VERTEX_POINT ( 'NONE', #858 ) ;
#2916 = DIRECTION ( 'NONE',  ( 0.000000000000000000, -0.3162277660168378302, -0.9486832980505139901 ) ) ;
#2917 = CARTESIAN_POINT ( 'NONE',  ( -88.50000000000004263, 9.000000000000001776, -32.00000000000000000 ) ) ;
#2918 = ORIENTED_EDGE ( 'NONE', *, *, #2042, .F. ) ;
#2919 = CARTESIAN_POINT ( 'NONE',  ( -60.50000000000005684, 9.000000000000001776, -35.00000000000000000 ) ) ;
#2920 = DIRECTION ( 'NONE',  ( 1.000000000000000000, 0.000000000000000000, 0.000000000000000000 ) ) ;
#2921 = VECTOR ( 'NONE', #1240, 1000.000000000000000 ) ;
#2922 = EDGE_CURVE ( 'NONE', #1171, #3186, #480, .T. ) ;
#2923 = AXIS2_PLACEMENT_3D ( 'NONE', #2463, #2194, #2226 ) ;
#2924 = LINE ( 'NONE', #1430, #621 ) ;
#2925 = AXIS2_PLACEMENT_3D ( 'NONE', #245, #3258, #1817 ) ;
#2926 = ORIENTED_EDGE ( 'NONE', *, *, #2903, .F. ) ;
#2927 = CIRCLE ( 'NONE', #1510, 1.500000000000001332 ) ;
#2928 = AXIS2_PLACEMENT_3D ( 'NONE', #705, #2916, #1652 ) ;
#2929 = DIRECTION ( 'NONE',  ( -1.000000000000000000, -0.000000000000000000, -0.000000000000000000 ) ) ;
#2930 = ORIENTED_EDGE ( 'NONE', *, *, #3123, .T. ) ;
#2931 = AXIS2_PLACEMENT_3D ( 'NONE', #3028, #1219, #974 ) ;
#2932 = CARTESIAN_POINT ( 'NONE',  ( -46.67083367855530440, 16.64972479719305909, -14.85056929152131922 ) ) ;
#2933 = ADVANCED_FACE ( 'NONE', ( #1381 ), #369, .F. ) ;
#2934 = CIRCLE ( 'NONE', #3092, 5.000000000000000888 ) ;
#2935 = CARTESIAN_POINT ( 'NONE',  ( 33.54999999999998295, 16.78169028419480213, 30.00000000000001066 ) ) ;
#2936 = CARTESIAN_POINT ( 'NONE',  ( 33.54999999999998295, 13.00000000000000178, 0.000000000000000000 ) ) ;
#2937 = EDGE_LOOP ( 'NONE', ( #1046, #1327, #1570 ) ) ;
#2938 = CARTESIAN_POINT ( 'NONE',  ( 18.54999999999997939, 36.59591794226542305, -2.866896026081112994E-15 ) ) ;
#2939 = DIRECTION ( 'NONE',  ( -0.000000000000000000, -0.000000000000000000, 1.000000000000000000 ) ) ;
#2940 = ORIENTED_EDGE ( 'NONE', *, *, #955, .T. ) ;
#2941 = DIRECTION ( 'NONE',  ( 0.000000000000000000, 0.9486832980505006674, -0.3162277660168774651 ) ) ;
#2942 = LINE ( 'NONE', #413, #623 ) ;
#2943 = VECTOR ( 'NONE', #223, 1000.000000000000000 ) ;
#2944 = CYLINDRICAL_SURFACE ( 'NONE', #1771, 0.5000000000000004441 ) ;
#2945 = ADVANCED_FACE ( 'NONE', ( #2386 ), #2336, .T. ) ;
#2946 = ORIENTED_EDGE ( 'NONE', *, *, #2605, .T. ) ;
#2947 = FACE_OUTER_BOUND ( 'NONE', #2282, .T. ) ;
#2948 = ORIENTED_EDGE ( 'NONE', *, *, #3024, .T. ) ;
#2949 = EDGE_CURVE ( 'NONE', #3218, #510, #1363, .T. ) ;
#2950 = FACE_OUTER_BOUND ( 'NONE', #1660, .T. ) ;
#2951 = CARTESIAN_POINT ( 'NONE',  ( 70.49999999999998579, 9.000000000000001776, -35.00000000000000000 ) ) ;
#2952 = CARTESIAN_POINT ( 'NONE',  ( 93.99999999999998579, 0.000000000000000000, -34.50000000000000000 ) ) ;
#2953 = EDGE_LOOP ( 'NONE', ( #2029, #924 ) ) ;
#2954 = CARTESIAN_POINT ( 'NONE',  ( 93.99999999999998579, 0.000000000000000000, 34.50000000000000000 ) ) ;
#2955 = CARTESIAN_POINT ( 'NONE',  ( -91.50000000000002842, 9.000000000000001776, 35.00000000000000000 ) ) ;
#2956 = VERTEX_POINT ( 'NONE', #645 ) ;
#2957 = ADVANCED_FACE ( 'NONE', ( #1084 ), #1259, .T. ) ;
#2958 = CARTESIAN_POINT ( 'NONE',  ( 65.49999999999997158, 17.00000000000000000, -30.00000000000000355 ) ) ;
#2959 = CARTESIAN_POINT ( 'NONE',  ( -57.50000000000004974, 9.000000000000001776, 35.00000000000000000 ) ) ;
#2960 = CARTESIAN_POINT ( 'NONE',  ( -52.00000000000000711, 17.00000000000000000, 29.99833395190412588 ) ) ;
#2961 = ORIENTED_EDGE ( 'NONE', *, *, #2805, .F. ) ;
#2962 = CARTESIAN_POINT ( 'NONE',  ( 70.49999999999998579, 9.000000000000001776, -40.00000000000000711 ) ) ;
#2963 = ORIENTED_EDGE ( 'NONE', *, *, #638, .F. ) ;
#2964 = SPHERICAL_SURFACE ( 'NONE', #2142, 0.5000000000000000000 ) ;
#2965 = ADVANCED_FACE ( 'NONE', ( #1397 ), #1484, .F. ) ;
#2966 = CARTESIAN_POINT ( 'NONE',  ( 70.49999999999998579, 9.000000000000001776, 32.00000000000000000 ) ) ;
#2967 = CARTESIAN_POINT ( 'NONE',  ( 34.04999999999998295, 12.93970925037628206, 17.92791621983294803 ) ) ;
#2968 = ORIENTED_EDGE ( 'NONE', *, *, #985, .F. ) ;
#2969 = CARTESIAN_POINT ( 'NONE',  ( 34.04999999999998295, 17.00000000000000000, 30.00000000000000711 ) ) ;
#2970 = CARTESIAN_POINT ( 'NONE',  ( 33.54999999999998295, 5.000000000000000000, 30.00000000000000711 ) ) ;
#2971 = ORIENTED_EDGE ( 'NONE', *, *, #1644, .T. ) ;
#2972 = CARTESIAN_POINT ( 'NONE',  ( 18.54999999999999005, 16.50000000000000000, 20.20900992274818719 ) ) ;
#2973 = EDGE_CURVE ( 'NONE', #75, #2746, #54, .T. ) ;
#2974 = CARTESIAN_POINT ( 'NONE',  ( -60.50000000000005684, 9.000000000000001776, 35.00000000000000000 ) ) ;
#2975 = AXIS2_PLACEMENT_3D ( 'NONE', #1110, #2380, #2129 ) ;
#2976 = ORIENTED_EDGE ( 'NONE', *, *, #280, .T. ) ;
#2977 = AXIS2_PLACEMENT_3D ( 'NONE', #1554, #768, #1790 ) ;
#2978 = AXIS2_PLACEMENT_3D ( 'NONE', #1285, #2290, #2308 ) ;
#2979 = DIRECTION ( 'NONE',  ( 0.000000000000000000, 0.000000000000000000, 1.000000000000000000 ) ) ;
#2980 = CARTESIAN_POINT ( 'NONE',  ( -93.50000000000001421, 17.00000000000000000, 0.000000000000000000 ) ) ;
#2981 = CIRCLE ( 'NONE', #2297, 3.000000000000002665 ) ;
#2982 = AXIS2_PLACEMENT_3D ( 'NONE', #2281, #29, #2330 ) ;
#2983 = CIRCLE ( 'NONE', #2198, 1.500000000000001332 ) ;
#2984 = CARTESIAN_POINT ( 'NONE',  ( -88.50000000000004263, 9.000000000000001776, -32.00000000000000000 ) ) ;
#2985 = CARTESIAN_POINT ( 'NONE',  ( 70.49999999999998579, 9.000000000000001776, -32.00000000000000000 ) ) ;
#2986 = ORIENTED_EDGE ( 'NONE', *, *, #787, .T. ) ;
#2987 = CARTESIAN_POINT ( 'NONE',  ( -85.50000000000004263, 9.000000000000001776, 32.00000000000000000 ) ) ;
#2988 = ADVANCED_FACE ( 'NONE', ( #1962 ), #3228, .F. ) ;
#2989 = AXIS2_PLACEMENT_3D ( 'NONE', #1077, #3138, #606 ) ;
#2990 = DIRECTION ( 'NONE',  ( 1.000000000000000000, 0.000000000000000000, 0.000000000000000000 ) ) ;
#2991 = VERTEX_POINT ( 'NONE', #418 ) ;
#2992 = DIRECTION ( 'NONE',  ( -0.000000000000000000, -0.3162277660168775206, -0.9486832980505007784 ) ) ;
#2993 = DIRECTION ( 'NONE',  ( 1.000000000000000000, 0.000000000000000000, -2.313093092113799258E-16 ) ) ;
#2994 = CIRCLE ( 'NONE', #106, 1.500000000000015099 ) ;
#2995 = EDGE_LOOP ( 'NONE', ( #2110, #2589, #2587, #1631 ) ) ;
#2996 = MECHANICAL_DESIGN_GEOMETRIC_PRESENTATION_REPRESENTATION (  '', ( #1263 ), #1001 ) ;
#2997 = CARTESIAN_POINT ( 'NONE',  ( 94.00000000000000000, 5.000000000000000000, 30.00000000000000711 ) ) ;
#2998 = FACE_OUTER_BOUND ( 'NONE', #1043, .T. ) ;
#2999 = CARTESIAN_POINT ( 'NONE',  ( -45.07832980508903375, 17.00000000000000000, 18.88911373661585102 ) ) ;
#3000 = LINE ( 'NONE', #1717, #818 ) ;
#3001 = EDGE_LOOP ( 'NONE', ( #2233, #2172 ) ) ;
#3002 = CYLINDRICAL_SURFACE ( 'NONE', #1456, 0.5000000000000004441 ) ;
#3003 = EDGE_CURVE ( 'NONE', #360, #1182, #683, .T. ) ;
#3004 = DIRECTION ( 'NONE',  ( 1.000000000000000000, 0.000000000000000000, 0.000000000000000000 ) ) ;
#3005 = ORIENTED_EDGE ( 'NONE', *, *, #716, .T. ) ;
#3006 = FILL_AREA_STYLE_COLOUR ( '', #562 ) ;
#3007 = B_SPLINE_CURVE_WITH_KNOTS ( 'NONE', 3,
 ( #2779, #246, #3210, #1215, #1015, #756, #1972, #2234, #1774, #15, #711, #954, #464, #1710, #482, #528, #232, #1992, #1265, #2021 ),
 .UNSPECIFIED., .F., .F.,
 ( 4, 2, 2, 2, 2, 2, 2, 2, 2, 4 ),
 ( 0.000000000000000000, 0.002901430785841914960, 0.004352146178762872873, 0.005802861571683837726, 0.006528219268144319284, 0.007253576964604799976, 0.008704292357525761359, 0.01015500775044672448, 0.01088036544690721384, 0.01160572314336770321 ),
 .UNSPECIFIED. ) ;
#3008 = ADVANCED_FACE ( 'NONE', ( #449 ), #1682, .F. ) ;
#3009 = DIRECTION ( 'NONE',  ( -0.000000000000000000, -1.000000000000000000, 0.000000000000000000 ) ) ;
#3010 = EDGE_LOOP ( 'NONE', ( #2063, #877 ) ) ;
#3011 = PLANE ( 'NONE',  #1945 ) ;
#3012 = CARTESIAN_POINT ( 'NONE',  ( 33.54999999999998295, 5.000000000000000000, -29.99999999999999645 ) ) ;
#3013 = EDGE_CURVE ( 'NONE', #2703, #496, #1627, .T. ) ;
#3014 = CARTESIAN_POINT ( 'NONE',  ( -45.84248014876780530, 17.00000000000000000, 17.94266338385160608 ) ) ;
#3015 = CARTESIAN_POINT ( 'NONE',  ( 65.99999999999997158, 13.02998123263099828, -18.08994369789298418 ) ) ;
#3016 = ORIENTED_EDGE ( 'NONE', *, *, #2104, .T. ) ;
#3017 = LINE ( 'NONE', #2245, #1985 ) ;
#3018 = AXIS2_PLACEMENT_3D ( 'NONE', #3061, #1022, #1008 ) ;
#3019 = DIRECTION ( 'NONE',  ( 2.775557561562888827E-14, 0.000000000000000000, -1.000000000000000000 ) ) ;
#3020 = ORIENTED_EDGE ( 'NONE', *, *, #2317, .T. ) ;
#3021 = DIRECTION ( 'NONE',  ( 0.000000000000000000, 0.000000000000000000, 1.000000000000000000 ) ) ;
#3022 = CARTESIAN_POINT ( 'NONE',  ( 18.04999999999998650, 36.59591794226542305, -2.817332498196061983E-15 ) ) ;
#3023 = EDGE_LOOP ( 'NONE', ( #1540, #2583, #306, #1939 ) ) ;
#3024 = EDGE_CURVE ( 'NONE', #323, #1784, #1681, .T. ) ;
#3025 = ORIENTED_EDGE ( 'NONE', *, *, #2949, .T. ) ;
#3026 = AXIS2_PLACEMENT_3D ( 'NONE', #2679, #3185, #1123 ) ;
#3027 = DIRECTION ( 'NONE',  ( -0.000000000000000000, -0.000000000000000000, -1.000000000000000000 ) ) ;
#3028 = CARTESIAN_POINT ( 'NONE',  ( 70.49999999999998579, 9.000000000000001776, 32.00000000000000000 ) ) ;
#3029 = CARTESIAN_POINT ( 'NONE',  ( -42.46768570894008832, 17.00000000000000000, 20.00108082756611694 ) ) ;
#3030 = LINE ( 'NONE', #2014, #861 ) ;
#3031 = ORIENTED_EDGE ( 'NONE', *, *, #1644, .F. ) ;
#3032 = VECTOR ( 'NONE', #1476, 1000.000000000000000 ) ;
#3033 = CARTESIAN_POINT ( 'NONE',  ( -42.00000000000002842, 16.85255996389939526, -19.85446588901575993 ) ) ;
#3034 = CIRCLE ( 'NONE', #2192, 0.5000000000000004441 ) ;
#3035 = VECTOR ( 'NONE', #855, 1000.000000000000000 ) ;
#3036 = ADVANCED_BREP_SHAPE_REPRESENTATION ( 'encoder-stand_base', ( #193, #2154 ), #1050 ) ;
#3037 = ORIENTED_EDGE ( 'NONE', *, *, #2507, .T. ) ;
#3038 = CARTESIAN_POINT ( 'NONE',  ( -56.00000000000004974, 9.000000000000001776, 29.99833395190412588 ) ) ;
#3039 = AXIS2_PLACEMENT_3D ( 'NONE', #871, #332, #2067 ) ;
#3040 = AXIS2_PLACEMENT_3D ( 'NONE', #1103, #1150, #2140 ) ;
#3041 = FACE_OUTER_BOUND ( 'NONE', #864, .T. ) ;
#3042 = ORIENTED_EDGE ( 'NONE', *, *, #1148, .F. ) ;
#3043 = ADVANCED_FACE ( 'NONE', ( #1231 ), #1432, .F. ) ;
#3044 = CARTESIAN_POINT ( 'NONE',  ( -93.50000000000001421, 17.00000000000000000, -29.99833395190411878 ) ) ;
#3045 = DIRECTION ( 'NONE',  ( -0.000000000000000000, -0.000000000000000000, 1.000000000000000000 ) ) ;
#3046 = AXIS2_PLACEMENT_3D ( 'NONE', #1927, #2223, #973 ) ;
#3047 = EDGE_CURVE ( 'NONE', #3073, #3252, #372, .T. ) ;
#3048 = CARTESIAN_POINT ( 'NONE',  ( -45.09810034326148553, 16.78985073602607514, 18.26467758439469691 ) ) ;
#3049 = FACE_OUTER_BOUND ( 'NONE', #2670, .T. ) ;
#3050 = VERTEX_POINT ( 'NONE', #2739 ) ;
#3051 = CYLINDRICAL_SURFACE ( 'NONE', #1462, 0.4999999999999997780 ) ;
#3052 = DIRECTION ( 'NONE',  ( 0.000000000000000000, 0.000000000000000000, -1.000000000000000000 ) ) ;
#3053 = EDGE_LOOP ( 'NONE', ( #2637, #2381 ) ) ;
#3054 = SURFACE_STYLE_USAGE ( .BOTH. , #1047 ) ;
#3055 = EDGE_CURVE ( 'NONE', #1622, #2008, #1841, .T. ) ;
#3056 = LINE ( 'NONE', #1653, #1238 ) ;
#3057 = ORIENTED_EDGE ( 'NONE', *, *, #2349, .F. ) ;
#3058 = DIRECTION ( 'NONE',  ( 1.000000000000000000, 0.000000000000000000, 0.000000000000000000 ) ) ;
#3059 = DIRECTION ( 'NONE',  ( -1.000000000000000000, 0.000000000000000000, 2.312964634635742957E-16 ) ) ;
#3060 = DIRECTION ( 'NONE',  ( -1.000000000000000000, -0.000000000000000000, -0.000000000000000000 ) ) ;
#3061 = CARTESIAN_POINT ( 'NONE',  ( -42.00000000000002842, 16.50000000000000000, -20.20900992274818364 ) ) ;
#3062 = ORIENTED_EDGE ( 'NONE', *, *, #937, .F. ) ;
#3063 = CARTESIAN_POINT ( 'NONE',  ( -47.09504899287511392, 17.00000000000000000, -15.03607200831121204 ) ) ;
#3064 = EDGE_CURVE ( 'NONE', #3111, #963, #1475, .T. ) ;
#3065 = CARTESIAN_POINT ( 'NONE',  ( 18.04999999999998650, 16.85255996389939526, 19.85446588901575993 ) ) ;
#3066 = ORIENTED_EDGE ( 'NONE', *, *, #3047, .T. ) ;
#3067 = DIRECTION ( 'NONE',  ( 1.000000000000000000, -0.000000000000000000, -0.000000000000000000 ) ) ;
#3068 = DIRECTION ( 'NONE',  ( -2.312964634635742957E-16, 0.000000000000000000, -1.000000000000000000 ) ) ;
#3069 = ORIENTED_EDGE ( 'NONE', *, *, #1781, .F. ) ;
#3070 = ADVANCED_FACE ( 'NONE', ( #2947 ), #2702, .T. ) ;
#3071 = TOROIDAL_SURFACE ( 'NONE', #2581, 23.00000000000000000, 5.000000000000000000 ) ;
#3072 = LINE ( 'NONE', #2319, #1617 ) ;
#3073 = VERTEX_POINT ( 'NONE', #2669 ) ;
#3074 = DIRECTION ( 'NONE',  ( -0.000000000000000000, -0.000000000000000000, 1.000000000000000000 ) ) ;
#3075 = PLANE ( 'NONE',  #36 ) ;
#3076 = ORIENTED_EDGE ( 'NONE', *, *, #1102, .F. ) ;
#3077 = CARTESIAN_POINT ( 'NONE',  ( -44.31562103983268486, 17.00000000000000000, -19.51028270091008210 ) ) ;
#3078 = CIRCLE ( 'NONE', #1342, 3.000000000000002665 ) ;
#3079 = CIRCLE ( 'NONE', #248, 28.50000000000000000 ) ;
#3080 = AXIS2_PLACEMENT_3D ( 'NONE', #838, #1824, #1844 ) ;
#3081 = DIRECTION ( 'NONE',  ( -0.000000000000000000, 0.3162277660168378302, 0.9486832980505138790 ) ) ;
#3082 = EDGE_CURVE ( 'NONE', #510, #1171, #2477, .T. ) ;
#3083 = VERTEX_POINT ( 'NONE', #2491 ) ;
#3084 = CARTESIAN_POINT ( 'NONE',  ( -57.50000000000004974, 9.000000000000001776, 29.99833395190412588 ) ) ;
#3085 = AXIS2_PLACEMENT_3D ( 'NONE', #945, #735, #3250 ) ;
#3086 = CIRCLE ( 'NONE', #1035, 1.500000000000001332 ) ;
#3087 = CYLINDRICAL_SURFACE ( 'NONE', #2299, 3.000000000000002665 ) ;
#3088 = EDGE_CURVE ( 'NONE', #2956, #1117, #2785, .T. ) ;
#3089 = CIRCLE ( 'NONE', #2520, 1.500000000000001332 ) ;
#3090 = ORIENTED_EDGE ( 'NONE', *, *, #316, .T. ) ;
#3091 = CARTESIAN_POINT ( 'NONE',  ( 65.49999999999997158, 17.00000000000000000, 30.00000000000000711 ) ) ;
#3092 = AXIS2_PLACEMENT_3D ( 'NONE', #121, #847, #107 ) ;
#3093 = LINE ( 'NONE', #841, #205 ) ;
#3094 = EDGE_LOOP ( 'NONE', ( #2465, #3042, #790, #2470 ) ) ;
#3095 = EDGE_CURVE ( 'NONE', #952, #1474, #1575, .T. ) ;
#3096 = CARTESIAN_POINT ( 'NONE',  ( -59.00000000000004974, 9.000000000000001776, -40.00000000000000711 ) ) ;
#3097 = ORIENTED_EDGE ( 'NONE', *, *, #537, .F. ) ;
#3098 = CARTESIAN_POINT ( 'NONE',  ( -43.89608922572612926, 17.00000000000000000, -19.76233846222487500 ) ) ;
#3099 = AXIS2_PLACEMENT_3D ( 'NONE', #3213, #2236, #957 ) ;
#3100 = DIRECTION ( 'NONE',  ( -0.000000000000000000, -0.000000000000000000, 1.000000000000000000 ) ) ;
#3101 = FACE_OUTER_BOUND ( 'NONE', #1565, .T. ) ;
#3102 = VERTEX_POINT ( 'NONE', #170 ) ;
#3103 = DIRECTION ( 'NONE',  ( 1.000000000000000000, 0.000000000000000000, 0.000000000000000000 ) ) ;
#3104 = LINE ( 'NONE', #1856, #1989 ) ;
#3105 = EDGE_LOOP ( 'NONE', ( #2718, #1593, #1104, #2490 ) ) ;
#3106 = DIRECTION ( 'NONE',  ( 1.000000000000000000, -0.000000000000000000, -9.912705577010325549E-17 ) ) ;
#3107 = EDGE_CURVE ( 'NONE', #1916, #1752, #1166, .T. ) ;
#3108 = LINE ( 'NONE', #367, #3035 ) ;
#3109 = VERTEX_POINT ( 'NONE', #2751 ) ;
#3110 = CARTESIAN_POINT ( 'NONE',  ( -88.50000000000004263, 9.000000000000001776, -29.99833395190411878 ) ) ;
#3111 = VERTEX_POINT ( 'NONE', #804 ) ;
#3112 = CARTESIAN_POINT ( 'NONE',  ( -46.99999999999999289, 17.00000000000001066, -11.18722852442515858 ) ) ;
#3113 = ADVANCED_FACE ( 'NONE', ( #775 ), #3011, .F. ) ;
#3114 = FACE_BOUND ( 'NONE', #3193, .T. ) ;
#3115 = LINE ( 'NONE', #374, #817 ) ;
#3116 = ORIENTED_EDGE ( 'NONE', *, *, #1805, .T. ) ;
#3117 = DIRECTION ( 'NONE',  ( 0.000000000000000000, 1.000000000000000000, -0.000000000000000000 ) ) ;
#3118 = VECTOR ( 'NONE', #2259, 1000.000000000000000 ) ;
#3119 = DIRECTION ( 'NONE',  ( -0.000000000000000000, -1.000000000000000000, -0.000000000000000000 ) ) ;
#3120 = ORIENTED_EDGE ( 'NONE', *, *, #944, .F. ) ;
#3121 = CARTESIAN_POINT ( 'NONE',  ( -2.003259653670829918E-15, 17.00000000000000000, -20.20900992274818719 ) ) ;
#3122 = DIRECTION ( 'NONE',  ( 0.000000000000000000, 0.000000000000000000, 1.000000000000000000 ) ) ;
#3123 = EDGE_CURVE ( 'NONE', #2371, #360, #34, .T. ) ;
#3124 = CARTESIAN_POINT ( 'NONE',  ( 93.49999999999998579, 12.00000000000000000, -35.00000000000000000 ) ) ;
#3125 = EDGE_LOOP ( 'NONE', ( #197, #552, #227, #424, #1625, #2169 ) ) ;
#3126 = LINE ( 'NONE', #155, #2576 ) ;
#3127 = EDGE_LOOP ( 'NONE', ( #31, #1115, #1928, #998 ) ) ;
#3128 = CARTESIAN_POINT ( 'NONE',  ( -42.46591077680200499, 17.00000000000000000, -20.00108082791883035 ) ) ;
#3129 = DIRECTION ( 'NONE',  ( 0.000000000000000000, 0.000000000000000000, 1.000000000000000000 ) ) ;
#3130 = FACE_OUTER_BOUND ( 'NONE', #340, .T. ) ;
#3131 = VERTEX_POINT ( 'NONE', #1496 ) ;
#3132 = CIRCLE ( 'NONE', #33, 0.5000000000000004441 ) ;
#3133 = CIRCLE ( 'NONE', #822, 0.5000000000000004441 ) ;
#3134 = CARTESIAN_POINT ( 'NONE',  ( -94.00000000000001421, 5.000000000000000000, 29.99833395190412588 ) ) ;
#3135 = ORIENTED_EDGE ( 'NONE', *, *, #874, .T. ) ;
#3136 = AXIS2_PLACEMENT_3D ( 'NONE', #2429, #1965, #702 ) ;
#3137 = AXIS2_PLACEMENT_3D ( 'NONE', #2854, #603, #2901 ) ;
#3138 = DIRECTION ( 'NONE',  ( 0.000000000000000000, 0.000000000000000000, -1.000000000000000000 ) ) ;
#3139 = AXIS2_PLACEMENT_3D ( 'NONE', #971, #1482, #1200 ) ;
#3140 = CIRCLE ( 'NONE', #2778, 1.500000000000001332 ) ;
#3141 = CARTESIAN_POINT ( 'NONE',  ( -57.50000000000004974, 9.000000000000001776, -29.99833395190412233 ) ) ;
#3142 = FILL_AREA_STYLE ('',( #1828 ) ) ;
#3143 = AXIS2_PLACEMENT_3D ( 'NONE', #2810, #560, #1329 ) ;
#3144 = VERTEX_POINT ( 'NONE', #2570 ) ;
#3145 = EDGE_CURVE ( 'NONE', #737, #2295, #2796, .T. ) ;
#3146 = LINE ( 'NONE', #1881, #1308 ) ;
#3147 = EDGE_LOOP ( 'NONE', ( #1411, #1673, #1707 ) ) ;
#3148 = DIRECTION ( 'NONE',  ( 0.000000000000000000, 0.000000000000000000, -1.000000000000000000 ) ) ;
#3149 = EDGE_CURVE ( 'NONE', #2423, #2780, #514, .T. ) ;
#3150 = DIRECTION ( 'NONE',  ( 0.000000000000000000, 0.000000000000000000, -1.000000000000000000 ) ) ;
#3151 = CARTESIAN_POINT ( 'NONE',  ( -46.94911945957335320, 16.57412965960281781, 13.02591687322693481 ) ) ;
#3152 = ORIENTED_EDGE ( 'NONE', *, *, #1119, .F. ) ;
#3153 = AXIS2_PLACEMENT_3D ( 'NONE', #876, #2373, #596 ) ;
#3154 = CARTESIAN_POINT ( 'NONE',  ( -93.50000000000001421, 5.000000000000000000, -35.00000000000000000 ) ) ;
#3155 = ORIENTED_EDGE ( 'NONE', *, *, #68, .F. ) ;
#3156 = CARTESIAN_POINT ( 'NONE',  ( 18.04999999999999005, 17.00000000000000000, 30.00000000000000355 ) ) ;
#3157 = EDGE_CURVE ( 'NONE', #2431, #156, #1099, .T. ) ;
#3158 = CARTESIAN_POINT ( 'NONE',  ( -88.50000000000004263, 9.000000000000001776, -40.00000000000000711 ) ) ;
#3159 = VERTEX_POINT ( 'NONE', #5 ) ;
#3160 = DIRECTION ( 'NONE',  ( -0.000000000000000000, -0.000000000000000000, 1.000000000000000000 ) ) ;
#3161 = ORIENTED_EDGE ( 'NONE', *, *, #3248, .T. ) ;
#3162 = CARTESIAN_POINT ( 'NONE',  ( -44.15420284568942577, 16.82457202633645466, -19.13872015488124489 ) ) ;
#3163 = CARTESIAN_POINT ( 'NONE',  ( 93.49999999999998579, 0.000000000000000000, 34.50000000000000000 ) ) ;
#3164 = CARTESIAN_POINT ( 'NONE',  ( -45.16406570503350792, 16.78658759797037092, 18.18334627391135072 ) ) ;
#3165 = ORIENTED_EDGE ( 'NONE', *, *, #2884, .T. ) ;
#3166 = CARTESIAN_POINT ( 'NONE',  ( 26.04653895724218415, 9.000000000000001776, 35.00000000000000000 ) ) ;
#3167 = EDGE_CURVE ( 'NONE', #3050, #2023, #746, .T. ) ;
#3168 =( BOUNDED_CURVE ( )  B_SPLINE_CURVE ( 3, ( #2958, #708, #968, #430 ),
 .UNSPECIFIED., .F., .F. ) 
 B_SPLINE_CURVE_WITH_KNOTS ( ( 4, 4 ),
 ( 3.141592653589792672, 4.712388980384688786 ),
 .UNSPECIFIED. ) 
 CURVE ( )  GEOMETRIC_REPRESENTATION_ITEM ( )  RATIONAL_B_SPLINE_CURVE ( ( 1.000000000000000000, 0.8047378541243650485, 0.8047378541243650485, 1.000000000000000000 ) ) 
 REPRESENTATION_ITEM ( '' )  );
#3169 = CARTESIAN_POINT ( 'NONE',  ( 65.49999999999997158, 7.125658350974746647, 1.958113883008416822 ) ) ;
#3170 = ORIENTED_EDGE ( 'NONE', *, *, #3013, .F. ) ;
#3171 = FACE_OUTER_BOUND ( 'NONE', #3094, .T. ) ;
#3172 = DIRECTION ( 'NONE',  ( -0.000000000000000000, -0.000000000000000000, 1.000000000000000000 ) ) ;
#3173 = DIRECTION ( 'NONE',  ( -0.000000000000000000, -0.000000000000000000, 1.000000000000000000 ) ) ;
#3174 = EDGE_CURVE ( 'NONE', #2200, #1501, #2389, .T. ) ;
#3175 = VERTEX_POINT ( 'NONE', #2318 ) ;
#3176 = DIRECTION ( 'NONE',  ( 0.000000000000000000, 0.000000000000000000, 1.000000000000000000 ) ) ;
#3177 = ORIENTED_EDGE ( 'NONE', *, *, #1390, .T. ) ;
#3178 = CARTESIAN_POINT ( 'NONE',  ( -47.00000000000004974, 16.53642824677723056, -12.10982888946720060 ) ) ;
#3179 = CARTESIAN_POINT ( 'NONE',  ( -93.50000000000001421, 16.50000000000000000, 29.99833395190412588 ) ) ;
#3180 = CARTESIAN_POINT ( 'NONE',  ( 18.04999999999998295, 16.85255996389939526, -19.85446588901576703 ) ) ;
#3181 = EDGE_LOOP ( 'NONE', ( #1876, #1323, #1868, #704 ) ) ;
#3182 = CARTESIAN_POINT ( 'NONE',  ( -52.00000000000002132, 17.00000000000000000, -29.99833395190412233 ) ) ;
#3183 = EDGE_CURVE ( 'NONE', #289, #2915, #896, .T. ) ;
#3184 = VECTOR ( 'NONE', #112, 1000.000000000000000 ) ;
#3185 = DIRECTION ( 'NONE',  ( 0.000000000000000000, -1.000000000000000000, 0.000000000000000000 ) ) ;
#3186 = VERTEX_POINT ( 'NONE', #1806 ) ;
#3187 = ORIENTED_EDGE ( 'NONE', *, *, #551, .T. ) ;
#3188 = DIRECTION ( 'NONE',  ( 0.000000000000000000, 0.000000000000000000, -1.000000000000000000 ) ) ;
#3189 = VECTOR ( 'NONE', #830, 1000.000000000000000 ) ;
#3190 = EDGE_CURVE ( 'NONE', #1076, #2103, #1747, .T. ) ;
#3191 = CYLINDRICAL_SURFACE ( 'NONE', #934, 5.000000000000000888 ) ;
#3192 = AXIS2_PLACEMENT_3D ( 'NONE', #2793, #2549, #2006 ) ;
#3193 = EDGE_LOOP ( 'NONE', ( #1585, #1596 ) ) ;
#3194 = AXIS2_PLACEMENT_3D ( 'NONE', #2960, #2993, #1465 ) ;
#3195 = VECTOR ( 'NONE', #2310, 1000.000000000000000 ) ;
#3196 = DIRECTION ( 'NONE',  ( -1.000000000000000000, 0.000000000000000000, 0.000000000000000000 ) ) ;
#3197 = VERTEX_POINT ( 'NONE', #3044 ) ;
#3198 = AXIS2_PLACEMENT_3D ( 'NONE', #2189, #1699, #1420 ) ;
#3199 = CARTESIAN_POINT ( 'NONE',  ( 18.04999999999999005, 17.00000000000000000, 20.20900992274818364 ) ) ;
#3200 = EDGE_CURVE ( 'NONE', #2863, #2113, #2994, .T. ) ;
#3201 = DIRECTION ( 'NONE',  ( 1.000000000000000000, 0.000000000000000000, 0.000000000000000000 ) ) ;
#3202 = DIRECTION ( 'NONE',  ( -0.000000000000000000, -0.000000000000000000, 1.000000000000000000 ) ) ;
#3203 = ORIENTED_EDGE ( 'NONE', *, *, #2004, .F. ) ;
#3204 = FACE_BOUND ( 'NONE', #2894, .T. ) ;
#3205 = CARTESIAN_POINT ( 'NONE',  ( -47.43973389296624532, 17.00000000000000711, 13.13297028300582703 ) ) ;
#3206 = ORIENTED_EDGE ( 'NONE', *, *, #1923, .T. ) ;
#3207 = DIRECTION ( 'NONE',  ( -0.000000000000000000, -0.000000000000000000, 1.000000000000000000 ) ) ;
#3208 = CARTESIAN_POINT ( 'NONE',  ( -88.50000000000004263, 9.000000000000001776, -32.00000000000000000 ) ) ;
#3209 = VECTOR ( 'NONE', #1863, 1000.000000000000000 ) ;
#3210 = CARTESIAN_POINT ( 'NONE',  ( -47.43968518130925105, 17.00000000000000000, -13.13064060458816229 ) ) ;
#3211 = EDGE_CURVE ( 'NONE', #654, #109, #532, .T. ) ;
#3212 = EDGE_LOOP ( 'NONE', ( #2721, #2291 ) ) ;
#3213 = CARTESIAN_POINT ( 'NONE',  ( 34.04999999999998295, 12.55563958360574262, -18.24805758090140628 ) ) ;
#3214 = ORIENTED_EDGE ( 'NONE', *, *, #142, .T. ) ;
#3215 = DIRECTION ( 'NONE',  ( 0.000000000000000000, 0.000000000000000000, -1.000000000000000000 ) ) ;
#3216 = CARTESIAN_POINT ( 'NONE',  ( 34.04999999999998295, 17.00000000000000000, -30.00000000000000355 ) ) ;
#3217 = DIRECTION ( 'NONE',  ( 0.000000000000000000, 0.000000000000000000, 1.000000000000000000 ) ) ;
#3218 = VERTEX_POINT ( 'NONE', #1793 ) ;
#3219 = DIRECTION ( 'NONE',  ( -8.260587980841938780E-17, 0.000000000000000000, -1.000000000000000000 ) ) ;
#3220 = EDGE_CURVE ( 'NONE', #1622, #3232, #251, .T. ) ;
#3221 = CARTESIAN_POINT ( 'NONE',  ( -42.00000000000001421, 17.00000000000000000, 20.20900992274819075 ) ) ;
#3222 = VERTEX_POINT ( 'NONE', #2997 ) ;
#3223 = CYLINDRICAL_SURFACE ( 'NONE', #1295, 0.5000000000000004441 ) ;
#3224 = LINE ( 'NONE', #2698, #821 ) ;
#3225 = CARTESIAN_POINT ( 'NONE',  ( -94.00000000000001421, 17.00000000000000000, 29.99833395190412588 ) ) ;
#3226 = ORIENTED_EDGE ( 'NONE', *, *, #2104, .F. ) ;
#3227 = EDGE_CURVE ( 'NONE', #3083, #1643, #284, .T. ) ;
#3228 = CYLINDRICAL_SURFACE ( 'NONE', #2837, 1.500000000000015099 ) ;
#3229 = FACE_BOUND ( 'NONE', #908, .T. ) ;
#3230 = LINE ( 'NONE', #976, #1034 ) ;
#3231 = CARTESIAN_POINT ( 'NONE',  ( -47.50000000000002132, 17.00000000000000000, 11.18722852442617466 ) ) ;
#3232 = VERTEX_POINT ( 'NONE', #792 ) ;
#3233 = CARTESIAN_POINT ( 'NONE',  ( -57.50000000000004974, 12.00000000000000000, -35.00000000000000000 ) ) ;
#3234 = CARTESIAN_POINT ( 'NONE',  ( 93.49999999999998579, 16.50000000000000000, 30.00000000000000355 ) ) ;
#3235 = ORIENTED_EDGE ( 'NONE', *, *, #111, .T. ) ;
#3236 = ORIENTED_EDGE ( 'NONE', *, *, #2186, .T. ) ;
#3237 = VECTOR ( 'NONE', #2094, 1000.000000000000000 ) ;
#3238 = CARTESIAN_POINT ( 'NONE',  ( -93.50000000000001421, 0.000000000000000000, -35.00000000000000000 ) ) ;
#3239 = VECTOR ( 'NONE', #339, 1000.000000000000000 ) ;
#3240 = AXIS2_PLACEMENT_3D ( 'NONE', #226, #190, #1170 ) ;
#3241 = VERTEX_POINT ( 'NONE', #544 ) ;
#3242 = AXIS2_PLACEMENT_3D ( 'NONE', #617, #2376, #2897 ) ;
#3243 = CIRCLE ( 'NONE', #2244, 3.000000000000002665 ) ;
#3244 = DIRECTION ( 'NONE',  ( 0.000000000000000000, -0.000000000000000000, -1.000000000000000000 ) ) ;
#3245 = DIRECTION ( 'NONE',  ( 1.000000000000000000, 0.000000000000000000, 0.000000000000000000 ) ) ;
#3246 = CIRCLE ( 'NONE', #2190, 2.999999999999988898 ) ;
#3247 = CIRCLE ( 'NONE', #774, 1.500000000000001332 ) ;
#3248 = EDGE_CURVE ( 'NONE', #3109, #326, #219, .T. ) ;
#3249 = AXIS2_PLACEMENT_3D ( 'NONE', #2256, #515, #1019 ) ;
#3250 = DIRECTION ( 'NONE',  ( -1.000000000000000000, 0.000000000000000000, 0.000000000000000000 ) ) ;
#3251 = LINE ( 'NONE', #1702, #2782 ) ;
#3252 = VERTEX_POINT ( 'NONE', #2305 ) ;
#3253 = CYLINDRICAL_SURFACE ( 'NONE', #675, 3.000000000000002665 ) ;
#3254 = EDGE_CURVE ( 'NONE', #1286, #1944, #2049, .T. ) ;
#3255 = AXIS2_PLACEMENT_3D ( 'NONE', #2851, #1887, #158 ) ;
#3256 = DIRECTION ( 'NONE',  ( 0.000000000000000000, 1.000000000000000000, 0.000000000000000000 ) ) ;
#3257 = ORIENTED_EDGE ( 'NONE', *, *, #2719, .T. ) ;
#3258 = DIRECTION ( 'NONE',  ( 1.000000000000000000, -0.000000000000000000, -1.156482317317871478E-16 ) ) ;
ENDSEC;
END-ISO-10303-21;
