ISO-10303-21;
HEADER;
FILE_DESCRIPTION (( 'STEP AP214' ),
    '1' );
FILE_NAME ('socket head cap screw 4762_din.STEP',
    '2026-01-08T13:34:34',
    ( '' ),
    ( '' ),
    'SwSTEP 2.0',
    'SolidWorks 2025',
    '' );
FILE_SCHEMA (( 'AUTOMOTIVE_DESIGN' ));
ENDSEC;

DATA;
#1 = CARTESIAN_POINT ( 'NONE',  ( 21.50000000000000000, 1.001115694249792856E-15, 0.000000000000000000 ) ) ;
#2 = ORIENTED_EDGE ( 'NONE', *, *, #4469, .T. ) ;
#3 = EDGE_CURVE ( 'NONE', #5354, #2962, #1679, .T. ) ;
#4 = CARTESIAN_POINT ( 'NONE',  ( 6.196408214467821196, 1.025167968987813186E-15, 0.000000000000000000 ) ) ;
#5 = DIRECTION ( 'NONE',  ( 0.000000000000000000, 0.000000000000000000, 1.000000000000000000 ) ) ;
#6 = DIRECTION ( 'NONE',  ( 1.000000000000000000, 1.224606353822377258E-16, 0.000000000000000000 ) ) ;
#7 = ADVANCED_FACE ( 'NONE', ( #3958 ), #2170, .T. ) ;
#8 = DIRECTION ( 'NONE',  ( -1.000000000000000000, -1.224606353822377258E-16, -0.000000000000000000 ) ) ;
#9 = ORIENTED_EDGE ( 'NONE', *, *, #2590, .T. ) ;
#10 = CARTESIAN_POINT ( 'NONE',  ( 17.00000000000000000, 1.001115694249792856E-15, 0.000000000000000000 ) ) ;
#11 = ORIENTED_EDGE ( 'NONE', *, *, #5032, .T. ) ;
#12 = ORIENTED_EDGE ( 'NONE', *, *, #2398, .F. ) ;
#13 = EDGE_CURVE ( 'NONE', #7444, #7405, #3523, .T. ) ;
#14 = DIRECTION ( 'NONE',  ( 0.000000000000000000, -1.000000000000000000, 0.000000000000000000 ) ) ;
#15 = EDGE_CURVE ( 'NONE', #2365, #3649, #826, .T. ) ;
#16 = AXIS2_PLACEMENT_3D ( 'NONE', #775, #851, #6090 ) ;
#17 = DIRECTION ( 'NONE',  ( -1.000000000000000000, -1.224606353822377258E-16, -0.000000000000000000 ) ) ;
#18 = FACE_OUTER_BOUND ( 'NONE', #1244, .T. ) ;
#19 = CARTESIAN_POINT ( 'NONE',  ( 19.30359178553217703, 1.836970198721020813E-16, -1.500000000000001332 ) ) ;
#20 = ORIENTED_EDGE ( 'NONE', *, *, #2725, .F. ) ;
#21 = AXIS2_PLACEMENT_3D ( 'NONE', #151, #6030, #5144 ) ;
#22 = DIRECTION ( 'NONE',  ( 0.000000000000000000, -1.000000000000000000, 0.000000000000000000 ) ) ;
#23 = ORIENTED_EDGE ( 'NONE', *, *, #434, .F. ) ;
#24 = AXIS2_PLACEMENT_3D ( 'NONE', #2259, #1064, #3571 ) ;
#25 = CARTESIAN_POINT ( 'NONE',  ( 19.80359178553217703, -1.499999999999994893, 0.000000000000000000 ) ) ;
#26 = CYLINDRICAL_SURFACE ( 'NONE', #1351, 1.499999999999999556 ) ;
#27 = VECTOR ( 'NONE', #7179, 1000.000000000000000 ) ;
#28 = CARTESIAN_POINT ( 'NONE',  ( 11.30359178553217525, -1.499999999999999778, 0.000000000000000000 ) ) ;
#29 = LINE ( 'NONE', #5370, #361 ) ;
#30 = ORIENTED_EDGE ( 'NONE', *, *, #330, .F. ) ;
#31 = ORIENTED_EDGE ( 'NONE', *, *, #942, .T. ) ;
#32 = ORIENTED_EDGE ( 'NONE', *, *, #4306, .F. ) ;
#33 = AXIS2_PLACEMENT_3D ( 'NONE', #6568, #4756, #7063 ) ;
#34 = ORIENTED_EDGE ( 'NONE', *, *, #4380, .F. ) ;
#35 = CYLINDRICAL_SURFACE ( 'NONE', #1135, 1.499999999999999556 ) ;
#36 = CARTESIAN_POINT ( 'NONE',  ( 10.80359178553217525, -1.499999999999999778, 0.000000000000000000 ) ) ;
#37 = AXIS2_PLACEMENT_3D ( 'NONE', #732, #7182, #7221 ) ;
#38 = LINE ( 'NONE', #7064, #2427 ) ;
#39 = ORIENTED_EDGE ( 'NONE', *, *, #4378, .F. ) ;
#40 = EDGE_LOOP ( 'NONE', ( #3503, #6276, #6141, #6156, #3872 ) ) ;
#41 = VERTEX_POINT ( 'NONE', #435 ) ;
#42 = CARTESIAN_POINT ( 'NONE',  ( 5.196408214467821196, 1.025167968987813186E-15, 0.000000000000000000 ) ) ;
#43 = ORIENTED_EDGE ( 'NONE', *, *, #3754, .T. ) ;
#44 = CARTESIAN_POINT ( 'NONE',  ( 19.00000000000000000, -1.219500000000000028, 0.000000000000000000 ) ) ;
#45 = ORIENTED_EDGE ( 'NONE', *, *, #896, .F. ) ;
#46 = CIRCLE ( 'NONE', #1015, 1.219500000000001139 ) ;
#47 = LINE ( 'NONE', #1883, #2869 ) ;
#48 = CARTESIAN_POINT ( 'NONE',  ( 17.19640821446782297, 1.500000000000001998, 0.000000000000000000 ) ) ;
#49 = EDGE_CURVE ( 'NONE', #4311, #41, #1701, .T. ) ;
#50 = VECTOR ( 'NONE', #2843, 1000.000000000000000 ) ;
#51 = AXIS2_PLACEMENT_3D ( 'NONE', #6329, #2093, #6788 ) ;
#52 = DIRECTION ( 'NONE',  ( 0.000000000000000000, -1.000000000000000000, 0.000000000000000000 ) ) ;
#53 = ORIENTED_EDGE ( 'NONE', *, *, #277, .T. ) ;
#54 = CARTESIAN_POINT ( 'NONE',  ( -31.74999999999995737, 0.000000000000000000, 0.000000000000000000 ) ) ;
#55 = VERTEX_POINT ( 'NONE', #5155 ) ;
#56 = CYLINDRICAL_SURFACE ( 'NONE', #5610, 1.499999999999999556 ) ;
#57 = EDGE_CURVE ( 'NONE', #2040, #3170, #1441, .T. ) ;
#58 = CIRCLE ( 'NONE', #3966, 1.500000000000001110 ) ;
#59 = DIRECTION ( 'NONE',  ( 0.5735764363510437169, -0.8191520442889933529, 1.003171929053526719E-16 ) ) ;
#60 = AXIS2_PLACEMENT_3D ( 'NONE', #553, #5906, #1206 ) ;
#61 = EDGE_CURVE ( 'NONE', #3802, #680, #6922, .T. ) ;
#62 = DIRECTION ( 'NONE',  ( -1.000000000000000000, -1.224606353822377258E-16, -0.000000000000000000 ) ) ;
#63 = EDGE_CURVE ( 'NONE', #4702, #6064, #7206, .T. ) ;
#64 = CARTESIAN_POINT ( 'NONE',  ( 5.500000000000000000, 1.001115694249792856E-15, 0.000000000000000000 ) ) ;
#65 = VERTEX_POINT ( 'NONE', #1663 ) ;
#66 = PLANE ( 'NONE',  #1524 ) ;
#67 = ORIENTED_EDGE ( 'NONE', *, *, #3106, .T. ) ;
#68 = AXIS2_PLACEMENT_3D ( 'NONE', #5825, #6514, #4818 ) ;
#69 = EDGE_CURVE ( 'NONE', #5414, #5660, #7445, .T. ) ;
#70 = CARTESIAN_POINT ( 'NONE',  ( 16.69640821446782297, 1.500000000000002220, 0.000000000000000000 ) ) ;
#71 = DIRECTION ( 'NONE',  ( 0.000000000000000000, 1.000000000000000000, 0.000000000000000000 ) ) ;
#72 = EDGE_CURVE ( 'NONE', #6316, #327, #6718, .T. ) ;
#73 = CIRCLE ( 'NONE', #3977, 1.500000000000001110 ) ;
#74 = CARTESIAN_POINT ( 'NONE',  ( 21.69640821446782297, 1.500000000000002220, 0.000000000000000000 ) ) ;
#75 = DIRECTION ( 'NONE',  ( -1.000000000000000000, -0.000000000000000000, -0.000000000000000000 ) ) ;
#76 = ORIENTED_EDGE ( 'NONE', *, *, #1799, .T. ) ;
#77 = ORIENTED_EDGE ( 'NONE', *, *, #6678, .F. ) ;
#78 = VERTEX_POINT ( 'NONE', #7530 ) ;
#79 = DIRECTION ( 'NONE',  ( 1.000000000000000000, 0.000000000000000000, 0.000000000000000000 ) ) ;
#80 = DIRECTION ( 'NONE',  ( 0.000000000000000000, -1.000000000000000000, 0.000000000000000000 ) ) ;
#81 = ORIENTED_EDGE ( 'NONE', *, *, #2532, .T. ) ;
#82 = CARTESIAN_POINT ( 'NONE',  ( 1.300000000000000044, -1.314525273895013684E-15, -1.260000000000000009 ) ) ;
#83 = EDGE_LOOP ( 'NONE', ( #708, #7235, #3161, #6892, #984 ) ) ;
#84 = LINE ( 'NONE', #1768, #4190 ) ;
#85 = EDGE_LOOP ( 'NONE', ( #7337, #5577, #5561, #5582, #1543 ) ) ;
#86 = CARTESIAN_POINT ( 'NONE',  ( 13.19640821446782120, 1.025167968987813186E-15, 0.000000000000000000 ) ) ;
#87 = CARTESIAN_POINT ( 'NONE',  ( 22.50000000000000000, 1.001115694249792856E-15, 0.000000000000000000 ) ) ;
#88 = EDGE_CURVE ( 'NONE', #761, #2372, #6113, .T. ) ;
#89 = FILL_AREA_STYLE_COLOUR ( '', #4769 ) ;
#90 = CARTESIAN_POINT ( 'NONE',  ( 5.999999999999999112, 1.219500000000002249, 0.000000000000000000 ) ) ;
#91 = ORIENTED_EDGE ( 'NONE', *, *, #2292, .T. ) ;
#92 = CARTESIAN_POINT ( 'NONE',  ( 4.803591785532175251, 9.770634195117721323E-16, 0.000000000000000000 ) ) ;
#93 = ORIENTED_EDGE ( 'NONE', *, *, #5071, .T. ) ;
#94 = DIRECTION ( 'NONE',  ( -0.5735764363510470476, -0.8191520442889912434, 0.000000000000000000 ) ) ;
#95 = CARTESIAN_POINT ( 'NONE',  ( 19.69640821446782297, 1.025167968987813186E-15, 0.000000000000000000 ) ) ;
#96 = CIRCLE ( 'NONE', #4385, 1.500000000000001110 ) ;
#97 = CARTESIAN_POINT ( 'NONE',  ( 18.69640821446782297, -1.500000000000000222, 1.836970198721031413E-16 ) ) ;
#98 = CARTESIAN_POINT ( 'NONE',  ( 21.30359178553217703, 9.770634195117721323E-16, 0.000000000000000000 ) ) ;
#99 = VERTEX_POINT ( 'NONE', #1621 ) ;
#100 = CARTESIAN_POINT ( 'NONE',  ( 19.99999999999999645, 1.001115694249792856E-15, 0.000000000000000000 ) ) ;
#101 = ORIENTED_EDGE ( 'NONE', *, *, #6033, .F. ) ;
#102 = AXIS2_PLACEMENT_3D ( 'NONE', #1613, #3258, #3868 ) ;
#103 = EDGE_CURVE ( 'NONE', #441, #5889, #5228, .T. ) ;
#104 = CARTESIAN_POINT ( 'NONE',  ( -31.74999999999995737, 0.000000000000000000, 1.499999999999999556 ) ) ;
#105 = CYLINDRICAL_SURFACE ( 'NONE', #1069, 1.499999999999999556 ) ;
#106 = CIRCLE ( 'NONE', #2770, 1.219500000000001139 ) ;
#107 = CARTESIAN_POINT ( 'NONE',  ( 1.300000000000000044, -0.7274613391789266359, 1.260000000000003118 ) ) ;
#108 = EDGE_CURVE ( 'NONE', #2145, #2136, #96, .T. ) ;
#109 = CONICAL_SURFACE ( 'NONE', #1070, 1.219500000000001139, 0.9599310885968800333 ) ;
#110 = AXIS2_PLACEMENT_3D ( 'NONE', #6819, #1591, #1549 ) ;
#111 = CARTESIAN_POINT ( 'NONE',  ( 5.696408214467822084, 1.500000000000001998, 0.000000000000000000 ) ) ;
#112 = ORIENTED_EDGE ( 'NONE', *, *, #161, .T. ) ;
#113 = CIRCLE ( 'NONE', #3407, 1.260000000000000009 ) ;
#114 = ORIENTED_EDGE ( 'NONE', *, *, #523, .T. ) ;
#115 = ORIENTED_EDGE ( 'NONE', *, *, #2718, .T. ) ;
#116 = ORIENTED_EDGE ( 'NONE', *, *, #3659, .F. ) ;
#117 = EDGE_CURVE ( 'NONE', #6906, #877, #578, .T. ) ;
#118 = CARTESIAN_POINT ( 'NONE',  ( 18.00000000000000355, 1.001115694249792856E-15, 0.000000000000000000 ) ) ;
#119 = EDGE_CURVE ( 'NONE', #3318, #3440, #7116, .T. ) ;
#120 = CONICAL_SURFACE ( 'NONE', #2185, 1.219500000000001139, 0.9599310885968800333 ) ;
#121 = CARTESIAN_POINT ( 'NONE',  ( 6.696408214467821196, 1.025167968987813186E-15, 0.000000000000000000 ) ) ;
#122 = CONICAL_SURFACE ( 'NONE', #472, 1.219500000000001139, 0.9599310885968800333 ) ;
#123 = CYLINDRICAL_SURFACE ( 'NONE', #5754, 1.499999999999999556 ) ;
#124 = ORIENTED_EDGE ( 'NONE', *, *, #3849, .T. ) ;
#125 = AXIS2_PLACEMENT_3D ( 'NONE', #2425, #3736, #818 ) ;
#126 = CIRCLE ( 'NONE', #3791, 1.500000000000001110 ) ;
#127 = DIRECTION ( 'NONE',  ( -1.000000000000000000, -1.224606353822377258E-16, -0.000000000000000000 ) ) ;
#128 = VERTEX_POINT ( 'NONE', #1236 ) ;
#129 = CARTESIAN_POINT ( 'NONE',  ( 8.499999999999998224, 1.001115694249792856E-15, 0.000000000000000000 ) ) ;
#130 = DIRECTION ( 'NONE',  ( 0.000000000000000000, -1.000000000000000000, 0.000000000000000000 ) ) ;
#131 = VECTOR ( 'NONE', #3836, 1000.000000000000000 ) ;
#132 = DIRECTION ( 'NONE',  ( -0.5735764363510472696, 0.8191520442889909104, 1.003171929053523884E-16 ) ) ;
#133 = ORIENTED_EDGE ( 'NONE', *, *, #759, .T. ) ;
#134 = DIRECTION ( 'NONE',  ( 0.000000000000000000, -1.000000000000000000, 0.000000000000000000 ) ) ;
#135 = ORIENTED_EDGE ( 'NONE', *, *, #2726, .F. ) ;
#136 = CARTESIAN_POINT ( 'NONE',  ( 21.30359178553217703, 9.770634195117721323E-16, 0.000000000000000000 ) ) ;
#137 = CARTESIAN_POINT ( 'NONE',  ( 5.500000000000000000, 1.001115694249792856E-15, 0.000000000000000000 ) ) ;
#138 = CARTESIAN_POINT ( 'NONE',  ( -31.74999999999995737, 0.000000000000000000, 0.000000000000000000 ) ) ;
#139 = ORIENTED_EDGE ( 'NONE', *, *, #7214, .F. ) ;
#140 = EDGE_CURVE ( 'NONE', #3372, #562, #2423, .T. ) ;
#141 = CARTESIAN_POINT ( 'NONE',  ( 20.30359178553217703, -1.155557966632341512E-30, 1.500000000000001332 ) ) ;
#142 = VERTEX_POINT ( 'NONE', #1197 ) ;
#143 = DIRECTION ( 'NONE',  ( -0.5735764363510472696, 0.8191520442889909104, 1.003171929053523884E-16 ) ) ;
#144 = LINE ( 'NONE', #2474, #7098 ) ;
#145 = FACE_OUTER_BOUND ( 'NONE', #4945, .T. ) ;
#146 = AXIS2_PLACEMENT_3D ( 'NONE', #6616, #3075, #6541 ) ;
#147 = CARTESIAN_POINT ( 'NONE',  ( 13.50000000000000000, 1.219500000000002249, 1.493456771560198551E-16 ) ) ;
#148 = ORIENTED_EDGE ( 'NONE', *, *, #4600, .T. ) ;
#149 = AXIS2_PLACEMENT_3D ( 'NONE', #6689, #6571, #1956 ) ;
#150 = ADVANCED_FACE ( 'NONE', ( #5315 ), #56, .T. ) ;
#151 = CARTESIAN_POINT ( 'NONE',  ( 16.69640821446782297, 1.025167968987813186E-15, 0.000000000000000000 ) ) ;
#152 = ORIENTED_EDGE ( 'NONE', *, *, #7184, .T. ) ;
#153 = ORIENTED_EDGE ( 'NONE', *, *, #4940, .F. ) ;
#154 = CARTESIAN_POINT ( 'NONE',  ( 16.19640821446781942, 1.025167968987813186E-15, 0.000000000000000000 ) ) ;
#155 = EDGE_CURVE ( 'NONE', #854, #4481, #4877, .T. ) ;
#156 = CARTESIAN_POINT ( 'NONE',  ( 20.49999999999999645, -1.219500000000000028, 0.000000000000000000 ) ) ;
#157 = AXIS2_PLACEMENT_3D ( 'NONE', #1422, #4257, #807 ) ;
#158 = DIRECTION ( 'NONE',  ( 1.000000000000000000, 1.224606353822377258E-16, 0.000000000000000000 ) ) ;
#159 = ORIENTED_EDGE ( 'NONE', *, *, #235, .F. ) ;
#160 = ADVANCED_FACE ( 'NONE', ( #4195 ), #1815, .T. ) ;
#161 = EDGE_CURVE ( 'NONE', #3589, #1233, #701, .T. ) ;
#162 = AXIS2_PLACEMENT_3D ( 'NONE', #7210, #3679, #230 ) ;
#163 = DIRECTION ( 'NONE',  ( -1.000000000000000000, -1.224606353822377258E-16, -0.000000000000000000 ) ) ;
#164 = ORIENTED_EDGE ( 'NONE', *, *, #4936, .F. ) ;
#165 = DIRECTION ( 'NONE',  ( 0.000000000000000000, 1.000000000000000000, 0.000000000000000000 ) ) ;
#166 = DIRECTION ( 'NONE',  ( 0.000000000000000000, -1.000000000000000000, 0.000000000000000000 ) ) ;
#167 = CIRCLE ( 'NONE', #3951, 1.500000000000001110 ) ;
#168 = EDGE_CURVE ( 'NONE', #3743, #1419, #3880, .T. ) ;
#169 = DIRECTION ( 'NONE',  ( 0.000000000000000000, -1.000000000000000000, 0.000000000000000000 ) ) ;
#170 = ORIENTED_EDGE ( 'NONE', *, *, #2854, .F. ) ;
#171 = AXIS2_PLACEMENT_3D ( 'NONE', #5797, #79, #4097 ) ;
#172 = DIRECTION ( 'NONE',  ( 0.000000000000000000, -1.000000000000000000, 0.000000000000000000 ) ) ;
#173 = VERTEX_POINT ( 'NONE', #4661 ) ;
#174 = DIRECTION ( 'NONE',  ( -1.000000000000000000, -1.224606353822377258E-16, -0.000000000000000000 ) ) ;
#175 = VECTOR ( 'NONE', #6201, 1000.000000000000000 ) ;
#176 = AXIS2_PLACEMENT_3D ( 'NONE', #5864, #1828, #4707 ) ;
#177 = CARTESIAN_POINT ( 'NONE',  ( -31.74999999999995737, 0.000000000000000000, 0.000000000000000000 ) ) ;
#178 = FACE_OUTER_BOUND ( 'NONE', #624, .T. ) ;
#179 = VERTEX_POINT ( 'NONE', #97 ) ;
#180 = DIRECTION ( 'NONE',  ( -1.000000000000000000, -0.000000000000000000, -0.000000000000000000 ) ) ;
#181 = VERTEX_POINT ( 'NONE', #666 ) ;
#182 = CIRCLE ( 'NONE', #2243, 1.219500000000001139 ) ;
#183 = CIRCLE ( 'NONE', #4711, 1.500000000000001110 ) ;
#184 = DIRECTION ( 'NONE',  ( -1.000000000000000000, -1.224606353822377258E-16, -0.000000000000000000 ) ) ;
#185 = CIRCLE ( 'NONE', #5953, 1.219500000000001139 ) ;
#186 = LINE ( 'NONE', #2515, #6008 ) ;
#187 = EDGE_CURVE ( 'NONE', #7003, #5483, #6355, .T. ) ;
#188 = CARTESIAN_POINT ( 'NONE',  ( 10.19640821446782297, -1.500000000000000000, 1.836970198721031167E-16 ) ) ;
#189 = AXIS2_PLACEMENT_3D ( 'NONE', #2495, #2573, #6653 ) ;
#190 = DIRECTION ( 'NONE',  ( 0.000000000000000000, 0.000000000000000000, 1.000000000000000000 ) ) ;
#191 = VERTEX_POINT ( 'NONE', #1665 ) ;
#192 = AXIS2_PLACEMENT_3D ( 'NONE', #4359, #1399, #4896 ) ;
#193 = DIRECTION ( 'NONE',  ( -0.5735764363510472696, 0.8191520442889909104, 1.003171929053523884E-16 ) ) ;
#194 = ORIENTED_EDGE ( 'NONE', *, *, #4606, .F. ) ;
#195 = ORIENTED_EDGE ( 'NONE', *, *, #4039, .F. ) ;
#196 = ORIENTED_EDGE ( 'NONE', *, *, #4137, .T. ) ;
#197 = DIRECTION ( 'NONE',  ( 1.000000000000000000, 1.224606353822377258E-16, 0.000000000000000000 ) ) ;
#198 = DIRECTION ( 'NONE',  ( -1.000000000000000000, -0.000000000000000000, -0.000000000000000000 ) ) ;
#199 = DIRECTION ( 'NONE',  ( -1.000000000000000000, -0.000000000000000000, -0.000000000000000000 ) ) ;
#200 = ORIENTED_EDGE ( 'NONE', *, *, #478, .F. ) ;
#201 = CARTESIAN_POINT ( 'NONE',  ( -31.74999999999995737, 0.000000000000000000, 0.000000000000000000 ) ) ;
#202 = ORIENTED_EDGE ( 'NONE', *, *, #61, .T. ) ;
#203 = DIRECTION ( 'NONE',  ( -1.000000000000000000, -1.224606353822377258E-16, -0.000000000000000000 ) ) ;
#204 = FACE_OUTER_BOUND ( 'NONE', #3048, .T. ) ;
#205 = EDGE_CURVE ( 'NONE', #3205, #3583, #7438, .T. ) ;
#206 = EDGE_CURVE ( 'NONE', #5690, #7550, #2653, .T. ) ;
#207 = EDGE_CURVE ( 'NONE', #5992, #3024, #4041, .T. ) ;
#208 = EDGE_CURVE ( 'NONE', #6292, #4321, #3268, .T. ) ;
#209 = DIRECTION ( 'NONE',  ( 0.5735764363510437169, -0.8191520442889933529, 1.003171929053526719E-16 ) ) ;
#210 = ORIENTED_EDGE ( 'NONE', *, *, #693, .F. ) ;
#211 = FACE_OUTER_BOUND ( 'NONE', #4172, .T. ) ;
#212 = EDGE_LOOP ( 'NONE', ( #282, #4309, #2513, #1638, #7452 ) ) ;
#213 = EDGE_CURVE ( 'NONE', #5644, #5756, #4261, .T. ) ;
#214 = EDGE_CURVE ( 'NONE', #945, #6143, #5236, .T. ) ;
#215 = FACE_OUTER_BOUND ( 'NONE', #6200, .T. ) ;
#216 = CARTESIAN_POINT ( 'NONE',  ( 21.19640821446782297, 1.025167968987813186E-15, 0.000000000000000000 ) ) ;
#217 = DIRECTION ( 'NONE',  ( 0.000000000000000000, -1.000000000000000000, 0.000000000000000000 ) ) ;
#218 = ORIENTED_EDGE ( 'NONE', *, *, #6998, .F. ) ;
#219 = DIRECTION ( 'NONE',  ( -1.000000000000000000, -0.000000000000000000, -0.000000000000000000 ) ) ;
#220 = ORIENTED_EDGE ( 'NONE', *, *, #155, .T. ) ;
#221 = ORIENTED_EDGE ( 'NONE', *, *, #4834, .F. ) ;
#222 = DIRECTION ( 'NONE',  ( -1.000000000000000000, -1.224606353822377258E-16, -0.000000000000000000 ) ) ;
#223 = DIRECTION ( 'NONE',  ( -1.000000000000000000, -0.000000000000000000, -0.000000000000000000 ) ) ;
#224 = DIRECTION ( 'NONE',  ( 1.000000000000000000, 1.224606353822377258E-16, 0.000000000000000000 ) ) ;
#225 = CARTESIAN_POINT ( 'NONE',  ( 12.49999999999999822, -1.219500000000000028, 1.665213485140615106E-16 ) ) ;
#226 = ORIENTED_EDGE ( 'NONE', *, *, #2935, .T. ) ;
#227 = CARTESIAN_POINT ( 'NONE',  ( 19.19640821446782297, 1.500000000000001998, 0.000000000000000000 ) ) ;
#228 = ORIENTED_EDGE ( 'NONE', *, *, #4327, .F. ) ;
#229 = DIRECTION ( 'NONE',  ( 0.5735764363510434949, 0.8191520442889935749, 0.000000000000000000 ) ) ;
#230 = DIRECTION ( 'NONE',  ( 0.000000000000000000, -1.000000000000000000, 0.000000000000000000 ) ) ;
#231 = AXIS2_PLACEMENT_3D ( 'NONE', #460, #2804, #1537 ) ;
#232 = CIRCLE ( 'NONE', #1818, 1.500000000000001110 ) ;
#233 = DIRECTION ( 'NONE',  ( 1.000000000000000000, 1.224606353822377258E-16, 0.000000000000000000 ) ) ;
#234 = VERTEX_POINT ( 'NONE', #585 ) ;
#235 = EDGE_CURVE ( 'NONE', #5395, #449, #7533, .T. ) ;
#236 = CARTESIAN_POINT ( 'NONE',  ( -31.74999999999995737, 0.000000000000000000, 1.499999999999999556 ) ) ;
#237 = ORIENTED_EDGE ( 'NONE', *, *, #5975, .T. ) ;
#238 = AXIS2_PLACEMENT_3D ( 'NONE', #3475, #521, #4168 ) ;
#239 = AXIS2_PLACEMENT_3D ( 'NONE', #964, #926, #6918 ) ;
#240 = AXIS2_PLACEMENT_3D ( 'NONE', #3027, #2904, #5419 ) ;
#241 = CARTESIAN_POINT ( 'NONE',  ( 7.696408214467822084, 1.025167968987813186E-15, 0.000000000000000000 ) ) ;
#242 = DIRECTION ( 'NONE',  ( -1.000000000000000000, -1.224606353822377258E-16, -0.000000000000000000 ) ) ;
#243 = AXIS2_PLACEMENT_3D ( 'NONE', #7314, #270, #1418 ) ;
#244 = DIRECTION ( 'NONE',  ( -1.000000000000000000, -1.224606353822377258E-16, -0.000000000000000000 ) ) ;
#245 = EDGE_LOOP ( 'NONE', ( #909, #6513, #11, #5337, #6210 ) ) ;
#246 = ADVANCED_FACE ( 'NONE', ( #5940 ), #7570, .T. ) ;
#247 = DIRECTION ( 'NONE',  ( 0.000000000000000000, -1.000000000000000000, 0.000000000000000000 ) ) ;
#248 = ORIENTED_EDGE ( 'NONE', *, *, #4327, .T. ) ;
#249 = AXIS2_PLACEMENT_3D ( 'NONE', #7531, #4615, #5229 ) ;
#250 = EDGE_CURVE ( 'NONE', #2557, #2566, #3998, .T. ) ;
#251 = LINE ( 'NONE', #6660, #5521 ) ;
#252 = CARTESIAN_POINT ( 'NONE',  ( 22.30359178553217703, 1.836970198721020813E-16, -1.500000000000001332 ) ) ;
#253 = CARTESIAN_POINT ( 'NONE',  ( 5.196408214467821196, 1.836970198721020073E-16, -1.500000000000001332 ) ) ;
#254 = ORIENTED_EDGE ( 'NONE', *, *, #3883, .F. ) ;
#255 = EDGE_CURVE ( 'NONE', #3912, #327, #1784, .T. ) ;
#256 = ADVANCED_FACE ( 'NONE', ( #3431 ), #4268, .T. ) ;
#257 = CARTESIAN_POINT ( 'NONE',  ( 20.80359178553217703, 1.499999999999997335, 1.836970198721025250E-16 ) ) ;
#258 = ORIENTED_EDGE ( 'NONE', *, *, #6993, .F. ) ;
#259 = ORIENTED_EDGE ( 'NONE', *, *, #3453, .T. ) ;
#260 = CARTESIAN_POINT ( 'NONE',  ( 4.999999999999999112, -1.219500000000000028, 1.665213485140615106E-16 ) ) ;
#261 = DIRECTION ( 'NONE',  ( 0.000000000000000000, -1.000000000000000000, 0.000000000000000000 ) ) ;
#262 = CARTESIAN_POINT ( 'NONE',  ( 8.696408214467821196, -1.500000000000000000, 1.836970198721031167E-16 ) ) ;
#263 = CARTESIAN_POINT ( 'NONE',  ( 16.00000000000000000, 1.001115694249792856E-15, 0.000000000000000000 ) ) ;
#264 = VERTEX_POINT ( 'NONE', #5821 ) ;
#265 = DIRECTION ( 'NONE',  ( -1.000000000000000000, -1.224606353822377258E-16, -0.000000000000000000 ) ) ;
#266 = VERTEX_POINT ( 'NONE', #4078 ) ;
#267 = DIRECTION ( 'NONE',  ( 0.000000000000000000, -1.000000000000000000, 0.000000000000000000 ) ) ;
#268 = CARTESIAN_POINT ( 'NONE',  ( 3.000000000000000000, 0.000000000000000000, 0.000000000000000000 ) ) ;
#269 = CONICAL_SURFACE ( 'NONE', #6399, 1.219500000000001139, 0.9599310885968800333 ) ;
#270 = DIRECTION ( 'NONE',  ( -1.000000000000000000, -0.000000000000000000, -0.000000000000000000 ) ) ;
#271 = VERTEX_POINT ( 'NONE', #2310 ) ;
#272 = VECTOR ( 'NONE', #2331, 1000.000000000000000 ) ;
#273 = VERTEX_POINT ( 'NONE', #4738 ) ;
#274 = AXIS2_PLACEMENT_3D ( 'NONE', #1108, #4643, #4142 ) ;
#275 = CARTESIAN_POINT ( 'NONE',  ( 7.803591785532175251, 1.500000000000003775, 1.836970198721032892E-16 ) ) ;
#276 = CARTESIAN_POINT ( 'NONE',  ( 16.00000000000000000, 1.001115694249792856E-15, 0.000000000000000000 ) ) ;
#277 = EDGE_CURVE ( 'NONE', #3583, #264, #6432, .T. ) ;
#278 = AXIS2_PLACEMENT_3D ( 'NONE', #4797, #1873, #3565 ) ;
#279 = CARTESIAN_POINT ( 'NONE',  ( 9.803591785532175251, 9.770634195117721323E-16, 0.000000000000000000 ) ) ;
#280 = ORIENTED_EDGE ( 'NONE', *, *, #890, .F. ) ;
#281 = CARTESIAN_POINT ( 'NONE',  ( 9.196408214467821196, 1.025167968987813186E-15, 0.000000000000000000 ) ) ;
#282 = ORIENTED_EDGE ( 'NONE', *, *, #1350, .T. ) ;
#283 = VECTOR ( 'NONE', #1110, 1000.000000000000000 ) ;
#284 = DIRECTION ( 'NONE',  ( 1.000000000000000000, 1.224606353822377258E-16, 0.000000000000000000 ) ) ;
#285 = EDGE_CURVE ( 'NONE', #2891, #2169, #3506, .T. ) ;
#286 = AXIS2_PLACEMENT_3D ( 'NONE', #3144, #3642, #165 ) ;
#287 = CARTESIAN_POINT ( 'NONE',  ( 19.80359178553217703, 9.770634195117721323E-16, 0.000000000000000000 ) ) ;
#288 = ORIENTED_EDGE ( 'NONE', *, *, #3216, .F. ) ;
#289 = DIRECTION ( 'NONE',  ( 0.000000000000000000, -1.000000000000000000, 0.000000000000000000 ) ) ;
#290 = ORIENTED_EDGE ( 'NONE', *, *, #7548, .F. ) ;
#291 = CARTESIAN_POINT ( 'NONE',  ( 10.19640821446782297, 1.025167968987813186E-15, 0.000000000000000000 ) ) ;
#292 = DIRECTION ( 'NONE',  ( 0.000000000000000000, -1.000000000000000000, 0.000000000000000000 ) ) ;
#293 = ADVANCED_FACE ( 'NONE', ( #18 ), #3402, .T. ) ;
#294 = EDGE_CURVE ( 'NONE', #5181, #527, #4882, .T. ) ;
#295 = DIRECTION ( 'NONE',  ( 0.000000000000000000, 1.000000000000000000, 0.000000000000000000 ) ) ;
#296 = DIRECTION ( 'NONE',  ( 0.5735764363510434949, 0.8191520442889935749, 0.000000000000000000 ) ) ;
#297 = ORIENTED_EDGE ( 'NONE', *, *, #4285, .T. ) ;
#298 = AXIS2_PLACEMENT_3D ( 'NONE', #92, #1195, #3037 ) ;
#299 = CIRCLE ( 'NONE', #4344, 1.500000000000001110 ) ;
#300 = EDGE_CURVE ( 'NONE', #7296, #5621, #4992, .T. ) ;
#301 = DIRECTION ( 'NONE',  ( 0.000000000000000000, -1.000000000000000000, 0.000000000000000000 ) ) ;
#302 = ORIENTED_EDGE ( 'NONE', *, *, #5367, .F. ) ;
#303 = LINE ( 'NONE', #4484, #6674 ) ;
#304 = ADVANCED_FACE ( 'NONE', ( #629 ), #2053, .T. ) ;
#305 = DIRECTION ( 'NONE',  ( 0.000000000000000000, -1.000000000000000000, 0.000000000000000000 ) ) ;
#306 = CONICAL_SURFACE ( 'NONE', #60, 1.500000000000001110, 0.9599310885968842522 ) ;
#307 = CARTESIAN_POINT ( 'NONE',  ( 12.69640821446782120, 1.836970198721018101E-16, -1.500000000000001332 ) ) ;
#308 = ORIENTED_EDGE ( 'NONE', *, *, #285, .F. ) ;
#309 = ORIENTED_EDGE ( 'NONE', *, *, #7142, .F. ) ;
#310 = DIRECTION ( 'NONE',  ( 1.000000000000000000, 0.000000000000000000, 0.000000000000000000 ) ) ;
#311 = DIRECTION ( 'NONE',  ( 1.000000000000000000, 1.224606353822377258E-16, 0.000000000000000000 ) ) ;
#312 = CARTESIAN_POINT ( 'NONE',  ( 13.80359178553217703, 9.770634195117721323E-16, 0.000000000000000000 ) ) ;
#313 = ORIENTED_EDGE ( 'NONE', *, *, #5685, .F. ) ;
#314 = LINE ( 'NONE', #3834, #3837 ) ;
#315 = ORIENTED_EDGE ( 'NONE', *, *, #7137, .T. ) ;
#316 = ADVANCED_FACE ( 'NONE', ( #4277 ), #5872, .T. ) ;
#317 = DIRECTION ( 'NONE',  ( -1.000000000000000000, -1.224606353822377258E-16, -0.000000000000000000 ) ) ;
#318 = CARTESIAN_POINT ( 'NONE',  ( 20.99999999999999645, 1.219500000000002249, 0.000000000000000000 ) ) ;
#319 = ORIENTED_EDGE ( 'NONE', *, *, #463, .T. ) ;
#320 = CARTESIAN_POINT ( 'NONE',  ( 17.80359178553217347, 9.770634195117721323E-16, 0.000000000000000000 ) ) ;
#321 = ORIENTED_EDGE ( 'NONE', *, *, #1844, .T. ) ;
#322 = ORIENTED_EDGE ( 'NONE', *, *, #499, .F. ) ;
#323 = LINE ( 'NONE', #2122, #3239 ) ;
#324 = CARTESIAN_POINT ( 'NONE',  ( 10.19640821446782297, 1.025167968987813186E-15, 0.000000000000000000 ) ) ;
#325 = PLANE ( 'NONE',  #3645 ) ;
#326 = CARTESIAN_POINT ( 'NONE',  ( 5.500000000000000000, -1.219500000000000028, 1.665213485140615106E-16 ) ) ;
#327 = VERTEX_POINT ( 'NONE', #784 ) ;
#328 = FACE_OUTER_BOUND ( 'NONE', #2163, .T. ) ;
#329 = ORIENTED_EDGE ( 'NONE', *, *, #2567, .T. ) ;
#330 = EDGE_CURVE ( 'NONE', #2098, #173, #5398, .T. ) ;
#331 = CARTESIAN_POINT ( 'NONE',  ( 16.80359178553217347, -1.155557966632341512E-30, 1.500000000000001332 ) ) ;
#332 = LINE ( 'NONE', #5637, #6409 ) ;
#333 = EDGE_CURVE ( 'NONE', #2108, #6022, #7324, .T. ) ;
#334 = CARTESIAN_POINT ( 'NONE',  ( 14.80359178553217525, -1.155557966632341512E-30, 1.500000000000001332 ) ) ;
#335 = ORIENTED_EDGE ( 'NONE', *, *, #5257, .F. ) ;
#336 = AXIS2_PLACEMENT_3D ( 'NONE', #6047, #4951, #3763 ) ;
#337 = ADVANCED_FACE ( 'NONE', ( #7157 ), #5118, .T. ) ;
#338 = EDGE_CURVE ( 'NONE', #7405, #1435, #1895, .T. ) ;
#339 = ORIENTED_EDGE ( 'NONE', *, *, #3566, .F. ) ;
#340 = FACE_OUTER_BOUND ( 'NONE', #4171, .T. ) ;
#341 = AXIS2_PLACEMENT_3D ( 'NONE', #498, #2688, #6836 ) ;
#342 = DIRECTION ( 'NONE',  ( 0.000000000000000000, -1.000000000000000000, 0.000000000000000000 ) ) ;
#343 = VECTOR ( 'NONE', #702, 1000.000000000000000 ) ;
#344 = AXIS2_PLACEMENT_3D ( 'NONE', #1792, #6517, #1210 ) ;
#345 = VECTOR ( 'NONE', #3166, 1000.000000000000227 ) ;
#347 = CARTESIAN_POINT ( 'NONE',  ( 12.19640821446782120, 1.500000000000002220, 0.000000000000000000 ) ) ;
#346 = AXIS2_PLACEMENT_3D ( 'NONE', #4029, #7031, #5770 ) ;
#348 = ORIENTED_EDGE ( 'NONE', *, *, #5888, .T. ) ;
#349 = CIRCLE ( 'NONE', #592, 1.500000000000001110 ) ;
#350 = LINE ( 'NONE', #7370, #4058 ) ;
#351 = EDGE_LOOP ( 'NONE', ( #7311, #6900, #101, #1172, #39 ) ) ;
#352 = LINE ( 'NONE', #2723, #2052 ) ;
#353 = CIRCLE ( 'NONE', #2431, 1.500000000000001110 ) ;
#354 = DIRECTION ( 'NONE',  ( -0.5735764363510472696, 0.8191520442889909104, 1.003171929053523884E-16 ) ) ;
#355 = CIRCLE ( 'NONE', #6856, 1.500000000000001110 ) ;
#356 = DIRECTION ( 'NONE',  ( 0.000000000000000000, -1.000000000000000000, 0.000000000000000000 ) ) ;
#357 = ORIENTED_EDGE ( 'NONE', *, *, #4844, .F. ) ;
#359 = CARTESIAN_POINT ( 'NONE',  ( 9.000000000000000000, 1.219500000000002249, 0.000000000000000000 ) ) ;
#358 = CIRCLE ( 'NONE', #4531, 1.500000000000001110 ) ;
#360 = ORIENTED_EDGE ( 'NONE', *, *, #7437, .F. ) ;
#361 = VECTOR ( 'NONE', #3480, 1000.000000000000000 ) ;
#362 = ORIENTED_EDGE ( 'NONE', *, *, #878, .F. ) ;
#363 = CARTESIAN_POINT ( 'NONE',  ( 18.50000000000000000, -1.219500000000000028, 1.665213485140615106E-16 ) ) ;
#364 = CARTESIAN_POINT ( 'NONE',  ( 1.300000000000000044, -1.091192008768392840, 0.6300000000000017808 ) ) ;
#365 = AXIS2_PLACEMENT_3D ( 'NONE', #2094, #6330, #1597 ) ;
#366 = CARTESIAN_POINT ( 'NONE',  ( 12.30359178553217525, -1.499999999999999778, 0.000000000000000000 ) ) ;
#367 = CARTESIAN_POINT ( 'NONE',  ( 23.00000000000000000, 0.000000000000000000, 0.000000000000000000 ) ) ;
#368 = ORIENTED_EDGE ( 'NONE', *, *, #424, .F. ) ;
#369 = DIRECTION ( 'NONE',  ( -1.000000000000000000, -0.000000000000000000, -0.000000000000000000 ) ) ;
#370 = VERTEX_POINT ( 'NONE', #252 ) ;
#371 = DIRECTION ( 'NONE',  ( -1.000000000000000000, -1.224606353822377258E-16, -0.000000000000000000 ) ) ;
#372 = DIRECTION ( 'NONE',  ( 0.5735764363510434949, 0.8191520442889935749, 0.000000000000000000 ) ) ;
#373 = EDGE_CURVE ( 'NONE', #1355, #4883, #6956, .T. ) ;
#374 = DIRECTION ( 'NONE',  ( -1.000000000000000000, -1.224606353822377258E-16, -0.000000000000000000 ) ) ;
#375 = EDGE_LOOP ( 'NONE', ( #612, #5019, #7565, #1905, #1850, #6277 ) ) ;
#376 = EDGE_CURVE ( 'NONE', #3076, #2909, #4146, .T. ) ;
#377 = ORIENTED_EDGE ( 'NONE', *, *, #3528, .T. ) ;
#378 = DIRECTION ( 'NONE',  ( 0.000000000000000000, 0.000000000000000000, 1.000000000000000000 ) ) ;
#379 = AXIS2_PLACEMENT_3D ( 'NONE', #2800, #5686, #6832 ) ;
#380 = LINE ( 'NONE', #1606, #677 ) ;
#381 = ORIENTED_EDGE ( 'NONE', *, *, #6483, .T. ) ;
#382 = ADVANCED_FACE ( 'NONE', ( #3622 ), #7086, .T. ) ;
#383 = EDGE_CURVE ( 'NONE', #1769, #6450, #6700, .T. ) ;
#384 = CARTESIAN_POINT ( 'NONE',  ( 7.500000000000000000, -1.219500000000000028, 1.665213485140615106E-16 ) ) ;
#385 = CONICAL_SURFACE ( 'NONE', #1979, 1.500000000000001110, 0.9599310885968842522 ) ;
#386 = CARTESIAN_POINT ( 'NONE',  ( 13.80359178553217703, 9.770634195117721323E-16, 0.000000000000000000 ) ) ;
#387 = ORIENTED_EDGE ( 'NONE', *, *, #5316, .F. ) ;
#388 = DIRECTION ( 'NONE',  ( -0.5735764363510472696, 0.8191520442889909104, 1.003171929053523884E-16 ) ) ;
#389 = ORIENTED_EDGE ( 'NONE', *, *, #3981, .T. ) ;
#390 = CARTESIAN_POINT ( 'NONE',  ( 19.80359178553217703, 1.836970198721020813E-16, -1.500000000000001332 ) ) ;
#391 = CARTESIAN_POINT ( 'NONE',  ( 7.696408214467822084, 1.836970198721020073E-16, -1.500000000000001332 ) ) ;
#392 = CIRCLE ( 'NONE', #1379, 1.500000000000001110 ) ;
#393 = CARTESIAN_POINT ( 'NONE',  ( 21.19640821446782297, 1.025167968987813186E-15, 0.000000000000000000 ) ) ;
#394 = ORIENTED_EDGE ( 'NONE', *, *, #6350, .T. ) ;
#395 = VECTOR ( 'NONE', #5750, 1000.000000000000227 ) ;
#396 = FACE_OUTER_BOUND ( 'NONE', #5247, .T. ) ;
#397 = ORIENTED_EDGE ( 'NONE', *, *, #4045, .F. ) ;
#398 = EDGE_LOOP ( 'NONE', ( #3060, #6351, #5701 ) ) ;
#399 = DIRECTION ( 'NONE',  ( 0.000000000000000000, 0.4999999999999983902, -0.8660254037844394848 ) ) ;
#400 = CARTESIAN_POINT ( 'NONE',  ( 5.303591785532175251, 1.500000000000002442, 1.836970198721031167E-16 ) ) ;
#401 = AXIS2_PLACEMENT_3D ( 'NONE', #6721, #5463, #3797 ) ;
#402 = CARTESIAN_POINT ( 'NONE',  ( 14.69640821446782120, 1.025167968987813186E-15, 0.000000000000000000 ) ) ;
#403 = CARTESIAN_POINT ( 'NONE',  ( 6.696408214467821196, -1.500000000000000222, 1.836970198721031413E-16 ) ) ;
#404 = ORIENTED_EDGE ( 'NONE', *, *, #5026, .T. ) ;
#405 = CARTESIAN_POINT ( 'NONE',  ( 0.000000000000000000, 1.454922678357858157, -9.757819552369539906E-16 ) ) ;
#406 = ORIENTED_EDGE ( 'NONE', *, *, #2002, .F. ) ;
#407 = CIRCLE ( 'NONE', #5683, 1.500000000000001110 ) ;
#408 = EDGE_CURVE ( 'NONE', #2751, #7516, #5976, .T. ) ;
#409 = DIRECTION ( 'NONE',  ( 0.000000000000000000, 1.000000000000000000, 0.000000000000000000 ) ) ;
#410 = DIRECTION ( 'NONE',  ( 0.000000000000000000, -1.000000000000000000, 0.000000000000000000 ) ) ;
#411 = CIRCLE ( 'NONE', #4580, 1.500000000000001110 ) ;
#412 = LINE ( 'NONE', #1020, #6249 ) ;
#413 = EDGE_LOOP ( 'NONE', ( #5401, #4857, #5363, #5620, #3875 ) ) ;
#414 = ORIENTED_EDGE ( 'NONE', *, *, #7147, .F. ) ;
#415 = CARTESIAN_POINT ( 'NONE',  ( 17.80359178553217347, 9.770634195117721323E-16, 0.000000000000000000 ) ) ;
#416 = AXIS2_PLACEMENT_3D ( 'NONE', #484, #6966, #5284 ) ;
#417 = DIRECTION ( 'NONE',  ( -1.000000000000000000, -0.000000000000000000, -0.000000000000000000 ) ) ;
#418 = CARTESIAN_POINT ( 'NONE',  ( 8.696408214467821196, 1.500000000000001998, 0.000000000000000000 ) ) ;
#419 = DIRECTION ( 'NONE',  ( -1.000000000000000000, -1.224606353822377258E-16, -0.000000000000000000 ) ) ;
#420 = ORIENTED_EDGE ( 'NONE', *, *, #4895, .T. ) ;
#421 = AXIS2_PLACEMENT_3D ( 'NONE', #6703, #6587, #893 ) ;
#422 = DIRECTION ( 'NONE',  ( 0.000000000000000000, 1.000000000000000000, 0.000000000000000000 ) ) ;
#423 = ORIENTED_EDGE ( 'NONE', *, *, #4956, .F. ) ;
#424 = EDGE_CURVE ( 'NONE', #744, #1040, #459, .T. ) ;
#425 = CARTESIAN_POINT ( 'NONE',  ( 13.19640821446782120, 1.025167968987813186E-15, 0.000000000000000000 ) ) ;
#426 = EDGE_CURVE ( 'NONE', #3372, #4002, #839, .T. ) ;
#427 = CIRCLE ( 'NONE', #3852, 1.219500000000001139 ) ;
#428 = CARTESIAN_POINT ( 'NONE',  ( 21.30359178553217703, 9.770634195117721323E-16, 0.000000000000000000 ) ) ;
#429 = ADVANCED_FACE ( 'NONE', ( #5511 ), #6095, .T. ) ;
#430 = FACE_OUTER_BOUND ( 'NONE', #5942, .T. ) ;
#431 = VERTEX_POINT ( 'NONE', #742 ) ;
#432 = FACE_OUTER_BOUND ( 'NONE', #7511, .T. ) ;
#433 = ORIENTED_EDGE ( 'NONE', *, *, #3709, .T. ) ;
#434 = EDGE_CURVE ( 'NONE', #3108, #4303, #1937, .T. ) ;
#435 = CARTESIAN_POINT ( 'NONE',  ( 13.30359178553217525, -1.499999999999999778, 0.000000000000000000 ) ) ;
#436 = ADVANCED_FACE ( 'NONE', ( #4814 ), #3164, .T. ) ;
#437 = CARTESIAN_POINT ( 'NONE',  ( 18.19640821446782297, 1.500000000000001998, 0.000000000000000000 ) ) ;
#438 = CARTESIAN_POINT ( 'NONE',  ( -31.74999999999995737, 0.000000000000000000, 1.499999999999999556 ) ) ;
#439 = CARTESIAN_POINT ( 'NONE',  ( 21.19640821446782297, 1.025167968987813186E-15, 0.000000000000000000 ) ) ;
#440 = DIRECTION ( 'NONE',  ( 0.000000000000000000, -1.000000000000000000, 0.000000000000000000 ) ) ;
#441 = VERTEX_POINT ( 'NONE', #384 ) ;
#442 = DIRECTION ( 'NONE',  ( 0.000000000000000000, 1.000000000000000000, 0.000000000000000000 ) ) ;
#443 = ORIENTED_EDGE ( 'NONE', *, *, #6518, .T. ) ;
#444 = DIRECTION ( 'NONE',  ( -1.000000000000000000, -1.224606353822377258E-16, -0.000000000000000000 ) ) ;
#445 = CARTESIAN_POINT ( 'NONE',  ( 9.196408214467821196, 1.025167968987813186E-15, 0.000000000000000000 ) ) ;
#446 = DIRECTION ( 'NONE',  ( 0.000000000000000000, -1.000000000000000000, 0.000000000000000000 ) ) ;
#447 = ORIENTED_EDGE ( 'NONE', *, *, #3, .F. ) ;
#448 = PRODUCT ( 'socket head cap screw 4762_din_EN ISO 4762 M3 x 20 - 18S', 'socket head cap screw 4762_din_EN ISO 4762 M3 x 20 - 18S', '', ( #4845 ) ) ;
#449 = VERTEX_POINT ( 'NONE', #1357 ) ;
#450 = DIRECTION ( 'NONE',  ( 0.000000000000000000, -1.000000000000000000, 0.000000000000000000 ) ) ;
#451 = CYLINDRICAL_SURFACE ( 'NONE', #3492, 1.499999999999999556 ) ;
#452 = VECTOR ( 'NONE', #2846, 1000.000000000000227 ) ;
#453 = DIRECTION ( 'NONE',  ( -1.000000000000000000, -1.224606353822377258E-16, -0.000000000000000000 ) ) ;
#454 = VERTEX_POINT ( 'NONE', #3124 ) ;
#455 = CARTESIAN_POINT ( 'NONE',  ( 0.000000000000000000, 3.184081677783118191E-16, -2.449999999999999734 ) ) ;
#456 = DIRECTION ( 'NONE',  ( 1.000000000000000000, 1.224606353822377258E-16, 0.000000000000000000 ) ) ;
#457 = ORIENTED_EDGE ( 'NONE', *, *, #3237, .T. ) ;
#458 = CONICAL_SURFACE ( 'NONE', #2416, 1.500000000000001110, 0.9599310885968842522 ) ;
#459 = CIRCLE ( 'NONE', #6602, 1.500000000000001110 ) ;
#460 = CARTESIAN_POINT ( 'NONE',  ( 9.500000000000000000, 1.001115694249792856E-15, 0.000000000000000000 ) ) ;
#461 = DIRECTION ( 'NONE',  ( -1.000000000000000000, -0.000000000000000000, -0.000000000000000000 ) ) ;
#462 = VECTOR ( 'NONE', #2087, 1000.000000000000000 ) ;
#463 = EDGE_CURVE ( 'NONE', #2136, #4392, #4891, .T. ) ;
#464 = AXIS2_PLACEMENT_3D ( 'NONE', #2143, #494, #2832 ) ;
#465 = DIRECTION ( 'NONE',  ( 0.000000000000000000, -1.000000000000000000, 0.000000000000000000 ) ) ;
#466 = ORIENTED_EDGE ( 'NONE', *, *, #3919, .T. ) ;
#467 = LINE ( 'NONE', #5773, #50 ) ;
#468 = VERTEX_POINT ( 'NONE', #819 ) ;
#469 = ORIENTED_EDGE ( 'NONE', *, *, #1130, .F. ) ;
#470 = ADVANCED_FACE ( 'NONE', ( #4492 ), #6730, .T. ) ;
#471 = CIRCLE ( 'NONE', #2562, 1.500000000000001110 ) ;
#472 = AXIS2_PLACEMENT_3D ( 'NONE', #6433, #1162, #5198 ) ;
#473 = AXIS2_PLACEMENT_3D ( 'NONE', #5269, #6, #2379 ) ;
#474 = AXIS2_PLACEMENT_3D ( 'NONE', #2061, #4372, #6183 ) ;
#475 = CARTESIAN_POINT ( 'NONE',  ( -31.74999999999995737, 0.000000000000000000, 1.499999999999999556 ) ) ;
#476 = EDGE_CURVE ( 'NONE', #877, #7216, #1105, .T. ) ;
#477 = CARTESIAN_POINT ( 'NONE',  ( 11.00000000000000000, 1.001115694249792856E-15, 0.000000000000000000 ) ) ;
#478 = EDGE_CURVE ( 'NONE', #7405, #2469, #1680, .T. ) ;
#479 = CIRCLE ( 'NONE', #4776, 1.500000000000001110 ) ;
#480 = CARTESIAN_POINT ( 'NONE',  ( 19.19640821446782297, 1.025167968987813186E-15, 0.000000000000000000 ) ) ;
#481 = ORIENTED_EDGE ( 'NONE', *, *, #5115, .F. ) ;
#482 = LINE ( 'NONE', #4741, #4841 ) ;
#483 = ORIENTED_EDGE ( 'NONE', *, *, #966, .F. ) ;
#484 = CARTESIAN_POINT ( 'NONE',  ( 10.80359178553217525, 9.770634195117721323E-16, 0.000000000000000000 ) ) ;
#485 = VECTOR ( 'NONE', #3344, 1000.000000000000000 ) ;
#486 = LINE ( 'NONE', #5599, #5877 ) ;
#487 = CARTESIAN_POINT ( 'NONE',  ( 13.19640821446782120, 1.025167968987813186E-15, 0.000000000000000000 ) ) ;
#488 = ORIENTED_EDGE ( 'NONE', *, *, #5881, .F. ) ;
#489 = ORIENTED_EDGE ( 'NONE', *, *, #4753, .F. ) ;
#490 = CIRCLE ( 'NONE', #1100, 1.219500000000001139 ) ;
#491 = DIRECTION ( 'NONE',  ( 0.000000000000000000, -1.000000000000000000, 0.000000000000000000 ) ) ;
#492 = CARTESIAN_POINT ( 'NONE',  ( 8.196408214467821196, 1.025167968987813186E-15, 0.000000000000000000 ) ) ;
#493 = ORIENTED_EDGE ( 'NONE', *, *, #333, .T. ) ;
#494 = DIRECTION ( 'NONE',  ( -1.000000000000000000, -0.000000000000000000, -0.000000000000000000 ) ) ;
#495 = EDGE_LOOP ( 'NONE', ( #5038, #2248, #4850, #1788, #3706 ) ) ;
#496 = CARTESIAN_POINT ( 'NONE',  ( 15.50000000000000000, 1.219500000000002249, 0.000000000000000000 ) ) ;
#497 = ORIENTED_EDGE ( 'NONE', *, *, #206, .T. ) ;
#498 = CARTESIAN_POINT ( 'NONE',  ( 4.999999999999999112, 1.001115694249792856E-15, 0.000000000000000000 ) ) ;
#499 = EDGE_CURVE ( 'NONE', #4597, #4382, #113, .T. ) ;
#500 = DIRECTION ( 'NONE',  ( 0.000000000000000000, 0.000000000000000000, 1.000000000000000000 ) ) ;
#501 = AXIS2_PLACEMENT_3D ( 'NONE', #5262, #2375, #2409 ) ;
#502 = CARTESIAN_POINT ( 'NONE',  ( 18.50000000000000000, -1.219500000000000028, 0.000000000000000000 ) ) ;
#503 = ORIENTED_EDGE ( 'NONE', *, *, #3678, .T. ) ;
#504 = LINE ( 'NONE', #1584, #7155 ) ;
#505 = ORIENTED_EDGE ( 'NONE', *, *, #2247, .T. ) ;
#506 = EDGE_LOOP ( 'NONE', ( #3326, #2733, #6106, #4916, #3562, #339 ) ) ;
#507 = CARTESIAN_POINT ( 'NONE',  ( 7.696408214467822084, -1.500000000000000000, 1.836970198721031167E-16 ) ) ;
#508 = VECTOR ( 'NONE', #6502, 1000.000000000000000 ) ;
#509 = EDGE_CURVE ( 'NONE', #4569, #2867, #1333, .T. ) ;
#510 = DIRECTION ( 'NONE',  ( -1.000000000000000000, -1.224606353822377258E-16, -0.000000000000000000 ) ) ;
#511 = DIRECTION ( 'NONE',  ( -1.000000000000000000, -1.224606353822377258E-16, -0.000000000000000000 ) ) ;
#512 = AXIS2_PLACEMENT_3D ( 'NONE', #268, #2600, #4371 ) ;
#513 = CARTESIAN_POINT ( 'NONE',  ( 15.80359178553217347, 9.770634195117721323E-16, 0.000000000000000000 ) ) ;
#514 = EDGE_LOOP ( 'NONE', ( #124, #321, #4998, #4704, #6165, #1756 ) ) ;
#515 = LINE ( 'NONE', #405, #1280 ) ;
#516 = VERTEX_POINT ( 'NONE', #2176 ) ;
#517 = ADVANCED_FACE ( 'NONE', ( #5142 ), #5624, .T. ) ;
#518 = CARTESIAN_POINT ( 'NONE',  ( -31.74999999999995737, 0.000000000000000000, 0.000000000000000000 ) ) ;
#519 = EDGE_CURVE ( 'NONE', #2285, #4415, #5133, .T. ) ;
#520 = AXIS2_PLACEMENT_3D ( 'NONE', #1348, #203, #4377 ) ;
#521 = DIRECTION ( 'NONE',  ( -1.000000000000000000, -1.224606353822377258E-16, -0.000000000000000000 ) ) ;
#522 = DIRECTION ( 'NONE',  ( 0.000000000000000000, -1.000000000000000000, 0.000000000000000000 ) ) ;
#523 = EDGE_CURVE ( 'NONE', #599, #5884, #3409, .T. ) ;
#524 = FACE_OUTER_BOUND ( 'NONE', #5962, .T. ) ;
#525 = ORIENTED_EDGE ( 'NONE', *, *, #3902, .T. ) ;
#526 = AXIS2_PLACEMENT_3D ( 'NONE', #1138, #563, #2326 ) ;
#527 = VERTEX_POINT ( 'NONE', #2872 ) ;
#528 = CARTESIAN_POINT ( 'NONE',  ( -31.74999999999995737, 0.000000000000000000, 0.000000000000000000 ) ) ;
#529 = DIRECTION ( 'NONE',  ( 0.5735764363510437169, -0.8191520442889933529, 1.003171929053526719E-16 ) ) ;
#530 = AXIS2_PLACEMENT_3D ( 'NONE', #1234, #6426, #5313 ) ;
#531 = CIRCLE ( 'NONE', #6182, 1.500000000000001110 ) ;
#532 = CARTESIAN_POINT ( 'NONE',  ( 1.300000000000000044, 0.000000000000000000, 1.260000000000000009 ) ) ;
#533 = ORIENTED_EDGE ( 'NONE', *, *, #3754, .F. ) ;
#534 = DIRECTION ( 'NONE',  ( 0.000000000000000000, 1.000000000000000000, 0.000000000000000000 ) ) ;
#535 = AXIS2_PLACEMENT_3D ( 'NONE', #281, #6159, #5392 ) ;
#536 = AXIS2_PLACEMENT_3D ( 'NONE', #5749, #4622, #5908 ) ;
#537 = DIRECTION ( 'NONE',  ( -1.000000000000000000, -1.224606353822377258E-16, -0.000000000000000000 ) ) ;
#538 = ORIENTED_EDGE ( 'NONE', *, *, #463, .F. ) ;
#539 = CARTESIAN_POINT ( 'NONE',  ( 19.80359178553217703, 9.770634195117721323E-16, 0.000000000000000000 ) ) ;
#540 = CONICAL_SURFACE ( 'NONE', #4837, 1.219500000000001139, 0.9599310885968800333 ) ;
#541 = DIRECTION ( 'NONE',  ( 0.000000000000000000, -1.000000000000000000, 0.000000000000000000 ) ) ;
#542 = ORIENTED_EDGE ( 'NONE', *, *, #3101, .T. ) ;
#543 = ADVANCED_FACE ( 'NONE', ( #6379 ), #6871, .T. ) ;
#544 = CARTESIAN_POINT ( 'NONE',  ( 14.80359178553217525, 9.770634195117721323E-16, 0.000000000000000000 ) ) ;
#545 = ORIENTED_EDGE ( 'NONE', *, *, #670, .T. ) ;
#546 = EDGE_LOOP ( 'NONE', ( #2897, #3451, #894, #3681, #1516 ) ) ;
#547 = CARTESIAN_POINT ( 'NONE',  ( 11.69640821446782297, 1.025167968987813186E-15, 0.000000000000000000 ) ) ;
#548 = AXIS2_PLACEMENT_3D ( 'NONE', #5681, #2173, #4530 ) ;
#549 = CARTESIAN_POINT ( 'NONE',  ( 19.00000000000000000, 1.001115694249792856E-15, 0.000000000000000000 ) ) ;
#550 = CARTESIAN_POINT ( 'NONE',  ( 17.50000000000000000, 1.219500000000002249, 1.493456771560198551E-16 ) ) ;
#551 = DIRECTION ( 'NONE',  ( -1.000000000000000000, -1.224606353822377258E-16, -0.000000000000000000 ) ) ;
#552 = EDGE_LOOP ( 'NONE', ( #1353, #4258, #3247, #3222, #3551 ) ) ;
#553 = CARTESIAN_POINT ( 'NONE',  ( 16.69640821446782297, 1.025167968987813186E-15, 0.000000000000000000 ) ) ;
#554 = ORIENTED_EDGE ( 'NONE', *, *, #6085, .F. ) ;
#555 = DIRECTION ( 'NONE',  ( -1.000000000000000000, -0.000000000000000000, -0.000000000000000000 ) ) ;
#556 = LINE ( 'NONE', #7582, #1569 ) ;
#557 = LINE ( 'NONE', #74, #4393 ) ;
#558 = DIRECTION ( 'NONE',  ( 0.000000000000000000, -1.000000000000000000, 0.000000000000000000 ) ) ;
#559 = VERTEX_POINT ( 'NONE', #5178 ) ;
#560 = EDGE_CURVE ( 'NONE', #2001, #1669, #6363, .T. ) ;
#561 = ORIENTED_EDGE ( 'NONE', *, *, #7406, .T. ) ;
#562 = VERTEX_POINT ( 'NONE', #418 ) ;
#563 = DIRECTION ( 'NONE',  ( -1.000000000000000000, -0.000000000000000000, -0.000000000000000000 ) ) ;
#564 = EDGE_CURVE ( 'NONE', #4996, #6486, #7092, .T. ) ;
#565 = CARTESIAN_POINT ( 'NONE',  ( 7.196408214467821196, -1.155557966632341512E-30, 1.500000000000001332 ) ) ;
#566 = DIRECTION ( 'NONE',  ( 0.5735764363510434949, 0.8191520442889935749, 0.000000000000000000 ) ) ;
#567 = ORIENTED_EDGE ( 'NONE', *, *, #6807, .T. ) ;
#568 = EDGE_CURVE ( 'NONE', #2051, #3519, #1141, .T. ) ;
#569 = EDGE_CURVE ( 'NONE', #78, #4597, #1607, .T. ) ;
#570 = CARTESIAN_POINT ( 'NONE',  ( 1.300000000000000044, 0.7274613391789273020, -1.260000000000000675 ) ) ;
#571 = CARTESIAN_POINT ( 'NONE',  ( 7.196408214467821196, 1.025167968987813186E-15, 0.000000000000000000 ) ) ;
#572 = EDGE_LOOP ( 'NONE', ( #7498, #2236, #7465, #4223, #968 ) ) ;
#573 = CARTESIAN_POINT ( 'NONE',  ( 12.69640821446782120, -1.500000000000000222, 1.836970198721031413E-16 ) ) ;
#574 = CARTESIAN_POINT ( 'NONE',  ( 7.696408214467822084, -1.500000000000000222, 1.836970198721031413E-16 ) ) ;
#575 = LINE ( 'NONE', #6309, #5002 ) ;
#576 = CARTESIAN_POINT ( 'NONE',  ( 11.19640821446782120, -1.348150961071065097E-30, 1.500000000000001332 ) ) ;
#577 = ORIENTED_EDGE ( 'NONE', *, *, #2682, .F. ) ;
#578 = CIRCLE ( 'NONE', #2785, 1.219500000000001139 ) ;
#579 = CARTESIAN_POINT ( 'NONE',  ( 19.19640821446782297, -1.155557966632341512E-30, 1.500000000000001332 ) ) ;
#580 = ORIENTED_EDGE ( 'NONE', *, *, #1670, .F. ) ;
#581 = EDGE_LOOP ( 'NONE', ( #2797, #5979, #4670, #6710, #5039 ) ) ;
#582 = AXIS2_PLACEMENT_3D ( 'NONE', #4573, #1577, #5182 ) ;
#583 = LINE ( 'NONE', #3429, #4647 ) ;
#584 = AXIS2_PLACEMENT_3D ( 'NONE', #7497, #974, #1088 ) ;
#585 = CARTESIAN_POINT ( 'NONE',  ( 19.50000000000000000, -1.219500000000000028, 1.665213485140615106E-16 ) ) ;
#586 = DIRECTION ( 'NONE',  ( 1.000000000000000000, 1.224606353822377258E-16, 0.000000000000000000 ) ) ;
#587 = ORIENTED_EDGE ( 'NONE', *, *, #5788, .F. ) ;
#588 = DIRECTION ( 'NONE',  ( 0.000000000000000000, 0.000000000000000000, -1.000000000000000000 ) ) ;
#589 = EDGE_LOOP ( 'NONE', ( #259, #4644, #2238, #1335, #892 ) ) ;
#590 = AXIS2_PLACEMENT_3D ( 'NONE', #2850, #5359, #7572 ) ;
#591 = AXIS2_PLACEMENT_3D ( 'NONE', #6421, #1191, #3498 ) ;
#592 = AXIS2_PLACEMENT_3D ( 'NONE', #1181, #6455, #726 ) ;
#593 = CYLINDRICAL_SURFACE ( 'NONE', #2374, 1.499999999999999556 ) ;
#594 = CARTESIAN_POINT ( 'NONE',  ( 14.80359178553217525, -1.499999999999999778, 0.000000000000000000 ) ) ;
#595 = AXIS2_PLACEMENT_3D ( 'NONE', #5134, #2825, #2750 ) ;
#596 = CARTESIAN_POINT ( 'NONE',  ( -31.74999999999995737, 1.836970198721029441E-16, -1.499999999999999556 ) ) ;
#597 = CARTESIAN_POINT ( 'NONE',  ( 23.00000000000000000, 1.493456771560197319E-16, -1.219500000000000028 ) ) ;
#598 = ORIENTED_EDGE ( 'NONE', *, *, #4491, .T. ) ;
#599 = VERTEX_POINT ( 'NONE', #6414 ) ;
#600 = VERTEX_POINT ( 'NONE', #1568 ) ;
#601 = AXIS2_PLACEMENT_3D ( 'NONE', #4934, #3093, #754 ) ;
#602 = CYLINDRICAL_SURFACE ( 'NONE', #4821, 1.499999999999999556 ) ;
#603 = CYLINDRICAL_SURFACE ( 'NONE', #641, 1.499999999999999556 ) ;
#604 = ADVANCED_FACE ( 'NONE', ( #3446 ), #4764, .T. ) ;
#605 = DIRECTION ( 'NONE',  ( 0.000000000000000000, -0.5000000000000013323, -0.8660254037844380415 ) ) ;
#606 = ORIENTED_EDGE ( 'NONE', *, *, #5394, .F. ) ;
#607 = ADVANCED_FACE ( 'NONE', ( #3944 ), #3283, .T. ) ;
#608 = FACE_OUTER_BOUND ( 'NONE', #3423, .T. ) ;
#609 = ORIENTED_EDGE ( 'NONE', *, *, #1557, .T. ) ;
#610 = ORIENTED_EDGE ( 'NONE', *, *, #2111, .F. ) ;
#611 = DIRECTION ( 'NONE',  ( 0.000000000000000000, 0.000000000000000000, -1.000000000000000000 ) ) ;
#612 = ORIENTED_EDGE ( 'NONE', *, *, #1834, .F. ) ;
#613 = CARTESIAN_POINT ( 'NONE',  ( 22.71950000000000358, 0.000000000000000000, 0.000000000000000000 ) ) ;
#614 = CARTESIAN_POINT ( 'NONE',  ( 17.30359178553217347, 9.770634195117721323E-16, 0.000000000000000000 ) ) ;
#615 = ADVANCED_FACE ( 'NONE', ( #1028 ), #7579, .T. ) ;
#616 = EDGE_CURVE ( 'NONE', #5263, #5395, #720, .T. ) ;
#617 = DIRECTION ( 'NONE',  ( -1.000000000000000000, -0.000000000000000000, -0.000000000000000000 ) ) ;
#618 = EDGE_CURVE ( 'NONE', #173, #4250, #5127, .T. ) ;
#619 = EDGE_CURVE ( 'NONE', #2303, #6056, #1912, .T. ) ;
#620 = DIRECTION ( 'NONE',  ( -1.000000000000000000, -1.224606353822377258E-16, -0.000000000000000000 ) ) ;
#621 = ORIENTED_EDGE ( 'NONE', *, *, #7173, .F. ) ;
#622 = CYLINDRICAL_SURFACE ( 'NONE', #1018, 1.499999999999999556 ) ;
#623 = ORIENTED_EDGE ( 'NONE', *, *, #5506, .F. ) ;
#624 = EDGE_LOOP ( 'NONE', ( #237, #6874, #1991, #7075, #4725, #3036 ) ) ;
#625 = DIRECTION ( 'NONE',  ( 0.5735764363510434949, 0.8191520442889935749, 0.000000000000000000 ) ) ;
#626 = EDGE_CURVE ( 'NONE', #4239, #468, #4835, .T. ) ;
#627 = AXIS2_PLACEMENT_3D ( 'NONE', #5390, #1919, #4308 ) ;
#628 = FACE_OUTER_BOUND ( 'NONE', #6458, .T. ) ;
#629 = FACE_OUTER_BOUND ( 'NONE', #4000, .T. ) ;
#630 = DIRECTION ( 'NONE',  ( -1.000000000000000000, -0.000000000000000000, -0.000000000000000000 ) ) ;
#631 = ORIENTED_EDGE ( 'NONE', *, *, #3710, .F. ) ;
#632 = DIRECTION ( 'NONE',  ( 0.000000000000000000, -1.000000000000000000, 0.000000000000000000 ) ) ;
#633 = ORIENTED_EDGE ( 'NONE', *, *, #6707, .T. ) ;
#634 = DIRECTION ( 'NONE',  ( 0.000000000000000000, 0.000000000000000000, 1.000000000000000000 ) ) ;
#635 = CARTESIAN_POINT ( 'NONE',  ( 12.69640821446782120, -1.500000000000000000, 1.836970198721031167E-16 ) ) ;
#636 = CARTESIAN_POINT ( 'NONE',  ( 6.803591785532175251, 1.836970198721020813E-16, -1.500000000000001332 ) ) ;
#637 = CARTESIAN_POINT ( 'NONE',  ( 19.99999999999999645, 1.219500000000002249, 0.000000000000000000 ) ) ;
#638 = EDGE_LOOP ( 'NONE', ( #6606, #4061, #5028, #1343, #6448 ) ) ;
#639 = VERTEX_POINT ( 'NONE', #5378 ) ;
#640 = EDGE_CURVE ( 'NONE', #1233, #3649, #4721, .T. ) ;
#641 = AXIS2_PLACEMENT_3D ( 'NONE', #2945, #6528, #5294 ) ;
#642 = ORIENTED_EDGE ( 'NONE', *, *, #3286, .F. ) ;
#643 = FACE_OUTER_BOUND ( 'NONE', #6756, .T. ) ;
#644 = DIRECTION ( 'NONE',  ( -1.000000000000000000, -1.224606353822377258E-16, -0.000000000000000000 ) ) ;
#645 = VECTOR ( 'NONE', #6461, 1000.000000000000000 ) ;
#646 = DIRECTION ( 'NONE',  ( -1.000000000000000000, -1.224606353822377258E-16, -0.000000000000000000 ) ) ;
#647 = ORIENTED_EDGE ( 'NONE', *, *, #2777, .T. ) ;
#648 = ORIENTED_EDGE ( 'NONE', *, *, #6345, .T. ) ;
#649 = CARTESIAN_POINT ( 'NONE',  ( 15.19640821446782120, 1.025167968987813186E-15, 0.000000000000000000 ) ) ;
#650 = VERTEX_POINT ( 'NONE', #3638 ) ;
#651 = DIRECTION ( 'NONE',  ( 0.000000000000000000, -1.000000000000000000, 0.000000000000000000 ) ) ;
#652 = AXIS2_PLACEMENT_3D ( 'NONE', #7478, #3940, #2102 ) ;
#653 = CARTESIAN_POINT ( 'NONE',  ( 17.80359178553217347, 9.770634195117721323E-16, 0.000000000000000000 ) ) ;
#654 = AXIS2_PLACEMENT_3D ( 'NONE', #3617, #4072, #6389 ) ;
#655 = AXIS2_PLACEMENT_3D ( 'NONE', #5128, #6893, #6287 ) ;
#656 = DIRECTION ( 'NONE',  ( -0.5735764363510470476, -0.8191520442889912434, 0.000000000000000000 ) ) ;
#657 = ORIENTED_EDGE ( 'NONE', *, *, #2915, .T. ) ;
#658 = EDGE_CURVE ( 'NONE', #2783, #929, #4153, .T. ) ;
#659 = DIRECTION ( 'NONE',  ( -1.000000000000000000, -1.224606353822377258E-16, -0.000000000000000000 ) ) ;
#660 = ORIENTED_EDGE ( 'NONE', *, *, #4700, .F. ) ;
#661 = DIRECTION ( 'NONE',  ( -1.000000000000000000, -1.224606353822377258E-16, -0.000000000000000000 ) ) ;
#662 = AXIS2_PLACEMENT_3D ( 'NONE', #6814, #6138, #7382 ) ;
#663 = EDGE_CURVE ( 'NONE', #2636, #3196, #349, .T. ) ;
#664 = PLANE ( 'NONE',  #125 ) ;
#665 = CIRCLE ( 'NONE', #1403, 1.500000000000001110 ) ;
#666 = CARTESIAN_POINT ( 'NONE',  ( 14.69640821446782120, -1.500000000000000222, 1.836970198721031413E-16 ) ) ;
#667 = CARTESIAN_POINT ( 'NONE',  ( 18.00000000000000355, 1.219500000000002249, 1.493456771560198551E-16 ) ) ;
#668 = ORIENTED_EDGE ( 'NONE', *, *, #1887, .T. ) ;
#669 = ADVANCED_FACE ( 'NONE', ( #7177 ), #4254, .T. ) ;
#670 = EDGE_CURVE ( 'NONE', #5569, #4830, #5296, .T. ) ;
#671 = CIRCLE ( 'NONE', #912, 1.500000000000001110 ) ;
#672 = DIRECTION ( 'NONE',  ( -1.000000000000000000, -1.224606353822377258E-16, -0.000000000000000000 ) ) ;
#673 = VERTEX_POINT ( 'NONE', #4798 ) ;
#674 = AXIS2_PLACEMENT_3D ( 'NONE', #4390, #822, #7339 ) ;
#675 = DIRECTION ( 'NONE',  ( 0.5735764363510437169, -0.8191520442889933529, 1.003171929053526719E-16 ) ) ;
#676 = DIRECTION ( 'NONE',  ( 0.000000000000000000, -1.000000000000000000, 0.000000000000000000 ) ) ;
#677 = VECTOR ( 'NONE', #3942, 1000.000000000000000 ) ;
#678 = DIRECTION ( 'NONE',  ( -1.000000000000000000, -1.224606353822377258E-16, -0.000000000000000000 ) ) ;
#679 = DIRECTION ( 'NONE',  ( -1.000000000000000000, -0.000000000000000000, -0.000000000000000000 ) ) ;
#680 = VERTEX_POINT ( 'NONE', #6531 ) ;
#681 = ORIENTED_EDGE ( 'NONE', *, *, #1470, .T. ) ;
#682 = AXIS2_PLACEMENT_3D ( 'NONE', #4771, #3992, #52 ) ;
#683 = EDGE_LOOP ( 'NONE', ( #5796, #7237, #5780, #3078, #3408 ) ) ;
#684 = LINE ( 'NONE', #3564, #6668 ) ;
#685 = CARTESIAN_POINT ( 'NONE',  ( 8.499999999999998224, 1.219500000000002249, 1.493456771560198551E-16 ) ) ;
#686 = FACE_OUTER_BOUND ( 'NONE', #4671, .T. ) ;
#687 = ORIENTED_EDGE ( 'NONE', *, *, #509, .T. ) ;
#688 = CARTESIAN_POINT ( 'NONE',  ( 20.19640821446781942, -1.155557966632341512E-30, 1.500000000000001332 ) ) ;
#689 = ORIENTED_EDGE ( 'NONE', *, *, #640, .T. ) ;
#690 = CARTESIAN_POINT ( 'NONE',  ( 13.30359178553217525, 1.836970198721020813E-16, -1.500000000000001332 ) ) ;
#691 = LINE ( 'NONE', #3074, #7048 ) ;
#692 =( NAMED_UNIT ( * ) SI_UNIT ( $, .STERADIAN. ) SOLID_ANGLE_UNIT ( ) );
#693 = EDGE_CURVE ( 'NONE', #6908, #6294, #1945, .T. ) ;
#694 = CARTESIAN_POINT ( 'NONE',  ( 11.30359178553217525, 1.500000000000002442, 1.836970198721031167E-16 ) ) ;
#695 = VERTEX_POINT ( 'NONE', #5883 ) ;
#696 = LINE ( 'NONE', #7036, #4343 ) ;
#697 = ORIENTED_EDGE ( 'NONE', *, *, #5837, .F. ) ;
#698 = DIRECTION ( 'NONE',  ( 0.000000000000000000, 0.000000000000000000, 1.000000000000000000 ) ) ;
#699 = FACE_OUTER_BOUND ( 'NONE', #3469, .T. ) ;
#700 = EDGE_CURVE ( 'NONE', #5861, #761, #957, .T. ) ;
#701 = CIRCLE ( 'NONE', #2540, 1.219500000000001139 ) ;
#702 = DIRECTION ( 'NONE',  ( -1.000000000000000000, -0.000000000000000000, -0.000000000000000000 ) ) ;
#703 = CARTESIAN_POINT ( 'NONE',  ( 14.00000000000000000, 1.219500000000002249, 1.493456771560198551E-16 ) ) ;
#704 = ORIENTED_EDGE ( 'NONE', *, *, #7374, .F. ) ;
#705 = EDGE_CURVE ( 'NONE', #1879, #2209, #38, .T. ) ;
#706 = DIRECTION ( 'NONE',  ( -1.000000000000000000, -1.224606353822377258E-16, -0.000000000000000000 ) ) ;
#707 = ORIENTED_EDGE ( 'NONE', *, *, #1789, .F. ) ;
#708 = ORIENTED_EDGE ( 'NONE', *, *, #5646, .F. ) ;
#709 = VECTOR ( 'NONE', #2654, 1000.000000000000000 ) ;
#710 = CARTESIAN_POINT ( 'NONE',  ( 12.49999999999999822, 1.001115694249792856E-15, 0.000000000000000000 ) ) ;
#711 = DIRECTION ( 'NONE',  ( 0.000000000000000000, -1.000000000000000000, 0.000000000000000000 ) ) ;
#712 = EDGE_CURVE ( 'NONE', #2616, #5630, #6965, .T. ) ;
#713 = ADVANCED_FACE ( 'NONE', ( #4138 ), #4523, .T. ) ;
#714 = CARTESIAN_POINT ( 'NONE',  ( 18.50000000000000000, 1.001115694249792856E-15, 0.000000000000000000 ) ) ;
#715 = AXIS2_PLACEMENT_3D ( 'NONE', #1439, #4787, #711 ) ;
#716 = VECTOR ( 'NONE', #4746, 1000.000000000000227 ) ;
#717 = AXIS2_PLACEMENT_3D ( 'NONE', #4200, #1745, #7534 ) ;
#718 = CARTESIAN_POINT ( 'NONE',  ( 8.196408214467821196, 1.836970198721020073E-16, -1.500000000000001332 ) ) ;
#719 = EDGE_LOOP ( 'NONE', ( #6552, #497, #6777, #3903, #6370, #1534 ) ) ;
#720 = CIRCLE ( 'NONE', #7329, 1.219500000000001139 ) ;
#721 = ORIENTED_EDGE ( 'NONE', *, *, #6530, .F. ) ;
#722 = ORIENTED_EDGE ( 'NONE', *, *, #5975, .F. ) ;
#723 = DIRECTION ( 'NONE',  ( 0.000000000000000000, -1.000000000000000000, 0.000000000000000000 ) ) ;
#724 = DIRECTION ( 'NONE',  ( 0.5735764363510437169, -0.8191520442889933529, 1.003171929053526719E-16 ) ) ;
#725 = VECTOR ( 'NONE', #7393, 1000.000000000000000 ) ;
#726 = DIRECTION ( 'NONE',  ( 0.000000000000000000, -1.000000000000000000, 0.000000000000000000 ) ) ;
#727 = ORIENTED_EDGE ( 'NONE', *, *, #2718, .F. ) ;
#728 = CONICAL_SURFACE ( 'NONE', #3294, 1.500000000000001110, 0.9599310885968842522 ) ;
#729 = AXIS2_PLACEMENT_3D ( 'NONE', #5988, #1290, #4170 ) ;
#730 = FACE_OUTER_BOUND ( 'NONE', #2898, .T. ) ;
#731 = EDGE_LOOP ( 'NONE', ( #5492, #4607, #4366, #7303, #1675 ) ) ;
#732 = CARTESIAN_POINT ( 'NONE',  ( 11.69640821446782297, 1.025167968987813186E-15, 0.000000000000000000 ) ) ;
#733 = DIRECTION ( 'NONE',  ( 0.5735764363510437169, -0.8191520442889933529, 1.003171929053526719E-16 ) ) ;
#734 = PRESENTATION_STYLE_ASSIGNMENT (( #5349 ) ) ;
#735 = CONICAL_SURFACE ( 'NONE', #7217, 1.500000000000001110, 0.9599310885968842522 ) ;
#736 = CARTESIAN_POINT ( 'NONE',  ( 12.00000000000000000, 1.219500000000002249, 1.493456771560198551E-16 ) ) ;
#737 = ORIENTED_EDGE ( 'NONE', *, *, #5896, .F. ) ;
#738 = CARTESIAN_POINT ( 'NONE',  ( 8.000000000000000000, 1.001115694249792856E-15, 0.000000000000000000 ) ) ;
#739 = ORIENTED_EDGE ( 'NONE', *, *, #6564, .F. ) ;
#740 = EDGE_CURVE ( 'NONE', #6022, #4392, #4890, .T. ) ;
#741 = DIRECTION ( 'NONE',  ( 0.000000000000000000, -1.000000000000000000, 0.000000000000000000 ) ) ;
#742 = CARTESIAN_POINT ( 'NONE',  ( 0.000000000000000000, 0.000000000000000000, 2.449999999999999734 ) ) ;
#743 = DIRECTION ( 'NONE',  ( -1.000000000000000000, -0.000000000000000000, -0.000000000000000000 ) ) ;
#744 = VERTEX_POINT ( 'NONE', #6494 ) ;
#745 = CARTESIAN_POINT ( 'NONE',  ( 1.300000000000000044, -1.091192008768393951, -0.6299999999999981171 ) ) ;
#746 = ORIENTED_EDGE ( 'NONE', *, *, #4123, .T. ) ;
#747 = ADVANCED_FACE ( 'NONE', ( #1223 ), #3567, .T. ) ;
#748 = VERTEX_POINT ( 'NONE', #82 ) ;
#749 = AXIS2_PLACEMENT_3D ( 'NONE', #1428, #3614, #6011 ) ;
#750 = DIRECTION ( 'NONE',  ( -1.000000000000000000, -1.224606353822377258E-16, -0.000000000000000000 ) ) ;
#751 = DIRECTION ( 'NONE',  ( -1.000000000000000000, -1.224606353822377258E-16, -0.000000000000000000 ) ) ;
#752 = CARTESIAN_POINT ( 'NONE',  ( 22.50000000000000000, -1.219500000000000028, 1.665213485140615106E-16 ) ) ;
#753 = AXIS2_PLACEMENT_3D ( 'NONE', #4440, #4937, #7353 ) ;
#754 = DIRECTION ( 'NONE',  ( 0.000000000000000000, -1.000000000000000000, 0.000000000000000000 ) ) ;
#755 = ORIENTED_EDGE ( 'NONE', *, *, #6386, .F. ) ;
#756 = AXIS2_PLACEMENT_3D ( 'NONE', #6339, #3337, #958 ) ;
#757 =( NAMED_UNIT ( * ) PLANE_ANGLE_UNIT ( ) SI_UNIT ( $, .RADIAN. ) );
#758 = ORIENTED_EDGE ( 'NONE', *, *, #1231, .F. ) ;
#759 = EDGE_CURVE ( 'NONE', #4852, #5261, #2407, .T. ) ;
#760 = ADVANCED_FACE ( 'NONE', ( #686 ), #123, .T. ) ;
#761 = VERTEX_POINT ( 'NONE', #876 ) ;
#762 = CARTESIAN_POINT ( 'NONE',  ( 18.19640821446782297, 1.836970198721020073E-16, -1.500000000000001332 ) ) ;
#763 = CYLINDRICAL_SURFACE ( 'NONE', #2838, 1.499999999999999556 ) ;
#764 = VECTOR ( 'NONE', #2938, 1000.000000000000000 ) ;
#765 = EDGE_CURVE ( 'NONE', #6316, #4510, #6111, .T. ) ;
#766 = CARTESIAN_POINT ( 'NONE',  ( 14.19640821446782297, -1.500000000000000000, 1.836970198721031167E-16 ) ) ;
#767 = ORIENTED_EDGE ( 'NONE', *, *, #5218, .F. ) ;
#768 = VECTOR ( 'NONE', #529, 1000.000000000000227 ) ;
#769 = EDGE_CURVE ( 'NONE', #4317, #673, #6736, .T. ) ;
#770 = CARTESIAN_POINT ( 'NONE',  ( 13.19640821446782120, -1.500000000000000222, 1.836970198721031413E-16 ) ) ;
#771 = ORIENTED_EDGE ( 'NONE', *, *, #2206, .F. ) ;
#772 = PLANE ( 'NONE',  #2481 ) ;
#773 = DIRECTION ( 'NONE',  ( 0.000000000000000000, -1.000000000000000000, 0.000000000000000000 ) ) ;
#774 = AXIS2_PLACEMENT_3D ( 'NONE', #2879, #4225, #7109 ) ;
#775 = CARTESIAN_POINT ( 'NONE',  ( 5.303591785532175251, 9.770634195117721323E-16, 0.000000000000000000 ) ) ;
#776 = ORIENTED_EDGE ( 'NONE', *, *, #5982, .F. ) ;
#777 = AXIS2_PLACEMENT_3D ( 'NONE', #7397, #1058, #918 ) ;
#778 = CARTESIAN_POINT ( 'NONE',  ( 5.999999999999999112, 1.001115694249792856E-15, 0.000000000000000000 ) ) ;
#779 = ORIENTED_EDGE ( 'NONE', *, *, #13, .T. ) ;
#780 = DIRECTION ( 'NONE',  ( -1.000000000000000000, -1.224606353822377258E-16, -0.000000000000000000 ) ) ;
#781 = CIRCLE ( 'NONE', #530, 1.219500000000001139 ) ;
#782 = CIRCLE ( 'NONE', #2370, 1.500000000000001110 ) ;
#783 = EDGE_CURVE ( 'NONE', #3772, #1860, #1580, .T. ) ;
#784 = CARTESIAN_POINT ( 'NONE',  ( 14.30359178553217525, -1.499999999999999778, 0.000000000000000000 ) ) ;
#785 = LINE ( 'NONE', #703, #6846 ) ;
#786 = EDGE_LOOP ( 'NONE', ( #3543, #7380 ) ) ;
#787 = CARTESIAN_POINT ( 'NONE',  ( 15.19640821446782120, 1.500000000000001998, 0.000000000000000000 ) ) ;
#788 = ORIENTED_EDGE ( 'NONE', *, *, #1652, .F. ) ;
#789 = CIRCLE ( 'NONE', #5453, 1.500000000000001110 ) ;
#790 = CIRCLE ( 'NONE', #2011, 1.500000000000001110 ) ;
#791 = DIRECTION ( 'NONE',  ( -1.000000000000000000, -1.224606353822377258E-16, -0.000000000000000000 ) ) ;
#792 = CIRCLE ( 'NONE', #6311, 1.219500000000001139 ) ;
#793 = CARTESIAN_POINT ( 'NONE',  ( 19.30359178553217703, -1.499999999999999778, 0.000000000000000000 ) ) ;
#794 = DIRECTION ( 'NONE',  ( -1.000000000000000000, -1.224606353822377258E-16, -0.000000000000000000 ) ) ;
#795 = AXIS2_PLACEMENT_3D ( 'NONE', #5604, #4379, #4842 ) ;
#796 = DIRECTION ( 'NONE',  ( 0.000000000000000000, -1.000000000000000000, 0.000000000000000000 ) ) ;
#797 = ORIENTED_EDGE ( 'NONE', *, *, #4023, .F. ) ;
#798 = CIRCLE ( 'NONE', #5341, 1.500000000000001110 ) ;
#799 = DIRECTION ( 'NONE',  ( -1.000000000000000000, -1.224606353822377258E-16, -0.000000000000000000 ) ) ;
#800 = VERTEX_POINT ( 'NONE', #334 ) ;
#801 = CARTESIAN_POINT ( 'NONE',  ( 8.803591785532175251, 9.770634195117721323E-16, 0.000000000000000000 ) ) ;
#802 = DIRECTION ( 'NONE',  ( 1.000000000000000000, 1.224606353822377258E-16, 0.000000000000000000 ) ) ;
#803 = EDGE_CURVE ( 'NONE', #2962, #3467, #355, .T. ) ;
#804 = CYLINDRICAL_SURFACE ( 'NONE', #3546, 1.499999999999999556 ) ;
#805 = EDGE_LOOP ( 'NONE', ( #114, #12, #2949, #4246, #4893 ) ) ;
#806 = AXIS2_PLACEMENT_3D ( 'NONE', #3000, #620, #3540 ) ;
#807 = DIRECTION ( 'NONE',  ( 0.000000000000000000, -1.000000000000000000, 0.000000000000000000 ) ) ;
#808 = ADVANCED_FACE ( 'NONE', ( #6038 ), #1460, .T. ) ;
#809 = ORIENTED_EDGE ( 'NONE', *, *, #991, .T. ) ;
#810 = DIRECTION ( 'NONE',  ( 0.000000000000000000, 0.000000000000000000, -1.000000000000000000 ) ) ;
#811 = CYLINDRICAL_SURFACE ( 'NONE', #5831, 1.499999999999999556 ) ;
#812 = EDGE_CURVE ( 'NONE', #55, #4403, #2027, .T. ) ;
#813 = ADVANCED_FACE ( 'NONE', ( #3140 ), #3792, .F. ) ;
#814 = CARTESIAN_POINT ( 'NONE',  ( 11.30359178553217525, 1.836970198721020813E-16, -1.500000000000001332 ) ) ;
#815 = ORIENTED_EDGE ( 'NONE', *, *, #373, .T. ) ;
#816 = CARTESIAN_POINT ( 'NONE',  ( 8.696408214467821196, -1.500000000000000222, 1.836970198721031413E-16 ) ) ;
#817 = ORIENTED_EDGE ( 'NONE', *, *, #6707, .F. ) ;
#818 = DIRECTION ( 'NONE',  ( 0.000000000000000000, 0.4999999999999985567, -0.8660254037844393737 ) ) ;
#819 = CARTESIAN_POINT ( 'NONE',  ( 19.19640821446782297, -1.500000000000000222, 1.836970198721031413E-16 ) ) ;
#820 = CARTESIAN_POINT ( 'NONE',  ( 18.30359178553217347, -1.155557966632341512E-30, 1.500000000000001332 ) ) ;
#821 = ORIENTED_EDGE ( 'NONE', *, *, #6496, .T. ) ;
#822 = DIRECTION ( 'NONE',  ( -1.000000000000000000, -1.224606353822377258E-16, -0.000000000000000000 ) ) ;
#823 = ORIENTED_EDGE ( 'NONE', *, *, #7270, .T. ) ;
#824 = FACE_OUTER_BOUND ( 'NONE', #4994, .T. ) ;
#825 = DIRECTION ( 'NONE',  ( 0.5735764363510434949, 0.8191520442889935749, 0.000000000000000000 ) ) ;
#826 = CIRCLE ( 'NONE', #4623, 1.500000000000001110 ) ;
#827 = DIRECTION ( 'NONE',  ( -1.000000000000000000, -1.224606353822377258E-16, -0.000000000000000000 ) ) ;
#828 = ORIENTED_EDGE ( 'NONE', *, *, #2156, .F. ) ;
#829 = CARTESIAN_POINT ( 'NONE',  ( -31.74999999999995737, 0.000000000000000000, 0.000000000000000000 ) ) ;
#830 = ORIENTED_EDGE ( 'NONE', *, *, #4088, .T. ) ;
#831 = DIRECTION ( 'NONE',  ( 1.000000000000000000, 1.224606353822377258E-16, 0.000000000000000000 ) ) ;
#832 = ORIENTED_EDGE ( 'NONE', *, *, #5642, .F. ) ;
#833 = VECTOR ( 'NONE', #5279, 1000.000000000000000 ) ;
#834 = ADVANCED_FACE ( 'NONE', ( #7357 ), #804, .T. ) ;
#835 = CARTESIAN_POINT ( 'NONE',  ( 10.69640821446782120, -1.500000000000000222, 1.836970198721031413E-16 ) ) ;
#836 = DIRECTION ( 'NONE',  ( -1.000000000000000000, -1.224606353822377258E-16, -0.000000000000000000 ) ) ;
#837 = CIRCLE ( 'NONE', #3162, 1.500000000000001110 ) ;
#838 = AXIS2_PLACEMENT_3D ( 'NONE', #6783, #4585, #3356 ) ;
#839 = CIRCLE ( 'NONE', #5615, 1.219500000000001139 ) ;
#840 = DIRECTION ( 'NONE',  ( 0.000000000000000000, 0.000000000000000000, -1.000000000000000000 ) ) ;
#841 = ORIENTED_EDGE ( 'NONE', *, *, #5368, .T. ) ;
#842 = ORIENTED_EDGE ( 'NONE', *, *, #4705, .T. ) ;
#843 = CIRCLE ( 'NONE', #4527, 1.500000000000001110 ) ;
#844 = AXIS2_PLACEMENT_3D ( 'NONE', #6737, #6096, #1967 ) ;
#845 = CONICAL_SURFACE ( 'NONE', #6129, 1.500000000000001110, 0.9599310885968842522 ) ;
#846 = ADVANCED_FACE ( 'NONE', ( #6716 ), #5886, .T. ) ;
#847 = AXIS2_PLACEMENT_3D ( 'NONE', #2796, #6938, #4019 ) ;
#848 = CARTESIAN_POINT ( 'NONE',  ( 6.303591785532174363, 9.770634195117721323E-16, 0.000000000000000000 ) ) ;
#849 = DIRECTION ( 'NONE',  ( 0.000000000000000000, -1.000000000000000000, 0.000000000000000000 ) ) ;
#850 = CIRCLE ( 'NONE', #3908, 1.500000000000001110 ) ;
#851 = DIRECTION ( 'NONE',  ( -1.000000000000000000, -1.224606353822377258E-16, -0.000000000000000000 ) ) ;
#852 = ORIENTED_EDGE ( 'NONE', *, *, #4278, .F. ) ;
#853 = CARTESIAN_POINT ( 'NONE',  ( 20.19640821446781942, 1.500000000000001998, 0.000000000000000000 ) ) ;
#854 = VERTEX_POINT ( 'NONE', #307 ) ;
#855 = EDGE_CURVE ( 'NONE', #4083, #2704, #3784, .T. ) ;
#856 = EDGE_CURVE ( 'NONE', #327, #945, #7466, .T. ) ;
#857 = TOROIDAL_SURFACE ( 'NONE', #1837, 2.449999999999999734, 0.2999999999999999889 ) ;
#858 = CARTESIAN_POINT ( 'NONE',  ( 15.69640821446782120, 1.025167968987813186E-15, 0.000000000000000000 ) ) ;
#859 = ADVANCED_FACE ( 'NONE', ( #6684 ), #3663, .T. ) ;
#860 = DIRECTION ( 'NONE',  ( 0.000000000000000000, -1.000000000000000000, 0.000000000000000000 ) ) ;
#861 = LINE ( 'NONE', #6583, #6614 ) ;
#862 = ORIENTED_EDGE ( 'NONE', *, *, #2567, .F. ) ;
#863 = ADVANCED_FACE ( 'NONE', ( #1952 ), #914, .T. ) ;
#864 = LINE ( 'NONE', #5439, #1031 ) ;
#865 = ORIENTED_EDGE ( 'NONE', *, *, #2764, .F. ) ;
#866 = DIRECTION ( 'NONE',  ( 0.000000000000000000, -1.000000000000000000, 0.000000000000000000 ) ) ;
#867 = DIRECTION ( 'NONE',  ( -1.000000000000000000, -1.224606353822377258E-16, -0.000000000000000000 ) ) ;
#868 = FACE_OUTER_BOUND ( 'NONE', #589, .T. ) ;
#869 = DIRECTION ( 'NONE',  ( -0.7071067811865431318, 0.000000000000000000, 0.7071067811865519026 ) ) ;
#870 = ORIENTED_EDGE ( 'NONE', *, *, #5692, .F. ) ;
#871 = CARTESIAN_POINT ( 'NONE',  ( 12.80359178553217525, -1.155557966632341512E-30, 1.500000000000001332 ) ) ;
#872 = ORIENTED_EDGE ( 'NONE', *, *, #6636, .F. ) ;
#873 = DIRECTION ( 'NONE',  ( 0.000000000000000000, 1.000000000000000000, 0.000000000000000000 ) ) ;
#874 = CARTESIAN_POINT ( 'NONE',  ( 16.69640821446782297, 1.500000000000001998, 0.000000000000000000 ) ) ;
#875 = AXIS2_PLACEMENT_3D ( 'NONE', #6654, #3686, #3646 ) ;
#876 = CARTESIAN_POINT ( 'NONE',  ( 13.80359178553217703, -1.499999999999999778, 0.000000000000000000 ) ) ;
#877 = VERTEX_POINT ( 'NONE', #3755 ) ;
#878 = EDGE_CURVE ( 'NONE', #6221, #5836, #4528, .T. ) ;
#879 = ORIENTED_EDGE ( 'NONE', *, *, #5368, .F. ) ;
#880 = CIRCLE ( 'NONE', #4804, 1.219500000000001139 ) ;
#881 = FACE_OUTER_BOUND ( 'NONE', #495, .T. ) ;
#882 = CARTESIAN_POINT ( 'NONE',  ( 12.49999999999999822, 1.001115694249792856E-15, 0.000000000000000000 ) ) ;
#883 = CIRCLE ( 'NONE', #1003, 1.500000000000001110 ) ;
#884 = CARTESIAN_POINT ( 'NONE',  ( 6.196408214467821196, -1.155557966632341512E-30, 1.500000000000001332 ) ) ;
#885 = ORIENTED_EDGE ( 'NONE', *, *, #2393, .T. ) ;
#886 = DIRECTION ( 'NONE',  ( 0.5735764363510437169, -0.8191520442889933529, 1.003171929053526719E-16 ) ) ;
#887 = ORIENTED_EDGE ( 'NONE', *, *, #2341, .F. ) ;
#888 = CIRCLE ( 'NONE', #7503, 1.500000000000001110 ) ;
#889 = LINE ( 'NONE', #3223, #3063 ) ;
#890 = EDGE_CURVE ( 'NONE', #4852, #3022, #3290, .T. ) ;
#891 = DIRECTION ( 'NONE',  ( -1.000000000000000000, -1.224606353822377258E-16, -0.000000000000000000 ) ) ;
#892 = ORIENTED_EDGE ( 'NONE', *, *, #6167, .F. ) ;
#893 = DIRECTION ( 'NONE',  ( 0.000000000000000000, -1.000000000000000000, 0.000000000000000000 ) ) ;
#894 = ORIENTED_EDGE ( 'NONE', *, *, #1773, .F. ) ;
#895 = ORIENTED_EDGE ( 'NONE', *, *, #4059, .F. ) ;
#896 = EDGE_CURVE ( 'NONE', #2266, #2221, #1488, .T. ) ;
#897 = CARTESIAN_POINT ( 'NONE',  ( 7.196408214467821196, 1.025167968987813186E-15, 0.000000000000000000 ) ) ;
#898 = VECTOR ( 'NONE', #2000, 1000.000000000000000 ) ;
#899 = CIRCLE ( 'NONE', #4581, 1.500000000000001110 ) ;
#900 = DIRECTION ( 'NONE',  ( 0.000000000000000000, -1.000000000000000000, 0.000000000000000000 ) ) ;
#901 = ADVANCED_FACE ( 'NONE', ( #6150 ), #3823, .T. ) ;
#902 = CARTESIAN_POINT ( 'NONE',  ( 21.80359178553217703, -1.155557966632341512E-30, 1.500000000000001332 ) ) ;
#903 = ADVANCED_FACE ( 'NONE', ( #1637 ), #2926, .T. ) ;
#904 = CYLINDRICAL_SURFACE ( 'NONE', #5270, 1.499999999999999556 ) ;
#905 = ORIENTED_EDGE ( 'NONE', *, *, #7055, .T. ) ;
#906 = CONICAL_SURFACE ( 'NONE', #6073, 1.219500000000001139, 0.9599310885968800333 ) ;
#907 = CIRCLE ( 'NONE', #5332, 1.500000000000001110 ) ;
#908 = DIRECTION ( 'NONE',  ( 1.000000000000000000, 1.224606353822377258E-16, 0.000000000000000000 ) ) ;
#909 = ORIENTED_EDGE ( 'NONE', *, *, #1595, .F. ) ;
#910 = DIRECTION ( 'NONE',  ( 0.000000000000000000, -1.000000000000000000, 0.000000000000000000 ) ) ;
#911 = LINE ( 'NONE', #3364, #4443 ) ;
#912 = AXIS2_PLACEMENT_3D ( 'NONE', #5083, #2195, #4395 ) ;
#913 = CIRCLE ( 'NONE', #6917, 1.500000000000001110 ) ;
#914 = CYLINDRICAL_SURFACE ( 'NONE', #243, 1.499999999999999556 ) ;
#915 = ORIENTED_EDGE ( 'NONE', *, *, #935, .T. ) ;
#916 = AXIS2_PLACEMENT_3D ( 'NONE', #5664, #6204, #932 ) ;
#917 = EDGE_LOOP ( 'NONE', ( #195, #362, #6415, #4141, #5900 ) ) ;
#918 = DIRECTION ( 'NONE',  ( 0.000000000000000000, -1.000000000000000000, 0.000000000000000000 ) ) ;
#919 = DIRECTION ( 'NONE',  ( -1.000000000000000000, -1.224606353822377258E-16, -0.000000000000000000 ) ) ;
#920 = DIRECTION ( 'NONE',  ( 0.000000000000000000, 0.000000000000000000, 1.000000000000000000 ) ) ;
#921 = ORIENTED_EDGE ( 'NONE', *, *, #5596, .F. ) ;
#922 = LINE ( 'NONE', #3255, #2831 ) ;
#923 = ORIENTED_EDGE ( 'NONE', *, *, #5267, .F. ) ;
#924 = EDGE_CURVE ( 'NONE', #1483, #6525, #3325, .T. ) ;
#925 = CARTESIAN_POINT ( 'NONE',  ( 12.19640821446782120, 1.025167968987813186E-15, 0.000000000000000000 ) ) ;
#926 = DIRECTION ( 'NONE',  ( -1.000000000000000000, -1.224606353822377258E-16, -0.000000000000000000 ) ) ;
#927 = ORIENTED_EDGE ( 'NONE', *, *, #2908, .F. ) ;
#928 = LINE ( 'NONE', #7453, #6066 ) ;
#929 = VERTEX_POINT ( 'NONE', #5208 ) ;
#930 = ORIENTED_EDGE ( 'NONE', *, *, #4189, .T. ) ;
#931 = EDGE_CURVE ( 'NONE', #4563, #3491, #2801, .T. ) ;
#932 = DIRECTION ( 'NONE',  ( 0.000000000000000000, -1.000000000000000000, 0.000000000000000000 ) ) ;
#933 = CARTESIAN_POINT ( 'NONE',  ( 17.19640821446782297, 1.025167968987813186E-15, 0.000000000000000000 ) ) ;
#934 = DIRECTION ( 'NONE',  ( 0.000000000000000000, -1.000000000000000000, 0.000000000000000000 ) ) ;
#935 = EDGE_CURVE ( 'NONE', #2566, #562, #3050, .T. ) ;
#936 = CARTESIAN_POINT ( 'NONE',  ( 19.19640821446782297, 1.025167968987813186E-15, 0.000000000000000000 ) ) ;
#937 = VERTEX_POINT ( 'NONE', #6932 ) ;
#938 = DIRECTION ( 'NONE',  ( 0.5735764363510434949, 0.8191520442889935749, 0.000000000000000000 ) ) ;
#939 = ORIENTED_EDGE ( 'NONE', *, *, #3787, .T. ) ;
#940 = EDGE_CURVE ( 'NONE', #6717, #6598, #3177, .T. ) ;
#941 = CARTESIAN_POINT ( 'NONE',  ( 20.69640821446782297, 1.025167968987813186E-15, 0.000000000000000000 ) ) ;
#942 = EDGE_CURVE ( 'NONE', #1948, #4044, #3900, .T. ) ;
#943 = DIRECTION ( 'NONE',  ( -1.000000000000000000, -1.224606353822377258E-16, -0.000000000000000000 ) ) ;
#944 = LINE ( 'NONE', #6865, #3414 ) ;
#945 = VERTEX_POINT ( 'NONE', #4627 ) ;
#946 = AXIS2_PLACEMENT_3D ( 'NONE', #6958, #5197, #1239 ) ;
#947 = AXIS2_PLACEMENT_3D ( 'NONE', #393, #3303, #2728 ) ;
#948 = ORIENTED_EDGE ( 'NONE', *, *, #3838, .T. ) ;
#949 = CARTESIAN_POINT ( 'NONE',  ( 20.69640821446782297, 1.025167968987813186E-15, 0.000000000000000000 ) ) ;
#950 = VECTOR ( 'NONE', #4460, 1000.000000000000000 ) ;
#951 = FACE_OUTER_BOUND ( 'NONE', #2981, .T. ) ;
#952 = CONICAL_SURFACE ( 'NONE', #601, 1.219500000000001139, 0.9599310885968800333 ) ;
#953 = ORIENTED_EDGE ( 'NONE', *, *, #103, .T. ) ;
#954 = AXIS2_PLACEMENT_3D ( 'NONE', #98, #1857, #2429 ) ;
#955 = FACE_OUTER_BOUND ( 'NONE', #4032, .T. ) ;
#956 = VERTEX_POINT ( 'NONE', #6972 ) ;
#957 = CIRCLE ( 'NONE', #1453, 1.500000000000001110 ) ;
#958 = DIRECTION ( 'NONE',  ( 0.000000000000000000, 0.000000000000000000, 1.000000000000000000 ) ) ;
#959 = ORIENTED_EDGE ( 'NONE', *, *, #1083, .F. ) ;
#960 = LINE ( 'NONE', #3950, #950 ) ;
#961 = VECTOR ( 'NONE', #1623, 1000.000000000000000 ) ;
#962 = CARTESIAN_POINT ( 'NONE',  ( 5.696408214467822084, 1.025167968987813186E-15, 0.000000000000000000 ) ) ;
#963 = CIRCLE ( 'NONE', #6137, 1.500000000000001110 ) ;
#964 = CARTESIAN_POINT ( 'NONE',  ( 19.30359178553217703, 9.770634195117721323E-16, 0.000000000000000000 ) ) ;
#965 = ORIENTED_EDGE ( 'NONE', *, *, #119, .T. ) ;
#966 = EDGE_CURVE ( 'NONE', #5146, #2193, #963, .T. ) ;
#967 = DIRECTION ( 'NONE',  ( -1.000000000000000000, -0.000000000000000000, -0.000000000000000000 ) ) ;
#968 = ORIENTED_EDGE ( 'NONE', *, *, #3242, .F. ) ;
#969 = CIRCLE ( 'NONE', #2290, 2.449999999999999734 ) ;
#970 = VERTEX_POINT ( 'NONE', #3936 ) ;
#971 = CARTESIAN_POINT ( 'NONE',  ( 17.69640821446782297, 1.836970198721020073E-16, -1.500000000000001332 ) ) ;
#972 = DIRECTION ( 'NONE',  ( 0.000000000000000000, -1.000000000000000000, 0.000000000000000000 ) ) ;
#973 = DIRECTION ( 'NONE',  ( -1.000000000000000000, -0.000000000000000000, -0.000000000000000000 ) ) ;
#974 = DIRECTION ( 'NONE',  ( 1.000000000000000000, 1.224606353822377258E-16, 0.000000000000000000 ) ) ;
#975 = ORIENTED_EDGE ( 'NONE', *, *, #7406, .F. ) ;
#976 = DIRECTION ( 'NONE',  ( 0.000000000000000000, 0.000000000000000000, 1.000000000000000000 ) ) ;
#977 = VERTEX_POINT ( 'NONE', #3975 ) ;
#978 = CARTESIAN_POINT ( 'NONE',  ( 21.69640821446782297, 1.500000000000001998, 0.000000000000000000 ) ) ;
#979 = CARTESIAN_POINT ( 'NONE',  ( 22.00000000000000000, 1.001115694249792856E-15, 0.000000000000000000 ) ) ;
#980 = DIRECTION ( 'NONE',  ( -1.000000000000000000, -0.000000000000000000, -0.000000000000000000 ) ) ;
#981 = EDGE_LOOP ( 'NONE', ( #2332, #6262, #3085, #1616, #6267 ) ) ;
#982 = EDGE_CURVE ( 'NONE', #3318, #3150, #6130, .T. ) ;
#983 = ADVANCED_FACE ( 'NONE', ( #6219 ), #2709, .T. ) ;
#984 = ORIENTED_EDGE ( 'NONE', *, *, #4705, .F. ) ;
#985 = CARTESIAN_POINT ( 'NONE',  ( 16.30359178553217347, -1.155557966632341512E-30, 1.500000000000001332 ) ) ;
#986 = AXIS2_PLACEMENT_3D ( 'NONE', #3448, #6595, #6381 ) ;
#987 = EDGE_CURVE ( 'NONE', #2616, #6032, #944, .T. ) ;
#988 = LINE ( 'NONE', #2252, #6196 ) ;
#989 = CARTESIAN_POINT ( 'NONE',  ( 8.000000000000000000, 1.001115694249792856E-15, 0.000000000000000000 ) ) ;
#990 = EDGE_CURVE ( 'NONE', #3014, #6858, #412, .T. ) ;
#991 = EDGE_CURVE ( 'NONE', #877, #6906, #4404, .T. ) ;
#992 = CIRCLE ( 'NONE', #21, 1.500000000000001110 ) ;
#993 = CARTESIAN_POINT ( 'NONE',  ( 5.696408214467822084, 1.836970198721020073E-16, -1.500000000000001332 ) ) ;
#994 = VERTEX_POINT ( 'NONE', #5094 ) ;
#995 = AXIS2_PLACEMENT_3D ( 'NONE', #1383, #4873, #7141 ) ;
#996 = FACE_OUTER_BOUND ( 'NONE', #1213, .T. ) ;
#997 = ORIENTED_EDGE ( 'NONE', *, *, #6530, .T. ) ;
#998 = LINE ( 'NONE', #2261, #5377 ) ;
#999 = DIRECTION ( 'NONE',  ( 1.000000000000000000, 1.224606353822377258E-16, 0.000000000000000000 ) ) ;
#1000 = CIRCLE ( 'NONE', #5299, 1.219500000000001139 ) ;
#1001 = DIRECTION ( 'NONE',  ( 0.000000000000000000, -1.000000000000000000, 0.000000000000000000 ) ) ;
#1002 = ORIENTED_EDGE ( 'NONE', *, *, #658, .F. ) ;
#1003 = AXIS2_PLACEMENT_3D ( 'NONE', #6714, #5488, #4941 ) ;
#1004 = CARTESIAN_POINT ( 'NONE',  ( -31.74999999999995737, 0.000000000000000000, 1.499999999999999556 ) ) ;
#1005 = ORIENTED_EDGE ( 'NONE', *, *, #5367, .T. ) ;
#1006 = CARTESIAN_POINT ( 'NONE',  ( 9.696408214467822972, 1.025167968987813186E-15, 0.000000000000000000 ) ) ;
#1007 = DIRECTION ( 'NONE',  ( -1.000000000000000000, -1.224606353822377258E-16, -0.000000000000000000 ) ) ;
#1008 = DIRECTION ( 'NONE',  ( 0.000000000000000000, -1.000000000000000000, 0.000000000000000000 ) ) ;
#1009 = VECTOR ( 'NONE', #3213, 1000.000000000000000 ) ;
#1010 = DIRECTION ( 'NONE',  ( 0.000000000000000000, 1.000000000000000000, 0.000000000000000000 ) ) ;
#1011 = CARTESIAN_POINT ( 'NONE',  ( -31.74999999999995737, 1.836970198721029441E-16, -1.499999999999999556 ) ) ;
#1012 = EDGE_LOOP ( 'NONE', ( #5209, #81, #5934, #7340, #3336, #2182 ) ) ;
#1013 = DIRECTION ( 'NONE',  ( -1.000000000000000000, -1.224606353822377258E-16, -0.000000000000000000 ) ) ;
#1014 = ORIENTED_EDGE ( 'NONE', *, *, #5844, .F. ) ;
#1015 = AXIS2_PLACEMENT_3D ( 'NONE', #118, #3066, #6034 ) ;
#1016 = FACE_OUTER_BOUND ( 'NONE', #6843, .T. ) ;
#1017 = CARTESIAN_POINT ( 'NONE',  ( 18.30359178553217347, 9.770634195117721323E-16, 0.000000000000000000 ) ) ;
#1018 = AXIS2_PLACEMENT_3D ( 'NONE', #54, #4612, #6951 ) ;
#1019 = CIRCLE ( 'NONE', #7514, 1.500000000000001110 ) ;
#1020 = CARTESIAN_POINT ( 'NONE',  ( 1.300000000000000044, -1.454922678357857047, 3.035766082959412415E-15 ) ) ;
#1021 = ORIENTED_EDGE ( 'NONE', *, *, #4033, .F. ) ;
#1022 = ORIENTED_EDGE ( 'NONE', *, *, #3746, .F. ) ;
#1023 = DIRECTION ( 'NONE',  ( 0.5735764363510434949, 0.8191520442889935749, 0.000000000000000000 ) ) ;
#1024 = VECTOR ( 'NONE', #4362, 1000.000000000000000 ) ;
#1025 = FACE_OUTER_BOUND ( 'NONE', #581, .T. ) ;
#1026 = ADVANCED_FACE ( 'NONE', ( #524 ), #7335, .T. ) ;
#1027 = AXIS2_PLACEMENT_3D ( 'NONE', #6928, #5744, #1091 ) ;
#1028 = FACE_OUTER_BOUND ( 'NONE', #3554, .T. ) ;
#1029 = EDGE_CURVE ( 'NONE', #128, #5527, #5632, .T. ) ;
#1030 = LINE ( 'NONE', #347, #4801 ) ;
#1031 = VECTOR ( 'NONE', #180, 1000.000000000000000 ) ;
#1032 = CARTESIAN_POINT ( 'NONE',  ( 20.30359178553217703, -1.499999999999994893, 0.000000000000000000 ) ) ;
#1033 = ORIENTED_EDGE ( 'NONE', *, *, #1063, .F. ) ;
#1034 = CARTESIAN_POINT ( 'NONE',  ( 12.49999999999999822, 1.001115694249792856E-15, 0.000000000000000000 ) ) ;
#1035 = EDGE_CURVE ( 'NONE', #3867, #4203, #1341, .T. ) ;
#1036 = EDGE_CURVE ( 'NONE', #5630, #4569, #4559, .T. ) ;
#1037 = AXIS2_PLACEMENT_3D ( 'NONE', #3371, #6296, #6375 ) ;
#1038 = CARTESIAN_POINT ( 'NONE',  ( 12.80359178553217525, -1.499999999999999778, 0.000000000000000000 ) ) ;
#1039 = CARTESIAN_POINT ( 'NONE',  ( -31.74999999999995737, 1.836970198721029441E-16, -1.499999999999999556 ) ) ;
#1040 = VERTEX_POINT ( 'NONE', #6896 ) ;
#1041 = DIRECTION ( 'NONE',  ( -0.000000000000000000, 0.000000000000000000, 1.000000000000000000 ) ) ;
#1042 = ORIENTED_EDGE ( 'NONE', *, *, #5467, .T. ) ;
#1043 = DIRECTION ( 'NONE',  ( -1.000000000000000000, -1.224606353822377258E-16, -0.000000000000000000 ) ) ;
#1044 = CARTESIAN_POINT ( 'NONE',  ( 0.000000000000000000, 0.7274613391789273020, -1.260000000000000675 ) ) ;
#1045 = DIRECTION ( 'NONE',  ( 0.000000000000000000, -1.000000000000000000, 0.000000000000000000 ) ) ;
#1046 = CARTESIAN_POINT ( 'NONE',  ( 20.99999999999999645, 1.219500000000002249, 1.493456771560198551E-16 ) ) ;
#1047 = CARTESIAN_POINT ( 'NONE',  ( 7.696408214467822084, 1.500000000000002220, 0.000000000000000000 ) ) ;
#1048 = ORIENTED_EDGE ( 'NONE', *, *, #569, .F. ) ;
#1049 = CARTESIAN_POINT ( 'NONE',  ( 15.00000000000000000, -1.219500000000000028, 0.000000000000000000 ) ) ;
#1050 = ORIENTED_EDGE ( 'NONE', *, *, #2967, .T. ) ;
#1051 = DIRECTION ( 'NONE',  ( -1.000000000000000000, -1.224606353822377258E-16, -0.000000000000000000 ) ) ;
#1052 = LINE ( 'NONE', #3971, #2350 ) ;
#1053 = CARTESIAN_POINT ( 'NONE',  ( 16.00000000000000000, 1.001115694249792856E-15, 0.000000000000000000 ) ) ;
#1054 = ORIENTED_EDGE ( 'NONE', *, *, #5646, .T. ) ;
#1055 = CONICAL_SURFACE ( 'NONE', #5365, 1.500000000000001110, 0.9599310885968842522 ) ;
#1056 = EDGE_CURVE ( 'NONE', #7003, #5212, #5755, .T. ) ;
#1057 = VERTEX_POINT ( 'NONE', #2477 ) ;
#1058 = DIRECTION ( 'NONE',  ( -1.000000000000000000, -1.224606353822377258E-16, -0.000000000000000000 ) ) ;
#1059 = DIRECTION ( 'NONE',  ( -1.000000000000000000, -1.224606353822377258E-16, -0.000000000000000000 ) ) ;
#1060 = VECTOR ( 'NONE', #94, 1000.000000000000000 ) ;
#1061 = CARTESIAN_POINT ( 'NONE',  ( 10.19640821446782297, 1.500000000000002220, 0.000000000000000000 ) ) ;
#1062 = ORIENTED_EDGE ( 'NONE', *, *, #3421, .T. ) ;
#1063 = EDGE_CURVE ( 'NONE', #4129, #4192, #2677, .T. ) ;
#1064 = DIRECTION ( 'NONE',  ( -1.000000000000000000, -1.224606353822377258E-16, -0.000000000000000000 ) ) ;
#1065 = VERTEX_POINT ( 'NONE', #111 ) ;
#1066 = VECTOR ( 'NONE', #7372, 1000.000000000000227 ) ;
#1067 = LINE ( 'NONE', #2837, #1198 ) ;
#1068 = CARTESIAN_POINT ( 'NONE',  ( 12.80359178553217525, 1.836970198721020813E-16, -1.500000000000001332 ) ) ;
#1069 = AXIS2_PLACEMENT_3D ( 'NONE', #6967, #1129, #1714 ) ;
#1070 = AXIS2_PLACEMENT_3D ( 'NONE', #4862, #794, #7165 ) ;
#1071 = AXIS2_PLACEMENT_3D ( 'NONE', #5851, #1729, #4068 ) ;
#1072 = AXIS2_PLACEMENT_3D ( 'NONE', #2329, #646, #7022 ) ;
#1073 = DIRECTION ( 'NONE',  ( -0.5735764363510472696, 0.8191520442889909104, 1.003171929053523884E-16 ) ) ;
#1074 = ORIENTED_EDGE ( 'NONE', *, *, #2592, .T. ) ;
#1075 = EDGE_CURVE ( 'NONE', #1961, #4563, #29, .T. ) ;
#1076 = EDGE_CURVE ( 'NONE', #431, #2376, #969, .T. ) ;
#1077 = CARTESIAN_POINT ( 'NONE',  ( 6.303591785532174363, -1.155557966632341512E-30, 1.500000000000001332 ) ) ;
#1078 = ORIENTED_EDGE ( 'NONE', *, *, #5983, .T. ) ;
#1079 = ORIENTED_EDGE ( 'NONE', *, *, #6992, .T. ) ;
#1080 = DIRECTION ( 'NONE',  ( -1.000000000000000000, -1.224606353822377258E-16, -0.000000000000000000 ) ) ;
#1081 = CIRCLE ( 'NONE', #2798, 1.500000000000001110 ) ;
#1082 = CONICAL_SURFACE ( 'NONE', #844, 1.500000000000001110, 0.9599310885968842522 ) ;
#1083 = EDGE_CURVE ( 'NONE', #6417, #970, #1090, .T. ) ;
#1084 = LINE ( 'NONE', #4582, #2311 ) ;
#1085 = DIRECTION ( 'NONE',  ( -0.5735764363510470476, -0.8191520442889912434, 0.000000000000000000 ) ) ;
#1086 = EDGE_CURVE ( 'NONE', #454, #5905, #126, .T. ) ;
#1087 = AXIS2_PLACEMENT_3D ( 'NONE', #962, #317, #2038 ) ;
#1088 = DIRECTION ( 'NONE',  ( 0.000000000000000000, 1.000000000000000000, 0.000000000000000000 ) ) ;
#1089 = ORIENTED_EDGE ( 'NONE', *, *, #940, .F. ) ;
#1090 = CIRCLE ( 'NONE', #1955, 1.500000000000001110 ) ;
#1091 = DIRECTION ( 'NONE',  ( 0.000000000000000000, -1.000000000000000000, 0.000000000000000000 ) ) ;
#1092 = ORIENTED_EDGE ( 'NONE', *, *, #4783, .F. ) ;
#1093 = CARTESIAN_POINT ( 'NONE',  ( 17.69640821446782297, -1.155557966632341512E-30, 1.500000000000001332 ) ) ;
#1094 = AXIS2_PLACEMENT_3D ( 'NONE', #5613, #4386, #6271 ) ;
#1095 = DIRECTION ( 'NONE',  ( 0.000000000000000000, -1.000000000000000000, 0.000000000000000000 ) ) ;
#1096 = CONICAL_SURFACE ( 'NONE', #2666, 1.219500000000001139, 0.9599310885968800333 ) ;
#1097 = DIRECTION ( 'NONE',  ( -1.000000000000000000, -0.000000000000000000, -0.000000000000000000 ) ) ;
#1098 = VERTEX_POINT ( 'NONE', #637 ) ;
#1099 = ORIENTED_EDGE ( 'NONE', *, *, #205, .F. ) ;
#1100 = AXIS2_PLACEMENT_3D ( 'NONE', #2263, #4031, #4651 ) ;
#1101 = FACE_OUTER_BOUND ( 'NONE', #1968, .T. ) ;
#1102 = CARTESIAN_POINT ( 'NONE',  ( 15.80359178553217347, 1.500000000000007327, 1.836970198721037576E-16 ) ) ;
#1103 = ORIENTED_EDGE ( 'NONE', *, *, #1884, .T. ) ;
#1104 = EDGE_CURVE ( 'NONE', #441, #142, #2911, .T. ) ;
#1105 = LINE ( 'NONE', #6336, #6849 ) ;
#1106 = ORIENTED_EDGE ( 'NONE', *, *, #2399, .T. ) ;
#1107 = DIRECTION ( 'NONE',  ( -1.000000000000000000, -0.000000000000000000, -0.000000000000000000 ) ) ;
#1108 = CARTESIAN_POINT ( 'NONE',  ( 6.499999999999999112, 1.001115694249792856E-15, 0.000000000000000000 ) ) ;
#1109 = EDGE_LOOP ( 'NONE', ( #1897, #1317, #4859, #133, #7436, #6472 ) ) ;
#1110 = DIRECTION ( 'NONE',  ( -1.000000000000000000, -0.000000000000000000, -0.000000000000000000 ) ) ;
#1111 = AXIS2_PLACEMENT_3D ( 'NONE', #1682, #3985, #2479 ) ;
#1112 = CIRCLE ( 'NONE', #2834, 1.500000000000001110 ) ;
#1113 = ORIENTED_EDGE ( 'NONE', *, *, #4600, .F. ) ;
#1114 = CARTESIAN_POINT ( 'NONE',  ( 17.00000000000000000, 1.001115694249792856E-15, 0.000000000000000000 ) ) ;
#1115 = ORIENTED_EDGE ( 'NONE', *, *, #2422, .F. ) ;
#1116 = FACE_OUTER_BOUND ( 'NONE', #7315, .T. ) ;
#1117 = ORIENTED_EDGE ( 'NONE', *, *, #3276, .F. ) ;
#1118 = VERTEX_POINT ( 'NONE', #718 ) ;
#1119 = CARTESIAN_POINT ( 'NONE',  ( 5.196408214467821196, -1.500000000000000222, 1.836970198721031413E-16 ) ) ;
#1120 = ADVANCED_FACE ( 'NONE', ( #7090 ), #4649, .F. ) ;
#1121 = CARTESIAN_POINT ( 'NONE',  ( -31.74999999999995737, 0.000000000000000000, 1.499999999999999556 ) ) ;
#1122 = CIRCLE ( 'NONE', #5432, 1.500000000000001110 ) ;
#1123 = DIRECTION ( 'NONE',  ( 0.000000000000000000, -1.000000000000000000, 0.000000000000000000 ) ) ;
#1124 = ORIENTED_EDGE ( 'NONE', *, *, #161, .F. ) ;
#1125 = ADVANCED_FACE ( 'NONE', ( #1250 ), #4208, .T. ) ;
#1126 = DIRECTION ( 'NONE',  ( 0.000000000000000000, -1.000000000000000000, 0.000000000000000000 ) ) ;
#1127 = ORIENTED_EDGE ( 'NONE', *, *, #4936, .T. ) ;
#1128 = DIRECTION ( 'NONE',  ( 1.000000000000000000, 0.000000000000000000, 0.000000000000000000 ) ) ;
#1129 = DIRECTION ( 'NONE',  ( -1.000000000000000000, -0.000000000000000000, -0.000000000000000000 ) ) ;
#1130 = EDGE_CURVE ( 'NONE', #2221, #1973, #5242, .T. ) ;
#1131 = EDGE_CURVE ( 'NONE', #4866, #7105, #6406, .T. ) ;
#1132 = DIRECTION ( 'NONE',  ( 0.000000000000000000, -1.000000000000000000, 0.000000000000000000 ) ) ;
#1133 = DIRECTION ( 'NONE',  ( 0.000000000000000000, 0.000000000000000000, 1.000000000000000000 ) ) ;
#1134 = ORIENTED_EDGE ( 'NONE', *, *, #3990, .T. ) ;
#1135 = AXIS2_PLACEMENT_3D ( 'NONE', #3520, #6935, #1220 ) ;
#1136 = ORIENTED_EDGE ( 'NONE', *, *, #2029, .T. ) ;
#1137 = ORIENTED_EDGE ( 'NONE', *, *, #6161, .F. ) ;
#1138 = CARTESIAN_POINT ( 'NONE',  ( -31.74999999999995737, 0.000000000000000000, 0.000000000000000000 ) ) ;
#1139 = CARTESIAN_POINT ( 'NONE',  ( 17.19640821446782297, -1.500000000000000222, 1.836970198721031413E-16 ) ) ;
#1140 = CONICAL_SURFACE ( 'NONE', #5447, 1.219500000000001139, 0.9599310885968800333 ) ;
#1141 = LINE ( 'NONE', #6907, #3897 ) ;
#1142 = ORIENTED_EDGE ( 'NONE', *, *, #3984, .F. ) ;
#1143 = CARTESIAN_POINT ( 'NONE',  ( 15.00000000000000000, 1.219500000000002249, 1.493456771560198551E-16 ) ) ;
#1144 = CIRCLE ( 'NONE', #7518, 1.219500000000001139 ) ;
#1145 = AXIS2_PLACEMENT_3D ( 'NONE', #2157, #3351, #2043 ) ;
#1146 = FACE_OUTER_BOUND ( 'NONE', #3461, .T. ) ;
#1147 = EDGE_LOOP ( 'NONE', ( #1423, #1718, #2836, #3569, #2972 ) ) ;
#1148 = ORIENTED_EDGE ( 'NONE', *, *, #2026, .T. ) ;
#1149 = DIRECTION ( 'NONE',  ( -1.000000000000000000, -0.000000000000000000, -0.000000000000000000 ) ) ;
#1150 = CIRCLE ( 'NONE', #5456, 1.499999999999999556 ) ;
#1151 = FACE_OUTER_BOUND ( 'NONE', #5423, .T. ) ;
#1152 = CARTESIAN_POINT ( 'NONE',  ( 22.69640821446782297, 1.025167968987813186E-15, 0.000000000000000000 ) ) ;
#1153 = VERTEX_POINT ( 'NONE', #2362 ) ;
#1154 = FACE_OUTER_BOUND ( 'NONE', #4055, .T. ) ;
#1155 = VERTEX_POINT ( 'NONE', #3596 ) ;
#1156 = ORIENTED_EDGE ( 'NONE', *, *, #3432, .F. ) ;
#1157 = ADVANCED_FACE ( 'NONE', ( #7013 ), #5895, .T. ) ;
#1158 = ORIENTED_EDGE ( 'NONE', *, *, #569, .T. ) ;
#1159 = AXIS2_PLACEMENT_3D ( 'NONE', #3980, #417, #1642 ) ;
#1160 = CARTESIAN_POINT ( 'NONE',  ( 9.803591785532175251, -1.499999999999999778, 0.000000000000000000 ) ) ;
#1161 = DIRECTION ( 'NONE',  ( -0.5735764363510472696, 0.8191520442889909104, 1.003171929053523884E-16 ) ) ;
#1162 = DIRECTION ( 'NONE',  ( -1.000000000000000000, -1.224606353822377258E-16, -0.000000000000000000 ) ) ;
#1163 = ORIENTED_EDGE ( 'NONE', *, *, #3892, .T. ) ;
#1164 = DIRECTION ( 'NONE',  ( 0.000000000000000000, 1.000000000000000000, -1.043274026900804680E-15 ) ) ;
#1165 = EDGE_LOOP ( 'NONE', ( #3307, #1283, #420, #3241, #6495 ) ) ;
#1166 = ADVANCED_FACE ( 'NONE', ( #4748 ), #1171, .T. ) ;
#1167 = DIRECTION ( 'NONE',  ( -0.5735764363510472696, 0.8191520442889909104, 1.003171929053523884E-16 ) ) ;
#1168 = LINE ( 'NONE', #635, #4633 ) ;
#1169 = EDGE_CURVE ( 'NONE', #5700, #5533, #5243, .T. ) ;
#1170 = LINE ( 'NONE', #596, #764 ) ;
#1171 = CYLINDRICAL_SURFACE ( 'NONE', #4265, 1.499999999999999556 ) ;
#1172 = ORIENTED_EDGE ( 'NONE', *, *, #769, .F. ) ;
#1173 = EDGE_LOOP ( 'NONE', ( #1542, #443, #577, #975, #3387 ) ) ;
#1174 = EDGE_CURVE ( 'NONE', #5181, #1961, #3020, .T. ) ;
#1175 = EDGE_CURVE ( 'NONE', #7529, #4241, #2683, .T. ) ;
#1176 = ORIENTED_EDGE ( 'NONE', *, *, #3381, .F. ) ;
#1177 = DIRECTION ( 'NONE',  ( 0.000000000000000000, -1.000000000000000000, 0.000000000000000000 ) ) ;
#1178 = DIRECTION ( 'NONE',  ( 0.000000000000000000, -1.000000000000000000, 0.000000000000000000 ) ) ;
#1179 = EDGE_CURVE ( 'NONE', #4905, #6213, #1219, .T. ) ;
#1180 = ADVANCED_FACE ( 'NONE', ( #5408 ), #952, .T. ) ;
#1181 = CARTESIAN_POINT ( 'NONE',  ( 10.30359178553217525, 9.770634195117721323E-16, 0.000000000000000000 ) ) ;
#1182 = VERTEX_POINT ( 'NONE', #6593 ) ;
#1183 = EDGE_CURVE ( 'NONE', #4971, #2921, #3275, .T. ) ;
#1184 = SURFACE_STYLE_USAGE ( .BOTH. , #5766 ) ;
#1185 = ORIENTED_EDGE ( 'NONE', *, *, #5532, .T. ) ;
#1186 = CARTESIAN_POINT ( 'NONE',  ( 21.19640821446782297, 1.025167968987813186E-15, 0.000000000000000000 ) ) ;
#1187 = ORIENTED_EDGE ( 'NONE', *, *, #5170, .F. ) ;
#1188 = CARTESIAN_POINT ( 'NONE',  ( 14.19640821446782297, 1.836970198721018101E-16, -1.500000000000001332 ) ) ;
#1189 = CIRCLE ( 'NONE', #7556, 1.500000000000001110 ) ;
#1190 = DIRECTION ( 'NONE',  ( -1.000000000000000000, -1.224606353822377258E-16, -0.000000000000000000 ) ) ;
#1191 = DIRECTION ( 'NONE',  ( 1.000000000000000000, 1.224606353822377258E-16, 0.000000000000000000 ) ) ;
#1192 = DIRECTION ( 'NONE',  ( -1.000000000000000000, -1.224606353822377258E-16, -0.000000000000000000 ) ) ;
#1193 = VERTEX_POINT ( 'NONE', #7276 ) ;
#1194 = AXIS2_PLACEMENT_3D ( 'NONE', #547, #2231, #6883 ) ;
#1195 = DIRECTION ( 'NONE',  ( -1.000000000000000000, -1.224606353822377258E-16, -0.000000000000000000 ) ) ;
#1196 = VERTEX_POINT ( 'NONE', #225 ) ;
#1197 = CARTESIAN_POINT ( 'NONE',  ( 7.500000000000000000, 1.219500000000002249, 0.000000000000000000 ) ) ;
#1198 = VECTOR ( 'NONE', #6875, 1000.000000000000000 ) ;
#1199 = CARTESIAN_POINT ( 'NONE',  ( -31.74999999999995737, 0.000000000000000000, 1.499999999999999556 ) ) ;
#1200 = CIRCLE ( 'NONE', #6003, 1.500000000000001110 ) ;
#1201 = ADVANCED_FACE ( 'NONE', ( #6709 ), #904, .T. ) ;
#1202 = CARTESIAN_POINT ( 'NONE',  ( 11.80359178553217703, 9.770634195117721323E-16, 0.000000000000000000 ) ) ;
#1203 = CARTESIAN_POINT ( 'NONE',  ( 15.30359178553217525, 1.500000000000002442, 1.836970198721031167E-16 ) ) ;
#1204 = ORIENTED_EDGE ( 'NONE', *, *, #6636, .T. ) ;
#1206 = DIRECTION ( 'NONE',  ( 0.000000000000000000, 1.000000000000000000, 0.000000000000000000 ) ) ;
#1205 = AXIS2_PLACEMENT_3D ( 'NONE', #7472, #943, #1485 ) ;
#1207 = ORIENTED_EDGE ( 'NONE', *, *, #1839, .F. ) ;
#1208 = CIRCLE ( 'NONE', #7334, 1.219500000000001139 ) ;
#1209 = FACE_OUTER_BOUND ( 'NONE', #1900, .T. ) ;
#1210 = DIRECTION ( 'NONE',  ( 0.000000000000000000, -1.000000000000000000, 0.000000000000000000 ) ) ;
#1211 = VECTOR ( 'NONE', #3848, 1000.000000000000000 ) ;
#1212 = DIRECTION ( 'NONE',  ( 0.000000000000000000, 1.000000000000000000, 0.000000000000000000 ) ) ;
#1213 = EDGE_LOOP ( 'NONE', ( #697, #5972, #6672, #7060, #2330 ) ) ;
#1214 = DIRECTION ( 'NONE',  ( -1.000000000000000000, -0.000000000000000000, -0.000000000000000000 ) ) ;
#1215 = VERTEX_POINT ( 'NONE', #2517 ) ;
#1216 = EDGE_LOOP ( 'NONE', ( #5123, #5826, #3764, #6784, #2316 ) ) ;
#1217 = ORIENTED_EDGE ( 'NONE', *, *, #3714, .F. ) ;
#1218 = CONICAL_SURFACE ( 'NONE', #6498, 1.219500000000001139, 0.9599310885968800333 ) ;
#1219 = CIRCLE ( 'NONE', #5396, 1.500000000000001110 ) ;
#1220 = DIRECTION ( 'NONE',  ( 0.000000000000000000, 0.000000000000000000, 1.000000000000000000 ) ) ;
#1221 = DIRECTION ( 'NONE',  ( -1.000000000000000000, -1.224606353822377258E-16, -0.000000000000000000 ) ) ;
#1222 = EDGE_CURVE ( 'NONE', #4880, #2732, #1586, .T. ) ;
#1223 = FACE_OUTER_BOUND ( 'NONE', #514, .T. ) ;
#1224 = EDGE_LOOP ( 'NONE', ( #5698, #1806, #31, #3099, #3696 ) ) ;
#1225 = ORIENTED_EDGE ( 'NONE', *, *, #4123, .F. ) ;
#1226 = DIRECTION ( 'NONE',  ( -1.000000000000000000, -1.224606353822377258E-16, -0.000000000000000000 ) ) ;
#1227 = EDGE_CURVE ( 'NONE', #5811, #5064, #1345, .T. ) ;
#1228 = ORIENTED_EDGE ( 'NONE', *, *, #3666, .T. ) ;
#1229 = DIRECTION ( 'NONE',  ( 0.000000000000000000, -1.000000000000000000, 0.000000000000000000 ) ) ;
#1230 = FACE_OUTER_BOUND ( 'NONE', #7139, .T. ) ;
#1231 = EDGE_CURVE ( 'NONE', #4002, #6690, #3169, .T. ) ;
#1232 = CARTESIAN_POINT ( 'NONE',  ( 0.3000000000000016542, 3.000384657911015370E-16, -2.449999999999999734 ) ) ;
#1233 = VERTEX_POINT ( 'NONE', #326 ) ;
#1234 = CARTESIAN_POINT ( 'NONE',  ( 16.50000000000000000, 1.001115694249792856E-15, 0.000000000000000000 ) ) ;
#1235 = ORIENTED_EDGE ( 'NONE', *, *, #3667, .F. ) ;
#1236 = CARTESIAN_POINT ( 'NONE',  ( 21.19640821446782297, -1.155557966632341512E-30, 1.500000000000001332 ) ) ;
#1237 = AXIS2_PLACEMENT_3D ( 'NONE', #7367, #4453, #6801 ) ;
#1238 = LINE ( 'NONE', #475, #5892 ) ;
#1239 = DIRECTION ( 'NONE',  ( 0.000000000000000000, -1.000000000000000000, 0.000000000000000000 ) ) ;
#1240 = CARTESIAN_POINT ( 'NONE',  ( 11.69640821446782297, 1.025167968987813186E-15, 0.000000000000000000 ) ) ;
#1241 = VERTEX_POINT ( 'NONE', #4293 ) ;
#1242 = AXIS2_PLACEMENT_3D ( 'NONE', #5219, #5259, #3493 ) ;
#1243 = DIRECTION ( 'NONE',  ( 0.000000000000000000, -1.000000000000000000, 0.000000000000000000 ) ) ;
#1244 = EDGE_LOOP ( 'NONE', ( #4964, #139, #5152, #3765, #6866 ) ) ;
#1245 = AXIS2_PLACEMENT_3D ( 'NONE', #5803, #4064, #6500 ) ;
#1246 = DIRECTION ( 'NONE',  ( -1.000000000000000000, -1.224606353822377258E-16, -0.000000000000000000 ) ) ;
#1247 = FACE_OUTER_BOUND ( 'NONE', #3832, .T. ) ;
#1248 = AXIS2_PLACEMENT_3D ( 'NONE', #5529, #1417, #2055 ) ;
#1249 = DIRECTION ( 'NONE',  ( -1.000000000000000000, -1.224606353822377258E-16, -0.000000000000000000 ) ) ;
#1250 = FACE_OUTER_BOUND ( 'NONE', #3793, .T. ) ;
#1251 = ORIENTED_EDGE ( 'NONE', *, *, #2159, .F. ) ;
#1252 = VERTEX_POINT ( 'NONE', #2656 ) ;
#1253 = AXIS2_PLACEMENT_3D ( 'NONE', #6902, #1562, #491 ) ;
#1254 = VERTEX_POINT ( 'NONE', #6747 ) ;
#1255 = DIRECTION ( 'NONE',  ( 0.000000000000000000, 0.000000000000000000, -1.000000000000000000 ) ) ;
#1256 = DIRECTION ( 'NONE',  ( -1.000000000000000000, -1.224606353822377258E-16, -0.000000000000000000 ) ) ;
#1257 = CIRCLE ( 'NONE', #2233, 1.500000000000001110 ) ;
#1258 = CARTESIAN_POINT ( 'NONE',  ( 6.196408214467821196, 1.025167968987813186E-15, 0.000000000000000000 ) ) ;
#1259 = ORIENTED_EDGE ( 'NONE', *, *, #3626, .T. ) ;
#1260 = CARTESIAN_POINT ( 'NONE',  ( 1.300000000000000044, 1.454922678357858157, -9.757819552369539906E-16 ) ) ;
#1261 = ORIENTED_EDGE ( 'NONE', *, *, #72, .F. ) ;
#1262 = EDGE_CURVE ( 'NONE', #5630, #2616, #3910, .T. ) ;
#1263 = CARTESIAN_POINT ( 'NONE',  ( 22.69640821446782297, 1.836970198721020073E-16, -1.500000000000001332 ) ) ;
#1264 = VECTOR ( 'NONE', #7097, 1000.000000000000000 ) ;
#1265 = CARTESIAN_POINT ( 'NONE',  ( 13.80359178553217703, 1.836970198721020813E-16, -1.500000000000001332 ) ) ;
#1266 = APPLICATION_PROTOCOL_DEFINITION ( 'draft international standard', 'automotive_design', 1998, #3726 ) ;
#1267 = ADVANCED_FACE ( 'NONE', ( #2048 ), #6978, .T. ) ;
#1268 = AXIS2_PLACEMENT_3D ( 'NONE', #10, #3582, #3002 ) ;
#1269 = AXIS2_PLACEMENT_3D ( 'NONE', #5563, #444, #2663 ) ;
#1270 = FACE_OUTER_BOUND ( 'NONE', #3639, .T. ) ;
#1271 = ORIENTED_EDGE ( 'NONE', *, *, #3517, .T. ) ;
#1272 = FACE_OUTER_BOUND ( 'NONE', #7129, .T. ) ;
#1273 = EDGE_LOOP ( 'NONE', ( #2716, #6584, #6000, #7543 ) ) ;
#1274 = ORIENTED_EDGE ( 'NONE', *, *, #1304, .T. ) ;
#1275 = EDGE_CURVE ( 'NONE', #1456, #1628, #5638, .T. ) ;
#1276 = DIRECTION ( 'NONE',  ( 0.000000000000000000, -1.000000000000000000, 0.000000000000000000 ) ) ;
#1277 = EDGE_CURVE ( 'NONE', #5395, #6022, #4245, .T. ) ;
#1278 = AXIS2_PLACEMENT_3D ( 'NONE', #5786, #4048, #6402 ) ;
#1279 = FACE_OUTER_BOUND ( 'NONE', #4233, .T. ) ;
#1280 = VECTOR ( 'NONE', #2272, 1000.000000000000114 ) ;
#1281 = CARTESIAN_POINT ( 'NONE',  ( 20.30359178553217703, 9.770634195117721323E-16, 0.000000000000000000 ) ) ;
#1282 = DIRECTION ( 'NONE',  ( 0.000000000000000000, 1.000000000000000000, 0.000000000000000000 ) ) ;
#1283 = ORIENTED_EDGE ( 'NONE', *, *, #560, .F. ) ;
#1284 = AXIS2_PLACEMENT_3D ( 'NONE', #7070, #1810, #6503 ) ;
#1285 = DIRECTION ( 'NONE',  ( 0.000000000000000000, 0.000000000000000000, 1.000000000000000000 ) ) ;
#1286 = ORIENTED_EDGE ( 'NONE', *, *, #7366, .T. ) ;
#1287 = DIRECTION ( 'NONE',  ( 0.000000000000000000, -1.000000000000000000, 0.000000000000000000 ) ) ;
#1288 = DIRECTION ( 'NONE',  ( 0.000000000000000000, -1.000000000000000000, 0.000000000000000000 ) ) ;
#1289 = CARTESIAN_POINT ( 'NONE',  ( 12.69640821446782120, 1.025167968987813186E-15, 0.000000000000000000 ) ) ;
#1290 = DIRECTION ( 'NONE',  ( 1.000000000000000000, 0.000000000000000000, 0.000000000000000000 ) ) ;
#1291 = ORIENTED_EDGE ( 'NONE', *, *, #6078, .F. ) ;
#1292 = ORIENTED_EDGE ( 'NONE', *, *, #4023, .T. ) ;
#1293 = ORIENTED_EDGE ( 'NONE', *, *, #2485, .T. ) ;
#1294 = ORIENTED_EDGE ( 'NONE', *, *, #1977, .F. ) ;
#1295 = CARTESIAN_POINT ( 'NONE',  ( 6.196408214467821196, 1.500000000000002220, 0.000000000000000000 ) ) ;
#1296 = CARTESIAN_POINT ( 'NONE',  ( -31.74999999999995737, 0.000000000000000000, 0.000000000000000000 ) ) ;
#1297 = CARTESIAN_POINT ( 'NONE',  ( 5.303591785532175251, 9.770634195117721323E-16, 0.000000000000000000 ) ) ;
#1298 = VERTEX_POINT ( 'NONE', #1443 ) ;
#1299 = EDGE_CURVE ( 'NONE', #3589, #1065, #3240, .T. ) ;
#1300 = CARTESIAN_POINT ( 'NONE',  ( 21.69640821446782297, 1.025167968987813186E-15, 0.000000000000000000 ) ) ;
#1301 = ORIENTED_EDGE ( 'NONE', *, *, #4131, .F. ) ;
#1302 = CARTESIAN_POINT ( 'NONE',  ( 1.300000000000000044, 0.000000000000000000, 0.000000000000000000 ) ) ;
#1303 = FACE_OUTER_BOUND ( 'NONE', #1676, .T. ) ;
#1304 = EDGE_CURVE ( 'NONE', #527, #3393, #3671, .T. ) ;
#1305 = CARTESIAN_POINT ( 'NONE',  ( 1.300000000000000044, 0.000000000000000000, 0.000000000000000000 ) ) ;
#1306 = ORIENTED_EDGE ( 'NONE', *, *, #4561, .F. ) ;
#1307 = DIRECTION ( 'NONE',  ( -1.000000000000000000, -1.224606353822377258E-16, -0.000000000000000000 ) ) ;
#1308 = ORIENTED_EDGE ( 'NONE', *, *, #4115, .F. ) ;
#1309 = VECTOR ( 'NONE', #6840, 1000.000000000000000 ) ;
#1310 = CARTESIAN_POINT ( 'NONE',  ( 11.00000000000000000, 1.001115694249792856E-15, 0.000000000000000000 ) ) ;
#1311 = EDGE_CURVE ( 'NONE', #7216, #4270, #7569, .T. ) ;
#1312 = VECTOR ( 'NONE', #2428, 1000.000000000000000 ) ;
#1313 = DIRECTION ( 'NONE',  ( -1.000000000000000000, -1.224606353822377258E-16, -0.000000000000000000 ) ) ;
#1314 = EDGE_CURVE ( 'NONE', #3022, #5700, #6742, .T. ) ;
#1315 = CIRCLE ( 'NONE', #947, 1.500000000000001110 ) ;
#1316 = DIRECTION ( 'NONE',  ( 0.5735764363510434949, 0.8191520442889935749, 0.000000000000000000 ) ) ;
#1317 = ORIENTED_EDGE ( 'NONE', *, *, #2726, .T. ) ;
#1318 = CARTESIAN_POINT ( 'NONE',  ( -31.74999999999995737, 0.000000000000000000, 0.000000000000000000 ) ) ;
#1319 = VERTEX_POINT ( 'NONE', #4328 ) ;
#1320 = ADVANCED_FACE ( 'NONE', ( #1407 ), #4777, .T. ) ;
#1321 = CONICAL_SURFACE ( 'NONE', #2910, 1.500000000000001110, 0.9599310885968842522 ) ;
#1322 = CARTESIAN_POINT ( 'NONE',  ( 13.50000000000000000, 1.001115694249792856E-15, 0.000000000000000000 ) ) ;
#1323 = VECTOR ( 'NONE', #6550, 1000.000000000000000 ) ;
#1324 = DIRECTION ( 'NONE',  ( 0.000000000000000000, -1.000000000000000000, 0.000000000000000000 ) ) ;
#1325 = EDGE_CURVE ( 'NONE', #7550, #7587, #2314, .T. ) ;
#1326 = DIRECTION ( 'NONE',  ( -1.000000000000000000, -0.000000000000000000, -0.000000000000000000 ) ) ;
#1327 = AXIS2_PLACEMENT_3D ( 'NONE', #5948, #7053, #2977 ) ;
#1328 = AXIS2_PLACEMENT_3D ( 'NONE', #4127, #5867, #6478 ) ;
#1329 = CIRCLE ( 'NONE', #1565, 1.219500000000001139 ) ;
#1330 = AXIS2_PLACEMENT_3D ( 'NONE', #4687, #6947, #3991 ) ;
#1331 = DIRECTION ( 'NONE',  ( -1.000000000000000000, -1.224606353822377258E-16, -0.000000000000000000 ) ) ;
#1332 = ORIENTED_EDGE ( 'NONE', *, *, #5493, .T. ) ;
#1333 = CIRCLE ( 'NONE', #6610, 1.500000000000001110 ) ;
#1334 = CARTESIAN_POINT ( 'NONE',  ( 15.00000000000000000, 1.219500000000002249, 0.000000000000000000 ) ) ;
#1335 = ORIENTED_EDGE ( 'NONE', *, *, #6350, .F. ) ;
#1336 = ORIENTED_EDGE ( 'NONE', *, *, #6103, .F. ) ;
#1337 = DIRECTION ( 'NONE',  ( 0.000000000000000000, 0.5000000000000011102, 0.8660254037844379305 ) ) ;
#1338 = CIRCLE ( 'NONE', #5751, 1.500000000000001110 ) ;
#1339 = CARTESIAN_POINT ( 'NONE',  ( 16.69640821446782297, -1.155557966632341512E-30, 1.500000000000001332 ) ) ;
#1340 = CONICAL_SURFACE ( 'NONE', #2676, 1.500000000000001110, 0.9599310885968842522 ) ;
#1341 = CIRCLE ( 'NONE', #2308, 1.500000000000001110 ) ;
#1342 = DIRECTION ( 'NONE',  ( -1.000000000000000000, -1.224606353822377258E-16, -0.000000000000000000 ) ) ;
#1343 = ORIENTED_EDGE ( 'NONE', *, *, #3237, .F. ) ;
#1344 = CIRCLE ( 'NONE', #4159, 1.500000000000001110 ) ;
#1345 = CIRCLE ( 'NONE', #3889, 1.500000000000001110 ) ;
#1346 = DIRECTION ( 'NONE',  ( 1.000000000000000000, 1.224606353822377258E-16, 0.000000000000000000 ) ) ;
#1347 = ORIENTED_EDGE ( 'NONE', *, *, #4177, .F. ) ;
#1348 = CARTESIAN_POINT ( 'NONE',  ( 6.196408214467821196, 1.025167968987813186E-15, 0.000000000000000000 ) ) ;
#1349 = DIRECTION ( 'NONE',  ( 0.000000000000000000, -1.000000000000000000, 0.000000000000000000 ) ) ;
#1350 = EDGE_CURVE ( 'NONE', #234, #2891, #3296, .T. ) ;
#1351 = AXIS2_PLACEMENT_3D ( 'NONE', #5866, #5205, #2397 ) ;
#1352 = DIRECTION ( 'NONE',  ( 0.000000000000000000, -1.000000000000000000, 0.000000000000000000 ) ) ;
#1353 = ORIENTED_EDGE ( 'NONE', *, *, #2466, .F. ) ;
#1354 = DIRECTION ( 'NONE',  ( 0.000000000000000000, 0.000000000000000000, 1.000000000000000000 ) ) ;
#1355 = VERTEX_POINT ( 'NONE', #6247 ) ;
#1356 = DIRECTION ( 'NONE',  ( 0.000000000000000000, -1.000000000000000000, 0.000000000000000000 ) ) ;
#1357 = CARTESIAN_POINT ( 'NONE',  ( 10.80359178553217525, 1.500000000000002442, 1.836970198721031167E-16 ) ) ;
#1358 = DIRECTION ( 'NONE',  ( 0.000000000000000000, -1.000000000000000000, 0.000000000000000000 ) ) ;
#1359 = ORIENTED_EDGE ( 'NONE', *, *, #1546, .T. ) ;
#1360 = CARTESIAN_POINT ( 'NONE',  ( 19.00000000000000000, 1.001115694249792856E-15, 0.000000000000000000 ) ) ;
#1361 = EDGE_LOOP ( 'NONE', ( #6635, #1136, #7490, #4611, #5234 ) ) ;
#1362 = VECTOR ( 'NONE', #132, 1000.000000000000000 ) ;
#1363 = ORIENTED_EDGE ( 'NONE', *, *, #2682, .T. ) ;
#1364 = EDGE_CURVE ( 'NONE', #142, #4799, #4437, .T. ) ;
#1365 = CARTESIAN_POINT ( 'NONE',  ( -31.74999999999995737, 0.000000000000000000, 0.000000000000000000 ) ) ;
#1366 = CARTESIAN_POINT ( 'NONE',  ( 0.3000000000000016542, 3.367778697655221012E-16, -2.750000000000000000 ) ) ;
#1367 = LINE ( 'NONE', #262, #345 ) ;
#1368 = CIRCLE ( 'NONE', #3691, 1.500000000000001110 ) ;
#1369 = ADVANCED_FACE ( 'NONE', ( #2235 ), #7578, .T. ) ;
#1370 = CARTESIAN_POINT ( 'NONE',  ( 15.19640821446782120, 1.025167968987813186E-15, 0.000000000000000000 ) ) ;
#1371 = EDGE_LOOP ( 'NONE', ( #4231, #3272, #3028, #2980, #1092, #2089 ) ) ;
#1372 = VECTOR ( 'NONE', #3450, 1000.000000000000000 ) ;
#1373 = DIRECTION ( 'NONE',  ( 0.000000000000000000, -1.000000000000000000, 0.000000000000000000 ) ) ;
#1374 = ORIENTED_EDGE ( 'NONE', *, *, #2070, .F. ) ;
#1375 = EDGE_CURVE ( 'NONE', #3583, #3205, #3552, .T. ) ;
#1376 = DIRECTION ( 'NONE',  ( 0.000000000000000000, 0.8660254037844380415, -0.5000000000000012212 ) ) ;
#1377 = ADVANCED_FACE ( 'NONE', ( #7464 ), #3433, .T. ) ;
#1378 = FACE_OUTER_BOUND ( 'NONE', #4122, .T. ) ;
#1379 = AXIS2_PLACEMENT_3D ( 'NONE', #4709, #2440, #5240 ) ;
#1380 = DIRECTION ( 'NONE',  ( 0.000000000000000000, -1.000000000000000000, 0.000000000000000000 ) ) ;
#1381 = ORIENTED_EDGE ( 'NONE', *, *, #5963, .F. ) ;
#1382 = VECTOR ( 'NONE', #3790, 1000.000000000000000 ) ;
#1383 = CARTESIAN_POINT ( 'NONE',  ( 3.000000000000000000, 0.000000000000000000, 0.000000000000000000 ) ) ;
#1384 = ORIENTED_EDGE ( 'NONE', *, *, #426, .F. ) ;
#1385 = CARTESIAN_POINT ( 'NONE',  ( -31.74999999999995737, 1.836970198721029441E-16, -1.499999999999999556 ) ) ;
#1386 = FACE_OUTER_BOUND ( 'NONE', #3526, .T. ) ;
#1387 = CONICAL_SURFACE ( 'NONE', #1870, 1.219500000000001139, 0.9599310885968800333 ) ;
#1388 = CARTESIAN_POINT ( 'NONE',  ( 19.69640821446782297, 1.500000000000001998, 0.000000000000000000 ) ) ;
#1389 = ORIENTED_EDGE ( 'NONE', *, *, #7323, .F. ) ;
#1390 = CONICAL_SURFACE ( 'NONE', #5566, 1.219500000000001139, 0.9599310885968800333 ) ;
#1391 = CARTESIAN_POINT ( 'NONE',  ( 18.00000000000000355, 1.001115694249792856E-15, 0.000000000000000000 ) ) ;
#1392 = EDGE_LOOP ( 'NONE', ( #1762, #3561, #7439, #4080, #2627 ) ) ;
#1393 = DIRECTION ( 'NONE',  ( -1.000000000000000000, -0.000000000000000000, -0.000000000000000000 ) ) ;
#1394 = CONICAL_SURFACE ( 'NONE', #5565, 1.500000000000001110, 0.9599310885968842522 ) ;
#1395 = AXIS2_PLACEMENT_3D ( 'NONE', #5713, #3891, #3970 ) ;
#1396 = DIRECTION ( 'NONE',  ( -1.000000000000000000, -1.224606353822377258E-16, -0.000000000000000000 ) ) ;
#1397 = DIRECTION ( 'NONE',  ( -1.000000000000000000, -0.000000000000000000, -0.000000000000000000 ) ) ;
#1398 = EDGE_LOOP ( 'NONE', ( #4391, #7586, #722, #6802, #2171 ) ) ;
#1399 = DIRECTION ( 'NONE',  ( -1.000000000000000000, -1.224606353822377258E-16, -0.000000000000000000 ) ) ;
#1400 = ORIENTED_EDGE ( 'NONE', *, *, #6847, .T. ) ;
#1401 = VECTOR ( 'NONE', #5984, 1000.000000000000000 ) ;
#1402 = DIRECTION ( 'NONE',  ( 0.000000000000000000, -1.000000000000000000, 0.000000000000000000 ) ) ;
#1403 = AXIS2_PLACEMENT_3D ( 'NONE', #1593, #6285, #3967 ) ;
#1404 = DIRECTION ( 'NONE',  ( 0.000000000000000000, -1.000000000000000000, 0.000000000000000000 ) ) ;
#1405 = DIRECTION ( 'NONE',  ( 0.000000000000000000, -1.000000000000000000, 0.000000000000000000 ) ) ;
#1406 = CONICAL_SURFACE ( 'NONE', #5200, 1.219500000000001139, 0.9599310885968800333 ) ;
#1407 = FACE_OUTER_BOUND ( 'NONE', #5192, .T. ) ;
#1408 = ORIENTED_EDGE ( 'NONE', *, *, #7239, .T. ) ;
#1409 = EDGE_CURVE ( 'NONE', #3874, #468, #6362, .T. ) ;
#1410 = AXIS2_PLACEMENT_3D ( 'NONE', #2009, #1436, #6021 ) ;
#1411 = CARTESIAN_POINT ( 'NONE',  ( 10.49999999999999822, 1.219500000000002249, 0.000000000000000000 ) ) ;
#1412 = ORIENTED_EDGE ( 'NONE', *, *, #4131, .T. ) ;
#1413 = EDGE_LOOP ( 'NONE', ( #3228, #5475, #67, #1251, #3827, #1301 ) ) ;
#1414 = DIRECTION ( 'NONE',  ( 0.000000000000000000, -1.000000000000000000, 0.000000000000000000 ) ) ;
#1415 = AXIS2_PLACEMENT_3D ( 'NONE', #5060, #4599, #4565 ) ;
#1416 = ADVANCED_FACE ( 'NONE', ( #1666 ), #2058, .T. ) ;
#1417 = DIRECTION ( 'NONE',  ( -1.000000000000000000, -0.000000000000000000, -0.000000000000000000 ) ) ;
#1418 = DIRECTION ( 'NONE',  ( 0.000000000000000000, 0.000000000000000000, 1.000000000000000000 ) ) ;
#1419 = VERTEX_POINT ( 'NONE', #5122 ) ;
#1420 = ADVANCED_FACE ( 'NONE', ( #3314 ), #4889, .T. ) ;
#1421 = ADVANCED_FACE ( 'NONE', ( #3884 ), #6480, .T. ) ;
#1422 = CARTESIAN_POINT ( 'NONE',  ( 16.80359178553217347, 9.770634195117721323E-16, 0.000000000000000000 ) ) ;
#1423 = ORIENTED_EDGE ( 'NONE', *, *, #7301, .T. ) ;
#1424 = DIRECTION ( 'NONE',  ( 0.000000000000000000, -1.000000000000000000, 0.000000000000000000 ) ) ;
#1425 = ADVANCED_FACE ( 'NONE', ( #5159 ), #3853, .T. ) ;
#1426 = CARTESIAN_POINT ( 'NONE',  ( 10.69640821446782120, 1.025167968987813186E-15, 0.000000000000000000 ) ) ;
#1427 = EDGE_CURVE ( 'NONE', #2557, #2772, #2918, .T. ) ;
#1428 = CARTESIAN_POINT ( 'NONE',  ( 15.50000000000000000, 1.001115694249792856E-15, 0.000000000000000000 ) ) ;
#1429 = EDGE_LOOP ( 'NONE', ( #1115, #3135, #567, #3955, #489 ) ) ;
#1430 = CARTESIAN_POINT ( 'NONE',  ( 18.69640821446782297, -1.500000000000000000, 1.836970198721031167E-16 ) ) ;
#1431 = ORIENTED_EDGE ( 'NONE', *, *, #7184, .F. ) ;
#1432 = DIRECTION ( 'NONE',  ( 1.000000000000000000, 1.224606353822377258E-16, 0.000000000000000000 ) ) ;
#1433 = DIRECTION ( 'NONE',  ( -1.000000000000000000, -0.000000000000000000, -0.000000000000000000 ) ) ;
#1434 = LINE ( 'NONE', #4316, #5628 ) ;
#1435 = VERTEX_POINT ( 'NONE', #6283 ) ;
#1436 = DIRECTION ( 'NONE',  ( -1.000000000000000000, -1.224606353822377258E-16, -0.000000000000000000 ) ) ;
#1437 = ORIENTED_EDGE ( 'NONE', *, *, #2679, .F. ) ;
#1438 = CARTESIAN_POINT ( 'NONE',  ( 5.196408214467821196, -1.500000000000000000, 1.836970198721031167E-16 ) ) ;
#1439 = CARTESIAN_POINT ( 'NONE',  ( 15.19640821446782120, 1.025167968987813186E-15, 0.000000000000000000 ) ) ;
#1440 = EDGE_CURVE ( 'NONE', #527, #5181, #4017, .T. ) ;
#1441 = CIRCLE ( 'NONE', #3768, 1.219500000000001139 ) ;
#1442 = LINE ( 'NONE', #2623, #6608 ) ;
#1443 = CARTESIAN_POINT ( 'NONE',  ( 17.69640821446782297, -1.500000000000000222, 1.836970198721031413E-16 ) ) ;
#1444 = ORIENTED_EDGE ( 'NONE', *, *, #6071, .F. ) ;
#1445 = LINE ( 'NONE', #3096, #3612 ) ;
#1446 = VERTEX_POINT ( 'NONE', #403 ) ;
#1447 = CONICAL_SURFACE ( 'NONE', #5995, 1.219500000000001139, 0.9599310885968800333 ) ;
#1448 = VECTOR ( 'NONE', #1085, 1000.000000000000000 ) ;
#1449 = PLANE ( 'NONE',  #2240 ) ;
#1450 = DIRECTION ( 'NONE',  ( -1.000000000000000000, -0.000000000000000000, -0.000000000000000000 ) ) ;
#1451 = VECTOR ( 'NONE', #6708, 1000.000000000000114 ) ;
#1452 = MECHANICAL_DESIGN_GEOMETRIC_PRESENTATION_REPRESENTATION (  '', ( #1459 ), #2555 ) ;
#1453 = AXIS2_PLACEMENT_3D ( 'NONE', #2946, #3069, #3680 ) ;
#1454 = DIRECTION ( 'NONE',  ( 0.5735764363510437169, -0.8191520442889933529, 1.003171929053526719E-16 ) ) ;
#1455 = ORIENTED_EDGE ( 'NONE', *, *, #700, .F. ) ;
#1456 = VERTEX_POINT ( 'NONE', #3271 ) ;
#1457 = AXIS2_PLACEMENT_3D ( 'NONE', #6557, #3779, #1288 ) ;
#1458 = CIRCLE ( 'NONE', #5752, 1.500000000000001110 ) ;
#1459 = STYLED_ITEM ( 'NONE', ( #734 ), #3876 ) ;
#1460 = CONICAL_SURFACE ( 'NONE', #7101, 1.500000000000001110, 0.9599310885968842522 ) ;
#1461 = DIRECTION ( 'NONE',  ( -1.000000000000000000, -1.224606353822377258E-16, -0.000000000000000000 ) ) ;
#1462 = FACE_OUTER_BOUND ( 'NONE', #4819, .T. ) ;
#1463 = EDGE_CURVE ( 'NONE', #6133, #7252, #5251, .T. ) ;
#1464 = CIRCLE ( 'NONE', #5758, 1.500000000000001110 ) ;
#1465 = ADVANCED_FACE ( 'NONE', ( #6889 ), #5126, .T. ) ;
#1466 = DIRECTION ( 'NONE',  ( 0.000000000000000000, -1.000000000000000000, 0.000000000000000000 ) ) ;
#1467 = ORIENTED_EDGE ( 'NONE', *, *, #4688, .T. ) ;
#1468 = CARTESIAN_POINT ( 'NONE',  ( 14.69640821446782120, -1.500000000000000000, 1.836970198721031167E-16 ) ) ;
#1469 = ORIENTED_EDGE ( 'NONE', *, *, #2398, .T. ) ;
#1470 = EDGE_CURVE ( 'NONE', #4341, #5811, #2088, .T. ) ;
#1471 = DIRECTION ( 'NONE',  ( 0.000000000000000000, 0.000000000000000000, 1.000000000000000000 ) ) ;
#1472 = CARTESIAN_POINT ( 'NONE',  ( 15.50000000000000000, 1.001115694249792856E-15, 0.000000000000000000 ) ) ;
#1473 = ORIENTED_EDGE ( 'NONE', *, *, #4285, .F. ) ;
#1474 = CYLINDRICAL_SURFACE ( 'NONE', #5084, 1.499999999999999556 ) ;
#1475 = ORIENTED_EDGE ( 'NONE', *, *, #5578, .F. ) ;
#1476 = ORIENTED_EDGE ( 'NONE', *, *, #5272, .F. ) ;
#1477 = CARTESIAN_POINT ( 'NONE',  ( 7.196408214467821196, -1.500000000000000222, 1.836970198721031413E-16 ) ) ;
#1478 = DIRECTION ( 'NONE',  ( 0.000000000000000000, -0.5000000000000013323, -0.8660254037844380415 ) ) ;
#1479 = CARTESIAN_POINT ( 'NONE',  ( 8.196408214467821196, -1.500000000000000000, 1.836970198721031167E-16 ) ) ;
#1480 = CARTESIAN_POINT ( 'NONE',  ( 19.50000000000000000, 1.001115694249792856E-15, 0.000000000000000000 ) ) ;
#1481 = ORIENTED_EDGE ( 'NONE', *, *, #187, .T. ) ;
#1482 = CARTESIAN_POINT ( 'NONE',  ( 18.19640821446782297, 1.025167968987813186E-15, 0.000000000000000000 ) ) ;
#1483 = VERTEX_POINT ( 'NONE', #6209 ) ;
#1484 = CARTESIAN_POINT ( 'NONE',  ( 11.00000000000000000, -1.219500000000000028, 1.665213485140615106E-16 ) ) ;
#1485 = DIRECTION ( 'NONE',  ( 0.000000000000000000, -1.000000000000000000, 0.000000000000000000 ) ) ;
#1486 = CIRCLE ( 'NONE', #3570, 1.500000000000001110 ) ;
#1487 = CIRCLE ( 'NONE', #7255, 1.500000000000001110 ) ;
#1488 = LINE ( 'NONE', #766, #1951 ) ;
#1489 = ORIENTED_EDGE ( 'NONE', *, *, #5858, .F. ) ;
#1490 = ORIENTED_EDGE ( 'NONE', *, *, #5115, .T. ) ;
#1491 = CONICAL_SURFACE ( 'NONE', #2917, 1.219500000000001139, 0.9599310885968800333 ) ;
#1492 = CARTESIAN_POINT ( 'NONE',  ( 10.80359178553217525, -1.155557966632341512E-30, 1.500000000000001332 ) ) ;
#1493 = DIRECTION ( 'NONE',  ( 0.5735764363510434949, 0.8191520442889935749, 0.000000000000000000 ) ) ;
#1494 = CONICAL_SURFACE ( 'NONE', #3587, 1.500000000000001110, 0.9599310885968842522 ) ;
#1495 = DIRECTION ( 'NONE',  ( -1.000000000000000000, -1.224606353822377258E-16, -0.000000000000000000 ) ) ;
#1496 = ORIENTED_EDGE ( 'NONE', *, *, #2069, .T. ) ;
#1497 = EDGE_CURVE ( 'NONE', #2536, #3874, #1200, .T. ) ;
#1498 = CARTESIAN_POINT ( 'NONE',  ( 12.00000000000000000, 1.001115694249792856E-15, 0.000000000000000000 ) ) ;
#1499 = EDGE_LOOP ( 'NONE', ( #6091, #1291, #1490, #3168, #5907 ) ) ;
#1500 = EDGE_CURVE ( 'NONE', #4733, #3812, #232, .T. ) ;
#1501 = DIRECTION ( 'NONE',  ( 0.000000000000000000, 0.000000000000000000, -1.000000000000000000 ) ) ;
#1502 = VECTOR ( 'NONE', #3486, 1000.000000000000000 ) ;
#1503 = CARTESIAN_POINT ( 'NONE',  ( 17.30359178553217347, -1.500000000000004885, 0.000000000000000000 ) ) ;
#1504 = ORIENTED_EDGE ( 'NONE', *, *, #519, .F. ) ;
#1505 = EDGE_CURVE ( 'NONE', #5861, #1153, #7120, .T. ) ;
#1506 = ADVANCED_FACE ( 'NONE', ( #2312 ), #4515, .T. ) ;
#1507 = DIRECTION ( 'NONE',  ( 0.000000000000000000, 1.000000000000000000, 0.000000000000000000 ) ) ;
#1508 = VERTEX_POINT ( 'NONE', #5231 ) ;
#1509 = ORIENTED_EDGE ( 'NONE', *, *, #4263, .F. ) ;
#1510 = CARTESIAN_POINT ( 'NONE',  ( 10.69640821446782120, 1.025167968987813186E-15, 0.000000000000000000 ) ) ;
#1511 = CIRCLE ( 'NONE', #5571, 2.449999999999999734 ) ;
#1512 = DIRECTION ( 'NONE',  ( -1.000000000000000000, -1.224606353822377258E-16, -0.000000000000000000 ) ) ;
#1513 = CARTESIAN_POINT ( 'NONE',  ( 5.500000000000000000, 1.001115694249792856E-15, 0.000000000000000000 ) ) ;
#1514 = ADVANCED_FACE ( 'NONE', ( #6512 ), #2794, .T. ) ;
#1515 = DIRECTION ( 'NONE',  ( -1.000000000000000000, -0.000000000000000000, -0.000000000000000000 ) ) ;
#1516 = ORIENTED_EDGE ( 'NONE', *, *, #4940, .T. ) ;
#1517 = AXIS2_PLACEMENT_3D ( 'NONE', #3733, #7297, #5470 ) ;
#1518 = CIRCLE ( 'NONE', #416, 1.500000000000001110 ) ;
#1519 = DIRECTION ( 'NONE',  ( -1.000000000000000000, -1.224606353822377258E-16, -0.000000000000000000 ) ) ;
#1520 = ORIENTED_EDGE ( 'NONE', *, *, #1500, .F. ) ;
#1521 = DIRECTION ( 'NONE',  ( -1.000000000000000000, -1.224606353822377258E-16, -0.000000000000000000 ) ) ;
#1522 = CARTESIAN_POINT ( 'NONE',  ( 22.30359178553217703, 9.770634195117721323E-16, 0.000000000000000000 ) ) ;
#1523 = AXIS2_PLACEMENT_3D ( 'NONE', #291, #6280, #2621 ) ;
#1524 = AXIS2_PLACEMENT_3D ( 'NONE', #2432, #3590, #1164 ) ;
#1525 = CARTESIAN_POINT ( 'NONE',  ( 14.30359178553217525, 9.770634195117721323E-16, 0.000000000000000000 ) ) ;
#1526 = ORIENTED_EDGE ( 'NONE', *, *, #4609, .F. ) ;
#1527 = VECTOR ( 'NONE', #6798, 1000.000000000000000 ) ;
#1528 = EDGE_LOOP ( 'NONE', ( #4752, #823, #1359, #598, #2179, #7386 ) ) ;
#1529 = CYLINDRICAL_SURFACE ( 'NONE', #7383, 1.499999999999999556 ) ;
#1530 = CARTESIAN_POINT ( 'NONE',  ( 22.30359178553217703, 1.499999999999997335, 1.836970198721025250E-16 ) ) ;
#1531 = ORIENTED_EDGE ( 'NONE', *, *, #896, .T. ) ;
#1532 = ADVANCED_FACE ( 'NONE', ( #4119 ), #3776, .T. ) ;
#1533 = FACE_OUTER_BOUND ( 'NONE', #7091, .T. ) ;
#1534 = ORIENTED_EDGE ( 'NONE', *, *, #3147, .F. ) ;
#1535 = CARTESIAN_POINT ( 'NONE',  ( 3.099999999999998757, 0.000000000000000000, 0.000000000000000000 ) ) ;
#1536 = ORIENTED_EDGE ( 'NONE', *, *, #6539, .F. ) ;
#1537 = DIRECTION ( 'NONE',  ( 0.000000000000000000, -1.000000000000000000, 0.000000000000000000 ) ) ;
#1538 = DIRECTION ( 'NONE',  ( 0.000000000000000000, 1.000000000000000000, 0.000000000000000000 ) ) ;
#1539 = CARTESIAN_POINT ( 'NONE',  ( 22.71950000000000358, 1.836970198721029441E-16, -1.499999999999999556 ) ) ;
#1540 = ORIENTED_EDGE ( 'NONE', *, *, #4823, .F. ) ;
#1541 = DIRECTION ( 'NONE',  ( -1.000000000000000000, -0.000000000000000000, -0.000000000000000000 ) ) ;
#1542 = ORIENTED_EDGE ( 'NONE', *, *, #2184, .T. ) ;
#1543 = ORIENTED_EDGE ( 'NONE', *, *, #6880, .F. ) ;
#1544 = DIRECTION ( 'NONE',  ( -1.000000000000000000, -1.224606353822377258E-16, -0.000000000000000000 ) ) ;
#1545 = FACE_OUTER_BOUND ( 'NONE', #7377, .T. ) ;
#1546 = EDGE_CURVE ( 'NONE', #6870, #6427, #4275, .T. ) ;
#1547 = ADVANCED_FACE ( 'NONE', ( #4662 ), #5499, .T. ) ;
#1548 = CARTESIAN_POINT ( 'NONE',  ( 7.500000000000000000, 1.219500000000002249, 1.493456771560198551E-16 ) ) ;
#1549 = DIRECTION ( 'NONE',  ( 0.000000000000000000, 0.000000000000000000, 1.000000000000000000 ) ) ;
#1550 = ORIENTED_EDGE ( 'NONE', *, *, #2998, .T. ) ;
#1551 = EDGE_CURVE ( 'NONE', #3504, #6995, #4079, .T. ) ;
#1552 = FACE_OUTER_BOUND ( 'NONE', #917, .T. ) ;
#1553 = ORIENTED_EDGE ( 'NONE', *, *, #2206, .T. ) ;
#1554 = EDGE_CURVE ( 'NONE', #1233, #3589, #1329, .T. ) ;
#1555 = DIRECTION ( 'NONE',  ( 0.000000000000000000, -1.000000000000000000, 0.000000000000000000 ) ) ;
#1556 = CARTESIAN_POINT ( 'NONE',  ( -31.74999999999995737, 0.000000000000000000, 0.000000000000000000 ) ) ;
#1557 = EDGE_CURVE ( 'NONE', #7252, #3440, #2426, .T. ) ;
#1558 = DIRECTION ( 'NONE',  ( 0.000000000000000000, -1.000000000000000000, 0.000000000000000000 ) ) ;
#1559 = ORIENTED_EDGE ( 'NONE', *, *, #2865, .T. ) ;
#1560 = CONICAL_SURFACE ( 'NONE', #5237, 1.219500000000001139, 0.9599310885968800333 ) ;
#1561 = VERTEX_POINT ( 'NONE', #6551 ) ;
#1562 = DIRECTION ( 'NONE',  ( -1.000000000000000000, -1.224606353822377258E-16, -0.000000000000000000 ) ) ;
#1563 = AXIS2_PLACEMENT_3D ( 'NONE', #4584, #2815, #5086 ) ;
#1564 = DIRECTION ( 'NONE',  ( 0.5735764363510434949, 0.8191520442889935749, 0.000000000000000000 ) ) ;
#1565 = AXIS2_PLACEMENT_3D ( 'NONE', #64, #551, #1123 ) ;
#1566 = AXIS2_PLACEMENT_3D ( 'NONE', #177, #1433, #6018 ) ;
#1567 = AXIS2_PLACEMENT_3D ( 'NONE', #2880, #1811, #4154 ) ;
#1568 = CARTESIAN_POINT ( 'NONE',  ( 0.000000000000000000, 0.7274613391789312988, 1.260000000000000897 ) ) ;
#1569 = VECTOR ( 'NONE', #4667, 1000.000000000000000 ) ;
#1570 = AXIS2_PLACEMENT_3D ( 'NONE', #4739, #1821, #2615 ) ;
#1571 = CARTESIAN_POINT ( 'NONE',  ( -31.74999999999995737, 0.000000000000000000, 0.000000000000000000 ) ) ;
#1572 = EDGE_LOOP ( 'NONE', ( #2074, #7168 ) ) ;
#1573 = AXIS2_PLACEMENT_3D ( 'NONE', #4568, #5062, #2215 ) ;
#1574 = LINE ( 'NONE', #4987, #6163 ) ;
#1575 = EDGE_LOOP ( 'NONE', ( #895, #6596, #4183, #2410, #4296 ) ) ;
#1576 = EDGE_CURVE ( 'NONE', #2502, #977, #6727, .T. ) ;
#1577 = DIRECTION ( 'NONE',  ( -1.000000000000000000, -0.000000000000000000, -0.000000000000000000 ) ) ;
#1578 = AXIS2_PLACEMENT_3D ( 'NONE', #5317, #4075, #1817 ) ;
#1579 = DIRECTION ( 'NONE',  ( 1.000000000000000000, 0.000000000000000000, 0.000000000000000000 ) ) ;
#1580 = CIRCLE ( 'NONE', #4284, 1.219500000000001139 ) ;
#1581 = CARTESIAN_POINT ( 'NONE',  ( 20.19640821446781942, 1.025167968987813186E-15, 0.000000000000000000 ) ) ;
#1582 = ORIENTED_EDGE ( 'NONE', *, *, #4594, .T. ) ;
#1584 = CARTESIAN_POINT ( 'NONE',  ( 4.999999999999999112, -1.219500000000000028, 0.000000000000000000 ) ) ;
#1583 = CIRCLE ( 'NONE', #7589, 1.219500000000001139 ) ;
#1585 = ORIENTED_EDGE ( 'NONE', *, *, #1262, .F. ) ;
#1586 = CIRCLE ( 'NONE', #6256, 1.219500000000001139 ) ;
#1587 = VERTEX_POINT ( 'NONE', #2351 ) ;
#1588 = CARTESIAN_POINT ( 'NONE',  ( 18.30359178553217347, 9.770634195117721323E-16, 0.000000000000000000 ) ) ;
#1589 = CARTESIAN_POINT ( 'NONE',  ( 20.19640821446781942, -1.500000000000000000, 1.836970198721031167E-16 ) ) ;
#1590 = DIRECTION ( 'NONE',  ( 0.000000000000000000, -1.000000000000000000, 0.000000000000000000 ) ) ;
#1591 = DIRECTION ( 'NONE',  ( -1.000000000000000000, -0.000000000000000000, -0.000000000000000000 ) ) ;
#1592 = ORIENTED_EDGE ( 'NONE', *, *, #4853, .F. ) ;
#1593 = CARTESIAN_POINT ( 'NONE',  ( 12.19640821446782120, 1.025167968987813186E-15, 0.000000000000000000 ) ) ;
#1594 = ORIENTED_EDGE ( 'NONE', *, *, #3575, .F. ) ;
#1595 = EDGE_CURVE ( 'NONE', #3912, #5301, #2668, .T. ) ;
#1596 = DIRECTION ( 'NONE',  ( 0.000000000000000000, -1.000000000000000000, 0.000000000000000000 ) ) ;
#1597 = DIRECTION ( 'NONE',  ( 0.000000000000000000, -1.000000000000000000, 0.000000000000000000 ) ) ;
#1598 = ADVANCED_FACE ( 'NONE', ( #3623 ), #122, .T. ) ;
#1599 = ORIENTED_EDGE ( 'NONE', *, *, #5586, .T. ) ;
#1600 = DIRECTION ( 'NONE',  ( -1.000000000000000000, -1.224606353822377258E-16, -0.000000000000000000 ) ) ;
#1601 = ORIENTED_EDGE ( 'NONE', *, *, #2498, .T. ) ;
#1602 = EDGE_CURVE ( 'NONE', #3244, #2536, #6128, .T. ) ;
#1603 = ADVANCED_FACE ( 'NONE', ( #6397 ), #3466, .T. ) ;
#1604 = ORIENTED_EDGE ( 'NONE', *, *, #3432, .T. ) ;
#1605 = DIRECTION ( 'NONE',  ( 0.000000000000000000, -1.000000000000000000, 0.000000000000000000 ) ) ;
#1606 = CARTESIAN_POINT ( 'NONE',  ( -31.74999999999995737, 0.000000000000000000, 1.499999999999999556 ) ) ;
#1607 = LINE ( 'NONE', #532, #3778 ) ;
#1608 = CIRCLE ( 'NONE', #753, 1.500000000000001110 ) ;
#1609 = FACE_OUTER_BOUND ( 'NONE', #5256, .T. ) ;
#1610 = CIRCLE ( 'NONE', #6157, 1.499999999999999556 ) ;
#1611 = LINE ( 'NONE', #3376, #3322 ) ;
#1612 = EDGE_LOOP ( 'NONE', ( #5372, #6639, #1274, #3918 ) ) ;
#1613 = CARTESIAN_POINT ( 'NONE',  ( -31.74999999999995737, 0.000000000000000000, 0.000000000000000000 ) ) ;
#1614 = CARTESIAN_POINT ( 'NONE',  ( 8.803591785532175251, 1.836970198721020813E-16, -1.500000000000001332 ) ) ;
#1615 = LINE ( 'NONE', #3346, #1928 ) ;
#1616 = ORIENTED_EDGE ( 'NONE', *, *, #5239, .T. ) ;
#1617 = AXIS2_PLACEMENT_3D ( 'NONE', #6148, #802, #7313 ) ;
#1618 = CARTESIAN_POINT ( 'NONE',  ( 7.500000000000000000, 1.001115694249792856E-15, 0.000000000000000000 ) ) ;
#1619 = ORIENTED_EDGE ( 'NONE', *, *, #3762, .T. ) ;
#1620 = VERTEX_POINT ( 'NONE', #19 ) ;
#1621 = CARTESIAN_POINT ( 'NONE',  ( 7.803591785532175251, 1.836970198721020813E-16, -1.500000000000001332 ) ) ;
#1622 = LINE ( 'NONE', #5265, #6435 ) ;
#1623 = DIRECTION ( 'NONE',  ( -1.000000000000000000, -0.000000000000000000, -0.000000000000000000 ) ) ;
#1624 = AXIS2_PLACEMENT_3D ( 'NONE', #613, #2955, #3031 ) ;
#1625 = EDGE_CURVE ( 'NONE', #1669, #2084, #4163, .T. ) ;
#1626 = LINE ( 'NONE', #1548, #462 ) ;
#1627 = DIRECTION ( 'NONE',  ( 0.000000000000000000, -1.000000000000000000, 0.000000000000000000 ) ) ;
#1628 = VERTEX_POINT ( 'NONE', #1203 ) ;
#1629 = DIRECTION ( 'NONE',  ( 0.000000000000000000, -1.000000000000000000, 0.000000000000000000 ) ) ;
#1630 = ORIENTED_EDGE ( 'NONE', *, *, #1505, .F. ) ;
#1631 = CONICAL_SURFACE ( 'NONE', #7508, 1.219500000000001139, 0.9599310885968800333 ) ;
#1632 = DIRECTION ( 'NONE',  ( 0.000000000000000000, -1.000000000000000000, 0.000000000000000000 ) ) ;
#1633 = CARTESIAN_POINT ( 'NONE',  ( 19.80359178553217703, 9.770634195117721323E-16, 0.000000000000000000 ) ) ;
#1634 = ADVANCED_FACE ( 'NONE', ( #3550 ), #7080, .T. ) ;
#1635 = CONICAL_SURFACE ( 'NONE', #3960, 1.219500000000001139, 0.9599310885968800333 ) ;
#1636 = CIRCLE ( 'NONE', #6423, 1.500000000000001110 ) ;
#1637 = FACE_OUTER_BOUND ( 'NONE', #5333, .T. ) ;
#1638 = ORIENTED_EDGE ( 'NONE', *, *, #1801, .F. ) ;
#1639 = ORIENTED_EDGE ( 'NONE', *, *, #4033, .T. ) ;
#1640 = CARTESIAN_POINT ( 'NONE',  ( -31.74999999999995737, 0.000000000000000000, 1.499999999999999556 ) ) ;
#1641 = AXIS2_PLACEMENT_3D ( 'NONE', #1322, #4860, #3700 ) ;
#1642 = DIRECTION ( 'NONE',  ( 0.000000000000000000, 0.000000000000000000, 1.000000000000000000 ) ) ;
#1643 = CIRCLE ( 'NONE', #2507, 1.500000000000001110 ) ;
#1644 = EDGE_CURVE ( 'NONE', #2772, #7564, #6735, .T. ) ;
#1645 = ADVANCED_FACE ( 'NONE', ( #6701 ), #1340, .T. ) ;
#1646 = DIRECTION ( 'NONE',  ( -1.000000000000000000, -0.000000000000000000, -0.000000000000000000 ) ) ;
#1647 = ORIENTED_EDGE ( 'NONE', *, *, #1843, .T. ) ;
#1648 = AXIS2_PLACEMENT_3D ( 'NONE', #5306, #5967, #5 ) ;
#1649 = DIRECTION ( 'NONE',  ( 0.000000000000000000, -1.000000000000000000, 0.000000000000000000 ) ) ;
#1650 = CIRCLE ( 'NONE', #674, 1.500000000000001110 ) ;
#1651 = CARTESIAN_POINT ( 'NONE',  ( 10.69640821446782120, -1.500000000000000000, 1.836970198721031167E-16 ) ) ;
#1652 = EDGE_CURVE ( 'NONE', #6152, #1446, #1434, .T. ) ;
#1653 = ORIENTED_EDGE ( 'NONE', *, *, #2715, .T. ) ;
#1654 = DIRECTION ( 'NONE',  ( -0.5735764363510472696, 0.8191520442889909104, 1.003171929053523884E-16 ) ) ;
#1655 = ADVANCED_FACE ( 'NONE', ( #178 ), #5543, .T. ) ;
#1656 = VECTOR ( 'NONE', #2840, 1000.000000000000000 ) ;
#1657 = CIRCLE ( 'NONE', #3741, 1.219500000000001139 ) ;
#1658 = DIRECTION ( 'NONE',  ( -1.000000000000000000, -0.000000000000000000, -0.000000000000000000 ) ) ;
#1659 = ORIENTED_EDGE ( 'NONE', *, *, #783, .T. ) ;
#1660 = DIRECTION ( 'NONE',  ( -1.000000000000000000, -1.224606353822377258E-16, -0.000000000000000000 ) ) ;
#1661 = EDGE_LOOP ( 'NONE', ( #1207, #7133, #3324, #915, #7143 ) ) ;
#1662 = VERTEX_POINT ( 'NONE', #2468 ) ;
#1663 = CARTESIAN_POINT ( 'NONE',  ( 21.19640821446782297, 1.836970198721020073E-16, -1.500000000000001332 ) ) ;
#1664 = FACE_OUTER_BOUND ( 'NONE', #5113, .T. ) ;
#1665 = CARTESIAN_POINT ( 'NONE',  ( 14.69640821446782120, 1.836970198721020073E-16, -1.500000000000001332 ) ) ;
#1666 = FACE_OUTER_BOUND ( 'NONE', #5856, .T. ) ;
#1667 = ORIENTED_EDGE ( 'NONE', *, *, #1427, .T. ) ;
#1668 = CYLINDRICAL_SURFACE ( 'NONE', #3732, 1.499999999999999556 ) ;
#1669 = VERTEX_POINT ( 'NONE', #3158 ) ;
#1670 = EDGE_CURVE ( 'NONE', #2313, #3647, #4151, .T. ) ;
#1671 = CARTESIAN_POINT ( 'NONE',  ( 18.19640821446782297, 1.025167968987813186E-15, 0.000000000000000000 ) ) ;
#1672 = LINE ( 'NONE', #4125, #6358 ) ;
#1673 = DIRECTION ( 'NONE',  ( 0.000000000000000000, 0.000000000000000000, 1.000000000000000000 ) ) ;
#1674 = ORIENTED_EDGE ( 'NONE', *, *, #1075, .T. ) ;
#1675 = ORIENTED_EDGE ( 'NONE', *, *, #1644, .F. ) ;
#1676 = EDGE_LOOP ( 'NONE', ( #2289, #6625, #7595, #660, #6238 ) ) ;
#1677 = DIRECTION ( 'NONE',  ( -1.000000000000000000, -1.224606353822377258E-16, -0.000000000000000000 ) ) ;
#1678 = CYLINDRICAL_SURFACE ( 'NONE', #1159, 1.499999999999999556 ) ;
#1679 = CIRCLE ( 'NONE', #3156, 1.500000000000001110 ) ;
#1680 = LINE ( 'NONE', #1061, #2558 ) ;
#1681 = VERTEX_POINT ( 'NONE', #4388 ) ;
#1682 = CARTESIAN_POINT ( 'NONE',  ( 6.803591785532175251, 9.770634195117721323E-16, 0.000000000000000000 ) ) ;
#1683 = DIRECTION ( 'NONE',  ( -1.000000000000000000, -1.224606353822377258E-16, -0.000000000000000000 ) ) ;
#1684 = ORIENTED_EDGE ( 'NONE', *, *, #3279, .F. ) ;
#1685 = CIRCLE ( 'NONE', #1816, 1.500000000000001110 ) ;
#1686 = EDGE_CURVE ( 'NONE', #3583, #5644, #3771, .T. ) ;
#1687 = AXIS2_PLACEMENT_3D ( 'NONE', #1202, #3548, #5903 ) ;
#1688 = CYLINDRICAL_SURFACE ( 'NONE', #582, 2.750000000000000000 ) ;
#1689 = CARTESIAN_POINT ( 'NONE',  ( -31.74999999999995737, 0.000000000000000000, 0.000000000000000000 ) ) ;
#1690 = EDGE_CURVE ( 'NONE', #2704, #5556, #861, .T. ) ;
#1691 = AXIS2_PLACEMENT_3D ( 'NONE', #5443, #4363, #6139 ) ;
#1692 = VECTOR ( 'NONE', #7274, 1000.000000000000227 ) ;
#1693 = AXIS2_PLACEMENT_3D ( 'NONE', #2930, #1708, #6959 ) ;
#1694 =( GEOMETRIC_REPRESENTATION_CONTEXT ( 3 ) GLOBAL_UNCERTAINTY_ASSIGNED_CONTEXT ( ( #6640 ) ) GLOBAL_UNIT_ASSIGNED_CONTEXT ( ( #5150, #5807, #6344 ) ) REPRESENTATION_CONTEXT ( 'NONE', 'WORKASPACE' ) );
#1695 = VECTOR ( 'NONE', #199, 1000.000000000000000 ) ;
#1696 = CARTESIAN_POINT ( 'NONE',  ( 19.00000000000000000, 1.001115694249792856E-15, 0.000000000000000000 ) ) ;
#1697 = VERTEX_POINT ( 'NONE', #253 ) ;
#1698 = DIRECTION ( 'NONE',  ( -1.000000000000000000, -0.000000000000000000, -0.000000000000000000 ) ) ;
#1699 = ORIENTED_EDGE ( 'NONE', *, *, #4922, .F. ) ;
#1700 = EDGE_CURVE ( 'NONE', #800, #4576, #4279, .T. ) ;
#1701 = LINE ( 'NONE', #3996, #2414 ) ;
#1702 = EDGE_CURVE ( 'NONE', #234, #5064, #4960, .T. ) ;
#1703 = AXIS2_PLACEMENT_3D ( 'NONE', #6025, #1863, #4206 ) ;
#1704 = AXIS2_PLACEMENT_3D ( 'NONE', #3507, #5860, #5280 ) ;
#1705 = DIRECTION ( 'NONE',  ( -1.000000000000000000, -0.000000000000000000, -0.000000000000000000 ) ) ;
#1706 = DIRECTION ( 'NONE',  ( 0.000000000000000000, -1.000000000000000000, 0.000000000000000000 ) ) ;
#1707 = CONICAL_SURFACE ( 'NONE', #2929, 1.219500000000001139, 0.9599310885968800333 ) ;
#1708 = DIRECTION ( 'NONE',  ( -1.000000000000000000, -1.224606353822377258E-16, -0.000000000000000000 ) ) ;
#1709 = VERTEX_POINT ( 'NONE', #7299 ) ;
#1710 = VECTOR ( 'NONE', #679, 1000.000000000000000 ) ;
#1711 = LINE ( 'NONE', #6962, #2745 ) ;
#1712 = ORIENTED_EDGE ( 'NONE', *, *, #140, .T. ) ;
#1713 = CARTESIAN_POINT ( 'NONE',  ( 18.69640821446782297, 1.500000000000001998, 0.000000000000000000 ) ) ;
#1714 = DIRECTION ( 'NONE',  ( 0.000000000000000000, 0.000000000000000000, 1.000000000000000000 ) ) ;
#1715 = DIRECTION ( 'NONE',  ( -0.5735764363510470476, -0.8191520442889912434, 0.000000000000000000 ) ) ;
#1716 = CARTESIAN_POINT ( 'NONE',  ( 10.19640821446782297, 1.025167968987813186E-15, 0.000000000000000000 ) ) ;
#1717 = ORIENTED_EDGE ( 'NONE', *, *, #2620, .F. ) ;
#1718 = ORIENTED_EDGE ( 'NONE', *, *, #4461, .T. ) ;
#1719 = ORIENTED_EDGE ( 'NONE', *, *, #1874, .T. ) ;
#1720 = FACE_OUTER_BOUND ( 'NONE', #4112, .T. ) ;
#1721 = CYLINDRICAL_SURFACE ( 'NONE', #4103, 1.499999999999999556 ) ;
#1722 = DIRECTION ( 'NONE',  ( 0.000000000000000000, 0.000000000000000000, 1.000000000000000000 ) ) ;
#1723 = ORIENTED_EDGE ( 'NONE', *, *, #5102, .F. ) ;
#1724 = CARTESIAN_POINT ( 'NONE',  ( 10.19640821446782297, 1.500000000000001998, 0.000000000000000000 ) ) ;
#1725 = CONICAL_SURFACE ( 'NONE', #379, 1.219500000000001139, 0.9599310885968800333 ) ;
#1726 = DIRECTION ( 'NONE',  ( 0.000000000000000000, -1.000000000000000000, 0.000000000000000000 ) ) ;
#1727 = ORIENTED_EDGE ( 'NONE', *, *, #4188, .F. ) ;
#1728 = DIRECTION ( 'NONE',  ( -1.000000000000000000, -1.224606353822377258E-16, -0.000000000000000000 ) ) ;
#1729 = DIRECTION ( 'NONE',  ( -1.000000000000000000, -1.224606353822377258E-16, -0.000000000000000000 ) ) ;
#1730 = VECTOR ( 'NONE', #2020, 1000.000000000000000 ) ;
#1731 = AXIS2_PLACEMENT_3D ( 'NONE', #2992, #5767, #6986 ) ;
#1732 = ADVANCED_FACE ( 'NONE', ( #6624 ), #3044, .T. ) ;
#1733 = CARTESIAN_POINT ( 'NONE',  ( 8.000000000000000000, 1.219500000000002249, 0.000000000000000000 ) ) ;
#1734 = ORIENTED_EDGE ( 'NONE', *, *, #6352, .F. ) ;
#1735 = CARTESIAN_POINT ( 'NONE',  ( 10.69640821446782120, 1.836970198721018101E-16, -1.500000000000001332 ) ) ;
#1736 = ORIENTED_EDGE ( 'NONE', *, *, #2045, .T. ) ;
#1737 = DIRECTION ( 'NONE',  ( -1.000000000000000000, -1.224606353822377258E-16, -0.000000000000000000 ) ) ;
#1738 = EDGE_CURVE ( 'NONE', #4341, #5438, #5879, .T. ) ;
#1739 = CIRCLE ( 'NONE', #4807, 1.500000000000001110 ) ;
#1740 = DIRECTION ( 'NONE',  ( 0.000000000000000000, -1.000000000000000000, 0.000000000000000000 ) ) ;
#1741 = ADVANCED_FACE ( 'NONE', ( #7158 ), #1082, .T. ) ;
#1742 = DIRECTION ( 'NONE',  ( -1.000000000000000000, -0.000000000000000000, -0.000000000000000000 ) ) ;
#1743 = EDGE_CURVE ( 'NONE', #1879, #7153, #785, .T. ) ;
#1744 = CIRCLE ( 'NONE', #2475, 1.500000000000001110 ) ;
#1745 = DIRECTION ( 'NONE',  ( -1.000000000000000000, -1.224606353822377258E-16, -0.000000000000000000 ) ) ;
#1746 = VERTEX_POINT ( 'NONE', #5400 ) ;
#1747 = DIRECTION ( 'NONE',  ( -1.000000000000000000, -1.224606353822377258E-16, -0.000000000000000000 ) ) ;
#1748 = EDGE_LOOP ( 'NONE', ( #2941, #4026, #7065, #6192, #1871 ) ) ;
#1749 = DIRECTION ( 'NONE',  ( 0.000000000000000000, -1.000000000000000000, 0.000000000000000000 ) ) ;
#1750 = CONICAL_SURFACE ( 'NONE', #4199, 1.219500000000001139, 0.9599310885968800333 ) ;
#1751 = DIRECTION ( 'NONE',  ( -1.000000000000000000, -1.224606353822377258E-16, -0.000000000000000000 ) ) ;
#1752 = FACE_OUTER_BOUND ( 'NONE', #1361, .T. ) ;
#1753 = DIRECTION ( 'NONE',  ( 0.000000000000000000, 1.000000000000000000, 0.000000000000000000 ) ) ;
#1754 = ORIENTED_EDGE ( 'NONE', *, *, #4425, .T. ) ;
#1755 = AXIS2_PLACEMENT_3D ( 'NONE', #2791, #2141, #4416 ) ;
#1756 = ORIENTED_EDGE ( 'NONE', *, *, #1983, .F. ) ;
#1757 = ORIENTED_EDGE ( 'NONE', *, *, #1738, .T. ) ;
#1758 = CARTESIAN_POINT ( 'NONE',  ( 19.69640821446782297, -1.500000000000000222, 1.836970198721031413E-16 ) ) ;
#1759 = DIRECTION ( 'NONE',  ( 0.000000000000000000, -1.000000000000000000, 0.000000000000000000 ) ) ;
#1760 = CIRCLE ( 'NONE', #1268, 1.219500000000001139 ) ;
#1761 = DIRECTION ( 'NONE',  ( 0.000000000000000000, 0.000000000000000000, 1.000000000000000000 ) ) ;
#1762 = ORIENTED_EDGE ( 'NONE', *, *, #6260, .F. ) ;
#1763 = SURFACE_STYLE_FILL_AREA ( #4641 ) ;
#1764 = VERTEX_POINT ( 'NONE', #4924 ) ;
#1765 = ORIENTED_EDGE ( 'NONE', *, *, #5291, .F. ) ;
#1766 = CIRCLE ( 'NONE', #1517, 2.750000000000000000 ) ;
#1767 = AXIS2_PLACEMENT_3D ( 'NONE', #1365, #1901, #4242 ) ;
#1768 = CARTESIAN_POINT ( 'NONE',  ( -31.74999999999995737, 0.000000000000000000, 1.499999999999999556 ) ) ;
#1769 = VERTEX_POINT ( 'NONE', #820 ) ;
#1770 = LINE ( 'NONE', #2335, #645 ) ;
#1771 = CIRCLE ( 'NONE', #7287, 1.500000000000001110 ) ;
#1772 = DIRECTION ( 'NONE',  ( -1.000000000000000000, -0.000000000000000000, -0.000000000000000000 ) ) ;
#1773 = EDGE_CURVE ( 'NONE', #4597, #3256, #1896, .T. ) ;
#1774 = CYLINDRICAL_SURFACE ( 'NONE', #5132, 1.499999999999999556 ) ;
#1775 = CIRCLE ( 'NONE', #189, 1.500000000000001110 ) ;
#1776 = AXIS2_PLACEMENT_3D ( 'NONE', #3468, #2890, #1243 ) ;
#1777 = DIRECTION ( 'NONE',  ( 0.000000000000000000, -1.224646799147353207E-16, 1.000000000000000000 ) ) ;
#1778 = ORIENTED_EDGE ( 'NONE', *, *, #6864, .F. ) ;
#1779 = DIRECTION ( 'NONE',  ( 0.000000000000000000, 0.000000000000000000, 1.000000000000000000 ) ) ;
#1780 = VERTEX_POINT ( 'NONE', #4816 ) ;
#1781 = DIRECTION ( 'NONE',  ( -1.000000000000000000, -1.224606353822377258E-16, -0.000000000000000000 ) ) ;
#1782 = VECTOR ( 'NONE', #4057, 1000.000000000000000 ) ;
#1783 = CARTESIAN_POINT ( 'NONE',  ( 10.30359178553217525, 9.770634195117721323E-16, 0.000000000000000000 ) ) ;
#1784 = LINE ( 'NONE', #3465, #1448 ) ;
#1785 = DIRECTION ( 'NONE',  ( -1.000000000000000000, -1.224606353822377258E-16, -0.000000000000000000 ) ) ;
#1786 = EDGE_LOOP ( 'NONE', ( #7419, #1757, #6833, #1582, #7178, #7037 ) ) ;
#1787 = CARTESIAN_POINT ( 'NONE',  ( -31.74999999999995737, 0.000000000000000000, 0.000000000000000000 ) ) ;
#1788 = ORIENTED_EDGE ( 'NONE', *, *, #4980, .T. ) ;
#1789 = EDGE_CURVE ( 'NONE', #6259, #1319, #3538, .T. ) ;
#1790 = CARTESIAN_POINT ( 'NONE',  ( 7.696408214467822084, 1.025167968987813186E-15, 0.000000000000000000 ) ) ;
#1791 = ADVANCED_FACE ( 'NONE', ( #2543 ), #7234, .T. ) ;
#1792 = CARTESIAN_POINT ( 'NONE',  ( 9.303591785532175251, 9.770634195117721323E-16, 0.000000000000000000 ) ) ;
#1793 = DIRECTION ( 'NONE',  ( 0.000000000000000000, -1.000000000000000000, 0.000000000000000000 ) ) ;
#1794 = EDGE_CURVE ( 'NONE', #4459, #5354, #1826, .T. ) ;
#1795 = DIRECTION ( 'NONE',  ( -1.000000000000000000, -1.224606353822377258E-16, -0.000000000000000000 ) ) ;
#1796 = EDGE_LOOP ( 'NONE', ( #2692, #505, #3097, #7038, #2611 ) ) ;
#1797 = ORIENTED_EDGE ( 'NONE', *, *, #5717, .F. ) ;
#1798 = ORIENTED_EDGE ( 'NONE', *, *, #803, .F. ) ;
#1799 = EDGE_CURVE ( 'NONE', #3812, #3401, #3049, .T. ) ;
#1800 = CARTESIAN_POINT ( 'NONE',  ( 20.69640821446782297, 1.025167968987813186E-15, 0.000000000000000000 ) ) ;
#1801 = EDGE_CURVE ( 'NONE', #6809, #7488, #3781, .T. ) ;
#1802 = CYLINDRICAL_SURFACE ( 'NONE', #278, 1.499999999999999556 ) ;
#1803 = DIRECTION ( 'NONE',  ( -1.000000000000000000, -1.224606353822377258E-16, -0.000000000000000000 ) ) ;
#1804 = ORIENTED_EDGE ( 'NONE', *, *, #6771, .F. ) ;
#1805 = EDGE_LOOP ( 'NONE', ( #1825, #4715, #1858, #1204, #200 ) ) ;
#1806 = ORIENTED_EDGE ( 'NONE', *, *, #3242, .T. ) ;
#1807 = CARTESIAN_POINT ( 'NONE',  ( 5.696408214467822084, -1.500000000000000222, 1.836970198721031413E-16 ) ) ;
#1808 = ORIENTED_EDGE ( 'NONE', *, *, #2256, .F. ) ;
#1809 = DIRECTION ( 'NONE',  ( 0.000000000000000000, -1.000000000000000000, 0.000000000000000000 ) ) ;
#1810 = DIRECTION ( 'NONE',  ( -1.000000000000000000, -1.224606353822377258E-16, -0.000000000000000000 ) ) ;
#1811 = DIRECTION ( 'NONE',  ( -1.000000000000000000, -1.224606353822377258E-16, -0.000000000000000000 ) ) ;
#1812 = ORIENTED_EDGE ( 'NONE', *, *, #2204, .F. ) ;
#1813 = CARTESIAN_POINT ( 'NONE',  ( 17.50000000000000000, -1.219500000000000028, 1.665213485140615106E-16 ) ) ;
#1814 = ORIENTED_EDGE ( 'NONE', *, *, #6290, .F. ) ;
#1815 = CYLINDRICAL_SURFACE ( 'NONE', #4751, 1.499999999999999556 ) ;
#1816 = AXIS2_PLACEMENT_3D ( 'NONE', #5005, #7423, #5667 ) ;
#1817 = DIRECTION ( 'NONE',  ( 0.000000000000000000, 1.000000000000000000, 0.000000000000000000 ) ) ;
#1818 = AXIS2_PLACEMENT_3D ( 'NONE', #6854, #3964, #6324 ) ;
#1819 = VECTOR ( 'NONE', #5764, 999.9999999999997726 ) ;
#1820 = DIRECTION ( 'NONE',  ( 0.000000000000000000, -1.000000000000000000, 0.000000000000000000 ) ) ;
#1821 = DIRECTION ( 'NONE',  ( -1.000000000000000000, -1.224606353822377258E-16, -0.000000000000000000 ) ) ;
#1822 = ORIENTED_EDGE ( 'NONE', *, *, #4189, .F. ) ;
#1824 = DIRECTION ( 'NONE',  ( -1.000000000000000000, -1.224606353822377258E-16, -0.000000000000000000 ) ) ;
#1823 = CONICAL_SURFACE ( 'NONE', #6853, 1.500000000000001110, 0.9599310885968842522 ) ;
#1825 = ORIENTED_EDGE ( 'NONE', *, *, #13, .F. ) ;
#1826 = CIRCLE ( 'NONE', #7100, 1.500000000000001110 ) ;
#1827 = CONICAL_SURFACE ( 'NONE', #473, 1.500000000000001110, 0.9599310885968842522 ) ;
#1828 = DIRECTION ( 'NONE',  ( -1.000000000000000000, -1.224606353822377258E-16, -0.000000000000000000 ) ) ;
#1829 = DIRECTION ( 'NONE',  ( 0.5735764363510434949, 0.8191520442889935749, 0.000000000000000000 ) ) ;
#1830 = VECTOR ( 'NONE', #1097, 1000.000000000000000 ) ;
#1831 = FACE_OUTER_BOUND ( 'NONE', #1398, .T. ) ;
#1832 = DIRECTION ( 'NONE',  ( -1.000000000000000000, -1.224606353822377258E-16, -0.000000000000000000 ) ) ;
#1833 = EDGE_LOOP ( 'NONE', ( #5010, #2571, #4179, #423 ) ) ;
#1834 = EDGE_CURVE ( 'NONE', #4905, #3300, #6312, .T. ) ;
#1835 = ORIENTED_EDGE ( 'NONE', *, *, #2202, .T. ) ;
#1836 = ORIENTED_EDGE ( 'NONE', *, *, #924, .F. ) ;
#1837 = AXIS2_PLACEMENT_3D ( 'NONE', #4462, #2690, #1471 ) ;
#1838 = PLANE ( 'NONE',  #171 ) ;
#1839 = EDGE_CURVE ( 'NONE', #4002, #3372, #1208, .T. ) ;
#1840 = LINE ( 'NONE', #5798, #768 ) ;
#1841 = DIRECTION ( 'NONE',  ( 0.000000000000000000, 0.000000000000000000, 1.000000000000000000 ) ) ;
#1842 = ORIENTED_EDGE ( 'NONE', *, *, #2109, .F. ) ;
#1843 = EDGE_CURVE ( 'NONE', #680, #4267, #5509, .T. ) ;
#1844 = EDGE_CURVE ( 'NONE', #7588, #2578, #1458, .T. ) ;
#1845 = DIRECTION ( 'NONE',  ( 0.000000000000000000, -1.000000000000000000, 0.000000000000000000 ) ) ;
#1846 = ORIENTED_EDGE ( 'NONE', *, *, #1314, .T. ) ;
#1847 = FACE_OUTER_BOUND ( 'NONE', #2035, .T. ) ;
#1848 = CARTESIAN_POINT ( 'NONE',  ( 5.999999999999999112, -1.219500000000000028, 1.665213485140615106E-16 ) ) ;
#1849 = CARTESIAN_POINT ( 'NONE',  ( 13.69640821446782297, -1.500000000000000000, 1.836970198721031167E-16 ) ) ;
#1850 = ORIENTED_EDGE ( 'NONE', *, *, #3678, .F. ) ;
#1851 = LINE ( 'NONE', #2922, #5808 ) ;
#1852 = ORIENTED_EDGE ( 'NONE', *, *, #705, .T. ) ;
#1853 = CARTESIAN_POINT ( 'NONE',  ( 12.69640821446782120, 1.025167968987813186E-15, 0.000000000000000000 ) ) ;
#1854 = AXIS2_PLACEMENT_3D ( 'NONE', #5969, #244, #3035 ) ;
#1855 = CARTESIAN_POINT ( 'NONE',  ( 11.80359178553217703, 1.500000000000002442, 1.836970198721031167E-16 ) ) ;
#1856 = DIRECTION ( 'NONE',  ( 1.000000000000000000, 1.224606353822377258E-16, 0.000000000000000000 ) ) ;
#1857 = DIRECTION ( 'NONE',  ( -1.000000000000000000, -1.224606353822377258E-16, -0.000000000000000000 ) ) ;
#1858 = ORIENTED_EDGE ( 'NONE', *, *, #6998, .T. ) ;
#1859 = CARTESIAN_POINT ( 'NONE',  ( 17.30359178553217347, 9.770634195117721323E-16, 0.000000000000000000 ) ) ;
#1860 = VERTEX_POINT ( 'NONE', #318 ) ;
#1861 = CIRCLE ( 'NONE', #7130, 1.500000000000001110 ) ;
#1862 = DIRECTION ( 'NONE',  ( 0.000000000000000000, -1.000000000000000000, 0.000000000000000000 ) ) ;
#1863 = DIRECTION ( 'NONE',  ( -1.000000000000000000, -0.000000000000000000, -0.000000000000000000 ) ) ;
#1864 = EDGE_CURVE ( 'NONE', #3318, #2491, #1615, .T. ) ;
#1865 = AXIS2_PLACEMENT_3D ( 'NONE', #6644, #3139, #6753 ) ;
#1866 = CARTESIAN_POINT ( 'NONE',  ( 20.99999999999999645, 1.001115694249792856E-15, 0.000000000000000000 ) ) ;
#1867 = DIRECTION ( 'NONE',  ( -1.000000000000000000, -1.224606353822377258E-16, -0.000000000000000000 ) ) ;
#1868 = ORIENTED_EDGE ( 'NONE', *, *, #2286, .T. ) ;
#1869 = VERTEX_POINT ( 'NONE', #1503 ) ;
#1870 = AXIS2_PLACEMENT_3D ( 'NONE', #6418, #4646, #5222 ) ;
#1871 = ORIENTED_EDGE ( 'NONE', *, *, #4081, .F. ) ;
#1872 = DIRECTION ( 'NONE',  ( 1.000000000000000000, 1.224606353822377258E-16, 0.000000000000000000 ) ) ;
#1873 = DIRECTION ( 'NONE',  ( -1.000000000000000000, -0.000000000000000000, -0.000000000000000000 ) ) ;
#1874 = EDGE_CURVE ( 'NONE', #2313, #4488, #6164, .T. ) ;
#1875 = CIRCLE ( 'NONE', #7151, 0.1000000000000000472 ) ;
#1876 = DIRECTION ( 'NONE',  ( -1.000000000000000000, -0.000000000000000000, -0.000000000000000000 ) ) ;
#1877 = ORIENTED_EDGE ( 'NONE', *, *, #4698, .T. ) ;
#1878 = CYLINDRICAL_SURFACE ( 'NONE', #5790, 1.499999999999999556 ) ;
#1879 = VERTEX_POINT ( 'NONE', #2766 ) ;
#1880 = CARTESIAN_POINT ( 'NONE',  ( -31.74999999999995737, 1.836970198721029441E-16, -1.499999999999999556 ) ) ;
#1881 = VECTOR ( 'NONE', #5190, 1000.000000000000000 ) ;
#1882 = VECTOR ( 'NONE', #7209, 1000.000000000000227 ) ;
#1883 = CARTESIAN_POINT ( 'NONE',  ( -31.74999999999995737, 0.000000000000000000, 1.499999999999999556 ) ) ;
#1884 = EDGE_CURVE ( 'NONE', #2751, #7588, #2188, .T. ) ;
#1885 = EDGE_CURVE ( 'NONE', #2193, #6717, #2542, .T. ) ;
#1886 = AXIS2_PLACEMENT_3D ( 'NONE', #6059, #184, #3629 ) ;
#1887 = EDGE_CURVE ( 'NONE', #4909, #128, #1315, .T. ) ;
#1888 = CARTESIAN_POINT ( 'NONE',  ( 13.50000000000000000, 1.001115694249792856E-15, 0.000000000000000000 ) ) ;
#1889 = ORIENTED_EDGE ( 'NONE', *, *, #3981, .F. ) ;
#1890 = CARTESIAN_POINT ( 'NONE',  ( 9.000000000000000000, 1.001115694249792856E-15, 0.000000000000000000 ) ) ;
#1891 = ORIENTED_EDGE ( 'NONE', *, *, #376, .T. ) ;
#1892 = CONICAL_SURFACE ( 'NONE', #3365, 1.219500000000001139, 0.9599310885968800333 ) ;
#1893 = DIRECTION ( 'NONE',  ( -1.000000000000000000, -1.224606353822377258E-16, -0.000000000000000000 ) ) ;
#1894 = CIRCLE ( 'NONE', #2047, 1.500000000000001110 ) ;
#1895 = LINE ( 'NONE', #7264, #2789 ) ;
#1896 = LINE ( 'NONE', #7266, #4022 ) ;
#1897 = ORIENTED_EDGE ( 'NONE', *, *, #1169, .F. ) ;
#1898 = CONICAL_SURFACE ( 'NONE', #2633, 1.500000000000001110, 0.9599310885968842522 ) ;
#1899 = DIRECTION ( 'NONE',  ( -1.000000000000000000, -1.224606353822377258E-16, -0.000000000000000000 ) ) ;
#1900 = EDGE_LOOP ( 'NONE', ( #2395, #7254, #3635, #2478, #7394, #5743 ) ) ;
#1901 = DIRECTION ( 'NONE',  ( -1.000000000000000000, -0.000000000000000000, -0.000000000000000000 ) ) ;
#1902 = CARTESIAN_POINT ( 'NONE',  ( 17.30359178553217347, 9.770634195117721323E-16, 0.000000000000000000 ) ) ;
#1903 = FACE_OUTER_BOUND ( 'NONE', #245, .T. ) ;
#1904 = DIRECTION ( 'NONE',  ( 0.000000000000000000, -1.000000000000000000, 0.000000000000000000 ) ) ;
#1905 = ORIENTED_EDGE ( 'NONE', *, *, #1131, .T. ) ;
#1906 = DIRECTION ( 'NONE',  ( 0.000000000000000000, -1.000000000000000000, 0.000000000000000000 ) ) ;
#1907 = ORIENTED_EDGE ( 'NONE', *, *, #6257, .F. ) ;
#1908 = EDGE_CURVE ( 'NONE', #3185, #5483, #7207, .T. ) ;
#1909 = ORIENTED_EDGE ( 'NONE', *, *, #1625, .T. ) ;
#1910 = CARTESIAN_POINT ( 'NONE',  ( 6.696408214467821196, 1.025167968987813186E-15, 0.000000000000000000 ) ) ;
#1911 = DIRECTION ( 'NONE',  ( -1.000000000000000000, -1.224606353822377258E-16, -0.000000000000000000 ) ) ;
#1912 = LINE ( 'NONE', #5997, #6122 ) ;
#1913 = ORIENTED_EDGE ( 'NONE', *, *, #7374, .T. ) ;
#1914 = DIRECTION ( 'NONE',  ( -1.000000000000000000, -0.000000000000000000, -0.000000000000000000 ) ) ;
#1915 = ORIENTED_EDGE ( 'NONE', *, *, #6686, .F. ) ;
#1916 = DIRECTION ( 'NONE',  ( 0.5735764363510434949, 0.8191520442889935749, 0.000000000000000000 ) ) ;
#1917 = CARTESIAN_POINT ( 'NONE',  ( 11.50000000000000000, 1.001115694249792856E-15, 0.000000000000000000 ) ) ;
#1918 = FILL_AREA_STYLE ('',( #89 ) ) ;
#1919 = DIRECTION ( 'NONE',  ( -0.000000000000000000, 1.490391467001149289E-15, 1.000000000000000000 ) ) ;
#1920 = EDGE_LOOP ( 'NONE', ( #2408, #3495, #5336, #43, #2037 ) ) ;
#1921 = ADVANCED_FACE ( 'NONE', ( #430 ), #1560, .T. ) ;
#1922 = DIRECTION ( 'NONE',  ( 0.000000000000000000, -1.000000000000000000, 0.000000000000000000 ) ) ;
#1923 = ORIENTED_EDGE ( 'NONE', *, *, #5466, .T. ) ;
#1924 = EDGE_CURVE ( 'NONE', #4382, #3256, #7336, .T. ) ;
#1925 = DIRECTION ( 'NONE',  ( 0.000000000000000000, -1.000000000000000000, 0.000000000000000000 ) ) ;
#1926 = AXIS2_PLACEMENT_3D ( 'NONE', #5230, #6925, #1820 ) ;
#1927 = CARTESIAN_POINT ( 'NONE',  ( 8.696408214467821196, 1.025167968987813186E-15, 0.000000000000000000 ) ) ;
#1928 = VECTOR ( 'NONE', #3261, 1000.000000000000227 ) ;
#1929 = DIRECTION ( 'NONE',  ( 0.000000000000000000, 0.000000000000000000, 1.000000000000000000 ) ) ;
#1930 = EDGE_LOOP ( 'NONE', ( #3731, #3152, #3662, #4373, #771, #7432 ) ) ;
#1931 = ADVANCED_FACE ( 'NONE', ( #5076 ), #6343, .T. ) ;
#1932 = ADVANCED_FACE ( 'NONE', ( #7376 ), #1055, .T. ) ;
#1933 = DIRECTION ( 'NONE',  ( 0.000000000000000000, 0.000000000000000000, -1.000000000000000000 ) ) ;
#1934 = ORIENTED_EDGE ( 'NONE', *, *, #4881, .F. ) ;
#1935 = AXIS2_PLACEMENT_3D ( 'NONE', #3670, #6026, #6633 ) ;
#1936 = DIRECTION ( 'NONE',  ( -0.5735764363510472696, 0.8191520442889909104, 1.003171929053523884E-16 ) ) ;
#1937 = CIRCLE ( 'NONE', #2550, 1.500000000000001110 ) ;
#1938 = CARTESIAN_POINT ( 'NONE',  ( 1.300000000000000044, -0.7274613391789304107, -1.259999999999999121 ) ) ;
#1939 = DIRECTION ( 'NONE',  ( 0.000000000000000000, -1.000000000000000000, 0.000000000000000000 ) ) ;
#1940 = CONICAL_SURFACE ( 'NONE', #3537, 1.500000000000001110, 0.9599310885968842522 ) ;
#1941 = CIRCLE ( 'NONE', #2424, 1.500000000000001110 ) ;
#1942 = AXIS2_PLACEMENT_3D ( 'NONE', #7425, #5045, #7351 ) ;
#1943 = DIRECTION ( 'NONE',  ( -1.000000000000000000, -1.224606353822377258E-16, -0.000000000000000000 ) ) ;
#1944 = ORIENTED_EDGE ( 'NONE', *, *, #1576, .T. ) ;
#1945 = CIRCLE ( 'NONE', #5385, 1.500000000000001110 ) ;
#1946 = CARTESIAN_POINT ( 'NONE',  ( 16.50000000000000000, 1.219500000000002249, 0.000000000000000000 ) ) ;
#1947 = EDGE_LOOP ( 'NONE', ( #4143, #2518, #681, #6501, #3824, #2064 ) ) ;
#1948 = VERTEX_POINT ( 'NONE', #6808 ) ;
#1949 = CARTESIAN_POINT ( 'NONE',  ( 6.196408214467821196, 1.025167968987813186E-15, 0.000000000000000000 ) ) ;
#1950 = LINE ( 'NONE', #5994, #4812 ) ;
#1951 = VECTOR ( 'NONE', #1454, 1000.000000000000227 ) ;
#1952 = FACE_OUTER_BOUND ( 'NONE', #6425, .T. ) ;
#1953 = ORIENTED_EDGE ( 'NONE', *, *, #4132, .F. ) ;
#1954 = AXIS2_PLACEMENT_3D ( 'NONE', #4236, #2506, #1925 ) ;
#1955 = AXIS2_PLACEMENT_3D ( 'NONE', #4128, #1867, #4825 ) ;
#1956 = DIRECTION ( 'NONE',  ( 0.000000000000000000, -1.000000000000000000, 0.000000000000000000 ) ) ;
#1957 = ORIENTED_EDGE ( 'NONE', *, *, #5291, .T. ) ;
#1958 = CARTESIAN_POINT ( 'NONE',  ( 15.19640821446782120, 1.500000000000002220, 0.000000000000000000 ) ) ;
#1959 = DIRECTION ( 'NONE',  ( -1.000000000000000000, -1.224606353822377258E-16, -0.000000000000000000 ) ) ;
#1960 = FACE_OUTER_BOUND ( 'NONE', #40, .T. ) ;
#1961 = VERTEX_POINT ( 'NONE', #1539 ) ;
#1962 = CARTESIAN_POINT ( 'NONE',  ( 21.69640821446782297, -1.500000000000000222, 1.836970198721031413E-16 ) ) ;
#1963 = ORIENTED_EDGE ( 'NONE', *, *, #1977, .T. ) ;
#1964 = CARTESIAN_POINT ( 'NONE',  ( 18.50000000000000000, 1.219500000000002249, 0.000000000000000000 ) ) ;
#1965 = EDGE_CURVE ( 'NONE', #2578, #1057, #3871, .T. ) ;
#1966 = DIRECTION ( 'NONE',  ( 1.000000000000000000, 1.224606353822377258E-16, 0.000000000000000000 ) ) ;
#1967 = DIRECTION ( 'NONE',  ( 0.000000000000000000, 1.000000000000000000, 0.000000000000000000 ) ) ;
#1968 = EDGE_LOOP ( 'NONE', ( #93, #5921, #6934, #5381, #3976, #258 ) ) ;
#1969 = EDGE_CURVE ( 'NONE', #5483, #1153, #4984, .T. ) ;
#1970 = CARTESIAN_POINT ( 'NONE',  ( -31.74999999999995737, 1.836970198721029441E-16, -1.499999999999999556 ) ) ;
#1971 = ORIENTED_EDGE ( 'NONE', *, *, #3883, .T. ) ;
#1972 = PRESENTATION_LAYER_ASSIGNMENT (  '', '', ( #3197 ) ) ;
#1973 = VERTEX_POINT ( 'NONE', #2339 ) ;
#1974 = CARTESIAN_POINT ( 'NONE',  ( 6.196408214467821196, -1.500000000000000000, 1.836970198721031167E-16 ) ) ;
#1975 = CARTESIAN_POINT ( 'NONE',  ( 15.50000000000000000, 1.219500000000002249, 1.493456771560198551E-16 ) ) ;
#1976 = EDGE_CURVE ( 'NONE', #6811, #2376, #6590, .T. ) ;
#1977 = EDGE_CURVE ( 'NONE', #2578, #3024, #1189, .T. ) ;
#1978 = DIRECTION ( 'NONE',  ( -1.000000000000000000, -1.224606353822377258E-16, -0.000000000000000000 ) ) ;
#1979 = AXIS2_PLACEMENT_3D ( 'NONE', #2906, #7517, #534 ) ;
#1980 = DIRECTION ( 'NONE',  ( 0.000000000000000000, -1.000000000000000000, 0.000000000000000000 ) ) ;
#1981 = ORIENTED_EDGE ( 'NONE', *, *, #235, .T. ) ;
#1982 = AXIS2_PLACEMENT_3D ( 'NONE', #5727, #6194, #2802 ) ;
#1983 = EDGE_CURVE ( 'NONE', #5246, #6486, #2920, .T. ) ;
#1984 = CARTESIAN_POINT ( 'NONE',  ( 7.303591785532175251, 9.770634195117721323E-16, 0.000000000000000000 ) ) ;
#1985 = EDGE_LOOP ( 'NONE', ( #610, #2383, #997, #4454, #2685 ) ) ;
#1986 = EDGE_CURVE ( 'NONE', #2098, #2909, #6387, .T. ) ;
#1987 = CARTESIAN_POINT ( 'NONE',  ( 19.50000000000000000, 1.001115694249792856E-15, 0.000000000000000000 ) ) ;
#1988 = EDGE_CURVE ( 'NONE', #1764, #7529, #7034, .T. ) ;
#1989 = DIRECTION ( 'NONE',  ( 0.000000000000000000, -1.000000000000000000, 0.000000000000000000 ) ) ;
#1990 = DIRECTION ( 'NONE',  ( -1.000000000000000000, -1.224606353822377258E-16, -0.000000000000000000 ) ) ;
#1991 = ORIENTED_EDGE ( 'NONE', *, *, #3501, .T. ) ;
#1992 = DIRECTION ( 'NONE',  ( 0.000000000000000000, 0.000000000000000000, 1.000000000000000000 ) ) ;
#1993 = ORIENTED_EDGE ( 'NONE', *, *, #5081, .F. ) ;
#1994 = CARTESIAN_POINT ( 'NONE',  ( 7.500000000000000000, 1.001115694249792856E-15, 0.000000000000000000 ) ) ;
#1995 = CARTESIAN_POINT ( 'NONE',  ( 21.30359178553217703, 1.836970198721020813E-16, -1.500000000000001332 ) ) ;
#1996 = AXIS2_PLACEMENT_3D ( 'NONE', #4946, #3109, #2492 ) ;
#1997 = DIRECTION ( 'NONE',  ( 0.5735764363510437169, -0.8191520442889933529, 1.003171929053526719E-16 ) ) ;
#1998 = ORIENTED_EDGE ( 'NONE', *, *, #3287, .F. ) ;
#1999 = CIRCLE ( 'NONE', #2115, 1.500000000000001110 ) ;
#2000 = DIRECTION ( 'NONE',  ( -0.5735764363510470476, -0.8191520442889912434, 0.000000000000000000 ) ) ;
#2001 = VERTEX_POINT ( 'NONE', #1733 ) ;
#2002 = EDGE_CURVE ( 'NONE', #4303, #3983, #2300, .T. ) ;
#2003 = CARTESIAN_POINT ( 'NONE',  ( 18.00000000000000355, 1.001115694249792856E-15, 0.000000000000000000 ) ) ;
#2004 = AXIS2_PLACEMENT_3D ( 'NONE', #5812, #659, #6507 ) ;
#2005 = VECTOR ( 'NONE', #2821, 1000.000000000000000 ) ;
#2006 = CARTESIAN_POINT ( 'NONE',  ( 22.19640821446782297, 1.025167968987813186E-15, 0.000000000000000000 ) ) ;
#2007 = DIRECTION ( 'NONE',  ( 0.000000000000000000, 0.000000000000000000, 1.000000000000000000 ) ) ;
#2008 = VERTEX_POINT ( 'NONE', #3580 ) ;
#2009 = CARTESIAN_POINT ( 'NONE',  ( 20.99999999999999645, 1.001115694249792856E-15, 0.000000000000000000 ) ) ;
#2010 = ORIENTED_EDGE ( 'NONE', *, *, #6622, .F. ) ;
#2011 = AXIS2_PLACEMENT_3D ( 'NONE', #7271, #791, #1402 ) ;
#2012 = DIRECTION ( 'NONE',  ( -1.000000000000000000, -0.000000000000000000, -0.000000000000000000 ) ) ;
#2013 = CONICAL_SURFACE ( 'NONE', #3974, 1.219500000000001139, 0.9599310885968800333 ) ;
#2014 = CARTESIAN_POINT ( 'NONE',  ( 11.19640821446782120, -1.500000000000000000, 1.836970198721031167E-16 ) ) ;
#2015 = CARTESIAN_POINT ( 'NONE',  ( 9.500000000000000000, 1.219500000000002249, 1.493456771560198551E-16 ) ) ;
#2016 = AXIS2_PLACEMENT_3D ( 'NONE', #87, #2996, #6006 ) ;
#2017 = DIRECTION ( 'NONE',  ( 0.000000000000000000, -1.000000000000000000, 0.000000000000000000 ) ) ;
#2018 = ORIENTED_EDGE ( 'NONE', *, *, #6386, .T. ) ;
#2019 = VECTOR ( 'NONE', #4282, 1000.000000000000227 ) ;
#2020 = DIRECTION ( 'NONE',  ( 0.5735764363510434949, 0.8191520442889935749, 0.000000000000000000 ) ) ;
#2021 = ORIENTED_EDGE ( 'NONE', *, *, #2587, .F. ) ;
#2022 = ADVANCED_FACE ( 'NONE', ( #5187 ), #7112, .T. ) ;
#2023 = DIRECTION ( 'NONE',  ( -1.000000000000000000, -1.224606353822377258E-16, -0.000000000000000000 ) ) ;
#2024 = AXIS2_PLACEMENT_3D ( 'NONE', #2103, #1059, #6869 ) ;
#2025 = DIRECTION ( 'NONE',  ( -1.000000000000000000, -1.224606353822377258E-16, -0.000000000000000000 ) ) ;
#2026 = EDGE_CURVE ( 'NONE', #5992, #2751, #3558, .T. ) ;
#2027 = LINE ( 'NONE', #2670, #2806 ) ;
#2028 = ORIENTED_EDGE ( 'NONE', *, *, #4276, .F. ) ;
#2029 = EDGE_CURVE ( 'NONE', #7405, #7444, #490, .T. ) ;
#2030 = EDGE_CURVE ( 'NONE', #4212, #2460, #4042, .T. ) ;
#2031 = EDGE_LOOP ( 'NONE', ( #3129, #348, #394, #5501, #2165, #6750 ) ) ;
#2032 = DIRECTION ( 'NONE',  ( -1.000000000000000000, -1.224606353822377258E-16, -0.000000000000000000 ) ) ;
#2033 = DIRECTION ( 'NONE',  ( -0.5735764363510470476, -0.8191520442889912434, 0.000000000000000000 ) ) ;
#2034 = DIRECTION ( 'NONE',  ( 0.000000000000000000, -1.000000000000000000, 0.000000000000000000 ) ) ;
#2035 = EDGE_LOOP ( 'NONE', ( #5300, #6274, #4065, #4446, #758 ) ) ;
#2036 = DIRECTION ( 'NONE',  ( 0.000000000000000000, -1.000000000000000000, 0.000000000000000000 ) ) ;
#2037 = ORIENTED_EDGE ( 'NONE', *, *, #3946, .T. ) ;
#2038 = DIRECTION ( 'NONE',  ( 0.000000000000000000, -1.000000000000000000, 0.000000000000000000 ) ) ;
#2039 = DIRECTION ( 'NONE',  ( 0.000000000000000000, 0.000000000000000000, 1.000000000000000000 ) ) ;
#2040 = VERTEX_POINT ( 'NONE', #5810 ) ;
#2041 = CARTESIAN_POINT ( 'NONE',  ( 22.00000000000000000, 1.001115694249792856E-15, 0.000000000000000000 ) ) ;
#2042 = ORIENTED_EDGE ( 'NONE', *, *, #3386, .T. ) ;
#2043 = DIRECTION ( 'NONE',  ( 0.000000000000000000, -1.000000000000000000, 0.000000000000000000 ) ) ;
#2044 = CARTESIAN_POINT ( 'NONE',  ( 20.69640821446782297, 1.500000000000002220, 0.000000000000000000 ) ) ;
#2045 = EDGE_CURVE ( 'NONE', #1669, #2001, #5211, .T. ) ;
#2046 = CARTESIAN_POINT ( 'NONE',  ( 20.19640821446781942, 1.500000000000002220, 0.000000000000000000 ) ) ;
#2047 = AXIS2_PLACEMENT_3D ( 'NONE', #5536, #7225, #7149 ) ;
#2048 = FACE_OUTER_BOUND ( 'NONE', #1429, .T. ) ;
#2049 = VERTEX_POINT ( 'NONE', #90 ) ;
#2050 = DIRECTION ( 'NONE',  ( 0.000000000000000000, -1.000000000000000000, 0.000000000000000000 ) ) ;
#2051 = VERTEX_POINT ( 'NONE', #3499 ) ;
#2052 = VECTOR ( 'NONE', #2222, 1000.000000000000000 ) ;
#2053 = CONICAL_SURFACE ( 'NONE', #2912, 1.500000000000001110, 0.9599310885968842522 ) ;
#2054 = CARTESIAN_POINT ( 'NONE',  ( 11.19640821446782120, 1.025167968987813186E-15, 0.000000000000000000 ) ) ;
#2055 = DIRECTION ( 'NONE',  ( 0.000000000000000000, 0.000000000000000000, 1.000000000000000000 ) ) ;
#2056 = CIRCLE ( 'NONE', #3280, 1.500000000000001110 ) ;
#2057 = CIRCLE ( 'NONE', #6002, 1.500000000000001110 ) ;
#2058 = CONICAL_SURFACE ( 'NONE', #3281, 1.500000000000001110, 0.9599310885968842522 ) ;
#2059 = ADVANCED_FACE ( 'NONE', ( #6424 ), #6322, .T. ) ;
#2060 = VECTOR ( 'NONE', #7104, 1000.000000000000000 ) ;
#2061 = CARTESIAN_POINT ( 'NONE',  ( 20.49999999999999645, 1.001115694249792856E-15, 0.000000000000000000 ) ) ;
#2062 = ORIENTED_EDGE ( 'NONE', *, *, #6719, .F. ) ;
#2063 = ADVANCED_FACE ( 'NONE', ( #5308 ), #2262, .T. ) ;
#2064 = ORIENTED_EDGE ( 'NONE', *, *, #4594, .F. ) ;
#2065 = AXIS2_PLACEMENT_3D ( 'NONE', #7194, #743, #1929 ) ;
#2066 = AXIS2_PLACEMENT_3D ( 'NONE', #2565, #5489, #4908 ) ;
#2067 = FACE_OUTER_BOUND ( 'NONE', #3861, .T. ) ;
#2068 = CARTESIAN_POINT ( 'NONE',  ( 21.50000000000000000, 1.001115694249792856E-15, 0.000000000000000000 ) ) ;
#2069 = EDGE_CURVE ( 'NONE', #5768, #5728, #3457, .T. ) ;
#2070 = EDGE_CURVE ( 'NONE', #3491, #3743, #4010, .T. ) ;
#2071 = CIRCLE ( 'NONE', #3789, 1.260000000000000009 ) ;
#2072 = AXIS2_PLACEMENT_3D ( 'NONE', #7167, #6634, #1904 ) ;
#2073 = LINE ( 'NONE', #6302, #5781 ) ;
#2074 = ORIENTED_EDGE ( 'NONE', *, *, #1440, .F. ) ;
#2075 = CARTESIAN_POINT ( 'NONE',  ( 9.696408214467822972, 1.025167968987813186E-15, 0.000000000000000000 ) ) ;
#2076 = EDGE_LOOP ( 'NONE', ( #1363, #5490, #7573, #2211, #3865, #1473 ) ) ;
#2077 = AXIS2_PLACEMENT_3D ( 'NONE', #2186, #4539, #6734 ) ;
#2078 = AXIS2_PLACEMENT_3D ( 'NONE', #979, #2205, #3320 ) ;
#2079 = DIRECTION ( 'NONE',  ( -0.5735764363510472696, 0.8191520442889909104, 1.003171929053523884E-16 ) ) ;
#2080 = CARTESIAN_POINT ( 'NONE',  ( 8.196408214467821196, 1.025167968987813186E-15, 0.000000000000000000 ) ) ;
#2081 = ORIENTED_EDGE ( 'NONE', *, *, #499, .T. ) ;
#2082 = DIRECTION ( 'NONE',  ( -1.000000000000000000, -1.224606353822377258E-16, -0.000000000000000000 ) ) ;
#2083 = EDGE_LOOP ( 'NONE', ( #6702, #5853, #6657, #4012, #7171, #2403 ) ) ;
#2084 = VERTEX_POINT ( 'NONE', #2382 ) ;
#2085 = DIRECTION ( 'NONE',  ( 0.000000000000000000, 1.000000000000000000, -1.490391467001149092E-15 ) ) ;
#2086 = DIRECTION ( 'NONE',  ( 0.5735764363510437169, -0.8191520442889933529, 1.003171929053526719E-16 ) ) ;
#2087 = DIRECTION ( 'NONE',  ( -0.5735764363510472696, 0.8191520442889909104, 1.003171929053523884E-16 ) ) ;
#2088 = LINE ( 'NONE', #1011, #6242 ) ;
#2089 = ORIENTED_EDGE ( 'NONE', *, *, #383, .F. ) ;
#2090 = DIRECTION ( 'NONE',  ( -1.000000000000000000, -1.224606353822377258E-16, -0.000000000000000000 ) ) ;
#2091 = ORIENTED_EDGE ( 'NONE', *, *, #6211, .F. ) ;
#2092 = EDGE_CURVE ( 'NONE', #3426, #2566, #6957, .T. ) ;
#2093 = DIRECTION ( 'NONE',  ( -1.000000000000000000, -1.224606353822377258E-16, -0.000000000000000000 ) ) ;
#2094 = CARTESIAN_POINT ( 'NONE',  ( 22.50000000000000000, 1.001115694249792856E-15, 0.000000000000000000 ) ) ;
#2095 = CIRCLE ( 'NONE', #3080, 1.500000000000001110 ) ;
#2096 = AXIS2_PLACEMENT_3D ( 'NONE', #4682, #1226, #7026 ) ;
#2097 = DIRECTION ( 'NONE',  ( -1.000000000000000000, -1.224606353822377258E-16, -0.000000000000000000 ) ) ;
#2098 = VERTEX_POINT ( 'NONE', #6505 ) ;
#2099 = ORIENTED_EDGE ( 'NONE', *, *, #4506, .F. ) ;
#2100 = CIRCLE ( 'NONE', #7136, 1.500000000000001110 ) ;
#2101 = EDGE_CURVE ( 'NONE', #3772, #4909, #7559, .T. ) ;
#2102 = DIRECTION ( 'NONE',  ( 0.000000000000000000, -1.000000000000000000, 0.000000000000000000 ) ) ;
#2103 = CARTESIAN_POINT ( 'NONE',  ( 11.30359178553217525, 9.770634195117721323E-16, 0.000000000000000000 ) ) ;
#2104 = VECTOR ( 'NONE', #6491, 1000.000000000000000 ) ;
#2105 = CARTESIAN_POINT ( 'NONE',  ( -31.74999999999995737, 0.000000000000000000, 0.000000000000000000 ) ) ;
#2106 = ORIENTED_EDGE ( 'NONE', *, *, #1262, .T. ) ;
#2107 = DIRECTION ( 'NONE',  ( -1.000000000000000000, -0.000000000000000000, -0.000000000000000000 ) ) ;
#2108 = VERTEX_POINT ( 'NONE', #576 ) ;
#2109 = EDGE_CURVE ( 'NONE', #4311, #4589, #5468, .T. ) ;
#2110 = DIRECTION ( 'NONE',  ( -1.000000000000000000, -1.224606353822377258E-16, -0.000000000000000000 ) ) ;
#2111 = EDGE_CURVE ( 'NONE', #4311, #7003, #106, .T. ) ;
#2112 = CIRCLE ( 'NONE', #1253, 1.500000000000001110 ) ;
#2113 = DIRECTION ( 'NONE',  ( -1.000000000000000000, -1.224606353822377258E-16, -0.000000000000000000 ) ) ;
#2114 = ADVANCED_FACE ( 'NONE', ( #1270 ), #5480, .T. ) ;
#2115 = AXIS2_PLACEMENT_3D ( 'NONE', #1910, #4906, #5415 ) ;
#2116 = CARTESIAN_POINT ( 'NONE',  ( 22.69640821446782297, 1.025167968987813186E-15, 0.000000000000000000 ) ) ;
#2117 = ORIENTED_EDGE ( 'NONE', *, *, #4076, .F. ) ;
#2118 = CARTESIAN_POINT ( 'NONE',  ( 20.30359178553217703, 1.499999999999997335, 1.836970198721025250E-16 ) ) ;
#2119 = ORIENTED_EDGE ( 'NONE', *, *, #1131, .F. ) ;
#2120 = EDGE_CURVE ( 'NONE', #2462, #5438, #4266, .T. ) ;
#2121 = ORIENTED_EDGE ( 'NONE', *, *, #1700, .T. ) ;
#2122 = CARTESIAN_POINT ( 'NONE',  ( 0.000000000000000000, -1.454922678357857047, 3.035766082959412415E-15 ) ) ;
#2123 = CIRCLE ( 'NONE', #3961, 1.500000000000001110 ) ;
#2124 = DIRECTION ( 'NONE',  ( 0.000000000000000000, -1.000000000000000000, 0.000000000000000000 ) ) ;
#2125 = LINE ( 'NONE', #1046, #4757 ) ;
#2126 = DIRECTION ( 'NONE',  ( 0.000000000000000000, 1.000000000000000000, 0.000000000000000000 ) ) ;
#2127 = EDGE_LOOP ( 'NONE', ( #5539, #1674, #3598, #6773, #288 ) ) ;
#2128 = VECTOR ( 'NONE', #886, 1000.000000000000227 ) ;
#2129 = CONICAL_SURFACE ( 'NONE', #6188, 1.219500000000001139, 0.9599310885968800333 ) ;
#2130 = CARTESIAN_POINT ( 'NONE',  ( -31.74999999999995737, 0.000000000000000000, 1.499999999999999556 ) ) ;
#2131 = EDGE_LOOP ( 'NONE', ( #1336, #5718, #6786, #1684, #1033 ) ) ;
#2132 = AXIS2_PLACEMENT_3D ( 'NONE', #4703, #706, #22 ) ;
#2133 = CARTESIAN_POINT ( 'NONE',  ( 0.000000000000000000, 0.000000000000000000, 0.000000000000000000 ) ) ;
#2134 = DIRECTION ( 'NONE',  ( 0.000000000000000000, 1.000000000000000000, 0.000000000000000000 ) ) ;
#2135 = CARTESIAN_POINT ( 'NONE',  ( -31.74999999999995737, 1.836970198721029441E-16, -1.499999999999999556 ) ) ;
#2136 = VERTEX_POINT ( 'NONE', #814 ) ;
#2137 = EDGE_CURVE ( 'NONE', #2051, #6598, #6695, .T. ) ;
#2138 = ORIENTED_EDGE ( 'NONE', *, *, #6909, .T. ) ;
#2139 = VECTOR ( 'NONE', #1564, 1000.000000000000000 ) ;
#2140 = ORIENTED_EDGE ( 'NONE', *, *, #5025, .F. ) ;
#2141 = DIRECTION ( 'NONE',  ( -1.000000000000000000, -1.224606353822377258E-16, -0.000000000000000000 ) ) ;
#2142 = CARTESIAN_POINT ( 'NONE',  ( 6.499999999999999112, -1.219500000000000028, 1.665213485140615106E-16 ) ) ;
#2143 = CARTESIAN_POINT ( 'NONE',  ( -31.74999999999995737, 0.000000000000000000, 0.000000000000000000 ) ) ;
#2144 = DIRECTION ( 'NONE',  ( -1.000000000000000000, -1.224606353822377258E-16, -0.000000000000000000 ) ) ;
#2145 = VERTEX_POINT ( 'NONE', #694 ) ;
#2146 = DIRECTION ( 'NONE',  ( -1.000000000000000000, -0.000000000000000000, -0.000000000000000000 ) ) ;
#2147 = EDGE_LOOP ( 'NONE', ( #1187, #1915, #3274, #3965, #6921 ) ) ;
#2148 = LINE ( 'NONE', #3301, #7321 ) ;
#2149 = FACE_OUTER_BOUND ( 'NONE', #1985, .T. ) ;
#2150 = ADVANCED_FACE ( 'NONE', ( #2458 ), #3064, .F. ) ;
#2151 = DIRECTION ( 'NONE',  ( 1.000000000000000000, 1.224606353822377258E-16, 0.000000000000000000 ) ) ;
#2152 = ORIENTED_EDGE ( 'NONE', *, *, #812, .T. ) ;
#2153 = CARTESIAN_POINT ( 'NONE',  ( 10.30359178553217525, 1.836970198721020813E-16, -1.500000000000001332 ) ) ;
#2154 = ORIENTED_EDGE ( 'NONE', *, *, #3655, .F. ) ;
#2155 = ORIENTED_EDGE ( 'NONE', *, *, #2434, .T. ) ;
#2156 = EDGE_CURVE ( 'NONE', #1057, #4996, #7111, .T. ) ;
#2157 = CARTESIAN_POINT ( 'NONE',  ( 11.50000000000000000, 1.001115694249792856E-15, 0.000000000000000000 ) ) ;
#2158 = DIRECTION ( 'NONE',  ( 0.000000000000000000, 0.000000000000000000, 1.000000000000000000 ) ) ;
#2159 = EDGE_CURVE ( 'NONE', #4724, #7381, #1894, .T. ) ;
#2160 = FACE_OUTER_BOUND ( 'NONE', #3347, .T. ) ;
#2161 = EDGE_CURVE ( 'NONE', #4053, #3491, #4230, .T. ) ;
#2162 = DIRECTION ( 'NONE',  ( 0.000000000000000000, -1.000000000000000000, 0.000000000000000000 ) ) ;
#2163 = EDGE_LOOP ( 'NONE', ( #5036, #927, #2781, #4526, #7507 ) ) ;
#2164 = DIRECTION ( 'NONE',  ( 0.000000000000000000, 0.000000000000000000, 1.000000000000000000 ) ) ;
#2165 = ORIENTED_EDGE ( 'NONE', *, *, #5549, .F. ) ;
#2166 = DIRECTION ( 'NONE',  ( 0.000000000000000000, -1.000000000000000000, 0.000000000000000000 ) ) ;
#2167 = CARTESIAN_POINT ( 'NONE',  ( 11.50000000000000000, 1.219500000000002249, 1.493456771560198551E-16 ) ) ;
#2168 = DIRECTION ( 'NONE',  ( -1.000000000000000000, -0.000000000000000000, -0.000000000000000000 ) ) ;
#2169 = VERTEX_POINT ( 'NONE', #1388 ) ;
#2170 = CONICAL_SURFACE ( 'NONE', #5496, 1.219500000000001139, 0.9599310885968800333 ) ;
#2171 = ORIENTED_EDGE ( 'NONE', *, *, #49, .F. ) ;
#2172 = CARTESIAN_POINT ( 'NONE',  ( 9.500000000000000000, 1.219500000000002249, 0.000000000000000000 ) ) ;
#2173 = DIRECTION ( 'NONE',  ( -1.000000000000000000, -1.224606353822377258E-16, -0.000000000000000000 ) ) ;
#2174 = VECTOR ( 'NONE', #2270, 1000.000000000000000 ) ;
#2175 = AXIS2_PLACEMENT_3D ( 'NONE', #2006, #1966, #6623 ) ;
#2176 = CARTESIAN_POINT ( 'NONE',  ( 20.69640821446782297, -1.500000000000000222, 1.836970198721031413E-16 ) ) ;
#2177 = VECTOR ( 'NONE', #6019, 1000.000000000000000 ) ;
#2178 = CYLINDRICAL_SURFACE ( 'NONE', #7486, 1.499999999999999556 ) ;
#2179 = ORIENTED_EDGE ( 'NONE', *, *, #1887, .F. ) ;
#2180 = VECTOR ( 'NONE', #4677, 1000.000000000000227 ) ;
#2181 = DIRECTION ( 'NONE',  ( -0.5735764363510470476, -0.8191520442889912434, 0.000000000000000000 ) ) ;
#2182 = ORIENTED_EDGE ( 'NONE', *, *, #4519, .F. ) ;
#2183 = CARTESIAN_POINT ( 'NONE',  ( 21.69640821446782297, -1.155557966632341512E-30, 1.500000000000001332 ) ) ;
#2184 = EDGE_CURVE ( 'NONE', #5836, #6221, #6045, .T. ) ;
#2185 = AXIS2_PLACEMENT_3D ( 'NONE', #5004, #6887, #1008 ) ;
#2186 = CARTESIAN_POINT ( 'NONE',  ( 12.69640821446782120, 1.025167968987813186E-15, 0.000000000000000000 ) ) ;
#2187 = VECTOR ( 'NONE', #2168, 1000.000000000000000 ) ;
#2188 = LINE ( 'NONE', #2225, #5612 ) ;
#2189 = VERTEX_POINT ( 'NONE', #5428 ) ;
#2191 = CARTESIAN_POINT ( 'NONE',  ( 13.69640821446782297, -1.348150961071065097E-30, 1.500000000000001332 ) ) ;
#2190 = CIRCLE ( 'NONE', #4028, 1.500000000000001110 ) ;
#2192 = ORIENTED_EDGE ( 'NONE', *, *, #2434, .F. ) ;
#2193 = VERTEX_POINT ( 'NONE', #6120 ) ;
#2194 = ADVANCED_FACE ( 'NONE', ( #1960 ), #4051, .T. ) ;
#2195 = DIRECTION ( 'NONE',  ( -1.000000000000000000, -1.224606353822377258E-16, -0.000000000000000000 ) ) ;
#2196 = DIRECTION ( 'NONE',  ( -1.000000000000000000, -1.224606353822377258E-16, -0.000000000000000000 ) ) ;
#2197 = LINE ( 'NONE', #3269, #5739 ) ;
#2198 = CARTESIAN_POINT ( 'NONE',  ( 14.19640821446782297, 1.025167968987813186E-15, 0.000000000000000000 ) ) ;
#2199 = ORIENTED_EDGE ( 'NONE', *, *, #3757, .T. ) ;
#2200 = DIRECTION ( 'NONE',  ( 0.000000000000000000, -1.000000000000000000, 0.000000000000000000 ) ) ;
#2201 = EDGE_LOOP ( 'NONE', ( #5202, #3607, #1437 ) ) ;
#2202 = EDGE_CURVE ( 'NONE', #3563, #7296, #2575, .T. ) ;
#2203 = DIRECTION ( 'NONE',  ( -1.000000000000000000, -1.224606353822377258E-16, -0.000000000000000000 ) ) ;
#2204 = EDGE_CURVE ( 'NONE', #7014, #3624, #2213, .T. ) ;
#2205 = DIRECTION ( 'NONE',  ( -1.000000000000000000, -1.224606353822377258E-16, -0.000000000000000000 ) ) ;
#2206 = EDGE_CURVE ( 'NONE', #2491, #7180, #6645, .T. ) ;
#2207 = EDGE_CURVE ( 'NONE', #7150, #5077, #1486, .T. ) ;
#2208 = DIRECTION ( 'NONE',  ( 0.000000000000000000, -1.000000000000000000, 0.000000000000000000 ) ) ;
#2209 = VERTEX_POINT ( 'NONE', #3730 ) ;
#2210 = ADVANCED_FACE ( 'NONE', ( #2501 ), #3929, .T. ) ;
#2211 = ORIENTED_EDGE ( 'NONE', *, *, #5532, .F. ) ;
#2212 = CARTESIAN_POINT ( 'NONE',  ( 20.80359178553217703, -1.155557966632341512E-30, 1.500000000000001332 ) ) ;
#2213 = CIRCLE ( 'NONE', #16, 1.500000000000001110 ) ;
#2214 = CARTESIAN_POINT ( 'NONE',  ( 1.300000000000000044, -0.7274613391789266359, 1.260000000000003118 ) ) ;
#2215 = DIRECTION ( 'NONE',  ( 0.000000000000000000, -1.000000000000000000, 0.000000000000000000 ) ) ;
#2216 = EDGE_LOOP ( 'NONE', ( #1225, #2864, #6484, #3159, #2878 ) ) ;
#2217 = CIRCLE ( 'NONE', #3577, 1.500000000000001110 ) ;
#2218 = DIRECTION ( 'NONE',  ( -1.000000000000000000, -1.224606353822377258E-16, -0.000000000000000000 ) ) ;
#2219 = AXIS2_PLACEMENT_3D ( 'NONE', #42, #2907, #4025 ) ;
#2220 = LINE ( 'NONE', #5105, #3935 ) ;
#2221 = VERTEX_POINT ( 'NONE', #7258 ) ;
#2222 = DIRECTION ( 'NONE',  ( -1.000000000000000000, -0.000000000000000000, -0.000000000000000000 ) ) ;
#2223 = AXIS2_PLACEMENT_3D ( 'NONE', #2281, #5841, #1759 ) ;
#2224 = DIRECTION ( 'NONE',  ( 0.000000000000000000, 1.000000000000000000, 0.000000000000000000 ) ) ;
#2225 = CARTESIAN_POINT ( 'NONE',  ( 17.00000000000000000, 1.219500000000002249, 1.493456771560198551E-16 ) ) ;
#2226 = ORIENTED_EDGE ( 'NONE', *, *, #4561, .T. ) ;
#2227 = ADVANCED_FACE ( 'NONE', ( #4347 ), #4849, .F. ) ;
#2228 = AXIS2_PLACEMENT_3D ( 'NONE', #415, #3404, #5760 ) ;
#2229 = CARTESIAN_POINT ( 'NONE',  ( 22.69640821446782297, 1.025167968987813186E-15, 0.000000000000000000 ) ) ;
#2230 = ORIENTED_EDGE ( 'NONE', *, *, #1350, .F. ) ;
#2231 = DIRECTION ( 'NONE',  ( -1.000000000000000000, -1.224606353822377258E-16, -0.000000000000000000 ) ) ;
#2232 = DIRECTION ( 'NONE',  ( -1.000000000000000000, -1.224606353822377258E-16, -0.000000000000000000 ) ) ;
#2233 = AXIS2_PLACEMENT_3D ( 'NONE', #4632, #6979, #5248 ) ;
#2234 = CARTESIAN_POINT ( 'NONE',  ( 4.803591785532175251, -1.499999999999999778, 0.000000000000000000 ) ) ;
#2235 = FACE_OUTER_BOUND ( 'NONE', #5843, .T. ) ;
#2236 = ORIENTED_EDGE ( 'NONE', *, *, #4398, .T. ) ;
#2237 = CARTESIAN_POINT ( 'NONE',  ( 16.30359178553217347, 1.836970198721020813E-16, -1.500000000000001332 ) ) ;
#2238 = ORIENTED_EDGE ( 'NONE', *, *, #4796, .F. ) ;
#2239 = CONICAL_SURFACE ( 'NONE', #654, 1.219500000000001139, 0.9599310885968800333 ) ;
#2240 = AXIS2_PLACEMENT_3D ( 'NONE', #4334, #1376, #1337 ) ;
#2241 = DIRECTION ( 'NONE',  ( 0.000000000000000000, 0.000000000000000000, 1.000000000000000000 ) ) ;
#2242 = FACE_OUTER_BOUND ( 'NONE', #7300, .T. ) ;
#2243 = AXIS2_PLACEMENT_3D ( 'NONE', #3986, #2761, #5576 ) ;
#2244 = CONICAL_SURFACE ( 'NONE', #176, 1.219500000000001139, 0.9599310885968800333 ) ;
#2245 = CARTESIAN_POINT ( 'NONE',  ( 17.19640821446782297, 1.025167968987813186E-15, 0.000000000000000000 ) ) ;
#2246 = ORIENTED_EDGE ( 'NONE', *, *, #1773, .T. ) ;
#2247 = EDGE_CURVE ( 'NONE', #3170, #2772, #3335, .T. ) ;
#2248 = ORIENTED_EDGE ( 'NONE', *, *, #5837, .T. ) ;
#2249 = DIRECTION ( 'NONE',  ( 0.000000000000000000, -1.000000000000000000, 0.000000000000000000 ) ) ;
#2250 = AXIS2_PLACEMENT_3D ( 'NONE', #1510, #6743, #2651 ) ;
#2251 = EDGE_CURVE ( 'NONE', #2372, #7153, #6037, .T. ) ;
#2252 = CARTESIAN_POINT ( 'NONE',  ( 12.49999999999999822, 1.219500000000002249, 1.493456771560198551E-16 ) ) ;
#2253 = CIRCLE ( 'NONE', #3482, 1.260000000000000009 ) ;
#2254 = CARTESIAN_POINT ( 'NONE',  ( 0.000000000000000000, 1.454922678357858157, -9.757819552369539906E-16 ) ) ;
#2255 = ORIENTED_EDGE ( 'NONE', *, *, #3338, .F. ) ;
#2256 = EDGE_CURVE ( 'NONE', #7153, #5861, #5421, .T. ) ;
#2257 = ADVANCED_FACE ( 'NONE', ( #1533 ), #269, .T. ) ;
#2258 = CONICAL_SURFACE ( 'NONE', #7166, 1.219500000000001139, 0.9599310885968800333 ) ;
#2259 = CARTESIAN_POINT ( 'NONE',  ( 6.803591785532175251, 9.770634195117721323E-16, 0.000000000000000000 ) ) ;
#2260 = ORIENTED_EDGE ( 'NONE', *, *, #3033, .F. ) ;
#2261 = CARTESIAN_POINT ( 'NONE',  ( 13.00000000000000000, 1.219500000000002249, 1.493456771560198551E-16 ) ) ;
#2262 = CONICAL_SURFACE ( 'NONE', #682, 1.219500000000001139, 0.9599310885968800333 ) ;
#2263 = CARTESIAN_POINT ( 'NONE',  ( 9.999999999999998224, 1.001115694249792856E-15, 0.000000000000000000 ) ) ;
#2264 = ORIENTED_EDGE ( 'NONE', *, *, #4557, .T. ) ;
#2265 = CARTESIAN_POINT ( 'NONE',  ( -31.74999999999995737, 0.000000000000000000, 0.000000000000000000 ) ) ;
#2266 = VERTEX_POINT ( 'NONE', #2640 ) ;
#2267 = ORIENTED_EDGE ( 'NONE', *, *, #4256, .T. ) ;
#2268 = CARTESIAN_POINT ( 'NONE',  ( 16.19640821446781942, -1.155557966632341512E-30, 1.500000000000001332 ) ) ;
#2269 = CARTESIAN_POINT ( 'NONE',  ( 19.50000000000000000, 1.001115694249792856E-15, 0.000000000000000000 ) ) ;
#2270 = DIRECTION ( 'NONE',  ( -0.5735764363510472696, 0.8191520442889909104, 1.003171929053523884E-16 ) ) ;
#2271 = EDGE_LOOP ( 'NONE', ( #5163, #6647, #3254, #6160, #887 ) ) ;
#2272 = DIRECTION ( 'NONE',  ( 0.000000000000000000, -0.4999999999999985567, 0.8660254037844393737 ) ) ;
#2273 = ORIENTED_EDGE ( 'NONE', *, *, #4979, .F. ) ;
#2274 = DIRECTION ( 'NONE',  ( 0.000000000000000000, -1.000000000000000000, 0.000000000000000000 ) ) ;
#2275 = DIRECTION ( 'NONE',  ( 0.000000000000000000, -0.5000000000000009992, -0.8660254037844380415 ) ) ;
#2276 = DIRECTION ( 'NONE',  ( 0.000000000000000000, -1.000000000000000000, 0.000000000000000000 ) ) ;
#2277 = DIRECTION ( 'NONE',  ( 0.000000000000000000, -1.000000000000000000, 0.000000000000000000 ) ) ;
#2278 = ORIENTED_EDGE ( 'NONE', *, *, #3065, .T. ) ;
#2279 = ORIENTED_EDGE ( 'NONE', *, *, #2935, .F. ) ;
#2280 = DIRECTION ( 'NONE',  ( -1.000000000000000000, -0.000000000000000000, -0.000000000000000000 ) ) ;
#2281 = CARTESIAN_POINT ( 'NONE',  ( 10.49999999999999822, 1.001115694249792856E-15, 0.000000000000000000 ) ) ;
#2282 = EDGE_CURVE ( 'NONE', #1948, #4212, #2702, .T. ) ;
#2283 = CLOSED_SHELL ( 'NONE', ( #150, #1421, #6229, #1932, #1201, #3411, #6577, #863, #6940, #4335, #5051, #3008, #304, #7020, #2063, #6751, #6441, #5977, #1645, #4800, #5119, #7242, #5789, #2059, #1416, #7231, #3189, #4455, #6396, #4136, #5266, #6682, #5553, #1741, #5598, #7190, #7076, #747, #2114, #2823, #3796, #1320, #2347, #3718, #2194, #7547, #1603, #7118, #1267, #3521, #2257, #4087, #3332, #4544, #6252, #4886, #3938, #7373, #1655, #5782, #607, #3719, #2497, #3898, #7320, #4867, #5210, #7505, #337, #1514, #160, #7317, #7467, #1791, #6813, #5986, #4976, #5361, #5726, #4358, #517, #4650, #1634, #3474, #3576, #1166, #4583, #5164, #6767, #3472, #7580, #2989, #3132, #7509, #2354, #615, #808, #4931, #1026, #1506, #6088, #6190, #5166, #6117, #316, #3105, #5555, #5079, #3312, #7000, #6985, #1120, #4755, #1425, #3186, #4333, #4706, #6206, #3194, #7416, #7275, #2227, #4213, #5148, #2859, #5156, #5417, #4645, #813, #7421, #5649, #4972, #2150, #6687, #7004, #7346, #3806, #4312, #5021, #713, #4930, #6125, #5169, #2353, #7553, #2886, #1180, #6715, #5413, #5510, #543, #1931, #5832, #760, #436, #7, #2845, #6626, #6198, #1377, #3527, #6861, #3557, #604, #4011, #6261, #2446, #6299, #1732, #1157, #4224, #1125, #2580, #5968, #3333, #7473, #2874, #5411, #7461, #5935, #2305, #7103, #1598, #429, #6035, #5618, #6007, #1369, #1547, #983, #1465, #2210, #901, #2630, #6724, #7043, #2866, #5738, #3340, #470, #5929, #834, #4322, #2450, #6218, #903, #859, #5418, #6341, #2698, #6631, #2529, #7284, #2022, #1420, #4182, #2647, #293, #246, #2324, #846, #256, #6305, #5271, #3327, #7095, #2760, #1921, #3890, #4235, #6585, #669, #3323, #6898, #6837, #382, #3057, #5882, #1532, #5814, #3018, #5455, #3388 ) ) ;
#2284 = DIRECTION ( 'NONE',  ( 1.000000000000000000, 1.224606353822377258E-16, 0.000000000000000000 ) ) ;
#2285 = VERTEX_POINT ( 'NONE', #884 ) ;
#2286 = EDGE_CURVE ( 'NONE', #1254, #2502, #2095, .T. ) ;
#2287 = CARTESIAN_POINT ( 'NONE',  ( 4.803591785532175251, -1.155557966632341512E-30, 1.500000000000001332 ) ) ;
#2288 = FACE_OUTER_BOUND ( 'NONE', #719, .T. ) ;
#2289 = ORIENTED_EDGE ( 'NONE', *, *, #117, .T. ) ;
#2290 = AXIS2_PLACEMENT_3D ( 'NONE', #4790, #1214, #2442 ) ;
#2291 = LINE ( 'NONE', #6988, #6054 ) ;
#2292 = EDGE_CURVE ( 'NONE', #6906, #7587, #2073, .T. ) ;
#2293 = EDGE_CURVE ( 'NONE', #7560, #3426, #7365, .T. ) ;
#2294 = FACE_OUTER_BOUND ( 'NONE', #2710, .T. ) ;
#2295 = VECTOR ( 'NONE', #1829, 1000.000000000000000 ) ;
#2296 = CONICAL_SURFACE ( 'NONE', #7218, 1.500000000000001110, 0.9599310885968842522 ) ;
#2297 = AXIS2_PLACEMENT_3D ( 'NONE', #2198, #5779, #2126 ) ;
#2298 = AXIS2_PLACEMENT_3D ( 'NONE', #7557, #3536, #4110 ) ;
#2299 = AXIS2_PLACEMENT_3D ( 'NONE', #7480, #3982, #5101 ) ;
#2300 = LINE ( 'NONE', #4610, #4788 ) ;
#2301 = VERTEX_POINT ( 'NONE', #4420 ) ;
#2302 = DIRECTION ( 'NONE',  ( -1.000000000000000000, -1.224606353822377258E-16, -0.000000000000000000 ) ) ;
#2303 = VERTEX_POINT ( 'NONE', #3217 ) ;
#2304 = DIRECTION ( 'NONE',  ( -1.000000000000000000, -1.224606353822377258E-16, -0.000000000000000000 ) ) ;
#2305 = ADVANCED_FACE ( 'NONE', ( #4381 ), #2178, .T. ) ;
#2306 = VECTOR ( 'NONE', #2551, 1000.000000000000000 ) ;
#2307 = AXIS2_PLACEMENT_3D ( 'NONE', #5904, #630, #2971 ) ;
#2308 = AXIS2_PLACEMENT_3D ( 'NONE', #487, #5171, #2208 ) ;
#2309 = CARTESIAN_POINT ( 'NONE',  ( 13.19640821446782120, 1.500000000000001998, 0.000000000000000000 ) ) ;
#2310 = CARTESIAN_POINT ( 'NONE',  ( 15.69640821446782120, 1.500000000000001998, 0.000000000000000000 ) ) ;
#2311 = VECTOR ( 'NONE', #59, 1000.000000000000227 ) ;
#2312 = FACE_OUTER_BOUND ( 'NONE', #4211, .T. ) ;
#2313 = VERTEX_POINT ( 'NONE', #3831 ) ;
#2314 = CIRCLE ( 'NONE', #6620, 1.500000000000001110 ) ;
#2315 = CARTESIAN_POINT ( 'NONE',  ( 6.303591785532174363, 1.500000000000002442, 1.836970198721031167E-16 ) ) ;
#2316 = ORIENTED_EDGE ( 'NONE', *, *, #5434, .T. ) ;
#2317 = DIRECTION ( 'NONE',  ( -1.000000000000000000, -1.224606353822377258E-16, -0.000000000000000000 ) ) ;
#2318 = DIRECTION ( 'NONE',  ( 0.000000000000000000, -1.000000000000000000, 0.000000000000000000 ) ) ;
#2319 = AXIS2_PLACEMENT_3D ( 'NONE', #3933, #4592, #2786 ) ;
#2320 = DIRECTION ( 'NONE',  ( -1.000000000000000000, -1.224606353822377258E-16, -0.000000000000000000 ) ) ;
#2321 = CARTESIAN_POINT ( 'NONE',  ( -31.74999999999995737, 0.000000000000000000, 1.499999999999999556 ) ) ;
#2322 = ORIENTED_EDGE ( 'NONE', *, *, #6757, .T. ) ;
#2323 = ORIENTED_EDGE ( 'NONE', *, *, #2795, .F. ) ;
#2324 = ADVANCED_FACE ( 'NONE', ( #1609 ), #3947, .T. ) ;
#2325 = EDGE_LOOP ( 'NONE', ( #7500, #6579, #2510, #7035, #959 ) ) ;
#2326 = DIRECTION ( 'NONE',  ( 0.000000000000000000, 0.000000000000000000, 1.000000000000000000 ) ) ;
#2327 = DIRECTION ( 'NONE',  ( 1.000000000000000000, 1.224606353822377258E-16, 0.000000000000000000 ) ) ;
#2328 = ORIENTED_EDGE ( 'NONE', *, *, #117, .F. ) ;
#2329 = CARTESIAN_POINT ( 'NONE',  ( 6.696408214467821196, 1.025167968987813186E-15, 0.000000000000000000 ) ) ;
#2330 = ORIENTED_EDGE ( 'NONE', *, *, #6023, .T. ) ;
#2331 = DIRECTION ( 'NONE',  ( -0.5735764363510472696, 0.8191520442889909104, 1.003171929053523884E-16 ) ) ;
#2332 = ORIENTED_EDGE ( 'NONE', *, *, #7181, .F. ) ;
#2333 = DIRECTION ( 'NONE',  ( -1.000000000000000000, -1.224606353822377258E-16, -0.000000000000000000 ) ) ;
#2334 = ORIENTED_EDGE ( 'NONE', *, *, #1063, .T. ) ;
#2335 = CARTESIAN_POINT ( 'NONE',  ( -31.74999999999995737, 3.367778697655221012E-16, -2.750000000000000000 ) ) ;
#2336 = CARTESIAN_POINT ( 'NONE',  ( 8.000000000000000000, 1.001115694249792856E-15, 0.000000000000000000 ) ) ;
#2337 = AXIS2_PLACEMENT_3D ( 'NONE', #5559, #1519, #4405 ) ;
#2338 = CIRCLE ( 'NONE', #501, 1.260000000000000009 ) ;
#2339 = CARTESIAN_POINT ( 'NONE',  ( 14.19640821446782297, -1.348150961071065097E-30, 1.500000000000001332 ) ) ;
#2340 = ORIENTED_EDGE ( 'NONE', *, *, #3575, .T. ) ;
#2341 = EDGE_CURVE ( 'NONE', #3563, #559, #1030, .T. ) ;
#2342 = EDGE_CURVE ( 'NONE', #2136, #3978, #6997, .T. ) ;
#2343 = DIRECTION ( 'NONE',  ( -1.000000000000000000, -0.000000000000000000, -0.000000000000000000 ) ) ;
#2344 = ORIENTED_EDGE ( 'NONE', *, *, #2389, .T. ) ;
#2345 = EDGE_LOOP ( 'NONE', ( #1148, #1103, #5290, #2117, #4472 ) ) ;
#2346 = CIRCLE ( 'NONE', #6046, 1.500000000000001110 ) ;
#2347 = ADVANCED_FACE ( 'NONE', ( #955 ), #4914, .T. ) ;
#2348 = FACE_OUTER_BOUND ( 'NONE', #506, .T. ) ;
#2349 = DIRECTION ( 'NONE',  ( 1.000000000000000000, 1.224606353822377258E-16, 0.000000000000000000 ) ) ;
#2350 = VECTOR ( 'NONE', #5015, 1000.000000000000000 ) ;
#2351 = CARTESIAN_POINT ( 'NONE',  ( 18.19640821446782297, -1.500000000000000222, 1.836970198721031413E-16 ) ) ;
#2352 = ORIENTED_EDGE ( 'NONE', *, *, #2779, .T. ) ;
#2353 = ADVANCED_FACE ( 'NONE', ( #6225 ), #1725, .T. ) ;
#2354 = ADVANCED_FACE ( 'NONE', ( #3375 ), #3799, .T. ) ;
#2355 = FACE_OUTER_BOUND ( 'NONE', #3949, .T. ) ;
#2356 = EDGE_LOOP ( 'NONE', ( #2230, #5560, #3045, #4735, #308 ) ) ;
#2357 = LINE ( 'NONE', #7502, #4346 ) ;
#2358 = AXIS2_PLACEMENT_3D ( 'NONE', #539, #3534, #2994 ) ;
#2359 = LINE ( 'NONE', #3513, #6961 ) ;
#2360 = DIRECTION ( 'NONE',  ( -1.000000000000000000, -1.224606353822377258E-16, -0.000000000000000000 ) ) ;
#2361 = ORIENTED_EDGE ( 'NONE', *, *, #7084, .F. ) ;
#2362 = CARTESIAN_POINT ( 'NONE',  ( 13.69640821446782297, 1.836970198721018101E-16, -1.500000000000001332 ) ) ;
#2363 = ORIENTED_EDGE ( 'NONE', *, *, #1304, .F. ) ;
#2364 = VECTOR ( 'NONE', #229, 1000.000000000000000 ) ;
#2365 = VERTEX_POINT ( 'NONE', #993 ) ;
#2366 = EDGE_LOOP ( 'NONE', ( #5391, #1601, #4054, #4105, #7132 ) ) ;
#2367 = DIRECTION ( 'NONE',  ( 0.000000000000000000, 0.000000000000000000, 1.000000000000000000 ) ) ;
#2368 = DIRECTION ( 'NONE',  ( 0.000000000000000000, -1.000000000000000000, 0.000000000000000000 ) ) ;
#2369 = AXIS2_PLACEMENT_3D ( 'NONE', #5971, #2302, #3542 ) ;
#2370 = AXIS2_PLACEMENT_3D ( 'NONE', #2054, #1051, #1632 ) ;
#2371 = CARTESIAN_POINT ( 'NONE',  ( 19.19640821446782297, -1.500000000000000000, 1.836970198721031167E-16 ) ) ;
#2372 = VERTEX_POINT ( 'NONE', #6872 ) ;
#2373 = VERTEX_POINT ( 'NONE', #5725 ) ;
#2374 = AXIS2_PLACEMENT_3D ( 'NONE', #518, #4666, #634 ) ;
#2375 = DIRECTION ( 'NONE',  ( -1.000000000000000000, -0.000000000000000000, -0.000000000000000000 ) ) ;
#2376 = VERTEX_POINT ( 'NONE', #455 ) ;
#2377 = CARTESIAN_POINT ( 'NONE',  ( 10.30359178553217525, -1.499999999999999778, 0.000000000000000000 ) ) ;
#2378 = CARTESIAN_POINT ( 'NONE',  ( -31.74999999999995737, 0.000000000000000000, 0.000000000000000000 ) ) ;
#2379 = DIRECTION ( 'NONE',  ( 0.000000000000000000, 1.000000000000000000, 0.000000000000000000 ) ) ;
#2380 = AXIS2_PLACEMENT_3D ( 'NONE', #882, #242, #3252 ) ;
#2381 = CIRCLE ( 'NONE', #7292, 1.219500000000001139 ) ;
#2382 = CARTESIAN_POINT ( 'NONE',  ( 7.803591785532175251, -1.500000000000001110, 0.000000000000000000 ) ) ;
#2383 = ORIENTED_EDGE ( 'NONE', *, *, #2109, .T. ) ;
#2384 = CARTESIAN_POINT ( 'NONE',  ( 3.000000000000002665, 0.000000000000000000, 0.000000000000000000 ) ) ;
#2385 = ORIENTED_EDGE ( 'NONE', *, *, #3667, .T. ) ;
#2386 = CARTESIAN_POINT ( 'NONE',  ( -31.74999999999995737, 0.000000000000000000, 0.000000000000000000 ) ) ;
#2387 = CIRCLE ( 'NONE', #6288, 1.219500000000001139 ) ;
#2388 = CARTESIAN_POINT ( 'NONE',  ( 1.300000000000000044, 0.000000000000000000, 0.000000000000000000 ) ) ;
#2389 = EDGE_CURVE ( 'NONE', #4799, #7350, #4432, .T. ) ;
#2390 = CARTESIAN_POINT ( 'NONE',  ( 17.50000000000000000, 1.001115694249792856E-15, 0.000000000000000000 ) ) ;
#2391 = CARTESIAN_POINT ( 'NONE',  ( 14.49999999999999822, 1.001115694249792856E-15, 0.000000000000000000 ) ) ;
#2392 = ORIENTED_EDGE ( 'NONE', *, *, #7148, .F. ) ;
#2393 = EDGE_CURVE ( 'NONE', #2482, #4971, #3529, .T. ) ;
#2394 = DIRECTION ( 'NONE',  ( 0.000000000000000000, 1.000000000000000000, 0.000000000000000000 ) ) ;
#2395 = ORIENTED_EDGE ( 'NONE', *, *, #3902, .F. ) ;
#2396 = DIRECTION ( 'NONE',  ( 0.000000000000000000, -1.000000000000000000, 0.000000000000000000 ) ) ;
#2397 = DIRECTION ( 'NONE',  ( 0.000000000000000000, 0.000000000000000000, 1.000000000000000000 ) ) ;
#2398 = EDGE_CURVE ( 'NONE', #937, #5884, #7596, .T. ) ;
#2399 = EDGE_CURVE ( 'NONE', #3957, #3120, #7127, .T. ) ;
#2400 = CARTESIAN_POINT ( 'NONE',  ( 20.69640821446782297, -1.500000000000000000, 1.836970198721031167E-16 ) ) ;
#2401 = DIRECTION ( 'NONE',  ( 0.000000000000000000, -1.000000000000000000, 0.000000000000000000 ) ) ;
#2402 = VERTEX_POINT ( 'NONE', #4829 ) ;
#2403 = ORIENTED_EDGE ( 'NONE', *, *, #3599, .F. ) ;
#2404 = ORIENTED_EDGE ( 'NONE', *, *, #2998, .F. ) ;
#2405 = DIRECTION ( 'NONE',  ( -1.000000000000000000, -1.224606353822377258E-16, -0.000000000000000000 ) ) ;
#2406 = DIRECTION ( 'NONE',  ( -1.000000000000000000, -1.224606353822377258E-16, -0.000000000000000000 ) ) ;
#2407 = LINE ( 'NONE', #4759, #2060 ) ;
#2408 = ORIENTED_EDGE ( 'NONE', *, *, #5631, .F. ) ;
#2409 = DIRECTION ( 'NONE',  ( 0.000000000000000000, 0.000000000000000000, 1.000000000000000000 ) ) ;
#2410 = ORIENTED_EDGE ( 'NONE', *, *, #2545, .T. ) ;
#2411 = CARTESIAN_POINT ( 'NONE',  ( 18.69640821446782297, -1.155557966632341512E-30, 1.500000000000001332 ) ) ;
#2412 = ORIENTED_EDGE ( 'NONE', *, *, #2590, .F. ) ;
#2413 = DIRECTION ( 'NONE',  ( 0.000000000000000000, -1.000000000000000000, 0.000000000000000000 ) ) ;
#2414 = VECTOR ( 'NONE', #4074, 1000.000000000000000 ) ;
#2415 = DIRECTION ( 'NONE',  ( 1.000000000000000000, 0.000000000000000000, 0.000000000000000000 ) ) ;
#2416 = AXIS2_PLACEMENT_3D ( 'NONE', #439, #3238, #1010 ) ;
#2417 = CARTESIAN_POINT ( 'NONE',  ( -31.74999999999995737, 0.000000000000000000, 1.499999999999999556 ) ) ;
#2418 = ORIENTED_EDGE ( 'NONE', *, *, #4039, .T. ) ;
#2419 = AXIS2_PLACEMENT_3D ( 'NONE', #2849, #511, #2887 ) ;
#2420 = FACE_OUTER_BOUND ( 'NONE', #6933, .T. ) ;
#2421 = ORIENTED_EDGE ( 'NONE', *, *, #987, .T. ) ;
#2422 = EDGE_CURVE ( 'NONE', #1155, #2482, #4307, .T. ) ;
#2423 = LINE ( 'NONE', #4736, #5373 ) ;
#2424 = AXIS2_PLACEMENT_3D ( 'NONE', #4326, #827, #2591 ) ;
#2425 = CARTESIAN_POINT ( 'NONE',  ( 1.300000000000000044, 1.454922678357858157, -9.757819552369539906E-16 ) ) ;
#2426 = CIRCLE ( 'NONE', #7449, 1.500000000000001110 ) ;
#2427 = VECTOR ( 'NONE', #566, 1000.000000000000000 ) ;
#2428 = DIRECTION ( 'NONE',  ( -0.5735764363510470476, -0.8191520442889912434, 0.000000000000000000 ) ) ;
#2429 = DIRECTION ( 'NONE',  ( 0.000000000000000000, -1.000000000000000000, 0.000000000000000000 ) ) ;
#2430 = ORIENTED_EDGE ( 'NONE', *, *, #6547, .T. ) ;
#2432 = CARTESIAN_POINT ( 'NONE',  ( 1.300000000000000044, 0.7274613391789273020, -1.260000000000000675 ) ) ;
#2431 = AXIS2_PLACEMENT_3D ( 'NONE', #3701, #5406, #4929 ) ;
#2433 = ORIENTED_EDGE ( 'NONE', *, *, #1702, .F. ) ;
#2434 = EDGE_CURVE ( 'NONE', #1879, #2266, #3443, .T. ) ;
#2435 = AXIS2_PLACEMENT_3D ( 'NONE', #5567, #3209, #1380 ) ;
#2436 = DIRECTION ( 'NONE',  ( -1.000000000000000000, -1.224606353822377258E-16, -0.000000000000000000 ) ) ;
#2437 = DIRECTION ( 'NONE',  ( -1.000000000000000000, -0.000000000000000000, -0.000000000000000000 ) ) ;
#2438 = CIRCLE ( 'NONE', #6739, 1.500000000000001110 ) ;
#2439 = AXIS2_PLACEMENT_3D ( 'NONE', #5334, #2979, #4092 ) ;
#2440 = DIRECTION ( 'NONE',  ( -1.000000000000000000, -1.224606353822377258E-16, -0.000000000000000000 ) ) ;
#2441 = MANIFOLD_SOLID_BREP ( 'ThdSchPat', #2283 ) ;
#2442 = DIRECTION ( 'NONE',  ( 0.000000000000000000, 0.000000000000000000, 1.000000000000000000 ) ) ;
#2443 = ORIENTED_EDGE ( 'NONE', *, *, #1554, .F. ) ;
#2444 = ORIENTED_EDGE ( 'NONE', *, *, #3146, .T. ) ;
#2445 = EDGE_CURVE ( 'NONE', #1254, #2365, #5845, .T. ) ;
#2446 = ADVANCED_FACE ( 'NONE', ( #4679 ), #385, .T. ) ;
#2447 = ORIENTED_EDGE ( 'NONE', *, *, #640, .F. ) ;
#2448 = PLANE ( 'NONE',  #4948 ) ;
#2449 = DIRECTION ( 'NONE',  ( 0.000000000000000000, -1.000000000000000000, 0.000000000000000000 ) ) ;
#2450 = ADVANCED_FACE ( 'NONE', ( #608 ), #5916, .T. ) ;
#2451 = CARTESIAN_POINT ( 'NONE',  ( -31.74999999999995737, 0.000000000000000000, 0.000000000000000000 ) ) ;
#2452 = EDGE_LOOP ( 'NONE', ( #1054, #821, #4248, #5136, #488 ) ) ;
#2453 = EDGE_CURVE ( 'NONE', #1193, #4852, #2217, .T. ) ;
#2454 = CARTESIAN_POINT ( 'NONE',  ( 19.19640821446782297, 1.836970198721020073E-16, -1.500000000000001332 ) ) ;
#2455 = EDGE_LOOP ( 'NONE', ( #7308, #1531, #3783, #7576, #2826 ) ) ;
#2456 = CARTESIAN_POINT ( 'NONE',  ( 1.300000000000000044, 1.877893248421450712E-15, 1.260000000000002007 ) ) ;
#2457 = FACE_OUTER_BOUND ( 'NONE', #4760, .T. ) ;
#2458 = FACE_OUTER_BOUND ( 'NONE', #6867, .T. ) ;
#2459 = ORIENTED_EDGE ( 'NONE', *, *, #3236, .F. ) ;
#2460 = VERTEX_POINT ( 'NONE', #2287 ) ;
#2461 = DIRECTION ( 'NONE',  ( 0.000000000000000000, -1.000000000000000000, 0.000000000000000000 ) ) ;
#2462 = VERTEX_POINT ( 'NONE', #3673 ) ;
#2463 = AXIS2_PLACEMENT_3D ( 'NONE', #1571, #3911, #6266 ) ;
#2464 = CARTESIAN_POINT ( 'NONE',  ( -31.74999999999995737, 0.000000000000000000, 0.000000000000000000 ) ) ;
#2465 = AXIS2_PLACEMENT_3D ( 'NONE', #4536, #2107, #6268 ) ;
#2466 = EDGE_CURVE ( 'NONE', #2049, #5335, #7024, .T. ) ;
#2467 = DIRECTION ( 'NONE',  ( -1.000000000000000000, -1.224606353822377258E-16, -0.000000000000000000 ) ) ;
#2468 = CARTESIAN_POINT ( 'NONE',  ( 8.196408214467821196, 1.500000000000001998, 0.000000000000000000 ) ) ;
#2469 = VERTEX_POINT ( 'NONE', #1724 ) ;
#2470 = DIRECTION ( 'NONE',  ( 1.000000000000000000, 1.224606353822377258E-16, 0.000000000000000000 ) ) ;
#2471 = VERTEX_POINT ( 'NONE', #2948 ) ;
#2472 = CIRCLE ( 'NONE', #4680, 1.500000000000001110 ) ;
#2473 = FACE_OUTER_BOUND ( 'NONE', #6031, .T. ) ;
#2474 = CARTESIAN_POINT ( 'NONE',  ( 22.69640821446782297, 1.500000000000002220, 0.000000000000000000 ) ) ;
#2475 = AXIS2_PLACEMENT_3D ( 'NONE', #7176, #1911, #6600 ) ;
#2476 = LINE ( 'NONE', #188, #1692 ) ;
#2477 = CARTESIAN_POINT ( 'NONE',  ( 16.69640821446782297, 1.836970198721020073E-16, -1.500000000000001332 ) ) ;
#2478 = ORIENTED_EDGE ( 'NONE', *, *, #3845, .T. ) ;
#2479 = DIRECTION ( 'NONE',  ( 0.000000000000000000, -1.000000000000000000, 0.000000000000000000 ) ) ;
#2480 = ORIENTED_EDGE ( 'NONE', *, *, #6065, .F. ) ;
#2481 = AXIS2_PLACEMENT_3D ( 'NONE', #3182, #310, #810 ) ;
#2482 = VERTEX_POINT ( 'NONE', #1334 ) ;
#2483 = LINE ( 'NONE', #1295, #4205 ) ;
#2484 = CARTESIAN_POINT ( 'NONE',  ( 7.303591785532175251, 1.500000000000002442, 1.836970198721031167E-16 ) ) ;
#2485 = EDGE_CURVE ( 'NONE', #6486, #6383, #992, .T. ) ;
#2486 = VECTOR ( 'NONE', #1023, 1000.000000000000000 ) ;
#2487 = DIRECTION ( 'NONE',  ( 0.5735764363510437169, -0.8191520442889933529, 1.003171929053526719E-16 ) ) ;
#2488 = ORIENTED_EDGE ( 'NONE', *, *, #2658, .T. ) ;
#2489 = LINE ( 'NONE', #6041, #27 ) ;
#2490 = EDGE_CURVE ( 'NONE', #6690, #3758, #6278, .T. ) ;
#2491 = VERTEX_POINT ( 'NONE', #6176 ) ;
#2492 = DIRECTION ( 'NONE',  ( 0.000000000000000000, -1.000000000000000000, 0.000000000000000000 ) ) ;
#2493 = AXIS2_PLACEMENT_3D ( 'NONE', #544, #5854, #7563 ) ;
#2494 = CIRCLE ( 'NONE', #4457, 1.500000000000001110 ) ;
#2495 = CARTESIAN_POINT ( 'NONE',  ( 22.30359178553217703, 9.770634195117721323E-16, 0.000000000000000000 ) ) ;
#2496 = SURFACE_STYLE_FILL_AREA ( #1918 ) ;
#2497 = ADVANCED_FACE ( 'NONE', ( #4970 ), #2707, .T. ) ;
#2498 = EDGE_CURVE ( 'NONE', #2788, #6572, #6527, .T. ) ;
#2499 = CIRCLE ( 'NONE', #535, 1.500000000000001110 ) ;
#2500 = CONICAL_SURFACE ( 'NONE', #7286, 1.219500000000001139, 0.9599310885968800333 ) ;
#2501 = FACE_OUTER_BOUND ( 'NONE', #4874, .T. ) ;
#2502 = VERTEX_POINT ( 'NONE', #5484 ) ;
#2503 = AXIS2_PLACEMENT_3D ( 'NONE', #7536, #2819, #5162 ) ;
#2504 = FACE_OUTER_BOUND ( 'NONE', #6482, .T. ) ;
#2505 = ORIENTED_EDGE ( 'NONE', *, *, #3147, .T. ) ;
#2506 = DIRECTION ( 'NONE',  ( -1.000000000000000000, -1.224606353822377258E-16, -0.000000000000000000 ) ) ;
#2507 = AXIS2_PLACEMENT_3D ( 'NONE', #6250, #3317, #1629 ) ;
#2508 = DIRECTION ( 'NONE',  ( -1.000000000000000000, -1.224606353822377258E-16, -0.000000000000000000 ) ) ;
#2509 = DIRECTION ( 'NONE',  ( 0.5735764363510437169, -0.8191520442889933529, 1.003171929053526719E-16 ) ) ;
#2510 = ORIENTED_EDGE ( 'NONE', *, *, #4562, .T. ) ;
#2511 = AXIS2_PLACEMENT_3D ( 'NONE', #492, #5176, #7479 ) ;
#2512 = CARTESIAN_POINT ( 'NONE',  ( 16.50000000000000000, 1.001115694249792856E-15, 0.000000000000000000 ) ) ;
#2513 = ORIENTED_EDGE ( 'NONE', *, *, #5069, .F. ) ;
#2514 = LINE ( 'NONE', #5478, #4217 ) ;
#2515 = CARTESIAN_POINT ( 'NONE',  ( -31.74999999999995737, 1.836970198721029441E-16, -1.499999999999999556 ) ) ;
#2516 = CARTESIAN_POINT ( 'NONE',  ( 1.300000000000000044, 0.000000000000000000, 0.000000000000000000 ) ) ;
#2517 = CARTESIAN_POINT ( 'NONE',  ( 3.000000000000002665, 3.367778697655221012E-16, -2.750000000000000000 ) ) ;
#2518 = ORIENTED_EDGE ( 'NONE', *, *, #4511, .T. ) ;
#2519 = DIRECTION ( 'NONE',  ( 0.000000000000000000, 1.000000000000000000, 0.000000000000000000 ) ) ;
#2520 = EDGE_LOOP ( 'NONE', ( #1559, #6960, #3104, #5172, #1907, #4817 ) ) ;
#2521 = ORIENTED_EDGE ( 'NONE', *, *, #2658, .F. ) ;
#2522 = DIRECTION ( 'NONE',  ( 0.000000000000000000, -0.4999999999999983902, 0.8660254037844394848 ) ) ;
#2523 = CARTESIAN_POINT ( 'NONE',  ( 16.30359178553217347, 9.770634195117721323E-16, 0.000000000000000000 ) ) ;
#2524 = VERTEX_POINT ( 'NONE', #1946 ) ;
#2525 = DIRECTION ( 'NONE',  ( 0.000000000000000000, 1.000000000000000000, 0.000000000000000000 ) ) ;
#2526 = ORIENTED_EDGE ( 'NONE', *, *, #5777, .F. ) ;
#2527 = CARTESIAN_POINT ( 'NONE',  ( 7.196408214467821196, 1.500000000000001998, 0.000000000000000000 ) ) ;
#2528 = ORIENTED_EDGE ( 'NONE', *, *, #3485, .T. ) ;
#2529 = ADVANCED_FACE ( 'NONE', ( #6749 ), #5662, .T. ) ;
#2530 = LINE ( 'NONE', #1958, #6293 ) ;
#2531 = DIRECTION ( 'NONE',  ( -1.000000000000000000, -0.000000000000000000, -0.000000000000000000 ) ) ;
#2532 = EDGE_CURVE ( 'NONE', #4535, #41, #1608, .T. ) ;
#2533 = CARTESIAN_POINT ( 'NONE',  ( 16.50000000000000000, 1.001115694249792856E-15, 0.000000000000000000 ) ) ;
#2534 = ORIENTED_EDGE ( 'NONE', *, *, #5189, .F. ) ;
#2535 = LINE ( 'NONE', #1430, #2128 ) ;
#2536 = VERTEX_POINT ( 'NONE', #227 ) ;
#2537 = EDGE_CURVE ( 'NONE', #4566, #5485, #3934, .T. ) ;
#2538 = CYLINDRICAL_SURFACE ( 'NONE', #6372, 1.499999999999999556 ) ;
#2539 = EDGE_CURVE ( 'NONE', #6525, #271, #1368, .T. ) ;
#2540 = AXIS2_PLACEMENT_3D ( 'NONE', #6509, #661, #1276 ) ;
#2541 = DIRECTION ( 'NONE',  ( -1.000000000000000000, -1.224606353822377258E-16, -0.000000000000000000 ) ) ;
#2542 = CIRCLE ( 'NONE', #3524, 1.500000000000001110 ) ;
#2543 = FACE_OUTER_BOUND ( 'NONE', #5607, .T. ) ;
#2544 = ORIENTED_EDGE ( 'NONE', *, *, #3809, .F. ) ;
#2545 = EDGE_CURVE ( 'NONE', #2469, #454, #2593, .T. ) ;
#2546 = CARTESIAN_POINT ( 'NONE',  ( 23.00000000000000000, 1.219500000000000028, 0.000000000000000000 ) ) ;
#2547 = ORIENTED_EDGE ( 'NONE', *, *, #2587, .T. ) ;
#2548 = AXIS2_PLACEMENT_3D ( 'NONE', #513, #4549, #5009 ) ;
#2549 = CARTESIAN_POINT ( 'NONE',  ( 11.80359178553217703, 1.836970198721020813E-16, -1.500000000000001332 ) ) ;
#2550 = AXIS2_PLACEMENT_3D ( 'NONE', #1281, #2541, #6053 ) ;
#2551 = DIRECTION ( 'NONE',  ( -0.5735764363510472696, 0.8191520442889909104, 1.003171929053523884E-16 ) ) ;
#2552 = LINE ( 'NONE', #2046, #3040 ) ;
#2553 = AXIS2_PLACEMENT_3D ( 'NONE', #4555, #6895, #5675 ) ;
#2554 = AXIS2_PLACEMENT_3D ( 'NONE', #287, #4892, #3807 ) ;
#2555 =( GEOMETRIC_REPRESENTATION_CONTEXT ( 3 ) GLOBAL_UNCERTAINTY_ASSIGNED_CONTEXT ( ( #5816 ) ) GLOBAL_UNIT_ASSIGNED_CONTEXT ( ( #4149, #4262, #692 ) ) REPRESENTATION_CONTEXT ( 'NONE', 'WORKASPACE' ) );
#2556 = DIRECTION ( 'NONE',  ( -1.000000000000000000, -1.224606353822377258E-16, -0.000000000000000000 ) ) ;
#2557 = VERTEX_POINT ( 'NONE', #4330 ) ;
#2558 = VECTOR ( 'NONE', #7402, 1000.000000000000000 ) ;
#2559 = CARTESIAN_POINT ( 'NONE',  ( 18.69640821446782297, 1.025167968987813186E-15, 0.000000000000000000 ) ) ;
#2560 = VERTEX_POINT ( 'NONE', #871 ) ;
#2561 = DIRECTION ( 'NONE',  ( -1.000000000000000000, -1.224606353822377258E-16, -0.000000000000000000 ) ) ;
#2562 = AXIS2_PLACEMENT_3D ( 'NONE', #933, #1512, #2124 ) ;
#2563 = CARTESIAN_POINT ( 'NONE',  ( 5.196408214467821196, 1.025167968987813186E-15, 0.000000000000000000 ) ) ;
#2564 = AXIS2_PLACEMENT_3D ( 'NONE', #7251, #2097, #4943 ) ;
#2565 = CARTESIAN_POINT ( 'NONE',  ( 19.69640821446782297, 1.025167968987813186E-15, 0.000000000000000000 ) ) ;
#2566 = VERTEX_POINT ( 'NONE', #3243 ) ;
#2567 = EDGE_CURVE ( 'NONE', #1860, #5527, #4904, .T. ) ;
#2568 = AXIS2_PLACEMENT_3D ( 'NONE', #7192, #4778, #6548 ) ;
#2569 = AXIS2_PLACEMENT_3D ( 'NONE', #1370, #3705, #4402 ) ;
#2570 = CYLINDRICAL_SURFACE ( 'NONE', #3445, 1.499999999999999556 ) ;
#2571 = ORIENTED_EDGE ( 'NONE', *, *, #2620, .T. ) ;
#2572 = FACE_BOUND ( 'NONE', #786, .T. ) ;
#2573 = DIRECTION ( 'NONE',  ( -1.000000000000000000, -1.224606353822377258E-16, -0.000000000000000000 ) ) ;
#2574 = ORIENTED_EDGE ( 'NONE', *, *, #2779, .F. ) ;
#2575 = LINE ( 'NONE', #736, #1362 ) ;
#2576 = ORIENTED_EDGE ( 'NONE', *, *, #3579, .F. ) ;
#2577 = DIRECTION ( 'NONE',  ( -1.000000000000000000, -0.000000000000000000, -0.000000000000000000 ) ) ;
#2578 = VERTEX_POINT ( 'NONE', #3819 ) ;
#2579 = DIRECTION ( 'NONE',  ( 0.000000000000000000, -1.000000000000000000, 0.000000000000000000 ) ) ;
#2580 = ADVANCED_FACE ( 'NONE', ( #5526 ), #6040, .T. ) ;
#2581 = DIRECTION ( 'NONE',  ( 0.000000000000000000, 1.000000000000000000, 0.000000000000000000 ) ) ;
#2582 = CARTESIAN_POINT ( 'NONE',  ( 19.69640821446782297, -1.500000000000000000, 1.836970198721031167E-16 ) ) ;
#2583 = ORIENTED_EDGE ( 'NONE', *, *, #4306, .T. ) ;
#2584 = CARTESIAN_POINT ( 'NONE',  ( 12.19640821446782120, -1.500000000000000222, 1.836970198721031413E-16 ) ) ;
#2585 = ORIENTED_EDGE ( 'NONE', *, *, #4367, .T. ) ;
#2586 =( GEOMETRIC_REPRESENTATION_CONTEXT ( 3 ) GLOBAL_UNCERTAINTY_ASSIGNED_CONTEXT ( ( #7491 ) ) GLOBAL_UNIT_ASSIGNED_CONTEXT ( ( #6338, #757, #5802 ) ) REPRESENTATION_CONTEXT ( 'NONE', 'WORKASPACE' ) );
#2587 = EDGE_CURVE ( 'NONE', #2084, #266, #4674, .T. ) ;
#2588 = CARTESIAN_POINT ( 'NONE',  ( 7.500000000000000000, 1.001115694249792856E-15, 0.000000000000000000 ) ) ;
#2589 = CARTESIAN_POINT ( 'NONE',  ( 8.196408214467821196, 1.025167968987813186E-15, 0.000000000000000000 ) ) ;
#2590 = EDGE_CURVE ( 'NONE', #1233, #6908, #3855, .T. ) ;
#2591 = DIRECTION ( 'NONE',  ( 0.000000000000000000, -1.000000000000000000, 0.000000000000000000 ) ) ;
#2592 = EDGE_CURVE ( 'NONE', #4301, #4742, #4313, .T. ) ;
#2593 = CIRCLE ( 'NONE', #6884, 1.500000000000001110 ) ;
#2594 = DIRECTION ( 'NONE',  ( 0.000000000000000000, -1.000000000000000000, 0.000000000000000000 ) ) ;
#2595 = ORIENTED_EDGE ( 'NONE', *, *, #2824, .F. ) ;
#2596 = AXIS2_PLACEMENT_3D ( 'NONE', #4222, #3107, #3682 ) ;
#2597 = DIRECTION ( 'NONE',  ( -0.5735764363510470476, -0.8191520442889912434, 0.000000000000000000 ) ) ;
#2598 = VERTEX_POINT ( 'NONE', #6212 ) ;
#2599 = LINE ( 'NONE', #3752, #2364 ) ;
#2600 = DIRECTION ( 'NONE',  ( -1.000000000000000000, -0.000000000000000000, -0.000000000000000000 ) ) ;
#2601 = DIRECTION ( 'NONE',  ( -1.000000000000000000, -1.224606353822377258E-16, -0.000000000000000000 ) ) ;
#2602 = EDGE_LOOP ( 'NONE', ( #1585, #2528, #503, #5970, #5609 ) ) ;
#2603 = AXIS2_PLACEMENT_3D ( 'NONE', #4907, #6680, #1989 ) ;
#2604 = ORIENTED_EDGE ( 'NONE', *, *, #3479, .T. ) ;
#2605 = DIRECTION ( 'NONE',  ( -1.000000000000000000, -1.224606353822377258E-16, -0.000000000000000000 ) ) ;
#2606 = DIRECTION ( 'NONE',  ( -1.000000000000000000, -1.224606353822377258E-16, -0.000000000000000000 ) ) ;
#2607 = VECTOR ( 'NONE', #5304, 1000.000000000000000 ) ;
#2608 = DIRECTION ( 'NONE',  ( -0.5735764363510470476, -0.8191520442889912434, 0.000000000000000000 ) ) ;
#2609 = VERTEX_POINT ( 'NONE', #4368 ) ;
#2610 = LINE ( 'NONE', #1468, #5194 ) ;
#2611 = ORIENTED_EDGE ( 'NONE', *, *, #3095, .F. ) ;
#2612 = CARTESIAN_POINT ( 'NONE',  ( 4.999999999999999112, 1.219500000000002249, 1.493456771560198551E-16 ) ) ;
#2613 = CIRCLE ( 'NONE', #2493, 1.500000000000001110 ) ;
#2614 = AXIS2_PLACEMENT_3D ( 'NONE', #4442, #4407, #6179 ) ;
#2615 = DIRECTION ( 'NONE',  ( 0.000000000000000000, -1.000000000000000000, 0.000000000000000000 ) ) ;
#2616 = VERTEX_POINT ( 'NONE', #1411 ) ;
#2617 = CARTESIAN_POINT ( 'NONE',  ( 9.196408214467821196, -1.500000000000000000, 1.836970198721031167E-16 ) ) ;
#2618 = ORIENTED_EDGE ( 'NONE', *, *, #214, .T. ) ;
#2619 = AXIS2_PLACEMENT_3D ( 'NONE', #5704, #2774, #866 ) ;
#2620 = EDGE_CURVE ( 'NONE', #3767, #5547, #6193, .T. ) ;
#2621 = DIRECTION ( 'NONE',  ( 0.000000000000000000, 1.000000000000000000, 0.000000000000000000 ) ) ;
#2622 = CYLINDRICAL_SURFACE ( 'NONE', #7223, 1.499999999999999556 ) ;
#2623 = CARTESIAN_POINT ( 'NONE',  ( -31.74999999999995737, 0.000000000000000000, 1.499999999999999556 ) ) ;
#2624 = CIRCLE ( 'NONE', #1284, 1.500000000000001110 ) ;
#2625 = EDGE_CURVE ( 'NONE', #3150, #6133, #1445, .T. ) ;
#2626 = DIRECTION ( 'NONE',  ( 0.000000000000000000, -1.000000000000000000, 0.000000000000000000 ) ) ;
#2627 = ORIENTED_EDGE ( 'NONE', *, *, #7282, .T. ) ;
#2628 = DIRECTION ( 'NONE',  ( -1.000000000000000000, -1.224606353822377258E-16, -0.000000000000000000 ) ) ;
#2629 = ORIENTED_EDGE ( 'NONE', *, *, #4375, .F. ) ;
#2630 = ADVANCED_FACE ( 'NONE', ( #328 ), #7401, .T. ) ;
#2631 = FACE_OUTER_BOUND ( 'NONE', #2271, .T. ) ;
#2632 = EDGE_CURVE ( 'NONE', #3647, #2313, #792, .T. ) ;
#2633 = AXIS2_PLACEMENT_3D ( 'NONE', #3798, #311, #7257 ) ;
#2634 = CYLINDRICAL_SURFACE ( 'NONE', #1248, 1.499999999999999556 ) ;
#2635 = DIRECTION ( 'NONE',  ( 0.000000000000000000, -1.000000000000000000, 0.000000000000000000 ) ) ;
#2636 = VERTEX_POINT ( 'NONE', #6637 ) ;
#2637 = ORIENTED_EDGE ( 'NONE', *, *, #3666, .F. ) ;
#2638 = PLANE ( 'NONE',  #5678 ) ;
#2639 = CARTESIAN_POINT ( 'NONE',  ( 12.30359178553217525, 9.770634195117721323E-16, 0.000000000000000000 ) ) ;
#2640 = CARTESIAN_POINT ( 'NONE',  ( 14.00000000000000000, -1.219500000000000028, 1.665213485140615106E-16 ) ) ;
#2641 = ORIENTED_EDGE ( 'NONE', *, *, #3659, .T. ) ;
#2642 = DIRECTION ( 'NONE',  ( 0.000000000000000000, 1.000000000000000000, 0.000000000000000000 ) ) ;
#2643 = ORIENTED_EDGE ( 'NONE', *, *, #2161, .F. ) ;
#2644 = CARTESIAN_POINT ( 'NONE',  ( 6.196408214467821196, 1.836970198721020073E-16, -1.500000000000001332 ) ) ;
#2645 = DIRECTION ( 'NONE',  ( 0.000000000000000000, -0.4999999999999985567, 0.8660254037844393737 ) ) ;
#2646 = EDGE_LOOP ( 'NONE', ( #3202, #2418, #6093, #3510, #6973 ) ) ;
#2647 = ADVANCED_FACE ( 'NONE', ( #4046 ), #1668, .T. ) ;
#2648 = DIRECTION ( 'NONE',  ( -1.000000000000000000, -1.224606353822377258E-16, -0.000000000000000000 ) ) ;
#2649 = EDGE_LOOP ( 'NONE', ( #1048, #4938, #7318, #3601, #6048 ) ) ;
#2650 = ORIENTED_EDGE ( 'NONE', *, *, #5734, .T. ) ;
#2651 = DIRECTION ( 'NONE',  ( 0.000000000000000000, -1.000000000000000000, 0.000000000000000000 ) ) ;
#2652 = CARTESIAN_POINT ( 'NONE',  ( 1.300000000000000044, 1.454922678357858157, -9.757819552369539906E-16 ) ) ;
#2653 = CIRCLE ( 'NONE', #6950, 1.500000000000001110 ) ;
#2654 = DIRECTION ( 'NONE',  ( -1.000000000000000000, -0.000000000000000000, -0.000000000000000000 ) ) ;
#2655 = EDGE_LOOP ( 'NONE', ( #1630, #6638, #4683, #6100, #721, #767 ) ) ;
#2656 = CARTESIAN_POINT ( 'NONE',  ( 8.803591785532175251, -1.499999999999999778, 0.000000000000000000 ) ) ;
#2657 = ORIENTED_EDGE ( 'NONE', *, *, #1175, .T. ) ;
#2658 = EDGE_CURVE ( 'NONE', #7003, #4311, #2995, .T. ) ;
#2659 = DIRECTION ( 'NONE',  ( 1.000000000000000000, 1.224606353822377258E-16, 0.000000000000000000 ) ) ;
#2660 = ORIENTED_EDGE ( 'NONE', *, *, #5026, .F. ) ;
#2661 = CIRCLE ( 'NONE', #231, 1.219500000000001139 ) ;
#2662 = AXIS2_PLACEMENT_3D ( 'NONE', #5473, #3694, #3043 ) ;
#2663 = DIRECTION ( 'NONE',  ( 0.000000000000000000, -1.000000000000000000, 0.000000000000000000 ) ) ;
#2664 = DIRECTION ( 'NONE',  ( -1.000000000000000000, -1.224606353822377258E-16, -0.000000000000000000 ) ) ;
#2665 = DIRECTION ( 'NONE',  ( 0.000000000000000000, 0.000000000000000000, 1.000000000000000000 ) ) ;
#2666 = AXIS2_PLACEMENT_3D ( 'NONE', #6217, #2664, #5714 ) ;
#2667 = CONICAL_SURFACE ( 'NONE', #5249, 1.219500000000001139, 0.9599310885968800333 ) ;
#2668 = CIRCLE ( 'NONE', #3653, 1.219500000000001139 ) ;
#2669 = AXIS2_PLACEMENT_3D ( 'NONE', #7549, #2284, #4602 ) ;
#2670 = CARTESIAN_POINT ( 'NONE',  ( 16.50000000000000000, -1.219500000000000028, 0.000000000000000000 ) ) ;
#2671 = VERTEX_POINT ( 'NONE', #3273 ) ;
#2672 = EDGE_CURVE ( 'NONE', #99, #2084, #6075, .T. ) ;
#2673 = EDGE_CURVE ( 'NONE', #3150, #6082, #2782, .T. ) ;
#2674 = ORIENTED_EDGE ( 'NONE', *, *, #4743, .T. ) ;
#2675 = CIRCLE ( 'NONE', #2925, 1.500000000000001110 ) ;
#2676 = AXIS2_PLACEMENT_3D ( 'NONE', #6132, #5437, #3657 ) ;
#2677 = CIRCLE ( 'NONE', #4533, 1.500000000000001110 ) ;
#2678 = CARTESIAN_POINT ( 'NONE',  ( -31.74999999999995737, 0.000000000000000000, 0.000000000000000000 ) ) ;
#2679 = EDGE_CURVE ( 'NONE', #748, #3014, #2253, .T. ) ;
#2680 = LINE ( 'NONE', #5024, #2139 ) ;
#2681 = VECTOR ( 'NONE', #4040, 1000.000000000000000 ) ;
#2682 = EDGE_CURVE ( 'NONE', #2851, #3108, #3361, .T. ) ;
#2683 = CIRCLE ( 'NONE', #7341, 1.500000000000001110 ) ;
#2684 = DIRECTION ( 'NONE',  ( 0.000000000000000000, -1.000000000000000000, 0.000000000000000000 ) ) ;
#2685 = ORIENTED_EDGE ( 'NONE', *, *, #187, .F. ) ;
#2686 = LINE ( 'NONE', #3913, #4558 ) ;
#2687 = ORIENTED_EDGE ( 'NONE', *, *, #4834, .T. ) ;
#2688 = DIRECTION ( 'NONE',  ( -1.000000000000000000, -1.224606353822377258E-16, -0.000000000000000000 ) ) ;
#2689 = CIRCLE ( 'NONE', #715, 1.500000000000001110 ) ;
#2690 = DIRECTION ( 'NONE',  ( -1.000000000000000000, -0.000000000000000000, -0.000000000000000000 ) ) ;
#2691 = DIRECTION ( 'NONE',  ( 0.000000000000000000, -1.000000000000000000, 0.000000000000000000 ) ) ;
#2692 = ORIENTED_EDGE ( 'NONE', *, *, #57, .T. ) ;
#2693 = DIRECTION ( 'NONE',  ( 0.000000000000000000, -1.000000000000000000, 0.000000000000000000 ) ) ;
#2694 = ORIENTED_EDGE ( 'NONE', *, *, #1602, .T. ) ;
#2695 = ORIENTED_EDGE ( 'NONE', *, *, #2490, .T. ) ;
#2696 = CARTESIAN_POINT ( 'NONE',  ( -31.74999999999995737, 0.000000000000000000, 1.499999999999999556 ) ) ;
#2697 = FACE_OUTER_BOUND ( 'NONE', #683, .T. ) ;
#2698 = ADVANCED_FACE ( 'NONE', ( #7468 ), #5203, .T. ) ;
#2699 = CARTESIAN_POINT ( 'NONE',  ( 17.19640821446782297, -1.155557966632341512E-30, 1.500000000000001332 ) ) ;
#2700 = DIRECTION ( 'NONE',  ( -1.000000000000000000, -0.000000000000000000, -0.000000000000000000 ) ) ;
#2701 = EDGE_LOOP ( 'NONE', ( #2993, #6666, #2421, #4831, #3004 ) ) ;
#2702 = CIRCLE ( 'NONE', #5161, 1.500000000000001110 ) ;
#2703 = DIRECTION ( 'NONE',  ( 0.5735764363510434949, 0.8191520442889935749, 0.000000000000000000 ) ) ;
#2704 = VERTEX_POINT ( 'NONE', #2237 ) ;
#2705 = DIRECTION ( 'NONE',  ( -1.000000000000000000, -0.000000000000000000, -0.000000000000000000 ) ) ;
#2706 = CARTESIAN_POINT ( 'NONE',  ( 13.69640821446782297, 1.025167968987813186E-15, 0.000000000000000000 ) ) ;
#2707 = CONICAL_SURFACE ( 'NONE', #4919, 1.219500000000001139, 0.9599310885968800333 ) ;
#2708 = AXIS2_PLACEMENT_3D ( 'NONE', #5302, #2333, #4106 ) ;
#2709 = CYLINDRICAL_SURFACE ( 'NONE', #5260, 1.499999999999999556 ) ;
#2710 = EDGE_LOOP ( 'NONE', ( #4722, #2267, #6919, #7331, #3756 ) ) ;
#2711 = ORIENTED_EDGE ( 'NONE', *, *, #7540, .T. ) ;
#2712 = VECTOR ( 'NONE', #1715, 1000.000000000000000 ) ;
#2713 = CARTESIAN_POINT ( 'NONE',  ( 16.19640821446781942, 1.025167968987813186E-15, 0.000000000000000000 ) ) ;
#2714 = CARTESIAN_POINT ( 'NONE',  ( -31.74999999999995737, 0.000000000000000000, 0.000000000000000000 ) ) ;
#2715 = EDGE_CURVE ( 'NONE', #441, #4301, #1711, .T. ) ;
#2716 = ORIENTED_EDGE ( 'NONE', *, *, #1976, .F. ) ;
#2717 = CARTESIAN_POINT ( 'NONE',  ( 10.30359178553217525, 9.770634195117721323E-16, 0.000000000000000000 ) ) ;
#2718 = EDGE_CURVE ( 'NONE', #7246, #5485, #3435, .T. ) ;
#2719 = DIRECTION ( 'NONE',  ( 0.000000000000000000, -1.000000000000000000, 0.000000000000000000 ) ) ;
#2720 = ORIENTED_EDGE ( 'NONE', *, *, #765, .T. ) ;
#2721 = CARTESIAN_POINT ( 'NONE',  ( 9.196408214467821196, 1.025167968987813186E-15, 0.000000000000000000 ) ) ;
#2722 = ORIENTED_EDGE ( 'NONE', *, *, #6166, .T. ) ;
#2723 = CARTESIAN_POINT ( 'NONE',  ( -31.74999999999995737, 1.836970198721029441E-16, -1.499999999999999556 ) ) ;
#2724 = CONICAL_SURFACE ( 'NONE', #286, 1.500000000000001110, 0.9599310885968842522 ) ;
#2725 = EDGE_CURVE ( 'NONE', #599, #600, #515, .T. ) ;
#2726 = EDGE_CURVE ( 'NONE', #5700, #1193, #1771, .T. ) ;
#2727 = CARTESIAN_POINT ( 'NONE',  ( 14.19640821446782297, 1.025167968987813186E-15, 0.000000000000000000 ) ) ;
#2728 = DIRECTION ( 'NONE',  ( 0.000000000000000000, -1.000000000000000000, 0.000000000000000000 ) ) ;
#2729 = ORIENTED_EDGE ( 'NONE', *, *, #4700, .T. ) ;
#2730 = FACE_OUTER_BOUND ( 'NONE', #5716, .T. ) ;
#2731 = EDGE_LOOP ( 'NONE', ( #5568, #6220, #6228, #5952, #387, #302 ) ) ;
#2732 = VERTEX_POINT ( 'NONE', #5048 ) ;
#2733 = ORIENTED_EDGE ( 'NONE', *, *, #1083, .T. ) ;
#2734 = LINE ( 'NONE', #1438, #5819 ) ;
#2735 = CONICAL_SURFACE ( 'NONE', #3352, 1.500000000000001110, 0.9599310885968842522 ) ;
#2736 = AXIS2_PLACEMENT_3D ( 'NONE', #3788, #197, #6146 ) ;
#2737 = DIRECTION ( 'NONE',  ( -1.000000000000000000, -0.000000000000000000, -0.000000000000000000 ) ) ;
#2738 = CARTESIAN_POINT ( 'NONE',  ( 11.80359178553217703, -1.155557966632341512E-30, 1.500000000000001332 ) ) ;
#2739 = DIRECTION ( 'NONE',  ( -1.000000000000000000, -1.224606353822377258E-16, -0.000000000000000000 ) ) ;
#2740 = ORIENTED_EDGE ( 'NONE', *, *, #856, .F. ) ;
#2741 = CIRCLE ( 'NONE', #3114, 1.500000000000001110 ) ;
#2742 = CONICAL_SURFACE ( 'NONE', #1641, 1.219500000000001139, 0.9599310885968800333 ) ;
#2743 = DIRECTION ( 'NONE',  ( -1.000000000000000000, -1.224606353822377258E-16, -0.000000000000000000 ) ) ;
#2744 = ORIENTED_EDGE ( 'NONE', *, *, #1463, .T. ) ;
#2745 = VECTOR ( 'NONE', #4512, 1000.000000000000000 ) ;
#2746 = CARTESIAN_POINT ( 'NONE',  ( 12.19640821446782120, 1.025167968987813186E-15, 0.000000000000000000 ) ) ;
#2747 = LINE ( 'NONE', #3822, #395 ) ;
#2748 = VECTOR ( 'NONE', #1493, 1000.000000000000000 ) ;
#2749 = AXIS2_PLACEMENT_3D ( 'NONE', #2512, #3773, #6135 ) ;
#2750 = DIRECTION ( 'NONE',  ( 0.000000000000000000, -1.000000000000000000, 0.000000000000000000 ) ) ;
#2751 = VERTEX_POINT ( 'NONE', #6891 ) ;
#2752 = EDGE_CURVE ( 'NONE', #266, #2817, #4619, .T. ) ;
#2753 = CIRCLE ( 'NONE', #4846, 1.219500000000001139 ) ;
#2754 = ORIENTED_EDGE ( 'NONE', *, *, #5963, .T. ) ;
#2755 = LINE ( 'NONE', #6263, #5939 ) ;
#2756 = CARTESIAN_POINT ( 'NONE',  ( 1.300000000000000044, 0.7274613391789273020, -1.260000000000000675 ) ) ;
#2757 = DIRECTION ( 'NONE',  ( -1.000000000000000000, -1.224606353822377258E-16, -0.000000000000000000 ) ) ;
#2758 = DIRECTION ( 'NONE',  ( 0.000000000000000000, -1.000000000000000000, 0.000000000000000000 ) ) ;
#2759 = EDGE_LOOP ( 'NONE', ( #357, #3800, #3572, #2924, #4351, #483 ) ) ;
#2760 = ADVANCED_FACE ( 'NONE', ( #1552 ), #4465, .T. ) ;
#2761 = DIRECTION ( 'NONE',  ( -1.000000000000000000, -1.224606353822377258E-16, -0.000000000000000000 ) ) ;
#2762 = ORIENTED_EDGE ( 'NONE', *, *, #5102, .T. ) ;
#2763 = FACE_OUTER_BOUND ( 'NONE', #4927, .T. ) ;
#2764 = EDGE_CURVE ( 'NONE', #3023, #5813, #1643, .T. ) ;
#2765 = LINE ( 'NONE', #6162, #131 ) ;
#2766 = CARTESIAN_POINT ( 'NONE',  ( 14.00000000000000000, 1.219500000000002249, 0.000000000000000000 ) ) ;
#2767 = EDGE_LOOP ( 'NONE', ( #1998, #4496, #1647, #5276, #3532, #1798 ) ) ;
#2768 = EDGE_CURVE ( 'NONE', #5301, #3912, #185, .T. ) ;
#2769 = EDGE_CURVE ( 'NONE', #4541, #3023, #665, .T. ) ;
#2770 = AXIS2_PLACEMENT_3D ( 'NONE', #1888, #5500, #6575 ) ;
#2771 = DIRECTION ( 'NONE',  ( 0.000000000000000000, -1.000000000000000000, 0.000000000000000000 ) ) ;
#2772 = VERTEX_POINT ( 'NONE', #3930 ) ;
#2773 = CARTESIAN_POINT ( 'NONE',  ( 14.30359178553217525, 9.770634195117721323E-16, 0.000000000000000000 ) ) ;
#2774 = DIRECTION ( 'NONE',  ( -1.000000000000000000, -1.224606353822377258E-16, -0.000000000000000000 ) ) ;
#2775 = EDGE_CURVE ( 'NONE', #3170, #6841, #3359, .T. ) ;
#2776 = CARTESIAN_POINT ( 'NONE',  ( 0.3000000000000016542, 0.000000000000000000, 0.000000000000000000 ) ) ;
#2777 = EDGE_CURVE ( 'NONE', #1155, #6704, #7499, .T. ) ;
#2778 = DIRECTION ( 'NONE',  ( 0.000000000000000000, -1.000000000000000000, 0.000000000000000000 ) ) ;
#2779 = EDGE_CURVE ( 'NONE', #55, #4996, #482, .T. ) ;
#2780 = DIRECTION ( 'NONE',  ( -1.000000000000000000, -0.000000000000000000, -0.000000000000000000 ) ) ;
#2781 = ORIENTED_EDGE ( 'NONE', *, *, #4753, .T. ) ;
#2782 = LINE ( 'NONE', #6821, #6799 ) ;
#2783 = VERTEX_POINT ( 'NONE', #6400 ) ;
#2784 = CARTESIAN_POINT ( 'NONE',  ( 19.30359178553217703, 9.770634195117721323E-16, 0.000000000000000000 ) ) ;
#2785 = AXIS2_PLACEMENT_3D ( 'NONE', #6468, #2966, #4775 ) ;
#2786 = DIRECTION ( 'NONE',  ( 0.000000000000000000, 1.000000000000000000, 0.000000000000000000 ) ) ;
#2787 = DIRECTION ( 'NONE',  ( -1.000000000000000000, -1.224606353822377258E-16, -0.000000000000000000 ) ) ;
#2788 = VERTEX_POINT ( 'NONE', #7006 ) ;
#2789 = VECTOR ( 'NONE', #4198, 1000.000000000000000 ) ;
#2790 = ORIENTED_EDGE ( 'NONE', *, *, #5549, .T. ) ;
#2791 = CARTESIAN_POINT ( 'NONE',  ( 10.30359178553217525, 9.770634195117721323E-16, 0.000000000000000000 ) ) ;
#2792 = AXIS2_PLACEMENT_3D ( 'NONE', #3355, #6851, #3417 ) ;
#2793 = DIRECTION ( 'NONE',  ( -0.5735764363510472696, 0.8191520442889909104, 1.003171929053523884E-16 ) ) ;
#2794 = CONICAL_SURFACE ( 'NONE', #5001, 1.500000000000001110, 0.9599310885968842522 ) ;
#2795 = EDGE_CURVE ( 'NONE', #3811, #7358, #4082, .T. ) ;
#2796 = CARTESIAN_POINT ( 'NONE',  ( 9.500000000000000000, 1.001115694249792856E-15, 0.000000000000000000 ) ) ;
#2797 = ORIENTED_EDGE ( 'NONE', *, *, #942, .F. ) ;
#2798 = AXIS2_PLACEMENT_3D ( 'NONE', #6706, #751, #261 ) ;
#2800 = CARTESIAN_POINT ( 'NONE',  ( 6.499999999999999112, 1.001115694249792856E-15, 0.000000000000000000 ) ) ;
#2799 = CIRCLE ( 'NONE', #1071, 1.219500000000001139 ) ;
#2801 = CIRCLE ( 'NONE', #7224, 1.500000000000001110 ) ;
#2802 = DIRECTION ( 'NONE',  ( 0.000000000000000000, -1.000000000000000000, 0.000000000000000000 ) ) ;
#2803 = ORIENTED_EDGE ( 'NONE', *, *, #6207, .F. ) ;
#2804 = DIRECTION ( 'NONE',  ( -1.000000000000000000, -1.224606353822377258E-16, -0.000000000000000000 ) ) ;
#2805 = DIRECTION ( 'NONE',  ( 1.000000000000000000, 1.224606353822377258E-16, 0.000000000000000000 ) ) ;
#2806 = VECTOR ( 'NONE', #5018, 1000.000000000000000 ) ;
#2807 = DIRECTION ( 'NONE',  ( 0.000000000000000000, -1.000000000000000000, 0.000000000000000000 ) ) ;
#2808 = EDGE_LOOP ( 'NONE', ( #2942, #2488, #4421, #2883, #194 ) ) ;
#2810 = DIRECTION ( 'NONE',  ( -1.000000000000000000, -1.224606353822377258E-16, -0.000000000000000000 ) ) ;
#2809 = CONICAL_SURFACE ( 'NONE', #2077, 1.500000000000001110, 0.9599310885968842522 ) ;
#2811 = ORIENTED_EDGE ( 'NONE', *, *, #3566, .T. ) ;
#2812 = DIRECTION ( 'NONE',  ( 0.000000000000000000, -1.000000000000000000, 0.000000000000000000 ) ) ;
#2813 = DIRECTION ( 'NONE',  ( 1.000000000000000000, 1.224606353822377258E-16, 0.000000000000000000 ) ) ;
#2814 = EDGE_CURVE ( 'NONE', #3767, #4044, #1150, .T. ) ;
#2815 = DIRECTION ( 'NONE',  ( -1.000000000000000000, -1.224606353822377258E-16, -0.000000000000000000 ) ) ;
#2816 = DIRECTION ( 'NONE',  ( 0.000000000000000000, -1.000000000000000000, 0.000000000000000000 ) ) ;
#2817 = VERTEX_POINT ( 'NONE', #3553 ) ;
#2818 = EDGE_CURVE ( 'NONE', #5728, #1769, #6562, .T. ) ;
#2819 = DIRECTION ( 'NONE',  ( -1.000000000000000000, -1.224606353822377258E-16, -0.000000000000000000 ) ) ;
#2820 = ORIENTED_EDGE ( 'NONE', *, *, #206, .F. ) ;
#2821 = DIRECTION ( 'NONE',  ( 0.5735764363510434949, 0.8191520442889935749, 0.000000000000000000 ) ) ;
#2822 = DIRECTION ( 'NONE',  ( -1.000000000000000000, -1.224606353822377258E-16, -0.000000000000000000 ) ) ;
#2823 = ADVANCED_FACE ( 'NONE', ( #3047 ), #306, .T. ) ;
#2824 = EDGE_CURVE ( 'NONE', #264, #6927, #913, .T. ) ;
#2825 = DIRECTION ( 'NONE',  ( -1.000000000000000000, -1.224606353822377258E-16, -0.000000000000000000 ) ) ;
#2826 = ORIENTED_EDGE ( 'NONE', *, *, #705, .F. ) ;
#2827 = ORIENTED_EDGE ( 'NONE', *, *, #333, .F. ) ;
#2828 = DIRECTION ( 'NONE',  ( 0.000000000000000000, 0.000000000000000000, 1.000000000000000000 ) ) ;
#2829 = VECTOR ( 'NONE', #7295, 1000.000000000000000 ) ;
#2830 = DIRECTION ( 'NONE',  ( 0.000000000000000000, -1.000000000000000000, 0.000000000000000000 ) ) ;
#2831 = VECTOR ( 'NONE', #5608, 1000.000000000000000 ) ;
#2832 = DIRECTION ( 'NONE',  ( 0.000000000000000000, 0.000000000000000000, 1.000000000000000000 ) ) ;
#2833 = ORIENTED_EDGE ( 'NONE', *, *, #3892, .F. ) ;
#2834 = AXIS2_PLACEMENT_3D ( 'NONE', #3071, #4910, #5422 ) ;
#2835 = DIRECTION ( 'NONE',  ( -1.000000000000000000, -0.000000000000000000, -0.000000000000000000 ) ) ;
#2836 = ORIENTED_EDGE ( 'NONE', *, *, #6540, .F. ) ;
#2837 = CARTESIAN_POINT ( 'NONE',  ( 18.50000000000000000, 1.219500000000002249, 1.493456771560198551E-16 ) ) ;
#2838 = AXIS2_PLACEMENT_3D ( 'NONE', #3068, #4336, #3753 ) ;
#2839 = CARTESIAN_POINT ( 'NONE',  ( 8.196408214467821196, 1.025167968987813186E-15, 0.000000000000000000 ) ) ;
#2840 = DIRECTION ( 'NONE',  ( -0.5735764363510470476, -0.8191520442889912434, 0.000000000000000000 ) ) ;
#2841 = EDGE_LOOP ( 'NONE', ( #4620, #5989, #647, #2459, #7328 ) ) ;
#2842 = CIRCLE ( 'NONE', #6899, 1.500000000000001110 ) ;
#2843 = DIRECTION ( 'NONE',  ( -1.000000000000000000, -0.000000000000000000, -0.000000000000000000 ) ) ;
#2844 = ORIENTED_EDGE ( 'NONE', *, *, #4844, .T. ) ;
#2845 = ADVANCED_FACE ( 'NONE', ( #2355 ), #7050, .T. ) ;
#2846 = DIRECTION ( 'NONE',  ( 0.5735764363510437169, -0.8191520442889933529, 1.003171929053526719E-16 ) ) ;
#2847 = DIRECTION ( 'NONE',  ( 0.000000000000000000, -1.000000000000000000, 0.000000000000000000 ) ) ;
#2848 = CIRCLE ( 'NONE', #6178, 1.500000000000001110 ) ;
#2849 = CARTESIAN_POINT ( 'NONE',  ( 19.00000000000000000, 1.001115694249792856E-15, 0.000000000000000000 ) ) ;
#2850 = CARTESIAN_POINT ( 'NONE',  ( 6.696408214467821196, 1.025167968987813186E-15, 0.000000000000000000 ) ) ;
#2851 = VERTEX_POINT ( 'NONE', #141 ) ;
#2852 = DIRECTION ( 'NONE',  ( -1.000000000000000000, -0.000000000000000000, -0.000000000000000000 ) ) ;
#2853 = VERTEX_POINT ( 'NONE', #6436 ) ;
#2854 = EDGE_CURVE ( 'NONE', #2598, #6588, #4590, .T. ) ;
#2855 = AXIS2_PLACEMENT_3D ( 'NONE', #5037, #1660, #2771 ) ;
#2856 = CIRCLE ( 'NONE', #1269, 1.500000000000001110 ) ;
#2857 = FACE_OUTER_BOUND ( 'NONE', #3117, .T. ) ;
#2858 = DIRECTION ( 'NONE',  ( 1.000000000000000000, 1.224606353822377258E-16, 0.000000000000000000 ) ) ;
#2859 = ADVANCED_FACE ( 'NONE', ( #7122 ), #66, .F. ) ;
#2860 = DIRECTION ( 'NONE',  ( 0.000000000000000000, -1.000000000000000000, 0.000000000000000000 ) ) ;
#2861 = AXIS2_PLACEMENT_3D ( 'NONE', #1890, #4851, #172 ) ;
#2862 = CIRCLE ( 'NONE', #1278, 1.500000000000001110 ) ;
#2863 = CARTESIAN_POINT ( 'NONE',  ( 10.49999999999999822, -1.219500000000000028, 0.000000000000000000 ) ) ;
#2864 = ORIENTED_EDGE ( 'NONE', *, *, #1222, .T. ) ;
#2865 = EDGE_CURVE ( 'NONE', #266, #4681, #3118, .T. ) ;
#2866 = ADVANCED_FACE ( 'NONE', ( #4165 ), #6683, .T. ) ;
#2867 = VERTEX_POINT ( 'NONE', #3013 ) ;
#2868 = CARTESIAN_POINT ( 'NONE',  ( 9.196408214467821196, 1.025167968987813186E-15, 0.000000000000000000 ) ) ;
#2869 = VECTOR ( 'NONE', #1772, 1000.000000000000000 ) ;
#2870 = DIRECTION ( 'NONE',  ( -1.000000000000000000, -0.000000000000000000, -0.000000000000000000 ) ) ;
#2871 = AXIS2_PLACEMENT_3D ( 'NONE', #1787, #7160, #1285 ) ;
#2872 = CARTESIAN_POINT ( 'NONE',  ( 23.00000000000000000, 0.000000000000000000, 1.219500000000000028 ) ) ;
#2873 = ORIENTED_EDGE ( 'NONE', *, *, #3690, .T. ) ;
#2874 = ADVANCED_FACE ( 'NONE', ( #7575 ), #2013, .T. ) ;
#2875 = AXIS2_PLACEMENT_3D ( 'NONE', #5098, #4490, #6264 ) ;
#2876 = FILL_AREA_STYLE_COLOUR ( '', #5287 ) ;
#2877 = DIRECTION ( 'NONE',  ( -1.000000000000000000, -1.224606353822377258E-16, -0.000000000000000000 ) ) ;
#2878 = ORIENTED_EDGE ( 'NONE', *, *, #7325, .F. ) ;
#2879 = CARTESIAN_POINT ( 'NONE',  ( 18.80359178553217703, 9.770634195117721323E-16, 0.000000000000000000 ) ) ;
#2880 = CARTESIAN_POINT ( 'NONE',  ( 8.696408214467821196, 1.025167968987813186E-15, 0.000000000000000000 ) ) ;
#2881 = ORIENTED_EDGE ( 'NONE', *, *, #5109, .F. ) ;
#2882 = DIRECTION ( 'NONE',  ( -1.000000000000000000, -1.224606353822377258E-16, -0.000000000000000000 ) ) ;
#2883 = ORIENTED_EDGE ( 'NONE', *, *, #2532, .F. ) ;
#2884 = DIRECTION ( 'NONE',  ( 0.000000000000000000, -1.000000000000000000, 0.000000000000000000 ) ) ;
#2885 = CARTESIAN_POINT ( 'NONE',  ( 5.303591785532175251, 9.770634195117721323E-16, 0.000000000000000000 ) ) ;
#2886 = ADVANCED_FACE ( 'NONE', ( #5362 ), #4959, .T. ) ;
#2887 = DIRECTION ( 'NONE',  ( 0.000000000000000000, -1.000000000000000000, 0.000000000000000000 ) ) ;
#2888 = CARTESIAN_POINT ( 'NONE',  ( 19.19640821446782297, 1.025167968987813186E-15, 0.000000000000000000 ) ) ;
#2889 = ORIENTED_EDGE ( 'NONE', *, *, #568, .F. ) ;
#2890 = DIRECTION ( 'NONE',  ( -1.000000000000000000, -1.224606353822377258E-16, -0.000000000000000000 ) ) ;
#2891 = VERTEX_POINT ( 'NONE', #5862 ) ;
#2892 = CARTESIAN_POINT ( 'NONE',  ( 16.30359178553217347, 9.770634195117721323E-16, 0.000000000000000000 ) ) ;
#2893 = CARTESIAN_POINT ( 'NONE',  ( 20.69640821446782297, 1.025167968987813186E-15, 0.000000000000000000 ) ) ;
#2894 = DIRECTION ( 'NONE',  ( -0.5735764363510470476, -0.8191520442889912434, 0.000000000000000000 ) ) ;
#2895 = ORIENTED_EDGE ( 'NONE', *, *, #3579, .T. ) ;
#2896 = VECTOR ( 'NONE', #1073, 1000.000000000000000 ) ;
#2897 = ORIENTED_EDGE ( 'NONE', *, *, #5692, .T. ) ;
#2898 = EDGE_LOOP ( 'NONE', ( #1332, #5875, #4283, #1540, #2881, #1117 ) ) ;
#2899 = DIRECTION ( 'NONE',  ( -1.000000000000000000, -1.224606353822377258E-16, -0.000000000000000000 ) ) ;
#2900 = CARTESIAN_POINT ( 'NONE',  ( 4.803591785532175251, 9.770634195117721323E-16, 0.000000000000000000 ) ) ;
#2901 = EDGE_CURVE ( 'NONE', #1435, #2964, #4354, .T. ) ;
#2902 = EDGE_CURVE ( 'NONE', #5077, #1435, #2999, .T. ) ;
#2903 = VECTOR ( 'NONE', #5616, 1000.000000000000227 ) ;
#2904 = DIRECTION ( 'NONE',  ( -1.000000000000000000, -1.224606353822377258E-16, -0.000000000000000000 ) ) ;
#2905 = ORIENTED_EDGE ( 'NONE', *, *, #3919, .F. ) ;
#2906 = CARTESIAN_POINT ( 'NONE',  ( 10.69640821446782120, 1.025167968987813186E-15, 0.000000000000000000 ) ) ;
#2907 = DIRECTION ( 'NONE',  ( -1.000000000000000000, -1.224606353822377258E-16, -0.000000000000000000 ) ) ;
#2908 = EDGE_CURVE ( 'NONE', #2482, #1155, #7407, .T. ) ;
#2909 = VERTEX_POINT ( 'NONE', #2315 ) ;
#2910 = AXIS2_PLACEMENT_3D ( 'NONE', #3882, #6245, #4508 ) ;
#2911 = CIRCLE ( 'NONE', #6373, 1.219500000000001139 ) ;
#2912 = AXIS2_PLACEMENT_3D ( 'NONE', #216, #1856, #2581 ) ;
#2913 = LINE ( 'NONE', #44, #2607 ) ;
#2914 = FACE_OUTER_BOUND ( 'NONE', #2759, .T. ) ;
#2915 = EDGE_CURVE ( 'NONE', #2462, #1098, #2381, .T. ) ;
#2916 = CONICAL_SURFACE ( 'NONE', #238, 1.219500000000001139, 0.9599310885968800333 ) ;
#2917 = AXIS2_PLACEMENT_3D ( 'NONE', #5331, #6558, #4089 ) ;
#2918 = CIRCLE ( 'NONE', #6609, 1.500000000000001110 ) ;
#2919 = AXIS2_PLACEMENT_3D ( 'NONE', #5961, #4101, #1761 ) ;
#2920 = LINE ( 'NONE', #2417, #4253 ) ;
#2921 = VERTEX_POINT ( 'NONE', #6057 ) ;
#2922 = CARTESIAN_POINT ( 'NONE',  ( -31.74999999999995737, 0.000000000000000000, 1.499999999999999556 ) ) ;
#2923 = ORIENTED_EDGE ( 'NONE', *, *, #1179, .F. ) ;
#2924 = ORIENTED_EDGE ( 'NONE', *, *, #5017, .T. ) ;
#2925 = AXIS2_PLACEMENT_3D ( 'NONE', #4476, #5588, #5117 ) ;
#2926 = CONICAL_SURFACE ( 'NONE', #4642, 1.500000000000001110, 0.9599310885968842522 ) ;
#2927 = DIRECTION ( 'NONE',  ( -1.000000000000000000, -0.000000000000000000, -0.000000000000000000 ) ) ;
#2928 = DIRECTION ( 'NONE',  ( 0.000000000000000000, -1.000000000000000000, 0.000000000000000000 ) ) ;
#2929 = AXIS2_PLACEMENT_3D ( 'NONE', #1310, #3155, #4854 ) ;
#2930 = CARTESIAN_POINT ( 'NONE',  ( 5.803591785532175251, 9.770634195117721323E-16, 0.000000000000000000 ) ) ;
#2931 = ORIENTED_EDGE ( 'NONE', *, *, #2943, .T. ) ;
#2932 = VECTOR ( 'NONE', #5445, 1000.000000000000000 ) ;
#2933 = DIRECTION ( 'NONE',  ( 0.000000000000000000, -1.000000000000000000, 0.000000000000000000 ) ) ;
#2934 = VERTEX_POINT ( 'NONE', #787 ) ;
#2935 = EDGE_CURVE ( 'NONE', #4239, #3021, #3489, .T. ) ;
#2936 = FACE_OUTER_BOUND ( 'NONE', #1612, .T. ) ;
#2937 = CARTESIAN_POINT ( 'NONE',  ( 22.00000000000000000, 1.001115694249792856E-15, 0.000000000000000000 ) ) ;
#2938 = DIRECTION ( 'NONE',  ( -1.000000000000000000, -0.000000000000000000, -0.000000000000000000 ) ) ;
#2939 = DIRECTION ( 'NONE',  ( -0.7071067811865431318, 8.659560562354987092E-17, -0.7071067811865519026 ) ) ;
#2940 = ORIENTED_EDGE ( 'NONE', *, *, #1801, .T. ) ;
#2941 = ORIENTED_EDGE ( 'NONE', *, *, #3381, .T. ) ;
#2942 = ORIENTED_EDGE ( 'NONE', *, *, #1056, .F. ) ;
#2943 = EDGE_CURVE ( 'NONE', #3983, #4733, #3737, .T. ) ;
#2944 = CARTESIAN_POINT ( 'NONE',  ( 3.099999999999998757, 0.000000000000000000, -1.599999999999999645 ) ) ;
#2945 = CARTESIAN_POINT ( 'NONE',  ( -31.74999999999995737, 0.000000000000000000, 0.000000000000000000 ) ) ;
#2946 = CARTESIAN_POINT ( 'NONE',  ( 13.80359178553217703, 9.770634195117721323E-16, 0.000000000000000000 ) ) ;
#2947 = VERTEX_POINT ( 'NONE', #3742 ) ;
#2948 = CARTESIAN_POINT ( 'NONE',  ( 17.80359178553217347, -1.500000000000004885, 0.000000000000000000 ) ) ;
#2949 = ORIENTED_EDGE ( 'NONE', *, *, #6945, .F. ) ;
#2950 = ORIENTED_EDGE ( 'NONE', *, *, #2545, .F. ) ;
#2951 = MECHANICAL_DESIGN_GEOMETRIC_PRESENTATION_REPRESENTATION (  '', ( #3197 ), #2586 ) ;
#2952 = DIRECTION ( 'NONE',  ( 0.000000000000000000, -1.000000000000000000, 0.000000000000000000 ) ) ;
#2953 = ORIENTED_EDGE ( 'NONE', *, *, #1029, .F. ) ;
#2954 = EDGE_CURVE ( 'NONE', #2189, #2169, #1650, .T. ) ;
#2955 = DIRECTION ( 'NONE',  ( -1.000000000000000000, -0.000000000000000000, -0.000000000000000000 ) ) ;
#2956 = CYLINDRICAL_SURFACE ( 'NONE', #6080, 1.499999999999999556 ) ;
#2957 = DIRECTION ( 'NONE',  ( 0.5735764363510437169, -0.8191520442889933529, 1.003171929053526719E-16 ) ) ;
#2958 = AXIS2_PLACEMENT_3D ( 'NONE', #1482, #831, #5011 ) ;
#2959 = EDGE_CURVE ( 'NONE', #2609, #1508, #3128, .T. ) ;
#2960 = CIRCLE ( 'NONE', #5663, 1.500000000000001110 ) ;
#2961 = DIRECTION ( 'NONE',  ( -1.000000000000000000, -1.224606353822377258E-16, -0.000000000000000000 ) ) ;
#2962 = VERTEX_POINT ( 'NONE', #4318 ) ;
#2963 = DIRECTION ( 'NONE',  ( 0.000000000000000000, 0.000000000000000000, -1.000000000000000000 ) ) ;
#2964 = VERTEX_POINT ( 'NONE', #6665 ) ;
#2965 = EDGE_CURVE ( 'NONE', #4742, #6407, #3366, .T. ) ;
#2966 = DIRECTION ( 'NONE',  ( -1.000000000000000000, -1.224606353822377258E-16, -0.000000000000000000 ) ) ;
#2967 = EDGE_CURVE ( 'NONE', #639, #173, #5960, .T. ) ;
#2968 = CARTESIAN_POINT ( 'NONE',  ( -31.74999999999995737, 0.000000000000000000, 1.499999999999999556 ) ) ;
#2969 = DIRECTION ( 'NONE',  ( 0.5735764363510434949, 0.8191520442889935749, 0.000000000000000000 ) ) ;
#2970 = AXIS2_PLACEMENT_3D ( 'NONE', #2900, #6454, #1178 ) ;
#2971 = DIRECTION ( 'NONE',  ( 0.000000000000000000, 0.000000000000000000, 1.000000000000000000 ) ) ;
#2972 = ORIENTED_EDGE ( 'NONE', *, *, #2069, .F. ) ;
#2973 = CARTESIAN_POINT ( 'NONE',  ( 9.303591785532175251, 9.770634195117721323E-16, 0.000000000000000000 ) ) ;
#2974 = ORIENTED_EDGE ( 'NONE', *, *, #3709, .F. ) ;
#2975 = DIRECTION ( 'NONE',  ( -1.000000000000000000, -0.000000000000000000, -0.000000000000000000 ) ) ;
#2976 = CIRCLE ( 'NONE', #5057, 2.750000000000000000 ) ;
#2977 = DIRECTION ( 'NONE',  ( 0.000000000000000000, -1.000000000000000000, 0.000000000000000000 ) ) ;
#2978 = CARTESIAN_POINT ( 'NONE',  ( 5.196408214467821196, 1.025167968987813186E-15, 0.000000000000000000 ) ) ;
#2979 = DIRECTION ( 'NONE',  ( -1.000000000000000000, -0.000000000000000000, -0.000000000000000000 ) ) ;
#2980 = ORIENTED_EDGE ( 'NONE', *, *, #5586, .F. ) ;
#2981 = EDGE_LOOP ( 'NONE', ( #1891, #2322, #4107, #3308, #1504, #4911 ) ) ;
#2982 = EDGE_LOOP ( 'NONE', ( #2643, #6112, #3734, #2444, #7544 ) ) ;
#2983 = CARTESIAN_POINT ( 'NONE',  ( -31.74999999999995737, 0.000000000000000000, 1.499999999999999556 ) ) ;
#2984 = CARTESIAN_POINT ( 'NONE',  ( 14.19640821446782297, 1.025167968987813186E-15, 0.000000000000000000 ) ) ;
#2985 = CIRCLE ( 'NONE', #7278, 1.500000000000001110 ) ;
#2986 = AXIS2_PLACEMENT_3D ( 'NONE', #6475, #2975, #2241 ) ;
#2987 = CARTESIAN_POINT ( 'NONE',  ( 5.696408214467822084, -1.500000000000000000, 1.836970198721031167E-16 ) ) ;
#2988 = ORIENTED_EDGE ( 'NONE', *, *, #7173, .T. ) ;
#2989 = ADVANCED_FACE ( 'NONE', ( #4926 ), #1474, .T. ) ;
#2990 = ORIENTED_EDGE ( 'NONE', *, *, #2775, .T. ) ;
#2991 = VECTOR ( 'NONE', #143, 1000.000000000000000 ) ;
#2992 = CARTESIAN_POINT ( 'NONE',  ( -31.74999999999995737, 0.000000000000000000, 0.000000000000000000 ) ) ;
#2993 = ORIENTED_EDGE ( 'NONE', *, *, #3485, .F. ) ;
#2994 = DIRECTION ( 'NONE',  ( 0.000000000000000000, -1.000000000000000000, 0.000000000000000000 ) ) ;
#2995 = CIRCLE ( 'NONE', #5828, 1.219500000000001139 ) ;
#2996 = DIRECTION ( 'NONE',  ( -1.000000000000000000, -1.224606353822377258E-16, -0.000000000000000000 ) ) ;
#2997 = CIRCLE ( 'NONE', #4221, 1.219500000000001139 ) ;
#2998 = EDGE_CURVE ( 'NONE', #4488, #6525, #5464, .T. ) ;
#2999 = CIRCLE ( 'NONE', #1776, 1.500000000000001110 ) ;
#3000 = CARTESIAN_POINT ( 'NONE',  ( 8.000000000000000000, 1.001115694249792856E-15, 0.000000000000000000 ) ) ;
#3001 = ORIENTED_EDGE ( 'NONE', *, *, #7142, .T. ) ;
#3002 = DIRECTION ( 'NONE',  ( 0.000000000000000000, -1.000000000000000000, 0.000000000000000000 ) ) ;
#3003 = ORIENTED_EDGE ( 'NONE', *, *, #619, .T. ) ;
#3004 = ORIENTED_EDGE ( 'NONE', *, *, #6946, .T. ) ;
#3005 = CARTESIAN_POINT ( 'NONE',  ( 22.69640821446782297, 1.025167968987813186E-15, 0.000000000000000000 ) ) ;
#3006 = AXIS2_PLACEMENT_3D ( 'NONE', #6116, #3183, #342 ) ;
#3007 = DIRECTION ( 'NONE',  ( -1.000000000000000000, -1.224606353822377258E-16, -0.000000000000000000 ) ) ;
#3008 = ADVANCED_FACE ( 'NONE', ( #3661 ), #6438, .T. ) ;
#3009 = CARTESIAN_POINT ( 'NONE',  ( 17.00000000000000000, -1.219500000000000028, 0.000000000000000000 ) ) ;
#3010 = EDGE_CURVE ( 'NONE', #55, #2524, #5705, .T. ) ;
#3011 = DIRECTION ( 'NONE',  ( 0.000000000000000000, 1.000000000000000000, 0.000000000000000000 ) ) ;
#3012 = ORIENTED_EDGE ( 'NONE', *, *, #5311, .T. ) ;
#3013 = CARTESIAN_POINT ( 'NONE',  ( 10.30359178553217525, -1.155557966632341512E-30, 1.500000000000001332 ) ) ;
#3014 = VERTEX_POINT ( 'NONE', #745 ) ;
#3015 = EDGE_CURVE ( 'NONE', #956, #1681, #864, .T. ) ;
#3016 = CARTESIAN_POINT ( 'NONE',  ( 14.19640821446782297, 1.025167968987813186E-15, 0.000000000000000000 ) ) ;
#3017 = DIRECTION ( 'NONE',  ( 0.5735764363510437169, -0.8191520442889933529, 1.003171929053526719E-16 ) ) ;
#3018 = ADVANCED_FACE ( 'NONE', ( #3195 ), #7197, .T. ) ;
#3019 = CARTESIAN_POINT ( 'NONE',  ( 13.50000000000000000, 1.001115694249792856E-15, 0.000000000000000000 ) ) ;
#3020 = LINE ( 'NONE', #597, #4410 ) ;
#3021 = VERTEX_POINT ( 'NONE', #7236 ) ;
#3022 = VERTEX_POINT ( 'NONE', #257 ) ;
#3023 = VERTEX_POINT ( 'NONE', #2584 ) ;
#3024 = VERTEX_POINT ( 'NONE', #6740 ) ;
#3025 = DIRECTION ( 'NONE',  ( 0.000000000000000000, -1.000000000000000000, 0.000000000000000000 ) ) ;
#3026 = CARTESIAN_POINT ( 'NONE',  ( 15.69640821446782120, 1.025167968987813186E-15, 0.000000000000000000 ) ) ;
#3027 = CARTESIAN_POINT ( 'NONE',  ( 10.49999999999999822, 1.001115694249792856E-15, 0.000000000000000000 ) ) ;
#3028 = ORIENTED_EDGE ( 'NONE', *, *, #6975, .T. ) ;
#3029 = DIRECTION ( 'NONE',  ( 0.000000000000000000, 0.000000000000000000, 1.000000000000000000 ) ) ;
#3030 = EDGE_LOOP ( 'NONE', ( #6776, #4503, #7477, #4713, #228, #621 ) ) ;
#3031 = DIRECTION ( 'NONE',  ( 0.000000000000000000, 0.000000000000000000, 1.000000000000000000 ) ) ;
#3032 = DIRECTION ( 'NONE',  ( -1.000000000000000000, -1.224606353822377258E-16, -0.000000000000000000 ) ) ;
#3033 = EDGE_CURVE ( 'NONE', #1182, #2934, #798, .T. ) ;
#3034 = CIRCLE ( 'NONE', #6839, 1.219500000000001139 ) ;
#3035 = DIRECTION ( 'NONE',  ( 0.000000000000000000, -1.000000000000000000, 0.000000000000000000 ) ) ;
#3036 = ORIENTED_EDGE ( 'NONE', *, *, #4601, .F. ) ;
#3037 = DIRECTION ( 'NONE',  ( 0.000000000000000000, -1.000000000000000000, 0.000000000000000000 ) ) ;
#3038 = ORIENTED_EDGE ( 'NONE', *, *, #4609, .T. ) ;
#3039 = AXIS2_PLACEMENT_3D ( 'NONE', #5787, #7539, #4708 ) ;
#3040 = VECTOR ( 'NONE', #6746, 1000.000000000000000 ) ;
#3041 = CYLINDRICAL_SURFACE ( 'NONE', #6862, 1.499999999999999556 ) ;
#3042 = VECTOR ( 'NONE', #2487, 1000.000000000000227 ) ;
#3043 = DIRECTION ( 'NONE',  ( 0.000000000000000000, -1.000000000000000000, 0.000000000000000000 ) ) ;
#3044 = CYLINDRICAL_SURFACE ( 'NONE', #2065, 1.499999999999999556 ) ;
#3045 = ORIENTED_EDGE ( 'NONE', *, *, #6725, .T. ) ;
#3047 = FACE_OUTER_BOUND ( 'NONE', #7371, .T. ) ;
#3046 = CIRCLE ( 'NONE', #5006, 1.500000000000001110 ) ;
#3048 = EDGE_LOOP ( 'NONE', ( #657, #7364, #4157, #739, #3436 ) ) ;
#3049 = CIRCLE ( 'NONE', #5007, 1.500000000000001110 ) ;
#3050 = CIRCLE ( 'NONE', #6615, 1.500000000000001110 ) ;
#3051 = EDGE_CURVE ( 'NONE', #2040, #1355, #7302, .T. ) ;
#3052 = LINE ( 'NONE', #5405, #2991 ) ;
#3053 = LINE ( 'NONE', #6102, #5382 ) ;
#3054 = CIRCLE ( 'NONE', #3668, 1.500000000000001110 ) ;
#3055 = AXIS2_PLACEMENT_3D ( 'NONE', #5870, #7585, #1753 ) ;
#3056 = DIRECTION ( 'NONE',  ( -1.000000000000000000, -1.224606353822377258E-16, -0.000000000000000000 ) ) ;
#3057 = ADVANCED_FACE ( 'NONE', ( #4963 ), #1140, .T. ) ;
#3058 = DIRECTION ( 'NONE',  ( 0.000000000000000000, -1.000000000000000000, 0.000000000000000000 ) ) ;
#3059 = ORIENTED_EDGE ( 'NONE', *, *, #2632, .T. ) ;
#3060 = ORIENTED_EDGE ( 'NONE', *, *, #6945, .T. ) ;
#3061 = ORIENTED_EDGE ( 'NONE', *, *, #4229, .T. ) ;
#3062 = ORIENTED_EDGE ( 'NONE', *, *, #4234, .T. ) ;
#3063 = VECTOR ( 'NONE', #354, 1000.000000000000000 ) ;
#3064 = CONICAL_SURFACE ( 'NONE', #4655, 1.260000000000000009, 1.047197551196593190 ) ;
#3065 = EDGE_CURVE ( 'NONE', #6995, #3218, #411, .T. ) ;
#3066 = DIRECTION ( 'NONE',  ( -1.000000000000000000, -1.224606353822377258E-16, -0.000000000000000000 ) ) ;
#3067 = EDGE_CURVE ( 'NONE', #5531, #4212, #504, .T. ) ;
#3068 = CARTESIAN_POINT ( 'NONE',  ( -31.74999999999995737, 0.000000000000000000, 0.000000000000000000 ) ) ;
#3069 = DIRECTION ( 'NONE',  ( -1.000000000000000000, -1.224606353822377258E-16, -0.000000000000000000 ) ) ;
#3070 = ORIENTED_EDGE ( 'NONE', *, *, #7474, .F. ) ;
#3071 = CARTESIAN_POINT ( 'NONE',  ( 8.196408214467821196, 1.025167968987813186E-15, 0.000000000000000000 ) ) ;
#3072 = EDGE_LOOP ( 'NONE', ( #5393, #4384, #7072, #5106, #4185 ) ) ;
#3073 = CARTESIAN_POINT ( 'NONE',  ( 11.69640821446782297, -1.348150961071065097E-30, 1.500000000000001332 ) ) ;
#3074 = CARTESIAN_POINT ( 'NONE',  ( 17.50000000000000000, -1.219500000000000028, 0.000000000000000000 ) ) ;
#3075 = DIRECTION ( 'NONE',  ( -1.000000000000000000, -1.224606353822377258E-16, -0.000000000000000000 ) ) ;
#3076 = VERTEX_POINT ( 'NONE', #1077 ) ;
#3077 = DIRECTION ( 'NONE',  ( -1.000000000000000000, -1.224606353822377258E-16, -0.000000000000000000 ) ) ;
#3078 = ORIENTED_EDGE ( 'NONE', *, *, #7054, .T. ) ;
#3079 = EDGE_LOOP ( 'NONE', ( #6835, #5096, #3687, #1137, #1469 ) ) ;
#3080 = AXIS2_PLACEMENT_3D ( 'NONE', #3297, #4985, #5650 ) ;
#3081 = CARTESIAN_POINT ( 'NONE',  ( 20.69640821446782297, 1.500000000000001998, 0.000000000000000000 ) ) ;
#3082 = CONICAL_SURFACE ( 'NONE', #6763, 1.500000000000001110, 0.9599310885968842522 ) ;
#3083 = CARTESIAN_POINT ( 'NONE',  ( 17.19640821446782297, 1.500000000000002220, 0.000000000000000000 ) ) ;
#3084 = DIRECTION ( 'NONE',  ( -1.000000000000000000, -0.000000000000000000, -0.000000000000000000 ) ) ;
#3085 = ORIENTED_EDGE ( 'NONE', *, *, #2341, .T. ) ;
#3086 = DIRECTION ( 'NONE',  ( -1.000000000000000000, -1.224606353822377258E-16, -0.000000000000000000 ) ) ;
#3087 = ORIENTED_EDGE ( 'NONE', *, *, #3787, .F. ) ;
#3088 = CONICAL_SURFACE ( 'NONE', #5047, 1.219500000000001139, 0.9599310885968800333 ) ;
#3089 = FACE_OUTER_BOUND ( 'NONE', #6901, .T. ) ;
#3090 = DIRECTION ( 'NONE',  ( 0.5735764363510437169, -0.8191520442889933529, 1.003171929053526719E-16 ) ) ;
#3091 = CIRCLE ( 'NONE', #6659, 1.500000000000001110 ) ;
#3092 = CARTESIAN_POINT ( 'NONE',  ( 12.30359178553217525, 1.500000000000002442, 1.836970198721031167E-16 ) ) ;
#3093 = DIRECTION ( 'NONE',  ( -1.000000000000000000, -1.224606353822377258E-16, -0.000000000000000000 ) ) ;
#3094 = ORIENTED_EDGE ( 'NONE', *, *, #2625, .F. ) ;
#3095 = EDGE_CURVE ( 'NONE', #2040, #1252, #4542, .T. ) ;
#3096 = CARTESIAN_POINT ( 'NONE',  ( 16.00000000000000000, 1.219500000000002249, 1.493456771560198551E-16 ) ) ;
#3097 = ORIENTED_EDGE ( 'NONE', *, *, #1427, .F. ) ;
#3098 = CIRCLE ( 'NONE', #2228, 1.500000000000001110 ) ;
#3099 = ORIENTED_EDGE ( 'NONE', *, *, #3625, .T. ) ;
#3100 = DIRECTION ( 'NONE',  ( 1.000000000000000000, 1.224606353822377258E-16, 0.000000000000000000 ) ) ;
#3101 = EDGE_CURVE ( 'NONE', #6294, #6259, #3873, .T. ) ;
#3102 = LINE ( 'NONE', #2167, #7016 ) ;
#3103 = DIRECTION ( 'NONE',  ( -1.000000000000000000, -1.224606353822377258E-16, -0.000000000000000000 ) ) ;
#3104 = ORIENTED_EDGE ( 'NONE', *, *, #3851, .T. ) ;
#3105 = ADVANCED_FACE ( 'NONE', ( #6314 ), #3723, .T. ) ;
#3106 = EDGE_CURVE ( 'NONE', #2964, #7381, #467, .T. ) ;
#3107 = DIRECTION ( 'NONE',  ( -1.000000000000000000, -1.224606353822377258E-16, -0.000000000000000000 ) ) ;
#3108 = VERTEX_POINT ( 'NONE', #2118 ) ;
#3109 = DIRECTION ( 'NONE',  ( -1.000000000000000000, -1.224606353822377258E-16, -0.000000000000000000 ) ) ;
#3110 = AXIS2_PLACEMENT_3D ( 'NONE', #7489, #6920, #1041 ) ;
#3111 = CONICAL_SURFACE ( 'NONE', #655, 1.500000000000001110, 0.9599310885968842522 ) ;
#3112 = LINE ( 'NONE', #3685, #5579 ) ;
#3113 = EDGE_CURVE ( 'NONE', #970, #5765, #6775, .T. ) ;
#3114 = AXIS2_PLACEMENT_3D ( 'NONE', #3151, #1307, #6578 ) ;
#3115 = AXIS2_PLACEMENT_3D ( 'NONE', #5116, #1544, #6171 ) ;
#3116 = DIRECTION ( 'NONE',  ( -1.000000000000000000, -1.224606353822377258E-16, -0.000000000000000000 ) ) ;
#3117 = EDGE_LOOP ( 'NONE', ( #1814, #3508, #7352, #5099, #865, #6401 ) ) ;
#3118 = CIRCLE ( 'NONE', #6431, 1.500000000000001110 ) ;
#3119 = DIRECTION ( 'NONE',  ( -1.000000000000000000, -0.000000000000000000, -0.000000000000000000 ) ) ;
#3120 = VERTEX_POINT ( 'NONE', #4470 ) ;
#3121 = AXIS2_PLACEMENT_3D ( 'NONE', #653, #4685, #7145 ) ;
#3122 = DIRECTION ( 'NONE',  ( -1.000000000000000000, -0.000000000000000000, -0.000000000000000000 ) ) ;
#3123 = AXIS2_PLACEMENT_3D ( 'NONE', #5282, #1899, #1126 ) ;
#3124 = CARTESIAN_POINT ( 'NONE',  ( 10.19640821446782297, 1.836970198721020073E-16, -1.500000000000001332 ) ) ;
#3125 = CARTESIAN_POINT ( 'NONE',  ( 5.196408214467821196, 1.025167968987813186E-15, 0.000000000000000000 ) ) ;
#3126 = ORIENTED_EDGE ( 'NONE', *, *, #6909, .F. ) ;
#3127 = AXIS2_PLACEMENT_3D ( 'NONE', #2639, #4876, #6722 ) ;
#3128 = LINE ( 'NONE', #1970, #6084 ) ;
#3129 = ORIENTED_EDGE ( 'NONE', *, *, #4234, .F. ) ;
#3130 = CARTESIAN_POINT ( 'NONE',  ( 21.19640821446782297, 1.500000000000001998, 0.000000000000000000 ) ) ;
#3131 = FACE_OUTER_BOUND ( 'NONE', #7131, .T. ) ;
#3132 = ADVANCED_FACE ( 'NONE', ( #396 ), #1635, .T. ) ;
#3133 = CARTESIAN_POINT ( 'NONE',  ( 19.80359178553217703, 1.499999999999997335, 1.836970198721025250E-16 ) ) ;
#3134 = CARTESIAN_POINT ( 'NONE',  ( 15.30359178553217525, 9.770634195117721323E-16, 0.000000000000000000 ) ) ;
#3135 = ORIENTED_EDGE ( 'NONE', *, *, #4374, .T. ) ;
#3136 = DIRECTION ( 'NONE',  ( -1.000000000000000000, -1.224606353822377258E-16, -0.000000000000000000 ) ) ;
#3137 = ORIENTED_EDGE ( 'NONE', *, *, #4469, .F. ) ;
#3138 = LINE ( 'NONE', #4869, #1882 ) ;
#3139 = DIRECTION ( 'NONE',  ( -1.000000000000000000, -1.224606353822377258E-16, -0.000000000000000000 ) ) ;
#3140 = FACE_OUTER_BOUND ( 'NONE', #6641, .T. ) ;
#3141 = ORIENTED_EDGE ( 'NONE', *, *, #6518, .F. ) ;
#3142 = CARTESIAN_POINT ( 'NONE',  ( -31.74999999999995737, 0.000000000000000000, 0.000000000000000000 ) ) ;
#3143 = ORIENTED_EDGE ( 'NONE', *, *, #1625, .F. ) ;
#3144 = CARTESIAN_POINT ( 'NONE',  ( 9.696408214467822972, 1.025167968987813186E-15, 0.000000000000000000 ) ) ;
#3145 = CARTESIAN_POINT ( 'NONE',  ( 9.696408214467822972, 1.025167968987813186E-15, 0.000000000000000000 ) ) ;
#3146 = EDGE_CURVE ( 'NONE', #1419, #4563, #6911, .T. ) ;
#3147 = EDGE_CURVE ( 'NONE', #2560, #2671, #6810, .T. ) ;
#3148 = EDGE_CURVE ( 'NONE', #7564, #7560, #928, .T. ) ;
#3149 = CARTESIAN_POINT ( 'NONE',  ( 22.69640821446782297, -1.500000000000000000, 1.836970198721031167E-16 ) ) ;
#3150 = VERTEX_POINT ( 'NONE', #3263 ) ;
#3151 = CARTESIAN_POINT ( 'NONE',  ( 18.80359178553217703, 9.770634195117721323E-16, 0.000000000000000000 ) ) ;
#3152 = ORIENTED_EDGE ( 'NONE', *, *, #3803, .T. ) ;
#3153 = EDGE_CURVE ( 'NONE', #3256, #600, #5619, .T. ) ;
#3154 = EDGE_CURVE ( 'NONE', #5569, #599, #6237, .T. ) ;
#3155 = DIRECTION ( 'NONE',  ( -1.000000000000000000, -1.224606353822377258E-16, -0.000000000000000000 ) ) ;
#3156 = AXIS2_PLACEMENT_3D ( 'NONE', #4694, #5737, #2884 ) ;
#3157 = CARTESIAN_POINT ( 'NONE',  ( 11.19640821446782120, 1.025167968987813186E-15, 0.000000000000000000 ) ) ;
#3158 = CARTESIAN_POINT ( 'NONE',  ( 8.000000000000000000, -1.219500000000000028, 1.665213485140615106E-16 ) ) ;
#3159 = ORIENTED_EDGE ( 'NONE', *, *, #6643, .F. ) ;
#3160 = CARTESIAN_POINT ( 'NONE',  ( 20.19640821446781942, 1.025167968987813186E-15, 0.000000000000000000 ) ) ;
#3161 = ORIENTED_EDGE ( 'NONE', *, *, #5666, .T. ) ;
#3162 = AXIS2_PLACEMENT_3D ( 'NONE', #5849, #5805, #1809 ) ;
#3163 = LINE ( 'NONE', #1974, #4587 ) ;
#3164 = CONICAL_SURFACE ( 'NONE', #4636, 1.500000000000001110, 0.9599310885968842522 ) ;
#3165 = FACE_OUTER_BOUND ( 'NONE', #5634, .T. ) ;
#3166 = DIRECTION ( 'NONE',  ( 0.5735764363510437169, -0.8191520442889933529, 1.003171929053526719E-16 ) ) ;
#3167 = CIRCLE ( 'NONE', #7456, 1.500000000000001110 ) ;
#3168 = ORIENTED_EDGE ( 'NONE', *, *, #6903, .T. ) ;
#3169 = LINE ( 'NONE', #7307, #2932 ) ;
#3170 = VERTEX_POINT ( 'NONE', #359 ) ;
#3171 = AXIS2_PLACEMENT_3D ( 'NONE', #6301, #5800, #5216 ) ;
#3172 = CARTESIAN_POINT ( 'NONE',  ( 10.19640821446782297, 1.025167968987813186E-15, 0.000000000000000000 ) ) ;
#3173 = ORIENTED_EDGE ( 'NONE', *, *, #6126, .T. ) ;
#3174 = DIRECTION ( 'NONE',  ( -1.000000000000000000, -1.224606353822377258E-16, -0.000000000000000000 ) ) ;
#3175 = CIRCLE ( 'NONE', #249, 1.500000000000001110 ) ;
#3176 = CARTESIAN_POINT ( 'NONE',  ( 4.999999999999999112, 1.219500000000002249, 0.000000000000000000 ) ) ;
#3177 = CIRCLE ( 'NONE', #5138, 1.500000000000001110 ) ;
#3178 = CARTESIAN_POINT ( 'NONE',  ( 20.80359178553217703, 9.770634195117721323E-16, 0.000000000000000000 ) ) ;
#3179 = ORIENTED_EDGE ( 'NONE', *, *, #6328, .F. ) ;
#3180 = AXIS2_PLACEMENT_3D ( 'NONE', #5776, #510, #4737 ) ;
#3181 = ORIENTED_EDGE ( 'NONE', *, *, #4290, .T. ) ;
#3182 = CARTESIAN_POINT ( 'NONE',  ( 1.300000000000000044, 2.182384017536784349, -1.260000000000002229 ) ) ;
#3183 = DIRECTION ( 'NONE',  ( -1.000000000000000000, -1.224606353822377258E-16, -0.000000000000000000 ) ) ;
#3184 = DIRECTION ( 'NONE',  ( 0.000000000000000000, 0.000000000000000000, 1.000000000000000000 ) ) ;
#3185 = VERTEX_POINT ( 'NONE', #2191 ) ;
#3186 = ADVANCED_FACE ( 'NONE', ( #5699, #432 ), #3956, .T. ) ;
#3187 = CARTESIAN_POINT ( 'NONE',  ( 22.00000000000000000, 1.001115694249792856E-15, 0.000000000000000000 ) ) ;
#3188 = ORIENTED_EDGE ( 'NONE', *, *, #1076, .F. ) ;
#3189 = ADVANCED_FACE ( 'NONE', ( #5735 ), #6181, .T. ) ;
#3190 = FACE_OUTER_BOUND ( 'NONE', #981, .T. ) ;
#3191 = DIRECTION ( 'NONE',  ( -1.000000000000000000, -0.000000000000000000, -0.000000000000000000 ) ) ;
#3192 = ORIENTED_EDGE ( 'NONE', *, *, #1546, .F. ) ;
#3193 = EDGE_CURVE ( 'NONE', #7516, #3740, #4456, .T. ) ;
#3194 = ADVANCED_FACE ( 'NONE', ( #2730 ), #7392, .F. ) ;
#3195 = FACE_OUTER_BOUND ( 'NONE', #1572, .T. ) ;
#3196 = VERTEX_POINT ( 'NONE', #2153 ) ;
#3197 = STYLED_ITEM ( 'NONE', ( #3413 ), #2441 ) ;
#3198 = LINE ( 'NONE', #7344, #7399 ) ;
#3199 = CARTESIAN_POINT ( 'NONE',  ( -31.74999999999995737, 1.836970198721029441E-16, -1.499999999999999556 ) ) ;
#3200 = CARTESIAN_POINT ( 'NONE',  ( 16.19640821446781942, 1.025167968987813186E-15, 0.000000000000000000 ) ) ;
#3201 = DIRECTION ( 'NONE',  ( 0.000000000000000000, -1.000000000000000000, 0.000000000000000000 ) ) ;
#3202 = ORIENTED_EDGE ( 'NONE', *, *, #2184, .F. ) ;
#3203 = CIRCLE ( 'NONE', #2096, 1.500000000000001110 ) ;
#3204 = DIRECTION ( 'NONE',  ( -1.000000000000000000, -1.224606353822377258E-16, -0.000000000000000000 ) ) ;
#3205 = VERTEX_POINT ( 'NONE', #1813 ) ;
#3206 = CARTESIAN_POINT ( 'NONE',  ( 9.803591785532175251, -1.155557966632341512E-30, 1.500000000000001332 ) ) ;
#3207 = VECTOR ( 'NONE', #198, 1000.000000000000000 ) ;
#3208 = DIRECTION ( 'NONE',  ( 0.000000000000000000, -1.000000000000000000, 0.000000000000000000 ) ) ;
#3209 = DIRECTION ( 'NONE',  ( -1.000000000000000000, -1.224606353822377258E-16, -0.000000000000000000 ) ) ;
#3210 = ORIENTED_EDGE ( 'NONE', *, *, #7510, .T. ) ;
#3211 = AXIS2_PLACEMENT_3D ( 'NONE', #2713, #6796, #1605 ) ;
#3212 = ORIENTED_EDGE ( 'NONE', *, *, #6308, .F. ) ;
#3213 = DIRECTION ( 'NONE',  ( -0.5735764363510470476, -0.8191520442889912434, 0.000000000000000000 ) ) ;
#3214 = LINE ( 'NONE', #3829, #3735 ) ;
#3215 = AXIS2_PLACEMENT_3D ( 'NONE', #2868, #2405, #3025 ) ;
#3216 = EDGE_CURVE ( 'NONE', #3393, #3743, #6466, .T. ) ;
#3217 = CARTESIAN_POINT ( 'NONE',  ( 3.000000000000002665, 0.000000000000000000, 2.750000000000000000 ) ) ;
#3218 = VERTEX_POINT ( 'NONE', #4113 ) ;
#3219 = AXIS2_PLACEMENT_3D ( 'NONE', #2384, #1698, #4035 ) ;
#3220 = AXIS2_PLACEMENT_3D ( 'NONE', #7134, #1872, #4214 ) ;
#3221 = CARTESIAN_POINT ( 'NONE',  ( 18.00000000000000355, 1.219500000000002249, 0.000000000000000000 ) ) ;
#3222 = ORIENTED_EDGE ( 'NONE', *, *, #2286, .F. ) ;
#3223 = CARTESIAN_POINT ( 'NONE',  ( 5.500000000000000000, 1.219500000000002249, 1.493456771560198551E-16 ) ) ;
#3224 = EDGE_CURVE ( 'NONE', #2524, #55, #781, .T. ) ;
#3225 = VECTOR ( 'NONE', #3866, 1000.000000000000227 ) ;
#3226 = AXIS2_PLACEMENT_3D ( 'NONE', #4928, #2012, #6556 ) ;
#3227 = DIRECTION ( 'NONE',  ( -1.000000000000000000, -1.224606353822377258E-16, -0.000000000000000000 ) ) ;
#3228 = ORIENTED_EDGE ( 'NONE', *, *, #2902, .T. ) ;
#3229 = CARTESIAN_POINT ( 'NONE',  ( 15.19640821446782120, 1.025167968987813186E-15, 0.000000000000000000 ) ) ;
#3230 = ORIENTED_EDGE ( 'NONE', *, *, #3511, .F. ) ;
#3231 = ORIENTED_EDGE ( 'NONE', *, *, #4557, .F. ) ;
#3232 = AXIS2_PLACEMENT_3D ( 'NONE', #7199, #3592, #1862 ) ;
#3233 = CARTESIAN_POINT ( 'NONE',  ( 9.696408214467822972, -1.155557966632341512E-30, 1.500000000000001332 ) ) ;
#3234 = AXIS2_PLACEMENT_3D ( 'NONE', #4551, #3886, #442 ) ;
#3235 = CARTESIAN_POINT ( 'NONE',  ( 10.69640821446782120, 1.025167968987813186E-15, 0.000000000000000000 ) ) ;
#3236 = EDGE_CURVE ( 'NONE', #2921, #6704, #2613, .T. ) ;
#3237 = EDGE_CURVE ( 'NONE', #1620, #6809, #5065, .T. ) ;
#3238 = DIRECTION ( 'NONE',  ( 1.000000000000000000, 1.224606353822377258E-16, 0.000000000000000000 ) ) ;
#3239 = VECTOR ( 'NONE', #399, 1000.000000000000114 ) ;
#3240 = LINE ( 'NONE', #5592, #5759 ) ;
#3241 = ORIENTED_EDGE ( 'NONE', *, *, #6794, .T. ) ;
#3242 = EDGE_CURVE ( 'NONE', #4793, #1948, #3604, .T. ) ;
#3243 = CARTESIAN_POINT ( 'NONE',  ( 8.696408214467821196, -1.155557966632341512E-30, 1.500000000000001332 ) ) ;
#3244 = VERTEX_POINT ( 'NONE', #579 ) ;
#3245 = DIRECTION ( 'NONE',  ( 0.000000000000000000, -1.000000000000000000, 0.000000000000000000 ) ) ;
#3246 = DIRECTION ( 'NONE',  ( -0.5735764363510472696, 0.8191520442889909104, 1.003171929053523884E-16 ) ) ;
#3247 = ORIENTED_EDGE ( 'NONE', *, *, #4081, .T. ) ;
#3248 = DIRECTION ( 'NONE',  ( 0.000000000000000000, -1.000000000000000000, 0.000000000000000000 ) ) ;
#3249 = ORIENTED_EDGE ( 'NONE', *, *, #2539, .F. ) ;
#3250 = EDGE_LOOP ( 'NONE', ( #7108, #1259, #2010, #2526, #4658 ) ) ;
#3251 = CARTESIAN_POINT ( 'NONE',  ( 18.19640821446782297, 1.025167968987813186E-15, 0.000000000000000000 ) ) ;
#3252 = DIRECTION ( 'NONE',  ( 0.000000000000000000, -1.000000000000000000, 0.000000000000000000 ) ) ;
#3253 = CARTESIAN_POINT ( 'NONE',  ( 4.803591785532175251, 9.770634195117721323E-16, 0.000000000000000000 ) ) ;
#3254 = ORIENTED_EDGE ( 'NONE', *, *, #2764, .T. ) ;
#3255 = CARTESIAN_POINT ( 'NONE',  ( 22.50000000000000000, 1.219500000000002249, 1.493456771560198551E-16 ) ) ;
#3256 = VERTEX_POINT ( 'NONE', #5275 ) ;
#3257 = EDGE_CURVE ( 'NONE', #2751, #5992, #1760, .T. ) ;
#3258 = DIRECTION ( 'NONE',  ( -1.000000000000000000, -0.000000000000000000, -0.000000000000000000 ) ) ;
#3259 = DIRECTION ( 'NONE',  ( 0.000000000000000000, 1.000000000000000000, 0.000000000000000000 ) ) ;
#3260 = AXIS2_PLACEMENT_3D ( 'NONE', #1232, #5930, #1777 ) ;
#3261 = DIRECTION ( 'NONE',  ( 0.5735764363510437169, -0.8191520442889933529, 1.003171929053526719E-16 ) ) ;
#3262 = ORIENTED_EDGE ( 'NONE', *, *, #5937, .F. ) ;
#3263 = CARTESIAN_POINT ( 'NONE',  ( 16.00000000000000000, 1.219500000000002249, 0.000000000000000000 ) ) ;
#3264 = ORIENTED_EDGE ( 'NONE', *, *, #3051, .F. ) ;
#3265 = ORIENTED_EDGE ( 'NONE', *, *, #4847, .T. ) ;
#3266 = CARTESIAN_POINT ( 'NONE',  ( 20.80359178553217703, 1.836970198721020813E-16, -1.500000000000001332 ) ) ;
#3267 = CARTESIAN_POINT ( 'NONE',  ( 12.00000000000000000, 1.001115694249792856E-15, 0.000000000000000000 ) ) ;
#3268 = CIRCLE ( 'NONE', #7561, 1.500000000000001110 ) ;
#3269 = CARTESIAN_POINT ( 'NONE',  ( -31.74999999999995737, 1.836970198721029441E-16, -1.499999999999999556 ) ) ;
#3270 = ORIENTED_EDGE ( 'NONE', *, *, #3851, .F. ) ;
#3271 = CARTESIAN_POINT ( 'NONE',  ( 15.30359178553217525, -1.155557966632341512E-30, 1.500000000000001332 ) ) ;
#3272 = ORIENTED_EDGE ( 'NONE', *, *, #658, .T. ) ;
#3273 = CARTESIAN_POINT ( 'NONE',  ( 12.69640821446782120, -1.348150961071065097E-30, 1.500000000000001332 ) ) ;
#3274 = ORIENTED_EDGE ( 'NONE', *, *, #2137, .T. ) ;
#3275 = CIRCLE ( 'NONE', #5522, 1.500000000000001110 ) ;
#3276 = EDGE_CURVE ( 'NONE', #4903, #7180, #1851, .T. ) ;
#3277 = DIRECTION ( 'NONE',  ( -1.000000000000000000, -1.224606353822377258E-16, -0.000000000000000000 ) ) ;
#3278 = FACE_OUTER_BOUND ( 'NONE', #6949, .T. ) ;
#3279 = EDGE_CURVE ( 'NONE', #4192, #4317, #2985, .T. ) ;
#3280 = AXIS2_PLACEMENT_3D ( 'NONE', #2589, #867, #292 ) ;
#3281 = AXIS2_PLACEMENT_3D ( 'NONE', #480, #4509, #5742 ) ;
#3282 = AXIS2_PLACEMENT_3D ( 'NONE', #1689, #461, #500 ) ;
#3283 = CONICAL_SURFACE ( 'NONE', #2669, 1.500000000000001110, 0.9599310885968842522 ) ;
#3284 = CARTESIAN_POINT ( 'NONE',  ( 21.19640821446782297, 1.025167968987813186E-15, 0.000000000000000000 ) ) ;
#3285 = ORIENTED_EDGE ( 'NONE', *, *, #4657, .T. ) ;
#3286 = EDGE_CURVE ( 'NONE', #3634, #6417, #6790, .T. ) ;
#3287 = EDGE_CURVE ( 'NONE', #1241, #2962, #696, .T. ) ;
#3288 = ORIENTED_EDGE ( 'NONE', *, *, #4424, .F. ) ;
#3289 = CONICAL_SURFACE ( 'NONE', #7583, 1.260000000000000009, 1.047197551196593190 ) ;
#3290 = CIRCLE ( 'NONE', #6368, 1.500000000000001110 ) ;
#3291 = DIRECTION ( 'NONE',  ( -1.000000000000000000, -1.224606353822377258E-16, -0.000000000000000000 ) ) ;
#3292 = CYLINDRICAL_SURFACE ( 'NONE', #1415, 1.499999999999999556 ) ;
#3293 = ORIENTED_EDGE ( 'NONE', *, *, #7049, .T. ) ;
#3294 = AXIS2_PLACEMENT_3D ( 'NONE', #95, #1432, #7263 ) ;
#3295 = DIRECTION ( 'NONE',  ( 0.000000000000000000, -1.000000000000000000, 0.000000000000000000 ) ) ;
#3296 = CIRCLE ( 'NONE', #7590, 1.219500000000001139 ) ;
#3297 = CARTESIAN_POINT ( 'NONE',  ( 5.803591785532175251, 9.770634195117721323E-16, 0.000000000000000000 ) ) ;
#3298 = ORIENTED_EDGE ( 'NONE', *, *, #940, .T. ) ;
#3299 = DIRECTION ( 'NONE',  ( 0.000000000000000000, -0.5000000000000009992, -0.8660254037844380415 ) ) ;
#3300 = VERTEX_POINT ( 'NONE', #1735 ) ;
#3301 = CARTESIAN_POINT ( 'NONE',  ( -31.74999999999995737, 1.836970198721029441E-16, -1.499999999999999556 ) ) ;
#3302 = DIRECTION ( 'NONE',  ( 0.000000000000000000, -1.000000000000000000, 0.000000000000000000 ) ) ;
#3303 = DIRECTION ( 'NONE',  ( -1.000000000000000000, -1.224606353822377258E-16, -0.000000000000000000 ) ) ;
#3304 = EDGE_LOOP ( 'NONE', ( #6554, #3843, #329, #939, #1400 ) ) ;
#3305 = AXIS2_PLACEMENT_3D ( 'NONE', #2533, #4915, #1352 ) ;
#3306 = CARTESIAN_POINT ( 'NONE',  ( 17.19640821446782297, 1.025167968987813186E-15, 0.000000000000000000 ) ) ;
#3307 = ORIENTED_EDGE ( 'NONE', *, *, #4256, .F. ) ;
#3308 = ORIENTED_EDGE ( 'NONE', *, *, #6903, .F. ) ;
#3309 = ORIENTED_EDGE ( 'NONE', *, *, #1227, .T. ) ;
#3310 = PLANE ( 'NONE',  #662 ) ;
#3311 = DIRECTION ( 'NONE',  ( -1.000000000000000000, -0.000000000000000000, -0.000000000000000000 ) ) ;
#3312 = ADVANCED_FACE ( 'NONE', ( #2420 ), #2735, .T. ) ;
#3313 = CARTESIAN_POINT ( 'NONE',  ( 6.696408214467821196, 1.836970198721020073E-16, -1.500000000000001332 ) ) ;
#3314 = FACE_OUTER_BOUND ( 'NONE', #6914, .T. ) ;
#3315 = EDGE_LOOP ( 'NONE', ( #3070, #112, #9, #1156, #1812 ) ) ;
#3316 = AXIS2_PLACEMENT_3D ( 'NONE', #6155, #4247, #4570 ) ;
#3317 = DIRECTION ( 'NONE',  ( -1.000000000000000000, -1.224606353822377258E-16, -0.000000000000000000 ) ) ;
#3318 = VERTEX_POINT ( 'NONE', #4734 ) ;
#3319 = LINE ( 'NONE', #5673, #3353 ) ;
#3320 = DIRECTION ( 'NONE',  ( 0.000000000000000000, -1.000000000000000000, 0.000000000000000000 ) ) ;
#3321 = VECTOR ( 'NONE', #2597, 1000.000000000000000 ) ;
#3322 = VECTOR ( 'NONE', #6764, 1000.000000000000000 ) ;
#3323 = ADVANCED_FACE ( 'NONE', ( #5353 ), #1394, .T. ) ;
#3324 = ORIENTED_EDGE ( 'NONE', *, *, #2092, .T. ) ;
#3325 = LINE ( 'NONE', #5639, #2187 ) ;
#3326 = ORIENTED_EDGE ( 'NONE', *, *, #3286, .T. ) ;
#3327 = ADVANCED_FACE ( 'NONE', ( #1272 ), #2239, .T. ) ;
#3328 = ORIENTED_EDGE ( 'NONE', *, *, #2445, .F. ) ;
#3329 = VECTOR ( 'NONE', #6519, 1000.000000000000000 ) ;
#3330 = CARTESIAN_POINT ( 'NONE',  ( 6.803591785532175251, 1.500000000000002442, 1.836970198721031167E-16 ) ) ;
#3331 = FACE_OUTER_BOUND ( 'NONE', #731, .T. ) ;
#3332 = ADVANCED_FACE ( 'NONE', ( #1154 ), #7074, .T. ) ;
#3333 = ADVANCED_FACE ( 'NONE', ( #7527 ), #622, .T. ) ;
#3334 = DIRECTION ( 'NONE',  ( -0.5735764363510472696, 0.8191520442889909104, 1.003171929053523884E-16 ) ) ;
#3335 = LINE ( 'NONE', #5606, #2829 ) ;
#3336 = ORIENTED_EDGE ( 'NONE', *, *, #1035, .F. ) ;
#3337 = DIRECTION ( 'NONE',  ( -1.000000000000000000, -0.000000000000000000, -0.000000000000000000 ) ) ;
#3338 = EDGE_CURVE ( 'NONE', #1215, #2303, #6549, .T. ) ;
#3339 = ORIENTED_EDGE ( 'NONE', *, *, #2943, .F. ) ;
#3340 = ADVANCED_FACE ( 'NONE', ( #1116 ), #3460, .T. ) ;
#3341 = DIRECTION ( 'NONE',  ( 1.000000000000000000, 1.224606353822377258E-16, 0.000000000000000000 ) ) ;
#3342 = AXIS2_PLACEMENT_3D ( 'NONE', #1994, #2605, #1424 ) ;
#3343 = EDGE_CURVE ( 'NONE', #2266, #761, #4310, .T. ) ;
#3344 = DIRECTION ( 'NONE',  ( -0.5735764363510470476, -0.8191520442889912434, 0.000000000000000000 ) ) ;
#3345 = CIRCLE ( 'NONE', #4337, 1.500000000000001110 ) ;
#3346 = CARTESIAN_POINT ( 'NONE',  ( 16.19640821446781942, -1.500000000000000000, 1.836970198721031167E-16 ) ) ;
#3347 = EDGE_LOOP ( 'NONE', ( #2574, #4978, #841, #2604, #6357 ) ) ;
#3348 = DIRECTION ( 'NONE',  ( -1.000000000000000000, -1.224606353822377258E-16, -0.000000000000000000 ) ) ;
#3349 = ORIENTED_EDGE ( 'NONE', *, *, #616, .T. ) ;
#3350 = DIRECTION ( 'NONE',  ( 0.000000000000000000, -1.000000000000000000, 0.000000000000000000 ) ) ;
#3351 = DIRECTION ( 'NONE',  ( -1.000000000000000000, -1.224606353822377258E-16, -0.000000000000000000 ) ) ;
#3352 = AXIS2_PLACEMENT_3D ( 'NONE', #4653, #6994, #4773 ) ;
#3353 = VECTOR ( 'NONE', #4591, 1000.000000000000000 ) ;
#3354 = FACE_OUTER_BOUND ( 'NONE', #5944, .T. ) ;
#3355 = CARTESIAN_POINT ( 'NONE',  ( 5.696408214467822084, 1.025167968987813186E-15, 0.000000000000000000 ) ) ;
#3356 = DIRECTION ( 'NONE',  ( 0.000000000000000000, 0.000000000000000000, 1.000000000000000000 ) ) ;
#3357 = EDGE_LOOP ( 'NONE', ( #2, #4376, #5458, #2028, #313, #4423 ) ) ;
#3358 = CIRCLE ( 'NONE', #1886, 1.500000000000001110 ) ;
#3359 = LINE ( 'NONE', #5711, #3969 ) ;
#3360 = EDGE_LOOP ( 'NONE', ( #254, #545, #5305 ) ) ;
#3361 = CIRCLE ( 'NONE', #4226, 1.500000000000001110 ) ;
#3362 = EDGE_CURVE ( 'NONE', #748, #6858, #4954, .T. ) ;
#3363 = DIRECTION ( 'NONE',  ( 0.000000000000000000, -1.000000000000000000, 0.000000000000000000 ) ) ;
#3364 = CARTESIAN_POINT ( 'NONE',  ( 16.50000000000000000, 1.219500000000002249, 1.493456771560198551E-16 ) ) ;
#3365 = AXIS2_PLACEMENT_3D ( 'NONE', #4109, #6574, #2413 ) ;
#3366 = CIRCLE ( 'NONE', #421, 1.500000000000001110 ) ;
#3367 = DIRECTION ( 'NONE',  ( 0.000000000000000000, 0.4999999999999983902, -0.8660254037844394848 ) ) ;
#3368 = ORIENTED_EDGE ( 'NONE', *, *, #1029, .T. ) ;
#3369 = ORIENTED_EDGE ( 'NONE', *, *, #4034, .T. ) ;
#3370 = CYLINDRICAL_SURFACE ( 'NONE', #6905, 1.499999999999999556 ) ;
#3371 = CARTESIAN_POINT ( 'NONE',  ( 19.69640821446782297, 1.025167968987813186E-15, 0.000000000000000000 ) ) ;
#3372 = VERTEX_POINT ( 'NONE', #7187 ) ;
#3373 = CARTESIAN_POINT ( 'NONE',  ( 1.300000000000000044, 0.000000000000000000, 0.000000000000000000 ) ) ;
#3374 = ORIENTED_EDGE ( 'NONE', *, *, #3984, .T. ) ;
#3375 = FACE_OUTER_BOUND ( 'NONE', #5585, .T. ) ;
#3376 = CARTESIAN_POINT ( 'NONE',  ( -31.74999999999995737, 0.000000000000000000, 1.499999999999999556 ) ) ;
#3377 = ORIENTED_EDGE ( 'NONE', *, *, #4881, .T. ) ;
#3378 = EDGE_CURVE ( 'NONE', #5768, #179, #2535, .T. ) ;
#3379 = CARTESIAN_POINT ( 'NONE',  ( 1.300000000000000044, 1.091192008768395283, 0.6299999999999991163 ) ) ;
#3380 = CARTESIAN_POINT ( 'NONE',  ( 16.80359178553217347, 1.500000000000007327, 1.836970198721037576E-16 ) ) ;
#3381 = EDGE_CURVE ( 'NONE', #5804, #2049, #3477, .T. ) ;
#3382 = DIRECTION ( 'NONE',  ( 0.000000000000000000, -1.000000000000000000, 0.000000000000000000 ) ) ;
#3383 = ORIENTED_EDGE ( 'NONE', *, *, #4695, .T. ) ;
#3384 = DIRECTION ( 'NONE',  ( -0.5735764363510470476, -0.8191520442889912434, 0.000000000000000000 ) ) ;
#3385 = ORIENTED_EDGE ( 'NONE', *, *, #15, .T. ) ;
#3386 = EDGE_CURVE ( 'NONE', #6811, #6056, #1766, .T. ) ;
#3387 = ORIENTED_EDGE ( 'NONE', *, *, #6453, .F. ) ;
#3388 = ADVANCED_FACE ( 'NONE', ( #4350 ), #4884, .T. ) ;
#3389 = DIRECTION ( 'NONE',  ( -1.000000000000000000, -0.000000000000000000, -0.000000000000000000 ) ) ;
#3390 = FACE_OUTER_BOUND ( 'NONE', #3615, .T. ) ;
#3391 = LINE ( 'NONE', #6817, #6601 ) ;
#3392 = CARTESIAN_POINT ( 'NONE',  ( 17.50000000000000000, 1.001115694249792856E-15, 0.000000000000000000 ) ) ;
#3393 = VERTEX_POINT ( 'NONE', #6731 ) ;
#3394 = DIRECTION ( 'NONE',  ( -0.5735764363510470476, -0.8191520442889912434, 0.000000000000000000 ) ) ;
#3395 = ORIENTED_EDGE ( 'NONE', *, *, #7147, .T. ) ;
#3396 = LINE ( 'NONE', #70, #2005 ) ;
#3397 = AXIS2_PLACEMENT_3D ( 'NONE', #5114, #1737, #6953 ) ;
#3398 = DIRECTION ( 'NONE',  ( 0.000000000000000000, -1.000000000000000000, 0.000000000000000000 ) ) ;
#3399 = CIRCLE ( 'NONE', #2792, 1.500000000000001110 ) ;
#3400 = DIRECTION ( 'NONE',  ( -1.000000000000000000, -0.000000000000000000, -0.000000000000000000 ) ) ;
#3401 = VERTEX_POINT ( 'NONE', #853 ) ;
#3402 = CONICAL_SURFACE ( 'NONE', #6118, 1.500000000000001110, 0.9599310885968842522 ) ;
#3403 = EDGE_LOOP ( 'NONE', ( #5595, #4114, #830, #4997, #648 ) ) ;
#3404 = DIRECTION ( 'NONE',  ( -1.000000000000000000, -1.224606353822377258E-16, -0.000000000000000000 ) ) ;
#3405 = CIRCLE ( 'NONE', #7326, 1.260000000000000009 ) ;
#3406 = LINE ( 'NONE', #4451, #1527 ) ;
#3407 = AXIS2_PLACEMENT_3D ( 'NONE', #3373, #1646, #1722 ) ;
#3408 = ORIENTED_EDGE ( 'NONE', *, *, #408, .F. ) ;
#3409 = LINE ( 'NONE', #2254, #1819 ) ;
#3410 = ORIENTED_EDGE ( 'NONE', *, *, #4177, .T. ) ;
#3411 = ADVANCED_FACE ( 'NONE', ( #211 ), #906, .T. ) ;
#3412 = CIRCLE ( 'NONE', #4150, 1.500000000000001110 ) ;
#3413 = PRESENTATION_STYLE_ASSIGNMENT (( #1184 ) ) ;
#3414 = VECTOR ( 'NONE', #6291, 1000.000000000000000 ) ;
#3415 = DIRECTION ( 'NONE',  ( 0.000000000000000000, -1.000000000000000000, 0.000000000000000000 ) ) ;
#3416 = ORIENTED_EDGE ( 'NONE', *, *, #2422, .T. ) ;
#3417 = DIRECTION ( 'NONE',  ( 0.000000000000000000, -1.000000000000000000, 0.000000000000000000 ) ) ;
#3418 = CIRCLE ( 'NONE', #1087, 1.500000000000001110 ) ;
#3419 = FACE_OUTER_BOUND ( 'NONE', #4038, .T. ) ;
#3420 = AXIS2_PLACEMENT_3D ( 'NONE', #263, #6174, #2017 ) ;
#3421 = EDGE_CURVE ( 'NONE', #970, #3808, #2741, .T. ) ;
#3422 = DIRECTION ( 'NONE',  ( -1.000000000000000000, -1.224606353822377258E-16, -0.000000000000000000 ) ) ;
#3423 = EDGE_LOOP ( 'NONE', ( #7023, #7081, #2152, #6284, #3591 ) ) ;
#3425 = DIRECTION ( 'NONE',  ( 1.000000000000000000, 1.224606353822377258E-16, 0.000000000000000000 ) ) ;
#3424 = AXIS2_PLACEMENT_3D ( 'NONE', #5580, #1579, #1501 ) ;
#3426 = VERTEX_POINT ( 'NONE', #816 ) ;
#3427 = DIRECTION ( 'NONE',  ( -1.000000000000000000, -1.224606353822377258E-16, -0.000000000000000000 ) ) ;
#3428 = EDGE_CURVE ( 'NONE', #6841, #273, #2499, .T. ) ;
#3429 = CARTESIAN_POINT ( 'NONE',  ( 15.69640821446782120, 1.500000000000002220, 0.000000000000000000 ) ) ;
#3430 = EDGE_CURVE ( 'NONE', #3912, #181, #2610, .T. ) ;
#3431 = FACE_OUTER_BOUND ( 'NONE', #638, .T. ) ;
#3432 = EDGE_CURVE ( 'NONE', #3624, #6908, #4216, .T. ) ;
#3433 = CYLINDRICAL_SURFACE ( 'NONE', #110, 1.499999999999999556 ) ;
#3434 = ORIENTED_EDGE ( 'NONE', *, *, #4553, .T. ) ;
#3435 = LINE ( 'NONE', #5783, #3847 ) ;
#3436 = ORIENTED_EDGE ( 'NONE', *, *, #2120, .F. ) ;
#3437 = CARTESIAN_POINT ( 'NONE',  ( 13.69640821446782297, 1.500000000000001998, 0.000000000000000000 ) ) ;
#3438 = CARTESIAN_POINT ( 'NONE',  ( 20.69640821446782297, 1.025167968987813186E-15, 0.000000000000000000 ) ) ;
#3439 = CARTESIAN_POINT ( 'NONE',  ( 22.19640821446782297, 1.025167968987813186E-15, 0.000000000000000000 ) ) ;
#3440 = VERTEX_POINT ( 'NONE', #4269 ) ;
#3441 = ORIENTED_EDGE ( 'NONE', *, *, #2251, .F. ) ;
#3442 = FACE_OUTER_BOUND ( 'NONE', #552, .T. ) ;
#3443 = CIRCLE ( 'NONE', #986, 1.219500000000001139 ) ;
#3444 = CARTESIAN_POINT ( 'NONE',  ( 14.30359178553217525, 1.500000000000002442, 1.836970198721031167E-16 ) ) ;
#3445 = AXIS2_PLACEMENT_3D ( 'NONE', #201, #4340, #1992 ) ;
#3446 = FACE_OUTER_BOUND ( 'NONE', #1575, .T. ) ;
#3447 = ORIENTED_EDGE ( 'NONE', *, *, #57, .F. ) ;
#3448 = CARTESIAN_POINT ( 'NONE',  ( 14.00000000000000000, 1.001115694249792856E-15, 0.000000000000000000 ) ) ;
#3449 = AXIS2_PLACEMENT_3D ( 'NONE', #1300, #163, #4838 ) ;
#3450 = DIRECTION ( 'NONE',  ( -1.000000000000000000, -0.000000000000000000, -0.000000000000000000 ) ) ;
#3451 = ORIENTED_EDGE ( 'NONE', *, *, #3153, .F. ) ;
#3452 = CARTESIAN_POINT ( 'NONE',  ( 3.000000000000002665, 0.000000000000000000, 0.000000000000000000 ) ) ;
#3453 = EDGE_CURVE ( 'NONE', #650, #3504, #7040, .T. ) ;
#3454 = PRODUCT_DEFINITION_SHAPE ( 'NONE', 'NONE',  #6446 ) ;
#3455 = CIRCLE ( 'NONE', #162, 1.219500000000001139 ) ;
#3456 = FACE_OUTER_BOUND ( 'NONE', #2083, .T. ) ;
#3457 = LINE ( 'NONE', #502, #1656 ) ;
#3458 = EDGE_LOOP ( 'NONE', ( #5046, #5049, #842, #3383, #4036 ) ) ;
#3459 = VECTOR ( 'NONE', #1916, 1000.000000000000000 ) ;
#3460 = CYLINDRICAL_SURFACE ( 'NONE', #5185, 1.499999999999999556 ) ;
#3461 = EDGE_LOOP ( 'NONE', ( #5217, #2744, #3899, #3212, #3249, #1836 ) ) ;
#3462 = DIRECTION ( 'NONE',  ( 0.000000000000000000, -1.000000000000000000, 0.000000000000000000 ) ) ;
#3463 = EDGE_CURVE ( 'NONE', #468, #3244, #789, .T. ) ;
#3464 = DIRECTION ( 'NONE',  ( 0.000000000000000000, -1.000000000000000000, 0.000000000000000000 ) ) ;
#3465 = CARTESIAN_POINT ( 'NONE',  ( 14.49999999999999822, -1.219500000000000028, 0.000000000000000000 ) ) ;
#3466 = CYLINDRICAL_SURFACE ( 'NONE', #1704, 1.499999999999999556 ) ;
#3467 = VERTEX_POINT ( 'NONE', #1962 ) ;
#3468 = CARTESIAN_POINT ( 'NONE',  ( 9.803591785532175251, 9.770634195117721323E-16, 0.000000000000000000 ) ) ;
#3469 = EDGE_LOOP ( 'NONE', ( #5745, #2334, #4749, #4973, #5089, #6685 ) ) ;
#3470 = AXIS2_PLACEMENT_3D ( 'NONE', #3306, #7379, #5659 ) ;
#3471 = AXIS2_PLACEMENT_3D ( 'NONE', #941, #3277, #5635 ) ;
#3472 = ADVANCED_FACE ( 'NONE', ( #2504 ), #4463, .T. ) ;
#3473 = CARTESIAN_POINT ( 'NONE',  ( 10.49999999999999822, 1.219500000000002249, 1.493456771560198551E-16 ) ) ;
#3474 = ADVANCED_FACE ( 'NONE', ( #7152 ), #6187, .T. ) ;
#3475 = CARTESIAN_POINT ( 'NONE',  ( 15.00000000000000000, 1.001115694249792856E-15, 0.000000000000000000 ) ) ;
#3476 = DIRECTION ( 'NONE',  ( -1.000000000000000000, -1.224606353822377258E-16, -0.000000000000000000 ) ) ;
#3477 = CIRCLE ( 'NONE', #6797, 1.219500000000001139 ) ;
#3478 = CIRCLE ( 'NONE', #1145, 1.219500000000001139 ) ;
#3479 = EDGE_CURVE ( 'NONE', #6383, #1057, #4710, .T. ) ;
#3480 = DIRECTION ( 'NONE',  ( -1.000000000000000000, -0.000000000000000000, -0.000000000000000000 ) ) ;
#3481 = VERTEX_POINT ( 'NONE', #4917 ) ;
#3482 = AXIS2_PLACEMENT_3D ( 'NONE', #6857, #2852, #2164 ) ;
#3483 = ORIENTED_EDGE ( 'NONE', *, *, #6658, .T. ) ;
#3484 = ORIENTED_EDGE ( 'NONE', *, *, #5888, .F. ) ;
#3485 = EDGE_CURVE ( 'NONE', #5630, #5104, #7260, .T. ) ;
#3486 = DIRECTION ( 'NONE',  ( -0.5735764363510470476, -0.8191520442889912434, 0.000000000000000000 ) ) ;
#3487 = AXIS2_PLACEMENT_3D ( 'NONE', #4227, #5850, #130 ) ;
#3488 = CARTESIAN_POINT ( 'NONE',  ( 5.303591785532175251, -1.155557966632341512E-30, 1.500000000000001332 ) ) ;
#3489 = CIRCLE ( 'NONE', #6692, 1.219500000000001139 ) ;
#3490 = DIRECTION ( 'NONE',  ( 0.000000000000000000, -1.000000000000000000, 0.000000000000000000 ) ) ;
#3491 = VERTEX_POINT ( 'NONE', #5067 ) ;
#3492 = AXIS2_PLACEMENT_3D ( 'NONE', #2714, #7400, #4016 ) ;
#3493 = DIRECTION ( 'NONE',  ( 0.000000000000000000, -1.000000000000000000, 0.000000000000000000 ) ) ;
#3494 = CYLINDRICAL_SURFACE ( 'NONE', #1245, 1.499999999999999556 ) ;
#3495 = ORIENTED_EDGE ( 'NONE', *, *, #4398, .F. ) ;
#3496 = EDGE_LOOP ( 'NONE', ( #5346, #5712, #414, #210, #2412 ) ) ;
#3497 = CARTESIAN_POINT ( 'NONE',  ( 13.30359178553217525, 9.770634195117721323E-16, 0.000000000000000000 ) ) ;
#3498 = DIRECTION ( 'NONE',  ( 0.000000000000000000, 1.000000000000000000, 0.000000000000000000 ) ) ;
#3499 = CARTESIAN_POINT ( 'NONE',  ( 22.00000000000000000, 1.219500000000002249, 0.000000000000000000 ) ) ;
#3500 = ORIENTED_EDGE ( 'NONE', *, *, #3378, .T. ) ;
#3501 = EDGE_CURVE ( 'NONE', #4535, #4270, #314, .T. ) ;
#3502 = DIRECTION ( 'NONE',  ( -1.000000000000000000, -0.000000000000000000, -0.000000000000000000 ) ) ;
#3503 = ORIENTED_EDGE ( 'NONE', *, *, #1670, .T. ) ;
#3504 = VERTEX_POINT ( 'NONE', #3221 ) ;
#3505 = DIRECTION ( 'NONE',  ( -1.000000000000000000, -1.224606353822377258E-16, -0.000000000000000000 ) ) ;
#3506 = LINE ( 'NONE', #5859, #833 ) ;
#3507 = CARTESIAN_POINT ( 'NONE',  ( -31.74999999999995737, 0.000000000000000000, 0.000000000000000000 ) ) ;
#3508 = ORIENTED_EDGE ( 'NONE', *, *, #3279, .T. ) ;
#3509 = DIRECTION ( 'NONE',  ( 0.5735764363510437169, -0.8191520442889933529, 1.003171929053526719E-16 ) ) ;
#3510 = ORIENTED_EDGE ( 'NONE', *, *, #5025, .T. ) ;
#3511 = EDGE_CURVE ( 'NONE', #2891, #234, #182, .T. ) ;
#3512 = DIRECTION ( 'NONE',  ( -1.000000000000000000, -1.224606353822377258E-16, -0.000000000000000000 ) ) ;
#3513 = CARTESIAN_POINT ( 'NONE',  ( -31.74999999999995737, 1.836970198721029441E-16, -1.499999999999999556 ) ) ;
#3514 = CARTESIAN_POINT ( 'NONE',  ( 14.49999999999999822, -1.219500000000000028, 1.665213485140615106E-16 ) ) ;
#3515 = DIRECTION ( 'NONE',  ( -1.000000000000000000, -0.000000000000000000, -0.000000000000000000 ) ) ;
#3516 = ORIENTED_EDGE ( 'NONE', *, *, #3599, .T. ) ;
#3517 = EDGE_CURVE ( 'NONE', #1764, #3563, #1144, .T. ) ;
#3518 = ORIENTED_EDGE ( 'NONE', *, *, #300, .F. ) ;
#3519 = VERTEX_POINT ( 'NONE', #5652 ) ;
#3520 = CARTESIAN_POINT ( 'NONE',  ( -31.74999999999995737, 0.000000000000000000, 0.000000000000000000 ) ) ;
#3521 = ADVANCED_FACE ( 'NONE', ( #7408 ), #4495, .T. ) ;
#3522 = FACE_OUTER_BOUND ( 'NONE', #6185, .T. ) ;
#3523 = CIRCLE ( 'NONE', #5733, 1.219500000000001139 ) ;
#3524 = AXIS2_PLACEMENT_3D ( 'NONE', #5697, #5657, #3839 ) ;
#3525 = DIRECTION ( 'NONE',  ( 0.000000000000000000, -1.000000000000000000, 0.000000000000000000 ) ) ;
#3526 = EDGE_LOOP ( 'NONE', ( #3094, #4369, #965, #3786, #4572 ) ) ;
#3527 = ADVANCED_FACE ( 'NONE', ( #996 ), #3082, .T. ) ;
#3528 = EDGE_CURVE ( 'NONE', #5792, #4791, #2220, .T. ) ;
#3529 = LINE ( 'NONE', #1143, #6760 ) ;
#3530 = ORIENTED_EDGE ( 'NONE', *, *, #878, .T. ) ;
#3531 = DIRECTION ( 'NONE',  ( -1.000000000000000000, -1.224606353822377258E-16, -0.000000000000000000 ) ) ;
#3532 = ORIENTED_EDGE ( 'NONE', *, *, #3838, .F. ) ;
#3533 = AXIS2_PLACEMENT_3D ( 'NONE', #4237, #1396, #6131 ) ;
#3534 = DIRECTION ( 'NONE',  ( -1.000000000000000000, -1.224606353822377258E-16, -0.000000000000000000 ) ) ;
#3535 = DIRECTION ( 'NONE',  ( 0.000000000000000000, 0.000000000000000000, 1.000000000000000000 ) ) ;
#3536 = DIRECTION ( 'NONE',  ( -1.000000000000000000, -1.224606353822377258E-16, -0.000000000000000000 ) ) ;
#3537 = AXIS2_PLACEMENT_3D ( 'NONE', #445, #7391, #2134 ) ;
#3538 = CIRCLE ( 'NONE', #6367, 1.500000000000001110 ) ;
#3539 = PRODUCT_DEFINITION_FORMATION_WITH_SPECIFIED_SOURCE ( 'Symmetric', '', #448, .NOT_KNOWN. ) ;
#3540 = DIRECTION ( 'NONE',  ( 0.000000000000000000, -1.000000000000000000, 0.000000000000000000 ) ) ;
#3541 = ORIENTED_EDGE ( 'NONE', *, *, #3236, .T. ) ;
#3542 = DIRECTION ( 'NONE',  ( 0.000000000000000000, -1.000000000000000000, 0.000000000000000000 ) ) ;
#3543 = ORIENTED_EDGE ( 'NONE', *, *, #6445, .T. ) ;
#3544 = ORIENTED_EDGE ( 'NONE', *, *, #108, .T. ) ;
#3545 = DIRECTION ( 'NONE',  ( -1.000000000000000000, -0.000000000000000000, -0.000000000000000000 ) ) ;
#3546 = AXIS2_PLACEMENT_3D ( 'NONE', #5457, #5600, #7212 ) ;
#3547 = FACE_OUTER_BOUND ( 'NONE', #413, .T. ) ;
#3548 = DIRECTION ( 'NONE',  ( -1.000000000000000000, -1.224606353822377258E-16, -0.000000000000000000 ) ) ;
#3549 = CIRCLE ( 'NONE', #6134, 1.500000000000001110 ) ;
#3550 = FACE_OUTER_BOUND ( 'NONE', #5736, .T. ) ;
#3551 = ORIENTED_EDGE ( 'NONE', *, *, #6420, .F. ) ;
#3552 = CIRCLE ( 'NONE', #5869, 1.219500000000001139 ) ;
#3553 = CARTESIAN_POINT ( 'NONE',  ( 7.696408214467822084, -1.155557966632341512E-30, 1.500000000000001332 ) ) ;
#3554 = EDGE_LOOP ( 'NONE', ( #3854, #377, #4431, #6097, #2660 ) ) ;
#3555 = DIRECTION ( 'NONE',  ( -1.000000000000000000, -1.224606353822377258E-16, -0.000000000000000000 ) ) ;
#3556 = FACE_OUTER_BOUND ( 'NONE', #1920, .T. ) ;
#3557 = ADVANCED_FACE ( 'NONE', ( #6803 ), #4571, .T. ) ;
#3558 = CIRCLE ( 'NONE', #6385, 1.219500000000001139 ) ;
#3559 = CARTESIAN_POINT ( 'NONE',  ( 9.196408214467821196, 1.025167968987813186E-15, 0.000000000000000000 ) ) ;
#3560 = CARTESIAN_POINT ( 'NONE',  ( 11.80359178553217703, 9.770634195117721323E-16, 0.000000000000000000 ) ) ;
#3561 = ORIENTED_EDGE ( 'NONE', *, *, #6214, .F. ) ;
#3562 = ORIENTED_EDGE ( 'NONE', *, *, #2537, .F. ) ;
#3563 = VERTEX_POINT ( 'NONE', #6834 ) ;
#3564 = CARTESIAN_POINT ( 'NONE',  ( 21.69640821446782297, -1.500000000000000000, 1.836970198721031167E-16 ) ) ;
#3565 = DIRECTION ( 'NONE',  ( 0.000000000000000000, 0.000000000000000000, 1.000000000000000000 ) ) ;
#3566 = EDGE_CURVE ( 'NONE', #3634, #4566, #1574, .T. ) ;
#3567 = CYLINDRICAL_SURFACE ( 'NONE', #4018, 1.499999999999999556 ) ;
#3568 = ORIENTED_EDGE ( 'NONE', *, *, #890, .T. ) ;
#3569 = ORIENTED_EDGE ( 'NONE', *, *, #2818, .F. ) ;
#3570 = AXIS2_PLACEMENT_3D ( 'NONE', #279, #3116, #169 ) ;
#3571 = DIRECTION ( 'NONE',  ( 0.000000000000000000, -1.000000000000000000, 0.000000000000000000 ) ) ;
#3572 = ORIENTED_EDGE ( 'NONE', *, *, #5777, .T. ) ;
#3573 = DIRECTION ( 'NONE',  ( -1.000000000000000000, -0.000000000000000000, -0.000000000000000000 ) ) ;
#3574 = CARTESIAN_POINT ( 'NONE',  ( 12.19640821446782120, -1.348150961071065097E-30, 1.500000000000001332 ) ) ;
#3575 = EDGE_CURVE ( 'NONE', #3895, #7066, #7330, .T. ) ;
#3576 = ADVANCED_FACE ( 'NONE', ( #4422 ), #3578, .T. ) ;
#3577 = AXIS2_PLACEMENT_3D ( 'NONE', #4062, #7551, #4104 ) ;
#3578 = CONICAL_SURFACE ( 'NONE', #7369, 1.500000000000001110, 0.9599310885968842522 ) ;
#3579 = EDGE_CURVE ( 'NONE', #3772, #1193, #2686, .T. ) ;
#3580 = CARTESIAN_POINT ( 'NONE',  ( 6.196408214467821196, -1.500000000000000222, 1.836970198721031413E-16 ) ) ;
#3581 = ORIENTED_EDGE ( 'NONE', *, *, #2715, .F. ) ;
#3582 = DIRECTION ( 'NONE',  ( -1.000000000000000000, -1.224606353822377258E-16, -0.000000000000000000 ) ) ;
#3583 = VERTEX_POINT ( 'NONE', #5029 ) ;
#3584 = DIRECTION ( 'NONE',  ( -1.000000000000000000, -1.224606353822377258E-16, -0.000000000000000000 ) ) ;
#3585 = DIRECTION ( 'NONE',  ( -1.000000000000000000, -0.000000000000000000, -0.000000000000000000 ) ) ;
#3586 = DIRECTION ( 'NONE',  ( -1.000000000000000000, -1.224606353822377258E-16, -0.000000000000000000 ) ) ;
#3587 = AXIS2_PLACEMENT_3D ( 'NONE', #2984, #2327, #5917 ) ;
#3588 = CARTESIAN_POINT ( 'NONE',  ( 15.80359178553217347, 9.770634195117721323E-16, 0.000000000000000000 ) ) ;
#3589 = VERTEX_POINT ( 'NONE', #6227 ) ;
#3590 = DIRECTION ( 'NONE',  ( 0.000000000000000000, -1.043274026900804680E-15, -1.000000000000000000 ) ) ;
#3591 = ORIENTED_EDGE ( 'NONE', *, *, #855, .F. ) ;
#3592 = DIRECTION ( 'NONE',  ( -1.000000000000000000, -1.224606353822377258E-16, -0.000000000000000000 ) ) ;
#3593 = CIRCLE ( 'NONE', #4332, 1.260000000000000009 ) ;
#3594 = FACE_OUTER_BOUND ( 'NONE', #5898, .T. ) ;
#3595 = CARTESIAN_POINT ( 'NONE',  ( 1.300000000000000044, -0.7274613391789266359, 1.260000000000003118 ) ) ;
#3596 = CARTESIAN_POINT ( 'NONE',  ( 15.00000000000000000, -1.219500000000000028, 1.665213485140615106E-16 ) ) ;
#3597 = ORIENTED_EDGE ( 'NONE', *, *, #1844, .F. ) ;
#3598 = ORIENTED_EDGE ( 'NONE', *, *, #3146, .F. ) ;
#3599 = EDGE_CURVE ( 'NONE', #4241, #4702, #1611, .T. ) ;
#3600 = ORIENTED_EDGE ( 'NONE', *, *, #4698, .F. ) ;
#3601 = ORIENTED_EDGE ( 'NONE', *, *, #4621, .T. ) ;
#3602 = CARTESIAN_POINT ( 'NONE',  ( -31.74999999999995737, 1.836970198721029441E-16, -1.499999999999999556 ) ) ;
#3603 = CARTESIAN_POINT ( 'NONE',  ( 14.30359178553217525, 1.836970198721020813E-16, -1.500000000000001332 ) ) ;
#3604 = CIRCLE ( 'NONE', #298, 1.500000000000001110 ) ;
#3605 = CIRCLE ( 'NONE', #3471, 1.500000000000001110 ) ;
#3606 = DIRECTION ( 'NONE',  ( 0.000000000000000000, 1.000000000000000000, 0.000000000000000000 ) ) ;
#3607 = ORIENTED_EDGE ( 'NONE', *, *, #990, .F. ) ;
#3608 = FACE_OUTER_BOUND ( 'NONE', #1109, .T. ) ;
#3609 = ORIENTED_EDGE ( 'NONE', *, *, #4621, .F. ) ;
#3610 = LINE ( 'NONE', #4684, #7265 ) ;
#3611 = VERTEX_POINT ( 'NONE', #1032 ) ;
#3612 = VECTOR ( 'NONE', #193, 1000.000000000000000 ) ;
#3613 = CARTESIAN_POINT ( 'NONE',  ( 15.19640821446782120, 1.025167968987813186E-15, 0.000000000000000000 ) ) ;
#3614 = DIRECTION ( 'NONE',  ( -1.000000000000000000, -1.224606353822377258E-16, -0.000000000000000000 ) ) ;
#3615 = EDGE_LOOP ( 'NONE', ( #3568, #1846, #5022, #6077, #2140, #6523 ) ) ;
#3616 = EDGE_CURVE ( 'NONE', #4880, #4724, #350, .T. ) ;
#3617 = CARTESIAN_POINT ( 'NONE',  ( 19.99999999999999645, 1.001115694249792856E-15, 0.000000000000000000 ) ) ;
#3618 = ORIENTED_EDGE ( 'NONE', *, *, #4290, .F. ) ;
#3619 = DIRECTION ( 'NONE',  ( 0.000000000000000000, -1.000000000000000000, 0.000000000000000000 ) ) ;
#3620 = EDGE_CURVE ( 'NONE', #4988, #2145, #6529, .T. ) ;
#3621 = DIRECTION ( 'NONE',  ( 0.000000000000000000, -1.000000000000000000, 0.000000000000000000 ) ) ;
#3622 = FACE_OUTER_BOUND ( 'NONE', #2147, .T. ) ;
#3623 = FACE_OUTER_BOUND ( 'NONE', #5297, .T. ) ;
#3624 = VERTEX_POINT ( 'NONE', #5145 ) ;
#3625 = EDGE_CURVE ( 'NONE', #4044, #3767, #1610, .T. ) ;
#3626 = EDGE_CURVE ( 'NONE', #695, #6169, #922, .T. ) ;
#3627 = CARTESIAN_POINT ( 'NONE',  ( 12.00000000000000000, 1.001115694249792856E-15, 0.000000000000000000 ) ) ;
#3628 = EDGE_LOOP ( 'NONE', ( #3447, #4500, #815, #6565, #5326 ) ) ;
#3629 = DIRECTION ( 'NONE',  ( 0.000000000000000000, -1.000000000000000000, 0.000000000000000000 ) ) ;
#3630 = LINE ( 'NONE', #3199, #3676 ) ;
#3631 = LINE ( 'NONE', #2015, #6361 ) ;
#3632 = DIRECTION ( 'NONE',  ( -1.000000000000000000, -1.224606353822377258E-16, -0.000000000000000000 ) ) ;
#3633 = ORIENTED_EDGE ( 'NONE', *, *, #4491, .F. ) ;
#3634 = VERTEX_POINT ( 'NONE', #7067 ) ;
#3635 = ORIENTED_EDGE ( 'NONE', *, *, #5788, .T. ) ;
#3636 = CARTESIAN_POINT ( 'NONE',  ( 22.19640821446782297, 1.836970198721020073E-16, -1.500000000000001332 ) ) ;
#3637 = CARTESIAN_POINT ( 'NONE',  ( 11.69640821446782297, -1.500000000000000222, 1.836970198721031413E-16 ) ) ;
#3638 = CARTESIAN_POINT ( 'NONE',  ( 18.00000000000000355, -1.219500000000000028, 1.665213485140615106E-16 ) ) ;
#3639 = EDGE_LOOP ( 'NONE', ( #4762, #6434, #6039, #7537, #6248 ) ) ;
#3640 = CARTESIAN_POINT ( 'NONE',  ( 0.000000000000000000, 0.7274613391789273020, -1.260000000000000675 ) ) ;
#3641 = EDGE_LOOP ( 'NONE', ( #6428, #3544, #319, #3842, #2827, #7203 ) ) ;
#3642 = DIRECTION ( 'NONE',  ( 1.000000000000000000, 1.224606353822377258E-16, 0.000000000000000000 ) ) ;
#3643 = CARTESIAN_POINT ( 'NONE',  ( 6.999999999999999112, 1.219500000000002249, 0.000000000000000000 ) ) ;
#3644 = AXIS2_PLACEMENT_3D ( 'NONE', #2773, #3427, #5193 ) ;
#3645 = AXIS2_PLACEMENT_3D ( 'NONE', #6321, #3816, #5044 ) ;
#3646 = DIRECTION ( 'NONE',  ( 0.000000000000000000, -1.000000000000000000, 0.000000000000000000 ) ) ;
#3647 = VERTEX_POINT ( 'NONE', #496 ) ;
#3648 = DIRECTION ( 'NONE',  ( 0.000000000000000000, -1.000000000000000000, 0.000000000000000000 ) ) ;
#3649 = VERTEX_POINT ( 'NONE', #1807 ) ;
#3650 = CIRCLE ( 'NONE', #365, 1.219500000000001139 ) ;
#3651 = VECTOR ( 'NONE', #4933, 1000.000000000000000 ) ;
#3652 = CARTESIAN_POINT ( 'NONE',  ( 15.80359178553217347, 9.770634195117721323E-16, 0.000000000000000000 ) ) ;
#3653 = AXIS2_PLACEMENT_3D ( 'NONE', #2391, #1785, #7046 ) ;
#3654 = CIRCLE ( 'NONE', #1330, 1.500000000000001110 ) ;
#3655 = EDGE_CURVE ( 'NONE', #6407, #2609, #7493, .T. ) ;
#3656 = CARTESIAN_POINT ( 'NONE',  ( 8.499999999999998224, 1.001115694249792856E-15, 0.000000000000000000 ) ) ;
#3657 = DIRECTION ( 'NONE',  ( 0.000000000000000000, 1.000000000000000000, 0.000000000000000000 ) ) ;
#3658 = ORIENTED_EDGE ( 'NONE', *, *, #3761, .T. ) ;
#3659 = EDGE_CURVE ( 'NONE', #2098, #6152, #4676, .T. ) ;
#3661 = FACE_OUTER_BOUND ( 'NONE', #5548, .T. ) ;
#3660 = CONICAL_SURFACE ( 'NONE', #1457, 1.219500000000001139, 0.9599310885968800333 ) ;
#3662 = ORIENTED_EDGE ( 'NONE', *, *, #6394, .T. ) ;
#3663 = CONICAL_SURFACE ( 'NONE', #5518, 1.219500000000001139, 0.9599310885968800333 ) ;
#3664 = CARTESIAN_POINT ( 'NONE',  ( 20.69640821446782297, 1.836970198721020073E-16, -1.500000000000001332 ) ) ;
#3665 = CARTESIAN_POINT ( 'NONE',  ( 13.00000000000000000, -1.219500000000000028, 1.665213485140615106E-16 ) ) ;
#3666 = EDGE_CURVE ( 'NONE', #4481, #2671, #3203, .T. ) ;
#3667 = EDGE_CURVE ( 'NONE', #6286, #3885, #5168, .T. ) ;
#3668 = AXIS2_PLACEMENT_3D ( 'NONE', #2727, #5540, #3302 ) ;
#3669 = AXIS2_PLACEMENT_3D ( 'NONE', #3782, #7245, #796 ) ;
#3670 = CARTESIAN_POINT ( 'NONE',  ( 18.69640821446782297, 1.025167968987813186E-15, 0.000000000000000000 ) ) ;
#3671 = LINE ( 'NONE', #5524, #5016 ) ;
#3672 = ORIENTED_EDGE ( 'NONE', *, *, #5218, .T. ) ;
#3673 = CARTESIAN_POINT ( 'NONE',  ( 19.99999999999999645, -1.219500000000000028, 1.665213485140615106E-16 ) ) ;
#3674 = ORIENTED_EDGE ( 'NONE', *, *, #7501, .F. ) ;
#3675 = ORIENTED_EDGE ( 'NONE', *, *, #6538, .F. ) ;
#3676 = VECTOR ( 'NONE', #223, 1000.000000000000000 ) ;
#3677 = FACE_OUTER_BOUND ( 'NONE', #6398, .T. ) ;
#3678 = EDGE_CURVE ( 'NONE', #5104, #7105, #5424, .T. ) ;
#3679 = DIRECTION ( 'NONE',  ( -1.000000000000000000, -1.224606353822377258E-16, -0.000000000000000000 ) ) ;
#3680 = DIRECTION ( 'NONE',  ( 0.000000000000000000, -1.000000000000000000, 0.000000000000000000 ) ) ;
#3681 = ORIENTED_EDGE ( 'NONE', *, *, #3941, .F. ) ;
#3682 = DIRECTION ( 'NONE',  ( 0.000000000000000000, -1.000000000000000000, 0.000000000000000000 ) ) ;
#3683 = ORIENTED_EDGE ( 'NONE', *, *, #4688, .F. ) ;
#3684 = DIRECTION ( 'NONE',  ( 0.000000000000000000, -1.000000000000000000, 0.000000000000000000 ) ) ;
#3685 = CARTESIAN_POINT ( 'NONE',  ( -31.74999999999995737, 0.000000000000000000, 1.499999999999999556 ) ) ;
#3686 = DIRECTION ( 'NONE',  ( -1.000000000000000000, -1.224606353822377258E-16, -0.000000000000000000 ) ) ;
#3687 = ORIENTED_EDGE ( 'NONE', *, *, #3362, .F. ) ;
#3688 = CARTESIAN_POINT ( 'NONE',  ( 5.303591785532175251, 9.770634195117721323E-16, 0.000000000000000000 ) ) ;
#3689 = ORIENTED_EDGE ( 'NONE', *, *, #5542, .F. ) ;
#3690 = EDGE_CURVE ( 'NONE', #3120, #2301, #5541, .T. ) ;
#3691 = AXIS2_PLACEMENT_3D ( 'NONE', #3707, #2628, #301 ) ;
#3692 = CARTESIAN_POINT ( 'NONE',  ( 9.303591785532175251, 9.770634195117721323E-16, 0.000000000000000000 ) ) ;
#3693 = VECTOR ( 'NONE', #3299, 1000.000000000000114 ) ;
#3694 = DIRECTION ( 'NONE',  ( -1.000000000000000000, -1.224606353822377258E-16, -0.000000000000000000 ) ) ;
#3695 = DIRECTION ( 'NONE',  ( -0.5735764363510472696, 0.8191520442889909104, 1.003171929053523884E-16 ) ) ;
#3696 = ORIENTED_EDGE ( 'NONE', *, *, #6451, .F. ) ;
#3697 = DIRECTION ( 'NONE',  ( -1.000000000000000000, -1.224606353822377258E-16, -0.000000000000000000 ) ) ;
#3698 = VERTEX_POINT ( 'NONE', #7520 ) ;
#3699 = VECTOR ( 'NONE', #5460, 1000.000000000000000 ) ;
#3700 = DIRECTION ( 'NONE',  ( 0.000000000000000000, -1.000000000000000000, 0.000000000000000000 ) ) ;
#3701 = CARTESIAN_POINT ( 'NONE',  ( 8.303591785532175251, 9.770634195117721323E-16, 0.000000000000000000 ) ) ;
#3702 = CIRCLE ( 'NONE', #6051, 1.500000000000001110 ) ;
#3703 = CARTESIAN_POINT ( 'NONE',  ( 12.30359178553217525, 1.836970198721020813E-16, -1.500000000000001332 ) ) ;
#3704 = VERTEX_POINT ( 'NONE', #5220 ) ;
#3705 = DIRECTION ( 'NONE',  ( 1.000000000000000000, 1.224606353822377258E-16, 0.000000000000000000 ) ) ;
#3706 = ORIENTED_EDGE ( 'NONE', *, *, #3616, .F. ) ;
#3707 = CARTESIAN_POINT ( 'NONE',  ( 15.69640821446782120, 1.025167968987813186E-15, 0.000000000000000000 ) ) ;
#3708 = ORIENTED_EDGE ( 'NONE', *, *, #3343, .T. ) ;
#3709 = EDGE_CURVE ( 'NONE', #4008, #273, #7552, .T. ) ;
#3710 = EDGE_CURVE ( 'NONE', #6056, #431, #6279, .T. ) ;
#3711 = CIRCLE ( 'NONE', #37, 1.500000000000001110 ) ;
#3712 = DIRECTION ( 'NONE',  ( -1.000000000000000000, -1.224606353822377258E-16, -0.000000000000000000 ) ) ;
#3713 = CARTESIAN_POINT ( 'NONE',  ( 1.300000000000000044, -0.7274613391789304107, -1.259999999999999121 ) ) ;
#3714 = EDGE_CURVE ( 'NONE', #1561, #6604, #2960, .T. ) ;
#3715 = CIRCLE ( 'NONE', #3215, 1.500000000000001110 ) ;
#3716 = CARTESIAN_POINT ( 'NONE',  ( 20.99999999999999645, 1.001115694249792856E-15, 0.000000000000000000 ) ) ;
#3717 = ORIENTED_EDGE ( 'NONE', *, *, #3804, .F. ) ;
#3718 = ADVANCED_FACE ( 'NONE', ( #1146 ), #4605, .T. ) ;
#3719 = ADVANCED_FACE ( 'NONE', ( #2288 ), #3494, .T. ) ;
#3720 = LINE ( 'NONE', #236, #7011 ) ;
#3721 = ORIENTED_EDGE ( 'NONE', *, *, #2030, .F. ) ;
#3722 = CYLINDRICAL_SURFACE ( 'NONE', #4447, 1.499999999999999556 ) ;
#3723 = CONICAL_SURFACE ( 'NONE', #4827, 1.500000000000001110, 0.9599310885968842522 ) ;
#3724 = CONICAL_SURFACE ( 'NONE', #3220, 1.500000000000001110, 0.9599310885968842522 ) ;
#3725 = DIRECTION ( 'NONE',  ( -1.000000000000000000, -0.000000000000000000, -0.000000000000000000 ) ) ;
#3726 = APPLICATION_CONTEXT ( 'automotive_design' ) ;
#3727 = CARTESIAN_POINT ( 'NONE',  ( 0.000000000000000000, 0.000000000000000000, 0.000000000000000000 ) ) ;
#3728 = AXIS2_PLACEMENT_3D ( 'NONE', #738, #3077, #4810 ) ;
#3729 = AXIS2_PLACEMENT_3D ( 'NONE', #4124, #1128, #4167 ) ;
#3730 = CARTESIAN_POINT ( 'NONE',  ( 14.19640821446782297, 1.500000000000001998, 0.000000000000000000 ) ) ;
#3731 = ORIENTED_EDGE ( 'NONE', *, *, #1690, .F. ) ;
#3732 = AXIS2_PLACEMENT_3D ( 'NONE', #5201, #369, #976 ) ;
#3733 = CARTESIAN_POINT ( 'NONE',  ( 0.3000000000000016542, 0.000000000000000000, 0.000000000000000000 ) ) ;
#3734 = ORIENTED_EDGE ( 'NONE', *, *, #6880, .T. ) ;
#3735 = VECTOR ( 'NONE', #2033, 1000.000000000000000 ) ;
#3736 = DIRECTION ( 'NONE',  ( 0.000000000000000000, -0.8660254037844394848, -0.4999999999999986122 ) ) ;
#3737 = CIRCLE ( 'NONE', #6319, 1.500000000000001110 ) ;
#3738 = DIRECTION ( 'NONE',  ( -1.000000000000000000, -0.000000000000000000, -0.000000000000000000 ) ) ;
#3739 = CARTESIAN_POINT ( 'NONE',  ( 21.69640821446782297, 1.025167968987813186E-15, 0.000000000000000000 ) ) ;
#3740 = VERTEX_POINT ( 'NONE', #5846 ) ;
#3741 = AXIS2_PLACEMENT_3D ( 'NONE', #6936, #5722, #6904 ) ;
#3742 = CARTESIAN_POINT ( 'NONE',  ( 11.19640821446782120, -1.500000000000000222, 1.836970198721031413E-16 ) ) ;
#3743 = VERTEX_POINT ( 'NONE', #5345 ) ;
#3744 = CARTESIAN_POINT ( 'NONE',  ( 2.999999999999999112, 1.959434878635764737E-16, 1.599999999999999645 ) ) ;
#3745 = FACE_OUTER_BOUND ( 'NONE', #2216, .T. ) ;
#3746 = EDGE_CURVE ( 'NONE', #4267, #4459, #84, .T. ) ;
#3747 = CARTESIAN_POINT ( 'NONE',  ( 18.00000000000000355, 1.001115694249792856E-15, 0.000000000000000000 ) ) ;
#3748 = CARTESIAN_POINT ( 'NONE',  ( 12.80359178553217525, 9.770634195117721323E-16, 0.000000000000000000 ) ) ;
#3749 = ORIENTED_EDGE ( 'NONE', *, *, #285, .T. ) ;
#3750 = DIRECTION ( 'NONE',  ( -1.000000000000000000, -1.224606353822377258E-16, -0.000000000000000000 ) ) ;
#3751 = ORIENTED_EDGE ( 'NONE', *, *, #6643, .T. ) ;
#3752 = CARTESIAN_POINT ( 'NONE',  ( 14.69640821446782120, 1.500000000000002220, 0.000000000000000000 ) ) ;
#3753 = DIRECTION ( 'NONE',  ( 0.000000000000000000, 0.000000000000000000, 1.000000000000000000 ) ) ;
#3754 = EDGE_CURVE ( 'NONE', #1319, #1697, #6885, .T. ) ;
#3755 = CARTESIAN_POINT ( 'NONE',  ( 13.00000000000000000, 1.219500000000002249, 0.000000000000000000 ) ) ;
#3756 = ORIENTED_EDGE ( 'NONE', *, *, #4895, .F. ) ;
#3757 = EDGE_CURVE ( 'NONE', #4830, #748, #2338, .T. ) ;
#3758 = VERTEX_POINT ( 'NONE', #4761 ) ;
#3759 = CARTESIAN_POINT ( 'NONE',  ( 15.50000000000000000, -1.219500000000000028, 0.000000000000000000 ) ) ;
#3760 = DIRECTION ( 'NONE',  ( -1.000000000000000000, -1.224606353822377258E-16, -0.000000000000000000 ) ) ;
#3761 = EDGE_CURVE ( 'NONE', #5756, #1298, #1861, .T. ) ;
#3762 = EDGE_CURVE ( 'NONE', #3698, #3704, #880, .T. ) ;
#3763 = DIRECTION ( 'NONE',  ( 0.000000000000000000, -1.000000000000000000, 0.000000000000000000 ) ) ;
#3764 = ORIENTED_EDGE ( 'NONE', *, *, #5074, .T. ) ;
#3765 = ORIENTED_EDGE ( 'NONE', *, *, #1497, .T. ) ;
#3766 = DIRECTION ( 'NONE',  ( 0.000000000000000000, -1.000000000000000000, 1.043274026900804680E-15 ) ) ;
#3767 = VERTEX_POINT ( 'NONE', #5180 ) ;
#3768 = AXIS2_PLACEMENT_3D ( 'NONE', #4545, #5817, #3462 ) ;
#3769 = CARTESIAN_POINT ( 'NONE',  ( 11.19640821446782120, 1.025167968987813186E-15, 0.000000000000000000 ) ) ;
#3770 = DIRECTION ( 'NONE',  ( 0.000000000000000000, 1.000000000000000000, 0.000000000000000000 ) ) ;
#3771 = LINE ( 'NONE', #4356, #5131 ) ;
#3772 = VERTEX_POINT ( 'NONE', #6382 ) ;
#3773 = DIRECTION ( 'NONE',  ( -1.000000000000000000, -1.224606353822377258E-16, -0.000000000000000000 ) ) ;
#3774 = EDGE_LOOP ( 'NONE', ( #1306, #2255 ) ) ;
#3775 = VECTOR ( 'NONE', #3963, 1000.000000000000227 ) ;
#3776 = CONICAL_SURFACE ( 'NONE', #5747, 1.500000000000001110, 0.9599310885968842522 ) ;
#3777 = CARTESIAN_POINT ( 'NONE',  ( 10.49999999999999822, -1.219500000000000028, 1.665213485140615106E-16 ) ) ;
#3778 = VECTOR ( 'NONE', #6831, 999.9999999999998863 ) ;
#3779 = DIRECTION ( 'NONE',  ( -1.000000000000000000, -1.224606353822377258E-16, -0.000000000000000000 ) ) ;
#3780 = DIRECTION ( 'NONE',  ( 0.000000000000000000, -1.000000000000000000, 0.000000000000000000 ) ) ;
#3781 = CIRCLE ( 'NONE', #239, 1.500000000000001110 ) ;
#3782 = CARTESIAN_POINT ( 'NONE',  ( 13.19640821446782120, 1.025167968987813186E-15, 0.000000000000000000 ) ) ;
#3783 = ORIENTED_EDGE ( 'NONE', *, *, #1130, .T. ) ;
#3784 = CIRCLE ( 'NONE', #2564, 1.500000000000001110 ) ;
#3785 = CARTESIAN_POINT ( 'NONE',  ( 15.19640821446782120, 1.025167968987813186E-15, 0.000000000000000000 ) ) ;
#3786 = ORIENTED_EDGE ( 'NONE', *, *, #1557, .F. ) ;
#3787 = EDGE_CURVE ( 'NONE', #5527, #65, #1487, .T. ) ;
#3788 = CARTESIAN_POINT ( 'NONE',  ( 8.696408214467821196, 1.025167968987813186E-15, 0.000000000000000000 ) ) ;
#3789 = AXIS2_PLACEMENT_3D ( 'NONE', #2388, #1705, #5902 ) ;
#3790 = DIRECTION ( 'NONE',  ( -0.5735764363510470476, -0.8191520442889912434, 0.000000000000000000 ) ) ;
#3791 = AXIS2_PLACEMENT_3D ( 'NONE', #1716, #3632, #6521 ) ;
#3792 = PLANE ( 'NONE',  #6970 ) ;
#3793 = EDGE_LOOP ( 'NONE', ( #538, #4969, #2722, #4672, #6203, #1476 ) ) ;
#3794 = AXIS2_PLACEMENT_3D ( 'NONE', #925, #284, #3259 ) ;
#3795 = ORIENTED_EDGE ( 'NONE', *, *, #5081, .T. ) ;
#3796 = ADVANCED_FACE ( 'NONE', ( #730 ), #2570, .T. ) ;
#3797 = DIRECTION ( 'NONE',  ( 0.000000000000000000, -1.000000000000000000, 0.000000000000000000 ) ) ;
#3798 = CARTESIAN_POINT ( 'NONE',  ( 13.69640821446782297, 1.025167968987813186E-15, 0.000000000000000000 ) ) ;
#3799 = CYLINDRICAL_SURFACE ( 'NONE', #2463, 1.499999999999999556 ) ;
#3800 = ORIENTED_EDGE ( 'NONE', *, *, #5982, .T. ) ;
#3801 = CARTESIAN_POINT ( 'NONE',  ( 14.00000000000000000, -1.219500000000000028, 0.000000000000000000 ) ) ;
#3802 = VERTEX_POINT ( 'NONE', #6081 ) ;
#3803 = EDGE_CURVE ( 'NONE', #2704, #4403, #5785, .T. ) ;
#3804 = EDGE_CURVE ( 'NONE', #5547, #3481, #6651, .T. ) ;
#3805 = PLANE ( 'NONE',  #3424 ) ;
#3806 = ADVANCED_FACE ( 'NONE', ( #7253 ), #4433, .T. ) ;
#3807 = DIRECTION ( 'NONE',  ( 0.000000000000000000, -1.000000000000000000, 0.000000000000000000 ) ) ;
#3808 = VERTEX_POINT ( 'NONE', #4302 ) ;
#3809 = EDGE_CURVE ( 'NONE', #3649, #6327, #5918, .T. ) ;
#3810 = DIRECTION ( 'NONE',  ( 0.000000000000000000, -1.000000000000000000, 0.000000000000000000 ) ) ;
#3811 = VERTEX_POINT ( 'NONE', #6649 ) ;
#3812 = VERTEX_POINT ( 'NONE', #688 ) ;
#3813 = AXIS2_PLACEMENT_3D ( 'NONE', #5063, #5027, #2719 ) ;
#3814 = FACE_OUTER_BOUND ( 'NONE', #3360, .T. ) ;
#3815 = FACE_OUTER_BOUND ( 'NONE', #572, .T. ) ;
#3816 = DIRECTION ( 'NONE',  ( 0.000000000000000000, 0.8660254037844380415, -0.5000000000000009992 ) ) ;
#3817 = DIRECTION ( 'NONE',  ( -1.000000000000000000, -1.224606353822377258E-16, -0.000000000000000000 ) ) ;
#3818 = ORIENTED_EDGE ( 'NONE', *, *, #6453, .T. ) ;
#3819 = CARTESIAN_POINT ( 'NONE',  ( 16.80359178553217347, 1.836970198721020813E-16, -1.500000000000001332 ) ) ;
#3820 = ORIENTED_EDGE ( 'NONE', *, *, #4478, .F. ) ;
#3821 = CARTESIAN_POINT ( 'NONE',  ( 17.19640821446782297, 1.025167968987813186E-15, 0.000000000000000000 ) ) ;
#3822 = CARTESIAN_POINT ( 'NONE',  ( 17.19640821446782297, -1.500000000000000000, 1.836970198721031167E-16 ) ) ;
#3823 = CYLINDRICAL_SURFACE ( 'NONE', #4770, 1.499999999999999556 ) ;
#3824 = ORIENTED_EDGE ( 'NONE', *, *, #2954, .F. ) ;
#3825 = EDGE_CURVE ( 'NONE', #3993, #6522, #1112, .T. ) ;
#3826 = VECTOR ( 'NONE', #6153, 1000.000000000000000 ) ;
#3827 = ORIENTED_EDGE ( 'NONE', *, *, #4980, .F. ) ;
#3828 = CARTESIAN_POINT ( 'NONE',  ( 12.00000000000000000, 1.001115694249792856E-15, 0.000000000000000000 ) ) ;
#3829 = CARTESIAN_POINT ( 'NONE',  ( 9.500000000000000000, -1.219500000000000028, 0.000000000000000000 ) ) ;
#3830 = AXIS2_PLACEMENT_3D ( 'NONE', #528, #4175, #4598 ) ;
#3831 = CARTESIAN_POINT ( 'NONE',  ( 15.50000000000000000, -1.219500000000000028, 1.665213485140615106E-16 ) ) ;
#3832 = EDGE_LOOP ( 'NONE', ( #4897, #2278, #3062, #4471, #7007, #6619 ) ) ;
#3833 = CIRCLE ( 'NONE', #1395, 1.500000000000001110 ) ;
#3834 = CARTESIAN_POINT ( 'NONE',  ( -31.74999999999995737, 1.836970198721029441E-16, -1.499999999999999556 ) ) ;
#3835 = ORIENTED_EDGE ( 'NONE', *, *, #69, .F. ) ;
#3836 = DIRECTION ( 'NONE',  ( -0.5735764363510472696, 0.8191520442889909104, 1.003171929053523884E-16 ) ) ;
#3837 = VECTOR ( 'NONE', #2146, 1000.000000000000000 ) ;
#3838 = EDGE_CURVE ( 'NONE', #3467, #4459, #6769, .T. ) ;
#3839 = DIRECTION ( 'NONE',  ( 0.000000000000000000, -1.000000000000000000, 0.000000000000000000 ) ) ;
#3840 = ORIENTED_EDGE ( 'NONE', *, *, #5732, .F. ) ;
#3841 = DIRECTION ( 'NONE',  ( 0.000000000000000000, -1.000000000000000000, 0.000000000000000000 ) ) ;
#3842 = ORIENTED_EDGE ( 'NONE', *, *, #740, .F. ) ;
#3843 = ORIENTED_EDGE ( 'NONE', *, *, #3990, .F. ) ;
#3844 = CIRCLE ( 'NONE', #4098, 1.500000000000001110 ) ;
#3845 = EDGE_CURVE ( 'NONE', #5772, #4321, #3720, .T. ) ;
#3846 = DIRECTION ( 'NONE',  ( 0.000000000000000000, -1.000000000000000000, 0.000000000000000000 ) ) ;
#3847 = VECTOR ( 'NONE', #938, 1000.000000000000000 ) ;
#3848 = DIRECTION ( 'NONE',  ( -1.000000000000000000, -0.000000000000000000, -0.000000000000000000 ) ) ;
#3849 = EDGE_CURVE ( 'NONE', #5246, #7588, #5670, .T. ) ;
#3850 = DIRECTION ( 'NONE',  ( -1.000000000000000000, -1.224606353822377258E-16, -0.000000000000000000 ) ) ;
#3851 = EDGE_CURVE ( 'NONE', #99, #7350, #2489, .T. ) ;
#3852 = AXIS2_PLACEMENT_3D ( 'NONE', #5140, #5761, #2830 ) ;
#3853 = CYLINDRICAL_SURFACE ( 'NONE', #838, 2.750000000000000000 ) ;
#3854 = ORIENTED_EDGE ( 'NONE', *, *, #6071, .T. ) ;
#3855 = LINE ( 'NONE', #5594, #3321 ) ;
#3856 = ORIENTED_EDGE ( 'NONE', *, *, #5350, .T. ) ;
#3857 = CARTESIAN_POINT ( 'NONE',  ( 20.19640821446781942, 1.025167968987813186E-15, 0.000000000000000000 ) ) ;
#3858 = DIRECTION ( 'NONE',  ( -1.000000000000000000, -1.224606353822377258E-16, -0.000000000000000000 ) ) ;
#3859 = DIRECTION ( 'NONE',  ( 0.000000000000000000, -1.000000000000000000, 0.000000000000000000 ) ) ;
#3860 = ORIENTED_EDGE ( 'NONE', *, *, #5717, .T. ) ;
#3861 = EDGE_LOOP ( 'NONE', ( #5965, #554, #3609 ) ) ;
#3862 = DIRECTION ( 'NONE',  ( -1.000000000000000000, -0.000000000000000000, -0.000000000000000000 ) ) ;
#3863 = FACE_OUTER_BOUND ( 'NONE', #1748, .T. ) ;
#3864 = CARTESIAN_POINT ( 'NONE',  ( 14.49999999999999822, 1.001115694249792856E-15, 0.000000000000000000 ) ) ;
#3865 = ORIENTED_EDGE ( 'NONE', *, *, #1799, .F. ) ;
#3866 = DIRECTION ( 'NONE',  ( 0.5735764363510437169, -0.8191520442889933529, 1.003171929053526719E-16 ) ) ;
#3867 = VERTEX_POINT ( 'NONE', #770 ) ;
#3868 = DIRECTION ( 'NONE',  ( 0.000000000000000000, 0.000000000000000000, 1.000000000000000000 ) ) ;
#3869 = CARTESIAN_POINT ( 'NONE',  ( 0.000000000000000000, -0.7274613391789266359, 1.260000000000003118 ) ) ;
#3870 = VECTOR ( 'NONE', #656, 1000.000000000000000 ) ;
#3871 = LINE ( 'NONE', #6878, #1309 ) ;
#3872 = ORIENTED_EDGE ( 'NONE', *, *, #4659, .F. ) ;
#3873 = LINE ( 'NONE', #1004, #1881 ) ;
#3874 = VERTEX_POINT ( 'NONE', #2454 ) ;
#3875 = ORIENTED_EDGE ( 'NONE', *, *, #4519, .T. ) ;
#3876 = ADVANCED_BREP_SHAPE_REPRESENTATION ( 'socket head cap screw 4762_din_EN ISO 4762 M3 x 20 - 18S', ( #2441, #5252 ), #1694 ) ;
#3877 = EDGE_CURVE ( 'NONE', #5884, #7343, #6534, .T. ) ;
#3878 = DIRECTION ( 'NONE',  ( -1.000000000000000000, -1.224606353822377258E-16, -0.000000000000000000 ) ) ;
#3879 = DIRECTION ( 'NONE',  ( -1.000000000000000000, -0.000000000000000000, -0.000000000000000000 ) ) ;
#3880 = CIRCLE ( 'NONE', #6597, 1.500000000000001110 ) ;
#3881 = VECTOR ( 'NONE', #2645, 1000.000000000000114 ) ;
#3882 = CARTESIAN_POINT ( 'NONE',  ( 16.69640821446782297, 1.025167968987813186E-15, 0.000000000000000000 ) ) ;
#3883 = EDGE_CURVE ( 'NONE', #5569, #4382, #4802, .T. ) ;
#3884 = FACE_OUTER_BOUND ( 'NONE', #5923, .T. ) ;
#3885 = VERTEX_POINT ( 'NONE', #2527 ) ;
#3886 = DIRECTION ( 'NONE',  ( 1.000000000000000000, 1.224606353822377258E-16, 0.000000000000000000 ) ) ;
#3887 = EDGE_LOOP ( 'NONE', ( #3288, #3374, #2657, #3516, #4872, #5012 ) ) ;
#3888 = CIRCLE ( 'NONE', #7448, 1.500000000000001110 ) ;
#3889 = AXIS2_PLACEMENT_3D ( 'NONE', #6028, #1331, #3201 ) ;
#3890 = ADVANCED_FACE ( 'NONE', ( #3608 ), #1878, .T. ) ;
#3891 = DIRECTION ( 'NONE',  ( -1.000000000000000000, -1.224606353822377258E-16, -0.000000000000000000 ) ) ;
#3892 = EDGE_CURVE ( 'NONE', #6704, #800, #2472, .T. ) ;
#3893 = DIRECTION ( 'NONE',  ( -1.000000000000000000, -0.000000000000000000, -0.000000000000000000 ) ) ;
#3894 = CIRCLE ( 'NONE', #2553, 1.500000000000001110 ) ;
#3895 = VERTEX_POINT ( 'NONE', #107 ) ;
#3896 = CIRCLE ( 'NONE', #7577, 1.500000000000001110 ) ;
#3897 = VECTOR ( 'NONE', #3334, 1000.000000000000000 ) ;
#3898 = ADVANCED_FACE ( 'NONE', ( #7584 ), #4063, .T. ) ;
#3899 = ORIENTED_EDGE ( 'NONE', *, *, #4922, .T. ) ;
#3900 = LINE ( 'NONE', #2135, #1830 ) ;
#3901 = ORIENTED_EDGE ( 'NONE', *, *, #3065, .F. ) ;
#3902 = EDGE_CURVE ( 'NONE', #6927, #3740, #1170, .T. ) ;
#3903 = ORIENTED_EDGE ( 'NONE', *, *, #4367, .F. ) ;
#3904 = AXIS2_PLACEMENT_3D ( 'NONE', #3997, #3585, #4117 ) ;
#3905 = AXIS2_PLACEMENT_3D ( 'NONE', #1053, #2787, #446 ) ;
#3906 = DIRECTION ( 'NONE',  ( 0.5735764363510437169, -0.8191520442889933529, 1.003171929053526719E-16 ) ) ;
#3907 = DIRECTION ( 'NONE',  ( 0.000000000000000000, -1.000000000000000000, 1.043274026900804680E-15 ) ) ;
#3908 = AXIS2_PLACEMENT_3D ( 'NONE', #136, #780, #4197 ) ;
#3909 = DIRECTION ( 'NONE',  ( -1.000000000000000000, -1.224606353822377258E-16, -0.000000000000000000 ) ) ;
#3910 = CIRCLE ( 'NONE', #2072, 1.219500000000001139 ) ;
#3911 = DIRECTION ( 'NONE',  ( -1.000000000000000000, -0.000000000000000000, -0.000000000000000000 ) ) ;
#3912 = VERTEX_POINT ( 'NONE', #3514 ) ;
#3913 = CARTESIAN_POINT ( 'NONE',  ( 20.99999999999999645, -1.219500000000000028, 0.000000000000000000 ) ) ;
#3914 = ORIENTED_EDGE ( 'NONE', *, *, #1988, .T. ) ;
#3915 = DIRECTION ( 'NONE',  ( 0.000000000000000000, -1.000000000000000000, 0.000000000000000000 ) ) ;
#3916 = DIRECTION ( 'NONE',  ( 0.000000000000000000, -1.000000000000000000, 0.000000000000000000 ) ) ;
#3917 = CARTESIAN_POINT ( 'NONE',  ( 13.69640821446782297, 1.025167968987813186E-15, 0.000000000000000000 ) ) ;
#3918 = ORIENTED_EDGE ( 'NONE', *, *, #4553, .F. ) ;
#3919 = EDGE_CURVE ( 'NONE', #2609, #4301, #2100, .T. ) ;
#3920 = CARTESIAN_POINT ( 'NONE',  ( 1.300000000000000044, 0.7274613391789312988, 1.260000000000000897 ) ) ;
#3921 = ORIENTED_EDGE ( 'NONE', *, *, #3941, .T. ) ;
#3922 = AXIS2_PLACEMENT_3D ( 'NONE', #4111, #4069, #4689 ) ;
#3923 = ORIENTED_EDGE ( 'NONE', *, *, #5514, .T. ) ;
#3924 = LINE ( 'NONE', #2696, #6916 ) ;
#3925 = DIRECTION ( 'NONE',  ( -1.000000000000000000, -1.224606353822377258E-16, -0.000000000000000000 ) ) ;
#3926 = DIRECTION ( 'NONE',  ( -0.5735764363510472696, 0.8191520442889909104, 1.003171929053523884E-16 ) ) ;
#3927 = CARTESIAN_POINT ( 'NONE',  ( 8.803591785532175251, 9.770634195117721323E-16, 0.000000000000000000 ) ) ;
#3928 = ORIENTED_EDGE ( 'NONE', *, *, #1036, .F. ) ;
#3929 = CONICAL_SURFACE ( 'NONE', #1854, 1.219500000000001139, 0.9599310885968800333 ) ;
#3930 = CARTESIAN_POINT ( 'NONE',  ( 8.803591785532175251, 1.500000000000002442, 1.836970198721031167E-16 ) ) ;
#3931 = ORIENTED_EDGE ( 'NONE', *, *, #7244, .T. ) ;
#3932 = DIRECTION ( 'NONE',  ( -1.000000000000000000, -1.224606353822377258E-16, -0.000000000000000000 ) ) ;
#3933 = CARTESIAN_POINT ( 'NONE',  ( 22.19640821446782297, 1.025167968987813186E-15, 0.000000000000000000 ) ) ;
#3934 = CIRCLE ( 'NONE', #5040, 1.500000000000001110 ) ;
#3935 = VECTOR ( 'NONE', #388, 1000.000000000000000 ) ;
#3936 = CARTESIAN_POINT ( 'NONE',  ( 18.80359178553217703, 1.836970198721020813E-16, -1.500000000000001332 ) ) ;
#3937 = ORIENTED_EDGE ( 'NONE', *, *, #2537, .T. ) ;
#3938 = ADVANCED_FACE ( 'NONE', ( #1831 ), #3088, .T. ) ;
#3939 = ORIENTED_EDGE ( 'NONE', *, *, #5924, .T. ) ;
#3940 = DIRECTION ( 'NONE',  ( -1.000000000000000000, -1.224606353822377258E-16, -0.000000000000000000 ) ) ;
#3941 = EDGE_CURVE ( 'NONE', #3895, #4597, #5791, .T. ) ;
#3942 = DIRECTION ( 'NONE',  ( -1.000000000000000000, -0.000000000000000000, -0.000000000000000000 ) ) ;
#3943 = CIRCLE ( 'NONE', #2970, 1.500000000000001110 ) ;
#3944 = FACE_OUTER_BOUND ( 'NONE', #5410, .T. ) ;
#3945 = EDGE_CURVE ( 'NONE', #234, #6809, #4050, .T. ) ;
#3946 = EDGE_CURVE ( 'NONE', #1697, #7205, #1739, .T. ) ;
#3947 = CYLINDRICAL_SURFACE ( 'NONE', #4180, 1.499999999999999556 ) ;
#3948 = DIRECTION ( 'NONE',  ( -1.000000000000000000, -1.224606353822377258E-16, -0.000000000000000000 ) ) ;
#3949 = EDGE_LOOP ( 'NONE', ( #7102, #5283, #2711, #6795, #4412, #6542 ) ) ;
#3950 = CARTESIAN_POINT ( 'NONE',  ( 12.49999999999999822, -1.219500000000000028, 0.000000000000000000 ) ) ;
#3951 = AXIS2_PLACEMENT_3D ( 'NONE', #848, #2032, #4982 ) ;
#3952 = FACE_OUTER_BOUND ( 'NONE', #5030, .T. ) ;
#3953 = CIRCLE ( 'NONE', #5061, 1.500000000000001110 ) ;
#3954 = DIRECTION ( 'NONE',  ( -1.000000000000000000, -1.224606353822377258E-16, -0.000000000000000000 ) ) ;
#3955 = ORIENTED_EDGE ( 'NONE', *, *, #3033, .T. ) ;
#3956 = PLANE ( 'NONE',  #3110 ) ;
#3957 = VERTEX_POINT ( 'NONE', #636 ) ;
#3958 = FACE_OUTER_BOUND ( 'NONE', #6890, .T. ) ;
#3959 = CYLINDRICAL_SURFACE ( 'NONE', #1648, 1.499999999999999556 ) ;
#3960 = AXIS2_PLACEMENT_3D ( 'NONE', #1618, #2810, #4577 ) ;
#3961 = AXIS2_PLACEMENT_3D ( 'NONE', #6642, #3712, #1596 ) ;
#3962 = CARTESIAN_POINT ( 'NONE',  ( -31.74999999999995737, 1.836970198721029441E-16, -1.499999999999999556 ) ) ;
#3963 = DIRECTION ( 'NONE',  ( 0.5735764363510437169, -0.8191520442889933529, 1.003171929053526719E-16 ) ) ;
#3964 = DIRECTION ( 'NONE',  ( -1.000000000000000000, -1.224606353822377258E-16, -0.000000000000000000 ) ) ;
#3965 = ORIENTED_EDGE ( 'NONE', *, *, #5896, .T. ) ;
#3966 = AXIS2_PLACEMENT_3D ( 'NONE', #6705, #7304, #5003 ) ;
#3967 = DIRECTION ( 'NONE',  ( 0.000000000000000000, -1.000000000000000000, 0.000000000000000000 ) ) ;
#3968 = ORIENTED_EDGE ( 'NONE', *, *, #4506, .T. ) ;
#3969 = VECTOR ( 'NONE', #6326, 1000.000000000000000 ) ;
#3970 = DIRECTION ( 'NONE',  ( 0.000000000000000000, -1.000000000000000000, 0.000000000000000000 ) ) ;
#3971 = CARTESIAN_POINT ( 'NONE',  ( 20.49999999999999645, 1.219500000000002249, 1.493456771560198551E-16 ) ) ;
#3972 = EDGE_CURVE ( 'NONE', #2671, #4430, #2346, .T. ) ;
#3973 = VECTOR ( 'NONE', #733, 1000.000000000000227 ) ;
#3974 = AXIS2_PLACEMENT_3D ( 'NONE', #3627, #1824, #4664 ) ;
#3975 = CARTESIAN_POINT ( 'NONE',  ( 5.803591785532175251, -1.155557966632341512E-30, 1.500000000000001332 ) ) ;
#3976 = ORIENTED_EDGE ( 'NONE', *, *, #2967, .F. ) ;
#3977 = AXIS2_PLACEMENT_3D ( 'NONE', #3145, #2606, #849 ) ;
#3978 = VERTEX_POINT ( 'NONE', #28 ) ;
#3979 = CARTESIAN_POINT ( 'NONE',  ( 18.19640821446782297, -1.500000000000000000, 1.836970198721031167E-16 ) ) ;
#3980 = CARTESIAN_POINT ( 'NONE',  ( -31.74999999999995737, 0.000000000000000000, 0.000000000000000000 ) ) ;
#3981 = EDGE_CURVE ( 'NONE', #6152, #1709, #7057, .T. ) ;
#3982 = DIRECTION ( 'NONE',  ( -1.000000000000000000, -1.224606353822377258E-16, -0.000000000000000000 ) ) ;
#3983 = VERTEX_POINT ( 'NONE', #5286 ) ;
#3984 = EDGE_CURVE ( 'NONE', #5621, #7529, #392, .T. ) ;
#3985 = DIRECTION ( 'NONE',  ( -1.000000000000000000, -1.224606353822377258E-16, -0.000000000000000000 ) ) ;
#3986 = CARTESIAN_POINT ( 'NONE',  ( 19.50000000000000000, 1.001115694249792856E-15, 0.000000000000000000 ) ) ;
#3987 = EDGE_LOOP ( 'NONE', ( #159, #3265, #3483, #2923, #5871 ) ) ;
#3988 = DIRECTION ( 'NONE',  ( 0.000000000000000000, -1.000000000000000000, 0.000000000000000000 ) ) ;
#3989 = EDGE_CURVE ( 'NONE', #4742, #6286, #4789, .T. ) ;
#3990 = EDGE_CURVE ( 'NONE', #1860, #3772, #1000, .T. ) ;
#3991 = DIRECTION ( 'NONE',  ( 0.000000000000000000, -1.000000000000000000, 0.000000000000000000 ) ) ;
#3992 = DIRECTION ( 'NONE',  ( -1.000000000000000000, -1.224606353822377258E-16, -0.000000000000000000 ) ) ;
#3993 = VERTEX_POINT ( 'NONE', #6405 ) ;
#3994 = CARTESIAN_POINT ( 'NONE',  ( 1.300000000000000044, 1.454922678357858157, -9.757819552369539906E-16 ) ) ;
#3995 = EDGE_LOOP ( 'NONE', ( #6202, #3500, #930, #3937, #727 ) ) ;
#3996 = CARTESIAN_POINT ( 'NONE',  ( 13.50000000000000000, -1.219500000000000028, 0.000000000000000000 ) ) ;
#3997 = CARTESIAN_POINT ( 'NONE',  ( -31.74999999999995737, 0.000000000000000000, 0.000000000000000000 ) ) ;
#3998 = LINE ( 'NONE', #1121, #4009 ) ;
#3999 = DIRECTION ( 'NONE',  ( 0.000000000000000000, 0.000000000000000000, 1.000000000000000000 ) ) ;
#4000 = EDGE_LOOP ( 'NONE', ( #4955, #6720, #668, #3368, #862 ) ) ;
#4001 = DIRECTION ( 'NONE',  ( -1.000000000000000000, -1.224606353822377258E-16, -0.000000000000000000 ) ) ;
#4002 = VERTEX_POINT ( 'NONE', #5207 ) ;
#4003 = CARTESIAN_POINT ( 'NONE',  ( 14.69640821446782120, 1.500000000000001998, 0.000000000000000000 ) ) ;
#4004 = VECTOR ( 'NONE', #7039, 1000.000000000000000 ) ;
#4005 = CARTESIAN_POINT ( 'NONE',  ( 8.303591785532175251, -1.499999999999999778, 0.000000000000000000 ) ) ;
#4006 = AXIS2_PLACEMENT_3D ( 'NONE', #477, #5707, #1590 ) ;
#4007 = DIRECTION ( 'NONE',  ( 0.000000000000000000, 1.000000000000000000, 0.000000000000000000 ) ) ;
#4008 = VERTEX_POINT ( 'NONE', #5833 ) ;
#4009 = VECTOR ( 'NONE', #1742, 1000.000000000000000 ) ;
#4010 = CIRCLE ( 'NONE', #4271, 1.500000000000001110 ) ;
#4011 = ADVANCED_FACE ( 'NONE', ( #1752 ), #1491, .T. ) ;
#4012 = ORIENTED_EDGE ( 'NONE', *, *, #4695, .F. ) ;
#4013 = LINE ( 'NONE', #6374, #1502 ) ;
#4014 = CONICAL_SURFACE ( 'NONE', #1691, 1.219500000000001139, 0.9599310885968800333 ) ;
#4015 = CIRCLE ( 'NONE', #1328, 2.750000000000000000 ) ;
#4016 = DIRECTION ( 'NONE',  ( 0.000000000000000000, 0.000000000000000000, 1.000000000000000000 ) ) ;
#4017 = CIRCLE ( 'NONE', #5384, 1.219500000000000028 ) ;
#4018 = AXIS2_PLACEMENT_3D ( 'NONE', #7138, #5342, #1841 ) ;
#4019 = DIRECTION ( 'NONE',  ( 0.000000000000000000, -1.000000000000000000, 0.000000000000000000 ) ) ;
#4020 = ORIENTED_EDGE ( 'NONE', *, *, #1595, .T. ) ;
#4021 = VECTOR ( 'NONE', #2086, 1000.000000000000227 ) ;
#4022 = VECTOR ( 'NONE', #6055, 1000.000000000000000 ) ;
#4023 = EDGE_CURVE ( 'NONE', #3698, #5354, #557, .T. ) ;
#4024 = AXIS2_PLACEMENT_3D ( 'NONE', #7431, #5715, #5793 ) ;
#4025 = DIRECTION ( 'NONE',  ( 0.000000000000000000, -1.000000000000000000, 0.000000000000000000 ) ) ;
#4026 = ORIENTED_EDGE ( 'NONE', *, *, #2466, .T. ) ;
#4027 = CARTESIAN_POINT ( 'NONE',  ( 7.196408214467821196, 1.025167968987813186E-15, 0.000000000000000000 ) ) ;
#4028 = AXIS2_PLACEMENT_3D ( 'NONE', #5433, #1893, #6094 ) ;
#4029 = CARTESIAN_POINT ( 'NONE',  ( 8.803591785532175251, 9.770634195117721323E-16, 0.000000000000000000 ) ) ;
#4030 = VECTOR ( 'NONE', #75, 1000.000000000000000 ) ;
#4031 = DIRECTION ( 'NONE',  ( -1.000000000000000000, -1.224606353822377258E-16, -0.000000000000000000 ) ) ;
#4032 = EDGE_LOOP ( 'NONE', ( #4294, #6151, #1553, #6456, #4406 ) ) ;
#4033 = EDGE_CURVE ( 'NONE', #273, #1355, #3896, .T. ) ;
#4034 = EDGE_CURVE ( 'NONE', #6056, #6811, #4015, .T. ) ;
#4035 = DIRECTION ( 'NONE',  ( 0.000000000000000000, 0.000000000000000000, 1.000000000000000000 ) ) ;
#4036 = ORIENTED_EDGE ( 'NONE', *, *, #7532, .T. ) ;
#4037 = CIRCLE ( 'NONE', #6845, 1.219500000000001139 ) ;
#4038 = EDGE_LOOP ( 'NONE', ( #580, #1719, #1550, #5462, #1431 ) ) ;
#4039 = EDGE_CURVE ( 'NONE', #5836, #516, #5910, .T. ) ;
#4040 = DIRECTION ( 'NONE',  ( -0.5735764363510472696, 0.8191520442889909104, 1.003171929053523884E-16 ) ) ;
#4041 = LINE ( 'NONE', #3009, #1312 ) ;
#4042 = CIRCLE ( 'NONE', #4174, 1.500000000000001110 ) ;
#4043 = DIRECTION ( 'NONE',  ( 0.000000000000000000, -1.000000000000000000, 0.000000000000000000 ) ) ;
#4044 = VERTEX_POINT ( 'NONE', #7088 ) ;
#4045 = EDGE_CURVE ( 'NONE', #1098, #3401, #2552, .T. ) ;
#4046 = FACE_OUTER_BOUND ( 'NONE', #7528, .T. ) ;
#4047 = ORIENTED_EDGE ( 'NONE', *, *, #2251, .T. ) ;
#4048 = DIRECTION ( 'NONE',  ( -1.000000000000000000, -1.224606353822377258E-16, -0.000000000000000000 ) ) ;
#4049 = DIRECTION ( 'NONE',  ( 1.000000000000000000, 1.224606353822377258E-16, 0.000000000000000000 ) ) ;
#4050 = LINE ( 'NONE', #7126, #6404 ) ;
#4051 = CONICAL_SURFACE ( 'NONE', #749, 1.219500000000001139, 0.9599310885968800333 ) ;
#4052 = CARTESIAN_POINT ( 'NONE',  ( 14.19640821446782297, 1.025167968987813186E-15, 0.000000000000000000 ) ) ;
#4053 = VERTEX_POINT ( 'NONE', #752 ) ;
#4054 = ORIENTED_EDGE ( 'NONE', *, *, #5881, .T. ) ;
#4055 = EDGE_LOOP ( 'NONE', ( #2618, #5593, #2720, #704, #4441, #1381 ) ) ;
#4056 = CYLINDRICAL_SURFACE ( 'NONE', #526, 1.499999999999999556 ) ;
#4057 = DIRECTION ( 'NONE',  ( -0.5735764363510472696, 0.8191520442889909104, 1.003171929053523884E-16 ) ) ;
#4058 = VECTOR ( 'NONE', #4458, 1000.000000000000000 ) ;
#4059 = EDGE_CURVE ( 'NONE', #7444, #5905, #2476, .T. ) ;
#4060 = CARTESIAN_POINT ( 'NONE',  ( 16.19640821446781942, 1.025167968987813186E-15, 0.000000000000000000 ) ) ;
#4061 = ORIENTED_EDGE ( 'NONE', *, *, #3511, .T. ) ;
#4062 = CARTESIAN_POINT ( 'NONE',  ( 20.80359178553217703, 9.770634195117721323E-16, 0.000000000000000000 ) ) ;
#4063 = CONICAL_SURFACE ( 'NONE', #5427, 1.500000000000001110, 0.9599310885968842522 ) ;
#4064 = DIRECTION ( 'NONE',  ( -1.000000000000000000, -0.000000000000000000, -0.000000000000000000 ) ) ;
#4065 = ORIENTED_EDGE ( 'NONE', *, *, #6852, .F. ) ;
#4066 = DIRECTION ( 'NONE',  ( -1.000000000000000000, -1.224606353822377258E-16, -0.000000000000000000 ) ) ;
#4067 = AXIS2_PLACEMENT_3D ( 'NONE', #7546, #2870, #4176 ) ;
#4068 = DIRECTION ( 'NONE',  ( 0.000000000000000000, -1.000000000000000000, 0.000000000000000000 ) ) ;
#4069 = DIRECTION ( 'NONE',  ( -1.000000000000000000, -0.000000000000000000, -0.000000000000000000 ) ) ;
#4070 = ORIENTED_EDGE ( 'NONE', *, *, #3809, .T. ) ;
#4071 = CIRCLE ( 'NONE', #3211, 1.500000000000001110 ) ;
#4072 = DIRECTION ( 'NONE',  ( -1.000000000000000000, -1.224606353822377258E-16, -0.000000000000000000 ) ) ;
#4073 = ORIENTED_EDGE ( 'NONE', *, *, #509, .F. ) ;
#4074 = DIRECTION ( 'NONE',  ( -0.5735764363510470476, -0.8191520442889912434, 0.000000000000000000 ) ) ;
#4075 = DIRECTION ( 'NONE',  ( 1.000000000000000000, 1.224606353822377258E-16, 0.000000000000000000 ) ) ;
#4076 = EDGE_CURVE ( 'NONE', #3024, #5246, #2057, .T. ) ;
#4077 = CIRCLE ( 'NONE', #652, 1.219500000000001139 ) ;
#4078 = CARTESIAN_POINT ( 'NONE',  ( 7.803591785532175251, -1.155557966632341512E-30, 1.500000000000001332 ) ) ;
#4079 = LINE ( 'NONE', #667, #2174 ) ;
#4080 = ORIENTED_EDGE ( 'NONE', *, *, #5732, .T. ) ;
#4081 = EDGE_CURVE ( 'NONE', #5804, #2502, #6104, .T. ) ;
#4082 = LINE ( 'NONE', #5325, #4953 ) ;
#4083 = VERTEX_POINT ( 'NONE', #5481 ) ;
#4084 = VECTOR ( 'NONE', #4156, 1000.000000000000000 ) ;
#4085 = DIRECTION ( 'NONE',  ( -1.000000000000000000, -1.224606353822377258E-16, -0.000000000000000000 ) ) ;
#4086 = CARTESIAN_POINT ( 'NONE',  ( 5.196408214467821196, 1.025167968987813186E-15, 0.000000000000000000 ) ) ;
#4087 = ADVANCED_FACE ( 'NONE', ( #1903 ), #2296, .T. ) ;
#4088 = EDGE_CURVE ( 'NONE', #956, #3014, #4901, .T. ) ;
#4089 = DIRECTION ( 'NONE',  ( 0.000000000000000000, -1.000000000000000000, 0.000000000000000000 ) ) ;
#4090 = AXIS2_PLACEMENT_3D ( 'NONE', #4383, #2577, #6656 ) ;
#4091 = AXIS2_PLACEMENT_3D ( 'NONE', #2892, #3512, #4287 ) ;
#4092 = DIRECTION ( 'NONE',  ( 0.000000000000000000, 0.000000000000000000, 1.000000000000000000 ) ) ;
#4093 = ORIENTED_EDGE ( 'NONE', *, *, #3154, .F. ) ;
#4094 = VECTOR ( 'NONE', #4482, 1000.000000000000000 ) ;
#4095 = ORIENTED_EDGE ( 'NONE', *, *, #6065, .T. ) ;
#4096 = EDGE_LOOP ( 'NONE', ( #5274, #905, #3914, #1142, #3518 ) ) ;
#4097 = DIRECTION ( 'NONE',  ( 0.000000000000000000, 0.000000000000000000, -1.000000000000000000 ) ) ;
#4098 = AXIS2_PLACEMENT_3D ( 'NONE', #7322, #4305, #7183 ) ;
#4099 = FACE_OUTER_BOUND ( 'NONE', #7259, .T. ) ;
#4100 = AXIS2_PLACEMENT_3D ( 'NONE', #2546, #5516, #1933 ) ;
#4101 = DIRECTION ( 'NONE',  ( -1.000000000000000000, -0.000000000000000000, -0.000000000000000000 ) ) ;
#4102 = ORIENTED_EDGE ( 'NONE', *, *, #4229, .F. ) ;
#4103 = AXIS2_PLACEMENT_3D ( 'NONE', #1296, #7099, #5340 ) ;
#4104 = DIRECTION ( 'NONE',  ( 0.000000000000000000, -1.000000000000000000, 0.000000000000000000 ) ) ;
#4105 = ORIENTED_EDGE ( 'NONE', *, *, #2342, .F. ) ;
#4106 = DIRECTION ( 'NONE',  ( 0.000000000000000000, -1.000000000000000000, 0.000000000000000000 ) ) ;
#4107 = ORIENTED_EDGE ( 'NONE', *, *, #2795, .T. ) ;
#4108 = CARTESIAN_POINT ( 'NONE',  ( 12.19640821446782120, 1.836970198721018101E-16, -1.500000000000001332 ) ) ;
#4109 = CARTESIAN_POINT ( 'NONE',  ( 13.00000000000000000, 1.001115694249792856E-15, 0.000000000000000000 ) ) ;
#4110 = DIRECTION ( 'NONE',  ( 0.000000000000000000, -1.000000000000000000, 0.000000000000000000 ) ) ;
#4111 = CARTESIAN_POINT ( 'NONE',  ( -31.74999999999995737, 0.000000000000000000, 0.000000000000000000 ) ) ;
#4112 = EDGE_LOOP ( 'NONE', ( #7248, #6563, #6676, #3087, #2953, #3633 ) ) ;
#4113 = CARTESIAN_POINT ( 'NONE',  ( 17.80359178553217347, 1.836970198721020813E-16, -1.500000000000001332 ) ) ;
#4114 = ORIENTED_EDGE ( 'NONE', *, *, #3015, .F. ) ;
#4115 = EDGE_CURVE ( 'NONE', #4002, #3426, #1367, .T. ) ;
#4116 = DIRECTION ( 'NONE',  ( 0.000000000000000000, 0.000000000000000000, 1.000000000000000000 ) ) ;
#4117 = DIRECTION ( 'NONE',  ( 0.000000000000000000, 0.000000000000000000, 1.000000000000000000 ) ) ;
#4118 = DIRECTION ( 'NONE',  ( 0.000000000000000000, 0.000000000000000000, 1.000000000000000000 ) ) ;
#4119 = FACE_OUTER_BOUND ( 'NONE', #2982, .T. ) ;
#4120 = ORIENTED_EDGE ( 'NONE', *, *, #6328, .T. ) ;
#4121 = CARTESIAN_POINT ( 'NONE',  ( 15.69640821446782120, 1.025167968987813186E-15, 0.000000000000000000 ) ) ;
#4122 = EDGE_LOOP ( 'NONE', ( #5111, #6390, #4639, #6820, #3658 ) ) ;
#4123 = EDGE_CURVE ( 'NONE', #4880, #6588, #3631, .T. ) ;
#4124 = CARTESIAN_POINT ( 'NONE',  ( 1.300000000000000044, 2.182384017536784349, -1.260000000000002229 ) ) ;
#4125 = CARTESIAN_POINT ( 'NONE',  ( 9.999999999999998224, -1.219500000000000028, 0.000000000000000000 ) ) ;
#4126 = EDGE_CURVE ( 'NONE', #7066, #4597, #3405, .T. ) ;
#4127 = CARTESIAN_POINT ( 'NONE',  ( 0.3000000000000016542, 0.000000000000000000, 0.000000000000000000 ) ) ;
#4128 = CARTESIAN_POINT ( 'NONE',  ( 18.80359178553217703, 9.770634195117721323E-16, 0.000000000000000000 ) ) ;
#4129 = VERTEX_POINT ( 'NONE', #3092 ) ;
#4130 = ORIENTED_EDGE ( 'NONE', *, *, #1314, .F. ) ;
#4131 = EDGE_CURVE ( 'NONE', #5077, #5660, #1442, .T. ) ;
#4132 = EDGE_CURVE ( 'NONE', #4267, #3519, #5746, .T. ) ;
#4133 = ORIENTED_EDGE ( 'NONE', *, *, #5838, .T. ) ;
#4134 = DIRECTION ( 'NONE',  ( 0.000000000000000000, -1.000000000000000000, 0.000000000000000000 ) ) ;
#4135 = CARTESIAN_POINT ( 'NONE',  ( 5.196408214467821196, -1.155557966632341512E-30, 1.500000000000001332 ) ) ;
#4136 = ADVANCED_FACE ( 'NONE', ( #868 ), #2667, .T. ) ;
#4137 = EDGE_CURVE ( 'NONE', #4866, #449, #1941, .T. ) ;
#4138 = FACE_OUTER_BOUND ( 'NONE', #1499, .T. ) ;
#4139 = ORIENTED_EDGE ( 'NONE', *, *, #4478, .T. ) ;
#4140 = ORIENTED_EDGE ( 'NONE', *, *, #7363, .F. ) ;
#4141 = ORIENTED_EDGE ( 'NONE', *, *, #5323, .T. ) ;
#4142 = DIRECTION ( 'NONE',  ( 0.000000000000000000, -1.000000000000000000, 0.000000000000000000 ) ) ;
#4143 = ORIENTED_EDGE ( 'NONE', *, *, #5310, .T. ) ;
#4144 = CIRCLE ( 'NONE', #4626, 1.500000000000001110 ) ;
#4145 = AXIS2_PLACEMENT_3D ( 'NONE', #6926, #2739, #440 ) ;
#4146 = CIRCLE ( 'NONE', #3533, 1.500000000000001110 ) ;
#4147 = CARTESIAN_POINT ( 'NONE',  ( -31.74999999999995737, 0.000000000000000000, 1.499999999999999556 ) ) ;
#4148 = DIRECTION ( 'NONE',  ( 0.000000000000000000, -1.000000000000000000, 0.000000000000000000 ) ) ;
#4149 =( LENGTH_UNIT ( ) NAMED_UNIT ( * ) SI_UNIT ( .MILLI., .METRE. ) );
#4150 = AXIS2_PLACEMENT_3D ( 'NONE', #324, #2196, #1045 ) ;
#4151 = CIRCLE ( 'NONE', #4401, 1.219500000000001139 ) ;
#4152 = CIRCLE ( 'NONE', #2298, 1.219500000000001139 ) ;
#4153 = CIRCLE ( 'NONE', #7459, 1.500000000000001110 ) ;
#4154 = DIRECTION ( 'NONE',  ( 0.000000000000000000, -1.000000000000000000, 0.000000000000000000 ) ) ;
#4155 = VERTEX_POINT ( 'NONE', #5987 ) ;
#4156 = DIRECTION ( 'NONE',  ( -1.000000000000000000, -0.000000000000000000, -0.000000000000000000 ) ) ;
#4157 = ORIENTED_EDGE ( 'NONE', *, *, #5310, .F. ) ;
#4158 = CARTESIAN_POINT ( 'NONE',  ( -31.74999999999995737, 0.000000000000000000, 0.000000000000000000 ) ) ;
#4159 = AXIS2_PLACEMENT_3D ( 'NONE', #6621, #4314, #1356 ) ;
#4160 = CARTESIAN_POINT ( 'NONE',  ( 15.00000000000000000, 1.001115694249792856E-15, 0.000000000000000000 ) ) ;
#4161 = EDGE_CURVE ( 'NONE', #5556, #2491, #6964, .T. ) ;
#4162 = CARTESIAN_POINT ( 'NONE',  ( 13.69640821446782297, 1.500000000000002220, 0.000000000000000000 ) ) ;
#4163 = LINE ( 'NONE', #4701, #6009 ) ;
#4164 = ORIENTED_EDGE ( 'NONE', *, *, #2625, .T. ) ;
#4165 = FACE_OUTER_BOUND ( 'NONE', #5687, .T. ) ;
#4166 = ORIENTED_EDGE ( 'NONE', *, *, #277, .F. ) ;
#4167 = DIRECTION ( 'NONE',  ( 0.000000000000000000, 0.000000000000000000, -1.000000000000000000 ) ) ;
#4168 = DIRECTION ( 'NONE',  ( 0.000000000000000000, -1.000000000000000000, 0.000000000000000000 ) ) ;
#4169 = CARTESIAN_POINT ( 'NONE',  ( 7.303591785532175251, 9.770634195117721323E-16, 0.000000000000000000 ) ) ;
#4170 = DIRECTION ( 'NONE',  ( 0.000000000000000000, 0.000000000000000000, -1.000000000000000000 ) ) ;
#4171 = EDGE_LOOP ( 'NONE', ( #4047, #5731, #6170, #4981, #5143, #623 ) ) ;
#4172 = EDGE_LOOP ( 'NONE', ( #6136, #4586, #1953, #5174, #5135 ) ) ;
#4173 = ORIENTED_EDGE ( 'NONE', *, *, #2204, .T. ) ;
#4174 = AXIS2_PLACEMENT_3D ( 'NONE', #5771, #1192, #5273 ) ;
#4175 = DIRECTION ( 'NONE',  ( -1.000000000000000000, -0.000000000000000000, -0.000000000000000000 ) ) ;
#4176 = DIRECTION ( 'NONE',  ( 0.000000000000000000, 0.000000000000000000, 1.000000000000000000 ) ) ;
#4177 = EDGE_CURVE ( 'NONE', #7246, #5768, #6726, .T. ) ;
#4178 = DIRECTION ( 'NONE',  ( 0.000000000000000000, -1.000000000000000000, 0.000000000000000000 ) ) ;
#4179 = ORIENTED_EDGE ( 'NONE', *, *, #6445, .F. ) ;
#4180 = AXIS2_PLACEMENT_3D ( 'NONE', #7404, #6191, #920 ) ;
#4181 = DIRECTION ( 'NONE',  ( 0.000000000000000000, -1.000000000000000000, 0.000000000000000000 ) ) ;
#4182 = ADVANCED_FACE ( 'NONE', ( #145 ), #109, .T. ) ;
#4183 = ORIENTED_EDGE ( 'NONE', *, *, #478, .T. ) ;
#4184 = DIRECTION ( 'NONE',  ( -1.000000000000000000, -1.224606353822377258E-16, -0.000000000000000000 ) ) ;
#4185 = ORIENTED_EDGE ( 'NONE', *, *, #5983, .F. ) ;
#4186 = DIRECTION ( 'NONE',  ( -0.5735764363510470476, -0.8191520442889912434, 0.000000000000000000 ) ) ;
#4187 = SURFACE_SIDE_STYLE ('',( #2496 ) ) ;
#4188 = EDGE_CURVE ( 'NONE', #3393, #1961, #5383, .T. ) ;
#4189 = EDGE_CURVE ( 'NONE', #179, #4566, #4387, .T. ) ;
#4190 = VECTOR ( 'NONE', #2835, 1000.000000000000000 ) ;
#4191 = DIRECTION ( 'NONE',  ( 0.5735764363510434949, 0.8191520442889935749, 0.000000000000000000 ) ) ;
#4192 = VERTEX_POINT ( 'NONE', #3703 ) ;
#4193 = CARTESIAN_POINT ( 'NONE',  ( 12.30359178553217525, 9.770634195117721323E-16, 0.000000000000000000 ) ) ;
#4194 = ORIENTED_EDGE ( 'NONE', *, *, #1409, .F. ) ;
#4195 = FACE_OUTER_BOUND ( 'NONE', #3641, .T. ) ;
#4196 = CONICAL_SURFACE ( 'NONE', #1617, 1.500000000000001110, 0.9599310885968842522 ) ;
#4197 = DIRECTION ( 'NONE',  ( 0.000000000000000000, -1.000000000000000000, 0.000000000000000000 ) ) ;
#4198 = DIRECTION ( 'NONE',  ( -0.5735764363510472696, 0.8191520442889909104, 1.003171929053523884E-16 ) ) ;
#4199 = AXIS2_PLACEMENT_3D ( 'NONE', #129, #4184, #7069 ) ;
#4200 = CARTESIAN_POINT ( 'NONE',  ( 14.00000000000000000, 1.001115694249792856E-15, 0.000000000000000000 ) ) ;
#4201 = ORIENTED_EDGE ( 'NONE', *, *, #1986, .T. ) ;
#4202 = DIRECTION ( 'NONE',  ( -1.000000000000000000, -1.224606353822377258E-16, -0.000000000000000000 ) ) ;
#4203 = VERTEX_POINT ( 'NONE', #6062 ) ;
#4204 = CYLINDRICAL_SURFACE ( 'NONE', #3226, 1.499999999999999556 ) ;
#4205 = VECTOR ( 'NONE', #4832, 1000.000000000000000 ) ;
#4206 = DIRECTION ( 'NONE',  ( 0.000000000000000000, 0.000000000000000000, 1.000000000000000000 ) ) ;
#4207 = DIRECTION ( 'NONE',  ( 0.000000000000000000, -1.000000000000000000, 0.000000000000000000 ) ) ;
#4208 = CYLINDRICAL_SURFACE ( 'NONE', #2439, 1.499999999999999556 ) ;
#4209 = VERTEX_POINT ( 'NONE', #3133 ) ;
#4210 = AXIS2_PLACEMENT_3D ( 'NONE', #4517, #7312, #5092 ) ;
#4211 = EDGE_LOOP ( 'NONE', ( #290, #6465, #2762, #1050, #30 ) ) ;
#4212 = VERTEX_POINT ( 'NONE', #2234 ) ;
#4213 = ADVANCED_FACE ( 'NONE', ( #7495 ), #325, .T. ) ;
#4214 = DIRECTION ( 'NONE',  ( 0.000000000000000000, 1.000000000000000000, 0.000000000000000000 ) ) ;
#4215 = FACE_OUTER_BOUND ( 'NONE', #2455, .T. ) ;
#4216 = CIRCLE ( 'NONE', #7398, 1.500000000000001110 ) ;
#4217 = VECTOR ( 'NONE', #1936, 1000.000000000000000 ) ;
#4218 = ORIENTED_EDGE ( 'NONE', *, *, #2673, .T. ) ;
#4219 = DIRECTION ( 'NONE',  ( -1.000000000000000000, -1.224606353822377258E-16, -0.000000000000000000 ) ) ;
#4220 = ORIENTED_EDGE ( 'NONE', *, *, #1988, .F. ) ;
#4221 = AXIS2_PLACEMENT_3D ( 'NONE', #6189, #919, #4983 ) ;
#4222 = CARTESIAN_POINT ( 'NONE',  ( 5.696408214467822084, 1.025167968987813186E-15, 0.000000000000000000 ) ) ;
#4223 = ORIENTED_EDGE ( 'NONE', *, *, #2282, .F. ) ;
#4224 = ADVANCED_FACE ( 'NONE', ( #5741 ), #6233, .T. ) ;
#4225 = DIRECTION ( 'NONE',  ( -1.000000000000000000, -1.224606353822377258E-16, -0.000000000000000000 ) ) ;
#4226 = AXIS2_PLACEMENT_3D ( 'NONE', #7387, #7427, #4588 ) ;
#4227 = CARTESIAN_POINT ( 'NONE',  ( 17.69640821446782297, 1.025167968987813186E-15, 0.000000000000000000 ) ) ;
#4228 = CONICAL_SURFACE ( 'NONE', #4473, 1.219500000000001139, 0.9599310885968800333 ) ;
#4229 = EDGE_CURVE ( 'NONE', #1628, #744, #4763, .T. ) ;
#4230 = LINE ( 'NONE', #3149, #7191 ) ;
#4231 = ORIENTED_EDGE ( 'NONE', *, *, #6540, .T. ) ;
#4232 = DIRECTION ( 'NONE',  ( 0.5735764363510437169, -0.8191520442889933529, 1.003171929053526719E-16 ) ) ;
#4233 = EDGE_LOOP ( 'NONE', ( #6628, #3795, #5292, #3484, #3901 ) ) ;
#4234 = EDGE_CURVE ( 'NONE', #3218, #5756, #2197, .T. ) ;
#4235 = ADVANCED_FACE ( 'NONE', ( #6173 ), #458, .T. ) ;
#4236 = CARTESIAN_POINT ( 'NONE',  ( 8.196408214467821196, 1.025167968987813186E-15, 0.000000000000000000 ) ) ;
#4237 = CARTESIAN_POINT ( 'NONE',  ( 6.303591785532174363, 9.770634195117721323E-16, 0.000000000000000000 ) ) ;
#4238 = DIRECTION ( 'NONE',  ( 0.5735764363510437169, -0.8191520442889933529, 1.003171929053526719E-16 ) ) ;
#4239 = VERTEX_POINT ( 'NONE', #5626 ) ;
#4240 = DIRECTION ( 'NONE',  ( -1.000000000000000000, -0.000000000000000000, -0.000000000000000000 ) ) ;
#4241 = VERTEX_POINT ( 'NONE', #2738 ) ;
#4242 = DIRECTION ( 'NONE',  ( 0.000000000000000000, 0.000000000000000000, 1.000000000000000000 ) ) ;
#4243 = DIRECTION ( 'NONE',  ( -1.000000000000000000, -1.224606353822377258E-16, -0.000000000000000000 ) ) ;
#4244 = CARTESIAN_POINT ( 'NONE',  ( 22.71950000000000358, 0.000000000000000000, 0.000000000000000000 ) ) ;
#4245 = LINE ( 'NONE', #4968, #7106 ) ;
#4246 = ORIENTED_EDGE ( 'NONE', *, *, #670, .F. ) ;
#4247 = DIRECTION ( 'NONE',  ( -1.000000000000000000, -1.224606353822377258E-16, -0.000000000000000000 ) ) ;
#4248 = ORIENTED_EDGE ( 'NONE', *, *, #3620, .F. ) ;
#4249 = PRODUCT_DEFINITION_CONTEXT ( 'detailed design', #3726, 'design' ) ;
#4250 = VERTEX_POINT ( 'NONE', #3313 ) ;
#4251 = FACE_OUTER_BOUND ( 'NONE', #212, .T. ) ;
#4252 = DIRECTION ( 'NONE',  ( 0.000000000000000000, -1.000000000000000000, 0.000000000000000000 ) ) ;
#4253 = VECTOR ( 'NONE', #4732, 1000.000000000000000 ) ;
#4254 = CYLINDRICAL_SURFACE ( 'NONE', #2919, 1.499999999999999556 ) ;
#4255 = ORIENTED_EDGE ( 'NONE', *, *, #6852, .T. ) ;
#4256 = EDGE_CURVE ( 'NONE', #1669, #3993, #7384, .T. ) ;
#4257 = DIRECTION ( 'NONE',  ( -1.000000000000000000, -1.224606353822377258E-16, -0.000000000000000000 ) ) ;
#4258 = ORIENTED_EDGE ( 'NONE', *, *, #6078, .T. ) ;
#4259 = CARTESIAN_POINT ( 'NONE',  ( 20.19640821446781942, -1.500000000000000222, 1.836970198721031413E-16 ) ) ;
#4260 = FACE_OUTER_BOUND ( 'NONE', #2602, .T. ) ;
#4261 = CIRCLE ( 'NONE', #946, 1.500000000000001110 ) ;
#4262 =( NAMED_UNIT ( * ) PLANE_ANGLE_UNIT ( ) SI_UNIT ( $, .RADIAN. ) );
#4263 = EDGE_CURVE ( 'NONE', #1860, #3022, #2125, .T. ) ;
#4264 = AXIS2_PLACEMENT_3D ( 'NONE', #4, #4765, #651 ) ;
#4265 = AXIS2_PLACEMENT_3D ( 'NONE', #6481, #3515, #1133 ) ;
#4266 = LINE ( 'NONE', #7185, #5149 ) ;
#4267 = VERTEX_POINT ( 'NONE', #902 ) ;
#4268 = CONICAL_SURFACE ( 'NONE', #6723, 1.219500000000001139, 0.9599310885968800333 ) ;
#4269 = CARTESIAN_POINT ( 'NONE',  ( 15.80359178553217347, -1.500000000000004885, 0.000000000000000000 ) ) ;
#4270 = VERTEX_POINT ( 'NONE', #4477 ) ;
#4271 = AXIS2_PLACEMENT_3D ( 'NONE', #1152, #7525, #541 ) ;
#4272 = CIRCLE ( 'NONE', #344, 1.500000000000001110 ) ;
#4273 = AXIS2_PLACEMENT_3D ( 'NONE', #7306, #1978, #3780 ) ;
#4274 = CARTESIAN_POINT ( 'NONE',  ( 10.80359178553217525, 9.770634195117721323E-16, 0.000000000000000000 ) ) ;
#4275 = CIRCLE ( 'NONE', #954, 1.500000000000001110 ) ;
#4276 = EDGE_CURVE ( 'NONE', #5431, #191, #7211, .T. ) ;
#4277 = FACE_OUTER_BOUND ( 'NONE', #3496, .T. ) ;
#4278 = EDGE_CURVE ( 'NONE', #2867, #1746, #5589, .T. ) ;
#4279 = LINE ( 'NONE', #5512, #2177 ) ;
#4280 = ORIENTED_EDGE ( 'NONE', *, *, #1497, .F. ) ;
#4282 = DIRECTION ( 'NONE',  ( 0.5735764363510437169, -0.8191520442889933529, 1.003171929053526719E-16 ) ) ;
#4281 = CIRCLE ( 'NONE', #5258, 1.219500000000001139 ) ;
#4283 = ORIENTED_EDGE ( 'NONE', *, *, #1690, .T. ) ;
#4284 = AXIS2_PLACEMENT_3D ( 'NONE', #3716, #3103, #3248 ) ;
#4285 = EDGE_CURVE ( 'NONE', #2851, #3812, #3391, .T. ) ;
#4286 = EDGE_CURVE ( 'NONE', #6927, #1869, #1685, .T. ) ;
#4287 = DIRECTION ( 'NONE',  ( 0.000000000000000000, -1.000000000000000000, 0.000000000000000000 ) ) ;
#4288 = LINE ( 'NONE', #2014, #5885 ) ;
#4289 = CIRCLE ( 'NONE', #1954, 1.500000000000001110 ) ;
#4290 = EDGE_CURVE ( 'NONE', #6121, #1118, #4548, .T. ) ;
#4291 = VECTOR ( 'NONE', #6356, 1000.000000000000000 ) ;
#4292 = DIRECTION ( 'NONE',  ( 0.000000000000000000, 0.000000000000000000, 1.000000000000000000 ) ) ;
#4293 = CARTESIAN_POINT ( 'NONE',  ( 21.80359178553217703, 1.836970198721020813E-16, -1.500000000000001332 ) ) ;
#4294 = ORIENTED_EDGE ( 'NONE', *, *, #982, .F. ) ;
#4295 = DIRECTION ( 'NONE',  ( 0.000000000000000000, -1.000000000000000000, 0.000000000000000000 ) ) ;
#4296 = ORIENTED_EDGE ( 'NONE', *, *, #1086, .T. ) ;
#4297 = ORIENTED_EDGE ( 'NONE', *, *, #693, .T. ) ;
#4298 = CARTESIAN_POINT ( 'NONE',  ( 23.00000000000000000, 1.665213485140613380E-16, -1.219500000000000028 ) ) ;
#4299 = FACE_OUTER_BOUND ( 'NONE', #1371, .T. ) ;
#4300 = CARTESIAN_POINT ( 'NONE',  ( 21.69640821446782297, 1.025167968987813186E-15, 0.000000000000000000 ) ) ;
#4301 = VERTEX_POINT ( 'NONE', #6888 ) ;
#4302 = CARTESIAN_POINT ( 'NONE',  ( 18.80359178553217703, -1.499999999999999778, 0.000000000000000000 ) ) ;
#4303 = VERTEX_POINT ( 'NONE', #6282 ) ;
#4304 = DIRECTION ( 'NONE',  ( 0.5735764363510434949, 0.8191520442889935749, 0.000000000000000000 ) ) ;
#4305 = DIRECTION ( 'NONE',  ( -1.000000000000000000, -1.224606353822377258E-16, -0.000000000000000000 ) ) ;
#4306 = EDGE_CURVE ( 'NONE', #142, #6407, #1626, .T. ) ;
#4307 = CIRCLE ( 'NONE', #7361, 1.219500000000001139 ) ;
#4308 = DIRECTION ( 'NONE',  ( 0.000000000000000000, -1.000000000000000000, 1.490391467001149289E-15 ) ) ;
#4309 = ORIENTED_EDGE ( 'NONE', *, *, #7395, .T. ) ;
#4310 = LINE ( 'NONE', #3801, #898 ) ;
#4311 = VERTEX_POINT ( 'NONE', #4436 ) ;
#4312 = ADVANCED_FACE ( 'NONE', ( #6208 ), #1447, .T. ) ;
#4313 = CIRCLE ( 'NONE', #7044, 1.500000000000001110 ) ;
#4314 = DIRECTION ( 'NONE',  ( -1.000000000000000000, -1.224606353822377258E-16, -0.000000000000000000 ) ) ;
#4315 = CARTESIAN_POINT ( 'NONE',  ( -31.74999999999995737, 0.000000000000000000, 1.499999999999999556 ) ) ;
#4316 = CARTESIAN_POINT ( 'NONE',  ( 6.696408214467821196, -1.500000000000000000, 1.836970198721031167E-16 ) ) ;
#4317 = VERTEX_POINT ( 'NONE', #366 ) ;
#4318 = CARTESIAN_POINT ( 'NONE',  ( 21.69640821446782297, 1.836970198721020073E-16, -1.500000000000001332 ) ) ;
#4319 = EDGE_LOOP ( 'NONE', ( #6952, #3434, #4603, #1374, #4785 ) ) ;
#4320 = VECTOR ( 'NONE', #4668, 1000.000000000000000 ) ;
#4321 = VERTEX_POINT ( 'NONE', #2699 ) ;
#4322 = ADVANCED_FACE ( 'NONE', ( #2160 ), #1321, .T. ) ;
#4323 = LINE ( 'NONE', #104, #1401 ) ;
#4324 = CARTESIAN_POINT ( 'NONE',  ( 9.196408214467821196, 1.500000000000001998, 0.000000000000000000 ) ) ;
#4325 = CONICAL_SURFACE ( 'NONE', #2223, 1.219500000000001139, 0.9599310885968800333 ) ;
#4326 = CARTESIAN_POINT ( 'NONE',  ( 10.80359178553217525, 9.770634195117721323E-16, 0.000000000000000000 ) ) ;
#4327 = EDGE_CURVE ( 'NONE', #6327, #1065, #3399, .T. ) ;
#4328 = CARTESIAN_POINT ( 'NONE',  ( 5.196408214467821196, 1.500000000000001998, 0.000000000000000000 ) ) ;
#4329 = ORIENTED_EDGE ( 'NONE', *, *, #4507, .T. ) ;
#4330 = CARTESIAN_POINT ( 'NONE',  ( 8.803591785532175251, -1.155557966632341512E-30, 1.500000000000001332 ) ) ;
#4331 = ORIENTED_EDGE ( 'NONE', *, *, #255, .T. ) ;
#4332 = AXIS2_PLACEMENT_3D ( 'NONE', #1302, #5425, #6043 ) ;
#4333 = ADVANCED_FACE ( 'NONE', ( #2763 ), #1688, .T. ) ;
#4334 = CARTESIAN_POINT ( 'NONE',  ( 1.300000000000000044, 1.454922678357858157, -9.757819552369539906E-16 ) ) ;
#4335 = ADVANCED_FACE ( 'NONE', ( #5769 ), #4878, .T. ) ;
#4336 = DIRECTION ( 'NONE',  ( -1.000000000000000000, -0.000000000000000000, -0.000000000000000000 ) ) ;
#4337 = AXIS2_PLACEMENT_3D ( 'NONE', #5375, #2899, #1177 ) ;
#4338 = DIRECTION ( 'NONE',  ( 0.000000000000000000, -1.000000000000000000, 0.000000000000000000 ) ) ;
#4339 = ORIENTED_EDGE ( 'NONE', *, *, #7548, .T. ) ;
#4340 = DIRECTION ( 'NONE',  ( -1.000000000000000000, -0.000000000000000000, -0.000000000000000000 ) ) ;
#4341 = VERTEX_POINT ( 'NONE', #390 ) ;
#4342 = DIRECTION ( 'NONE',  ( 0.000000000000000000, 0.000000000000000000, -1.000000000000000000 ) ) ;
#4343 = VECTOR ( 'NONE', #5226, 1000.000000000000000 ) ;
#4344 = AXIS2_PLACEMENT_3D ( 'NONE', #4974, #371, #1555 ) ;
#4345 = CARTESIAN_POINT ( 'NONE',  ( 0.3000000000000016542, 0.000000000000000000, 2.750000000000000000 ) ) ;
#4346 = VECTOR ( 'NONE', #555, 1000.000000000000000 ) ;
#4347 = FACE_OUTER_BOUND ( 'NONE', #546, .T. ) ;
#4348 = EDGE_LOOP ( 'NONE', ( #7198, #3059, #4513, #368, #4102 ) ) ;
#4349 = AXIS2_PLACEMENT_3D ( 'NONE', #4121, #2470, #2394 ) ;
#4350 = FACE_OUTER_BOUND ( 'NONE', #4319, .T. ) ;
#4351 = ORIENTED_EDGE ( 'NONE', *, *, #1885, .F. ) ;
#4352 = CIRCLE ( 'NONE', #5339, 1.500000000000001110 ) ;
#4353 = CARTESIAN_POINT ( 'NONE',  ( 18.50000000000000000, 1.001115694249792856E-15, 0.000000000000000000 ) ) ;
#4354 = CIRCLE ( 'NONE', #3123, 1.500000000000001110 ) ;
#4355 = DIRECTION ( 'NONE',  ( 0.000000000000000000, -1.000000000000000000, 0.000000000000000000 ) ) ;
#4356 = CARTESIAN_POINT ( 'NONE',  ( 17.69640821446782297, 1.500000000000002220, 0.000000000000000000 ) ) ;
#4357 = ORIENTED_EDGE ( 'NONE', *, *, #6023, .F. ) ;
#4358 = ADVANCED_FACE ( 'NONE', ( #5070 ), #6307, .T. ) ;
#4359 = CARTESIAN_POINT ( 'NONE',  ( 6.696408214467821196, 1.025167968987813186E-15, 0.000000000000000000 ) ) ;
#4360 = EDGE_LOOP ( 'NONE', ( #2246, #6696, #322 ) ) ;
#4361 = ORIENTED_EDGE ( 'NONE', *, *, #5032, .F. ) ;
#4362 = DIRECTION ( 'NONE',  ( -1.000000000000000000, -0.000000000000000000, -0.000000000000000000 ) ) ;
#4363 = DIRECTION ( 'NONE',  ( -1.000000000000000000, -1.224606353822377258E-16, -0.000000000000000000 ) ) ;
#4364 = DIRECTION ( 'NONE',  ( -1.000000000000000000, -0.000000000000000000, -0.000000000000000000 ) ) ;
#4365 = CARTESIAN_POINT ( 'NONE',  ( 14.80359178553217525, 9.770634195117721323E-16, 0.000000000000000000 ) ) ;
#4366 = ORIENTED_EDGE ( 'NONE', *, *, #3095, .T. ) ;
#4367 = EDGE_CURVE ( 'NONE', #4430, #854, #3888, .T. ) ;
#4368 = CARTESIAN_POINT ( 'NONE',  ( 7.303591785532175251, 1.836970198721020813E-16, -1.500000000000001332 ) ) ;
#4369 = ORIENTED_EDGE ( 'NONE', *, *, #4448, .T. ) ;
#4370 = FACE_OUTER_BOUND ( 'NONE', #805, .T. ) ;
#4371 = DIRECTION ( 'NONE',  ( 0.000000000000000000, 0.000000000000000000, -1.000000000000000000 ) ) ;
#4372 = DIRECTION ( 'NONE',  ( -1.000000000000000000, -1.224606353822377258E-16, -0.000000000000000000 ) ) ;
#4373 = ORIENTED_EDGE ( 'NONE', *, *, #3276, .T. ) ;
#4374 = EDGE_CURVE ( 'NONE', #1155, #6604, #5611, .T. ) ;
#4375 = EDGE_CURVE ( 'NONE', #877, #5690, #998, .T. ) ;
#4376 = ORIENTED_EDGE ( 'NONE', *, *, #1183, .T. ) ;
#4377 = DIRECTION ( 'NONE',  ( 0.000000000000000000, -1.000000000000000000, 0.000000000000000000 ) ) ;
#4378 = EDGE_CURVE ( 'NONE', #1196, #4317, #960, .T. ) ;
#4379 = DIRECTION ( 'NONE',  ( -1.000000000000000000, -1.224606353822377258E-16, -0.000000000000000000 ) ) ;
#4380 = EDGE_CURVE ( 'NONE', #3957, #4250, #352, .T. ) ;
#4381 = FACE_OUTER_BOUND ( 'NONE', #6976, .T. ) ;
#4382 = VERTEX_POINT ( 'NONE', #3379 ) ;
#4383 = CARTESIAN_POINT ( 'NONE',  ( -31.74999999999995737, 0.000000000000000000, 0.000000000000000000 ) ) ;
#4384 = ORIENTED_EDGE ( 'NONE', *, *, #4853, .T. ) ;
#4385 = AXIS2_PLACEMENT_3D ( 'NONE', #7566, #3584, #3619 ) ;
#4386 = DIRECTION ( 'NONE',  ( -1.000000000000000000, -1.224606353822377258E-16, -0.000000000000000000 ) ) ;
#4387 = CIRCLE ( 'NONE', #1935, 1.500000000000001110 ) ;
#4388 = CARTESIAN_POINT ( 'NONE',  ( 0.000000000000000000, -1.454922678357857047, 3.035766082959412415E-15 ) ) ;
#4389 = EDGE_LOOP ( 'NONE', ( #6748, #2138, #3931, #493, #6391 ) ) ;
#4390 = CARTESIAN_POINT ( 'NONE',  ( 19.69640821446782297, 1.025167968987813186E-15, 0.000000000000000000 ) ) ;
#4391 = ORIENTED_EDGE ( 'NONE', *, *, #2111, .T. ) ;
#4392 = VERTEX_POINT ( 'NONE', #6805 ) ;
#4393 = VECTOR ( 'NONE', #6444, 1000.000000000000000 ) ;
#4394 = AXIS2_PLACEMENT_3D ( 'NONE', #5709, #2700, #5668 ) ;
#4395 = DIRECTION ( 'NONE',  ( 0.000000000000000000, -1.000000000000000000, 0.000000000000000000 ) ) ;
#4396 = AXIS2_PLACEMENT_3D ( 'NONE', #989, #2757, #5723 ) ;
#4397 = LINE ( 'NONE', #3962, #961 ) ;
#4398 = EDGE_CURVE ( 'NONE', #6333, #5531, #6353, .T. ) ;
#4399 = DIRECTION ( 'NONE',  ( -1.000000000000000000, -0.000000000000000000, -0.000000000000000000 ) ) ;
#4400 = VECTOR ( 'NONE', #1478, 999.9999999999997726 ) ;
#4401 = AXIS2_PLACEMENT_3D ( 'NONE', #1472, #4856, #1358 ) ;
#4402 = DIRECTION ( 'NONE',  ( 0.000000000000000000, 1.000000000000000000, 0.000000000000000000 ) ) ;
#4403 = VERTEX_POINT ( 'NONE', #5147 ) ;
#4404 = CIRCLE ( 'NONE', #595, 1.219500000000001139 ) ;
#4405 = DIRECTION ( 'NONE',  ( 0.000000000000000000, -1.000000000000000000, 0.000000000000000000 ) ) ;
#4406 = ORIENTED_EDGE ( 'NONE', *, *, #2673, .F. ) ;
#4407 = DIRECTION ( 'NONE',  ( -1.000000000000000000, -1.224606353822377258E-16, -0.000000000000000000 ) ) ;
#4408 = VECTOR ( 'NONE', #2927, 1000.000000000000000 ) ;
#4409 = CARTESIAN_POINT ( 'NONE',  ( 21.30359178553217703, -1.155557966632341512E-30, 1.500000000000001332 ) ) ;
#4410 = VECTOR ( 'NONE', #2939, 1000.000000000000000 ) ;
#4411 = DIRECTION ( 'NONE',  ( 0.000000000000000000, -1.000000000000000000, 0.000000000000000000 ) ) ;
#4412 = ORIENTED_EDGE ( 'NONE', *, *, #2092, .F. ) ;
#4413 = CONICAL_SURFACE ( 'NONE', #6377, 1.500000000000001110, 0.9599310885968842522 ) ;
#4414 = AXIS2_PLACEMENT_3D ( 'NONE', #1633, #6863, #3398 ) ;
#4415 = VERTEX_POINT ( 'NONE', #4608 ) ;
#4416 = DIRECTION ( 'NONE',  ( 0.000000000000000000, -1.000000000000000000, 0.000000000000000000 ) ) ;
#4417 = DIRECTION ( 'NONE',  ( 0.000000000000000000, -1.000000000000000000, 0.000000000000000000 ) ) ;
#4418 = EDGE_CURVE ( 'NONE', #1196, #5544, #3034, .T. ) ;
#4419 = EDGE_CURVE ( 'NONE', #2732, #4880, #2661, .T. ) ;
#4420 = CARTESIAN_POINT ( 'NONE',  ( 6.803591785532175251, -1.155557966632341512E-30, 1.500000000000001332 ) ) ;
#4421 = ORIENTED_EDGE ( 'NONE', *, *, #49, .T. ) ;
#4422 = FACE_OUTER_BOUND ( 'NONE', #3628, .T. ) ;
#4423 = ORIENTED_EDGE ( 'NONE', *, *, #1700, .F. ) ;
#4424 = EDGE_CURVE ( 'NONE', #5621, #4794, #2148, .T. ) ;
#4425 = EDGE_CURVE ( 'NONE', #4203, #7216, #4144, .T. ) ;
#4426 = DIRECTION ( 'NONE',  ( 0.000000000000000000, 0.000000000000000000, 1.000000000000000000 ) ) ;
#4427 = DIRECTION ( 'NONE',  ( 1.000000000000000000, 1.224606353822377258E-16, 0.000000000000000000 ) ) ;
#4428 = ORIENTED_EDGE ( 'NONE', *, *, #663, .F. ) ;
#4429 = CARTESIAN_POINT ( 'NONE',  ( 5.696408214467822084, 1.025167968987813186E-15, 0.000000000000000000 ) ) ;
#4430 = VERTEX_POINT ( 'NONE', #5107 ) ;
#4431 = ORIENTED_EDGE ( 'NONE', *, *, #5071, .F. ) ;
#4432 = CIRCLE ( 'NONE', #3316, 1.500000000000001110 ) ;
#4433 = CONICAL_SURFACE ( 'NONE', #4921, 1.500000000000001110, 0.9599310885968842522 ) ;
#4434 = FACE_OUTER_BOUND ( 'NONE', #4348, .T. ) ;
#4435 = CARTESIAN_POINT ( 'NONE',  ( -31.74999999999995737, 0.000000000000000000, 0.000000000000000000 ) ) ;
#4436 = CARTESIAN_POINT ( 'NONE',  ( 13.50000000000000000, -1.219500000000000028, 1.665213485140615106E-16 ) ) ;
#4437 = LINE ( 'NONE', #1047, #4291 ) ;
#4438 = ORIENTED_EDGE ( 'NONE', *, *, #3287, .T. ) ;
#4439 = VECTOR ( 'NONE', #5999, 1000.000000000000114 ) ;
#4440 = CARTESIAN_POINT ( 'NONE',  ( 13.30359178553217525, 9.770634195117721323E-16, 0.000000000000000000 ) ) ;
#4441 = ORIENTED_EDGE ( 'NONE', *, *, #6586, .F. ) ;
#4442 = CARTESIAN_POINT ( 'NONE',  ( 12.80359178553217525, 9.770634195117721323E-16, 0.000000000000000000 ) ) ;
#4443 = VECTOR ( 'NONE', #5093, 1000.000000000000000 ) ;
#4444 = CARTESIAN_POINT ( 'NONE',  ( 22.19640821446782297, 1.500000000000001998, 0.000000000000000000 ) ) ;
#4445 = CARTESIAN_POINT ( 'NONE',  ( -31.74999999999995737, 1.836970198721029441E-16, -1.499999999999999556 ) ) ;
#4446 = ORIENTED_EDGE ( 'NONE', *, *, #2490, .F. ) ;
#4447 = AXIS2_PLACEMENT_3D ( 'NONE', #4564, #5175, #2828 ) ;
#4448 = EDGE_CURVE ( 'NONE', #3150, #3318, #7089, .T. ) ;
#4449 = ORIENTED_EDGE ( 'NONE', *, *, #5497, .F. ) ;
#4450 = DIRECTION ( 'NONE',  ( -1.000000000000000000, -0.000000000000000000, -0.000000000000000000 ) ) ;
#4451 = CARTESIAN_POINT ( 'NONE',  ( 18.00000000000000355, -1.219500000000000028, 0.000000000000000000 ) ) ;
#4452 = VECTOR ( 'NONE', #2280, 1000.000000000000000 ) ;
#4453 = DIRECTION ( 'NONE',  ( 1.000000000000000000, 1.224606353822377258E-16, 0.000000000000000000 ) ) ;
#4454 = ORIENTED_EDGE ( 'NONE', *, *, #1908, .T. ) ;
#4455 = ADVANCED_FACE ( 'NONE', ( #6270 ), #5241, .T. ) ;
#4456 = CIRCLE ( 'NONE', #3470, 1.500000000000001110 ) ;
#4457 = AXIS2_PLACEMENT_3D ( 'NONE', #6440, #2317, #2396 ) ;
#4458 = DIRECTION ( 'NONE',  ( 0.5735764363510434949, 0.8191520442889935749, 0.000000000000000000 ) ) ;
#4459 = VERTEX_POINT ( 'NONE', #2183 ) ;
#4460 = DIRECTION ( 'NONE',  ( -0.5735764363510470476, -0.8191520442889912434, 0.000000000000000000 ) ) ;
#4461 = EDGE_CURVE ( 'NONE', #7246, #2783, #1067, .T. ) ;
#4462 = CARTESIAN_POINT ( 'NONE',  ( 0.3000000000000016542, 0.000000000000000000, 0.000000000000000000 ) ) ;
#4463 = CONICAL_SURFACE ( 'NONE', #3728, 1.219500000000001139, 0.9599310885968800333 ) ;
#4464 = CIRCLE ( 'NONE', #6074, 1.500000000000001110 ) ;
#4465 = CONICAL_SURFACE ( 'NONE', #3234, 1.500000000000001110, 0.9599310885968842522 ) ;
#4466 = DIRECTION ( 'NONE',  ( 0.000000000000000000, 1.000000000000000000, 0.000000000000000000 ) ) ;
#4467 = EDGE_LOOP ( 'NONE', ( #6108, #6388, #404, #7418, #6349 ) ) ;
#4468 = EDGE_CURVE ( 'NONE', #5719, #6286, #5498, .T. ) ;
#4469 = EDGE_CURVE ( 'NONE', #800, #4971, #837, .T. ) ;
#4470 = CARTESIAN_POINT ( 'NONE',  ( 6.803591785532175251, -1.499999999999999778, 0.000000000000000000 ) ) ;
#4471 = ORIENTED_EDGE ( 'NONE', *, *, #213, .F. ) ;
#4472 = ORIENTED_EDGE ( 'NONE', *, *, #207, .F. ) ;
#4473 = AXIS2_PLACEMENT_3D ( 'NONE', #2336, #1190, #5387 ) ;
#4474 = DIRECTION ( 'NONE',  ( 0.000000000000000000, -1.000000000000000000, 0.000000000000000000 ) ) ;
#4475 = AXIS2_PLACEMENT_3D ( 'NONE', #5943, #672, #5233 ) ;
#4476 = CARTESIAN_POINT ( 'NONE',  ( 15.30359178553217525, 9.770634195117721323E-16, 0.000000000000000000 ) ) ;
#4477 = CARTESIAN_POINT ( 'NONE',  ( 13.19640821446782120, 1.836970198721018101E-16, -1.500000000000001332 ) ) ;
#4478 = EDGE_CURVE ( 'NONE', #2008, #2285, #7567, .T. ) ;
#4479 = VECTOR ( 'NONE', #7513, 1000.000000000000114 ) ;
#4480 = DIRECTION ( 'NONE',  ( -1.000000000000000000, -1.224606353822377258E-16, -0.000000000000000000 ) ) ;
#4481 = VERTEX_POINT ( 'NONE', #573 ) ;
#4482 = DIRECTION ( 'NONE',  ( -1.000000000000000000, -0.000000000000000000, -0.000000000000000000 ) ) ;
#4483 = ORIENTED_EDGE ( 'NONE', *, *, #1976, .T. ) ;
#4484 = CARTESIAN_POINT ( 'NONE',  ( -31.74999999999995737, 0.000000000000000000, 1.499999999999999556 ) ) ;
#4485 = FACE_OUTER_BOUND ( 'NONE', #2031, .T. ) ;
#4486 = DIRECTION ( 'NONE',  ( -1.000000000000000000, -1.224606353822377258E-16, -0.000000000000000000 ) ) ;
#4487 = ORIENTED_EDGE ( 'NONE', *, *, #1983, .T. ) ;
#4488 = VERTEX_POINT ( 'NONE', #4805 ) ;
#4489 = CARTESIAN_POINT ( 'NONE',  ( 8.196408214467821196, 1.500000000000002220, 0.000000000000000000 ) ) ;
#4490 = DIRECTION ( 'NONE',  ( -1.000000000000000000, -1.224606353822377258E-16, -0.000000000000000000 ) ) ;
#4491 = EDGE_CURVE ( 'NONE', #6427, #128, #5347, .T. ) ;
#4492 = FACE_OUTER_BOUND ( 'NONE', #5179, .T. ) ;
#4493 = DIRECTION ( 'NONE',  ( 0.5735764363510434949, 0.8191520442889935749, 0.000000000000000000 ) ) ;
#4494 = ORIENTED_EDGE ( 'NONE', *, *, #155, .F. ) ;
#4495 = CYLINDRICAL_SURFACE ( 'NONE', #2465, 1.499999999999999556 ) ;
#4496 = ORIENTED_EDGE ( 'NONE', *, *, #7196, .T. ) ;
#4497 = DIRECTION ( 'NONE',  ( -1.000000000000000000, -1.224606353822377258E-16, -0.000000000000000000 ) ) ;
#4498 = DIRECTION ( 'NONE',  ( -0.5735764363510472696, 0.8191520442889909104, 1.003171929053523884E-16 ) ) ;
#4499 = DIRECTION ( 'NONE',  ( -1.000000000000000000, -1.224606353822377258E-16, -0.000000000000000000 ) ) ;
#4500 = ORIENTED_EDGE ( 'NONE', *, *, #3051, .T. ) ;
#4501 = CARTESIAN_POINT ( 'NONE',  ( 3.099999999999998757, 0.000000000000000000, 0.000000000000000000 ) ) ;
#4502 = ORIENTED_EDGE ( 'NONE', *, *, #119, .F. ) ;
#4503 = ORIENTED_EDGE ( 'NONE', *, *, #6420, .T. ) ;
#4504 = FACE_OUTER_BOUND ( 'NONE', #1805, .T. ) ;
#4505 = LINE ( 'NONE', #2044, #7332 ) ;
#4506 = EDGE_CURVE ( 'NONE', #1215, #6811, #1770, .T. ) ;
#4507 = EDGE_CURVE ( 'NONE', #6121, #6690, #5799, .T. ) ;
#4508 = DIRECTION ( 'NONE',  ( 0.000000000000000000, 1.000000000000000000, 0.000000000000000000 ) ) ;
#4509 = DIRECTION ( 'NONE',  ( 1.000000000000000000, 1.224606353822377258E-16, 0.000000000000000000 ) ) ;
#4510 = VERTEX_POINT ( 'NONE', #1188 ) ;
#4511 = EDGE_CURVE ( 'NONE', #4209, #4341, #5932, .T. ) ;
#4512 = DIRECTION ( 'NONE',  ( -0.5735764363510470476, -0.8191520442889912434, 0.000000000000000000 ) ) ;
#4513 = ORIENTED_EDGE ( 'NONE', *, *, #4659, .T. ) ;
#4514 = AXIS2_PLACEMENT_3D ( 'NONE', #5654, #4497, #3915 ) ;
#4515 = CONICAL_SURFACE ( 'NONE', #590, 1.500000000000001110, 0.9599310885968842522 ) ;
#4516 = VECTOR ( 'NONE', #3738, 1000.000000000000000 ) ;
#4517 = CARTESIAN_POINT ( 'NONE',  ( 12.19640821446782120, 1.025167968987813186E-15, 0.000000000000000000 ) ) ;
#4518 = DIRECTION ( 'NONE',  ( -1.000000000000000000, -1.224606353822377258E-16, -0.000000000000000000 ) ) ;
#4519 = EDGE_CURVE ( 'NONE', #4270, #3867, #888, .T. ) ;
#4520 = CIRCLE ( 'NONE', #1327, 1.500000000000001110 ) ;
#4521 = VECTOR ( 'NONE', #1658, 1000.000000000000000 ) ;
#4522 = CONICAL_SURFACE ( 'NONE', #591, 1.500000000000001110, 0.9599310885968842522 ) ;
#4523 = CONICAL_SURFACE ( 'NONE', #7220, 1.500000000000001110, 0.9599310885968842522 ) ;
#4524 = DIRECTION ( 'NONE',  ( 0.000000000000000000, 0.000000000000000000, 1.000000000000000000 ) ) ;
#4525 = ORIENTED_EDGE ( 'NONE', *, *, #5693, .T. ) ;
#4526 = ORIENTED_EDGE ( 'NONE', *, *, #5858, .T. ) ;
#4527 = AXIS2_PLACEMENT_3D ( 'NONE', #3235, #5665, #900 ) ;
#4528 = CIRCLE ( 'NONE', #474, 1.219500000000001139 ) ;
#4529 = DIRECTION ( 'NONE',  ( -1.000000000000000000, -1.224606353822377258E-16, -0.000000000000000000 ) ) ;
#4530 = DIRECTION ( 'NONE',  ( 0.000000000000000000, -1.000000000000000000, 0.000000000000000000 ) ) ;
#4531 = AXIS2_PLACEMENT_3D ( 'NONE', #2885, #2232, #5157 ) ;
#4532 = DIRECTION ( 'NONE',  ( 0.5735764363510434949, 0.8191520442889935749, 0.000000000000000000 ) ) ;
#4533 = AXIS2_PLACEMENT_3D ( 'NONE', #7128, #6447, #4669 ) ;
#4534 = CARTESIAN_POINT ( 'NONE',  ( 11.30359178553217525, 9.770634195117721323E-16, 0.000000000000000000 ) ) ;
#4535 = VERTEX_POINT ( 'NONE', #690 ) ;
#4536 = CARTESIAN_POINT ( 'NONE',  ( -31.74999999999995737, 0.000000000000000000, 0.000000000000000000 ) ) ;
#4537 = ORIENTED_EDGE ( 'NONE', *, *, #4507, .F. ) ;
#4538 = CARTESIAN_POINT ( 'NONE',  ( 12.69640821446782120, 1.025167968987813186E-15, 0.000000000000000000 ) ) ;
#4539 = DIRECTION ( 'NONE',  ( 1.000000000000000000, 1.224606353822377258E-16, 0.000000000000000000 ) ) ;
#4540 = CARTESIAN_POINT ( 'NONE',  ( 20.49999999999999645, 1.001115694249792856E-15, 0.000000000000000000 ) ) ;
#4541 = VERTEX_POINT ( 'NONE', #4108 ) ;
#4542 = LINE ( 'NONE', #5112, #7032 ) ;
#4543 = ORIENTED_EDGE ( 'NONE', *, *, #5461, .F. ) ;
#4544 = ADVANCED_FACE ( 'NONE', ( #5890 ), #1387, .T. ) ;
#4545 = CARTESIAN_POINT ( 'NONE',  ( 9.000000000000000000, 1.001115694249792856E-15, 0.000000000000000000 ) ) ;
#4546 = CARTESIAN_POINT ( 'NONE',  ( 9.696408214467822972, -1.500000000000000000, 1.836970198721031167E-16 ) ) ;
#4547 = DIRECTION ( 'NONE',  ( 0.000000000000000000, 0.000000000000000000, 1.000000000000000000 ) ) ;
#4548 = LINE ( 'NONE', #7349, #5868 ) ;
#4549 = DIRECTION ( 'NONE',  ( -1.000000000000000000, -1.224606353822377258E-16, -0.000000000000000000 ) ) ;
#4550 = EDGE_LOOP ( 'NONE', ( #7554, #4613, #1228, #4663, #6012 ) ) ;
#4551 = CARTESIAN_POINT ( 'NONE',  ( 20.69640821446782297, 1.025167968987813186E-15, 0.000000000000000000 ) ) ;
#4552 = ORIENTED_EDGE ( 'NONE', *, *, #5170, .T. ) ;
#4553 = EDGE_CURVE ( 'NONE', #1961, #3393, #5177, .T. ) ;
#4554 = DIRECTION ( 'NONE',  ( -1.000000000000000000, -1.224606353822377258E-16, -0.000000000000000000 ) ) ;
#4555 = CARTESIAN_POINT ( 'NONE',  ( 10.19640821446782297, 1.025167968987813186E-15, 0.000000000000000000 ) ) ;
#4556 = AXIS2_PLACEMENT_3D ( 'NONE', #7482, #2218, #1649 ) ;
#4557 = EDGE_CURVE ( 'NONE', #3808, #3634, #4815, .T. ) ;
#4558 = VECTOR ( 'NONE', #2181, 1000.000000000000000 ) ;
#4559 = LINE ( 'NONE', #2863, #725 ) ;
#4560 = ORIENTED_EDGE ( 'NONE', *, *, #3428, .T. ) ;
#4561 = EDGE_CURVE ( 'NONE', #2303, #1215, #2976, .T. ) ;
#4562 = EDGE_CURVE ( 'NONE', #4239, #3808, #2913, .T. ) ;
#4563 = VERTEX_POINT ( 'NONE', #1263 ) ;
#4564 = CARTESIAN_POINT ( 'NONE',  ( -31.74999999999995737, 0.000000000000000000, 0.000000000000000000 ) ) ;
#4565 = DIRECTION ( 'NONE',  ( 0.000000000000000000, 0.000000000000000000, 1.000000000000000000 ) ) ;
#4566 = VERTEX_POINT ( 'NONE', #2411 ) ;
#4567 = AXIS2_PLACEMENT_3D ( 'NONE', #3251, #3291, #450 ) ;
#4568 = CARTESIAN_POINT ( 'NONE',  ( 16.69640821446782297, 1.025167968987813186E-15, 0.000000000000000000 ) ) ;
#4569 = VERTEX_POINT ( 'NONE', #2377 ) ;
#4570 = DIRECTION ( 'NONE',  ( 0.000000000000000000, -1.000000000000000000, 0.000000000000000000 ) ) ;
#4571 = CYLINDRICAL_SURFACE ( 'NONE', #756, 1.499999999999999556 ) ;
#4572 = ORIENTED_EDGE ( 'NONE', *, *, #1463, .F. ) ;
#4573 = CARTESIAN_POINT ( 'NONE',  ( -31.74999999999995737, 0.000000000000000000, 0.000000000000000000 ) ) ;
#4574 = CIRCLE ( 'NONE', #1996, 1.500000000000001110 ) ;
#4575 = CARTESIAN_POINT ( 'NONE',  ( 13.69640821446782297, 1.025167968987813186E-15, 0.000000000000000000 ) ) ;
#4576 = VERTEX_POINT ( 'NONE', #4728 ) ;
#4577 = DIRECTION ( 'NONE',  ( 0.000000000000000000, -1.000000000000000000, 0.000000000000000000 ) ) ;
#4578 = VERTEX_POINT ( 'NONE', #5386 ) ;
#4579 = ORIENTED_EDGE ( 'NONE', *, *, #5017, .F. ) ;
#4580 = AXIS2_PLACEMENT_3D ( 'NONE', #320, #2082, #2693 ) ;
#4581 = AXIS2_PLACEMENT_3D ( 'NONE', #6860, #4554, #6216 ) ;
#4582 = CARTESIAN_POINT ( 'NONE',  ( 12.19640821446782120, -1.500000000000000000, 1.836970198721031167E-16 ) ) ;
#4583 = ADVANCED_FACE ( 'NONE', ( #1847 ), #1750, .T. ) ;
#4584 = CARTESIAN_POINT ( 'NONE',  ( 15.30359178553217525, 9.770634195117721323E-16, 0.000000000000000000 ) ) ;
#4585 = DIRECTION ( 'NONE',  ( -1.000000000000000000, -0.000000000000000000, -0.000000000000000000 ) ) ;
#4586 = ORIENTED_EDGE ( 'NONE', *, *, #568, .T. ) ;
#4587 = VECTOR ( 'NONE', #675, 1000.000000000000227 ) ;
#4588 = DIRECTION ( 'NONE',  ( 0.000000000000000000, -1.000000000000000000, 0.000000000000000000 ) ) ;
#4589 = VERTEX_POINT ( 'NONE', #5264 ) ;
#4590 = CIRCLE ( 'NONE', #5696, 1.500000000000001110 ) ;
#4591 = DIRECTION ( 'NONE',  ( -0.5735764363510472696, 0.8191520442889909104, 1.003171929053523884E-16 ) ) ;
#4592 = DIRECTION ( 'NONE',  ( 1.000000000000000000, 1.224606353822377258E-16, 0.000000000000000000 ) ) ;
#4593 = AXIS2_PLACEMENT_3D ( 'NONE', #614, #3032, #4148 ) ;
#4594 = EDGE_CURVE ( 'NONE', #2402, #2189, #3610, .T. ) ;
#4595 = CARTESIAN_POINT ( 'NONE',  ( 8.696408214467821196, 1.025167968987813186E-15, 0.000000000000000000 ) ) ;
#4596 = ORIENTED_EDGE ( 'NONE', *, *, #663, .T. ) ;
#4597 = VERTEX_POINT ( 'NONE', #2456 ) ;
#4598 = DIRECTION ( 'NONE',  ( 0.000000000000000000, 0.000000000000000000, 1.000000000000000000 ) ) ;
#4599 = DIRECTION ( 'NONE',  ( -1.000000000000000000, -0.000000000000000000, -0.000000000000000000 ) ) ;
#4600 = EDGE_CURVE ( 'NONE', #3624, #1697, #7144, .T. ) ;
#4601 = EDGE_CURVE ( 'NONE', #7047, #4203, #2291, .T. ) ;
#4602 = DIRECTION ( 'NONE',  ( 0.000000000000000000, 1.000000000000000000, 0.000000000000000000 ) ) ;
#4603 = ORIENTED_EDGE ( 'NONE', *, *, #3216, .T. ) ;
#4604 = CARTESIAN_POINT ( 'NONE',  ( -31.74999999999995737, 1.836970198721029441E-16, -1.499999999999999556 ) ) ;
#4605 = CYLINDRICAL_SURFACE ( 'NONE', #1731, 1.499999999999999556 ) ;
#4606 = EDGE_CURVE ( 'NONE', #5212, #4535, #6662, .T. ) ;
#4607 = ORIENTED_EDGE ( 'NONE', *, *, #6207, .T. ) ;
#4608 = CARTESIAN_POINT ( 'NONE',  ( 6.196408214467821196, 1.500000000000001998, 0.000000000000000000 ) ) ;
#4609 = EDGE_CURVE ( 'NONE', #3519, #1241, #2842, .T. ) ;
#4610 = CARTESIAN_POINT ( 'NONE',  ( -31.74999999999995737, 1.836970198721029441E-16, -1.499999999999999556 ) ) ;
#4611 = ORIENTED_EDGE ( 'NONE', *, *, #6483, .F. ) ;
#4612 = DIRECTION ( 'NONE',  ( -1.000000000000000000, -0.000000000000000000, -0.000000000000000000 ) ) ;
#4613 = ORIENTED_EDGE ( 'NONE', *, *, #6719, .T. ) ;
#4614 = DIRECTION ( 'NONE',  ( 0.000000000000000000, -1.000000000000000000, 0.000000000000000000 ) ) ;
#4615 = DIRECTION ( 'NONE',  ( -1.000000000000000000, -1.224606353822377258E-16, -0.000000000000000000 ) ) ;
#4616 = DIRECTION ( 'NONE',  ( -1.000000000000000000, -1.224606353822377258E-16, -0.000000000000000000 ) ) ;
#4617 = DIRECTION ( 'NONE',  ( 1.000000000000000000, 1.224606353822377258E-16, 0.000000000000000000 ) ) ;
#4618 = ORIENTED_EDGE ( 'NONE', *, *, #5578, .T. ) ;
#4619 = LINE ( 'NONE', #2130, #4094 ) ;
#4620 = ORIENTED_EDGE ( 'NONE', *, *, #2393, .F. ) ;
#4621 = EDGE_CURVE ( 'NONE', #3014, #7066, #3593, .T. ) ;
#4622 = DIRECTION ( 'NONE',  ( -1.000000000000000000, -0.000000000000000000, -0.000000000000000000 ) ) ;
#4623 = AXIS2_PLACEMENT_3D ( 'NONE', #5277, #1781, #2812 ) ;
#4624 = CARTESIAN_POINT ( 'NONE',  ( 22.19640821446782297, -1.155557966632341512E-30, 1.500000000000001332 ) ) ;
#4625 = DIRECTION ( 'NONE',  ( 1.000000000000000000, 1.224606353822377258E-16, 0.000000000000000000 ) ) ;
#4626 = AXIS2_PLACEMENT_3D ( 'NONE', #425, #6944, #3988 ) ;
#4627 = CARTESIAN_POINT ( 'NONE',  ( 14.30359178553217525, -1.155557966632341512E-30, 1.500000000000001332 ) ) ;
#4628 = ORIENTED_EDGE ( 'NONE', *, *, #3010, .F. ) ;
#4629 = AXIS2_PLACEMENT_3D ( 'NONE', #3157, #2508, #3295 ) ;
#4630 = ORIENTED_EDGE ( 'NONE', *, *, #6910, .T. ) ;
#4631 = ORIENTED_EDGE ( 'NONE', *, *, #4286, .F. ) ;
#4632 = CARTESIAN_POINT ( 'NONE',  ( 14.69640821446782120, 1.025167968987813186E-15, 0.000000000000000000 ) ) ;
#4633 = VECTOR ( 'NONE', #3017, 1000.000000000000227 ) ;
#4634 = AXIS2_PLACEMENT_3D ( 'NONE', #714, #3056, #4824 ) ;
#4635 = FACE_OUTER_BOUND ( 'NONE', #5839, .T. ) ;
#4636 = AXIS2_PLACEMENT_3D ( 'NONE', #1927, #4779, #3770 ) ;
#4637 = ORIENTED_EDGE ( 'NONE', *, *, #3113, .F. ) ;
#4638 = DIRECTION ( 'NONE',  ( -1.000000000000000000, -1.224606353822377258E-16, -0.000000000000000000 ) ) ;
#4639 = ORIENTED_EDGE ( 'NONE', *, *, #1686, .T. ) ;
#4640 = AXIS2_PLACEMENT_3D ( 'NONE', #1902, #5985, #4899 ) ;
#4641 = FILL_AREA_STYLE ('',( #2876 ) ) ;
#4642 = AXIS2_PLACEMENT_3D ( 'NONE', #2245, #6369, #4007 ) ;
#4643 = DIRECTION ( 'NONE',  ( -1.000000000000000000, -1.224606353822377258E-16, -0.000000000000000000 ) ) ;
#4644 = ORIENTED_EDGE ( 'NONE', *, *, #1551, .T. ) ;
#4645 = ADVANCED_FACE ( 'NONE', ( #2067 ), #772, .F. ) ;
#4646 = DIRECTION ( 'NONE',  ( -1.000000000000000000, -1.224606353822377258E-16, -0.000000000000000000 ) ) ;
#4647 = VECTOR ( 'NONE', #5196, 1000.000000000000000 ) ;
#4648 = LINE ( 'NONE', #4731, #4780 ) ;
#4649 = TOROIDAL_SURFACE ( 'NONE', #729, 1.599999999999999645, 0.1000000000000000056 ) ;
#4650 = ADVANCED_FACE ( 'NONE', ( #881 ), #2724, .T. ) ;
#4651 = DIRECTION ( 'NONE',  ( 0.000000000000000000, -1.000000000000000000, 0.000000000000000000 ) ) ;
#4652 = ORIENTED_EDGE ( 'NONE', *, *, #72, .T. ) ;
#4653 = CARTESIAN_POINT ( 'NONE',  ( 5.196408214467821196, 1.025167968987813186E-15, 0.000000000000000000 ) ) ;
#4654 = EDGE_LOOP ( 'NONE', ( #788, #116, #6410, #6474, #4120 ) ) ;
#4655 = AXIS2_PLACEMENT_3D ( 'NONE', #1305, #4808, #3184 ) ;
#4656 = CIRCLE ( 'NONE', #6240, 1.500000000000001110 ) ;
#4657 = EDGE_CURVE ( 'NONE', #7350, #5889, #7021, .T. ) ;
#4658 = ORIENTED_EDGE ( 'NONE', *, *, #7424, .F. ) ;
#4659 = EDGE_CURVE ( 'NONE', #2313, #1040, #6005, .T. ) ;
#4660 = CARTESIAN_POINT ( 'NONE',  ( 13.80359178553217703, 1.500000000000002442, 1.836970198721031167E-16 ) ) ;
#4661 = CARTESIAN_POINT ( 'NONE',  ( 6.696408214467821196, 1.500000000000001998, 0.000000000000000000 ) ) ;
#4662 = FACE_OUTER_BOUND ( 'NONE', #5154, .T. ) ;
#4663 = ORIENTED_EDGE ( 'NONE', *, *, #3972, .T. ) ;
#4664 = DIRECTION ( 'NONE',  ( 0.000000000000000000, -1.000000000000000000, 0.000000000000000000 ) ) ;
#4665 = ORIENTED_EDGE ( 'NONE', *, *, #3625, .F. ) ;
#4666 = DIRECTION ( 'NONE',  ( -1.000000000000000000, -0.000000000000000000, -0.000000000000000000 ) ) ;
#4667 = DIRECTION ( 'NONE',  ( -0.5735764363510470476, -0.8191520442889912434, 0.000000000000000000 ) ) ;
#4668 = DIRECTION ( 'NONE',  ( 0.000000000000000000, 1.000000000000000000, -1.490391467001149092E-15 ) ) ;
#4669 = DIRECTION ( 'NONE',  ( 0.000000000000000000, -1.000000000000000000, 0.000000000000000000 ) ) ;
#4670 = ORIENTED_EDGE ( 'NONE', *, *, #2030, .T. ) ;
#4671 = EDGE_LOOP ( 'NONE', ( #3618, #4329, #2695, #4525, #4693, #4782 ) ) ;
#4672 = ORIENTED_EDGE ( 'NONE', *, *, #5324, .T. ) ;
#4673 = DIRECTION ( 'NONE',  ( -1.000000000000000000, -1.224606353822377258E-16, -0.000000000000000000 ) ) ;
#4674 = CIRCLE ( 'NONE', #6648, 1.500000000000001110 ) ;
#4675 = CYLINDRICAL_SURFACE ( 'NONE', #4067, 1.499999999999999556 ) ;
#4676 = CIRCLE ( 'NONE', #274, 1.219500000000001139 ) ;
#4677 = DIRECTION ( 'NONE',  ( 0.5735764363510437169, -0.8191520442889933529, 1.003171929053526719E-16 ) ) ;
#4678 = EDGE_LOOP ( 'NONE', ( #1509, #1134, #2895, #135, #4130 ) ) ;
#4679 = FACE_OUTER_BOUND ( 'NONE', #2701, .T. ) ;
#4680 = AXIS2_PLACEMENT_3D ( 'NONE', #5380, #127, #4207 ) ;
#4681 = VERTEX_POINT ( 'NONE', #275 ) ;
#4682 = CARTESIAN_POINT ( 'NONE',  ( 12.69640821446782120, 1.025167968987813186E-15, 0.000000000000000000 ) ) ;
#4683 = ORIENTED_EDGE ( 'NONE', *, *, #88, .T. ) ;
#4684 = CARTESIAN_POINT ( 'NONE',  ( -31.74999999999995737, 0.000000000000000000, 1.499999999999999556 ) ) ;
#4685 = DIRECTION ( 'NONE',  ( -1.000000000000000000, -1.224606353822377258E-16, -0.000000000000000000 ) ) ;
#4686 = CIRCLE ( 'NONE', #1865, 1.500000000000001110 ) ;
#4687 = CARTESIAN_POINT ( 'NONE',  ( 11.69640821446782297, 1.025167968987813186E-15, 0.000000000000000000 ) ) ;
#4688 = EDGE_CURVE ( 'NONE', #142, #441, #7146, .T. ) ;
#4689 = DIRECTION ( 'NONE',  ( 0.000000000000000000, 0.000000000000000000, 1.000000000000000000 ) ) ;
#4690 = ORIENTED_EDGE ( 'NONE', *, *, #426, .T. ) ;
#4691 = CIRCLE ( 'NONE', #520, 1.500000000000001110 ) ;
#4692 = DIRECTION ( 'NONE',  ( 0.000000000000000000, -1.000000000000000000, 0.000000000000000000 ) ) ;
#4693 = ORIENTED_EDGE ( 'NONE', *, *, #3825, .F. ) ;
#4694 = CARTESIAN_POINT ( 'NONE',  ( 21.69640821446782297, 1.025167968987813186E-15, 0.000000000000000000 ) ) ;
#4695 = EDGE_CURVE ( 'NONE', #6064, #4794, #3711, .T. ) ;
#4696 = DIRECTION ( 'NONE',  ( -1.000000000000000000, -0.000000000000000000, -0.000000000000000000 ) ) ;
#4697 = AXIS2_PLACEMENT_3D ( 'NONE', #6713, #5487, #1414 ) ;
#4698 = EDGE_CURVE ( 'NONE', #6741, #2598, #4574, .T. ) ;
#4699 = DIRECTION ( 'NONE',  ( 0.000000000000000000, 1.000000000000000000, 0.000000000000000000 ) ) ;
#4700 = EDGE_CURVE ( 'NONE', #7587, #2560, #5312, .T. ) ;
#4701 = CARTESIAN_POINT ( 'NONE',  ( 8.000000000000000000, -1.219500000000000028, 0.000000000000000000 ) ) ;
#4702 = VERTEX_POINT ( 'NONE', #3073 ) ;
#4703 = CARTESIAN_POINT ( 'NONE',  ( 18.30359178553217347, 9.770634195117721323E-16, 0.000000000000000000 ) ) ;
#4704 = ORIENTED_EDGE ( 'NONE', *, *, #3479, .F. ) ;
#4705 = EDGE_CURVE ( 'NONE', #2788, #6064, #4912, .T. ) ;
#4706 = ADVANCED_FACE ( 'NONE', ( #2572, #6083 ), #2638, .T. ) ;
#4707 = DIRECTION ( 'NONE',  ( 0.000000000000000000, -1.000000000000000000, 0.000000000000000000 ) ) ;
#4708 = DIRECTION ( 'NONE',  ( 0.000000000000000000, 0.000000000000000000, 1.000000000000000000 ) ) ;
#4709 = CARTESIAN_POINT ( 'NONE',  ( 11.80359178553217703, 9.770634195117721323E-16, 0.000000000000000000 ) ) ;
#4710 = CIRCLE ( 'NONE', #7162, 1.500000000000001110 ) ;
#4711 = AXIS2_PLACEMENT_3D ( 'NONE', #3016, #1246, #7240 ) ;
#4712 = CARTESIAN_POINT ( 'NONE',  ( 10.80359178553217525, 9.770634195117721323E-16, 0.000000000000000000 ) ) ;
#4713 = ORIENTED_EDGE ( 'NONE', *, *, #7366, .F. ) ;
#4714 = VERTEX_POINT ( 'NONE', #6691 ) ;
#4715 = ORIENTED_EDGE ( 'NONE', *, *, #4059, .T. ) ;
#4716 = ORIENTED_EDGE ( 'NONE', *, *, #214, .F. ) ;
#4717 = CARTESIAN_POINT ( 'NONE',  ( 5.999999999999999112, 1.001115694249792856E-15, 0.000000000000000000 ) ) ;
#4718 = AXIS2_PLACEMENT_3D ( 'NONE', #897, #3878, #5587 ) ;
#4719 = CARTESIAN_POINT ( 'NONE',  ( 9.000000000000000000, 1.001115694249792856E-15, 0.000000000000000000 ) ) ;
#4720 = AXIS2_PLACEMENT_3D ( 'NONE', #4995, #2648, #5476 ) ;
#4721 = LINE ( 'NONE', #2987, #2180 ) ;
#4722 = ORIENTED_EDGE ( 'NONE', *, *, #2045, .F. ) ;
#4723 = AXIS2_PLACEMENT_3D ( 'NONE', #2068, #4913, #773 ) ;
#4724 = VERTEX_POINT ( 'NONE', #4840 ) ;
#4725 = ORIENTED_EDGE ( 'NONE', *, *, #4425, .F. ) ;
#4726 = DIRECTION ( 'NONE',  ( -1.000000000000000000, -1.224606353822377258E-16, -0.000000000000000000 ) ) ;
#4727 = ORIENTED_EDGE ( 'NONE', *, *, #2453, .F. ) ;
#4728 = CARTESIAN_POINT ( 'NONE',  ( 14.69640821446782120, -1.155557966632341512E-30, 1.500000000000001332 ) ) ;
#4729 = DIRECTION ( 'NONE',  ( -0.5735764363510470476, -0.8191520442889912434, 0.000000000000000000 ) ) ;
#4730 = EDGE_CURVE ( 'NONE', #3811, #1709, #167, .T. ) ;
#4731 = CARTESIAN_POINT ( 'NONE',  ( 21.50000000000000000, -1.219500000000000028, 0.000000000000000000 ) ) ;
#4732 = DIRECTION ( 'NONE',  ( -1.000000000000000000, -0.000000000000000000, -0.000000000000000000 ) ) ;
#4733 = VERTEX_POINT ( 'NONE', #4259 ) ;
#4734 = CARTESIAN_POINT ( 'NONE',  ( 16.00000000000000000, -1.219500000000000028, 1.665213485140615106E-16 ) ) ;
#4735 = ORIENTED_EDGE ( 'NONE', *, *, #2954, .T. ) ;
#4736 = CARTESIAN_POINT ( 'NONE',  ( 8.696408214467821196, 1.500000000000002220, 0.000000000000000000 ) ) ;
#4737 = DIRECTION ( 'NONE',  ( 0.000000000000000000, -1.000000000000000000, 0.000000000000000000 ) ) ;
#4738 = CARTESIAN_POINT ( 'NONE',  ( 9.196408214467821196, 1.836970198721020073E-16, -1.500000000000001332 ) ) ;
#4739 = CARTESIAN_POINT ( 'NONE',  ( 8.803591785532175251, 9.770634195117721323E-16, 0.000000000000000000 ) ) ;
#4740 = ORIENTED_EDGE ( 'NONE', *, *, #376, .F. ) ;
#4741 = CARTESIAN_POINT ( 'NONE',  ( 16.69640821446782297, -1.500000000000000000, 1.836970198721031167E-16 ) ) ;
#4742 = VERTEX_POINT ( 'NONE', #7319 ) ;
#4743 = EDGE_CURVE ( 'NONE', #1620, #3874, #6611, .T. ) ;
#4744 = FACE_OUTER_BOUND ( 'NONE', #5954, .T. ) ;
#4745 = DIRECTION ( 'NONE',  ( -1.000000000000000000, -1.224606353822377258E-16, -0.000000000000000000 ) ) ;
#4746 = DIRECTION ( 'NONE',  ( 0.5735764363510437169, -0.8191520442889933529, 1.003171929053526719E-16 ) ) ;
#4747 = EDGE_CURVE ( 'NONE', #7358, #2008, #4691, .T. ) ;
#4748 = FACE_OUTER_BOUND ( 'NONE', #7298, .T. ) ;
#4749 = ORIENTED_EDGE ( 'NONE', *, *, #6290, .T. ) ;
#4750 = EDGE_LOOP ( 'NONE', ( #32, #1467, #1653, #2905, #2154 ) ) ;
#4751 = AXIS2_PLACEMENT_3D ( 'NONE', #4158, #6546, #4116 ) ;
#4752 = ORIENTED_EDGE ( 'NONE', *, *, #6816, .F. ) ;
#4753 = EDGE_CURVE ( 'NONE', #2482, #2934, #2530, .T. ) ;
#4754 = DIRECTION ( 'NONE',  ( 0.5735764363510437169, -0.8191520442889933529, 1.003171929053526719E-16 ) ) ;
#4755 = ADVANCED_FACE ( 'NONE', ( #6652 ), #3722, .T. ) ;
#4756 = DIRECTION ( 'NONE',  ( -1.000000000000000000, -1.224606353822377258E-16, -0.000000000000000000 ) ) ;
#4757 = VECTOR ( 'NONE', #3926, 1000.000000000000000 ) ;
#4758 = VECTOR ( 'NONE', #7119, 1000.000000000000000 ) ;
#4759 = CARTESIAN_POINT ( 'NONE',  ( -31.74999999999995737, 0.000000000000000000, 1.499999999999999556 ) ) ;
#4760 = EDGE_LOOP ( 'NONE', ( #360, #6269, #1909, #6226, #832 ) ) ;
#4761 = CARTESIAN_POINT ( 'NONE',  ( 8.303591785532175251, -1.155557966632341512E-30, 1.500000000000001332 ) ) ;
#4762 = ORIENTED_EDGE ( 'NONE', *, *, #3010, .T. ) ;
#4763 = CIRCLE ( 'NONE', #1563, 1.500000000000001110 ) ;
#4764 = CONICAL_SURFACE ( 'NONE', #3171, 1.500000000000001110, 0.9599310885968842522 ) ;
#4765 = DIRECTION ( 'NONE',  ( -1.000000000000000000, -1.224606353822377258E-16, -0.000000000000000000 ) ) ;
#4766 = LINE ( 'NONE', #4546, #3973 ) ;
#4767 = CONICAL_SURFACE ( 'NONE', #1578, 1.500000000000001110, 0.9599310885968842522 ) ;
#4768 = AXIS2_PLACEMENT_3D ( 'NONE', #5730, #5151, #6235 ) ;
#4769 = COLOUR_RGB ( '',1.000000000000000000, 0.9490196078431372140, 0.9098039215686274384 ) ;
#4770 = AXIS2_PLACEMENT_3D ( 'NONE', #7506, #980, #1673 ) ;
#4771 = CARTESIAN_POINT ( 'NONE',  ( 20.49999999999999645, 1.001115694249792856E-15, 0.000000000000000000 ) ) ;
#4772 = EDGE_LOOP ( 'NONE', ( #2447, #1124, #5677, #1286, #3385 ) ) ;
#4773 = DIRECTION ( 'NONE',  ( 0.000000000000000000, 1.000000000000000000, 0.000000000000000000 ) ) ;
#4774 = ORIENTED_EDGE ( 'NONE', *, *, #5596, .T. ) ;
#4775 = DIRECTION ( 'NONE',  ( 0.000000000000000000, -1.000000000000000000, 0.000000000000000000 ) ) ;
#4776 = AXIS2_PLACEMENT_3D ( 'NONE', #4274, #5938, #4920 ) ;
#4777 = CONICAL_SURFACE ( 'NONE', #3420, 1.219500000000001139, 0.9599310885968800333 ) ;
#4778 = DIRECTION ( 'NONE',  ( -1.000000000000000000, -0.000000000000000000, -0.000000000000000000 ) ) ;
#4779 = DIRECTION ( 'NONE',  ( 1.000000000000000000, 1.224606353822377258E-16, 0.000000000000000000 ) ) ;
#4780 = VECTOR ( 'NONE', #5307, 1000.000000000000000 ) ;
#4781 = DIRECTION ( 'NONE',  ( -1.000000000000000000, -0.000000000000000000, -0.000000000000000000 ) ) ;
#4782 = ORIENTED_EDGE ( 'NONE', *, *, #7309, .F. ) ;
#4783 = EDGE_CURVE ( 'NONE', #6450, #5724, #5436, .T. ) ;
#4784 = CARTESIAN_POINT ( 'NONE',  ( 3.099999999999998757, 0.000000000000000000, 0.000000000000000000 ) ) ;
#4785 = ORIENTED_EDGE ( 'NONE', *, *, #931, .F. ) ;
#4786 = CARTESIAN_POINT ( 'NONE',  ( 18.19640821446782297, 1.025167968987813186E-15, 0.000000000000000000 ) ) ;
#4787 = DIRECTION ( 'NONE',  ( -1.000000000000000000, -1.224606353822377258E-16, -0.000000000000000000 ) ) ;
#4788 = VECTOR ( 'NONE', #5224, 1000.000000000000000 ) ;
#4789 = LINE ( 'NONE', #7012, #3329 ) ;
#4790 = CARTESIAN_POINT ( 'NONE',  ( 0.000000000000000000, 0.000000000000000000, 0.000000000000000000 ) ) ;
#4791 = VERTEX_POINT ( 'NONE', #3330 ) ;
#4792 = EDGE_CURVE ( 'NONE', #6143, #6316, #2112, .T. ) ;
#4793 = VERTEX_POINT ( 'NONE', #6868 ) ;
#4794 = VERTEX_POINT ( 'NONE', #5645 ) ;
#4795 = FACE_OUTER_BOUND ( 'NONE', #4654, .T. ) ;
#4796 = EDGE_CURVE ( 'NONE', #4578, #6995, #3098, .T. ) ;
#4797 = CARTESIAN_POINT ( 'NONE',  ( -31.74999999999995737, 0.000000000000000000, 0.000000000000000000 ) ) ;
#4798 = CARTESIAN_POINT ( 'NONE',  ( 12.30359178553217525, -1.155557966632341512E-30, 1.500000000000001332 ) ) ;
#4799 = VERTEX_POINT ( 'NONE', #5680 ) ;
#4800 = ADVANCED_FACE ( 'NONE', ( #7434 ), #1529, .T. ) ;
#4801 = VECTOR ( 'NONE', #4493, 1000.000000000000000 ) ;
#4802 = LINE ( 'NONE', #1260, #4439 ) ;
#4803 = ORIENTED_EDGE ( 'NONE', *, *, #1440, .T. ) ;
#4804 = AXIS2_PLACEMENT_3D ( 'NONE', #1, #6459, #4181 ) ;
#4805 = CARTESIAN_POINT ( 'NONE',  ( 15.69640821446782120, -1.500000000000000222, 1.836970198721031413E-16 ) ) ;
#4806 = CARTESIAN_POINT ( 'NONE',  ( 20.49999999999999645, -1.219500000000000028, 1.665213485140615106E-16 ) ) ;
#4807 = AXIS2_PLACEMENT_3D ( 'NONE', #2978, #2360, #2860 ) ;
#4808 = DIRECTION ( 'NONE',  ( -1.000000000000000000, -0.000000000000000000, -0.000000000000000000 ) ) ;
#4809 = EDGE_LOOP ( 'NONE', ( #1444, #6298, #5584, #2385, #3675 ) ) ;
#4810 = DIRECTION ( 'NONE',  ( 0.000000000000000000, -1.000000000000000000, 0.000000000000000000 ) ) ;
#4811 = EDGE_LOOP ( 'NONE', ( #5920, #5352, #2844, #737, #1089, #4579 ) ) ;
#4812 = VECTOR ( 'NONE', #1450, 1000.000000000000000 ) ;
#4813 = FACE_OUTER_BOUND ( 'NONE', #5784, .T. ) ;
#4814 = FACE_OUTER_BOUND ( 'NONE', #5469, .T. ) ;
#4815 = CIRCLE ( 'NONE', #774, 1.500000000000001110 ) ;
#4816 = CARTESIAN_POINT ( 'NONE',  ( 6.999999999999999112, -1.219500000000000028, 1.665213485140615106E-16 ) ) ;
#4817 = ORIENTED_EDGE ( 'NONE', *, *, #2752, .F. ) ;
#4818 = DIRECTION ( 'NONE',  ( 0.000000000000000000, 1.000000000000000000, 0.000000000000000000 ) ) ;
#4819 = EDGE_LOOP ( 'NONE', ( #1842, #2521, #1481, #5914, #3672 ) ) ;
#4820 = DIRECTION ( 'NONE',  ( 0.000000000000000000, -1.000000000000000000, 0.000000000000000000 ) ) ;
#4821 = AXIS2_PLACEMENT_3D ( 'NONE', #6526, #6488, #2367 ) ;
#4822 = CARTESIAN_POINT ( 'NONE',  ( 6.196408214467821196, 1.025167968987813186E-15, 0.000000000000000000 ) ) ;
#4823 = EDGE_CURVE ( 'NONE', #6082, #5556, #4071, .T. ) ;
#4824 = DIRECTION ( 'NONE',  ( 0.000000000000000000, -1.000000000000000000, 0.000000000000000000 ) ) ;
#4825 = DIRECTION ( 'NONE',  ( 0.000000000000000000, -1.000000000000000000, 0.000000000000000000 ) ) ;
#4826 = EDGE_LOOP ( 'NONE', ( #3270, #6114, #2547, #7017, #2480, #6882 ) ) ;
#4827 = AXIS2_PLACEMENT_3D ( 'NONE', #4429, #3425, #1507 ) ;
#4828 = CIRCLE ( 'NONE', #51, 1.500000000000001110 ) ;
#4829 = CARTESIAN_POINT ( 'NONE',  ( 19.80359178553217703, -1.155557966632341512E-30, 1.500000000000001332 ) ) ;
#4830 = VERTEX_POINT ( 'NONE', #7512 ) ;
#4831 = ORIENTED_EDGE ( 'NONE', *, *, #5682, .T. ) ;
#4832 = DIRECTION ( 'NONE',  ( 0.5735764363510434949, 0.8191520442889935749, 0.000000000000000000 ) ) ;
#4833 = DIRECTION ( 'NONE',  ( -1.000000000000000000, -1.224606353822377258E-16, -0.000000000000000000 ) ) ;
#4834 = EDGE_CURVE ( 'NONE', #3196, #4569, #5806, .T. ) ;
#4835 = LINE ( 'NONE', #2371, #3042 ) ;
#4836 = ORIENTED_EDGE ( 'NONE', *, *, #3106, .F. ) ;
#4837 = AXIS2_PLACEMENT_3D ( 'NONE', #1917, #1959, #4417 ) ;
#4838 = DIRECTION ( 'NONE',  ( 0.000000000000000000, -1.000000000000000000, 0.000000000000000000 ) ) ;
#4839 = ORIENTED_EDGE ( 'NONE', *, *, #5434, .F. ) ;
#4840 = CARTESIAN_POINT ( 'NONE',  ( 9.696408214467822972, 1.500000000000001998, 0.000000000000000000 ) ) ;
#4841 = VECTOR ( 'NONE', #3509, 1000.000000000000227 ) ;
#4842 = DIRECTION ( 'NONE',  ( 0.000000000000000000, -1.000000000000000000, 0.000000000000000000 ) ) ;
#4843 = EDGE_CURVE ( 'NONE', #673, #5813, #6758, .T. ) ;
#4844 = EDGE_CURVE ( 'NONE', #370, #5146, #2755, .T. ) ;
#4845 = PRODUCT_CONTEXT ( 'NONE', #6376, 'mechanical' ) ;
#4846 = AXIS2_PLACEMENT_3D ( 'NONE', #4719, #644, #2449 ) ;
#4847 = EDGE_CURVE ( 'NONE', #5395, #5263, #4077, .T. ) ;
#4848 = PRODUCT_RELATED_PRODUCT_CATEGORY ( 'part', '', ( #448 ) ) ;
#4849 = PLANE ( 'NONE',  #627 ) ;
#4850 = ORIENTED_EDGE ( 'NONE', *, *, #69, .T. ) ;
#4851 = DIRECTION ( 'NONE',  ( -1.000000000000000000, -1.224606353822377258E-16, -0.000000000000000000 ) ) ;
#4852 = VERTEX_POINT ( 'NONE', #2212 ) ;
#4853 = EDGE_CURVE ( 'NONE', #650, #1587, #6222, .T. ) ;
#4854 = DIRECTION ( 'NONE',  ( 0.000000000000000000, -1.000000000000000000, 0.000000000000000000 ) ) ;
#4855 = CARTESIAN_POINT ( 'NONE',  ( 9.196408214467821196, 1.025167968987813186E-15, 0.000000000000000000 ) ) ;
#4856 = DIRECTION ( 'NONE',  ( -1.000000000000000000, -1.224606353822377258E-16, -0.000000000000000000 ) ) ;
#4857 = ORIENTED_EDGE ( 'NONE', *, *, #991, .F. ) ;
#4858 = DIRECTION ( 'NONE',  ( 0.000000000000000000, -1.000000000000000000, 0.000000000000000000 ) ) ;
#4859 = ORIENTED_EDGE ( 'NONE', *, *, #2453, .T. ) ;
#4860 = DIRECTION ( 'NONE',  ( -1.000000000000000000, -1.224606353822377258E-16, -0.000000000000000000 ) ) ;
#4861 = DIRECTION ( 'NONE',  ( -1.000000000000000000, -0.000000000000000000, -0.000000000000000000 ) ) ;
#4862 = CARTESIAN_POINT ( 'NONE',  ( 18.50000000000000000, 1.001115694249792856E-15, 0.000000000000000000 ) ) ;
#4863 = DIRECTION ( 'NONE',  ( 0.000000000000000000, -1.000000000000000000, 0.000000000000000000 ) ) ;
#4864 = ORIENTED_EDGE ( 'NONE', *, *, #2592, .F. ) ;
#4865 = DIRECTION ( 'NONE',  ( 0.000000000000000000, 1.000000000000000000, 0.000000000000000000 ) ) ;
#4866 = VERTEX_POINT ( 'NONE', #1492 ) ;
#4867 = ADVANCED_FACE ( 'NONE', ( #5097 ), #1390, .T. ) ;
#4868 = ORIENTED_EDGE ( 'NONE', *, *, #6257, .T. ) ;
#4869 = CARTESIAN_POINT ( 'NONE',  ( 22.19640821446782297, -1.500000000000000000, 1.836970198721031167E-16 ) ) ;
#4870 = CARTESIAN_POINT ( 'NONE',  ( 5.803591785532175251, 9.770634195117721323E-16, 0.000000000000000000 ) ) ;
#4871 = CARTESIAN_POINT ( 'NONE',  ( 1.300000000000000044, 2.182384017536784349, -1.260000000000002229 ) ) ;
#4872 = ORIENTED_EDGE ( 'NONE', *, *, #5666, .F. ) ;
#4873 = DIRECTION ( 'NONE',  ( -1.000000000000000000, -0.000000000000000000, -0.000000000000000000 ) ) ;
#4874 = EDGE_LOOP ( 'NONE', ( #1475, #5289, #4331, #1261, #6570 ) ) ;
#4875 = DIRECTION ( 'NONE',  ( -1.000000000000000000, -1.224606353822377258E-16, -0.000000000000000000 ) ) ;
#4876 = DIRECTION ( 'NONE',  ( -1.000000000000000000, -1.224606353822377258E-16, -0.000000000000000000 ) ) ;
#4877 = CIRCLE ( 'NONE', #5865, 1.500000000000001110 ) ;
#4878 = CONICAL_SURFACE ( 'NONE', #6954, 1.500000000000001110, 0.9599310885968842522 ) ;
#4879 = CARTESIAN_POINT ( 'NONE',  ( 22.19640821446782297, 1.500000000000002220, 0.000000000000000000 ) ) ;
#4880 = VERTEX_POINT ( 'NONE', #2172 ) ;
#4881 = EDGE_CURVE ( 'NONE', #5765, #179, #6060, .T. ) ;
#4882 = CIRCLE ( 'NONE', #5502, 1.219500000000000028 ) ;
#4883 = VERTEX_POINT ( 'NONE', #5603 ) ;
#4884 = CYLINDRICAL_SURFACE ( 'NONE', #4090, 1.499999999999999556 ) ;
#4885 = EDGE_LOOP ( 'NONE', ( #2974, #3751, #1877, #3001, #5360, #1021 ) ) ;
#4886 = ADVANCED_FACE ( 'NONE', ( #340 ), #3370, .T. ) ;
#4887 = CONICAL_SURFACE ( 'NONE', #2319, 1.500000000000001110, 0.9599310885968842522 ) ;
#4888 = CARTESIAN_POINT ( 'NONE',  ( -31.74999999999995737, 0.000000000000000000, 0.000000000000000000 ) ) ;
#4889 = CONICAL_SURFACE ( 'NONE', #584, 1.500000000000001110, 0.9599310885968842522 ) ;
#4890 = CIRCLE ( 'NONE', #6493, 1.500000000000001110 ) ;
#4891 = LINE ( 'NONE', #6661, #4516 ) ;
#4892 = DIRECTION ( 'NONE',  ( -1.000000000000000000, -1.224606353822377258E-16, -0.000000000000000000 ) ) ;
#4893 = ORIENTED_EDGE ( 'NONE', *, *, #3154, .T. ) ;
#4894 = EDGE_CURVE ( 'NONE', #516, #5261, #2848, .T. ) ;
#4895 = EDGE_CURVE ( 'NONE', #2001, #1662, #5059, .T. ) ;
#4896 = DIRECTION ( 'NONE',  ( 0.000000000000000000, -1.000000000000000000, 0.000000000000000000 ) ) ;
#4897 = ORIENTED_EDGE ( 'NONE', *, *, #4796, .T. ) ;
#4898 = CARTESIAN_POINT ( 'NONE',  ( -31.74999999999995737, 1.836970198721029441E-16, -1.499999999999999556 ) ) ;
#4899 = DIRECTION ( 'NONE',  ( 0.000000000000000000, -1.000000000000000000, 0.000000000000000000 ) ) ;
#4900 = AXIS2_PLACEMENT_3D ( 'NONE', #5482, #2556, #1980 ) ;
#4901 = LINE ( 'NONE', #5407, #1451 ) ;
#4902 = CARTESIAN_POINT ( 'NONE',  ( 9.500000000000000000, 1.001115694249792856E-15, 0.000000000000000000 ) ) ;
#4903 = VERTEX_POINT ( 'NONE', #985 ) ;
#4904 = LINE ( 'NONE', #7247, #1730 ) ;
#4905 = VERTEX_POINT ( 'NONE', #5720 ) ;
#4906 = DIRECTION ( 'NONE',  ( -1.000000000000000000, -1.224606353822377258E-16, -0.000000000000000000 ) ) ;
#4907 = CARTESIAN_POINT ( 'NONE',  ( 17.80359178553217347, 9.770634195117721323E-16, 0.000000000000000000 ) ) ;
#4908 = DIRECTION ( 'NONE',  ( 0.000000000000000000, 1.000000000000000000, 0.000000000000000000 ) ) ;
#4909 = VERTEX_POINT ( 'NONE', #5915 ) ;
#4910 = DIRECTION ( 'NONE',  ( -1.000000000000000000, -1.224606353822377258E-16, -0.000000000000000000 ) ) ;
#4911 = ORIENTED_EDGE ( 'NONE', *, *, #7094, .F. ) ;
#4912 = LINE ( 'NONE', #7291, #3459 ) ;
#4913 = DIRECTION ( 'NONE',  ( -1.000000000000000000, -1.224606353822377258E-16, -0.000000000000000000 ) ) ;
#4914 = CONICAL_SURFACE ( 'NONE', #1237, 1.500000000000001110, 0.9599310885968842522 ) ;
#4915 = DIRECTION ( 'NONE',  ( -1.000000000000000000, -1.224606353822377258E-16, -0.000000000000000000 ) ) ;
#4916 = ORIENTED_EDGE ( 'NONE', *, *, #7189, .F. ) ;
#4917 = CARTESIAN_POINT ( 'NONE',  ( 2.999999999999999112, 0.000000000000000000, -1.599999999999999645 ) ) ;
#4918 = ORIENTED_EDGE ( 'NONE', *, *, #5641, .F. ) ;
#4919 = AXIS2_PLACEMENT_3D ( 'NONE', #6675, #3136, #1373 ) ;
#4920 = DIRECTION ( 'NONE',  ( 0.000000000000000000, -1.000000000000000000, 0.000000000000000000 ) ) ;
#4921 = AXIS2_PLACEMENT_3D ( 'NONE', #7215, #1346, #6605 ) ;
#4922 = EDGE_CURVE ( 'NONE', #7252, #7213, #7591, .T. ) ;
#4923 = DIRECTION ( 'NONE',  ( 0.000000000000000000, -1.000000000000000000, 0.000000000000000000 ) ) ;
#4924 = CARTESIAN_POINT ( 'NONE',  ( 12.00000000000000000, -1.219500000000000028, 1.665213485140615106E-16 ) ) ;
#4925 = EDGE_LOOP ( 'NONE', ( #779, #5617, #7267, #6020, #6306 ) ) ;
#4926 = FACE_OUTER_BOUND ( 'NONE', #2520, .T. ) ;
#4927 = EDGE_LOOP ( 'NONE', ( #2099, #7015, #3003, #3369 ) ) ;
#4928 = CARTESIAN_POINT ( 'NONE',  ( -31.74999999999995737, 0.000000000000000000, 0.000000000000000000 ) ) ;
#4929 = DIRECTION ( 'NONE',  ( 0.000000000000000000, -1.000000000000000000, 0.000000000000000000 ) ) ;
#4930 = ADVANCED_FACE ( 'NONE', ( #3442 ), #6787, .T. ) ;
#4931 = ADVANCED_FACE ( 'NONE', ( #1101 ), #602, .T. ) ;
#4932 = CIRCLE ( 'NONE', #5053, 1.500000000000001110 ) ;
#4933 = DIRECTION ( 'NONE',  ( -0.5735764363510470476, -0.8191520442889912434, 0.000000000000000000 ) ) ;
#4934 = CARTESIAN_POINT ( 'NONE',  ( 6.999999999999999112, 1.001115694249792856E-15, 0.000000000000000000 ) ) ;
#4935 = EDGE_LOOP ( 'NONE', ( #3126, #4952, #6325, #7535, #5449 ) ) ;
#4936 = EDGE_CURVE ( 'NONE', #3704, #3467, #684, .T. ) ;
#4937 = DIRECTION ( 'NONE',  ( -1.000000000000000000, -1.224606353822377258E-16, -0.000000000000000000 ) ) ;
#4938 = ORIENTED_EDGE ( 'NONE', *, *, #5844, .T. ) ;
#4939 = FACE_OUTER_BOUND ( 'NONE', #3403, .T. ) ;
#4940 = EDGE_CURVE ( 'NONE', #3895, #7476, #7062, .T. ) ;
#4941 = DIRECTION ( 'NONE',  ( 0.000000000000000000, -1.000000000000000000, 0.000000000000000000 ) ) ;
#4942 = CIRCLE ( 'NONE', #5442, 1.500000000000001110 ) ;
#4943 = DIRECTION ( 'NONE',  ( 0.000000000000000000, -1.000000000000000000, 0.000000000000000000 ) ) ;
#4944 = EDGE_LOOP ( 'NONE', ( #5863, #3293, #5835, #76, #397 ) ) ;
#4945 = EDGE_LOOP ( 'NONE', ( #6793, #3410, #1496, #4918, #1002 ) ) ;
#4946 = CARTESIAN_POINT ( 'NONE',  ( 9.303591785532175251, 9.770634195117721323E-16, 0.000000000000000000 ) ) ;
#4947 = AXIS2_PLACEMENT_3D ( 'NONE', #2229, #3348, #3841 ) ;
#4948 = AXIS2_PLACEMENT_3D ( 'NONE', #5451, #7174, #2522 ) ;
#4949 = DIRECTION ( 'NONE',  ( 1.000000000000000000, 1.224606353822377258E-16, 0.000000000000000000 ) ) ;
#4950 = AXIS2_PLACEMENT_3D ( 'NONE', #1790, #7538, #6930 ) ;
#4951 = DIRECTION ( 'NONE',  ( -1.000000000000000000, -1.224606353822377258E-16, -0.000000000000000000 ) ) ;
#4952 = ORIENTED_EDGE ( 'NONE', *, *, #4847, .F. ) ;
#4953 = VECTOR ( 'NONE', #6473, 1000.000000000000000 ) ;
#4954 = LINE ( 'NONE', #5538, #5818 ) ;
#4955 = ORIENTED_EDGE ( 'NONE', *, *, #783, .F. ) ;
#4956 = EDGE_CURVE ( 'NONE', #4044, #3481, #1875, .T. ) ;
#4957 = CIRCLE ( 'NONE', #916, 1.219500000000001139 ) ;
#4958 = DIRECTION ( 'NONE',  ( 0.000000000000000000, 1.000000000000000000, 0.000000000000000000 ) ) ;
#4959 = CONICAL_SURFACE ( 'NONE', #68, 1.500000000000001110, 0.9599310885968842522 ) ;
#4960 = LINE ( 'NONE', #2582, #6492 ) ;
#4961 = ORIENTED_EDGE ( 'NONE', *, *, #5514, .F. ) ;
#4962 = CONICAL_SURFACE ( 'NONE', #2875, 1.219500000000001139, 0.9599310885968800333 ) ;
#4963 = FACE_OUTER_BOUND ( 'NONE', #7442, .T. ) ;
#4964 = ORIENTED_EDGE ( 'NONE', *, *, #626, .F. ) ;
#4965 = CARTESIAN_POINT ( 'NONE',  ( 18.30359178553217347, -1.499999999999999778, 0.000000000000000000 ) ) ;
#4966 = FACE_OUTER_BOUND ( 'NONE', #6765, .T. ) ;
#4967 = CARTESIAN_POINT ( 'NONE',  ( 14.69640821446782120, 1.025167968987813186E-15, 0.000000000000000000 ) ) ;
#4968 = CARTESIAN_POINT ( 'NONE',  ( 11.19640821446782120, 1.500000000000002220, 0.000000000000000000 ) ) ;
#4969 = ORIENTED_EDGE ( 'NONE', *, *, #2342, .T. ) ;
#4970 = FACE_OUTER_BOUND ( 'NONE', #351, .T. ) ;
#4971 = VERTEX_POINT ( 'NONE', #5840 ) ;
#4972 = ADVANCED_FACE ( 'NONE', ( #5876 ), #1838, .F. ) ;
#4973 = ORIENTED_EDGE ( 'NONE', *, *, #5239, .F. ) ;
#4974 = CARTESIAN_POINT ( 'NONE',  ( 13.69640821446782297, 1.025167968987813186E-15, 0.000000000000000000 ) ) ;
#4975 = CARTESIAN_POINT ( 'NONE',  ( 18.19640821446782297, -1.155557966632341512E-30, 1.500000000000001332 ) ) ;
#4976 = ADVANCED_FACE ( 'NONE', ( #643 ), #6411, .T. ) ;
#4977 = CARTESIAN_POINT ( 'NONE',  ( 17.00000000000000000, 1.001115694249792856E-15, 0.000000000000000000 ) ) ;
#4978 = ORIENTED_EDGE ( 'NONE', *, *, #3224, .F. ) ;
#4979 = EDGE_CURVE ( 'NONE', #4883, #6841, #3715, .T. ) ;
#4980 = EDGE_CURVE ( 'NONE', #5660, #4724, #3345, .T. ) ;
#4981 = ORIENTED_EDGE ( 'NONE', *, *, #1969, .F. ) ;
#4982 = DIRECTION ( 'NONE',  ( 0.000000000000000000, -1.000000000000000000, 0.000000000000000000 ) ) ;
#4983 = DIRECTION ( 'NONE',  ( 0.000000000000000000, -1.000000000000000000, 0.000000000000000000 ) ) ;
#4984 = CIRCLE ( 'NONE', #5605, 1.500000000000001110 ) ;
#4985 = DIRECTION ( 'NONE',  ( -1.000000000000000000, -1.224606353822377258E-16, -0.000000000000000000 ) ) ;
#4986 = ORIENTED_EDGE ( 'NONE', *, *, #7084, .T. ) ;
#4987 = CARTESIAN_POINT ( 'NONE',  ( -31.74999999999995737, 0.000000000000000000, 1.499999999999999556 ) ) ;
#4988 = VERTEX_POINT ( 'NONE', #7545 ) ;
#4989 = VECTOR ( 'NONE', #2969, 1000.000000000000000 ) ;
#4990 = CARTESIAN_POINT ( 'NONE',  ( 9.999999999999998224, 1.219500000000002249, 0.000000000000000000 ) ) ;
#4991 = AXIS2_PLACEMENT_3D ( 'NONE', #402, #5158, #2778 ) ;
#4992 = CIRCLE ( 'NONE', #1687, 1.500000000000001110 ) ;
#4993 = DIRECTION ( 'NONE',  ( -0.5735764363510472696, 0.8191520442889909104, 1.003171929053523884E-16 ) ) ;
#4994 = EDGE_LOOP ( 'NONE', ( #3395, #4173, #148, #533, #707, #7277 ) ) ;
#4995 = CARTESIAN_POINT ( 'NONE',  ( 15.69640821446782120, 1.025167968987813186E-15, 0.000000000000000000 ) ) ;
#4996 = VERTEX_POINT ( 'NONE', #5213 ) ;
#4997 = ORIENTED_EDGE ( 'NONE', *, *, #990, .T. ) ;
#4998 = ORIENTED_EDGE ( 'NONE', *, *, #1965, .T. ) ;
#4999 = AXIS2_PLACEMENT_3D ( 'NONE', #3438, #2858, #71 ) ;
#5000 = AXIS2_PLACEMENT_3D ( 'NONE', #3200, #7201, #1939 ) ;
#5001 = AXIS2_PLACEMENT_3D ( 'NONE', #1240, #586, #1282 ) ;
#5002 = VECTOR ( 'NONE', #2957, 1000.000000000000227 ) ;
#5003 = DIRECTION ( 'NONE',  ( 0.000000000000000000, -1.000000000000000000, 0.000000000000000000 ) ) ;
#5004 = CARTESIAN_POINT ( 'NONE',  ( 4.999999999999999112, 1.001115694249792856E-15, 0.000000000000000000 ) ) ;
#5005 = CARTESIAN_POINT ( 'NONE',  ( 17.30359178553217347, 9.770634195117721323E-16, 0.000000000000000000 ) ) ;
#5006 = AXIS2_PLACEMENT_3D ( 'NONE', #6669, #4243, #1404 ) ;
#5007 = AXIS2_PLACEMENT_3D ( 'NONE', #1581, #4499, #2807 ) ;
#5008 = ORIENTED_EDGE ( 'NONE', *, *, #5069, .T. ) ;
#5009 = DIRECTION ( 'NONE',  ( 0.000000000000000000, -1.000000000000000000, 0.000000000000000000 ) ) ;
#5010 = ORIENTED_EDGE ( 'NONE', *, *, #2814, .F. ) ;
#5011 = DIRECTION ( 'NONE',  ( 0.000000000000000000, 1.000000000000000000, 0.000000000000000000 ) ) ;
#5012 = ORIENTED_EDGE ( 'NONE', *, *, #7532, .F. ) ;
#5013 = CARTESIAN_POINT ( 'NONE',  ( 20.30359178553217703, 9.770634195117721323E-16, 0.000000000000000000 ) ) ;
#5014 = CONICAL_SURFACE ( 'NONE', #6015, 1.500000000000001110, 0.9599310885968842522 ) ;
#5015 = DIRECTION ( 'NONE',  ( -0.5735764363510472696, 0.8191520442889909104, 1.003171929053523884E-16 ) ) ;
#5016 = VECTOR ( 'NONE', #869, 1000.000000000000000 ) ;
#5017 = EDGE_CURVE ( 'NONE', #2373, #6717, #5293, .T. ) ;
#5018 = DIRECTION ( 'NONE',  ( -0.5735764363510470476, -0.8191520442889912434, 0.000000000000000000 ) ) ;
#5019 = ORIENTED_EDGE ( 'NONE', *, *, #1179, .T. ) ;
#5020 = CIRCLE ( 'NONE', #6607, 1.500000000000001110 ) ;
#5021 = ADVANCED_FACE ( 'NONE', ( #7018 ), #35, .T. ) ;
#5022 = ORIENTED_EDGE ( 'NONE', *, *, #1169, .T. ) ;
#5023 = DIRECTION ( 'NONE',  ( -1.000000000000000000, -0.000000000000000000, -0.000000000000000000 ) ) ;
#5024 = CARTESIAN_POINT ( 'NONE',  ( 5.196408214467821196, 1.500000000000002220, 0.000000000000000000 ) ) ;
#5025 = EDGE_CURVE ( 'NONE', #5261, #7342, #4942, .T. ) ;
#5026 = EDGE_CURVE ( 'NONE', #1780, #3120, #4013, .T. ) ;
#5027 = DIRECTION ( 'NONE',  ( -1.000000000000000000, -1.224606353822377258E-16, -0.000000000000000000 ) ) ;
#5028 = ORIENTED_EDGE ( 'NONE', *, *, #3945, .T. ) ;
#5029 = CARTESIAN_POINT ( 'NONE',  ( 17.50000000000000000, 1.219500000000002249, 0.000000000000000000 ) ) ;
#5030 = EDGE_LOOP ( 'NONE', ( #5794, #953, #4095, #4868, #7269 ) ) ;
#5031 = CARTESIAN_POINT ( 'NONE',  ( 15.19640821446782120, -1.500000000000000000, 1.836970198721031167E-16 ) ) ;
#5032 = EDGE_CURVE ( 'NONE', #181, #4576, #1257, .T. ) ;
#5033 = CARTESIAN_POINT ( 'NONE',  ( 13.69640821446782297, 1.025167968987813186E-15, 0.000000000000000000 ) ) ;
#5034 = AXIS2_PLACEMENT_3D ( 'NONE', #312, #1495, #1466 ) ;
#5035 = DIRECTION ( 'NONE',  ( 0.000000000000000000, 1.000000000000000000, 0.000000000000000000 ) ) ;
#5036 = ORIENTED_EDGE ( 'NONE', *, *, #4374, .F. ) ;
#5037 = CARTESIAN_POINT ( 'NONE',  ( 18.50000000000000000, 1.001115694249792856E-15, 0.000000000000000000 ) ) ;
#5038 = ORIENTED_EDGE ( 'NONE', *, *, #4419, .F. ) ;
#5039 = ORIENTED_EDGE ( 'NONE', *, *, #2814, .T. ) ;
#5040 = AXIS2_PLACEMENT_3D ( 'NONE', #2559, #2090, #7310 ) ;
#5041 = AXIS2_PLACEMENT_3D ( 'NONE', #5922, #2877, #3415 ) ;
#5042 = CARTESIAN_POINT ( 'NONE',  ( 17.30359178553217347, -1.155557966632341512E-30, 1.500000000000001332 ) ) ;
#5043 = CARTESIAN_POINT ( 'NONE',  ( 17.19640821446782297, 1.025167968987813186E-15, 0.000000000000000000 ) ) ;
#5044 = DIRECTION ( 'NONE',  ( 0.000000000000000000, 0.5000000000000009992, 0.8660254037844380415 ) ) ;
#5045 = DIRECTION ( 'NONE',  ( 1.000000000000000000, 1.224606353822377258E-16, 0.000000000000000000 ) ) ;
#5046 = ORIENTED_EDGE ( 'NONE', *, *, #6392, .F. ) ;
#5047 = AXIS2_PLACEMENT_3D ( 'NONE', #3019, #2320, #522 ) ;
#5048 = CARTESIAN_POINT ( 'NONE',  ( 9.500000000000000000, -1.219500000000000028, 1.665213485140615106E-16 ) ) ;
#5049 = ORIENTED_EDGE ( 'NONE', *, *, #2498, .F. ) ;
#5050 = ORIENTED_EDGE ( 'NONE', *, *, #1299, .F. ) ;
#5051 = ADVANCED_FACE ( 'NONE', ( #1720 ), #4056, .T. ) ;
#5052 = CARTESIAN_POINT ( 'NONE',  ( 20.69640821446782297, -1.155557966632341512E-30, 1.500000000000001332 ) ) ;
#5053 = AXIS2_PLACEMENT_3D ( 'NONE', #121, #6110, #3208 ) ;
#5054 = DIRECTION ( 'NONE',  ( 0.000000000000000000, -1.000000000000000000, 0.000000000000000000 ) ) ;
#5055 = DIRECTION ( 'NONE',  ( -1.000000000000000000, -1.224606353822377258E-16, -0.000000000000000000 ) ) ;
#5056 = ORIENTED_EDGE ( 'NONE', *, *, #935, .F. ) ;
#5057 = AXIS2_PLACEMENT_3D ( 'NONE', #3452, #3573, #5925 ) ;
#5058 = ORIENTED_EDGE ( 'NONE', *, *, #1076, .T. ) ;
#5059 = LINE ( 'NONE', #4489, #2486 ) ;
#5060 = CARTESIAN_POINT ( 'NONE',  ( -31.74999999999995737, 0.000000000000000000, 0.000000000000000000 ) ) ;
#5061 = AXIS2_PLACEMENT_3D ( 'NONE', #801, #2023, #5528 ) ;
#5062 = DIRECTION ( 'NONE',  ( -1.000000000000000000, -1.224606353822377258E-16, -0.000000000000000000 ) ) ;
#5063 = CARTESIAN_POINT ( 'NONE',  ( 8.696408214467821196, 1.025167968987813186E-15, 0.000000000000000000 ) ) ;
#5064 = VERTEX_POINT ( 'NONE', #1758 ) ;
#5065 = CIRCLE ( 'NONE', #2004, 1.500000000000001110 ) ;
#5066 = CIRCLE ( 'NONE', #6912, 1.500000000000001110 ) ;
#5067 = CARTESIAN_POINT ( 'NONE',  ( 22.69640821446782297, -1.500000000000000222, 1.836970198721031413E-16 ) ) ;
#5068 = VERTEX_POINT ( 'NONE', #762 ) ;
#5069 = EDGE_CURVE ( 'NONE', #7488, #994, #407, .T. ) ;
#5070 = FACE_OUTER_BOUND ( 'NONE', #1413, .T. ) ;
#5071 = EDGE_CURVE ( 'NONE', #2301, #4791, #6543, .T. ) ;
#5072 = FACE_OUTER_BOUND ( 'NONE', #5955, .T. ) ;
#5073 = AXIS2_PLACEMENT_3D ( 'NONE', #1391, #7227, #134 ) ;
#5074 = EDGE_CURVE ( 'NONE', #5301, #5431, #2599, .T. ) ;
#5075 = AXIS2_PLACEMENT_3D ( 'NONE', #5448, #6107, #6711 ) ;
#5076 = FACE_OUTER_BOUND ( 'NONE', #1165, .T. ) ;
#5077 = VERTEX_POINT ( 'NONE', #3206 ) ;
#5078 = ORIENTED_EDGE ( 'NONE', *, *, #564, .F. ) ;
#5079 = ADVANCED_FACE ( 'NONE', ( #6070 ), #1631, .T. ) ;
#5080 = ORIENTED_EDGE ( 'NONE', *, *, #2293, .T. ) ;
#5081 = EDGE_CURVE ( 'NONE', #3504, #650, #46, .T. ) ;
#5082 = CONICAL_SURFACE ( 'NONE', #795, 1.219500000000001139, 0.9599310885968800333 ) ;
#5083 = CARTESIAN_POINT ( 'NONE',  ( 6.303591785532174363, 9.770634195117721323E-16, 0.000000000000000000 ) ) ;
#5084 = AXIS2_PLACEMENT_3D ( 'NONE', #1318, #219, #6098 ) ;
#5085 = DIRECTION ( 'NONE',  ( 0.000000000000000000, 0.000000000000000000, 1.000000000000000000 ) ) ;
#5086 = DIRECTION ( 'NONE',  ( 0.000000000000000000, -1.000000000000000000, 0.000000000000000000 ) ) ;
#5087 = CONICAL_SURFACE ( 'NONE', #548, 1.219500000000001139, 0.9599310885968800333 ) ;
#5088 = DIRECTION ( 'NONE',  ( -1.000000000000000000, -1.224606353822377258E-16, -0.000000000000000000 ) ) ;
#5089 = ORIENTED_EDGE ( 'NONE', *, *, #7316, .F. ) ;
#5090 = DIRECTION ( 'NONE',  ( 0.000000000000000000, -1.000000000000000000, 0.000000000000000000 ) ) ;
#5091 = ORIENTED_EDGE ( 'NONE', *, *, #6300, .F. ) ;
#5092 = DIRECTION ( 'NONE',  ( 0.000000000000000000, 1.000000000000000000, 0.000000000000000000 ) ) ;
#5093 = DIRECTION ( 'NONE',  ( -0.5735764363510472696, 0.8191520442889909104, 1.003171929053523884E-16 ) ) ;
#5094 = CARTESIAN_POINT ( 'NONE',  ( 19.30359178553217703, 1.500000000000002442, 1.836970198721031167E-16 ) ) ;
#5095 = ORIENTED_EDGE ( 'NONE', *, *, #6580, .T. ) ;
#5096 = ORIENTED_EDGE ( 'NONE', *, *, #6345, .F. ) ;
#5097 = FACE_OUTER_BOUND ( 'NONE', #6124, .T. ) ;
#5098 = CARTESIAN_POINT ( 'NONE',  ( 5.999999999999999112, 1.001115694249792856E-15, 0.000000000000000000 ) ) ;
#5099 = ORIENTED_EDGE ( 'NONE', *, *, #4843, .T. ) ;
#5100 = ORIENTED_EDGE ( 'NONE', *, *, #5467, .F. ) ;
#5101 = DIRECTION ( 'NONE',  ( 0.000000000000000000, -1.000000000000000000, 0.000000000000000000 ) ) ;
#5102 = EDGE_CURVE ( 'NONE', #1446, #639, #1999, .T. ) ;
#5103 = DIRECTION ( 'NONE',  ( 0.000000000000000000, 0.000000000000000000, 1.000000000000000000 ) ) ;
#5104 = VERTEX_POINT ( 'NONE', #835 ) ;
#5105 = CARTESIAN_POINT ( 'NONE',  ( 6.999999999999999112, 1.219500000000002249, 1.493456771560198551E-16 ) ) ;
#5106 = ORIENTED_EDGE ( 'NONE', *, *, #4783, .T. ) ;
#5107 = CARTESIAN_POINT ( 'NONE',  ( 12.69640821446782120, 1.500000000000001998, 0.000000000000000000 ) ) ;
#5108 = CARTESIAN_POINT ( 'NONE',  ( 9.999999999999998224, -1.219500000000000028, 1.665213485140615106E-16 ) ) ;
#5109 = EDGE_CURVE ( 'NONE', #7180, #6082, #6297, .T. ) ;
#5110 = DIRECTION ( 'NONE',  ( 0.000000000000000000, -1.000000000000000000, 0.000000000000000000 ) ) ;
#5111 = ORIENTED_EDGE ( 'NONE', *, *, #7558, .F. ) ;
#5112 = CARTESIAN_POINT ( 'NONE',  ( 9.000000000000000000, -1.219500000000000028, 0.000000000000000000 ) ) ;
#5113 = EDGE_LOOP ( 'NONE', ( #3416, #885, #3137, #2833, #6058 ) ) ;
#5114 = CARTESIAN_POINT ( 'NONE',  ( 13.80359178553217703, 9.770634195117721323E-16, 0.000000000000000000 ) ) ;
#5115 = EDGE_CURVE ( 'NONE', #2049, #4415, #2483, .T. ) ;
#5116 = CARTESIAN_POINT ( 'NONE',  ( 14.69640821446782120, 1.025167968987813186E-15, 0.000000000000000000 ) ) ;
#5117 = DIRECTION ( 'NONE',  ( 0.000000000000000000, -1.000000000000000000, 0.000000000000000000 ) ) ;
#5118 = CONICAL_SURFACE ( 'NONE', #2662, 1.219500000000001139, 0.9599310885968800333 ) ;
#5119 = ADVANCED_FACE ( 'NONE', ( #4251 ), #5183, .T. ) ;
#5120 = CARTESIAN_POINT ( 'NONE',  ( -31.74999999999995737, 0.000000000000000000, 1.499999999999999556 ) ) ;
#5121 = EDGE_CURVE ( 'NONE', #7564, #1252, #3953, .T. ) ;
#5122 = CARTESIAN_POINT ( 'NONE',  ( 22.69640821446782297, 1.500000000000001998, 0.000000000000000000 ) ) ;
#5123 = ORIENTED_EDGE ( 'NONE', *, *, #3430, .F. ) ;
#5124 = CARTESIAN_POINT ( 'NONE',  ( 13.50000000000000000, 1.001115694249792856E-15, 0.000000000000000000 ) ) ;
#5125 = EDGE_LOOP ( 'NONE', ( #5403, #5309, #3441, #7115, #7354 ) ) ;
#5126 = CONICAL_SURFACE ( 'NONE', #1942, 1.500000000000001110, 0.9599310885968842522 ) ;
#5127 = CIRCLE ( 'NONE', #1072, 1.500000000000001110 ) ;
#5128 = CARTESIAN_POINT ( 'NONE',  ( 18.19640821446782297, 1.025167968987813186E-15, 0.000000000000000000 ) ) ;
#5129 = DIRECTION ( 'NONE',  ( 0.5735764363510434949, 0.8191520442889935749, 0.000000000000000000 ) ) ;
#5130 = AXIS2_PLACEMENT_3D ( 'NONE', #5551, #5520, #6061 ) ;
#5131 = VECTOR ( 'NONE', #1316, 1000.000000000000000 ) ;
#5132 = AXIS2_PLACEMENT_3D ( 'NONE', #5223, #617, #6989 ) ;
#5133 = CIRCLE ( 'NONE', #2299, 1.500000000000001110 ) ;
#5134 = CARTESIAN_POINT ( 'NONE',  ( 13.00000000000000000, 1.001115694249792856E-15, 0.000000000000000000 ) ) ;
#5135 = ORIENTED_EDGE ( 'NONE', *, *, #61, .F. ) ;
#5136 = ORIENTED_EDGE ( 'NONE', *, *, #6166, .F. ) ;
#5137 = CIRCLE ( 'NONE', #6254, 1.500000000000001110 ) ;
#5138 = AXIS2_PLACEMENT_3D ( 'NONE', #5676, #6825, #7542 ) ;
#5139 = DIRECTION ( 'NONE',  ( -1.000000000000000000, -0.000000000000000000, -0.000000000000000000 ) ) ;
#5140 = CARTESIAN_POINT ( 'NONE',  ( 5.999999999999999112, 1.001115694249792856E-15, 0.000000000000000000 ) ) ;
#5141 = CONICAL_SURFACE ( 'NONE', #3794, 1.500000000000001110, 0.9599310885968842522 ) ;
#5142 = FACE_OUTER_BOUND ( 'NONE', #7261, .T. ) ;
#5143 = ORIENTED_EDGE ( 'NONE', *, *, #1908, .F. ) ;
#5144 = DIRECTION ( 'NONE',  ( 0.000000000000000000, -1.000000000000000000, 0.000000000000000000 ) ) ;
#5145 = CARTESIAN_POINT ( 'NONE',  ( 5.303591785532175251, 1.836970198721020813E-16, -1.500000000000001332 ) ) ;
#5146 = VERTEX_POINT ( 'NONE', #3636 ) ;
#5147 = CARTESIAN_POINT ( 'NONE',  ( 16.30359178553217347, -1.500000000000004885, 0.000000000000000000 ) ) ;
#5148 = ADVANCED_FACE ( 'NONE', ( #4939 ), #2448, .T. ) ;
#5149 = VECTOR ( 'NONE', #2608, 1000.000000000000000 ) ;
#5150 =( LENGTH_UNIT ( ) NAMED_UNIT ( * ) SI_UNIT ( .MILLI., .METRE. ) );
#5151 = DIRECTION ( 'NONE',  ( -1.000000000000000000, -1.224606353822377258E-16, -0.000000000000000000 ) ) ;
#5152 = ORIENTED_EDGE ( 'NONE', *, *, #6766, .T. ) ;
#5153 = DIRECTION ( 'NONE',  ( -1.000000000000000000, -0.000000000000000000, -0.000000000000000000 ) ) ;
#5154 = EDGE_LOOP ( 'NONE', ( #6195, #2155, #3708, #1455, #1808 ) ) ;
#5155 = CARTESIAN_POINT ( 'NONE',  ( 16.50000000000000000, -1.219500000000000028, 1.665213485140615106E-16 ) ) ;
#5156 = ADVANCED_FACE ( 'NONE', ( #4370 ), #1449, .F. ) ;
#5157 = DIRECTION ( 'NONE',  ( 0.000000000000000000, -1.000000000000000000, 0.000000000000000000 ) ) ;
#5158 = DIRECTION ( 'NONE',  ( -1.000000000000000000, -1.224606353822377258E-16, -0.000000000000000000 ) ) ;
#5159 = FACE_OUTER_BOUND ( 'NONE', #6535, .T. ) ;
#5160 = ORIENTED_EDGE ( 'NONE', *, *, #1884, .F. ) ;
#5161 = AXIS2_PLACEMENT_3D ( 'NONE', #3253, #7327, #5574 ) ;
#5162 = DIRECTION ( 'NONE',  ( 0.000000000000000000, -1.000000000000000000, 0.000000000000000000 ) ) ;
#5163 = ORIENTED_EDGE ( 'NONE', *, *, #3517, .F. ) ;
#5164 = ADVANCED_FACE ( 'NONE', ( #7283 ), #6791, .T. ) ;
#5165 = LINE ( 'NONE', #3473, #6559 ) ;
#5166 = ADVANCED_FACE ( 'NONE', ( #3677 ), #7033, .T. ) ;
#5167 = DIRECTION ( 'NONE',  ( 0.000000000000000000, -1.000000000000000000, 0.000000000000000000 ) ) ;
#5168 = CIRCLE ( 'NONE', #7008, 1.500000000000001110 ) ;
#5169 = ADVANCED_FACE ( 'NONE', ( #4795 ), #3724, .T. ) ;
#5170 = EDGE_CURVE ( 'NONE', #3802, #2193, #3138, .T. ) ;
#5171 = DIRECTION ( 'NONE',  ( -1.000000000000000000, -1.224606353822377258E-16, -0.000000000000000000 ) ) ;
#5172 = ORIENTED_EDGE ( 'NONE', *, *, #2389, .F. ) ;
#5173 = VECTOR ( 'NONE', #724, 1000.000000000000227 ) ;
#5174 = ORIENTED_EDGE ( 'NONE', *, *, #1843, .F. ) ;
#5175 = DIRECTION ( 'NONE',  ( -1.000000000000000000, -0.000000000000000000, -0.000000000000000000 ) ) ;
#5176 = DIRECTION ( 'NONE',  ( -1.000000000000000000, -1.224606353822377258E-16, -0.000000000000000000 ) ) ;
#5177 = CIRCLE ( 'NONE', #1624, 1.499999999999999556 ) ;
#5178 = CARTESIAN_POINT ( 'NONE',  ( 12.19640821446782120, 1.500000000000001998, 0.000000000000000000 ) ) ;
#5179 = EDGE_LOOP ( 'NONE', ( #6042, #6762, #4218, #6487, #6650 ) ) ;
#5180 = CARTESIAN_POINT ( 'NONE',  ( 3.099999999999998757, 0.000000000000000000, 1.499999999999999556 ) ) ;
#5181 = VERTEX_POINT ( 'NONE', #4298 ) ;
#5182 = DIRECTION ( 'NONE',  ( 0.000000000000000000, 0.000000000000000000, 1.000000000000000000 ) ) ;
#5183 = CONICAL_SURFACE ( 'NONE', #7389, 1.219500000000001139, 0.9599310885968800333 ) ;
#5184 = CYLINDRICAL_SURFACE ( 'NONE', #3282, 1.499999999999999556 ) ;
#5185 = AXIS2_PLACEMENT_3D ( 'NONE', #6618, #3119, #1354 ) ;
#5186 = AXIS2_PLACEMENT_3D ( 'NONE', #3857, #5597, #409 ) ;
#5187 = FACE_OUTER_BOUND ( 'NONE', #2731, .T. ) ;
#5188 = EDGE_LOOP ( 'NONE', ( #4255, #5575, #3181, #7226, #5371, #5801 ) ) ;
#5189 = EDGE_CURVE ( 'NONE', #7105, #6032, #2123, .T. ) ;
#5190 = DIRECTION ( 'NONE',  ( -1.000000000000000000, -0.000000000000000000, -0.000000000000000000 ) ) ;
#5191 = ORIENTED_EDGE ( 'NONE', *, *, #6308, .T. ) ;
#5192 = EDGE_LOOP ( 'NONE', ( #6943, #4164, #1389, #7083, #4502 ) ) ;
#5193 = DIRECTION ( 'NONE',  ( 0.000000000000000000, -1.000000000000000000, 0.000000000000000000 ) ) ;
#5194 = VECTOR ( 'NONE', #4232, 1000.000000000000227 ) ;
#5195 = AXIS2_PLACEMENT_3D ( 'NONE', #4786, #222, #1287 ) ;
#5196 = DIRECTION ( 'NONE',  ( 0.5735764363510434949, 0.8191520442889935749, 0.000000000000000000 ) ) ;
#5197 = DIRECTION ( 'NONE',  ( -1.000000000000000000, -1.224606353822377258E-16, -0.000000000000000000 ) ) ;
#5198 = DIRECTION ( 'NONE',  ( 0.000000000000000000, -1.000000000000000000, 0.000000000000000000 ) ) ;
#5199 = ORIENTED_EDGE ( 'NONE', *, *, #3, .T. ) ;
#5200 = AXIS2_PLACEMENT_3D ( 'NONE', #6243, #6778, #3846 ) ;
#5201 = CARTESIAN_POINT ( 'NONE',  ( -31.74999999999995737, 0.000000000000000000, 0.000000000000000000 ) ) ;
#5202 = ORIENTED_EDGE ( 'NONE', *, *, #3362, .T. ) ;
#5203 = CONICAL_SURFACE ( 'NONE', #1027, 1.219500000000001139, 0.9599310885968800333 ) ;
#5204 = PLANE ( 'NONE',  #3729 ) ;
#5205 = DIRECTION ( 'NONE',  ( -1.000000000000000000, -0.000000000000000000, -0.000000000000000000 ) ) ;
#5206 = CIRCLE ( 'NONE', #4723, 1.219500000000001139 ) ;
#5207 = CARTESIAN_POINT ( 'NONE',  ( 8.499999999999998224, -1.219500000000000028, 1.665213485140615106E-16 ) ) ;
#5208 = CARTESIAN_POINT ( 'NONE',  ( 18.30359178553217347, 1.836970198721020813E-16, -1.500000000000001332 ) ) ;
#5209 = ORIENTED_EDGE ( 'NONE', *, *, #3501, .F. ) ;
#5210 = ADVANCED_FACE ( 'NONE', ( #2631 ), #5688, .T. ) ;
#5211 = CIRCLE ( 'NONE', #806, 1.219500000000001139 ) ;
#5212 = VERTEX_POINT ( 'NONE', #7355 ) ;
#5213 = CARTESIAN_POINT ( 'NONE',  ( 16.69640821446782297, -1.500000000000000222, 1.836970198721031413E-16 ) ) ;
#5214 = EDGE_CURVE ( 'NONE', #3740, #6292, #531, .T. ) ;
#5215 = CARTESIAN_POINT ( 'NONE',  ( -31.74999999999995737, 1.836970198721029441E-16, -1.499999999999999556 ) ) ;
#5216 = DIRECTION ( 'NONE',  ( 0.000000000000000000, 1.000000000000000000, 0.000000000000000000 ) ) ;
#5217 = ORIENTED_EDGE ( 'NONE', *, *, #7323, .T. ) ;
#5218 = EDGE_CURVE ( 'NONE', #1153, #4589, #299, .T. ) ;
#5219 = CARTESIAN_POINT ( 'NONE',  ( 16.50000000000000000, 1.001115694249792856E-15, 0.000000000000000000 ) ) ;
#5220 = CARTESIAN_POINT ( 'NONE',  ( 21.50000000000000000, -1.219500000000000028, 1.665213485140615106E-16 ) ) ;
#5221 = ORIENTED_EDGE ( 'NONE', *, *, #1375, .T. ) ;
#5222 = DIRECTION ( 'NONE',  ( 0.000000000000000000, -1.000000000000000000, 0.000000000000000000 ) ) ;
#5223 = CARTESIAN_POINT ( 'NONE',  ( -31.74999999999995737, 0.000000000000000000, 0.000000000000000000 ) ) ;
#5224 = DIRECTION ( 'NONE',  ( -1.000000000000000000, -0.000000000000000000, -0.000000000000000000 ) ) ;
#5225 = ORIENTED_EDGE ( 'NONE', *, *, #1874, .F. ) ;
#5226 = DIRECTION ( 'NONE',  ( -1.000000000000000000, -0.000000000000000000, -0.000000000000000000 ) ) ;
#5227 = ORIENTED_EDGE ( 'NONE', *, *, #1965, .F. ) ;
#5228 = LINE ( 'NONE', #507, #452 ) ;
#5229 = DIRECTION ( 'NONE',  ( 0.000000000000000000, -1.000000000000000000, 0.000000000000000000 ) ) ;
#5230 = CARTESIAN_POINT ( 'NONE',  ( 14.30359178553217525, 9.770634195117721323E-16, 0.000000000000000000 ) ) ;
#5231 = CARTESIAN_POINT ( 'NONE',  ( 7.196408214467821196, 1.836970198721020073E-16, -1.500000000000001332 ) ) ;
#5232 = ORIENTED_EDGE ( 'NONE', *, *, #712, .T. ) ;
#5233 = DIRECTION ( 'NONE',  ( 0.000000000000000000, -1.000000000000000000, 0.000000000000000000 ) ) ;
#5234 = ORIENTED_EDGE ( 'NONE', *, *, #2901, .F. ) ;
#5235 = CARTESIAN_POINT ( 'NONE',  ( 5.803591785532175251, 9.770634195117721323E-16, 0.000000000000000000 ) ) ;
#5236 = CIRCLE ( 'NONE', #1926, 1.500000000000001110 ) ;
#5237 = AXIS2_PLACEMENT_3D ( 'NONE', #4540, #3954, #2691 ) ;
#5238 = DIRECTION ( 'NONE',  ( -1.000000000000000000, -1.224606353822377258E-16, -0.000000000000000000 ) ) ;
#5239 = EDGE_CURVE ( 'NONE', #559, #4541, #1636, .T. ) ;
#5240 = DIRECTION ( 'NONE',  ( 0.000000000000000000, -1.000000000000000000, 0.000000000000000000 ) ) ;
#5241 = CONICAL_SURFACE ( 'NONE', #5614, 1.500000000000001110, 0.9599310885968842522 ) ;
#5242 = CIRCLE ( 'NONE', #6016, 1.500000000000001110 ) ;
#5243 = LINE ( 'NONE', #6560, #1710 ) ;
#5244 = ORIENTED_EDGE ( 'NONE', *, *, #2965, .T. ) ;
#5245 = AXIS2_PLACEMENT_3D ( 'NONE', #4855, #7232, #860 ) ;
#5246 = VERTEX_POINT ( 'NONE', #331 ) ;
#5247 = EDGE_LOOP ( 'NONE', ( #6732, #2583, #5721, #4864, #3581 ) ) ;
#5248 = DIRECTION ( 'NONE',  ( 0.000000000000000000, -1.000000000000000000, 0.000000000000000000 ) ) ;
#5249 = AXIS2_PLACEMENT_3D ( 'NONE', #3747, #6592, #5444 ) ;
#5250 = CARTESIAN_POINT ( 'NONE',  ( 6.999999999999999112, 1.001115694249792856E-15, 0.000000000000000000 ) ) ;
#5251 = CIRCLE ( 'NONE', #2548, 1.500000000000001110 ) ;
#5252 = AXIS2_PLACEMENT_3D ( 'NONE', #3727, #2665, #2415 ) ;
#5253 = EDGE_CURVE ( 'NONE', #2560, #5690, #5946, .T. ) ;
#5254 = AXIS2_PLACEMENT_3D ( 'NONE', #7515, #4638, #3490 ) ;
#5255 = CARTESIAN_POINT ( 'NONE',  ( 11.19640821446782120, 1.025167968987813186E-15, 0.000000000000000000 ) ) ;
#5256 = EDGE_LOOP ( 'NONE', ( #5412, #457, #2940, #7409, #6974, #4194 ) ) ;
#5257 = EDGE_CURVE ( 'NONE', #2853, #5998, #899, .T. ) ;
#5258 = AXIS2_PLACEMENT_3D ( 'NONE', #3267, #3925, #5625 ) ;
#5259 = DIRECTION ( 'NONE',  ( -1.000000000000000000, -1.224606353822377258E-16, -0.000000000000000000 ) ) ;
#5260 = AXIS2_PLACEMENT_3D ( 'NONE', #6331, #3400, #4524 ) ;
#5261 = VERTEX_POINT ( 'NONE', #5052 ) ;
#5262 = CARTESIAN_POINT ( 'NONE',  ( 1.300000000000000044, 0.000000000000000000, 0.000000000000000000 ) ) ;
#5263 = VERTEX_POINT ( 'NONE', #1484 ) ;
#5264 = CARTESIAN_POINT ( 'NONE',  ( 13.69640821446782297, -1.500000000000000222, 1.836970198721031413E-16 ) ) ;
#5265 = CARTESIAN_POINT ( 'NONE',  ( 1.300000000000000044, 1.543054966925665076E-16, -1.260000000000000009 ) ) ;
#5266 = ADVANCED_FACE ( 'NONE', ( #6752 ), #3111, .T. ) ;
#5267 = EDGE_CURVE ( 'NONE', #6169, #370, #2856, .T. ) ;
#5268 = CONICAL_SURFACE ( 'NONE', #6504, 1.219500000000001139, 0.9599310885968800333 ) ;
#5269 = CARTESIAN_POINT ( 'NONE',  ( 7.696408214467822084, 1.025167968987813186E-15, 0.000000000000000000 ) ) ;
#5270 = AXIS2_PLACEMENT_3D ( 'NONE', #829, #6142, #190 ) ;
#5271 = ADVANCED_FACE ( 'NONE', ( #1016 ), #7156, .T. ) ;
#5272 = EDGE_CURVE ( 'NONE', #4392, #2947, #782, .T. ) ;
#5273 = DIRECTION ( 'NONE',  ( 0.000000000000000000, -1.000000000000000000, 0.000000000000000000 ) ) ;
#5274 = ORIENTED_EDGE ( 'NONE', *, *, #2202, .F. ) ;
#5275 = CARTESIAN_POINT ( 'NONE',  ( 1.300000000000000044, 0.7274613391789312988, 1.260000000000000897 ) ) ;
#5276 = ORIENTED_EDGE ( 'NONE', *, *, #3746, .T. ) ;
#5277 = CARTESIAN_POINT ( 'NONE',  ( 5.696408214467822084, 1.025167968987813186E-15, 0.000000000000000000 ) ) ;
#5278 = DIRECTION ( 'NONE',  ( 0.000000000000000000, -1.000000000000000000, 0.000000000000000000 ) ) ;
#5279 = DIRECTION ( 'NONE',  ( 0.5735764363510434949, 0.8191520442889935749, 0.000000000000000000 ) ) ;
#5280 = DIRECTION ( 'NONE',  ( 0.000000000000000000, 0.000000000000000000, 1.000000000000000000 ) ) ;
#5281 = ORIENTED_EDGE ( 'NONE', *, *, #7411, .T. ) ;
#5282 = CARTESIAN_POINT ( 'NONE',  ( 9.803591785532175251, 9.770634195117721323E-16, 0.000000000000000000 ) ) ;
#5283 = ORIENTED_EDGE ( 'NONE', *, *, #5121, .T. ) ;
#5284 = DIRECTION ( 'NONE',  ( 0.000000000000000000, -1.000000000000000000, 0.000000000000000000 ) ) ;
#5285 = CARTESIAN_POINT ( 'NONE',  ( 6.303591785532174363, 9.770634195117721323E-16, 0.000000000000000000 ) ) ;
#5286 = CARTESIAN_POINT ( 'NONE',  ( 20.19640821446781942, 1.836970198721020073E-16, -1.500000000000001332 ) ) ;
#5287 = COLOUR_RGB ( '',1.000000000000000000, 0.9490196078431372140, 0.9098039215686274384 ) ;
#5288 = DIRECTION ( 'NONE',  ( -1.000000000000000000, -1.224606353822377258E-16, -0.000000000000000000 ) ) ;
#5289 = ORIENTED_EDGE ( 'NONE', *, *, #2768, .T. ) ;
#5290 = ORIENTED_EDGE ( 'NONE', *, *, #3849, .F. ) ;
#5291 = EDGE_CURVE ( 'NONE', #4303, #3611, #5066, .T. ) ;
#5292 = ORIENTED_EDGE ( 'NONE', *, *, #6167, .T. ) ;
#5293 = LINE ( 'NONE', #2983, #4452 ) ;
#5294 = DIRECTION ( 'NONE',  ( 0.000000000000000000, 0.000000000000000000, 1.000000000000000000 ) ) ;
#5295 = AXIS2_PLACEMENT_3D ( 'NONE', #6416, #1726, #611 ) ;
#5296 = LINE ( 'NONE', #6603, #6004 ) ;
#5297 = EDGE_LOOP ( 'NONE', ( #2629, #809, #91, #6664, #2820 ) ) ;
#5298 = DIRECTION ( 'NONE',  ( -1.000000000000000000, -1.224606353822377258E-16, -0.000000000000000000 ) ) ;
#5299 = AXIS2_PLACEMENT_3D ( 'NONE', #1866, #3476, #1793 ) ;
#5300 = ORIENTED_EDGE ( 'NONE', *, *, #1839, .T. ) ;
#5301 = VERTEX_POINT ( 'NONE', #7470 ) ;
#5302 = CARTESIAN_POINT ( 'NONE',  ( 7.303591785532175251, 9.770634195117721323E-16, 0.000000000000000000 ) ) ;
#5303 = ORIENTED_EDGE ( 'NONE', *, *, #3626, .F. ) ;
#5304 = DIRECTION ( 'NONE',  ( -0.5735764363510470476, -0.8191520442889912434, 0.000000000000000000 ) ) ;
#5305 = ORIENTED_EDGE ( 'NONE', *, *, #7137, .F. ) ;
#5306 = CARTESIAN_POINT ( 'NONE',  ( -31.74999999999995737, 0.000000000000000000, 0.000000000000000000 ) ) ;
#5307 = DIRECTION ( 'NONE',  ( -0.5735764363510470476, -0.8191520442889912434, 0.000000000000000000 ) ) ;
#5308 = FACE_OUTER_BOUND ( 'NONE', #1173, .T. ) ;
#5309 = ORIENTED_EDGE ( 'NONE', *, *, #1743, .T. ) ;
#5310 = EDGE_CURVE ( 'NONE', #2402, #4209, #3833, .T. ) ;
#5311 = EDGE_CURVE ( 'NONE', #994, #1620, #1019, .T. ) ;
#5312 = CIRCLE ( 'NONE', #401, 1.500000000000001110 ) ;
#5313 = DIRECTION ( 'NONE',  ( 0.000000000000000000, -1.000000000000000000, 0.000000000000000000 ) ) ;
#5314 = ORIENTED_EDGE ( 'NONE', *, *, #3015, .T. ) ;
#5315 = FACE_OUTER_BOUND ( 'NONE', #2127, .T. ) ;
#5316 = EDGE_CURVE ( 'NONE', #1587, #6450, #4828, .T. ) ;
#5317 = CARTESIAN_POINT ( 'NONE',  ( 13.19640821446782120, 1.025167968987813186E-15, 0.000000000000000000 ) ) ;
#5318 = VECTOR ( 'NONE', #5957, 1000.000000000000000 ) ;
#5319 = CARTESIAN_POINT ( 'NONE',  ( 12.80359178553217525, 9.770634195117721323E-16, 0.000000000000000000 ) ) ;
#5320 = ORIENTED_EDGE ( 'NONE', *, *, #2854, .T. ) ;
#5321 = DIRECTION ( 'NONE',  ( -1.000000000000000000, -1.224606353822377258E-16, -0.000000000000000000 ) ) ;
#5322 = EDGE_LOOP ( 'NONE', ( #164, #7428, #1292, #5199, #5440 ) ) ;
#5323 = EDGE_CURVE ( 'NONE', #7342, #5533, #3605, .T. ) ;
#5324 = EDGE_CURVE ( 'NONE', #4988, #2108, #303, .T. ) ;
#5325 = CARTESIAN_POINT ( 'NONE',  ( -31.74999999999995737, 1.836970198721029441E-16, -1.499999999999999556 ) ) ;
#5326 = ORIENTED_EDGE ( 'NONE', *, *, #2775, .F. ) ;
#5327 = VECTOR ( 'NONE', #6348, 1000.000000000000000 ) ;
#5328 = CIRCLE ( 'NONE', #5809, 1.500000000000001110 ) ;
#5329 = CYLINDRICAL_SURFACE ( 'NONE', #2986, 1.499999999999999556 ) ;
#5330 = CARTESIAN_POINT ( 'NONE',  ( 9.303591785532175251, -1.499999999999999778, 0.000000000000000000 ) ) ;
#5331 = CARTESIAN_POINT ( 'NONE',  ( 9.999999999999998224, 1.001115694249792856E-15, 0.000000000000000000 ) ) ;
#5332 = AXIS2_PLACEMENT_3D ( 'NONE', #5829, #4085, #7085 ) ;
#5333 = EDGE_LOOP ( 'NONE', ( #1536, #7526, #6729, #5774, #6617 ) ) ;
#5334 = CARTESIAN_POINT ( 'NONE',  ( -31.74999999999995737, 0.000000000000000000, 0.000000000000000000 ) ) ;
#5335 = VERTEX_POINT ( 'NONE', #7390 ) ;
#5336 = ORIENTED_EDGE ( 'NONE', *, *, #6158, .T. ) ;
#5337 = ORIENTED_EDGE ( 'NONE', *, *, #5685, .T. ) ;
#5338 = DIRECTION ( 'NONE',  ( 0.000000000000000000, -1.000000000000000000, 0.000000000000000000 ) ) ;
#5339 = AXIS2_PLACEMENT_3D ( 'NONE', #3613, #6537, #5426 ) ;
#5340 = DIRECTION ( 'NONE',  ( 0.000000000000000000, 0.000000000000000000, 1.000000000000000000 ) ) ;
#5341 = AXIS2_PLACEMENT_3D ( 'NONE', #3229, #5546, #289 ) ;
#5342 = DIRECTION ( 'NONE',  ( -1.000000000000000000, -0.000000000000000000, -0.000000000000000000 ) ) ;
#5343 = EDGE_LOOP ( 'NONE', ( #3210, #5281, #5091, #3721, #5537 ) ) ;
#5344 = VECTOR ( 'NONE', #3907, 1000.000000000000000 ) ;
#5345 = CARTESIAN_POINT ( 'NONE',  ( 22.69640821446782297, -1.155557966632341512E-30, 1.500000000000001332 ) ) ;
#5346 = ORIENTED_EDGE ( 'NONE', *, *, #1554, .T. ) ;
#5347 = LINE ( 'NONE', #4147, #508 ) ;
#5348 = CARTESIAN_POINT ( 'NONE',  ( 10.19640821446782297, -1.500000000000000222, 1.836970198721031413E-16 ) ) ;
#5349 = SURFACE_STYLE_USAGE ( .BOTH. , #4187 ) ;
#5350 = EDGE_CURVE ( 'NONE', #2376, #431, #1511, .T. ) ;
#5351 = CARTESIAN_POINT ( 'NONE',  ( 16.80359178553217347, 9.770634195117721323E-16, 0.000000000000000000 ) ) ;
#5352 = ORIENTED_EDGE ( 'NONE', *, *, #5267, .T. ) ;
#5353 = FACE_OUTER_BOUND ( 'NONE', #5322, .T. ) ;
#5354 = VERTEX_POINT ( 'NONE', #978 ) ;
#5355 = DIRECTION ( 'NONE',  ( -1.000000000000000000, -1.224606353822377258E-16, -0.000000000000000000 ) ) ;
#5356 = DIRECTION ( 'NONE',  ( 0.5735764363510437169, -0.8191520442889933529, 1.003171929053526719E-16 ) ) ;
#5357 = EDGE_CURVE ( 'NONE', #3021, #6417, #3319, .T. ) ;
#5358 = DIRECTION ( 'NONE',  ( -1.000000000000000000, -1.224606353822377258E-16, -0.000000000000000000 ) ) ;
#5359 = DIRECTION ( 'NONE',  ( 1.000000000000000000, 1.224606353822377258E-16, 0.000000000000000000 ) ) ;
#5360 = ORIENTED_EDGE ( 'NONE', *, *, #373, .F. ) ;
#5361 = ADVANCED_FACE ( 'NONE', ( #7009 ), #2244, .T. ) ;
#5362 = FACE_OUTER_BOUND ( 'NONE', #1392, .T. ) ;
#5363 = ORIENTED_EDGE ( 'NONE', *, *, #476, .T. ) ;
#5364 = CARTESIAN_POINT ( 'NONE',  ( 1.300000000000000044, 1.454922678357858157, -9.757819552369539906E-16 ) ) ;
#5365 = AXIS2_PLACEMENT_3D ( 'NONE', #2116, #2151, #4466 ) ;
#5366 = FACE_OUTER_BOUND ( 'NONE', #5188, .T. ) ;
#5367 = EDGE_CURVE ( 'NONE', #5068, #1587, #5328, .T. ) ;
#5368 = EDGE_CURVE ( 'NONE', #2524, #6383, #3396, .T. ) ;
#5369 = CARTESIAN_POINT ( 'NONE',  ( 6.499999999999999112, -1.219500000000000028, 0.000000000000000000 ) ) ;
#5370 = CARTESIAN_POINT ( 'NONE',  ( -31.74999999999995737, 1.836970198721029441E-16, -1.499999999999999556 ) ) ;
#5371 = ORIENTED_EDGE ( 'NONE', *, *, #6079, .F. ) ;
#5372 = ORIENTED_EDGE ( 'NONE', *, *, #1174, .F. ) ;
#5373 = VECTOR ( 'NONE', #625, 1000.000000000000000 ) ;
#5374 = ORIENTED_EDGE ( 'NONE', *, *, #6910, .F. ) ;
#5375 = CARTESIAN_POINT ( 'NONE',  ( 9.696408214467822972, 1.025167968987813186E-15, 0.000000000000000000 ) ) ;
#5376 = LINE ( 'NONE', #685, #1782 ) ;
#5377 = VECTOR ( 'NONE', #1654, 1000.000000000000000 ) ;
#5378 = CARTESIAN_POINT ( 'NONE',  ( 6.696408214467821196, -1.155557966632341512E-30, 1.500000000000001332 ) ) ;
#5379 = ORIENTED_EDGE ( 'NONE', *, *, #6027, .F. ) ;
#5380 = CARTESIAN_POINT ( 'NONE',  ( 14.80359178553217525, 9.770634195117721323E-16, 0.000000000000000000 ) ) ;
#5381 = ORIENTED_EDGE ( 'NONE', *, *, #618, .F. ) ;
#5382 = VECTOR ( 'NONE', #7241, 1000.000000000000000 ) ;
#5383 = CIRCLE ( 'NONE', #6241, 1.499999999999999556 ) ;
#5384 = AXIS2_PLACEMENT_3D ( 'NONE', #367, #2780, #3999 ) ;
#5385 = AXIS2_PLACEMENT_3D ( 'NONE', #1297, #1342, #3525 ) ;
#5386 = CARTESIAN_POINT ( 'NONE',  ( 17.80359178553217347, -1.155557966632341512E-30, 1.500000000000001332 ) ) ;
#5387 = DIRECTION ( 'NONE',  ( 0.000000000000000000, -1.000000000000000000, 0.000000000000000000 ) ) ;
#5388 = AXIS2_PLACEMENT_3D ( 'NONE', #6663, #1397, #2007 ) ;
#5389 = AXIS2_PLACEMENT_3D ( 'NONE', #3284, #374, #7475 ) ;
#5390 = CARTESIAN_POINT ( 'NONE',  ( 1.300000000000000044, -0.7274613391789266359, 1.260000000000003118 ) ) ;
#5391 = ORIENTED_EDGE ( 'NONE', *, *, #6496, .F. ) ;
#5392 = DIRECTION ( 'NONE',  ( 0.000000000000000000, -1.000000000000000000, 0.000000000000000000 ) ) ;
#5393 = ORIENTED_EDGE ( 'NONE', *, *, #3453, .F. ) ;
#5394 = EDGE_CURVE ( 'NONE', #4155, #6121, #2494, .T. ) ;
#5395 = VERTEX_POINT ( 'NONE', #6364 ) ;
#5396 = AXIS2_PLACEMENT_3D ( 'NONE', #4712, #5911, #2401 ) ;
#5397 = DIRECTION ( 'NONE',  ( 0.000000000000000000, 0.000000000000000000, 1.000000000000000000 ) ) ;
#5398 = LINE ( 'NONE', #5648, #4758 ) ;
#5399 = AXIS2_PLACEMENT_3D ( 'NONE', #428, #2113, #3916 ) ;
#5400 = CARTESIAN_POINT ( 'NONE',  ( 10.19640821446782297, -1.155557966632341512E-30, 1.500000000000001332 ) ) ;
#5401 = ORIENTED_EDGE ( 'NONE', *, *, #7239, .F. ) ;
#5402 = DIRECTION ( 'NONE',  ( -1.000000000000000000, -1.224606353822377258E-16, -0.000000000000000000 ) ) ;
#5403 = ORIENTED_EDGE ( 'NONE', *, *, #6489, .T. ) ;
#5404 = EDGE_CURVE ( 'NONE', #977, #5335, #6555, .T. ) ;
#5405 = CARTESIAN_POINT ( 'NONE',  ( 21.50000000000000000, 1.219500000000002249, 1.493456771560198551E-16 ) ) ;
#5406 = DIRECTION ( 'NONE',  ( -1.000000000000000000, -1.224606353822377258E-16, -0.000000000000000000 ) ) ;
#5407 = CARTESIAN_POINT ( 'NONE',  ( 1.300000000000000044, -1.454922678357857047, 3.035766082959412415E-15 ) ) ;
#5408 = FACE_OUTER_BOUND ( 'NONE', #4467, .T. ) ;
#5409 = EDGE_LOOP ( 'NONE', ( #1099, #5661, #2790, #5513, #5913 ) ) ;
#5410 = EDGE_LOOP ( 'NONE', ( #2328, #1408, #5658, #1754, #6239 ) ) ;
#5411 = ADVANCED_FACE ( 'NONE', ( #2857 ), #5329, .T. ) ;
#5412 = ORIENTED_EDGE ( 'NONE', *, *, #4743, .F. ) ;
#5413 = ADVANCED_FACE ( 'NONE', ( #4744 ), #7523, .T. ) ;
#5414 = VERTEX_POINT ( 'NONE', #7581 ) ;
#5415 = DIRECTION ( 'NONE',  ( 0.000000000000000000, -1.000000000000000000, 0.000000000000000000 ) ) ;
#5416 = LINE ( 'NONE', #156, #1382 ) ;
#5417 = ADVANCED_FACE ( 'NONE', ( #6516 ), #5204, .F. ) ;
#5418 = ADVANCED_FACE ( 'NONE', ( #1209 ), #593, .T. ) ;
#5419 = DIRECTION ( 'NONE',  ( 0.000000000000000000, -1.000000000000000000, 0.000000000000000000 ) ) ;
#5420 = ORIENTED_EDGE ( 'NONE', *, *, #5466, .F. ) ;
#5421 = CIRCLE ( 'NONE', #5656, 1.500000000000001110 ) ;
#5422 = DIRECTION ( 'NONE',  ( 0.000000000000000000, -1.000000000000000000, 0.000000000000000000 ) ) ;
#5423 = EDGE_LOOP ( 'NONE', ( #34, #1106, #2873, #7061, #1723, #3179 ) ) ;
#5424 = CIRCLE ( 'NONE', #5041, 1.500000000000001110 ) ;
#5425 = DIRECTION ( 'NONE',  ( -1.000000000000000000, -0.000000000000000000, -0.000000000000000000 ) ) ;
#5426 = DIRECTION ( 'NONE',  ( 0.000000000000000000, -1.000000000000000000, 0.000000000000000000 ) ) ;
#5427 = AXIS2_PLACEMENT_3D ( 'NONE', #1289, #4625, #1212 ) ;
#5428 = CARTESIAN_POINT ( 'NONE',  ( 19.69640821446782297, -1.155557966632341512E-30, 1.500000000000001332 ) ) ;
#5429 = ORIENTED_EDGE ( 'NONE', *, *, #6085, .T. ) ;
#5430 = DIRECTION ( 'NONE',  ( -1.000000000000000000, -1.224606353822377258E-16, -0.000000000000000000 ) ) ;
#5431 = VERTEX_POINT ( 'NONE', #4003 ) ;
#5432 = AXIS2_PLACEMENT_3D ( 'NONE', #2706, #2822, #410 ) ;
#5433 = CARTESIAN_POINT ( 'NONE',  ( 7.196408214467821196, 1.025167968987813186E-15, 0.000000000000000000 ) ) ;
#5434 = EDGE_CURVE ( 'NONE', #191, #181, #907, .T. ) ;
#5435 = DIRECTION ( 'NONE',  ( 0.000000000000000000, -1.000000000000000000, 0.000000000000000000 ) ) ;
#5436 = CIRCLE ( 'NONE', #4567, 1.500000000000001110 ) ;
#5437 = DIRECTION ( 'NONE',  ( 1.000000000000000000, 1.224606353822377258E-16, 0.000000000000000000 ) ) ;
#5438 = VERTEX_POINT ( 'NONE', #25 ) ;
#5439 = CARTESIAN_POINT ( 'NONE',  ( 1.300000000000000044, -1.454922678357857047, 3.035766082959412415E-15 ) ) ;
#5440 = ORIENTED_EDGE ( 'NONE', *, *, #803, .T. ) ;
#5441 = DIRECTION ( 'NONE',  ( -1.000000000000000000, -1.224606353822377258E-16, -0.000000000000000000 ) ) ;
#5442 = AXIS2_PLACEMENT_3D ( 'NONE', #1800, #1677, #4134 ) ;
#5443 = CARTESIAN_POINT ( 'NONE',  ( 10.49999999999999822, 1.001115694249792856E-15, 0.000000000000000000 ) ) ;
#5444 = DIRECTION ( 'NONE',  ( 0.000000000000000000, -1.000000000000000000, 0.000000000000000000 ) ) ;
#5445 = DIRECTION ( 'NONE',  ( -0.5735764363510470476, -0.8191520442889912434, 0.000000000000000000 ) ) ;
#5446 = ORIENTED_EDGE ( 'NONE', *, *, #1086, .F. ) ;
#5447 = AXIS2_PLACEMENT_3D ( 'NONE', #2041, #6168, #5583 ) ;
#5448 = CARTESIAN_POINT ( 'NONE',  ( 3.099999999999998757, 1.959434878635764737E-16, 1.599999999999999645 ) ) ;
#5449 = ORIENTED_EDGE ( 'NONE', *, *, #5272, .T. ) ;
#5450 = ORIENTED_EDGE ( 'NONE', *, *, #1924, .T. ) ;
#5451 = CARTESIAN_POINT ( 'NONE',  ( 1.300000000000000044, -1.454922678357857047, 3.035766082959412415E-15 ) ) ;
#5452 = DIRECTION ( 'NONE',  ( 0.000000000000000000, -1.000000000000000000, 0.000000000000000000 ) ) ;
#5453 = AXIS2_PLACEMENT_3D ( 'NONE', #6013, #6092, #2461 ) ;
#5454 = CIRCLE ( 'NONE', #2250, 1.500000000000001110 ) ;
#5455 = ADVANCED_FACE ( 'NONE', ( #2936 ), #6429, .T. ) ;
#5456 = AXIS2_PLACEMENT_3D ( 'NONE', #4784, #6553, #588 ) ;
#5457 = CARTESIAN_POINT ( 'NONE',  ( -31.74999999999995737, 0.000000000000000000, 0.000000000000000000 ) ) ;
#5458 = ORIENTED_EDGE ( 'NONE', *, *, #5497, .T. ) ;
#5459 = CONICAL_SURFACE ( 'NONE', #1523, 1.500000000000001110, 0.9599310885968842522 ) ;
#5460 = DIRECTION ( 'NONE',  ( 0.000000000000000000, -1.000000000000000000, 1.043274026900804680E-15 ) ) ;
#5461 = EDGE_CURVE ( 'NONE', #6213, #4866, #1518, .T. ) ;
#5462 = ORIENTED_EDGE ( 'NONE', *, *, #2539, .T. ) ;
#5463 = DIRECTION ( 'NONE',  ( -1.000000000000000000, -1.224606353822377258E-16, -0.000000000000000000 ) ) ;
#5464 = CIRCLE ( 'NONE', #4720, 1.500000000000001110 ) ;
#5465 = CARTESIAN_POINT ( 'NONE',  ( 10.69640821446782120, 1.500000000000001998, 0.000000000000000000 ) ) ;
#5466 = EDGE_CURVE ( 'NONE', #2616, #2636, #5165, .T. ) ;
#5467 = EDGE_CURVE ( 'NONE', #1456, #1182, #2357, .T. ) ;
#5468 = LINE ( 'NONE', #1849, #6485 ) ;
#5469 = EDGE_LOOP ( 'NONE', ( #1308, #1384, #1712, #2018, #5080 ) ) ;
#5470 = DIRECTION ( 'NONE',  ( 0.000000000000000000, 0.000000000000000000, 1.000000000000000000 ) ) ;
#5471 = ORIENTED_EDGE ( 'NONE', *, *, #1644, .T. ) ;
#5472 = DIRECTION ( 'NONE',  ( 0.000000000000000000, -1.000000000000000000, 0.000000000000000000 ) ) ;
#5473 = CARTESIAN_POINT ( 'NONE',  ( 11.50000000000000000, 1.001115694249792856E-15, 0.000000000000000000 ) ) ;
#5474 = DIRECTION ( 'NONE',  ( -1.000000000000000000, -1.224606353822377258E-16, -0.000000000000000000 ) ) ;
#5475 = ORIENTED_EDGE ( 'NONE', *, *, #2901, .T. ) ;
#5476 = DIRECTION ( 'NONE',  ( 0.000000000000000000, -1.000000000000000000, 0.000000000000000000 ) ) ;
#5477 = VERTEX_POINT ( 'NONE', #1093 ) ;
#5478 = CARTESIAN_POINT ( 'NONE',  ( 14.49999999999999822, 1.219500000000002249, 1.493456771560198551E-16 ) ) ;
#5479 = CYLINDRICAL_SURFACE ( 'NONE', #1703, 1.499999999999999556 ) ;
#5480 = CONICAL_SURFACE ( 'NONE', #3305, 1.219500000000001139, 0.9599310885968800333 ) ;
#5481 = CARTESIAN_POINT ( 'NONE',  ( 16.30359178553217347, 1.500000000000007327, 1.836970198721037576E-16 ) ) ;
#5482 = CARTESIAN_POINT ( 'NONE',  ( 20.80359178553217703, 9.770634195117721323E-16, 0.000000000000000000 ) ) ;
#5483 = VERTEX_POINT ( 'NONE', #3437 ) ;
#5484 = CARTESIAN_POINT ( 'NONE',  ( 5.803591785532175251, -1.499999999999999778, 0.000000000000000000 ) ) ;
#5485 = VERTEX_POINT ( 'NONE', #1713 ) ;
#5486 = EDGE_CURVE ( 'NONE', #4241, #7296, #2862, .T. ) ;
#5487 = DIRECTION ( 'NONE',  ( -1.000000000000000000, -1.224606353822377258E-16, -0.000000000000000000 ) ) ;
#5488 = DIRECTION ( 'NONE',  ( -1.000000000000000000, -1.224606353822377258E-16, -0.000000000000000000 ) ) ;
#5489 = DIRECTION ( 'NONE',  ( 1.000000000000000000, 1.224606353822377258E-16, 0.000000000000000000 ) ) ;
#5490 = ORIENTED_EDGE ( 'NONE', *, *, #434, .T. ) ;
#5491 = DIRECTION ( 'NONE',  ( 0.000000000000000000, -1.000000000000000000, 0.000000000000000000 ) ) ;
#5492 = ORIENTED_EDGE ( 'NONE', *, *, #2247, .F. ) ;
#5493 = EDGE_CURVE ( 'NONE', #4903, #4083, #5573, .T. ) ;
#5494 = DIRECTION ( 'NONE',  ( 0.000000000000000000, -1.000000000000000000, 0.000000000000000000 ) ) ;
#5495 = LINE ( 'NONE', #6759, #2748 ) ;
#5496 = AXIS2_PLACEMENT_3D ( 'NONE', #6996, #2304, #4614 ) ;
#5497 = EDGE_CURVE ( 'NONE', #2921, #191, #6024, .T. ) ;
#5498 = CIRCLE ( 'NONE', #6479, 1.500000000000001110 ) ;
#5499 = CONICAL_SURFACE ( 'NONE', #717, 1.219500000000001139, 0.9599310885968800333 ) ;
#5500 = DIRECTION ( 'NONE',  ( -1.000000000000000000, -1.224606353822377258E-16, -0.000000000000000000 ) ) ;
#5501 = ORIENTED_EDGE ( 'NONE', *, *, #6119, .T. ) ;
#5502 = AXIS2_PLACEMENT_3D ( 'NONE', #6470, #7045, #4118 ) ;
#5503 = DIRECTION ( 'NONE',  ( -1.000000000000000000, -1.224606353822377258E-16, -0.000000000000000000 ) ) ;
#5504 = ORIENTED_EDGE ( 'NONE', *, *, #3946, .F. ) ;
#5505 = EDGE_CURVE ( 'NONE', #5804, #2008, #3163, .T. ) ;
#5506 = EDGE_CURVE ( 'NONE', #2372, #3185, #4323, .T. ) ;
#5507 = AXIS2_PLACEMENT_3D ( 'NONE', #2776, #3311, #4547 ) ;
#5508 = CARTESIAN_POINT ( 'NONE',  ( 15.80359178553217347, 1.836970198721020813E-16, -1.500000000000001332 ) ) ;
#5509 = CIRCLE ( 'NONE', #4768, 1.500000000000001110 ) ;
#5510 = ADVANCED_FACE ( 'NONE', ( #6667 ), #2500, .T. ) ;
#5511 = FACE_OUTER_BOUND ( 'NONE', #1012, .T. ) ;
#5512 = CARTESIAN_POINT ( 'NONE',  ( -31.74999999999995737, 0.000000000000000000, 1.499999999999999556 ) ) ;
#5513 = ORIENTED_EDGE ( 'NONE', *, *, #5827, .T. ) ;
#5514 = EDGE_CURVE ( 'NONE', #4510, #2221, #183, .T. ) ;
#5516 = DIRECTION ( 'NONE',  ( 1.000000000000000000, 0.000000000000000000, 0.000000000000000000 ) ) ;
#5515 = AXIS2_PLACEMENT_3D ( 'NONE', #6244, #2737, #5085 ) ;
#5517 = ORIENTED_EDGE ( 'NONE', *, *, #3193, .F. ) ;
#5518 = AXIS2_PLACEMENT_3D ( 'NONE', #4977, #6792, #4411 ) ;
#5519 = CARTESIAN_POINT ( 'NONE',  ( 12.49999999999999822, 1.219500000000002249, 0.000000000000000000 ) ) ;
#5520 = DIRECTION ( 'NONE',  ( -1.000000000000000000, -1.224606353822377258E-16, -0.000000000000000000 ) ) ;
#5521 = VECTOR ( 'NONE', #5356, 1000.000000000000227 ) ;
#5522 = AXIS2_PLACEMENT_3D ( 'NONE', #4365, #6671, #4863 ) ;
#5523 = DIRECTION ( 'NONE',  ( 0.000000000000000000, 0.000000000000000000, 1.000000000000000000 ) ) ;
#5524 = CARTESIAN_POINT ( 'NONE',  ( 23.00000000000000000, 0.000000000000000000, 1.219500000000000028 ) ) ;
#5525 = ORIENTED_EDGE ( 'NONE', *, *, #3386, .F. ) ;
#5526 = FACE_OUTER_BOUND ( 'NONE', #3458, .T. ) ;
#5527 = VERTEX_POINT ( 'NONE', #3130 ) ;
#5528 = DIRECTION ( 'NONE',  ( 0.000000000000000000, -1.000000000000000000, 0.000000000000000000 ) ) ;
#5529 = CARTESIAN_POINT ( 'NONE',  ( -31.74999999999995737, 0.000000000000000000, 0.000000000000000000 ) ) ;
#5530 = DIRECTION ( 'NONE',  ( 1.000000000000000000, 0.000000000000000000, 0.000000000000000000 ) ) ;
#5531 = VERTEX_POINT ( 'NONE', #260 ) ;
#5532 = EDGE_CURVE ( 'NONE', #3401, #3983, #790, .T. ) ;
#5533 = VERTEX_POINT ( 'NONE', #3664 ) ;
#5534 = DIRECTION ( 'NONE',  ( 0.000000000000000000, -1.000000000000000000, 0.000000000000000000 ) ) ;
#5535 = CARTESIAN_POINT ( 'NONE',  ( 17.00000000000000000, -1.219500000000000028, 1.665213485140615106E-16 ) ) ;
#5536 = CARTESIAN_POINT ( 'NONE',  ( 9.696408214467822972, 1.025167968987813186E-15, 0.000000000000000000 ) ) ;
#5537 = ORIENTED_EDGE ( 'NONE', *, *, #3067, .F. ) ;
#5538 = CARTESIAN_POINT ( 'NONE',  ( 1.300000000000000044, 0.7274613391789273020, -1.260000000000000675 ) ) ;
#5539 = ORIENTED_EDGE ( 'NONE', *, *, #4188, .T. ) ;
#5540 = DIRECTION ( 'NONE',  ( -1.000000000000000000, -1.224606353822377258E-16, -0.000000000000000000 ) ) ;
#5541 = CIRCLE ( 'NONE', #24, 1.500000000000001110 ) ;
#5542 = EDGE_CURVE ( 'NONE', #5544, #1196, #7519, .T. ) ;
#5543 = CYLINDRICAL_SURFACE ( 'NONE', #7457, 1.499999999999999556 ) ;
#5544 = VERTEX_POINT ( 'NONE', #5519 ) ;
#5545 = AXIS2_PLACEMENT_3D ( 'NONE', #4870, #4833, #4252 ) ;
#5546 = DIRECTION ( 'NONE',  ( -1.000000000000000000, -1.224606353822377258E-16, -0.000000000000000000 ) ) ;
#5547 = VERTEX_POINT ( 'NONE', #3744 ) ;
#5548 = EDGE_LOOP ( 'NONE', ( #1659, #5602, #280, #4727, #2576 ) ) ;
#5549 = EDGE_CURVE ( 'NONE', #1298, #5477, #6681, .T. ) ;
#5550 = DIRECTION ( 'NONE',  ( -1.000000000000000000, -0.000000000000000000, -0.000000000000000000 ) ) ;
#5551 = CARTESIAN_POINT ( 'NONE',  ( 21.50000000000000000, 1.001115694249792856E-15, 0.000000000000000000 ) ) ;
#5552 = AXIS2_PLACEMENT_3D ( 'NONE', #3497, #4875, #5494 ) ;
#5553 = ADVANCED_FACE ( 'NONE', ( #3089 ), #2129, .T. ) ;
#5554 = DIRECTION ( 'NONE',  ( -1.000000000000000000, -1.224606353822377258E-16, -0.000000000000000000 ) ) ;
#5555 = ADVANCED_FACE ( 'NONE', ( #824 ), #4204, .T. ) ;
#5556 = VERTEX_POINT ( 'NONE', #5947 ) ;
#5557 = DIRECTION ( 'NONE',  ( -1.000000000000000000, -1.224606353822377258E-16, -0.000000000000000000 ) ) ;
#5558 = ORIENTED_EDGE ( 'NONE', *, *, #4511, .F. ) ;
#5559 = CARTESIAN_POINT ( 'NONE',  ( 11.50000000000000000, 1.001115694249792856E-15, 0.000000000000000000 ) ) ;
#5560 = ORIENTED_EDGE ( 'NONE', *, *, #1702, .T. ) ;
#5561 = ORIENTED_EDGE ( 'NONE', *, *, #2070, .T. ) ;
#5562 = AXIS2_PLACEMENT_3D ( 'NONE', #4717, #4673, #5338 ) ;
#5563 = CARTESIAN_POINT ( 'NONE',  ( 22.30359178553217703, 9.770634195117721323E-16, 0.000000000000000000 ) ) ;
#5564 = LINE ( 'NONE', #7250, #5173 ) ;
#5565 = AXIS2_PLACEMENT_3D ( 'NONE', #7114, #5899, #6544 ) ;
#5566 = AXIS2_PLACEMENT_3D ( 'NONE', #3828, #6186, #6334 ) ;
#5567 = CARTESIAN_POINT ( 'NONE',  ( 12.30359178553217525, 9.770634195117721323E-16, 0.000000000000000000 ) ) ;
#5568 = ORIENTED_EDGE ( 'NONE', *, *, #6975, .F. ) ;
#5569 = VERTEX_POINT ( 'NONE', #5364 ) ;
#5570 = DIRECTION ( 'NONE',  ( -1.000000000000000000, -1.224606353822377258E-16, -0.000000000000000000 ) ) ;
#5571 = AXIS2_PLACEMENT_3D ( 'NONE', #2133, #6823, #6253 ) ;
#5572 = DIRECTION ( 'NONE',  ( 0.000000000000000000, 0.000000000000000000, 1.000000000000000000 ) ) ;
#5573 = CIRCLE ( 'NONE', #4091, 1.500000000000001110 ) ;
#5574 = DIRECTION ( 'NONE',  ( 0.000000000000000000, -1.000000000000000000, 0.000000000000000000 ) ) ;
#5575 = ORIENTED_EDGE ( 'NONE', *, *, #5394, .T. ) ;
#5576 = DIRECTION ( 'NONE',  ( 0.000000000000000000, -1.000000000000000000, 0.000000000000000000 ) ) ;
#5577 = ORIENTED_EDGE ( 'NONE', *, *, #2161, .T. ) ;
#5578 = EDGE_CURVE ( 'NONE', #5301, #6143, #2514, .T. ) ;
#5579 = VECTOR ( 'NONE', #2531, 1000.000000000000000 ) ;
#5580 = CARTESIAN_POINT ( 'NONE',  ( 1.300000000000000044, 2.182384017536784349, -1.260000000000002229 ) ) ;
#5581 = CARTESIAN_POINT ( 'NONE',  ( 1.300000000000000044, 1.454922678357858157, -9.757819552369539906E-16 ) ) ;
#5582 = ORIENTED_EDGE ( 'NONE', *, *, #168, .T. ) ;
#5583 = DIRECTION ( 'NONE',  ( 0.000000000000000000, -1.000000000000000000, 0.000000000000000000 ) ) ;
#5584 = ORIENTED_EDGE ( 'NONE', *, *, #4468, .T. ) ;
#5585 = EDGE_LOOP ( 'NONE', ( #5244, #6991, #6408, #3840, #1235, #6360 ) ) ;
#5586 = EDGE_CURVE ( 'NONE', #5724, #5068, #6310, .T. ) ;
#5587 = DIRECTION ( 'NONE',  ( 0.000000000000000000, -1.000000000000000000, 0.000000000000000000 ) ) ;
#5588 = DIRECTION ( 'NONE',  ( -1.000000000000000000, -1.224606353822377258E-16, -0.000000000000000000 ) ) ;
#5589 = LINE ( 'NONE', #5120, #709 ) ;
#5590 = EDGE_CURVE ( 'NONE', #3440, #1483, #3358, .T. ) ;
#5591 = ORIENTED_EDGE ( 'NONE', *, *, #7189, .T. ) ;
#5592 = CARTESIAN_POINT ( 'NONE',  ( 5.696408214467822084, 1.500000000000002220, 0.000000000000000000 ) ) ;
#5593 = ORIENTED_EDGE ( 'NONE', *, *, #4792, .T. ) ;
#5594 = CARTESIAN_POINT ( 'NONE',  ( 5.500000000000000000, -1.219500000000000028, 0.000000000000000000 ) ) ;
#5595 = ORIENTED_EDGE ( 'NONE', *, *, #5734, .F. ) ;
#5596 = EDGE_CURVE ( 'NONE', #3698, #2853, #3052, .T. ) ;
#5597 = DIRECTION ( 'NONE',  ( 1.000000000000000000, 1.224606353822377258E-16, 0.000000000000000000 ) ) ;
#5598 = ADVANCED_FACE ( 'NONE', ( #2473 ), #7163, .T. ) ;
#5599 = CARTESIAN_POINT ( 'NONE',  ( 12.69640821446782120, 1.500000000000002220, 0.000000000000000000 ) ) ;
#5600 = DIRECTION ( 'NONE',  ( -1.000000000000000000, -0.000000000000000000, -0.000000000000000000 ) ) ;
#5601 = ORIENTED_EDGE ( 'NONE', *, *, #5505, .T. ) ;
#5602 = ORIENTED_EDGE ( 'NONE', *, *, #4263, .T. ) ;
#5603 = CARTESIAN_POINT ( 'NONE',  ( 9.196408214467821196, -1.155557966632341512E-30, 1.500000000000001332 ) ) ;
#5604 = CARTESIAN_POINT ( 'NONE',  ( 19.99999999999999645, 1.001115694249792856E-15, 0.000000000000000000 ) ) ;
#5605 = AXIS2_PLACEMENT_3D ( 'NONE', #3917, #6273, #5110 ) ;
#5606 = CARTESIAN_POINT ( 'NONE',  ( 9.000000000000000000, 1.219500000000002249, 1.493456771560198551E-16 ) ) ;
#5607 = EDGE_LOOP ( 'NONE', ( #196, #6437, #6826, #7388, #2534, #2119 ) ) ;
#5608 = DIRECTION ( 'NONE',  ( -0.5735764363510472696, 0.8191520442889909104, 1.003171929053523884E-16 ) ) ;
#5609 = ORIENTED_EDGE ( 'NONE', *, *, #987, .F. ) ;
#5610 = AXIS2_PLACEMENT_3D ( 'NONE', #2386, #3545, #698 ) ;
#5611 = LINE ( 'NONE', #5031, #1066 ) ;
#5612 = VECTOR ( 'NONE', #4993, 1000.000000000000000 ) ;
#5613 = CARTESIAN_POINT ( 'NONE',  ( 20.30359178553217703, 9.770634195117721323E-16, 0.000000000000000000 ) ) ;
#5614 = AXIS2_PLACEMENT_3D ( 'NONE', #7522, #3341, #7446 ) ;
#5615 = AXIS2_PLACEMENT_3D ( 'NONE', #3656, #2467, #5435 ) ;
#5616 = DIRECTION ( 'NONE',  ( 0.5735764363510437169, -0.8191520442889933529, 1.003171929053526719E-16 ) ) ;
#5617 = ORIENTED_EDGE ( 'NONE', *, *, #338, .T. ) ;
#5618 = ADVANCED_FACE ( 'NONE', ( #6589 ), #2742, .T. ) ;
#5619 = LINE ( 'NONE', #3920, #5945 ) ;
#5620 = ORIENTED_EDGE ( 'NONE', *, *, #1311, .T. ) ;
#5621 = VERTEX_POINT ( 'NONE', #2549 ) ;
#5622 = CIRCLE ( 'NONE', #1205, 1.500000000000001110 ) ;
#5623 = CARTESIAN_POINT ( 'NONE',  ( 18.69640821446782297, 1.836970198721020073E-16, -1.500000000000001332 ) ) ;
#5624 = CONICAL_SURFACE ( 'NONE', #847, 1.219500000000001139, 0.9599310885968800333 ) ;
#5625 = DIRECTION ( 'NONE',  ( 0.000000000000000000, -1.000000000000000000, 0.000000000000000000 ) ) ;
#5626 = CARTESIAN_POINT ( 'NONE',  ( 19.00000000000000000, -1.219500000000000028, 1.665213485140615106E-16 ) ) ;
#5627 = TOROIDAL_SURFACE ( 'NONE', #5507, 2.449999999999999734, 0.2999999999999999889 ) ;
#5628 = VECTOR ( 'NONE', #2509, 1000.000000000000227 ) ;
#5629 = DIRECTION ( 'NONE',  ( -1.000000000000000000, -1.224606353822377258E-16, -0.000000000000000000 ) ) ;
#5630 = VERTEX_POINT ( 'NONE', #3777 ) ;
#5631 = EDGE_CURVE ( 'NONE', #5531, #7205, #2734, .T. ) ;
#5632 = CIRCLE ( 'NONE', #5389, 1.500000000000001110 ) ;
#5633 = CARTESIAN_POINT ( 'NONE',  ( 20.80359178553217703, 9.770634195117721323E-16, 0.000000000000000000 ) ) ;
#5634 = EDGE_LOOP ( 'NONE', ( #921, #1619, #7186, #6830, #335 ) ) ;
#5635 = DIRECTION ( 'NONE',  ( 0.000000000000000000, -1.000000000000000000, 0.000000000000000000 ) ) ;
#5636 = CIRCLE ( 'NONE', #3180, 1.500000000000001110 ) ;
#5637 = CARTESIAN_POINT ( 'NONE',  ( 7.196408214467821196, 1.500000000000002220, 0.000000000000000000 ) ) ;
#5638 = CIRCLE ( 'NONE', #6234, 1.500000000000001110 ) ;
#5639 = CARTESIAN_POINT ( 'NONE',  ( -31.74999999999995737, 0.000000000000000000, 1.499999999999999556 ) ) ;
#5640 = ORIENTED_EDGE ( 'NONE', *, *, #7094, .T. ) ;
#5641 = EDGE_CURVE ( 'NONE', #929, #5728, #4464, .T. ) ;
#5642 = EDGE_CURVE ( 'NONE', #4681, #99, #58, .T. ) ;
#5643 = CONICAL_SURFACE ( 'NONE', #4999, 1.500000000000001110, 0.9599310885968842522 ) ;
#5644 = VERTEX_POINT ( 'NONE', #7420 ) ;
#5645 = CARTESIAN_POINT ( 'NONE',  ( 11.69640821446782297, 1.836970198721018101E-16, -1.500000000000001332 ) ) ;
#5646 = EDGE_CURVE ( 'NONE', #6572, #2788, #3478, .T. ) ;
#5647 = FACE_OUTER_BOUND ( 'NONE', #3030, .T. ) ;
#5648 = CARTESIAN_POINT ( 'NONE',  ( 6.696408214467821196, 1.500000000000002220, 0.000000000000000000 ) ) ;
#5649 = ADVANCED_FACE ( 'NONE', ( #3814 ), #3310, .F. ) ;
#5650 = DIRECTION ( 'NONE',  ( 0.000000000000000000, -1.000000000000000000, 0.000000000000000000 ) ) ;
#5651 = ORIENTED_EDGE ( 'NONE', *, *, #1275, .T. ) ;
#5652 = CARTESIAN_POINT ( 'NONE',  ( 21.80359178553217703, 1.499999999999997335, 1.836970198721025250E-16 ) ) ;
#5653 = ORIENTED_EDGE ( 'NONE', *, *, #207, .T. ) ;
#5654 = CARTESIAN_POINT ( 'NONE',  ( 16.00000000000000000, 1.001115694249792856E-15, 0.000000000000000000 ) ) ;
#5655 = CARTESIAN_POINT ( 'NONE',  ( 19.30359178553217703, -1.155557966632341512E-30, 1.500000000000001332 ) ) ;
#5656 = AXIS2_PLACEMENT_3D ( 'NONE', #386, #2144, #2034 ) ;
#5657 = DIRECTION ( 'NONE',  ( -1.000000000000000000, -1.224606353822377258E-16, -0.000000000000000000 ) ) ;
#5658 = ORIENTED_EDGE ( 'NONE', *, *, #1035, .T. ) ;
#5659 = DIRECTION ( 'NONE',  ( 0.000000000000000000, -1.000000000000000000, 0.000000000000000000 ) ) ;
#5660 = VERTEX_POINT ( 'NONE', #3233 ) ;
#5661 = ORIENTED_EDGE ( 'NONE', *, *, #7558, .T. ) ;
#5662 = CONICAL_SURFACE ( 'NONE', #2958, 1.500000000000001110, 0.9599310885968842522 ) ;
#5663 = AXIS2_PLACEMENT_3D ( 'NONE', #649, #4726, #2952 ) ;
#5664 = CARTESIAN_POINT ( 'NONE',  ( 22.50000000000000000, 1.001115694249792856E-15, 0.000000000000000000 ) ) ;
#5665 = DIRECTION ( 'NONE',  ( -1.000000000000000000, -1.224606353822377258E-16, -0.000000000000000000 ) ) ;
#5666 = EDGE_CURVE ( 'NONE', #6340, #4702, #5950, .T. ) ;
#5667 = DIRECTION ( 'NONE',  ( 0.000000000000000000, -1.000000000000000000, 0.000000000000000000 ) ) ;
#5668 = DIRECTION ( 'NONE',  ( 0.000000000000000000, 0.000000000000000000, 1.000000000000000000 ) ) ;
#5669 = ORIENTED_EDGE ( 'NONE', *, *, #7437, .T. ) ;
#5670 = CIRCLE ( 'NONE', #157, 1.500000000000001110 ) ;
#5671 = CARTESIAN_POINT ( 'NONE',  ( 14.49999999999999822, 1.001115694249792856E-15, 0.000000000000000000 ) ) ;
#5672 = EDGE_LOOP ( 'NONE', ( #1592, #1993, #1078, #1599, #1005 ) ) ;
#5673 = CARTESIAN_POINT ( 'NONE',  ( 19.00000000000000000, 1.219500000000002249, 1.493456771560198551E-16 ) ) ;
#5674 = CIRCLE ( 'NONE', #2603, 1.500000000000001110 ) ;
#5675 = DIRECTION ( 'NONE',  ( 0.000000000000000000, -1.000000000000000000, 0.000000000000000000 ) ) ;
#5676 = CARTESIAN_POINT ( 'NONE',  ( 22.19640821446782297, 1.025167968987813186E-15, 0.000000000000000000 ) ) ;
#5677 = ORIENTED_EDGE ( 'NONE', *, *, #1299, .T. ) ;
#5678 = AXIS2_PLACEMENT_3D ( 'NONE', #6115, #7256, #4342 ) ;
#5679 = ORIENTED_EDGE ( 'NONE', *, *, #6864, .T. ) ;
#5680 = CARTESIAN_POINT ( 'NONE',  ( 7.696408214467822084, 1.500000000000001998, 0.000000000000000000 ) ) ;
#5681 = CARTESIAN_POINT ( 'NONE',  ( 9.000000000000000000, 1.001115694249792856E-15, 0.000000000000000000 ) ) ;
#5682 = EDGE_CURVE ( 'NONE', #6032, #3300, #5454, .T. ) ;
#5683 = AXIS2_PLACEMENT_3D ( 'NONE', #6679, #2561, #6109 ) ;
#5684 = DIRECTION ( 'NONE',  ( 1.000000000000000000, 1.224606353822377258E-16, 0.000000000000000000 ) ) ;
#5685 = EDGE_CURVE ( 'NONE', #4576, #5431, #7041, .T. ) ;
#5686 = DIRECTION ( 'NONE',  ( -1.000000000000000000, -1.224606353822377258E-16, -0.000000000000000000 ) ) ;
#5687 = EDGE_LOOP ( 'NONE', ( #5225, #6782, #152, #5191, #7281 ) ) ;
#5688 = CONICAL_SURFACE ( 'NONE', #4210, 1.500000000000001110, 0.9599310885968842522 ) ;
#5689 = CARTESIAN_POINT ( 'NONE',  ( 1.300000000000000044, -0.7274613391789266359, 1.260000000000003118 ) ) ;
#5690 = VERTEX_POINT ( 'NONE', #6848 ) ;
#5691 = CARTESIAN_POINT ( 'NONE',  ( 21.69640821446782297, 1.025167968987813186E-15, 0.000000000000000000 ) ) ;
#5692 = EDGE_CURVE ( 'NONE', #7476, #600, #3198, .T. ) ;
#5693 = EDGE_CURVE ( 'NONE', #3758, #6522, #3924, .T. ) ;
#5694 = LINE ( 'NONE', #6768, #485 ) ;
#5695 = AXIS2_PLACEMENT_3D ( 'NONE', #710, #2436, #6629 ) ;
#5696 = AXIS2_PLACEMENT_3D ( 'NONE', #2973, #4202, #2933 ) ;
#5697 = CARTESIAN_POINT ( 'NONE',  ( 22.19640821446782297, 1.025167968987813186E-15, 0.000000000000000000 ) ) ;
#5698 = ORIENTED_EDGE ( 'NONE', *, *, #6300, .T. ) ;
#5699 = FACE_BOUND ( 'NONE', #7426, .T. ) ;
#5700 = VERTEX_POINT ( 'NONE', #3266 ) ;
#5701 = ORIENTED_EDGE ( 'NONE', *, *, #3757, .F. ) ;
#5702 = CARTESIAN_POINT ( 'NONE',  ( 9.999999999999998224, 1.001115694249792856E-15, 0.000000000000000000 ) ) ;
#5703 = CONICAL_SURFACE ( 'NONE', #2016, 1.219500000000001139, 0.9599310885968800333 ) ;
#5704 = CARTESIAN_POINT ( 'NONE',  ( 11.69640821446782297, 1.025167968987813186E-15, 0.000000000000000000 ) ) ;
#5705 = CIRCLE ( 'NONE', #2749, 1.219500000000001139 ) ;
#5706 = LINE ( 'NONE', #2652, #4400 ) ;
#5707 = DIRECTION ( 'NONE',  ( -1.000000000000000000, -1.224606353822377258E-16, -0.000000000000000000 ) ) ;
#5708 = CIRCLE ( 'NONE', #1037, 1.500000000000001110 ) ;
#5709 = CARTESIAN_POINT ( 'NONE',  ( 23.00000000000000000, 0.000000000000000000, 0.000000000000000000 ) ) ;
#5710 = ORIENTED_EDGE ( 'NONE', *, *, #519, .T. ) ;
#5711 = CARTESIAN_POINT ( 'NONE',  ( 9.196408214467821196, 1.500000000000002220, 0.000000000000000000 ) ) ;
#5712 = ORIENTED_EDGE ( 'NONE', *, *, #7474, .T. ) ;
#5713 = CARTESIAN_POINT ( 'NONE',  ( 19.80359178553217703, 9.770634195117721323E-16, 0.000000000000000000 ) ) ;
#5714 = DIRECTION ( 'NONE',  ( 0.000000000000000000, -1.000000000000000000, 0.000000000000000000 ) ) ;
#5715 = DIRECTION ( 'NONE',  ( -1.000000000000000000, -1.224606353822377258E-16, -0.000000000000000000 ) ) ;
#5716 = EDGE_LOOP ( 'NONE', ( #1717, #4665, #7161, #3717 ) ) ;
#5717 = EDGE_CURVE ( 'NONE', #1709, #3076, #671, .T. ) ;
#5718 = ORIENTED_EDGE ( 'NONE', *, *, #5542, .T. ) ;
#5719 = VERTEX_POINT ( 'NONE', #1477 ) ;
#5720 = CARTESIAN_POINT ( 'NONE',  ( 10.80359178553217525, 1.836970198721020813E-16, -1.500000000000001332 ) ) ;
#5721 = ORIENTED_EDGE ( 'NONE', *, *, #2965, .F. ) ;
#5722 = DIRECTION ( 'NONE',  ( -1.000000000000000000, -1.224606353822377258E-16, -0.000000000000000000 ) ) ;
#5723 = DIRECTION ( 'NONE',  ( 0.000000000000000000, -1.000000000000000000, 0.000000000000000000 ) ) ;
#5724 = VERTEX_POINT ( 'NONE', #437 ) ;
#5725 = CARTESIAN_POINT ( 'NONE',  ( 22.30359178553217703, -1.155557966632341512E-30, 1.500000000000001332 ) ) ;
#5726 = ADVANCED_FACE ( 'NONE', ( #4504 ), #5459, .T. ) ;
#5727 = CARTESIAN_POINT ( 'NONE',  ( 11.30359178553217525, 9.770634195117721323E-16, 0.000000000000000000 ) ) ;
#5728 = VERTEX_POINT ( 'NONE', #4965 ) ;
#5729 = DIRECTION ( 'NONE',  ( 0.000000000000000000, -1.000000000000000000, 0.000000000000000000 ) ) ;
#5730 = CARTESIAN_POINT ( 'NONE',  ( 21.80359178553217703, 9.770634195117721323E-16, 0.000000000000000000 ) ) ;
#5731 = ORIENTED_EDGE ( 'NONE', *, *, #2256, .T. ) ;
#5732 = EDGE_CURVE ( 'NONE', #3885, #1508, #6923, .T. ) ;
#5733 = AXIS2_PLACEMENT_3D ( 'NONE', #5702, #1043, #14 ) ;
#5734 = EDGE_CURVE ( 'NONE', #1681, #7343, #323, .T. ) ;
#5735 = FACE_OUTER_BOUND ( 'NONE', #1147, .T. ) ;
#5736 = EDGE_LOOP ( 'NONE', ( #5320, #7096, #433, #5823, #2273, #309 ) ) ;
#5737 = DIRECTION ( 'NONE',  ( -1.000000000000000000, -1.224606353822377258E-16, -0.000000000000000000 ) ) ;
#5738 = ADVANCED_FACE ( 'NONE', ( #4434 ), #1406, .T. ) ;
#5739 = VECTOR ( 'NONE', #973, 1000.000000000000000 ) ;
#5740 = CARTESIAN_POINT ( 'NONE',  ( 17.80359178553217347, 1.500000000000007327, 1.836970198721037576E-16 ) ) ;
#5741 = FACE_OUTER_BOUND ( 'NONE', #3987, .T. ) ;
#5742 = DIRECTION ( 'NONE',  ( 0.000000000000000000, 1.000000000000000000, 0.000000000000000000 ) ) ;
#5743 = ORIENTED_EDGE ( 'NONE', *, *, #5214, .F. ) ;
#5744 = DIRECTION ( 'NONE',  ( -1.000000000000000000, -1.224606353822377258E-16, -0.000000000000000000 ) ) ;
#5745 = ORIENTED_EDGE ( 'NONE', *, *, #6033, .T. ) ;
#5746 = CIRCLE ( 'NONE', #4273, 1.500000000000001110 ) ;
#5747 = AXIS2_PLACEMENT_3D ( 'NONE', #7002, #4617, #3011 ) ;
#5748 = AXIS2_PLACEMENT_3D ( 'NONE', #4060, #5684, #6982 ) ;
#5749 = CARTESIAN_POINT ( 'NONE',  ( 23.00000000000000000, 0.000000000000000000, 0.000000000000000000 ) ) ;
#5750 = DIRECTION ( 'NONE',  ( 0.5735764363510437169, -0.8191520442889933529, 1.003171929053526719E-16 ) ) ;
#5751 = AXIS2_PLACEMENT_3D ( 'NONE', #4822, #7164, #1324 ) ;
#5752 = AXIS2_PLACEMENT_3D ( 'NONE', #7451, #7413, #465 ) ;
#5753 = PRESENTATION_LAYER_ASSIGNMENT (  '', '', ( #1459 ) ) ;
#5754 = AXIS2_PLACEMENT_3D ( 'NONE', #2451, #1876, #6646 ) ;
#5755 = LINE ( 'NONE', #147, #6010 ) ;
#5756 = VERTEX_POINT ( 'NONE', #971 ) ;
#5757 = ORIENTED_EDGE ( 'NONE', *, *, #3877, .F. ) ;
#5758 = AXIS2_PLACEMENT_3D ( 'NONE', #3692, #6017, #741 ) ;
#5759 = VECTOR ( 'NONE', #296, 1000.000000000000000 ) ;
#5760 = DIRECTION ( 'NONE',  ( 0.000000000000000000, -1.000000000000000000, 0.000000000000000000 ) ) ;
#5761 = DIRECTION ( 'NONE',  ( -1.000000000000000000, -1.224606353822377258E-16, -0.000000000000000000 ) ) ;
#5762 = EDGE_CURVE ( 'NONE', #4053, #695, #4957, .T. ) ;
#5763 = CIRCLE ( 'NONE', #1094, 1.500000000000001110 ) ;
#5764 = DIRECTION ( 'NONE',  ( 0.000000000000000000, -0.5000000000000013323, -0.8660254037844380415 ) ) ;
#5765 = VERTEX_POINT ( 'NONE', #5623 ) ;
#5766 = SURFACE_SIDE_STYLE ('',( #1763 ) ) ;
#5767 = DIRECTION ( 'NONE',  ( -1.000000000000000000, -0.000000000000000000, -0.000000000000000000 ) ) ;
#5768 = VERTEX_POINT ( 'NONE', #363 ) ;
#5769 = FACE_OUTER_BOUND ( 'NONE', #7396, .T. ) ;
#5770 = DIRECTION ( 'NONE',  ( 0.000000000000000000, -1.000000000000000000, 0.000000000000000000 ) ) ;
#5771 = CARTESIAN_POINT ( 'NONE',  ( 4.803591785532175251, 9.770634195117721323E-16, 0.000000000000000000 ) ) ;
#5772 = VERTEX_POINT ( 'NONE', #5042 ) ;
#5773 = CARTESIAN_POINT ( 'NONE',  ( -31.74999999999995737, 1.836970198721029441E-16, -1.499999999999999556 ) ) ;
#5774 = ORIENTED_EDGE ( 'NONE', *, *, #3193, .T. ) ;
#5775 = ORIENTED_EDGE ( 'NONE', *, *, #856, .T. ) ;
#5776 = CARTESIAN_POINT ( 'NONE',  ( 18.69640821446782297, 1.025167968987813186E-15, 0.000000000000000000 ) ) ;
#5777 = EDGE_CURVE ( 'NONE', #4714, #2373, #5824, .T. ) ;
#5778 = CARTESIAN_POINT ( 'NONE',  ( 11.00000000000000000, 1.219500000000002249, 1.493456771560198551E-16 ) ) ;
#5779 = DIRECTION ( 'NONE',  ( 1.000000000000000000, 1.224606353822377258E-16, 0.000000000000000000 ) ) ;
#5780 = ORIENTED_EDGE ( 'NONE', *, *, #208, .T. ) ;
#5781 = VECTOR ( 'NONE', #7441, 1000.000000000000000 ) ;
#5782 = ADVANCED_FACE ( 'NONE', ( #1303 ), #1892, .T. ) ;
#5783 = CARTESIAN_POINT ( 'NONE',  ( 18.69640821446782297, 1.500000000000002220, 0.000000000000000000 ) ) ;
#5784 = EDGE_LOOP ( 'NONE', ( #20, #4093, #1971, #5450, #7025 ) ) ;
#5785 = CIRCLE ( 'NONE', #149, 1.500000000000001110 ) ;
#5786 = CARTESIAN_POINT ( 'NONE',  ( 11.80359178553217703, 9.770634195117721323E-16, 0.000000000000000000 ) ) ;
#5787 = CARTESIAN_POINT ( 'NONE',  ( -31.74999999999995737, 0.000000000000000000, 0.000000000000000000 ) ) ;
#5788 = EDGE_CURVE ( 'NONE', #1869, #5772, #6800, .T. ) ;
#5789 = ADVANCED_FACE ( 'NONE', ( #7110 ), #2956, .T. ) ;
#5790 = AXIS2_PLACEMENT_3D ( 'NONE', #3142, #5964, #3029 ) ;
#5791 = LINE ( 'NONE', #3595, #4320 ) ;
#5792 = VERTEX_POINT ( 'NONE', #3643 ) ;
#5793 = DIRECTION ( 'NONE',  ( 0.000000000000000000, -1.000000000000000000, 0.000000000000000000 ) ) ;
#5794 = ORIENTED_EDGE ( 'NONE', *, *, #1104, .F. ) ;
#5795 = AXIS2_PLACEMENT_3D ( 'NONE', #6412, #1256, #2368 ) ;
#5796 = ORIENTED_EDGE ( 'NONE', *, *, #2026, .F. ) ;
#5797 = CARTESIAN_POINT ( 'NONE',  ( 1.300000000000000044, 2.182384017536784349, -1.260000000000002229 ) ) ;
#5798 = CARTESIAN_POINT ( 'NONE',  ( 7.196408214467821196, -1.500000000000000000, 1.836970198721031167E-16 ) ) ;
#5799 = CIRCLE ( 'NONE', #6413, 1.500000000000001110 ) ;
#5800 = DIRECTION ( 'NONE',  ( 1.000000000000000000, 1.224606353822377258E-16, 0.000000000000000000 ) ) ;
#5801 = ORIENTED_EDGE ( 'NONE', *, *, #5693, .F. ) ;
#5802 =( NAMED_UNIT ( * ) SI_UNIT ( $, .STERADIAN. ) SOLID_ANGLE_UNIT ( ) );
#5803 = CARTESIAN_POINT ( 'NONE',  ( -31.74999999999995737, 0.000000000000000000, 0.000000000000000000 ) ) ;
#5804 = VERTEX_POINT ( 'NONE', #1848 ) ;
#5805 = DIRECTION ( 'NONE',  ( -1.000000000000000000, -1.224606353822377258E-16, -0.000000000000000000 ) ) ;
#5806 = CIRCLE ( 'NONE', #1755, 1.500000000000001110 ) ;
#5807 =( NAMED_UNIT ( * ) PLANE_ANGLE_UNIT ( ) SI_UNIT ( $, .RADIAN. ) );
#5808 = VECTOR ( 'NONE', #2343, 1000.000000000000000 ) ;
#5809 = AXIS2_PLACEMENT_3D ( 'NONE', #1671, #3555, #1749 ) ;
#5810 = CARTESIAN_POINT ( 'NONE',  ( 9.000000000000000000, -1.219500000000000028, 1.665213485140615106E-16 ) ) ;
#5811 = VERTEX_POINT ( 'NONE', #5891 ) ;
#5812 = CARTESIAN_POINT ( 'NONE',  ( 19.30359178553217703, 9.770634195117721323E-16, 0.000000000000000000 ) ) ;
#5813 = VERTEX_POINT ( 'NONE', #3574 ) ;
#5814 = ADVANCED_FACE ( 'NONE', ( #1230 ), #5703, .T. ) ;
#5815 = ORIENTED_EDGE ( 'NONE', *, *, #2207, .T. ) ;
#5816 = UNCERTAINTY_MEASURE_WITH_UNIT (LENGTH_MEASURE( 1.000000000000000082E-05 ), #4149, 'distance_accuracy_value', 'NONE');
#5817 = DIRECTION ( 'NONE',  ( -1.000000000000000000, -1.224606353822377258E-16, -0.000000000000000000 ) ) ;
#5818 = VECTOR ( 'NONE', #3766, 1000.000000000000000 ) ;
#5819 = VECTOR ( 'NONE', #7458, 1000.000000000000227 ) ;
#5820 = CARTESIAN_POINT ( 'NONE',  ( 15.69640821446782120, 1.836970198721020073E-16, -1.500000000000001332 ) ) ;
#5821 = CARTESIAN_POINT ( 'NONE',  ( 17.30359178553217347, 1.500000000000007327, 1.836970198721037576E-16 ) ) ;
#5822 = DIRECTION ( 'NONE',  ( 0.000000000000000000, -1.000000000000000000, 0.000000000000000000 ) ) ;
#5823 = ORIENTED_EDGE ( 'NONE', *, *, #3428, .F. ) ;
#5824 = CIRCLE ( 'NONE', #6688, 1.500000000000001110 ) ;
#5825 = CARTESIAN_POINT ( 'NONE',  ( 7.196408214467821196, 1.025167968987813186E-15, 0.000000000000000000 ) ) ;
#5826 = ORIENTED_EDGE ( 'NONE', *, *, #2768, .F. ) ;
#5827 = EDGE_CURVE ( 'NONE', #5477, #5644, #5958, .T. ) ;
#5828 = AXIS2_PLACEMENT_3D ( 'NONE', #5124, #4001, #6359 ) ;
#5829 = CARTESIAN_POINT ( 'NONE',  ( 14.69640821446782120, 1.025167968987813186E-15, 0.000000000000000000 ) ) ;
#5830 = CYLINDRICAL_SURFACE ( 'NONE', #3039, 1.499999999999999556 ) ;
#5831 = AXIS2_PLACEMENT_3D ( 'NONE', #6044, #3725, #5572 ) ;
#5832 = ADVANCED_FACE ( 'NONE', ( #2457 ), #4228, .T. ) ;
#5833 = CARTESIAN_POINT ( 'NONE',  ( 9.303591785532175251, 1.836970198721020813E-16, -1.500000000000001332 ) ) ;
#5834 = CARTESIAN_POINT ( 'NONE',  ( 7.500000000000000000, 1.001115694249792856E-15, 0.000000000000000000 ) ) ;
#5835 = ORIENTED_EDGE ( 'NONE', *, *, #1500, .T. ) ;
#5836 = VERTEX_POINT ( 'NONE', #4806 ) ;
#5837 = EDGE_CURVE ( 'NONE', #2732, #5414, #4766, .T. ) ;
#5838 = EDGE_CURVE ( 'NONE', #3205, #1869, #691, .T. ) ;
#5839 = EDGE_LOOP ( 'NONE', ( #5227, #1963, #6939, #4487, #5078, #828 ) ) ;
#5840 = CARTESIAN_POINT ( 'NONE',  ( 14.80359178553217525, 1.500000000000002442, 1.836970198721031167E-16 ) ) ;
#5841 = DIRECTION ( 'NONE',  ( -1.000000000000000000, -1.224606353822377258E-16, -0.000000000000000000 ) ) ;
#5842 = CARTESIAN_POINT ( 'NONE',  ( 11.00000000000000000, 1.001115694249792856E-15, 0.000000000000000000 ) ) ;
#5843 = EDGE_LOOP ( 'NONE', ( #45, #2192, #1852, #1913, #3923 ) ) ;
#5844 = EDGE_CURVE ( 'NONE', #78, #748, #1622, .T. ) ;
#5845 = LINE ( 'NONE', #4604, #6877 ) ;
#5846 = CARTESIAN_POINT ( 'NONE',  ( 17.19640821446782297, 1.836970198721020073E-16, -1.500000000000001332 ) ) ;
#5847 = ORIENTED_EDGE ( 'NONE', *, *, #1794, .T. ) ;
#5848 = ORIENTED_EDGE ( 'NONE', *, *, #2137, .F. ) ;
#5849 = CARTESIAN_POINT ( 'NONE',  ( 14.80359178553217525, 9.770634195117721323E-16, 0.000000000000000000 ) ) ;
#5850 = DIRECTION ( 'NONE',  ( -1.000000000000000000, -1.224606353822377258E-16, -0.000000000000000000 ) ) ;
#5851 = CARTESIAN_POINT ( 'NONE',  ( 4.999999999999999112, 1.001115694249792856E-15, 0.000000000000000000 ) ) ;
#5852 = DIRECTION ( 'NONE',  ( 0.5735764363510437169, -0.8191520442889933529, 1.003171929053526719E-16 ) ) ;
#5853 = ORIENTED_EDGE ( 'NONE', *, *, #300, .T. ) ;
#5854 = DIRECTION ( 'NONE',  ( -1.000000000000000000, -1.224606353822377258E-16, -0.000000000000000000 ) ) ;
#5855 = ORIENTED_EDGE ( 'NONE', *, *, #7510, .F. ) ;
#5856 = EDGE_LOOP ( 'NONE', ( #2279, #7051, #6337, #2694, #6827 ) ) ;
#5857 = CARTESIAN_POINT ( 'NONE',  ( 17.00000000000000000, 1.001115694249792856E-15, 0.000000000000000000 ) ) ;
#5858 = EDGE_CURVE ( 'NONE', #2934, #1561, #4352, .T. ) ;
#5859 = CARTESIAN_POINT ( 'NONE',  ( 19.69640821446782297, 1.500000000000002220, 0.000000000000000000 ) ) ;
#5860 = DIRECTION ( 'NONE',  ( -1.000000000000000000, -0.000000000000000000, -0.000000000000000000 ) ) ;
#5861 = VERTEX_POINT ( 'NONE', #1265 ) ;
#5862 = CARTESIAN_POINT ( 'NONE',  ( 19.50000000000000000, 1.219500000000002249, 0.000000000000000000 ) ) ;
#5863 = ORIENTED_EDGE ( 'NONE', *, *, #2915, .F. ) ;
#5864 = CARTESIAN_POINT ( 'NONE',  ( 9.999999999999998224, 1.001115694249792856E-15, 0.000000000000000000 ) ) ;
#5865 = AXIS2_PLACEMENT_3D ( 'NONE', #1853, #7077, #5901 ) ;
#5866 = CARTESIAN_POINT ( 'NONE',  ( -31.74999999999995737, 0.000000000000000000, 0.000000000000000000 ) ) ;
#5867 = DIRECTION ( 'NONE',  ( 1.000000000000000000, 0.000000000000000000, 0.000000000000000000 ) ) ;
#5868 = VECTOR ( 'NONE', #6781, 1000.000000000000000 ) ;
#5869 = AXIS2_PLACEMENT_3D ( 'NONE', #3392, #4480, #2816 ) ;
#5870 = CARTESIAN_POINT ( 'NONE',  ( 11.19640821446782120, 1.025167968987813186E-15, 0.000000000000000000 ) ) ;
#5871 = ORIENTED_EDGE ( 'NONE', *, *, #7233, .F. ) ;
#5872 = CONICAL_SURFACE ( 'NONE', #5996, 1.219500000000001139, 0.9599310885968800333 ) ;
#5873 = ORIENTED_EDGE ( 'NONE', *, *, #6352, .T. ) ;
#5874 = VECTOR ( 'NONE', #5852, 1000.000000000000227 ) ;
#5875 = ORIENTED_EDGE ( 'NONE', *, *, #855, .T. ) ;
#5876 = FACE_OUTER_BOUND ( 'NONE', #398, .T. ) ;
#5877 = VECTOR ( 'NONE', #372, 1000.000000000000000 ) ;
#5878 = FACE_OUTER_BOUND ( 'NONE', #1786, .T. ) ;
#5879 = CIRCLE ( 'NONE', #2554, 1.500000000000001110 ) ;
#5880 = CIRCLE ( 'NONE', #346, 1.500000000000001110 ) ;
#5881 = EDGE_CURVE ( 'NONE', #6572, #3978, #6886, .T. ) ;
#5882 = ADVANCED_FACE ( 'NONE', ( #2914 ), #3959, .T. ) ;
#5883 = CARTESIAN_POINT ( 'NONE',  ( 22.50000000000000000, 1.219500000000002249, 0.000000000000000000 ) ) ;
#5884 = VERTEX_POINT ( 'NONE', #1044 ) ;
#5885 = VECTOR ( 'NONE', #3090, 1000.000000000000227 ) ;
#5886 = CONICAL_SURFACE ( 'NONE', #2066, 1.500000000000001110, 0.9599310885968842522 ) ;
#5887 = CARTESIAN_POINT ( 'NONE',  ( -31.74999999999995737, 1.836970198721029441E-16, -1.499999999999999556 ) ) ;
#5888 = EDGE_CURVE ( 'NONE', #3218, #2471, #6317, .T. ) ;
#5889 = VERTEX_POINT ( 'NONE', #574 ) ;
#5890 = FACE_OUTER_BOUND ( 'NONE', #5125, .T. ) ;
#5891 = CARTESIAN_POINT ( 'NONE',  ( 19.69640821446782297, 1.836970198721020073E-16, -1.500000000000001332 ) ) ;
#5892 = VECTOR ( 'NONE', #6430, 1000.000000000000000 ) ;
#5893 = CARTESIAN_POINT ( 'NONE',  ( 11.80359178553217703, -1.499999999999999778, 0.000000000000000000 ) ) ;
#5894 = EDGE_CURVE ( 'NONE', #7488, #3244, #47, .T. ) ;
#5895 = CONICAL_SURFACE ( 'NONE', #3055, 1.500000000000001110, 0.9599310885968842522 ) ;
#5896 = EDGE_CURVE ( 'NONE', #6598, #5146, #2624, .T. ) ;
#5897 = CARTESIAN_POINT ( 'NONE',  ( 6.499999999999999112, 1.219500000000002249, 1.493456771560198551E-16 ) ) ;
#5898 = EDGE_LOOP ( 'NONE', ( #5981, #466, #1074, #7290, #7159, #6594 ) ) ;
#5899 = DIRECTION ( 'NONE',  ( 1.000000000000000000, 1.224606353822377258E-16, 0.000000000000000000 ) ) ;
#5900 = ORIENTED_EDGE ( 'NONE', *, *, #6770, .T. ) ;
#5901 = DIRECTION ( 'NONE',  ( 0.000000000000000000, -1.000000000000000000, 0.000000000000000000 ) ) ;
#5902 = DIRECTION ( 'NONE',  ( 0.000000000000000000, 0.000000000000000000, 1.000000000000000000 ) ) ;
#5903 = DIRECTION ( 'NONE',  ( 0.000000000000000000, -1.000000000000000000, 0.000000000000000000 ) ) ;
#5904 = CARTESIAN_POINT ( 'NONE',  ( -31.74999999999995737, 0.000000000000000000, 0.000000000000000000 ) ) ;
#5905 = VERTEX_POINT ( 'NONE', #5348 ) ;
#5906 = DIRECTION ( 'NONE',  ( 1.000000000000000000, 1.224606353822377258E-16, 0.000000000000000000 ) ) ;
#5907 = ORIENTED_EDGE ( 'NONE', *, *, #4747, .T. ) ;
#5908 = DIRECTION ( 'NONE',  ( 0.000000000000000000, 0.000000000000000000, 1.000000000000000000 ) ) ;
#5909 = CARTESIAN_POINT ( 'NONE',  ( 0.000000000000000000, -0.7274613391789266359, 1.260000000000003118 ) ) ;
#5910 = LINE ( 'NONE', #2400, #716 ) ;
#5911 = DIRECTION ( 'NONE',  ( -1.000000000000000000, -1.224606353822377258E-16, -0.000000000000000000 ) ) ;
#5912 = ORIENTED_EDGE ( 'NONE', *, *, #255, .F. ) ;
#5913 = ORIENTED_EDGE ( 'NONE', *, *, #1686, .F. ) ;
#5914 = ORIENTED_EDGE ( 'NONE', *, *, #1969, .T. ) ;
#5915 = CARTESIAN_POINT ( 'NONE',  ( 21.19640821446782297, -1.500000000000000222, 1.836970198721031413E-16 ) ) ;
#5916 = CONICAL_SURFACE ( 'NONE', #1242, 1.219500000000001139, 0.9599310885968800333 ) ;
#5917 = DIRECTION ( 'NONE',  ( 0.000000000000000000, 1.000000000000000000, 0.000000000000000000 ) ) ;
#5918 = CIRCLE ( 'NONE', #2596, 1.500000000000001110 ) ;
#5919 = DIRECTION ( 'NONE',  ( -1.000000000000000000, -0.000000000000000000, -0.000000000000000000 ) ) ;
#5920 = ORIENTED_EDGE ( 'NONE', *, *, #6622, .T. ) ;
#5921 = ORIENTED_EDGE ( 'NONE', *, *, #6859, .T. ) ;
#5922 = CARTESIAN_POINT ( 'NONE',  ( 10.69640821446782120, 1.025167968987813186E-15, 0.000000000000000000 ) ) ;
#5923 = EDGE_LOOP ( 'NONE', ( #4803, #6069, #1727, #2363 ) ) ;
#5924 = EDGE_CURVE ( 'NONE', #1098, #2462, #2997, .T. ) ;
#5925 = DIRECTION ( 'NONE',  ( 0.000000000000000000, 0.000000000000000000, 1.000000000000000000 ) ) ;
#5926 = EDGE_LOOP ( 'NONE', ( #2443, #689, #4070, #248, #5050 ) ) ;
#5927 = DIRECTION ( 'NONE',  ( -0.5000000000000039968, 1.060575238724904203E-16, -0.8660254037844363761 ) ) ;
#5928 = AXIS2_PLACEMENT_3D ( 'NONE', #2563, #836, #305 ) ;
#5929 = ADVANCED_FACE ( 'NONE', ( #1386 ), #2258, .T. ) ;
#5930 = DIRECTION ( 'NONE',  ( -0.000000000000000000, 1.000000000000000000, 1.224646799147353207E-16 ) ) ;
#5931 = ORIENTED_EDGE ( 'NONE', *, *, #5924, .F. ) ;
#5932 = CIRCLE ( 'NONE', #2358, 1.500000000000001110 ) ;
#5933 = CARTESIAN_POINT ( 'NONE',  ( -31.74999999999995737, 0.000000000000000000, 1.499999999999999556 ) ) ;
#5934 = ORIENTED_EDGE ( 'NONE', *, *, #6439, .T. ) ;
#5935 = ADVANCED_FACE ( 'NONE', ( #6154 ), #7403, .T. ) ;
#5936 = CARTESIAN_POINT ( 'NONE',  ( 16.00000000000000000, -1.219500000000000028, 0.000000000000000000 ) ) ;
#5937 = EDGE_CURVE ( 'NONE', #2732, #6741, #3214, .T. ) ;
#5938 = DIRECTION ( 'NONE',  ( -1.000000000000000000, -1.224606353822377258E-16, -0.000000000000000000 ) ) ;
#5939 = VECTOR ( 'NONE', #5139, 1000.000000000000000 ) ;
#5940 = FACE_OUTER_BOUND ( 'NONE', #2325, .T. ) ;
#5941 = DIRECTION ( 'NONE',  ( -1.000000000000000000, -1.224606353822377258E-16, -0.000000000000000000 ) ) ;
#5942 = EDGE_LOOP ( 'NONE', ( #3141, #3530, #3818, #1765, #23 ) ) ;
#5943 = CARTESIAN_POINT ( 'NONE',  ( 15.00000000000000000, 1.001115694249792856E-15, 0.000000000000000000 ) ) ;
#5944 = EDGE_LOOP ( 'NONE', ( #817, #6215, #1079, #1042, #6313, #1217 ) ) ;
#5945 = VECTOR ( 'NONE', #5153, 1000.000000000000000 ) ;
#5946 = CIRCLE ( 'NONE', #2614, 1.500000000000001110 ) ;
#5947 = CARTESIAN_POINT ( 'NONE',  ( 16.19640821446781942, 1.836970198721020073E-16, -1.500000000000001332 ) ) ;
#5948 = CARTESIAN_POINT ( 'NONE',  ( 19.69640821446782297, 1.025167968987813186E-15, 0.000000000000000000 ) ) ;
#5949 = DIRECTION ( 'NONE',  ( 0.000000000000000000, -1.000000000000000000, 0.000000000000000000 ) ) ;
#5950 = CIRCLE ( 'NONE', #2619, 1.500000000000001110 ) ;
#5951 = DIRECTION ( 'NONE',  ( -0.5735764363510472696, 0.8191520442889909104, 1.003171929053523884E-16 ) ) ;
#5952 = ORIENTED_EDGE ( 'NONE', *, *, #383, .T. ) ;
#5953 = AXIS2_PLACEMENT_3D ( 'NONE', #5671, #2743, #5090 ) ;
#5954 = EDGE_LOOP ( 'NONE', ( #6712, #3683, #6347, #2344, #3285 ) ) ;
#5955 = EDGE_LOOP ( 'NONE', ( #2062, #3689, #2430, #2585, #220 ) ) ;
#5956 = ORIENTED_EDGE ( 'NONE', *, *, #3148, .T. ) ;
#5957 = DIRECTION ( 'NONE',  ( -1.000000000000000000, -0.000000000000000000, -0.000000000000000000 ) ) ;
#5958 = CIRCLE ( 'NONE', #3487, 1.500000000000001110 ) ;
#5959 = CARTESIAN_POINT ( 'NONE',  ( 5.696408214467822084, -1.155557966632341512E-30, 1.500000000000001332 ) ) ;
#5960 = CIRCLE ( 'NONE', #192, 1.500000000000001110 ) ;
#5961 = CARTESIAN_POINT ( 'NONE',  ( -31.74999999999995737, 0.000000000000000000, 0.000000000000000000 ) ) ;
#5962 = EDGE_LOOP ( 'NONE', ( #4339, #4201, #4740, #1797, #1889 ) ) ;
#5963 = EDGE_CURVE ( 'NONE', #945, #1973, #3112, .T. ) ;
#5964 = DIRECTION ( 'NONE',  ( -1.000000000000000000, -0.000000000000000000, -0.000000000000000000 ) ) ;
#5965 = ORIENTED_EDGE ( 'NONE', *, *, #4088, .F. ) ;
#5966 = DIRECTION ( 'NONE',  ( -1.000000000000000000, -0.000000000000000000, -0.000000000000000000 ) ) ;
#5967 = DIRECTION ( 'NONE',  ( -1.000000000000000000, -0.000000000000000000, -0.000000000000000000 ) ) ;
#5968 = ADVANCED_FACE ( 'NONE', ( #7222 ), #540, .T. ) ;
#5969 = CARTESIAN_POINT ( 'NONE',  ( 14.49999999999999822, 1.001115694249792856E-15, 0.000000000000000000 ) ) ;
#5970 = ORIENTED_EDGE ( 'NONE', *, *, #5189, .T. ) ;
#5971 = CARTESIAN_POINT ( 'NONE',  ( 18.80359178553217703, 9.770634195117721323E-16, 0.000000000000000000 ) ) ;
#5972 = ORIENTED_EDGE ( 'NONE', *, *, #1222, .F. ) ;
#5973 = DIRECTION ( 'NONE',  ( 0.000000000000000000, -1.000000000000000000, 0.000000000000000000 ) ) ;
#5974 = FACE_OUTER_BOUND ( 'NONE', #6755, .T. ) ;
#5975 = EDGE_CURVE ( 'NONE', #7047, #5212, #3844, .T. ) ;
#5976 = LINE ( 'NONE', #3083, #1323 ) ;
#5977 = ADVANCED_FACE ( 'NONE', ( #204 ), #5082, .T. ) ;
#5978 = CARTESIAN_POINT ( 'NONE',  ( -31.74999999999995737, 1.836970198721029441E-16, -1.499999999999999556 ) ) ;
#5979 = ORIENTED_EDGE ( 'NONE', *, *, #2282, .T. ) ;
#5980 = CARTESIAN_POINT ( 'NONE',  ( 7.803591785532175251, 9.770634195117721323E-16, 0.000000000000000000 ) ) ;
#5981 = ORIENTED_EDGE ( 'NONE', *, *, #2959, .F. ) ;
#5982 = EDGE_CURVE ( 'NONE', #370, #4714, #1775, .T. ) ;
#5983 = EDGE_CURVE ( 'NONE', #3504, #5724, #5495, .T. ) ;
#5984 = DIRECTION ( 'NONE',  ( -1.000000000000000000, -0.000000000000000000, -0.000000000000000000 ) ) ;
#5985 = DIRECTION ( 'NONE',  ( -1.000000000000000000, -1.224606353822377258E-16, -0.000000000000000000 ) ) ;
#5986 = ADVANCED_FACE ( 'NONE', ( #4260 ), #6443, .T. ) ;
#5987 = CARTESIAN_POINT ( 'NONE',  ( 8.303591785532175251, 1.500000000000002442, 1.836970198721031167E-16 ) ) ;
#5988 = CARTESIAN_POINT ( 'NONE',  ( 3.099999999999998757, 0.000000000000000000, 0.000000000000000000 ) ) ;
#5989 = ORIENTED_EDGE ( 'NONE', *, *, #2908, .T. ) ;
#5990 = EDGE_LOOP ( 'NONE', ( #4836, #381, #5815, #1412, #3835, #4357 ) ) ;
#5991 = AXIS2_PLACEMENT_3D ( 'NONE', #2390, #5358, #1706 ) ;
#5992 = VERTEX_POINT ( 'NONE', #5535 ) ;
#5993 = DIRECTION ( 'NONE',  ( -1.000000000000000000, -1.224606353822377258E-16, -0.000000000000000000 ) ) ;
#5994 = CARTESIAN_POINT ( 'NONE',  ( -31.74999999999995737, 0.000000000000000000, 1.499999999999999556 ) ) ;
#5995 = AXIS2_PLACEMENT_3D ( 'NONE', #1513, #3850, #934 ) ;
#5996 = AXIS2_PLACEMENT_3D ( 'NONE', #137, #7193, #4923 ) ;
#5997 = CARTESIAN_POINT ( 'NONE',  ( -31.74999999999995737, 0.000000000000000000, 2.750000000000000000 ) ) ;
#5998 = VERTEX_POINT ( 'NONE', #1995 ) ;
#5999 = DIRECTION ( 'NONE',  ( 0.000000000000000000, -0.4999999999999985567, 0.8660254037844393737 ) ) ;
#6000 = ORIENTED_EDGE ( 'NONE', *, *, #3710, .T. ) ;
#6001 = CIRCLE ( 'NONE', #4414, 1.500000000000001110 ) ;
#6002 = AXIS2_PLACEMENT_3D ( 'NONE', #6140, #5554, #1405 ) ;
#6003 = AXIS2_PLACEMENT_3D ( 'NONE', #936, #5629, #2162 ) ;
#6004 = VECTOR ( 'NONE', #605, 999.9999999999997726 ) ;
#6005 = LINE ( 'NONE', #3759, #1009 ) ;
#6006 = DIRECTION ( 'NONE',  ( 0.000000000000000000, -1.000000000000000000, 0.000000000000000000 ) ) ;
#6007 = ADVANCED_FACE ( 'NONE', ( #7293 ), #811, .T. ) ;
#6008 = VECTOR ( 'NONE', #4861, 1000.000000000000000 ) ;
#6009 = VECTOR ( 'NONE', #6471, 1000.000000000000000 ) ;
#6010 = VECTOR ( 'NONE', #5951, 1000.000000000000000 ) ;
#6011 = DIRECTION ( 'NONE',  ( 0.000000000000000000, -1.000000000000000000, 0.000000000000000000 ) ) ;
#6012 = ORIENTED_EDGE ( 'NONE', *, *, #6547, .F. ) ;
#6013 = CARTESIAN_POINT ( 'NONE',  ( 19.19640821446782297, 1.025167968987813186E-15, 0.000000000000000000 ) ) ;
#6014 = ORIENTED_EDGE ( 'NONE', *, *, #3845, .F. ) ;
#6015 = AXIS2_PLACEMENT_3D ( 'NONE', #5033, #999, #4958 ) ;
#6016 = AXIS2_PLACEMENT_3D ( 'NONE', #4052, #1832, #7058 ) ;
#6017 = DIRECTION ( 'NONE',  ( -1.000000000000000000, -1.224606353822377258E-16, -0.000000000000000000 ) ) ;
#6018 = DIRECTION ( 'NONE',  ( 0.000000000000000000, 0.000000000000000000, 1.000000000000000000 ) ) ;
#6019 = DIRECTION ( 'NONE',  ( -1.000000000000000000, -0.000000000000000000, -0.000000000000000000 ) ) ;
#6020 = ORIENTED_EDGE ( 'NONE', *, *, #2207, .F. ) ;
#6021 = DIRECTION ( 'NONE',  ( 0.000000000000000000, -1.000000000000000000, 0.000000000000000000 ) ) ;
#6022 = VERTEX_POINT ( 'NONE', #6086 ) ;
#6023 = EDGE_CURVE ( 'NONE', #7381, #5414, #73, .T. ) ;
#6024 = LINE ( 'NONE', #4898, #1024 ) ;
#6025 = CARTESIAN_POINT ( 'NONE',  ( -31.74999999999995737, 0.000000000000000000, 0.000000000000000000 ) ) ;
#6026 = DIRECTION ( 'NONE',  ( -1.000000000000000000, -1.224606353822377258E-16, -0.000000000000000000 ) ) ;
#6027 = EDGE_CURVE ( 'NONE', #3704, #3698, #5206, .T. ) ;
#6028 = CARTESIAN_POINT ( 'NONE',  ( 19.69640821446782297, 1.025167968987813186E-15, 0.000000000000000000 ) ) ;
#6029 = ORIENTED_EDGE ( 'NONE', *, *, #6686, .T. ) ;
#6030 = DIRECTION ( 'NONE',  ( -1.000000000000000000, -1.224606353822377258E-16, -0.000000000000000000 ) ) ;
#6031 = EDGE_LOOP ( 'NONE', ( #5679, #6532, #525, #5517, #7027, #6014 ) ) ;
#6032 = VERTEX_POINT ( 'NONE', #5465 ) ;
#6033 = EDGE_CURVE ( 'NONE', #673, #4129, #7175, .T. ) ;
#6034 = DIRECTION ( 'NONE',  ( 0.000000000000000000, -1.000000000000000000, 0.000000000000000000 ) ) ;
#6035 = ADVANCED_FACE ( 'NONE', ( #1462 ), #1898, .T. ) ;
#6036 = CARTESIAN_POINT ( 'NONE',  ( 18.80359178553217703, 1.500000000000002442, 1.836970198721031167E-16 ) ) ;
#6037 = CIRCLE ( 'NONE', #5034, 1.500000000000001110 ) ;
#6038 = FACE_OUTER_BOUND ( 'NONE', #4809, .T. ) ;
#6039 = ORIENTED_EDGE ( 'NONE', *, *, #5493, .F. ) ;
#6040 = CONICAL_SURFACE ( 'NONE', #7005, 1.500000000000001110, 0.9599310885968842522 ) ;
#6041 = CARTESIAN_POINT ( 'NONE',  ( -31.74999999999995737, 1.836970198721029441E-16, -1.499999999999999556 ) ) ;
#6042 = ORIENTED_EDGE ( 'NONE', *, *, #1864, .F. ) ;
#6043 = DIRECTION ( 'NONE',  ( 0.000000000000000000, 0.000000000000000000, 1.000000000000000000 ) ) ;
#6044 = CARTESIAN_POINT ( 'NONE',  ( -31.74999999999995737, 0.000000000000000000, 0.000000000000000000 ) ) ;
#6045 = CIRCLE ( 'NONE', #875, 1.219500000000001139 ) ;
#6046 = AXIS2_PLACEMENT_3D ( 'NONE', #6971, #678, #5949 ) ;
#6047 = CARTESIAN_POINT ( 'NONE',  ( 16.69640821446782297, 1.025167968987813186E-15, 0.000000000000000000 ) ) ;
#6048 = ORIENTED_EDGE ( 'NONE', *, *, #4126, .T. ) ;
#6049 = CARTESIAN_POINT ( 'NONE',  ( 16.69640821446782297, 1.025167968987813186E-15, 0.000000000000000000 ) ) ;
#6050 = ORIENTED_EDGE ( 'NONE', *, *, #4419, .T. ) ;
#6051 = AXIS2_PLACEMENT_3D ( 'NONE', #2523, #2025, #5452 ) ;
#6052 = CARTESIAN_POINT ( 'NONE',  ( 0.000000000000000000, -0.7274613391789304107, -1.259999999999999121 ) ) ;
#6053 = DIRECTION ( 'NONE',  ( 0.000000000000000000, -1.000000000000000000, 0.000000000000000000 ) ) ;
#6054 = VECTOR ( 'NONE', #1149, 1000.000000000000000 ) ;
#6055 = DIRECTION ( 'NONE',  ( 0.000000000000000000, 1.000000000000000000, -1.490391467001149092E-15 ) ) ;
#6056 = VERTEX_POINT ( 'NONE', #4345 ) ;
#6057 = CARTESIAN_POINT ( 'NONE',  ( 14.80359178553217525, 1.836970198721020813E-16, -1.500000000000001332 ) ) ;
#6058 = ORIENTED_EDGE ( 'NONE', *, *, #2777, .F. ) ;
#6059 = CARTESIAN_POINT ( 'NONE',  ( 15.80359178553217347, 9.770634195117721323E-16, 0.000000000000000000 ) ) ;
#6060 = CIRCLE ( 'NONE', #777, 1.500000000000001110 ) ;
#6061 = DIRECTION ( 'NONE',  ( 0.000000000000000000, -1.000000000000000000, 0.000000000000000000 ) ) ;
#6062 = CARTESIAN_POINT ( 'NONE',  ( 13.19640821446782120, -1.348150961071065097E-30, 1.500000000000001332 ) ) ;
#6063 = DIRECTION ( 'NONE',  ( 0.5735764363510434949, 0.8191520442889935749, 0.000000000000000000 ) ) ;
#6064 = VERTEX_POINT ( 'NONE', #6693 ) ;
#6065 = EDGE_CURVE ( 'NONE', #5889, #2817, #7056, .T. ) ;
#6066 = VECTOR ( 'NONE', #1541, 1000.000000000000000 ) ;
#6067 = AXIS2_PLACEMENT_3D ( 'NONE', #5235, #7052, #2274 ) ;
#6068 = DIRECTION ( 'NONE',  ( 0.000000000000000000, -1.000000000000000000, 0.000000000000000000 ) ) ;
#6069 = ORIENTED_EDGE ( 'NONE', *, *, #1174, .T. ) ;
#6070 = FACE_OUTER_BOUND ( 'NONE', #5343, .T. ) ;
#6071 = EDGE_CURVE ( 'NONE', #1780, #5792, #1657, .T. ) ;
#6072 = LINE ( 'NONE', #3713, #3207 ) ;
#6073 = AXIS2_PLACEMENT_3D ( 'NONE', #3187, #6697, #1922 ) ;
#6074 = AXIS2_PLACEMENT_3D ( 'NONE', #1588, #1007, #4474 ) ;
#6075 = CIRCLE ( 'NONE', #2503, 1.500000000000001110 ) ;
#6076 = CARTESIAN_POINT ( 'NONE',  ( 7.196408214467821196, 1.025167968987813186E-15, 0.000000000000000000 ) ) ;
#6077 = ORIENTED_EDGE ( 'NONE', *, *, #5323, .F. ) ;
#6078 = EDGE_CURVE ( 'NONE', #2049, #5804, #427, .T. ) ;
#6079 = EDGE_CURVE ( 'NONE', #6522, #1662, #6694, .T. ) ;
#6080 = AXIS2_PLACEMENT_3D ( 'NONE', #2378, #3389, #3535 ) ;
#6081 = CARTESIAN_POINT ( 'NONE',  ( 22.00000000000000000, -1.219500000000000028, 1.665213485140615106E-16 ) ) ;
#6082 = VERTEX_POINT ( 'NONE', #6223 ) ;
#6083 = FACE_OUTER_BOUND ( 'NONE', #3774, .T. ) ;
#6084 = VECTOR ( 'NONE', #4240, 1000.000000000000000 ) ;
#6085 = EDGE_CURVE ( 'NONE', #7066, #956, #7435, .T. ) ;
#6086 = CARTESIAN_POINT ( 'NONE',  ( 11.19640821446782120, 1.500000000000001998, 0.000000000000000000 ) ) ;
#6087 = SHAPE_DEFINITION_REPRESENTATION ( #3454, #3876 ) ;
#6088 = ADVANCED_FACE ( 'NONE', ( #951 ), #3292, .T. ) ;
#6089 = CIRCLE ( 'NONE', #2024, 1.500000000000001110 ) ;
#6090 = DIRECTION ( 'NONE',  ( 0.000000000000000000, -1.000000000000000000, 0.000000000000000000 ) ) ;
#6091 = ORIENTED_EDGE ( 'NONE', *, *, #5505, .F. ) ;
#6092 = DIRECTION ( 'NONE',  ( -1.000000000000000000, -1.224606353822377258E-16, -0.000000000000000000 ) ) ;
#6093 = ORIENTED_EDGE ( 'NONE', *, *, #4894, .T. ) ;
#6094 = DIRECTION ( 'NONE',  ( 0.000000000000000000, -1.000000000000000000, 0.000000000000000000 ) ) ;
#6095 = CYLINDRICAL_SURFACE ( 'NONE', #1566, 1.499999999999999556 ) ;
#6096 = DIRECTION ( 'NONE',  ( 1.000000000000000000, 1.224606353822377258E-16, 0.000000000000000000 ) ) ;
#6097 = ORIENTED_EDGE ( 'NONE', *, *, #3690, .F. ) ;
#6098 = DIRECTION ( 'NONE',  ( 0.000000000000000000, 0.000000000000000000, 1.000000000000000000 ) ) ;
#6099 = ORIENTED_EDGE ( 'NONE', *, *, #2120, .T. ) ;
#6100 = ORIENTED_EDGE ( 'NONE', *, *, #5506, .T. ) ;
#6101 = CARTESIAN_POINT ( 'NONE',  ( 17.50000000000000000, 1.001115694249792856E-15, 0.000000000000000000 ) ) ;
#6102 = CARTESIAN_POINT ( 'NONE',  ( -31.74999999999995737, 1.836970198721029441E-16, -1.499999999999999556 ) ) ;
#6103 = EDGE_CURVE ( 'NONE', #5544, #4129, #988, .T. ) ;
#6104 = LINE ( 'NONE', #6670, #3651 ) ;
#6105 = DIRECTION ( 'NONE',  ( -1.000000000000000000, -1.224606353822377258E-16, -0.000000000000000000 ) ) ;
#6106 = ORIENTED_EDGE ( 'NONE', *, *, #3113, .T. ) ;
#6107 = DIRECTION ( 'NONE',  ( 0.000000000000000000, 1.000000000000000000, -1.224646799147353207E-16 ) ) ;
#6108 = ORIENTED_EDGE ( 'NONE', *, *, #3528, .F. ) ;
#6109 = DIRECTION ( 'NONE',  ( 0.000000000000000000, -1.000000000000000000, 0.000000000000000000 ) ) ;
#6110 = DIRECTION ( 'NONE',  ( -1.000000000000000000, -1.224606353822377258E-16, -0.000000000000000000 ) ) ;
#6111 = LINE ( 'NONE', #4445, #1695 ) ;
#6112 = ORIENTED_EDGE ( 'NONE', *, *, #6580, .F. ) ;
#6113 = CIRCLE ( 'NONE', #3397, 1.500000000000001110 ) ;
#6114 = ORIENTED_EDGE ( 'NONE', *, *, #2672, .T. ) ;
#6115 = CARTESIAN_POINT ( 'NONE',  ( 3.000000000000000000, 2.750000000000000000, 0.000000000000000000 ) ) ;
#6116 = CARTESIAN_POINT ( 'NONE',  ( 7.696408214467822084, 1.025167968987813186E-15, 0.000000000000000000 ) ) ;
#6117 = ADVANCED_FACE ( 'NONE', ( #5647 ), #1678, .T. ) ;
#6118 = AXIS2_PLACEMENT_3D ( 'NONE', #7079, #2349, #4699 ) ;
#6119 = EDGE_CURVE ( 'NONE', #4578, #5477, #380, .T. ) ;
#6120 = CARTESIAN_POINT ( 'NONE',  ( 22.19640821446782297, -1.500000000000000222, 1.836970198721031413E-16 ) ) ;
#6121 = VERTEX_POINT ( 'NONE', #6829 ) ;
#6122 = VECTOR ( 'NONE', #5919, 1000.000000000000000 ) ;
#6123 = DIRECTION ( 'NONE',  ( -1.000000000000000000, -1.224606353822377258E-16, -0.000000000000000000 ) ) ;
#6124 = EDGE_LOOP ( 'NONE', ( #1271, #1835, #6561, #7469, #4220 ) ) ;
#6125 = ADVANCED_FACE ( 'NONE', ( #6335 ), #451, .T. ) ;
#6126 = EDGE_CURVE ( 'NONE', #2169, #5811, #5708, .T. ) ;
#6127 = DIRECTION ( 'NONE',  ( 1.000000000000000000, 1.224606353822377258E-16, 0.000000000000000000 ) ) ;
#6128 = CIRCLE ( 'NONE', #6969, 1.500000000000001110 ) ;
#6129 = AXIS2_PLACEMENT_3D ( 'NONE', #2839, #2805, #2224 ) ;
#6130 = CIRCLE ( 'NONE', #3905, 1.219500000000001139 ) ;
#6131 = DIRECTION ( 'NONE',  ( 0.000000000000000000, -1.000000000000000000, 0.000000000000000000 ) ) ;
#6132 = CARTESIAN_POINT ( 'NONE',  ( 20.19640821446781942, 1.025167968987813186E-15, 0.000000000000000000 ) ) ;
#6133 = VERTEX_POINT ( 'NONE', #1102 ) ;
#6135 = DIRECTION ( 'NONE',  ( 0.000000000000000000, -1.000000000000000000, 0.000000000000000000 ) ) ;
#6134 = AXIS2_PLACEMENT_3D ( 'NONE', #3652, #7154, #5472 ) ;
#6136 = ORIENTED_EDGE ( 'NONE', *, *, #6632, .T. ) ;
#6137 = AXIS2_PLACEMENT_3D ( 'NONE', #3439, #5055, #3859 ) ;
#6138 = DIRECTION ( 'NONE',  ( 1.000000000000000000, 0.000000000000000000, 0.000000000000000000 ) ) ;
#6139 = DIRECTION ( 'NONE',  ( 0.000000000000000000, -1.000000000000000000, 0.000000000000000000 ) ) ;
#6140 = CARTESIAN_POINT ( 'NONE',  ( 16.80359178553217347, 9.770634195117721323E-16, 0.000000000000000000 ) ) ;
#6141 = ORIENTED_EDGE ( 'NONE', *, *, #1275, .F. ) ;
#6142 = DIRECTION ( 'NONE',  ( -1.000000000000000000, -0.000000000000000000, -0.000000000000000000 ) ) ;
#6143 = VERTEX_POINT ( 'NONE', #3444 ) ;
#6144 = DIRECTION ( 'NONE',  ( 0.000000000000000000, -1.000000000000000000, 0.000000000000000000 ) ) ;
#6145 = ORIENTED_EDGE ( 'NONE', *, *, #4747, .F. ) ;
#6146 = DIRECTION ( 'NONE',  ( 0.000000000000000000, 1.000000000000000000, 0.000000000000000000 ) ) ;
#6147 = VECTOR ( 'NONE', #4191, 1000.000000000000000 ) ;
#6148 = CARTESIAN_POINT ( 'NONE',  ( 17.69640821446782297, 1.025167968987813186E-15, 0.000000000000000000 ) ) ;
#6149 = EDGE_LOOP ( 'NONE', ( #4166, #5221, #4133, #4631, #2595 ) ) ;
#6150 = FACE_OUTER_BOUND ( 'NONE', #6524, .T. ) ;
#6151 = ORIENTED_EDGE ( 'NONE', *, *, #1864, .T. ) ;
#6152 = VERTEX_POINT ( 'NONE', #2142 ) ;
#6153 = DIRECTION ( 'NONE',  ( -1.000000000000000000, -0.000000000000000000, -0.000000000000000000 ) ) ;
#6154 = FACE_OUTER_BOUND ( 'NONE', #2131, .T. ) ;
#6155 = CARTESIAN_POINT ( 'NONE',  ( 7.696408214467822084, 1.025167968987813186E-15, 0.000000000000000000 ) ) ;
#6156 = ORIENTED_EDGE ( 'NONE', *, *, #6992, .F. ) ;
#6157 = AXIS2_PLACEMENT_3D ( 'NONE', #1535, #7483, #6913 ) ;
#6158 = EDGE_CURVE ( 'NONE', #6333, #1319, #2680, .T. ) ;
#6159 = DIRECTION ( 'NONE',  ( -1.000000000000000000, -1.224606353822377258E-16, -0.000000000000000000 ) ) ;
#6160 = ORIENTED_EDGE ( 'NONE', *, *, #7316, .T. ) ;
#6161 = EDGE_CURVE ( 'NONE', #937, #748, #7362, .T. ) ;
#6162 = CARTESIAN_POINT ( 'NONE',  ( 8.000000000000000000, 1.219500000000002249, 1.493456771560198551E-16 ) ) ;
#6163 = VECTOR ( 'NONE', #6304, 1000.000000000000000 ) ;
#6164 = LINE ( 'NONE', #7487, #2903 ) ;
#6165 = ORIENTED_EDGE ( 'NONE', *, *, #2485, .F. ) ;
#6166 = EDGE_CURVE ( 'NONE', #3978, #4988, #6089, .T. ) ;
#6167 = EDGE_CURVE ( 'NONE', #650, #2471, #3406, .T. ) ;
#6168 = DIRECTION ( 'NONE',  ( -1.000000000000000000, -1.224606353822377258E-16, -0.000000000000000000 ) ) ;
#6169 = VERTEX_POINT ( 'NONE', #1530 ) ;
#6170 = ORIENTED_EDGE ( 'NONE', *, *, #1505, .T. ) ;
#6171 = DIRECTION ( 'NONE',  ( 0.000000000000000000, -1.000000000000000000, 0.000000000000000000 ) ) ;
#6172 = LINE ( 'NONE', #1589, #4021 ) ;
#6173 = FACE_OUTER_BOUND ( 'NONE', #3304, .T. ) ;
#6174 = DIRECTION ( 'NONE',  ( -1.000000000000000000, -1.224606353822377258E-16, -0.000000000000000000 ) ) ;
#6175 = ORIENTED_EDGE ( 'NONE', *, *, #4045, .T. ) ;
#6176 = CARTESIAN_POINT ( 'NONE',  ( 16.19640821446781942, -1.500000000000000222, 1.836970198721031413E-16 ) ) ;
#6177 = EDGE_LOOP ( 'NONE', ( #6738, #4652, #5775, #2754, #469, #4961 ) ) ;
#6178 = AXIS2_PLACEMENT_3D ( 'NONE', #949, #4529, #6295 ) ;
#6179 = DIRECTION ( 'NONE',  ( 0.000000000000000000, -1.000000000000000000, 0.000000000000000000 ) ) ;
#6180 = CARTESIAN_POINT ( 'NONE',  ( 9.303591785532175251, 1.500000000000002442, 1.836970198721031167E-16 ) ) ;
#6181 = CONICAL_SURFACE ( 'NONE', #2855, 1.219500000000001139, 0.9599310885968800333 ) ;
#6182 = AXIS2_PLACEMENT_3D ( 'NONE', #3821, #7429, #910 ) ;
#6183 = DIRECTION ( 'NONE',  ( 0.000000000000000000, -1.000000000000000000, 0.000000000000000000 ) ) ;
#6184 = ORIENTED_EDGE ( 'NONE', *, *, #4730, .F. ) ;
#6185 = EDGE_LOOP ( 'NONE', ( #5420, #5232, #7359, #221, #4428 ) ) ;
#6186 = DIRECTION ( 'NONE',  ( -1.000000000000000000, -1.224606353822377258E-16, -0.000000000000000000 ) ) ;
#6187 = CONICAL_SURFACE ( 'NONE', #2861, 1.219500000000001139, 0.9599310885968800333 ) ;
#6188 = AXIS2_PLACEMENT_3D ( 'NONE', #6101, #5441, #7124 ) ;
#6189 = CARTESIAN_POINT ( 'NONE',  ( 19.99999999999999645, 1.001115694249792856E-15, 0.000000000000000000 ) ) ;
#6190 = ADVANCED_FACE ( 'NONE', ( #3863 ), #4962, .T. ) ;
#6191 = DIRECTION ( 'NONE',  ( -1.000000000000000000, -0.000000000000000000, -0.000000000000000000 ) ) ;
#6192 = ORIENTED_EDGE ( 'NONE', *, *, #1576, .F. ) ;
#6193 = CIRCLE ( 'NONE', #5075, 0.1000000000000000472 ) ;
#6194 = DIRECTION ( 'NONE',  ( -1.000000000000000000, -1.224606353822377258E-16, -0.000000000000000000 ) ) ;
#6195 = ORIENTED_EDGE ( 'NONE', *, *, #1743, .F. ) ;
#6196 = VECTOR ( 'NONE', #2793, 1000.000000000000000 ) ;
#6197 = DIRECTION ( 'NONE',  ( 0.000000000000000000, -1.000000000000000000, 0.000000000000000000 ) ) ;
#6198 = ADVANCED_FACE ( 'NONE', ( #3331 ), #5087, .T. ) ;
#6199 = DIRECTION ( 'NONE',  ( -1.000000000000000000, -1.224606353822377258E-16, -0.000000000000000000 ) ) ;
#6200 = EDGE_LOOP ( 'NONE', ( #1113, #1604, #4297, #542, #1734, #5504 ) ) ;
#6201 = DIRECTION ( 'NONE',  ( -1.000000000000000000, -0.000000000000000000, -0.000000000000000000 ) ) ;
#6202 = ORIENTED_EDGE ( 'NONE', *, *, #7301, .F. ) ;
#6203 = ORIENTED_EDGE ( 'NONE', *, *, #7244, .F. ) ;
#6204 = DIRECTION ( 'NONE',  ( -1.000000000000000000, -1.224606353822377258E-16, -0.000000000000000000 ) ) ;
#6205 = FACE_OUTER_BOUND ( 'NONE', #2649, .T. ) ;
#6206 = ADVANCED_FACE ( 'NONE', ( #1025 ), #1721, .T. ) ;
#6207 = EDGE_CURVE ( 'NONE', #3170, #2040, #2753, .T. ) ;
#6208 = FACE_OUTER_BOUND ( 'NONE', #3315, .T. ) ;
#6209 = CARTESIAN_POINT ( 'NONE',  ( 15.80359178553217347, -1.155557966632341512E-30, 1.500000000000001332 ) ) ;
#6210 = ORIENTED_EDGE ( 'NONE', *, *, #5074, .F. ) ;
#6211 = EDGE_CURVE ( 'NONE', #3372, #4155, #5376, .T. ) ;
#6212 = CARTESIAN_POINT ( 'NONE',  ( 9.303591785532175251, -1.155557966632341512E-30, 1.500000000000001332 ) ) ;
#6213 = VERTEX_POINT ( 'NONE', #36 ) ;
#6214 = EDGE_CURVE ( 'NONE', #5792, #1780, #2387, .T. ) ;
#6215 = ORIENTED_EDGE ( 'NONE', *, *, #424, .T. ) ;
#6216 = DIRECTION ( 'NONE',  ( 0.000000000000000000, -1.000000000000000000, 0.000000000000000000 ) ) ;
#6217 = CARTESIAN_POINT ( 'NONE',  ( 20.99999999999999645, 1.001115694249792856E-15, 0.000000000000000000 ) ) ;
#6218 = ADVANCED_FACE ( 'NONE', ( #4635 ), #1802, .T. ) ;
#6219 = FACE_OUTER_BOUND ( 'NONE', #6177, .T. ) ;
#6220 = ORIENTED_EDGE ( 'NONE', *, *, #5641, .T. ) ;
#6221 = VERTEX_POINT ( 'NONE', #7592 ) ;
#6222 = LINE ( 'NONE', #3979, #6419 ) ;
#6223 = CARTESIAN_POINT ( 'NONE',  ( 16.19640821446781942, 1.500000000000001998, 0.000000000000000000 ) ) ;
#6224 = AXIS2_PLACEMENT_3D ( 'NONE', #2080, #4427, #5035 ) ;
#6225 = FACE_OUTER_BOUND ( 'NONE', #6812, .T. ) ;
#6226 = ORIENTED_EDGE ( 'NONE', *, *, #2672, .F. ) ;
#6227 = CARTESIAN_POINT ( 'NONE',  ( 5.500000000000000000, 1.219500000000002249, 0.000000000000000000 ) ) ;
#6228 = ORIENTED_EDGE ( 'NONE', *, *, #2818, .T. ) ;
#6229 = ADVANCED_FACE ( 'NONE', ( #6980 ), #7262, .T. ) ;
#6230 = VECTOR ( 'NONE', #6395, 1000.000000000000000 ) ;
#6231 = DIRECTION ( 'NONE',  ( 0.000000000000000000, -1.000000000000000000, 0.000000000000000000 ) ) ;
#6232 = LINE ( 'NONE', #2612, #6745 ) ;
#6233 = CONICAL_SURFACE ( 'NONE', #4006, 1.219500000000001139, 0.9599310885968800333 ) ;
#6234 = AXIS2_PLACEMENT_3D ( 'NONE', #3134, #5557, #2626 ) ;
#6235 = DIRECTION ( 'NONE',  ( 0.000000000000000000, -1.000000000000000000, 0.000000000000000000 ) ) ;
#6236 = ORIENTED_EDGE ( 'NONE', *, *, #1231, .T. ) ;
#6237 = LINE ( 'NONE', #3994, #6422 ) ;
#6238 = ORIENTED_EDGE ( 'NONE', *, *, #2292, .F. ) ;
#6239 = ORIENTED_EDGE ( 'NONE', *, *, #476, .F. ) ;
#6240 = AXIS2_PLACEMENT_3D ( 'NONE', #2893, #5238, #2318 ) ;
#6241 = AXIS2_PLACEMENT_3D ( 'NONE', #4244, #1326, #4292 ) ;
#6242 = VECTOR ( 'NONE', #1515, 1000.000000000000000 ) ;
#6243 = CARTESIAN_POINT ( 'NONE',  ( 15.50000000000000000, 1.001115694249792856E-15, 0.000000000000000000 ) ) ;
#6244 = CARTESIAN_POINT ( 'NONE',  ( -31.74999999999995737, 0.000000000000000000, 0.000000000000000000 ) ) ;
#6245 = DIRECTION ( 'NONE',  ( 1.000000000000000000, 1.224606353822377258E-16, 0.000000000000000000 ) ) ;
#6246 = AXIS2_PLACEMENT_3D ( 'NONE', #6320, #6815, #972 ) ;
#6247 = CARTESIAN_POINT ( 'NONE',  ( 9.196408214467821196, -1.500000000000000222, 1.836970198721031413E-16 ) ) ;
#6248 = ORIENTED_EDGE ( 'NONE', *, *, #812, .F. ) ;
#6249 = VECTOR ( 'NONE', #3367, 1000.000000000000114 ) ;
#6250 = CARTESIAN_POINT ( 'NONE',  ( 12.19640821446782120, 1.025167968987813186E-15, 0.000000000000000000 ) ) ;
#6251 = ORIENTED_EDGE ( 'NONE', *, *, #1602, .F. ) ;
#6252 = ADVANCED_FACE ( 'NONE', ( #4215 ), #1494, .T. ) ;
#6253 = DIRECTION ( 'NONE',  ( 0.000000000000000000, 0.000000000000000000, 1.000000000000000000 ) ) ;
#6254 = AXIS2_PLACEMENT_3D ( 'NONE', #7230, #6581, #6699 ) ;
#6255 = DIRECTION ( 'NONE',  ( 0.000000000000000000, 0.000000000000000000, 1.000000000000000000 ) ) ;
#6256 = AXIS2_PLACEMENT_3D ( 'NONE', #4902, #1943, #7202 ) ;
#6257 = EDGE_CURVE ( 'NONE', #2817, #4799, #7378, .T. ) ;
#6258 = CARTESIAN_POINT ( 'NONE',  ( 22.69640821446782297, 1.025167968987813186E-15, 0.000000000000000000 ) ) ;
#6259 = VERTEX_POINT ( 'NONE', #4135 ) ;
#6260 = EDGE_CURVE ( 'NONE', #1780, #5719, #1840, .T. ) ;
#6261 = ADVANCED_FACE ( 'NONE', ( #4099 ), #4675, .T. ) ;
#6262 = ORIENTED_EDGE ( 'NONE', *, *, #7055, .F. ) ;
#6263 = CARTESIAN_POINT ( 'NONE',  ( -31.74999999999995737, 1.836970198721029441E-16, -1.499999999999999556 ) ) ;
#6264 = DIRECTION ( 'NONE',  ( 0.000000000000000000, -1.000000000000000000, 0.000000000000000000 ) ) ;
#6265 = DIRECTION ( 'NONE',  ( 0.000000000000000000, -1.000000000000000000, 0.000000000000000000 ) ) ;
#6266 = DIRECTION ( 'NONE',  ( 0.000000000000000000, 0.000000000000000000, 1.000000000000000000 ) ) ;
#6267 = ORIENTED_EDGE ( 'NONE', *, *, #2769, .T. ) ;
#6268 = DIRECTION ( 'NONE',  ( 0.000000000000000000, 0.000000000000000000, 1.000000000000000000 ) ) ;
#6269 = ORIENTED_EDGE ( 'NONE', *, *, #560, .T. ) ;
#6270 = FACE_OUTER_BOUND ( 'NONE', #3995, .T. ) ;
#6271 = DIRECTION ( 'NONE',  ( 0.000000000000000000, -1.000000000000000000, 0.000000000000000000 ) ) ;
#6272 = AXIS2_PLACEMENT_3D ( 'NONE', #4534, #6728, #2684 ) ;
#6273 = DIRECTION ( 'NONE',  ( -1.000000000000000000, -1.224606353822377258E-16, -0.000000000000000000 ) ) ;
#6274 = ORIENTED_EDGE ( 'NONE', *, *, #6211, .T. ) ;
#6275 = DIRECTION ( 'NONE',  ( -0.5735764363510470476, -0.8191520442889912434, 0.000000000000000000 ) ) ;
#6276 = ORIENTED_EDGE ( 'NONE', *, *, #6818, .T. ) ;
#6277 = ORIENTED_EDGE ( 'NONE', *, *, #6946, .F. ) ;
#6278 = CIRCLE ( 'NONE', #4556, 1.500000000000001110 ) ;
#6279 = CIRCLE ( 'NONE', #5295, 0.2999999999999999334 ) ;
#6280 = DIRECTION ( 'NONE',  ( 1.000000000000000000, 1.224606353822377258E-16, 0.000000000000000000 ) ) ;
#6281 = DIRECTION ( 'NONE',  ( 0.5735764363510434949, 0.8191520442889935749, 0.000000000000000000 ) ) ;
#6282 = CARTESIAN_POINT ( 'NONE',  ( 20.30359178553217703, 1.836970198721020813E-16, -1.500000000000001332 ) ) ;
#6283 = CARTESIAN_POINT ( 'NONE',  ( 9.803591785532175251, 1.500000000000002442, 1.836970198721031167E-16 ) ) ;
#6284 = ORIENTED_EDGE ( 'NONE', *, *, #3803, .F. ) ;
#6285 = DIRECTION ( 'NONE',  ( -1.000000000000000000, -1.224606353822377258E-16, -0.000000000000000000 ) ) ;
#6286 = VERTEX_POINT ( 'NONE', #565 ) ;
#6287 = DIRECTION ( 'NONE',  ( 0.000000000000000000, 1.000000000000000000, 0.000000000000000000 ) ) ;
#6288 = AXIS2_PLACEMENT_3D ( 'NONE', #5250, #2406, #7135 ) ;
#6289 = FACE_OUTER_BOUND ( 'NONE', #4678, .T. ) ;
#6290 = EDGE_CURVE ( 'NONE', #4192, #4541, #7019, .T. ) ;
#6291 = DIRECTION ( 'NONE',  ( 0.5735764363510434949, 0.8191520442889935749, 0.000000000000000000 ) ) ;
#6292 = VERTEX_POINT ( 'NONE', #1139 ) ;
#6293 = VECTOR ( 'NONE', #4304, 1000.000000000000000 ) ;
#6294 = VERTEX_POINT ( 'NONE', #3488 ) ;
#6295 = DIRECTION ( 'NONE',  ( 0.000000000000000000, -1.000000000000000000, 0.000000000000000000 ) ) ;
#6296 = DIRECTION ( 'NONE',  ( -1.000000000000000000, -1.224606353822377258E-16, -0.000000000000000000 ) ) ;
#6297 = CIRCLE ( 'NONE', #7272, 1.500000000000001110 ) ;
#6298 = ORIENTED_EDGE ( 'NONE', *, *, #6260, .T. ) ;
#6299 = ADVANCED_FACE ( 'NONE', ( #3522 ), #4325, .T. ) ;
#6300 = EDGE_CURVE ( 'NONE', #2460, #4793, #3943, .T. ) ;
#6301 = CARTESIAN_POINT ( 'NONE',  ( 10.19640821446782297, 1.025167968987813186E-15, 0.000000000000000000 ) ) ;
#6302 = CARTESIAN_POINT ( 'NONE',  ( 13.00000000000000000, -1.219500000000000028, 0.000000000000000000 ) ) ;
#6303 = AXIS2_PLACEMENT_3D ( 'NONE', #4501, #6842, #2963 ) ;
#6304 = DIRECTION ( 'NONE',  ( -1.000000000000000000, -0.000000000000000000, -0.000000000000000000 ) ) ;
#6305 = ADVANCED_FACE ( 'NONE', ( #5878 ), #603, .T. ) ;
#6306 = ORIENTED_EDGE ( 'NONE', *, *, #6677, .F. ) ;
#6307 = CYLINDRICAL_SURFACE ( 'NONE', #102, 1.499999999999999556 ) ;
#6308 = EDGE_CURVE ( 'NONE', #271, #7213, #6533, .T. ) ;
#6309 = CARTESIAN_POINT ( 'NONE',  ( 17.69640821446782297, -1.500000000000000000, 1.836970198721031167E-16 ) ) ;
#6310 = CIRCLE ( 'NONE', #5195, 1.500000000000001110 ) ;
#6311 = AXIS2_PLACEMENT_3D ( 'NONE', #7204, #799, #4295 ) ;
#6312 = LINE ( 'NONE', #1039, #4521 ) ;
#6313 = ORIENTED_EDGE ( 'NONE', *, *, #6807, .F. ) ;
#6314 = FACE_OUTER_BOUND ( 'NONE', #5926, .T. ) ;
#6315 = EDGE_LOOP ( 'NONE', ( #5008, #3012, #2674, #4280, #6251, #7073 ) ) ;
#6316 = VERTEX_POINT ( 'NONE', #3603 ) ;
#6317 = CIRCLE ( 'NONE', #3121, 1.500000000000001110 ) ;
#6318 = DIRECTION ( 'NONE',  ( -1.000000000000000000, -1.224606353822377258E-16, -0.000000000000000000 ) ) ;
#6319 = AXIS2_PLACEMENT_3D ( 'NONE', #3160, #6627, #7268 ) ;
#6320 = CARTESIAN_POINT ( 'NONE',  ( 21.50000000000000000, 1.001115694249792856E-15, 0.000000000000000000 ) ) ;
#6321 = CARTESIAN_POINT ( 'NONE',  ( 1.300000000000000044, -0.7274613391789266359, 1.260000000000003118 ) ) ;
#6322 = CONICAL_SURFACE ( 'NONE', #7294, 1.219500000000001139, 0.9599310885968800333 ) ;
#6323 = AXIS2_PLACEMENT_3D ( 'NONE', #1426, #4949, #6612 ) ;
#6324 = DIRECTION ( 'NONE',  ( 0.000000000000000000, -1.000000000000000000, 0.000000000000000000 ) ) ;
#6325 = ORIENTED_EDGE ( 'NONE', *, *, #1277, .T. ) ;
#6326 = DIRECTION ( 'NONE',  ( 0.5735764363510434949, 0.8191520442889935749, 0.000000000000000000 ) ) ;
#6327 = VERTEX_POINT ( 'NONE', #5959 ) ;
#6328 = EDGE_CURVE ( 'NONE', #4250, #1446, #4932, .T. ) ;
#6329 = CARTESIAN_POINT ( 'NONE',  ( 18.19640821446782297, 1.025167968987813186E-15, 0.000000000000000000 ) ) ;
#6330 = DIRECTION ( 'NONE',  ( -1.000000000000000000, -1.224606353822377258E-16, -0.000000000000000000 ) ) ;
#6331 = CARTESIAN_POINT ( 'NONE',  ( -31.74999999999995737, 0.000000000000000000, 0.000000000000000000 ) ) ;
#6332 = ORIENTED_EDGE ( 'NONE', *, *, #523, .F. ) ;
#6333 = VERTEX_POINT ( 'NONE', #3176 ) ;
#6334 = DIRECTION ( 'NONE',  ( 0.000000000000000000, -1.000000000000000000, 0.000000000000000000 ) ) ;
#6335 = FACE_OUTER_BOUND ( 'NONE', #7059, .T. ) ;
#6336 = CARTESIAN_POINT ( 'NONE',  ( 13.19640821446782120, 1.500000000000002220, 0.000000000000000000 ) ) ;
#6337 = ORIENTED_EDGE ( 'NONE', *, *, #3463, .T. ) ;
#6338 =( LENGTH_UNIT ( ) NAMED_UNIT ( * ) SI_UNIT ( .MILLI., .METRE. ) );
#6339 = CARTESIAN_POINT ( 'NONE',  ( -31.74999999999995737, 0.000000000000000000, 0.000000000000000000 ) ) ;
#6340 = VERTEX_POINT ( 'NONE', #3637 ) ;
#6341 = ADVANCED_FACE ( 'NONE', ( #1378 ), #4196, .T. ) ;
#6342 = DIRECTION ( 'NONE',  ( 1.000000000000000000, 1.224606353822377258E-16, 0.000000000000000000 ) ) ;
#6343 = CONICAL_SURFACE ( 'NONE', #6224, 1.500000000000001110, 0.9599310885968842522 ) ;
#6344 =( NAMED_UNIT ( * ) SI_UNIT ( $, .STERADIAN. ) SOLID_ANGLE_UNIT ( ) );
#6345 = EDGE_CURVE ( 'NONE', #6858, #7343, #6072, .T. ) ;
#6346 = CARTESIAN_POINT ( 'NONE',  ( 12.00000000000000000, -1.219500000000000028, 0.000000000000000000 ) ) ;
#6347 = ORIENTED_EDGE ( 'NONE', *, *, #1364, .T. ) ;
#6348 = DIRECTION ( 'NONE',  ( -1.000000000000000000, -0.000000000000000000, -0.000000000000000000 ) ) ;
#6349 = ORIENTED_EDGE ( 'NONE', *, *, #6859, .F. ) ;
#6350 = EDGE_CURVE ( 'NONE', #2471, #4578, #5674, .T. ) ;
#6351 = ORIENTED_EDGE ( 'NONE', *, *, #6161, .T. ) ;
#6352 = EDGE_CURVE ( 'NONE', #7205, #6259, #6774, .T. ) ;
#6353 = CIRCLE ( 'NONE', #341, 1.219500000000001139 ) ;
#6354 = LINE ( 'NONE', #1199, #4408 ) ;
#6355 = LINE ( 'NONE', #4162, #4989 ) ;
#6356 = DIRECTION ( 'NONE',  ( 0.5735764363510434949, 0.8191520442889935749, 0.000000000000000000 ) ) ;
#6357 = ORIENTED_EDGE ( 'NONE', *, *, #2156, .T. ) ;
#6359 = DIRECTION ( 'NONE',  ( 0.000000000000000000, -1.000000000000000000, 0.000000000000000000 ) ) ;
#6358 = VECTOR ( 'NONE', #7010, 1000.000000000000000 ) ;
#6360 = ORIENTED_EDGE ( 'NONE', *, *, #3989, .F. ) ;
#6361 = VECTOR ( 'NONE', #7243, 1000.000000000000000 ) ;
#6362 = CIRCLE ( 'NONE', #4145, 1.500000000000001110 ) ;
#6363 = CIRCLE ( 'NONE', #4396, 1.219500000000001139 ) ;
#6364 = CARTESIAN_POINT ( 'NONE',  ( 11.00000000000000000, 1.219500000000002249, 0.000000000000000000 ) ) ;
#6365 = FACE_OUTER_BOUND ( 'NONE', #2646, .T. ) ;
#6366 = VECTOR ( 'NONE', #4696, 1000.000000000000000 ) ;
#6367 = AXIS2_PLACEMENT_3D ( 'NONE', #3125, #5474, #217 ) ;
#6368 = AXIS2_PLACEMENT_3D ( 'NONE', #3178, #2601, #7288 ) ;
#6369 = DIRECTION ( 'NONE',  ( 1.000000000000000000, 1.224606353822377258E-16, 0.000000000000000000 ) ) ;
#6370 = ORIENTED_EDGE ( 'NONE', *, *, #3972, .F. ) ;
#6371 = EDGE_LOOP ( 'NONE', ( #3328, #1868, #1944, #2988, #2544, #7093 ) ) ;
#6372 = AXIS2_PLACEMENT_3D ( 'NONE', #4888, #1393, #4426 ) ;
#6373 = AXIS2_PLACEMENT_3D ( 'NONE', #5834, #1795, #558 ) ;
#6374 = CARTESIAN_POINT ( 'NONE',  ( 6.999999999999999112, -1.219500000000000028, 0.000000000000000000 ) ) ;
#6375 = DIRECTION ( 'NONE',  ( 0.000000000000000000, -1.000000000000000000, 0.000000000000000000 ) ) ;
#6376 = APPLICATION_CONTEXT ( 'automotive_design' ) ;
#6377 = AXIS2_PLACEMENT_3D ( 'NONE', #3769, #6127, #1538 ) ;
#6378 = VECTOR ( 'NONE', #2275, 1000.000000000000114 ) ;
#6379 = FACE_OUTER_BOUND ( 'NONE', #4826, .T. ) ;
#6380 = ORIENTED_EDGE ( 'NONE', *, *, #924, .T. ) ;
#6381 = DIRECTION ( 'NONE',  ( 0.000000000000000000, -1.000000000000000000, 0.000000000000000000 ) ) ;
#6382 = CARTESIAN_POINT ( 'NONE',  ( 20.99999999999999645, -1.219500000000000028, 1.665213485140615106E-16 ) ) ;
#6383 = VERTEX_POINT ( 'NONE', #874 ) ;
#6384 = DIRECTION ( 'NONE',  ( -1.000000000000000000, -1.224606353822377258E-16, -0.000000000000000000 ) ) ;
#6385 = AXIS2_PLACEMENT_3D ( 'NONE', #1114, #3422, #6464 ) ;
#6386 = EDGE_CURVE ( 'NONE', #562, #7560, #883, .T. ) ;
#6387 = LINE ( 'NONE', #5897, #2896 ) ;
#6388 = ORIENTED_EDGE ( 'NONE', *, *, #6214, .T. ) ;
#6389 = DIRECTION ( 'NONE',  ( 0.000000000000000000, -1.000000000000000000, 0.000000000000000000 ) ) ;
#6390 = ORIENTED_EDGE ( 'NONE', *, *, #1375, .F. ) ;
#6391 = ORIENTED_EDGE ( 'NONE', *, *, #1277, .F. ) ;
#6392 = EDGE_CURVE ( 'NONE', #6572, #6340, #5564, .T. ) ;
#6393 = CARTESIAN_POINT ( 'NONE',  ( 10.69640821446782120, -1.348150961071065097E-30, 1.500000000000001332 ) ) ;
#6394 = EDGE_CURVE ( 'NONE', #4403, #4903, #3702, .T. ) ;
#6395 = DIRECTION ( 'NONE',  ( -0.5735764363510472696, 0.8191520442889909104, 1.003171929053523884E-16 ) ) ;
#6396 = ADVANCED_FACE ( 'NONE', ( #4299 ), #2634, .T. ) ;
#6397 = FACE_OUTER_BOUND ( 'NONE', #6460, .T. ) ;
#6398 = EDGE_LOOP ( 'NONE', ( #1176, #5601, #4139, #5710, #481 ) ) ;
#6399 = AXIS2_PLACEMENT_3D ( 'NONE', #3864, #419, #2758 ) ;
#6400 = CARTESIAN_POINT ( 'NONE',  ( 18.30359178553217347, 1.500000000000002442, 1.836970198721031167E-16 ) ) ;
#6401 = ORIENTED_EDGE ( 'NONE', *, *, #2769, .F. ) ;
#6402 = DIRECTION ( 'NONE',  ( 0.000000000000000000, -1.000000000000000000, 0.000000000000000000 ) ) ;
#6403 = LINE ( 'NONE', #7087, #2295 ) ;
#6404 = VECTOR ( 'NONE', #2894, 1000.000000000000000 ) ;
#6405 = CARTESIAN_POINT ( 'NONE',  ( 8.196408214467821196, -1.500000000000000222, 1.836970198721031413E-16 ) ) ;
#6406 = LINE ( 'NONE', #2321, #4030 ) ;
#6407 = VERTEX_POINT ( 'NONE', #2484 ) ;
#6408 = ORIENTED_EDGE ( 'NONE', *, *, #2959, .T. ) ;
#6409 = VECTOR ( 'NONE', #5129, 1000.000000000000000 ) ;
#6410 = ORIENTED_EDGE ( 'NONE', *, *, #330, .T. ) ;
#6411 = CYLINDRICAL_SURFACE ( 'NONE', #3830, 1.499999999999999556 ) ;
#6412 = CARTESIAN_POINT ( 'NONE',  ( 22.50000000000000000, 1.001115694249792856E-15, 0.000000000000000000 ) ) ;
#6413 = AXIS2_PLACEMENT_3D ( 'NONE', #7555, #1728, #1229 ) ;
#6414 = CARTESIAN_POINT ( 'NONE',  ( 0.000000000000000000, 1.454922678357858157, -9.757819552369539906E-16 ) ) ;
#6415 = ORIENTED_EDGE ( 'NONE', *, *, #6937, .T. ) ;
#6416 = CARTESIAN_POINT ( 'NONE',  ( 0.3000000000000016542, 0.000000000000000000, 2.449999999999999734 ) ) ;
#6417 = VERTEX_POINT ( 'NONE', #6036 ) ;
#6418 = CARTESIAN_POINT ( 'NONE',  ( 14.00000000000000000, 1.001115694249792856E-15, 0.000000000000000000 ) ) ;
#6419 = VECTOR ( 'NONE', #3906, 1000.000000000000227 ) ;
#6420 = EDGE_CURVE ( 'NONE', #5335, #1254, #6894, .T. ) ;
#6421 = CARTESIAN_POINT ( 'NONE',  ( 15.69640821446782120, 1.025167968987813186E-15, 0.000000000000000000 ) ) ;
#6422 = VECTOR ( 'NONE', #967, 1000.000000000000000 ) ;
#6423 = AXIS2_PLACEMENT_3D ( 'NONE', #2746, #3932, #2166 ) ;
#6424 = FACE_OUTER_BOUND ( 'NONE', #7455, .T. ) ;
#6425 = EDGE_LOOP ( 'NONE', ( #6506, #3038, #4438, #447, #6929, #1022 ) ) ;
#6426 = DIRECTION ( 'NONE',  ( -1.000000000000000000, -1.224606353822377258E-16, -0.000000000000000000 ) ) ;
#6427 = VERTEX_POINT ( 'NONE', #4409 ) ;
#6428 = ORIENTED_EDGE ( 'NONE', *, *, #3620, .T. ) ;
#6429 = CONICAL_SURFACE ( 'NONE', #536, 1.219500000000000028, 0.7853981633974544962 ) ;
#6430 = DIRECTION ( 'NONE',  ( -1.000000000000000000, -0.000000000000000000, -0.000000000000000000 ) ) ;
#6431 = AXIS2_PLACEMENT_3D ( 'NONE', #5980, #5402, #7082 ) ;
#6432 = LINE ( 'NONE', #550, #7450 ) ;
#6433 = CARTESIAN_POINT ( 'NONE',  ( 13.00000000000000000, 1.001115694249792856E-15, 0.000000000000000000 ) ) ;
#6434 = ORIENTED_EDGE ( 'NONE', *, *, #6497, .T. ) ;
#6435 = VECTOR ( 'NONE', #5927, 999.9999999999998863 ) ;
#6436 = CARTESIAN_POINT ( 'NONE',  ( 21.30359178553217703, 1.499999999999997335, 1.836970198721025250E-16 ) ) ;
#6437 = ORIENTED_EDGE ( 'NONE', *, *, #7233, .T. ) ;
#6438 = CONICAL_SURFACE ( 'NONE', #1410, 1.219500000000001139, 0.9599310885968800333 ) ;
#6439 = EDGE_CURVE ( 'NONE', #41, #7047, #4686, .T. ) ;
#6440 = CARTESIAN_POINT ( 'NONE',  ( 8.303591785532175251, 9.770634195117721323E-16, 0.000000000000000000 ) ) ;
#6441 = ADVANCED_FACE ( 'NONE', ( #7285 ), #763, .T. ) ;
#6442 = DIRECTION ( 'NONE',  ( 0.000000000000000000, 1.000000000000000000, 0.000000000000000000 ) ) ;
#6443 = CONICAL_SURFACE ( 'NONE', #6323, 1.500000000000001110, 0.9599310885968842522 ) ;
#6444 = DIRECTION ( 'NONE',  ( 0.5735764363510434949, 0.8191520442889935749, 0.000000000000000000 ) ) ;
#6445 = EDGE_CURVE ( 'NONE', #3481, #5547, #7140, .T. ) ;
#6446 = PRODUCT_DEFINITION ( 'General', '', #3539, #4249 ) ;
#6447 = DIRECTION ( 'NONE',  ( -1.000000000000000000, -1.224606353822377258E-16, -0.000000000000000000 ) ) ;
#6448 = ORIENTED_EDGE ( 'NONE', *, *, #5311, .F. ) ;
#6449 = ORIENTED_EDGE ( 'NONE', *, *, #2725, .T. ) ;
#6450 = VERTEX_POINT ( 'NONE', #4975 ) ;
#6451 = EDGE_CURVE ( 'NONE', #2460, #3767, #1950, .T. ) ;
#6452 = CARTESIAN_POINT ( 'NONE',  ( 1.300000000000000044, -0.7274613391789266359, 1.260000000000003118 ) ) ;
#6453 = EDGE_CURVE ( 'NONE', #5836, #3611, #5416, .T. ) ;
#6454 = DIRECTION ( 'NONE',  ( -1.000000000000000000, -1.224606353822377258E-16, -0.000000000000000000 ) ) ;
#6455 = DIRECTION ( 'NONE',  ( -1.000000000000000000, -1.224606353822377258E-16, -0.000000000000000000 ) ) ;
#6456 = ORIENTED_EDGE ( 'NONE', *, *, #5109, .T. ) ;
#6457 = DIRECTION ( 'NONE',  ( -1.000000000000000000, -0.000000000000000000, -0.000000000000000000 ) ) ;
#6458 = EDGE_LOOP ( 'NONE', ( #406, #1957, #561, #297, #1520, #3339 ) ) ;
#6459 = DIRECTION ( 'NONE',  ( -1.000000000000000000, -1.224606353822377258E-16, -0.000000000000000000 ) ) ;
#6460 = EDGE_LOOP ( 'NONE', ( #5651, #3061, #633, #1489, #2260, #5100 ) ) ;
#6461 = DIRECTION ( 'NONE',  ( -1.000000000000000000, -0.000000000000000000, -0.000000000000000000 ) ) ;
#6462 = CARTESIAN_POINT ( 'NONE',  ( 22.30359178553217703, 9.770634195117721323E-16, 0.000000000000000000 ) ) ;
#6463 = CARTESIAN_POINT ( 'NONE',  ( 8.696408214467821196, 1.836970198721020073E-16, -1.500000000000001332 ) ) ;
#6464 = DIRECTION ( 'NONE',  ( 0.000000000000000000, -1.000000000000000000, 0.000000000000000000 ) ) ;
#6465 = ORIENTED_EDGE ( 'NONE', *, *, #1652, .T. ) ;
#6466 = LINE ( 'NONE', #5933, #4084 ) ;
#6467 = ORIENTED_EDGE ( 'NONE', *, *, #7049, .F. ) ;
#6468 = CARTESIAN_POINT ( 'NONE',  ( 13.00000000000000000, 1.001115694249792856E-15, 0.000000000000000000 ) ) ;
#6469 = LINE ( 'NONE', #7494, #2681 ) ;
#6470 = CARTESIAN_POINT ( 'NONE',  ( 23.00000000000000000, 0.000000000000000000, 0.000000000000000000 ) ) ;
#6471 = DIRECTION ( 'NONE',  ( -0.5735764363510470476, -0.8191520442889912434, 0.000000000000000000 ) ) ;
#6472 = ORIENTED_EDGE ( 'NONE', *, *, #6770, .F. ) ;
#6473 = DIRECTION ( 'NONE',  ( -1.000000000000000000, -0.000000000000000000, -0.000000000000000000 ) ) ;
#6474 = ORIENTED_EDGE ( 'NONE', *, *, #618, .T. ) ;
#6475 = CARTESIAN_POINT ( 'NONE',  ( -31.74999999999995737, 0.000000000000000000, 0.000000000000000000 ) ) ;
#6476 = AXIS2_PLACEMENT_3D ( 'NONE', #1006, #1080, #3350 ) ;
#6477 = LINE ( 'NONE', #5909, #6378 ) ;
#6478 = DIRECTION ( 'NONE',  ( 0.000000000000000000, 0.000000000000000000, 1.000000000000000000 ) ) ;
#6479 = AXIS2_PLACEMENT_3D ( 'NONE', #4027, #6384, #7028 ) ;
#6480 = CONICAL_SURFACE ( 'NONE', #4394, 1.219500000000000028, 0.7853981633974544962 ) ;
#6481 = CARTESIAN_POINT ( 'NONE',  ( -31.74999999999995737, 0.000000000000000000, 0.000000000000000000 ) ) ;
#6482 = EDGE_LOOP ( 'NONE', ( #1736, #5669, #6655, #2021, #3143 ) ) ;
#6483 = EDGE_CURVE ( 'NONE', #2964, #7150, #1744, .T. ) ;
#6484 = ORIENTED_EDGE ( 'NONE', *, *, #5937, .T. ) ;
#6485 = VECTOR ( 'NONE', #209, 1000.000000000000227 ) ;
#6486 = VERTEX_POINT ( 'NONE', #1339 ) ;
#6487 = ORIENTED_EDGE ( 'NONE', *, *, #4823, .T. ) ;
#6488 = DIRECTION ( 'NONE',  ( -1.000000000000000000, -0.000000000000000000, -0.000000000000000000 ) ) ;
#6489 = EDGE_CURVE ( 'NONE', #2266, #1879, #3455, .T. ) ;
#6490 = CIRCLE ( 'NONE', #4640, 1.500000000000001110 ) ;
#6491 = DIRECTION ( 'NONE',  ( -1.000000000000000000, -0.000000000000000000, -0.000000000000000000 ) ) ;
#6492 = VECTOR ( 'NONE', #4238, 1000.000000000000227 ) ;
#6493 = AXIS2_PLACEMENT_3D ( 'NONE', #5255, #1803, #7594 ) ;
#6494 = CARTESIAN_POINT ( 'NONE',  ( 15.30359178553217525, 1.836970198721020813E-16, -1.500000000000001332 ) ) ;
#6495 = ORIENTED_EDGE ( 'NONE', *, *, #7309, .T. ) ;
#6496 = EDGE_CURVE ( 'NONE', #2788, #2145, #3102, .T. ) ;
#6497 = EDGE_CURVE ( 'NONE', #2524, #4083, #911, .T. ) ;
#6498 = AXIS2_PLACEMENT_3D ( 'NONE', #5857, #3505, #2847 ) ;
#6499 = AXIS2_PLACEMENT_3D ( 'NONE', #1525, #1990, #4338 ) ;
#6500 = DIRECTION ( 'NONE',  ( 0.000000000000000000, 0.000000000000000000, 1.000000000000000000 ) ) ;
#6501 = ORIENTED_EDGE ( 'NONE', *, *, #6126, .F. ) ;
#6502 = DIRECTION ( 'NONE',  ( -1.000000000000000000, -0.000000000000000000, -0.000000000000000000 ) ) ;
#6503 = DIRECTION ( 'NONE',  ( 0.000000000000000000, -1.000000000000000000, 0.000000000000000000 ) ) ;
#6504 = AXIS2_PLACEMENT_3D ( 'NONE', #2003, #174, #2579 ) ;
#6505 = CARTESIAN_POINT ( 'NONE',  ( 6.499999999999999112, 1.219500000000002249, 0.000000000000000000 ) ) ;
#6506 = ORIENTED_EDGE ( 'NONE', *, *, #4132, .T. ) ;
#6507 = DIRECTION ( 'NONE',  ( 0.000000000000000000, -1.000000000000000000, 0.000000000000000000 ) ) ;
#6508 = ORIENTED_EDGE ( 'NONE', *, *, #4562, .F. ) ;
#6509 = CARTESIAN_POINT ( 'NONE',  ( 5.500000000000000000, 1.001115694249792856E-15, 0.000000000000000000 ) ) ;
#6510 = LINE ( 'NONE', #2968, #6366 ) ;
#6511 = CARTESIAN_POINT ( 'NONE',  ( 17.19640821446782297, 1.025167968987813186E-15, 0.000000000000000000 ) ) ;
#6512 = FACE_OUTER_BOUND ( 'NONE', #83, .T. ) ;
#6513 = ORIENTED_EDGE ( 'NONE', *, *, #3430, .T. ) ;
#6514 = DIRECTION ( 'NONE',  ( 1.000000000000000000, 1.224606353822377258E-16, 0.000000000000000000 ) ) ;
#6515 = ORIENTED_EDGE ( 'NONE', *, *, #6158, .F. ) ;
#6516 = FACE_OUTER_BOUND ( 'NONE', #2201, .T. ) ;
#6517 = DIRECTION ( 'NONE',  ( -1.000000000000000000, -1.224606353822377258E-16, -0.000000000000000000 ) ) ;
#6518 = EDGE_CURVE ( 'NONE', #6221, #3108, #1052, .T. ) ;
#6519 = DIRECTION ( 'NONE',  ( -1.000000000000000000, -0.000000000000000000, -0.000000000000000000 ) ) ;
#6520 = VECTOR ( 'NONE', #6457, 1000.000000000000000 ) ;
#6521 = DIRECTION ( 'NONE',  ( 0.000000000000000000, -1.000000000000000000, 0.000000000000000000 ) ) ;
#6522 = VERTEX_POINT ( 'NONE', #7430 ) ;
#6523 = ORIENTED_EDGE ( 'NONE', *, *, #759, .F. ) ;
#6524 = EDGE_LOOP ( 'NONE', ( #4449, #3541, #1163, #2121, #4361, #4839 ) ) ;
#6525 = VERTEX_POINT ( 'NONE', #7356 ) ;
#6526 = CARTESIAN_POINT ( 'NONE',  ( -31.74999999999995737, 0.000000000000000000, 0.000000000000000000 ) ) ;
#6527 = CIRCLE ( 'NONE', #2337, 1.219500000000001139 ) ;
#6528 = DIRECTION ( 'NONE',  ( -1.000000000000000000, -0.000000000000000000, -0.000000000000000000 ) ) ;
#6529 = CIRCLE ( 'NONE', #1982, 1.500000000000001110 ) ;
#6530 = EDGE_CURVE ( 'NONE', #4589, #3185, #1122, .T. ) ;
#6531 = CARTESIAN_POINT ( 'NONE',  ( 21.80359178553217703, -1.499999999999994893, 0.000000000000000000 ) ) ;
#6532 = ORIENTED_EDGE ( 'NONE', *, *, #2824, .T. ) ;
#6533 = CIRCLE ( 'NONE', #7496, 1.500000000000001110 ) ;
#6534 = LINE ( 'NONE', #3640, #3699 ) ;
#6535 = EDGE_LOOP ( 'NONE', ( #2226, #3968, #2042, #7188 ) ) ;
#6536 = DIRECTION ( 'NONE',  ( 0.000000000000000000, -1.000000000000000000, 0.000000000000000000 ) ) ;
#6537 = DIRECTION ( 'NONE',  ( -1.000000000000000000, -1.224606353822377258E-16, -0.000000000000000000 ) ) ;
#6538 = EDGE_CURVE ( 'NONE', #5792, #3885, #332, .T. ) ;
#6539 = EDGE_CURVE ( 'NONE', #5992, #6292, #2747, .T. ) ;
#6540 = EDGE_CURVE ( 'NONE', #1769, #2783, #3091, .T. ) ;
#6541 = DIRECTION ( 'NONE',  ( 0.000000000000000000, -1.000000000000000000, 0.000000000000000000 ) ) ;
#6542 = ORIENTED_EDGE ( 'NONE', *, *, #2293, .F. ) ;
#6543 = CIRCLE ( 'NONE', #4697, 1.500000000000001110 ) ;
#6544 = DIRECTION ( 'NONE',  ( 0.000000000000000000, 1.000000000000000000, 0.000000000000000000 ) ) ;
#6545 = ORIENTED_EDGE ( 'NONE', *, *, #4126, .F. ) ;
#6546 = DIRECTION ( 'NONE',  ( -1.000000000000000000, -0.000000000000000000, -0.000000000000000000 ) ) ;
#6547 = EDGE_CURVE ( 'NONE', #5544, #4430, #486, .T. ) ;
#6548 = DIRECTION ( 'NONE',  ( 0.000000000000000000, 0.000000000000000000, 1.000000000000000000 ) ) ;
#6549 = CIRCLE ( 'NONE', #3219, 2.750000000000000000 ) ;
#6550 = DIRECTION ( 'NONE',  ( 0.5735764363510434949, 0.8191520442889935749, 0.000000000000000000 ) ) ;
#6551 = CARTESIAN_POINT ( 'NONE',  ( 15.19640821446782120, 1.836970198721020073E-16, -1.500000000000001332 ) ) ;
#6552 = ORIENTED_EDGE ( 'NONE', *, *, #5253, .T. ) ;
#6553 = DIRECTION ( 'NONE',  ( 1.000000000000000000, 0.000000000000000000, 0.000000000000000000 ) ) ;
#6554 = ORIENTED_EDGE ( 'NONE', *, *, #2101, .F. ) ;
#6555 = CIRCLE ( 'NONE', #6067, 1.500000000000001110 ) ;
#6556 = DIRECTION ( 'NONE',  ( 0.000000000000000000, 0.000000000000000000, 1.000000000000000000 ) ) ;
#6557 = CARTESIAN_POINT ( 'NONE',  ( 9.500000000000000000, 1.001115694249792856E-15, 0.000000000000000000 ) ) ;
#6558 = DIRECTION ( 'NONE',  ( -1.000000000000000000, -1.224606353822377258E-16, -0.000000000000000000 ) ) ;
#6559 = VECTOR ( 'NONE', #1167, 1000.000000000000000 ) ;
#6560 = CARTESIAN_POINT ( 'NONE',  ( -31.74999999999995737, 1.836970198721029441E-16, -1.499999999999999556 ) ) ;
#6561 = ORIENTED_EDGE ( 'NONE', *, *, #5486, .F. ) ;
#6562 = CIRCLE ( 'NONE', #2132, 1.500000000000001110 ) ;
#6563 = ORIENTED_EDGE ( 'NONE', *, *, #5257, .T. ) ;
#6564 = EDGE_CURVE ( 'NONE', #5438, #2402, #6001, .T. ) ;
#6565 = ORIENTED_EDGE ( 'NONE', *, *, #4979, .T. ) ;
#6566 = DIRECTION ( 'NONE',  ( -1.000000000000000000, -1.224606353822377258E-16, -0.000000000000000000 ) ) ;
#6567 = VECTOR ( 'NONE', #4729, 1000.000000000000000 ) ;
#6568 = CARTESIAN_POINT ( 'NONE',  ( 7.696408214467822084, 1.025167968987813186E-15, 0.000000000000000000 ) ) ;
#6569 = CARTESIAN_POINT ( 'NONE',  ( 18.30359178553217347, 9.770634195117721323E-16, 0.000000000000000000 ) ) ;
#6570 = ORIENTED_EDGE ( 'NONE', *, *, #4792, .F. ) ;
#6571 = DIRECTION ( 'NONE',  ( -1.000000000000000000, -1.224606353822377258E-16, -0.000000000000000000 ) ) ;
#6572 = VERTEX_POINT ( 'NONE', #7504 ) ;
#6573 = CARTESIAN_POINT ( 'NONE',  ( 21.80359178553217703, 9.770634195117721323E-16, 0.000000000000000000 ) ) ;
#6574 = DIRECTION ( 'NONE',  ( -1.000000000000000000, -1.224606353822377258E-16, -0.000000000000000000 ) ) ;
#6575 = DIRECTION ( 'NONE',  ( 0.000000000000000000, -1.000000000000000000, 0.000000000000000000 ) ) ;
#6576 = ORIENTED_EDGE ( 'NONE', *, *, #6027, .T. ) ;
#6577 = ADVANCED_FACE ( 'NONE', ( #2242 ), #4887, .T. ) ;
#6578 = DIRECTION ( 'NONE',  ( 0.000000000000000000, -1.000000000000000000, 0.000000000000000000 ) ) ;
#6579 = ORIENTED_EDGE ( 'NONE', *, *, #7214, .T. ) ;
#6580 = EDGE_CURVE ( 'NONE', #695, #4053, #3650, .T. ) ;
#6581 = DIRECTION ( 'NONE',  ( -1.000000000000000000, -1.224606353822377258E-16, -0.000000000000000000 ) ) ;
#6582 = CARTESIAN_POINT ( 'NONE',  ( 15.30359178553217525, 9.770634195117721323E-16, 0.000000000000000000 ) ) ;
#6583 = CARTESIAN_POINT ( 'NONE',  ( -31.74999999999995737, 1.836970198721029441E-16, -1.499999999999999556 ) ) ;
#6584 = ORIENTED_EDGE ( 'NONE', *, *, #4034, .F. ) ;
#6585 = ADVANCED_FACE ( 'NONE', ( #6289 ), #1096, .T. ) ;
#6586 = EDGE_CURVE ( 'NONE', #1973, #2209, #5622, .T. ) ;
#6587 = DIRECTION ( 'NONE',  ( -1.000000000000000000, -1.224606353822377258E-16, -0.000000000000000000 ) ) ;
#6588 = VERTEX_POINT ( 'NONE', #6180 ) ;
#6589 = FACE_OUTER_BOUND ( 'NONE', #2808, .T. ) ;
#6590 = CIRCLE ( 'NONE', #3260, 0.2999999999999999334 ) ;
#6591 = CARTESIAN_POINT ( 'NONE',  ( 21.30359178553217703, -1.499999999999994893, 0.000000000000000000 ) ) ;
#6592 = DIRECTION ( 'NONE',  ( -1.000000000000000000, -1.224606353822377258E-16, -0.000000000000000000 ) ) ;
#6593 = CARTESIAN_POINT ( 'NONE',  ( 15.19640821446782120, -1.155557966632341512E-30, 1.500000000000001332 ) ) ;
#6594 = ORIENTED_EDGE ( 'NONE', *, *, #7282, .F. ) ;
#6595 = DIRECTION ( 'NONE',  ( -1.000000000000000000, -1.224606353822377258E-16, -0.000000000000000000 ) ) ;
#6596 = ORIENTED_EDGE ( 'NONE', *, *, #2029, .F. ) ;
#6597 = AXIS2_PLACEMENT_3D ( 'NONE', #3005, #5355, #5973 ) ;
#6598 = VERTEX_POINT ( 'NONE', #4444 ) ;
#6599 = CARTESIAN_POINT ( 'NONE',  ( 4.999999999999999112, 1.001115694249792856E-15, 0.000000000000000000 ) ) ;
#6600 = DIRECTION ( 'NONE',  ( 0.000000000000000000, -1.000000000000000000, 0.000000000000000000 ) ) ;
#6601 = VECTOR ( 'NONE', #7462, 1000.000000000000000 ) ;
#6602 = AXIS2_PLACEMENT_3D ( 'NONE', #6582, #1313, #4355 ) ;
#6603 = CARTESIAN_POINT ( 'NONE',  ( 1.300000000000000044, 1.454922678357858157, -9.757819552369539906E-16 ) ) ;
#6604 = VERTEX_POINT ( 'NONE', #6789 ) ;
#6605 = DIRECTION ( 'NONE',  ( 0.000000000000000000, 1.000000000000000000, 0.000000000000000000 ) ) ;
#6606 = ORIENTED_EDGE ( 'NONE', *, *, #7395, .F. ) ;
#6607 = AXIS2_PLACEMENT_3D ( 'NONE', #5285, #4745, #676 ) ;
#6608 = VECTOR ( 'NONE', #4399, 1000.000000000000000 ) ;
#6609 = AXIS2_PLACEMENT_3D ( 'NONE', #3927, #5088, #1627 ) ;
#6610 = AXIS2_PLACEMENT_3D ( 'NONE', #2717, #453, #7440 ) ;
#6611 = LINE ( 'NONE', #1385, #3826 ) ;
#6612 = DIRECTION ( 'NONE',  ( 0.000000000000000000, 1.000000000000000000, 0.000000000000000000 ) ) ;
#6613 = APPLICATION_PROTOCOL_DEFINITION ( 'draft international standard', 'automotive_design', 1998, #6376 ) ;
#6614 = VECTOR ( 'NONE', #3191, 1000.000000000000000 ) ;
#6615 = AXIS2_PLACEMENT_3D ( 'NONE', #4595, #1600, #2277 ) ;
#6616 = CARTESIAN_POINT ( 'NONE',  ( 16.19640821446781942, 1.025167968987813186E-15, 0.000000000000000000 ) ) ;
#6617 = ORIENTED_EDGE ( 'NONE', *, *, #5214, .T. ) ;
#6618 = CARTESIAN_POINT ( 'NONE',  ( -31.74999999999995737, 0.000000000000000000, 0.000000000000000000 ) ) ;
#6619 = ORIENTED_EDGE ( 'NONE', *, *, #6119, .F. ) ;
#6620 = AXIS2_PLACEMENT_3D ( 'NONE', #3748, #6105, #2594 ) ;
#6621 = CARTESIAN_POINT ( 'NONE',  ( 11.19640821446782120, 1.025167968987813186E-15, 0.000000000000000000 ) ) ;
#6622 = EDGE_CURVE ( 'NONE', #2373, #6169, #7348, .T. ) ;
#6623 = DIRECTION ( 'NONE',  ( 0.000000000000000000, 1.000000000000000000, 0.000000000000000000 ) ) ;
#6624 = FACE_OUTER_BOUND ( 'NONE', #375, .T. ) ;
#6625 = ORIENTED_EDGE ( 'NONE', *, *, #4375, .T. ) ;
#6626 = ADVANCED_FACE ( 'NONE', ( #3278 ), #1940, .T. ) ;
#6627 = DIRECTION ( 'NONE',  ( -1.000000000000000000, -1.224606353822377258E-16, -0.000000000000000000 ) ) ;
#6628 = ORIENTED_EDGE ( 'NONE', *, *, #1551, .F. ) ;
#6629 = DIRECTION ( 'NONE',  ( 0.000000000000000000, -1.000000000000000000, 0.000000000000000000 ) ) ;
#6630 = CARTESIAN_POINT ( 'NONE',  ( 17.30359178553217347, 1.836970198721020813E-16, -1.500000000000001332 ) ) ;
#6631 = ADVANCED_FACE ( 'NONE', ( #4485 ), #6824, .T. ) ;
#6632 = EDGE_CURVE ( 'NONE', #3802, #2051, #7574, .T. ) ;
#6633 = DIRECTION ( 'NONE',  ( 0.000000000000000000, -1.000000000000000000, 0.000000000000000000 ) ) ;
#6634 = DIRECTION ( 'NONE',  ( -1.000000000000000000, -1.224606353822377258E-16, -0.000000000000000000 ) ) ;
#6635 = ORIENTED_EDGE ( 'NONE', *, *, #338, .F. ) ;
#6636 = EDGE_CURVE ( 'NONE', #1746, #2469, #3894, .T. ) ;
#6637 = CARTESIAN_POINT ( 'NONE',  ( 10.30359178553217525, 1.500000000000002442, 1.836970198721031167E-16 ) ) ;
#6638 = ORIENTED_EDGE ( 'NONE', *, *, #700, .T. ) ;
#6639 = ORIENTED_EDGE ( 'NONE', *, *, #294, .T. ) ;
#6640 = UNCERTAINTY_MEASURE_WITH_UNIT (LENGTH_MEASURE( 1.000000000000000082E-05 ), #5150, 'distance_accuracy_value', 'NONE');
#6641 = EDGE_LOOP ( 'NONE', ( #1594, #3921, #6545 ) ) ;
#6642 = CARTESIAN_POINT ( 'NONE',  ( 10.69640821446782120, 1.025167968987813186E-15, 0.000000000000000000 ) ) ;
#6643 = EDGE_CURVE ( 'NONE', #4008, #6741, #4272, .T. ) ;
#6644 = CARTESIAN_POINT ( 'NONE',  ( 13.30359178553217525, 9.770634195117721323E-16, 0.000000000000000000 ) ) ;
#6645 = CIRCLE ( 'NONE', #146, 1.500000000000001110 ) ;
#6646 = DIRECTION ( 'NONE',  ( 0.000000000000000000, 0.000000000000000000, 1.000000000000000000 ) ) ;
#6647 = ORIENTED_EDGE ( 'NONE', *, *, #7181, .T. ) ;
#6648 = AXIS2_PLACEMENT_3D ( 'NONE', #6785, #265, #6144 ) ;
#6649 = CARTESIAN_POINT ( 'NONE',  ( 6.303591785532174363, 1.836970198721020813E-16, -1.500000000000001332 ) ) ;
#6650 = ORIENTED_EDGE ( 'NONE', *, *, #4161, .T. ) ;
#6651 = CIRCLE ( 'NONE', #995, 1.599999999999999645 ) ;
#6652 = FACE_OUTER_BOUND ( 'NONE', #1224, .T. ) ;
#6653 = DIRECTION ( 'NONE',  ( 0.000000000000000000, -1.000000000000000000, 0.000000000000000000 ) ) ;
#6654 = CARTESIAN_POINT ( 'NONE',  ( 20.49999999999999645, 1.001115694249792856E-15, 0.000000000000000000 ) ) ;
#6655 = ORIENTED_EDGE ( 'NONE', *, *, #2865, .F. ) ;
#6656 = DIRECTION ( 'NONE',  ( 0.000000000000000000, 0.000000000000000000, 1.000000000000000000 ) ) ;
#6657 = ORIENTED_EDGE ( 'NONE', *, *, #4424, .T. ) ;
#6658 = EDGE_CURVE ( 'NONE', #5263, #6213, #556, .T. ) ;
#6659 = AXIS2_PLACEMENT_3D ( 'NONE', #1017, #4518, #5167 ) ;
#6660 = CARTESIAN_POINT ( 'NONE',  ( 13.19640821446782120, -1.500000000000000000, 1.836970198721031167E-16 ) ) ;
#6661 = CARTESIAN_POINT ( 'NONE',  ( -31.74999999999995737, 1.836970198721029441E-16, -1.499999999999999556 ) ) ;
#6662 = CIRCLE ( 'NONE', #5552, 1.500000000000001110 ) ;
#6663 = CARTESIAN_POINT ( 'NONE',  ( -31.74999999999995737, 0.000000000000000000, 0.000000000000000000 ) ) ;
#6664 = ORIENTED_EDGE ( 'NONE', *, *, #1325, .F. ) ;
#6665 = CARTESIAN_POINT ( 'NONE',  ( 9.803591785532175251, 1.836970198721020813E-16, -1.500000000000001332 ) ) ;
#6666 = ORIENTED_EDGE ( 'NONE', *, *, #712, .F. ) ;
#6667 = FACE_OUTER_BOUND ( 'NONE', #4750, .T. ) ;
#6668 = VECTOR ( 'NONE', #4754, 1000.000000000000227 ) ;
#6669 = CARTESIAN_POINT ( 'NONE',  ( 6.803591785532175251, 9.770634195117721323E-16, 0.000000000000000000 ) ) ;
#6670 = CARTESIAN_POINT ( 'NONE',  ( 5.999999999999999112, -1.219500000000000028, 0.000000000000000000 ) ) ;
#6671 = DIRECTION ( 'NONE',  ( -1.000000000000000000, -1.224606353822377258E-16, -0.000000000000000000 ) ) ;
#6672 = ORIENTED_EDGE ( 'NONE', *, *, #3616, .T. ) ;
#6673 = AXIS2_PLACEMENT_3D ( 'NONE', #2265, #3502, #1779 ) ;
#6674 = VECTOR ( 'NONE', #2705, 1000.000000000000000 ) ;
#6675 = CARTESIAN_POINT ( 'NONE',  ( 12.49999999999999822, 1.001115694249792856E-15, 0.000000000000000000 ) ) ;
#6676 = ORIENTED_EDGE ( 'NONE', *, *, #6816, .T. ) ;
#6677 = EDGE_CURVE ( 'NONE', #7444, #7150, #1672, .T. ) ;
#6678 = EDGE_CURVE ( 'NONE', #7476, #1681, #6477, .T. ) ;
#6679 = CARTESIAN_POINT ( 'NONE',  ( 19.30359178553217703, 9.770634195117721323E-16, 0.000000000000000000 ) ) ;
#6680 = DIRECTION ( 'NONE',  ( -1.000000000000000000, -1.224606353822377258E-16, -0.000000000000000000 ) ) ;
#6681 = CIRCLE ( 'NONE', #3232, 1.500000000000001110 ) ;
#6682 = ADVANCED_FACE ( 'NONE', ( #1247 ), #26, .T. ) ;
#6683 = CONICAL_SURFACE ( 'NONE', #4349, 1.500000000000001110, 0.9599310885968842522 ) ;
#6684 = FACE_OUTER_BOUND ( 'NONE', #7521, .T. ) ;
#6685 = ORIENTED_EDGE ( 'NONE', *, *, #4843, .F. ) ;
#6686 = EDGE_CURVE ( 'NONE', #2051, #3802, #4037, .T. ) ;
#6687 = ADVANCED_FACE ( 'NONE', ( #3556 ), #735, .T. ) ;
#6688 = AXIS2_PLACEMENT_3D ( 'NONE', #6462, #6318, #166 ) ;
#6689 = CARTESIAN_POINT ( 'NONE',  ( 16.30359178553217347, 9.770634195117721323E-16, 0.000000000000000000 ) ) ;
#6690 = VERTEX_POINT ( 'NONE', #4005 ) ;
#6691 = CARTESIAN_POINT ( 'NONE',  ( 22.30359178553217703, -1.499999999999994893, 0.000000000000000000 ) ) ;
#6692 = AXIS2_PLACEMENT_3D ( 'NONE', #1360, #3697, #3810 ) ;
#6693 = CARTESIAN_POINT ( 'NONE',  ( 11.69640821446782297, 1.500000000000001998, 0.000000000000000000 ) ) ;
#6694 = CIRCLE ( 'NONE', #2511, 1.500000000000001110 ) ;
#6695 = LINE ( 'NONE', #4879, #6147 ) ;
#6696 = ORIENTED_EDGE ( 'NONE', *, *, #1924, .F. ) ;
#6697 = DIRECTION ( 'NONE',  ( -1.000000000000000000, -1.224606353822377258E-16, -0.000000000000000000 ) ) ;
#6698 = ORIENTED_EDGE ( 'NONE', *, *, #6757, .F. ) ;
#6699 = DIRECTION ( 'NONE',  ( 0.000000000000000000, -1.000000000000000000, 0.000000000000000000 ) ) ;
#6700 = LINE ( 'NONE', #4315, #343 ) ;
#6701 = FACE_OUTER_BOUND ( 'NONE', #4944, .T. ) ;
#6702 = ORIENTED_EDGE ( 'NONE', *, *, #5486, .T. ) ;
#6703 = CARTESIAN_POINT ( 'NONE',  ( 7.303591785532175251, 9.770634195117721323E-16, 0.000000000000000000 ) ) ;
#6704 = VERTEX_POINT ( 'NONE', #594 ) ;
#6705 = CARTESIAN_POINT ( 'NONE',  ( 7.803591785532175251, 9.770634195117721323E-16, 0.000000000000000000 ) ) ;
#6706 = CARTESIAN_POINT ( 'NONE',  ( 21.19640821446782297, 1.025167968987813186E-15, 0.000000000000000000 ) ) ;
#6707 = EDGE_CURVE ( 'NONE', #744, #1561, #2359, .T. ) ;
#6708 = DIRECTION ( 'NONE',  ( 0.000000000000000000, 0.4999999999999983902, -0.8660254037844394848 ) ) ;
#6709 = FACE_OUTER_BOUND ( 'NONE', #4811, .T. ) ;
#6710 = ORIENTED_EDGE ( 'NONE', *, *, #6451, .T. ) ;
#6711 = DIRECTION ( 'NONE',  ( 0.000000000000000000, 1.224646799147353207E-16, 1.000000000000000000 ) ) ;
#6712 = ORIENTED_EDGE ( 'NONE', *, *, #103, .F. ) ;
#6713 = CARTESIAN_POINT ( 'NONE',  ( 6.803591785532175251, 9.770634195117721323E-16, 0.000000000000000000 ) ) ;
#6714 = CARTESIAN_POINT ( 'NONE',  ( 8.696408214467821196, 1.025167968987813186E-15, 0.000000000000000000 ) ) ;
#6715 = ADVANCED_FACE ( 'NONE', ( #3594 ), #5830, .T. ) ;
#6716 = FACE_OUTER_BOUND ( 'NONE', #6822, .T. ) ;
#6717 = VERTEX_POINT ( 'NONE', #4624 ) ;
#6718 = CIRCLE ( 'NONE', #3644, 1.500000000000001110 ) ;
#6719 = EDGE_CURVE ( 'NONE', #1196, #4481, #1168, .T. ) ;
#6720 = ORIENTED_EDGE ( 'NONE', *, *, #2101, .T. ) ;
#6721 = CARTESIAN_POINT ( 'NONE',  ( 12.80359178553217525, 9.770634195117721323E-16, 0.000000000000000000 ) ) ;
#6722 = DIRECTION ( 'NONE',  ( 0.000000000000000000, -1.000000000000000000, 0.000000000000000000 ) ) ;
#6723 = AXIS2_PLACEMENT_3D ( 'NONE', #2269, #4616, #7571 ) ;
#6724 = ADVANCED_FACE ( 'NONE', ( #6931 ), #2916, .T. ) ;
#6725 = EDGE_CURVE ( 'NONE', #5064, #2189, #4520, .T. ) ;
#6726 = CIRCLE ( 'NONE', #4634, 1.219500000000001139 ) ;
#6727 = CIRCLE ( 'NONE', #1693, 1.500000000000001110 ) ;
#6728 = DIRECTION ( 'NONE',  ( -1.000000000000000000, -1.224606353822377258E-16, -0.000000000000000000 ) ) ;
#6729 = ORIENTED_EDGE ( 'NONE', *, *, #408, .T. ) ;
#6730 = CONICAL_SURFACE ( 'NONE', #5748, 1.500000000000001110, 0.9599310885968842522 ) ;
#6731 = CARTESIAN_POINT ( 'NONE',  ( 22.71950000000000358, 0.000000000000000000, 1.499999999999999556 ) ) ;
#6732 = ORIENTED_EDGE ( 'NONE', *, *, #1104, .T. ) ;
#6733 = CONICAL_SURFACE ( 'NONE', #6246, 1.219500000000001139, 0.9599310885968800333 ) ;
#6734 = DIRECTION ( 'NONE',  ( 0.000000000000000000, 1.000000000000000000, 0.000000000000000000 ) ) ;
#6735 = CIRCLE ( 'NONE', #1570, 1.500000000000001110 ) ;
#6736 = CIRCLE ( 'NONE', #2435, 1.500000000000001110 ) ;
#6737 = CARTESIAN_POINT ( 'NONE',  ( 17.69640821446782297, 1.025167968987813186E-15, 0.000000000000000000 ) ) ;
#6738 = ORIENTED_EDGE ( 'NONE', *, *, #765, .F. ) ;
#6740 = CARTESIAN_POINT ( 'NONE',  ( 16.80359178553217347, -1.500000000000004885, 0.000000000000000000 ) ) ;
#6739 = AXIS2_PLACEMENT_3D ( 'NONE', #858, #7375, #6197 ) ;
#6741 = VERTEX_POINT ( 'NONE', #5330 ) ;
#6742 = CIRCLE ( 'NONE', #4900, 1.500000000000001110 ) ;
#6743 = DIRECTION ( 'NONE',  ( -1.000000000000000000, -1.224606353822377258E-16, -0.000000000000000000 ) ) ;
#6744 = DIRECTION ( 'NONE',  ( -1.000000000000000000, -0.000000000000000000, -0.000000000000000000 ) ) ;
#6745 = VECTOR ( 'NONE', #2079, 1000.000000000000000 ) ;
#6746 = DIRECTION ( 'NONE',  ( 0.5735764363510434949, 0.8191520442889935749, 0.000000000000000000 ) ) ;
#6747 = CARTESIAN_POINT ( 'NONE',  ( 5.803591785532175251, 1.836970198721020813E-16, -1.500000000000001332 ) ) ;
#6748 = ORIENTED_EDGE ( 'NONE', *, *, #616, .F. ) ;
#6749 = FACE_OUTER_BOUND ( 'NONE', #5672, .T. ) ;
#6750 = ORIENTED_EDGE ( 'NONE', *, *, #3761, .F. ) ;
#6751 = ADVANCED_FACE ( 'NONE', ( #6365 ), #5643, .T. ) ;
#6752 = FACE_OUTER_BOUND ( 'NONE', #3072, .T. ) ;
#6753 = DIRECTION ( 'NONE',  ( 0.000000000000000000, -1.000000000000000000, 0.000000000000000000 ) ) ;
#6754 = DIRECTION ( 'NONE',  ( -1.000000000000000000, -1.224606353822377258E-16, -0.000000000000000000 ) ) ;
#6755 = EDGE_LOOP ( 'NONE', ( #3349, #1981, #6804, #4543, #7433 ) ) ;
#6756 = EDGE_LOOP ( 'NONE', ( #4986, #4596, #4630, #2950, #872, #852 ) ) ;
#6757 = EDGE_CURVE ( 'NONE', #2909, #3811, #5020, .T. ) ;
#6758 = LINE ( 'NONE', #1640, #7029 ) ;
#6759 = CARTESIAN_POINT ( 'NONE',  ( 18.19640821446782297, 1.500000000000002220, 0.000000000000000000 ) ) ;
#6760 = VECTOR ( 'NONE', #6941, 1000.000000000000000 ) ;
#6761 = DIRECTION ( 'NONE',  ( -1.000000000000000000, -0.000000000000000000, -0.000000000000000000 ) ) ;
#6762 = ORIENTED_EDGE ( 'NONE', *, *, #4448, .F. ) ;
#6763 = AXIS2_PLACEMENT_3D ( 'NONE', #2075, #456, #2642 ) ;
#6764 = DIRECTION ( 'NONE',  ( -1.000000000000000000, -0.000000000000000000, -0.000000000000000000 ) ) ;
#6765 = EDGE_LOOP ( 'NONE', ( #5525, #4483, #3188, #631 ) ) ;
#6766 = EDGE_CURVE ( 'NONE', #3021, #2536, #6403, .T. ) ;
#6767 = ADVANCED_FACE ( 'NONE', ( #5366 ), #105, .T. ) ;
#6768 = CARTESIAN_POINT ( 'NONE',  ( 22.50000000000000000, -1.219500000000000028, 0.000000000000000000 ) ) ;
#6769 = CIRCLE ( 'NONE', #3449, 1.500000000000001110 ) ;
#6770 = EDGE_CURVE ( 'NONE', #5533, #516, #4656, .T. ) ;
#6771 = EDGE_CURVE ( 'NONE', #7550, #854, #3053, .T. ) ;
#6772 = CARTESIAN_POINT ( 'NONE',  ( 8.499999999999998224, 1.001115694249792856E-15, 0.000000000000000000 ) ) ;
#6773 = ORIENTED_EDGE ( 'NONE', *, *, #168, .F. ) ;
#6774 = CIRCLE ( 'NONE', #5928, 1.500000000000001110 ) ;
#6775 = LINE ( 'NONE', #6881, #5327 ) ;
#6776 = ORIENTED_EDGE ( 'NONE', *, *, #5404, .T. ) ;
#6777 = ORIENTED_EDGE ( 'NONE', *, *, #6771, .T. ) ;
#6778 = DIRECTION ( 'NONE',  ( -1.000000000000000000, -1.224606353822377258E-16, -0.000000000000000000 ) ) ;
#6779 = CARTESIAN_POINT ( 'NONE',  ( 13.50000000000000000, 1.219500000000002249, 0.000000000000000000 ) ) ;
#6780 = AXIS2_PLACEMENT_3D ( 'NONE', #241, #5570, #5534 ) ;
#6781 = DIRECTION ( 'NONE',  ( -1.000000000000000000, -0.000000000000000000, -0.000000000000000000 ) ) ;
#6782 = ORIENTED_EDGE ( 'NONE', *, *, #2632, .F. ) ;
#6783 = CARTESIAN_POINT ( 'NONE',  ( -31.74999999999995737, 0.000000000000000000, 0.000000000000000000 ) ) ;
#6784 = ORIENTED_EDGE ( 'NONE', *, *, #4276, .T. ) ;
#6785 = CARTESIAN_POINT ( 'NONE',  ( 7.803591785532175251, 9.770634195117721323E-16, 0.000000000000000000 ) ) ;
#6786 = ORIENTED_EDGE ( 'NONE', *, *, #4378, .T. ) ;
#6787 = CONICAL_SURFACE ( 'NONE', #5562, 1.219500000000001139, 0.9599310885968800333 ) ;
#6788 = DIRECTION ( 'NONE',  ( 0.000000000000000000, -1.000000000000000000, 0.000000000000000000 ) ) ;
#6789 = CARTESIAN_POINT ( 'NONE',  ( 15.19640821446782120, -1.500000000000000222, 1.836970198721031413E-16 ) ) ;
#6790 = CIRCLE ( 'NONE', #2369, 1.500000000000001110 ) ;
#6791 = CONICAL_SURFACE ( 'NONE', #2736, 1.500000000000001110, 0.9599310885968842522 ) ;
#6792 = DIRECTION ( 'NONE',  ( -1.000000000000000000, -1.224606353822377258E-16, -0.000000000000000000 ) ) ;
#6793 = ORIENTED_EDGE ( 'NONE', *, *, #4461, .F. ) ;
#6794 = EDGE_CURVE ( 'NONE', #1662, #1118, #2056, .T. ) ;
#6795 = ORIENTED_EDGE ( 'NONE', *, *, #250, .T. ) ;
#6796 = DIRECTION ( 'NONE',  ( -1.000000000000000000, -1.224606353822377258E-16, -0.000000000000000000 ) ) ;
#6797 = AXIS2_PLACEMENT_3D ( 'NONE', #778, #6123, #2036 ) ;
#6798 = DIRECTION ( 'NONE',  ( -0.5735764363510470476, -0.8191520442889912434, 0.000000000000000000 ) ) ;
#6799 = VECTOR ( 'NONE', #2703, 1000.000000000000000 ) ;
#6800 = CIRCLE ( 'NONE', #4593, 1.500000000000001110 ) ;
#6801 = DIRECTION ( 'NONE',  ( 0.000000000000000000, 1.000000000000000000, 0.000000000000000000 ) ) ;
#6802 = ORIENTED_EDGE ( 'NONE', *, *, #6439, .F. ) ;
#6803 = FACE_OUTER_BOUND ( 'NONE', #5990, .T. ) ;
#6804 = ORIENTED_EDGE ( 'NONE', *, *, #4137, .F. ) ;
#6805 = CARTESIAN_POINT ( 'NONE',  ( 11.19640821446782120, 1.836970198721018101E-16, -1.500000000000001332 ) ) ;
#6806 = FACE_OUTER_BOUND ( 'NONE', #4389, .T. ) ;
#6807 = EDGE_CURVE ( 'NONE', #6604, #1182, #2689, .T. ) ;
#6808 = CARTESIAN_POINT ( 'NONE',  ( 4.803591785532175251, 1.836970198721020813E-16, -1.500000000000001332 ) ) ;
#6809 = VERTEX_POINT ( 'NONE', #793 ) ;
#6810 = LINE ( 'NONE', #7417, #175 ) ;
#6811 = VERTEX_POINT ( 'NONE', #1366 ) ;
#6812 = EDGE_LOOP ( 'NONE', ( #7484, #2641, #389, #6184, #6698 ) ) ;
#6813 = ADVANCED_FACE ( 'NONE', ( #3131 ), #4014, .T. ) ;
#6814 = CARTESIAN_POINT ( 'NONE',  ( 1.300000000000000044, 2.182384017536784349, -1.260000000000002229 ) ) ;
#6815 = DIRECTION ( 'NONE',  ( -1.000000000000000000, -1.224606353822377258E-16, -0.000000000000000000 ) ) ;
#6816 = EDGE_CURVE ( 'NONE', #5998, #65, #3630, .T. ) ;
#6817 = CARTESIAN_POINT ( 'NONE',  ( -31.74999999999995737, 0.000000000000000000, 1.499999999999999556 ) ) ;
#6818 = EDGE_CURVE ( 'NONE', #3647, #1628, #7125, .T. ) ;
#6819 = CARTESIAN_POINT ( 'NONE',  ( -31.74999999999995737, 0.000000000000000000, 0.000000000000000000 ) ) ;
#6820 = ORIENTED_EDGE ( 'NONE', *, *, #213, .T. ) ;
#6821 = CARTESIAN_POINT ( 'NONE',  ( 16.19640821446781942, 1.500000000000002220, 0.000000000000000000 ) ) ;
#6822 = EDGE_LOOP ( 'NONE', ( #2433, #3230, #3749, #3173, #3309 ) ) ;
#6823 = DIRECTION ( 'NONE',  ( -1.000000000000000000, -0.000000000000000000, -0.000000000000000000 ) ) ;
#6824 = CYLINDRICAL_SURFACE ( 'NONE', #6981, 1.499999999999999556 ) ;
#6825 = DIRECTION ( 'NONE',  ( -1.000000000000000000, -1.224606353822377258E-16, -0.000000000000000000 ) ) ;
#6826 = ORIENTED_EDGE ( 'NONE', *, *, #1834, .T. ) ;
#6827 = ORIENTED_EDGE ( 'NONE', *, *, #6766, .F. ) ;
#6828 = CARTESIAN_POINT ( 'NONE',  ( -31.74999999999995737, 0.000000000000000000, 0.000000000000000000 ) ) ;
#6829 = CARTESIAN_POINT ( 'NONE',  ( 8.303591785532175251, 1.836970198721020813E-16, -1.500000000000001332 ) ) ;
#6830 = ORIENTED_EDGE ( 'NONE', *, *, #7270, .F. ) ;
#6831 = DIRECTION ( 'NONE',  ( -0.5000000000000039968, 0.000000000000000000, 0.8660254037844363761 ) ) ;
#6832 = DIRECTION ( 'NONE',  ( 0.000000000000000000, -1.000000000000000000, 0.000000000000000000 ) ) ;
#6833 = ORIENTED_EDGE ( 'NONE', *, *, #6564, .T. ) ;
#6834 = CARTESIAN_POINT ( 'NONE',  ( 12.00000000000000000, 1.219500000000002249, 0.000000000000000000 ) ) ;
#6835 = ORIENTED_EDGE ( 'NONE', *, *, #3877, .T. ) ;
#6836 = DIRECTION ( 'NONE',  ( 0.000000000000000000, -1.000000000000000000, 0.000000000000000000 ) ) ;
#6837 = ADVANCED_FACE ( 'NONE', ( #7200 ), #5479, .T. ) ;
#6838 = FACE_OUTER_BOUND ( 'NONE', #1273, .T. ) ;
#6839 = AXIS2_PLACEMENT_3D ( 'NONE', #1034, #6915, #5729 ) ;
#6840 = DIRECTION ( 'NONE',  ( -1.000000000000000000, -0.000000000000000000, -0.000000000000000000 ) ) ;
#6841 = VERTEX_POINT ( 'NONE', #4324 ) ;
#6842 = DIRECTION ( 'NONE',  ( 1.000000000000000000, 0.000000000000000000, 0.000000000000000000 ) ) ;
#6843 = EDGE_LOOP ( 'NONE', ( #6467, #5931, #6175, #1185, #2931 ) ) ;
#6844 = ORIENTED_EDGE ( 'NONE', *, *, #1738, .F. ) ;
#6845 = AXIS2_PLACEMENT_3D ( 'NONE', #2937, #1751, #1095 ) ;
#6846 = VECTOR ( 'NONE', #3695, 1000.000000000000000 ) ;
#6847 = EDGE_CURVE ( 'NONE', #65, #4909, #1081, .T. ) ;
#6848 = CARTESIAN_POINT ( 'NONE',  ( 12.80359178553217525, 1.500000000000002442, 1.836970198721031167E-16 ) ) ;
#6849 = VECTOR ( 'NONE', #4532, 1000.000000000000000 ) ;
#6850 = CYLINDRICAL_SURFACE ( 'NONE', #5515, 1.499999999999999556 ) ;
#6851 = DIRECTION ( 'NONE',  ( -1.000000000000000000, -1.224606353822377258E-16, -0.000000000000000000 ) ) ;
#6852 = EDGE_CURVE ( 'NONE', #3758, #4155, #353, .T. ) ;
#6853 = AXIS2_PLACEMENT_3D ( 'NONE', #5043, #2813, #6924 ) ;
#6854 = CARTESIAN_POINT ( 'NONE',  ( 20.19640821446781942, 1.025167968987813186E-15, 0.000000000000000000 ) ) ;
#6855 = ORIENTED_EDGE ( 'NONE', *, *, #250, .F. ) ;
#6856 = AXIS2_PLACEMENT_3D ( 'NONE', #4300, #6754, #2635 ) ;
#6857 = CARTESIAN_POINT ( 'NONE',  ( 1.300000000000000044, 0.000000000000000000, 0.000000000000000000 ) ) ;
#6858 = VERTEX_POINT ( 'NONE', #1938 ) ;
#6859 = EDGE_CURVE ( 'NONE', #4791, #3957, #3046, .T. ) ;
#6860 = CARTESIAN_POINT ( 'NONE',  ( 21.30359178553217703, 9.770634195117721323E-16, 0.000000000000000000 ) ) ;
#6861 = ADVANCED_FACE ( 'NONE', ( #3745 ), #3660, .T. ) ;
#6862 = AXIS2_PLACEMENT_3D ( 'NONE', #2464, #3122, #5397 ) ;
#6863 = DIRECTION ( 'NONE',  ( -1.000000000000000000, -1.224606353822377258E-16, -0.000000000000000000 ) ) ;
#6864 = EDGE_CURVE ( 'NONE', #5772, #264, #6490, .T. ) ;
#6865 = CARTESIAN_POINT ( 'NONE',  ( 10.69640821446782120, 1.500000000000002220, 0.000000000000000000 ) ) ;
#6866 = ORIENTED_EDGE ( 'NONE', *, *, #1409, .T. ) ;
#6867 = EDGE_LOOP ( 'NONE', ( #1014, #1158, #2081, #315, #2199 ) ) ;
#6868 = CARTESIAN_POINT ( 'NONE',  ( 4.803591785532175251, 1.500000000000002442, 1.836970198721031167E-16 ) ) ;
#6869 = DIRECTION ( 'NONE',  ( 0.000000000000000000, -1.000000000000000000, 0.000000000000000000 ) ) ;
#6870 = VERTEX_POINT ( 'NONE', #6591 ) ;
#6871 = CYLINDRICAL_SURFACE ( 'NONE', #464, 1.499999999999999556 ) ;
#6872 = CARTESIAN_POINT ( 'NONE',  ( 13.80359178553217703, -1.155557966632341512E-30, 1.500000000000001332 ) ) ;
#6873 = DIRECTION ( 'NONE',  ( 1.000000000000000000, 1.224606353822377258E-16, 0.000000000000000000 ) ) ;
#6874 = ORIENTED_EDGE ( 'NONE', *, *, #4606, .T. ) ;
#6875 = DIRECTION ( 'NONE',  ( -0.5735764363510472696, 0.8191520442889909104, 1.003171929053523884E-16 ) ) ;
#6876 = CARTESIAN_POINT ( 'NONE',  ( 19.50000000000000000, 1.219500000000002249, 1.493456771560198551E-16 ) ) ;
#6877 = VECTOR ( 'NONE', #1107, 1000.000000000000000 ) ;
#6878 = CARTESIAN_POINT ( 'NONE',  ( -31.74999999999995737, 1.836970198721029441E-16, -1.499999999999999556 ) ) ;
#6879 = ORIENTED_EDGE ( 'NONE', *, *, #4730, .T. ) ;
#6880 = EDGE_CURVE ( 'NONE', #695, #1419, #144, .T. ) ;
#6881 = CARTESIAN_POINT ( 'NONE',  ( -31.74999999999995737, 1.836970198721029441E-16, -1.499999999999999556 ) ) ;
#6882 = ORIENTED_EDGE ( 'NONE', *, *, #4657, .F. ) ;
#6883 = DIRECTION ( 'NONE',  ( 0.000000000000000000, -1.000000000000000000, 0.000000000000000000 ) ) ;
#6884 = AXIS2_PLACEMENT_3D ( 'NONE', #3172, #3750, #2050 ) ;
#6885 = CIRCLE ( 'NONE', #2219, 1.500000000000001110 ) ;
#6886 = LINE ( 'NONE', #7030, #6567 ) ;
#6887 = DIRECTION ( 'NONE',  ( -1.000000000000000000, -1.224606353822377258E-16, -0.000000000000000000 ) ) ;
#6888 = CARTESIAN_POINT ( 'NONE',  ( 7.303591785532175251, -1.499999999999999778, 0.000000000000000000 ) ) ;
#6889 = FACE_OUTER_BOUND ( 'NONE', #1216, .T. ) ;
#6890 = EDGE_LOOP ( 'NONE', ( #2091, #4690, #6236, #4537, #606 ) ) ;
#6891 = CARTESIAN_POINT ( 'NONE',  ( 17.00000000000000000, 1.219500000000002249, 0.000000000000000000 ) ) ;
#6892 = ORIENTED_EDGE ( 'NONE', *, *, #63, .T. ) ;
#6893 = DIRECTION ( 'NONE',  ( 1.000000000000000000, 1.224606353822377258E-16, 0.000000000000000000 ) ) ;
#6894 = CIRCLE ( 'NONE', #5545, 1.500000000000001110 ) ;
#6895 = DIRECTION ( 'NONE',  ( -1.000000000000000000, -1.224606353822377258E-16, -0.000000000000000000 ) ) ;
#6896 = CARTESIAN_POINT ( 'NONE',  ( 15.30359178553217525, -1.499999999999999778, 0.000000000000000000 ) ) ;
#6897 = ORIENTED_EDGE ( 'NONE', *, *, #5631, .T. ) ;
#6898 = ADVANCED_FACE ( 'NONE', ( #3165 ), #6968, .T. ) ;
#6899 = AXIS2_PLACEMENT_3D ( 'NONE', #6573, #1461, #3684 ) ;
#6900 = ORIENTED_EDGE ( 'NONE', *, *, #6103, .T. ) ;
#6901 = EDGE_LOOP ( 'NONE', ( #7368, #53, #1778, #587, #7068 ) ) ;
#6902 = CARTESIAN_POINT ( 'NONE',  ( 14.30359178553217525, 9.770634195117721323E-16, 0.000000000000000000 ) ) ;
#6903 = EDGE_CURVE ( 'NONE', #4415, #7358, #1338, .T. ) ;
#6904 = DIRECTION ( 'NONE',  ( 0.000000000000000000, -1.000000000000000000, 0.000000000000000000 ) ) ;
#6905 = AXIS2_PLACEMENT_3D ( 'NONE', #2678, #5023, #7360 ) ;
#6906 = VERTEX_POINT ( 'NONE', #3665 ) ;
#6907 = CARTESIAN_POINT ( 'NONE',  ( 22.00000000000000000, 1.219500000000002249, 1.493456771560198551E-16 ) ) ;
#6908 = VERTEX_POINT ( 'NONE', #7273 ) ;
#6909 = EDGE_CURVE ( 'NONE', #5263, #2947, #4288, .T. ) ;
#6910 = EDGE_CURVE ( 'NONE', #3196, #454, #186, .T. ) ;
#6911 = CIRCLE ( 'NONE', #4947, 1.500000000000001110 ) ;
#6912 = AXIS2_PLACEMENT_3D ( 'NONE', #5013, #1521, #3363 ) ;
#6913 = DIRECTION ( 'NONE',  ( 0.000000000000000000, 0.000000000000000000, -1.000000000000000000 ) ) ;
#6914 = EDGE_LOOP ( 'NONE', ( #6983, #1347, #115, #5591, #3377 ) ) ;
#6915 = DIRECTION ( 'NONE',  ( -1.000000000000000000, -1.224606353822377258E-16, -0.000000000000000000 ) ) ;
#6916 = VECTOR ( 'NONE', #5550, 1000.000000000000000 ) ;
#6917 = AXIS2_PLACEMENT_3D ( 'NONE', #1859, #1747, #632 ) ;
#6918 = DIRECTION ( 'NONE',  ( 0.000000000000000000, -1.000000000000000000, 0.000000000000000000 ) ) ;
#6919 = ORIENTED_EDGE ( 'NONE', *, *, #3825, .T. ) ;
#6920 = DIRECTION ( 'NONE',  ( -1.000000000000000000, 0.000000000000000000, -0.000000000000000000 ) ) ;
#6921 = ORIENTED_EDGE ( 'NONE', *, *, #966, .T. ) ;
#6922 = LINE ( 'NONE', #7492, #4004 ) ;
#6923 = CIRCLE ( 'NONE', #4718, 1.500000000000001110 ) ;
#6924 = DIRECTION ( 'NONE',  ( 0.000000000000000000, 1.000000000000000000, 0.000000000000000000 ) ) ;
#6925 = DIRECTION ( 'NONE',  ( -1.000000000000000000, -1.224606353822377258E-16, -0.000000000000000000 ) ) ;
#6926 = CARTESIAN_POINT ( 'NONE',  ( 19.19640821446782297, 1.025167968987813186E-15, 0.000000000000000000 ) ) ;
#6927 = VERTEX_POINT ( 'NONE', #6630 ) ;
#6928 = CARTESIAN_POINT ( 'NONE',  ( 17.50000000000000000, 1.001115694249792856E-15, 0.000000000000000000 ) ) ;
#6929 = ORIENTED_EDGE ( 'NONE', *, *, #1794, .F. ) ;
#6930 = DIRECTION ( 'NONE',  ( 0.000000000000000000, 1.000000000000000000, 0.000000000000000000 ) ) ;
#6931 = FACE_OUTER_BOUND ( 'NONE', #2841, .T. ) ;
#6932 = CARTESIAN_POINT ( 'NONE',  ( 1.300000000000000044, 0.7274613391789273020, -1.260000000000000675 ) ) ;
#6933 = EDGE_LOOP ( 'NONE', ( #5855, #6897, #5873, #7454, #6515 ) ) ;
#6934 = ORIENTED_EDGE ( 'NONE', *, *, #4380, .T. ) ;
#6935 = DIRECTION ( 'NONE',  ( -1.000000000000000000, -0.000000000000000000, -0.000000000000000000 ) ) ;
#6936 = CARTESIAN_POINT ( 'NONE',  ( 6.999999999999999112, 1.001115694249792856E-15, 0.000000000000000000 ) ) ;
#6937 = EDGE_CURVE ( 'NONE', #6221, #7342, #4505, .T. ) ;
#6938 = DIRECTION ( 'NONE',  ( -1.000000000000000000, -1.224606353822377258E-16, -0.000000000000000000 ) ) ;
#6939 = ORIENTED_EDGE ( 'NONE', *, *, #4076, .T. ) ;
#6940 = ADVANCED_FACE ( 'NONE', ( #1545 ), #6733, .T. ) ;
#6941 = DIRECTION ( 'NONE',  ( -0.5735764363510472696, 0.8191520442889909104, 1.003171929053523884E-16 ) ) ;
#6942 = DIRECTION ( 'NONE',  ( 0.000000000000000000, -1.000000000000000000, 0.000000000000000000 ) ) ;
#6943 = ORIENTED_EDGE ( 'NONE', *, *, #982, .T. ) ;
#6944 = DIRECTION ( 'NONE',  ( -1.000000000000000000, -1.224606353822377258E-16, -0.000000000000000000 ) ) ;
#6945 = EDGE_CURVE ( 'NONE', #4830, #937, #5706, .T. ) ;
#6946 = EDGE_CURVE ( 'NONE', #3300, #5104, #843, .T. ) ;
#6947 = DIRECTION ( 'NONE',  ( -1.000000000000000000, -1.224606353822377258E-16, -0.000000000000000000 ) ) ;
#6948 = DIRECTION ( 'NONE',  ( 0.000000000000000000, -1.000000000000000000, 0.000000000000000000 ) ) ;
#6949 = EDGE_LOOP ( 'NONE', ( #3264, #2803, #2990, #4560, #1639 ) ) ;
#6950 = AXIS2_PLACEMENT_3D ( 'NONE', #5319, #62, #2928 ) ;
#6951 = DIRECTION ( 'NONE',  ( 0.000000000000000000, 0.000000000000000000, 1.000000000000000000 ) ) ;
#6952 = ORIENTED_EDGE ( 'NONE', *, *, #1075, .F. ) ;
#6953 = DIRECTION ( 'NONE',  ( 0.000000000000000000, -1.000000000000000000, 0.000000000000000000 ) ) ;
#6954 = AXIS2_PLACEMENT_3D ( 'NONE', #5691, #6342, #7410 ) ;
#6955 = FACE_OUTER_BOUND ( 'NONE', #2345, .T. ) ;
#6956 = CIRCLE ( 'NONE', #5245, 1.500000000000001110 ) ;
#6957 = CIRCLE ( 'NONE', #1567, 1.500000000000001110 ) ;
#6958 = CARTESIAN_POINT ( 'NONE',  ( 17.69640821446782297, 1.025167968987813186E-15, 0.000000000000000000 ) ) ;
#6959 = DIRECTION ( 'NONE',  ( 0.000000000000000000, -1.000000000000000000, 0.000000000000000000 ) ) ;
#6960 = ORIENTED_EDGE ( 'NONE', *, *, #5642, .T. ) ;
#6962 = CARTESIAN_POINT ( 'NONE',  ( 7.500000000000000000, -1.219500000000000028, 0.000000000000000000 ) ) ;
#6961 = VECTOR ( 'NONE', #2437, 1000.000000000000000 ) ;
#6963 = ORIENTED_EDGE ( 'NONE', *, *, #6678, .T. ) ;
#6964 = CIRCLE ( 'NONE', #5000, 1.500000000000001110 ) ;
#6965 = CIRCLE ( 'NONE', #240, 1.219500000000001139 ) ;
#6966 = DIRECTION ( 'NONE',  ( -1.000000000000000000, -1.224606353822377258E-16, -0.000000000000000000 ) ) ;
#6967 = CARTESIAN_POINT ( 'NONE',  ( -31.74999999999995737, 0.000000000000000000, 0.000000000000000000 ) ) ;
#6968 = CONICAL_SURFACE ( 'NONE', #5130, 1.219500000000001139, 0.9599310885968800333 ) ;
#6969 = AXIS2_PLACEMENT_3D ( 'NONE', #2888, #5321, #4043 ) ;
#6970 = AXIS2_PLACEMENT_3D ( 'NONE', #4871, #5530, #840 ) ;
#6971 = CARTESIAN_POINT ( 'NONE',  ( 12.69640821446782120, 1.025167968987813186E-15, 0.000000000000000000 ) ) ;
#6972 = CARTESIAN_POINT ( 'NONE',  ( 1.300000000000000044, -1.454922678357857047, 3.035766082959412415E-15 ) ) ;
#6973 = ORIENTED_EDGE ( 'NONE', *, *, #6937, .F. ) ;
#6974 = ORIENTED_EDGE ( 'NONE', *, *, #3463, .F. ) ;
#6975 = EDGE_CURVE ( 'NONE', #929, #5068, #4397, .T. ) ;
#6976 = EDGE_LOOP ( 'NONE', ( #1804, #7481, #2729, #2505, #2637, #4494 ) ) ;
#6977 = CONICAL_SURFACE ( 'NONE', #7229, 1.219500000000001139, 0.9599310885968800333 ) ;
#6978 = CONICAL_SURFACE ( 'NONE', #2569, 1.500000000000001110, 0.9599310885968842522 ) ;
#6979 = DIRECTION ( 'NONE',  ( -1.000000000000000000, -1.224606353822377258E-16, -0.000000000000000000 ) ) ;
#6980 = FACE_OUTER_BOUND ( 'NONE', #3250, .T. ) ;
#6981 = AXIS2_PLACEMENT_3D ( 'NONE', #1556, #3893, #6255 ) ;
#6982 = DIRECTION ( 'NONE',  ( 0.000000000000000000, 1.000000000000000000, 0.000000000000000000 ) ) ;
#6983 = ORIENTED_EDGE ( 'NONE', *, *, #3378, .F. ) ;
#6984 = CARTESIAN_POINT ( 'NONE',  ( 5.999999999999999112, 1.219500000000002249, 1.493456771560198551E-16 ) ) ;
#6985 = ADVANCED_FACE ( 'NONE', ( #4966 ), #5627, .T. ) ;
#6986 = DIRECTION ( 'NONE',  ( 0.000000000000000000, 0.000000000000000000, 1.000000000000000000 ) ) ;
#6987 = ORIENTED_EDGE ( 'NONE', *, *, #5357, .T. ) ;
#6988 = CARTESIAN_POINT ( 'NONE',  ( -31.74999999999995737, 0.000000000000000000, 1.499999999999999556 ) ) ;
#6989 = DIRECTION ( 'NONE',  ( 0.000000000000000000, 0.000000000000000000, 1.000000000000000000 ) ) ;
#6990 = CARTESIAN_POINT ( 'NONE',  ( 21.19640821446782297, -1.500000000000000000, 1.836970198721031167E-16 ) ) ;
#6991 = ORIENTED_EDGE ( 'NONE', *, *, #3655, .T. ) ;
#6992 = EDGE_CURVE ( 'NONE', #1040, #1456, #2675, .T. ) ;
#6993 = EDGE_CURVE ( 'NONE', #2301, #639, #7422, .T. ) ;
#6994 = DIRECTION ( 'NONE',  ( 1.000000000000000000, 1.224606353822377258E-16, 0.000000000000000000 ) ) ;
#6995 = VERTEX_POINT ( 'NONE', #5740 ) ;
#6996 = CARTESIAN_POINT ( 'NONE',  ( 8.499999999999998224, 1.001115694249792856E-15, 0.000000000000000000 ) ) ;
#6997 = CIRCLE ( 'NONE', #6272, 1.500000000000001110 ) ;
#6998 = EDGE_CURVE ( 'NONE', #5905, #1746, #3412, .T. ) ;
#6999 = CYLINDRICAL_SURFACE ( 'NONE', #2568, 1.499999999999999556 ) ;
#7000 = ADVANCED_FACE ( 'NONE', ( #6205 ), #3289, .F. ) ;
#7001 = DIRECTION ( 'NONE',  ( 0.000000000000000000, -1.000000000000000000, 0.000000000000000000 ) ) ;
#7002 = CARTESIAN_POINT ( 'NONE',  ( 22.69640821446782297, 1.025167968987813186E-15, 0.000000000000000000 ) ) ;
#7003 = VERTEX_POINT ( 'NONE', #6779 ) ;
#7004 = ADVANCED_FACE ( 'NONE', ( #3815 ), #120, .T. ) ;
#7005 = AXIS2_PLACEMENT_3D ( 'NONE', #7280, #908, #4865 ) ;
#7006 = CARTESIAN_POINT ( 'NONE',  ( 11.50000000000000000, 1.219500000000002249, 0.000000000000000000 ) ) ;
#7007 = ORIENTED_EDGE ( 'NONE', *, *, #5827, .F. ) ;
#7008 = AXIS2_PLACEMENT_3D ( 'NONE', #571, #1683, #6942 ) ;
#7009 = FACE_OUTER_BOUND ( 'NONE', #4925, .T. ) ;
#7010 = DIRECTION ( 'NONE',  ( -0.5735764363510470476, -0.8191520442889912434, 0.000000000000000000 ) ) ;
#7011 = VECTOR ( 'NONE', #1914, 1000.000000000000000 ) ;
#7012 = CARTESIAN_POINT ( 'NONE',  ( -31.74999999999995737, 0.000000000000000000, 1.499999999999999556 ) ) ;
#7013 = FACE_OUTER_BOUND ( 'NONE', #4935, .T. ) ;
#7014 = VERTEX_POINT ( 'NONE', #400 ) ;
#7015 = ORIENTED_EDGE ( 'NONE', *, *, #3338, .T. ) ;
#7016 = VECTOR ( 'NONE', #3246, 1000.000000000000000 ) ;
#7017 = ORIENTED_EDGE ( 'NONE', *, *, #2752, .T. ) ;
#7018 = FACE_OUTER_BOUND ( 'NONE', #6371, .T. ) ;
#7019 = LINE ( 'NONE', #5215, #2104 ) ;
#7020 = ADVANCED_FACE ( 'NONE', ( #3390 ), #6850, .T. ) ;
#7021 = CIRCLE ( 'NONE', #6780, 1.500000000000001110 ) ;
#7022 = DIRECTION ( 'NONE',  ( 0.000000000000000000, -1.000000000000000000, 0.000000000000000000 ) ) ;
#7023 = ORIENTED_EDGE ( 'NONE', *, *, #6497, .F. ) ;
#7024 = LINE ( 'NONE', #6984, #272 ) ;
#7025 = ORIENTED_EDGE ( 'NONE', *, *, #3153, .T. ) ;
#7026 = DIRECTION ( 'NONE',  ( 0.000000000000000000, -1.000000000000000000, 0.000000000000000000 ) ) ;
#7027 = ORIENTED_EDGE ( 'NONE', *, *, #7054, .F. ) ;
#7028 = DIRECTION ( 'NONE',  ( 0.000000000000000000, -1.000000000000000000, 0.000000000000000000 ) ) ;
#7029 = VECTOR ( 'NONE', #3862, 1000.000000000000000 ) ;
#7030 = CARTESIAN_POINT ( 'NONE',  ( 11.50000000000000000, -1.219500000000000028, 0.000000000000000000 ) ) ;
#7031 = DIRECTION ( 'NONE',  ( -1.000000000000000000, -1.224606353822377258E-16, -0.000000000000000000 ) ) ;
#7032 = VECTOR ( 'NONE', #3384, 1000.000000000000000 ) ;
#7033 = CONICAL_SURFACE ( 'NONE', #7279, 1.500000000000001110, 0.9599310885968842522 ) ;
#7034 = LINE ( 'NONE', #6346, #3870 ) ;
#7035 = ORIENTED_EDGE ( 'NONE', *, *, #3421, .F. ) ;
#7036 = CARTESIAN_POINT ( 'NONE',  ( -31.74999999999995737, 1.836970198721029441E-16, -1.499999999999999556 ) ) ;
#7037 = ORIENTED_EDGE ( 'NONE', *, *, #1227, .F. ) ;
#7038 = ORIENTED_EDGE ( 'NONE', *, *, #7540, .F. ) ;
#7039 = DIRECTION ( 'NONE',  ( -0.5735764363510470476, -0.8191520442889912434, 0.000000000000000000 ) ) ;
#7040 = CIRCLE ( 'NONE', #5073, 1.219500000000001139 ) ;
#7041 = CIRCLE ( 'NONE', #3115, 1.500000000000001110 ) ;
#7042 = DIRECTION ( 'NONE',  ( -1.000000000000000000, -1.224606353822377258E-16, -0.000000000000000000 ) ) ;
#7043 = ADVANCED_FACE ( 'NONE', ( #3354 ), #2622, .T. ) ;
#7044 = AXIS2_PLACEMENT_3D ( 'NONE', #1984, #3204, #6068 ) ;
#7045 = DIRECTION ( 'NONE',  ( -1.000000000000000000, -0.000000000000000000, -0.000000000000000000 ) ) ;
#7046 = DIRECTION ( 'NONE',  ( 0.000000000000000000, -1.000000000000000000, 0.000000000000000000 ) ) ;
#7047 = VERTEX_POINT ( 'NONE', #7305 ) ;
#7048 = VECTOR ( 'NONE', #4186, 1000.000000000000000 ) ;
#7049 = EDGE_CURVE ( 'NONE', #2462, #4733, #6172, .T. ) ;
#7050 = CYLINDRICAL_SURFACE ( 'NONE', #2871, 1.499999999999999556 ) ;
#7051 = ORIENTED_EDGE ( 'NONE', *, *, #626, .T. ) ;
#7052 = DIRECTION ( 'NONE',  ( -1.000000000000000000, -1.224606353822377258E-16, -0.000000000000000000 ) ) ;
#7053 = DIRECTION ( 'NONE',  ( -1.000000000000000000, -1.224606353822377258E-16, -0.000000000000000000 ) ) ;
#7054 = EDGE_CURVE ( 'NONE', #4321, #7516, #471, .T. ) ;
#7055 = EDGE_CURVE ( 'NONE', #3563, #1764, #4281, .T. ) ;
#7056 = CIRCLE ( 'NONE', #3006, 1.500000000000001110 ) ;
#7057 = LINE ( 'NONE', #5369, #2712 ) ;
#7058 = DIRECTION ( 'NONE',  ( 0.000000000000000000, -1.000000000000000000, 0.000000000000000000 ) ) ;
#7059 = EDGE_LOOP ( 'NONE', ( #2323, #6879, #3860, #5640, #3820, #6145 ) ) ;
#7060 = ORIENTED_EDGE ( 'NONE', *, *, #2159, .T. ) ;
#7061 = ORIENTED_EDGE ( 'NONE', *, *, #6993, .T. ) ;
#7062 = LINE ( 'NONE', #6452, #1264 ) ;
#7063 = DIRECTION ( 'NONE',  ( 0.000000000000000000, -1.000000000000000000, 0.000000000000000000 ) ) ;
#7064 = CARTESIAN_POINT ( 'NONE',  ( 14.19640821446782297, 1.500000000000002220, 0.000000000000000000 ) ) ;
#7065 = ORIENTED_EDGE ( 'NONE', *, *, #5404, .F. ) ;
#7066 = VERTEX_POINT ( 'NONE', #364 ) ;
#7067 = CARTESIAN_POINT ( 'NONE',  ( 18.80359178553217703, -1.155557966632341512E-30, 1.500000000000001332 ) ) ;
#7068 = ORIENTED_EDGE ( 'NONE', *, *, #5838, .F. ) ;
#7069 = DIRECTION ( 'NONE',  ( 0.000000000000000000, -1.000000000000000000, 0.000000000000000000 ) ) ;
#7070 = CARTESIAN_POINT ( 'NONE',  ( 22.19640821446782297, 1.025167968987813186E-15, 0.000000000000000000 ) ) ;
#7071 = DIRECTION ( 'NONE',  ( 0.000000000000000000, -1.000000000000000000, 0.000000000000000000 ) ) ;
#7072 = ORIENTED_EDGE ( 'NONE', *, *, #5316, .T. ) ;
#7073 = ORIENTED_EDGE ( 'NONE', *, *, #5894, .F. ) ;
#7074 = CYLINDRICAL_SURFACE ( 'NONE', #6673, 1.499999999999999556 ) ;
#7075 = ORIENTED_EDGE ( 'NONE', *, *, #1311, .F. ) ;
#7076 = ADVANCED_FACE ( 'NONE', ( #2697 ), #1823, .T. ) ;
#7077 = DIRECTION ( 'NONE',  ( -1.000000000000000000, -1.224606353822377258E-16, -0.000000000000000000 ) ) ;
#7078 = CYLINDRICAL_SURFACE ( 'NONE', #3904, 1.499999999999999556 ) ;
#7079 = CARTESIAN_POINT ( 'NONE',  ( 19.19640821446782297, 1.025167968987813186E-15, 0.000000000000000000 ) ) ;
#7080 = CYLINDRICAL_SURFACE ( 'NONE', #2307, 1.499999999999999556 ) ;
#7081 = ORIENTED_EDGE ( 'NONE', *, *, #3224, .T. ) ;
#7082 = DIRECTION ( 'NONE',  ( 0.000000000000000000, -1.000000000000000000, 0.000000000000000000 ) ) ;
#7083 = ORIENTED_EDGE ( 'NONE', *, *, #5590, .F. ) ;
#7084 = EDGE_CURVE ( 'NONE', #2867, #2636, #3167, .T. ) ;
#7085 = DIRECTION ( 'NONE',  ( 0.000000000000000000, -1.000000000000000000, 0.000000000000000000 ) ) ;
#7086 = CONICAL_SURFACE ( 'NONE', #2175, 1.500000000000001110, 0.9599310885968842522 ) ;
#7087 = CARTESIAN_POINT ( 'NONE',  ( 19.19640821446782297, 1.500000000000002220, 0.000000000000000000 ) ) ;
#7088 = CARTESIAN_POINT ( 'NONE',  ( 3.099999999999998757, 1.836970198721029441E-16, -1.499999999999999556 ) ) ;
#7089 = CIRCLE ( 'NONE', #4514, 1.219500000000001139 ) ;
#7090 = FACE_OUTER_BOUND ( 'NONE', #1833, .T. ) ;
#7091 = EDGE_LOOP ( 'NONE', ( #4020, #4618, #4716, #2740, #5912 ) ) ;
#7092 = CIRCLE ( 'NONE', #1573, 1.500000000000001110 ) ;
#7093 = ORIENTED_EDGE ( 'NONE', *, *, #15, .F. ) ;
#7094 = EDGE_CURVE ( 'NONE', #3076, #2285, #6510, .T. ) ;
#7095 = ADVANCED_FACE ( 'NONE', ( #628 ), #7078, .T. ) ;
#7096 = ORIENTED_EDGE ( 'NONE', *, *, #7325, .T. ) ;
#7097 = DIRECTION ( 'NONE',  ( -1.000000000000000000, -0.000000000000000000, -0.000000000000000000 ) ) ;
#7098 = VECTOR ( 'NONE', #825, 1000.000000000000000 ) ;
#7099 = DIRECTION ( 'NONE',  ( -1.000000000000000000, -0.000000000000000000, -0.000000000000000000 ) ) ;
#7100 = AXIS2_PLACEMENT_3D ( 'NONE', #3739, #6199, #1001 ) ;
#7101 = AXIS2_PLACEMENT_3D ( 'NONE', #6076, #233, #2525 ) ;
#7102 = ORIENTED_EDGE ( 'NONE', *, *, #3148, .F. ) ;
#7103 = ADVANCED_FACE ( 'NONE', ( #3547 ), #4767, .T. ) ;
#7104 = DIRECTION ( 'NONE',  ( -1.000000000000000000, -0.000000000000000000, -0.000000000000000000 ) ) ;
#7105 = VERTEX_POINT ( 'NONE', #6393 ) ;
#7106 = VECTOR ( 'NONE', #6063, 1000.000000000000000 ) ;
#7107 = CARTESIAN_POINT ( 'NONE',  ( 17.69640821446782297, 1.025167968987813186E-15, 0.000000000000000000 ) ) ;
#7108 = ORIENTED_EDGE ( 'NONE', *, *, #5762, .T. ) ;
#7109 = DIRECTION ( 'NONE',  ( 0.000000000000000000, -1.000000000000000000, 0.000000000000000000 ) ) ;
#7110 = FACE_OUTER_BOUND ( 'NONE', #6315, .T. ) ;
#7111 = CIRCLE ( 'NONE', #336, 1.500000000000001110 ) ;
#7112 = CYLINDRICAL_SURFACE ( 'NONE', #3922, 1.499999999999999556 ) ;
#7113 = EDGE_LOOP ( 'NONE', ( #77, #153, #2340, #5429, #5314 ) ) ;
#7114 = CARTESIAN_POINT ( 'NONE',  ( 21.69640821446782297, 1.025167968987813186E-15, 0.000000000000000000 ) ) ;
#7115 = ORIENTED_EDGE ( 'NONE', *, *, #88, .F. ) ;
#7116 = LINE ( 'NONE', #5936, #1060 ) ;
#7117 = FACE_OUTER_BOUND ( 'NONE', #2356, .T. ) ;
#7118 = ADVANCED_FACE ( 'NONE', ( #1664 ), #6977, .T. ) ;
#7119 = DIRECTION ( 'NONE',  ( 0.5735764363510434949, 0.8191520442889935749, 0.000000000000000000 ) ) ;
#7120 = LINE ( 'NONE', #5978, #7219 ) ;
#7121 = ORIENTED_EDGE ( 'NONE', *, *, #564, .T. ) ;
#7122 = FACE_OUTER_BOUND ( 'NONE', #3079, .T. ) ;
#7123 = ORIENTED_EDGE ( 'NONE', *, *, #3257, .T. ) ;
#7124 = DIRECTION ( 'NONE',  ( 0.000000000000000000, -1.000000000000000000, 0.000000000000000000 ) ) ;
#7125 = LINE ( 'NONE', #1975, #2306 ) ;
#7126 = CARTESIAN_POINT ( 'NONE',  ( 19.50000000000000000, -1.219500000000000028, 0.000000000000000000 ) ) ;
#7127 = CIRCLE ( 'NONE', #1111, 1.500000000000001110 ) ;
#7128 = CARTESIAN_POINT ( 'NONE',  ( 12.30359178553217525, 9.770634195117721323E-16, 0.000000000000000000 ) ) ;
#7129 = EDGE_LOOP ( 'NONE', ( #2392, #3939, #6099, #6844, #5558 ) ) ;
#7130 = AXIS2_PLACEMENT_3D ( 'NONE', #7107, #537, #1845 ) ;
#7131 = EDGE_LOOP ( 'NONE', ( #2106, #1923, #2361, #4073, #3928 ) ) ;
#7132 = ORIENTED_EDGE ( 'NONE', *, *, #108, .F. ) ;
#7133 = ORIENTED_EDGE ( 'NONE', *, *, #4115, .T. ) ;
#7134 = CARTESIAN_POINT ( 'NONE',  ( 6.696408214467821196, 1.025167968987813186E-15, 0.000000000000000000 ) ) ;
#7135 = DIRECTION ( 'NONE',  ( 0.000000000000000000, -1.000000000000000000, 0.000000000000000000 ) ) ;
#7136 = AXIS2_PLACEMENT_3D ( 'NONE', #4169, #1249, #1132 ) ;
#7137 = EDGE_CURVE ( 'NONE', #4382, #4830, #2071, .T. ) ;
#7138 = CARTESIAN_POINT ( 'NONE',  ( -31.74999999999995737, 0.000000000000000000, 0.000000000000000000 ) ) ;
#7139 = EDGE_LOOP ( 'NONE', ( #5303, #5095, #7289, #776, #923 ) ) ;
#7140 = CIRCLE ( 'NONE', #512, 1.599999999999999645 ) ;
#7141 = DIRECTION ( 'NONE',  ( 0.000000000000000000, 0.000000000000000000, -1.000000000000000000 ) ) ;
#7142 = EDGE_CURVE ( 'NONE', #2598, #4883, #1238, .T. ) ;
#7143 = ORIENTED_EDGE ( 'NONE', *, *, #140, .F. ) ;
#7144 = LINE ( 'NONE', #1880, #283 ) ;
#7145 = DIRECTION ( 'NONE',  ( 0.000000000000000000, -1.000000000000000000, 0.000000000000000000 ) ) ;
#7146 = CIRCLE ( 'NONE', #3342, 1.219500000000001139 ) ;
#7147 = EDGE_CURVE ( 'NONE', #6294, #7014, #358, .T. ) ;
#7148 = EDGE_CURVE ( 'NONE', #1098, #4209, #6469, .T. ) ;
#7149 = DIRECTION ( 'NONE',  ( 0.000000000000000000, -1.000000000000000000, 0.000000000000000000 ) ) ;
#7150 = VERTEX_POINT ( 'NONE', #1160 ) ;
#7151 = AXIS2_PLACEMENT_3D ( 'NONE', #2944, #2249, #1255 ) ;
#7152 = FACE_OUTER_BOUND ( 'NONE', #1796, .T. ) ;
#7153 = VERTEX_POINT ( 'NONE', #4660 ) ;
#7154 = DIRECTION ( 'NONE',  ( -1.000000000000000000, -1.224606353822377258E-16, -0.000000000000000000 ) ) ;
#7155 = VECTOR ( 'NONE', #6275, 1000.000000000000000 ) ;
#7156 = CONICAL_SURFACE ( 'NONE', #5186, 1.500000000000001110, 0.9599310885968842522 ) ;
#7157 = FACE_OUTER_BOUND ( 'NONE', #2452, .T. ) ;
#7158 = FACE_OUTER_BOUND ( 'NONE', #5409, .T. ) ;
#7159 = ORIENTED_EDGE ( 'NONE', *, *, #4468, .F. ) ;
#7160 = DIRECTION ( 'NONE',  ( -1.000000000000000000, -0.000000000000000000, -0.000000000000000000 ) ) ;
#7161 = ORIENTED_EDGE ( 'NONE', *, *, #4956, .T. ) ;
#7162 = AXIS2_PLACEMENT_3D ( 'NONE', #6049, #5503, #247 ) ;
#7163 = CYLINDRICAL_SURFACE ( 'NONE', #1767, 1.499999999999999556 ) ;
#7164 = DIRECTION ( 'NONE',  ( -1.000000000000000000, -1.224606353822377258E-16, -0.000000000000000000 ) ) ;
#7165 = DIRECTION ( 'NONE',  ( 0.000000000000000000, -1.000000000000000000, 0.000000000000000000 ) ) ;
#7166 = AXIS2_PLACEMENT_3D ( 'NONE', #276, #3760, #1349 ) ;
#7167 = CARTESIAN_POINT ( 'NONE',  ( 10.49999999999999822, 1.001115694249792856E-15, 0.000000000000000000 ) ) ;
#7168 = ORIENTED_EDGE ( 'NONE', *, *, #294, .F. ) ;
#7169 = AXIS2_PLACEMENT_3D ( 'NONE', #3785, #2659, #2519 ) ;
#7170 = CARTESIAN_POINT ( 'NONE',  ( 15.00000000000000000, 1.001115694249792856E-15, 0.000000000000000000 ) ) ;
#7171 = ORIENTED_EDGE ( 'NONE', *, *, #63, .F. ) ;
#7172 = ORIENTED_EDGE ( 'NONE', *, *, #6632, .F. ) ;
#7173 = EDGE_CURVE ( 'NONE', #977, #6327, #6354, .T. ) ;
#7174 = DIRECTION ( 'NONE',  ( -0.000000000000000000, 0.8660254037844395958, 0.4999999999999984457 ) ) ;
#7175 = CIRCLE ( 'NONE', #3127, 1.500000000000001110 ) ;
#7176 = CARTESIAN_POINT ( 'NONE',  ( 9.803591785532175251, 9.770634195117721323E-16, 0.000000000000000000 ) ) ;
#7177 = FACE_OUTER_BOUND ( 'NONE', #1528, .T. ) ;
#7178 = ORIENTED_EDGE ( 'NONE', *, *, #6725, .F. ) ;
#7179 = DIRECTION ( 'NONE',  ( -1.000000000000000000, -0.000000000000000000, -0.000000000000000000 ) ) ;
#7180 = VERTEX_POINT ( 'NONE', #2268 ) ;
#7181 = EDGE_CURVE ( 'NONE', #1764, #3023, #1084, .T. ) ;
#7182 = DIRECTION ( 'NONE',  ( -1.000000000000000000, -1.224606353822377258E-16, -0.000000000000000000 ) ) ;
#7183 = DIRECTION ( 'NONE',  ( 0.000000000000000000, -1.000000000000000000, 0.000000000000000000 ) ) ;
#7184 = EDGE_CURVE ( 'NONE', #3647, #271, #583, .T. ) ;
#7185 = CARTESIAN_POINT ( 'NONE',  ( 19.99999999999999645, -1.219500000000000028, 0.000000000000000000 ) ) ;
#7186 = ORIENTED_EDGE ( 'NONE', *, *, #7501, .T. ) ;
#7187 = CARTESIAN_POINT ( 'NONE',  ( 8.499999999999998224, 1.219500000000002249, 0.000000000000000000 ) ) ;
#7188 = ORIENTED_EDGE ( 'NONE', *, *, #619, .F. ) ;
#7189 = EDGE_CURVE ( 'NONE', #5485, #5765, #5636, .T. ) ;
#7190 = ADVANCED_FACE ( 'NONE', ( #6955 ), #1218, .T. ) ;
#7191 = VECTOR ( 'NONE', #1997, 1000.000000000000227 ) ;
#7192 = CARTESIAN_POINT ( 'NONE',  ( -31.74999999999995737, 0.000000000000000000, 0.000000000000000000 ) ) ;
#7193 = DIRECTION ( 'NONE',  ( -1.000000000000000000, -1.224606353822377258E-16, -0.000000000000000000 ) ) ;
#7194 = CARTESIAN_POINT ( 'NONE',  ( -31.74999999999995737, 0.000000000000000000, 0.000000000000000000 ) ) ;
#7195 = ORIENTED_EDGE ( 'NONE', *, *, #5590, .T. ) ;
#7196 = EDGE_CURVE ( 'NONE', #1241, #680, #3175, .T. ) ;
#7197 = PLANE ( 'NONE',  #4100 ) ;
#7198 = ORIENTED_EDGE ( 'NONE', *, *, #6818, .F. ) ;
#7199 = CARTESIAN_POINT ( 'NONE',  ( 17.69640821446782297, 1.025167968987813186E-15, 0.000000000000000000 ) ) ;
#7200 = FACE_OUTER_BOUND ( 'NONE', #2767, .T. ) ;
#7201 = DIRECTION ( 'NONE',  ( -1.000000000000000000, -1.224606353822377258E-16, -0.000000000000000000 ) ) ;
#7202 = DIRECTION ( 'NONE',  ( 0.000000000000000000, -1.000000000000000000, 0.000000000000000000 ) ) ;
#7203 = ORIENTED_EDGE ( 'NONE', *, *, #5324, .F. ) ;
#7204 = CARTESIAN_POINT ( 'NONE',  ( 15.50000000000000000, 1.001115694249792856E-15, 0.000000000000000000 ) ) ;
#7205 = VERTEX_POINT ( 'NONE', #1119 ) ;
#7206 = CIRCLE ( 'NONE', #1194, 1.500000000000001110 ) ;
#7207 = CIRCLE ( 'NONE', #7562, 1.500000000000001110 ) ;
#7208 = ORIENTED_EDGE ( 'NONE', *, *, #1885, .T. ) ;
#7209 = DIRECTION ( 'NONE',  ( 0.5735764363510437169, -0.8191520442889933529, 1.003171929053526719E-16 ) ) ;
#7210 = CARTESIAN_POINT ( 'NONE',  ( 14.00000000000000000, 1.001115694249792856E-15, 0.000000000000000000 ) ) ;
#7211 = CIRCLE ( 'NONE', #4991, 1.500000000000001110 ) ;
#7212 = DIRECTION ( 'NONE',  ( 0.000000000000000000, 0.000000000000000000, 1.000000000000000000 ) ) ;
#7213 = VERTEX_POINT ( 'NONE', #5820 ) ;
#7214 = EDGE_CURVE ( 'NONE', #3021, #4239, #7338, .T. ) ;
#7215 = CARTESIAN_POINT ( 'NONE',  ( 5.696408214467822084, 1.025167968987813186E-15, 0.000000000000000000 ) ) ;
#7216 = VERTEX_POINT ( 'NONE', #2309 ) ;
#7217 = AXIS2_PLACEMENT_3D ( 'NONE', #4086, #4049, #6442 ) ;
#7218 = AXIS2_PLACEMENT_3D ( 'NONE', #4967, #224, #295 ) ;
#7219 = VECTOR ( 'NONE', #4781, 1000.000000000000000 ) ;
#7220 = AXIS2_PLACEMENT_3D ( 'NONE', #1258, #158, #3606 ) ;
#7221 = DIRECTION ( 'NONE',  ( 0.000000000000000000, -1.000000000000000000, 0.000000000000000000 ) ) ;
#7222 = FACE_OUTER_BOUND ( 'NONE', #2366, .T. ) ;
#7223 = AXIS2_PLACEMENT_3D ( 'NONE', #4435, #6744, #2158 ) ;
#7224 = AXIS2_PLACEMENT_3D ( 'NONE', #6258, #4486, #1558 ) ;
#7225 = DIRECTION ( 'NONE',  ( -1.000000000000000000, -1.224606353822377258E-16, -0.000000000000000000 ) ) ;
#7226 = ORIENTED_EDGE ( 'NONE', *, *, #6794, .F. ) ;
#7227 = DIRECTION ( 'NONE',  ( -1.000000000000000000, -1.224606353822377258E-16, -0.000000000000000000 ) ) ;
#7228 = ORIENTED_EDGE ( 'NONE', *, *, #4278, .T. ) ;
#7229 = AXIS2_PLACEMENT_3D ( 'NONE', #4160, #7042, #1740 ) ;
#7230 = CARTESIAN_POINT ( 'NONE',  ( 12.19640821446782120, 1.025167968987813186E-15, 0.000000000000000000 ) ) ;
#7231 = ADVANCED_FACE ( 'NONE', ( #2348 ), #6999, .T. ) ;
#7232 = DIRECTION ( 'NONE',  ( -1.000000000000000000, -1.224606353822377258E-16, -0.000000000000000000 ) ) ;
#7233 = EDGE_CURVE ( 'NONE', #449, #4905, #479, .T. ) ;
#7234 = CYLINDRICAL_SURFACE ( 'NONE', #5388, 1.499999999999999556 ) ;
#7235 = ORIENTED_EDGE ( 'NONE', *, *, #6392, .T. ) ;
#7236 = CARTESIAN_POINT ( 'NONE',  ( 19.00000000000000000, 1.219500000000002249, 0.000000000000000000 ) ) ;
#7237 = ORIENTED_EDGE ( 'NONE', *, *, #6539, .T. ) ;
#7238 = ORIENTED_EDGE ( 'NONE', *, *, #7415, .F. ) ;
#7239 = EDGE_CURVE ( 'NONE', #6906, #3867, #251, .T. ) ;
#7240 = DIRECTION ( 'NONE',  ( 0.000000000000000000, -1.000000000000000000, 0.000000000000000000 ) ) ;
#7241 = DIRECTION ( 'NONE',  ( -1.000000000000000000, -0.000000000000000000, -0.000000000000000000 ) ) ;
#7242 = ADVANCED_FACE ( 'NONE', ( #7117 ), #728, .T. ) ;
#7243 = DIRECTION ( 'NONE',  ( -0.5735764363510472696, 0.8191520442889909104, 1.003171929053523884E-16 ) ) ;
#7244 = EDGE_CURVE ( 'NONE', #2947, #2108, #1344, .T. ) ;
#7245 = DIRECTION ( 'NONE',  ( -1.000000000000000000, -1.224606353822377258E-16, -0.000000000000000000 ) ) ;
#7246 = VERTEX_POINT ( 'NONE', #1964 ) ;
#7247 = CARTESIAN_POINT ( 'NONE',  ( 21.19640821446782297, 1.500000000000002220, 0.000000000000000000 ) ) ;
#7248 = ORIENTED_EDGE ( 'NONE', *, *, #7415, .T. ) ;
#7249 = DIRECTION ( 'NONE',  ( 0.000000000000000000, -1.000000000000000000, 0.000000000000000000 ) ) ;
#7250 = CARTESIAN_POINT ( 'NONE',  ( 11.69640821446782297, -1.500000000000000000, 1.836970198721031167E-16 ) ) ;
#7251 = CARTESIAN_POINT ( 'NONE',  ( 16.30359178553217347, 9.770634195117721323E-16, 0.000000000000000000 ) ) ;
#7252 = VERTEX_POINT ( 'NONE', #5508 ) ;
#7253 = FACE_OUTER_BOUND ( 'NONE', #4772, .T. ) ;
#7254 = ORIENTED_EDGE ( 'NONE', *, *, #4286, .T. ) ;
#7255 = AXIS2_PLACEMENT_3D ( 'NONE', #1186, #3531, #5491 ) ;
#7256 = DIRECTION ( 'NONE',  ( 1.000000000000000000, 0.000000000000000000, 0.000000000000000000 ) ) ;
#7257 = DIRECTION ( 'NONE',  ( 0.000000000000000000, 1.000000000000000000, 0.000000000000000000 ) ) ;
#7258 = CARTESIAN_POINT ( 'NONE',  ( 14.19640821446782297, -1.500000000000000222, 1.836970198721031413E-16 ) ) ;
#7259 = EDGE_LOOP ( 'NONE', ( #5374, #2687, #687, #7228, #218, #5446 ) ) ;
#7260 = LINE ( 'NONE', #1651, #3225 ) ;
#7261 = EDGE_LOOP ( 'NONE', ( #6050, #746, #170, #3600, #3262 ) ) ;
#7262 = CONICAL_SURFACE ( 'NONE', #5795, 1.219500000000001139, 0.9599310885968800333 ) ;
#7263 = DIRECTION ( 'NONE',  ( 0.000000000000000000, 1.000000000000000000, 0.000000000000000000 ) ) ;
#7264 = CARTESIAN_POINT ( 'NONE',  ( 9.999999999999998224, 1.219500000000002249, 1.493456771560198551E-16 ) ) ;
#7265 = VECTOR ( 'NONE', #5966, 1000.000000000000000 ) ;
#7266 = CARTESIAN_POINT ( 'NONE',  ( 1.300000000000000044, -0.7274613391789266359, 1.260000000000003118 ) ) ;
#7267 = ORIENTED_EDGE ( 'NONE', *, *, #2902, .F. ) ;
#7268 = DIRECTION ( 'NONE',  ( 0.000000000000000000, -1.000000000000000000, 0.000000000000000000 ) ) ;
#7269 = ORIENTED_EDGE ( 'NONE', *, *, #1364, .F. ) ;
#7270 = EDGE_CURVE ( 'NONE', #5998, #6870, #850, .T. ) ;
#7271 = CARTESIAN_POINT ( 'NONE',  ( 20.19640821446781942, 1.025167968987813186E-15, 0.000000000000000000 ) ) ;
#7272 = AXIS2_PLACEMENT_3D ( 'NONE', #154, #5993, #7249 ) ;
#7273 = CARTESIAN_POINT ( 'NONE',  ( 5.303591785532175251, -1.499999999999999778, 0.000000000000000000 ) ) ;
#7274 = DIRECTION ( 'NONE',  ( 0.5735764363510437169, -0.8191520442889933529, 1.003171929053526719E-16 ) ) ;
#7275 = ADVANCED_FACE ( 'NONE', ( #4813 ), #664, .T. ) ;
#7276 = CARTESIAN_POINT ( 'NONE',  ( 20.80359178553217703, -1.499999999999994893, 0.000000000000000000 ) ) ;
#7277 = ORIENTED_EDGE ( 'NONE', *, *, #3101, .F. ) ;
#7278 = AXIS2_PLACEMENT_3D ( 'NONE', #4193, #2882, #4692 ) ;
#7279 = AXIS2_PLACEMENT_3D ( 'NONE', #1949, #3100, #873 ) ;
#7280 = CARTESIAN_POINT ( 'NONE',  ( 11.69640821446782297, 1.025167968987813186E-15, 0.000000000000000000 ) ) ;
#7281 = ORIENTED_EDGE ( 'NONE', *, *, #7363, .T. ) ;
#7282 = EDGE_CURVE ( 'NONE', #1508, #5719, #2190, .T. ) ;
#7283 = FACE_OUTER_BOUND ( 'NONE', #1661, .T. ) ;
#7284 = ADVANCED_FACE ( 'NONE', ( #1279 ), #5268, .T. ) ;
#7285 = FACE_OUTER_BOUND ( 'NONE', #2076, .T. ) ;
#7286 = AXIS2_PLACEMENT_3D ( 'NONE', #2588, #750, #4820 ) ;
#7287 = AXIS2_PLACEMENT_3D ( 'NONE', #5633, #1013, #2200 ) ;
#7288 = DIRECTION ( 'NONE',  ( 0.000000000000000000, -1.000000000000000000, 0.000000000000000000 ) ) ;
#7289 = ORIENTED_EDGE ( 'NONE', *, *, #7424, .T. ) ;
#7290 = ORIENTED_EDGE ( 'NONE', *, *, #3989, .T. ) ;
#7291 = CARTESIAN_POINT ( 'NONE',  ( 11.69640821446782297, 1.500000000000002220, 0.000000000000000000 ) ) ;
#7292 = AXIS2_PLACEMENT_3D ( 'NONE', #100, #3086, #4858 ) ;
#7293 = FACE_OUTER_BOUND ( 'NONE', #2655, .T. ) ;
#7294 = AXIS2_PLACEMENT_3D ( 'NONE', #1696, #2961, #7071 ) ;
#7295 = DIRECTION ( 'NONE',  ( -0.5735764363510472696, 0.8191520442889909104, 1.003171929053523884E-16 ) ) ;
#7296 = VERTEX_POINT ( 'NONE', #1855 ) ;
#7297 = DIRECTION ( 'NONE',  ( 1.000000000000000000, 0.000000000000000000, 0.000000000000000000 ) ) ;
#7298 = EDGE_LOOP ( 'NONE', ( #1667, #5471, #5956, #755, #5056, #6855 ) ) ;
#7299 = CARTESIAN_POINT ( 'NONE',  ( 6.303591785532174363, -1.499999999999999778, 0.000000000000000000 ) ) ;
#7300 = EDGE_LOOP ( 'NONE', ( #7172, #4552, #7208, #3298, #5848 ) ) ;
#7301 = EDGE_CURVE ( 'NONE', #5768, #7246, #1583, .T. ) ;
#7302 = LINE ( 'NONE', #2617, #2019 ) ;
#7303 = ORIENTED_EDGE ( 'NONE', *, *, #5121, .F. ) ;
#7304 = DIRECTION ( 'NONE',  ( -1.000000000000000000, -1.224606353822377258E-16, -0.000000000000000000 ) ) ;
#7305 = CARTESIAN_POINT ( 'NONE',  ( 13.30359178553217525, -1.155557966632341512E-30, 1.500000000000001332 ) ) ;
#7306 = CARTESIAN_POINT ( 'NONE',  ( 21.80359178553217703, 9.770634195117721323E-16, 0.000000000000000000 ) ) ;
#7307 = CARTESIAN_POINT ( 'NONE',  ( 8.499999999999998224, -1.219500000000000028, 0.000000000000000000 ) ) ;
#7308 = ORIENTED_EDGE ( 'NONE', *, *, #6489, .F. ) ;
#7309 = EDGE_CURVE ( 'NONE', #1118, #3993, #4289, .T. ) ;
#7310 = DIRECTION ( 'NONE',  ( 0.000000000000000000, -1.000000000000000000, 0.000000000000000000 ) ) ;
#7311 = ORIENTED_EDGE ( 'NONE', *, *, #4418, .T. ) ;
#7312 = DIRECTION ( 'NONE',  ( 1.000000000000000000, 1.224606353822377258E-16, 0.000000000000000000 ) ) ;
#7313 = DIRECTION ( 'NONE',  ( 0.000000000000000000, 1.000000000000000000, 0.000000000000000000 ) ) ;
#7314 = CARTESIAN_POINT ( 'NONE',  ( -31.74999999999995737, 0.000000000000000000, 0.000000000000000000 ) ) ;
#7315 = EDGE_LOOP ( 'NONE', ( #1699, #609, #7195, #6380, #2404, #4140 ) ) ;
#7316 = EDGE_CURVE ( 'NONE', #5813, #559, #5137, .T. ) ;
#7317 = ADVANCED_FACE ( 'NONE', ( #5974 ), #1707, .T. ) ;
#7318 = ORIENTED_EDGE ( 'NONE', *, *, #2679, .T. ) ;
#7319 = CARTESIAN_POINT ( 'NONE',  ( 7.303591785532175251, -1.155557966632341512E-30, 1.500000000000001332 ) ) ;
#7320 = ADVANCED_FACE ( 'NONE', ( #699 ), #3041, .T. ) ;
#7321 = VECTOR ( 'NONE', #7485, 1000.000000000000000 ) ;
#7322 = CARTESIAN_POINT ( 'NONE',  ( 13.30359178553217525, 9.770634195117721323E-16, 0.000000000000000000 ) ) ;
#7323 = EDGE_CURVE ( 'NONE', #1483, #6133, #3549, .T. ) ;
#7324 = CIRCLE ( 'NONE', #4629, 1.500000000000001110 ) ;
#7325 = EDGE_CURVE ( 'NONE', #6588, #4008, #1464, .T. ) ;
#7326 = AXIS2_PLACEMENT_3D ( 'NONE', #2516, #4364, #5523 ) ;
#7327 = DIRECTION ( 'NONE',  ( -1.000000000000000000, -1.224606353822377258E-16, -0.000000000000000000 ) ) ;
#7328 = ORIENTED_EDGE ( 'NONE', *, *, #1183, .F. ) ;
#7329 = AXIS2_PLACEMENT_3D ( 'NONE', #5842, #3909, #6265 ) ;
#7330 = LINE ( 'NONE', #5689, #3693 ) ;
#7331 = ORIENTED_EDGE ( 'NONE', *, *, #6079, .T. ) ;
#7332 = VECTOR ( 'NONE', #6281, 1000.000000000000000 ) ;
#7333 = CARTESIAN_POINT ( 'NONE',  ( 9.696408214467822972, 1.836970198721020073E-16, -1.500000000000001332 ) ) ;
#7334 = AXIS2_PLACEMENT_3D ( 'NONE', #6772, #3227, #3382 ) ;
#7335 = CONICAL_SURFACE ( 'NONE', #4024, 1.219500000000001139, 0.9599310885968800333 ) ;
#7336 = LINE ( 'NONE', #5581, #3881 ) ;
#7337 = ORIENTED_EDGE ( 'NONE', *, *, #5762, .F. ) ;
#7339 = DIRECTION ( 'NONE',  ( 0.000000000000000000, -1.000000000000000000, 0.000000000000000000 ) ) ;
#7338 = CIRCLE ( 'NONE', #7463, 1.219500000000001139 ) ;
#7340 = ORIENTED_EDGE ( 'NONE', *, *, #4601, .T. ) ;
#7341 = AXIS2_PLACEMENT_3D ( 'NONE', #3560, #5288, #3058 ) ;
#7342 = VERTEX_POINT ( 'NONE', #3081 ) ;
#7343 = VERTEX_POINT ( 'NONE', #6052 ) ;
#7344 = CARTESIAN_POINT ( 'NONE',  ( 0.000000000000000000, -0.7274613391789266359, 1.260000000000003118 ) ) ;
#7345 = CARTESIAN_POINT ( 'NONE',  ( 1.300000000000000044, 0.000000000000000000, 0.000000000000000000 ) ) ;
#7346 = ADVANCED_FACE ( 'NONE', ( #215 ), #2538, .T. ) ;
#7347 = VECTOR ( 'NONE', #4498, 1000.000000000000000 ) ;
#7348 = CIRCLE ( 'NONE', #7593, 1.500000000000001110 ) ;
#7349 = CARTESIAN_POINT ( 'NONE',  ( -31.74999999999995737, 1.836970198721029441E-16, -1.499999999999999556 ) ) ;
#7350 = VERTEX_POINT ( 'NONE', #391 ) ;
#7351 = DIRECTION ( 'NONE',  ( 0.000000000000000000, 1.000000000000000000, 0.000000000000000000 ) ) ;
#7352 = ORIENTED_EDGE ( 'NONE', *, *, #769, .T. ) ;
#7353 = DIRECTION ( 'NONE',  ( 0.000000000000000000, -1.000000000000000000, 0.000000000000000000 ) ) ;
#7354 = ORIENTED_EDGE ( 'NONE', *, *, #3343, .F. ) ;
#7355 = CARTESIAN_POINT ( 'NONE',  ( 13.30359178553217525, 1.500000000000002442, 1.836970198721031167E-16 ) ) ;
#7356 = CARTESIAN_POINT ( 'NONE',  ( 15.69640821446782120, -1.155557966632341512E-30, 1.500000000000001332 ) ) ;
#7357 = FACE_OUTER_BOUND ( 'NONE', #1930, .T. ) ;
#7358 = VERTEX_POINT ( 'NONE', #2644 ) ;
#7359 = ORIENTED_EDGE ( 'NONE', *, *, #1036, .T. ) ;
#7360 = DIRECTION ( 'NONE',  ( 0.000000000000000000, 0.000000000000000000, 1.000000000000000000 ) ) ;
#7361 = AXIS2_PLACEMENT_3D ( 'NONE', #7170, #5298, #1906 ) ;
#7362 = LINE ( 'NONE', #2756, #5344 ) ;
#7363 = EDGE_CURVE ( 'NONE', #7213, #4488, #2438, .T. ) ;
#7364 = ORIENTED_EDGE ( 'NONE', *, *, #7148, .T. ) ;
#7365 = CIRCLE ( 'NONE', #3813, 1.500000000000001110 ) ;
#7366 = EDGE_CURVE ( 'NONE', #1065, #2365, #3418, .T. ) ;
#7367 = CARTESIAN_POINT ( 'NONE',  ( 16.19640821446781942, 1.025167968987813186E-15, 0.000000000000000000 ) ) ;
#7368 = ORIENTED_EDGE ( 'NONE', *, *, #205, .T. ) ;
#7369 = AXIS2_PLACEMENT_3D ( 'NONE', #2721, #6873, #422 ) ;
#7370 = CARTESIAN_POINT ( 'NONE',  ( 9.696408214467822972, 1.500000000000002220, 0.000000000000000000 ) ) ;
#7371 = EDGE_LOOP ( 'NONE', ( #4628, #2352, #7121, #1293, #879 ) ) ;
#7372 = DIRECTION ( 'NONE',  ( 0.5735764363510437169, -0.8191520442889933529, 1.003171929053526719E-16 ) ) ;
#7373 = ADVANCED_FACE ( 'NONE', ( #2149 ), #5014, .T. ) ;
#7374 = EDGE_CURVE ( 'NONE', #2209, #4510, #3054, .T. ) ;
#7375 = DIRECTION ( 'NONE',  ( -1.000000000000000000, -1.224606353822377258E-16, -0.000000000000000000 ) ) ;
#7376 = FACE_OUTER_BOUND ( 'NONE', #85, .T. ) ;
#7377 = EDGE_LOOP ( 'NONE', ( #6576, #4774, #7238, #3192, #3674 ) ) ;
#7378 = CIRCLE ( 'NONE', #33, 1.500000000000001110 ) ;
#7379 = DIRECTION ( 'NONE',  ( -1.000000000000000000, -1.224606353822377258E-16, -0.000000000000000000 ) ) ;
#7380 = ORIENTED_EDGE ( 'NONE', *, *, #3804, .T. ) ;
#7381 = VERTEX_POINT ( 'NONE', #7333 ) ;
#7382 = DIRECTION ( 'NONE',  ( 0.000000000000000000, 0.000000000000000000, -1.000000000000000000 ) ) ;
#7383 = AXIS2_PLACEMENT_3D ( 'NONE', #6828, #4450, #378 ) ;
#7384 = LINE ( 'NONE', #1479, #3775 ) ;
#7385 = DIRECTION ( 'NONE',  ( 0.000000000000000000, -1.000000000000000000, 0.000000000000000000 ) ) ;
#7386 = ORIENTED_EDGE ( 'NONE', *, *, #6847, .F. ) ;
#7387 = CARTESIAN_POINT ( 'NONE',  ( 20.30359178553217703, 9.770634195117721323E-16, 0.000000000000000000 ) ) ;
#7388 = ORIENTED_EDGE ( 'NONE', *, *, #5682, .F. ) ;
#7389 = AXIS2_PLACEMENT_3D ( 'NONE', #1987, #3174, #267 ) ;
#7390 = CARTESIAN_POINT ( 'NONE',  ( 5.803591785532175251, 1.500000000000002442, 1.836970198721031167E-16 ) ) ;
#7391 = DIRECTION ( 'NONE',  ( 1.000000000000000000, 1.224606353822377258E-16, 0.000000000000000000 ) ) ;
#7392 = TOROIDAL_SURFACE ( 'NONE', #6303, 1.599999999999999645, 0.1000000000000000056 ) ;
#7393 = DIRECTION ( 'NONE',  ( -0.5735764363510470476, -0.8191520442889912434, 0.000000000000000000 ) ) ;
#7394 = ORIENTED_EDGE ( 'NONE', *, *, #208, .F. ) ;
#7395 = EDGE_CURVE ( 'NONE', #2891, #994, #7412, .T. ) ;
#7396 = EDGE_LOOP ( 'NONE', ( #5379, #1127, #948, #5847, #797 ) ) ;
#7397 = CARTESIAN_POINT ( 'NONE',  ( 18.69640821446782297, 1.025167968987813186E-15, 0.000000000000000000 ) ) ;
#7398 = AXIS2_PLACEMENT_3D ( 'NONE', #3688, #5430, #3648 ) ;
#7399 = VECTOR ( 'NONE', #2085, 1000.000000000000000 ) ;
#7400 = DIRECTION ( 'NONE',  ( -1.000000000000000000, -0.000000000000000000, -0.000000000000000000 ) ) ;
#7401 = CONICAL_SURFACE ( 'NONE', #7169, 1.500000000000001110, 0.9599310885968842522 ) ;
#7402 = DIRECTION ( 'NONE',  ( 0.5735764363510434949, 0.8191520442889935749, 0.000000000000000000 ) ) ;
#7403 = CONICAL_SURFACE ( 'NONE', #2380, 1.219500000000001139, 0.9599310885968800333 ) ;
#7404 = CARTESIAN_POINT ( 'NONE',  ( -31.74999999999995737, 0.000000000000000000, 0.000000000000000000 ) ) ;
#7405 = VERTEX_POINT ( 'NONE', #4990 ) ;
#7406 = EDGE_CURVE ( 'NONE', #3611, #2851, #5763, .T. ) ;
#7407 = CIRCLE ( 'NONE', #4475, 1.219500000000001139 ) ;
#7408 = FACE_OUTER_BOUND ( 'NONE', #3357, .T. ) ;
#7409 = ORIENTED_EDGE ( 'NONE', *, *, #5894, .T. ) ;
#7410 = DIRECTION ( 'NONE',  ( 0.000000000000000000, 1.000000000000000000, 0.000000000000000000 ) ) ;
#7411 = EDGE_CURVE ( 'NONE', #6333, #4793, #6232, .T. ) ;
#7412 = LINE ( 'NONE', #6876, #7347 ) ;
#7413 = DIRECTION ( 'NONE',  ( -1.000000000000000000, -1.224606353822377258E-16, -0.000000000000000000 ) ) ;
#7414 = ORIENTED_EDGE ( 'NONE', *, *, #7196, .F. ) ;
#7415 = EDGE_CURVE ( 'NONE', #6427, #2853, #7471, .T. ) ;
#7416 = ADVANCED_FACE ( 'NONE', ( #6838 ), #857, .T. ) ;
#7417 = CARTESIAN_POINT ( 'NONE',  ( -31.74999999999995737, 0.000000000000000000, 1.499999999999999556 ) ) ;
#7418 = ORIENTED_EDGE ( 'NONE', *, *, #2399, .F. ) ;
#7419 = ORIENTED_EDGE ( 'NONE', *, *, #1470, .F. ) ;
#7420 = CARTESIAN_POINT ( 'NONE',  ( 17.69640821446782297, 1.500000000000001998, 0.000000000000000000 ) ) ;
#7421 = ADVANCED_FACE ( 'NONE', ( #7447 ), #3805, .F. ) ;
#7422 = LINE ( 'NONE', #438, #1211 ) ;
#7423 = DIRECTION ( 'NONE',  ( -1.000000000000000000, -1.224606353822377258E-16, -0.000000000000000000 ) ) ;
#7424 = EDGE_CURVE ( 'NONE', #4053, #4714, #5694, .T. ) ;
#7425 = CARTESIAN_POINT ( 'NONE',  ( 14.69640821446782120, 1.025167968987813186E-15, 0.000000000000000000 ) ) ;
#7426 = EDGE_LOOP ( 'NONE', ( #6449, #870, #6963, #2650, #5757, #6332 ) ) ;
#7427 = DIRECTION ( 'NONE',  ( -1.000000000000000000, -1.224606353822377258E-16, -0.000000000000000000 ) ) ;
#7428 = ORIENTED_EDGE ( 'NONE', *, *, #3762, .F. ) ;
#7429 = DIRECTION ( 'NONE',  ( -1.000000000000000000, -1.224606353822377258E-16, -0.000000000000000000 ) ) ;
#7430 = CARTESIAN_POINT ( 'NONE',  ( 8.196408214467821196, -1.155557966632341512E-30, 1.500000000000001332 ) ) ;
#7431 = CARTESIAN_POINT ( 'NONE',  ( 6.499999999999999112, 1.001115694249792856E-15, 0.000000000000000000 ) ) ;
#7432 = ORIENTED_EDGE ( 'NONE', *, *, #4161, .F. ) ;
#7433 = ORIENTED_EDGE ( 'NONE', *, *, #6658, .F. ) ;
#7434 = FACE_OUTER_BOUND ( 'NONE', #1947, .T. ) ;
#7435 = LINE ( 'NONE', #2214, #4479 ) ;
#7436 = ORIENTED_EDGE ( 'NONE', *, *, #4894, .F. ) ;
#7437 = EDGE_CURVE ( 'NONE', #2001, #4681, #2765, .T. ) ;
#7438 = CIRCLE ( 'NONE', #5991, 1.219500000000001139 ) ;
#7439 = ORIENTED_EDGE ( 'NONE', *, *, #6538, .T. ) ;
#7440 = DIRECTION ( 'NONE',  ( 0.000000000000000000, -1.000000000000000000, 0.000000000000000000 ) ) ;
#7441 = DIRECTION ( 'NONE',  ( -0.5735764363510470476, -0.8191520442889912434, 0.000000000000000000 ) ) ;
#7442 = EDGE_LOOP ( 'NONE', ( #2889, #6029, #202, #7414, #1526 ) ) ;
#7443 = DIRECTION ( 'NONE',  ( 0.000000000000000000, -1.000000000000000000, 0.000000000000000000 ) ) ;
#7444 = VERTEX_POINT ( 'NONE', #5108 ) ;
#7445 = CIRCLE ( 'NONE', #6476, 1.500000000000001110 ) ;
#7446 = DIRECTION ( 'NONE',  ( 0.000000000000000000, 1.000000000000000000, 0.000000000000000000 ) ) ;
#7447 = FACE_OUTER_BOUND ( 'NONE', #4360, .T. ) ;
#7448 = AXIS2_PLACEMENT_3D ( 'NONE', #4538, #2110, #6231 ) ;
#7449 = AXIS2_PLACEMENT_3D ( 'NONE', #3588, #5941, #5822 ) ;
#7450 = VECTOR ( 'NONE', #1161, 1000.000000000000000 ) ;
#7451 = CARTESIAN_POINT ( 'NONE',  ( 16.80359178553217347, 9.770634195117721323E-16, 0.000000000000000000 ) ) ;
#7452 = ORIENTED_EDGE ( 'NONE', *, *, #3945, .F. ) ;
#7453 = CARTESIAN_POINT ( 'NONE',  ( -31.74999999999995737, 1.836970198721029441E-16, -1.499999999999999556 ) ) ;
#7454 = ORIENTED_EDGE ( 'NONE', *, *, #1789, .T. ) ;
#7455 = EDGE_LOOP ( 'NONE', ( #226, #6987, #642, #3231, #6508 ) ) ;
#7456 = AXIS2_PLACEMENT_3D ( 'NONE', #1783, #17, #3464 ) ;
#7457 = AXIS2_PLACEMENT_3D ( 'NONE', #138, #3084, #2039 ) ;
#7458 = DIRECTION ( 'NONE',  ( 0.5735764363510437169, -0.8191520442889933529, 1.003171929053526719E-16 ) ) ;
#7459 = AXIS2_PLACEMENT_3D ( 'NONE', #6569, #4219, #4178 ) ;
#7460 = DIRECTION ( 'NONE',  ( 0.000000000000000000, 0.000000000000000000, 1.000000000000000000 ) ) ;
#7461 = ADVANCED_FACE ( 'NONE', ( #5072 ), #2809, .T. ) ;
#7462 = DIRECTION ( 'NONE',  ( -1.000000000000000000, -0.000000000000000000, -0.000000000000000000 ) ) ;
#7463 = AXIS2_PLACEMENT_3D ( 'NONE', #549, #7568, #5278 ) ;
#7464 = FACE_OUTER_BOUND ( 'NONE', #4885, .T. ) ;
#7465 = ORIENTED_EDGE ( 'NONE', *, *, #3067, .T. ) ;
#7466 = CIRCLE ( 'NONE', #6499, 1.500000000000001110 ) ;
#7467 = ADVANCED_FACE ( 'NONE', ( #6806 ), #4413, .T. ) ;
#7468 = FACE_OUTER_BOUND ( 'NONE', #6149, .T. ) ;
#7469 = ORIENTED_EDGE ( 'NONE', *, *, #1175, .F. ) ;
#7470 = CARTESIAN_POINT ( 'NONE',  ( 14.49999999999999822, 1.219500000000002249, 0.000000000000000000 ) ) ;
#7471 = CIRCLE ( 'NONE', #5399, 1.500000000000001110 ) ;
#7472 = CARTESIAN_POINT ( 'NONE',  ( 14.19640821446782297, 1.025167968987813186E-15, 0.000000000000000000 ) ) ;
#7473 = ADVANCED_FACE ( 'NONE', ( #3190 ), #5141, .T. ) ;
#7474 = EDGE_CURVE ( 'NONE', #3589, #7014, #889, .T. ) ;
#7475 = DIRECTION ( 'NONE',  ( 0.000000000000000000, -1.000000000000000000, 0.000000000000000000 ) ) ;
#7476 = VERTEX_POINT ( 'NONE', #3869 ) ;
#7477 = ORIENTED_EDGE ( 'NONE', *, *, #2445, .T. ) ;
#7478 = CARTESIAN_POINT ( 'NONE',  ( 11.00000000000000000, 1.001115694249792856E-15, 0.000000000000000000 ) ) ;
#7479 = DIRECTION ( 'NONE',  ( 0.000000000000000000, -1.000000000000000000, 0.000000000000000000 ) ) ;
#7480 = CARTESIAN_POINT ( 'NONE',  ( 6.196408214467821196, 1.025167968987813186E-15, 0.000000000000000000 ) ) ;
#7481 = ORIENTED_EDGE ( 'NONE', *, *, #1325, .T. ) ;
#7482 = CARTESIAN_POINT ( 'NONE',  ( 8.303591785532175251, 9.770634195117721323E-16, 0.000000000000000000 ) ) ;
#7483 = DIRECTION ( 'NONE',  ( 1.000000000000000000, 0.000000000000000000, 0.000000000000000000 ) ) ;
#7484 = ORIENTED_EDGE ( 'NONE', *, *, #1986, .F. ) ;
#7485 = DIRECTION ( 'NONE',  ( -1.000000000000000000, -0.000000000000000000, -0.000000000000000000 ) ) ;
#7486 = AXIS2_PLACEMENT_3D ( 'NONE', #2105, #6761, #5103 ) ;
#7487 = CARTESIAN_POINT ( 'NONE',  ( 15.69640821446782120, -1.500000000000000000, 1.836970198721031167E-16 ) ) ;
#7488 = VERTEX_POINT ( 'NONE', #5655 ) ;
#7489 = CARTESIAN_POINT ( 'NONE',  ( 0.000000000000000000, 0.000000000000000000, 0.000000000000000000 ) ) ;
#7490 = ORIENTED_EDGE ( 'NONE', *, *, #6677, .T. ) ;
#7491 = UNCERTAINTY_MEASURE_WITH_UNIT (LENGTH_MEASURE( 1.000000000000000082E-05 ), #6338, 'distance_accuracy_value', 'NONE');
#7492 = CARTESIAN_POINT ( 'NONE',  ( 22.00000000000000000, -1.219500000000000028, 0.000000000000000000 ) ) ;
#7493 = CIRCLE ( 'NONE', #2708, 1.500000000000001110 ) ;
#7494 = CARTESIAN_POINT ( 'NONE',  ( 19.99999999999999645, 1.219500000000002249, 1.493456771560198551E-16 ) ) ;
#7495 = FACE_OUTER_BOUND ( 'NONE', #7113, .T. ) ;
#7496 = AXIS2_PLACEMENT_3D ( 'NONE', #3026, #1221, #80 ) ;
#7497 = CARTESIAN_POINT ( 'NONE',  ( 18.69640821446782297, 1.025167968987813186E-15, 0.000000000000000000 ) ) ;
#7498 = ORIENTED_EDGE ( 'NONE', *, *, #7411, .F. ) ;
#7499 = LINE ( 'NONE', #1049, #7524 ) ;
#7500 = ORIENTED_EDGE ( 'NONE', *, *, #5357, .F. ) ;
#7501 = EDGE_CURVE ( 'NONE', #3704, #6870, #4648, .T. ) ;
#7502 = CARTESIAN_POINT ( 'NONE',  ( -31.74999999999995737, 0.000000000000000000, 1.499999999999999556 ) ) ;
#7503 = AXIS2_PLACEMENT_3D ( 'NONE', #86, #4066, #6536 ) ;
#7504 = CARTESIAN_POINT ( 'NONE',  ( 11.50000000000000000, -1.219500000000000028, 1.665213485140615106E-16 ) ) ;
#7505 = ADVANCED_FACE ( 'NONE', ( #3456 ), #1774, .T. ) ;
#7506 = CARTESIAN_POINT ( 'NONE',  ( -31.74999999999995737, 0.000000000000000000, 0.000000000000000000 ) ) ;
#7507 = ORIENTED_EDGE ( 'NONE', *, *, #3714, .T. ) ;
#7508 = AXIS2_PLACEMENT_3D ( 'NONE', #6599, #6566, #723 ) ;
#7509 = ADVANCED_FACE ( 'NONE', ( #3952 ), #1827, .T. ) ;
#7510 = EDGE_CURVE ( 'NONE', #5531, #6333, #2799, .T. ) ;
#7511 = EDGE_LOOP ( 'NONE', ( #5058, #3856 ) ) ;
#7512 = CARTESIAN_POINT ( 'NONE',  ( 1.300000000000000044, 1.091192008768392618, -0.6300000000000020028 ) ) ;
#7513 = DIRECTION ( 'NONE',  ( 0.000000000000000000, -0.5000000000000009992, -0.8660254037844380415 ) ) ;
#7514 = AXIS2_PLACEMENT_3D ( 'NONE', #2784, #2203, #3245 ) ;
#7515 = CARTESIAN_POINT ( 'NONE',  ( 6.999999999999999112, 1.001115694249792856E-15, 0.000000000000000000 ) ) ;
#7516 = VERTEX_POINT ( 'NONE', #48 ) ;
#7517 = DIRECTION ( 'NONE',  ( 1.000000000000000000, 1.224606353822377258E-16, 0.000000000000000000 ) ) ;
#7518 = AXIS2_PLACEMENT_3D ( 'NONE', #1498, #3948, #7443 ) ;
#7519 = CIRCLE ( 'NONE', #5695, 1.219500000000001139 ) ;
#7520 = CARTESIAN_POINT ( 'NONE',  ( 21.50000000000000000, 1.219500000000002249, 0.000000000000000000 ) ) ;
#7521 = EDGE_LOOP ( 'NONE', ( #5160, #7123, #5653, #1294, #3597 ) ) ;
#7522 = CARTESIAN_POINT ( 'NONE',  ( 18.69640821446782297, 1.025167968987813186E-15, 0.000000000000000000 ) ) ;
#7523 = CONICAL_SURFACE ( 'NONE', #4950, 1.500000000000001110, 0.9599310885968842522 ) ;
#7524 = VECTOR ( 'NONE', #3394, 1000.000000000000000 ) ;
#7525 = DIRECTION ( 'NONE',  ( -1.000000000000000000, -1.224606353822377258E-16, -0.000000000000000000 ) ) ;
#7526 = ORIENTED_EDGE ( 'NONE', *, *, #3257, .F. ) ;
#7527 = FACE_OUTER_BOUND ( 'NONE', #3887, .T. ) ;
#7528 = EDGE_LOOP ( 'NONE', ( #4637, #1062, #2264, #2811, #1822, #1934 ) ) ;
#7529 = VERTEX_POINT ( 'NONE', #5893 ) ;
#7530 = CARTESIAN_POINT ( 'NONE',  ( 2.027461339178936228, 0.000000000000000000, 0.000000000000000000 ) ) ;
#7531 = CARTESIAN_POINT ( 'NONE',  ( 21.80359178553217703, 9.770634195117721323E-16, 0.000000000000000000 ) ) ;
#7532 = EDGE_CURVE ( 'NONE', #4794, #6340, #3654, .T. ) ;
#7533 = LINE ( 'NONE', #5778, #6230 ) ;
#7534 = DIRECTION ( 'NONE',  ( 0.000000000000000000, -1.000000000000000000, 0.000000000000000000 ) ) ;
#7535 = ORIENTED_EDGE ( 'NONE', *, *, #740, .T. ) ;
#7536 = CARTESIAN_POINT ( 'NONE',  ( 7.803591785532175251, 9.770634195117721323E-16, 0.000000000000000000 ) ) ;
#7537 = ORIENTED_EDGE ( 'NONE', *, *, #6394, .F. ) ;
#7538 = DIRECTION ( 'NONE',  ( 1.000000000000000000, 1.224606353822377258E-16, 0.000000000000000000 ) ) ;
#7539 = DIRECTION ( 'NONE',  ( -1.000000000000000000, -0.000000000000000000, -0.000000000000000000 ) ) ;
#7540 = EDGE_CURVE ( 'NONE', #1252, #2557, #5880, .T. ) ;
#7541 = DIRECTION ( 'NONE',  ( -1.000000000000000000, -1.224606353822377258E-16, -0.000000000000000000 ) ) ;
#7542 = DIRECTION ( 'NONE',  ( 0.000000000000000000, -1.000000000000000000, 0.000000000000000000 ) ) ;
#7543 = ORIENTED_EDGE ( 'NONE', *, *, #5350, .F. ) ;
#7544 = ORIENTED_EDGE ( 'NONE', *, *, #931, .T. ) ;
#7545 = CARTESIAN_POINT ( 'NONE',  ( 11.30359178553217525, -1.155557966632341512E-30, 1.500000000000001332 ) ) ;
#7546 = CARTESIAN_POINT ( 'NONE',  ( -31.74999999999995737, 0.000000000000000000, 0.000000000000000000 ) ) ;
#7547 = ADVANCED_FACE ( 'NONE', ( #3419 ), #4522, .T. ) ;
#7548 = EDGE_CURVE ( 'NONE', #6152, #2098, #4152, .T. ) ;
#7549 = CARTESIAN_POINT ( 'NONE',  ( 13.19640821446782120, 1.025167968987813186E-15, 0.000000000000000000 ) ) ;
#7550 = VERTEX_POINT ( 'NONE', #1068 ) ;
#7551 = DIRECTION ( 'NONE',  ( -1.000000000000000000, -1.224606353822377258E-16, -0.000000000000000000 ) ) ;
#7552 = LINE ( 'NONE', #5887, #1372 ) ;
#7553 = ADVANCED_FACE ( 'NONE', ( #1151 ), #5184, .T. ) ;
#7554 = ORIENTED_EDGE ( 'NONE', *, *, #4418, .F. ) ;
#7555 = CARTESIAN_POINT ( 'NONE',  ( 8.303591785532175251, 9.770634195117721323E-16, 0.000000000000000000 ) ) ;
#7556 = AXIS2_PLACEMENT_3D ( 'NONE', #5351, #8, #6948 ) ;
#7557 = CARTESIAN_POINT ( 'NONE',  ( 6.499999999999999112, 1.001115694249792856E-15, 0.000000000000000000 ) ) ;
#7558 = EDGE_CURVE ( 'NONE', #3205, #1298, #575, .T. ) ;
#7559 = LINE ( 'NONE', #6990, #5874 ) ;
#7560 = VERTEX_POINT ( 'NONE', #6463 ) ;
#7561 = AXIS2_PLACEMENT_3D ( 'NONE', #6511, #3586, #7001 ) ;
#7562 = AXIS2_PLACEMENT_3D ( 'NONE', #4575, #891, #356 ) ;
#7563 = DIRECTION ( 'NONE',  ( 0.000000000000000000, -1.000000000000000000, 0.000000000000000000 ) ) ;
#7564 = VERTEX_POINT ( 'NONE', #1614 ) ;
#7565 = ORIENTED_EDGE ( 'NONE', *, *, #5461, .T. ) ;
#7566 = CARTESIAN_POINT ( 'NONE',  ( 11.30359178553217525, 9.770634195117721323E-16, 0.000000000000000000 ) ) ;
#7567 = CIRCLE ( 'NONE', #4264, 1.500000000000001110 ) ;
#7568 = DIRECTION ( 'NONE',  ( -1.000000000000000000, -1.224606353822377258E-16, -0.000000000000000000 ) ) ;
#7569 = CIRCLE ( 'NONE', #3669, 1.500000000000001110 ) ;
#7570 = CONICAL_SURFACE ( 'NONE', #2419, 1.219500000000001139, 0.9599310885968800333 ) ;
#7571 = DIRECTION ( 'NONE',  ( 0.000000000000000000, -1.000000000000000000, 0.000000000000000000 ) ) ;
#7572 = DIRECTION ( 'NONE',  ( 0.000000000000000000, 1.000000000000000000, 0.000000000000000000 ) ) ;
#7573 = ORIENTED_EDGE ( 'NONE', *, *, #2002, .T. ) ;
#7575 = FACE_OUTER_BOUND ( 'NONE', #4096, .T. ) ;
#7574 = CIRCLE ( 'NONE', #2078, 1.219500000000001139 ) ;
#7576 = ORIENTED_EDGE ( 'NONE', *, *, #6586, .T. ) ;
#7577 = AXIS2_PLACEMENT_3D ( 'NONE', #3559, #7541, #2276 ) ;
#7578 = CONICAL_SURFACE ( 'NONE', #2297, 1.500000000000001110, 0.9599310885968842522 ) ;
#7579 = CONICAL_SURFACE ( 'NONE', #5254, 1.219500000000001139, 0.9599310885968800333 ) ;
#7580 = ADVANCED_FACE ( 'NONE', ( #2294 ), #845, .T. ) ;
#7581 = CARTESIAN_POINT ( 'NONE',  ( 9.696408214467822972, -1.500000000000000222, 1.836970198721031413E-16 ) ) ;
#7582 = CARTESIAN_POINT ( 'NONE',  ( 11.00000000000000000, -1.219500000000000028, 0.000000000000000000 ) ) ;
#7583 = AXIS2_PLACEMENT_3D ( 'NONE', #7345, #3879, #7460 ) ;
#7584 = FACE_OUTER_BOUND ( 'NONE', #4550, .T. ) ;
#7585 = DIRECTION ( 'NONE',  ( 1.000000000000000000, 1.224606353822377258E-16, 0.000000000000000000 ) ) ;
#7586 = ORIENTED_EDGE ( 'NONE', *, *, #1056, .T. ) ;
#7587 = VERTEX_POINT ( 'NONE', #1038 ) ;
#7588 = VERTEX_POINT ( 'NONE', #3380 ) ;
#7589 = AXIS2_PLACEMENT_3D ( 'NONE', #4353, #3007, #3621 ) ;
#7590 = AXIS2_PLACEMENT_3D ( 'NONE', #1480, #3817, #7385 ) ;
#7591 = LINE ( 'NONE', #3602, #5318 ) ;
#7592 = CARTESIAN_POINT ( 'NONE',  ( 20.49999999999999645, 1.219500000000002249, 0.000000000000000000 ) ) ;
#7593 = AXIS2_PLACEMENT_3D ( 'NONE', #1522, #3858, #5054 ) ;
#7594 = DIRECTION ( 'NONE',  ( 0.000000000000000000, -1.000000000000000000, 0.000000000000000000 ) ) ;
#7595 = ORIENTED_EDGE ( 'NONE', *, *, #5253, .F. ) ;
#7596 = LINE ( 'NONE', #570, #6520 ) ;
ENDSEC;
END-ISO-10303-21;
