ISO-10303-21;
HEADER;
FILE_DESCRIPTION (( 'STEP AP214' ),
    '1' );
FILE_NAME ('socket head cap screw 4762_din.STEP',
    '2026-01-08T13:34:26',
    ( '' ),
    ( '' ),
    'SwSTEP 2.0',
    'SolidWorks 2025',
    '' );
FILE_SCHEMA (( 'AUTOMOTIVE_DESIGN' ));
ENDSEC;

DATA;
#1 = EDGE_CURVE ( 'NONE', #2960, #1436, #2228, .T. ) ;
#2 = DIRECTION ( 'NONE',  ( -0.5735764363510489350, 0.8191520442889898002, 1.003171929053522405E-16 ) ) ;
#3 = EDGE_CURVE ( 'NONE', #2847, #1436, #1779, .T. ) ;
#4 = ORIENTED_EDGE ( 'NONE', *, *, #92, .F. ) ;
#5 = FACE_OUTER_BOUND ( 'NONE', #3208, .T. ) ;
#6 = CARTESIAN_POINT ( 'NONE',  ( 1.300000000000000044, 0.000000000000000000, 0.000000000000000000 ) ) ;
#7 = ORIENTED_EDGE ( 'NONE', *, *, #2571, .T. ) ;
#8 = DIRECTION ( 'NONE',  ( 1.000000000000000000, 1.224606353822377258E-16, 0.000000000000000000 ) ) ;
#9 = CARTESIAN_POINT ( 'NONE',  ( 6.696408214467822972, 9.639376512966943232E-16, 0.000000000000000000 ) ) ;
#10 = VERTEX_POINT ( 'NONE', #3404 ) ;
#11 = DIRECTION ( 'NONE',  ( 0.000000000000000000, -1.000000000000000000, 0.000000000000000000 ) ) ;
#12 = EDGE_LOOP ( 'NONE', ( #1152, #142, #3049, #1147 ) ) ;
#13 = DIRECTION ( 'NONE',  ( -1.000000000000000000, 0.000000000000000000, -0.000000000000000000 ) ) ;
#14 = ORIENTED_EDGE ( 'NONE', *, *, #3055, .F. ) ;
#15 = EDGE_CURVE ( 'NONE', #3499, #144, #2747, .T. ) ;
#16 = DIRECTION ( 'NONE',  ( 0.000000000000000000, 0.000000000000000000, -1.000000000000000000 ) ) ;
#17 = CARTESIAN_POINT ( 'NONE',  ( 3.000000000000002665, 3.367778697655221012E-16, -2.750000000000000000 ) ) ;
#18 = ORIENTED_EDGE ( 'NONE', *, *, #3001, .F. ) ;
#19 = AXIS2_PLACEMENT_3D ( 'NONE', #154, #2329, #2255 ) ;
#20 = EDGE_CURVE ( 'NONE', #411, #371, #2549, .T. ) ;
#21 = CARTESIAN_POINT ( 'NONE',  ( 1.300000000000000044, 0.7274613391789273020, -1.260000000000000675 ) ) ;
#22 = CARTESIAN_POINT ( 'NONE',  ( 0.3000000000000016542, 0.000000000000000000, 2.750000000000000000 ) ) ;
#23 = VERTEX_POINT ( 'NONE', #1900 ) ;
#24 = CIRCLE ( 'NONE', #538, 1.500000000000000888 ) ;
#25 = CARTESIAN_POINT ( 'NONE',  ( 8.500000000000000000, 1.219500000000001805, 1.493456771560198305E-16 ) ) ;
#26 = DIRECTION ( 'NONE',  ( -1.000000000000000000, -1.224606353822377258E-16, -0.000000000000000000 ) ) ;
#27 = ORIENTED_EDGE ( 'NONE', *, *, #3402, .F. ) ;
#28 = FACE_OUTER_BOUND ( 'NONE', #1542, .T. ) ;
#29 = AXIS2_PLACEMENT_3D ( 'NONE', #3308, #546, #1479 ) ;
#30 = ORIENTED_EDGE ( 'NONE', *, *, #2322, .F. ) ;
#31 = CARTESIAN_POINT ( 'NONE',  ( 6.000000000000000000, 1.219500000000001805, 1.493456771560198305E-16 ) ) ;
#32 = ORIENTED_EDGE ( 'NONE', *, *, #2410, .T. ) ;
#33 = LINE ( 'NONE', #2489, #2095 ) ;
#34 = DIRECTION ( 'NONE',  ( 0.000000000000000000, -1.000000000000000000, 0.000000000000000000 ) ) ;
#35 = DIRECTION ( 'NONE',  ( -0.000000000000000000, 0.8660254037844395958, 0.4999999999999984457 ) ) ;
#36 = ORIENTED_EDGE ( 'NONE', *, *, #2153, .T. ) ;
#37 = CIRCLE ( 'NONE', #741, 1.500000000000000888 ) ;
#38 = CIRCLE ( 'NONE', #555, 1.500000000000000888 ) ;
#39 = EDGE_CURVE ( 'NONE', #2792, #1167, #3697, .T. ) ;
#40 = CIRCLE ( 'NONE', #743, 1.500000000000000888 ) ;
#41 = CARTESIAN_POINT ( 'NONE',  ( 4.696408214467822972, -9.629649721936179265E-31, 1.500000000000000888 ) ) ;
#42 = AXIS2_PLACEMENT_3D ( 'NONE', #3023, #3557, #1787 ) ;
#43 = CARTESIAN_POINT ( 'NONE',  ( 6.500000000000000000, -1.219500000000000028, 1.665213485140614613E-16 ) ) ;
#44 = VERTEX_POINT ( 'NONE', #2833 ) ;
#45 = ADVANCED_FACE ( 'NONE', ( #1626 ), #1068, .T. ) ;
#46 = CIRCLE ( 'NONE', #2102, 1.500000000000000888 ) ;
#47 = CARTESIAN_POINT ( 'NONE',  ( 8.696408214467822972, -7.703719777548943412E-31, 1.500000000000000888 ) ) ;
#48 = DIRECTION ( 'NONE',  ( 0.000000000000000000, -1.000000000000000000, 0.000000000000000000 ) ) ;
#49 = ORIENTED_EDGE ( 'NONE', *, *, #2575, .F. ) ;
#50 = CIRCLE ( 'NONE', #2294, 1.500000000000000888 ) ;
#51 = CARTESIAN_POINT ( 'NONE',  ( 7.696408214467822972, -1.500000000000000000, 1.836970198721030920E-16 ) ) ;
#52 = ORIENTED_EDGE ( 'NONE', *, *, #950, .T. ) ;
#53 = EDGE_CURVE ( 'NONE', #3711, #3532, #1586, .T. ) ;
#54 = AXIS2_PLACEMENT_3D ( 'NONE', #1305, #2819, #928 ) ;
#55 = VECTOR ( 'NONE', #1580, 1000.000000000000000 ) ;
#56 = DIRECTION ( 'NONE',  ( 0.000000000000000000, -1.000000000000000000, 0.000000000000000000 ) ) ;
#57 = ORIENTED_EDGE ( 'NONE', *, *, #2755, .T. ) ;
#58 = DIRECTION ( 'NONE',  ( -1.000000000000000000, -1.224606353822377258E-16, -0.000000000000000000 ) ) ;
#59 = AXIS2_PLACEMENT_3D ( 'NONE', #691, #1914, #710 ) ;
#60 = DIRECTION ( 'NONE',  ( -1.000000000000000000, -1.224606353822377258E-16, -0.000000000000000000 ) ) ;
#61 = CARTESIAN_POINT ( 'NONE',  ( 1.300000000000000044, -1.454922678357857047, 3.035766082959412415E-15 ) ) ;
#62 = ORIENTED_EDGE ( 'NONE', *, *, #779, .T. ) ;
#63 = DIRECTION ( 'NONE',  ( 0.000000000000000000, -1.000000000000000000, 0.000000000000000000 ) ) ;
#64 = FACE_OUTER_BOUND ( 'NONE', #2764, .T. ) ;
#65 = EDGE_LOOP ( 'NONE', ( #3794, #1602, #1028, #185, #1824 ) ) ;
#66 = DIRECTION ( 'NONE',  ( 0.000000000000000000, 1.000000000000000000, 0.000000000000000000 ) ) ;
#67 = ORIENTED_EDGE ( 'NONE', *, *, #733, .T. ) ;
#68 = EDGE_CURVE ( 'NONE', #2457, #2036, #3461, .T. ) ;
#69 = DIRECTION ( 'NONE',  ( 0.000000000000000000, 0.000000000000000000, 1.000000000000000000 ) ) ;
#70 = ORIENTED_EDGE ( 'NONE', *, *, #3482, .F. ) ;
#71 = DIRECTION ( 'NONE',  ( 0.000000000000000000, -1.000000000000000000, 0.000000000000000000 ) ) ;
#72 = ORIENTED_EDGE ( 'NONE', *, *, #3277, .F. ) ;
#73 = EDGE_CURVE ( 'NONE', #2457, #781, #3724, .T. ) ;
#74 = CARTESIAN_POINT ( 'NONE',  ( 8.303591785532175251, 9.158331018206532694E-16, 0.000000000000000000 ) ) ;
#75 = ORIENTED_EDGE ( 'NONE', *, *, #193, .F. ) ;
#76 = DIRECTION ( 'NONE',  ( 0.000000000000000000, -1.000000000000000000, 0.000000000000000000 ) ) ;
#77 = DIRECTION ( 'NONE',  ( -1.000000000000000000, -1.224606353822377258E-16, -0.000000000000000000 ) ) ;
#78 = DIRECTION ( 'NONE',  ( -1.000000000000000000, -1.224606353822377258E-16, -0.000000000000000000 ) ) ;
#79 = EDGE_LOOP ( 'NONE', ( #921, #2330, #1421, #3467, #2707 ) ) ;
#80 = AXIS2_PLACEMENT_3D ( 'NONE', #2760, #399, #3481 ) ;
#81 = SURFACE_SIDE_STYLE ('',( #777 ) ) ;
#82 = FACE_OUTER_BOUND ( 'NONE', #695, .T. ) ;
#83 = ORIENTED_EDGE ( 'NONE', *, *, #2439, .T. ) ;
#84 = CIRCLE ( 'NONE', #3109, 1.499999999999999556 ) ;
#85 = FACE_OUTER_BOUND ( 'NONE', #3476, .T. ) ;
#86 = ORIENTED_EDGE ( 'NONE', *, *, #2798, .F. ) ;
#87 = EDGE_CURVE ( 'NONE', #850, #101, #2100, .T. ) ;
#88 = CARTESIAN_POINT ( 'NONE',  ( 12.99999999999999822, 0.000000000000000000, 0.000000000000000000 ) ) ;
#89 = VERTEX_POINT ( 'NONE', #2851 ) ;
#90 = AXIS2_PLACEMENT_3D ( 'NONE', #2198, #2482, #69 ) ;
#91 = DIRECTION ( 'NONE',  ( -0.5735764363510489350, 0.8191520442889898002, 1.003171929053522405E-16 ) ) ;
#92 = EDGE_CURVE ( 'NONE', #387, #2886, #2608, .T. ) ;
#93 = EDGE_CURVE ( 'NONE', #3294, #1467, #1139, .T. ) ;
#94 = CARTESIAN_POINT ( 'NONE',  ( 9.196408214467822972, 9.639376512966943232E-16, 0.000000000000000000 ) ) ;
#95 = DIRECTION ( 'NONE',  ( -1.000000000000000000, -1.224606353822377258E-16, -0.000000000000000000 ) ) ;
#96 = EDGE_CURVE ( 'NONE', #1946, #869, #888, .T. ) ;
#97 = CIRCLE ( 'NONE', #3378, 1.219500000000000917 ) ;
#98 = CARTESIAN_POINT ( 'NONE',  ( 6.196408214467822084, 9.639376512966943232E-16, 0.000000000000000000 ) ) ;
#99 = DIRECTION ( 'NONE',  ( -1.000000000000000000, -1.224606353822377258E-16, -0.000000000000000000 ) ) ;
#100 = CIRCLE ( 'NONE', #2155, 1.500000000000000888 ) ;
#101 = VERTEX_POINT ( 'NONE', #1320 ) ;
#102 = CONICAL_SURFACE ( 'NONE', #2092, 1.219500000000000917, 0.9599310885968779239 ) ;
#103 = CARTESIAN_POINT ( 'NONE',  ( 11.00000000000000000, 1.219500000000001805, 0.000000000000000000 ) ) ;
#104 = ORIENTED_EDGE ( 'NONE', *, *, #2188, .T. ) ;
#105 = DIRECTION ( 'NONE',  ( 0.000000000000000000, -1.000000000000000000, 0.000000000000000000 ) ) ;
#106 = ORIENTED_EDGE ( 'NONE', *, *, #3374, .T. ) ;
#107 = CIRCLE ( 'NONE', #1465, 1.500000000000000888 ) ;
#108 = VECTOR ( 'NONE', #2584, 1000.000000000000000 ) ;
#109 = CARTESIAN_POINT ( 'NONE',  ( 11.69640821446782297, 1.836970198721022785E-16, -1.500000000000000888 ) ) ;
#110 = CARTESIAN_POINT ( 'NONE',  ( -31.74999999999995737, 0.000000000000000000, 1.499999999999999556 ) ) ;
#111 = ORIENTED_EDGE ( 'NONE', *, *, #271, .F. ) ;
#112 = CARTESIAN_POINT ( 'NONE',  ( 8.696408214467822972, 9.639376512966943232E-16, 0.000000000000000000 ) ) ;
#113 = AXIS2_PLACEMENT_3D ( 'NONE', #3683, #2836, #2135 ) ;
#114 = VECTOR ( 'NONE', #2767, 1000.000000000000114 ) ;
#115 = VECTOR ( 'NONE', #2904, 1000.000000000000114 ) ;
#116 = DIRECTION ( 'NONE',  ( -1.000000000000000000, -1.224606353822377258E-16, -0.000000000000000000 ) ) ;
#117 = ADVANCED_FACE ( 'NONE', ( #966 ), #871, .F. ) ;
#118 = CARTESIAN_POINT ( 'NONE',  ( 5.303591785532174363, 1.500000000000001998, 1.836970198721030920E-16 ) ) ;
#119 = ORIENTED_EDGE ( 'NONE', *, *, #1174, .T. ) ;
#120 = CIRCLE ( 'NONE', #3722, 1.260000000000000009 ) ;
#121 = DIRECTION ( 'NONE',  ( 0.000000000000000000, 1.000000000000000000, 0.000000000000000000 ) ) ;
#122 = ADVANCED_FACE ( 'NONE', ( #572 ), #1901, .F. ) ;
#123 = PLANE ( 'NONE',  #1879 ) ;
#124 = EDGE_LOOP ( 'NONE', ( #2574, #2654, #1107 ) ) ;
#125 = DIRECTION ( 'NONE',  ( -1.000000000000000000, -1.224606353822377258E-16, -0.000000000000000000 ) ) ;
#126 = EDGE_LOOP ( 'NONE', ( #717, #954, #630, #1971, #1016 ) ) ;
#127 = DIRECTION ( 'NONE',  ( -1.000000000000000000, -1.224606353822377258E-16, -0.000000000000000000 ) ) ;
#128 = VERTEX_POINT ( 'NONE', #318 ) ;
#129 = FACE_OUTER_BOUND ( 'NONE', #838, .T. ) ;
#130 = DIRECTION ( 'NONE',  ( 0.000000000000000000, -1.000000000000000000, 0.000000000000000000 ) ) ;
#131 = ORIENTED_EDGE ( 'NONE', *, *, #1481, .F. ) ;
#132 = DIRECTION ( 'NONE',  ( -1.000000000000000000, -1.224606353822377258E-16, -0.000000000000000000 ) ) ;
#133 = CARTESIAN_POINT ( 'NONE',  ( 10.49999999999999822, 9.398853765586739935E-16, 0.000000000000000000 ) ) ;
#134 = DIRECTION ( 'NONE',  ( 0.000000000000000000, 0.000000000000000000, 1.000000000000000000 ) ) ;
#135 = EDGE_CURVE ( 'NONE', #917, #1160, #1548, .T. ) ;
#136 = DIRECTION ( 'NONE',  ( 0.000000000000000000, -1.000000000000000000, 0.000000000000000000 ) ) ;
#137 = CARTESIAN_POINT ( 'NONE',  ( 1.300000000000000044, -1.454922678357857047, 3.035766082959412415E-15 ) ) ;
#138 = ORIENTED_EDGE ( 'NONE', *, *, #705, .T. ) ;
#139 = ADVANCED_FACE ( 'NONE', ( #3538 ), #1462, .T. ) ;
#140 = EDGE_CURVE ( 'NONE', #711, #1946, #1361, .T. ) ;
#141 = CARTESIAN_POINT ( 'NONE',  ( 8.303591785532175251, -5.777789833161707559E-31, 1.500000000000000888 ) ) ;
#142 = ORIENTED_EDGE ( 'NONE', *, *, #2725, .T. ) ;
#143 = DIRECTION ( 'NONE',  ( 0.000000000000000000, -1.000000000000000000, 0.000000000000000000 ) ) ;
#144 = VERTEX_POINT ( 'NONE', #3813 ) ;
#145 = DIRECTION ( 'NONE',  ( 1.000000000000000000, 1.224606353822377258E-16, 0.000000000000000000 ) ) ;
#146 = CIRCLE ( 'NONE', #1108, 1.500000000000000888 ) ;
#147 = CARTESIAN_POINT ( 'NONE',  ( 2.999999999999999112, 0.000000000000000000, -1.599999999999999645 ) ) ;
#148 = ORIENTED_EDGE ( 'NONE', *, *, #3353, .F. ) ;
#149 = DIRECTION ( 'NONE',  ( 0.000000000000000000, -1.000000000000000000, 0.000000000000000000 ) ) ;
#150 = LINE ( 'NONE', #1378, #1209 ) ;
#151 = FACE_OUTER_BOUND ( 'NONE', #637, .T. ) ;
#152 = CARTESIAN_POINT ( 'NONE',  ( 1.300000000000000044, 2.182384017536784349, -1.260000000000002229 ) ) ;
#153 = FACE_OUTER_BOUND ( 'NONE', #3845, .T. ) ;
#154 = CARTESIAN_POINT ( 'NONE',  ( 9.803591785532175251, 9.158331018206532694E-16, 0.000000000000000000 ) ) ;
#155 = EDGE_CURVE ( 'NONE', #3172, #3805, #2360, .T. ) ;
#156 = VERTEX_POINT ( 'NONE', #1406 ) ;
#157 = TOROIDAL_SURFACE ( 'NONE', #1191, 1.599999999999999645, 0.1000000000000000056 ) ;
#158 = AXIS2_PLACEMENT_3D ( 'NONE', #2053, #1433, #1154 ) ;
#159 = DIRECTION ( 'NONE',  ( -1.000000000000000000, -0.000000000000000000, -0.000000000000000000 ) ) ;
#160 = EDGE_LOOP ( 'NONE', ( #2822, #1836, #3588, #1746, #482 ) ) ;
#161 = CARTESIAN_POINT ( 'NONE',  ( 10.19640821446782297, 1.500000000000001776, 0.000000000000000000 ) ) ;
#162 = EDGE_CURVE ( 'NONE', #183, #3623, #240, .T. ) ;
#163 = ORIENTED_EDGE ( 'NONE', *, *, #2236, .T. ) ;
#164 = PRODUCT_DEFINITION_FORMATION_WITH_SPECIFIED_SOURCE ( 'Symmetric', '', #353, .NOT_KNOWN. ) ;
#165 = AXIS2_PLACEMENT_3D ( 'NONE', #1724, #562, #2016 ) ;
#166 = CARTESIAN_POINT ( 'NONE',  ( -31.74999999999995737, 0.000000000000000000, 0.000000000000000000 ) ) ;
#167 = LINE ( 'NONE', #3274, #178 ) ;
#168 = ORIENTED_EDGE ( 'NONE', *, *, #893, .F. ) ;
#169 = AXIS2_PLACEMENT_3D ( 'NONE', #1113, #2037, #3852 ) ;
#170 = DIRECTION ( 'NONE',  ( -0.5735764363510487129, -0.8191520442889899112, 0.000000000000000000 ) ) ;
#171 = EDGE_CURVE ( 'NONE', #3756, #1974, #687, .T. ) ;
#172 = CIRCLE ( 'NONE', #1263, 1.500000000000000888 ) ;
#173 = DIRECTION ( 'NONE',  ( 0.000000000000000000, -1.000000000000000000, 0.000000000000000000 ) ) ;
#174 = AXIS2_PLACEMENT_3D ( 'NONE', #3788, #1690, #1353 ) ;
#175 = AXIS2_PLACEMENT_3D ( 'NONE', #2108, #279, #3060 ) ;
#176 = DIRECTION ( 'NONE',  ( 0.000000000000000000, 0.000000000000000000, -1.000000000000000000 ) ) ;
#177 = CIRCLE ( 'NONE', #1212, 1.500000000000000888 ) ;
#178 = VECTOR ( 'NONE', #470, 1000.000000000000114 ) ;
#179 = PRESENTATION_STYLE_ASSIGNMENT (( #3219 ) ) ;
#180 = CARTESIAN_POINT ( 'NONE',  ( 10.49999999999999822, -1.219500000000000028, 1.665213485140614613E-16 ) ) ;
#181 = DIRECTION ( 'NONE',  ( 0.000000000000000000, 1.000000000000000000, 0.000000000000000000 ) ) ;
#182 = CONICAL_SURFACE ( 'NONE', #2495, 1.219500000000000917, 0.9599310885968779239 ) ;
#183 = VERTEX_POINT ( 'NONE', #1667 ) ;
#184 = CARTESIAN_POINT ( 'NONE',  ( 9.803591785532175251, -1.499999999999998446, 0.000000000000000000 ) ) ;
#185 = ORIENTED_EDGE ( 'NONE', *, *, #456, .T. ) ;
#186 = DIRECTION ( 'NONE',  ( -1.000000000000000000, -1.224606353822377258E-16, -0.000000000000000000 ) ) ;
#187 = ORIENTED_EDGE ( 'NONE', *, *, #1705, .T. ) ;
#188 = EDGE_CURVE ( 'NONE', #729, #580, #2567, .T. ) ;
#189 = CARTESIAN_POINT ( 'NONE',  ( 8.500000000000000000, -1.219500000000000028, 0.000000000000000000 ) ) ;
#190 = CARTESIAN_POINT ( 'NONE',  ( 8.196408214467822972, 9.639376512966943232E-16, 0.000000000000000000 ) ) ;
#191 = ORIENTED_EDGE ( 'NONE', *, *, #2454, .F. ) ;
#192 = CARTESIAN_POINT ( 'NONE',  ( 1.300000000000000044, -0.7274613391789304107, -1.259999999999999121 ) ) ;
#193 = EDGE_CURVE ( 'NONE', #3617, #1024, #172, .T. ) ;
#194 = ORIENTED_EDGE ( 'NONE', *, *, #540, .F. ) ;
#195 = CYLINDRICAL_SURFACE ( 'NONE', #432, 1.499999999999999556 ) ;
#196 = CARTESIAN_POINT ( 'NONE',  ( 4.999999999999999112, 1.219500000000001805, 0.000000000000000000 ) ) ;
#197 = FILL_AREA_STYLE ('',( #2043 ) ) ;
#198 = DIRECTION ( 'NONE',  ( 0.000000000000000000, 0.000000000000000000, 1.000000000000000000 ) ) ;
#199 = CARTESIAN_POINT ( 'NONE',  ( 0.3000000000000016542, 3.000384657911015370E-16, -2.449999999999999734 ) ) ;
#200 = ORIENTED_EDGE ( 'NONE', *, *, #2347, .T. ) ;
#201 = DIRECTION ( 'NONE',  ( 0.000000000000000000, -1.000000000000000000, 0.000000000000000000 ) ) ;
#202 = ORIENTED_EDGE ( 'NONE', *, *, #2596, .F. ) ;
#203 = CARTESIAN_POINT ( 'NONE',  ( 2.027461339178936228, 0.000000000000000000, 0.000000000000000000 ) ) ;
#204 = ORIENTED_EDGE ( 'NONE', *, *, #1643, .F. ) ;
#205 = DIRECTION ( 'NONE',  ( 0.000000000000000000, 0.000000000000000000, 1.000000000000000000 ) ) ;
#206 = DIRECTION ( 'NONE',  ( 0.000000000000000000, 0.000000000000000000, -1.000000000000000000 ) ) ;
#207 = VERTEX_POINT ( 'NONE', #1645 ) ;
#208 = LINE ( 'NONE', #3832, #2499 ) ;
#209 = VERTEX_POINT ( 'NONE', #3232 ) ;
#210 = ADVANCED_FACE ( 'NONE', ( #3197 ), #195, .T. ) ;
#211 = CONICAL_SURFACE ( 'NONE', #1563, 1.219500000000000917, 0.9599310885968779239 ) ;
#212 = ORIENTED_EDGE ( 'NONE', *, *, #680, .F. ) ;
#213 = DIRECTION ( 'NONE',  ( -1.000000000000000000, -0.000000000000000000, -0.000000000000000000 ) ) ;
#214 = AXIS2_PLACEMENT_3D ( 'NONE', #659, #1533, #3725 ) ;
#215 = CARTESIAN_POINT ( 'NONE',  ( 9.000000000000001776, -1.219500000000000028, 0.000000000000000000 ) ) ;
#216 = EDGE_CURVE ( 'NONE', #3223, #2172, #2168, .T. ) ;
#217 = ADVANCED_FACE ( 'NONE', ( #3796 ), #2936, .T. ) ;
#218 = CARTESIAN_POINT ( 'NONE',  ( 7.303591785532174363, -1.499999999999999778, 0.000000000000000000 ) ) ;
#219 = CIRCLE ( 'NONE', #29, 1.500000000000000888 ) ;
#220 = CARTESIAN_POINT ( 'NONE',  ( 11.19640821446782297, 1.836970198721022785E-16, -1.500000000000000888 ) ) ;
#221 = EDGE_CURVE ( 'NONE', #1167, #781, #429, .T. ) ;
#222 = ORIENTED_EDGE ( 'NONE', *, *, #982, .F. ) ;
#223 = DIRECTION ( 'NONE',  ( -1.000000000000000000, -1.224606353822377258E-16, -0.000000000000000000 ) ) ;
#224 = VERTEX_POINT ( 'NONE', #760 ) ;
#225 = CARTESIAN_POINT ( 'NONE',  ( -31.74999999999995737, 0.000000000000000000, 1.499999999999999556 ) ) ;
#226 = ORIENTED_EDGE ( 'NONE', *, *, #1619, .T. ) ;
#227 = CARTESIAN_POINT ( 'NONE',  ( 5.803591785532174363, 9.158331018206532694E-16, 0.000000000000000000 ) ) ;
#228 = AXIS2_PLACEMENT_3D ( 'NONE', #1106, #186, #768 ) ;
#229 = CARTESIAN_POINT ( 'NONE',  ( 8.000000000000000000, 9.398853765586739935E-16, 0.000000000000000000 ) ) ;
#230 = EDGE_LOOP ( 'NONE', ( #994, #3191, #3315, #237 ) ) ;
#231 = FACE_OUTER_BOUND ( 'NONE', #1581, .T. ) ;
#232 = ORIENTED_EDGE ( 'NONE', *, *, #96, .T. ) ;
#233 = CIRCLE ( 'NONE', #425, 1.219500000000000917 ) ;
#234 = VECTOR ( 'NONE', #1725, 1000.000000000000000 ) ;
#235 = CARTESIAN_POINT ( 'NONE',  ( -31.74999999999995737, 0.000000000000000000, 0.000000000000000000 ) ) ;
#236 = EDGE_CURVE ( 'NONE', #3681, #3617, #1981, .T. ) ;
#237 = ORIENTED_EDGE ( 'NONE', *, *, #2242, .F. ) ;
#238 = CARTESIAN_POINT ( 'NONE',  ( 9.696408214467822972, -1.500000000000000000, 1.836970198721030920E-16 ) ) ;
#239 = DIRECTION ( 'NONE',  ( 1.000000000000000000, 1.224606353822377258E-16, 0.000000000000000000 ) ) ;
#240 = CIRCLE ( 'NONE', #3005, 1.219500000000000917 ) ;
#241 = EDGE_CURVE ( 'NONE', #371, #852, #1681, .T. ) ;
#242 = VECTOR ( 'NONE', #2343, 1000.000000000000000 ) ;
#243 = DIRECTION ( 'NONE',  ( 0.000000000000000000, -1.000000000000000000, 0.000000000000000000 ) ) ;
#244 = DIRECTION ( 'NONE',  ( 0.000000000000000000, 0.000000000000000000, 1.000000000000000000 ) ) ;
#245 = ORIENTED_EDGE ( 'NONE', *, *, #3436, .F. ) ;
#246 = VECTOR ( 'NONE', #321, 999.9999999999998863 ) ;
#247 = CIRCLE ( 'NONE', #1596, 0.1000000000000000472 ) ;
#248 = EDGE_CURVE ( 'NONE', #1679, #2640, #150, .T. ) ;
#249 = LINE ( 'NONE', #3030, #3520 ) ;
#250 = ORIENTED_EDGE ( 'NONE', *, *, #3957, .F. ) ;
#251 = DIRECTION ( 'NONE',  ( -1.000000000000000000, -0.000000000000000000, -0.000000000000000000 ) ) ;
#252 = EDGE_LOOP ( 'NONE', ( #326, #2047, #2697, #812, #1910, #148 ) ) ;
#253 = FACE_OUTER_BOUND ( 'NONE', #2686, .T. ) ;
#254 = DIRECTION ( 'NONE',  ( -1.000000000000000000, -1.224606353822377258E-16, -0.000000000000000000 ) ) ;
#255 = VERTEX_POINT ( 'NONE', #473 ) ;
#256 = CYLINDRICAL_SURFACE ( 'NONE', #1064, 1.499999999999999556 ) ;
#257 = EDGE_LOOP ( 'NONE', ( #1497, #2305, #67, #1439, #2264 ) ) ;
#258 = AXIS2_PLACEMENT_3D ( 'NONE', #2306, #2583, #515 ) ;
#259 = DIRECTION ( 'NONE',  ( 0.000000000000000000, -1.000000000000000000, 0.000000000000000000 ) ) ;
#260 = EDGE_LOOP ( 'NONE', ( #2341, #527, #131, #2412, #2990 ) ) ;
#261 = CARTESIAN_POINT ( 'NONE',  ( 11.80359178553217525, 1.500000000000003109, 1.836970198721032399E-16 ) ) ;
#262 = DIRECTION ( 'NONE',  ( -1.000000000000000000, -0.000000000000000000, -0.000000000000000000 ) ) ;
#263 = CARTESIAN_POINT ( 'NONE',  ( 9.196408214467822972, 9.639376512966943232E-16, 0.000000000000000000 ) ) ;
#264 = DIRECTION ( 'NONE',  ( 0.000000000000000000, -1.000000000000000000, 0.000000000000000000 ) ) ;
#265 = ORIENTED_EDGE ( 'NONE', *, *, #567, .F. ) ;
#266 = EDGE_CURVE ( 'NONE', #919, #3570, #3556, .T. ) ;
#267 = DIRECTION ( 'NONE',  ( -1.000000000000000000, -1.224606353822377258E-16, -0.000000000000000000 ) ) ;
#268 = DIRECTION ( 'NONE',  ( -1.000000000000000000, -0.000000000000000000, -0.000000000000000000 ) ) ;
#269 = EDGE_LOOP ( 'NONE', ( #3264, #2217 ) ) ;
#270 = EDGE_CURVE ( 'NONE', #101, #843, #2930, .T. ) ;
#271 = EDGE_CURVE ( 'NONE', #1140, #3028, #3976, .T. ) ;
#272 = CARTESIAN_POINT ( 'NONE',  ( 7.303591785532174363, 1.836970198721023771E-16, -1.500000000000000888 ) ) ;
#273 = DIRECTION ( 'NONE',  ( -1.000000000000000000, -1.224606353822377258E-16, -0.000000000000000000 ) ) ;
#274 = ORIENTED_EDGE ( 'NONE', *, *, #2868, .T. ) ;
#275 = CARTESIAN_POINT ( 'NONE',  ( -31.74999999999995737, 0.000000000000000000, 0.000000000000000000 ) ) ;
#276 = VERTEX_POINT ( 'NONE', #1723 ) ;
#277 = DIRECTION ( 'NONE',  ( 0.000000000000000000, -1.000000000000000000, 0.000000000000000000 ) ) ;
#278 = ORIENTED_EDGE ( 'NONE', *, *, #3665, .T. ) ;
#279 = DIRECTION ( 'NONE',  ( -1.000000000000000000, -1.224606353822377258E-16, -0.000000000000000000 ) ) ;
#280 = AXIS2_PLACEMENT_3D ( 'NONE', #477, #1704, #1409 ) ;
#281 = CARTESIAN_POINT ( 'NONE',  ( -31.74999999999995737, 0.000000000000000000, 0.000000000000000000 ) ) ;
#282 = VERTEX_POINT ( 'NONE', #1422 ) ;
#283 = DIRECTION ( 'NONE',  ( -1.000000000000000000, -1.224606353822377258E-16, -0.000000000000000000 ) ) ;
#284 = EDGE_CURVE ( 'NONE', #3183, #1923, #1143, .T. ) ;
#285 = DIRECTION ( 'NONE',  ( -1.000000000000000000, -1.224606353822377258E-16, -0.000000000000000000 ) ) ;
#286 = VERTEX_POINT ( 'NONE', #261 ) ;
#287 = DIRECTION ( 'NONE',  ( 1.000000000000000000, 1.224606353822377258E-16, 0.000000000000000000 ) ) ;
#288 = CARTESIAN_POINT ( 'NONE',  ( 5.500000000000000000, 9.398853765586739935E-16, 0.000000000000000000 ) ) ;
#289 = EDGE_LOOP ( 'NONE', ( #1457, #536, #2453, #2594, #323 ) ) ;
#290 = ADVANCED_FACE ( 'NONE', ( #2392 ), #1014, .F. ) ;
#291 = DIRECTION ( 'NONE',  ( -1.000000000000000000, -1.224606353822377258E-16, -0.000000000000000000 ) ) ;
#292 = ORIENTED_EDGE ( 'NONE', *, *, #334, .F. ) ;
#293 = CARTESIAN_POINT ( 'NONE',  ( 11.50000000000000000, 9.398853765586739935E-16, 0.000000000000000000 ) ) ;
#294 = ORIENTED_EDGE ( 'NONE', *, *, #383, .F. ) ;
#295 = EDGE_CURVE ( 'NONE', #3336, #351, #50, .T. ) ;
#296 = AXIS2_PLACEMENT_3D ( 'NONE', #854, #3610, #205 ) ;
#297 = AXIS2_PLACEMENT_3D ( 'NONE', #3836, #2231, #3814 ) ;
#298 = AXIS2_PLACEMENT_3D ( 'NONE', #112, #1316, #3435 ) ;
#299 = FACE_OUTER_BOUND ( 'NONE', #2335, .T. ) ;
#300 = AXIS2_PLACEMENT_3D ( 'NONE', #3193, #2283, #790 ) ;
#301 = VERTEX_POINT ( 'NONE', #1805 ) ;
#302 = CARTESIAN_POINT ( 'NONE',  ( -31.74999999999995737, 1.836970198721029441E-16, -1.499999999999999556 ) ) ;
#303 = CARTESIAN_POINT ( 'NONE',  ( 7.196408214467822972, 1.836970198721022785E-16, -1.500000000000000888 ) ) ;
#304 = AXIS2_PLACEMENT_3D ( 'NONE', #803, #505, #897 ) ;
#305 = AXIS2_PLACEMENT_3D ( 'NONE', #3616, #3920, #1202 ) ;
#306 = ORIENTED_EDGE ( 'NONE', *, *, #2650, .F. ) ;
#307 = AXIS2_PLACEMENT_3D ( 'NONE', #2564, #3793, #130 ) ;
#308 =( LENGTH_UNIT ( ) NAMED_UNIT ( * ) SI_UNIT ( .MILLI., .METRE. ) );
#309 = CYLINDRICAL_SURFACE ( 'NONE', #2167, 1.499999999999999556 ) ;
#310 = ORIENTED_EDGE ( 'NONE', *, *, #860, .T. ) ;
#311 = DIRECTION ( 'NONE',  ( -1.000000000000000000, -0.000000000000000000, -0.000000000000000000 ) ) ;
#312 = ORIENTED_EDGE ( 'NONE', *, *, #3914, .T. ) ;
#313 = VECTOR ( 'NONE', #370, 1000.000000000000000 ) ;
#314 = EDGE_CURVE ( 'NONE', #3090, #1031, #1659, .T. ) ;
#315 = DIRECTION ( 'NONE',  ( 0.000000000000000000, -1.000000000000000000, 0.000000000000000000 ) ) ;
#316 = ORIENTED_EDGE ( 'NONE', *, *, #3821, .F. ) ;
#317 = ADVANCED_FACE ( 'NONE', ( #2972 ), #1072, .T. ) ;
#318 = CARTESIAN_POINT ( 'NONE',  ( 11.50000000000000000, -1.219500000000000028, 1.665213485140614613E-16 ) ) ;
#319 = DIRECTION ( 'NONE',  ( 0.000000000000000000, 0.000000000000000000, -1.000000000000000000 ) ) ;
#320 = VERTEX_POINT ( 'NONE', #1118 ) ;
#321 = DIRECTION ( 'NONE',  ( 0.5735764363510452712, 0.8191520442889924647, 0.000000000000000000 ) ) ;
#322 = DIRECTION ( 'NONE',  ( -1.000000000000000000, -0.000000000000000000, -0.000000000000000000 ) ) ;
#323 = ORIENTED_EDGE ( 'NONE', *, *, #485, .F. ) ;
#324 = CARTESIAN_POINT ( 'NONE',  ( 1.300000000000000044, 1.454922678357858157, -9.757819552369539906E-16 ) ) ;
#325 = CARTESIAN_POINT ( 'NONE',  ( 5.196408214467822972, 9.639376512966943232E-16, 0.000000000000000000 ) ) ;
#326 = ORIENTED_EDGE ( 'NONE', *, *, #2520, .F. ) ;
#327 = PLANE ( 'NONE',  #1308 ) ;
#328 = ORIENTED_EDGE ( 'NONE', *, *, #1025, .T. ) ;
#329 = CARTESIAN_POINT ( 'NONE',  ( 7.696408214467822972, 1.500000000000001554, 0.000000000000000000 ) ) ;
#330 = ORIENTED_EDGE ( 'NONE', *, *, #3048, .T. ) ;
#331 = DIRECTION ( 'NONE',  ( 0.000000000000000000, -1.000000000000000000, 0.000000000000000000 ) ) ;
#332 = ADVANCED_FACE ( 'NONE', ( #3347 ), #864, .T. ) ;
#333 = ORIENTED_EDGE ( 'NONE', *, *, #2056, .T. ) ;
#334 = EDGE_CURVE ( 'NONE', #2069, #1635, #822, .T. ) ;
#335 = CARTESIAN_POINT ( 'NONE',  ( 11.69640821446782297, 9.639376512966943232E-16, 0.000000000000000000 ) ) ;
#336 = VERTEX_POINT ( 'NONE', #886 ) ;
#337 = VECTOR ( 'NONE', #892, 1000.000000000000000 ) ;
#338 = DIRECTION ( 'NONE',  ( -1.000000000000000000, -0.000000000000000000, -0.000000000000000000 ) ) ;
#339 = ADVANCED_FACE ( 'NONE', ( #3280 ), #3077, .T. ) ;
#340 = CARTESIAN_POINT ( 'NONE',  ( 8.803591785532175251, 9.158331018206532694E-16, 0.000000000000000000 ) ) ;
#341 = ORIENTED_EDGE ( 'NONE', *, *, #2120, .T. ) ;
#342 = AXIS2_PLACEMENT_3D ( 'NONE', #502, #2376, #2045 ) ;
#343 = DIRECTION ( 'NONE',  ( -1.000000000000000000, -0.000000000000000000, -0.000000000000000000 ) ) ;
#344 = DIRECTION ( 'NONE',  ( 0.000000000000000000, 1.000000000000000000, 0.000000000000000000 ) ) ;
#345 = ORIENTED_EDGE ( 'NONE', *, *, #3078, .T. ) ;
#346 = CYLINDRICAL_SURFACE ( 'NONE', #90, 1.499999999999999556 ) ;
#347 = AXIS2_PLACEMENT_3D ( 'NONE', #1749, #2701, #2070 ) ;
#348 = AXIS2_PLACEMENT_3D ( 'NONE', #275, #1463, #2765 ) ;
#349 = EDGE_LOOP ( 'NONE', ( #2081, #3977, #2796, #1658, #1991 ) ) ;
#350 = DIRECTION ( 'NONE',  ( -1.000000000000000000, -0.000000000000000000, -0.000000000000000000 ) ) ;
#351 = VERTEX_POINT ( 'NONE', #2692 ) ;
#352 = CARTESIAN_POINT ( 'NONE',  ( 12.69640821446782297, -1.500000000000000222, 1.836970198721030920E-16 ) ) ;
#353 = PRODUCT ( 'socket head cap screw 4762_din_EN ISO 4762 M3 x 10 - 10S', 'socket head cap screw 4762_din_EN ISO 4762 M3 x 10 - 10S', '', ( #1999 ) ) ;
#354 = VECTOR ( 'NONE', #3035, 1000.000000000000114 ) ;
#355 = DIRECTION ( 'NONE',  ( -1.000000000000000000, -1.224606353822377258E-16, -0.000000000000000000 ) ) ;
#356 = DIRECTION ( 'NONE',  ( -1.000000000000000000, -1.224606353822377258E-16, -0.000000000000000000 ) ) ;
#357 = AXIS2_PLACEMENT_3D ( 'NONE', #1284, #980, #1020 ) ;
#358 = AXIS2_PLACEMENT_3D ( 'NONE', #3568, #2658, #3357 ) ;
#359 = AXIS2_PLACEMENT_3D ( 'NONE', #1743, #2973, #2666 ) ;
#360 = EDGE_CURVE ( 'NONE', #404, #3868, #3775, .T. ) ;
#361 = VECTOR ( 'NONE', #91, 1000.000000000000000 ) ;
#362 = DIRECTION ( 'NONE',  ( 0.000000000000000000, 0.000000000000000000, 1.000000000000000000 ) ) ;
#363 = VECTOR ( 'NONE', #2921, 1000.000000000000114 ) ;
#364 = DIRECTION ( 'NONE',  ( 0.000000000000000000, -1.000000000000000000, 0.000000000000000000 ) ) ;
#365 = ORIENTED_EDGE ( 'NONE', *, *, #727, .F. ) ;
#366 = AXIS2_PLACEMENT_3D ( 'NONE', #3754, #2510, #34 ) ;
#367 = EDGE_CURVE ( 'NONE', #1528, #3275, #2712, .T. ) ;
#368 = FACE_OUTER_BOUND ( 'NONE', #2398, .T. ) ;
#369 = CIRCLE ( 'NONE', #1011, 1.500000000000000888 ) ;
#370 = DIRECTION ( 'NONE',  ( -1.000000000000000000, -0.000000000000000000, -0.000000000000000000 ) ) ;
#371 = VERTEX_POINT ( 'NONE', #3922 ) ;
#372 = FACE_OUTER_BOUND ( 'NONE', #2600, .T. ) ;
#373 = ORIENTED_EDGE ( 'NONE', *, *, #2084, .F. ) ;
#374 = VECTOR ( 'NONE', #398, 1000.000000000000000 ) ;
#375 = AXIS2_PLACEMENT_3D ( 'NONE', #1487, #884, #1505 ) ;
#376 = FACE_OUTER_BOUND ( 'NONE', #3572, .T. ) ;
#377 = ORIENTED_EDGE ( 'NONE', *, *, #1227, .T. ) ;
#378 = CYLINDRICAL_SURFACE ( 'NONE', #1702, 1.499999999999999556 ) ;
#379 = CARTESIAN_POINT ( 'NONE',  ( 12.50000000000000000, -1.219500000000000028, 0.000000000000000000 ) ) ;
#380 = DIRECTION ( 'NONE',  ( -1.000000000000000000, -1.224606353822377258E-16, -0.000000000000000000 ) ) ;
#381 = CARTESIAN_POINT ( 'NONE',  ( 8.196408214467822972, 9.639376512966943232E-16, 0.000000000000000000 ) ) ;
#382 = DIRECTION ( 'NONE',  ( -1.000000000000000000, -1.224606353822377258E-16, -0.000000000000000000 ) ) ;
#383 = EDGE_CURVE ( 'NONE', #387, #592, #584, .T. ) ;
#384 = ORIENTED_EDGE ( 'NONE', *, *, #2061, .F. ) ;
#385 = DIRECTION ( 'NONE',  ( 0.000000000000000000, 1.000000000000000000, 0.000000000000000000 ) ) ;
#386 = FACE_OUTER_BOUND ( 'NONE', #435, .T. ) ;
#387 = VERTEX_POINT ( 'NONE', #3940 ) ;
#388 = DIRECTION ( 'NONE',  ( 0.000000000000000000, 0.4999999999999983902, -0.8660254037844394848 ) ) ;
#389 = EDGE_CURVE ( 'NONE', #3772, #2766, #2643, .T. ) ;
#390 = EDGE_CURVE ( 'NONE', #958, #10, #1592, .T. ) ;
#391 = VERTEX_POINT ( 'NONE', #2665 ) ;
#392 = FACE_OUTER_BOUND ( 'NONE', #2292, .T. ) ;
#393 = ORIENTED_EDGE ( 'NONE', *, *, #3353, .T. ) ;
#394 = CARTESIAN_POINT ( 'NONE',  ( 9.196408214467822972, -7.703719777548943412E-31, 1.500000000000000888 ) ) ;
#395 = EDGE_CURVE ( 'NONE', #2091, #2297, #2373, .T. ) ;
#396 = DIRECTION ( 'NONE',  ( -1.000000000000000000, -1.224606353822377258E-16, -0.000000000000000000 ) ) ;
#397 = LINE ( 'NONE', #1960, #2674 ) ;
#398 = DIRECTION ( 'NONE',  ( -1.000000000000000000, -0.000000000000000000, -0.000000000000000000 ) ) ;
#399 = DIRECTION ( 'NONE',  ( -1.000000000000000000, -1.224606353822377258E-16, -0.000000000000000000 ) ) ;
#400 = ORIENTED_EDGE ( 'NONE', *, *, #395, .F. ) ;
#401 = CIRCLE ( 'NONE', #1043, 1.500000000000000888 ) ;
#402 = ADVANCED_FACE ( 'NONE', ( #3600 ), #844, .T. ) ;
#403 = CARTESIAN_POINT ( 'NONE',  ( 9.303591785532173475, -1.500000000000001110, 0.000000000000000000 ) ) ;
#404 = VERTEX_POINT ( 'NONE', #1762 ) ;
#405 = AXIS2_PLACEMENT_3D ( 'NONE', #1766, #356, #3741 ) ;
#406 = DIRECTION ( 'NONE',  ( -1.000000000000000000, -0.000000000000000000, -0.000000000000000000 ) ) ;
#407 = ORIENTED_EDGE ( 'NONE', *, *, #73, .F. ) ;
#408 = EDGE_CURVE ( 'NONE', #1923, #600, #2993, .T. ) ;
#409 = CARTESIAN_POINT ( 'NONE',  ( 4.999999999999999112, 9.398853765586739935E-16, 0.000000000000000000 ) ) ;
#410 = LINE ( 'NONE', #110, #3911 ) ;
#411 = VERTEX_POINT ( 'NONE', #1466 ) ;
#412 = AXIS2_PLACEMENT_3D ( 'NONE', #3596, #2013, #773 ) ;
#413 = LINE ( 'NONE', #2890, #3446 ) ;
#414 = ADVANCED_FACE ( 'NONE', ( #1843, #2128 ), #1803, .T. ) ;
#415 = DIRECTION ( 'NONE',  ( -1.000000000000000000, -1.224606353822377258E-16, -0.000000000000000000 ) ) ;
#416 = DIRECTION ( 'NONE',  ( -1.000000000000000000, -1.224606353822377258E-16, -0.000000000000000000 ) ) ;
#417 = ORIENTED_EDGE ( 'NONE', *, *, #1636, .F. ) ;
#418 = VECTOR ( 'NONE', #388, 1000.000000000000114 ) ;
#419 = DIRECTION ( 'NONE',  ( -1.000000000000000000, -1.224606353822377258E-16, -0.000000000000000000 ) ) ;
#420 = CARTESIAN_POINT ( 'NONE',  ( 6.303591785532174363, -7.703719777548943412E-31, 1.500000000000000888 ) ) ;
#421 = VECTOR ( 'NONE', #3375, 999.9999999999998863 ) ;
#422 = CIRCLE ( 'NONE', #2419, 1.500000000000000888 ) ;
#423 = VERTEX_POINT ( 'NONE', #3938 ) ;
#424 = CIRCLE ( 'NONE', #2672, 1.500000000000000888 ) ;
#425 = AXIS2_PLACEMENT_3D ( 'NONE', #924, #95, #1922 ) ;
#426 = PLANE ( 'NONE',  #3334 ) ;
#427 = ORIENTED_EDGE ( 'NONE', *, *, #964, .F. ) ;
#428 = DIRECTION ( 'NONE',  ( 0.000000000000000000, -1.000000000000000000, 0.000000000000000000 ) ) ;
#429 = CIRCLE ( 'NONE', #497, 1.260000000000000009 ) ;
#430 = ORIENTED_EDGE ( 'NONE', *, *, #3153, .T. ) ;
#431 = AXIS2_PLACEMENT_3D ( 'NONE', #2576, #1104, #3861 ) ;
#432 = AXIS2_PLACEMENT_3D ( 'NONE', #2015, #1057, #2892 ) ;
#433 = FACE_OUTER_BOUND ( 'NONE', #3565, .T. ) ;
#434 = CARTESIAN_POINT ( 'NONE',  ( 12.69640821446782297, -1.500000000000000000, 1.836970198721030920E-16 ) ) ;
#435 = EDGE_LOOP ( 'NONE', ( #2049, #910, #1673, #373, #3111, #202 ) ) ;
#436 = FACE_OUTER_BOUND ( 'NONE', #2117, .T. ) ;
#437 = CIRCLE ( 'NONE', #3201, 1.500000000000000888 ) ;
#438 = EDGE_CURVE ( 'NONE', #1589, #3567, #2490, .T. ) ;
#439 = AXIS2_PLACEMENT_3D ( 'NONE', #235, #557, #3362 ) ;
#440 = DIRECTION ( 'NONE',  ( 0.000000000000000000, -1.000000000000000000, 0.000000000000000000 ) ) ;
#441 = CYLINDRICAL_SURFACE ( 'NONE', #2867, 1.499999999999999556 ) ;
#442 = ORIENTED_EDGE ( 'NONE', *, *, #3148, .T. ) ;
#443 = EDGE_CURVE ( 'NONE', #1732, #1195, #1545, .T. ) ;
#444 = ADVANCED_FACE ( 'NONE', ( #2106 ), #3058, .T. ) ;
#445 = DIRECTION ( 'NONE',  ( 0.000000000000000000, -1.000000000000000000, 0.000000000000000000 ) ) ;
#446 = CARTESIAN_POINT ( 'NONE',  ( 1.300000000000000044, 1.454922678357858157, -9.757819552369539906E-16 ) ) ;
#447 = ORIENTED_EDGE ( 'NONE', *, *, #3806, .T. ) ;
#448 = DIRECTION ( 'NONE',  ( -1.000000000000000000, -1.224606353822377258E-16, -0.000000000000000000 ) ) ;
#449 = ORIENTED_EDGE ( 'NONE', *, *, #779, .F. ) ;
#450 = CARTESIAN_POINT ( 'NONE',  ( 12.69640821446782297, 1.500000000000001554, 0.000000000000000000 ) ) ;
#451 = ORIENTED_EDGE ( 'NONE', *, *, #2844, .F. ) ;
#452 = DIRECTION ( 'NONE',  ( 0.000000000000000000, 0.8660254037844380415, -0.5000000000000009992 ) ) ;
#453 = FACE_OUTER_BOUND ( 'NONE', #126, .T. ) ;
#454 = VERTEX_POINT ( 'NONE', #2690 ) ;
#455 = CARTESIAN_POINT ( 'NONE',  ( 12.69640821446782297, 9.639376512966943232E-16, 0.000000000000000000 ) ) ;
#456 = EDGE_CURVE ( 'NONE', #2186, #3617, #2169, .T. ) ;
#457 = DIRECTION ( 'NONE',  ( -1.000000000000000000, -0.000000000000000000, -0.000000000000000000 ) ) ;
#458 = DIRECTION ( 'NONE',  ( -1.000000000000000000, -1.224606353822377258E-16, -0.000000000000000000 ) ) ;
#459 = ADVANCED_FACE ( 'NONE', ( #3381 ), #2683, .T. ) ;
#460 = DIRECTION ( 'NONE',  ( 1.000000000000000000, 1.224606353822377258E-16, 0.000000000000000000 ) ) ;
#461 = DIRECTION ( 'NONE',  ( 0.000000000000000000, -0.8660254037844394848, -0.4999999999999986122 ) ) ;
#462 = ORIENTED_EDGE ( 'NONE', *, *, #463, .T. ) ;
#463 = EDGE_CURVE ( 'NONE', #2315, #3214, #2105, .T. ) ;
#464 = DIRECTION ( 'NONE',  ( -1.000000000000000000, -1.224606353822377258E-16, -0.000000000000000000 ) ) ;
#465 = EDGE_LOOP ( 'NONE', ( #407, #2146, #3910, #2565, #858 ) ) ;
#466 = DIRECTION ( 'NONE',  ( 0.000000000000000000, -1.000000000000000000, 0.000000000000000000 ) ) ;
#467 = ORIENTED_EDGE ( 'NONE', *, *, #3965, .T. ) ;
#468 = CARTESIAN_POINT ( 'NONE',  ( 11.30359178553217525, 9.158331018206532694E-16, 0.000000000000000000 ) ) ;
#469 = AXIS2_PLACEMENT_3D ( 'NONE', #6, #685, #3387 ) ;
#470 = DIRECTION ( 'NONE',  ( 0.5735764363510454933, -0.8191520442889922426, 1.003171929053525363E-16 ) ) ;
#471 = ORIENTED_EDGE ( 'NONE', *, *, #3329, .F. ) ;
#472 = DIRECTION ( 'NONE',  ( 0.000000000000000000, 0.000000000000000000, 1.000000000000000000 ) ) ;
#473 = CARTESIAN_POINT ( 'NONE',  ( 0.3000000000000016542, 3.367778697655221012E-16, -2.750000000000000000 ) ) ;
#474 = CARTESIAN_POINT ( 'NONE',  ( 3.000000000000000000, 0.000000000000000000, 0.000000000000000000 ) ) ;
#475 = AXIS2_PLACEMENT_3D ( 'NONE', #3912, #1796, #2136 ) ;
#476 = DIRECTION ( 'NONE',  ( 0.000000000000000000, -1.000000000000000000, 0.000000000000000000 ) ) ;
#477 = CARTESIAN_POINT ( 'NONE',  ( 9.500000000000000000, 9.398853765586739935E-16, 0.000000000000000000 ) ) ;
#478 = VERTEX_POINT ( 'NONE', #3598 ) ;
#479 = EDGE_CURVE ( 'NONE', #1528, #2069, #3712, .T. ) ;
#480 = AXIS2_PLACEMENT_3D ( 'NONE', #3184, #2334, #1430 ) ;
#481 = LINE ( 'NONE', #1087, #1715 ) ;
#482 = ORIENTED_EDGE ( 'NONE', *, *, #248, .T. ) ;
#483 = CARTESIAN_POINT ( 'NONE',  ( 1.300000000000000044, -0.7274613391789304107, -1.259999999999999121 ) ) ;
#484 = ORIENTED_EDGE ( 'NONE', *, *, #1886, .T. ) ;
#485 = EDGE_CURVE ( 'NONE', #1140, #2498, #2390, .T. ) ;
#486 = CIRCLE ( 'NONE', #3896, 1.500000000000000888 ) ;
#487 = CARTESIAN_POINT ( 'NONE',  ( 6.696408214467822972, 1.500000000000001776, 0.000000000000000000 ) ) ;
#488 = DIRECTION ( 'NONE',  ( 1.000000000000000000, 1.224606353822377258E-16, 0.000000000000000000 ) ) ;
#489 = ORIENTED_EDGE ( 'NONE', *, *, #3394, .F. ) ;
#490 = CONICAL_SURFACE ( 'NONE', #3389, 1.219500000000000917, 0.9599310885968779239 ) ;
#491 = CIRCLE ( 'NONE', #1004, 1.219500000000000917 ) ;
#492 = DIRECTION ( 'NONE',  ( 0.000000000000000000, 0.000000000000000000, -1.000000000000000000 ) ) ;
#493 = VECTOR ( 'NONE', #2286, 999.9999999999998863 ) ;
#494 = ORIENTED_EDGE ( 'NONE', *, *, #1837, .F. ) ;
#495 = DIRECTION ( 'NONE',  ( -1.000000000000000000, -1.224606353822377258E-16, -0.000000000000000000 ) ) ;
#496 = AXIS2_PLACEMENT_3D ( 'NONE', #3267, #3006, #2677 ) ;
#497 = AXIS2_PLACEMENT_3D ( 'NONE', #2251, #1345, #3519 ) ;
#498 = FACE_OUTER_BOUND ( 'NONE', #1454, .T. ) ;
#499 = AXIS2_PLACEMENT_3D ( 'NONE', #1256, #671, #1895 ) ;
#500 = CARTESIAN_POINT ( 'NONE',  ( 5.303591785532174363, -1.499999999999999778, 0.000000000000000000 ) ) ;
#501 = DIRECTION ( 'NONE',  ( -1.000000000000000000, -1.224606353822377258E-16, -0.000000000000000000 ) ) ;
#502 = CARTESIAN_POINT ( 'NONE',  ( 9.803591785532175251, 9.158331018206532694E-16, 0.000000000000000000 ) ) ;
#503 = AXIS2_PLACEMENT_3D ( 'NONE', #3428, #2196, #1617 ) ;
#504 = ORIENTED_EDGE ( 'NONE', *, *, #2110, .T. ) ;
#505 = DIRECTION ( 'NONE',  ( -1.000000000000000000, -1.224606353822377258E-16, -0.000000000000000000 ) ) ;
#506 = ORIENTED_EDGE ( 'NONE', *, *, #585, .F. ) ;
#507 = EDGE_CURVE ( 'NONE', #128, #3604, #1335, .T. ) ;
#508 = DIRECTION ( 'NONE',  ( 0.5735764363510452712, 0.8191520442889924647, 0.000000000000000000 ) ) ;
#509 = ORIENTED_EDGE ( 'NONE', *, *, #593, .F. ) ;
#510 = CARTESIAN_POINT ( 'NONE',  ( 8.303591785532175251, 9.158331018206532694E-16, 0.000000000000000000 ) ) ;
#511 = CARTESIAN_POINT ( 'NONE',  ( 10.49999999999999822, 9.398853765586739935E-16, 0.000000000000000000 ) ) ;
#512 = ORIENTED_EDGE ( 'NONE', *, *, #593, .T. ) ;
#513 = EDGE_CURVE ( 'NONE', #3037, #2835, #1783, .T. ) ;
#514 = ADVANCED_FACE ( 'NONE', ( #3040 ), #842, .T. ) ;
#515 = DIRECTION ( 'NONE',  ( 0.000000000000000000, -1.000000000000000000, 0.000000000000000000 ) ) ;
#516 = ORIENTED_EDGE ( 'NONE', *, *, #1415, .F. ) ;
#517 = ORIENTED_EDGE ( 'NONE', *, *, #3025, .T. ) ;
#518 = ADVANCED_FACE ( 'NONE', ( #3985 ), #751, .T. ) ;
#519 = CARTESIAN_POINT ( 'NONE',  ( -31.74999999999995737, 0.000000000000000000, 1.499999999999999556 ) ) ;
#520 = FACE_OUTER_BOUND ( 'NONE', #3397, .T. ) ;
#521 = DIRECTION ( 'NONE',  ( 0.000000000000000000, -1.000000000000000000, 0.000000000000000000 ) ) ;
#522 = CARTESIAN_POINT ( 'NONE',  ( 11.00000000000000000, 9.398853765586739935E-16, 0.000000000000000000 ) ) ;
#523 = ORIENTED_EDGE ( 'NONE', *, *, #1821, .T. ) ;
#524 = CARTESIAN_POINT ( 'NONE',  ( 8.303591785532175251, 1.836970198721024757E-16, -1.500000000000000888 ) ) ;
#525 = ORIENTED_EDGE ( 'NONE', *, *, #2626, .T. ) ;
#526 = CARTESIAN_POINT ( 'NONE',  ( -31.74999999999995737, 1.836970198721029441E-16, -1.499999999999999556 ) ) ;
#527 = ORIENTED_EDGE ( 'NONE', *, *, #2544, .F. ) ;
#528 = DIRECTION ( 'NONE',  ( -1.000000000000000000, -1.224606353822377258E-16, -0.000000000000000000 ) ) ;
#529 = DIRECTION ( 'NONE',  ( -1.000000000000000000, -1.224606353822377258E-16, -0.000000000000000000 ) ) ;
#530 = VERTEX_POINT ( 'NONE', #2449 ) ;
#531 = CARTESIAN_POINT ( 'NONE',  ( 9.303591785532173475, 9.158331018206532694E-16, 0.000000000000000000 ) ) ;
#532 = EDGE_LOOP ( 'NONE', ( #1631, #1464, #3140, #3707, #1019 ) ) ;
#533 = EDGE_CURVE ( 'NONE', #3546, #3734, #1968, .T. ) ;
#534 = AXIS2_PLACEMENT_3D ( 'NONE', #2912, #723, #3180 ) ;
#535 = DIRECTION ( 'NONE',  ( 0.000000000000000000, -1.000000000000000000, 0.000000000000000000 ) ) ;
#536 = ORIENTED_EDGE ( 'NONE', *, *, #926, .T. ) ;
#537 = DIRECTION ( 'NONE',  ( 0.000000000000000000, 0.000000000000000000, 1.000000000000000000 ) ) ;
#538 = AXIS2_PLACEMENT_3D ( 'NONE', #3698, #3141, #3680 ) ;
#539 = CARTESIAN_POINT ( 'NONE',  ( 6.999999999999999112, 9.398853765586739935E-16, 0.000000000000000000 ) ) ;
#540 = EDGE_CURVE ( 'NONE', #3158, #1686, #3013, .T. ) ;
#541 = DIRECTION ( 'NONE',  ( 0.000000000000000000, -1.000000000000000000, 0.000000000000000000 ) ) ;
#542 = CIRCLE ( 'NONE', #1884, 1.219500000000000917 ) ;
#543 = ORIENTED_EDGE ( 'NONE', *, *, #2650, .T. ) ;
#544 = CARTESIAN_POINT ( 'NONE',  ( 7.696408214467822972, 9.639376512966943232E-16, 0.000000000000000000 ) ) ;
#545 = ORIENTED_EDGE ( 'NONE', *, *, #1740, .T. ) ;
#546 = DIRECTION ( 'NONE',  ( -1.000000000000000000, -1.224606353822377258E-16, -0.000000000000000000 ) ) ;
#547 = ORIENTED_EDGE ( 'NONE', *, *, #463, .F. ) ;
#548 = CARTESIAN_POINT ( 'NONE',  ( 12.99999999999999822, 0.000000000000000000, 0.000000000000000000 ) ) ;
#549 = DIRECTION ( 'NONE',  ( 0.000000000000000000, -1.000000000000000000, 0.000000000000000000 ) ) ;
#550 = ORIENTED_EDGE ( 'NONE', *, *, #367, .T. ) ;
#551 = LINE ( 'NONE', #3074, #2233 ) ;
#552 = AXIS2_PLACEMENT_3D ( 'NONE', #3419, #1298, #656 ) ;
#553 = ORIENTED_EDGE ( 'NONE', *, *, #2207, .F. ) ;
#554 = AXIS2_PLACEMENT_3D ( 'NONE', #2479, #3390, #2195 ) ;
#555 = AXIS2_PLACEMENT_3D ( 'NONE', #3177, #416, #2267 ) ;
#556 = CIRCLE ( 'NONE', #1201, 1.219500000000000917 ) ;
#557 = DIRECTION ( 'NONE',  ( -1.000000000000000000, -0.000000000000000000, -0.000000000000000000 ) ) ;
#558 = VECTOR ( 'NONE', #2010, 1000.000000000000114 ) ;
#559 = ORIENTED_EDGE ( 'NONE', *, *, #3908, .F. ) ;
#560 = DIRECTION ( 'NONE',  ( 0.000000000000000000, -1.000000000000000000, 0.000000000000000000 ) ) ;
#561 = ADVANCED_FACE ( 'NONE', ( #2730 ), #3959, .T. ) ;
#562 = DIRECTION ( 'NONE',  ( -1.000000000000000000, -1.224606353822377258E-16, -0.000000000000000000 ) ) ;
#563 = AXIS2_PLACEMENT_3D ( 'NONE', #2559, #3802, #2273 ) ;
#564 = VECTOR ( 'NONE', #457, 1000.000000000000000 ) ;
#565 = CARTESIAN_POINT ( 'NONE',  ( 12.69640821446782297, 1.500000000000001776, 0.000000000000000000 ) ) ;
#566 = EDGE_CURVE ( 'NONE', #873, #224, #2173, .T. ) ;
#567 = EDGE_CURVE ( 'NONE', #2881, #2176, #247, .T. ) ;
#568 = DIRECTION ( 'NONE',  ( 0.000000000000000000, -1.000000000000000000, 0.000000000000000000 ) ) ;
#569 = ORIENTED_EDGE ( 'NONE', *, *, #607, .F. ) ;
#570 = AXIS2_PLACEMENT_3D ( 'NONE', #3759, #1703, #1629 ) ;
#571 = CARTESIAN_POINT ( 'NONE',  ( 10.49999999999999822, -1.219500000000000028, 0.000000000000000000 ) ) ;
#572 = FACE_OUTER_BOUND ( 'NONE', #3388, .T. ) ;
#573 = CIRCLE ( 'NONE', #829, 1.219500000000000028 ) ;
#574 = DIRECTION ( 'NONE',  ( 0.5735764363510452712, 0.8191520442889924647, 0.000000000000000000 ) ) ;
#575 = VERTEX_POINT ( 'NONE', #1296 ) ;
#576 = CARTESIAN_POINT ( 'NONE',  ( 12.69640821446782297, 1.836970198721020813E-16, -1.500000000000000888 ) ) ;
#577 = CARTESIAN_POINT ( 'NONE',  ( 7.303591785532174363, 1.500000000000001998, 1.836970198721030920E-16 ) ) ;
#578 = ORIENTED_EDGE ( 'NONE', *, *, #2005, .F. ) ;
#579 = CARTESIAN_POINT ( 'NONE',  ( 0.3000000000000016542, 0.000000000000000000, 0.000000000000000000 ) ) ;
#580 = VERTEX_POINT ( 'NONE', #329 ) ;
#581 = CIRCLE ( 'NONE', #3348, 1.500000000000000888 ) ;
#582 = CARTESIAN_POINT ( 'NONE',  ( 10.49999999999999822, 9.398853765586739935E-16, 0.000000000000000000 ) ) ;
#583 = ORIENTED_EDGE ( 'NONE', *, *, #360, .T. ) ;
#584 = LINE ( 'NONE', #1785, #1395 ) ;
#585 = EDGE_CURVE ( 'NONE', #1414, #1994, #2248, .T. ) ;
#586 = CARTESIAN_POINT ( 'NONE',  ( 6.803591785532175251, 9.158331018206532694E-16, 0.000000000000000000 ) ) ;
#587 = DIRECTION ( 'NONE',  ( -1.000000000000000000, -0.000000000000000000, -0.000000000000000000 ) ) ;
#588 = ORIENTED_EDGE ( 'NONE', *, *, #456, .F. ) ;
#589 = EDGE_CURVE ( 'NONE', #301, #1160, #1017, .T. ) ;
#590 = DIRECTION ( 'NONE',  ( -1.000000000000000000, -0.000000000000000000, -0.000000000000000000 ) ) ;
#591 = DIRECTION ( 'NONE',  ( -1.000000000000000000, -1.224606353822377258E-16, -0.000000000000000000 ) ) ;
#592 = VERTEX_POINT ( 'NONE', #2830 ) ;
#593 = EDGE_CURVE ( 'NONE', #3937, #3342, #3403, .T. ) ;
#594 = LINE ( 'NONE', #2965, #3893 ) ;
#595 = CARTESIAN_POINT ( 'NONE',  ( 1.300000000000000044, 0.7274613391789312988, 1.260000000000000897 ) ) ;
#596 = VERTEX_POINT ( 'NONE', #2185 ) ;
#597 = CARTESIAN_POINT ( 'NONE',  ( -31.74999999999995737, 1.836970198721029441E-16, -1.499999999999999556 ) ) ;
#598 = EDGE_LOOP ( 'NONE', ( #578, #1978, #3747, #878, #2753 ) ) ;
#599 = CARTESIAN_POINT ( 'NONE',  ( 11.19640821446782297, 1.500000000000001776, 0.000000000000000000 ) ) ;
#600 = VERTEX_POINT ( 'NONE', #654 ) ;
#601 = DIRECTION ( 'NONE',  ( 0.000000000000000000, 0.000000000000000000, 1.000000000000000000 ) ) ;
#602 = VECTOR ( 'NONE', #1040, 1000.000000000000000 ) ;
#603 = FACE_OUTER_BOUND ( 'NONE', #1621, .T. ) ;
#604 = ORIENTED_EDGE ( 'NONE', *, *, #2005, .T. ) ;
#605 = CARTESIAN_POINT ( 'NONE',  ( 8.196408214467822972, 1.500000000000001776, 0.000000000000000000 ) ) ;
#606 = LINE ( 'NONE', #2442, #1054 ) ;
#607 = EDGE_CURVE ( 'NONE', #404, #2077, #1607, .T. ) ;
#608 = ORIENTED_EDGE ( 'NONE', *, *, #2436, .F. ) ;
#609 = PRESENTATION_STYLE_ASSIGNMENT (( #2212 ) ) ;
#610 = DIRECTION ( 'NONE',  ( 1.000000000000000000, 0.000000000000000000, 0.000000000000000000 ) ) ;
#611 = ORIENTED_EDGE ( 'NONE', *, *, #3079, .F. ) ;
#612 = DIRECTION ( 'NONE',  ( -1.000000000000000000, -1.224606353822377258E-16, -0.000000000000000000 ) ) ;
#613 = ADVANCED_FACE ( 'NONE', ( #2864 ), #2492, .T. ) ;
#614 = VERTEX_POINT ( 'NONE', #2521 ) ;
#615 = AXIS2_PLACEMENT_3D ( 'NONE', #1675, #2901, #1370 ) ;
#616 = DIRECTION ( 'NONE',  ( -1.000000000000000000, -1.224606353822377258E-16, -0.000000000000000000 ) ) ;
#617 = VERTEX_POINT ( 'NONE', #1918 ) ;
#618 =( GEOMETRIC_REPRESENTATION_CONTEXT ( 3 ) GLOBAL_UNCERTAINTY_ASSIGNED_CONTEXT ( ( #1905 ) ) GLOBAL_UNIT_ASSIGNED_CONTEXT ( ( #308, #2515, #3103 ) ) REPRESENTATION_CONTEXT ( 'NONE', 'WORKASPACE' ) );
#619 = AXIS2_PLACEMENT_3D ( 'NONE', #2523, #1877, #3112 ) ;
#620 = PRESENTATION_LAYER_ASSIGNMENT (  '', '', ( #3895 ) ) ;
#621 = VECTOR ( 'NONE', #2, 1000.000000000000000 ) ;
#622 = AXIS2_PLACEMENT_3D ( 'NONE', #2695, #2671, #2415 ) ;
#623 = CARTESIAN_POINT ( 'NONE',  ( 8.196408214467822972, 9.639376512966943232E-16, 0.000000000000000000 ) ) ;
#624 = ORIENTED_EDGE ( 'NONE', *, *, #801, .F. ) ;
#625 = VECTOR ( 'NONE', #2512, 1000.000000000000000 ) ;
#626 = FACE_OUTER_BOUND ( 'NONE', #2443, .T. ) ;
#627 = CYLINDRICAL_SURFACE ( 'NONE', #3553, 1.499999999999999556 ) ;
#628 = AXIS2_PLACEMENT_3D ( 'NONE', #3408, #1268, #3369 ) ;
#629 = VECTOR ( 'NONE', #2308, 1000.000000000000114 ) ;
#630 = ORIENTED_EDGE ( 'NONE', *, *, #3246, .T. ) ;
#631 = EDGE_CURVE ( 'NONE', #371, #3081, #1935, .T. ) ;
#632 = CIRCLE ( 'NONE', #1909, 1.500000000000000888 ) ;
#633 = CARTESIAN_POINT ( 'NONE',  ( 12.19640821446782297, 1.500000000000001554, 0.000000000000000000 ) ) ;
#634 = CARTESIAN_POINT ( 'NONE',  ( 11.80359178553217525, 9.158331018206532694E-16, 0.000000000000000000 ) ) ;
#635 = ORIENTED_EDGE ( 'NONE', *, *, #3200, .F. ) ;
#636 = FACE_OUTER_BOUND ( 'NONE', #79, .T. ) ;
#637 = EDGE_LOOP ( 'NONE', ( #1418, #83, #2474, #2007, #2678, #1179 ) ) ;
#638 = CIRCLE ( 'NONE', #2756, 1.499999999999999556 ) ;
#639 = EDGE_CURVE ( 'NONE', #1994, #1478, #3269, .T. ) ;
#640 = CARTESIAN_POINT ( 'NONE',  ( 7.803591785532174363, 9.158331018206532694E-16, 0.000000000000000000 ) ) ;
#641 = ORIENTED_EDGE ( 'NONE', *, *, #1793, .F. ) ;
#642 = EDGE_CURVE ( 'NONE', #411, #830, #3475, .T. ) ;
#643 = ORIENTED_EDGE ( 'NONE', *, *, #3757, .F. ) ;
#644 = CARTESIAN_POINT ( 'NONE',  ( 4.803591785532175251, 9.158331018206532694E-16, 0.000000000000000000 ) ) ;
#645 = ORIENTED_EDGE ( 'NONE', *, *, #3908, .T. ) ;
#646 = CARTESIAN_POINT ( 'NONE',  ( 7.303591785532174363, -5.777789833161707559E-31, 1.500000000000000888 ) ) ;
#647 = CARTESIAN_POINT ( 'NONE',  ( 9.500000000000000000, 9.398853765586739935E-16, 0.000000000000000000 ) ) ;
#648 = ORIENTED_EDGE ( 'NONE', *, *, #3663, .F. ) ;
#649 = DIRECTION ( 'NONE',  ( -1.000000000000000000, -1.224606353822377258E-16, -0.000000000000000000 ) ) ;
#650 = DIRECTION ( 'NONE',  ( -1.000000000000000000, -0.000000000000000000, -0.000000000000000000 ) ) ;
#651 = ORIENTED_EDGE ( 'NONE', *, *, #221, .F. ) ;
#652 = DIRECTION ( 'NONE',  ( 1.000000000000000000, 1.224606353822377258E-16, 0.000000000000000000 ) ) ;
#653 = ORIENTED_EDGE ( 'NONE', *, *, #1496, .T. ) ;
#654 = CARTESIAN_POINT ( 'NONE',  ( 9.696408214467822972, -1.500000000000000222, 1.836970198721030920E-16 ) ) ;
#655 = ORIENTED_EDGE ( 'NONE', *, *, #3367, .F. ) ;
#656 = DIRECTION ( 'NONE',  ( 0.000000000000000000, 1.000000000000000000, 0.000000000000000000 ) ) ;
#657 = ADVANCED_FACE ( 'NONE', ( #392 ), #757, .T. ) ;
#658 = CARTESIAN_POINT ( 'NONE',  ( 1.300000000000000044, 2.182384017536784349, -1.260000000000002229 ) ) ;
#659 = CARTESIAN_POINT ( 'NONE',  ( 4.696408214467822972, 9.639376512966943232E-16, 0.000000000000000000 ) ) ;
#660 = EDGE_CURVE ( 'NONE', #575, #3352, #1469, .T. ) ;
#661 = CONICAL_SURFACE ( 'NONE', #1504, 1.500000000000000888, 0.9599310885968821427 ) ;
#662 = FACE_OUTER_BOUND ( 'NONE', #2507, .T. ) ;
#663 = CARTESIAN_POINT ( 'NONE',  ( 11.19640821446782297, 9.639376512966943232E-16, 0.000000000000000000 ) ) ;
#664 = VERTEX_POINT ( 'NONE', #3736 ) ;
#665 = DIRECTION ( 'NONE',  ( 0.5735764363510452712, 0.8191520442889924647, 0.000000000000000000 ) ) ;
#666 = CARTESIAN_POINT ( 'NONE',  ( 1.300000000000000044, -0.7274613391789266359, 1.260000000000003118 ) ) ;
#667 = ORIENTED_EDGE ( 'NONE', *, *, #3874, .F. ) ;
#668 = CARTESIAN_POINT ( 'NONE',  ( 4.500000000000000000, 9.398853765586739935E-16, 0.000000000000000000 ) ) ;
#669 = CIRCLE ( 'NONE', #1570, 2.750000000000000000 ) ;
#670 = VERTEX_POINT ( 'NONE', #3719 ) ;
#671 = DIRECTION ( 'NONE',  ( -1.000000000000000000, -1.224606353822377258E-16, -0.000000000000000000 ) ) ;
#672 = VERTEX_POINT ( 'NONE', #1282 ) ;
#673 = FACE_OUTER_BOUND ( 'NONE', #3313, .T. ) ;
#674 = CONICAL_SURFACE ( 'NONE', #615, 1.219500000000000917, 0.9599310885968779239 ) ;
#675 = EDGE_CURVE ( 'NONE', #3379, #1696, #410, .T. ) ;
#676 = DIRECTION ( 'NONE',  ( -0.5735764363510487129, -0.8191520442889899112, 0.000000000000000000 ) ) ;
#677 = CARTESIAN_POINT ( 'NONE',  ( 6.999999999999999112, -1.219500000000000028, 1.665213485140614613E-16 ) ) ;
#678 = CONICAL_SURFACE ( 'NONE', #2927, 1.219500000000000917, 0.9599310885968779239 ) ;
#679 = AXIS2_PLACEMENT_3D ( 'NONE', #644, #2469, #2190 ) ;
#680 = EDGE_CURVE ( 'NONE', #3214, #1509, #962, .T. ) ;
#681 = CONICAL_SURFACE ( 'NONE', #2483, 1.500000000000000888, 0.9599310885968821427 ) ;
#682 = EDGE_CURVE ( 'NONE', #2835, #958, #632, .T. ) ;
#683 = CARTESIAN_POINT ( 'NONE',  ( 12.30359178553217525, -1.500000000000001110, 0.000000000000000000 ) ) ;
#684 = VECTOR ( 'NONE', #770, 999.9999999999998863 ) ;
#685 = DIRECTION ( 'NONE',  ( -1.000000000000000000, -0.000000000000000000, -0.000000000000000000 ) ) ;
#686 = ORIENTED_EDGE ( 'NONE', *, *, #1041, .T. ) ;
#687 = CIRCLE ( 'NONE', #1655, 1.500000000000000888 ) ;
#688 = ADVANCED_FACE ( 'NONE', ( #376 ), #1535, .T. ) ;
#689 = FACE_OUTER_BOUND ( 'NONE', #3843, .T. ) ;
#690 = AXIS2_PLACEMENT_3D ( 'NONE', #1127, #223, #201 ) ;
#691 = CARTESIAN_POINT ( 'NONE',  ( 11.30359178553217525, 9.158331018206532694E-16, 0.000000000000000000 ) ) ;
#692 = ORIENTED_EDGE ( 'NONE', *, *, #1863, .T. ) ;
#693 = AXIS2_PLACEMENT_3D ( 'NONE', #905, #13, #2710 ) ;
#694 = DIRECTION ( 'NONE',  ( 1.000000000000000000, 1.224606353822377258E-16, 0.000000000000000000 ) ) ;
#695 = EDGE_LOOP ( 'NONE', ( #2505, #523, #1739, #2905, #3884, #1385 ) ) ;
#696 = VECTOR ( 'NONE', #3145, 1000.000000000000000 ) ;
#697 = AXIS2_PLACEMENT_3D ( 'NONE', #716, #1875, #1622 ) ;
#698 = CARTESIAN_POINT ( 'NONE',  ( 6.999999999999999112, -1.219500000000000028, 0.000000000000000000 ) ) ;
#699 = VERTEX_POINT ( 'NONE', #3771 ) ;
#700 = DIRECTION ( 'NONE',  ( 0.000000000000000000, 0.000000000000000000, -1.000000000000000000 ) ) ;
#701 = AXIS2_PLACEMENT_3D ( 'NONE', #2179, #957, #989 ) ;
#702 = CARTESIAN_POINT ( 'NONE',  ( 4.696408214467822972, 9.639376512966943232E-16, 0.000000000000000000 ) ) ;
#703 = CYLINDRICAL_SURFACE ( 'NONE', #1840, 1.499999999999999556 ) ;
#704 = ORIENTED_EDGE ( 'NONE', *, *, #937, .T. ) ;
#705 = EDGE_CURVE ( 'NONE', #2886, #1686, #1018, .T. ) ;
#706 = CARTESIAN_POINT ( 'NONE',  ( 7.196408214467822972, 9.639376512966943232E-16, 0.000000000000000000 ) ) ;
#707 = FACE_OUTER_BOUND ( 'NONE', #1774, .T. ) ;
#708 = ORIENTED_EDGE ( 'NONE', *, *, #2703, .F. ) ;
#709 = ADVANCED_FACE ( 'NONE', ( #2637 ), #1338, .T. ) ;
#710 = DIRECTION ( 'NONE',  ( 0.000000000000000000, -1.000000000000000000, 0.000000000000000000 ) ) ;
#711 = VERTEX_POINT ( 'NONE', #3534 ) ;
#712 = DIRECTION ( 'NONE',  ( 0.5735764363510452712, 0.8191520442889924647, 0.000000000000000000 ) ) ;
#713 = ORIENTED_EDGE ( 'NONE', *, *, #3950, .T. ) ;
#714 = ADVANCED_FACE ( 'NONE', ( #1358 ), #3867, .F. ) ;
#715 = CARTESIAN_POINT ( 'NONE',  ( 8.803591785532175251, -1.500000000000001110, 0.000000000000000000 ) ) ;
#716 = CARTESIAN_POINT ( 'NONE',  ( 9.803591785532175251, 9.158331018206532694E-16, 0.000000000000000000 ) ) ;
#717 = ORIENTED_EDGE ( 'NONE', *, *, #1926, .F. ) ;
#718 = DIRECTION ( 'NONE',  ( 0.000000000000000000, 0.000000000000000000, 1.000000000000000000 ) ) ;
#719 = DIRECTION ( 'NONE',  ( -1.000000000000000000, -1.224606353822377258E-16, -0.000000000000000000 ) ) ;
#720 = CARTESIAN_POINT ( 'NONE',  ( 5.803591785532174363, 9.158331018206532694E-16, 0.000000000000000000 ) ) ;
#721 = ORIENTED_EDGE ( 'NONE', *, *, #1322, .T. ) ;
#722 = DIRECTION ( 'NONE',  ( -1.000000000000000000, -1.224606353822377258E-16, -0.000000000000000000 ) ) ;
#723 = DIRECTION ( 'NONE',  ( -1.000000000000000000, -1.224606353822377258E-16, -0.000000000000000000 ) ) ;
#724 = ORIENTED_EDGE ( 'NONE', *, *, #162, .T. ) ;
#725 = LINE ( 'NONE', #3819, #1394 ) ;
#726 = VERTEX_POINT ( 'NONE', #3190 ) ;
#727 = EDGE_CURVE ( 'NONE', #2950, #592, #2435, .T. ) ;
#728 = DIRECTION ( 'NONE',  ( -1.000000000000000000, -1.224606353822377258E-16, -0.000000000000000000 ) ) ;
#729 = VERTEX_POINT ( 'NONE', #1417 ) ;
#730 = DIRECTION ( 'NONE',  ( 0.000000000000000000, 1.000000000000000000, 0.000000000000000000 ) ) ;
#731 = CARTESIAN_POINT ( 'NONE',  ( 1.300000000000000044, 0.000000000000000000, 0.000000000000000000 ) ) ;
#732 = VERTEX_POINT ( 'NONE', #2966 ) ;
#733 = EDGE_CURVE ( 'NONE', #3223, #144, #1678, .T. ) ;
#734 = VECTOR ( 'NONE', #2051, 999.9999999999998863 ) ;
#735 = CARTESIAN_POINT ( 'NONE',  ( 12.30359178553217525, -7.703719777548943412E-31, 1.500000000000000888 ) ) ;
#736 = CARTESIAN_POINT ( 'NONE',  ( 12.69640821446782297, 9.639376512966943232E-16, 0.000000000000000000 ) ) ;
#737 = PLANE ( 'NONE',  #2543 ) ;
#738 = AXIS2_PLACEMENT_3D ( 'NONE', #1067, #1692, #3790 ) ;
#739 = FACE_OUTER_BOUND ( 'NONE', #3085, .T. ) ;
#740 = FACE_OUTER_BOUND ( 'NONE', #3625, .T. ) ;
#741 = AXIS2_PLACEMENT_3D ( 'NONE', #468, #3338, #2722 ) ;
#742 = ORIENTED_EDGE ( 'NONE', *, *, #3034, .T. ) ;
#743 = AXIS2_PLACEMENT_3D ( 'NONE', #1473, #866, #2085 ) ;
#744 = DIRECTION ( 'NONE',  ( -0.5735764363510489350, 0.8191520442889898002, 1.003171929053522405E-16 ) ) ;
#745 = EDGE_LOOP ( 'NONE', ( #3528, #2058, #1955, #1574, #3134 ) ) ;
#746 = CARTESIAN_POINT ( 'NONE',  ( 6.803591785532175251, 9.158331018206532694E-16, 0.000000000000000000 ) ) ;
#747 = AXIS2_PLACEMENT_3D ( 'NONE', #1566, #1262, #3438 ) ;
#748 = EDGE_LOOP ( 'NONE', ( #2541, #3737, #643, #946, #1292 ) ) ;
#749 = ADVANCED_FACE ( 'NONE', ( #453 ), #2617, .T. ) ;
#750 = AXIS2_PLACEMENT_3D ( 'NONE', #2615, #125, #1411 ) ;
#751 = CONICAL_SURFACE ( 'NONE', #3010, 1.219500000000000917, 0.9599310885968779239 ) ;
#752 = CARTESIAN_POINT ( 'NONE',  ( 12.99999999999999822, 1.493456771560197319E-16, -1.219500000000000028 ) ) ;
#753 = DIRECTION ( 'NONE',  ( -1.000000000000000000, -1.224606353822377258E-16, -0.000000000000000000 ) ) ;
#754 = ORIENTED_EDGE ( 'NONE', *, *, #270, .F. ) ;
#755 = DIRECTION ( 'NONE',  ( -1.000000000000000000, -1.224606353822377258E-16, -0.000000000000000000 ) ) ;
#756 = AXIS2_PLACEMENT_3D ( 'NONE', #1005, #1924, #445 ) ;
#757 = CONICAL_SURFACE ( 'NONE', #2944, 1.500000000000000888, 0.9599310885968821427 ) ;
#758 = EDGE_CURVE ( 'NONE', #3623, #183, #2370, .T. ) ;
#759 = CIRCLE ( 'NONE', #3144, 1.219500000000000917 ) ;
#760 = CARTESIAN_POINT ( 'NONE',  ( 7.803591785532174363, 1.836970198721023771E-16, -1.500000000000000888 ) ) ;
#761 = CYLINDRICAL_SURFACE ( 'NONE', #3324, 2.750000000000000000 ) ;
#762 = EDGE_CURVE ( 'NONE', #2036, #320, #1472, .T. ) ;
#763 = LINE ( 'NONE', #2572, #2813 ) ;
#764 = DIRECTION ( 'NONE',  ( 0.000000000000000000, 0.000000000000000000, 1.000000000000000000 ) ) ;
#765 = ORIENTED_EDGE ( 'NONE', *, *, #360, .F. ) ;
#766 = CARTESIAN_POINT ( 'NONE',  ( 8.803591785532175251, 1.836970198721024757E-16, -1.500000000000000888 ) ) ;
#767 = ORIENTED_EDGE ( 'NONE', *, *, #479, .T. ) ;
#768 = DIRECTION ( 'NONE',  ( 0.000000000000000000, -1.000000000000000000, 0.000000000000000000 ) ) ;
#769 = ORIENTED_EDGE ( 'NONE', *, *, #3618, .T. ) ;
#770 = DIRECTION ( 'NONE',  ( 0.5735764363510452712, 0.8191520442889924647, 0.000000000000000000 ) ) ;
#771 = LINE ( 'NONE', #3229, #3653 ) ;
#772 = ORIENTED_EDGE ( 'NONE', *, *, #1734, .F. ) ;
#773 = DIRECTION ( 'NONE',  ( 0.000000000000000000, 0.000000000000000000, 1.000000000000000000 ) ) ;
#774 = DIRECTION ( 'NONE',  ( -1.000000000000000000, -0.000000000000000000, -0.000000000000000000 ) ) ;
#775 = EDGE_CURVE ( 'NONE', #336, #3803, #2623, .T. ) ;
#776 = DIRECTION ( 'NONE',  ( -1.000000000000000000, -1.224606353822377258E-16, -0.000000000000000000 ) ) ;
#777 = SURFACE_STYLE_FILL_AREA ( #197 ) ;
#778 = CARTESIAN_POINT ( 'NONE',  ( 1.300000000000000044, -0.7274613391789266359, 1.260000000000003118 ) ) ;
#779 = EDGE_CURVE ( 'NONE', #1839, #1414, #2298, .T. ) ;
#780 = DIRECTION ( 'NONE',  ( 0.000000000000000000, -1.000000000000000000, 0.000000000000000000 ) ) ;
#781 = VERTEX_POINT ( 'NONE', #1111 ) ;
#782 = CARTESIAN_POINT ( 'NONE',  ( 9.999999999999998224, 9.398853765586739935E-16, 0.000000000000000000 ) ) ;
#783 = ORIENTED_EDGE ( 'NONE', *, *, #2471, .F. ) ;
#784 = LINE ( 'NONE', #2918, #2414 ) ;
#785 = VERTEX_POINT ( 'NONE', #147 ) ;
#786 = PLANE ( 'NONE',  #1203 ) ;
#787 = VECTOR ( 'NONE', #3785, 1000.000000000000000 ) ;
#788 = DIRECTION ( 'NONE',  ( 0.000000000000000000, -1.000000000000000000, 0.000000000000000000 ) ) ;
#789 = ORIENTED_EDGE ( 'NONE', *, *, #271, .T. ) ;
#790 = DIRECTION ( 'NONE',  ( 0.000000000000000000, -1.000000000000000000, 0.000000000000000000 ) ) ;
#791 = ORIENTED_EDGE ( 'NONE', *, *, #2307, .T. ) ;
#792 = CARTESIAN_POINT ( 'NONE',  ( 0.000000000000000000, 0.000000000000000000, 0.000000000000000000 ) ) ;
#793 = CARTESIAN_POINT ( 'NONE',  ( -31.74999999999995737, 0.000000000000000000, 0.000000000000000000 ) ) ;
#794 = EDGE_CURVE ( 'NONE', #726, #3081, #2111, .T. ) ;
#795 = DIRECTION ( 'NONE',  ( 1.000000000000000000, 0.000000000000000000, 0.000000000000000000 ) ) ;
#796 = CARTESIAN_POINT ( 'NONE',  ( 10.69640821446782297, -7.703719777548943412E-31, 1.500000000000000888 ) ) ;
#797 = DIRECTION ( 'NONE',  ( -1.000000000000000000, -0.000000000000000000, -0.000000000000000000 ) ) ;
#798 = EDGE_LOOP ( 'NONE', ( #1480, #517, #2557, #1676, #708 ) ) ;
#799 = CIRCLE ( 'NONE', #1957, 1.500000000000000888 ) ;
#800 = EDGE_CURVE ( 'NONE', #2960, #1974, #1340, .T. ) ;
#801 = EDGE_CURVE ( 'NONE', #2640, #919, #771, .T. ) ;
#802 = VECTOR ( 'NONE', #1517, 1000.000000000000000 ) ;
#803 = CARTESIAN_POINT ( 'NONE',  ( 10.19640821446782297, 9.639376512966943232E-16, 0.000000000000000000 ) ) ;
#804 = VERTEX_POINT ( 'NONE', #2263 ) ;
#805 = FACE_OUTER_BOUND ( 'NONE', #856, .T. ) ;
#806 = ORIENTED_EDGE ( 'NONE', *, *, #2056, .F. ) ;
#807 = AXIS2_PLACEMENT_3D ( 'NONE', #474, #1700, #176 ) ;
#808 = EDGE_CURVE ( 'NONE', #2417, #3268, #167, .T. ) ;
#809 = UNCERTAINTY_MEASURE_WITH_UNIT (LENGTH_MEASURE( 1.000000000000000082E-05 ), #3877, 'distance_accuracy_value', 'NONE');
#810 = DIRECTION ( 'NONE',  ( -1.000000000000000000, -1.224606353822377258E-16, -0.000000000000000000 ) ) ;
#811 = DIRECTION ( 'NONE',  ( 0.000000000000000000, -0.5000000000000009992, -0.8660254037844380415 ) ) ;
#812 = ORIENTED_EDGE ( 'NONE', *, *, #2207, .T. ) ;
#813 = AXIS2_PLACEMENT_3D ( 'NONE', #3858, #1184, #2065 ) ;
#814 = CIRCLE ( 'NONE', #2046, 1.500000000000000888 ) ;
#815 = DIRECTION ( 'NONE',  ( 0.000000000000000000, -1.000000000000000000, 0.000000000000000000 ) ) ;
#816 = ORIENTED_EDGE ( 'NONE', *, *, #2188, .F. ) ;
#817 = VECTOR ( 'NONE', #3224, 1000.000000000000000 ) ;
#818 = TOROIDAL_SURFACE ( 'NONE', #3075, 2.449999999999999734, 0.2999999999999999889 ) ;
#819 = ORIENTED_EDGE ( 'NONE', *, *, #1689, .T. ) ;
#820 = CARTESIAN_POINT ( 'NONE',  ( 9.500000000000000000, 9.398853765586739935E-16, 0.000000000000000000 ) ) ;
#821 = TOROIDAL_SURFACE ( 'NONE', #570, 2.449999999999999734, 0.2999999999999999889 ) ;
#822 = CIRCLE ( 'NONE', #3335, 1.500000000000000888 ) ;
#823 = FACE_OUTER_BOUND ( 'NONE', #885, .T. ) ;
#824 = CIRCLE ( 'NONE', #3082, 1.500000000000000888 ) ;
#825 = DIRECTION ( 'NONE',  ( 0.000000000000000000, 0.000000000000000000, 1.000000000000000000 ) ) ;
#826 = DIRECTION ( 'NONE',  ( 0.000000000000000000, -1.000000000000000000, 0.000000000000000000 ) ) ;
#827 = DIRECTION ( 'NONE',  ( 0.000000000000000000, 0.000000000000000000, 1.000000000000000000 ) ) ;
#828 = EDGE_CURVE ( 'NONE', #3567, #1589, #1721, .T. ) ;
#829 = AXIS2_PLACEMENT_3D ( 'NONE', #1483, #3339, #2140 ) ;
#830 = VERTEX_POINT ( 'NONE', #1736 ) ;
#831 = CYLINDRICAL_SURFACE ( 'NONE', #1208, 1.499999999999999556 ) ;
#832 = EDGE_LOOP ( 'NONE', ( #2182, #2902, #3363, #2535, #2919, #2913 ) ) ;
#833 = DIRECTION ( 'NONE',  ( 0.000000000000000000, -1.000000000000000000, 0.000000000000000000 ) ) ;
#834 = ADVANCED_FACE ( 'NONE', ( #1092 ), #2039, .T. ) ;
#835 = EDGE_LOOP ( 'NONE', ( #1354, #1755, #3493, #2481, #316 ) ) ;
#836 = CARTESIAN_POINT ( 'NONE',  ( 1.300000000000000044, -0.7274613391789266359, 1.260000000000003118 ) ) ;
#837 = DIRECTION ( 'NONE',  ( -1.000000000000000000, -1.224606353822377258E-16, -0.000000000000000000 ) ) ;
#838 = EDGE_LOOP ( 'NONE', ( #2784, #3318, #3099, #1989, #3864 ) ) ;
#839 = FACE_OUTER_BOUND ( 'NONE', #2428, .T. ) ;
#840 = EDGE_CURVE ( 'NONE', #804, #1375, #824, .T. ) ;
#841 = ORIENTED_EDGE ( 'NONE', *, *, #3848, .T. ) ;
#842 = PLANE ( 'NONE',  #2680 ) ;
#843 = VERTEX_POINT ( 'NONE', #1155 ) ;
#844 = CYLINDRICAL_SURFACE ( 'NONE', #3650, 1.499999999999999556 ) ;
#845 = DIRECTION ( 'NONE',  ( 0.000000000000000000, 1.000000000000000000, 0.000000000000000000 ) ) ;
#846 = CARTESIAN_POINT ( 'NONE',  ( 0.000000000000000000, 1.454922678357858157, -9.757819552369539906E-16 ) ) ;
#847 = DIRECTION ( 'NONE',  ( -1.000000000000000000, -0.000000000000000000, -0.000000000000000000 ) ) ;
#848 = VERTEX_POINT ( 'NONE', #3358 ) ;
#849 = CYLINDRICAL_SURFACE ( 'NONE', #1591, 1.499999999999999556 ) ;
#850 = VERTEX_POINT ( 'NONE', #3376 ) ;
#851 = CARTESIAN_POINT ( 'NONE',  ( 7.303591785532174363, 9.158331018206532694E-16, 0.000000000000000000 ) ) ;
#852 = VERTEX_POINT ( 'NONE', #2745 ) ;
#853 = EDGE_CURVE ( 'NONE', #1732, #3711, #2240, .T. ) ;
#854 = CARTESIAN_POINT ( 'NONE',  ( -31.74999999999995737, 0.000000000000000000, 0.000000000000000000 ) ) ;
#855 = CARTESIAN_POINT ( 'NONE',  ( 6.303591785532174363, 9.158331018206532694E-16, 0.000000000000000000 ) ) ;
#856 = EDGE_LOOP ( 'NONE', ( #265, #3418, #3934, #14 ) ) ;
#857 = DIRECTION ( 'NONE',  ( 1.000000000000000000, 0.000000000000000000, 0.000000000000000000 ) ) ;
#858 = ORIENTED_EDGE ( 'NONE', *, *, #221, .T. ) ;
#859 = CIRCLE ( 'NONE', #19, 1.500000000000000888 ) ;
#860 = EDGE_CURVE ( 'NONE', #2792, #2964, #3036, .T. ) ;
#861 = ADVANCED_FACE ( 'NONE', ( #2385 ), #1599, .T. ) ;
#862 = CARTESIAN_POINT ( 'NONE',  ( 6.999999999999999112, 9.398853765586739935E-16, 0.000000000000000000 ) ) ;
#863 = ORIENTED_EDGE ( 'NONE', *, *, #2914, .F. ) ;
#864 = CYLINDRICAL_SURFACE ( 'NONE', #1532, 1.499999999999999556 ) ;
#865 = DIRECTION ( 'NONE',  ( -1.000000000000000000, -0.000000000000000000, -0.000000000000000000 ) ) ;
#866 = DIRECTION ( 'NONE',  ( -1.000000000000000000, -1.224606353822377258E-16, -0.000000000000000000 ) ) ;
#867 = AXIS2_PLACEMENT_3D ( 'NONE', #1811, #591, #3670 ) ;
#868 = DIRECTION ( 'NONE',  ( -1.000000000000000000, -0.000000000000000000, -0.000000000000000000 ) ) ;
#869 = VERTEX_POINT ( 'NONE', #3655 ) ;
#870 = DIRECTION ( 'NONE',  ( -0.5735764363510487129, -0.8191520442889899112, 0.000000000000000000 ) ) ;
#871 = PLANE ( 'NONE',  #1963 ) ;
#872 = CARTESIAN_POINT ( 'NONE',  ( 8.500000000000000000, 9.398853765586739935E-16, 0.000000000000000000 ) ) ;
#873 = VERTEX_POINT ( 'NONE', #1499 ) ;
#874 = CONICAL_SURFACE ( 'NONE', #2860, 1.219500000000000917, 0.9599310885968779239 ) ;
#875 = VECTOR ( 'NONE', #665, 999.9999999999998863 ) ;
#876 = DIRECTION ( 'NONE',  ( -1.000000000000000000, -0.000000000000000000, -0.000000000000000000 ) ) ;
#877 = CARTESIAN_POINT ( 'NONE',  ( 0.000000000000000000, -1.454922678357857047, 3.035766082959412415E-15 ) ) ;
#878 = ORIENTED_EDGE ( 'NONE', *, *, #3095, .T. ) ;
#879 = CARTESIAN_POINT ( 'NONE',  ( 0.3000000000000016542, 0.000000000000000000, 0.000000000000000000 ) ) ;
#880 = ORIENTED_EDGE ( 'NONE', *, *, #1720, .T. ) ;
#881 = CIRCLE ( 'NONE', #2604, 1.500000000000000888 ) ;
#882 = EDGE_CURVE ( 'NONE', #89, #699, #2404, .T. ) ;
#883 = CIRCLE ( 'NONE', #622, 1.219500000000000917 ) ;
#884 = DIRECTION ( 'NONE',  ( -1.000000000000000000, -1.224606353822377258E-16, -0.000000000000000000 ) ) ;
#885 = EDGE_LOOP ( 'NONE', ( #3658, #3676, #3945, #1035, #2446 ) ) ;
#886 = CARTESIAN_POINT ( 'NONE',  ( 12.00000000000000000, -1.219500000000000028, 1.665213485140614613E-16 ) ) ;
#887 = EDGE_CURVE ( 'NONE', #2488, #3756, #3842, .T. ) ;
#888 = CIRCLE ( 'NONE', #3132, 1.500000000000000888 ) ;
#889 = AXIS2_PLACEMENT_3D ( 'NONE', #2916, #159, #3484 ) ;
#890 = VECTOR ( 'NONE', #3638, 1000.000000000000000 ) ;
#891 = CARTESIAN_POINT ( 'NONE',  ( -31.74999999999995737, 0.000000000000000000, 0.000000000000000000 ) ) ;
#892 = DIRECTION ( 'NONE',  ( -1.000000000000000000, -0.000000000000000000, -0.000000000000000000 ) ) ;
#893 = EDGE_CURVE ( 'NONE', #286, #3681, #2031, .T. ) ;
#894 = ORIENTED_EDGE ( 'NONE', *, *, #140, .F. ) ;
#895 = VECTOR ( 'NONE', #1572, 1000.000000000000114 ) ;
#896 = AXIS2_PLACEMENT_3D ( 'NONE', #88, #1314, #2540 ) ;
#897 = DIRECTION ( 'NONE',  ( 0.000000000000000000, -1.000000000000000000, 0.000000000000000000 ) ) ;
#898 = DIRECTION ( 'NONE',  ( 0.000000000000000000, -1.000000000000000000, 0.000000000000000000 ) ) ;
#899 = ORIENTED_EDGE ( 'NONE', *, *, #2641, .F. ) ;
#900 = DIRECTION ( 'NONE',  ( -1.000000000000000000, -1.224606353822377258E-16, -0.000000000000000000 ) ) ;
#901 = DIRECTION ( 'NONE',  ( -1.000000000000000000, -1.224606353822377258E-16, -0.000000000000000000 ) ) ;
#902 = ORIENTED_EDGE ( 'NONE', *, *, #1606, .F. ) ;
#903 = DIRECTION ( 'NONE',  ( -1.000000000000000000, -1.224606353822377258E-16, -0.000000000000000000 ) ) ;
#904 = EDGE_LOOP ( 'NONE', ( #1820, #2924, #1244, #1577, #504 ) ) ;
#905 = CARTESIAN_POINT ( 'NONE',  ( 0.000000000000000000, 0.000000000000000000, 0.000000000000000000 ) ) ;
#906 = EDGE_LOOP ( 'NONE', ( #30, #3471, #713, #2133, #1249 ) ) ;
#907 = CARTESIAN_POINT ( 'NONE',  ( 7.500000000000000000, 9.398853765586739935E-16, 0.000000000000000000 ) ) ;
#908 = ADVANCED_FACE ( 'NONE', ( #3979 ), #2372, .T. ) ;
#909 = FACE_OUTER_BOUND ( 'NONE', #3401, .T. ) ;
#910 = ORIENTED_EDGE ( 'NONE', *, *, #2943, .T. ) ;
#911 = EDGE_CURVE ( 'NONE', #1710, #1281, #1712, .T. ) ;
#912 = DIRECTION ( 'NONE',  ( 0.000000000000000000, -1.000000000000000000, 0.000000000000000000 ) ) ;
#913 = LINE ( 'NONE', #3066, #3113 ) ;
#914 = ORIENTED_EDGE ( 'NONE', *, *, #585, .T. ) ;
#915 = DIRECTION ( 'NONE',  ( 0.000000000000000000, -1.000000000000000000, 0.000000000000000000 ) ) ;
#916 = DIRECTION ( 'NONE',  ( 0.000000000000000000, 1.000000000000000000, 0.000000000000000000 ) ) ;
#917 = VERTEX_POINT ( 'NONE', #3611 ) ;
#918 = CARTESIAN_POINT ( 'NONE',  ( 10.80359178553217525, 9.158331018206532694E-16, 0.000000000000000000 ) ) ;
#919 = VERTEX_POINT ( 'NONE', #877 ) ;
#920 = CARTESIAN_POINT ( 'NONE',  ( 8.696408214467822972, 1.500000000000001776, 0.000000000000000000 ) ) ;
#921 = ORIENTED_EDGE ( 'NONE', *, *, #3025, .F. ) ;
#922 = CIRCLE ( 'NONE', #2647, 1.500000000000000888 ) ;
#923 = CONICAL_SURFACE ( 'NONE', #2785, 1.219500000000000917, 0.9599310885968779239 ) ;
#924 = CARTESIAN_POINT ( 'NONE',  ( 12.50000000000000000, 9.398853765586739935E-16, 0.000000000000000000 ) ) ;
#925 = VERTEX_POINT ( 'NONE', #577 ) ;
#926 = EDGE_CURVE ( 'NONE', #3028, #478, #1816, .T. ) ;
#927 = VECTOR ( 'NONE', #508, 999.9999999999998863 ) ;
#928 = DIRECTION ( 'NONE',  ( 0.000000000000000000, 1.000000000000000000, 0.000000000000000000 ) ) ;
#929 = DIRECTION ( 'NONE',  ( 0.000000000000000000, 0.000000000000000000, -1.000000000000000000 ) ) ;
#930 = VERTEX_POINT ( 'NONE', #3052 ) ;
#931 = ADVANCED_FACE ( 'NONE', ( #1460 ), #182, .T. ) ;
#932 = EDGE_CURVE ( 'NONE', #1874, #336, #759, .T. ) ;
#933 = FACE_OUTER_BOUND ( 'NONE', #1273, .T. ) ;
#934 = EDGE_LOOP ( 'NONE', ( #2405, #2702, #559, #2214, #310 ) ) ;
#935 = DIRECTION ( 'NONE',  ( 0.000000000000000000, 0.000000000000000000, -1.000000000000000000 ) ) ;
#936 = ORIENTED_EDGE ( 'NONE', *, *, #1120, .F. ) ;
#937 = EDGE_CURVE ( 'NONE', #3609, #2383, #573, .T. ) ;
#938 = DIRECTION ( 'NONE',  ( 0.5735764363510454933, -0.8191520442889922426, 1.003171929053525363E-16 ) ) ;
#939 = ORIENTED_EDGE ( 'NONE', *, *, #2718, .T. ) ;
#940 = COLOUR_RGB ( '',1.000000000000000000, 0.9490196078431372140, 0.9098039215686274384 ) ;
#941 = CIRCLE ( 'NONE', #3187, 1.500000000000000888 ) ;
#942 = ADVANCED_BREP_SHAPE_REPRESENTATION ( 'socket head cap screw 4762_din_EN ISO 4762 M3 x 10 - 10S', ( #3865, #1323 ), #2928 ) ;
#943 = VECTOR ( 'NONE', #3494, 999.9999999999998863 ) ;
#944 = CARTESIAN_POINT ( 'NONE',  ( 6.500000000000000000, 9.398853765586739935E-16, 0.000000000000000000 ) ) ;
#945 = CARTESIAN_POINT ( 'NONE',  ( 6.303591785532174363, 1.836970198721022785E-16, -1.500000000000000888 ) ) ;
#946 = ORIENTED_EDGE ( 'NONE', *, *, #2114, .F. ) ;
#947 = CIRCLE ( 'NONE', #174, 1.500000000000000888 ) ;
#948 = VECTOR ( 'NONE', #3080, 999.9999999999998863 ) ;
#949 = DIRECTION ( 'NONE',  ( -1.000000000000000000, -1.224606353822377258E-16, -0.000000000000000000 ) ) ;
#950 = EDGE_CURVE ( 'NONE', #2881, #3897, #638, .T. ) ;
#951 = FACE_OUTER_BOUND ( 'NONE', #904, .T. ) ;
#952 = AXIS2_PLACEMENT_3D ( 'NONE', #2269, #2001, #3465 ) ;
#953 = AXIS2_PLACEMENT_3D ( 'NONE', #3635, #2991, #3020 ) ;
#954 = ORIENTED_EDGE ( 'NONE', *, *, #1523, .T. ) ;
#955 = AXIS2_PLACEMENT_3D ( 'NONE', #2338, #2581, #2011 ) ;
#956 = DIRECTION ( 'NONE',  ( 0.5735764363510452712, 0.8191520442889924647, 0.000000000000000000 ) ) ;
#957 = DIRECTION ( 'NONE',  ( -1.000000000000000000, -1.224606353822377258E-16, -0.000000000000000000 ) ) ;
#958 = VERTEX_POINT ( 'NONE', #2054 ) ;
#959 = ADVANCED_FACE ( 'NONE', ( #3952, #2366 ), #2425, .T. ) ;
#960 = CARTESIAN_POINT ( 'NONE',  ( 10.69640821446782297, -1.500000000000000222, 1.836970198721030920E-16 ) ) ;
#961 = ORIENTED_EDGE ( 'NONE', *, *, #1624, .F. ) ;
#962 = LINE ( 'NONE', #698, #2689 ) ;
#963 = ORIENTED_EDGE ( 'NONE', *, *, #390, .F. ) ;
#964 = EDGE_CURVE ( 'NONE', #3279, #2857, #3343, .T. ) ;
#965 = CARTESIAN_POINT ( 'NONE',  ( 10.30359178553217525, 1.836970198721022785E-16, -1.500000000000000888 ) ) ;
#966 = FACE_OUTER_BOUND ( 'NONE', #124, .T. ) ;
#967 = CARTESIAN_POINT ( 'NONE',  ( 10.49999999999999822, 1.219500000000001805, 1.493456771560198305E-16 ) ) ;
#968 = ORIENTED_EDGE ( 'NONE', *, *, #3665, .F. ) ;
#969 = FACE_OUTER_BOUND ( 'NONE', #2942, .T. ) ;
#970 = CARTESIAN_POINT ( 'NONE',  ( -31.74999999999995737, 0.000000000000000000, 1.499999999999999556 ) ) ;
#971 = EDGE_LOOP ( 'NONE', ( #494, #1500, #467, #333, #3371 ) ) ;
#972 = FACE_OUTER_BOUND ( 'NONE', #3160, .T. ) ;
#973 = DIRECTION ( 'NONE',  ( 1.000000000000000000, 1.224606353822377258E-16, 0.000000000000000000 ) ) ;
#974 = EDGE_LOOP ( 'NONE', ( #1008, #1859, #769, #2099, #52 ) ) ;
#975 = CARTESIAN_POINT ( 'NONE',  ( 4.696408214467822972, 9.639376512966943232E-16, 0.000000000000000000 ) ) ;
#976 = ORIENTED_EDGE ( 'NONE', *, *, #284, .T. ) ;
#977 = EDGE_CURVE ( 'NONE', #664, #3268, #2818, .T. ) ;
#978 = DIRECTION ( 'NONE',  ( 0.000000000000000000, 1.000000000000000000, 0.000000000000000000 ) ) ;
#979 = EDGE_LOOP ( 'NONE', ( #2616, #484, #1211, #3548, #2969, #245 ) ) ;
#980 = DIRECTION ( 'NONE',  ( -1.000000000000000000, -1.224606353822377258E-16, -0.000000000000000000 ) ) ;
#981 = EDGE_CURVE ( 'NONE', #1679, #3868, #1541, .T. ) ;
#982 = EDGE_CURVE ( 'NONE', #3751, #600, #2437, .T. ) ;
#983 = CARTESIAN_POINT ( 'NONE',  ( 6.500000000000000000, 9.398853765586739935E-16, 0.000000000000000000 ) ) ;
#984 = DIRECTION ( 'NONE',  ( -1.000000000000000000, -1.224606353822377258E-16, -0.000000000000000000 ) ) ;
#985 = VECTOR ( 'NONE', #2126, 1000.000000000000000 ) ;
#986 = DIRECTION ( 'NONE',  ( 0.000000000000000000, -1.000000000000000000, 0.000000000000000000 ) ) ;
#987 = ORIENTED_EDGE ( 'NONE', *, *, #3, .T. ) ;
#988 = FILL_AREA_STYLE_COLOUR ( '', #940 ) ;
#989 = DIRECTION ( 'NONE',  ( 0.000000000000000000, -1.000000000000000000, 0.000000000000000000 ) ) ;
#990 = ORIENTED_EDGE ( 'NONE', *, *, #507, .T. ) ;
#991 = CARTESIAN_POINT ( 'NONE',  ( 12.99999999999999822, 1.665213485140613380E-16, -1.219500000000000028 ) ) ;
#992 = ORIENTED_EDGE ( 'NONE', *, *, #2110, .F. ) ;
#993 = CARTESIAN_POINT ( 'NONE',  ( 7.196408214467822972, 9.639376512966943232E-16, 0.000000000000000000 ) ) ;
#994 = ORIENTED_EDGE ( 'NONE', *, *, #950, .F. ) ;
#995 = DIRECTION ( 'NONE',  ( -0.5735764363510487129, -0.8191520442889899112, 0.000000000000000000 ) ) ;
#996 = EDGE_CURVE ( 'NONE', #320, #1167, #120, .T. ) ;
#997 = CONICAL_SURFACE ( 'NONE', #2922, 1.500000000000000888, 0.9599310885968821427 ) ;
#998 = DIRECTION ( 'NONE',  ( -1.000000000000000000, -1.224606353822377258E-16, -0.000000000000000000 ) ) ;
#999 = EDGE_CURVE ( 'NONE', #2357, #282, #2744, .T. ) ;
#1000 = DIRECTION ( 'NONE',  ( -1.000000000000000000, -1.224606353822377258E-16, -0.000000000000000000 ) ) ;
#1001 = CONICAL_SURFACE ( 'NONE', #552, 1.500000000000000888, 0.9599310885968821427 ) ;
#1002 = ORIENTED_EDGE ( 'NONE', *, *, #1758, .T. ) ;
#1003 = CIRCLE ( 'NONE', #1899, 1.219500000000000917 ) ;
#1004 = AXIS2_PLACEMENT_3D ( 'NONE', #1719, #2625, #3251 ) ;
#1005 = CARTESIAN_POINT ( 'NONE',  ( 11.19640821446782297, 9.639376512966943232E-16, 0.000000000000000000 ) ) ;
#1006 = EDGE_CURVE ( 'NONE', #23, #3294, #2882, .T. ) ;
#1007 = DIRECTION ( 'NONE',  ( -1.000000000000000000, -1.224606353822377258E-16, -0.000000000000000000 ) ) ;
#1008 = ORIENTED_EDGE ( 'NONE', *, *, #3554, .F. ) ;
#1009 = AXIS2_PLACEMENT_3D ( 'NONE', #3673, #254, #549 ) ;
#1010 = AXIS2_PLACEMENT_3D ( 'NONE', #1939, #1037, #3176 ) ;
#1011 = AXIS2_PLACEMENT_3D ( 'NONE', #1810, #283, #1494 ) ;
#1012 = DIRECTION ( 'NONE',  ( 0.000000000000000000, 0.000000000000000000, 1.000000000000000000 ) ) ;
#1013 = ORIENTED_EDGE ( 'NONE', *, *, #981, .F. ) ;
#1014 = CONICAL_SURFACE ( 'NONE', #1904, 1.260000000000000009, 1.047197551196593190 ) ;
#1015 = DIRECTION ( 'NONE',  ( -1.000000000000000000, -1.224606353822377258E-16, -0.000000000000000000 ) ) ;
#1016 = ORIENTED_EDGE ( 'NONE', *, *, #1516, .F. ) ;
#1017 = CIRCLE ( 'NONE', #697, 1.500000000000000888 ) ;
#1018 = LINE ( 'NONE', #1664, #1272 ) ;
#1019 = ORIENTED_EDGE ( 'NONE', *, *, #794, .T. ) ;
#1020 = DIRECTION ( 'NONE',  ( 0.000000000000000000, -1.000000000000000000, 0.000000000000000000 ) ) ;
#1021 = CIRCLE ( 'NONE', #503, 1.500000000000000888 ) ;
#1022 = CARTESIAN_POINT ( 'NONE',  ( 4.500000000000000000, 9.398853765586739935E-16, 0.000000000000000000 ) ) ;
#1023 = CARTESIAN_POINT ( 'NONE',  ( 1.300000000000000044, 1.454922678357858157, -9.757819552369539906E-16 ) ) ;
#1024 = VERTEX_POINT ( 'NONE', #3104 ) ;
#1025 = EDGE_CURVE ( 'NONE', #207, #2749, #3463, .T. ) ;
#1026 = DIRECTION ( 'NONE',  ( 0.000000000000000000, -1.000000000000000000, 0.000000000000000000 ) ) ;
#1027 = CARTESIAN_POINT ( 'NONE',  ( 10.69640821446782297, 9.639376512966943232E-16, 0.000000000000000000 ) ) ;
#1028 = ORIENTED_EDGE ( 'NONE', *, *, #3856, .T. ) ;
#1029 = ADVANCED_FACE ( 'NONE', ( #2780 ), #3971, .T. ) ;
#1030 = DIRECTION ( 'NONE',  ( -1.000000000000000000, -0.000000000000000000, -0.000000000000000000 ) ) ;
#1031 = VERTEX_POINT ( 'NONE', #1252 ) ;
#1032 = LINE ( 'NONE', #1413, #1115 ) ;
#1033 = ORIENTED_EDGE ( 'NONE', *, *, #1481, .T. ) ;
#1034 = DIRECTION ( 'NONE',  ( -1.000000000000000000, -0.000000000000000000, -0.000000000000000000 ) ) ;
#1035 = ORIENTED_EDGE ( 'NONE', *, *, #1886, .F. ) ;
#1036 = DIRECTION ( 'NONE',  ( -1.000000000000000000, -1.224606353822377258E-16, -0.000000000000000000 ) ) ;
#1037 = DIRECTION ( 'NONE',  ( 1.000000000000000000, 1.224606353822377258E-16, 0.000000000000000000 ) ) ;
#1038 = DIRECTION ( 'NONE',  ( -1.000000000000000000, -1.224606353822377258E-16, -0.000000000000000000 ) ) ;
#1039 = CARTESIAN_POINT ( 'NONE',  ( 8.696408214467822972, 9.639376512966943232E-16, 0.000000000000000000 ) ) ;
#1040 = DIRECTION ( 'NONE',  ( 0.000000000000000000, 1.000000000000000000, -1.490391467001149092E-15 ) ) ;
#1041 = EDGE_CURVE ( 'NONE', #2950, #575, #3412, .T. ) ;
#1042 = ORIENTED_EDGE ( 'NONE', *, *, #3801, .F. ) ;
#1043 = AXIS2_PLACEMENT_3D ( 'NONE', #3543, #2270, #3502 ) ;
#1044 = DIRECTION ( 'NONE',  ( -1.000000000000000000, -0.000000000000000000, -0.000000000000000000 ) ) ;
#1045 = EDGE_LOOP ( 'NONE', ( #3870, #2014, #3064, #2440, #754 ) ) ;
#1046 = VECTOR ( 'NONE', #1426, 1000.000000000000000 ) ;
#1047 = CARTESIAN_POINT ( 'NONE',  ( 12.69640821446782297, 9.639376512966943232E-16, 0.000000000000000000 ) ) ;
#1048 = ADVANCED_FACE ( 'NONE', ( #386 ), #2763, .T. ) ;
#1049 = ORIENTED_EDGE ( 'NONE', *, *, #3195, .F. ) ;
#1050 = VECTOR ( 'NONE', #170, 1000.000000000000114 ) ;
#1051 = DIRECTION ( 'NONE',  ( 0.000000000000000000, 1.000000000000000000, 0.000000000000000000 ) ) ;
#1052 = DIRECTION ( 'NONE',  ( 0.000000000000000000, 1.000000000000000000, 0.000000000000000000 ) ) ;
#1053 = VERTEX_POINT ( 'NONE', #1601 ) ;
#1054 = VECTOR ( 'NONE', #3047, 1000.000000000000000 ) ;
#1055 = DIRECTION ( 'NONE',  ( -1.000000000000000000, -0.000000000000000000, -0.000000000000000000 ) ) ;
#1056 = EDGE_CURVE ( 'NONE', #276, #2067, #2229, .T. ) ;
#1057 = DIRECTION ( 'NONE',  ( -1.000000000000000000, -0.000000000000000000, -0.000000000000000000 ) ) ;
#1058 = DIRECTION ( 'NONE',  ( 0.000000000000000000, -1.000000000000000000, 0.000000000000000000 ) ) ;
#1059 = DIRECTION ( 'NONE',  ( -1.000000000000000000, -1.224606353822377258E-16, -0.000000000000000000 ) ) ;
#1060 = FACE_OUTER_BOUND ( 'NONE', #1748, .T. ) ;
#1061 = CIRCLE ( 'NONE', #3323, 1.500000000000000888 ) ;
#1062 = VERTEX_POINT ( 'NONE', #3449 ) ;
#1063 = CONICAL_SURFACE ( 'NONE', #3969, 1.500000000000000888, 0.9599310885968821427 ) ;
#1064 = AXIS2_PLACEMENT_3D ( 'NONE', #2387, #1801, #1485 ) ;
#1065 = LINE ( 'NONE', #1948, #3391 ) ;
#1066 = ORIENTED_EDGE ( 'NONE', *, *, #3148, .F. ) ;
#1067 = CARTESIAN_POINT ( 'NONE',  ( 12.71950000000000891, 0.000000000000000000, 0.000000000000000000 ) ) ;
#1068 = CONICAL_SURFACE ( 'NONE', #3517, 1.219500000000000917, 0.9599310885968779239 ) ;
#1069 = ORIENTED_EDGE ( 'NONE', *, *, #3420, .F. ) ;
#1070 = VECTOR ( 'NONE', #3605, 1000.000000000000114 ) ;
#1071 = EDGE_CURVE ( 'NONE', #1509, #1088, #1021, .T. ) ;
#1072 = CONICAL_SURFACE ( 'NONE', #3198, 1.219500000000000917, 0.9599310885968779239 ) ;
#1073 = CARTESIAN_POINT ( 'NONE',  ( 12.99999999999999822, 0.000000000000000000, 1.219500000000000028 ) ) ;
#1074 = DIRECTION ( 'NONE',  ( 0.000000000000000000, 0.000000000000000000, 1.000000000000000000 ) ) ;
#1075 = ORIENTED_EDGE ( 'NONE', *, *, #1299, .F. ) ;
#1076 = FACE_OUTER_BOUND ( 'NONE', #1086, .T. ) ;
#1077 = VECTOR ( 'NONE', #1349, 1000.000000000000000 ) ;
#1078 = VECTOR ( 'NONE', #350, 1000.000000000000000 ) ;
#1079 = APPLICATION_CONTEXT ( 'automotive_design' ) ;
#1080 = ADVANCED_FACE ( 'NONE', ( #1235 ), #1529, .T. ) ;
#1081 = AXIS2_PLACEMENT_3D ( 'NONE', #229, #273, #1172 ) ;
#1082 = DIRECTION ( 'NONE',  ( -0.5735764363510487129, -0.8191520442889899112, 0.000000000000000000 ) ) ;
#1083 = CARTESIAN_POINT ( 'NONE',  ( 8.803591785532175251, 9.158331018206532694E-16, 0.000000000000000000 ) ) ;
#1084 = DIRECTION ( 'NONE',  ( -1.000000000000000000, -1.224606353822377258E-16, -0.000000000000000000 ) ) ;
#1085 = FACE_OUTER_BOUND ( 'NONE', #906, .T. ) ;
#1086 = EDGE_LOOP ( 'NONE', ( #2371, #1310, #1371 ) ) ;
#1087 = CARTESIAN_POINT ( 'NONE',  ( -31.74999999999995737, 1.836970198721029441E-16, -1.499999999999999556 ) ) ;
#1088 = VERTEX_POINT ( 'NONE', #1576 ) ;
#1089 = DIRECTION ( 'NONE',  ( -0.5735764363510489350, 0.8191520442889898002, 1.003171929053522405E-16 ) ) ;
#1090 = ORIENTED_EDGE ( 'NONE', *, *, #1438, .T. ) ;
#1091 = DIRECTION ( 'NONE',  ( 0.000000000000000000, -1.000000000000000000, 0.000000000000000000 ) ) ;
#1092 = FACE_OUTER_BOUND ( 'NONE', #2829, .T. ) ;
#1093 = ORIENTED_EDGE ( 'NONE', *, *, #2663, .F. ) ;
#1094 = DIRECTION ( 'NONE',  ( 0.000000000000000000, -1.000000000000000000, 0.000000000000000000 ) ) ;
#1095 = ADVANCED_FACE ( 'NONE', ( #933 ), #3259, .T. ) ;
#1096 = DIRECTION ( 'NONE',  ( -0.5735764363510487129, -0.8191520442889899112, 0.000000000000000000 ) ) ;
#1097 = DIRECTION ( 'NONE',  ( 0.000000000000000000, 0.000000000000000000, 1.000000000000000000 ) ) ;
#1098 = EDGE_CURVE ( 'NONE', #282, #286, #3527, .T. ) ;
#1099 = ADVANCED_FACE ( 'NONE', ( #82 ), #2516, .T. ) ;
#1100 = CARTESIAN_POINT ( 'NONE',  ( 5.196408214467822972, -9.629649721936179265E-31, 1.500000000000000888 ) ) ;
#1101 = FACE_OUTER_BOUND ( 'NONE', #3382, .T. ) ;
#1102 = EDGE_CURVE ( 'NONE', #530, #1528, #1975, .T. ) ;
#1103 = ORIENTED_EDGE ( 'NONE', *, *, #188, .T. ) ;
#1104 = DIRECTION ( 'NONE',  ( -1.000000000000000000, -1.224606353822377258E-16, -0.000000000000000000 ) ) ;
#1105 = ORIENTED_EDGE ( 'NONE', *, *, #3098, .F. ) ;
#1106 = CARTESIAN_POINT ( 'NONE',  ( 8.803591785532175251, 9.158331018206532694E-16, 0.000000000000000000 ) ) ;
#1107 = ORIENTED_EDGE ( 'NONE', *, *, #762, .F. ) ;
#1108 = AXIS2_PLACEMENT_3D ( 'NONE', #1672, #99, #2555 ) ;
#1109 = DIRECTION ( 'NONE',  ( 0.000000000000000000, 0.5000000000000009992, 0.8660254037844380415 ) ) ;
#1110 = CIRCLE ( 'NONE', #2587, 0.2999999999999999334 ) ;
#1111 = CARTESIAN_POINT ( 'NONE',  ( 1.300000000000000044, -1.314525273895013684E-15, -1.260000000000000009 ) ) ;
#1112 = ORIENTED_EDGE ( 'NONE', *, *, #1938, .F. ) ;
#1113 = CARTESIAN_POINT ( 'NONE',  ( 5.303591785532174363, 9.158331018206532694E-16, 0.000000000000000000 ) ) ;
#1114 = EDGE_LOOP ( 'NONE', ( #1013, #3152, #3278 ) ) ;
#1115 = VECTOR ( 'NONE', #3863, 1000.000000000000114 ) ;
#1116 = ADVANCED_FACE ( 'NONE', ( #3071 ), #309, .T. ) ;
#1117 = ORIENTED_EDGE ( 'NONE', *, *, #607, .T. ) ;
#1118 = CARTESIAN_POINT ( 'NONE',  ( 1.300000000000000044, 1.091192008768395283, 0.6299999999999991163 ) ) ;
#1119 = DIRECTION ( 'NONE',  ( 0.000000000000000000, -1.000000000000000000, 0.000000000000000000 ) ) ;
#1120 = EDGE_CURVE ( 'NONE', #1176, #614, #107, .T. ) ;
#1121 = DIRECTION ( 'NONE',  ( 1.000000000000000000, 1.224606353822377258E-16, 0.000000000000000000 ) ) ;
#1122 = DIRECTION ( 'NONE',  ( -1.000000000000000000, -1.224606353822377258E-16, -0.000000000000000000 ) ) ;
#1123 = ORIENTED_EDGE ( 'NONE', *, *, #2236, .F. ) ;
#1124 = CIRCLE ( 'NONE', #1759, 1.500000000000000888 ) ;
#1125 = EDGE_CURVE ( 'NONE', #925, #3772, #3902, .T. ) ;
#1126 = CONICAL_SURFACE ( 'NONE', #1381, 1.500000000000000888, 0.9599310885968821427 ) ;
#1127 = CARTESIAN_POINT ( 'NONE',  ( 9.696408214467822972, 9.639376512966943232E-16, 0.000000000000000000 ) ) ;
#1128 = ORIENTED_EDGE ( 'NONE', *, *, #3739, .F. ) ;
#1129 = DIRECTION ( 'NONE',  ( 0.000000000000000000, -1.000000000000000000, 0.000000000000000000 ) ) ;
#1130 = ORIENTED_EDGE ( 'NONE', *, *, #1322, .F. ) ;
#1131 = CIRCLE ( 'NONE', #3574, 1.500000000000000888 ) ;
#1132 = CARTESIAN_POINT ( 'NONE',  ( 7.696408214467822972, 9.639376512966943232E-16, 0.000000000000000000 ) ) ;
#1133 = CARTESIAN_POINT ( 'NONE',  ( 3.000000000000000000, 2.750000000000000000, 0.000000000000000000 ) ) ;
#1134 = ORIENTED_EDGE ( 'NONE', *, *, #1758, .F. ) ;
#1135 = AXIS2_PLACEMENT_3D ( 'NONE', #3350, #1806, #198 ) ;
#1136 = CARTESIAN_POINT ( 'NONE',  ( 12.19640821446782297, -9.629649721936179265E-31, 1.500000000000000888 ) ) ;
#1137 = VERTEX_POINT ( 'NONE', #1674 ) ;
#1138 = VECTOR ( 'NONE', #338, 1000.000000000000000 ) ;
#1139 = CIRCLE ( 'NONE', #2872, 1.500000000000000888 ) ;
#1140 = VERTEX_POINT ( 'NONE', #103 ) ;
#1141 = DIRECTION ( 'NONE',  ( -0.5735764363510489350, 0.8191520442889898002, 1.003171929053522405E-16 ) ) ;
#1142 = CONICAL_SURFACE ( 'NONE', #3398, 1.500000000000000888, 0.9599310885968821427 ) ;
#1143 = CIRCLE ( 'NONE', #3399, 1.219500000000000917 ) ;
#1144 = LINE ( 'NONE', #2374, #3003 ) ;
#1145 = CARTESIAN_POINT ( 'NONE',  ( 12.71950000000000891, 1.836970198721029441E-16, -1.499999999999999556 ) ) ;
#1146 = DIRECTION ( 'NONE',  ( -1.000000000000000000, -1.224606353822377258E-16, -0.000000000000000000 ) ) ;
#1147 = ORIENTED_EDGE ( 'NONE', *, *, #2275, .T. ) ;
#1148 = EDGE_CURVE ( 'NONE', #1351, #2835, #947, .T. ) ;
#1149 = CARTESIAN_POINT ( 'NONE',  ( 6.196408214467822084, 1.500000000000001776, 0.000000000000000000 ) ) ;
#1150 = ORIENTED_EDGE ( 'NONE', *, *, #3235, .F. ) ;
#1151 = CARTESIAN_POINT ( 'NONE',  ( 0.000000000000000000, -0.7274613391789266359, 1.260000000000003118 ) ) ;
#1152 = ORIENTED_EDGE ( 'NONE', *, *, #1932, .F. ) ;
#1153 = ADVANCED_FACE ( 'NONE', ( #3182 ), #426, .F. ) ;
#1154 = DIRECTION ( 'NONE',  ( 0.000000000000000000, -1.000000000000000000, 0.000000000000000000 ) ) ;
#1155 = CARTESIAN_POINT ( 'NONE',  ( 7.803591785532174363, -1.500000000000001110, 0.000000000000000000 ) ) ;
#1156 = VERTEX_POINT ( 'NONE', #766 ) ;
#1157 = DIRECTION ( 'NONE',  ( 0.5735764363510452712, 0.8191520442889924647, 0.000000000000000000 ) ) ;
#1158 = VERTEX_POINT ( 'NONE', #1368 ) ;
#1159 = CARTESIAN_POINT ( 'NONE',  ( 11.69640821446782297, 9.639376512966943232E-16, 0.000000000000000000 ) ) ;
#1160 = VERTEX_POINT ( 'NONE', #184 ) ;
#1161 = DIRECTION ( 'NONE',  ( 0.000000000000000000, -1.000000000000000000, 0.000000000000000000 ) ) ;
#1162 = FACE_OUTER_BOUND ( 'NONE', #3415, .T. ) ;
#1163 = DIRECTION ( 'NONE',  ( -0.7071067811865344721, 0.000000000000000000, 0.7071067811865606734 ) ) ;
#1164 = CARTESIAN_POINT ( 'NONE',  ( -31.74999999999995737, 0.000000000000000000, 1.499999999999999556 ) ) ;
#1165 = ORIENTED_EDGE ( 'NONE', *, *, #1280, .T. ) ;
#1166 = DIRECTION ( 'NONE',  ( 0.000000000000000000, 0.000000000000000000, 1.000000000000000000 ) ) ;
#1167 = VERTEX_POINT ( 'NONE', #2593 ) ;
#1168 = EDGE_CURVE ( 'NONE', #301, #3751, #2899, .T. ) ;
#1169 = DIRECTION ( 'NONE',  ( -1.000000000000000000, -1.224606353822377258E-16, -0.000000000000000000 ) ) ;
#1170 = ORIENTED_EDGE ( 'NONE', *, *, #1911, .F. ) ;
#1171 = DIRECTION ( 'NONE',  ( -0.5735764363510487129, -0.8191520442889899112, 0.000000000000000000 ) ) ;
#1172 = DIRECTION ( 'NONE',  ( 0.000000000000000000, -1.000000000000000000, 0.000000000000000000 ) ) ;
#1173 = ORIENTED_EDGE ( 'NONE', *, *, #2544, .T. ) ;
#1174 = EDGE_CURVE ( 'NONE', #1974, #2297, #1654, .T. ) ;
#1175 = DIRECTION ( 'NONE',  ( 0.000000000000000000, -1.000000000000000000, 0.000000000000000000 ) ) ;
#1176 = VERTEX_POINT ( 'NONE', #141 ) ;
#1177 = VECTOR ( 'NONE', #1573, 1000.000000000000000 ) ;
#1178 = DIRECTION ( 'NONE',  ( -1.000000000000000000, -1.224606353822377258E-16, -0.000000000000000000 ) ) ;
#1179 = ORIENTED_EDGE ( 'NONE', *, *, #2621, .F. ) ;
#1180 = EDGE_CURVE ( 'NONE', #917, #2611, #1065, .T. ) ;
#1181 = DIRECTION ( 'NONE',  ( -1.000000000000000000, -1.224606353822377258E-16, -0.000000000000000000 ) ) ;
#1182 = FACE_OUTER_BOUND ( 'NONE', #2939, .T. ) ;
#1183 = AXIS2_PLACEMENT_3D ( 'NONE', #2101, #3935, #1780 ) ;
#1184 = DIRECTION ( 'NONE',  ( -1.000000000000000000, -1.224606353822377258E-16, -0.000000000000000000 ) ) ;
#1185 = AXIS2_PLACEMENT_3D ( 'NONE', #3426, #3727, #929 ) ;
#1186 = DIRECTION ( 'NONE',  ( 0.000000000000000000, 0.000000000000000000, -1.000000000000000000 ) ) ;
#1187 = EDGE_LOOP ( 'NONE', ( #1105, #3513, #3485, #1134 ) ) ;
#1188 = CARTESIAN_POINT ( 'NONE',  ( 4.803591785532175251, 1.836970198721022785E-16, -1.500000000000000888 ) ) ;
#1189 = LINE ( 'NONE', #3947, #2079 ) ;
#1190 = ORIENTED_EDGE ( 'NONE', *, *, #1148, .F. ) ;
#1191 = AXIS2_PLACEMENT_3D ( 'NONE', #3486, #3547, #3531 ) ;
#1192 = AXIS2_PLACEMENT_3D ( 'NONE', #3474, #1357, #1051 ) ;
#1193 = CARTESIAN_POINT ( 'NONE',  ( 11.69640821446782297, -1.500000000000000000, 1.836970198721030920E-16 ) ) ;
#1194 = DIRECTION ( 'NONE',  ( -1.000000000000000000, -1.224606353822377258E-16, -0.000000000000000000 ) ) ;
#1195 = VERTEX_POINT ( 'NONE', #1709 ) ;
#1196 = LINE ( 'NONE', #3981, #985 ) ;
#1197 = ORIENTED_EDGE ( 'NONE', *, *, #3735, .T. ) ;
#1198 =( GEOMETRIC_REPRESENTATION_CONTEXT ( 3 ) GLOBAL_UNCERTAINTY_ASSIGNED_CONTEXT ( ( #2302 ) ) GLOBAL_UNIT_ASSIGNED_CONTEXT ( ( #3839, #2064, #3579 ) ) REPRESENTATION_CONTEXT ( 'NONE', 'WORKASPACE' ) );
#1199 = CIRCLE ( 'NONE', #2800, 1.219500000000000917 ) ;
#1200 = ADVANCED_FACE ( 'NONE', ( #1333 ), #1967, .T. ) ;
#1201 = AXIS2_PLACEMENT_3D ( 'NONE', #1744, #2977, #243 ) ;
#1202 = DIRECTION ( 'NONE',  ( 0.000000000000000000, -1.000000000000000000, 0.000000000000000000 ) ) ;
#1203 = AXIS2_PLACEMENT_3D ( 'NONE', #3849, #452, #1109 ) ;
#1204 = EDGE_LOOP ( 'NONE', ( #3303, #106, #1896, #3744, #1190, #1150 ) ) ;
#1205 = CARTESIAN_POINT ( 'NONE',  ( 6.000000000000000000, 9.398853765586739935E-16, 0.000000000000000000 ) ) ;
#1206 = AXIS2_PLACEMENT_3D ( 'NONE', #9, #3126, #1276 ) ;
#1207 = EDGE_CURVE ( 'NONE', #156, #2638, #2332, .T. ) ;
#1208 = AXIS2_PLACEMENT_3D ( 'NONE', #2397, #1214, #2068 ) ;
#1209 = VECTOR ( 'NONE', #2605, 1000.000000000000000 ) ;
#1210 = DIRECTION ( 'NONE',  ( 0.000000000000000000, -1.000000000000000000, 0.000000000000000000 ) ) ;
#1211 = ORIENTED_EDGE ( 'NONE', *, *, #3787, .T. ) ;
#1212 = AXIS2_PLACEMENT_3D ( 'NONE', #2472, #949, #2174 ) ;
#1213 = AXIS2_PLACEMENT_3D ( 'NONE', #1374, #2599, #2304 ) ;
#1214 = DIRECTION ( 'NONE',  ( -1.000000000000000000, -0.000000000000000000, -0.000000000000000000 ) ) ;
#1215 = AXIS2_PLACEMENT_3D ( 'NONE', #634, #1871, #48 ) ;
#1216 = DIRECTION ( 'NONE',  ( -1.000000000000000000, -1.224606353822377258E-16, -0.000000000000000000 ) ) ;
#1217 = VERTEX_POINT ( 'NONE', #3504 ) ;
#1218 = DIRECTION ( 'NONE',  ( 0.000000000000000000, -1.000000000000000000, 0.000000000000000000 ) ) ;
#1219 = DIRECTION ( 'NONE',  ( 0.000000000000000000, -1.000000000000000000, 0.000000000000000000 ) ) ;
#1220 = ORIENTED_EDGE ( 'NONE', *, *, #2645, .F. ) ;
#1221 = FACE_OUTER_BOUND ( 'NONE', #1546, .T. ) ;
#1222 = ORIENTED_EDGE ( 'NONE', *, *, #2131, .T. ) ;
#1223 = DIRECTION ( 'NONE',  ( -1.000000000000000000, -1.224606353822377258E-16, -0.000000000000000000 ) ) ;
#1224 = VERTEX_POINT ( 'NONE', #403 ) ;
#1225 = EDGE_CURVE ( 'NONE', #1156, #2122, #3564, .T. ) ;
#1226 = ADVANCED_FACE ( 'NONE', ( #1988 ), #2258, .T. ) ;
#1227 = EDGE_CURVE ( 'NONE', #1140, #3937, #725, .T. ) ;
#1228 = FACE_OUTER_BOUND ( 'NONE', #65, .T. ) ;
#1229 = ORIENTED_EDGE ( 'NONE', *, *, #1569, .T. ) ;
#1230 = CYLINDRICAL_SURFACE ( 'NONE', #2295, 1.499999999999999556 ) ;
#1231 = ADVANCED_FACE ( 'NONE', ( #3207 ), #2104, .T. ) ;
#1232 = CARTESIAN_POINT ( 'NONE',  ( -31.74999999999995737, 0.000000000000000000, 0.000000000000000000 ) ) ;
#1233 = ORIENTED_EDGE ( 'NONE', *, *, #2486, .T. ) ;
#1234 = LINE ( 'NONE', #25, #1515 ) ;
#1235 = FACE_OUTER_BOUND ( 'NONE', #3768, .T. ) ;
#1236 = ORIENTED_EDGE ( 'NONE', *, *, #1295, .T. ) ;
#1237 = FACE_OUTER_BOUND ( 'NONE', #1187, .T. ) ;
#1238 = ORIENTED_EDGE ( 'NONE', *, *, #3821, .T. ) ;
#1239 = DIRECTION ( 'NONE',  ( -1.000000000000000000, -1.224606353822377258E-16, -0.000000000000000000 ) ) ;
#1240 = ORIENTED_EDGE ( 'NONE', *, *, #2868, .F. ) ;
#1241 = CIRCLE ( 'NONE', #3491, 1.599999999999999645 ) ;
#1242 = CARTESIAN_POINT ( 'NONE',  ( 1.300000000000000044, 1.454922678357858157, -9.757819552369539906E-16 ) ) ;
#1243 = DIRECTION ( 'NONE',  ( 0.000000000000000000, -1.000000000000000000, 0.000000000000000000 ) ) ;
#1244 = ORIENTED_EDGE ( 'NONE', *, *, #2184, .T. ) ;
#1245 = EDGE_CURVE ( 'NONE', #351, #1467, #3844, .T. ) ;
#1246 = AXIS2_PLACEMENT_3D ( 'NONE', #2983, #1216, #3032 ) ;
#1247 = CARTESIAN_POINT ( 'NONE',  ( 7.196408214467822972, 1.500000000000001554, 0.000000000000000000 ) ) ;
#1248 = DIRECTION ( 'NONE',  ( 0.000000000000000000, -1.000000000000000000, 0.000000000000000000 ) ) ;
#1249 = ORIENTED_EDGE ( 'NONE', *, *, #882, .T. ) ;
#1250 = EDGE_CURVE ( 'NONE', #3279, #726, #481, .T. ) ;
#1251 = LINE ( 'NONE', #3709, #3761 ) ;
#1252 = CARTESIAN_POINT ( 'NONE',  ( 10.30359178553217525, 1.500000000000000666, 1.836970198721029688E-16 ) ) ;
#1253 = VERTEX_POINT ( 'NONE', #3545 ) ;
#1254 = CARTESIAN_POINT ( 'NONE',  ( 9.000000000000001776, -1.219500000000000028, 1.665213485140614613E-16 ) ) ;
#1255 = ORIENTED_EDGE ( 'NONE', *, *, #3540, .T. ) ;
#1256 = CARTESIAN_POINT ( 'NONE',  ( 6.196408214467822084, 9.639376512966943232E-16, 0.000000000000000000 ) ) ;
#1257 = ORIENTED_EDGE ( 'NONE', *, *, #2134, .T. ) ;
#1258 = DIRECTION ( 'NONE',  ( 0.000000000000000000, -1.000000000000000000, 0.000000000000000000 ) ) ;
#1259 = VECTOR ( 'NONE', #343, 1000.000000000000000 ) ;
#1260 = AXIS2_PLACEMENT_3D ( 'NONE', #1670, #460, #121 ) ;
#1261 = AXIS2_PLACEMENT_3D ( 'NONE', #3601, #865, #3257 ) ;
#1262 = DIRECTION ( 'NONE',  ( -1.000000000000000000, -1.224606353822377258E-16, -0.000000000000000000 ) ) ;
#1263 = AXIS2_PLACEMENT_3D ( 'NONE', #1997, #719, #2956 ) ;
#1264 = CARTESIAN_POINT ( 'NONE',  ( -31.74999999999995737, 0.000000000000000000, 0.000000000000000000 ) ) ;
#1265 = ORIENTED_EDGE ( 'NONE', *, *, #2115, .F. ) ;
#1266 = CIRCLE ( 'NONE', #496, 1.500000000000000888 ) ;
#1267 = VECTOR ( 'NONE', #1096, 1000.000000000000114 ) ;
#1268 = DIRECTION ( 'NONE',  ( -1.000000000000000000, -0.000000000000000000, -0.000000000000000000 ) ) ;
#1269 = DIRECTION ( 'NONE',  ( 1.000000000000000000, 1.224606353822377258E-16, 0.000000000000000000 ) ) ;
#1270 = CIRCLE ( 'NONE', #113, 1.500000000000000888 ) ;
#1271 = EDGE_CURVE ( 'NONE', #1375, #23, #1511, .T. ) ;
#1272 = VECTOR ( 'NONE', #3569, 1000.000000000000114 ) ;
#1273 = EDGE_LOOP ( 'NONE', ( #3651, #111, #1730, #3123, #3645 ) ) ;
#1274 = VECTOR ( 'NONE', #3889, 1000.000000000000000 ) ;
#1275 = DIRECTION ( 'NONE',  ( 0.000000000000000000, 0.000000000000000000, 1.000000000000000000 ) ) ;
#1276 = DIRECTION ( 'NONE',  ( 0.000000000000000000, -1.000000000000000000, 0.000000000000000000 ) ) ;
#1277 = ORIENTED_EDGE ( 'NONE', *, *, #314, .T. ) ;
#1278 = CARTESIAN_POINT ( 'NONE',  ( 1.300000000000000044, 0.7274613391789273020, -1.260000000000000675 ) ) ;
#1279 = EDGE_CURVE ( 'NONE', #1436, #1872, #2612, .T. ) ;
#1280 = EDGE_CURVE ( 'NONE', #1589, #2317, #1453, .T. ) ;
#1281 = VERTEX_POINT ( 'NONE', #2961 ) ;
#1282 = CARTESIAN_POINT ( 'NONE',  ( 6.803591785532175251, 1.836970198721022785E-16, -1.500000000000000888 ) ) ;
#1283 = ORIENTED_EDGE ( 'NONE', *, *, #2138, .F. ) ;
#1284 = CARTESIAN_POINT ( 'NONE',  ( 6.303591785532174363, 9.158331018206532694E-16, 0.000000000000000000 ) ) ;
#1285 = DIRECTION ( 'NONE',  ( -0.5000000000000039968, 1.060575238724904203E-16, -0.8660254037844363761 ) ) ;
#1286 = CARTESIAN_POINT ( 'NONE',  ( 5.696408214467822972, 9.639376512966943232E-16, 0.000000000000000000 ) ) ;
#1287 = DIRECTION ( 'NONE',  ( 0.000000000000000000, -1.000000000000000000, 1.043274026900804680E-15 ) ) ;
#1288 = DIRECTION ( 'NONE',  ( 1.000000000000000000, 1.224606353822377258E-16, 0.000000000000000000 ) ) ;
#1289 = ORIENTED_EDGE ( 'NONE', *, *, #2821, .T. ) ;
#1290 = EDGE_CURVE ( 'NONE', #1467, #3384, #369, .T. ) ;
#1291 = DIRECTION ( 'NONE',  ( 0.000000000000000000, -1.000000000000000000, 0.000000000000000000 ) ) ;
#1292 = ORIENTED_EDGE ( 'NONE', *, *, #241, .F. ) ;
#1293 = DIRECTION ( 'NONE',  ( 0.5735764363510454933, -0.8191520442889922426, 1.003171929053525363E-16 ) ) ;
#1294 = EDGE_LOOP ( 'NONE', ( #3094, #2651, #1303, #489, #1488, #1066 ) ) ;
#1295 = EDGE_CURVE ( 'NONE', #3081, #575, #1266, .T. ) ;
#1296 = CARTESIAN_POINT ( 'NONE',  ( 6.196408214467822084, -7.703719777548943412E-31, 1.500000000000000888 ) ) ;
#1297 = ORIENTED_EDGE ( 'NONE', *, *, #2203, .T. ) ;
#1298 = DIRECTION ( 'NONE',  ( 1.000000000000000000, 1.224606353822377258E-16, 0.000000000000000000 ) ) ;
#1299 = EDGE_CURVE ( 'NONE', #3453, #3751, #2750, .T. ) ;
#1300 = DIRECTION ( 'NONE',  ( 0.000000000000000000, -1.000000000000000000, 0.000000000000000000 ) ) ;
#1301 = AXIS2_PLACEMENT_3D ( 'NONE', #663, #1925, #2795 ) ;
#1302 = CARTESIAN_POINT ( 'NONE',  ( 0.3000000000000016542, 0.000000000000000000, 0.000000000000000000 ) ) ;
#1303 = ORIENTED_EDGE ( 'NONE', *, *, #2602, .T. ) ;
#1304 = CIRCLE ( 'NONE', #1301, 1.500000000000000888 ) ;
#1305 = CARTESIAN_POINT ( 'NONE',  ( 12.19640821446782297, 9.639376512966943232E-16, 0.000000000000000000 ) ) ;
#1306 = DIRECTION ( 'NONE',  ( 0.000000000000000000, -1.000000000000000000, 0.000000000000000000 ) ) ;
#1307 = ORIENTED_EDGE ( 'NONE', *, *, #3464, .T. ) ;
#1308 = AXIS2_PLACEMENT_3D ( 'NONE', #1336, #2216, #935 ) ;
#1309 = DIRECTION ( 'NONE',  ( 1.000000000000000000, 1.224606353822377258E-16, 0.000000000000000000 ) ) ;
#1310 = ORIENTED_EDGE ( 'NONE', *, *, #39, .T. ) ;
#1311 = FACE_OUTER_BOUND ( 'NONE', #257, .T. ) ;
#1312 = ORIENTED_EDGE ( 'NONE', *, *, #1938, .T. ) ;
#1313 = EDGE_CURVE ( 'NONE', #411, #3352, #3647, .T. ) ;
#1314 = DIRECTION ( 'NONE',  ( -1.000000000000000000, -0.000000000000000000, -0.000000000000000000 ) ) ;
#1315 = ORIENTED_EDGE ( 'NONE', *, *, #2821, .F. ) ;
#1316 = DIRECTION ( 'NONE',  ( -1.000000000000000000, -1.224606353822377258E-16, -0.000000000000000000 ) ) ;
#1317 = ADVANCED_FACE ( 'NONE', ( #2738 ), #849, .T. ) ;
#1318 = AXIS2_PLACEMENT_3D ( 'NONE', #2159, #3414, #105 ) ;
#1319 = VECTOR ( 'NONE', #1540, 999.9999999999997726 ) ;
#1320 = CARTESIAN_POINT ( 'NONE',  ( 8.000000000000000000, -1.219500000000000028, 1.665213485140614613E-16 ) ) ;
#1321 = DIRECTION ( 'NONE',  ( 0.000000000000000000, -1.000000000000000000, 0.000000000000000000 ) ) ;
#1322 = EDGE_CURVE ( 'NONE', #1589, #930, #3973, .T. ) ;
#1323 = AXIS2_PLACEMENT_3D ( 'NONE', #1445, #825, #795 ) ;
#1324 = VECTOR ( 'NONE', #1982, 1000.000000000000114 ) ;
#1325 = CIRCLE ( 'NONE', #3578, 1.500000000000000888 ) ;
#1326 = CIRCLE ( 'NONE', #169, 1.500000000000000888 ) ;
#1327 = DIRECTION ( 'NONE',  ( 0.000000000000000000, -1.000000000000000000, 0.000000000000000000 ) ) ;
#1328 = CARTESIAN_POINT ( 'NONE',  ( 11.00000000000000000, -1.219500000000000028, 1.665213485140614613E-16 ) ) ;
#1329 = ORIENTED_EDGE ( 'NONE', *, *, #1, .T. ) ;
#1330 = AXIS2_PLACEMENT_3D ( 'NONE', #2090, #2418, #2653 ) ;
#1331 = AXIS2_PLACEMENT_3D ( 'NONE', #792, #774, #3778 ) ;
#1332 = AXIS2_PLACEMENT_3D ( 'NONE', #3237, #1084, #136 ) ;
#1333 = FACE_OUTER_BOUND ( 'NONE', #3483, .T. ) ;
#1334 = VERTEX_POINT ( 'NONE', #524 ) ;
#1335 = CIRCLE ( 'NONE', #3586, 1.219500000000000917 ) ;
#1336 = CARTESIAN_POINT ( 'NONE',  ( 1.300000000000000044, 2.182384017536784349, -1.260000000000002229 ) ) ;
#1337 = ORIENTED_EDGE ( 'NONE', *, *, #1496, .F. ) ;
#1338 = CONICAL_SURFACE ( 'NONE', #1403, 1.500000000000000888, 0.9599310885968821427 ) ;
#1339 = LINE ( 'NONE', #2580, #558 ) ;
#1340 = LINE ( 'NONE', #434, #3460 ) ;
#1341 = ORIENTED_EDGE ( 'NONE', *, *, #3114, .F. ) ;
#1342 = DIRECTION ( 'NONE',  ( -1.000000000000000000, -0.000000000000000000, -0.000000000000000000 ) ) ;
#1343 = AXIS2_PLACEMENT_3D ( 'NONE', #2445, #1194, #1435 ) ;
#1344 = ADVANCED_FACE ( 'NONE', ( #1747 ), #831, .T. ) ;
#1345 = DIRECTION ( 'NONE',  ( -1.000000000000000000, -0.000000000000000000, -0.000000000000000000 ) ) ;
#1346 = CARTESIAN_POINT ( 'NONE',  ( -31.74999999999995737, 0.000000000000000000, 0.000000000000000000 ) ) ;
#1347 = ORIENTED_EDGE ( 'NONE', *, *, #1420, .T. ) ;
#1348 = EDGE_CURVE ( 'NONE', #3590, #1839, #3624, .T. ) ;
#1349 = DIRECTION ( 'NONE',  ( 0.000000000000000000, -1.000000000000000000, 1.043274026900804680E-15 ) ) ;
#1350 = CARTESIAN_POINT ( 'NONE',  ( 1.300000000000000044, 0.7274613391789273020, -1.260000000000000675 ) ) ;
#1351 = VERTEX_POINT ( 'NONE', #1794 ) ;
#1352 = EDGE_CURVE ( 'NONE', #2036, #89, #249, .T. ) ;
#1353 = DIRECTION ( 'NONE',  ( 0.000000000000000000, -1.000000000000000000, 0.000000000000000000 ) ) ;
#1354 = ORIENTED_EDGE ( 'NONE', *, *, #1837, .T. ) ;
#1355 = LINE ( 'NONE', #161, #927 ) ;
#1356 = VERTEX_POINT ( 'NONE', #3306 ) ;
#1357 = DIRECTION ( 'NONE',  ( 1.000000000000000000, 1.224606353822377258E-16, 0.000000000000000000 ) ) ;
#1358 = FACE_OUTER_BOUND ( 'NONE', #160, .T. ) ;
#1359 = ORIENTED_EDGE ( 'NONE', *, *, #1250, .T. ) ;
#1360 = PLANE ( 'NONE',  #2742 ) ;
#1361 = LINE ( 'NONE', #2266, #108 ) ;
#1362 = CARTESIAN_POINT ( 'NONE',  ( 6.196408214467822084, 1.500000000000001554, 0.000000000000000000 ) ) ;
#1363 = ORIENTED_EDGE ( 'NONE', *, *, #390, .T. ) ;
#1364 = CARTESIAN_POINT ( 'NONE',  ( 4.803591785532175251, 9.158331018206532694E-16, 0.000000000000000000 ) ) ;
#1365 = CARTESIAN_POINT ( 'NONE',  ( 12.19640821446782297, 1.836970198721020813E-16, -1.500000000000000888 ) ) ;
#1366 = ORIENTED_EDGE ( 'NONE', *, *, #216, .T. ) ;
#1367 = EDGE_CURVE ( 'NONE', #580, #1137, #3136, .T. ) ;
#1368 = CARTESIAN_POINT ( 'NONE',  ( 8.196408214467822972, 1.500000000000001554, 0.000000000000000000 ) ) ;
#1369 = ORIENTED_EDGE ( 'NONE', *, *, #3316, .F. ) ;
#1370 = DIRECTION ( 'NONE',  ( 0.000000000000000000, -1.000000000000000000, 0.000000000000000000 ) ) ;
#1371 = ORIENTED_EDGE ( 'NONE', *, *, #996, .F. ) ;
#1372 = EDGE_CURVE ( 'NONE', #391, #596, #3265, .T. ) ;
#1373 = FACE_OUTER_BOUND ( 'NONE', #1784, .T. ) ;
#1374 = CARTESIAN_POINT ( 'NONE',  ( 6.196408214467822084, 9.639376512966943232E-16, 0.000000000000000000 ) ) ;
#1375 = VERTEX_POINT ( 'NONE', #1188 ) ;
#1376 = CIRCLE ( 'NONE', #475, 1.500000000000000888 ) ;
#1377 = CARTESIAN_POINT ( 'NONE',  ( 10.69640821446782297, 9.639376512966943232E-16, 0.000000000000000000 ) ) ;
#1378 = CARTESIAN_POINT ( 'NONE',  ( 1.300000000000000044, -0.7274613391789266359, 1.260000000000003118 ) ) ;
#1379 = DIRECTION ( 'NONE',  ( 0.000000000000000000, -1.000000000000000000, 0.000000000000000000 ) ) ;
#1380 = VECTOR ( 'NONE', #406, 1000.000000000000000 ) ;
#1381 = AXIS2_PLACEMENT_3D ( 'NONE', #3051, #287, #2365 ) ;
#1382 = DIRECTION ( 'NONE',  ( 1.000000000000000000, 0.000000000000000000, 0.000000000000000000 ) ) ;
#1383 = CARTESIAN_POINT ( 'NONE',  ( 9.999999999999998224, 9.398853765586739935E-16, 0.000000000000000000 ) ) ;
#1384 = DIRECTION ( 'NONE',  ( -1.000000000000000000, -0.000000000000000000, -0.000000000000000000 ) ) ;
#1385 = ORIENTED_EDGE ( 'NONE', *, *, #2718, .F. ) ;
#1386 = VECTOR ( 'NONE', #2394, 999.9999999999997726 ) ;
#1387 = AXIS2_PLACEMENT_3D ( 'NONE', #166, #1034, #3169 ) ;
#1388 = CARTESIAN_POINT ( 'NONE',  ( 1.300000000000000044, 2.182384017536784349, -1.260000000000002229 ) ) ;
#1389 = ORIENTED_EDGE ( 'NONE', *, *, #3706, .F. ) ;
#1390 = ADVANCED_FACE ( 'NONE', ( #2048 ), #2234, .T. ) ;
#1391 = FACE_OUTER_BOUND ( 'NONE', #1551, .T. ) ;
#1392 = AXIS2_PLACEMENT_3D ( 'NONE', #983, #998, #2493 ) ;
#1393 = ORIENTED_EDGE ( 'NONE', *, *, #2875, .F. ) ;
#1394 = VECTOR ( 'NONE', #744, 1000.000000000000000 ) ;
#1395 = VECTOR ( 'NONE', #1141, 1000.000000000000000 ) ;
#1396 = CARTESIAN_POINT ( 'NONE',  ( 8.696408214467822972, 9.639376512966943232E-16, 0.000000000000000000 ) ) ;
#1397 = DIRECTION ( 'NONE',  ( 0.000000000000000000, -1.000000000000000000, 0.000000000000000000 ) ) ;
#1398 = ORIENTED_EDGE ( 'NONE', *, *, #314, .F. ) ;
#1399 = EDGE_CURVE ( 'NONE', #843, #3377, #3975, .T. ) ;
#1400 = ADVANCED_FACE ( 'NONE', ( #2356 ), #2118, .T. ) ;
#1401 = CARTESIAN_POINT ( 'NONE',  ( 5.196408214467822972, -1.500000000000000222, 1.836970198721030920E-16 ) ) ;
#1402 = AXIS2_PLACEMENT_3D ( 'NONE', #3086, #77, #63 ) ;
#1403 = AXIS2_PLACEMENT_3D ( 'NONE', #1695, #2279, #2888 ) ;
#1404 = EDGE_CURVE ( 'NONE', #848, #3872, #2028, .T. ) ;
#1405 = VECTOR ( 'NONE', #3629, 1000.000000000000000 ) ;
#1406 = CARTESIAN_POINT ( 'NONE',  ( 12.50000000000000000, 1.219500000000001805, 0.000000000000000000 ) ) ;
#1407 = DIRECTION ( 'NONE',  ( -1.000000000000000000, -0.000000000000000000, -0.000000000000000000 ) ) ;
#1408 = LINE ( 'NONE', #3301, #234 ) ;
#1409 = DIRECTION ( 'NONE',  ( 0.000000000000000000, -1.000000000000000000, 0.000000000000000000 ) ) ;
#1410 = ORIENTED_EDGE ( 'NONE', *, *, #1814, .T. ) ;
#1411 = DIRECTION ( 'NONE',  ( 0.000000000000000000, -1.000000000000000000, 0.000000000000000000 ) ) ;
#1412 = ORIENTED_EDGE ( 'NONE', *, *, #3394, .T. ) ;
#1413 = CARTESIAN_POINT ( 'NONE',  ( 5.500000000000000000, -1.219500000000000028, 0.000000000000000000 ) ) ;
#1414 = VERTEX_POINT ( 'NONE', #646 ) ;
#1415 = EDGE_CURVE ( 'NONE', #3039, #919, #3703, .T. ) ;
#1416 = DIRECTION ( 'NONE',  ( -1.000000000000000000, -1.224606353822377258E-16, -0.000000000000000000 ) ) ;
#1417 = CARTESIAN_POINT ( 'NONE',  ( 7.500000000000000000, 1.219500000000001805, 0.000000000000000000 ) ) ;
#1418 = ORIENTED_EDGE ( 'NONE', *, *, #1225, .F. ) ;
#1419 = DIRECTION ( 'NONE',  ( -1.000000000000000000, -1.224606353822377258E-16, -0.000000000000000000 ) ) ;
#1420 = EDGE_CURVE ( 'NONE', #1802, #3756, #3442, .T. ) ;
#1421 = ORIENTED_EDGE ( 'NONE', *, *, #2703, .T. ) ;
#1422 = CARTESIAN_POINT ( 'NONE',  ( 11.80359178553217525, -7.703719777548943412E-31, 1.500000000000000888 ) ) ;
#1423 = CARTESIAN_POINT ( 'NONE',  ( -31.74999999999995737, 0.000000000000000000, 0.000000000000000000 ) ) ;
#1424 = ADVANCED_FACE ( 'NONE', ( #969 ), #1230, .T. ) ;
#1425 = FACE_OUTER_BOUND ( 'NONE', #1294, .T. ) ;
#1426 = DIRECTION ( 'NONE',  ( -1.000000000000000000, -0.000000000000000000, -0.000000000000000000 ) ) ;
#1427 = ORIENTED_EDGE ( 'NONE', *, *, #2571, .F. ) ;
#1428 = DIRECTION ( 'NONE',  ( 0.000000000000000000, -1.000000000000000000, 0.000000000000000000 ) ) ;
#1429 = ORIENTED_EDGE ( 'NONE', *, *, #1598, .F. ) ;
#1430 = DIRECTION ( 'NONE',  ( 0.000000000000000000, -1.000000000000000000, 0.000000000000000000 ) ) ;
#1431 = ORIENTED_EDGE ( 'NONE', *, *, #1367, .T. ) ;
#1432 = AXIS2_PLACEMENT_3D ( 'NONE', #2777, #2820, #1306 ) ;
#1433 = DIRECTION ( 'NONE',  ( -1.000000000000000000, -1.224606353822377258E-16, -0.000000000000000000 ) ) ;
#1434 = AXIS2_PLACEMENT_3D ( 'NONE', #1286, #2494, #1588 ) ;
#1435 = DIRECTION ( 'NONE',  ( 0.000000000000000000, -1.000000000000000000, 0.000000000000000000 ) ) ;
#1436 = VERTEX_POINT ( 'NONE', #683 ) ;
#1437 = DIRECTION ( 'NONE',  ( 0.5735764363510452712, 0.8191520442889924647, 0.000000000000000000 ) ) ;
#1438 = EDGE_CURVE ( 'NONE', #3630, #3230, #3906, .T. ) ;
#1439 = ORIENTED_EDGE ( 'NONE', *, *, #15, .F. ) ;
#1440 = AXIS2_PLACEMENT_3D ( 'NONE', #851, #2358, #833 ) ;
#1441 = EDGE_LOOP ( 'NONE', ( #27, #3168, #1236, #2075, #2688 ) ) ;
#1442 = CARTESIAN_POINT ( 'NONE',  ( 11.30359178553217525, 9.158331018206532694E-16, 0.000000000000000000 ) ) ;
#1443 = ADVANCED_FACE ( 'NONE', ( #1593 ), #2434, .T. ) ;
#1444 = CYLINDRICAL_SURFACE ( 'NONE', #2163, 2.750000000000000000 ) ;
#1445 = CARTESIAN_POINT ( 'NONE',  ( 0.000000000000000000, 0.000000000000000000, 0.000000000000000000 ) ) ;
#1446 = DIRECTION ( 'NONE',  ( 0.000000000000000000, -1.000000000000000000, 0.000000000000000000 ) ) ;
#1447 = ADVANCED_FACE ( 'NONE', ( #5 ), #3459, .T. ) ;
#1448 = CIRCLE ( 'NONE', #1726, 0.1000000000000000472 ) ;
#1449 = CARTESIAN_POINT ( 'NONE',  ( -31.74999999999995737, 0.000000000000000000, 1.499999999999999556 ) ) ;
#1450 = VERTEX_POINT ( 'NONE', #3726 ) ;
#1451 = VECTOR ( 'NONE', #712, 999.9999999999998863 ) ;
#1452 = PRESENTATION_LAYER_ASSIGNMENT (  '', '', ( #3186 ) ) ;
#1453 = LINE ( 'NONE', #3946, #1070 ) ;
#1454 = EDGE_LOOP ( 'NONE', ( #1539, #2656, #3165, #1817, #3297 ) ) ;
#1455 = CIRCLE ( 'NONE', #3763, 2.750000000000000000 ) ;
#1456 = DIRECTION ( 'NONE',  ( -1.000000000000000000, -0.000000000000000000, -0.000000000000000000 ) ) ;
#1457 = ORIENTED_EDGE ( 'NONE', *, *, #1958, .F. ) ;
#1458 = CONICAL_SURFACE ( 'NONE', #3833, 1.500000000000000888, 0.9599310885968821427 ) ;
#1459 = CARTESIAN_POINT ( 'NONE',  ( 12.19640821446782297, -1.500000000000000222, 1.836970198721030920E-16 ) ) ;
#1460 = FACE_OUTER_BOUND ( 'NONE', #1618, .T. ) ;
#1461 = ORIENTED_EDGE ( 'NONE', *, *, #3936, .T. ) ;
#1462 = CONICAL_SURFACE ( 'NONE', #1010, 1.500000000000000888, 0.9599310885968821427 ) ;
#1463 = DIRECTION ( 'NONE',  ( -1.000000000000000000, -0.000000000000000000, -0.000000000000000000 ) ) ;
#1464 = ORIENTED_EDGE ( 'NONE', *, *, #20, .F. ) ;
#1465 = AXIS2_PLACEMENT_3D ( 'NONE', #2883, #464, #1928 ) ;
#1466 = CARTESIAN_POINT ( 'NONE',  ( 6.000000000000000000, 1.219500000000001805, 0.000000000000000000 ) ) ;
#1467 = VERTEX_POINT ( 'NONE', #41 ) ;
#1468 = DIRECTION ( 'NONE',  ( -1.000000000000000000, -1.224606353822377258E-16, -0.000000000000000000 ) ) ;
#1469 = CIRCLE ( 'NONE', #499, 1.500000000000000888 ) ;
#1470 = DIRECTION ( 'NONE',  ( -1.000000000000000000, -1.224606353822377258E-16, -0.000000000000000000 ) ) ;
#1471 = ADVANCED_FACE ( 'NONE', ( #626 ), #3425, .T. ) ;
#1472 = CIRCLE ( 'NONE', #2880, 1.260000000000000009 ) ;
#1473 = CARTESIAN_POINT ( 'NONE',  ( 4.303591785532174363, 9.158331018206532694E-16, 0.000000000000000000 ) ) ;
#1474 = CARTESIAN_POINT ( 'NONE',  ( 6.696408214467822972, 1.836970198721022785E-16, -1.500000000000000888 ) ) ;
#1475 = ORIENTED_EDGE ( 'NONE', *, *, #2676, .T. ) ;
#1476 = EDGE_CURVE ( 'NONE', #732, #1158, #1847, .T. ) ;
#1477 = DIRECTION ( 'NONE',  ( 0.000000000000000000, 1.000000000000000000, -1.490391467001149092E-15 ) ) ;
#1478 = VERTEX_POINT ( 'NONE', #1247 ) ;
#1479 = DIRECTION ( 'NONE',  ( 0.000000000000000000, -1.000000000000000000, 0.000000000000000000 ) ) ;
#1480 = ORIENTED_EDGE ( 'NONE', *, *, #216, .F. ) ;
#1481 = EDGE_CURVE ( 'NONE', #781, #2077, #1613, .T. ) ;
#1482 = LINE ( 'NONE', #3932, #2089 ) ;
#1483 = CARTESIAN_POINT ( 'NONE',  ( 12.99999999999999822, 0.000000000000000000, 0.000000000000000000 ) ) ;
#1484 = ORIENTED_EDGE ( 'NONE', *, *, #3095, .F. ) ;
#1485 = DIRECTION ( 'NONE',  ( 0.000000000000000000, 0.000000000000000000, 1.000000000000000000 ) ) ;
#1486 = VERTEX_POINT ( 'NONE', #2151 ) ;
#1487 = CARTESIAN_POINT ( 'NONE',  ( 6.696408214467822972, 9.639376512966943232E-16, 0.000000000000000000 ) ) ;
#1488 = ORIENTED_EDGE ( 'NONE', *, *, #1025, .F. ) ;
#1489 = CARTESIAN_POINT ( 'NONE',  ( -31.74999999999995737, 0.000000000000000000, 0.000000000000000000 ) ) ;
#1490 = CARTESIAN_POINT ( 'NONE',  ( 6.196408214467822084, 9.639376512966943232E-16, 0.000000000000000000 ) ) ;
#1491 = LINE ( 'NONE', #846, #1386 ) ;
#1492 = LINE ( 'NONE', #3666, #1822 ) ;
#1493 = ORIENTED_EDGE ( 'NONE', *, *, #513, .F. ) ;
#1494 = DIRECTION ( 'NONE',  ( 0.000000000000000000, -1.000000000000000000, 0.000000000000000000 ) ) ;
#1495 = DIRECTION ( 'NONE',  ( -1.000000000000000000, -1.224606353822377258E-16, -0.000000000000000000 ) ) ;
#1496 = EDGE_CURVE ( 'NONE', #2766, #1486, #1270, .T. ) ;
#1497 = ORIENTED_EDGE ( 'NONE', *, *, #3029, .F. ) ;
#1498 = LINE ( 'NONE', #1193, #354 ) ;
#1499 = CARTESIAN_POINT ( 'NONE',  ( 7.803591785532174363, 1.500000000000003109, 1.836970198721032399E-16 ) ) ;
#1500 = ORIENTED_EDGE ( 'NONE', *, *, #775, .T. ) ;
#1501 = CARTESIAN_POINT ( 'NONE',  ( -31.74999999999995737, 1.836970198721029441E-16, -1.499999999999999556 ) ) ;
#1502 = EDGE_CURVE ( 'NONE', #2383, #3609, #1969, .T. ) ;
#1503 = ORIENTED_EDGE ( 'NONE', *, *, #639, .F. ) ;
#1504 = AXIS2_PLACEMENT_3D ( 'NONE', #3146, #1288, #2152 ) ;
#1505 = DIRECTION ( 'NONE',  ( 0.000000000000000000, -1.000000000000000000, 0.000000000000000000 ) ) ;
#1506 = ORIENTED_EDGE ( 'NONE', *, *, #1830, .T. ) ;
#1507 = DIRECTION ( 'NONE',  ( -1.000000000000000000, -1.224606353822377258E-16, -0.000000000000000000 ) ) ;
#1508 = CARTESIAN_POINT ( 'NONE',  ( 9.999999999999998224, 9.398853765586739935E-16, 0.000000000000000000 ) ) ;
#1509 = VERTEX_POINT ( 'NONE', #1851 ) ;
#1510 = AXIS2_PLACEMENT_3D ( 'NONE', #1756, #612, #2143 ) ;
#1511 = LINE ( 'NONE', #3909, #2359 ) ;
#1512 = DIRECTION ( 'NONE',  ( 0.000000000000000000, -1.000000000000000000, 0.000000000000000000 ) ) ;
#1513 = ORIENTED_EDGE ( 'NONE', *, *, #1643, .T. ) ;
#1514 = VECTOR ( 'NONE', #1089, 1000.000000000000000 ) ;
#1515 = VECTOR ( 'NONE', #2458, 1000.000000000000000 ) ;
#1516 = EDGE_CURVE ( 'NONE', #850, #1158, #2192, .T. ) ;
#1517 = DIRECTION ( 'NONE',  ( -1.000000000000000000, -0.000000000000000000, -0.000000000000000000 ) ) ;
#1518 = DIRECTION ( 'NONE',  ( -1.000000000000000000, -1.224606353822377258E-16, -0.000000000000000000 ) ) ;
#1519 = ORIENTED_EDGE ( 'NONE', *, *, #2839, .F. ) ;
#1520 = CARTESIAN_POINT ( 'NONE',  ( 4.500000000000000000, 1.219500000000001805, 0.000000000000000000 ) ) ;
#1521 = CIRCLE ( 'NONE', #619, 1.219500000000000917 ) ;
#1522 = ORIENTED_EDGE ( 'NONE', *, *, #1860, .F. ) ;
#1523 = EDGE_CURVE ( 'NONE', #101, #617, #3065, .T. ) ;
#1524 = AXIS2_PLACEMENT_3D ( 'NONE', #1562, #2566, #1258 ) ;
#1525 = EDGE_CURVE ( 'NONE', #1053, #423, #177, .T. ) ;
#1526 = AXIS2_PLACEMENT_3D ( 'NONE', #455, #1995, #3552 ) ;
#1527 = CARTESIAN_POINT ( 'NONE',  ( -31.74999999999995737, 0.000000000000000000, 1.499999999999999556 ) ) ;
#1528 = VERTEX_POINT ( 'NONE', #3100 ) ;
#1529 = CONICAL_SURFACE ( 'NONE', #1537, 1.500000000000000888, 0.9599310885968821427 ) ;
#1530 = ADVANCED_FACE ( 'NONE', ( #662 ), #1142, .T. ) ;
#1531 = VECTOR ( 'NONE', #2379, 1000.000000000000114 ) ;
#1532 = AXIS2_PLACEMENT_3D ( 'NONE', #1489, #3962, #2082 ) ;
#1533 = DIRECTION ( 'NONE',  ( -1.000000000000000000, -1.224606353822377258E-16, -0.000000000000000000 ) ) ;
#1534 = EDGE_LOOP ( 'NONE', ( #2271, #57, #1608, #449, #3239 ) ) ;
#1535 = CONICAL_SURFACE ( 'NONE', #896, 1.219500000000000028, 0.7853981633974668197 ) ;
#1536 = DIRECTION ( 'NONE',  ( -1.000000000000000000, -0.000000000000000000, -0.000000000000000000 ) ) ;
#1537 = AXIS2_PLACEMENT_3D ( 'NONE', #325, #973, #344 ) ;
#1538 = DIRECTION ( 'NONE',  ( 0.000000000000000000, -1.000000000000000000, 0.000000000000000000 ) ) ;
#1539 = ORIENTED_EDGE ( 'NONE', *, *, #1598, .T. ) ;
#1540 = DIRECTION ( 'NONE',  ( 0.000000000000000000, -0.5000000000000013323, -0.8660254037844380415 ) ) ;
#1541 = LINE ( 'NONE', #666, #3019 ) ;
#1542 = EDGE_LOOP ( 'NONE', ( #2781, #2396, #1222, #312, #3917 ) ) ;
#1543 = DIRECTION ( 'NONE',  ( 0.000000000000000000, 0.000000000000000000, 1.000000000000000000 ) ) ;
#1544 = ORIENTED_EDGE ( 'NONE', *, *, #1713, .F. ) ;
#1545 = LINE ( 'NONE', #920, #2940 ) ;
#1546 = EDGE_LOOP ( 'NONE', ( #1936, #2071, #1778, #442, #1761, #194 ) ) ;
#1547 = ADVANCED_FACE ( 'NONE', ( #3742 ), #821, .T. ) ;
#1548 = LINE ( 'NONE', #2770, #3073 ) ;
#1549 = CARTESIAN_POINT ( 'NONE',  ( 3.099999999999998757, 0.000000000000000000, 0.000000000000000000 ) ) ;
#1550 = EDGE_CURVE ( 'NONE', #1253, #3570, #3525, .T. ) ;
#1551 = EDGE_LOOP ( 'NONE', ( #3356, #32, #3340, #2400, #1808 ) ) ;
#1552 = CARTESIAN_POINT ( 'NONE',  ( -31.74999999999995737, 0.000000000000000000, 0.000000000000000000 ) ) ;
#1553 = DIRECTION ( 'NONE',  ( 0.000000000000000000, 1.000000000000000000, 0.000000000000000000 ) ) ;
#1554 = EDGE_LOOP ( 'NONE', ( #3243, #3948, #3530, #588, #635, #451 ) ) ;
#1555 = DIRECTION ( 'NONE',  ( -1.000000000000000000, -1.224606353822377258E-16, -0.000000000000000000 ) ) ;
#1556 = DIRECTION ( 'NONE',  ( 0.000000000000000000, -0.5000000000000009992, -0.8660254037844380415 ) ) ;
#1557 = ORIENTED_EDGE ( 'NONE', *, *, #2436, .T. ) ;
#1558 = DIRECTION ( 'NONE',  ( -1.000000000000000000, -1.224606353822377258E-16, -0.000000000000000000 ) ) ;
#1559 = ORIENTED_EDGE ( 'NONE', *, *, #3669, .T. ) ;
#1560 = DIRECTION ( 'NONE',  ( -1.000000000000000000, -1.224606353822377258E-16, -0.000000000000000000 ) ) ;
#1561 = ORIENTED_EDGE ( 'NONE', *, *, #964, .T. ) ;
#1562 = CARTESIAN_POINT ( 'NONE',  ( 6.803591785532175251, 9.158331018206532694E-16, 0.000000000000000000 ) ) ;
#1563 = AXIS2_PLACEMENT_3D ( 'NONE', #647, #1007, #1538 ) ;
#1564 = EDGE_CURVE ( 'NONE', #2992, #1062, #3584, .T. ) ;
#1565 = AXIS2_PLACEMENT_3D ( 'NONE', #3044, #3925, #264 ) ;
#1566 = CARTESIAN_POINT ( 'NONE',  ( 4.303591785532174363, 9.158331018206532694E-16, 0.000000000000000000 ) ) ;
#1567 = CYLINDRICAL_SURFACE ( 'NONE', #3701, 1.499999999999999556 ) ;
#1568 = ORIENTED_EDGE ( 'NONE', *, *, #3098, .T. ) ;
#1569 = EDGE_CURVE ( 'NONE', #1635, #3108, #763, .T. ) ;
#1570 = AXIS2_PLACEMENT_3D ( 'NONE', #3355, #1456, #3929 ) ;
#1571 = EDGE_CURVE ( 'NONE', #351, #804, #2614, .T. ) ;
#1572 = DIRECTION ( 'NONE',  ( 0.5735764363510454933, -0.8191520442889922426, 1.003171929053525363E-16 ) ) ;
#1573 = DIRECTION ( 'NONE',  ( -1.000000000000000000, -0.000000000000000000, -0.000000000000000000 ) ) ;
#1574 = ORIENTED_EDGE ( 'NONE', *, *, #1821, .F. ) ;
#1575 = CYLINDRICAL_SURFACE ( 'NONE', #2477, 1.499999999999999556 ) ;
#1576 = CARTESIAN_POINT ( 'NONE',  ( 6.803591785532175251, -7.703719777548943412E-31, 1.500000000000000888 ) ) ;
#1577 = ORIENTED_EDGE ( 'NONE', *, *, #1525, .T. ) ;
#1578 = LINE ( 'NONE', #3766, #1380 ) ;
#1579 = ORIENTED_EDGE ( 'NONE', *, *, #2261, .T. ) ;
#1580 = DIRECTION ( 'NONE',  ( -0.5735764363510489350, 0.8191520442889898002, 1.003171929053522405E-16 ) ) ;
#1581 = EDGE_LOOP ( 'NONE', ( #2032, #1557, #2012, #2551, #3147, #2162 ) ) ;
#1582 = DIRECTION ( 'NONE',  ( 0.000000000000000000, -0.4999999999999985567, 0.8660254037844393737 ) ) ;
#1583 = AXIS2_PLACEMENT_3D ( 'NONE', #152, #1382, #2935 ) ;
#1584 = AXIS2_PLACEMENT_3D ( 'NONE', #2832, #58, #2222 ) ;
#1585 = AXIS2_PLACEMENT_3D ( 'NONE', #409, #3807, #2262 ) ;
#1586 = LINE ( 'NONE', #2815, #1846 ) ;
#1587 = VECTOR ( 'NONE', #2527, 999.9999999999998863 ) ;
#1588 = DIRECTION ( 'NONE',  ( 0.000000000000000000, -1.000000000000000000, 0.000000000000000000 ) ) ;
#1589 = VERTEX_POINT ( 'NONE', #180 ) ;
#1590 = EDGE_CURVE ( 'NONE', #3352, #726, #437, .T. ) ;
#1591 = AXIS2_PLACEMENT_3D ( 'NONE', #3285, #3927, #1166 ) ;
#1592 = CIRCLE ( 'NONE', #175, 1.500000000000000888 ) ;
#1593 = FACE_OUTER_BOUND ( 'NONE', #971, .T. ) ;
#1594 = DIRECTION ( 'NONE',  ( 0.000000000000000000, -1.000000000000000000, 0.000000000000000000 ) ) ;
#1595 = CIRCLE ( 'NONE', #2682, 1.500000000000000888 ) ;
#1596 = AXIS2_PLACEMENT_3D ( 'NONE', #2200, #2506, #3171 ) ;
#1597 = ORIENTED_EDGE ( 'NONE', *, *, #3374, .F. ) ;
#1598 = EDGE_CURVE ( 'NONE', #2407, #670, #1595, .T. ) ;
#1599 = CONICAL_SURFACE ( 'NONE', #1081, 1.219500000000000917, 0.9599310885968779239 ) ;
#1600 = CARTESIAN_POINT ( 'NONE',  ( 1.300000000000000044, 1.454922678357858157, -9.757819552369539906E-16 ) ) ;
#1601 = CARTESIAN_POINT ( 'NONE',  ( 10.69640821446782297, 1.500000000000001554, 0.000000000000000000 ) ) ;
#1602 = ORIENTED_EDGE ( 'NONE', *, *, #2698, .F. ) ;
#1603 = CARTESIAN_POINT ( 'NONE',  ( 12.19640821446782297, 9.639376512966943232E-16, 0.000000000000000000 ) ) ;
#1604 = ORIENTED_EDGE ( 'NONE', *, *, #1688, .F. ) ;
#1605 = AXIS2_PLACEMENT_3D ( 'NONE', #579, #857, #2989 ) ;
#1606 = EDGE_CURVE ( 'NONE', #2857, #2950, #1786, .T. ) ;
#1607 = LINE ( 'NONE', #3110, #1662 ) ;
#1608 = ORIENTED_EDGE ( 'NONE', *, *, #1809, .F. ) ;
#1609 = CARTESIAN_POINT ( 'NONE',  ( -31.74999999999995737, 0.000000000000000000, 0.000000000000000000 ) ) ;
#1610 = CARTESIAN_POINT ( 'NONE',  ( 12.30359178553217525, 9.158331018206532694E-16, 0.000000000000000000 ) ) ;
#1611 = DIRECTION ( 'NONE',  ( -1.000000000000000000, -0.000000000000000000, -0.000000000000000000 ) ) ;
#1612 = ORIENTED_EDGE ( 'NONE', *, *, #2115, .T. ) ;
#1613 = LINE ( 'NONE', #21, #2363 ) ;
#1614 = CARTESIAN_POINT ( 'NONE',  ( 6.500000000000000000, 9.398853765586739935E-16, 0.000000000000000000 ) ) ;
#1615 = VERTEX_POINT ( 'NONE', #3542 ) ;
#1616 = CARTESIAN_POINT ( 'NONE',  ( 10.80359178553217525, 1.500000000000000666, 1.836970198721029688E-16 ) ) ;
#1617 = DIRECTION ( 'NONE',  ( 0.000000000000000000, -1.000000000000000000, 0.000000000000000000 ) ) ;
#1618 = EDGE_LOOP ( 'NONE', ( #1966, #724, #1866, #608, #49 ) ) ;
#1619 = EDGE_CURVE ( 'NONE', #1486, #1994, #2876, .T. ) ;
#1620 = DIRECTION ( 'NONE',  ( 1.000000000000000000, 1.224606353822377258E-16, 0.000000000000000000 ) ) ;
#1621 = EDGE_LOOP ( 'NONE', ( #3820, #2728, #3828, #1804, #1503, #506 ) ) ;
#1622 = DIRECTION ( 'NONE',  ( 0.000000000000000000, -1.000000000000000000, 0.000000000000000000 ) ) ;
#1623 = ORIENTED_EDGE ( 'NONE', *, *, #2894, .T. ) ;
#1624 = EDGE_CURVE ( 'NONE', #3275, #2498, #3138, .T. ) ;
#1625 = DIRECTION ( 'NONE',  ( -0.5735764363510489350, 0.8191520442889898002, 1.003171929053522405E-16 ) ) ;
#1626 = FACE_OUTER_BOUND ( 'NONE', #3105, .T. ) ;
#1627 = CONICAL_SURFACE ( 'NONE', #3808, 1.500000000000000888, 0.9599310885968821427 ) ;
#1628 = DIRECTION ( 'NONE',  ( -1.000000000000000000, -1.224606353822377258E-16, -0.000000000000000000 ) ) ;
#1629 = DIRECTION ( 'NONE',  ( 0.000000000000000000, 0.000000000000000000, 1.000000000000000000 ) ) ;
#1630 = LINE ( 'NONE', #2291, #787 ) ;
#1631 = ORIENTED_EDGE ( 'NONE', *, *, #631, .F. ) ;
#1632 = DIRECTION ( 'NONE',  ( 0.000000000000000000, 0.000000000000000000, -1.000000000000000000 ) ) ;
#1633 = ORIENTED_EDGE ( 'NONE', *, *, #2839, .T. ) ;
#1634 = CARTESIAN_POINT ( 'NONE',  ( 9.696408214467822972, -7.703719777548943412E-31, 1.500000000000000888 ) ) ;
#1635 = VERTEX_POINT ( 'NONE', #2588 ) ;
#1636 = EDGE_CURVE ( 'NONE', #2313, #3453, #3012, .T. ) ;
#1637 = DIRECTION ( 'NONE',  ( -1.000000000000000000, -1.224606353822377258E-16, -0.000000000000000000 ) ) ;
#1638 = CARTESIAN_POINT ( 'NONE',  ( 10.80359178553217525, 9.158331018206532694E-16, 0.000000000000000000 ) ) ;
#1639 = ORIENTED_EDGE ( 'NONE', *, *, #383, .T. ) ;
#1640 = LINE ( 'NONE', #2866, #2288 ) ;
#1641 = AXIS2_PLACEMENT_3D ( 'NONE', #3451, #1558, #2518 ) ;
#1642 = EDGE_CURVE ( 'NONE', #1722, #2417, #3837, .T. ) ;
#1643 = EDGE_CURVE ( 'NONE', #2847, #3041, #2553, .T. ) ;
#1644 = CIRCLE ( 'NONE', #3700, 1.500000000000000888 ) ;
#1645 = CARTESIAN_POINT ( 'NONE',  ( 6.696408214467822972, -7.703719777548943412E-31, 1.500000000000000888 ) ) ;
#1646 = CARTESIAN_POINT ( 'NONE',  ( 6.000000000000000000, 9.398853765586739935E-16, 0.000000000000000000 ) ) ;
#1647 = AXIS2_PLACEMENT_3D ( 'NONE', #2911, #2254, #3179 ) ;
#1648 = AXIS2_PLACEMENT_3D ( 'NONE', #335, #1849, #2171 ) ;
#1649 = ADVANCED_FACE ( 'NONE', ( #739 ), #490, .T. ) ;
#1650 = VECTOR ( 'NONE', #3621, 1000.000000000000000 ) ;
#1651 = CARTESIAN_POINT ( 'NONE',  ( 8.696408214467822972, 9.639376512966943232E-16, 0.000000000000000000 ) ) ;
#1652 = CARTESIAN_POINT ( 'NONE',  ( -31.74999999999995737, 0.000000000000000000, 1.499999999999999556 ) ) ;
#1653 = ORIENTED_EDGE ( 'NONE', *, *, #1168, .T. ) ;
#1654 = CIRCLE ( 'NONE', #431, 1.500000000000000888 ) ;
#1655 = AXIS2_PLACEMENT_3D ( 'NONE', #736, #1959, #2323 ) ;
#1656 = AXIS2_PLACEMENT_3D ( 'NONE', #1364, #2238, #3816 ) ;
#1657 = DIRECTION ( 'NONE',  ( 1.000000000000000000, 0.000000000000000000, 0.000000000000000000 ) ) ;
#1658 = ORIENTED_EDGE ( 'NONE', *, *, #2503, .F. ) ;
#1659 = CIRCLE ( 'NONE', #1782, 1.500000000000000888 ) ;
#1660 = DIRECTION ( 'NONE',  ( 0.000000000000000000, -1.000000000000000000, 0.000000000000000000 ) ) ;
#1661 = ORIENTED_EDGE ( 'NONE', *, *, #20, .T. ) ;
#1662 = VECTOR ( 'NONE', #3433, 1000.000000000000114 ) ;
#1663 = LINE ( 'NONE', #487, #684 ) ;
#1664 = CARTESIAN_POINT ( 'NONE',  ( 6.696408214467822972, -1.500000000000000000, 1.836970198721030920E-16 ) ) ;
#1665 = ORIENTED_EDGE ( 'NONE', *, *, #2486, .F. ) ;
#1666 = CYLINDRICAL_SURFACE ( 'NONE', #1183, 1.499999999999999556 ) ;
#1667 = CARTESIAN_POINT ( 'NONE',  ( 5.500000000000000000, 1.219500000000001805, 0.000000000000000000 ) ) ;
#1668 = ADVANCED_FACE ( 'NONE', ( #3220 ), #3702, .T. ) ;
#1669 = CARTESIAN_POINT ( 'NONE',  ( -31.74999999999995737, 0.000000000000000000, 0.000000000000000000 ) ) ;
#1670 = CARTESIAN_POINT ( 'NONE',  ( 7.696408214467822972, 9.639376512966943232E-16, 0.000000000000000000 ) ) ;
#1671 = EDGE_CURVE ( 'NONE', #3532, #3872, #3642, .T. ) ;
#1672 = CARTESIAN_POINT ( 'NONE',  ( 11.69640821446782297, 9.639376512966943232E-16, 0.000000000000000000 ) ) ;
#1673 = ORIENTED_EDGE ( 'NONE', *, *, #3069, .T. ) ;
#1674 = CARTESIAN_POINT ( 'NONE',  ( 7.696408214467822972, 1.836970198721022785E-16, -1.500000000000000888 ) ) ;
#1675 = CARTESIAN_POINT ( 'NONE',  ( 12.00000000000000000, 9.398853765586739935E-16, 0.000000000000000000 ) ) ;
#1676 = ORIENTED_EDGE ( 'NONE', *, *, #1290, .T. ) ;
#1677 = CYLINDRICAL_SURFACE ( 'NONE', #1387, 1.499999999999999556 ) ;
#1678 = LINE ( 'NONE', #3492, #1972 ) ;
#1679 = VERTEX_POINT ( 'NONE', #778 ) ;
#1680 = CARTESIAN_POINT ( 'NONE',  ( 1.300000000000000044, 1.877893248421450712E-15, 1.260000000000002007 ) ) ;
#1681 = LINE ( 'NONE', #2907, #629 ) ;
#1682 = DIRECTION ( 'NONE',  ( 0.000000000000000000, -1.000000000000000000, 0.000000000000000000 ) ) ;
#1683 = ADVANCED_FACE ( 'NONE', ( #153 ), #2805, .T. ) ;
#1684 = DIRECTION ( 'NONE',  ( -1.000000000000000000, -1.224606353822377258E-16, -0.000000000000000000 ) ) ;
#1685 = LINE ( 'NONE', #1652, #2204 ) ;
#1686 = VERTEX_POINT ( 'NONE', #3798 ) ;
#1687 = CIRCLE ( 'NONE', #1565, 1.500000000000000888 ) ;
#1688 = EDGE_CURVE ( 'NONE', #1195, #2122, #3068, .T. ) ;
#1689 = EDGE_CURVE ( 'NONE', #917, #1832, #3258, .T. ) ;
#1690 = DIRECTION ( 'NONE',  ( -1.000000000000000000, -1.224606353822377258E-16, -0.000000000000000000 ) ) ;
#1691 = ORIENTED_EDGE ( 'NONE', *, *, #3957, .T. ) ;
#1692 = DIRECTION ( 'NONE',  ( -1.000000000000000000, -0.000000000000000000, -0.000000000000000000 ) ) ;
#1693 = ORIENTED_EDGE ( 'NONE', *, *, #589, .T. ) ;
#1694 = DIRECTION ( 'NONE',  ( 0.000000000000000000, 1.000000000000000000, 0.000000000000000000 ) ) ;
#1695 = CARTESIAN_POINT ( 'NONE',  ( 9.196408214467822972, 9.639376512966943232E-16, 0.000000000000000000 ) ) ;
#1696 = VERTEX_POINT ( 'NONE', #796 ) ;
#1697 = CIRCLE ( 'NONE', #3310, 1.500000000000000888 ) ;
#1698 = LINE ( 'NONE', #2925, #1050 ) ;
#1699 = DIRECTION ( 'NONE',  ( 0.000000000000000000, 0.4999999999999983902, -0.8660254037844394848 ) ) ;
#1700 = DIRECTION ( 'NONE',  ( -1.000000000000000000, -0.000000000000000000, -0.000000000000000000 ) ) ;
#1701 = CIRCLE ( 'NONE', #3956, 1.500000000000000888 ) ;
#1702 = AXIS2_PLACEMENT_3D ( 'NONE', #1609, #3457, #2250 ) ;
#1703 = DIRECTION ( 'NONE',  ( -1.000000000000000000, -0.000000000000000000, -0.000000000000000000 ) ) ;
#1704 = DIRECTION ( 'NONE',  ( -1.000000000000000000, -1.224606353822377258E-16, -0.000000000000000000 ) ) ;
#1705 = EDGE_CURVE ( 'NONE', #1686, #207, #2354, .T. ) ;
#1706 = EDGE_LOOP ( 'NONE', ( #2631, #547, #1691, #1506, #653 ) ) ;
#1707 = CIRCLE ( 'NONE', #1584, 1.500000000000000888 ) ;
#1708 = CONICAL_SURFACE ( 'NONE', #3704, 1.219500000000000917, 0.9599310885968779239 ) ;
#1709 = CARTESIAN_POINT ( 'NONE',  ( 8.696408214467822972, 1.500000000000001554, 0.000000000000000000 ) ) ;
#1710 = VERTEX_POINT ( 'NONE', #1100 ) ;
#1711 = DIRECTION ( 'NONE',  ( -1.000000000000000000, -1.224606353822377258E-16, -0.000000000000000000 ) ) ;
#1712 = CIRCLE ( 'NONE', #1343, 1.500000000000000888 ) ;
#1713 = EDGE_CURVE ( 'NONE', #3734, #3546, #883, .T. ) ;
#1714 = ORIENTED_EDGE ( 'NONE', *, *, #3613, .F. ) ;
#1715 = VECTOR ( 'NONE', #2006, 1000.000000000000000 ) ;
#1716 = CARTESIAN_POINT ( 'NONE',  ( 11.80359178553217525, 1.836970198721022785E-16, -1.500000000000000888 ) ) ;
#1717 = DIRECTION ( 'NONE',  ( -1.000000000000000000, -1.224606353822377258E-16, -0.000000000000000000 ) ) ;
#1718 = EDGE_LOOP ( 'NONE', ( #1369, #1568, #2724, #3562 ) ) ;
#1719 = CARTESIAN_POINT ( 'NONE',  ( 7.500000000000000000, 9.398853765586739935E-16, 0.000000000000000000 ) ) ;
#1720 = EDGE_CURVE ( 'NONE', #3268, #1946, #2869, .T. ) ;
#1721 = CIRCLE ( 'NONE', #3777, 1.219500000000000917 ) ;
#1722 = VERTEX_POINT ( 'NONE', #3641 ) ;
#1723 = CARTESIAN_POINT ( 'NONE',  ( 5.196408214467822972, 1.836970198721021799E-16, -1.500000000000000888 ) ) ;
#1724 = CARTESIAN_POINT ( 'NONE',  ( 6.000000000000000000, 9.398853765586739935E-16, 0.000000000000000000 ) ) ;
#1725 = DIRECTION ( 'NONE',  ( -1.000000000000000000, -0.000000000000000000, -0.000000000000000000 ) ) ;
#1726 = AXIS2_PLACEMENT_3D ( 'NONE', #2726, #11, #3691 ) ;
#1727 = DIRECTION ( 'NONE',  ( 0.5735764363510454933, -0.8191520442889922426, 1.003171929053525363E-16 ) ) ;
#1728 = ORIENTED_EDGE ( 'NONE', *, *, #2970, .F. ) ;
#1729 = CARTESIAN_POINT ( 'NONE',  ( 4.696408214467822972, 9.639376512966943232E-16, 0.000000000000000000 ) ) ;
#1730 = ORIENTED_EDGE ( 'NONE', *, *, #485, .T. ) ;
#1731 = DIRECTION ( 'NONE',  ( -1.000000000000000000, -1.224606353822377258E-16, -0.000000000000000000 ) ) ;
#1732 = VERTEX_POINT ( 'NONE', #3282 ) ;
#1733 = PRODUCT_DEFINITION_CONTEXT ( 'detailed design', #1079, 'design' ) ;
#1734 = EDGE_CURVE ( 'NONE', #3609, #2091, #3924, .T. ) ;
#1735 = DIRECTION ( 'NONE',  ( -1.000000000000000000, -1.224606353822377258E-16, -0.000000000000000000 ) ) ;
#1736 = CARTESIAN_POINT ( 'NONE',  ( 5.803591785532174363, 1.500000000000003109, 1.836970198721032399E-16 ) ) ;
#1737 = ORIENTED_EDGE ( 'NONE', *, *, #1174, .F. ) ;
#1738 = DIRECTION ( 'NONE',  ( 0.5735764363510454933, -0.8191520442889922426, 1.003171929053525363E-16 ) ) ;
#1739 = ORIENTED_EDGE ( 'NONE', *, *, #1399, .T. ) ;
#1740 = EDGE_CURVE ( 'NONE', #729, #3590, #1003, .T. ) ;
#1741 = ORIENTED_EDGE ( 'NONE', *, *, #2844, .T. ) ;
#1742 = CARTESIAN_POINT ( 'NONE',  ( 4.803591785532175251, 9.158331018206532694E-16, 0.000000000000000000 ) ) ;
#1743 = CARTESIAN_POINT ( 'NONE',  ( 9.696408214467822972, 9.639376512966943232E-16, 0.000000000000000000 ) ) ;
#1744 = CARTESIAN_POINT ( 'NONE',  ( 12.00000000000000000, 9.398853765586739935E-16, 0.000000000000000000 ) ) ;
#1745 = CARTESIAN_POINT ( 'NONE',  ( 9.500000000000000000, 1.219500000000001805, 0.000000000000000000 ) ) ;
#1746 = ORIENTED_EDGE ( 'NONE', *, *, #2732, .F. ) ;
#1747 = FACE_OUTER_BOUND ( 'NONE', #252, .T. ) ;
#1748 = EDGE_LOOP ( 'NONE', ( #1366, #1781, #1429, #2432, #1828 ) ) ;
#1749 = CARTESIAN_POINT ( 'NONE',  ( 11.50000000000000000, 9.398853765586739935E-16, 0.000000000000000000 ) ) ;
#1750 = EDGE_LOOP ( 'NONE', ( #624, #2470, #3693, #3953, #3862 ) ) ;
#1751 = AXIS2_PLACEMENT_3D ( 'NONE', #3101, #322, #2473 ) ;
#1752 = FACE_OUTER_BOUND ( 'NONE', #2624, .T. ) ;
#1753 = CIRCLE ( 'NONE', #405, 1.500000000000000888 ) ;
#1754 = DIRECTION ( 'NONE',  ( 0.000000000000000000, 0.000000000000000000, -1.000000000000000000 ) ) ;
#1755 = ORIENTED_EDGE ( 'NONE', *, *, #3240, .T. ) ;
#1756 = CARTESIAN_POINT ( 'NONE',  ( 11.80359178553217525, 9.158331018206532694E-16, 0.000000000000000000 ) ) ;
#1757 = ORIENTED_EDGE ( 'NONE', *, *, #2310, .T. ) ;
#1758 = EDGE_CURVE ( 'NONE', #3805, #3172, #1775, .T. ) ;
#1759 = AXIS2_PLACEMENT_3D ( 'NONE', #746, #1973, #1512 ) ;
#1760 = DIRECTION ( 'NONE',  ( 0.5735764363510452712, 0.8191520442889924647, 0.000000000000000000 ) ) ;
#1761 = ORIENTED_EDGE ( 'NONE', *, *, #1705, .F. ) ;
#1762 = CARTESIAN_POINT ( 'NONE',  ( 1.300000000000000044, -1.091192008768393951, -0.6299999999999981171 ) ) ;
#1763 = DIRECTION ( 'NONE',  ( -1.000000000000000000, -1.224606353822377258E-16, -0.000000000000000000 ) ) ;
#1764 = EDGE_CURVE ( 'NONE', #1217, #672, #3192, .T. ) ;
#1765 = DIRECTION ( 'NONE',  ( -1.000000000000000000, -1.224606353822377258E-16, -0.000000000000000000 ) ) ;
#1766 = CARTESIAN_POINT ( 'NONE',  ( 10.80359178553217525, 9.158331018206532694E-16, 0.000000000000000000 ) ) ;
#1767 = ADVANCED_FACE ( 'NONE', ( #1425 ), #3903, .T. ) ;
#1768 = EDGE_LOOP ( 'NONE', ( #1289, #2103, #2984, #3503, #212 ) ) ;
#1769 = CIRCLE ( 'NONE', #2737, 1.500000000000000888 ) ;
#1770 = CARTESIAN_POINT ( 'NONE',  ( 12.30359178553217525, 9.158331018206532694E-16, 0.000000000000000000 ) ) ;
#1771 = ORIENTED_EDGE ( 'NONE', *, *, #3537, .F. ) ;
#1772 = CONICAL_SURFACE ( 'NONE', #2929, 1.219500000000000917, 0.9599310885968779239 ) ;
#1773 = CARTESIAN_POINT ( 'NONE',  ( 7.696408214467822972, 9.639376512966943232E-16, 0.000000000000000000 ) ) ;
#1774 = EDGE_LOOP ( 'NONE', ( #3823, #976, #36, #611, #3292 ) ) ;
#1775 = CIRCLE ( 'NONE', #1135, 2.449999999999999734 ) ;
#1776 = DIRECTION ( 'NONE',  ( 0.000000000000000000, -1.000000000000000000, 0.000000000000000000 ) ) ;
#1777 = DIRECTION ( 'NONE',  ( -1.000000000000000000, -1.224606353822377258E-16, -0.000000000000000000 ) ) ;
#1778 = ORIENTED_EDGE ( 'NONE', *, *, #1071, .T. ) ;
#1779 = CIRCLE ( 'NONE', #2289, 1.500000000000000888 ) ;
#1780 = DIRECTION ( 'NONE',  ( 0.000000000000000000, 0.000000000000000000, 1.000000000000000000 ) ) ;
#1781 = ORIENTED_EDGE ( 'NONE', *, *, #3029, .T. ) ;
#1782 = AXIS2_PLACEMENT_3D ( 'NONE', #3042, #1468, #2733 ) ;
#1783 = LINE ( 'NONE', #1527, #1848 ) ;
#1784 = EDGE_LOOP ( 'NONE', ( #2529, #4, #1559, #1412, #2154 ) ) ;
#1785 = CARTESIAN_POINT ( 'NONE',  ( 6.500000000000000000, 1.219500000000001805, 1.493456771560198305E-16 ) ) ;
#1786 = CIRCLE ( 'NONE', #952, 1.500000000000000888 ) ;
#1787 = DIRECTION ( 'NONE',  ( 0.000000000000000000, 0.000000000000000000, 1.000000000000000000 ) ) ;
#1788 = AXIS2_PLACEMENT_3D ( 'NONE', #2213, #2244, #3470 ) ;
#1789 = EDGE_CURVE ( 'NONE', #1872, #2137, #1408, .T. ) ;
#1790 = DIRECTION ( 'NONE',  ( 0.000000000000000000, 0.000000000000000000, 1.000000000000000000 ) ) ;
#1791 = DIRECTION ( 'NONE',  ( 0.000000000000000000, -1.000000000000000000, 0.000000000000000000 ) ) ;
#1792 = ORIENTED_EDGE ( 'NONE', *, *, #284, .F. ) ;
#1793 = EDGE_CURVE ( 'NONE', #2964, #1253, #1491, .T. ) ;
#1794 = CARTESIAN_POINT ( 'NONE',  ( 5.696408214467822972, -1.500000000000000222, 1.836970198721030920E-16 ) ) ;
#1795 = DIRECTION ( 'NONE',  ( -1.000000000000000000, -0.000000000000000000, -0.000000000000000000 ) ) ;
#1796 = DIRECTION ( 'NONE',  ( -1.000000000000000000, -1.224606353822377258E-16, -0.000000000000000000 ) ) ;
#1797 = ORIENTED_EDGE ( 'NONE', *, *, #3078, .F. ) ;
#1798 = CARTESIAN_POINT ( 'NONE',  ( 4.999999999999999112, -1.219500000000000028, 1.665213485140614613E-16 ) ) ;
#1799 = DIRECTION ( 'NONE',  ( 0.000000000000000000, -1.000000000000000000, 0.000000000000000000 ) ) ;
#1800 = EDGE_LOOP ( 'NONE', ( #1883, #789, #841, #816, #509 ) ) ;
#1801 = DIRECTION ( 'NONE',  ( -1.000000000000000000, -0.000000000000000000, -0.000000000000000000 ) ) ;
#1802 = VERTEX_POINT ( 'NONE', #1145 ) ;
#1803 = PLANE ( 'NONE',  #693 ) ;
#1804 = ORIENTED_EDGE ( 'NONE', *, *, #1830, .F. ) ;
#1805 = CARTESIAN_POINT ( 'NONE',  ( 9.803591785532175251, 1.836970198721022785E-16, -1.500000000000000888 ) ) ;
#1806 = DIRECTION ( 'NONE',  ( -1.000000000000000000, -0.000000000000000000, -0.000000000000000000 ) ) ;
#1807 = FACE_OUTER_BOUND ( 'NONE', #835, .T. ) ;
#1808 = ORIENTED_EDGE ( 'NONE', *, *, #2525, .F. ) ;
#1809 = EDGE_CURVE ( 'NONE', #1414, #925, #1325, .T. ) ;
#1810 = CARTESIAN_POINT ( 'NONE',  ( 4.696408214467822972, 9.639376512966943232E-16, 0.000000000000000000 ) ) ;
#1811 = CARTESIAN_POINT ( 'NONE',  ( 8.803591785532175251, 9.158331018206532694E-16, 0.000000000000000000 ) ) ;
#1812 = ORIENTED_EDGE ( 'NONE', *, *, #2257, .T. ) ;
#1813 = ADVANCED_FACE ( 'NONE', ( #3943 ), #681, .T. ) ;
#1814 = EDGE_CURVE ( 'NONE', #1832, #1450, #2714, .T. ) ;
#1815 = FACE_OUTER_BOUND ( 'NONE', #532, .T. ) ;
#1816 = LINE ( 'NONE', #2987, #3592 ) ;
#1817 = ORIENTED_EDGE ( 'NONE', *, *, #3119, .T. ) ;
#1818 = AXIS2_PLACEMENT_3D ( 'NONE', #3743, #382, #2513 ) ;
#1819 = LINE ( 'NONE', #2537, #1451 ) ;
#1820 = ORIENTED_EDGE ( 'NONE', *, *, #1280, .F. ) ;
#1821 = EDGE_CURVE ( 'NONE', #224, #843, #2932, .T. ) ;
#1822 = VECTOR ( 'NONE', #1727, 1000.000000000000114 ) ;
#1823 = DIRECTION ( 'NONE',  ( 1.000000000000000000, 0.000000000000000000, 0.000000000000000000 ) ) ;
#1824 = ORIENTED_EDGE ( 'NONE', *, *, #193, .T. ) ;
#1825 = DIRECTION ( 'NONE',  ( -1.000000000000000000, -0.000000000000000000, -0.000000000000000000 ) ) ;
#1826 = AXIS2_PLACEMENT_3D ( 'NONE', #3431, #694, #3167 ) ;
#1827 = DIRECTION ( 'NONE',  ( -1.000000000000000000, -0.000000000000000000, -0.000000000000000000 ) ) ;
#1828 = ORIENTED_EDGE ( 'NONE', *, *, #733, .F. ) ;
#1829 = DIRECTION ( 'NONE',  ( -1.000000000000000000, -1.224606353822377258E-16, -0.000000000000000000 ) ) ;
#1830 = EDGE_CURVE ( 'NONE', #1478, #2766, #424, .T. ) ;
#1831 = LINE ( 'NONE', #526, #2789 ) ;
#1832 = VERTEX_POINT ( 'NONE', #2044 ) ;
#1833 = CIRCLE ( 'NONE', #3117, 1.500000000000000888 ) ;
#1834 = DIRECTION ( 'NONE',  ( -1.000000000000000000, -0.000000000000000000, -0.000000000000000000 ) ) ;
#1835 = DIRECTION ( 'NONE',  ( 1.000000000000000000, 1.224606353822377258E-16, 0.000000000000000000 ) ) ;
#1836 = ORIENTED_EDGE ( 'NONE', *, *, #882, .F. ) ;
#1837 = EDGE_CURVE ( 'NONE', #336, #1874, #556, .T. ) ;
#1838 = FACE_OUTER_BOUND ( 'NONE', #2199, .T. ) ;
#1839 = VERTEX_POINT ( 'NONE', #218 ) ;
#1840 = AXIS2_PLACEMENT_3D ( 'NONE', #793, #2693, #1097 ) ;
#1841 = VECTOR ( 'NONE', #995, 1000.000000000000114 ) ;
#1842 = AXIS2_PLACEMENT_3D ( 'NONE', #2639, #2601, #149 ) ;
#1843 = FACE_BOUND ( 'NONE', #2300, .T. ) ;
#1844 = ORIENTED_EDGE ( 'NONE', *, *, #808, .F. ) ;
#1845 = EDGE_CURVE ( 'NONE', #670, #3499, #40, .T. ) ;
#1846 = VECTOR ( 'NONE', #2468, 1000.000000000000114 ) ;
#1847 = CIRCLE ( 'NONE', #3717, 1.500000000000000888 ) ;
#1848 = VECTOR ( 'NONE', #2752, 1000.000000000000000 ) ;
#1849 = DIRECTION ( 'NONE',  ( 1.000000000000000000, 1.224606353822377258E-16, 0.000000000000000000 ) ) ;
#1850 = EDGE_LOOP ( 'NONE', ( #1876, #3225, #1238, #1123, #168 ) ) ;
#1851 = CARTESIAN_POINT ( 'NONE',  ( 6.803591785532175251, -1.499999999999998446, 0.000000000000000000 ) ) ;
#1852 = AXIS2_PLACEMENT_3D ( 'NONE', #3312, #1777, #2534 ) ;
#1853 = CARTESIAN_POINT ( 'NONE',  ( 12.30359178553217525, 1.836970198721022785E-16, -1.500000000000000888 ) ) ;
#1854 = EDGE_LOOP ( 'NONE', ( #767, #3445, #1229, #1393, #961, #2256 ) ) ;
#1855 = CIRCLE ( 'NONE', #3407, 1.500000000000000888 ) ;
#1856 = CARTESIAN_POINT ( 'NONE',  ( 5.196408214467822972, 9.639376512966943232E-16, 0.000000000000000000 ) ) ;
#1857 = ORIENTED_EDGE ( 'NONE', *, *, #3034, .F. ) ;
#1858 = DIRECTION ( 'NONE',  ( 0.000000000000000000, 1.000000000000000000, 0.000000000000000000 ) ) ;
#1859 = ORIENTED_EDGE ( 'NONE', *, *, #15, .T. ) ;
#1860 = EDGE_CURVE ( 'NONE', #156, #2488, #3325, .T. ) ;
#1861 = CARTESIAN_POINT ( 'NONE',  ( 6.196408214467822084, -1.500000000000000000, 1.836970198721030920E-16 ) ) ;
#1862 = EDGE_LOOP ( 'NONE', ( #2761, #377, #2538, #1049, #3606 ) ) ;
#1863 = EDGE_CURVE ( 'NONE', #1722, #1356, #1640, .T. ) ;
#1864 = DIRECTION ( 'NONE',  ( 0.000000000000000000, -1.000000000000000000, 0.000000000000000000 ) ) ;
#1865 = DIRECTION ( 'NONE',  ( 1.000000000000000000, 1.224606353822377258E-16, 0.000000000000000000 ) ) ;
#1866 = ORIENTED_EDGE ( 'NONE', *, *, #2525, .T. ) ;
#1867 = DIRECTION ( 'NONE',  ( 0.000000000000000000, 0.000000000000000000, 1.000000000000000000 ) ) ;
#1868 = FACE_OUTER_BOUND ( 'NONE', #2367, .T. ) ;
#1869 = ORIENTED_EDGE ( 'NONE', *, *, #1984, .T. ) ;
#1870 = SURFACE_STYLE_FILL_AREA ( #2823 ) ;
#1871 = DIRECTION ( 'NONE',  ( -1.000000000000000000, -1.224606353822377258E-16, -0.000000000000000000 ) ) ;
#1872 = VERTEX_POINT ( 'NONE', #735 ) ;
#1873 = DIRECTION ( 'NONE',  ( 0.000000000000000000, 1.000000000000000000, 0.000000000000000000 ) ) ;
#1874 = VERTEX_POINT ( 'NONE', #3738 ) ;
#1875 = DIRECTION ( 'NONE',  ( -1.000000000000000000, -1.224606353822377258E-16, -0.000000000000000000 ) ) ;
#1876 = ORIENTED_EDGE ( 'NONE', *, *, #3240, .F. ) ;
#1877 = DIRECTION ( 'NONE',  ( -1.000000000000000000, -1.224606353822377258E-16, -0.000000000000000000 ) ) ;
#1878 = EDGE_CURVE ( 'NONE', #3868, #2036, #2026, .T. ) ;
#1879 = AXIS2_PLACEMENT_3D ( 'NONE', #1350, #2002, #2856 ) ;
#1880 = CARTESIAN_POINT ( 'NONE',  ( 1.300000000000000044, 1.543054966925665076E-16, -1.260000000000000009 ) ) ;
#1881 = EDGE_CURVE ( 'NONE', #2886, #2857, #2788, .T. ) ;
#1882 = CARTESIAN_POINT ( 'NONE',  ( 5.303591785532174363, 9.158331018206532694E-16, 0.000000000000000000 ) ) ;
#1883 = ORIENTED_EDGE ( 'NONE', *, *, #1227, .F. ) ;
#1884 = AXIS2_PLACEMENT_3D ( 'NONE', #3287, #285, #1129 ) ;
#1885 = CARTESIAN_POINT ( 'NONE',  ( 8.196408214467822972, -1.500000000000000000, 1.836970198721030920E-16 ) ) ;
#1886 = EDGE_CURVE ( 'NONE', #1334, #1615, #3000, .T. ) ;
#1887 = DIRECTION ( 'NONE',  ( -1.000000000000000000, -1.224606353822377258E-16, -0.000000000000000000 ) ) ;
#1888 = ORIENTED_EDGE ( 'NONE', *, *, #3195, .T. ) ;
#1889 = CARTESIAN_POINT ( 'NONE',  ( 9.696408214467822972, 9.639376512966943232E-16, 0.000000000000000000 ) ) ;
#1890 = ORIENTED_EDGE ( 'NONE', *, *, #1984, .F. ) ;
#1891 = AXIS2_PLACEMENT_3D ( 'NONE', #975, #3091, #1873 ) ;
#1892 = CARTESIAN_POINT ( 'NONE',  ( 5.303591785532174363, 9.158331018206532694E-16, 0.000000000000000000 ) ) ;
#1893 = ORIENTED_EDGE ( 'NONE', *, *, #53, .F. ) ;
#1894 = VECTOR ( 'NONE', #2743, 1000.000000000000114 ) ;
#1895 = DIRECTION ( 'NONE',  ( 0.000000000000000000, -1.000000000000000000, 0.000000000000000000 ) ) ;
#1896 = ORIENTED_EDGE ( 'NONE', *, *, #2114, .T. ) ;
#1897 = CARTESIAN_POINT ( 'NONE',  ( 12.50000000000000000, 9.398853765586739935E-16, 0.000000000000000000 ) ) ;
#1898 = AXIS2_PLACEMENT_3D ( 'NONE', #2713, #3577, #1119 ) ;
#1899 = AXIS2_PLACEMENT_3D ( 'NONE', #2958, #2327, #521 ) ;
#1900 = CARTESIAN_POINT ( 'NONE',  ( 4.696408214467822972, 1.836970198721021799E-16, -1.500000000000000888 ) ) ;
#1901 = CONICAL_SURFACE ( 'NONE', #3580, 1.260000000000000009, 1.047197551196593190 ) ;
#1902 = DIRECTION ( 'NONE',  ( -0.5735764363510489350, 0.8191520442889898002, 1.003171929053522405E-16 ) ) ;
#1903 = EDGE_CURVE ( 'NONE', #1949, #930, #1707, .T. ) ;
#1904 = AXIS2_PLACEMENT_3D ( 'NONE', #3898, #2130, #3619 ) ;
#1905 = UNCERTAINTY_MEASURE_WITH_UNIT (LENGTH_MEASURE( 1.000000000000000082E-05 ), #308, 'distance_accuracy_value', 'NONE');
#1906 = DIRECTION ( 'NONE',  ( 0.000000000000000000, 0.000000000000000000, 1.000000000000000000 ) ) ;
#1907 = DIRECTION ( 'NONE',  ( 0.000000000000000000, 0.000000000000000000, 1.000000000000000000 ) ) ;
#1908 = AXIS2_PLACEMENT_3D ( 'NONE', #1552, #2455, #1867 ) ;
#1909 = AXIS2_PLACEMENT_3D ( 'NONE', #3455, #2846, #56 ) ;
#1910 = ORIENTED_EDGE ( 'NONE', *, *, #2382, .F. ) ;
#1911 = EDGE_CURVE ( 'NONE', #3604, #2069, #1937, .T. ) ;
#1912 = AXIS2_PLACEMENT_3D ( 'NONE', #855, #3916, #2074 ) ;
#1913 = LINE ( 'NONE', #2139, #421 ) ;
#1914 = DIRECTION ( 'NONE',  ( -1.000000000000000000, -1.224606353822377258E-16, -0.000000000000000000 ) ) ;
#1915 = ORIENTED_EDGE ( 'NONE', *, *, #162, .F. ) ;
#1916 = CARTESIAN_POINT ( 'NONE',  ( 5.500000000000000000, 1.219500000000001805, 1.493456771560198305E-16 ) ) ;
#1917 = ORIENTED_EDGE ( 'NONE', *, *, #800, .F. ) ;
#1918 = CARTESIAN_POINT ( 'NONE',  ( 8.196408214467822972, -1.500000000000000222, 1.836970198721030920E-16 ) ) ;
#1919 = ORIENTED_EDGE ( 'NONE', *, *, #389, .F. ) ;
#1920 = CARTESIAN_POINT ( 'NONE',  ( 7.196408214467822972, -7.703719777548943412E-31, 1.500000000000000888 ) ) ;
#1921 = DIRECTION ( 'NONE',  ( -1.000000000000000000, -1.224606353822377258E-16, -0.000000000000000000 ) ) ;
#1922 = DIRECTION ( 'NONE',  ( 0.000000000000000000, -1.000000000000000000, 0.000000000000000000 ) ) ;
#1923 = VERTEX_POINT ( 'NONE', #3795 ) ;
#1924 = DIRECTION ( 'NONE',  ( -1.000000000000000000, -1.224606353822377258E-16, -0.000000000000000000 ) ) ;
#1925 = DIRECTION ( 'NONE',  ( -1.000000000000000000, -1.224606353822377258E-16, -0.000000000000000000 ) ) ;
#1926 = EDGE_CURVE ( 'NONE', #101, #850, #3966, .T. ) ;
#1927 = ORIENTED_EDGE ( 'NONE', *, *, #236, .F. ) ;
#1928 = DIRECTION ( 'NONE',  ( 0.000000000000000000, -1.000000000000000000, 0.000000000000000000 ) ) ;
#1929 = ORIENTED_EDGE ( 'NONE', *, *, #794, .F. ) ;
#1930 = LINE ( 'NONE', #2561, #418 ) ;
#1931 = EDGE_CURVE ( 'NONE', #672, #1509, #2225, .T. ) ;
#1932 = EDGE_CURVE ( 'NONE', #3230, #255, #33, .T. ) ;
#1933 = ORIENTED_EDGE ( 'NONE', *, *, #2025, .T. ) ;
#1934 = LINE ( 'NONE', #752, #3637 ) ;
#1935 = LINE ( 'NONE', #1861, #3202 ) ;
#1936 = ORIENTED_EDGE ( 'NONE', *, *, #2602, .F. ) ;
#1937 = LINE ( 'NONE', #2848, #361 ) ;
#1938 = EDGE_CURVE ( 'NONE', #3872, #1195, #3767, .T. ) ;
#1939 = CARTESIAN_POINT ( 'NONE',  ( 5.696408214467822972, 9.639376512966943232E-16, 0.000000000000000000 ) ) ;
#1940 = CIRCLE ( 'NONE', #2461, 1.219500000000000917 ) ;
#1941 = DIRECTION ( 'NONE',  ( -1.000000000000000000, -0.000000000000000000, -0.000000000000000000 ) ) ;
#1942 = ORIENTED_EDGE ( 'NONE', *, *, #639, .T. ) ;
#1943 = CIRCLE ( 'NONE', #214, 1.500000000000000888 ) ;
#1944 = DIRECTION ( 'NONE',  ( 0.000000000000000000, -1.000000000000000000, 0.000000000000000000 ) ) ;
#1945 = LINE ( 'NONE', #2879, #2401 ) ;
#1946 = VERTEX_POINT ( 'NONE', #394 ) ;
#1947 = CIRCLE ( 'NONE', #2985, 1.219500000000000917 ) ;
#1948 = CARTESIAN_POINT ( 'NONE',  ( 10.19640821446782297, -1.500000000000000000, 1.836970198721030920E-16 ) ) ;
#1949 = VERTEX_POINT ( 'NONE', #965 ) ;
#1950 = DIRECTION ( 'NONE',  ( -0.5735764363510489350, 0.8191520442889898002, 1.003171929053522405E-16 ) ) ;
#1951 = ORIENTED_EDGE ( 'NONE', *, *, #1250, .F. ) ;
#1952 = ADVANCED_FACE ( 'NONE', ( #2187 ), #1001, .T. ) ;
#1953 = FACE_OUTER_BOUND ( 'NONE', #2277, .T. ) ;
#1954 = DIRECTION ( 'NONE',  ( -1.000000000000000000, -0.000000000000000000, -0.000000000000000000 ) ) ;
#1955 = ORIENTED_EDGE ( 'NONE', *, *, #270, .T. ) ;
#1956 = CARTESIAN_POINT ( 'NONE',  ( 8.000000000000000000, 9.398853765586739935E-16, 0.000000000000000000 ) ) ;
#1957 = AXIS2_PLACEMENT_3D ( 'NONE', #1892, #1711, #466 ) ;
#1958 = EDGE_CURVE ( 'NONE', #3028, #1140, #1521, .T. ) ;
#1959 = DIRECTION ( 'NONE',  ( -1.000000000000000000, -1.224606353822377258E-16, -0.000000000000000000 ) ) ;
#1960 = CARTESIAN_POINT ( 'NONE',  ( -31.74999999999995737, 1.836970198721029441E-16, -1.499999999999999556 ) ) ;
#1961 = ORIENTED_EDGE ( 'NONE', *, *, #1207, .F. ) ;
#1962 = AXIS2_PLACEMENT_3D ( 'NONE', #1039, #1059, #2895 ) ;
#1963 = AXIS2_PLACEMENT_3D ( 'NONE', #658, #3332, #16 ) ;
#1964 = DIRECTION ( 'NONE',  ( -1.000000000000000000, -1.224606353822377258E-16, -0.000000000000000000 ) ) ;
#1965 = CARTESIAN_POINT ( 'NONE',  ( 5.803591785532174363, 1.836970198721022785E-16, -1.500000000000000888 ) ) ;
#1966 = ORIENTED_EDGE ( 'NONE', *, *, #2410, .F. ) ;
#1967 = CONICAL_SURFACE ( 'NONE', #563, 1.219500000000000917, 0.9599310885968779239 ) ;
#1968 = CIRCLE ( 'NONE', #3521, 1.219500000000000917 ) ;
#1969 = CIRCLE ( 'NONE', #628, 1.219500000000000028 ) ;
#1970 = DIRECTION ( 'NONE',  ( -1.000000000000000000, -0.000000000000000000, -0.000000000000000000 ) ) ;
#1971 = ORIENTED_EDGE ( 'NONE', *, *, #1476, .T. ) ;
#1972 = VECTOR ( 'NONE', #2923, 1000.000000000000114 ) ;
#1973 = DIRECTION ( 'NONE',  ( -1.000000000000000000, -1.224606353822377258E-16, -0.000000000000000000 ) ) ;
#1974 = VERTEX_POINT ( 'NONE', #352 ) ;
#1975 = CIRCLE ( 'NONE', #59, 1.500000000000000888 ) ;
#1976 = CARTESIAN_POINT ( 'NONE',  ( 3.000000000000002665, 0.000000000000000000, 2.750000000000000000 ) ) ;
#1977 = DIRECTION ( 'NONE',  ( 0.000000000000000000, -1.000000000000000000, 0.000000000000000000 ) ) ;
#1978 = ORIENTED_EDGE ( 'NONE', *, *, #533, .F. ) ;
#1979 = FACE_OUTER_BOUND ( 'NONE', #3155, .T. ) ;
#1980 = EDGE_CURVE ( 'NONE', #320, #89, #2509, .T. ) ;
#1981 = LINE ( 'NONE', #3216, #564 ) ;
#1982 = DIRECTION ( 'NONE',  ( -0.5735764363510487129, -0.8191520442889899112, 0.000000000000000000 ) ) ;
#1983 = EDGE_CURVE ( 'NONE', #2809, #3172, #2020, .T. ) ;
#1984 = EDGE_CURVE ( 'NONE', #592, #3279, #3322, .T. ) ;
#1985 = DIRECTION ( 'NONE',  ( 0.000000000000000000, -1.000000000000000000, 0.000000000000000000 ) ) ;
#1986 = CARTESIAN_POINT ( 'NONE',  ( 0.000000000000000000, -0.7274613391789266359, 1.260000000000003118 ) ) ;
#1987 = ORIENTED_EDGE ( 'NONE', *, *, #135, .T. ) ;
#1988 = FACE_OUTER_BOUND ( 'NONE', #1854, .T. ) ;
#1989 = ORIENTED_EDGE ( 'NONE', *, *, #2439, .F. ) ;
#1990 = CARTESIAN_POINT ( 'NONE',  ( 9.303591785532173475, 9.158331018206532694E-16, 0.000000000000000000 ) ) ;
#1991 = ORIENTED_EDGE ( 'NONE', *, *, #2153, .F. ) ;
#1992 = CARTESIAN_POINT ( 'NONE',  ( 8.500000000000000000, -1.219500000000000028, 1.665213485140614613E-16 ) ) ;
#1993 = CARTESIAN_POINT ( 'NONE',  ( 7.303591785532174363, 9.158331018206532694E-16, 0.000000000000000000 ) ) ;
#1994 = VERTEX_POINT ( 'NONE', #1920 ) ;
#1995 = DIRECTION ( 'NONE',  ( 1.000000000000000000, 1.224606353822377258E-16, 0.000000000000000000 ) ) ;
#1996 = ADVANCED_FACE ( 'NONE', ( #673 ), #678, .T. ) ;
#1997 = CARTESIAN_POINT ( 'NONE',  ( 11.69640821446782297, 9.639376512966943232E-16, 0.000000000000000000 ) ) ;
#1998 = DIRECTION ( 'NONE',  ( -1.000000000000000000, -1.224606353822377258E-16, -0.000000000000000000 ) ) ;
#1999 = PRODUCT_CONTEXT ( 'NONE', #2569, 'mechanical' ) ;
#2000 = ADVANCED_FACE ( 'NONE', ( #3174 ), #378, .T. ) ;
#2001 = DIRECTION ( 'NONE',  ( -1.000000000000000000, -1.224606353822377258E-16, -0.000000000000000000 ) ) ;
#2002 = DIRECTION ( 'NONE',  ( 0.000000000000000000, -1.043274026900804680E-15, -1.000000000000000000 ) ) ;
#2003 = ORIENTED_EDGE ( 'NONE', *, *, #2508, .F. ) ;
#2004 = AXIS2_PLACEMENT_3D ( 'NONE', #3561, #797, #764 ) ;
#2005 = EDGE_CURVE ( 'NONE', #3734, #2067, #413, .T. ) ;
#2006 = DIRECTION ( 'NONE',  ( -1.000000000000000000, -0.000000000000000000, -0.000000000000000000 ) ) ;
#2007 = ORIENTED_EDGE ( 'NONE', *, *, #1404, .T. ) ;
#2008 = LINE ( 'NONE', #2030, #3441 ) ;
#2009 = ORIENTED_EDGE ( 'NONE', *, *, #3729, .T. ) ;
#2010 = DIRECTION ( 'NONE',  ( -0.5735764363510487129, -0.8191520442889899112, 0.000000000000000000 ) ) ;
#2011 = DIRECTION ( 'NONE',  ( 0.000000000000000000, -1.000000000000000000, 1.490391467001149289E-15 ) ) ;
#2012 = ORIENTED_EDGE ( 'NONE', *, *, #2078, .T. ) ;
#2013 = DIRECTION ( 'NONE',  ( -1.000000000000000000, -0.000000000000000000, -0.000000000000000000 ) ) ;
#2014 = ORIENTED_EDGE ( 'NONE', *, *, #2451, .T. ) ;
#2015 = CARTESIAN_POINT ( 'NONE',  ( -31.74999999999995737, 0.000000000000000000, 0.000000000000000000 ) ) ;
#2016 = DIRECTION ( 'NONE',  ( 0.000000000000000000, -1.000000000000000000, 0.000000000000000000 ) ) ;
#2017 = CIRCLE ( 'NONE', #3062, 1.500000000000000888 ) ;
#2018 = CIRCLE ( 'NONE', #2926, 1.500000000000000888 ) ;
#2019 = APPLICATION_PROTOCOL_DEFINITION ( 'draft international standard', 'automotive_design', 1998, #2569 ) ;
#2020 = CIRCLE ( 'NONE', #2797, 0.2999999999999999334 ) ;
#2021 = CARTESIAN_POINT ( 'NONE',  ( 12.99999999999999822, 0.000000000000000000, 1.219500000000000028 ) ) ;
#2022 = DIRECTION ( 'NONE',  ( 0.5735764363510454933, -0.8191520442889922426, 1.003171929053525363E-16 ) ) ;
#2023 = AXIS2_PLACEMENT_3D ( 'NONE', #720, #2873, #1682 ) ;
#2024 = ORIENTED_EDGE ( 'NONE', *, *, #660, .F. ) ;
#2025 = EDGE_CURVE ( 'NONE', #44, #2426, #3963, .T. ) ;
#2026 = CIRCLE ( 'NONE', #3326, 1.260000000000000009 ) ;
#2027 = CIRCLE ( 'NONE', #300, 1.500000000000000888 ) ;
#2028 = LINE ( 'NONE', #3668, #625 ) ;
#2029 = ORIENTED_EDGE ( 'NONE', *, *, #3853, .F. ) ;
#2030 = CARTESIAN_POINT ( 'NONE',  ( 4.999999999999999112, 1.219500000000001805, 1.493456771560198305E-16 ) ) ;
#2031 = CIRCLE ( 'NONE', #1009, 1.500000000000000888 ) ;
#2032 = ORIENTED_EDGE ( 'NONE', *, *, #2203, .F. ) ;
#2033 = ADVANCED_FACE ( 'NONE', ( #1979 ), #3968, .T. ) ;
#2034 = DIRECTION ( 'NONE',  ( 0.000000000000000000, -1.000000000000000000, 0.000000000000000000 ) ) ;
#2035 = CARTESIAN_POINT ( 'NONE',  ( 12.19640821446782297, -1.500000000000000000, 1.836970198721030920E-16 ) ) ;
#2036 = VERTEX_POINT ( 'NONE', #1680 ) ;
#2037 = DIRECTION ( 'NONE',  ( -1.000000000000000000, -1.224606353822377258E-16, -0.000000000000000000 ) ) ;
#2038 = ORIENTED_EDGE ( 'NONE', *, *, #266, .F. ) ;
#2039 = CONICAL_SURFACE ( 'NONE', #307, 1.219500000000000917, 0.9599310885968779239 ) ;
#2040 = ORIENTED_EDGE ( 'NONE', *, *, #3420, .T. ) ;
#2041 = DIRECTION ( 'NONE',  ( -1.000000000000000000, -1.224606353822377258E-16, -0.000000000000000000 ) ) ;
#2042 = CARTESIAN_POINT ( 'NONE',  ( 4.303591785532174363, 1.836970198721022785E-16, -1.500000000000000888 ) ) ;
#2043 = FILL_AREA_STYLE_COLOUR ( '', #2223 ) ;
#2044 = CARTESIAN_POINT ( 'NONE',  ( 9.999999999999998224, 1.219500000000001805, 0.000000000000000000 ) ) ;
#2045 = DIRECTION ( 'NONE',  ( 0.000000000000000000, -1.000000000000000000, 0.000000000000000000 ) ) ;
#2046 = AXIS2_PLACEMENT_3D ( 'NONE', #2968, #132, #815 ) ;
#2047 = ORIENTED_EDGE ( 'NONE', *, *, #1903, .T. ) ;
#2048 = FACE_OUTER_BOUND ( 'NONE', #798, .T. ) ;
#2049 = ORIENTED_EDGE ( 'NONE', *, *, #1120, .T. ) ;
#2050 = ADVANCED_FACE ( 'NONE', ( #1076 ), #1360, .F. ) ;
#2051 = DIRECTION ( 'NONE',  ( 0.5735764363510452712, 0.8191520442889924647, 0.000000000000000000 ) ) ;
#2052 = ORIENTED_EDGE ( 'NONE', *, *, #2704, .F. ) ;
#2053 = CARTESIAN_POINT ( 'NONE',  ( 9.696408214467822972, 9.639376512966943232E-16, 0.000000000000000000 ) ) ;
#2054 = CARTESIAN_POINT ( 'NONE',  ( 5.696408214467822972, 1.500000000000001554, 0.000000000000000000 ) ) ;
#2055 = ORIENTED_EDGE ( 'NONE', *, *, #1225, .T. ) ;
#2056 = EDGE_CURVE ( 'NONE', #2137, #3913, #2226, .T. ) ;
#2057 = DIRECTION ( 'NONE',  ( -1.000000000000000000, -0.000000000000000000, -0.000000000000000000 ) ) ;
#2058 = ORIENTED_EDGE ( 'NONE', *, *, #87, .T. ) ;
#2059 = CARTESIAN_POINT ( 'NONE',  ( 13.00000000000000178, 1.219500000000000028, 0.000000000000000000 ) ) ;
#2060 = ORIENTED_EDGE ( 'NONE', *, *, #2471, .T. ) ;
#2061 = EDGE_CURVE ( 'NONE', #3590, #729, #491, .T. ) ;
#2062 = CARTESIAN_POINT ( 'NONE',  ( -31.74999999999995737, 0.000000000000000000, 0.000000000000000000 ) ) ;
#2063 = FACE_OUTER_BOUND ( 'NONE', #1441, .T. ) ;
#2064 =( NAMED_UNIT ( * ) PLANE_ANGLE_UNIT ( ) SI_UNIT ( $, .RADIAN. ) );
#2065 = DIRECTION ( 'NONE',  ( 0.000000000000000000, -1.000000000000000000, 0.000000000000000000 ) ) ;
#2066 = CARTESIAN_POINT ( 'NONE',  ( 9.303591785532173475, 9.158331018206532694E-16, 0.000000000000000000 ) ) ;
#2067 = VERTEX_POINT ( 'NONE', #1401 ) ;
#2068 = DIRECTION ( 'NONE',  ( 0.000000000000000000, 0.000000000000000000, 1.000000000000000000 ) ) ;
#2069 = VERTEX_POINT ( 'NONE', #2953 ) ;
#2070 = DIRECTION ( 'NONE',  ( 0.000000000000000000, -1.000000000000000000, 0.000000000000000000 ) ) ;
#2071 = ORIENTED_EDGE ( 'NONE', *, *, #1931, .T. ) ;
#2072 = DIRECTION ( 'NONE',  ( -1.000000000000000000, -1.224606353822377258E-16, -0.000000000000000000 ) ) ;
#2073 = CIRCLE ( 'NONE', #342, 1.500000000000000888 ) ;
#2074 = DIRECTION ( 'NONE',  ( 0.000000000000000000, -1.000000000000000000, 0.000000000000000000 ) ) ;
#2075 = ORIENTED_EDGE ( 'NONE', *, *, #660, .T. ) ;
#2076 = DIRECTION ( 'NONE',  ( 0.000000000000000000, -1.000000000000000000, 1.043274026900804680E-15 ) ) ;
#2077 = VERTEX_POINT ( 'NONE', #192 ) ;
#2078 = EDGE_CURVE ( 'NONE', #3986, #3210, #1326, .T. ) ;
#2079 = VECTOR ( 'NONE', #2420, 1000.000000000000000 ) ;
#2080 = CARTESIAN_POINT ( 'NONE',  ( 4.999999999999999112, 9.398853765586739935E-16, 0.000000000000000000 ) ) ;
#2081 = ORIENTED_EDGE ( 'NONE', *, *, #3001, .T. ) ;
#2082 = DIRECTION ( 'NONE',  ( 0.000000000000000000, 0.000000000000000000, 1.000000000000000000 ) ) ;
#2083 = DIRECTION ( 'NONE',  ( -1.000000000000000000, -1.224606353822377258E-16, -0.000000000000000000 ) ) ;
#2084 = EDGE_CURVE ( 'NONE', #1158, #3678, #2933, .T. ) ;
#2085 = DIRECTION ( 'NONE',  ( 0.000000000000000000, -1.000000000000000000, 0.000000000000000000 ) ) ;
#2086 = DIRECTION ( 'NONE',  ( -1.000000000000000000, -0.000000000000000000, -0.000000000000000000 ) ) ;
#2087 = ORIENTED_EDGE ( 'NONE', *, *, #1881, .F. ) ;
#2088 = VECTOR ( 'NONE', #3887, 1000.000000000000114 ) ;
#2089 = VECTOR ( 'NONE', #1171, 1000.000000000000114 ) ;
#2090 = CARTESIAN_POINT ( 'NONE',  ( 7.803591785532174363, 9.158331018206532694E-16, 0.000000000000000000 ) ) ;
#2091 = VERTEX_POINT ( 'NONE', #3215 ) ;
#2092 = AXIS2_PLACEMENT_3D ( 'NONE', #539, #1470, #3281 ) ;
#2093 = LINE ( 'NONE', #225, #3692 ) ;
#2094 = ORIENTED_EDGE ( 'NONE', *, *, #2138, .T. ) ;
#2095 = VECTOR ( 'NONE', #3721, 1000.000000000000000 ) ;
#2096 = AXIS2_PLACEMENT_3D ( 'NONE', #3189, #2622, #1091 ) ;
#2097 = FACE_OUTER_BOUND ( 'NONE', #2107, .T. ) ;
#2098 = DIRECTION ( 'NONE',  ( 0.5735764363510454933, -0.8191520442889922426, 1.003171929053525363E-16 ) ) ;
#2099 = ORIENTED_EDGE ( 'NONE', *, *, #2951, .T. ) ;
#2100 = CIRCLE ( 'NONE', #366, 1.219500000000000917 ) ;
#2101 = CARTESIAN_POINT ( 'NONE',  ( -31.74999999999995737, 0.000000000000000000, 0.000000000000000000 ) ) ;
#2102 = AXIS2_PLACEMENT_3D ( 'NONE', #918, #291, #3675 ) ;
#2103 = ORIENTED_EDGE ( 'NONE', *, *, #2641, .T. ) ;
#2104 = CONICAL_SURFACE ( 'NONE', #2293, 1.219500000000000917, 0.9599310885968779239 ) ;
#2105 = CIRCLE ( 'NONE', #3266, 1.219500000000000917 ) ;
#2106 = FACE_OUTER_BOUND ( 'NONE', #832, .T. ) ;
#2107 = EDGE_LOOP ( 'NONE', ( #204, #987, #2259, #3424, #2342, #2711 ) ) ;
#2108 = CARTESIAN_POINT ( 'NONE',  ( 5.696408214467822972, 9.639376512966943232E-16, 0.000000000000000000 ) ) ;
#2109 = AXIS2_PLACEMENT_3D ( 'NONE', #2311, #3501, #1985 ) ;
#2110 = EDGE_CURVE ( 'NONE', #423, #2317, #2027, .T. ) ;
#2111 = CIRCLE ( 'NONE', #1213, 1.500000000000000888 ) ;
#2112 = AXIS2_PLACEMENT_3D ( 'NONE', #3015, #901, #2124 ) ;
#2113 = DIRECTION ( 'NONE',  ( 0.000000000000000000, -1.000000000000000000, 0.000000000000000000 ) ) ;
#2114 = EDGE_CURVE ( 'NONE', #852, #3037, #814, .T. ) ;
#2115 = EDGE_CURVE ( 'NONE', #830, #3021, #1855, .T. ) ;
#2116 = CARTESIAN_POINT ( 'NONE',  ( 3.099999999999998757, 0.000000000000000000, 0.000000000000000000 ) ) ;
#2117 = EDGE_LOOP ( 'NONE', ( #3627, #2463, #2339, #2158, #2635, #3575 ) ) ;
#2118 = CYLINDRICAL_SURFACE ( 'NONE', #2871, 1.499999999999999556 ) ;
#2119 = CIRCLE ( 'NONE', #258, 1.500000000000000888 ) ;
#2120 = EDGE_CURVE ( 'NONE', #2638, #2847, #2119, .T. ) ;
#2121 = CARTESIAN_POINT ( 'NONE',  ( 4.696408214467822972, 1.500000000000001776, 0.000000000000000000 ) ) ;
#2122 = VERTEX_POINT ( 'NONE', #3891 ) ;
#2123 = CARTESIAN_POINT ( 'NONE',  ( 9.696408214467822972, 1.836970198721022785E-16, -1.500000000000000888 ) ) ;
#2124 = DIRECTION ( 'NONE',  ( 0.000000000000000000, -1.000000000000000000, 0.000000000000000000 ) ) ;
#2125 = ORIENTED_EDGE ( 'NONE', *, *, #887, .T. ) ;
#2126 = DIRECTION ( 'NONE',  ( -0.5735764363510489350, 0.8191520442889898002, 1.003171929053522405E-16 ) ) ;
#2127 = ORIENTED_EDGE ( 'NONE', *, *, #2382, .T. ) ;
#2128 = FACE_OUTER_BOUND ( 'NONE', #2774, .T. ) ;
#2129 = ORIENTED_EDGE ( 'NONE', *, *, #977, .T. ) ;
#2130 = DIRECTION ( 'NONE',  ( -1.000000000000000000, -0.000000000000000000, -0.000000000000000000 ) ) ;
#2131 = EDGE_CURVE ( 'NONE', #1874, #3913, #208, .T. ) ;
#2132 = DIRECTION ( 'NONE',  ( 0.000000000000000000, 0.000000000000000000, 1.000000000000000000 ) ) ;
#2133 = ORIENTED_EDGE ( 'NONE', *, *, #1980, .T. ) ;
#2134 = EDGE_CURVE ( 'NONE', #1696, #1053, #581, .T. ) ;
#2135 = DIRECTION ( 'NONE',  ( 0.000000000000000000, -1.000000000000000000, 0.000000000000000000 ) ) ;
#2136 = DIRECTION ( 'NONE',  ( 0.000000000000000000, -1.000000000000000000, 0.000000000000000000 ) ) ;
#2137 = VERTEX_POINT ( 'NONE', #1136 ) ;
#2138 = EDGE_CURVE ( 'NONE', #2091, #1802, #2183, .T. ) ;
#2139 = CARTESIAN_POINT ( 'NONE',  ( 11.69640821446782297, 1.500000000000001776, 0.000000000000000000 ) ) ;
#2140 = DIRECTION ( 'NONE',  ( 0.000000000000000000, 0.000000000000000000, 1.000000000000000000 ) ) ;
#2141 = ORIENTED_EDGE ( 'NONE', *, *, #3055, .T. ) ;
#2142 = AXIS2_PLACEMENT_3D ( 'NONE', #446, #461, #2312 ) ;
#2143 = DIRECTION ( 'NONE',  ( 0.000000000000000000, -1.000000000000000000, 0.000000000000000000 ) ) ;
#2144 = ORIENTED_EDGE ( 'NONE', *, *, #1571, .F. ) ;
#2145 = DIRECTION ( 'NONE',  ( 0.000000000000000000, -1.000000000000000000, 0.000000000000000000 ) ) ;
#2146 = ORIENTED_EDGE ( 'NONE', *, *, #68, .T. ) ;
#2147 = CONICAL_SURFACE ( 'NONE', #1891, 1.500000000000000888, 0.9599310885968821427 ) ;
#2148 = DIRECTION ( 'NONE',  ( 0.000000000000000000, -0.4999999999999983902, 0.8660254037844394848 ) ) ;
#2149 = ADVANCED_FACE ( 'NONE', ( #839 ), #3811, .T. ) ;
#2150 = ORIENTED_EDGE ( 'NONE', *, *, #1367, .F. ) ;
#2151 = CARTESIAN_POINT ( 'NONE',  ( 7.196408214467822972, -1.500000000000000222, 1.836970198721030920E-16 ) ) ;
#2152 = DIRECTION ( 'NONE',  ( 0.000000000000000000, 1.000000000000000000, 0.000000000000000000 ) ) ;
#2153 = EDGE_CURVE ( 'NONE', #1923, #1224, #1698, .T. ) ;
#2154 = ORIENTED_EDGE ( 'NONE', *, *, #540, .T. ) ;
#2155 = AXIS2_PLACEMENT_3D ( 'NONE', #510, #810, #2034 ) ;
#2156 = CARTESIAN_POINT ( 'NONE',  ( 1.300000000000000044, -1.091192008768392840, 0.6300000000000017808 ) ) ;
#2157 = DIRECTION ( 'NONE',  ( -1.000000000000000000, -1.224606353822377258E-16, -0.000000000000000000 ) ) ;
#2158 = ORIENTED_EDGE ( 'NONE', *, *, #1245, .T. ) ;
#2159 = CARTESIAN_POINT ( 'NONE',  ( 11.50000000000000000, 9.398853765586739935E-16, 0.000000000000000000 ) ) ;
#2160 = ADVANCED_FACE ( 'NONE', ( #436 ), #1666, .T. ) ;
#2161 = AXIS2_PLACEMENT_3D ( 'NONE', #586, #501, #3043 ) ;
#2162 = ORIENTED_EDGE ( 'NONE', *, *, #1056, .F. ) ;
#2163 = AXIS2_PLACEMENT_3D ( 'NONE', #1423, #2344, #3876 ) ;
#2164 = AXIS2_PLACEMENT_3D ( 'NONE', #1022, #3854, #2546 ) ;
#2165 = DIRECTION ( 'NONE',  ( -1.000000000000000000, -1.224606353822377258E-16, -0.000000000000000000 ) ) ;
#2166 = ORIENTED_EDGE ( 'NONE', *, *, #3783, .F. ) ;
#2167 = AXIS2_PLACEMENT_3D ( 'NONE', #3392, #1970, #2941 ) ;
#2168 = CIRCLE ( 'NONE', #2164, 1.219500000000000917 ) ;
#2169 = CIRCLE ( 'NONE', #2235, 1.500000000000000888 ) ;
#2170 = DIRECTION ( 'NONE',  ( 0.000000000000000000, -1.000000000000000000, 0.000000000000000000 ) ) ;
#2171 = DIRECTION ( 'NONE',  ( 0.000000000000000000, 1.000000000000000000, 0.000000000000000000 ) ) ;
#2172 = VERTEX_POINT ( 'NONE', #1520 ) ;
#2173 = CIRCLE ( 'NONE', #3139, 1.500000000000000888 ) ;
#2174 = DIRECTION ( 'NONE',  ( 0.000000000000000000, -1.000000000000000000, 0.000000000000000000 ) ) ;
#2175 = CARTESIAN_POINT ( 'NONE',  ( 5.696408214467822972, -9.629649721936179265E-31, 1.500000000000000888 ) ) ;
#2176 = VERTEX_POINT ( 'NONE', #3038 ) ;
#2177 = ADVANCED_FACE ( 'NONE', ( #1221 ), #3954, .T. ) ;
#2178 = CARTESIAN_POINT ( 'NONE',  ( 9.000000000000001776, 9.398853765586739935E-16, 0.000000000000000000 ) ) ;
#2179 = CARTESIAN_POINT ( 'NONE',  ( 4.696408214467822972, 9.639376512966943232E-16, 0.000000000000000000 ) ) ;
#2180 = ORIENTED_EDGE ( 'NONE', *, *, #1404, .F. ) ;
#2181 = DIRECTION ( 'NONE',  ( 0.000000000000000000, -0.4999999999999985567, 0.8660254037844393737 ) ) ;
#2182 = ORIENTED_EDGE ( 'NONE', *, *, #1571, .T. ) ;
#2183 = CIRCLE ( 'NONE', #412, 1.499999999999999556 ) ;
#2184 = EDGE_CURVE ( 'NONE', #3567, #1053, #2687, .T. ) ;
#2185 = CARTESIAN_POINT ( 'NONE',  ( 10.19640821446782297, 1.500000000000001554, 0.000000000000000000 ) ) ;
#2186 = VERTEX_POINT ( 'NONE', #2406 ) ;
#2187 = FACE_OUTER_BOUND ( 'NONE', #3045, .T. ) ;
#2188 = EDGE_CURVE ( 'NONE', #3342, #209, #46, .T. ) ;
#2189 = DIRECTION ( 'NONE',  ( 0.000000000000000000, -0.5000000000000013323, -0.8660254037844380415 ) ) ;
#2190 = DIRECTION ( 'NONE',  ( 0.000000000000000000, -1.000000000000000000, 0.000000000000000000 ) ) ;
#2191 = EDGE_LOOP ( 'NONE', ( #990, #2448, #3004, #3309, #1069 ) ) ;
#2192 = LINE ( 'NONE', #605, #246 ) ;
#2193 = FACE_OUTER_BOUND ( 'NONE', #2859, .T. ) ;
#2194 = ORIENTED_EDGE ( 'NONE', *, *, #3271, .F. ) ;
#2195 = DIRECTION ( 'NONE',  ( 0.000000000000000000, 1.000000000000000000, 0.000000000000000000 ) ) ;
#2196 = DIRECTION ( 'NONE',  ( -1.000000000000000000, -1.224606353822377258E-16, -0.000000000000000000 ) ) ;
#2197 = EDGE_LOOP ( 'NONE', ( #3361, #3185, #3473, #3674, #2778, #2502 ) ) ;
#2198 = CARTESIAN_POINT ( 'NONE',  ( -31.74999999999995737, 0.000000000000000000, 0.000000000000000000 ) ) ;
#2199 = EDGE_LOOP ( 'NONE', ( #3882, #2519, #3413, #2150, #1042, #667 ) ) ;
#2200 = CARTESIAN_POINT ( 'NONE',  ( 3.099999999999998757, 1.959434878635764737E-16, 1.599999999999999645 ) ) ;
#2201 = ORIENTED_EDGE ( 'NONE', *, *, #438, .F. ) ;
#2202 = CARTESIAN_POINT ( 'NONE',  ( 1.300000000000000044, 1.454922678357858157, -9.757819552369539906E-16 ) ) ;
#2203 = EDGE_CURVE ( 'NONE', #454, #276, #551, .T. ) ;
#2204 = VECTOR ( 'NONE', #1384, 1000.000000000000000 ) ;
#2205 = DIRECTION ( 'NONE',  ( 0.000000000000000000, -1.000000000000000000, 0.000000000000000000 ) ) ;
#2206 = LINE ( 'NONE', #967, #621 ) ;
#2207 = EDGE_CURVE ( 'NONE', #3090, #391, #3631, .T. ) ;
#2208 = AXIS2_PLACEMENT_3D ( 'NONE', #1614, #3684, #986 ) ;
#2209 = DIRECTION ( 'NONE',  ( 0.000000000000000000, 1.000000000000000000, 0.000000000000000000 ) ) ;
#2210 = CARTESIAN_POINT ( 'NONE',  ( 9.803591785532175251, -7.703719777548943412E-31, 1.500000000000000888 ) ) ;
#2211 = ORIENTED_EDGE ( 'NONE', *, *, #3787, .F. ) ;
#2212 = SURFACE_STYLE_USAGE ( .BOTH. , #3730 ) ;
#2213 = CARTESIAN_POINT ( 'NONE',  ( -31.74999999999995737, 0.000000000000000000, 0.000000000000000000 ) ) ;
#2214 = ORIENTED_EDGE ( 'NONE', *, *, #39, .F. ) ;
#2215 = AXIS2_PLACEMENT_3D ( 'NONE', #1603, #652, #3472 ) ;
#2216 = DIRECTION ( 'NONE',  ( 1.000000000000000000, 0.000000000000000000, 0.000000000000000000 ) ) ;
#2217 = ORIENTED_EDGE ( 'NONE', *, *, #1502, .F. ) ;
#2218 = CONICAL_SURFACE ( 'NONE', #554, 1.500000000000000888, 0.9599310885968821427 ) ;
#2219 = AXIS2_PLACEMENT_3D ( 'NONE', #3869, #755, #1094 ) ;
#2220 = DIRECTION ( 'NONE',  ( 0.000000000000000000, -1.000000000000000000, 0.000000000000000000 ) ) ;
#2221 = ORIENTED_EDGE ( 'NONE', *, *, #3439, .T. ) ;
#2222 = DIRECTION ( 'NONE',  ( 0.000000000000000000, -1.000000000000000000, 0.000000000000000000 ) ) ;
#2223 = COLOUR_RGB ( '',1.000000000000000000, 0.9490196078431372140, 0.9098039215686274384 ) ;
#2224 = CIRCLE ( 'NONE', #297, 1.500000000000000888 ) ;
#2225 = CIRCLE ( 'NONE', #1524, 1.500000000000000888 ) ;
#2226 = CIRCLE ( 'NONE', #1842, 1.500000000000000888 ) ;
#2227 = ADVANCED_FACE ( 'NONE', ( #1237 ), #818, .T. ) ;
#2228 = LINE ( 'NONE', #379, #3708 ) ;
#2229 = CIRCLE ( 'NONE', #2243, 1.500000000000000888 ) ;
#2230 = VECTOR ( 'NONE', #1285, 999.9999999999998863 ) ;
#2231 = DIRECTION ( 'NONE',  ( -1.000000000000000000, -1.224606353822377258E-16, -0.000000000000000000 ) ) ;
#2232 = ORIENTED_EDGE ( 'NONE', *, *, #3316, .T. ) ;
#2233 = VECTOR ( 'NONE', #2427, 1000.000000000000000 ) ;
#2234 = CONICAL_SURFACE ( 'NONE', #2552, 1.500000000000000888, 0.9599310885968821427 ) ;
#2235 = AXIS2_PLACEMENT_3D ( 'NONE', #1159, #2411, #3344 ) ;
#2236 = EDGE_CURVE ( 'NONE', #3681, #2357, #3646, .T. ) ;
#2237 = ADVANCED_FACE ( 'NONE', ( #1838 ), #3054, .T. ) ;
#2238 = DIRECTION ( 'NONE',  ( -1.000000000000000000, -1.224606353822377258E-16, -0.000000000000000000 ) ) ;
#2239 = CARTESIAN_POINT ( 'NONE',  ( 9.500000000000000000, 9.398853765586739935E-16, 0.000000000000000000 ) ) ;
#2240 = CIRCLE ( 'NONE', #3454, 1.219500000000000917 ) ;
#2241 = ORIENTED_EDGE ( 'NONE', *, *, #1903, .F. ) ;
#2242 = EDGE_CURVE ( 'NONE', #3897, #785, #1448, .T. ) ;
#2243 = AXIS2_PLACEMENT_3D ( 'NONE', #1856, #3731, #3089 ) ;
#2244 = DIRECTION ( 'NONE',  ( -1.000000000000000000, -0.000000000000000000, -0.000000000000000000 ) ) ;
#2245 = EDGE_LOOP ( 'NONE', ( #3970, #2460, #765 ) ) ;
#2246 = FACE_OUTER_BOUND ( 'NONE', #2191, .T. ) ;
#2247 = EDGE_LOOP ( 'NONE', ( #1170, #3102, #2040, #3919, #292 ) ) ;
#2248 = LINE ( 'NONE', #3750, #1078 ) ;
#2249 = ORIENTED_EDGE ( 'NONE', *, *, #2520, .T. ) ;
#2250 = DIRECTION ( 'NONE',  ( 0.000000000000000000, 0.000000000000000000, 1.000000000000000000 ) ) ;
#2251 = CARTESIAN_POINT ( 'NONE',  ( 1.300000000000000044, 0.000000000000000000, 0.000000000000000000 ) ) ;
#2252 = DIRECTION ( 'NONE',  ( 0.000000000000000000, 0.8660254037844380415, -0.5000000000000012212 ) ) ;
#2253 = ORIENTED_EDGE ( 'NONE', *, *, #3114, .T. ) ;
#2254 = DIRECTION ( 'NONE',  ( 1.000000000000000000, 1.224606353822377258E-16, 0.000000000000000000 ) ) ;
#2255 = DIRECTION ( 'NONE',  ( 0.000000000000000000, -1.000000000000000000, 0.000000000000000000 ) ) ;
#2256 = ORIENTED_EDGE ( 'NONE', *, *, #367, .F. ) ;
#2257 = EDGE_CURVE ( 'NONE', #3021, #10, #2748, .T. ) ;
#2258 = CYLINDRICAL_SURFACE ( 'NONE', #889, 1.499999999999999556 ) ;
#2259 = ORIENTED_EDGE ( 'NONE', *, *, #1279, .T. ) ;
#2260 = ORIENTED_EDGE ( 'NONE', *, *, #1931, .F. ) ;
#2261 = EDGE_CURVE ( 'NONE', #711, #44, #3211, .T. ) ;
#2262 = DIRECTION ( 'NONE',  ( 0.000000000000000000, -1.000000000000000000, 0.000000000000000000 ) ) ;
#2263 = CARTESIAN_POINT ( 'NONE',  ( 4.803591785532175251, 1.500000000000000666, 1.836970198721029688E-16 ) ) ;
#2264 = ORIENTED_EDGE ( 'NONE', *, *, #1845, .F. ) ;
#2265 = CARTESIAN_POINT ( 'NONE',  ( 1.300000000000000044, 0.000000000000000000, 0.000000000000000000 ) ) ;
#2266 = CARTESIAN_POINT ( 'NONE',  ( -31.74999999999995737, 0.000000000000000000, 1.499999999999999556 ) ) ;
#2267 = DIRECTION ( 'NONE',  ( 0.000000000000000000, -1.000000000000000000, 0.000000000000000000 ) ) ;
#2268 = AXIS2_PLACEMENT_3D ( 'NONE', #281, #2086, #244 ) ;
#2269 = CARTESIAN_POINT ( 'NONE',  ( 6.303591785532174363, 9.158331018206532694E-16, 0.000000000000000000 ) ) ;
#2270 = DIRECTION ( 'NONE',  ( -1.000000000000000000, -1.224606353822377258E-16, -0.000000000000000000 ) ) ;
#2271 = ORIENTED_EDGE ( 'NONE', *, *, #2061, .T. ) ;
#2272 = VECTOR ( 'NONE', #251, 1000.000000000000000 ) ;
#2273 = DIRECTION ( 'NONE',  ( 0.000000000000000000, -1.000000000000000000, 0.000000000000000000 ) ) ;
#2274 = ORIENTED_EDGE ( 'NONE', *, *, #2663, .T. ) ;
#2275 = EDGE_CURVE ( 'NONE', #2809, #255, #3723, .T. ) ;
#2276 = DIRECTION ( 'NONE',  ( 0.000000000000000000, -1.000000000000000000, 0.000000000000000000 ) ) ;
#2277 = EDGE_LOOP ( 'NONE', ( #1427, #2962, #278, #72, #2352 ) ) ;
#2278 = FACE_OUTER_BOUND ( 'NONE', #2675, .T. ) ;
#2279 = DIRECTION ( 'NONE',  ( 1.000000000000000000, 1.224606353822377258E-16, 0.000000000000000000 ) ) ;
#2280 = ORIENTED_EDGE ( 'NONE', *, *, #1502, .T. ) ;
#2281 = ADVANCED_FACE ( 'NONE', ( #231 ), #256, .T. ) ;
#2282 = EDGE_CURVE ( 'NONE', #3183, #44, #1196, .T. ) ;
#2283 = DIRECTION ( 'NONE',  ( -1.000000000000000000, -1.224606353822377258E-16, -0.000000000000000000 ) ) ;
#2284 = AXIS2_PLACEMENT_3D ( 'NONE', #3273, #2072, #3978 ) ;
#2285 = CIRCLE ( 'NONE', #679, 1.500000000000000888 ) ;
#2286 = DIRECTION ( 'NONE',  ( 0.5735764363510452712, 0.8191520442889924647, 0.000000000000000000 ) ) ;
#2287 = CARTESIAN_POINT ( 'NONE',  ( 10.80359178553217525, -7.703719777548943412E-31, 1.500000000000000888 ) ) ;
#2288 = VECTOR ( 'NONE', #1625, 1000.000000000000000 ) ;
#2289 = AXIS2_PLACEMENT_3D ( 'NONE', #1610, #60, #1864 ) ;
#2290 = CARTESIAN_POINT ( 'NONE',  ( 0.000000000000000000, 0.7274613391789273020, -1.260000000000000675 ) ) ;
#2291 = CARTESIAN_POINT ( 'NONE',  ( 4.500000000000000000, 1.219500000000001805, 1.493456771560198305E-16 ) ) ;
#2292 = EDGE_LOOP ( 'NONE', ( #3699, #1915, #1757, #1363, #3656 ) ) ;
#2293 = AXIS2_PLACEMENT_3D ( 'NONE', #782, #448, #2296 ) ;
#2294 = AXIS2_PLACEMENT_3D ( 'NONE', #1742, #3022, #3662 ) ;
#2295 = AXIS2_PLACEMENT_3D ( 'NONE', #2775, #2496, #362 ) ;
#2296 = DIRECTION ( 'NONE',  ( 0.000000000000000000, -1.000000000000000000, 0.000000000000000000 ) ) ;
#2297 = VERTEX_POINT ( 'NONE', #3918 ) ;
#2298 = CIRCLE ( 'NONE', #2556, 1.500000000000000888 ) ;
#2299 = CARTESIAN_POINT ( 'NONE',  ( 9.196408214467822972, 9.639376512966943232E-16, 0.000000000000000000 ) ) ;
#2300 = EDGE_LOOP ( 'NONE', ( #3728, #1728, #3860, #2386, #3092, #641 ) ) ;
#2301 = EDGE_CURVE ( 'NONE', #2378, #781, #3360, .T. ) ;
#2302 = UNCERTAINTY_MEASURE_WITH_UNIT (LENGTH_MEASURE( 1.000000000000000082E-05 ), #3839, 'distance_accuracy_value', 'NONE');
#2303 = DIRECTION ( 'NONE',  ( -0.7071067811865344721, 8.659560562355094328E-17, -0.7071067811865606734 ) ) ;
#2304 = DIRECTION ( 'NONE',  ( 0.000000000000000000, -1.000000000000000000, 0.000000000000000000 ) ) ;
#2305 = ORIENTED_EDGE ( 'NONE', *, *, #2526, .T. ) ;
#2306 = CARTESIAN_POINT ( 'NONE',  ( 12.30359178553217525, 9.158331018206532694E-16, 0.000000000000000000 ) ) ;
#2307 = EDGE_CURVE ( 'NONE', #2426, #664, #3314, .T. ) ;
#2308 = DIRECTION ( 'NONE',  ( -0.5735764363510487129, -0.8191520442889899112, 0.000000000000000000 ) ) ;
#2309 = DIRECTION ( 'NONE',  ( 0.000000000000000000, -1.000000000000000000, 0.000000000000000000 ) ) ;
#2310 = EDGE_CURVE ( 'NONE', #183, #958, #1819, .T. ) ;
#2311 = CARTESIAN_POINT ( 'NONE',  ( 9.000000000000001776, 9.398853765586739935E-16, 0.000000000000000000 ) ) ;
#2312 = DIRECTION ( 'NONE',  ( 0.000000000000000000, 0.4999999999999985567, -0.8660254037844393737 ) ) ;
#2313 = VERTEX_POINT ( 'NONE', #1634 ) ;
#2314 = DIRECTION ( 'NONE',  ( 0.5735764363510454933, -0.8191520442889922426, 1.003171929053525363E-16 ) ) ;
#2315 = VERTEX_POINT ( 'NONE', #3151 ) ;
#2316 = CARTESIAN_POINT ( 'NONE',  ( 11.00000000000000000, 9.398853765586739935E-16, 0.000000000000000000 ) ) ;
#2317 = VERTEX_POINT ( 'NONE', #960 ) ;
#2318 = CARTESIAN_POINT ( 'NONE',  ( 6.696408214467822972, 9.639376512966943232E-16, 0.000000000000000000 ) ) ;
#2319 = CARTESIAN_POINT ( 'NONE',  ( 4.803591785532175251, 9.158331018206532694E-16, 0.000000000000000000 ) ) ;
#2320 = ORIENTED_EDGE ( 'NONE', *, *, #1148, .T. ) ;
#2321 = CARTESIAN_POINT ( 'NONE',  ( 8.196408214467822972, 9.639376512966943232E-16, 0.000000000000000000 ) ) ;
#2322 = EDGE_CURVE ( 'NONE', #2964, #699, #2861, .T. ) ;
#2323 = DIRECTION ( 'NONE',  ( 0.000000000000000000, -1.000000000000000000, 0.000000000000000000 ) ) ;
#2324 = ADVANCED_FACE ( 'NONE', ( #2246 ), #2475, .T. ) ;
#2325 = FACE_OUTER_BOUND ( 'NONE', #2946, .T. ) ;
#2326 = CONICAL_SURFACE ( 'NONE', #2782, 1.219500000000000917, 0.9599310885968779239 ) ;
#2327 = DIRECTION ( 'NONE',  ( -1.000000000000000000, -1.224606353822377258E-16, -0.000000000000000000 ) ) ;
#2328 = ADVANCED_FACE ( 'NONE', ( #3128 ), #327, .F. ) ;
#2329 = DIRECTION ( 'NONE',  ( -1.000000000000000000, -1.224606353822377258E-16, -0.000000000000000000 ) ) ;
#2330 = ORIENTED_EDGE ( 'NONE', *, *, #2526, .F. ) ;
#2331 = AXIS2_PLACEMENT_3D ( 'NONE', #3622, #1146, #2649 ) ;
#2332 = LINE ( 'NONE', #2632, #3458 ) ;
#2333 = ORIENTED_EDGE ( 'NONE', *, *, #295, .F. ) ;
#2334 = DIRECTION ( 'NONE',  ( -1.000000000000000000, -1.224606353822377258E-16, -0.000000000000000000 ) ) ;
#2335 = EDGE_LOOP ( 'NONE', ( #2038, #516, #200, #1117, #1173 ) ) ;
#2336 = CIRCLE ( 'NONE', #1641, 1.500000000000000888 ) ;
#2337 = CARTESIAN_POINT ( 'NONE',  ( -31.74999999999995737, 0.000000000000000000, 2.750000000000000000 ) ) ;
#2338 = CARTESIAN_POINT ( 'NONE',  ( 1.300000000000000044, -0.7274613391789266359, 1.260000000000003118 ) ) ;
#2339 = ORIENTED_EDGE ( 'NONE', *, *, #295, .T. ) ;
#2340 = DIRECTION ( 'NONE',  ( -1.000000000000000000, -1.224606353822377258E-16, -0.000000000000000000 ) ) ;
#2341 = ORIENTED_EDGE ( 'NONE', *, *, #1550, .T. ) ;
#2342 = ORIENTED_EDGE ( 'NONE', *, *, #3965, .F. ) ;
#2343 = DIRECTION ( 'NONE',  ( -1.000000000000000000, -0.000000000000000000, -0.000000000000000000 ) ) ;
#2344 = DIRECTION ( 'NONE',  ( -1.000000000000000000, -0.000000000000000000, -0.000000000000000000 ) ) ;
#2345 = VECTOR ( 'NONE', #2708, 1000.000000000000000 ) ;
#2346 = AXIS2_PLACEMENT_3D ( 'NONE', #548, #876, #3014 ) ;
#2347 = EDGE_CURVE ( 'NONE', #3039, #404, #1930, .T. ) ;
#2348 = CARTESIAN_POINT ( 'NONE',  ( 7.196408214467822972, 9.639376512966943232E-16, 0.000000000000000000 ) ) ;
#2349 = FACE_OUTER_BOUND ( 'NONE', #2389, .T. ) ;
#2350 = MECHANICAL_DESIGN_GEOMETRIC_PRESENTATION_REPRESENTATION (  '', ( #3895 ), #1198 ) ;
#2351 = AXIS2_PLACEMENT_3D ( 'NONE', #2757, #1865, #3755 ) ;
#2352 = ORIENTED_EDGE ( 'NONE', *, *, #840, .F. ) ;
#2353 = ADVANCED_FACE ( 'NONE', ( #28 ), #3560, .T. ) ;
#2354 = CIRCLE ( 'NONE', #813, 1.500000000000000888 ) ;
#2355 = EDGE_CURVE ( 'NONE', #2378, #1253, #1578, .T. ) ;
#2356 = FACE_OUTER_BOUND ( 'NONE', #1204, .T. ) ;
#2357 = VERTEX_POINT ( 'NONE', #2826 ) ;
#2358 = DIRECTION ( 'NONE',  ( -1.000000000000000000, -1.224606353822377258E-16, -0.000000000000000000 ) ) ;
#2359 = VECTOR ( 'NONE', #2717, 1000.000000000000000 ) ;
#2360 = CIRCLE ( 'NONE', #1331, 2.449999999999999734 ) ;
#2361 = ORIENTED_EDGE ( 'NONE', *, *, #2626, .F. ) ;
#2362 = ADVANCED_FACE ( 'NONE', ( #372 ), #346, .T. ) ;
#2363 = VECTOR ( 'NONE', #1287, 1000.000000000000000 ) ;
#2364 = AXIS2_PLACEMENT_3D ( 'NONE', #133, #116, #440 ) ;
#2365 = DIRECTION ( 'NONE',  ( 0.000000000000000000, 1.000000000000000000, 0.000000000000000000 ) ) ;
#2366 = FACE_OUTER_BOUND ( 'NONE', #2691, .T. ) ;
#2367 = EDGE_LOOP ( 'NONE', ( #2094, #1347, #3057, #1665, #400 ) ) ;
#2368 = CARTESIAN_POINT ( 'NONE',  ( 1.300000000000000044, 2.182384017536784349, -1.260000000000002229 ) ) ;
#2369 = ORIENTED_EDGE ( 'NONE', *, *, #1180, .F. ) ;
#2370 = CIRCLE ( 'NONE', #3524, 1.219500000000000917 ) ;
#2371 = ORIENTED_EDGE ( 'NONE', *, *, #3950, .F. ) ;
#2372 = CONICAL_SURFACE ( 'NONE', #2620, 1.500000000000000888, 0.9599310885968821427 ) ;
#2373 = LINE ( 'NONE', #519, #2430 ) ;
#2374 = CARTESIAN_POINT ( 'NONE',  ( -31.74999999999995737, 1.836970198721029441E-16, -1.499999999999999556 ) ) ;
#2375 = DIRECTION ( 'NONE',  ( -1.000000000000000000, -1.224606353822377258E-16, -0.000000000000000000 ) ) ;
#2376 = DIRECTION ( 'NONE',  ( -1.000000000000000000, -1.224606353822377258E-16, -0.000000000000000000 ) ) ;
#2377 = ADVANCED_FACE ( 'NONE', ( #2804 ), #2734, .T. ) ;
#2378 = VERTEX_POINT ( 'NONE', #1278 ) ;
#2379 = DIRECTION ( 'NONE',  ( -0.5735764363510487129, -0.8191520442889899112, 0.000000000000000000 ) ) ;
#2380 = ORIENTED_EDGE ( 'NONE', *, *, #911, .F. ) ;
#2381 = CARTESIAN_POINT ( 'NONE',  ( 6.999999999999999112, 1.219500000000001805, 1.493456771560198305E-16 ) ) ;
#2382 = EDGE_CURVE ( 'NONE', #2611, #391, #2336, .T. ) ;
#2383 = VERTEX_POINT ( 'NONE', #991 ) ;
#2384 = CYLINDRICAL_SURFACE ( 'NONE', #296, 1.499999999999999556 ) ;
#2385 = FACE_OUTER_BOUND ( 'NONE', #745, .T. ) ;
#2386 = ORIENTED_EDGE ( 'NONE', *, *, #266, .T. ) ;
#2387 = CARTESIAN_POINT ( 'NONE',  ( -31.74999999999995737, 0.000000000000000000, 0.000000000000000000 ) ) ;
#2388 = EDGE_CURVE ( 'NONE', #3590, #2992, #3395, .T. ) ;
#2389 = EDGE_LOOP ( 'NONE', ( #3163, #3007, #1297, #1484, #2380, #2052 ) ) ;
#2390 = LINE ( 'NONE', #599, #948 ) ;
#2391 = EDGE_LOOP ( 'NONE', ( #2803, #430, #2320, #3982, #2967 ) ) ;
#2392 = FACE_OUTER_BOUND ( 'NONE', #465, .T. ) ;
#2393 = LINE ( 'NONE', #215, #3254 ) ;
#2394 = DIRECTION ( 'NONE',  ( 0.000000000000000000, -0.5000000000000013323, -0.8660254037844380415 ) ) ;
#2395 = DIRECTION ( 'NONE',  ( -0.000000000000000000, 1.000000000000000000, 1.224646799147353207E-16 ) ) ;
#2396 = ORIENTED_EDGE ( 'NONE', *, *, #932, .F. ) ;
#2397 = CARTESIAN_POINT ( 'NONE',  ( -31.74999999999995737, 0.000000000000000000, 0.000000000000000000 ) ) ;
#2398 = EDGE_LOOP ( 'NONE', ( #3130, #1869, #1359, #2720, #2024, #3544 ) ) ;
#2399 = CARTESIAN_POINT ( 'NONE',  ( -31.74999999999995737, 1.836970198721029441E-16, -1.499999999999999556 ) ) ;
#2400 = ORIENTED_EDGE ( 'NONE', *, *, #2078, .F. ) ;
#2401 = VECTOR ( 'NONE', #2589, 999.9999999999998863 ) ;
#2402 = ADVANCED_FACE ( 'NONE', ( #636 ), #2147, .T. ) ;
#2403 = LINE ( 'NONE', #3628, #875 ) ;
#2404 = LINE ( 'NONE', #595, #1405 ) ;
#2405 = ORIENTED_EDGE ( 'NONE', *, *, #1793, .T. ) ;
#2406 = CARTESIAN_POINT ( 'NONE',  ( 11.69640821446782297, 1.500000000000001554, 0.000000000000000000 ) ) ;
#2407 = VERTEX_POINT ( 'NONE', #2504 ) ;
#2408 = ADVANCED_FACE ( 'NONE', ( #85 ), #997, .T. ) ;
#2409 = CONICAL_SURFACE ( 'NONE', #2915, 1.500000000000000888, 0.9599310885968821427 ) ;
#2410 = EDGE_CURVE ( 'NONE', #183, #3410, #3733, .T. ) ;
#2411 = DIRECTION ( 'NONE',  ( -1.000000000000000000, -1.224606353822377258E-16, -0.000000000000000000 ) ) ;
#2412 = ORIENTED_EDGE ( 'NONE', *, *, #2301, .F. ) ;
#2413 = CARTESIAN_POINT ( 'NONE',  ( -31.74999999999995737, 1.836970198721029441E-16, -1.499999999999999556 ) ) ;
#2414 = VECTOR ( 'NONE', #2945, 1000.000000000000000 ) ;
#2415 = DIRECTION ( 'NONE',  ( 0.000000000000000000, -1.000000000000000000, 0.000000000000000000 ) ) ;
#2416 = LINE ( 'NONE', #1164, #1046 ) ;
#2417 = VERTEX_POINT ( 'NONE', #1254 ) ;
#2418 = DIRECTION ( 'NONE',  ( -1.000000000000000000, -1.224606353822377258E-16, -0.000000000000000000 ) ) ;
#2419 = AXIS2_PLACEMENT_3D ( 'NONE', #3941, #2083, #3320 ) ;
#2420 = DIRECTION ( 'NONE',  ( 0.000000000000000000, 1.000000000000000000, -1.490391467001149092E-15 ) ) ;
#2421 = ORIENTED_EDGE ( 'NONE', *, *, #68, .F. ) ;
#2422 = AXIS2_PLACEMENT_3D ( 'NONE', #1383, #2609, #1446 ) ;
#2423 = CONICAL_SURFACE ( 'NONE', #1192, 1.500000000000000888, 0.9599310885968821427 ) ;
#2424 = CARTESIAN_POINT ( 'NONE',  ( 4.999999999999999112, 9.398853765586739935E-16, 0.000000000000000000 ) ) ;
#2425 = PLANE ( 'NONE',  #3659 ) ;
#2426 = VERTEX_POINT ( 'NONE', #2842 ) ;
#2427 = DIRECTION ( 'NONE',  ( -1.000000000000000000, -0.000000000000000000, -0.000000000000000000 ) ) ;
#2428 = EDGE_LOOP ( 'NONE', ( #1951, #1561, #2660, #686, #3931, #1929 ) ) ;
#2429 = ADVANCED_FACE ( 'NONE', ( #1311 ), #3696, .T. ) ;
#2430 = VECTOR ( 'NONE', #213, 1000.000000000000000 ) ;
#2431 = CARTESIAN_POINT ( 'NONE',  ( -31.74999999999995737, 0.000000000000000000, 0.000000000000000000 ) ) ;
#2432 = ORIENTED_EDGE ( 'NONE', *, *, #3618, .F. ) ;
#2433 = DIRECTION ( 'NONE',  ( 0.000000000000000000, -1.000000000000000000, 0.000000000000000000 ) ) ;
#2434 = CONICAL_SURFACE ( 'NONE', #54, 1.500000000000000888, 0.9599310885968821427 ) ;
#2435 = CIRCLE ( 'NONE', #3838, 1.500000000000000888 ) ;
#2436 = EDGE_CURVE ( 'NONE', #454, #3986, #799, .T. ) ;
#2437 = CIRCLE ( 'NONE', #2947, 1.500000000000000888 ) ;
#2438 = FACE_OUTER_BOUND ( 'NONE', #1862, .T. ) ;
#2439 = EDGE_CURVE ( 'NONE', #1156, #3690, #3634, .T. ) ;
#2440 = ORIENTED_EDGE ( 'NONE', *, *, #1399, .F. ) ;
#2441 = CARTESIAN_POINT ( 'NONE',  ( 7.500000000000000000, -1.219500000000000028, 0.000000000000000000 ) ) ;
#2442 = CARTESIAN_POINT ( 'NONE',  ( -31.74999999999995737, 0.000000000000000000, 1.499999999999999556 ) ) ;
#2443 = EDGE_LOOP ( 'NONE', ( #1277, #2221, #2249, #1128, #3450, #553 ) ) ;
#2444 = CARTESIAN_POINT ( 'NONE',  ( 12.19640821446782297, 9.639376512966943232E-16, 0.000000000000000000 ) ) ;
#2445 = CARTESIAN_POINT ( 'NONE',  ( 5.196408214467822972, 9.639376512966943232E-16, 0.000000000000000000 ) ) ;
#2446 = ORIENTED_EDGE ( 'NONE', *, *, #2943, .F. ) ;
#2447 = CARTESIAN_POINT ( 'NONE',  ( -31.74999999999995737, 0.000000000000000000, 1.499999999999999556 ) ) ;
#2448 = ORIENTED_EDGE ( 'NONE', *, *, #1911, .T. ) ;
#2449 = CARTESIAN_POINT ( 'NONE',  ( 11.30359178553217525, -1.499999999999998446, 0.000000000000000000 ) ) ;
#2450 = VERTEX_POINT ( 'NONE', #2595 ) ;
#2451 = EDGE_CURVE ( 'NONE', #850, #873, #2963, .T. ) ;
#2452 = DIRECTION ( 'NONE',  ( 0.000000000000000000, 0.000000000000000000, 1.000000000000000000 ) ) ;
#2453 = ORIENTED_EDGE ( 'NONE', *, *, #3783, .T. ) ;
#2454 = EDGE_CURVE ( 'NONE', #869, #664, #2017, .T. ) ;
#2455 = DIRECTION ( 'NONE',  ( -1.000000000000000000, -0.000000000000000000, -0.000000000000000000 ) ) ;
#2456 = CYLINDRICAL_SURFACE ( 'NONE', #1751, 1.499999999999999556 ) ;
#2457 = VERTEX_POINT ( 'NONE', #203 ) ;
#2458 = DIRECTION ( 'NONE',  ( -0.5735764363510489350, 0.8191520442889898002, 1.003171929053522405E-16 ) ) ;
#2459 = CARTESIAN_POINT ( 'NONE',  ( -31.74999999999995737, 0.000000000000000000, 0.000000000000000000 ) ) ;
#2460 = ORIENTED_EDGE ( 'NONE', *, *, #3715, .F. ) ;
#2461 = AXIS2_PLACEMENT_3D ( 'NONE', #3643, #3283, #1210 ) ;
#2462 = CARTESIAN_POINT ( 'NONE',  ( 10.69640821446782297, 1.500000000000001776, 0.000000000000000000 ) ) ;
#2463 = ORIENTED_EDGE ( 'NONE', *, *, #3277, .T. ) ;
#2464 = CIRCLE ( 'NONE', #2980, 1.500000000000000888 ) ;
#2465 = DIRECTION ( 'NONE',  ( -1.000000000000000000, -1.224606353822377258E-16, -0.000000000000000000 ) ) ;
#2466 = ORIENTED_EDGE ( 'NONE', *, *, #1713, .T. ) ;
#2467 = CIRCLE ( 'NONE', #1440, 1.500000000000000888 ) ;
#2468 = DIRECTION ( 'NONE',  ( 0.5735764363510454933, -0.8191520442889922426, 1.003171929053525363E-16 ) ) ;
#2469 = DIRECTION ( 'NONE',  ( -1.000000000000000000, -1.224606353822377258E-16, -0.000000000000000000 ) ) ;
#2470 = ORIENTED_EDGE ( 'NONE', *, *, #248, .F. ) ;
#2471 = EDGE_CURVE ( 'NONE', #1832, #596, #1355, .T. ) ;
#2472 = CARTESIAN_POINT ( 'NONE',  ( 10.69640821446782297, 9.639376512966943232E-16, 0.000000000000000000 ) ) ;
#2473 = DIRECTION ( 'NONE',  ( 0.000000000000000000, 0.000000000000000000, 1.000000000000000000 ) ) ;
#2474 = ORIENTED_EDGE ( 'NONE', *, *, #3443, .T. ) ;
#2475 = CONICAL_SURFACE ( 'NONE', #1318, 1.219500000000000917, 0.9599310885968779239 ) ;
#2476 = ADVANCED_FACE ( 'NONE', ( #1391 ), #3178, .T. ) ;
#2477 = AXIS2_PLACEMENT_3D ( 'NONE', #3411, #1834, #1275 ) ;
#2478 = CIRCLE ( 'NONE', #3509, 1.500000000000000888 ) ;
#2479 = CARTESIAN_POINT ( 'NONE',  ( 6.696408214467822972, 9.639376512966943232E-16, 0.000000000000000000 ) ) ;
#2480 = CARTESIAN_POINT ( 'NONE',  ( -31.74999999999995737, 0.000000000000000000, 1.499999999999999556 ) ) ;
#2481 = ORIENTED_EDGE ( 'NONE', *, *, #999, .F. ) ;
#2482 = DIRECTION ( 'NONE',  ( -1.000000000000000000, -0.000000000000000000, -0.000000000000000000 ) ) ;
#2483 = AXIS2_PLACEMENT_3D ( 'NONE', #3602, #1121, #2998 ) ;
#2484 = ORIENTED_EDGE ( 'NONE', *, *, #1689, .F. ) ;
#2485 = CONICAL_SURFACE ( 'NONE', #3131, 1.500000000000000888, 0.9599310885968821427 ) ;
#2486 = EDGE_CURVE ( 'NONE', #2297, #2488, #3888, .T. ) ;
#2487 = CARTESIAN_POINT ( 'NONE',  ( 8.500000000000000000, 9.398853765586739935E-16, 0.000000000000000000 ) ) ;
#2488 = VERTEX_POINT ( 'NONE', #450 ) ;
#2489 = CARTESIAN_POINT ( 'NONE',  ( -31.74999999999995737, 3.367778697655221012E-16, -2.750000000000000000 ) ) ;
#2490 = CIRCLE ( 'NONE', #3907, 1.219500000000000917 ) ;
#2491 = AXIS2_PLACEMENT_3D ( 'NONE', #706, #3203, #3840 ) ;
#2492 = CONICAL_SURFACE ( 'NONE', #3337, 1.219500000000000917, 0.9599310885968779239 ) ;
#2493 = DIRECTION ( 'NONE',  ( 0.000000000000000000, -1.000000000000000000, 0.000000000000000000 ) ) ;
#2494 = DIRECTION ( 'NONE',  ( -1.000000000000000000, -1.224606353822377258E-16, -0.000000000000000000 ) ) ;
#2495 = AXIS2_PLACEMENT_3D ( 'NONE', #288, #1518, #1219 ) ;
#2496 = DIRECTION ( 'NONE',  ( -1.000000000000000000, -0.000000000000000000, -0.000000000000000000 ) ) ;
#2497 = CARTESIAN_POINT ( 'NONE',  ( 1.300000000000000044, 1.454922678357858157, -9.757819552369539906E-16 ) ) ;
#2498 = VERTEX_POINT ( 'NONE', #2618 ) ;
#2499 = VECTOR ( 'NONE', #1437, 999.9999999999998863 ) ;
#2500 = CARTESIAN_POINT ( 'NONE',  ( 3.099999999999998757, 1.836970198721029441E-16, -1.499999999999999556 ) ) ;
#2501 = CARTESIAN_POINT ( 'NONE',  ( 11.50000000000000000, 9.398853765586739935E-16, 0.000000000000000000 ) ) ;
#2502 = ORIENTED_EDGE ( 'NONE', *, *, #977, .F. ) ;
#2503 = EDGE_CURVE ( 'NONE', #1224, #711, #1833, .T. ) ;
#2504 = CARTESIAN_POINT ( 'NONE',  ( 4.303591785532174363, -7.703719777548943412E-31, 1.500000000000000888 ) ) ;
#2505 = ORIENTED_EDGE ( 'NONE', *, *, #2670, .F. ) ;
#2506 = DIRECTION ( 'NONE',  ( 0.000000000000000000, 1.000000000000000000, -1.224646799147353207E-16 ) ) ;
#2507 = EDGE_LOOP ( 'NONE', ( #2369, #2841, #2060, #3905, #393 ) ) ;
#2508 = EDGE_CURVE ( 'NONE', #1802, #2091, #2854, .T. ) ;
#2509 = LINE ( 'NONE', #2202, #3253 ) ;
#2510 = DIRECTION ( 'NONE',  ( -1.000000000000000000, -1.224606353822377258E-16, -0.000000000000000000 ) ) ;
#2511 = DIRECTION ( 'NONE',  ( 0.000000000000000000, 0.000000000000000000, 1.000000000000000000 ) ) ;
#2512 = DIRECTION ( 'NONE',  ( -1.000000000000000000, -0.000000000000000000, -0.000000000000000000 ) ) ;
#2513 = DIRECTION ( 'NONE',  ( 0.000000000000000000, -1.000000000000000000, 0.000000000000000000 ) ) ;
#2514 = ORIENTED_EDGE ( 'NONE', *, *, #3856, .F. ) ;
#2515 =( NAMED_UNIT ( * ) PLANE_ANGLE_UNIT ( ) SI_UNIT ( $, .RADIAN. ) );
#2516 = CYLINDRICAL_SURFACE ( 'NONE', #1788, 1.499999999999999556 ) ;
#2517 = ORIENTED_EDGE ( 'NONE', *, *, #2120, .F. ) ;
#2518 = DIRECTION ( 'NONE',  ( 0.000000000000000000, -1.000000000000000000, 0.000000000000000000 ) ) ;
#2519 = ORIENTED_EDGE ( 'NONE', *, *, #566, .T. ) ;
#2520 = EDGE_CURVE ( 'NONE', #1949, #2450, #784, .T. ) ;
#2521 = CARTESIAN_POINT ( 'NONE',  ( 8.303591785532175251, 1.500000000000003109, 1.836970198721032399E-16 ) ) ;
#2522 = ORIENTED_EDGE ( 'NONE', *, *, #3271, .T. ) ;
#2523 = CARTESIAN_POINT ( 'NONE',  ( 11.00000000000000000, 9.398853765586739935E-16, 0.000000000000000000 ) ) ;
#2524 = VECTOR ( 'NONE', #2022, 1000.000000000000114 ) ;
#2525 = EDGE_CURVE ( 'NONE', #3623, #3986, #1032, .T. ) ;
#2526 = EDGE_CURVE ( 'NONE', #2172, #3223, #97, .T. ) ;
#2527 = DIRECTION ( 'NONE',  ( -0.5000000000000039968, 0.000000000000000000, 0.8660254037844363761 ) ) ;
#2528 = CARTESIAN_POINT ( 'NONE',  ( 4.696408214467822972, -1.500000000000000222, 1.836970198721030920E-16 ) ) ;
#2529 = ORIENTED_EDGE ( 'NONE', *, *, #705, .F. ) ;
#2530 = ADVANCED_FACE ( 'NONE', ( #3270 ), #674, .T. ) ;
#2531 = CARTESIAN_POINT ( 'NONE',  ( 4.303591785532174363, 9.158331018206532694E-16, 0.000000000000000000 ) ) ;
#2532 = CARTESIAN_POINT ( 'NONE',  ( 6.303591785532174363, -1.499999999999999778, 0.000000000000000000 ) ) ;
#2533 = ORIENTED_EDGE ( 'NONE', *, *, #408, .F. ) ;
#2534 = DIRECTION ( 'NONE',  ( 0.000000000000000000, -1.000000000000000000, 0.000000000000000000 ) ) ;
#2535 = ORIENTED_EDGE ( 'NONE', *, *, #3241, .F. ) ;
#2536 = AXIS2_PLACEMENT_3D ( 'NONE', #1047, #3566, #428 ) ;
#2537 = CARTESIAN_POINT ( 'NONE',  ( 5.696408214467822972, 1.500000000000001776, 0.000000000000000000 ) ) ;
#2538 = ORIENTED_EDGE ( 'NONE', *, *, #3540, .F. ) ;
#2539 = VECTOR ( 'NONE', #2779, 1000.000000000000114 ) ;
#2540 = DIRECTION ( 'NONE',  ( 0.000000000000000000, 0.000000000000000000, 1.000000000000000000 ) ) ;
#2541 = ORIENTED_EDGE ( 'NONE', *, *, #3402, .T. ) ;
#2542 = CARTESIAN_POINT ( 'NONE',  ( 6.500000000000000000, -1.219500000000000028, 0.000000000000000000 ) ) ;
#2543 = AXIS2_PLACEMENT_3D ( 'NONE', #1023, #2252, #3797 ) ;
#2544 = EDGE_CURVE ( 'NONE', #2077, #3570, #3506, .T. ) ;
#2545 = VECTOR ( 'NONE', #1163, 1000.000000000000000 ) ;
#2546 = DIRECTION ( 'NONE',  ( 0.000000000000000000, -1.000000000000000000, 0.000000000000000000 ) ) ;
#2547 = VECTOR ( 'NONE', #1044, 1000.000000000000000 ) ;
#2548 = ADVANCED_FACE ( 'NONE', ( #3846 ), #874, .T. ) ;
#2549 = CIRCLE ( 'NONE', #3196, 1.219500000000000917 ) ;
#2550 = DIRECTION ( 'NONE',  ( 0.000000000000000000, 0.000000000000000000, 1.000000000000000000 ) ) ;
#2551 = ORIENTED_EDGE ( 'NONE', *, *, #2704, .T. ) ;
#2552 = AXIS2_PLACEMENT_3D ( 'NONE', #1729, #2981, #2699 ) ;
#2553 = LINE ( 'NONE', #3480, #374 ) ;
#2554 = ADVANCED_FACE ( 'NONE', ( #805 ), #157, .F. ) ;
#2555 = DIRECTION ( 'NONE',  ( 0.000000000000000000, -1.000000000000000000, 0.000000000000000000 ) ) ;
#2556 = AXIS2_PLACEMENT_3D ( 'NONE', #1993, #753, #1977 ) ;
#2557 = ORIENTED_EDGE ( 'NONE', *, *, #93, .T. ) ;
#2558 = AXIS2_PLACEMENT_3D ( 'NONE', #2840, #1309, #66 ) ;
#2559 = CARTESIAN_POINT ( 'NONE',  ( 12.50000000000000000, 9.398853765586739935E-16, 0.000000000000000000 ) ) ;
#2560 = ORIENTED_EDGE ( 'NONE', *, *, #1516, .T. ) ;
#2561 = CARTESIAN_POINT ( 'NONE',  ( 1.300000000000000044, -1.454922678357857047, 3.035766082959412415E-15 ) ) ;
#2562 = EDGE_LOOP ( 'NONE', ( #1255, #512, #2806, #2731, #2831, #3456 ) ) ;
#2563 = CARTESIAN_POINT ( 'NONE',  ( 4.303591785532174363, 9.158331018206532694E-16, 0.000000000000000000 ) ) ;
#2564 = CARTESIAN_POINT ( 'NONE',  ( 10.49999999999999822, 9.398853765586739935E-16, 0.000000000000000000 ) ) ;
#2565 = ORIENTED_EDGE ( 'NONE', *, *, #996, .T. ) ;
#2566 = DIRECTION ( 'NONE',  ( -1.000000000000000000, -1.224606353822377258E-16, -0.000000000000000000 ) ) ;
#2567 = LINE ( 'NONE', #2870, #493 ) ;
#2568 = CARTESIAN_POINT ( 'NONE',  ( 11.50000000000000000, -1.219500000000000028, 0.000000000000000000 ) ) ;
#2569 = APPLICATION_CONTEXT ( 'automotive_design' ) ;
#2570 = EDGE_LOOP ( 'NONE', ( #2484, #3288, #2127, #3818, #783 ) ) ;
#2571 = EDGE_CURVE ( 'NONE', #3546, #804, #2008, .T. ) ;
#2572 = CARTESIAN_POINT ( 'NONE',  ( -31.74999999999995737, 1.836970198721029441E-16, -1.499999999999999556 ) ) ;
#2573 = CARTESIAN_POINT ( 'NONE',  ( 12.50000000000000000, -1.219500000000000028, 1.665213485140614613E-16 ) ) ;
#2574 = ORIENTED_EDGE ( 'NONE', *, *, #1352, .T. ) ;
#2575 = EDGE_CURVE ( 'NONE', #3410, #454, #1701, .T. ) ;
#2576 = CARTESIAN_POINT ( 'NONE',  ( 12.69640821446782297, 9.639376512966943232E-16, 0.000000000000000000 ) ) ;
#2577 = ORIENTED_EDGE ( 'NONE', *, *, #2184, .F. ) ;
#2578 = DIRECTION ( 'NONE',  ( 0.000000000000000000, -1.000000000000000000, 0.000000000000000000 ) ) ;
#2579 = ORIENTED_EDGE ( 'NONE', *, *, #3048, .F. ) ;
#2580 = CARTESIAN_POINT ( 'NONE',  ( 4.999999999999999112, -1.219500000000000028, 0.000000000000000000 ) ) ;
#2581 = DIRECTION ( 'NONE',  ( -0.000000000000000000, 1.490391467001149289E-15, 1.000000000000000000 ) ) ;
#2582 = ORIENTED_EDGE ( 'NONE', *, *, #3200, .T. ) ;
#2583 = DIRECTION ( 'NONE',  ( -1.000000000000000000, -1.224606353822377258E-16, -0.000000000000000000 ) ) ;
#2584 = DIRECTION ( 'NONE',  ( -1.000000000000000000, -0.000000000000000000, -0.000000000000000000 ) ) ;
#2585 = CIRCLE ( 'NONE', #3106, 1.500000000000000888 ) ;
#2586 = FACE_OUTER_BOUND ( 'NONE', #934, .T. ) ;
#2587 = AXIS2_PLACEMENT_3D ( 'NONE', #199, #2395, #2735 ) ;
#2588 = CARTESIAN_POINT ( 'NONE',  ( 11.30359178553217525, 1.836970198721022785E-16, -1.500000000000000888 ) ) ;
#2589 = DIRECTION ( 'NONE',  ( 0.5735764363510452712, 0.8191520442889924647, 0.000000000000000000 ) ) ;
#2590 = EDGE_CURVE ( 'NONE', #1088, #1217, #1124, .T. ) ;
#2591 = EDGE_LOOP ( 'NONE', ( #3206, #1612, #1812, #963, #2862, #1493 ) ) ;
#2592 = CIRCLE ( 'NONE', #867, 1.500000000000000888 ) ;
#2593 = CARTESIAN_POINT ( 'NONE',  ( 1.300000000000000044, 1.091192008768392618, -0.6300000000000020028 ) ) ;
#2594 = ORIENTED_EDGE ( 'NONE', *, *, #1624, .T. ) ;
#2595 = CARTESIAN_POINT ( 'NONE',  ( 10.19640821446782297, 1.836970198721022785E-16, -1.500000000000000888 ) ) ;
#2596 = EDGE_CURVE ( 'NONE', #1176, #732, #2093, .T. ) ;
#2597 = ORIENTED_EDGE ( 'NONE', *, *, #2920, .F. ) ;
#2598 = DIRECTION ( 'NONE',  ( 0.000000000000000000, -1.000000000000000000, 0.000000000000000000 ) ) ;
#2599 = DIRECTION ( 'NONE',  ( -1.000000000000000000, -1.224606353822377258E-16, -0.000000000000000000 ) ) ;
#2600 = EDGE_LOOP ( 'NONE', ( #655, #104, #1888, #3789, #2853, #992 ) ) ;
#2601 = DIRECTION ( 'NONE',  ( -1.000000000000000000, -1.224606353822377258E-16, -0.000000000000000000 ) ) ;
#2602 = EDGE_CURVE ( 'NONE', #672, #3158, #3589, .T. ) ;
#2603 = CIRCLE ( 'NONE', #2284, 1.500000000000000888 ) ;
#2604 = AXIS2_PLACEMENT_3D ( 'NONE', #1083, #1000, #2309 ) ;
#2605 = DIRECTION ( 'NONE',  ( -1.000000000000000000, -0.000000000000000000, -0.000000000000000000 ) ) ;
#2606 = DIRECTION ( 'NONE',  ( 0.000000000000000000, -1.000000000000000000, 0.000000000000000000 ) ) ;
#2607 = AXIS2_PLACEMENT_3D ( 'NONE', #2563, #1637, #2598 ) ;
#2608 = CIRCLE ( 'NONE', #1392, 1.219500000000000917 ) ;
#2609 = DIRECTION ( 'NONE',  ( -1.000000000000000000, -1.224606353822377258E-16, -0.000000000000000000 ) ) ;
#2610 = LINE ( 'NONE', #1986, #602 ) ;
#2611 = VERTEX_POINT ( 'NONE', #2719 ) ;
#2612 = CIRCLE ( 'NONE', #3009, 1.500000000000000888 ) ;
#2613 = AXIS2_PLACEMENT_3D ( 'NONE', #907, #3319, #560 ) ;
#2614 = CIRCLE ( 'NONE', #1656, 1.500000000000000888 ) ;
#2615 = CARTESIAN_POINT ( 'NONE',  ( 7.303591785532174363, 9.158331018206532694E-16, 0.000000000000000000 ) ) ;
#2616 = ORIENTED_EDGE ( 'NONE', *, *, #3069, .F. ) ;
#2617 = CONICAL_SURFACE ( 'NONE', #3205, 1.500000000000000888, 0.9599310885968821427 ) ;
#2618 = CARTESIAN_POINT ( 'NONE',  ( 11.19640821446782297, 1.500000000000001554, 0.000000000000000000 ) ) ;
#2619 = ORIENTED_EDGE ( 'NONE', *, *, #2508, .T. ) ;
#2620 = AXIS2_PLACEMENT_3D ( 'NONE', #2706, #1835, #916 ) ;
#2621 = EDGE_CURVE ( 'NONE', #2122, #3532, #219, .T. ) ;
#2622 = DIRECTION ( 'NONE',  ( -1.000000000000000000, -1.224606353822377258E-16, -0.000000000000000000 ) ) ;
#2623 = LINE ( 'NONE', #2035, #115 ) ;
#2624 = EDGE_LOOP ( 'NONE', ( #2466, #7, #2144, #2333, #968 ) ) ;
#2625 = DIRECTION ( 'NONE',  ( -1.000000000000000000, -1.224606353822377258E-16, -0.000000000000000000 ) ) ;
#2626 = EDGE_CURVE ( 'NONE', #1872, #2638, #1376, .T. ) ;
#2627 = CARTESIAN_POINT ( 'NONE',  ( 8.000000000000000000, -1.219500000000000028, 0.000000000000000000 ) ) ;
#2628 = DIRECTION ( 'NONE',  ( 0.000000000000000000, -1.000000000000000000, 0.000000000000000000 ) ) ;
#2629 = DIRECTION ( 'NONE',  ( 0.000000000000000000, -1.000000000000000000, 0.000000000000000000 ) ) ;
#2630 = CARTESIAN_POINT ( 'NONE',  ( 4.696408214467822972, -1.500000000000000000, 1.836970198721030920E-16 ) ) ;
#2631 = ORIENTED_EDGE ( 'NONE', *, *, #3806, .F. ) ;
#2632 = CARTESIAN_POINT ( 'NONE',  ( 12.50000000000000000, 1.219500000000001805, 1.493456771560198305E-16 ) ) ;
#2633 = ORIENTED_EDGE ( 'NONE', *, *, #443, .T. ) ;
#2634 = DIRECTION ( 'NONE',  ( -1.000000000000000000, -0.000000000000000000, -0.000000000000000000 ) ) ;
#2635 = ORIENTED_EDGE ( 'NONE', *, *, #93, .F. ) ;
#2636 = CARTESIAN_POINT ( 'NONE',  ( 8.696408214467822972, 9.639376512966943232E-16, 0.000000000000000000 ) ) ;
#2637 = FACE_OUTER_BOUND ( 'NONE', #3507, .T. ) ;
#2638 = VERTEX_POINT ( 'NONE', #3008 ) ;
#2639 = CARTESIAN_POINT ( 'NONE',  ( 12.19640821446782297, 9.639376512966943232E-16, 0.000000000000000000 ) ) ;
#2640 = VERTEX_POINT ( 'NONE', #1151 ) ;
#2641 = EDGE_CURVE ( 'NONE', #2315, #1217, #3608, .T. ) ;
#2642 = ORIENTED_EDGE ( 'NONE', *, *, #2798, .T. ) ;
#2643 = LINE ( 'NONE', #2413, #890 ) ;
#2644 = CARTESIAN_POINT ( 'NONE',  ( 10.49999999999999822, 1.219500000000001805, 0.000000000000000000 ) ) ;
#2645 = EDGE_CURVE ( 'NONE', #3772, #1839, #2467, .T. ) ;
#2646 = EDGE_CURVE ( 'NONE', #1832, #917, #542, .T. ) ;
#2647 = AXIS2_PLACEMENT_3D ( 'NONE', #340, #1887, #1248 ) ;
#2648 = CARTESIAN_POINT ( 'NONE',  ( 9.999999999999998224, 1.219500000000001805, 1.493456771560198305E-16 ) ) ;
#2649 = DIRECTION ( 'NONE',  ( 0.000000000000000000, -1.000000000000000000, 0.000000000000000000 ) ) ;
#2650 = EDGE_CURVE ( 'NONE', #3711, #1732, #1947, .T. ) ;
#2651 = ORIENTED_EDGE ( 'NONE', *, *, #1764, .T. ) ;
#2652 = CIRCLE ( 'NONE', #1434, 1.500000000000000888 ) ;
#2653 = DIRECTION ( 'NONE',  ( 0.000000000000000000, -1.000000000000000000, 0.000000000000000000 ) ) ;
#2654 = ORIENTED_EDGE ( 'NONE', *, *, #1980, .F. ) ;
#2655 = DIRECTION ( 'NONE',  ( -0.5735764363510489350, 0.8191520442889898002, 1.003171929053522405E-16 ) ) ;
#2656 = ORIENTED_EDGE ( 'NONE', *, *, #1845, .T. ) ;
#2657 = AXIS2_PLACEMENT_3D ( 'NONE', #668, #1015, #3713 ) ;
#2658 = DIRECTION ( 'NONE',  ( -1.000000000000000000, -1.224606353822377258E-16, -0.000000000000000000 ) ) ;
#2659 = CARTESIAN_POINT ( 'NONE',  ( 1.300000000000000044, 1.454922678357858157, -9.757819552369539906E-16 ) ) ;
#2660 = ORIENTED_EDGE ( 'NONE', *, *, #1606, .T. ) ;
#2661 = DIRECTION ( 'NONE',  ( 0.000000000000000000, -1.000000000000000000, 0.000000000000000000 ) ) ;
#2662 = ORIENTED_EDGE ( 'NONE', *, *, #1814, .F. ) ;
#2663 = EDGE_CURVE ( 'NONE', #3183, #3453, #2740, .T. ) ;
#2664 = ORIENTED_EDGE ( 'NONE', *, *, #1642, .F. ) ;
#2665 = CARTESIAN_POINT ( 'NONE',  ( 10.19640821446782297, -7.703719777548943412E-31, 1.500000000000000888 ) ) ;
#2666 = DIRECTION ( 'NONE',  ( 0.000000000000000000, 1.000000000000000000, 0.000000000000000000 ) ) ;
#2667 = VECTOR ( 'NONE', #3107, 1000.000000000000000 ) ;
#2668 = CONICAL_SURFACE ( 'NONE', #3824, 1.219500000000000917, 0.9599310885968779239 ) ;
#2669 = CONICAL_SURFACE ( 'NONE', #2351, 1.500000000000000888, 0.9599310885968821427 ) ;
#2670 = EDGE_CURVE ( 'NONE', #224, #1137, #1831, .T. ) ;
#2671 = DIRECTION ( 'NONE',  ( -1.000000000000000000, -1.224606353822377258E-16, -0.000000000000000000 ) ) ;
#2672 = AXIS2_PLACEMENT_3D ( 'NONE', #2348, #3581, #826 ) ;
#2673 = FACE_OUTER_BOUND ( 'NONE', #1554, .T. ) ;
#2674 = VECTOR ( 'NONE', #1941, 1000.000000000000000 ) ;
#2675 = EDGE_LOOP ( 'NONE', ( #1893, #2988, #2633, #2897, #2838 ) ) ;
#2676 = EDGE_CURVE ( 'NONE', #1160, #2825, #3437, .T. ) ;
#2677 = DIRECTION ( 'NONE',  ( 0.000000000000000000, -1.000000000000000000, 0.000000000000000000 ) ) ;
#2678 = ORIENTED_EDGE ( 'NONE', *, *, #1671, .F. ) ;
#2679 = DIRECTION ( 'NONE',  ( 0.000000000000000000, -1.000000000000000000, 0.000000000000000000 ) ) ;
#2680 = AXIS2_PLACEMENT_3D ( 'NONE', #2059, #1823, #3296 ) ;
#2681 = ORIENTED_EDGE ( 'NONE', *, *, #2914, .T. ) ;
#2682 = AXIS2_PLACEMENT_3D ( 'NONE', #2531, #1684, #476 ) ;
#2683 = CONICAL_SURFACE ( 'NONE', #953, 1.500000000000000888, 0.9599310885968821427 ) ;
#2684 = DIRECTION ( 'NONE',  ( 0.5735764363510454933, -0.8191520442889922426, 1.003171929053525363E-16 ) ) ;
#2685 = CARTESIAN_POINT ( 'NONE',  ( 12.00000000000000000, 9.398853765586739935E-16, 0.000000000000000000 ) ) ;
#2686 = EDGE_LOOP ( 'NONE', ( #1389, #2280, #2700, #2003 ) ) ;
#2687 = LINE ( 'NONE', #2462, #2727 ) ;
#2688 = ORIENTED_EDGE ( 'NONE', *, *, #1313, .F. ) ;
#2689 = VECTOR ( 'NONE', #2808, 1000.000000000000114 ) ;
#2690 = CARTESIAN_POINT ( 'NONE',  ( 5.303591785532174363, 1.836970198721022785E-16, -1.500000000000000888 ) ) ;
#2691 = EDGE_LOOP ( 'NONE', ( #3939, #3661 ) ) ;
#2692 = CARTESIAN_POINT ( 'NONE',  ( 4.803591785532175251, -7.703719777548943412E-31, 1.500000000000000888 ) ) ;
#2693 = DIRECTION ( 'NONE',  ( -1.000000000000000000, -0.000000000000000000, -0.000000000000000000 ) ) ;
#2694 = VECTOR ( 'NONE', #2057, 1000.000000000000000 ) ;
#2695 = CARTESIAN_POINT ( 'NONE',  ( 4.999999999999999112, 9.398853765586739935E-16, 0.000000000000000000 ) ) ;
#2696 = CARTESIAN_POINT ( 'NONE',  ( -31.74999999999995737, 0.000000000000000000, 0.000000000000000000 ) ) ;
#2697 = ORIENTED_EDGE ( 'NONE', *, *, #3537, .T. ) ;
#2698 = EDGE_CURVE ( 'NONE', #3604, #128, #3815, .T. ) ;
#2699 = DIRECTION ( 'NONE',  ( 0.000000000000000000, 1.000000000000000000, 0.000000000000000000 ) ) ;
#2700 = ORIENTED_EDGE ( 'NONE', *, *, #1734, .T. ) ;
#2701 = DIRECTION ( 'NONE',  ( -1.000000000000000000, -1.224606353822377258E-16, -0.000000000000000000 ) ) ;
#2702 = ORIENTED_EDGE ( 'NONE', *, *, #2355, .F. ) ;
#2703 = EDGE_CURVE ( 'NONE', #2172, #3384, #3974, .T. ) ;
#2704 = EDGE_CURVE ( 'NONE', #3210, #1710, #606, .T. ) ;
#2705 = LINE ( 'NONE', #3915, #2088 ) ;
#2706 = CARTESIAN_POINT ( 'NONE',  ( 5.196408214467822972, 9.639376512966943232E-16, 0.000000000000000000 ) ) ;
#2707 = ORIENTED_EDGE ( 'NONE', *, *, #1006, .T. ) ;
#2708 = DIRECTION ( 'NONE',  ( -1.000000000000000000, -0.000000000000000000, -0.000000000000000000 ) ) ;
#2709 = ORIENTED_EDGE ( 'NONE', *, *, #188, .F. ) ;
#2710 = DIRECTION ( 'NONE',  ( -0.000000000000000000, 0.000000000000000000, 1.000000000000000000 ) ) ;
#2711 = ORIENTED_EDGE ( 'NONE', *, *, #2999, .F. ) ;
#2712 = LINE ( 'NONE', #3873, #242 ) ;
#2713 = CARTESIAN_POINT ( 'NONE',  ( 8.500000000000000000, 9.398853765586739935E-16, 0.000000000000000000 ) ) ;
#2714 = LINE ( 'NONE', #2648, #1650 ) ;
#2715 = LINE ( 'NONE', #2978, #3300 ) ;
#2716 = ORIENTED_EDGE ( 'NONE', *, *, #800, .T. ) ;
#2717 = DIRECTION ( 'NONE',  ( -1.000000000000000000, -0.000000000000000000, -0.000000000000000000 ) ) ;
#2718 = EDGE_CURVE ( 'NONE', #1137, #2992, #1697, .T. ) ;
#2719 = CARTESIAN_POINT ( 'NONE',  ( 10.19640821446782297, -1.500000000000000222, 1.836970198721030920E-16 ) ) ;
#2720 = ORIENTED_EDGE ( 'NONE', *, *, #1590, .F. ) ;
#2721 = CIRCLE ( 'NONE', #1818, 1.219500000000000917 ) ;
#2722 = DIRECTION ( 'NONE',  ( 0.000000000000000000, -1.000000000000000000, 0.000000000000000000 ) ) ;
#2723 = CARTESIAN_POINT ( 'NONE',  ( 3.099999999999998757, 0.000000000000000000, 0.000000000000000000 ) ) ;
#2724 = ORIENTED_EDGE ( 'NONE', *, *, #155, .F. ) ;
#2725 = EDGE_CURVE ( 'NONE', #3230, #3630, #669, .T. ) ;
#2726 = CARTESIAN_POINT ( 'NONE',  ( 3.099999999999998757, 0.000000000000000000, -1.599999999999999645 ) ) ;
#2727 = VECTOR ( 'NONE', #1157, 999.9999999999998863 ) ;
#2728 = ORIENTED_EDGE ( 'NONE', *, *, #1125, .T. ) ;
#2729 = VECTOR ( 'NONE', #3370, 1000.000000000000000 ) ;
#2730 = FACE_OUTER_BOUND ( 'NONE', #2562, .T. ) ;
#2731 = ORIENTED_EDGE ( 'NONE', *, *, #1525, .F. ) ;
#2732 = EDGE_CURVE ( 'NONE', #1679, #2036, #1189, .T. ) ;
#2733 = DIRECTION ( 'NONE',  ( 0.000000000000000000, -1.000000000000000000, 0.000000000000000000 ) ) ;
#2734 = CONICAL_SURFACE ( 'NONE', #1826, 1.500000000000000888, 0.9599310885968821427 ) ;
#2735 = DIRECTION ( 'NONE',  ( 0.000000000000000000, -1.224646799147353207E-16, 1.000000000000000000 ) ) ;
#2736 = ORIENTED_EDGE ( 'NONE', *, *, #1636, .T. ) ;
#2737 = AXIS2_PLACEMENT_3D ( 'NONE', #3448, #1555, #3149 ) ;
#2738 = FACE_OUTER_BOUND ( 'NONE', #2591, .T. ) ;
#2739 = CONICAL_SURFACE ( 'NONE', #1898, 1.219500000000000917, 0.9599310885968779239 ) ;
#2740 = LINE ( 'NONE', #3333, #734 ) ;
#2741 = ORIENTED_EDGE ( 'NONE', *, *, #3, .F. ) ;
#2742 = AXIS2_PLACEMENT_3D ( 'NONE', #2368, #2906, #492 ) ;
#2743 = DIRECTION ( 'NONE',  ( 0.000000000000000000, -0.5000000000000009992, -0.8660254037844380415 ) ) ;
#2744 = CIRCLE ( 'NONE', #1215, 1.500000000000000888 ) ;
#2745 = CARTESIAN_POINT ( 'NONE',  ( 5.803591785532174363, -1.500000000000001110, 0.000000000000000000 ) ) ;
#2746 = ORIENTED_EDGE ( 'NONE', *, *, #1878, .T. ) ;
#2747 = CIRCLE ( 'NONE', #747, 1.500000000000000888 ) ;
#2748 = LINE ( 'NONE', #1501, #2694 ) ;
#2749 = VERTEX_POINT ( 'NONE', #3648 ) ;
#2750 = CIRCLE ( 'NONE', #690, 1.500000000000000888 ) ;
#2751 = EDGE_CURVE ( 'NONE', #1356, #1156, #2592, .T. ) ;
#2752 = DIRECTION ( 'NONE',  ( -1.000000000000000000, -0.000000000000000000, -0.000000000000000000 ) ) ;
#2753 = ORIENTED_EDGE ( 'NONE', *, *, #1056, .T. ) ;
#2754 = AXIS2_PLACEMENT_3D ( 'NONE', #2431, #3660, #3154 ) ;
#2755 = EDGE_CURVE ( 'NONE', #729, #925, #913, .T. ) ;
#2756 = AXIS2_PLACEMENT_3D ( 'NONE', #2723, #610, #206 ) ;
#2757 = CARTESIAN_POINT ( 'NONE',  ( 7.196408214467822972, 9.639376512966943232E-16, 0.000000000000000000 ) ) ;
#2758 = ORIENTED_EDGE ( 'NONE', *, *, #911, .T. ) ;
#2759 = CARTESIAN_POINT ( 'NONE',  ( 3.000000000000002665, 0.000000000000000000, 0.000000000000000000 ) ) ;
#2760 = CARTESIAN_POINT ( 'NONE',  ( 5.196408214467822972, 9.639376512966943232E-16, 0.000000000000000000 ) ) ;
#2761 = ORIENTED_EDGE ( 'NONE', *, *, #1958, .T. ) ;
#2762 = CARTESIAN_POINT ( 'NONE',  ( 12.69640821446782297, 9.639376512966943232E-16, 0.000000000000000000 ) ) ;
#2763 = CYLINDRICAL_SURFACE ( 'NONE', #3781, 1.499999999999999556 ) ;
#2764 = EDGE_LOOP ( 'NONE', ( #1033, #569, #86 ) ) ;
#2765 = DIRECTION ( 'NONE',  ( 0.000000000000000000, 0.000000000000000000, 1.000000000000000000 ) ) ;
#2766 = VERTEX_POINT ( 'NONE', #303 ) ;
#2767 = DIRECTION ( 'NONE',  ( 0.5735764363510454933, -0.8191520442889922426, 1.003171929053525363E-16 ) ) ;
#2768 = ORIENTED_EDGE ( 'NONE', *, *, #3380, .T. ) ;
#2769 = ADVANCED_FACE ( 'NONE', ( #3885 ), #2409, .T. ) ;
#2770 = CARTESIAN_POINT ( 'NONE',  ( 9.999999999999998224, -1.219500000000000028, 0.000000000000000000 ) ) ;
#2771 = ADVANCED_FACE ( 'NONE', ( #3162 ), #3949, .T. ) ;
#2772 = ADVANCED_FACE ( 'NONE', ( #64 ), #3087, .F. ) ;
#2773 = CARTESIAN_POINT ( 'NONE',  ( 4.500000000000000000, -1.219500000000000028, 1.665213485140614613E-16 ) ) ;
#2774 = EDGE_LOOP ( 'NONE', ( #3810, #1002 ) ) ;
#2775 = CARTESIAN_POINT ( 'NONE',  ( -31.74999999999995737, 0.000000000000000000, 0.000000000000000000 ) ) ;
#2776 = ADVANCED_FACE ( 'NONE', ( #951 ), #661, .T. ) ;
#2777 = CARTESIAN_POINT ( 'NONE',  ( 6.500000000000000000, 9.398853765586739935E-16, 0.000000000000000000 ) ) ;
#2778 = ORIENTED_EDGE ( 'NONE', *, *, #1720, .F. ) ;
#2779 = DIRECTION ( 'NONE',  ( 0.000000000000000000, -0.4999999999999985567, 0.8660254037844393737 ) ) ;
#2780 = FACE_OUTER_BOUND ( 'NONE', #2247, .T. ) ;
#2781 = ORIENTED_EDGE ( 'NONE', *, *, #775, .F. ) ;
#2782 = AXIS2_PLACEMENT_3D ( 'NONE', #3526, #3859, #780 ) ;
#2783 = CARTESIAN_POINT ( 'NONE',  ( 0.000000000000000000, 1.454922678357858157, -9.757819552369539906E-16 ) ) ;
#2784 = ORIENTED_EDGE ( 'NONE', *, *, #1863, .F. ) ;
#2785 = AXIS2_PLACEMENT_3D ( 'NONE', #522, #3944, #3904 ) ;
#2786 = DIRECTION ( 'NONE',  ( -1.000000000000000000, -1.224606353822377258E-16, -0.000000000000000000 ) ) ;
#2787 = ORIENTED_EDGE ( 'NONE', *, *, #3706, .T. ) ;
#2788 = LINE ( 'NONE', #2542, #1841 ) ;
#2789 = VECTOR ( 'NONE', #3626, 1000.000000000000000 ) ;
#2790 = CARTESIAN_POINT ( 'NONE',  ( 1.300000000000000044, 0.000000000000000000, 1.260000000000000009 ) ) ;
#2791 = FACE_OUTER_BOUND ( 'NONE', #3671, .T. ) ;
#2792 = VERTEX_POINT ( 'NONE', #2497 ) ;
#2793 = EDGE_CURVE ( 'NONE', #3377, #873, #3368, .T. ) ;
#2794 = CARTESIAN_POINT ( 'NONE',  ( 10.19640821446782297, 9.639376512966943232E-16, 0.000000000000000000 ) ) ;
#2795 = DIRECTION ( 'NONE',  ( 0.000000000000000000, -1.000000000000000000, 0.000000000000000000 ) ) ;
#2796 = ORIENTED_EDGE ( 'NONE', *, *, #2261, .F. ) ;
#2797 = AXIS2_PLACEMENT_3D ( 'NONE', #2810, #3773, #700 ) ;
#2798 = EDGE_CURVE ( 'NONE', #781, #404, #3050, .T. ) ;
#2799 = AXIS2_PLACEMENT_3D ( 'NONE', #2762, #8, #385 ) ;
#2800 = AXIS2_PLACEMENT_3D ( 'NONE', #1646, #776, #1321 ) ;
#2801 = LINE ( 'NONE', #3745, #1259 ) ;
#2802 = DIRECTION ( 'NONE',  ( -1.000000000000000000, -0.000000000000000000, -0.000000000000000000 ) ) ;
#2803 = ORIENTED_EDGE ( 'NONE', *, *, #758, .F. ) ;
#2804 = FACE_OUTER_BOUND ( 'NONE', #1706, .T. ) ;
#2805 = CONICAL_SURFACE ( 'NONE', #1260, 1.500000000000000888, 0.9599310885968821427 ) ;
#2806 = ORIENTED_EDGE ( 'NONE', *, *, #3367, .T. ) ;
#2807 = CONICAL_SURFACE ( 'NONE', #1585, 1.219500000000000917, 0.9599310885968779239 ) ;
#2808 = DIRECTION ( 'NONE',  ( -0.5735764363510487129, -0.8191520442889899112, 0.000000000000000000 ) ) ;
#2809 = VERTEX_POINT ( 'NONE', #22 ) ;
#2810 = CARTESIAN_POINT ( 'NONE',  ( 0.3000000000000016542, 0.000000000000000000, 2.449999999999999734 ) ) ;
#2811 = VECTOR ( 'NONE', #1030, 1000.000000000000000 ) ;
#2812 = VECTOR ( 'NONE', #1699, 1000.000000000000114 ) ;
#2813 = VECTOR ( 'NONE', #2937, 1000.000000000000000 ) ;
#2814 = AXIS2_PLACEMENT_3D ( 'NONE', #1638, #1560, #3417 ) ;
#2815 = CARTESIAN_POINT ( 'NONE',  ( 8.696408214467822972, -1.500000000000000000, 1.836970198721030920E-16 ) ) ;
#2816 = CARTESIAN_POINT ( 'NONE',  ( 5.303591785532174363, -7.703719777548943412E-31, 1.500000000000000888 ) ) ;
#2817 = ORIENTED_EDGE ( 'NONE', *, *, #3329, .T. ) ;
#2818 = CIRCLE ( 'NONE', #1852, 1.500000000000000888 ) ;
#2819 = DIRECTION ( 'NONE',  ( 1.000000000000000000, 1.224606353822377258E-16, 0.000000000000000000 ) ) ;
#2820 = DIRECTION ( 'NONE',  ( -1.000000000000000000, -1.224606353822377258E-16, -0.000000000000000000 ) ) ;
#2821 = EDGE_CURVE ( 'NONE', #3214, #2315, #2721, .T. ) ;
#2822 = ORIENTED_EDGE ( 'NONE', *, *, #2970, .T. ) ;
#2823 = FILL_AREA_STYLE ('',( #988 ) ) ;
#2824 = CARTESIAN_POINT ( 'NONE',  ( 11.80359178553217525, 9.158331018206532694E-16, 0.000000000000000000 ) ) ;
#2825 = VERTEX_POINT ( 'NONE', #2210 ) ;
#2826 = CARTESIAN_POINT ( 'NONE',  ( 11.80359178553217525, -1.500000000000001110, 0.000000000000000000 ) ) ;
#2827 = ADVANCED_FACE ( 'NONE', ( #1868 ), #627, .T. ) ;
#2828 = ADVANCED_FACE ( 'NONE', ( #2193 ), #2456, .T. ) ;
#2829 = EDGE_LOOP ( 'NONE', ( #2194, #3255, #721, #2241, #3181 ) ) ;
#2830 = CARTESIAN_POINT ( 'NONE',  ( 6.303591785532174363, 1.500000000000001998, 1.836970198721030920E-16 ) ) ;
#2831 = ORIENTED_EDGE ( 'NONE', *, *, #2134, .F. ) ;
#2832 = CARTESIAN_POINT ( 'NONE',  ( 10.30359178553217525, 9.158331018206532694E-16, 0.000000000000000000 ) ) ;
#2833 = CARTESIAN_POINT ( 'NONE',  ( 9.303591785532173475, 1.500000000000003109, 1.836970198721032399E-16 ) ) ;
#2834 = PLANE ( 'NONE',  #3812 ) ;
#2835 = VERTEX_POINT ( 'NONE', #2175 ) ;
#2836 = DIRECTION ( 'NONE',  ( -1.000000000000000000, -1.224606353822377258E-16, -0.000000000000000000 ) ) ;
#2837 = DIRECTION ( 'NONE',  ( -1.000000000000000000, -0.000000000000000000, -0.000000000000000000 ) ) ;
#2838 = ORIENTED_EDGE ( 'NONE', *, *, #2621, .T. ) ;
#2839 = EDGE_CURVE ( 'NONE', #848, #1356, #922, .T. ) ;
#2840 = CARTESIAN_POINT ( 'NONE',  ( 11.19640821446782297, 9.639376512966943232E-16, 0.000000000000000000 ) ) ;
#2841 = ORIENTED_EDGE ( 'NONE', *, *, #2646, .F. ) ;
#2842 = CARTESIAN_POINT ( 'NONE',  ( 9.303591785532173475, 1.836970198721022785E-16, -1.500000000000000888 ) ) ;
#2843 = ORIENTED_EDGE ( 'NONE', *, *, #2084, .T. ) ;
#2844 = EDGE_CURVE ( 'NONE', #282, #3800, #3409, .T. ) ;
#2845 = CIRCLE ( 'NONE', #280, 1.219500000000000917 ) ;
#2846 = DIRECTION ( 'NONE',  ( -1.000000000000000000, -1.224606353822377258E-16, -0.000000000000000000 ) ) ;
#2847 = VERTEX_POINT ( 'NONE', #1853 ) ;
#2848 = CARTESIAN_POINT ( 'NONE',  ( 11.50000000000000000, 1.219500000000001805, 1.493456771560198305E-16 ) ) ;
#2849 = AXIS2_PLACEMENT_3D ( 'NONE', #2696, #847, #827 ) ;
#2850 = ADVANCED_FACE ( 'NONE', ( #707 ), #2908, .T. ) ;
#2851 = CARTESIAN_POINT ( 'NONE',  ( 1.300000000000000044, 0.7274613391789312988, 1.260000000000000897 ) ) ;
#2852 = CARTESIAN_POINT ( 'NONE',  ( 10.80359178553217525, 1.836970198721022785E-16, -1.500000000000000888 ) ) ;
#2853 = ORIENTED_EDGE ( 'NONE', *, *, #3380, .F. ) ;
#2854 = CIRCLE ( 'NONE', #738, 1.499999999999999556 ) ;
#2855 = CARTESIAN_POINT ( 'NONE',  ( 7.500000000000000000, 9.398853765586739935E-16, 0.000000000000000000 ) ) ;
#2856 = DIRECTION ( 'NONE',  ( 0.000000000000000000, 1.000000000000000000, -1.043274026900804680E-15 ) ) ;
#2857 = VERTEX_POINT ( 'NONE', #2532 ) ;
#2858 = DIRECTION ( 'NONE',  ( -0.5735764363510489350, 0.8191520442889898002, 1.003171929053522405E-16 ) ) ;
#2859 = EDGE_LOOP ( 'NONE', ( #3886, #2619, #3980, #1737, #3892 ) ) ;
#2860 = AXIS2_PLACEMENT_3D ( 'NONE', #2316, #728, #143 ) ;
#2861 = LINE ( 'NONE', #2783, #3056 ) ;
#2862 = ORIENTED_EDGE ( 'NONE', *, *, #682, .F. ) ;
#2863 = FACE_OUTER_BOUND ( 'NONE', #3921, .T. ) ;
#2864 = FACE_OUTER_BOUND ( 'NONE', #3127, .T. ) ;
#2865 = EDGE_LOOP ( 'NONE', ( #3926, #1197, #742, #2582, #2514 ) ) ;
#2866 = CARTESIAN_POINT ( 'NONE',  ( 9.000000000000001776, 1.219500000000001805, 1.493456771560198305E-16 ) ) ;
#2867 = AXIS2_PLACEMENT_3D ( 'NONE', #1669, #2893, #134 ) ;
#2868 = EDGE_CURVE ( 'NONE', #2886, #387, #3430, .T. ) ;
#2869 = CIRCLE ( 'NONE', #3894, 1.500000000000000888 ) ;
#2870 = CARTESIAN_POINT ( 'NONE',  ( 7.696408214467822972, 1.500000000000001776, 0.000000000000000000 ) ) ;
#2871 = AXIS2_PLACEMENT_3D ( 'NONE', #3354, #590, #3883 ) ;
#2872 = AXIS2_PLACEMENT_3D ( 'NONE', #702, #1921, #2205 ) ;
#2873 = DIRECTION ( 'NONE',  ( -1.000000000000000000, -1.224606353822377258E-16, -0.000000000000000000 ) ) ;
#2874 = ORIENTED_EDGE ( 'NONE', *, *, #642, .F. ) ;
#2875 = EDGE_CURVE ( 'NONE', #2498, #3108, #1304, .T. ) ;
#2876 = CIRCLE ( 'NONE', #2491, 1.500000000000000888 ) ;
#2877 = AXIS2_PLACEMENT_3D ( 'NONE', #3256, #495, #3478 ) ;
#2878 = DIRECTION ( 'NONE',  ( 0.000000000000000000, -1.000000000000000000, 0.000000000000000000 ) ) ;
#2879 = CARTESIAN_POINT ( 'NONE',  ( 9.196408214467822972, 1.500000000000001776, 0.000000000000000000 ) ) ;
#2880 = AXIS2_PLACEMENT_3D ( 'NONE', #731, #1954, #1074 ) ;
#2881 = VERTEX_POINT ( 'NONE', #3760 ) ;
#2882 = CIRCLE ( 'NONE', #701, 1.500000000000000888 ) ;
#2883 = CARTESIAN_POINT ( 'NONE',  ( 8.303591785532175251, 9.158331018206532694E-16, 0.000000000000000000 ) ) ;
#2884 = ORIENTED_EDGE ( 'NONE', *, *, #408, .T. ) ;
#2885 = CARTESIAN_POINT ( 'NONE',  ( 5.303591785532174363, 9.158331018206532694E-16, 0.000000000000000000 ) ) ;
#2886 = VERTEX_POINT ( 'NONE', #43 ) ;
#2887 = CARTESIAN_POINT ( 'NONE',  ( 8.196408214467822972, 1.836970198721022785E-16, -1.500000000000000888 ) ) ;
#2888 = DIRECTION ( 'NONE',  ( 0.000000000000000000, 1.000000000000000000, 0.000000000000000000 ) ) ;
#2889 = ORIENTED_EDGE ( 'NONE', *, *, #87, .F. ) ;
#2890 = CARTESIAN_POINT ( 'NONE',  ( 5.196408214467822972, -1.500000000000000000, 1.836970198721030920E-16 ) ) ;
#2891 = ADVANCED_FACE ( 'NONE', ( #3705 ), #211, .T. ) ;
#2892 = DIRECTION ( 'NONE',  ( 0.000000000000000000, 0.000000000000000000, 1.000000000000000000 ) ) ;
#2893 = DIRECTION ( 'NONE',  ( -1.000000000000000000, -0.000000000000000000, -0.000000000000000000 ) ) ;
#2894 = EDGE_CURVE ( 'NONE', #2067, #1710, #3170, .T. ) ;
#2895 = DIRECTION ( 'NONE',  ( 0.000000000000000000, -1.000000000000000000, 0.000000000000000000 ) ) ;
#2896 = CARTESIAN_POINT ( 'NONE',  ( 5.803591785532174363, -7.703719777548943412E-31, 1.500000000000000888 ) ) ;
#2897 = ORIENTED_EDGE ( 'NONE', *, *, #1688, .T. ) ;
#2898 = ADVANCED_FACE ( 'NONE', ( #1101 ), #1627, .T. ) ;
#2899 = LINE ( 'NONE', #3164, #2547 ) ;
#2900 = EDGE_LOOP ( 'NONE', ( #645, #3427, #651 ) ) ;
#2901 = DIRECTION ( 'NONE',  ( -1.000000000000000000, -1.224606353822377258E-16, -0.000000000000000000 ) ) ;
#2902 = ORIENTED_EDGE ( 'NONE', *, *, #840, .T. ) ;
#2903 = CARTESIAN_POINT ( 'NONE',  ( 11.50000000000000000, 1.219500000000001805, 0.000000000000000000 ) ) ;
#2904 = DIRECTION ( 'NONE',  ( 0.5735764363510454933, -0.8191520442889922426, 1.003171929053525363E-16 ) ) ;
#2905 = ORIENTED_EDGE ( 'NONE', *, *, #3874, .T. ) ;
#2906 = DIRECTION ( 'NONE',  ( 1.000000000000000000, 0.000000000000000000, 0.000000000000000000 ) ) ;
#2907 = CARTESIAN_POINT ( 'NONE',  ( 6.000000000000000000, -1.219500000000000028, 0.000000000000000000 ) ) ;
#2908 = CONICAL_SURFACE ( 'NONE', #3233, 1.219500000000000917, 0.9599310885968779239 ) ;
#2909 = LINE ( 'NONE', #2568, #1324 ) ;
#2910 = FACE_OUTER_BOUND ( 'NONE', #2245, .T. ) ;
#2911 = CARTESIAN_POINT ( 'NONE',  ( 11.69640821446782297, 9.639376512966943232E-16, 0.000000000000000000 ) ) ;
#2912 = CARTESIAN_POINT ( 'NONE',  ( 8.303591785532175251, 9.158331018206532694E-16, 0.000000000000000000 ) ) ;
#2913 = ORIENTED_EDGE ( 'NONE', *, *, #1245, .F. ) ;
#2914 = EDGE_CURVE ( 'NONE', #2825, #1450, #859, .T. ) ;
#2915 = AXIS2_PLACEMENT_3D ( 'NONE', #3121, #1269, #1553 ) ;
#2916 = CARTESIAN_POINT ( 'NONE',  ( -31.74999999999995737, 0.000000000000000000, 0.000000000000000000 ) ) ;
#2917 = ORIENTED_EDGE ( 'NONE', *, *, #2388, .T. ) ;
#2918 = CARTESIAN_POINT ( 'NONE',  ( -31.74999999999995737, 1.836970198721029441E-16, -1.499999999999999556 ) ) ;
#2919 = ORIENTED_EDGE ( 'NONE', *, *, #1290, .F. ) ;
#2920 = EDGE_CURVE ( 'NONE', #1722, #869, #1945, .T. ) ;
#2921 = DIRECTION ( 'NONE',  ( -0.5735764363510487129, -0.8191520442889899112, 0.000000000000000000 ) ) ;
#2922 = AXIS2_PLACEMENT_3D ( 'NONE', #3748, #1620, #1858 ) ;
#2923 = DIRECTION ( 'NONE',  ( -0.5735764363510487129, -0.8191520442889899112, 0.000000000000000000 ) ) ;
#2924 = ORIENTED_EDGE ( 'NONE', *, *, #828, .F. ) ;
#2925 = CARTESIAN_POINT ( 'NONE',  ( 9.500000000000000000, -1.219500000000000028, 0.000000000000000000 ) ) ;
#2926 = AXIS2_PLACEMENT_3D ( 'NONE', #1132, #528, #3593 ) ;
#2927 = AXIS2_PLACEMENT_3D ( 'NONE', #1897, #3135, #3752 ) ;
#2928 =( GEOMETRIC_REPRESENTATION_CONTEXT ( 3 ) GLOBAL_UNCERTAINTY_ASSIGNED_CONTEXT ( ( #809 ) ) GLOBAL_UNIT_ASSIGNED_CONTEXT ( ( #3877, #3469, #2975 ) ) REPRESENTATION_CONTEXT ( 'NONE', 'WORKASPACE' ) );
#2929 = AXIS2_PLACEMENT_3D ( 'NONE', #3479, #1038, #1058 ) ;
#2930 = LINE ( 'NONE', #2627, #1267 ) ;
#2931 = FACE_OUTER_BOUND ( 'NONE', #3583, .T. ) ;
#2932 = CIRCLE ( 'NONE', #3900, 1.500000000000000888 ) ;
#2933 = CIRCLE ( 'NONE', #3769, 1.500000000000000888 ) ;
#2934 = CIRCLE ( 'NONE', #2096, 1.500000000000000888 ) ;
#2935 = DIRECTION ( 'NONE',  ( 0.000000000000000000, 0.000000000000000000, -1.000000000000000000 ) ) ;
#2936 = CONICAL_SURFACE ( 'NONE', #2364, 1.219500000000000917, 0.9599310885968779239 ) ;
#2937 = DIRECTION ( 'NONE',  ( -1.000000000000000000, -0.000000000000000000, -0.000000000000000000 ) ) ;
#2938 = DIRECTION ( 'NONE',  ( 1.000000000000000000, 1.224606353822377258E-16, 0.000000000000000000 ) ) ;
#2939 = EDGE_LOOP ( 'NONE', ( #525, #341, #1513, #3555, #806, #3059 ) ) ;
#2940 = VECTOR ( 'NONE', #1760, 999.9999999999998863 ) ;
#2941 = DIRECTION ( 'NONE',  ( 0.000000000000000000, 0.000000000000000000, 1.000000000000000000 ) ) ;
#2942 = EDGE_LOOP ( 'NONE', ( #3432, #1693, #1475, #345, #3851, #222 ) ) ;
#2943 = EDGE_CURVE ( 'NONE', #614, #1334, #3871, .T. ) ;
#2944 = AXIS2_PLACEMENT_3D ( 'NONE', #3400, #3093, #978 ) ;
#2945 = DIRECTION ( 'NONE',  ( -1.000000000000000000, -0.000000000000000000, -0.000000000000000000 ) ) ;
#2946 = EDGE_LOOP ( 'NONE', ( #1090, #3245, #2232, #3076 ) ) ;
#2947 = AXIS2_PLACEMENT_3D ( 'NONE', #1889, #3746, #3710 ) ;
#2948 = CARTESIAN_POINT ( 'NONE',  ( 9.000000000000001776, 9.398853765586739935E-16, 0.000000000000000000 ) ) ;
#2949 = DIRECTION ( 'NONE',  ( -1.000000000000000000, -1.224606353822377258E-16, -0.000000000000000000 ) ) ;
#2950 = VERTEX_POINT ( 'NONE', #420 ) ;
#2951 = EDGE_CURVE ( 'NONE', #2407, #2881, #1685, .T. ) ;
#2952 = ADVANCED_FACE ( 'NONE', ( #3817 ), #123, .F. ) ;
#2953 = CARTESIAN_POINT ( 'NONE',  ( 11.30359178553217525, 1.500000000000000666, 1.836970198721029688E-16 ) ) ;
#2954 = ORIENTED_EDGE ( 'NONE', *, *, #680, .T. ) ;
#2955 = ADVANCED_FACE ( 'NONE', ( #1060 ), #2326, .T. ) ;
#2956 = DIRECTION ( 'NONE',  ( 0.000000000000000000, -1.000000000000000000, 0.000000000000000000 ) ) ;
#2957 = CYLINDRICAL_SURFACE ( 'NONE', #42, 1.499999999999999556 ) ;
#2958 = CARTESIAN_POINT ( 'NONE',  ( 7.500000000000000000, 9.398853765586739935E-16, 0.000000000000000000 ) ) ;
#2959 = CARTESIAN_POINT ( 'NONE',  ( 0.000000000000000000, 0.000000000000000000, 2.449999999999999734 ) ) ;
#2960 = VERTEX_POINT ( 'NONE', #2573 ) ;
#2961 = CARTESIAN_POINT ( 'NONE',  ( 5.196408214467822972, 1.500000000000001554, 0.000000000000000000 ) ) ;
#2962 = ORIENTED_EDGE ( 'NONE', *, *, #533, .T. ) ;
#2963 = LINE ( 'NONE', #3804, #1514 ) ;
#2964 = VERTEX_POINT ( 'NONE', #3799 ) ;
#2965 = CARTESIAN_POINT ( 'NONE',  ( 7.196408214467822972, -1.500000000000000000, 1.836970198721030920E-16 ) ) ;
#2966 = CARTESIAN_POINT ( 'NONE',  ( 8.196408214467822972, -7.703719777548943412E-31, 1.500000000000000888 ) ) ;
#2967 = ORIENTED_EDGE ( 'NONE', *, *, #2310, .F. ) ;
#2968 = CARTESIAN_POINT ( 'NONE',  ( 5.803591785532174363, 9.158331018206532694E-16, 0.000000000000000000 ) ) ;
#2969 = ORIENTED_EDGE ( 'NONE', *, *, #3246, .F. ) ;
#2970 = EDGE_CURVE ( 'NONE', #2640, #699, #2610, .T. ) ;
#2971 = ORIENTED_EDGE ( 'NONE', *, *, #1207, .T. ) ;
#2972 = FACE_OUTER_BOUND ( 'NONE', #3406, .T. ) ;
#2973 = DIRECTION ( 'NONE',  ( 1.000000000000000000, 1.224606353822377258E-16, 0.000000000000000000 ) ) ;
#2974 = ADVANCED_FACE ( 'NONE', ( #740 ), #3841, .T. ) ;
#2975 =( NAMED_UNIT ( * ) SI_UNIT ( $, .STERADIAN. ) SOLID_ANGLE_UNIT ( ) );
#2976 = AXIS2_PLACEMENT_3D ( 'NONE', #3444, #78, #364 ) ;
#2977 = DIRECTION ( 'NONE',  ( -1.000000000000000000, -1.224606353822377258E-16, -0.000000000000000000 ) ) ;
#2978 = CARTESIAN_POINT ( 'NONE',  ( -31.74999999999995737, 1.836970198721029441E-16, -1.499999999999999556 ) ) ;
#2979 = ORIENTED_EDGE ( 'NONE', *, *, #3443, .F. ) ;
#2980 = AXIS2_PLACEMENT_3D ( 'NONE', #623, #984, #1243 ) ;
#2981 = DIRECTION ( 'NONE',  ( 1.000000000000000000, 1.224606353822377258E-16, 0.000000000000000000 ) ) ;
#2982 = ORIENTED_EDGE ( 'NONE', *, *, #1564, .T. ) ;
#2983 = CARTESIAN_POINT ( 'NONE',  ( 9.803591785532175251, 9.158331018206532694E-16, 0.000000000000000000 ) ) ;
#2984 = ORIENTED_EDGE ( 'NONE', *, *, #2590, .F. ) ;
#2985 = AXIS2_PLACEMENT_3D ( 'NONE', #872, #1169, #2679 ) ;
#2986 = LINE ( 'NONE', #2337, #802 ) ;
#2987 = CARTESIAN_POINT ( 'NONE',  ( 11.19640821446782297, -1.500000000000000000, 1.836970198721030920E-16 ) ) ;
#2988 = ORIENTED_EDGE ( 'NONE', *, *, #853, .F. ) ;
#2989 = DIRECTION ( 'NONE',  ( 0.000000000000000000, 0.000000000000000000, 1.000000000000000000 ) ) ;
#2990 = ORIENTED_EDGE ( 'NONE', *, *, #2355, .T. ) ;
#2991 = DIRECTION ( 'NONE',  ( 1.000000000000000000, 1.224606353822377258E-16, 0.000000000000000000 ) ) ;
#2992 = VERTEX_POINT ( 'NONE', #3222 ) ;
#2993 = LINE ( 'NONE', #238, #114 ) ;
#2994 = ADVANCED_FACE ( 'NONE', ( #1085 ), #3238, .T. ) ;
#2995 = DIRECTION ( 'NONE',  ( 0.000000000000000000, -1.000000000000000000, 0.000000000000000000 ) ) ;
#2996 = MECHANICAL_DESIGN_GEOMETRIC_PRESENTATION_REPRESENTATION (  '', ( #3186 ), #618 ) ;
#2997 = CIRCLE ( 'NONE', #807, 1.599999999999999645 ) ;
#2998 = DIRECTION ( 'NONE',  ( 0.000000000000000000, 1.000000000000000000, 0.000000000000000000 ) ) ;
#2999 = EDGE_CURVE ( 'NONE', #3041, #3803, #401, .T. ) ;
#3000 = CIRCLE ( 'NONE', #3452, 1.500000000000000888 ) ;
#3001 = EDGE_CURVE ( 'NONE', #1923, #3183, #2845, .T. ) ;
#3002 = CARTESIAN_POINT ( 'NONE',  ( 10.30359178553217525, -7.703719777548943412E-31, 1.500000000000000888 ) ) ;
#3003 = VECTOR ( 'NONE', #262, 1000.000000000000000 ) ;
#3004 = ORIENTED_EDGE ( 'NONE', *, *, #479, .F. ) ;
#3005 = AXIS2_PLACEMENT_3D ( 'NONE', #3497, #415, #173 ) ;
#3006 = DIRECTION ( 'NONE',  ( -1.000000000000000000, -1.224606353822377258E-16, -0.000000000000000000 ) ) ;
#3007 = ORIENTED_EDGE ( 'NONE', *, *, #2575, .T. ) ;
#3008 = CARTESIAN_POINT ( 'NONE',  ( 12.30359178553217525, 1.500000000000003109, 1.836970198721032399E-16 ) ) ;
#3009 = AXIS2_PLACEMENT_3D ( 'NONE', #1770, #3587, #3046 ) ;
#3010 = AXIS2_PLACEMENT_3D ( 'NONE', #862, #1223, #535 ) ;
#3011 = ORIENTED_EDGE ( 'NONE', *, *, #589, .F. ) ;
#3012 = CIRCLE ( 'NONE', #3523, 1.500000000000000888 ) ;
#3013 = CIRCLE ( 'NONE', #375, 1.500000000000000888 ) ;
#3014 = DIRECTION ( 'NONE',  ( 0.000000000000000000, 0.000000000000000000, 1.000000000000000000 ) ) ;
#3015 = CARTESIAN_POINT ( 'NONE',  ( 12.69640821446782297, 9.639376512966943232E-16, 0.000000000000000000 ) ) ;
#3016 = ORIENTED_EDGE ( 'NONE', *, *, #443, .F. ) ;
#3017 = DIRECTION ( 'NONE',  ( 0.000000000000000000, 0.000000000000000000, 1.000000000000000000 ) ) ;
#3018 = ORIENTED_EDGE ( 'NONE', *, *, #3958, .F. ) ;
#3019 = VECTOR ( 'NONE', #1556, 1000.000000000000114 ) ;
#3020 = DIRECTION ( 'NONE',  ( 0.000000000000000000, 1.000000000000000000, 0.000000000000000000 ) ) ;
#3021 = VERTEX_POINT ( 'NONE', #1965 ) ;
#3022 = DIRECTION ( 'NONE',  ( -1.000000000000000000, -1.224606353822377258E-16, -0.000000000000000000 ) ) ;
#3023 = CARTESIAN_POINT ( 'NONE',  ( -31.74999999999995737, 0.000000000000000000, 0.000000000000000000 ) ) ;
#3024 = AXIS2_PLACEMENT_3D ( 'NONE', #531, #903, #1175 ) ;
#3025 = EDGE_CURVE ( 'NONE', #3223, #3294, #3204, .T. ) ;
#3026 = CARTESIAN_POINT ( 'NONE',  ( 7.303591785532174363, 9.158331018206532694E-16, 0.000000000000000000 ) ) ;
#3027 = DIRECTION ( 'NONE',  ( 0.000000000000000000, 0.000000000000000000, -1.000000000000000000 ) ) ;
#3028 = VERTEX_POINT ( 'NONE', #1328 ) ;
#3029 = EDGE_CURVE ( 'NONE', #2172, #670, #1630, .T. ) ;
#3030 = CARTESIAN_POINT ( 'NONE',  ( 1.300000000000000044, -0.7274613391789266359, 1.260000000000003118 ) ) ;
#3031 = DIRECTION ( 'NONE',  ( 0.000000000000000000, 0.000000000000000000, 1.000000000000000000 ) ) ;
#3032 = DIRECTION ( 'NONE',  ( 0.000000000000000000, -1.000000000000000000, 0.000000000000000000 ) ) ;
#3033 = ORIENTED_EDGE ( 'NONE', *, *, #1102, .T. ) ;
#3034 = EDGE_CURVE ( 'NONE', #1024, #3800, #146, .T. ) ;
#3035 = DIRECTION ( 'NONE',  ( 0.5735764363510454933, -0.8191520442889922426, 1.003171929053525363E-16 ) ) ;
#3036 = LINE ( 'NONE', #2659, #1274 ) ;
#3037 = VERTEX_POINT ( 'NONE', #2896 ) ;
#3038 = CARTESIAN_POINT ( 'NONE',  ( 2.999999999999999112, 1.959434878635764737E-16, 1.599999999999999645 ) ) ;
#3039 = VERTEX_POINT ( 'NONE', #137 ) ;
#3040 = FACE_OUTER_BOUND ( 'NONE', #269, .T. ) ;
#3041 = VERTEX_POINT ( 'NONE', #1365 ) ;
#3042 = CARTESIAN_POINT ( 'NONE',  ( 10.30359178553217525, 9.158331018206532694E-16, 0.000000000000000000 ) ) ;
#3043 = DIRECTION ( 'NONE',  ( 0.000000000000000000, -1.000000000000000000, 0.000000000000000000 ) ) ;
#3044 = CARTESIAN_POINT ( 'NONE',  ( 5.196408214467822972, 9.639376512966943232E-16, 0.000000000000000000 ) ) ;
#3045 = EDGE_LOOP ( 'NONE', ( #384, #2917, #2982, #3346, #2709 ) ) ;
#3046 = DIRECTION ( 'NONE',  ( 0.000000000000000000, -1.000000000000000000, 0.000000000000000000 ) ) ;
#3047 = DIRECTION ( 'NONE',  ( -1.000000000000000000, -0.000000000000000000, -0.000000000000000000 ) ) ;
#3048 = EDGE_CURVE ( 'NONE', #156, #2960, #1940, .T. ) ;
#3049 = ORIENTED_EDGE ( 'NONE', *, *, #3782, .T. ) ;
#3050 = CIRCLE ( 'NONE', #469, 1.260000000000000009 ) ;
#3051 = CARTESIAN_POINT ( 'NONE',  ( 6.196408214467822084, 9.639376512966943232E-16, 0.000000000000000000 ) ) ;
#3052 = CARTESIAN_POINT ( 'NONE',  ( 10.30359178553217525, -1.499999999999998446, 0.000000000000000000 ) ) ;
#3053 = ORIENTED_EDGE ( 'NONE', *, *, #2751, .T. ) ;
#3054 = CYLINDRICAL_SURFACE ( 'NONE', #3758, 1.499999999999999556 ) ;
#3055 = EDGE_CURVE ( 'NONE', #2176, #785, #1241, .T. ) ;
#3056 = VECTOR ( 'NONE', #2181, 1000.000000000000114 ) ;
#3057 = ORIENTED_EDGE ( 'NONE', *, *, #887, .F. ) ;
#3058 = CYLINDRICAL_SURFACE ( 'NONE', #439, 1.499999999999999556 ) ;
#3059 = ORIENTED_EDGE ( 'NONE', *, *, #1789, .F. ) ;
#3060 = DIRECTION ( 'NONE',  ( 0.000000000000000000, -1.000000000000000000, 0.000000000000000000 ) ) ;
#3061 = PRODUCT_DEFINITION_SHAPE ( 'NONE', 'NONE',  #3345 ) ;
#3062 = AXIS2_PLACEMENT_3D ( 'NONE', #2299, #3822, #1660 ) ;
#3063 = CYLINDRICAL_SURFACE ( 'NONE', #3304, 1.499999999999999556 ) ;
#3064 = ORIENTED_EDGE ( 'NONE', *, *, #2793, .F. ) ;
#3065 = LINE ( 'NONE', #1885, #895 ) ;
#3066 = CARTESIAN_POINT ( 'NONE',  ( 7.500000000000000000, 1.219500000000001805, 1.493456771560198305E-16 ) ) ;
#3067 = ORIENTED_EDGE ( 'NONE', *, *, #1740, .F. ) ;
#3068 = CIRCLE ( 'NONE', #1962, 1.500000000000000888 ) ;
#3069 = EDGE_CURVE ( 'NONE', #1334, #3678, #2715, .T. ) ;
#3070 = VECTOR ( 'NONE', #870, 1000.000000000000114 ) ;
#3071 = FACE_OUTER_BOUND ( 'NONE', #3393, .T. ) ;
#3072 = ORIENTED_EDGE ( 'NONE', *, *, #999, .T. ) ;
#3073 = VECTOR ( 'NONE', #1082, 1000.000000000000114 ) ;
#3074 = CARTESIAN_POINT ( 'NONE',  ( -31.74999999999995737, 1.836970198721029441E-16, -1.499999999999999556 ) ) ;
#3075 = AXIS2_PLACEMENT_3D ( 'NONE', #879, #3657, #3017 ) ;
#3076 = ORIENTED_EDGE ( 'NONE', *, *, #3782, .F. ) ;
#3077 = CONICAL_SURFACE ( 'NONE', #2613, 1.219500000000000917, 0.9599310885968779239 ) ;
#3078 = EDGE_CURVE ( 'NONE', #2825, #2313, #3262, .T. ) ;
#3079 = EDGE_CURVE ( 'NONE', #2426, #1224, #2585, .T. ) ;
#3080 = DIRECTION ( 'NONE',  ( 0.5735764363510452712, 0.8191520442889924647, 0.000000000000000000 ) ) ;
#3081 = VERTEX_POINT ( 'NONE', #3351 ) ;
#3082 = AXIS2_PLACEMENT_3D ( 'NONE', #2319, #3550, #788 ) ;
#3083 = ADVANCED_FACE ( 'NONE', ( #1807 ), #3942, .T. ) ;
#3084 = DIRECTION ( 'NONE',  ( 1.000000000000000000, 0.000000000000000000, 0.000000000000000000 ) ) ;
#3085 = EDGE_LOOP ( 'NONE', ( #3695, #545, #3928, #1220, #3749 ) ) ;
#3086 = CARTESIAN_POINT ( 'NONE',  ( 9.000000000000001776, 9.398853765586739935E-16, 0.000000000000000000 ) ) ;
#3087 = PLANE ( 'NONE',  #1185 ) ;
#3088 = ORIENTED_EDGE ( 'NONE', *, *, #1619, .F. ) ;
#3089 = DIRECTION ( 'NONE',  ( 0.000000000000000000, -1.000000000000000000, 0.000000000000000000 ) ) ;
#3090 = VERTEX_POINT ( 'NONE', #3002 ) ;
#3091 = DIRECTION ( 'NONE',  ( 1.000000000000000000, 1.224606353822377258E-16, 0.000000000000000000 ) ) ;
#3092 = ORIENTED_EDGE ( 'NONE', *, *, #1550, .F. ) ;
#3093 = DIRECTION ( 'NONE',  ( 1.000000000000000000, 1.224606353822377258E-16, 0.000000000000000000 ) ) ;
#3094 = ORIENTED_EDGE ( 'NONE', *, *, #2590, .T. ) ;
#3095 = EDGE_CURVE ( 'NONE', #1281, #276, #1687, .T. ) ;
#3096 = CARTESIAN_POINT ( 'NONE',  ( 6.000000000000000000, 9.398853765586739935E-16, 0.000000000000000000 ) ) ;
#3097 = CARTESIAN_POINT ( 'NONE',  ( 9.196408214467822972, -1.500000000000000222, 1.836970198721030920E-16 ) ) ;
#3098 = EDGE_CURVE ( 'NONE', #255, #3805, #1110, .T. ) ;
#3099 = ORIENTED_EDGE ( 'NONE', *, *, #3482, .T. ) ;
#3100 = CARTESIAN_POINT ( 'NONE',  ( 11.30359178553217525, -7.703719777548943412E-31, 1.500000000000000888 ) ) ;
#3101 = CARTESIAN_POINT ( 'NONE',  ( -31.74999999999995737, 0.000000000000000000, 0.000000000000000000 ) ) ;
#3102 = ORIENTED_EDGE ( 'NONE', *, *, #2698, .T. ) ;
#3103 =( NAMED_UNIT ( * ) SI_UNIT ( $, .STERADIAN. ) SOLID_ANGLE_UNIT ( ) );
#3104 = CARTESIAN_POINT ( 'NONE',  ( 11.69640821446782297, -1.500000000000000222, 1.836970198721030920E-16 ) ) ;
#3105 = EDGE_LOOP ( 'NONE', ( #274, #1639, #365, #902, #2087 ) ) ;
#3106 = AXIS2_PLACEMENT_3D ( 'NONE', #2066, #1122, #568 ) ;
#3107 = DIRECTION ( 'NONE',  ( -0.5735764363510489350, 0.8191520442889898002, 1.003171929053522405E-16 ) ) ;
#3108 = VERTEX_POINT ( 'NONE', #220 ) ;
#3109 = AXIS2_PLACEMENT_3D ( 'NONE', #2116, #3327, #3027 ) ;
#3110 = CARTESIAN_POINT ( 'NONE',  ( 1.300000000000000044, -1.454922678357857047, 3.035766082959412415E-15 ) ) ;
#3111 = ORIENTED_EDGE ( 'NONE', *, *, #1476, .F. ) ;
#3112 = DIRECTION ( 'NONE',  ( 0.000000000000000000, -1.000000000000000000, 0.000000000000000000 ) ) ;
#3113 = VECTOR ( 'NONE', #2655, 1000.000000000000000 ) ;
#3114 = EDGE_CURVE ( 'NONE', #1450, #301, #2073, .T. ) ;
#3115 = CARTESIAN_POINT ( 'NONE',  ( 1.300000000000000044, 0.000000000000000000, 0.000000000000000000 ) ) ;
#3116 = CARTESIAN_POINT ( 'NONE',  ( -31.74999999999995737, 0.000000000000000000, 0.000000000000000000 ) ) ;
#3117 = AXIS2_PLACEMENT_3D ( 'NONE', #1990, #1731, #3226 ) ;
#3118 = ADVANCED_FACE ( 'NONE', ( #2673 ), #3881, .T. ) ;
#3119 = EDGE_CURVE ( 'NONE', #3897, #2881, #84, .T. ) ;
#3120 = DIRECTION ( 'NONE',  ( 1.000000000000000000, 1.224606353822377258E-16, 0.000000000000000000 ) ) ;
#3121 = CARTESIAN_POINT ( 'NONE',  ( 11.19640821446782297, 9.639376512966943232E-16, 0.000000000000000000 ) ) ;
#3122 = CIRCLE ( 'NONE', #3573, 1.219500000000000917 ) ;
#3123 = ORIENTED_EDGE ( 'NONE', *, *, #2875, .T. ) ;
#3124 = CONICAL_SURFACE ( 'NONE', #359, 1.500000000000000888, 0.9599310885968821427 ) ;
#3125 = LINE ( 'NONE', #1600, #1319 ) ;
#3126 = DIRECTION ( 'NONE',  ( -1.000000000000000000, -1.224606353822377258E-16, -0.000000000000000000 ) ) ;
#3127 = EDGE_LOOP ( 'NONE', ( #543, #1461, #936, #2211, #1714 ) ) ;
#3128 = FACE_OUTER_BOUND ( 'NONE', #2900, .T. ) ;
#3129 = AXIS2_PLACEMENT_3D ( 'NONE', #891, #3261, #1790 ) ;
#3130 = ORIENTED_EDGE ( 'NONE', *, *, #727, .T. ) ;
#3131 = AXIS2_PLACEMENT_3D ( 'NONE', #2318, #3533, #1694 ) ;
#3132 = AXIS2_PLACEMENT_3D ( 'NONE', #94, #355, #2170 ) ;
#3133 = DIRECTION ( 'NONE',  ( -1.000000000000000000, -0.000000000000000000, -0.000000000000000000 ) ) ;
#3134 = ORIENTED_EDGE ( 'NONE', *, *, #566, .F. ) ;
#3135 = DIRECTION ( 'NONE',  ( -1.000000000000000000, -1.224606353822377258E-16, -0.000000000000000000 ) ) ;
#3136 = CIRCLE ( 'NONE', #3774, 1.500000000000000888 ) ;
#3137 = AXIS2_PLACEMENT_3D ( 'NONE', #3576, #1825, #601 ) ;
#3138 = CIRCLE ( 'NONE', #756, 1.500000000000000888 ) ;
#3139 = AXIS2_PLACEMENT_3D ( 'NONE', #640, #2465, #3694 ) ;
#3140 = ORIENTED_EDGE ( 'NONE', *, *, #1313, .T. ) ;
#3141 = DIRECTION ( 'NONE',  ( -1.000000000000000000, -1.224606353822377258E-16, -0.000000000000000000 ) ) ;
#3142 = ORIENTED_EDGE ( 'NONE', *, *, #3669, .F. ) ;
#3143 = ADVANCED_FACE ( 'NONE', ( #2438 ), #923, .T. ) ;
#3144 = AXIS2_PLACEMENT_3D ( 'NONE', #2685, #529, #1799 ) ;
#3145 = DIRECTION ( 'NONE',  ( -1.000000000000000000, -0.000000000000000000, -0.000000000000000000 ) ) ;
#3146 = CARTESIAN_POINT ( 'NONE',  ( 10.69640821446782297, 9.639376512966943232E-16, 0.000000000000000000 ) ) ;
#3147 = ORIENTED_EDGE ( 'NONE', *, *, #2894, .F. ) ;
#3148 = EDGE_CURVE ( 'NONE', #1088, #207, #2416, .T. ) ;
#3149 = DIRECTION ( 'NONE',  ( 0.000000000000000000, -1.000000000000000000, 0.000000000000000000 ) ) ;
#3150 = DIRECTION ( 'NONE',  ( 0.000000000000000000, -1.000000000000000000, 0.000000000000000000 ) ) ;
#3151 = CARTESIAN_POINT ( 'NONE',  ( 6.999999999999999112, 1.219500000000001805, 0.000000000000000000 ) ) ;
#3152 = ORIENTED_EDGE ( 'NONE', *, *, #2732, .T. ) ;
#3153 = EDGE_CURVE ( 'NONE', #3623, #1351, #1492, .T. ) ;
#3154 = DIRECTION ( 'NONE',  ( 0.000000000000000000, 0.000000000000000000, 1.000000000000000000 ) ) ;
#3155 = EDGE_LOOP ( 'NONE', ( #471, #2716, #119, #1233, #1522 ) ) ;
#3156 = DIRECTION ( 'NONE',  ( 0.000000000000000000, -1.000000000000000000, 0.000000000000000000 ) ) ;
#3157 = VECTOR ( 'NONE', #2076, 1000.000000000000000 ) ;
#3158 = VERTEX_POINT ( 'NONE', #1474 ) ;
#3159 = CARTESIAN_POINT ( 'NONE',  ( 4.696408214467822972, 1.500000000000001554, 0.000000000000000000 ) ) ;
#3160 = EDGE_LOOP ( 'NONE', ( #1240, #138, #187, #328, #3142 ) ) ;
#3161 = CARTESIAN_POINT ( 'NONE',  ( 9.696408214467822972, 9.639376512966943232E-16, 0.000000000000000000 ) ) ;
#3162 = FACE_OUTER_BOUND ( 'NONE', #3429, .T. ) ;
#3163 = ORIENTED_EDGE ( 'NONE', *, *, #3295, .T. ) ;
#3164 = CARTESIAN_POINT ( 'NONE',  ( -31.74999999999995737, 1.836970198721029441E-16, -1.499999999999999556 ) ) ;
#3165 = ORIENTED_EDGE ( 'NONE', *, *, #3554, .T. ) ;
#3166 = ADVANCED_FACE ( 'NONE', ( #909 ), #3496, .T. ) ;
#3167 = DIRECTION ( 'NONE',  ( 0.000000000000000000, 1.000000000000000000, 0.000000000000000000 ) ) ;
#3168 = ORIENTED_EDGE ( 'NONE', *, *, #631, .T. ) ;
#3169 = DIRECTION ( 'NONE',  ( 0.000000000000000000, 0.000000000000000000, 1.000000000000000000 ) ) ;
#3170 = CIRCLE ( 'NONE', #80, 1.500000000000000888 ) ;
#3171 = DIRECTION ( 'NONE',  ( 0.000000000000000000, 1.224646799147353207E-16, 1.000000000000000000 ) ) ;
#3172 = VERTEX_POINT ( 'NONE', #2959 ) ;
#3173 = ADVANCED_FACE ( 'NONE', ( #2349 ), #3582, .T. ) ;
#3174 = FACE_OUTER_BOUND ( 'NONE', #2197, .T. ) ;
#3175 = AXIS2_PLACEMENT_3D ( 'NONE', #1508, #3967, #1791 ) ;
#3176 = DIRECTION ( 'NONE',  ( 0.000000000000000000, 1.000000000000000000, 0.000000000000000000 ) ) ;
#3177 = CARTESIAN_POINT ( 'NONE',  ( 10.69640821446782297, 9.639376512966943232E-16, 0.000000000000000000 ) ) ;
#3178 = CONICAL_SURFACE ( 'NONE', #480, 1.219500000000000917, 0.9599310885968779239 ) ;
#3179 = DIRECTION ( 'NONE',  ( 0.000000000000000000, 1.000000000000000000, 0.000000000000000000 ) ) ;
#3180 = DIRECTION ( 'NONE',  ( 0.000000000000000000, -1.000000000000000000, 0.000000000000000000 ) ) ;
#3181 = ORIENTED_EDGE ( 'NONE', *, *, #3439, .F. ) ;
#3182 = FACE_OUTER_BOUND ( 'NONE', #1114, .T. ) ;
#3183 = VERTEX_POINT ( 'NONE', #1745 ) ;
#3184 = CARTESIAN_POINT ( 'NONE',  ( 5.500000000000000000, 9.398853765586739935E-16, 0.000000000000000000 ) ) ;
#3185 = ORIENTED_EDGE ( 'NONE', *, *, #3079, .T. ) ;
#3186 = STYLED_ITEM ( 'NONE', ( #609 ), #3865 ) ;
#3187 = AXIS2_PLACEMENT_3D ( 'NONE', #1882, #380, #76 ) ;
#3188 = ADVANCED_FACE ( 'NONE', ( #3603 ), #3372, .F. ) ;
#3189 = CARTESIAN_POINT ( 'NONE',  ( 11.19640821446782297, 9.639376512966943232E-16, 0.000000000000000000 ) ) ;
#3190 = CARTESIAN_POINT ( 'NONE',  ( 6.196408214467822084, 1.836970198721022785E-16, -1.500000000000000888 ) ) ;
#3191 = ORIENTED_EDGE ( 'NONE', *, *, #567, .T. ) ;
#3192 = CIRCLE ( 'NONE', #2161, 1.500000000000000888 ) ;
#3193 = CARTESIAN_POINT ( 'NONE',  ( 10.69640821446782297, 9.639376512966943232E-16, 0.000000000000000000 ) ) ;
#3194 = CIRCLE ( 'NONE', #2607, 1.500000000000000888 ) ;
#3195 = EDGE_CURVE ( 'NONE', #209, #3379, #1753, .T. ) ;
#3196 = AXIS2_PLACEMENT_3D ( 'NONE', #3096, #396, #1300 ) ;
#3197 = FACE_OUTER_BOUND ( 'NONE', #3716, .T. ) ;
#3198 = AXIS2_PLACEMENT_3D ( 'NONE', #1205, #1181, #3364 ) ;
#3199 = CARTESIAN_POINT ( 'NONE',  ( 7.803591785532174363, -5.777789833161707559E-31, 1.500000000000000888 ) ) ;
#3200 = EDGE_CURVE ( 'NONE', #3800, #2186, #24, .T. ) ;
#3201 = AXIS2_PLACEMENT_3D ( 'NONE', #98, #722, #1026 ) ;
#3202 = VECTOR ( 'NONE', #938, 1000.000000000000114 ) ;
#3203 = DIRECTION ( 'NONE',  ( -1.000000000000000000, -1.224606353822377258E-16, -0.000000000000000000 ) ) ;
#3204 = LINE ( 'NONE', #2630, #2524 ) ;
#3205 = AXIS2_PLACEMENT_3D ( 'NONE', #190, #488, #1052 ) ;
#3206 = ORIENTED_EDGE ( 'NONE', *, *, #3757, .T. ) ;
#3207 = FACE_OUTER_BOUND ( 'NONE', #3615, .T. ) ;
#3208 = EDGE_LOOP ( 'NONE', ( #3284, #692, #1519, #2979, #70 ) ) ;
#3209 = DIRECTION ( 'NONE',  ( -1.000000000000000000, -1.224606353822377258E-16, -0.000000000000000000 ) ) ;
#3210 = VERTEX_POINT ( 'NONE', #2816 ) ;
#3211 = CIRCLE ( 'NONE', #3024, 1.500000000000000888 ) ;
#3212 = CARTESIAN_POINT ( 'NONE',  ( 7.500000000000000000, -1.219500000000000028, 1.665213485140614613E-16 ) ) ;
#3213 = CARTESIAN_POINT ( 'NONE',  ( 6.303591785532174363, 9.158331018206532694E-16, 0.000000000000000000 ) ) ;
#3214 = VERTEX_POINT ( 'NONE', #677 ) ;
#3215 = CARTESIAN_POINT ( 'NONE',  ( 12.71950000000000891, 0.000000000000000000, 1.499999999999999556 ) ) ;
#3216 = CARTESIAN_POINT ( 'NONE',  ( -31.74999999999995737, 1.836970198721029441E-16, -1.499999999999999556 ) ) ;
#3217 = ADVANCED_FACE ( 'NONE', ( #2791 ), #3063, .T. ) ;
#3218 = CARTESIAN_POINT ( 'NONE',  ( 8.196408214467822972, 9.639376512966943232E-16, 0.000000000000000000 ) ) ;
#3219 = SURFACE_STYLE_USAGE ( .BOTH. , #81 ) ;
#3220 = FACE_OUTER_BOUND ( 'NONE', #2865, .T. ) ;
#3221 = ADVANCED_FACE ( 'NONE', ( #299 ), #2834, .T. ) ;
#3222 = CARTESIAN_POINT ( 'NONE',  ( 7.696408214467822972, -1.500000000000000222, 1.836970198721030920E-16 ) ) ;
#3223 = VERTEX_POINT ( 'NONE', #2773 ) ;
#3224 = DIRECTION ( 'NONE',  ( -1.000000000000000000, -0.000000000000000000, -0.000000000000000000 ) ) ;
#3225 = ORIENTED_EDGE ( 'NONE', *, *, #932, .T. ) ;
#3226 = DIRECTION ( 'NONE',  ( 0.000000000000000000, -1.000000000000000000, 0.000000000000000000 ) ) ;
#3227 = ORIENTED_EDGE ( 'NONE', *, *, #92, .T. ) ;
#3228 = CARTESIAN_POINT ( 'NONE',  ( 5.500000000000000000, -1.219500000000000028, 1.665213485140614613E-16 ) ) ;
#3229 = CARTESIAN_POINT ( 'NONE',  ( 0.000000000000000000, -0.7274613391789266359, 1.260000000000003118 ) ) ;
#3230 = VERTEX_POINT ( 'NONE', #17 ) ;
#3231 = CARTESIAN_POINT ( 'NONE',  ( -31.74999999999995737, 0.000000000000000000, 0.000000000000000000 ) ) ;
#3232 = CARTESIAN_POINT ( 'NONE',  ( 10.80359178553217525, -1.499999999999998446, 0.000000000000000000 ) ) ;
#3233 = AXIS2_PLACEMENT_3D ( 'NONE', #2239, #3466, #1594 ) ;
#3234 = CARTESIAN_POINT ( 'NONE',  ( 9.696408214467822972, 1.500000000000001554, 0.000000000000000000 ) ) ;
#3235 = EDGE_CURVE ( 'NONE', #10, #1351, #2652, .T. ) ;
#3236 = APPLICATION_PROTOCOL_DEFINITION ( 'draft international standard', 'automotive_design', 1998, #1079 ) ;
#3237 = CARTESIAN_POINT ( 'NONE',  ( 7.696408214467822972, 9.639376512966943232E-16, 0.000000000000000000 ) ) ;
#3238 = PLANE ( 'NONE',  #2142 ) ;
#3239 = ORIENTED_EDGE ( 'NONE', *, *, #1348, .F. ) ;
#3240 = EDGE_CURVE ( 'NONE', #1874, #286, #3405, .T. ) ;
#3241 = EDGE_CURVE ( 'NONE', #3384, #23, #1943, .T. ) ;
#3242 = CARTESIAN_POINT ( 'NONE',  ( -31.74999999999995737, 1.836970198721029441E-16, -1.499999999999999556 ) ) ;
#3243 = ORIENTED_EDGE ( 'NONE', *, *, #1098, .T. ) ;
#3244 = CARTESIAN_POINT ( 'NONE',  ( 4.500000000000000000, 9.398853765586739935E-16, 0.000000000000000000 ) ) ;
#3245 = ORIENTED_EDGE ( 'NONE', *, *, #1932, .T. ) ;
#3246 = EDGE_CURVE ( 'NONE', #617, #732, #2464, .T. ) ;
#3247 = LINE ( 'NONE', #189, #363 ) ;
#3248 = VECTOR ( 'NONE', #1293, 1000.000000000000114 ) ;
#3249 = DIRECTION ( 'NONE',  ( 0.000000000000000000, -1.000000000000000000, 0.000000000000000000 ) ) ;
#3250 = ORIENTED_EDGE ( 'NONE', *, *, #1279, .F. ) ;
#3251 = DIRECTION ( 'NONE',  ( 0.000000000000000000, -1.000000000000000000, 0.000000000000000000 ) ) ;
#3252 = CONICAL_SURFACE ( 'NONE', #2799, 1.500000000000000888, 0.9599310885968821427 ) ;
#3253 = VECTOR ( 'NONE', #1582, 1000.000000000000114 ) ;
#3254 = VECTOR ( 'NONE', #3923, 1000.000000000000114 ) ;
#3255 = ORIENTED_EDGE ( 'NONE', *, *, #828, .T. ) ;
#3256 = CARTESIAN_POINT ( 'NONE',  ( 11.00000000000000000, 9.398853765586739935E-16, 0.000000000000000000 ) ) ;
#3257 = DIRECTION ( 'NONE',  ( 0.000000000000000000, 0.000000000000000000, 1.000000000000000000 ) ) ;
#3258 = CIRCLE ( 'NONE', #2422, 1.219500000000000917 ) ;
#3259 = CONICAL_SURFACE ( 'NONE', #2558, 1.500000000000000888, 0.9599310885968821427 ) ;
#3260 = SHAPE_DEFINITION_REPRESENTATION ( #3061, #942 ) ;
#3261 = DIRECTION ( 'NONE',  ( -1.000000000000000000, -0.000000000000000000, -0.000000000000000000 ) ) ;
#3262 = LINE ( 'NONE', #1449, #337 ) ;
#3263 = ADVANCED_FACE ( 'NONE', ( #3365 ), #2669, .T. ) ;
#3264 = ORIENTED_EDGE ( 'NONE', *, *, #937, .F. ) ;
#3265 = CIRCLE ( 'NONE', #304, 1.500000000000000888 ) ;
#3266 = AXIS2_PLACEMENT_3D ( 'NONE', #3677, #616, #315 ) ;
#3267 = CARTESIAN_POINT ( 'NONE',  ( 6.196408214467822084, 9.639376512966943232E-16, 0.000000000000000000 ) ) ;
#3268 = VERTEX_POINT ( 'NONE', #3097 ) ;
#3269 = CIRCLE ( 'NONE', #3718, 1.500000000000000888 ) ;
#3270 = FACE_OUTER_BOUND ( 'NONE', #1850, .T. ) ;
#3271 = EDGE_CURVE ( 'NONE', #3567, #1031, #2206, .T. ) ;
#3272 = ORIENTED_EDGE ( 'NONE', *, *, #1671, .T. ) ;
#3273 = CARTESIAN_POINT ( 'NONE',  ( 10.19640821446782297, 9.639376512966943232E-16, 0.000000000000000000 ) ) ;
#3274 = CARTESIAN_POINT ( 'NONE',  ( 9.196408214467822972, -1.500000000000000000, 1.836970198721030920E-16 ) ) ;
#3275 = VERTEX_POINT ( 'NONE', #3440 ) ;
#3276 = CARTESIAN_POINT ( 'NONE',  ( 5.803591785532174363, 9.158331018206532694E-16, 0.000000000000000000 ) ) ;
#3277 = EDGE_CURVE ( 'NONE', #1375, #3336, #2285, .T. ) ;
#3278 = ORIENTED_EDGE ( 'NONE', *, *, #1878, .F. ) ;
#3279 = VERTEX_POINT ( 'NONE', #945 ) ;
#3280 = FACE_OUTER_BOUND ( 'NONE', #1534, .T. ) ;
#3281 = DIRECTION ( 'NONE',  ( 0.000000000000000000, -1.000000000000000000, 0.000000000000000000 ) ) ;
#3282 = CARTESIAN_POINT ( 'NONE',  ( 8.500000000000000000, 1.219500000000001805, 0.000000000000000000 ) ) ;
#3283 = DIRECTION ( 'NONE',  ( -1.000000000000000000, -1.224606353822377258E-16, -0.000000000000000000 ) ) ;
#3284 = ORIENTED_EDGE ( 'NONE', *, *, #3958, .T. ) ;
#3285 = CARTESIAN_POINT ( 'NONE',  ( -31.74999999999995737, 0.000000000000000000, 0.000000000000000000 ) ) ;
#3286 = ORIENTED_EDGE ( 'NONE', *, *, #808, .T. ) ;
#3287 = CARTESIAN_POINT ( 'NONE',  ( 9.999999999999998224, 9.398853765586739935E-16, 0.000000000000000000 ) ) ;
#3288 = ORIENTED_EDGE ( 'NONE', *, *, #1180, .T. ) ;
#3289 = ADVANCED_FACE ( 'NONE', ( #1228 ), #3964, .T. ) ;
#3290 = CARTESIAN_POINT ( 'NONE',  ( 11.69640821446782297, -7.703719777548943412E-31, 1.500000000000000888 ) ) ;
#3291 = DIRECTION ( 'NONE',  ( 1.000000000000000000, 0.000000000000000000, 0.000000000000000000 ) ) ;
#3292 = ORIENTED_EDGE ( 'NONE', *, *, #2025, .F. ) ;
#3293 = DIRECTION ( 'NONE',  ( -1.000000000000000000, -0.000000000000000000, -0.000000000000000000 ) ) ;
#3294 = VERTEX_POINT ( 'NONE', #2528 ) ;
#3295 = EDGE_CURVE ( 'NONE', #3210, #3410, #941, .T. ) ;
#3296 = DIRECTION ( 'NONE',  ( 0.000000000000000000, 0.000000000000000000, -1.000000000000000000 ) ) ;
#3297 = ORIENTED_EDGE ( 'NONE', *, *, #2951, .F. ) ;
#3298 = DIRECTION ( 'NONE',  ( -1.000000000000000000, -0.000000000000000000, -0.000000000000000000 ) ) ;
#3299 = CARTESIAN_POINT ( 'NONE',  ( 10.80359178553217525, 9.158331018206532694E-16, 0.000000000000000000 ) ) ;
#3300 = VECTOR ( 'NONE', #868, 1000.000000000000000 ) ;
#3301 = CARTESIAN_POINT ( 'NONE',  ( -31.74999999999995737, 0.000000000000000000, 1.499999999999999556 ) ) ;
#3302 = CARTESIAN_POINT ( 'NONE',  ( 3.000000000000000000, 0.000000000000000000, 0.000000000000000000 ) ) ;
#3303 = ORIENTED_EDGE ( 'NONE', *, *, #2257, .F. ) ;
#3304 = AXIS2_PLACEMENT_3D ( 'NONE', #1264, #1611, #2511 ) ;
#3305 = AXIS2_PLACEMENT_3D ( 'NONE', #3231, #1055, #472 ) ;
#3306 = CARTESIAN_POINT ( 'NONE',  ( 8.803591785532175251, 1.500000000000003109, 1.836970198721032399E-16 ) ) ;
#3307 = ORIENTED_EDGE ( 'NONE', *, *, #135, .F. ) ;
#3308 = CARTESIAN_POINT ( 'NONE',  ( 8.696408214467822972, 9.639376512966943232E-16, 0.000000000000000000 ) ) ;
#3309 = ORIENTED_EDGE ( 'NONE', *, *, #1102, .F. ) ;
#3310 = AXIS2_PLACEMENT_3D ( 'NONE', #1773, #1495, #898 ) ;
#3311 = CARTESIAN_POINT ( 'NONE',  ( 0.000000000000000000, 3.184081677783118191E-16, -2.449999999999999734 ) ) ;
#3312 = CARTESIAN_POINT ( 'NONE',  ( 9.196408214467822972, 9.639376512966943232E-16, 0.000000000000000000 ) ) ;
#3313 = EDGE_LOOP ( 'NONE', ( #2817, #2971, #2361, #3250, #3612 ) ) ;
#3314 = LINE ( 'NONE', #597, #2345 ) ;
#3315 = ORIENTED_EDGE ( 'NONE', *, *, #3464, .F. ) ;
#3316 = EDGE_CURVE ( 'NONE', #255, #2809, #1455, .T. ) ;
#3317 = DIRECTION ( 'NONE',  ( -1.000000000000000000, -1.224606353822377258E-16, -0.000000000000000000 ) ) ;
#3318 = ORIENTED_EDGE ( 'NONE', *, *, #1642, .T. ) ;
#3319 = DIRECTION ( 'NONE',  ( -1.000000000000000000, -1.224606353822377258E-16, -0.000000000000000000 ) ) ;
#3320 = DIRECTION ( 'NONE',  ( 0.000000000000000000, -1.000000000000000000, 0.000000000000000000 ) ) ;
#3321 = ADVANCED_FACE ( 'NONE', ( #603 ), #1567, .T. ) ;
#3322 = CIRCLE ( 'NONE', #357, 1.500000000000000888 ) ;
#3323 = AXIS2_PLACEMENT_3D ( 'NONE', #2444, #3672, #915 ) ;
#3324 = AXIS2_PLACEMENT_3D ( 'NONE', #1346, #1407, #2550 ) ;
#3325 = LINE ( 'NONE', #565, #943 ) ;
#3326 = AXIS2_PLACEMENT_3D ( 'NONE', #2265, #1342, #718 ) ;
#3327 = DIRECTION ( 'NONE',  ( 1.000000000000000000, 0.000000000000000000, 0.000000000000000000 ) ) ;
#3328 = AXIS2_PLACEMENT_3D ( 'NONE', #2636, #3866, #3549 ) ;
#3329 = EDGE_CURVE ( 'NONE', #2960, #156, #233, .T. ) ;
#3330 = ORIENTED_EDGE ( 'NONE', *, *, #241, .T. ) ;
#3331 = DIRECTION ( 'NONE',  ( 0.5735764363510452712, 0.8191520442889924647, 0.000000000000000000 ) ) ;
#3332 = DIRECTION ( 'NONE',  ( 1.000000000000000000, 0.000000000000000000, 0.000000000000000000 ) ) ;
#3333 = CARTESIAN_POINT ( 'NONE',  ( 9.696408214467822972, 1.500000000000001776, 0.000000000000000000 ) ) ;
#3334 = AXIS2_PLACEMENT_3D ( 'NONE', #1388, #1657, #1632 ) ;
#3335 = AXIS2_PLACEMENT_3D ( 'NONE', #1442, #1507, #2433 ) ;
#3336 = VERTEX_POINT ( 'NONE', #3539 ) ;
#3337 = AXIS2_PLACEMENT_3D ( 'NONE', #2487, #2786, #71 ) ;
#3338 = DIRECTION ( 'NONE',  ( -1.000000000000000000, -1.224606353822377258E-16, -0.000000000000000000 ) ) ;
#3339 = DIRECTION ( 'NONE',  ( -1.000000000000000000, -0.000000000000000000, -0.000000000000000000 ) ) ;
#3340 = ORIENTED_EDGE ( 'NONE', *, *, #3295, .F. ) ;
#3341 = CARTESIAN_POINT ( 'NONE',  ( -31.74999999999995737, 0.000000000000000000, 0.000000000000000000 ) ) ;
#3342 = VERTEX_POINT ( 'NONE', #2852 ) ;
#3343 = CIRCLE ( 'NONE', #1912, 1.500000000000000888 ) ;
#3344 = DIRECTION ( 'NONE',  ( 0.000000000000000000, -1.000000000000000000, 0.000000000000000000 ) ) ;
#3345 = PRODUCT_DEFINITION ( 'General', '', #164, #1733 ) ;
#3346 = ORIENTED_EDGE ( 'NONE', *, *, #3801, .T. ) ;
#3347 = FACE_OUTER_BOUND ( 'NONE', #974, .T. ) ;
#3348 = AXIS2_PLACEMENT_3D ( 'NONE', #1377, #3536, #2661 ) ;
#3349 = ADVANCED_FACE ( 'NONE', ( #2586 ), #737, .F. ) ;
#3350 = CARTESIAN_POINT ( 'NONE',  ( 0.000000000000000000, 0.000000000000000000, 0.000000000000000000 ) ) ;
#3351 = CARTESIAN_POINT ( 'NONE',  ( 6.196408214467822084, -1.500000000000000222, 1.836970198721030920E-16 ) ) ;
#3352 = VERTEX_POINT ( 'NONE', #1362 ) ;
#3353 = EDGE_CURVE ( 'NONE', #2450, #2611, #2224, .T. ) ;
#3354 = CARTESIAN_POINT ( 'NONE',  ( -31.74999999999995737, 0.000000000000000000, 0.000000000000000000 ) ) ;
#3355 = CARTESIAN_POINT ( 'NONE',  ( 3.000000000000002665, 0.000000000000000000, 0.000000000000000000 ) ) ;
#3356 = ORIENTED_EDGE ( 'NONE', *, *, #758, .T. ) ;
#3357 = DIRECTION ( 'NONE',  ( 0.000000000000000000, -1.000000000000000000, 0.000000000000000000 ) ) ;
#3358 = CARTESIAN_POINT ( 'NONE',  ( 8.803591785532175251, -5.777789833161707559E-31, 1.500000000000000888 ) ) ;
#3359 = ORIENTED_EDGE ( 'NONE', *, *, #1881, .T. ) ;
#3360 = LINE ( 'NONE', #3614, #3157 ) ;
#3361 = ORIENTED_EDGE ( 'NONE', *, *, #2307, .F. ) ;
#3362 = DIRECTION ( 'NONE',  ( 0.000000000000000000, 0.000000000000000000, 1.000000000000000000 ) ) ;
#3363 = ORIENTED_EDGE ( 'NONE', *, *, #1271, .T. ) ;
#3364 = DIRECTION ( 'NONE',  ( 0.000000000000000000, -1.000000000000000000, 0.000000000000000000 ) ) ;
#3365 = FACE_OUTER_BOUND ( 'NONE', #3632, .T. ) ;
#3366 = ORIENTED_EDGE ( 'NONE', *, *, #3714, .T. ) ;
#3367 = EDGE_CURVE ( 'NONE', #3342, #423, #397, .T. ) ;
#3368 = CIRCLE ( 'NONE', #2976, 1.500000000000000888 ) ;
#3369 = DIRECTION ( 'NONE',  ( 0.000000000000000000, 0.000000000000000000, 1.000000000000000000 ) ) ;
#3370 = DIRECTION ( 'NONE',  ( -0.5735764363510489350, 0.8191520442889898002, 1.003171929053522405E-16 ) ) ;
#3371 = ORIENTED_EDGE ( 'NONE', *, *, #2131, .F. ) ;
#3372 = TOROIDAL_SURFACE ( 'NONE', #3875, 1.599999999999999645, 0.1000000000000000056 ) ;
#3373 = ADVANCED_FACE ( 'NONE', ( #3779 ), #1772, .T. ) ;
#3374 = EDGE_CURVE ( 'NONE', #3021, #852, #3825, .T. ) ;
#3375 = DIRECTION ( 'NONE',  ( 0.5735764363510452712, 0.8191520442889924647, 0.000000000000000000 ) ) ;
#3376 = CARTESIAN_POINT ( 'NONE',  ( 8.000000000000000000, 1.219500000000001805, 0.000000000000000000 ) ) ;
#3377 = VERTEX_POINT ( 'NONE', #3199 ) ;
#3378 = AXIS2_PLACEMENT_3D ( 'NONE', #3244, #3209, #2276 ) ;
#3379 = VERTEX_POINT ( 'NONE', #2287 ) ;
#3380 = EDGE_CURVE ( 'NONE', #2317, #1696, #38, .T. ) ;
#3381 = FACE_OUTER_BOUND ( 'NONE', #2570, .T. ) ;
#3382 = EDGE_LOOP ( 'NONE', ( #2201, #1165, #2768, #1257, #2577 ) ) ;
#3383 = CARTESIAN_POINT ( 'NONE',  ( 12.00000000000000000, 1.219500000000001805, 1.493456771560198305E-16 ) ) ;
#3384 = VERTEX_POINT ( 'NONE', #3159 ) ;
#3385 = CIRCLE ( 'NONE', #158, 1.500000000000000888 ) ;
#3386 = CARTESIAN_POINT ( 'NONE',  ( 1.300000000000000044, -1.454922678357857047, 3.035766082959412415E-15 ) ) ;
#3387 = DIRECTION ( 'NONE',  ( 0.000000000000000000, 0.000000000000000000, 1.000000000000000000 ) ) ;
#3388 = EDGE_LOOP ( 'NONE', ( #2421, #3890, #2642, #583, #2746 ) ) ;
#3389 = AXIS2_PLACEMENT_3D ( 'NONE', #2855, #3784, #1944 ) ;
#3390 = DIRECTION ( 'NONE',  ( 1.000000000000000000, 1.224606353822377258E-16, 0.000000000000000000 ) ) ;
#3391 = VECTOR ( 'NONE', #2314, 1000.000000000000114 ) ;
#3392 = CARTESIAN_POINT ( 'NONE',  ( -31.74999999999995737, 0.000000000000000000, 0.000000000000000000 ) ) ;
#3393 = EDGE_LOOP ( 'NONE', ( #2681, #2253, #1653, #1075, #417, #1797 ) ) ;
#3394 = EDGE_CURVE ( 'NONE', #2749, #3158, #2478, .T. ) ;
#3395 = LINE ( 'NONE', #51, #3248 ) ;
#3396 = VECTOR ( 'NONE', #3293, 1000.000000000000000 ) ;
#3397 = EDGE_LOOP ( 'NONE', ( #899, #462, #2954, #2260, #3667 ) ) ;
#3398 = AXIS2_PLACEMENT_3D ( 'NONE', #2794, #3120, #2209 ) ;
#3399 = AXIS2_PLACEMENT_3D ( 'NONE', #820, #2041, #1161 ) ;
#3400 = CARTESIAN_POINT ( 'NONE',  ( 5.696408214467822972, 9.639376512966943232E-16, 0.000000000000000000 ) ) ;
#3401 = EDGE_LOOP ( 'NONE', ( #819, #1410, #863, #3955, #3307 ) ) ;
#3402 = EDGE_CURVE ( 'NONE', #371, #411, #1199, .T. ) ;
#3403 = CIRCLE ( 'NONE', #2814, 1.500000000000000888 ) ;
#3404 = CARTESIAN_POINT ( 'NONE',  ( 5.696408214467822972, 1.836970198721021799E-16, -1.500000000000000888 ) ) ;
#3405 = LINE ( 'NONE', #3383, #3686 ) ;
#3406 = EDGE_LOOP ( 'NONE', ( #2874, #1661, #3330, #1597, #1265 ) ) ;
#3407 = AXIS2_PLACEMENT_3D ( 'NONE', #3276, #1419, #3515 ) ;
#3408 = CARTESIAN_POINT ( 'NONE',  ( 12.99999999999999822, 0.000000000000000000, 0.000000000000000000 ) ) ;
#3409 = LINE ( 'NONE', #970, #1177 ) ;
#3410 = VERTEX_POINT ( 'NONE', #118 ) ;
#3411 = CARTESIAN_POINT ( 'NONE',  ( -31.74999999999995737, 0.000000000000000000, 0.000000000000000000 ) ) ;
#3412 = LINE ( 'NONE', #2480, #313 ) ;
#3413 = ORIENTED_EDGE ( 'NONE', *, *, #2670, .T. ) ;
#3414 = DIRECTION ( 'NONE',  ( -1.000000000000000000, -1.224606353822377258E-16, -0.000000000000000000 ) ) ;
#3415 = EDGE_LOOP ( 'NONE', ( #18, #2884, #2009, #2736, #1093 ) ) ;
#3416 = ADVANCED_FACE ( 'NONE', ( #3498 ), #761, .T. ) ;
#3417 = DIRECTION ( 'NONE',  ( 0.000000000000000000, -1.000000000000000000, 0.000000000000000000 ) ) ;
#3418 = ORIENTED_EDGE ( 'NONE', *, *, #3119, .F. ) ;
#3419 = CARTESIAN_POINT ( 'NONE',  ( 7.696408214467822972, 9.639376512966943232E-16, 0.000000000000000000 ) ) ;
#3420 = EDGE_CURVE ( 'NONE', #128, #530, #2909, .T. ) ;
#3421 = ADVANCED_FACE ( 'NONE', ( #151 ), #441, .T. ) ;
#3422 = DIRECTION ( 'NONE',  ( 0.000000000000000000, -1.000000000000000000, 0.000000000000000000 ) ) ;
#3423 = DIRECTION ( 'NONE',  ( 1.000000000000000000, 0.000000000000000000, 0.000000000000000000 ) ) ;
#3424 = ORIENTED_EDGE ( 'NONE', *, *, #1789, .T. ) ;
#3425 = CYLINDRICAL_SURFACE ( 'NONE', #1908, 1.499999999999999556 ) ;
#3426 = CARTESIAN_POINT ( 'NONE',  ( 1.300000000000000044, 2.182384017536784349, -1.260000000000002229 ) ) ;
#3427 = ORIENTED_EDGE ( 'NONE', *, *, #2301, .T. ) ;
#3428 = CARTESIAN_POINT ( 'NONE',  ( 6.803591785532175251, 9.158331018206532694E-16, 0.000000000000000000 ) ) ;
#3429 = EDGE_LOOP ( 'NONE', ( #294, #3227, #3359, #427, #1890 ) ) ;
#3430 = CIRCLE ( 'NONE', #1432, 1.219500000000000917 ) ;
#3431 = CARTESIAN_POINT ( 'NONE',  ( 7.196408214467822972, 9.639376512966943232E-16, 0.000000000000000000 ) ) ;
#3432 = ORIENTED_EDGE ( 'NONE', *, *, #1168, .F. ) ;
#3433 = DIRECTION ( 'NONE',  ( 0.000000000000000000, 0.4999999999999983902, -0.8660254037844394848 ) ) ;
#3434 = ORIENTED_EDGE ( 'NONE', *, *, #3436, .T. ) ;
#3435 = DIRECTION ( 'NONE',  ( 0.000000000000000000, -1.000000000000000000, 0.000000000000000000 ) ) ;
#3436 = EDGE_CURVE ( 'NONE', #3678, #617, #486, .T. ) ;
#3437 = CIRCLE ( 'NONE', #1246, 1.500000000000000888 ) ;
#3438 = DIRECTION ( 'NONE',  ( 0.000000000000000000, -1.000000000000000000, 0.000000000000000000 ) ) ;
#3439 = EDGE_CURVE ( 'NONE', #1031, #1949, #1131, .T. ) ;
#3440 = CARTESIAN_POINT ( 'NONE',  ( 11.19640821446782297, -7.703719777548943412E-31, 1.500000000000000888 ) ) ;
#3441 = VECTOR ( 'NONE', #1950, 1000.000000000000000 ) ;
#3442 = LINE ( 'NONE', #302, #696 ) ;
#3443 = EDGE_CURVE ( 'NONE', #3690, #848, #881, .T. ) ;
#3444 = CARTESIAN_POINT ( 'NONE',  ( 7.803591785532174363, 9.158331018206532694E-16, 0.000000000000000000 ) ) ;
#3445 = ORIENTED_EDGE ( 'NONE', *, *, #334, .T. ) ;
#3446 = VECTOR ( 'NONE', #1738, 1000.000000000000114 ) ;
#3447 = CIRCLE ( 'NONE', #3644, 1.500000000000000888 ) ;
#3448 = CARTESIAN_POINT ( 'NONE',  ( 12.19640821446782297, 9.639376512966943232E-16, 0.000000000000000000 ) ) ;
#3449 = CARTESIAN_POINT ( 'NONE',  ( 7.696408214467822972, -7.703719777548943412E-31, 1.500000000000000888 ) ) ;
#3450 = ORIENTED_EDGE ( 'NONE', *, *, #1372, .F. ) ;
#3451 = CARTESIAN_POINT ( 'NONE',  ( 10.19640821446782297, 9.639376512966943232E-16, 0.000000000000000000 ) ) ;
#3452 = AXIS2_PLACEMENT_3D ( 'NONE', #74, #1036, #3156 ) ;
#3453 = VERTEX_POINT ( 'NONE', #3234 ) ;
#3454 = AXIS2_PLACEMENT_3D ( 'NONE', #3594, #837, #3933 ) ;
#3455 = CARTESIAN_POINT ( 'NONE',  ( 5.696408214467822972, 9.639376512966943232E-16, 0.000000000000000000 ) ) ;
#3456 = ORIENTED_EDGE ( 'NONE', *, *, #675, .F. ) ;
#3457 = DIRECTION ( 'NONE',  ( -1.000000000000000000, -0.000000000000000000, -0.000000000000000000 ) ) ;
#3458 = VECTOR ( 'NONE', #2858, 1000.000000000000000 ) ;
#3459 = CONICAL_SURFACE ( 'NONE', #1402, 1.219500000000000917, 0.9599310885968779239 ) ;
#3460 = VECTOR ( 'NONE', #3827, 1000.000000000000114 ) ;
#3461 = LINE ( 'NONE', #2790, #1587 ) ;
#3462 = CARTESIAN_POINT ( 'NONE',  ( 10.30359178553217525, 9.158331018206532694E-16, 0.000000000000000000 ) ) ;
#3463 = CIRCLE ( 'NONE', #1206, 1.500000000000000888 ) ;
#3464 = EDGE_CURVE ( 'NONE', #785, #2176, #2997, .T. ) ;
#3465 = DIRECTION ( 'NONE',  ( 0.000000000000000000, -1.000000000000000000, 0.000000000000000000 ) ) ;
#3466 = DIRECTION ( 'NONE',  ( -1.000000000000000000, -1.224606353822377258E-16, -0.000000000000000000 ) ) ;
#3467 = ORIENTED_EDGE ( 'NONE', *, *, #3241, .T. ) ;
#3468 = ADVANCED_FACE ( 'NONE', ( #2931 ), #703, .T. ) ;
#3469 =( NAMED_UNIT ( * ) PLANE_ANGLE_UNIT ( ) SI_UNIT ( $, .RADIAN. ) );
#3470 = DIRECTION ( 'NONE',  ( 0.000000000000000000, 0.000000000000000000, 1.000000000000000000 ) ) ;
#3471 = ORIENTED_EDGE ( 'NONE', *, *, #860, .F. ) ;
#3472 = DIRECTION ( 'NONE',  ( 0.000000000000000000, 1.000000000000000000, 0.000000000000000000 ) ) ;
#3473 = ORIENTED_EDGE ( 'NONE', *, *, #2503, .T. ) ;
#3474 = CARTESIAN_POINT ( 'NONE',  ( 9.196408214467822972, 9.639376512966943232E-16, 0.000000000000000000 ) ) ;
#3475 = LINE ( 'NONE', #31, #55 ) ;
#3476 = EDGE_LOOP ( 'NONE', ( #2533, #1792, #2274, #3765, #3599 ) ) ;
#3477 = DIRECTION ( 'NONE',  ( -1.000000000000000000, -1.224606353822377258E-16, -0.000000000000000000 ) ) ;
#3478 = DIRECTION ( 'NONE',  ( 0.000000000000000000, -1.000000000000000000, 0.000000000000000000 ) ) ;
#3479 = CARTESIAN_POINT ( 'NONE',  ( 8.000000000000000000, 9.398853765586739935E-16, 0.000000000000000000 ) ) ;
#3480 = CARTESIAN_POINT ( 'NONE',  ( -31.74999999999995737, 1.836970198721029441E-16, -1.499999999999999556 ) ) ;
#3481 = DIRECTION ( 'NONE',  ( 0.000000000000000000, -1.000000000000000000, 0.000000000000000000 ) ) ;
#3482 = EDGE_CURVE ( 'NONE', #2417, #3690, #2393, .T. ) ;
#3483 = EDGE_LOOP ( 'NONE', ( #1961, #330, #1329, #2741, #2517 ) ) ;
#3484 = DIRECTION ( 'NONE',  ( 0.000000000000000000, 0.000000000000000000, 1.000000000000000000 ) ) ;
#3485 = ORIENTED_EDGE ( 'NONE', *, *, #1983, .T. ) ;
#3486 = CARTESIAN_POINT ( 'NONE',  ( 3.099999999999998757, 0.000000000000000000, 0.000000000000000000 ) ) ;
#3487 = ADVANCED_FACE ( 'NONE', ( #520 ), #102, .T. ) ;
#3488 = ADVANCED_FACE ( 'NONE', ( #823 ), #2739, .T. ) ;
#3489 = EDGE_LOOP ( 'NONE', ( #3960, #2889, #2560, #2843, #3434 ) ) ;
#3490 = FACE_OUTER_BOUND ( 'NONE', #1750, .T. ) ;
#3491 = AXIS2_PLACEMENT_3D ( 'NONE', #3302, #587, #1186 ) ;
#3492 = CARTESIAN_POINT ( 'NONE',  ( 4.500000000000000000, -1.219500000000000028, 0.000000000000000000 ) ) ;
#3493 = ORIENTED_EDGE ( 'NONE', *, *, #1098, .F. ) ;
#3494 = DIRECTION ( 'NONE',  ( 0.5735764363510452712, 0.8191520442889924647, 0.000000000000000000 ) ) ;
#3495 = ADVANCED_FACE ( 'NONE', ( #2325 ), #1444, .T. ) ;
#3496 = CONICAL_SURFACE ( 'NONE', #3175, 1.219500000000000917, 0.9599310885968779239 ) ;
#3497 = CARTESIAN_POINT ( 'NONE',  ( 5.500000000000000000, 9.398853765586739935E-16, 0.000000000000000000 ) ) ;
#3498 = FACE_OUTER_BOUND ( 'NONE', #12, .T. ) ;
#3499 = VERTEX_POINT ( 'NONE', #2042 ) ;
#3500 = VECTOR ( 'NONE', #574, 999.9999999999998863 ) ;
#3501 = DIRECTION ( 'NONE',  ( -1.000000000000000000, -1.224606353822377258E-16, -0.000000000000000000 ) ) ;
#3502 = DIRECTION ( 'NONE',  ( 0.000000000000000000, -1.000000000000000000, 0.000000000000000000 ) ) ;
#3503 = ORIENTED_EDGE ( 'NONE', *, *, #1071, .F. ) ;
#3504 = CARTESIAN_POINT ( 'NONE',  ( 6.803591785532175251, 1.500000000000000666, 1.836970198721029688E-16 ) ) ;
#3505 = ORIENTED_EDGE ( 'NONE', *, *, #2920, .T. ) ;
#3506 = LINE ( 'NONE', #483, #3880 ) ;
#3507 = EDGE_LOOP ( 'NONE', ( #1844, #2664, #3505, #3720, #2129 ) ) ;
#3508 = CONICAL_SURFACE ( 'NONE', #2346, 1.219500000000000028, 0.7853981633974668197 ) ;
#3509 = AXIS2_PLACEMENT_3D ( 'NONE', #3522, #1628, #2628 ) ;
#3510 = ADVANCED_FACE ( 'NONE', ( #1162 ), #3124, .T. ) ;
#3511 = DIRECTION ( 'NONE',  ( 0.000000000000000000, -1.000000000000000000, 0.000000000000000000 ) ) ;
#3512 = DIRECTION ( 'NONE',  ( -1.000000000000000000, -1.224606353822377258E-16, -0.000000000000000000 ) ) ;
#3513 = ORIENTED_EDGE ( 'NONE', *, *, #2275, .F. ) ;
#3514 = AXIS2_PLACEMENT_3D ( 'NONE', #1651, #1964, #2878 ) ;
#3515 = DIRECTION ( 'NONE',  ( 0.000000000000000000, -1.000000000000000000, 0.000000000000000000 ) ) ;
#3516 = CONICAL_SURFACE ( 'NONE', #3328, 1.500000000000000888, 0.9599310885968821427 ) ;
#3517 = AXIS2_PLACEMENT_3D ( 'NONE', #944, #3740, #3422 ) ;
#3518 = ADVANCED_FACE ( 'NONE', ( #3620 ), #3640, .T. ) ;
#3519 = DIRECTION ( 'NONE',  ( 0.000000000000000000, 0.000000000000000000, 1.000000000000000000 ) ) ;
#3520 = VECTOR ( 'NONE', #1477, 1000.000000000000000 ) ;
#3521 = AXIS2_PLACEMENT_3D ( 'NONE', #2080, #3317, #259 ) ;
#3522 = CARTESIAN_POINT ( 'NONE',  ( 6.696408214467822972, 9.639376512966943232E-16, 0.000000000000000000 ) ) ;
#3523 = AXIS2_PLACEMENT_3D ( 'NONE', #3161, #419, #1327 ) ;
#3524 = AXIS2_PLACEMENT_3D ( 'NONE', #3809, #3512, #1397 ) ;
#3525 = LINE ( 'NONE', #2290, #1077 ) ;
#3526 = CARTESIAN_POINT ( 'NONE',  ( 4.500000000000000000, 9.398853765586739935E-16, 0.000000000000000000 ) ) ;
#3527 = CIRCLE ( 'NONE', #3770, 1.500000000000000888 ) ;
#3528 = ORIENTED_EDGE ( 'NONE', *, *, #2451, .F. ) ;
#3529 = CARTESIAN_POINT ( 'NONE',  ( -31.74999999999995737, 0.000000000000000000, 1.499999999999999556 ) ) ;
#3530 = ORIENTED_EDGE ( 'NONE', *, *, #236, .T. ) ;
#3531 = DIRECTION ( 'NONE',  ( 0.000000000000000000, 0.000000000000000000, -1.000000000000000000 ) ) ;
#3532 = VERTEX_POINT ( 'NONE', #3899 ) ;
#3533 = DIRECTION ( 'NONE',  ( 1.000000000000000000, 1.224606353822377258E-16, 0.000000000000000000 ) ) ;
#3534 = CARTESIAN_POINT ( 'NONE',  ( 9.303591785532173475, -7.703719777548943412E-31, 1.500000000000000888 ) ) ;
#3535 = ORIENTED_EDGE ( 'NONE', *, *, #53, .T. ) ;
#3536 = DIRECTION ( 'NONE',  ( -1.000000000000000000, -1.224606353822377258E-16, -0.000000000000000000 ) ) ;
#3537 = EDGE_CURVE ( 'NONE', #930, #3090, #422, .T. ) ;
#3538 = FACE_OUTER_BOUND ( 'NONE', #2391, .T. ) ;
#3539 = CARTESIAN_POINT ( 'NONE',  ( 4.803591785532175251, -1.499999999999998446, 0.000000000000000000 ) ) ;
#3540 = EDGE_CURVE ( 'NONE', #3379, #3937, #3447, .T. ) ;
#3541 = ADVANCED_FACE ( 'NONE', ( #498 ), #2957, .T. ) ;
#3542 = CARTESIAN_POINT ( 'NONE',  ( 8.303591785532175251, -1.500000000000001110, 0.000000000000000000 ) ) ;
#3543 = CARTESIAN_POINT ( 'NONE',  ( 12.19640821446782297, 9.639376512966943232E-16, 0.000000000000000000 ) ) ;
#3544 = ORIENTED_EDGE ( 'NONE', *, *, #1041, .F. ) ;
#3545 = CARTESIAN_POINT ( 'NONE',  ( 0.000000000000000000, 0.7274613391789273020, -1.260000000000000675 ) ) ;
#3546 = VERTEX_POINT ( 'NONE', #196 ) ;
#3547 = DIRECTION ( 'NONE',  ( 1.000000000000000000, 0.000000000000000000, 0.000000000000000000 ) ) ;
#3548 = ORIENTED_EDGE ( 'NONE', *, *, #2596, .T. ) ;
#3549 = DIRECTION ( 'NONE',  ( 0.000000000000000000, 1.000000000000000000, 0.000000000000000000 ) ) ;
#3550 = DIRECTION ( 'NONE',  ( -1.000000000000000000, -1.224606353822377258E-16, -0.000000000000000000 ) ) ;
#3551 = ORIENTED_EDGE ( 'NONE', *, *, #1569, .F. ) ;
#3552 = DIRECTION ( 'NONE',  ( 0.000000000000000000, 1.000000000000000000, 0.000000000000000000 ) ) ;
#3553 = AXIS2_PLACEMENT_3D ( 'NONE', #1232, #2837, #1907 ) ;
#3554 = EDGE_CURVE ( 'NONE', #3499, #3897, #1144, .T. ) ;
#3555 = ORIENTED_EDGE ( 'NONE', *, *, #3914, .F. ) ;
#3556 = LINE ( 'NONE', #3835, #2812 ) ;
#3557 = DIRECTION ( 'NONE',  ( -1.000000000000000000, -0.000000000000000000, -0.000000000000000000 ) ) ;
#3558 = ADVANCED_FACE ( 'NONE', ( #2063 ), #1063, .T. ) ;
#3559 = CARTESIAN_POINT ( 'NONE',  ( 7.803591785532174363, 9.158331018206532694E-16, 0.000000000000000000 ) ) ;
#3560 = CONICAL_SURFACE ( 'NONE', #2215, 1.500000000000000888, 0.9599310885968821427 ) ;
#3561 = CARTESIAN_POINT ( 'NONE',  ( -31.74999999999995737, 0.000000000000000000, 0.000000000000000000 ) ) ;
#3562 = ORIENTED_EDGE ( 'NONE', *, *, #1983, .F. ) ;
#3563 = ADVANCED_FACE ( 'NONE', ( #1182 ), #3855, .T. ) ;
#3564 = LINE ( 'NONE', #3242, #2811 ) ;
#3565 = EDGE_LOOP ( 'NONE', ( #306, #3535, #3272, #1312, #3016 ) ) ;
#3566 = DIRECTION ( 'NONE',  ( -1.000000000000000000, -1.224606353822377258E-16, -0.000000000000000000 ) ) ;
#3567 = VERTEX_POINT ( 'NONE', #2644 ) ;
#3568 = CARTESIAN_POINT ( 'NONE',  ( 11.19640821446782297, 9.639376512966943232E-16, 0.000000000000000000 ) ) ;
#3569 = DIRECTION ( 'NONE',  ( 0.5735764363510454933, -0.8191520442889922426, 1.003171929053525363E-16 ) ) ;
#3570 = VERTEX_POINT ( 'NONE', #3792 ) ;
#3571 = DIRECTION ( 'NONE',  ( 0.000000000000000000, -1.000000000000000000, 0.000000000000000000 ) ) ;
#3572 = EDGE_LOOP ( 'NONE', ( #704, #2787, #1283, #772 ) ) ;
#3573 = AXIS2_PLACEMENT_3D ( 'NONE', #2178, #649, #1218 ) ;
#3574 = AXIS2_PLACEMENT_3D ( 'NONE', #3462, #1998, #2606 ) ;
#3575 = ORIENTED_EDGE ( 'NONE', *, *, #1006, .F. ) ;
#3576 = CARTESIAN_POINT ( 'NONE',  ( 1.300000000000000044, 0.000000000000000000, 0.000000000000000000 ) ) ;
#3577 = DIRECTION ( 'NONE',  ( -1.000000000000000000, -1.224606353822377258E-16, -0.000000000000000000 ) ) ;
#3578 = AXIS2_PLACEMENT_3D ( 'NONE', #3026, #2375, #2629 ) ;
#3579 =( NAMED_UNIT ( * ) SI_UNIT ( $, .STERADIAN. ) SOLID_ANGLE_UNIT ( ) );
#3580 = AXIS2_PLACEMENT_3D ( 'NONE', #3115, #1795, #3031 ) ;
#3581 = DIRECTION ( 'NONE',  ( -1.000000000000000000, -1.224606353822377258E-16, -0.000000000000000000 ) ) ;
#3582 = CYLINDRICAL_SURFACE ( 'NONE', #2849, 1.499999999999999556 ) ;
#3583 = EDGE_LOOP ( 'NONE', ( #1927, #163, #3072, #1741, #1857, #75 ) ) ;
#3584 = CIRCLE ( 'NONE', #1332, 1.500000000000000888 ) ;
#3585 = ADVANCED_FACE ( 'NONE', ( #433 ), #3516, .T. ) ;
#3586 = AXIS2_PLACEMENT_3D ( 'NONE', #293, #1239, #277 ) ;
#3587 = DIRECTION ( 'NONE',  ( -1.000000000000000000, -1.224606353822377258E-16, -0.000000000000000000 ) ) ;
#3588 = ORIENTED_EDGE ( 'NONE', *, *, #1352, .F. ) ;
#3589 = LINE ( 'NONE', #2399, #2272 ) ;
#3590 = VERTEX_POINT ( 'NONE', #3212 ) ;
#3591 = ADVANCED_FACE ( 'NONE', ( #3490 ), #786, .T. ) ;
#3592 = VECTOR ( 'NONE', #2098, 1000.000000000000114 ) ;
#3593 = DIRECTION ( 'NONE',  ( 0.000000000000000000, -1.000000000000000000, 0.000000000000000000 ) ) ;
#3594 = CARTESIAN_POINT ( 'NONE',  ( 8.500000000000000000, 9.398853765586739935E-16, 0.000000000000000000 ) ) ;
#3595 = ORIENTED_EDGE ( 'NONE', *, *, #2645, .T. ) ;
#3596 = CARTESIAN_POINT ( 'NONE',  ( 12.71950000000000891, 0.000000000000000000, 0.000000000000000000 ) ) ;
#3597 = ORIENTED_EDGE ( 'NONE', *, *, #171, .T. ) ;
#3598 = CARTESIAN_POINT ( 'NONE',  ( 11.19640821446782297, -1.500000000000000222, 1.836970198721030920E-16 ) ) ;
#3599 = ORIENTED_EDGE ( 'NONE', *, *, #982, .T. ) ;
#3600 = FACE_OUTER_BOUND ( 'NONE', #979, .T. ) ;
#3601 = CARTESIAN_POINT ( 'NONE',  ( -31.74999999999995737, 0.000000000000000000, 0.000000000000000000 ) ) ;
#3602 = CARTESIAN_POINT ( 'NONE',  ( 8.196408214467822972, 9.639376512966943232E-16, 0.000000000000000000 ) ) ;
#3603 = FACE_OUTER_BOUND ( 'NONE', #230, .T. ) ;
#3604 = VERTEX_POINT ( 'NONE', #2903 ) ;
#3605 = DIRECTION ( 'NONE',  ( 0.5735764363510454933, -0.8191520442889922426, 1.003171929053525363E-16 ) ) ;
#3606 = ORIENTED_EDGE ( 'NONE', *, *, #3848, .F. ) ;
#3607 = ADVANCED_FACE ( 'NONE', ( #1953 ), #2807, .T. ) ;
#3608 = LINE ( 'NONE', #2381, #2729 ) ;
#3609 = VERTEX_POINT ( 'NONE', #1073 ) ;
#3610 = DIRECTION ( 'NONE',  ( -1.000000000000000000, -0.000000000000000000, -0.000000000000000000 ) ) ;
#3611 = CARTESIAN_POINT ( 'NONE',  ( 9.999999999999998224, -1.219500000000000028, 1.665213485140614613E-16 ) ) ;
#3612 = ORIENTED_EDGE ( 'NONE', *, *, #1, .F. ) ;
#3613 = EDGE_CURVE ( 'NONE', #3711, #1615, #3247, .T. ) ;
#3614 = CARTESIAN_POINT ( 'NONE',  ( 1.300000000000000044, 0.7274613391789273020, -1.260000000000000675 ) ) ;
#3615 = EDGE_LOOP ( 'NONE', ( #2662, #3685, #1987, #3011, #1341 ) ) ;
#3616 = CARTESIAN_POINT ( 'NONE',  ( 11.30359178553217525, 9.158331018206532694E-16, 0.000000000000000000 ) ) ;
#3617 = VERTEX_POINT ( 'NONE', #109 ) ;
#3618 = EDGE_CURVE ( 'NONE', #144, #2407, #3194, .T. ) ;
#3619 = DIRECTION ( 'NONE',  ( 0.000000000000000000, 0.000000000000000000, 1.000000000000000000 ) ) ;
#3620 = FACE_OUTER_BOUND ( 'NONE', #748, .T. ) ;
#3621 = DIRECTION ( 'NONE',  ( -0.5735764363510489350, 0.8191520442889898002, 1.003171929053522405E-16 ) ) ;
#3622 = CARTESIAN_POINT ( 'NONE',  ( 12.00000000000000000, 9.398853765586739935E-16, 0.000000000000000000 ) ) ;
#3623 = VERTEX_POINT ( 'NONE', #3228 ) ;
#3624 = LINE ( 'NONE', #2441, #3070 ) ;
#3625 = EDGE_LOOP ( 'NONE', ( #3551, #3366, #3033, #550, #2166, #648 ) ) ;
#3626 = DIRECTION ( 'NONE',  ( -1.000000000000000000, -0.000000000000000000, -0.000000000000000000 ) ) ;
#3627 = ORIENTED_EDGE ( 'NONE', *, *, #1271, .F. ) ;
#3628 = CARTESIAN_POINT ( 'NONE',  ( 5.196408214467822972, 1.500000000000001776, 0.000000000000000000 ) ) ;
#3629 = DIRECTION ( 'NONE',  ( -1.000000000000000000, -0.000000000000000000, -0.000000000000000000 ) ) ;
#3630 = VERTEX_POINT ( 'NONE', #1976 ) ;
#3631 = LINE ( 'NONE', #2447, #3396 ) ;
#3632 = EDGE_LOOP ( 'NONE', ( #1315, #447, #226, #1942, #250 ) ) ;
#3633 = ADVANCED_FACE ( 'NONE', ( #2278 ), #1458, .T. ) ;
#3634 = CIRCLE ( 'NONE', #228, 1.500000000000000888 ) ;
#3635 = CARTESIAN_POINT ( 'NONE',  ( 10.19640821446782297, 9.639376512966943232E-16, 0.000000000000000000 ) ) ;
#3636 = ORIENTED_EDGE ( 'NONE', *, *, #96, .F. ) ;
#3637 = VECTOR ( 'NONE', #2303, 1000.000000000000000 ) ;
#3638 = DIRECTION ( 'NONE',  ( -1.000000000000000000, -0.000000000000000000, -0.000000000000000000 ) ) ;
#3639 = ADVANCED_FACE ( 'NONE', ( #3826 ), #1677, .T. ) ;
#3640 = CONICAL_SURFACE ( 'NONE', #165, 1.219500000000000917, 0.9599310885968779239 ) ;
#3641 = CARTESIAN_POINT ( 'NONE',  ( 9.000000000000001776, 1.219500000000001805, 0.000000000000000000 ) ) ;
#3642 = CIRCLE ( 'NONE', #3514, 1.500000000000000888 ) ;
#3643 = CARTESIAN_POINT ( 'NONE',  ( 12.50000000000000000, 9.398853765586739935E-16, 0.000000000000000000 ) ) ;
#3644 = AXIS2_PLACEMENT_3D ( 'NONE', #3299, #1763, #2995 ) ;
#3645 = ORIENTED_EDGE ( 'NONE', *, *, #3663, .T. ) ;
#3646 = CIRCLE ( 'NONE', #1510, 1.500000000000000888 ) ;
#3647 = LINE ( 'NONE', #1149, #3649 ) ;
#3648 = CARTESIAN_POINT ( 'NONE',  ( 6.696408214467822972, 1.500000000000001554, 0.000000000000000000 ) ) ;
#3649 = VECTOR ( 'NONE', #3331, 999.9999999999998863 ) ;
#3650 = AXIS2_PLACEMENT_3D ( 'NONE', #2062, #3298, #537 ) ;
#3651 = ORIENTED_EDGE ( 'NONE', *, *, #926, .F. ) ;
#3652 = AXIS2_PLACEMENT_3D ( 'NONE', #2759, #1536, #1906 ) ;
#3653 = VECTOR ( 'NONE', #811, 1000.000000000000114 ) ;
#3654 = DIRECTION ( 'NONE',  ( 0.000000000000000000, -1.000000000000000000, 0.000000000000000000 ) ) ;
#3655 = CARTESIAN_POINT ( 'NONE',  ( 9.196408214467822972, 1.500000000000001554, 0.000000000000000000 ) ) ;
#3656 = ORIENTED_EDGE ( 'NONE', *, *, #3235, .T. ) ;
#3657 = DIRECTION ( 'NONE',  ( -1.000000000000000000, -0.000000000000000000, -0.000000000000000000 ) ) ;
#3658 = ORIENTED_EDGE ( 'NONE', *, *, #3936, .F. ) ;
#3659 = AXIS2_PLACEMENT_3D ( 'NONE', #1133, #3291, #1754 ) ;
#3660 = DIRECTION ( 'NONE',  ( -1.000000000000000000, -0.000000000000000000, -0.000000000000000000 ) ) ;
#3661 = ORIENTED_EDGE ( 'NONE', *, *, #2725, .F. ) ;
#3662 = DIRECTION ( 'NONE',  ( 0.000000000000000000, -1.000000000000000000, 0.000000000000000000 ) ) ;
#3663 = EDGE_CURVE ( 'NONE', #3108, #478, #2934, .T. ) ;
#3664 = ADVANCED_FACE ( 'NONE', ( #1373 ), #2485, .T. ) ;
#3665 = EDGE_CURVE ( 'NONE', #3734, #3336, #1339, .T. ) ;
#3666 = CARTESIAN_POINT ( 'NONE',  ( 5.696408214467822972, -1.500000000000000000, 1.836970198721030920E-16 ) ) ;
#3667 = ORIENTED_EDGE ( 'NONE', *, *, #1764, .F. ) ;
#3668 = CARTESIAN_POINT ( 'NONE',  ( -31.74999999999995737, 0.000000000000000000, 1.499999999999999556 ) ) ;
#3669 = EDGE_CURVE ( 'NONE', #387, #2749, #1663, .T. ) ;
#3670 = DIRECTION ( 'NONE',  ( 0.000000000000000000, -1.000000000000000000, 0.000000000000000000 ) ) ;
#3671 = EDGE_LOOP ( 'NONE', ( #1579, #1933, #791, #191, #3636, #894 ) ) ;
#3672 = DIRECTION ( 'NONE',  ( -1.000000000000000000, -1.224606353822377258E-16, -0.000000000000000000 ) ) ;
#3673 = CARTESIAN_POINT ( 'NONE',  ( 11.80359178553217525, 9.158331018206532694E-16, 0.000000000000000000 ) ) ;
#3674 = ORIENTED_EDGE ( 'NONE', *, *, #140, .T. ) ;
#3675 = DIRECTION ( 'NONE',  ( 0.000000000000000000, -1.000000000000000000, 0.000000000000000000 ) ) ;
#3676 = ORIENTED_EDGE ( 'NONE', *, *, #853, .T. ) ;
#3677 = CARTESIAN_POINT ( 'NONE',  ( 6.999999999999999112, 9.398853765586739935E-16, 0.000000000000000000 ) ) ;
#3678 = VERTEX_POINT ( 'NONE', #2887 ) ;
#3679 = PRODUCT_RELATED_PRODUCT_CATEGORY ( 'part', '', ( #353 ) ) ;
#3680 = DIRECTION ( 'NONE',  ( 0.000000000000000000, -1.000000000000000000, 0.000000000000000000 ) ) ;
#3681 = VERTEX_POINT ( 'NONE', #1716 ) ;
#3682 = ADVANCED_FACE ( 'NONE', ( #129 ), #1708, .T. ) ;
#3683 = CARTESIAN_POINT ( 'NONE',  ( 7.196408214467822972, 9.639376512966943232E-16, 0.000000000000000000 ) ) ;
#3684 = DIRECTION ( 'NONE',  ( -1.000000000000000000, -1.224606353822377258E-16, -0.000000000000000000 ) ) ;
#3685 = ORIENTED_EDGE ( 'NONE', *, *, #2646, .T. ) ;
#3686 = VECTOR ( 'NONE', #1902, 1000.000000000000000 ) ;
#3687 = ADVANCED_FACE ( 'NONE', ( #2863 ), #2423, .T. ) ;
#3688 = LINE ( 'NONE', #324, #2539 ) ;
#3689 = DIRECTION ( 'NONE',  ( 0.000000000000000000, 0.000000000000000000, 1.000000000000000000 ) ) ;
#3690 = VERTEX_POINT ( 'NONE', #715 ) ;
#3691 = DIRECTION ( 'NONE',  ( 0.000000000000000000, 0.000000000000000000, -1.000000000000000000 ) ) ;
#3692 = VECTOR ( 'NONE', #268, 1000.000000000000000 ) ;
#3693 = ORIENTED_EDGE ( 'NONE', *, *, #981, .T. ) ;
#3694 = DIRECTION ( 'NONE',  ( 0.000000000000000000, -1.000000000000000000, 0.000000000000000000 ) ) ;
#3695 = ORIENTED_EDGE ( 'NONE', *, *, #2755, .F. ) ;
#3696 = CONICAL_SURFACE ( 'NONE', #2657, 1.219500000000000917, 0.9599310885968779239 ) ;
#3697 = LINE ( 'NONE', #1242, #3834 ) ;
#3698 = CARTESIAN_POINT ( 'NONE',  ( 11.69640821446782297, 9.639376512966943232E-16, 0.000000000000000000 ) ) ;
#3699 = ORIENTED_EDGE ( 'NONE', *, *, #3153, .F. ) ;
#3700 = AXIS2_PLACEMENT_3D ( 'NONE', #227, #1735, #3654 ) ;
#3701 = AXIS2_PLACEMENT_3D ( 'NONE', #3116, #1827, #2452 ) ;
#3702 = CONICAL_SURFACE ( 'NONE', #1647, 1.500000000000000888, 0.9599310885968821427 ) ;
#3703 = LINE ( 'NONE', #3386, #1138 ) ;
#3704 = AXIS2_PLACEMENT_3D ( 'NONE', #2948, #1416, #3511 ) ;
#3705 = FACE_OUTER_BOUND ( 'NONE', #349, .T. ) ;
#3706 = EDGE_CURVE ( 'NONE', #2383, #1802, #1934, .T. ) ;
#3707 = ORIENTED_EDGE ( 'NONE', *, *, #1590, .T. ) ;
#3708 = VECTOR ( 'NONE', #676, 1000.000000000000114 ) ;
#3709 = CARTESIAN_POINT ( 'NONE',  ( 7.196408214467822972, 1.500000000000001776, 0.000000000000000000 ) ) ;
#3710 = DIRECTION ( 'NONE',  ( 0.000000000000000000, -1.000000000000000000, 0.000000000000000000 ) ) ;
#3711 = VERTEX_POINT ( 'NONE', #1992 ) ;
#3712 = CIRCLE ( 'NONE', #305, 1.500000000000000888 ) ;
#3713 = DIRECTION ( 'NONE',  ( 0.000000000000000000, -1.000000000000000000, 0.000000000000000000 ) ) ;
#3714 = EDGE_CURVE ( 'NONE', #1635, #530, #37, .T. ) ;
#3715 = EDGE_CURVE ( 'NONE', #3868, #3039, #3951, .T. ) ;
#3716 = EDGE_LOOP ( 'NONE', ( #1919, #3595, #62, #914, #3088, #1337 ) ) ;
#3717 = AXIS2_PLACEMENT_3D ( 'NONE', #381, #1829, #912 ) ;
#3718 = AXIS2_PLACEMENT_3D ( 'NONE', #993, #2165, #2220 ) ;
#3719 = CARTESIAN_POINT ( 'NONE',  ( 4.303591785532174363, 1.500000000000001998, 1.836970198721030920E-16 ) ) ;
#3720 = ORIENTED_EDGE ( 'NONE', *, *, #2454, .T. ) ;
#3721 = DIRECTION ( 'NONE',  ( -1.000000000000000000, -0.000000000000000000, -0.000000000000000000 ) ) ;
#3722 = AXIS2_PLACEMENT_3D ( 'NONE', #3764, #2802, #1012 ) ;
#3723 = CIRCLE ( 'NONE', #1605, 2.750000000000000000 ) ;
#3724 = LINE ( 'NONE', #1880, #2230 ) ;
#3725 = DIRECTION ( 'NONE',  ( 0.000000000000000000, -1.000000000000000000, 0.000000000000000000 ) ) ;
#3726 = CARTESIAN_POINT ( 'NONE',  ( 9.803591785532175251, 1.500000000000000666, 1.836970198721029688E-16 ) ) ;
#3727 = DIRECTION ( 'NONE',  ( 1.000000000000000000, 0.000000000000000000, 0.000000000000000000 ) ) ;
#3728 = ORIENTED_EDGE ( 'NONE', *, *, #2322, .T. ) ;
#3729 = EDGE_CURVE ( 'NONE', #600, #2313, #3385, .T. ) ;
#3730 = SURFACE_SIDE_STYLE ('',( #1870 ) ) ;
#3731 = DIRECTION ( 'NONE',  ( -1.000000000000000000, -1.224606353822377258E-16, -0.000000000000000000 ) ) ;
#3732 = ORIENTED_EDGE ( 'NONE', *, *, #438, .T. ) ;
#3733 = LINE ( 'NONE', #1916, #2667 ) ;
#3734 = VERTEX_POINT ( 'NONE', #1798 ) ;
#3735 = EDGE_CURVE ( 'NONE', #128, #1024, #1498, .T. ) ;
#3736 = CARTESIAN_POINT ( 'NONE',  ( 9.196408214467822972, 1.836970198721022785E-16, -1.500000000000000888 ) ) ;
#3737 = ORIENTED_EDGE ( 'NONE', *, *, #642, .T. ) ;
#3738 = CARTESIAN_POINT ( 'NONE',  ( 12.00000000000000000, 1.219500000000001805, 0.000000000000000000 ) ) ;
#3739 = EDGE_CURVE ( 'NONE', #596, #2450, #2603, .T. ) ;
#3740 = DIRECTION ( 'NONE',  ( -1.000000000000000000, -1.224606353822377258E-16, -0.000000000000000000 ) ) ;
#3741 = DIRECTION ( 'NONE',  ( 0.000000000000000000, -1.000000000000000000, 0.000000000000000000 ) ) ;
#3742 = FACE_OUTER_BOUND ( 'NONE', #1718, .T. ) ;
#3743 = CARTESIAN_POINT ( 'NONE',  ( 6.999999999999999112, 9.398853765586739935E-16, 0.000000000000000000 ) ) ;
#3744 = ORIENTED_EDGE ( 'NONE', *, *, #513, .T. ) ;
#3745 = CARTESIAN_POINT ( 'NONE',  ( -31.74999999999995737, 0.000000000000000000, 1.499999999999999556 ) ) ;
#3746 = DIRECTION ( 'NONE',  ( -1.000000000000000000, -1.224606353822377258E-16, -0.000000000000000000 ) ) ;
#3747 = ORIENTED_EDGE ( 'NONE', *, *, #3853, .T. ) ;
#3748 = CARTESIAN_POINT ( 'NONE',  ( 9.696408214467822972, 9.639376512966943232E-16, 0.000000000000000000 ) ) ;
#3749 = ORIENTED_EDGE ( 'NONE', *, *, #1125, .F. ) ;
#3750 = CARTESIAN_POINT ( 'NONE',  ( -31.74999999999995737, 0.000000000000000000, 1.499999999999999556 ) ) ;
#3751 = VERTEX_POINT ( 'NONE', #2123 ) ;
#3752 = DIRECTION ( 'NONE',  ( 0.000000000000000000, -1.000000000000000000, 0.000000000000000000 ) ) ;
#3753 = ADVANCED_FACE ( 'NONE', ( #2097 ), #2384, .T. ) ;
#3754 = CARTESIAN_POINT ( 'NONE',  ( 8.000000000000000000, 9.398853765586739935E-16, 0.000000000000000000 ) ) ;
#3755 = DIRECTION ( 'NONE',  ( 0.000000000000000000, 1.000000000000000000, 0.000000000000000000 ) ) ;
#3756 = VERTEX_POINT ( 'NONE', #576 ) ;
#3757 = EDGE_CURVE ( 'NONE', #3037, #830, #1644, .T. ) ;
#3758 = AXIS2_PLACEMENT_3D ( 'NONE', #3341, #311, #1543 ) ;
#3759 = CARTESIAN_POINT ( 'NONE',  ( 0.3000000000000016542, 0.000000000000000000, 0.000000000000000000 ) ) ;
#3760 = CARTESIAN_POINT ( 'NONE',  ( 3.099999999999998757, 0.000000000000000000, 1.499999999999999556 ) ) ;
#3761 = VECTOR ( 'NONE', #956, 999.9999999999998863 ) ;
#3762 = EDGE_LOOP ( 'NONE', ( #1307, #2141 ) ) ;
#3763 = AXIS2_PLACEMENT_3D ( 'NONE', #1302, #3423, #2132 ) ;
#3764 = CARTESIAN_POINT ( 'NONE',  ( 1.300000000000000044, 0.000000000000000000, 0.000000000000000000 ) ) ;
#3765 = ORIENTED_EDGE ( 'NONE', *, *, #1299, .T. ) ;
#3766 = CARTESIAN_POINT ( 'NONE',  ( 1.300000000000000044, 0.7274613391789273020, -1.260000000000000675 ) ) ;
#3767 = CIRCLE ( 'NONE', #298, 1.500000000000000888 ) ;
#3768 = EDGE_LOOP ( 'NONE', ( #1544, #604, #1623, #2758, #2029 ) ) ;
#3769 = AXIS2_PLACEMENT_3D ( 'NONE', #2321, #2340, #3571 ) ;
#3770 = AXIS2_PLACEMENT_3D ( 'NONE', #2824, #2157, #1291 ) ;
#3771 = CARTESIAN_POINT ( 'NONE',  ( 0.000000000000000000, 0.7274613391789312988, 1.260000000000000897 ) ) ;
#3772 = VERTEX_POINT ( 'NONE', #272 ) ;
#3773 = DIRECTION ( 'NONE',  ( 0.000000000000000000, -1.000000000000000000, 0.000000000000000000 ) ) ;
#3774 = AXIS2_PLACEMENT_3D ( 'NONE', #544, #267, #1428 ) ;
#3775 = CIRCLE ( 'NONE', #3137, 1.260000000000000009 ) ;
#3776 = ADVANCED_FACE ( 'NONE', ( #1752 ), #2668, .T. ) ;
#3777 = AXIS2_PLACEMENT_3D ( 'NONE', #511, #1717, #3850 ) ;
#3778 = DIRECTION ( 'NONE',  ( 0.000000000000000000, 0.000000000000000000, 1.000000000000000000 ) ) ;
#3779 = FACE_OUTER_BOUND ( 'NONE', #1045, .T. ) ;
#3780 = ORIENTED_EDGE ( 'NONE', *, *, #2388, .F. ) ;
#3781 = AXIS2_PLACEMENT_3D ( 'NONE', #2459, #650, #3689 ) ;
#3782 = EDGE_CURVE ( 'NONE', #3630, #2809, #2986, .T. ) ;
#3783 = EDGE_CURVE ( 'NONE', #478, #3275, #3961, .T. ) ;
#3784 = DIRECTION ( 'NONE',  ( -1.000000000000000000, -1.224606353822377258E-16, -0.000000000000000000 ) ) ;
#3785 = DIRECTION ( 'NONE',  ( -0.5735764363510489350, 0.8191520442889898002, 1.003171929053522405E-16 ) ) ;
#3786 = ORIENTED_EDGE ( 'NONE', *, *, #1860, .T. ) ;
#3787 = EDGE_CURVE ( 'NONE', #1615, #1176, #100, .T. ) ;
#3788 = CARTESIAN_POINT ( 'NONE',  ( 5.696408214467822972, 9.639376512966943232E-16, 0.000000000000000000 ) ) ;
#3789 = ORIENTED_EDGE ( 'NONE', *, *, #675, .T. ) ;
#3790 = DIRECTION ( 'NONE',  ( 0.000000000000000000, 0.000000000000000000, 1.000000000000000000 ) ) ;
#3791 = EDGE_LOOP ( 'NONE', ( #3732, #2522, #1398, #1771, #1130 ) ) ;
#3792 = CARTESIAN_POINT ( 'NONE',  ( 0.000000000000000000, -0.7274613391789304107, -1.259999999999999121 ) ) ;
#3793 = DIRECTION ( 'NONE',  ( -1.000000000000000000, -1.224606353822377258E-16, -0.000000000000000000 ) ) ;
#3794 = ORIENTED_EDGE ( 'NONE', *, *, #3735, .F. ) ;
#3795 = CARTESIAN_POINT ( 'NONE',  ( 9.500000000000000000, -1.219500000000000028, 1.665213485140614613E-16 ) ) ;
#3796 = FACE_OUTER_BOUND ( 'NONE', #3791, .T. ) ;
#3797 = DIRECTION ( 'NONE',  ( 0.000000000000000000, 0.5000000000000011102, 0.8660254037844379305 ) ) ;
#3798 = CARTESIAN_POINT ( 'NONE',  ( 6.696408214467822972, -1.500000000000000222, 1.836970198721030920E-16 ) ) ;
#3799 = CARTESIAN_POINT ( 'NONE',  ( 0.000000000000000000, 1.454922678357858157, -9.757819552369539906E-16 ) ) ;
#3800 = VERTEX_POINT ( 'NONE', #3290 ) ;
#3801 = EDGE_CURVE ( 'NONE', #1062, #580, #2018, .T. ) ;
#3802 = DIRECTION ( 'NONE',  ( -1.000000000000000000, -1.224606353822377258E-16, -0.000000000000000000 ) ) ;
#3803 = VERTEX_POINT ( 'NONE', #1459 ) ;
#3804 = CARTESIAN_POINT ( 'NONE',  ( 8.000000000000000000, 1.219500000000001805, 1.493456771560198305E-16 ) ) ;
#3805 = VERTEX_POINT ( 'NONE', #3311 ) ;
#3806 = EDGE_CURVE ( 'NONE', #3214, #1486, #594, .T. ) ;
#3807 = DIRECTION ( 'NONE',  ( -1.000000000000000000, -1.224606353822377258E-16, -0.000000000000000000 ) ) ;
#3808 = AXIS2_PLACEMENT_3D ( 'NONE', #1027, #2938, #181 ) ;
#3809 = CARTESIAN_POINT ( 'NONE',  ( 5.500000000000000000, 9.398853765586739935E-16, 0.000000000000000000 ) ) ;
#3810 = ORIENTED_EDGE ( 'NONE', *, *, #155, .T. ) ;
#3811 = CYLINDRICAL_SURFACE ( 'NONE', #3305, 1.499999999999999556 ) ;
#3812 = AXIS2_PLACEMENT_3D ( 'NONE', #61, #35, #2148 ) ;
#3813 = CARTESIAN_POINT ( 'NONE',  ( 4.303591785532174363, -1.499999999999999778, 0.000000000000000000 ) ) ;
#3814 = DIRECTION ( 'NONE',  ( 0.000000000000000000, -1.000000000000000000, 0.000000000000000000 ) ) ;
#3815 = CIRCLE ( 'NONE', #347, 1.219500000000000917 ) ;
#3816 = DIRECTION ( 'NONE',  ( 0.000000000000000000, -1.000000000000000000, 0.000000000000000000 ) ) ;
#3817 = FACE_OUTER_BOUND ( 'NONE', #260, .T. ) ;
#3818 = ORIENTED_EDGE ( 'NONE', *, *, #1372, .T. ) ;
#3819 = CARTESIAN_POINT ( 'NONE',  ( 11.00000000000000000, 1.219500000000001805, 1.493456771560198305E-16 ) ) ;
#3820 = ORIENTED_EDGE ( 'NONE', *, *, #1809, .T. ) ;
#3821 = EDGE_CURVE ( 'NONE', #336, #2357, #2705, .T. ) ;
#3822 = DIRECTION ( 'NONE',  ( -1.000000000000000000, -1.224606353822377258E-16, -0.000000000000000000 ) ) ;
#3823 = ORIENTED_EDGE ( 'NONE', *, *, #2282, .F. ) ;
#3824 = AXIS2_PLACEMENT_3D ( 'NONE', #2424, #900, #1776 ) ;
#3825 = CIRCLE ( 'NONE', #2023, 1.500000000000000888 ) ;
#3826 = FACE_OUTER_BOUND ( 'NONE', #3847, .T. ) ;
#3827 = DIRECTION ( 'NONE',  ( 0.5735764363510454933, -0.8191520442889922426, 1.003171929053525363E-16 ) ) ;
#3828 = ORIENTED_EDGE ( 'NONE', *, *, #389, .T. ) ;
#3829 = ADVANCED_FACE ( 'NONE', ( #1815 ), #1126, .T. ) ;
#3830 = AXIS2_PLACEMENT_3D ( 'NONE', #1956, #3477, #331 ) ;
#3831 = ADVANCED_FACE ( 'NONE', ( #253 ), #3508, .T. ) ;
#3832 = CARTESIAN_POINT ( 'NONE',  ( 12.19640821446782297, 1.500000000000001776, 0.000000000000000000 ) ) ;
#3833 = AXIS2_PLACEMENT_3D ( 'NONE', #1396, #145, #730 ) ;
#3834 = VECTOR ( 'NONE', #2189, 999.9999999999997726 ) ;
#3835 = CARTESIAN_POINT ( 'NONE',  ( 0.000000000000000000, -1.454922678357857047, 3.035766082959412415E-15 ) ) ;
#3836 = CARTESIAN_POINT ( 'NONE',  ( 10.19640821446782297, 9.639376512966943232E-16, 0.000000000000000000 ) ) ;
#3837 = CIRCLE ( 'NONE', #2109, 1.219500000000000917 ) ;
#3838 = AXIS2_PLACEMENT_3D ( 'NONE', #3213, #2949, #3249 ) ;
#3839 =( LENGTH_UNIT ( ) NAMED_UNIT ( * ) SI_UNIT ( .MILLI., .METRE. ) );
#3840 = DIRECTION ( 'NONE',  ( 0.000000000000000000, -1.000000000000000000, 0.000000000000000000 ) ) ;
#3841 = CYLINDRICAL_SURFACE ( 'NONE', #2004, 1.499999999999999556 ) ;
#3842 = CIRCLE ( 'NONE', #2112, 1.500000000000000888 ) ;
#3843 = EDGE_LOOP ( 'NONE', ( #1917, #2579, #3786, #2125, #3597 ) ) ;
#3844 = LINE ( 'NONE', #3529, #817 ) ;
#3845 = EDGE_LOOP ( 'NONE', ( #3780, #3067, #1103, #1431, #939 ) ) ;
#3846 = FACE_OUTER_BOUND ( 'NONE', #1800, .T. ) ;
#3847 = EDGE_LOOP ( 'NONE', ( #1633, #3053, #2055, #1604, #1112, #2180 ) ) ;
#3848 = EDGE_CURVE ( 'NONE', #3028, #209, #1482, .T. ) ;
#3849 = CARTESIAN_POINT ( 'NONE',  ( 1.300000000000000044, -0.7274613391789266359, 1.260000000000003118 ) ) ;
#3850 = DIRECTION ( 'NONE',  ( 0.000000000000000000, -1.000000000000000000, 0.000000000000000000 ) ) ;
#3851 = ORIENTED_EDGE ( 'NONE', *, *, #3729, .F. ) ;
#3852 = DIRECTION ( 'NONE',  ( 0.000000000000000000, -1.000000000000000000, 0.000000000000000000 ) ) ;
#3853 = EDGE_CURVE ( 'NONE', #3546, #1281, #2403, .T. ) ;
#3854 = DIRECTION ( 'NONE',  ( -1.000000000000000000, -1.224606353822377258E-16, -0.000000000000000000 ) ) ;
#3855 = CYLINDRICAL_SURFACE ( 'NONE', #1261, 1.499999999999999556 ) ;
#3856 = EDGE_CURVE ( 'NONE', #3604, #2186, #1913, .T. ) ;
#3857 = PLANE ( 'NONE',  #1583 ) ;
#3858 = CARTESIAN_POINT ( 'NONE',  ( 6.696408214467822972, 9.639376512966943232E-16, 0.000000000000000000 ) ) ;
#3859 = DIRECTION ( 'NONE',  ( -1.000000000000000000, -1.224606353822377258E-16, -0.000000000000000000 ) ) ;
#3860 = ORIENTED_EDGE ( 'NONE', *, *, #801, .T. ) ;
#3861 = DIRECTION ( 'NONE',  ( 0.000000000000000000, -1.000000000000000000, 0.000000000000000000 ) ) ;
#3862 = ORIENTED_EDGE ( 'NONE', *, *, #1415, .T. ) ;
#3863 = DIRECTION ( 'NONE',  ( -0.5735764363510487129, -0.8191520442889899112, 0.000000000000000000 ) ) ;
#3864 = ORIENTED_EDGE ( 'NONE', *, *, #2751, .F. ) ;
#3865 = MANIFOLD_SOLID_BREP ( 'ThdSchPat', #3972 ) ;
#3866 = DIRECTION ( 'NONE',  ( 1.000000000000000000, 1.224606353822377258E-16, 0.000000000000000000 ) ) ;
#3867 = PLANE ( 'NONE',  #955 ) ;
#3868 = VERTEX_POINT ( 'NONE', #2156 ) ;
#3869 = CARTESIAN_POINT ( 'NONE',  ( 9.303591785532173475, 9.158331018206532694E-16, 0.000000000000000000 ) ) ;
#3870 = ORIENTED_EDGE ( 'NONE', *, *, #1926, .T. ) ;
#3871 = CIRCLE ( 'NONE', #534, 1.500000000000000888 ) ;
#3872 = VERTEX_POINT ( 'NONE', #47 ) ;
#3873 = CARTESIAN_POINT ( 'NONE',  ( -31.74999999999995737, 0.000000000000000000, 1.499999999999999556 ) ) ;
#3874 = EDGE_CURVE ( 'NONE', #3377, #1062, #2801, .T. ) ;
#3875 = AXIS2_PLACEMENT_3D ( 'NONE', #1549, #3084, #319 ) ;
#3876 = DIRECTION ( 'NONE',  ( 0.000000000000000000, 0.000000000000000000, 1.000000000000000000 ) ) ;
#3877 =( LENGTH_UNIT ( ) NAMED_UNIT ( * ) SI_UNIT ( .MILLI., .METRE. ) );
#3878 = DIRECTION ( 'NONE',  ( -1.000000000000000000, -1.224606353822377258E-16, -0.000000000000000000 ) ) ;
#3879 = ADVANCED_FACE ( 'NONE', ( #368 ), #1575, .T. ) ;
#3880 = VECTOR ( 'NONE', #2634, 1000.000000000000000 ) ;
#3881 = CYLINDRICAL_SURFACE ( 'NONE', #2268, 1.499999999999999556 ) ;
#3882 = ORIENTED_EDGE ( 'NONE', *, *, #2793, .T. ) ;
#3883 = DIRECTION ( 'NONE',  ( 0.000000000000000000, 0.000000000000000000, 1.000000000000000000 ) ) ;
#3884 = ORIENTED_EDGE ( 'NONE', *, *, #1564, .F. ) ;
#3885 = FACE_OUTER_BOUND ( 'NONE', #289, .T. ) ;
#3886 = ORIENTED_EDGE ( 'NONE', *, *, #1420, .F. ) ;
#3887 = DIRECTION ( 'NONE',  ( -0.5735764363510487129, -0.8191520442889899112, 0.000000000000000000 ) ) ;
#3888 = CIRCLE ( 'NONE', #2536, 1.500000000000000888 ) ;
#3889 = DIRECTION ( 'NONE',  ( -1.000000000000000000, -0.000000000000000000, -0.000000000000000000 ) ) ;
#3890 = ORIENTED_EDGE ( 'NONE', *, *, #73, .T. ) ;
#3891 = CARTESIAN_POINT ( 'NONE',  ( 8.696408214467822972, 1.836970198721022785E-16, -1.500000000000000888 ) ) ;
#3892 = ORIENTED_EDGE ( 'NONE', *, *, #171, .F. ) ;
#3893 = VECTOR ( 'NONE', #2684, 1000.000000000000114 ) ;
#3894 = AXIS2_PLACEMENT_3D ( 'NONE', #263, #1765, #541 ) ;
#3895 = STYLED_ITEM ( 'NONE', ( #179 ), #942 ) ;
#3896 = AXIS2_PLACEMENT_3D ( 'NONE', #3218, #458, #1379 ) ;
#3897 = VERTEX_POINT ( 'NONE', #2500 ) ;
#3898 = CARTESIAN_POINT ( 'NONE',  ( 1.300000000000000044, 0.000000000000000000, 0.000000000000000000 ) ) ;
#3899 = CARTESIAN_POINT ( 'NONE',  ( 8.696408214467822972, -1.500000000000000222, 1.836970198721030920E-16 ) ) ;
#3900 = AXIS2_PLACEMENT_3D ( 'NONE', #3559, #3878, #2113 ) ;
#3901 = ADVANCED_FACE ( 'NONE', ( #972 ), #2218, .T. ) ;
#3902 = CIRCLE ( 'NONE', #750, 1.500000000000000888 ) ;
#3903 = CYLINDRICAL_SURFACE ( 'NONE', #3129, 1.499999999999999556 ) ;
#3904 = DIRECTION ( 'NONE',  ( 0.000000000000000000, -1.000000000000000000, 0.000000000000000000 ) ) ;
#3905 = ORIENTED_EDGE ( 'NONE', *, *, #3739, .T. ) ;
#3906 = CIRCLE ( 'NONE', #3652, 2.750000000000000000 ) ;
#3907 = AXIS2_PLACEMENT_3D ( 'NONE', #582, #1178, #2145 ) ;
#3908 = EDGE_CURVE ( 'NONE', #1167, #2378, #3125, .T. ) ;
#3909 = CARTESIAN_POINT ( 'NONE',  ( -31.74999999999995737, 1.836970198721029441E-16, -1.499999999999999556 ) ) ;
#3910 = ORIENTED_EDGE ( 'NONE', *, *, #762, .T. ) ;
#3911 = VECTOR ( 'NONE', #3133, 1000.000000000000000 ) ;
#3912 = CARTESIAN_POINT ( 'NONE',  ( 12.30359178553217525, 9.158331018206532694E-16, 0.000000000000000000 ) ) ;
#3913 = VERTEX_POINT ( 'NONE', #633 ) ;
#3914 = EDGE_CURVE ( 'NONE', #3913, #3041, #1769, .T. ) ;
#3915 = CARTESIAN_POINT ( 'NONE',  ( 12.00000000000000000, -1.219500000000000028, 0.000000000000000000 ) ) ;
#3916 = DIRECTION ( 'NONE',  ( -1.000000000000000000, -1.224606353822377258E-16, -0.000000000000000000 ) ) ;
#3917 = ORIENTED_EDGE ( 'NONE', *, *, #2999, .T. ) ;
#3918 = CARTESIAN_POINT ( 'NONE',  ( 12.69640821446782297, -9.629649721936179265E-31, 1.500000000000000888 ) ) ;
#3919 = ORIENTED_EDGE ( 'NONE', *, *, #3714, .F. ) ;
#3920 = DIRECTION ( 'NONE',  ( -1.000000000000000000, -1.224606353822377258E-16, -0.000000000000000000 ) ) ;
#3921 = EDGE_LOOP ( 'NONE', ( #3018, #3286, #880, #232, #2597 ) ) ;
#3922 = CARTESIAN_POINT ( 'NONE',  ( 6.000000000000000000, -1.219500000000000028, 1.665213485140614613E-16 ) ) ;
#3923 = DIRECTION ( 'NONE',  ( -0.5735764363510487129, -0.8191520442889899112, 0.000000000000000000 ) ) ;
#3924 = LINE ( 'NONE', #2021, #2545 ) ;
#3925 = DIRECTION ( 'NONE',  ( -1.000000000000000000, -1.224606353822377258E-16, -0.000000000000000000 ) ) ;
#3926 = ORIENTED_EDGE ( 'NONE', *, *, #507, .F. ) ;
#3927 = DIRECTION ( 'NONE',  ( -1.000000000000000000, -0.000000000000000000, -0.000000000000000000 ) ) ;
#3928 = ORIENTED_EDGE ( 'NONE', *, *, #1348, .T. ) ;
#3929 = DIRECTION ( 'NONE',  ( 0.000000000000000000, 0.000000000000000000, 1.000000000000000000 ) ) ;
#3930 = ADVANCED_FACE ( 'NONE', ( #689 ), #3252, .T. ) ;
#3931 = ORIENTED_EDGE ( 'NONE', *, *, #1295, .F. ) ;
#3932 = CARTESIAN_POINT ( 'NONE',  ( 11.00000000000000000, -1.219500000000000028, 0.000000000000000000 ) ) ;
#3933 = DIRECTION ( 'NONE',  ( 0.000000000000000000, -1.000000000000000000, 0.000000000000000000 ) ) ;
#3934 = ORIENTED_EDGE ( 'NONE', *, *, #2242, .T. ) ;
#3935 = DIRECTION ( 'NONE',  ( -1.000000000000000000, -0.000000000000000000, -0.000000000000000000 ) ) ;
#3936 = EDGE_CURVE ( 'NONE', #1732, #614, #1234, .T. ) ;
#3937 = VERTEX_POINT ( 'NONE', #1616 ) ;
#3938 = CARTESIAN_POINT ( 'NONE',  ( 10.69640821446782297, 1.836970198721022785E-16, -1.500000000000000888 ) ) ;
#3939 = ORIENTED_EDGE ( 'NONE', *, *, #1438, .F. ) ;
#3940 = CARTESIAN_POINT ( 'NONE',  ( 6.500000000000000000, 1.219500000000001805, 0.000000000000000000 ) ) ;
#3941 = CARTESIAN_POINT ( 'NONE',  ( 10.30359178553217525, 9.158331018206532694E-16, 0.000000000000000000 ) ) ;
#3942 = CONICAL_SURFACE ( 'NONE', #2331, 1.219500000000000917, 0.9599310885968779239 ) ;
#3943 = FACE_OUTER_BOUND ( 'NONE', #3489, .T. ) ;
#3944 = DIRECTION ( 'NONE',  ( -1.000000000000000000, -1.224606353822377258E-16, -0.000000000000000000 ) ) ;
#3945 = ORIENTED_EDGE ( 'NONE', *, *, #3613, .T. ) ;
#3946 = CARTESIAN_POINT ( 'NONE',  ( 10.69640821446782297, -1.500000000000000000, 1.836970198721030920E-16 ) ) ;
#3947 = CARTESIAN_POINT ( 'NONE',  ( 1.300000000000000044, -0.7274613391789266359, 1.260000000000003118 ) ) ;
#3948 = ORIENTED_EDGE ( 'NONE', *, *, #893, .T. ) ;
#3949 = CONICAL_SURFACE ( 'NONE', #2208, 1.219500000000000917, 0.9599310885968779239 ) ;
#3950 = EDGE_CURVE ( 'NONE', #2792, #320, #3688, .T. ) ;
#3951 = LINE ( 'NONE', #836, #1894 ) ;
#3952 = FACE_BOUND ( 'NONE', #3762, .T. ) ;
#3953 = ORIENTED_EDGE ( 'NONE', *, *, #3715, .T. ) ;
#3954 = CYLINDRICAL_SURFACE ( 'NONE', #348, 1.499999999999999556 ) ;
#3955 = ORIENTED_EDGE ( 'NONE', *, *, #2676, .F. ) ;
#3956 = AXIS2_PLACEMENT_3D ( 'NONE', #2885, #127, #2578 ) ;
#3957 = EDGE_CURVE ( 'NONE', #2315, #1478, #1251, .T. ) ;
#3958 = EDGE_CURVE ( 'NONE', #2417, #1722, #3122, .T. ) ;
#3959 = CYLINDRICAL_SURFACE ( 'NONE', #2754, 1.499999999999999556 ) ;
#3960 = ORIENTED_EDGE ( 'NONE', *, *, #1523, .F. ) ;
#3961 = CIRCLE ( 'NONE', #358, 1.500000000000000888 ) ;
#3962 = DIRECTION ( 'NONE',  ( -1.000000000000000000, -0.000000000000000000, -0.000000000000000000 ) ) ;
#3963 = CIRCLE ( 'NONE', #2219, 1.500000000000000888 ) ;
#3964 = CONICAL_SURFACE ( 'NONE', #1648, 1.500000000000000888, 0.9599310885968821427 ) ;
#3965 = EDGE_CURVE ( 'NONE', #3803, #2137, #1061, .T. ) ;
#3966 = CIRCLE ( 'NONE', #3830, 1.219500000000000917 ) ;
#3967 = DIRECTION ( 'NONE',  ( -1.000000000000000000, -1.224606353822377258E-16, -0.000000000000000000 ) ) ;
#3968 = CONICAL_SURFACE ( 'NONE', #1526, 1.500000000000000888, 0.9599310885968821427 ) ;
#3969 = AXIS2_PLACEMENT_3D ( 'NONE', #1490, #239, #845 ) ;
#3970 = ORIENTED_EDGE ( 'NONE', *, *, #2347, .F. ) ;
#3971 = CONICAL_SURFACE ( 'NONE', #3984, 1.219500000000000917, 0.9599310885968779239 ) ;
#3972 = CLOSED_SHELL ( 'NONE', ( #2827, #688, #1996, #2033, #3563, #3083, #1443, #3118, #2324, #1668, #1226, #3143, #2769, #561, #217, #2898, #1471, #3166, #459, #1116, #2891, #3510, #3217, #1447, #3687, #3639, #613, #3585, #1048, #3373, #749, #2237, #339, #1952, #3321, #518, #3263, #1767, #45, #3901, #3879, #3518, #3558, #1317, #2476, #139, #3173, #3776, #1080, #444, #2955, #1390, #122, #1547, #3188, #3541, #3495, #414, #3416, #959, #332, #2554, #2227, #2994, #714, #3591, #3221, #2952, #3349, #2772, #3983, #1153, #117, #2050, #2328, #290, #2402, #2429, #2160, #908, #3607, #2281, #657, #931, #1400, #3829, #317, #2149, #3664, #2771, #2177, #2377, #3487, #210, #1683, #1649, #1099, #1813, #861, #402, #3633, #3488, #3421, #709, #3682, #2000, #2408, #2850, #1424, #1530, #1231, #1344, #2776, #834, #2362, #1095, #2548, #2974, #3289, #1029, #3468, #2353, #2530, #3753, #3930, #1200, #514, #3831, #2828 ) ) ;
#3973 = LINE ( 'NONE', #571, #1531 ) ;
#3974 = LINE ( 'NONE', #2121, #3500 ) ;
#3975 = CIRCLE ( 'NONE', #1330, 1.500000000000000888 ) ;
#3976 = CIRCLE ( 'NONE', #2877, 1.219500000000000917 ) ;
#3977 = ORIENTED_EDGE ( 'NONE', *, *, #2282, .T. ) ;
#3978 = DIRECTION ( 'NONE',  ( 0.000000000000000000, -1.000000000000000000, 0.000000000000000000 ) ) ;
#3979 = FACE_OUTER_BOUND ( 'NONE', #598, .T. ) ;
#3980 = ORIENTED_EDGE ( 'NONE', *, *, #395, .T. ) ;
#3981 = CARTESIAN_POINT ( 'NONE',  ( 9.500000000000000000, 1.219500000000001805, 1.493456771560198305E-16 ) ) ;
#3982 = ORIENTED_EDGE ( 'NONE', *, *, #682, .T. ) ;
#3983 = ADVANCED_FACE ( 'NONE', ( #2910 ), #3857, .F. ) ;
#3984 = AXIS2_PLACEMENT_3D ( 'NONE', #2501, #26, #3150 ) ;
#3985 = FACE_OUTER_BOUND ( 'NONE', #1768, .T. ) ;
#3986 = VERTEX_POINT ( 'NONE', #500 ) ;
ENDSEC;
END-ISO-10303-21;
